Time,Driver,DriverNumber,LapTime,LapNumber,Stint,PitOutTime,PitInTime,Sector1Time,Sector2Time,Sector3Time,Sector1SessionTime,Sector2SessionTime,Sector3SessionTime,SpeedI1,SpeedI2,SpeedFL,SpeedST,IsPersonalBest,Compound,TyreLife,FreshTyre,Team,LapStartTime,LapStartDate,TrackStatus,Position,Deleted,DeletedReason,FastF1Generated,IsAccurate
0 days 00:08:23.416000,RIC,3,0 days 00:01:30.988000,1.0,1.0,0 days 00:06:53.351000,,0 days 00:00:27.111000,0 days 00:00:38.734000,0 days 00:00:25.143000,0 days 00:07:19.622000,0 days 00:07:58.326000,0 days 00:08:23.556000,171.0,185.0,268.0,256.0,False,HYPERSOFT,1.0,True,Red Bull Racing,0 days 00:06:53.351000,2018-05-26 13:02:53.376,21,,False,,False,False
0 days 00:09:36.185000,RIC,3,0 days 00:01:12.769000,2.0,1.0,,,0 days 00:00:19.161000,0 days 00:00:33.736000,0 days 00:00:19.872000,0 days 00:08:42.577000,0 days 00:09:16.313000,0 days 00:09:36.185000,216.0,205.0,277.0,283.0,True,HYPERSOFT,2.0,True,Red Bull Racing,0 days 00:08:23.416000,2018-05-26 13:04:23.441,1,,False,,False,True
0 days 00:11:22.383000,RIC,3,0 days 00:01:46.198000,3.0,1.0,,,0 days 00:00:22.982000,0 days 00:00:49.532000,0 days 00:00:33.684000,0 days 00:09:59.167000,0 days 00:10:48.699000,0 days 00:11:22.383000,174.0,157.0,262.0,148.0,False,HYPERSOFT,3.0,True,Red Bull Racing,0 days 00:09:36.185000,2018-05-26 13:05:36.210,1,,False,,False,True
0 days 00:12:34.396000,RIC,3,0 days 00:01:12.013000,4.0,1.0,,,0 days 00:00:19.111000,0 days 00:00:33.779000,0 days 00:00:19.123000,0 days 00:11:41.494000,0 days 00:12:15.273000,0 days 00:12:34.396000,216.0,207.0,270.0,282.0,True,HYPERSOFT,4.0,True,Red Bull Racing,0 days 00:11:22.383000,2018-05-26 13:07:22.408,1,,False,,False,True
0 days 00:30:05.047000,RIC,3,,5.0,1.0,,0 days 00:14:02.801000,0 days 00:00:25.065000,0 days 00:00:42.479000,,0 days 00:12:59.533000,0 days 00:13:41.988000,,168.0,145.0,,256.0,False,HYPERSOFT,5.0,True,Red Bull Racing,0 days 00:12:34.396000,2018-05-26 13:08:34.421,12,,False,,False,False
0 days 00:31:35.457000,RIC,3,0 days 00:01:30.410000,6.0,2.0,0 days 00:30:05.689000,,0 days 00:00:24.993000,0 days 00:00:38.980000,0 days 00:00:26.437000,0 days 00:30:30.040000,0 days 00:31:09.020000,0 days 00:31:35.457000,192.0,181.0,270.0,271.0,False,HYPERSOFT,1.0,True,Red Bull Racing,0 days 00:30:05.047000,2018-05-26 13:26:05.072,1,,False,,False,False
0 days 00:32:46.810000,RIC,3,0 days 00:01:11.353000,7.0,2.0,,,0 days 00:00:18.837000,0 days 00:00:33.509000,0 days 00:00:19.007000,0 days 00:31:54.294000,0 days 00:32:27.803000,0 days 00:32:46.810000,220.0,210.0,272.0,285.0,True,HYPERSOFT,2.0,True,Red Bull Racing,0 days 00:31:35.457000,2018-05-26 13:27:35.482,1,,False,,False,True
0 days 00:41:13.978000,RIC,3,,8.0,2.0,,0 days 00:34:09.255000,0 days 00:00:25.907000,0 days 00:00:41.209000,,0 days 00:33:12.735000,0 days 00:33:53.973000,,161.0,172.0,,247.0,False,HYPERSOFT,3.0,True,Red Bull Racing,0 days 00:32:46.810000,2018-05-26 13:28:46.835,12,,False,,False,False
0 days 00:42:40.327000,RIC,3,0 days 00:01:26.349000,9.0,3.0,0 days 00:41:14.709000,,0 days 00:00:24.235000,0 days 00:00:38.888000,0 days 00:00:23.226000,0 days 00:41:38.213000,0 days 00:42:17.101000,0 days 00:42:40.327000,199.0,179.0,269.0,270.0,False,HYPERSOFT,1.0,True,Red Bull Racing,0 days 00:41:13.978000,2018-05-26 13:37:14.003,1,,False,,False,False
0 days 00:43:51.605000,RIC,3,0 days 00:01:11.278000,10.0,3.0,,,0 days 00:00:18.691000,0 days 00:00:33.627000,0 days 00:00:18.960000,0 days 00:42:59.018000,0 days 00:43:32.645000,0 days 00:43:51.605000,221.0,207.0,269.0,283.0,True,HYPERSOFT,2.0,True,Red Bull Racing,0 days 00:42:40.327000,2018-05-26 13:38:40.352,1,,False,,False,True
0 days 00:53:07.956000,RIC,3,,11.0,3.0,,0 days 00:45:16.668000,0 days 00:00:26.535000,0 days 00:00:42.430000,,0 days 00:44:18.224000,0 days 00:45:00.635000,,166.0,164.0,,236.0,False,HYPERSOFT,3.0,True,Red Bull Racing,0 days 00:43:51.605000,2018-05-26 13:39:51.630,1,,False,,False,False
0 days 00:54:33.746000,RIC,3,0 days 00:01:25.790000,12.0,4.0,0 days 00:53:08.642000,,0 days 00:00:24.625000,0 days 00:00:39.470000,0 days 00:00:21.695000,0 days 00:53:32.581000,0 days 00:54:12.051000,0 days 00:54:33.746000,192.0,179.0,269.0,269.0,False,HYPERSOFT,1.0,True,Red Bull Racing,0 days 00:53:07.956000,2018-05-26 13:49:07.981,1,,False,,False,False
0 days 00:55:44.556000,RIC,3,0 days 00:01:10.810000,13.0,4.0,,,0 days 00:00:18.638000,0 days 00:00:33.393000,0 days 00:00:18.779000,0 days 00:54:52.384000,0 days 00:55:25.777000,0 days 00:55:44.556000,220.0,212.0,269.0,281.0,True,HYPERSOFT,2.0,True,Red Bull Racing,0 days 00:54:33.746000,2018-05-26 13:50:33.771,1,,False,,False,True
0 days 01:01:15.584000,RIC,3,,14.0,4.0,,0 days 00:57:04.784000,0 days 00:00:24.458000,0 days 00:00:39.570000,,0 days 00:56:09.078000,0 days 00:56:48.643000,,170.0,175.0,,256.0,False,HYPERSOFT,3.0,True,Red Bull Racing,0 days 00:55:44.556000,2018-05-26 13:51:44.581,1,,False,,False,False
0 days 01:03:01.340000,RIC,3,0 days 00:01:45.756000,15.0,5.0,0 days 01:01:17.007000,,0 days 00:00:31.759000,0 days 00:00:45.917000,0 days 00:00:28.080000,0 days 01:01:47.343000,0 days 01:02:33.260000,0 days 01:03:01.340000,162.0,150.0,269.0,257.0,False,HYPERSOFT,1.0,True,Red Bull Racing,0 days 01:01:15.584000,2018-05-26 13:57:15.609,1,,False,,False,False
0 days 01:04:12.186000,RIC,3,0 days 00:01:10.846000,16.0,5.0,,,0 days 00:00:18.662000,0 days 00:00:33.392000,0 days 00:00:18.792000,0 days 01:03:20.002000,0 days 01:03:53.394000,0 days 01:04:12.186000,221.0,212.0,270.0,283.0,False,HYPERSOFT,2.0,True,Red Bull Racing,0 days 01:03:01.340000,2018-05-26 13:59:01.365,1,,False,,False,True
0 days 01:06:16.966000,RIC,3,,17.0,5.0,,0 days 01:06:16.966000,0 days 00:00:31.671000,0 days 00:00:38.514000,,0 days 01:04:43.945000,0 days 01:05:22.432000,,170.0,161.0,,257.0,False,HYPERSOFT,3.0,True,Red Bull Racing,0 days 01:04:12.186000,2018-05-26 14:00:12.211,12,,False,,False,False
0 days 00:06:40.957000,VET,5,0 days 00:01:45.859000,1.0,1.0,0 days 00:04:55.819000,,0 days 00:00:26.705000,0 days 00:00:45.654000,0 days 00:00:33.500000,0 days 00:05:21.854000,0 days 00:06:07.517000,0 days 00:06:41.101000,154.0,136.0,271.0,264.0,False,HYPERSOFT,1.0,True,Ferrari,0 days 00:04:55.819000,2018-05-26 13:00:55.844,,,False,,False,False
0 days 00:07:54.122000,VET,5,0 days 00:01:13.165000,2.0,1.0,,,0 days 00:00:19.660000,0 days 00:00:34.217000,0 days 00:00:19.288000,0 days 00:07:00.617000,0 days 00:07:34.834000,0 days 00:07:54.122000,217.0,201.0,274.0,286.0,True,HYPERSOFT,2.0,True,Ferrari,0 days 00:06:40.957000,2018-05-26 13:02:40.982,21,,False,,False,True
0 days 00:09:44.694000,VET,5,0 days 00:01:50.572000,3.0,1.0,,,0 days 00:00:23.537000,0 days 00:00:52.215000,0 days 00:00:34.820000,0 days 00:08:17.659000,0 days 00:09:09.874000,0 days 00:09:44.694000,175.0,83.0,274.0,245.0,False,HYPERSOFT,3.0,True,Ferrari,0 days 00:07:54.122000,2018-05-26 13:03:54.147,1,,False,,False,True
0 days 00:11:13.765000,VET,5,0 days 00:01:29.071000,4.0,1.0,,,0 days 00:00:19.580000,0 days 00:00:39.271000,0 days 00:00:30.220000,0 days 00:10:04.274000,0 days 00:10:43.545000,0 days 00:11:13.765000,211.0,177.0,272.0,244.0,False,HYPERSOFT,4.0,True,Ferrari,0 days 00:09:44.694000,2018-05-26 13:05:44.719,1,,False,,False,True
0 days 00:12:30.455000,VET,5,0 days 00:01:16.690000,5.0,1.0,,,0 days 00:00:19.074000,0 days 00:00:33.986000,0 days 00:00:23.630000,0 days 00:11:32.839000,0 days 00:12:06.825000,0 days 00:12:30.455000,223.0,204.0,166.0,288.0,False,HYPERSOFT,5.0,True,Ferrari,0 days 00:11:13.765000,2018-05-26 13:07:13.790,1,,False,,False,True
0 days 00:14:09.312000,VET,5,0 days 00:01:38.857000,6.0,1.0,,,0 days 00:00:27.265000,0 days 00:00:43.927000,0 days 00:00:27.665000,0 days 00:12:57.720000,0 days 00:13:41.647000,0 days 00:14:09.312000,144.0,141.0,271.0,255.0,False,HYPERSOFT,6.0,True,Ferrari,0 days 00:12:30.455000,2018-05-26 13:08:30.480,1,,False,,False,True
0 days 00:15:21.727000,VET,5,0 days 00:01:12.415000,7.0,1.0,,,0 days 00:00:19.085000,0 days 00:00:34.115000,0 days 00:00:19.215000,0 days 00:14:28.397000,0 days 00:15:02.512000,0 days 00:15:21.727000,220.0,205.0,274.0,288.0,True,HYPERSOFT,7.0,True,Ferrari,0 days 00:14:09.312000,2018-05-26 13:10:09.337,1,,False,,False,True
0 days 00:30:00.620000,VET,5,,8.0,1.0,,0 days 00:16:37.643000,0 days 00:00:22.359000,0 days 00:00:38.419000,,0 days 00:15:44.169000,0 days 00:16:22.549000,,177.0,168.0,,258.0,False,HYPERSOFT,8.0,True,Ferrari,0 days 00:15:21.727000,2018-05-26 13:11:21.752,12,,False,,False,False
0 days 00:31:31.796000,VET,5,0 days 00:01:31.176000,9.0,2.0,0 days 00:30:01.297000,,0 days 00:00:25.315000,0 days 00:00:41.222000,0 days 00:00:24.639000,0 days 00:30:25.935000,0 days 00:31:07.157000,0 days 00:31:31.796000,165.0,146.0,273.0,266.0,False,HYPERSOFT,1.0,True,Ferrari,0 days 00:30:00.620000,2018-05-26 13:26:00.645,1,,False,,False,False
0 days 00:32:43.314000,VET,5,0 days 00:01:11.518000,10.0,2.0,,,0 days 00:00:18.891000,0 days 00:00:33.588000,0 days 00:00:19.039000,0 days 00:31:50.687000,0 days 00:32:24.275000,0 days 00:32:43.314000,223.0,206.0,275.0,287.0,True,HYPERSOFT,2.0,True,Ferrari,0 days 00:31:31.796000,2018-05-26 13:27:31.821,1,,False,,False,True
0 days 00:42:00.581000,VET,5,,11.0,2.0,,0 days 00:34:08.145000,0 days 00:00:23.616000,0 days 00:00:43.083000,,0 days 00:33:06.985000,0 days 00:33:50.039000,,147.0,163.0,,213.0,False,HYPERSOFT,3.0,True,Ferrari,0 days 00:32:43.314000,2018-05-26 13:28:43.339,12,,False,,False,False
0 days 00:43:39.644000,VET,5,0 days 00:01:39.063000,12.0,3.0,0 days 00:42:01.248000,,0 days 00:00:26.585000,0 days 00:00:42.018000,0 days 00:00:30.460000,0 days 00:42:27.166000,0 days 00:43:09.184000,0 days 00:43:39.644000,177.0,167.0,273.0,259.0,False,HYPERSOFT,1.0,True,Ferrari,0 days 00:42:00.581000,2018-05-26 13:38:00.606,1,,False,,False,False
0 days 00:44:52.562000,VET,5,0 days 00:01:12.918000,13.0,3.0,,,0 days 00:00:18.783000,0 days 00:00:33.880000,0 days 00:00:20.255000,0 days 00:43:58.427000,0 days 00:44:32.307000,0 days 00:44:52.562000,224.0,207.0,208.0,288.0,False,HYPERSOFT,2.0,True,Ferrari,0 days 00:43:39.644000,2018-05-26 13:39:39.669,1,,False,,False,True
0 days 00:54:48.838000,VET,5,,14.0,3.0,,0 days 00:46:13.860000,0 days 00:00:24.245000,0 days 00:00:40.032000,,0 days 00:45:16.855000,0 days 00:45:56.842000,,157.0,151.0,,261.0,False,HYPERSOFT,3.0,True,Ferrari,0 days 00:44:52.562000,2018-05-26 13:40:52.587,1,,False,,False,False
0 days 00:56:22.933000,VET,5,0 days 00:01:34.095000,15.0,4.0,0 days 00:54:49.540000,,0 days 00:00:25.124000,0 days 00:00:41.583000,0 days 00:00:27.388000,0 days 00:55:13.962000,0 days 00:55:55.545000,0 days 00:56:22.933000,162.0,182.0,273.0,271.0,False,HYPERSOFT,1.0,True,Ferrari,0 days 00:54:48.838000,2018-05-26 13:50:48.863,1,,False,,False,False
0 days 00:57:34.196000,VET,5,0 days 00:01:11.263000,16.0,4.0,,,0 days 00:00:18.787000,0 days 00:00:33.498000,0 days 00:00:18.978000,0 days 00:56:41.720000,0 days 00:57:15.218000,0 days 00:57:34.196000,223.0,208.0,273.0,287.0,True,HYPERSOFT,2.0,True,Ferrari,0 days 00:56:22.933000,2018-05-26 13:52:22.958,1,,False,,False,True
0 days 01:00:56.605000,VET,5,,17.0,4.0,,0 days 00:58:48.504000,0 days 00:00:22.598000,0 days 00:00:36.782000,,0 days 00:57:56.883000,0 days 00:58:33.635000,,178.0,187.0,,256.0,False,HYPERSOFT,3.0,True,Ferrari,0 days 00:57:34.196000,2018-05-26 13:53:34.221,1,,False,,False,False
0 days 01:02:20.809000,VET,5,0 days 00:01:24.204000,18.0,5.0,0 days 01:00:57.301000,,0 days 00:00:24.509000,0 days 00:00:37.748000,0 days 00:00:21.947000,0 days 01:01:21.114000,0 days 01:01:58.862000,0 days 01:02:20.809000,189.0,175.0,272.0,268.0,False,HYPERSOFT,1.0,True,Ferrari,0 days 01:00:56.605000,2018-05-26 13:56:56.630,1,,False,,False,False
0 days 01:03:31.848000,VET,5,0 days 00:01:11.039000,19.0,5.0,,,0 days 00:00:18.674000,0 days 00:00:33.443000,0 days 00:00:18.922000,0 days 01:02:39.483000,0 days 01:03:12.926000,0 days 01:03:31.848000,226.0,209.0,274.0,286.0,True,HYPERSOFT,2.0,True,Ferrari,0 days 01:02:20.809000,2018-05-26 13:58:20.834,1,,False,,False,True
0 days 01:05:15.169000,VET,5,0 days 00:01:43.321000,20.0,5.0,,,0 days 00:00:24.010000,0 days 00:00:42.462000,0 days 00:00:36.849000,0 days 01:03:55.858000,0 days 01:04:38.320000,0 days 01:05:15.169000,154.0,147.0,29.0,217.0,False,HYPERSOFT,3.0,True,Ferrari,0 days 01:03:31.848000,2018-05-26 13:59:31.873,1,,False,,False,True
0 days 01:06:17.565000,VET,5,,21.0,5.0,,0 days 01:06:17.565000,0 days 00:00:24.010000,,,0 days 01:06:17.565000,,,154.0,147.0,,217.0,False,HYPERSOFT,4.0,True,Ferrari,0 days 01:05:15.169000,2018-05-26 14:01:15.194,12,,False,,False,False
0 days 00:06:51.233000,HAM,44,0 days 00:01:45.432000,1.0,1.0,0 days 00:05:06.634000,,0 days 00:00:26.035000,0 days 00:00:43.945000,0 days 00:00:35.452000,0 days 00:05:31.857000,0 days 00:06:15.797000,0 days 00:06:51.391000,162.0,176.0,268.0,269.0,False,HYPERSOFT,1.0,True,Mercedes,0 days 00:05:06.634000,2018-05-26 13:01:06.659,,,False,,False,False
0 days 00:08:04.493000,HAM,44,0 days 00:01:13.260000,2.0,1.0,,,0 days 00:00:19.426000,0 days 00:00:34.266000,0 days 00:00:19.568000,0 days 00:07:10.659000,0 days 00:07:44.925000,0 days 00:08:04.493000,218.0,198.0,270.0,283.0,True,HYPERSOFT,2.0,True,Mercedes,0 days 00:06:51.233000,2018-05-26 13:02:51.258,21,,False,,False,True
0 days 00:09:31.516000,HAM,44,0 days 00:01:27.023000,3.0,1.0,,,0 days 00:00:21.805000,0 days 00:00:40.855000,0 days 00:00:24.363000,0 days 00:08:26.298000,0 days 00:09:07.153000,0 days 00:09:31.516000,170.0,162.0,268.0,264.0,False,HYPERSOFT,3.0,True,Mercedes,0 days 00:08:04.493000,2018-05-26 13:04:04.518,1,,False,,False,True
0 days 00:10:44.742000,HAM,44,0 days 00:01:13.226000,4.0,1.0,,,0 days 00:00:19.109000,0 days 00:00:34.545000,0 days 00:00:19.572000,0 days 00:09:50.625000,0 days 00:10:25.170000,0 days 00:10:44.742000,221.0,201.0,270.0,283.0,True,HYPERSOFT,4.0,True,Mercedes,0 days 00:09:31.516000,2018-05-26 13:05:31.541,1,,False,,False,True
0 days 00:12:28.253000,HAM,44,0 days 00:01:43.511000,5.0,1.0,,,0 days 00:00:29.158000,0 days 00:00:46.969000,0 days 00:00:27.384000,0 days 00:11:13.900000,0 days 00:12:00.869000,0 days 00:12:28.253000,107.0,157.0,237.0,256.0,False,HYPERSOFT,5.0,True,Mercedes,0 days 00:10:44.742000,2018-05-26 13:06:44.767,1,,False,,False,True
0 days 00:13:53.967000,HAM,44,0 days 00:01:25.714000,6.0,1.0,,,0 days 00:00:22.325000,0 days 00:00:38.633000,0 days 00:00:24.756000,0 days 00:12:50.578000,0 days 00:13:29.211000,0 days 00:13:53.967000,176.0,173.0,271.0,268.0,False,HYPERSOFT,6.0,True,Mercedes,0 days 00:12:28.253000,2018-05-26 13:08:28.278,1,,False,,False,True
0 days 00:15:06.427000,HAM,44,0 days 00:01:12.460000,7.0,1.0,,,0 days 00:00:18.920000,0 days 00:00:33.852000,0 days 00:00:19.688000,0 days 00:14:12.887000,0 days 00:14:46.739000,0 days 00:15:06.427000,223.0,205.0,273.0,284.0,True,HYPERSOFT,7.0,True,Mercedes,0 days 00:13:53.967000,2018-05-26 13:09:53.992,1,,False,,False,True
0 days 00:29:25.757000,HAM,44,,8.0,1.0,,0 days 00:16:28.422000,0 days 00:00:23.200000,0 days 00:00:42.233000,,0 days 00:15:29.667000,0 days 00:16:11.874000,,170.0,155.0,,227.0,False,HYPERSOFT,8.0,True,Mercedes,0 days 00:15:06.427000,2018-05-26 13:11:06.452,12,,False,,False,False
0 days 00:30:55.689000,HAM,44,0 days 00:01:29.932000,9.0,2.0,0 days 00:29:26.436000,,0 days 00:00:25.508000,0 days 00:00:40.206000,0 days 00:00:24.218000,0 days 00:29:51.265000,0 days 00:30:31.471000,0 days 00:30:55.689000,151.0,180.0,255.0,266.0,False,ULTRASOFT,1.0,True,Mercedes,0 days 00:29:25.757000,2018-05-26 13:25:25.782,1,,False,,False,False
0 days 00:32:20.389000,HAM,44,0 days 00:01:24.700000,10.0,2.0,,,0 days 00:00:21.063000,0 days 00:00:37.820000,0 days 00:00:25.817000,0 days 00:31:16.752000,0 days 00:31:54.572000,0 days 00:32:20.389000,184.0,168.0,273.0,269.0,True,ULTRASOFT,2.0,True,Mercedes,0 days 00:30:55.689000,2018-05-26 13:26:55.714,1,,False,,False,True
0 days 00:33:33.008000,HAM,44,0 days 00:01:12.619000,11.0,2.0,,,0 days 00:00:18.978000,0 days 00:00:33.989000,0 days 00:00:19.652000,0 days 00:32:39.367000,0 days 00:33:13.356000,0 days 00:33:33.008000,219.0,202.0,276.0,288.0,True,ULTRASOFT,3.0,True,Mercedes,0 days 00:32:20.389000,2018-05-26 13:28:20.414,1,,False,,False,True
0 days 00:34:57.482000,HAM,44,0 days 00:01:24.474000,12.0,2.0,,,0 days 00:00:21.839000,0 days 00:00:40.626000,0 days 00:00:22.009000,0 days 00:33:54.847000,0 days 00:34:35.473000,0 days 00:34:57.482000,172.0,173.0,273.0,268.0,False,ULTRASOFT,4.0,True,Mercedes,0 days 00:33:33.008000,2018-05-26 13:29:33.033,1,,False,,False,True
0 days 00:37:54.031000,HAM,44,,13.0,2.0,,0 days 00:36:05.669000,0 days 00:00:18.846000,0 days 00:00:34.744000,,0 days 00:35:16.387000,0 days 00:35:51.106000,,223.0,184.0,,286.0,False,ULTRASOFT,5.0,True,Mercedes,0 days 00:34:57.482000,2018-05-26 13:30:57.507,1,,False,,False,False
0 days 00:39:19.338000,HAM,44,0 days 00:01:25.307000,14.0,3.0,0 days 00:37:54.711000,,0 days 00:00:25.476000,0 days 00:00:37.629000,0 days 00:00:22.202000,0 days 00:38:19.507000,0 days 00:38:57.136000,0 days 00:39:19.338000,167.0,179.0,272.0,258.0,False,HYPERSOFT,1.0,True,Mercedes,0 days 00:37:54.031000,2018-05-26 13:33:54.056,12,,False,,False,False
0 days 00:40:30.922000,HAM,44,0 days 00:01:11.584000,15.0,3.0,,,0 days 00:00:18.823000,0 days 00:00:33.611000,0 days 00:00:19.150000,0 days 00:39:38.161000,0 days 00:40:11.772000,0 days 00:40:30.922000,223.0,206.0,274.0,287.0,True,HYPERSOFT,2.0,True,Mercedes,0 days 00:39:19.338000,2018-05-26 13:35:19.363,1,,False,,False,True
0 days 00:52:26.801000,HAM,44,,16.0,3.0,,0 days 00:41:53.994000,0 days 00:00:24.442000,0 days 00:00:41.815000,,0 days 00:40:55.364000,0 days 00:41:37.196000,,150.0,158.0,,261.0,False,HYPERSOFT,3.0,True,Mercedes,0 days 00:40:30.922000,2018-05-26 13:36:30.947,1,,False,,False,False
0 days 00:54:04.813000,HAM,44,0 days 00:01:38.012000,17.0,4.0,0 days 00:52:28.434000,,0 days 00:00:25.886000,0 days 00:00:37.565000,0 days 00:00:34.561000,0 days 00:52:52.687000,0 days 00:53:30.252000,0 days 00:54:04.813000,165.0,182.0,273.0,278.0,False,HYPERSOFT,1.0,True,Mercedes,0 days 00:52:26.801000,2018-05-26 13:48:26.826,1,,False,,False,False
0 days 00:55:16.074000,HAM,44,0 days 00:01:11.261000,18.0,4.0,,,0 days 00:00:18.753000,0 days 00:00:33.447000,0 days 00:00:19.061000,0 days 00:54:23.566000,0 days 00:54:57.013000,0 days 00:55:16.074000,225.0,207.0,273.0,285.0,True,HYPERSOFT,2.0,True,Mercedes,0 days 00:54:04.813000,2018-05-26 13:50:04.838,1,,False,,False,True
0 days 01:01:11.698000,HAM,44,,19.0,4.0,,0 days 00:56:29.799000,0 days 00:00:21.577000,0 days 00:00:37.314000,,0 days 00:55:37.669000,0 days 00:56:15.048000,,184.0,182.0,,261.0,False,HYPERSOFT,3.0,True,Mercedes,0 days 00:55:16.074000,2018-05-26 13:51:16.099,1,,False,,False,False
0 days 01:02:42.599000,HAM,44,0 days 00:01:30.901000,20.0,5.0,0 days 01:01:13.461000,,0 days 00:00:32.197000,0 days 00:00:36.645000,0 days 00:00:22.059000,0 days 01:01:43.895000,0 days 01:02:20.540000,0 days 01:02:42.599000,174.0,191.0,274.0,275.0,False,HYPERSOFT,1.0,True,Mercedes,0 days 01:01:11.698000,2018-05-26 13:57:11.723,1,,False,,False,False
0 days 01:03:53.831000,HAM,44,0 days 00:01:11.232000,21.0,5.0,,,0 days 00:00:18.594000,0 days 00:00:33.446000,0 days 00:00:19.192000,0 days 01:03:01.193000,0 days 01:03:34.639000,0 days 01:03:53.831000,225.0,207.0,272.0,285.0,True,HYPERSOFT,2.0,True,Mercedes,0 days 01:02:42.599000,2018-05-26 13:58:42.624,1,,False,,False,True
0 days 01:06:18.875000,HAM,44,,22.0,5.0,,0 days 01:06:18.875000,0 days 00:00:25.745000,0 days 00:00:45.712000,,0 days 01:04:19.601000,0 days 01:05:05.384000,,148.0,133.0,,206.0,False,HYPERSOFT,3.0,True,Mercedes,0 days 01:03:53.831000,2018-05-26 13:59:53.856,12,,False,,False,False
0 days 00:06:53.658000,RAI,7,0 days 00:01:43.866000,1.0,1.0,0 days 00:05:10.578000,,0 days 00:00:26.722000,0 days 00:00:43.394000,0 days 00:00:33.750000,0 days 00:05:36.575000,0 days 00:06:19.971000,0 days 00:06:53.839000,178.0,171.0,272.0,273.0,False,HYPERSOFT,1.0,True,Ferrari,0 days 00:05:10.578000,2018-05-26 13:01:10.603,,,False,,False,False
0 days 00:08:13.335000,RAI,7,0 days 00:01:19.677000,2.0,1.0,,,0 days 00:00:19.371000,0 days 00:00:37.195000,0 days 00:00:23.111000,0 days 00:07:13.029000,0 days 00:07:50.224000,0 days 00:08:13.335000,220.0,185.0,273.0,260.0,True,HYPERSOFT,2.0,True,Ferrari,0 days 00:06:53.658000,2018-05-26 13:02:53.683,21,,False,,False,True
0 days 00:09:41.881000,RAI,7,0 days 00:01:28.546000,3.0,1.0,,,0 days 00:00:18.915000,0 days 00:00:37.850000,0 days 00:00:31.781000,0 days 00:08:32.250000,0 days 00:09:10.100000,0 days 00:09:41.881000,222.0,172.0,274.0,260.0,False,HYPERSOFT,3.0,True,Ferrari,0 days 00:08:13.335000,2018-05-26 13:04:13.360,1,,False,,False,True
0 days 00:10:54.551000,RAI,7,0 days 00:01:12.670000,4.0,1.0,,,0 days 00:00:19.045000,0 days 00:00:34.214000,0 days 00:00:19.411000,0 days 00:10:00.926000,0 days 00:10:35.140000,0 days 00:10:54.551000,223.0,206.0,273.0,286.0,True,HYPERSOFT,4.0,True,Ferrari,0 days 00:09:41.881000,2018-05-26 13:05:41.906,1,,False,,False,True
0 days 00:12:25.850000,RAI,7,0 days 00:01:31.299000,5.0,1.0,,,0 days 00:00:21.087000,0 days 00:00:43.084000,0 days 00:00:27.128000,0 days 00:11:15.638000,0 days 00:11:58.722000,0 days 00:12:25.850000,189.0,158.0,275.0,256.0,False,HYPERSOFT,5.0,True,Ferrari,0 days 00:10:54.551000,2018-05-26 13:06:54.576,1,,False,,False,True
0 days 00:13:38.489000,RAI,7,0 days 00:01:12.639000,6.0,1.0,,,0 days 00:00:18.968000,0 days 00:00:34.065000,0 days 00:00:19.606000,0 days 00:12:44.818000,0 days 00:13:18.883000,0 days 00:13:38.489000,219.0,205.0,270.0,288.0,True,HYPERSOFT,6.0,True,Ferrari,0 days 00:12:25.850000,2018-05-26 13:08:25.875,1,,False,,False,True
0 days 00:15:05.273000,RAI,7,0 days 00:01:26.784000,7.0,1.0,,,0 days 00:00:22.807000,0 days 00:00:42.520000,0 days 00:00:21.457000,0 days 00:14:01.296000,0 days 00:14:43.816000,0 days 00:15:05.273000,181.0,147.0,272.0,261.0,False,HYPERSOFT,7.0,True,Ferrari,0 days 00:13:38.489000,2018-05-26 13:09:38.514,1,,False,,False,True
0 days 00:16:18.039000,RAI,7,0 days 00:01:12.766000,8.0,1.0,,,0 days 00:00:18.895000,0 days 00:00:34.312000,0 days 00:00:19.559000,0 days 00:15:24.168000,0 days 00:15:58.480000,0 days 00:16:18.039000,219.0,203.0,273.0,286.0,False,HYPERSOFT,8.0,True,Ferrari,0 days 00:15:05.273000,2018-05-26 13:11:05.298,1,,False,,False,True
0 days 00:30:16.445000,RAI,7,,9.0,1.0,,0 days 00:17:36.882000,0 days 00:00:21.892000,0 days 00:00:41.857000,,0 days 00:16:40.001000,0 days 00:17:21.851000,,183.0,178.0,,255.0,False,HYPERSOFT,9.0,True,Ferrari,0 days 00:16:18.039000,2018-05-26 13:12:18.064,12,,False,,False,False
0 days 00:31:41.736000,RAI,7,0 days 00:01:25.291000,10.0,2.0,0 days 00:30:17.143000,,0 days 00:00:23.162000,0 days 00:00:37.345000,0 days 00:00:24.784000,0 days 00:30:39.607000,0 days 00:31:16.952000,0 days 00:31:41.736000,193.0,183.0,274.0,274.0,False,HYPERSOFT,1.0,True,Ferrari,0 days 00:30:16.445000,2018-05-26 13:26:16.470,1,,False,,False,False
0 days 00:32:53.673000,RAI,7,0 days 00:01:11.937000,11.0,2.0,,,0 days 00:00:18.869000,0 days 00:00:33.968000,0 days 00:00:19.100000,0 days 00:32:00.605000,0 days 00:32:34.573000,0 days 00:32:53.673000,224.0,205.0,274.0,287.0,True,HYPERSOFT,2.0,True,Ferrari,0 days 00:31:41.736000,2018-05-26 13:27:41.761,1,,False,,False,True
0 days 00:39:43.151000,RAI,7,,12.0,2.0,,0 days 00:34:12.397000,0 days 00:00:21.507000,0 days 00:00:39.493000,,0 days 00:33:15.296000,0 days 00:33:54.754000,,184.0,179.0,,254.0,False,HYPERSOFT,3.0,True,Ferrari,0 days 00:32:53.673000,2018-05-26 13:28:53.698,12,,False,,False,False
0 days 00:41:07.807000,RAI,7,0 days 00:01:24.656000,13.0,3.0,0 days 00:39:43.844000,,0 days 00:00:23.833000,0 days 00:00:38.623000,0 days 00:00:22.200000,0 days 00:40:06.984000,0 days 00:40:45.607000,0 days 00:41:07.807000,178.0,187.0,274.0,271.0,False,HYPERSOFT,1.0,True,Ferrari,0 days 00:39:43.151000,2018-05-26 13:35:43.176,1,,False,,False,False
0 days 00:42:19.198000,RAI,7,0 days 00:01:11.391000,14.0,3.0,,,0 days 00:00:18.741000,0 days 00:00:33.603000,0 days 00:00:19.047000,0 days 00:41:26.548000,0 days 00:42:00.151000,0 days 00:42:19.198000,223.0,203.0,274.0,289.0,True,HYPERSOFT,2.0,True,Ferrari,0 days 00:41:07.807000,2018-05-26 13:37:07.832,1,,False,,False,True
0 days 00:53:08.903000,RAI,7,,15.0,3.0,,0 days 00:43:37.502000,0 days 00:00:22.747000,0 days 00:00:39.805000,,0 days 00:42:41.999000,0 days 00:43:21.798000,,179.0,171.0,,243.0,False,HYPERSOFT,3.0,True,Ferrari,0 days 00:42:19.198000,2018-05-26 13:38:19.223,1,,False,,False,False
0 days 00:54:40.285000,RAI,7,0 days 00:01:31.382000,16.0,4.0,0 days 00:53:09.625000,,0 days 00:00:24.668000,0 days 00:00:43.864000,0 days 00:00:22.850000,0 days 00:53:33.571000,0 days 00:54:17.435000,0 days 00:54:40.285000,179.0,160.0,275.0,274.0,False,HYPERSOFT,1.0,True,Ferrari,0 days 00:53:08.903000,2018-05-26 13:49:08.928,1,,False,,False,False
0 days 00:55:51.551000,RAI,7,0 days 00:01:11.266000,17.0,4.0,,,0 days 00:00:18.771000,0 days 00:00:33.508000,0 days 00:00:18.987000,0 days 00:54:59.056000,0 days 00:55:32.564000,0 days 00:55:51.551000,224.0,210.0,274.0,287.0,True,HYPERSOFT,2.0,True,Ferrari,0 days 00:54:40.285000,2018-05-26 13:50:40.310,1,,False,,False,True
0 days 00:57:19.054000,RAI,7,0 days 00:01:27.503000,18.0,4.0,,,0 days 00:00:21.499000,0 days 00:00:42.064000,0 days 00:00:23.940000,0 days 00:56:13.050000,0 days 00:56:55.114000,0 days 00:57:19.054000,172.0,146.0,272.0,239.0,False,HYPERSOFT,3.0,True,Ferrari,0 days 00:55:51.551000,2018-05-26 13:51:51.576,1,,False,,False,True
0 days 01:01:06.252000,RAI,7,,19.0,4.0,,0 days 00:58:28.009000,0 days 00:00:18.774000,0 days 00:00:34.423000,,0 days 00:57:37.948000,0 days 00:58:12.306000,,224.0,171.0,,283.0,False,HYPERSOFT,4.0,True,Ferrari,0 days 00:57:19.054000,2018-05-26 13:53:19.079,1,,False,,False,False
0 days 01:02:34.605000,RAI,7,0 days 00:01:28.353000,20.0,5.0,0 days 01:01:06.945000,,0 days 00:00:24.705000,0 days 00:00:39.793000,0 days 00:00:23.855000,0 days 01:01:30.957000,0 days 01:02:10.750000,0 days 01:02:34.605000,197.0,182.0,274.0,269.0,False,HYPERSOFT,1.0,True,Ferrari,0 days 01:01:06.252000,2018-05-26 13:57:06.277,1,,False,,False,False
0 days 01:03:46.175000,RAI,7,0 days 00:01:11.570000,21.0,5.0,,,0 days 00:00:18.848000,0 days 00:00:33.681000,0 days 00:00:19.041000,0 days 01:02:53.453000,0 days 01:03:27.134000,0 days 01:03:46.175000,222.0,209.0,274.0,288.0,False,HYPERSOFT,2.0,True,Ferrari,0 days 01:02:34.605000,2018-05-26 13:58:34.630,1,,False,,False,True
0 days 01:05:12.667000,RAI,7,,22.0,5.0,,0 days 01:05:12.667000,0 days 00:00:24.180000,0 days 00:00:43.431000,,0 days 01:04:10.427000,0 days 01:04:53.843000,,158.0,145.0,,186.0,False,HYPERSOFT,3.0,True,Ferrari,0 days 01:03:46.175000,2018-05-26 13:59:46.200,1,,False,,False,False
0 days 00:06:46.479000,BOT,77,0 days 00:01:49.015000,1.0,1.0,0 days 00:04:58.219000,,0 days 00:00:25.179000,0 days 00:00:45.460000,0 days 00:00:38.376000,0 days 00:05:22.669000,0 days 00:06:08.181000,0 days 00:06:46.618000,150.0,156.0,267.0,270.0,False,HYPERSOFT,1.0,True,Mercedes,0 days 00:04:58.219000,2018-05-26 13:00:58.244,,,False,,False,False
0 days 00:07:59.921000,BOT,77,0 days 00:01:13.442000,2.0,1.0,,,0 days 00:00:19.655000,0 days 00:00:34.480000,0 days 00:00:19.307000,0 days 00:07:06.134000,0 days 00:07:40.614000,0 days 00:07:59.921000,221.0,200.0,270.0,283.0,True,HYPERSOFT,2.0,True,Mercedes,0 days 00:06:46.479000,2018-05-26 13:02:46.504,21,,False,,False,True
0 days 00:09:51.164000,BOT,77,0 days 00:01:51.243000,3.0,1.0,,,0 days 00:00:24.144000,0 days 00:00:49.685000,0 days 00:00:37.414000,0 days 00:08:24.065000,0 days 00:09:13.750000,0 days 00:09:51.164000,123.0,158.0,266.0,243.0,False,HYPERSOFT,3.0,True,Mercedes,0 days 00:07:59.921000,2018-05-26 13:03:59.946,1,,False,,False,True
0 days 00:11:10.174000,BOT,77,0 days 00:01:19.010000,4.0,1.0,,,0 days 00:00:19.387000,0 days 00:00:35.874000,0 days 00:00:23.749000,0 days 00:10:10.551000,0 days 00:10:46.425000,0 days 00:11:10.174000,220.0,169.0,270.0,286.0,False,HYPERSOFT,4.0,True,Mercedes,0 days 00:09:51.164000,2018-05-26 13:05:51.189,1,,False,,False,True
0 days 00:12:23.471000,BOT,77,0 days 00:01:13.297000,5.0,1.0,,,0 days 00:00:18.968000,0 days 00:00:34.379000,0 days 00:00:19.950000,0 days 00:11:29.142000,0 days 00:12:03.521000,0 days 00:12:23.471000,223.0,203.0,272.0,284.0,True,HYPERSOFT,5.0,True,Mercedes,0 days 00:11:10.174000,2018-05-26 13:07:10.199,1,,False,,False,True
0 days 00:14:00.235000,BOT,77,0 days 00:01:36.764000,6.0,1.0,,,0 days 00:00:27.872000,0 days 00:00:41.774000,0 days 00:00:27.118000,0 days 00:12:51.343000,0 days 00:13:33.117000,0 days 00:14:00.235000,76.0,155.0,270.0,259.0,False,HYPERSOFT,6.0,True,Mercedes,0 days 00:12:23.471000,2018-05-26 13:08:23.496,1,,False,,False,True
0 days 00:17:29.824000,BOT,77,,7.0,1.0,,0 days 00:15:06.964000,0 days 00:00:19.196000,0 days 00:00:34.277000,,0 days 00:14:19.523000,0 days 00:14:53.791000,,222.0,203.0,,284.0,False,HYPERSOFT,7.0,True,Mercedes,0 days 00:14:00.235000,2018-05-26 13:10:00.260,1,,False,,False,False
0 days 00:19:05.019000,BOT,77,0 days 00:01:35.195000,8.0,2.0,0 days 00:17:30.491000,,0 days 00:00:23.045000,0 days 00:00:39.559000,0 days 00:00:32.591000,0 days 00:17:52.869000,0 days 00:18:32.428000,0 days 00:19:05.019000,193.0,184.0,270.0,282.0,False,HYPERSOFT,1.0,True,Mercedes,0 days 00:17:29.824000,2018-05-26 13:13:29.849,12,,False,,False,False
0 days 00:20:17.453000,BOT,77,0 days 00:01:12.434000,9.0,2.0,,,0 days 00:00:19.008000,0 days 00:00:34.160000,0 days 00:00:19.266000,0 days 00:19:24.027000,0 days 00:19:58.187000,0 days 00:20:17.453000,222.0,207.0,273.0,284.0,True,HYPERSOFT,2.0,True,Mercedes,0 days 00:19:05.019000,2018-05-26 13:15:05.044,1,,False,,False,True
0 days 00:29:20.650000,BOT,77,,10.0,2.0,,0 days 00:21:41.524000,0 days 00:00:22.223000,0 days 00:00:43.241000,,0 days 00:20:39.645000,0 days 00:21:22.946000,,162.0,154.0,,259.0,False,HYPERSOFT,3.0,True,Mercedes,0 days 00:20:17.453000,2018-05-26 13:16:17.478,12,,False,,False,False
0 days 00:30:46.614000,BOT,77,0 days 00:01:25.964000,11.0,3.0,0 days 00:29:21.331000,,0 days 00:00:25.983000,0 days 00:00:36.729000,0 days 00:00:23.252000,0 days 00:29:46.633000,0 days 00:30:23.362000,0 days 00:30:46.614000,187.0,176.0,261.0,279.0,False,ULTRASOFT,1.0,True,Mercedes,0 days 00:29:20.650000,2018-05-26 13:25:20.675,1,,False,,False,False
0 days 00:32:14.936000,BOT,77,0 days 00:01:28.322000,12.0,3.0,,,0 days 00:00:20.840000,0 days 00:00:41.102000,0 days 00:00:26.380000,0 days 00:31:07.454000,0 days 00:31:48.556000,0 days 00:32:14.936000,189.0,181.0,274.0,281.0,True,ULTRASOFT,2.0,True,Mercedes,0 days 00:30:46.614000,2018-05-26 13:26:46.639,1,,False,,False,True
0 days 00:33:27.772000,BOT,77,0 days 00:01:12.836000,13.0,3.0,,,0 days 00:00:19.017000,0 days 00:00:34.085000,0 days 00:00:19.734000,0 days 00:32:33.953000,0 days 00:33:08.038000,0 days 00:33:27.772000,219.0,203.0,276.0,286.0,True,ULTRASOFT,3.0,True,Mercedes,0 days 00:32:14.936000,2018-05-26 13:28:14.961,1,,False,,False,True
0 days 00:35:05.311000,BOT,77,0 days 00:01:37.539000,14.0,3.0,,,0 days 00:00:25.536000,0 days 00:00:40.698000,0 days 00:00:31.305000,0 days 00:33:53.308000,0 days 00:34:34.006000,0 days 00:35:05.311000,109.0,162.0,274.0,257.0,False,ULTRASOFT,4.0,True,Mercedes,0 days 00:33:27.772000,2018-05-26 13:29:27.797,1,,False,,False,True
0 days 00:37:59.188000,BOT,77,,15.0,3.0,,0 days 00:36:12.674000,0 days 00:00:18.898000,0 days 00:00:34.307000,,0 days 00:35:24.210000,0 days 00:35:58.560000,,224.0,202.0,,286.0,False,ULTRASOFT,5.0,True,Mercedes,0 days 00:35:05.311000,2018-05-26 13:31:05.336,1,,False,,False,False
0 days 00:39:27.061000,BOT,77,0 days 00:01:27.873000,16.0,4.0,0 days 00:37:59.834000,,0 days 00:00:23.889000,0 days 00:00:37.872000,0 days 00:00:26.112000,0 days 00:38:23.077000,0 days 00:39:00.949000,0 days 00:39:27.061000,176.0,183.0,273.0,260.0,False,HYPERSOFT,1.0,True,Mercedes,0 days 00:37:59.188000,2018-05-26 13:33:59.213,12,,False,,False,False
0 days 00:40:39.063000,BOT,77,0 days 00:01:12.002000,17.0,4.0,,,0 days 00:00:18.892000,0 days 00:00:33.904000,0 days 00:00:19.206000,0 days 00:39:45.953000,0 days 00:40:19.857000,0 days 00:40:39.063000,223.0,206.0,276.0,286.0,True,HYPERSOFT,2.0,True,Mercedes,0 days 00:39:27.061000,2018-05-26 13:35:27.086,1,,False,,False,True
0 days 00:42:11.807000,BOT,77,0 days 00:01:32.744000,18.0,4.0,,,0 days 00:00:22.239000,0 days 00:00:42.682000,0 days 00:00:27.823000,0 days 00:41:01.302000,0 days 00:41:43.984000,0 days 00:42:11.807000,171.0,147.0,272.0,244.0,False,HYPERSOFT,3.0,True,Mercedes,0 days 00:40:39.063000,2018-05-26 13:36:39.088,1,,False,,False,True
0 days 00:52:16.630000,BOT,77,,19.0,4.0,,0 days 00:43:21.970000,0 days 00:00:18.799000,0 days 00:00:35.254000,,0 days 00:42:30.637000,0 days 00:43:05.861000,,223.0,176.0,,286.0,False,HYPERSOFT,4.0,True,Mercedes,0 days 00:42:11.807000,2018-05-26 13:38:11.832,1,,False,,False,False
0 days 00:53:54.210000,BOT,77,0 days 00:01:37.580000,20.0,5.0,0 days 00:52:18.152000,,0 days 00:00:26.041000,0 days 00:00:42.493000,0 days 00:00:29.046000,0 days 00:52:42.671000,0 days 00:53:25.164000,0 days 00:53:54.210000,149.0,170.0,274.0,257.0,False,HYPERSOFT,1.0,True,Mercedes,0 days 00:52:16.630000,2018-05-26 13:48:16.655,1,,False,,False,False
0 days 00:55:05.763000,BOT,77,0 days 00:01:11.553000,21.0,5.0,,,0 days 00:00:18.716000,0 days 00:00:33.753000,0 days 00:00:19.084000,0 days 00:54:12.926000,0 days 00:54:46.679000,0 days 00:55:05.763000,223.0,204.0,274.0,285.0,True,HYPERSOFT,2.0,True,Mercedes,0 days 00:53:54.210000,2018-05-26 13:49:54.235,1,,False,,False,True
0 days 01:01:01.533000,BOT,77,,22.0,5.0,,0 days 00:56:22.219000,0 days 00:00:22.126000,0 days 00:00:38.934000,,0 days 00:55:27.917000,0 days 00:56:06.858000,,171.0,177.0,,261.0,False,HYPERSOFT,3.0,True,Mercedes,0 days 00:55:05.763000,2018-05-26 13:51:05.788,1,,False,,False,False
0 days 01:02:29.817000,BOT,77,0 days 00:01:28.284000,23.0,6.0,0 days 01:01:02.217000,,0 days 00:00:24.817000,0 days 00:00:37.496000,0 days 00:00:25.971000,0 days 01:01:26.350000,0 days 01:02:03.846000,0 days 01:02:29.817000,173.0,187.0,274.0,278.0,False,HYPERSOFT,1.0,True,Mercedes,0 days 01:01:01.533000,2018-05-26 13:57:01.558,1,,False,,False,False
0 days 01:03:41.258000,BOT,77,0 days 00:01:11.441000,24.0,6.0,,,0 days 00:00:18.745000,0 days 00:00:33.702000,0 days 00:00:18.994000,0 days 01:02:48.562000,0 days 01:03:22.264000,0 days 01:03:41.258000,225.0,209.0,274.0,284.0,True,HYPERSOFT,2.0,True,Mercedes,0 days 01:02:29.817000,2018-05-26 13:58:29.842,1,,False,,False,True
0 days 01:05:05.227000,BOT,77,,25.0,6.0,,0 days 01:05:05.227000,0 days 00:00:27.218000,0 days 00:00:40.521000,,0 days 01:04:08.614000,0 days 01:04:49.024000,,148.0,160.0,,254.0,False,HYPERSOFT,3.0,True,Mercedes,0 days 01:03:41.258000,2018-05-26 13:59:41.283,1,,False,,False,False
0 days 00:06:36.266000,OCO,31,0 days 00:01:48.062000,1.0,1.0,0 days 00:04:48.892000,,0 days 00:00:31.199000,0 days 00:00:44.169000,0 days 00:00:32.694000,0 days 00:05:19.403000,0 days 00:06:03.641000,0 days 00:06:36.420000,134.0,159.0,270.0,272.0,False,HYPERSOFT,1.0,True,Force India,0 days 00:04:48.892000,2018-05-26 13:00:48.917,,,False,,False,False
0 days 00:07:50.308000,OCO,31,0 days 00:01:14.042000,2.0,1.0,,,0 days 00:00:19.705000,0 days 00:00:34.786000,0 days 00:00:19.551000,0 days 00:06:55.971000,0 days 00:07:30.757000,0 days 00:07:50.308000,213.0,198.0,270.0,283.0,True,HYPERSOFT,2.0,True,Force India,0 days 00:06:36.266000,2018-05-26 13:02:36.291,2,,False,,False,True
0 days 00:09:34.907000,OCO,31,0 days 00:01:44.599000,3.0,1.0,,,0 days 00:00:27.213000,0 days 00:00:44.139000,0 days 00:00:33.247000,0 days 00:08:17.521000,0 days 00:09:01.660000,0 days 00:09:34.907000,166.0,168.0,269.0,260.0,False,HYPERSOFT,3.0,True,Force India,0 days 00:07:50.308000,2018-05-26 13:03:50.333,21,,False,,False,True
0 days 00:10:48.213000,OCO,31,0 days 00:01:13.306000,4.0,1.0,,,0 days 00:00:19.534000,0 days 00:00:34.251000,0 days 00:00:19.521000,0 days 00:09:54.441000,0 days 00:10:28.692000,0 days 00:10:48.213000,210.0,200.0,273.0,285.0,True,HYPERSOFT,4.0,True,Force India,0 days 00:09:34.907000,2018-05-26 13:05:34.932,1,,False,,False,True
0 days 00:14:52.341000,OCO,31,,5.0,1.0,,0 days 00:12:20.246000,0 days 00:00:28.121000,0 days 00:00:44.811000,,0 days 00:11:16.350000,0 days 00:12:01.167000,,118.0,164.0,,244.0,False,HYPERSOFT,5.0,True,Force India,0 days 00:10:48.213000,2018-05-26 13:06:48.238,1,,False,,False,False
0 days 00:16:24.219000,OCO,31,0 days 00:01:31.878000,6.0,2.0,0 days 00:14:53.009000,,0 days 00:00:26.844000,0 days 00:00:41.207000,0 days 00:00:23.827000,0 days 00:15:19.185000,0 days 00:16:00.392000,0 days 00:16:24.219000,162.0,167.0,272.0,276.0,False,HYPERSOFT,1.0,True,Force India,0 days 00:14:52.341000,2018-05-26 13:10:52.366,1,,False,,False,False
0 days 00:17:37.341000,OCO,31,0 days 00:01:13.122000,7.0,2.0,,,0 days 00:00:19.355000,0 days 00:00:34.266000,0 days 00:00:19.501000,0 days 00:16:43.574000,0 days 00:17:17.840000,0 days 00:17:37.341000,215.0,202.0,272.0,284.0,True,HYPERSOFT,2.0,True,Force India,0 days 00:16:24.219000,2018-05-26 13:12:24.244,1,,False,,False,True
0 days 00:19:09.381000,OCO,31,0 days 00:01:32.040000,8.0,2.0,,,0 days 00:00:25.230000,0 days 00:00:43.694000,0 days 00:00:23.116000,0 days 00:18:02.571000,0 days 00:18:46.265000,0 days 00:19:09.381000,104.0,169.0,247.0,235.0,False,HYPERSOFT,3.0,True,Force India,0 days 00:17:37.341000,2018-05-26 13:13:37.366,12,,False,,False,True
0 days 00:20:37.573000,OCO,31,0 days 00:01:28.192000,9.0,2.0,,,0 days 00:00:24.374000,0 days 00:00:40.733000,0 days 00:00:23.085000,0 days 00:19:33.755000,0 days 00:20:14.488000,0 days 00:20:37.573000,143.0,168.0,273.0,265.0,False,HYPERSOFT,4.0,True,Force India,0 days 00:19:09.381000,2018-05-26 13:15:09.406,1,,False,,False,True
0 days 00:21:50.601000,OCO,31,0 days 00:01:13.028000,10.0,2.0,,,0 days 00:00:19.125000,0 days 00:00:34.222000,0 days 00:00:19.681000,0 days 00:20:56.698000,0 days 00:21:30.920000,0 days 00:21:50.601000,214.0,201.0,266.0,286.0,True,HYPERSOFT,5.0,True,Force India,0 days 00:20:37.573000,2018-05-26 13:16:37.598,12,,False,,False,True
0 days 00:29:23.974000,OCO,31,,11.0,2.0,,0 days 00:23:19.720000,0 days 00:00:28.259000,0 days 00:00:43.163000,,0 days 00:22:18.966000,0 days 00:23:02.062000,,59.0,159.0,,261.0,False,HYPERSOFT,6.0,True,Force India,0 days 00:21:50.601000,2018-05-26 13:17:50.626,21,,False,,False,False
0 days 00:30:53.740000,OCO,31,0 days 00:01:29.766000,12.0,3.0,0 days 00:29:24.686000,,0 days 00:00:26.476000,0 days 00:00:40.595000,0 days 00:00:22.695000,0 days 00:29:50.450000,0 days 00:30:31.045000,0 days 00:30:53.740000,153.0,171.0,273.0,277.0,False,HYPERSOFT,1.0,True,Force India,0 days 00:29:23.974000,2018-05-26 13:25:23.999,1,,False,,False,False
0 days 00:32:06.195000,OCO,31,0 days 00:01:12.455000,13.0,3.0,,,0 days 00:00:19.191000,0 days 00:00:33.967000,0 days 00:00:19.297000,0 days 00:31:12.931000,0 days 00:31:46.898000,0 days 00:32:06.195000,214.0,203.0,272.0,286.0,True,HYPERSOFT,2.0,True,Force India,0 days 00:30:53.740000,2018-05-26 13:26:53.765,1,,False,,False,True
0 days 00:33:45.670000,OCO,31,0 days 00:01:39.475000,14.0,3.0,,,0 days 00:00:26.205000,0 days 00:00:45.728000,0 days 00:00:27.542000,0 days 00:32:32.400000,0 days 00:33:18.128000,0 days 00:33:45.670000,137.0,160.0,273.0,186.0,False,HYPERSOFT,3.0,True,Force India,0 days 00:32:06.195000,2018-05-26 13:28:06.220,1,,False,,False,True
0 days 00:34:58.348000,OCO,31,0 days 00:01:12.678000,15.0,3.0,,,0 days 00:00:19.117000,0 days 00:00:33.925000,0 days 00:00:19.636000,0 days 00:34:04.787000,0 days 00:34:38.712000,0 days 00:34:58.348000,217.0,197.0,274.0,286.0,False,HYPERSOFT,4.0,True,Force India,0 days 00:33:45.670000,2018-05-26 13:29:45.695,1,,False,,False,True
0 days 00:38:33.074000,OCO,31,,16.0,3.0,,0 days 00:36:14.030000,0 days 00:00:21.222000,0 days 00:00:39.917000,,0 days 00:35:19.636000,0 days 00:35:59.546000,,183.0,178.0,,261.0,False,HYPERSOFT,5.0,True,Force India,0 days 00:34:58.348000,2018-05-26 13:30:58.373,12,,False,,False,False
0 days 00:40:07.504000,OCO,31,0 days 00:01:34.430000,17.0,4.0,0 days 00:38:33.635000,,0 days 00:00:27.657000,0 days 00:00:41.103000,0 days 00:00:25.670000,0 days 00:39:00.731000,0 days 00:39:41.834000,0 days 00:40:07.504000,157.0,142.0,271.0,274.0,False,HYPERSOFT,1.0,True,Force India,0 days 00:38:33.074000,2018-05-26 13:34:33.099,1,,False,,False,False
0 days 00:41:19.692000,OCO,31,0 days 00:01:12.188000,18.0,4.0,,,0 days 00:00:19.128000,0 days 00:00:33.826000,0 days 00:00:19.234000,0 days 00:40:26.632000,0 days 00:41:00.458000,0 days 00:41:19.692000,216.0,204.0,271.0,283.0,True,HYPERSOFT,2.0,True,Force India,0 days 00:40:07.504000,2018-05-26 13:36:07.529,1,,False,,False,True
0 days 00:42:54.797000,OCO,31,0 days 00:01:35.105000,19.0,4.0,,,0 days 00:00:25.090000,0 days 00:00:44.208000,0 days 00:00:25.807000,0 days 00:41:44.782000,0 days 00:42:28.990000,0 days 00:42:54.797000,143.0,157.0,273.0,258.0,False,HYPERSOFT,3.0,True,Force India,0 days 00:41:19.692000,2018-05-26 13:37:19.717,1,,False,,False,True
0 days 00:44:07.144000,OCO,31,0 days 00:01:12.347000,20.0,4.0,,,0 days 00:00:19.116000,0 days 00:00:33.844000,0 days 00:00:19.387000,0 days 00:43:13.913000,0 days 00:43:47.757000,0 days 00:44:07.144000,218.0,201.0,270.0,284.0,False,HYPERSOFT,4.0,True,Force India,0 days 00:42:54.797000,2018-05-26 13:38:54.822,1,,False,,False,True
0 days 00:52:50.213000,OCO,31,,21.0,4.0,,0 days 00:45:32.996000,0 days 00:00:26.835000,0 days 00:00:41.617000,,0 days 00:44:33.961000,0 days 00:45:15.606000,,127.0,164.0,,216.0,False,HYPERSOFT,5.0,True,Force India,0 days 00:44:07.144000,2018-05-26 13:40:07.169,1,,False,,False,False
0 days 00:54:21.302000,OCO,31,0 days 00:01:31.089000,22.0,5.0,0 days 00:52:50.859000,,0 days 00:00:27.205000,0 days 00:00:39.984000,0 days 00:00:23.900000,0 days 00:53:17.418000,0 days 00:53:57.402000,0 days 00:54:21.302000,162.0,171.0,272.0,261.0,False,HYPERSOFT,7.0,False,Force India,0 days 00:52:50.213000,2018-05-26 13:48:50.238,1,,False,,False,False
0 days 00:55:33.971000,OCO,31,0 days 00:01:12.669000,23.0,5.0,,,0 days 00:00:19.268000,0 days 00:00:34.066000,0 days 00:00:19.335000,0 days 00:54:40.570000,0 days 00:55:14.636000,0 days 00:55:33.971000,214.0,200.0,272.0,284.0,True,HYPERSOFT,8.0,False,Force India,0 days 00:54:21.302000,2018-05-26 13:50:21.327,1,,False,,False,True
0 days 01:01:13.288000,OCO,31,,24.0,5.0,,0 days 00:56:53.471000,0 days 00:00:22.513000,0 days 00:00:40.059000,,0 days 00:55:56.498000,0 days 00:56:36.548000,,147.0,168.0,,260.0,False,HYPERSOFT,9.0,False,Force India,0 days 00:55:33.971000,2018-05-26 13:51:33.996,1,,False,,False,False
0 days 01:02:56.360000,OCO,31,0 days 00:01:43.072000,25.0,6.0,0 days 01:01:15.476000,,0 days 00:00:33.926000,0 days 00:00:41.583000,0 days 00:00:27.563000,0 days 01:01:47.214000,0 days 01:02:28.797000,0 days 01:02:56.360000,148.0,147.0,274.0,257.0,False,HYPERSOFT,1.0,True,Force India,0 days 01:01:13.288000,2018-05-26 13:57:13.313,1,,False,,False,False
0 days 01:04:08.421000,OCO,31,0 days 00:01:12.061000,26.0,6.0,,,0 days 00:00:19.063000,0 days 00:00:33.795000,0 days 00:00:19.203000,0 days 01:03:15.423000,0 days 01:03:49.218000,0 days 01:04:08.421000,220.0,204.0,273.0,285.0,True,HYPERSOFT,2.0,True,Force India,0 days 01:02:56.360000,2018-05-26 13:58:56.385,1,,False,,False,True
0 days 01:05:38.484000,OCO,31,,27.0,6.0,,0 days 01:05:38.484000,0 days 00:00:25.312000,0 days 00:00:46.357000,,0 days 01:04:33.749000,0 days 01:05:20.088000,,140.0,118.0,,210.0,False,HYPERSOFT,3.0,True,Force India,0 days 01:04:08.421000,2018-05-26 14:00:08.446,12,,False,,False,False
0 days 00:06:18.873000,ALO,14,0 days 00:01:38.997000,1.0,1.0,0 days 00:04:40.596000,,0 days 00:00:28.965000,0 days 00:00:44.190000,0 days 00:00:25.842000,0 days 00:05:08.922000,0 days 00:05:53.089000,0 days 00:06:19.011000,165.0,175.0,271.0,254.0,False,HYPERSOFT,1.0,True,McLaren,0 days 00:04:40.596000,2018-05-26 13:00:40.621,,,False,,False,False
0 days 00:07:32.207000,ALO,14,0 days 00:01:13.334000,2.0,1.0,,,0 days 00:00:19.340000,0 days 00:00:34.570000,0 days 00:00:19.424000,0 days 00:06:38.213000,0 days 00:07:12.783000,0 days 00:07:32.207000,219.0,200.0,269.0,282.0,True,HYPERSOFT,2.0,True,McLaren,0 days 00:06:18.873000,2018-05-26 13:02:18.898,,,False,,False,False
0 days 00:09:16.443000,ALO,14,0 days 00:01:44.236000,3.0,1.0,,,0 days 00:00:24.302000,0 days 00:00:50.877000,0 days 00:00:29.057000,0 days 00:07:56.509000,0 days 00:08:47.386000,0 days 00:09:16.443000,162.0,83.0,271.0,220.0,False,HYPERSOFT,3.0,True,McLaren,0 days 00:07:32.207000,2018-05-26 13:03:32.232,21,,False,,False,True
0 days 00:10:29.141000,ALO,14,0 days 00:01:12.698000,4.0,1.0,,,0 days 00:00:19.113000,0 days 00:00:34.253000,0 days 00:00:19.332000,0 days 00:09:35.556000,0 days 00:10:09.809000,0 days 00:10:29.141000,220.0,202.0,269.0,281.0,True,HYPERSOFT,4.0,True,McLaren,0 days 00:09:16.443000,2018-05-26 13:05:16.468,1,,False,,False,True
0 days 00:12:09.116000,ALO,14,0 days 00:01:39.975000,5.0,1.0,,,0 days 00:00:23.835000,0 days 00:00:48.155000,0 days 00:00:27.985000,0 days 00:10:52.976000,0 days 00:11:41.131000,0 days 00:12:09.116000,163.0,143.0,270.0,149.0,False,HYPERSOFT,5.0,True,McLaren,0 days 00:10:29.141000,2018-05-26 13:06:29.166,1,,False,,False,True
0 days 00:13:21.773000,ALO,14,0 days 00:01:12.657000,6.0,1.0,,,0 days 00:00:19.033000,0 days 00:00:34.273000,0 days 00:00:19.351000,0 days 00:12:28.149000,0 days 00:13:02.422000,0 days 00:13:21.773000,220.0,205.0,268.0,281.0,True,HYPERSOFT,6.0,True,McLaren,0 days 00:12:09.116000,2018-05-26 13:08:09.141,1,,False,,False,True
0 days 00:19:17.045000,ALO,14,,7.0,1.0,,0 days 00:14:42.758000,0 days 00:00:22.961000,0 days 00:00:41.320000,,0 days 00:13:44.722000,0 days 00:14:26.086000,,173.0,171.0,,251.0,False,HYPERSOFT,7.0,True,McLaren,0 days 00:13:21.773000,2018-05-26 13:09:21.798,12,,False,,False,False
0 days 00:20:55.588000,ALO,14,0 days 00:01:38.543000,8.0,2.0,0 days 00:19:17.703000,,0 days 00:00:28.955000,0 days 00:00:44.014000,0 days 00:00:25.574000,0 days 00:19:46,0 days 00:20:30.014000,0 days 00:20:55.588000,158.0,145.0,259.0,229.0,False,HYPERSOFT,1.0,True,McLaren,0 days 00:19:17.045000,2018-05-26 13:15:17.070,1,,False,,False,False
0 days 00:29:33.355000,ALO,14,,9.0,2.0,,0 days 00:22:24.981000,0 days 00:00:24.310000,0 days 00:00:45.653000,,0 days 00:21:19.945000,0 days 00:22:05.543000,,144.0,144.0,,227.0,False,HYPERSOFT,2.0,True,McLaren,0 days 00:20:55.588000,2018-05-26 13:16:55.613,12,,False,,False,False
0 days 00:31:09.372000,ALO,14,0 days 00:01:36.017000,10.0,3.0,0 days 00:29:34.187000,,0 days 00:00:26.756000,0 days 00:00:45.646000,0 days 00:00:23.615000,0 days 00:30:00.111000,0 days 00:30:45.757000,0 days 00:31:09.372000,146.0,168.0,270.0,245.0,False,HYPERSOFT,1.0,True,McLaren,0 days 00:29:33.355000,2018-05-26 13:25:33.380,1,,False,,False,False
0 days 00:32:21.641000,ALO,14,0 days 00:01:12.269000,11.0,3.0,,,0 days 00:00:18.991000,0 days 00:00:33.936000,0 days 00:00:19.342000,0 days 00:31:28.363000,0 days 00:32:02.299000,0 days 00:32:21.641000,221.0,203.0,271.0,282.0,True,HYPERSOFT,2.0,True,McLaren,0 days 00:31:09.372000,2018-05-26 13:27:09.397,1,,False,,False,True
0 days 00:33:57.113000,ALO,14,0 days 00:01:35.472000,12.0,3.0,,,0 days 00:00:23.589000,0 days 00:00:46.394000,0 days 00:00:25.489000,0 days 00:32:45.230000,0 days 00:33:31.624000,0 days 00:33:57.113000,173.0,130.0,270.0,255.0,False,HYPERSOFT,3.0,True,McLaren,0 days 00:32:21.641000,2018-05-26 13:28:21.666,1,,False,,False,True
0 days 00:35:09.524000,ALO,14,0 days 00:01:12.411000,13.0,3.0,,,0 days 00:00:18.935000,0 days 00:00:34.053000,0 days 00:00:19.423000,0 days 00:34:16.048000,0 days 00:34:50.101000,0 days 00:35:09.524000,222.0,203.0,270.0,281.0,False,HYPERSOFT,4.0,True,McLaren,0 days 00:33:57.113000,2018-05-26 13:29:57.138,1,,False,,False,True
0 days 00:38:59.074000,ALO,14,,14.0,3.0,,0 days 00:36:37.081000,0 days 00:00:23.387000,0 days 00:00:45.256000,,0 days 00:35:32.949000,0 days 00:36:18.187000,,156.0,145.0,,232.0,False,HYPERSOFT,5.0,True,McLaren,0 days 00:35:09.524000,2018-05-26 13:31:09.549,12,,False,,False,False
0 days 00:40:37.167000,ALO,14,0 days 00:01:38.093000,15.0,4.0,0 days 00:38:59.841000,,0 days 00:00:28.882000,0 days 00:00:46.552000,0 days 00:00:22.659000,0 days 00:39:27.956000,0 days 00:40:14.508000,0 days 00:40:37.167000,166.0,162.0,272.0,171.0,False,HYPERSOFT,1.0,True,McLaren,0 days 00:38:59.074000,2018-05-26 13:34:59.099,1,,False,,False,False
0 days 00:41:59.766000,ALO,14,0 days 00:01:22.599000,16.0,4.0,,,0 days 00:00:19.213000,0 days 00:00:38.174000,0 days 00:00:25.212000,0 days 00:40:56.380000,0 days 00:41:34.554000,0 days 00:41:59.766000,213.0,157.0,269.0,283.0,False,HYPERSOFT,2.0,True,McLaren,0 days 00:40:37.167000,2018-05-26 13:36:37.192,1,,False,,False,True
0 days 00:43:28.132000,ALO,14,0 days 00:01:28.366000,17.0,4.0,,,0 days 00:00:18.974000,0 days 00:00:40.438000,0 days 00:00:28.954000,0 days 00:42:18.740000,0 days 00:42:59.178000,0 days 00:43:28.132000,222.0,156.0,271.0,258.0,False,HYPERSOFT,3.0,True,McLaren,0 days 00:41:59.766000,2018-05-26 13:37:59.791,1,,False,,False,True
0 days 00:52:14.313000,ALO,14,,18.0,4.0,,0 days 00:44:36.539000,0 days 00:00:19.070000,0 days 00:00:34.509000,,0 days 00:43:47.237000,0 days 00:44:21.757000,,220.0,201.0,,283.0,False,HYPERSOFT,4.0,True,McLaren,0 days 00:43:28.132000,2018-05-26 13:39:28.157,1,,False,,False,False
0 days 00:53:47.538000,ALO,14,0 days 00:01:33.225000,19.0,5.0,0 days 00:52:15.887000,,0 days 00:00:27.574000,0 days 00:00:41.994000,0 days 00:00:23.657000,0 days 00:52:41.887000,0 days 00:53:23.881000,0 days 00:53:47.538000,171.0,163.0,269.0,254.0,False,HYPERSOFT,3.0,False,McLaren,0 days 00:52:14.313000,2018-05-26 13:48:14.338,1,,False,,False,False
0 days 00:54:59.837000,ALO,14,0 days 00:01:12.299000,20.0,5.0,,,0 days 00:00:18.947000,0 days 00:00:34.090000,0 days 00:00:19.262000,0 days 00:54:06.485000,0 days 00:54:40.575000,0 days 00:54:59.837000,220.0,204.0,268.0,281.0,True,HYPERSOFT,4.0,False,McLaren,0 days 00:53:47.538000,2018-05-26 13:49:47.563,1,,False,,False,True
0 days 00:59:00.886000,ALO,14,,21.0,5.0,,0 days 00:56:18.984000,0 days 00:00:21.905000,0 days 00:00:41.491000,,0 days 00:55:21.730000,0 days 00:56:03.249000,,179.0,176.0,,255.0,False,HYPERSOFT,5.0,False,McLaren,0 days 00:54:59.837000,2018-05-26 13:50:59.862,1,,False,,False,False
0 days 01:00:32.231000,ALO,14,0 days 00:01:31.345000,22.0,6.0,0 days 00:59:01.418000,,0 days 00:00:26.076000,0 days 00:00:42.793000,0 days 00:00:22.476000,0 days 00:59:26.962000,0 days 01:00:09.755000,0 days 01:00:32.231000,169.0,168.0,269.0,194.0,False,HYPERSOFT,1.0,True,McLaren,0 days 00:59:00.886000,2018-05-26 13:55:00.911,1,,False,,False,False
0 days 01:01:44.341000,ALO,14,0 days 00:01:12.110000,23.0,6.0,,,0 days 00:00:18.858000,0 days 00:00:34.054000,0 days 00:00:19.198000,0 days 01:00:51.089000,0 days 01:01:25.143000,0 days 01:01:44.341000,221.0,203.0,267.0,279.0,True,HYPERSOFT,2.0,True,McLaren,0 days 01:00:32.231000,2018-05-26 13:56:32.256,1,,False,,False,True
0 days 01:03:23.617000,ALO,14,0 days 00:01:39.276000,24.0,6.0,,,0 days 00:00:25.882000,0 days 00:00:47.622000,0 days 00:00:25.772000,0 days 01:02:10.223000,0 days 01:02:57.845000,0 days 01:03:23.617000,134.0,141.0,270.0,254.0,False,HYPERSOFT,3.0,True,McLaren,0 days 01:01:44.341000,2018-05-26 13:57:44.366,1,,False,,False,True
0 days 01:04:35.793000,ALO,14,0 days 00:01:12.176000,25.0,6.0,,,0 days 00:00:18.780000,0 days 00:00:34.131000,0 days 00:00:19.265000,0 days 01:03:42.397000,0 days 01:04:16.528000,0 days 01:04:35.793000,224.0,203.0,268.0,281.0,False,HYPERSOFT,4.0,True,McLaren,0 days 01:03:23.617000,2018-05-26 13:59:23.642,1,,False,,False,True
0 days 01:06:11.626000,ALO,14,,26.0,6.0,,0 days 01:06:11.626000,0 days 00:00:28.613000,0 days 00:00:47.480000,,0 days 01:05:04.369000,0 days 01:05:51.889000,,92.0,148.0,,231.0,False,HYPERSOFT,5.0,True,McLaren,0 days 01:04:35.793000,2018-05-26 14:00:35.818,12,,False,,False,False
0 days 00:08:06.985000,SAI,55,0 days 00:01:38.775000,1.0,1.0,0 days 00:06:28.834000,,0 days 00:00:29.062000,0 days 00:00:44.633000,0 days 00:00:25.080000,0 days 00:06:57.284000,0 days 00:07:41.982000,0 days 00:08:07.149000,135.0,189.0,260.0,273.0,False,HYPERSOFT,1.0,True,Renault,0 days 00:06:28.834000,2018-05-26 13:02:28.859,21,,False,,False,False
0 days 00:09:35.912000,SAI,55,0 days 00:01:28.927000,2.0,1.0,,,0 days 00:00:20.926000,0 days 00:00:40.114000,0 days 00:00:27.887000,0 days 00:08:27.911000,0 days 00:09:08.025000,0 days 00:09:35.912000,171.0,102.0,271.0,272.0,True,HYPERSOFT,2.0,True,Renault,0 days 00:08:06.985000,2018-05-26 13:04:07.010,1,,False,,False,True
0 days 00:11:00.096000,SAI,55,0 days 00:01:24.184000,3.0,1.0,,,0 days 00:00:21.291000,0 days 00:00:41.671000,0 days 00:00:21.222000,0 days 00:09:57.203000,0 days 00:10:38.874000,0 days 00:11:00.096000,144.0,191.0,271.0,274.0,True,HYPERSOFT,3.0,True,Renault,0 days 00:09:35.912000,2018-05-26 13:05:35.937,1,,False,,False,True
0 days 00:12:13.354000,SAI,55,0 days 00:01:13.258000,4.0,1.0,,,0 days 00:00:19.203000,0 days 00:00:34.454000,0 days 00:00:19.601000,0 days 00:11:19.299000,0 days 00:11:53.753000,0 days 00:12:13.354000,213.0,205.0,273.0,287.0,True,HYPERSOFT,4.0,True,Renault,0 days 00:11:00.096000,2018-05-26 13:07:00.121,1,,False,,False,True
0 days 00:13:46.470000,SAI,55,0 days 00:01:33.116000,5.0,1.0,,,0 days 00:00:23.222000,0 days 00:00:43.294000,0 days 00:00:26.600000,0 days 00:12:36.576000,0 days 00:13:19.870000,0 days 00:13:46.470000,164.0,179.0,271.0,256.0,False,HYPERSOFT,5.0,True,Renault,0 days 00:12:13.354000,2018-05-26 13:08:13.379,1,,False,,False,True
0 days 00:14:59.591000,SAI,55,0 days 00:01:13.121000,6.0,1.0,,,0 days 00:00:19.174000,0 days 00:00:34.419000,0 days 00:00:19.528000,0 days 00:14:05.644000,0 days 00:14:40.063000,0 days 00:14:59.591000,218.0,203.0,268.0,285.0,True,HYPERSOFT,6.0,True,Renault,0 days 00:13:46.470000,2018-05-26 13:09:46.495,1,,False,,False,True
0 days 00:16:34.021000,SAI,55,0 days 00:01:34.430000,7.0,1.0,,,0 days 00:00:24.064000,0 days 00:00:45.289000,0 days 00:00:25.077000,0 days 00:15:23.655000,0 days 00:16:08.944000,0 days 00:16:34.021000,83.0,155.0,270.0,242.0,False,HYPERSOFT,7.0,True,Renault,0 days 00:14:59.591000,2018-05-26 13:10:59.616,1,,False,,False,True
0 days 00:17:47.018000,SAI,55,0 days 00:01:12.997000,8.0,1.0,,,0 days 00:00:19.281000,0 days 00:00:34.171000,0 days 00:00:19.545000,0 days 00:16:53.302000,0 days 00:17:27.473000,0 days 00:17:47.018000,216.0,204.0,272.0,284.0,True,HYPERSOFT,8.0,True,Renault,0 days 00:16:34.021000,2018-05-26 13:12:34.046,1,,False,,False,True
0 days 00:19:16.930000,SAI,55,0 days 00:01:29.912000,9.0,1.0,,,0 days 00:00:24.346000,0 days 00:00:42.469000,0 days 00:00:23.097000,0 days 00:18:11.364000,0 days 00:18:53.833000,0 days 00:19:16.930000,142.0,159.0,271.0,256.0,False,HYPERSOFT,9.0,True,Renault,0 days 00:17:47.018000,2018-05-26 13:13:47.043,12,,False,,False,True
0 days 00:20:44.158000,SAI,55,0 days 00:01:27.228000,10.0,1.0,,,0 days 00:00:22.301000,0 days 00:00:41.387000,0 days 00:00:23.540000,0 days 00:19:39.231000,0 days 00:20:20.618000,0 days 00:20:44.158000,153.0,159.0,272.0,268.0,False,HYPERSOFT,10.0,True,Renault,0 days 00:19:16.930000,2018-05-26 13:15:16.955,1,,False,,False,True
0 days 00:21:57.108000,SAI,55,0 days 00:01:12.950000,11.0,1.0,,,0 days 00:00:19.203000,0 days 00:00:34.171000,0 days 00:00:19.576000,0 days 00:21:03.361000,0 days 00:21:37.532000,0 days 00:21:57.108000,215.0,202.0,265.0,284.0,True,HYPERSOFT,11.0,True,Renault,0 days 00:20:44.158000,2018-05-26 13:16:44.183,12,,False,,False,True
0 days 00:28:50.975000,SAI,55,,12.0,1.0,,0 days 00:23:22.856000,0 days 00:00:25.092000,0 days 00:00:43.023000,,0 days 00:22:22.262000,0 days 00:23:05.298000,,133.0,146.0,,246.0,False,HYPERSOFT,12.0,True,Renault,0 days 00:21:57.108000,2018-05-26 13:17:57.133,1,,False,,False,False
0 days 00:30:26.124000,SAI,55,0 days 00:01:35.149000,13.0,2.0,0 days 00:29:03.371000,,0 days 00:00:36.209000,0 days 00:00:37.514000,0 days 00:00:21.426000,0 days 00:29:27.184000,0 days 00:30:04.698000,0 days 00:30:26.124000,175.0,185.0,258.0,265.0,False,HYPERSOFT,1.0,True,Renault,0 days 00:28:50.975000,2018-05-26 13:24:51.000,1,,False,,False,False
0 days 00:31:45.480000,SAI,55,0 days 00:01:19.356000,14.0,2.0,,,0 days 00:00:20.091000,0 days 00:00:37.347000,0 days 00:00:21.918000,0 days 00:30:46.215000,0 days 00:31:23.562000,0 days 00:31:45.480000,196.0,175.0,273.0,272.0,True,HYPERSOFT,2.0,True,Renault,0 days 00:30:26.124000,2018-05-26 13:26:26.149,1,,False,,False,True
0 days 00:32:58.135000,SAI,55,0 days 00:01:12.655000,15.0,2.0,,,0 days 00:00:18.999000,0 days 00:00:34.227000,0 days 00:00:19.429000,0 days 00:32:04.479000,0 days 00:32:38.706000,0 days 00:32:58.135000,215.0,203.0,271.0,287.0,True,HYPERSOFT,3.0,True,Renault,0 days 00:31:45.480000,2018-05-26 13:27:45.505,1,,False,,False,True
0 days 00:34:26.594000,SAI,55,0 days 00:01:28.459000,16.0,2.0,,,0 days 00:00:27.113000,0 days 00:00:39.060000,0 days 00:00:22.286000,0 days 00:33:25.248000,0 days 00:34:04.308000,0 days 00:34:26.594000,135.0,177.0,272.0,260.0,False,HYPERSOFT,4.0,True,Renault,0 days 00:32:58.135000,2018-05-26 13:28:58.160,1,,False,,False,True
0 days 00:35:39.089000,SAI,55,0 days 00:01:12.495000,17.0,2.0,,,0 days 00:00:19.023000,0 days 00:00:34.182000,0 days 00:00:19.290000,0 days 00:34:45.617000,0 days 00:35:19.799000,0 days 00:35:39.089000,218.0,207.0,270.0,283.0,True,HYPERSOFT,5.0,True,Renault,0 days 00:34:26.594000,2018-05-26 13:30:26.619,1,,False,,False,True
0 days 00:40:54.827000,SAI,55,,18.0,2.0,,0 days 00:37:02.253000,0 days 00:00:23.031000,0 days 00:00:44.075000,,0 days 00:36:02.171000,0 days 00:36:46.236000,,157.0,180.0,,257.0,False,HYPERSOFT,6.0,True,Renault,0 days 00:35:39.089000,2018-05-26 13:31:39.114,12,,False,,False,False
0 days 00:42:31.731000,SAI,55,0 days 00:01:36.904000,19.0,3.0,0 days 00:40:55.412000,,0 days 00:00:24.121000,0 days 00:00:45.450000,0 days 00:00:27.333000,0 days 00:41:18.948000,0 days 00:42:04.398000,0 days 00:42:31.731000,201.0,195.0,271.0,273.0,False,HYPERSOFT,1.0,True,Renault,0 days 00:40:54.827000,2018-05-26 13:36:54.852,1,,False,,False,False
0 days 00:43:44.017000,SAI,55,0 days 00:01:12.286000,20.0,3.0,,,0 days 00:00:18.977000,0 days 00:00:33.923000,0 days 00:00:19.386000,0 days 00:42:50.708000,0 days 00:43:24.631000,0 days 00:43:44.017000,220.0,207.0,271.0,285.0,True,HYPERSOFT,2.0,True,Renault,0 days 00:42:31.731000,2018-05-26 13:38:31.756,1,,False,,False,True
0 days 00:52:02.732000,SAI,55,,21.0,3.0,,0 days 00:45:06.681000,0 days 00:00:23.580000,0 days 00:00:40.864000,,0 days 00:44:07.599000,0 days 00:44:48.493000,,155.0,159.0,,236.0,False,HYPERSOFT,3.0,True,Renault,0 days 00:43:44.017000,2018-05-26 13:39:44.042,1,,False,,False,False
0 days 00:53:29.740000,SAI,55,0 days 00:01:27.008000,22.0,4.0,0 days 00:52:03.466000,,0 days 00:00:23.235000,0 days 00:00:37.052000,0 days 00:00:26.721000,0 days 00:52:25.967000,0 days 00:53:03.019000,0 days 00:53:29.740000,190.0,194.0,270.0,266.0,False,HYPERSOFT,1.0,True,Renault,0 days 00:52:02.732000,2018-05-26 13:48:02.757,1,,False,,False,False
0 days 00:54:42.006000,SAI,55,0 days 00:01:12.266000,23.0,4.0,,,0 days 00:00:18.929000,0 days 00:00:33.859000,0 days 00:00:19.478000,0 days 00:53:48.669000,0 days 00:54:22.528000,0 days 00:54:42.006000,221.0,206.0,269.0,284.0,True,HYPERSOFT,2.0,True,Renault,0 days 00:53:29.740000,2018-05-26 13:49:29.765,1,,False,,False,True
0 days 00:56:14.262000,SAI,55,0 days 00:01:32.256000,24.0,4.0,,,0 days 00:00:24.590000,0 days 00:00:42.787000,0 days 00:00:24.879000,0 days 00:55:06.596000,0 days 00:55:49.383000,0 days 00:56:14.262000,138.0,142.0,270.0,257.0,False,HYPERSOFT,3.0,True,Renault,0 days 00:54:42.006000,2018-05-26 13:50:42.031,1,,False,,False,True
0 days 01:01:20.472000,SAI,55,,25.0,4.0,,0 days 00:57:33.241000,0 days 00:00:19.185000,0 days 00:00:43.306000,,0 days 00:56:33.485000,0 days 00:57:16.802000,,215.0,168.0,,251.0,False,HYPERSOFT,4.0,True,Renault,0 days 00:56:14.262000,2018-05-26 13:52:14.287,1,,False,,False,False
0 days 01:03:05.500000,SAI,55,0 days 00:01:45.028000,26.0,5.0,0 days 01:01:21.539000,,0 days 00:00:27.590000,0 days 00:00:48.205000,0 days 00:00:29.233000,0 days 01:01:48.062000,0 days 01:02:36.267000,0 days 01:03:05.500000,128.0,194.0,273.0,269.0,False,HYPERSOFT,1.0,True,Renault,0 days 01:01:20.472000,2018-05-26 13:57:20.497,1,,False,,False,False
0 days 01:04:17.630000,SAI,55,0 days 00:01:12.130000,27.0,5.0,,,0 days 00:00:18.967000,0 days 00:00:33.828000,0 days 00:00:19.335000,0 days 01:03:24.467000,0 days 01:03:58.295000,0 days 01:04:17.630000,218.0,208.0,270.0,286.0,True,HYPERSOFT,2.0,True,Renault,0 days 01:03:05.500000,2018-05-26 13:59:05.525,1,,False,,False,True
0 days 01:05:49.311000,SAI,55,,28.0,5.0,,0 days 01:05:49.311000,0 days 00:00:27.852000,0 days 00:00:43.261000,,0 days 01:04:45.524000,0 days 01:05:28.746000,,127.0,151.0,,247.0,False,HYPERSOFT,3.0,True,Renault,0 days 01:04:17.630000,2018-05-26 14:00:17.655,12,,False,,False,False
0 days 00:06:30.829000,PER,11,0 days 00:01:45.614000,1.0,1.0,0 days 00:04:46.002000,,0 days 00:00:32.497000,0 days 00:00:45.206000,0 days 00:00:27.911000,0 days 00:05:17.732000,0 days 00:06:03.012000,0 days 00:06:30.990000,142.0,104.0,269.0,273.0,False,HYPERSOFT,1.0,True,Force India,0 days 00:04:46.002000,2018-05-26 13:00:46.027,,,False,,False,False
0 days 00:07:44.078000,PER,11,0 days 00:01:13.249000,2.0,1.0,,,0 days 00:00:19.444000,0 days 00:00:34.303000,0 days 00:00:19.502000,0 days 00:06:50.273000,0 days 00:07:24.576000,0 days 00:07:44.078000,216.0,197.0,271.0,283.0,True,HYPERSOFT,2.0,True,Force India,0 days 00:06:30.829000,2018-05-26 13:02:30.854,,,False,,False,False
0 days 00:09:27.807000,PER,11,0 days 00:01:43.729000,3.0,1.0,,,0 days 00:00:28.754000,0 days 00:00:47.869000,0 days 00:00:27.106000,0 days 00:08:12.832000,0 days 00:09:00.701000,0 days 00:09:27.807000,129.0,152.0,268.0,200.0,False,HYPERSOFT,3.0,True,Force India,0 days 00:07:44.078000,2018-05-26 13:03:44.103,21,,False,,False,True
0 days 00:10:41.003000,PER,11,0 days 00:01:13.196000,4.0,1.0,,,0 days 00:00:19.387000,0 days 00:00:34.254000,0 days 00:00:19.555000,0 days 00:09:47.194000,0 days 00:10:21.448000,0 days 00:10:41.003000,218.0,201.0,271.0,283.0,True,HYPERSOFT,4.0,True,Force India,0 days 00:09:27.807000,2018-05-26 13:05:27.832,1,,False,,False,True
0 days 00:12:21.523000,PER,11,0 days 00:01:40.520000,5.0,1.0,,,0 days 00:00:27.817000,0 days 00:00:47.740000,0 days 00:00:24.963000,0 days 00:11:08.820000,0 days 00:11:56.560000,0 days 00:12:21.523000,114.0,146.0,270.0,238.0,False,HYPERSOFT,5.0,True,Force India,0 days 00:10:41.003000,2018-05-26 13:06:41.028,1,,False,,False,True
0 days 00:13:34.559000,PER,11,0 days 00:01:13.036000,6.0,1.0,,,0 days 00:00:19.317000,0 days 00:00:34.325000,0 days 00:00:19.394000,0 days 00:12:40.840000,0 days 00:13:15.165000,0 days 00:13:34.559000,219.0,200.0,271.0,283.0,True,HYPERSOFT,6.0,True,Force India,0 days 00:12:21.523000,2018-05-26 13:08:21.548,1,,False,,False,True
0 days 00:17:16.124000,PER,11,,7.0,1.0,,0 days 00:14:55.696000,0 days 00:00:25.319000,0 days 00:00:38.417000,,0 days 00:13:59.928000,0 days 00:14:38.351000,,152.0,185.0,,266.0,False,HYPERSOFT,7.0,True,Force India,0 days 00:13:34.559000,2018-05-26 13:09:34.584,1,,False,,False,False
0 days 00:18:53.123000,PER,11,0 days 00:01:36.999000,8.0,2.0,0 days 00:17:16.802000,,0 days 00:00:29.084000,0 days 00:00:41.779000,0 days 00:00:26.136000,0 days 00:17:45.208000,0 days 00:18:26.987000,0 days 00:18:53.123000,145.0,171.0,273.0,274.0,False,HYPERSOFT,1.0,True,Force India,0 days 00:17:16.124000,2018-05-26 13:13:16.149,12,,False,,False,False
0 days 00:20:05.971000,PER,11,0 days 00:01:12.848000,9.0,2.0,,,0 days 00:00:19.199000,0 days 00:00:34.123000,0 days 00:00:19.526000,0 days 00:19:12.322000,0 days 00:19:46.445000,0 days 00:20:05.971000,216.0,201.0,271.0,284.0,True,HYPERSOFT,2.0,True,Force India,0 days 00:18:53.123000,2018-05-26 13:14:53.148,1,,False,,False,True
0 days 00:21:45.627000,PER,11,0 days 00:01:39.656000,10.0,2.0,,,0 days 00:00:27.174000,0 days 00:00:45.987000,0 days 00:00:26.495000,0 days 00:20:33.145000,0 days 00:21:19.132000,0 days 00:21:45.627000,136.0,135.0,267.0,247.0,False,HYPERSOFT,3.0,True,Force India,0 days 00:20:05.971000,2018-05-26 13:16:05.996,12,,False,,False,True
0 days 00:29:34.552000,PER,11,,11.0,2.0,,0 days 00:23:15.735000,0 days 00:00:27.811000,0 days 00:00:44.240000,,0 days 00:22:13.449000,0 days 00:22:57.706000,,135.0,145.0,,238.0,False,HYPERSOFT,4.0,True,Force India,0 days 00:21:45.627000,2018-05-26 13:17:45.652,21,,False,,False,False
0 days 00:31:15.908000,PER,11,0 days 00:01:41.356000,12.0,3.0,0 days 00:29:35.393000,,0 days 00:00:30.993000,0 days 00:00:43.593000,0 days 00:00:26.770000,0 days 00:30:05.545000,0 days 00:30:49.138000,0 days 00:31:15.908000,123.0,146.0,273.0,268.0,False,HYPERSOFT,1.0,True,Force India,0 days 00:29:34.552000,2018-05-26 13:25:34.577,1,,False,,False,False
0 days 00:32:28.102000,PER,11,0 days 00:01:12.194000,13.0,3.0,,,0 days 00:00:18.991000,0 days 00:00:33.906000,0 days 00:00:19.297000,0 days 00:31:34.899000,0 days 00:32:08.805000,0 days 00:32:28.102000,221.0,204.0,273.0,285.0,True,HYPERSOFT,2.0,True,Force India,0 days 00:31:15.908000,2018-05-26 13:27:15.933,1,,False,,False,True
0 days 00:39:23.278000,PER,11,,14.0,3.0,,0 days 00:34:00.472000,0 days 00:00:28.043000,0 days 00:00:46.245000,,0 days 00:32:56.188000,0 days 00:33:42.456000,,120.0,143.0,,233.0,False,HYPERSOFT,3.0,True,Force India,0 days 00:32:28.102000,2018-05-26 13:28:28.127,12,,False,,False,False
0 days 00:41:01.999000,PER,11,0 days 00:01:38.721000,15.0,4.0,0 days 00:39:23.997000,,0 days 00:00:29.532000,0 days 00:00:44.303000,0 days 00:00:24.886000,0 days 00:39:52.810000,0 days 00:40:37.113000,0 days 00:41:01.999000,139.0,136.0,272.0,261.0,False,HYPERSOFT,1.0,True,Force India,0 days 00:39:23.278000,2018-05-26 13:35:23.303,1,,False,,False,False
0 days 00:42:22.356000,PER,11,0 days 00:01:20.357000,16.0,4.0,,,0 days 00:00:19.121000,0 days 00:00:35.448000,0 days 00:00:25.788000,0 days 00:41:21.120000,0 days 00:41:56.568000,0 days 00:42:22.356000,221.0,145.0,246.0,284.0,False,HYPERSOFT,2.0,True,Force India,0 days 00:41:01.999000,2018-05-26 13:37:02.024,1,,False,,False,True
0 days 00:52:43.804000,PER,11,,17.0,4.0,,0 days 00:43:44.603000,0 days 00:00:23.927000,0 days 00:00:42.749000,,0 days 00:42:46.374000,0 days 00:43:29.095000,,147.0,175.0,,266.0,False,HYPERSOFT,3.0,True,Force India,0 days 00:42:22.356000,2018-05-26 13:38:22.381,1,,False,,False,False
0 days 00:54:16.154000,PER,11,0 days 00:01:32.350000,18.0,5.0,0 days 00:52:44.467000,,0 days 00:00:26.741000,0 days 00:00:39.613000,0 days 00:00:25.996000,0 days 00:53:10.545000,0 days 00:53:50.158000,0 days 00:54:16.154000,162.0,154.0,272.0,274.0,False,HYPERSOFT,5.0,False,Force India,0 days 00:52:43.804000,2018-05-26 13:48:43.829,1,,False,,False,False
0 days 00:55:28.737000,PER,11,0 days 00:01:12.583000,19.0,5.0,,,0 days 00:00:19.229000,0 days 00:00:33.945000,0 days 00:00:19.409000,0 days 00:54:35.383000,0 days 00:55:09.328000,0 days 00:55:28.737000,219.0,202.0,272.0,283.0,True,HYPERSOFT,6.0,False,Force India,0 days 00:54:16.154000,2018-05-26 13:50:16.179,1,,False,,False,True
0 days 01:01:29.568000,PER,11,,20.0,5.0,,0 days 00:56:52.549000,0 days 00:00:26.146000,0 days 00:00:41.344000,,0 days 00:55:54.889000,0 days 00:56:36.258000,,139.0,162.0,,252.0,False,HYPERSOFT,7.0,False,Force India,0 days 00:55:28.737000,2018-05-26 13:51:28.762,1,,False,,False,False
0 days 01:03:11.469000,PER,11,0 days 00:01:41.901000,21.0,6.0,0 days 01:01:30.258000,,0 days 00:00:27.126000,0 days 00:00:40.954000,0 days 00:00:33.821000,0 days 01:01:56.694000,0 days 01:02:37.648000,0 days 01:03:11.469000,156.0,173.0,274.0,279.0,False,HYPERSOFT,1.0,True,Force India,0 days 01:01:29.568000,2018-05-26 13:57:29.593,1,,False,,False,False
0 days 01:04:23.623000,PER,11,0 days 00:01:12.154000,22.0,6.0,,,0 days 00:00:18.988000,0 days 00:00:33.940000,0 days 00:00:19.226000,0 days 01:03:30.457000,0 days 01:04:04.397000,0 days 01:04:23.623000,222.0,205.0,273.0,285.0,True,HYPERSOFT,2.0,True,Force India,0 days 01:03:11.469000,2018-05-26 13:59:11.494,1,,False,,False,True
0 days 01:05:55.063000,PER,11,,23.0,6.0,,0 days 01:05:55.063000,0 days 00:00:33.706000,0 days 00:00:39.367000,,0 days 01:04:57.338000,0 days 01:05:36.731000,,144.0,174.0,,260.0,False,HYPERSOFT,3.0,True,Force India,0 days 01:04:23.623000,2018-05-26 14:00:23.648,12,,False,,False,False
0 days 00:05:55.249000,GAS,10,0 days 00:01:40.329000,1.0,1.0,0 days 00:04:16.031000,,0 days 00:00:27.382000,0 days 00:00:44.381000,0 days 00:00:28.566000,0 days 00:04:42.331000,0 days 00:05:26.700000,0 days 00:05:55.361000,165.0,174.0,266.0,266.0,False,HYPERSOFT,1.0,True,Toro Rosso,0 days 00:04:16.031000,2018-05-26 13:00:16.056,,,False,,False,False
0 days 00:07:08.973000,GAS,10,0 days 00:01:13.724000,2.0,1.0,,,0 days 00:00:19.362000,0 days 00:00:34.494000,0 days 00:00:19.868000,0 days 00:06:14.611000,0 days 00:06:49.105000,0 days 00:07:08.973000,218.0,190.0,266.0,280.0,True,HYPERSOFT,2.0,True,Toro Rosso,0 days 00:05:55.249000,2018-05-26 13:01:55.274,,,False,,False,False
0 days 00:08:47.913000,GAS,10,0 days 00:01:38.940000,3.0,1.0,,,0 days 00:00:25.097000,0 days 00:00:46.563000,0 days 00:00:27.280000,0 days 00:07:34.070000,0 days 00:08:20.633000,0 days 00:08:47.913000,173.0,134.0,265.0,256.0,False,HYPERSOFT,3.0,True,Toro Rosso,0 days 00:07:08.973000,2018-05-26 13:03:08.998,21,,False,,False,True
0 days 00:10:01.717000,GAS,10,0 days 00:01:13.804000,4.0,1.0,,,0 days 00:00:19.394000,0 days 00:00:34.719000,0 days 00:00:19.691000,0 days 00:09:07.307000,0 days 00:09:42.026000,0 days 00:10:01.717000,221.0,196.0,265.0,279.0,False,HYPERSOFT,4.0,True,Toro Rosso,0 days 00:08:47.913000,2018-05-26 13:04:47.938,1,,False,,False,True
0 days 00:11:38.232000,GAS,10,0 days 00:01:36.515000,5.0,1.0,,,0 days 00:00:23.769000,0 days 00:00:45.279000,0 days 00:00:27.467000,0 days 00:10:25.486000,0 days 00:11:10.765000,0 days 00:11:38.232000,167.0,145.0,268.0,256.0,False,HYPERSOFT,5.0,True,Toro Rosso,0 days 00:10:01.717000,2018-05-26 13:06:01.742,1,,False,,False,True
0 days 00:12:51.400000,GAS,10,0 days 00:01:13.168000,6.0,1.0,,,0 days 00:00:19.307000,0 days 00:00:34.256000,0 days 00:00:19.605000,0 days 00:11:57.539000,0 days 00:12:31.795000,0 days 00:12:51.400000,220.0,202.0,264.0,282.0,True,HYPERSOFT,6.0,True,Toro Rosso,0 days 00:11:38.232000,2018-05-26 13:07:38.257,1,,False,,False,True
0 days 00:16:23.065000,GAS,10,,7.0,1.0,,0 days 00:14:10.029000,0 days 00:00:23.063000,0 days 00:00:39.704000,,0 days 00:13:14.484000,0 days 00:13:54.176000,,177.0,177.0,,257.0,False,HYPERSOFT,7.0,True,Toro Rosso,0 days 00:12:51.400000,2018-05-26 13:08:51.425,1,,False,,False,False
0 days 00:17:46.013000,GAS,10,0 days 00:01:22.948000,8.0,2.0,0 days 00:16:23.721000,,0 days 00:00:24.998000,0 days 00:00:36.350000,0 days 00:00:21.600000,0 days 00:16:48.063000,0 days 00:17:24.413000,0 days 00:17:46.013000,190.0,192.0,269.0,269.0,False,HYPERSOFT,1.0,True,Toro Rosso,0 days 00:16:23.065000,2018-05-26 13:12:23.090,1,,False,,False,False
0 days 00:18:58.954000,GAS,10,0 days 00:01:12.941000,9.0,2.0,,,0 days 00:00:19.068000,0 days 00:00:34.481000,0 days 00:00:19.392000,0 days 00:18:05.081000,0 days 00:18:39.562000,0 days 00:18:58.954000,219.0,198.0,267.0,282.0,True,HYPERSOFT,2.0,True,Toro Rosso,0 days 00:17:46.013000,2018-05-26 13:13:46.038,12,,False,,False,True
0 days 00:20:32.242000,GAS,10,0 days 00:01:33.288000,10.0,2.0,,,0 days 00:00:23.497000,0 days 00:00:42.607000,0 days 00:00:27.184000,0 days 00:19:22.451000,0 days 00:20:05.058000,0 days 00:20:32.242000,174.0,148.0,266.0,259.0,False,HYPERSOFT,3.0,True,Toro Rosso,0 days 00:18:58.954000,2018-05-26 13:14:58.979,1,,False,,False,True
0 days 00:21:46.402000,GAS,10,0 days 00:01:14.160000,11.0,2.0,,,0 days 00:00:18.967000,0 days 00:00:34.220000,0 days 00:00:20.973000,0 days 00:20:51.209000,0 days 00:21:25.429000,0 days 00:21:46.402000,221.0,200.0,255.0,279.0,False,HYPERSOFT,4.0,True,Toro Rosso,0 days 00:20:32.242000,2018-05-26 13:16:32.267,12,,False,,False,True
0 days 00:29:13.376000,GAS,10,,12.0,2.0,,0 days 00:23:09.438000,0 days 00:00:24.284000,0 days 00:00:41.839000,,0 days 00:22:10.667000,0 days 00:22:52.530000,,174.0,166.0,,257.0,False,HYPERSOFT,5.0,True,Toro Rosso,0 days 00:21:46.402000,2018-05-26 13:17:46.427,21,,False,,False,False
0 days 00:30:44.781000,GAS,10,0 days 00:01:31.405000,13.0,3.0,0 days 00:29:14.059000,,0 days 00:00:25.210000,0 days 00:00:41.111000,0 days 00:00:25.084000,0 days 00:29:38.586000,0 days 00:30:19.697000,0 days 00:30:44.781000,191.0,189.0,267.0,268.0,False,HYPERSOFT,1.0,True,Toro Rosso,0 days 00:29:13.376000,2018-05-26 13:25:13.401,1,,False,,False,False
0 days 00:31:57.329000,GAS,10,0 days 00:01:12.548000,14.0,3.0,,,0 days 00:00:18.985000,0 days 00:00:34.095000,0 days 00:00:19.468000,0 days 00:31:03.766000,0 days 00:31:37.861000,0 days 00:31:57.329000,221.0,203.0,263.0,281.0,True,HYPERSOFT,2.0,True,Toro Rosso,0 days 00:30:44.781000,2018-05-26 13:26:44.806,1,,False,,False,True
0 days 00:33:32.187000,GAS,10,0 days 00:01:34.858000,15.0,3.0,,,0 days 00:00:24.152000,0 days 00:00:44.240000,0 days 00:00:26.466000,0 days 00:32:21.481000,0 days 00:33:05.721000,0 days 00:33:32.187000,168.0,165.0,268.0,256.0,False,HYPERSOFT,3.0,True,Toro Rosso,0 days 00:31:57.329000,2018-05-26 13:27:57.354,1,,False,,False,True
0 days 00:38:40.460000,GAS,10,,16.0,3.0,,0 days 00:34:48.025000,0 days 00:00:20.288000,0 days 00:00:39.972000,,0 days 00:33:52.476000,0 days 00:34:32.476000,,164.0,174.0,,257.0,False,HYPERSOFT,4.0,True,Toro Rosso,0 days 00:33:32.187000,2018-05-26 13:29:32.212,12,,False,,False,False
0 days 00:40:23.422000,GAS,10,0 days 00:01:42.962000,17.0,4.0,0 days 00:38:41.198000,,0 days 00:00:27.001000,0 days 00:00:45.367000,0 days 00:00:30.594000,0 days 00:39:07.461000,0 days 00:39:52.828000,0 days 00:40:23.422000,168.0,168.0,265.0,249.0,False,HYPERSOFT,1.0,True,Toro Rosso,0 days 00:38:40.460000,2018-05-26 13:34:40.485,1,,False,,False,False
0 days 00:41:35.776000,GAS,10,0 days 00:01:12.354000,18.0,4.0,,,0 days 00:00:18.988000,0 days 00:00:34.058000,0 days 00:00:19.308000,0 days 00:40:42.410000,0 days 00:41:16.468000,0 days 00:41:35.776000,221.0,205.0,264.0,280.0,True,HYPERSOFT,2.0,True,Toro Rosso,0 days 00:40:23.422000,2018-05-26 13:36:23.447,1,,False,,False,True
0 days 00:43:15.425000,GAS,10,0 days 00:01:39.649000,19.0,4.0,,,0 days 00:00:22.871000,0 days 00:00:45.226000,0 days 00:00:31.552000,0 days 00:41:58.647000,0 days 00:42:43.873000,0 days 00:43:15.425000,171.0,126.0,266.0,257.0,False,HYPERSOFT,3.0,True,Toro Rosso,0 days 00:41:35.776000,2018-05-26 13:37:35.801,1,,False,,False,True
0 days 00:44:27.738000,GAS,10,0 days 00:01:12.313000,20.0,4.0,,,0 days 00:00:18.974000,0 days 00:00:33.955000,0 days 00:00:19.384000,0 days 00:43:34.399000,0 days 00:44:08.354000,0 days 00:44:27.738000,222.0,205.0,264.0,278.0,True,HYPERSOFT,4.0,True,Toro Rosso,0 days 00:43:15.425000,2018-05-26 13:39:15.450,1,,False,,False,True
0 days 00:52:05.631000,GAS,10,,21.0,4.0,,0 days 00:45:51.575000,0 days 00:00:22.760000,0 days 00:00:42.906000,,0 days 00:44:50.540000,0 days 00:45:33.450000,,180.0,126.0,,257.0,False,HYPERSOFT,5.0,True,Toro Rosso,0 days 00:44:27.738000,2018-05-26 13:40:27.763,1,,False,,False,False
0 days 00:53:34.854000,GAS,10,0 days 00:01:29.223000,22.0,5.0,0 days 00:52:06.745000,,0 days 00:00:25.300000,0 days 00:00:38.553000,0 days 00:00:25.370000,0 days 00:52:30.931000,0 days 00:53:09.484000,0 days 00:53:34.854000,199.0,167.0,265.0,263.0,False,HYPERSOFT,6.0,False,Toro Rosso,0 days 00:52:05.631000,2018-05-26 13:48:05.656,1,,False,,False,False
0 days 00:54:47.969000,GAS,10,0 days 00:01:13.115000,23.0,5.0,,,0 days 00:00:19.225000,0 days 00:00:34.365000,0 days 00:00:19.525000,0 days 00:53:54.079000,0 days 00:54:28.444000,0 days 00:54:47.969000,220.0,203.0,265.0,280.0,True,HYPERSOFT,7.0,False,Toro Rosso,0 days 00:53:34.854000,2018-05-26 13:49:34.879,1,,False,,False,True
0 days 00:58:39.084000,GAS,10,,24.0,5.0,,0 days 00:56:09.701000,0 days 00:00:22.487000,0 days 00:00:40.374000,,0 days 00:55:10.462000,0 days 00:55:50.810000,,179.0,150.0,,259.0,False,HYPERSOFT,8.0,False,Toro Rosso,0 days 00:54:47.969000,2018-05-26 13:50:47.994,1,,False,,False,False
0 days 01:00:07.647000,GAS,10,0 days 00:01:28.563000,25.0,6.0,0 days 00:58:39.729000,,0 days 00:00:25.415000,0 days 00:00:40.206000,0 days 00:00:22.942000,0 days 00:59:04.499000,0 days 00:59:44.705000,0 days 01:00:07.647000,188.0,171.0,265.0,261.0,False,HYPERSOFT,1.0,True,Toro Rosso,0 days 00:58:39.084000,2018-05-26 13:54:39.109,1,,False,,False,False
0 days 01:01:19.962000,GAS,10,0 days 00:01:12.315000,26.0,6.0,,,0 days 00:00:18.908000,0 days 00:00:33.789000,0 days 00:00:19.618000,0 days 01:00:26.555000,0 days 01:01:00.344000,0 days 01:01:19.962000,222.0,207.0,262.0,276.0,True,HYPERSOFT,2.0,True,Toro Rosso,0 days 01:00:07.647000,2018-05-26 13:56:07.672,1,,False,,False,True
0 days 01:02:50.971000,GAS,10,0 days 00:01:31.009000,27.0,6.0,,,0 days 00:00:23.653000,0 days 00:00:42.253000,0 days 00:00:25.103000,0 days 01:01:43.615000,0 days 01:02:25.868000,0 days 01:02:50.971000,193.0,135.0,266.0,240.0,False,HYPERSOFT,3.0,True,Toro Rosso,0 days 01:01:19.962000,2018-05-26 13:57:19.987,1,,False,,False,True
0 days 01:04:03.192000,GAS,10,0 days 00:01:12.221000,28.0,6.0,,,0 days 00:00:19.011000,0 days 00:00:33.951000,0 days 00:00:19.259000,0 days 01:03:09.982000,0 days 01:03:43.933000,0 days 01:04:03.192000,223.0,202.0,264.0,278.0,True,HYPERSOFT,4.0,True,Toro Rosso,0 days 01:02:50.971000,2018-05-26 13:58:50.996,1,,False,,False,True
0 days 01:05:33.403000,GAS,10,,29.0,6.0,,0 days 01:05:33.403000,0 days 00:00:23.868000,0 days 00:00:43.468000,,0 days 01:04:27.084000,0 days 01:05:10.528000,,178.0,113.0,,257.0,False,HYPERSOFT,5.0,True,Toro Rosso,0 days 01:04:03.192000,2018-05-26 14:00:03.217,12,,False,,False,False
0 days 00:06:54.350000,HUL,27,0 days 00:01:38.073000,1.0,1.0,0 days 00:05:16.979000,,0 days 00:00:26.433000,0 days 00:00:40.198000,0 days 00:00:31.442000,0 days 00:05:42.782000,0 days 00:06:22.922000,0 days 00:06:54.490000,166.0,183.0,262.0,268.0,False,HYPERSOFT,1.0,True,Renault,0 days 00:05:16.979000,2018-05-26 13:01:17.004,,,False,,False,False
0 days 00:08:17.729000,HUL,27,0 days 00:01:23.379000,2.0,1.0,,,0 days 00:00:21.636000,0 days 00:00:39.381000,0 days 00:00:22.362000,0 days 00:07:15.986000,0 days 00:07:55.367000,0 days 00:08:17.729000,184.0,194.0,272.0,270.0,True,HYPERSOFT,2.0,True,Renault,0 days 00:06:54.350000,2018-05-26 13:02:54.375,21,,False,,False,True
0 days 00:09:39.494000,HUL,27,0 days 00:01:21.765000,3.0,1.0,,,0 days 00:00:19.462000,0 days 00:00:34.223000,0 days 00:00:28.080000,0 days 00:08:37.191000,0 days 00:09:11.414000,0 days 00:09:39.494000,212.0,200.0,236.0,285.0,True,HYPERSOFT,3.0,True,Renault,0 days 00:08:17.729000,2018-05-26 13:04:17.754,1,,False,,False,True
0 days 00:11:18.067000,HUL,27,0 days 00:01:38.573000,4.0,1.0,,,0 days 00:00:25.241000,0 days 00:00:42.739000,0 days 00:00:30.593000,0 days 00:10:04.735000,0 days 00:10:47.474000,0 days 00:11:18.067000,113.0,138.0,272.0,268.0,False,HYPERSOFT,4.0,True,Renault,0 days 00:09:39.494000,2018-05-26 13:05:39.519,1,,False,,False,True
0 days 00:12:31.214000,HUL,27,0 days 00:01:13.147000,5.0,1.0,,,0 days 00:00:19.537000,0 days 00:00:34.236000,0 days 00:00:19.374000,0 days 00:11:37.604000,0 days 00:12:11.840000,0 days 00:12:31.214000,212.0,204.0,273.0,285.0,True,HYPERSOFT,5.0,True,Renault,0 days 00:11:18.067000,2018-05-26 13:07:18.092,1,,False,,False,True
0 days 00:14:05.182000,HUL,27,0 days 00:01:33.968000,6.0,1.0,,,0 days 00:00:25.242000,0 days 00:00:44.127000,0 days 00:00:24.599000,0 days 00:12:56.456000,0 days 00:13:40.583000,0 days 00:14:05.182000,144.0,143.0,272.0,230.0,False,HYPERSOFT,6.0,True,Renault,0 days 00:12:31.214000,2018-05-26 13:08:31.239,1,,False,,False,True
0 days 00:15:18.247000,HUL,27,0 days 00:01:13.065000,7.0,1.0,,,0 days 00:00:19.417000,0 days 00:00:34.297000,0 days 00:00:19.351000,0 days 00:14:24.599000,0 days 00:14:58.896000,0 days 00:15:18.247000,216.0,205.0,268.0,283.0,True,HYPERSOFT,7.0,True,Renault,0 days 00:14:05.182000,2018-05-26 13:10:05.207,1,,False,,False,True
0 days 00:16:55.146000,HUL,27,0 days 00:01:36.899000,8.0,1.0,,,0 days 00:00:26.238000,0 days 00:00:45.674000,0 days 00:00:24.987000,0 days 00:15:44.485000,0 days 00:16:30.159000,0 days 00:16:55.146000,102.0,132.0,269.0,236.0,False,HYPERSOFT,8.0,True,Renault,0 days 00:15:18.247000,2018-05-26 13:11:18.272,1,,False,,False,True
0 days 00:18:08.227000,HUL,27,0 days 00:01:13.081000,9.0,1.0,,,0 days 00:00:19.461000,0 days 00:00:34.306000,0 days 00:00:19.314000,0 days 00:17:14.607000,0 days 00:17:48.913000,0 days 00:18:08.227000,212.0,207.0,271.0,281.0,False,HYPERSOFT,9.0,True,Renault,0 days 00:16:55.146000,2018-05-26 13:12:55.171,1,,False,,False,True
0 days 00:20:13.432000,HUL,27,0 days 00:02:05.205000,10.0,1.0,,0 days 00:19:23.045000,0 days 00:00:21.953000,0 days 00:00:37.981000,0 days 00:01:05.271000,0 days 00:18:30.180000,0 days 00:19:08.161000,0 days 00:20:13.432000,181.0,180.0,,259.0,False,HYPERSOFT,10.0,True,Renault,0 days 00:18:08.227000,2018-05-26 13:14:08.252,12,,False,,False,False
0 days 00:21:44.478000,HUL,27,0 days 00:01:31.046000,11.0,2.0,0 days 00:20:14.159000,,0 days 00:00:23.598000,0 days 00:00:44.258000,0 days 00:00:23.190000,0 days 00:20:37.030000,0 days 00:21:21.288000,0 days 00:21:44.478000,175.0,83.0,266.0,252.0,False,HYPERSOFT,1.0,True,Renault,0 days 00:20:13.432000,2018-05-26 13:16:13.457,12,,False,,False,False
0 days 00:30:07.334000,HUL,27,,12.0,2.0,,0 days 00:23:04.016000,0 days 00:00:21.509000,0 days 00:00:41.782000,,0 days 00:22:05.965000,0 days 00:22:47.795000,,144.0,161.0,,242.0,False,HYPERSOFT,2.0,True,Renault,0 days 00:21:44.478000,2018-05-26 13:17:44.503,21,,False,,False,False
0 days 00:31:37.003000,HUL,27,0 days 00:01:29.669000,13.0,3.0,0 days 00:30:08.018000,,0 days 00:00:25.436000,0 days 00:00:39.761000,0 days 00:00:24.472000,0 days 00:30:32.770000,0 days 00:31:12.531000,0 days 00:31:37.003000,167.0,176.0,262.0,266.0,False,HYPERSOFT,1.0,True,Renault,0 days 00:30:07.334000,2018-05-26 13:26:07.359,1,,False,,False,False
0 days 00:33:04.161000,HUL,27,0 days 00:01:27.158000,14.0,3.0,,,0 days 00:00:21.186000,0 days 00:00:42.273000,0 days 00:00:23.699000,0 days 00:31:58.189000,0 days 00:32:40.462000,0 days 00:33:04.161000,181.0,185.0,272.0,271.0,True,HYPERSOFT,2.0,True,Renault,0 days 00:31:37.003000,2018-05-26 13:27:37.028,1,,False,,False,True
0 days 00:34:16.608000,HUL,27,0 days 00:01:12.447000,15.0,3.0,,,0 days 00:00:19.163000,0 days 00:00:33.941000,0 days 00:00:19.343000,0 days 00:33:23.324000,0 days 00:33:57.265000,0 days 00:34:16.608000,213.0,206.0,271.0,286.0,True,HYPERSOFT,3.0,True,Renault,0 days 00:33:04.161000,2018-05-26 13:29:04.186,1,,False,,False,True
0 days 00:35:51.560000,HUL,27,0 days 00:01:34.952000,16.0,3.0,,,0 days 00:00:26.666000,0 days 00:00:44.291000,0 days 00:00:23.995000,0 days 00:34:43.274000,0 days 00:35:27.565000,0 days 00:35:51.560000,142.0,160.0,270.0,243.0,False,HYPERSOFT,4.0,True,Renault,0 days 00:34:16.608000,2018-05-26 13:30:16.633,1,,False,,False,True
0 days 00:37:04.044000,HUL,27,0 days 00:01:12.484000,17.0,3.0,,,0 days 00:00:19.248000,0 days 00:00:34.066000,0 days 00:00:19.170000,0 days 00:36:10.808000,0 days 00:36:44.874000,0 days 00:37:04.044000,216.0,206.0,266.0,283.0,False,HYPERSOFT,5.0,True,Renault,0 days 00:35:51.560000,2018-05-26 13:31:51.585,1,,False,,False,True
0 days 00:40:27.495000,HUL,27,,18.0,3.0,,0 days 00:38:22.151000,0 days 00:00:23.791000,0 days 00:00:39.327000,,0 days 00:37:27.848000,0 days 00:38:07.194000,,179.0,173.0,,254.0,False,HYPERSOFT,6.0,True,Renault,0 days 00:37:04.044000,2018-05-26 13:33:04.069,12,,False,,False,False
0 days 00:42:03.886000,HUL,27,0 days 00:01:36.391000,19.0,4.0,0 days 00:40:28.160000,,0 days 00:00:29.118000,0 days 00:00:43.056000,0 days 00:00:24.217000,0 days 00:40:56.613000,0 days 00:41:39.669000,0 days 00:42:03.886000,107.0,149.0,257.0,255.0,False,HYPERSOFT,1.0,True,Renault,0 days 00:40:27.495000,2018-05-26 13:36:27.520,1,,False,,False,False
0 days 00:43:32.462000,HUL,27,0 days 00:01:28.576000,20.0,4.0,,,0 days 00:00:21.680000,0 days 00:00:41.768000,0 days 00:00:25.128000,0 days 00:42:25.566000,0 days 00:43:07.334000,0 days 00:43:32.462000,175.0,166.0,273.0,266.0,False,HYPERSOFT,2.0,True,Renault,0 days 00:42:03.886000,2018-05-26 13:38:03.911,1,,False,,False,True
0 days 00:44:44.873000,HUL,27,0 days 00:01:12.411000,21.0,4.0,,,0 days 00:00:19.049000,0 days 00:00:34.119000,0 days 00:00:19.243000,0 days 00:43:51.511000,0 days 00:44:25.630000,0 days 00:44:44.873000,217.0,208.0,267.0,287.0,True,HYPERSOFT,3.0,True,Renault,0 days 00:43:32.462000,2018-05-26 13:39:32.487,1,,False,,False,True
0 days 00:46:17.031000,HUL,27,,22.0,4.0,,0 days 00:46:17.031000,0 days 00:00:28.475000,0 days 00:00:44.483000,,0 days 00:45:13.322000,0 days 00:45:57.842000,,125.0,127.0,,244.0,False,HYPERSOFT,4.0,True,Renault,0 days 00:44:44.873000,2018-05-26 13:40:44.898,1,,False,,False,False
0 days 00:06:23.523000,VAN,2,0 days 00:01:39.578000,1.0,1.0,0 days 00:04:44.641000,,0 days 00:00:27.784000,0 days 00:00:43.349000,0 days 00:00:28.445000,0 days 00:05:11.729000,0 days 00:05:55.216000,0 days 00:06:23.682000,171.0,176.0,271.0,246.0,False,HYPERSOFT,1.0,True,McLaren,0 days 00:04:44.641000,2018-05-26 13:00:44.666,,,False,,False,False
0 days 00:07:37.020000,VAN,2,0 days 00:01:13.497000,2.0,1.0,,,0 days 00:00:19.242000,0 days 00:00:34.653000,0 days 00:00:19.602000,0 days 00:06:42.765000,0 days 00:07:17.418000,0 days 00:07:37.020000,218.0,203.0,271.0,283.0,True,HYPERSOFT,2.0,True,McLaren,0 days 00:06:23.523000,2018-05-26 13:02:23.548,,,False,,False,False
0 days 00:09:20.499000,VAN,2,0 days 00:01:43.479000,3.0,1.0,,,0 days 00:00:25.469000,0 days 00:00:45.968000,0 days 00:00:32.042000,0 days 00:08:02.489000,0 days 00:08:48.457000,0 days 00:09:20.499000,176.0,146.0,271.0,227.0,False,HYPERSOFT,3.0,True,McLaren,0 days 00:07:37.020000,2018-05-26 13:03:37.045,21,,False,,False,True
0 days 00:10:33.524000,VAN,2,0 days 00:01:13.025000,4.0,1.0,,,0 days 00:00:19.238000,0 days 00:00:34.452000,0 days 00:00:19.335000,0 days 00:09:39.737000,0 days 00:10:14.189000,0 days 00:10:33.524000,221.0,201.0,271.0,283.0,True,HYPERSOFT,4.0,True,McLaren,0 days 00:09:20.499000,2018-05-26 13:05:20.524,1,,False,,False,True
0 days 00:12:12.402000,VAN,2,0 days 00:01:38.878000,5.0,1.0,,,0 days 00:00:25.389000,0 days 00:00:45.251000,0 days 00:00:28.238000,0 days 00:10:58.913000,0 days 00:11:44.164000,0 days 00:12:12.402000,120.0,167.0,272.0,247.0,False,HYPERSOFT,5.0,True,McLaren,0 days 00:10:33.524000,2018-05-26 13:06:33.549,1,,False,,False,True
0 days 00:13:25.241000,VAN,2,0 days 00:01:12.839000,6.0,1.0,,,0 days 00:00:19.105000,0 days 00:00:34.387000,0 days 00:00:19.347000,0 days 00:12:31.507000,0 days 00:13:05.894000,0 days 00:13:25.241000,221.0,204.0,271.0,284.0,True,HYPERSOFT,6.0,True,McLaren,0 days 00:12:12.402000,2018-05-26 13:08:12.427,1,,False,,False,True
0 days 00:17:04.343000,VAN,2,,7.0,1.0,,0 days 00:14:47.054000,0 days 00:00:23.017000,0 days 00:00:41.657000,,0 days 00:13:48.286000,0 days 00:14:29.943000,,179.0,149.0,,257.0,False,HYPERSOFT,7.0,True,McLaren,0 days 00:13:25.241000,2018-05-26 13:09:25.266,1,,False,,False,False
0 days 00:18:38.672000,VAN,2,0 days 00:01:34.329000,8.0,2.0,0 days 00:17:05.255000,,0 days 00:00:27.520000,0 days 00:00:40.381000,0 days 00:00:26.428000,0 days 00:17:31.863000,0 days 00:18:12.244000,0 days 00:18:38.672000,184.0,177.0,271.0,246.0,False,HYPERSOFT,1.0,True,McLaren,0 days 00:17:04.343000,2018-05-26 13:13:04.368,1,,False,,False,False
0 days 00:19:51.135000,VAN,2,0 days 00:01:12.463000,9.0,2.0,,,0 days 00:00:19.057000,0 days 00:00:34.129000,0 days 00:00:19.277000,0 days 00:18:57.729000,0 days 00:19:31.858000,0 days 00:19:51.135000,220.0,204.0,271.0,282.0,True,HYPERSOFT,2.0,True,McLaren,0 days 00:18:38.672000,2018-05-26 13:14:38.697,12,,False,,False,True
0 days 00:29:40.032000,VAN,2,,10.0,2.0,,0 days 00:21:18.366000,0 days 00:00:24.625000,0 days 00:00:44.974000,,0 days 00:20:15.752000,0 days 00:21:00.743000,,155.0,157.0,,256.0,False,HYPERSOFT,3.0,True,McLaren,0 days 00:19:51.135000,2018-05-26 13:15:51.160,12,,False,,False,False
0 days 00:31:21.190000,VAN,2,0 days 00:01:41.158000,11.0,3.0,0 days 00:29:41.188000,,0 days 00:00:27.363000,0 days 00:00:42.411000,0 days 00:00:31.384000,0 days 00:30:07.395000,0 days 00:30:49.806000,0 days 00:31:21.190000,186.0,100.0,271.0,229.0,False,HYPERSOFT,1.0,True,McLaren,0 days 00:29:40.032000,2018-05-26 13:25:40.057,1,,False,,False,False
0 days 00:32:33.630000,VAN,2,0 days 00:01:12.440000,12.0,3.0,,,0 days 00:00:19.008000,0 days 00:00:34.291000,0 days 00:00:19.141000,0 days 00:31:40.198000,0 days 00:32:14.489000,0 days 00:32:33.630000,222.0,201.0,271.0,282.0,True,HYPERSOFT,2.0,True,McLaren,0 days 00:31:21.190000,2018-05-26 13:27:21.215,1,,False,,False,True
0 days 00:34:14.807000,VAN,2,0 days 00:01:41.177000,13.0,3.0,,,0 days 00:00:27.636000,0 days 00:00:44.258000,0 days 00:00:29.283000,0 days 00:33:01.266000,0 days 00:33:45.524000,0 days 00:34:14.807000,91.0,169.0,271.0,254.0,False,HYPERSOFT,3.0,True,McLaren,0 days 00:32:33.630000,2018-05-26 13:28:33.655,1,,False,,False,True
0 days 00:35:27.284000,VAN,2,0 days 00:01:12.477000,14.0,3.0,,,0 days 00:00:19.070000,0 days 00:00:34.166000,0 days 00:00:19.241000,0 days 00:34:33.877000,0 days 00:35:08.043000,0 days 00:35:27.284000,221.0,204.0,271.0,283.0,False,HYPERSOFT,4.0,True,McLaren,0 days 00:34:14.807000,2018-05-26 13:30:14.832,1,,False,,False,True
0 days 00:38:57.228000,VAN,2,,15.0,3.0,,0 days 00:36:47.954000,0 days 00:00:23.130000,0 days 00:00:40.826000,,0 days 00:35:50.419000,0 days 00:36:31.251000,,154.0,153.0,,255.0,False,HYPERSOFT,5.0,True,McLaren,0 days 00:35:27.284000,2018-05-26 13:31:27.309,12,,False,,False,False
0 days 00:40:33.150000,VAN,2,0 days 00:01:35.922000,16.0,3.0,0 days 00:38:57.933000,,0 days 00:00:26.181000,0 days 00:00:40.827000,0 days 00:00:28.914000,0 days 00:39:23.409000,0 days 00:40:04.236000,0 days 00:40:33.150000,182.0,165.0,272.0,216.0,False,HYPERSOFT,6.0,True,McLaren,0 days 00:38:57.228000,2018-05-26 13:34:57.253,1,,False,,False,False
0 days 00:41:45.717000,VAN,2,0 days 00:01:12.567000,17.0,4.0,,,0 days 00:00:19.046000,0 days 00:00:34.129000,0 days 00:00:19.392000,0 days 00:40:52.196000,0 days 00:41:26.325000,0 days 00:41:45.717000,224.0,204.0,270.0,283.0,False,HYPERSOFT,1.0,True,McLaren,0 days 00:40:33.150000,2018-05-26 13:36:33.175,1,,False,,False,True
0 days 00:43:24.002000,VAN,2,0 days 00:01:38.285000,18.0,4.0,,,0 days 00:00:25.137000,0 days 00:00:43.572000,0 days 00:00:29.576000,0 days 00:42:10.854000,0 days 00:42:54.426000,0 days 00:43:24.002000,175.0,127.0,271.0,253.0,False,HYPERSOFT,2.0,True,McLaren,0 days 00:41:45.717000,2018-05-26 13:37:45.742,1,,False,,False,True
0 days 00:44:32.054000,VAN,2,,19.0,4.0,,0 days 00:44:32.054000,0 days 00:00:19.046000,0 days 00:00:34.505000,,0 days 00:43:43.081000,0 days 00:44:17.584000,,221.0,202.0,,283.0,False,HYPERSOFT,3.0,True,McLaren,0 days 00:43:24.002000,2018-05-26 13:39:24.027,1,,False,,False,False
0 days 00:06:13.639000,SIR,35,0 days 00:01:37.949000,1.0,1.0,0 days 00:04:36.407000,,0 days 00:00:27.658000,0 days 00:00:44.377000,0 days 00:00:25.914000,0 days 00:05:03.374000,0 days 00:05:47.739000,0 days 00:06:13.800000,159.0,162.0,270.0,241.0,False,HYPERSOFT,1.0,True,Williams,0 days 00:04:36.407000,2018-05-26 13:00:36.432,,,False,,False,False
0 days 00:07:26.944000,SIR,35,0 days 00:01:13.305000,2.0,1.0,,,0 days 00:00:19.432000,0 days 00:00:34.473000,0 days 00:00:19.400000,0 days 00:06:33.071000,0 days 00:07:07.544000,0 days 00:07:26.944000,221.0,201.0,271.0,285.0,True,HYPERSOFT,2.0,True,Williams,0 days 00:06:13.639000,2018-05-26 13:02:13.664,,,False,,False,False
0 days 00:09:10.943000,SIR,35,0 days 00:01:43.999000,3.0,1.0,,,0 days 00:00:25.603000,0 days 00:00:48.845000,0 days 00:00:29.551000,0 days 00:07:52.547000,0 days 00:08:41.392000,0 days 00:09:10.943000,107.0,104.0,271.0,257.0,False,HYPERSOFT,3.0,True,Williams,0 days 00:07:26.944000,2018-05-26 13:03:26.969,21,,False,,False,True
0 days 00:10:23.649000,SIR,35,0 days 00:01:12.706000,4.0,1.0,,,0 days 00:00:19.179000,0 days 00:00:34.225000,0 days 00:00:19.302000,0 days 00:09:30.122000,0 days 00:10:04.347000,0 days 00:10:23.649000,223.0,199.0,270.0,284.0,True,HYPERSOFT,4.0,True,Williams,0 days 00:09:10.943000,2018-05-26 13:05:10.968,1,,False,,False,True
0 days 00:16:46.138000,SIR,35,,5.0,1.0,,0 days 00:11:48.042000,0 days 00:00:23.138000,0 days 00:00:41.001000,,0 days 00:10:46.788000,0 days 00:11:27.869000,,156.0,168.0,,259.0,False,HYPERSOFT,5.0,True,Williams,0 days 00:10:23.649000,2018-05-26 13:06:23.674,1,,False,,False,False
0 days 00:18:22.373000,SIR,35,0 days 00:01:36.235000,6.0,2.0,0 days 00:16:46.799000,,0 days 00:00:26.403000,0 days 00:00:44.966000,0 days 00:00:24.866000,0 days 00:17:12.541000,0 days 00:17:57.507000,0 days 00:18:22.373000,151.0,168.0,268.0,262.0,False,HYPERSOFT,1.0,True,Williams,0 days 00:16:46.138000,2018-05-26 13:12:46.163,1,,False,,False,False
0 days 00:19:35.294000,SIR,35,0 days 00:01:12.921000,7.0,2.0,,,0 days 00:00:19.231000,0 days 00:00:34.247000,0 days 00:00:19.443000,0 days 00:18:41.604000,0 days 00:19:15.851000,0 days 00:19:35.294000,210.0,201.0,269.0,283.0,False,HYPERSOFT,2.0,True,Williams,0 days 00:18:22.373000,2018-05-26 13:14:22.398,12,,False,,False,True
0 days 00:21:18.747000,SIR,35,0 days 00:01:43.453000,8.0,2.0,,,0 days 00:00:25.650000,0 days 00:00:50.021000,0 days 00:00:27.782000,0 days 00:20:00.944000,0 days 00:20:50.965000,0 days 00:21:18.747000,161.0,118.0,261.0,255.0,False,HYPERSOFT,3.0,True,Williams,0 days 00:19:35.294000,2018-05-26 13:15:35.319,12,,False,,False,True
0 days 00:29:08.566000,SIR,35,,9.0,2.0,,0 days 00:22:46.560000,0 days 00:00:24.584000,0 days 00:00:46.546000,,0 days 00:21:43.432000,0 days 00:22:29.965000,,106.0,156.0,,205.0,False,HYPERSOFT,4.0,True,Williams,0 days 00:21:18.747000,2018-05-26 13:17:18.772,21,,False,,False,False
0 days 00:30:39.857000,SIR,35,0 days 00:01:31.291000,10.0,3.0,0 days 00:29:09.356000,,0 days 00:00:26.306000,0 days 00:00:41.212000,0 days 00:00:23.773000,0 days 00:29:34.872000,0 days 00:30:16.084000,0 days 00:30:39.857000,161.0,177.0,268.0,263.0,False,HYPERSOFT,1.0,True,Williams,0 days 00:29:08.566000,2018-05-26 13:25:08.591,1,,False,,False,False
0 days 00:31:52.579000,SIR,35,0 days 00:01:12.722000,11.0,3.0,,,0 days 00:00:19.085000,0 days 00:00:34.226000,0 days 00:00:19.411000,0 days 00:30:58.942000,0 days 00:31:33.168000,0 days 00:31:52.579000,221.0,202.0,271.0,285.0,True,HYPERSOFT,2.0,True,Williams,0 days 00:30:39.857000,2018-05-26 13:26:39.882,1,,False,,False,True
0 days 00:33:29.612000,SIR,35,0 days 00:01:37.033000,12.0,3.0,,,0 days 00:00:25.735000,0 days 00:00:46.991000,0 days 00:00:24.307000,0 days 00:32:18.314000,0 days 00:33:05.305000,0 days 00:33:29.612000,131.0,165.0,274.0,255.0,False,HYPERSOFT,3.0,True,Williams,0 days 00:31:52.579000,2018-05-26 13:27:52.604,1,,False,,False,True
0 days 00:34:42.912000,SIR,35,0 days 00:01:13.300000,13.0,3.0,,,0 days 00:00:19.078000,0 days 00:00:34.450000,0 days 00:00:19.772000,0 days 00:33:48.690000,0 days 00:34:23.140000,0 days 00:34:42.912000,221.0,201.0,269.0,285.0,False,HYPERSOFT,4.0,True,Williams,0 days 00:33:29.612000,2018-05-26 13:29:29.637,1,,False,,False,True
0 days 00:38:36.034000,SIR,35,,14.0,3.0,,0 days 00:36:07.405000,0 days 00:00:23.793000,0 days 00:00:41.137000,,0 days 00:35:06.795000,0 days 00:35:47.886000,,176.0,167.0,,258.0,False,HYPERSOFT,5.0,True,Williams,0 days 00:34:42.912000,2018-05-26 13:30:42.937,12,,False,,False,False
0 days 00:40:12.470000,SIR,35,0 days 00:01:36.436000,15.0,4.0,0 days 00:38:36.697000,,0 days 00:00:25.992000,0 days 00:00:45.443000,0 days 00:00:25.001000,0 days 00:39:02.026000,0 days 00:39:47.469000,0 days 00:40:12.470000,154.0,139.0,269.0,261.0,False,HYPERSOFT,1.0,True,Williams,0 days 00:38:36.034000,2018-05-26 13:34:36.059,1,,False,,False,False
0 days 00:41:24.991000,SIR,35,0 days 00:01:12.521000,16.0,4.0,,,0 days 00:00:19.039000,0 days 00:00:34.253000,0 days 00:00:19.229000,0 days 00:40:31.509000,0 days 00:41:05.762000,0 days 00:41:24.991000,220.0,203.0,270.0,284.0,True,HYPERSOFT,2.0,True,Williams,0 days 00:40:12.470000,2018-05-26 13:36:12.495,1,,False,,False,True
0 days 00:43:03.821000,SIR,35,0 days 00:01:38.830000,17.0,4.0,,,0 days 00:00:25.061000,0 days 00:00:46.494000,0 days 00:00:27.275000,0 days 00:41:50.052000,0 days 00:42:36.546000,0 days 00:43:03.821000,107.0,109.0,271.0,242.0,False,HYPERSOFT,3.0,True,Williams,0 days 00:41:24.991000,2018-05-26 13:37:25.016,1,,False,,False,True
0 days 00:44:16.405000,SIR,35,0 days 00:01:12.584000,18.0,4.0,,,0 days 00:00:19.067000,0 days 00:00:34.183000,0 days 00:00:19.334000,0 days 00:43:22.888000,0 days 00:43:57.071000,0 days 00:44:16.405000,223.0,205.0,266.0,282.0,False,HYPERSOFT,4.0,True,Williams,0 days 00:43:03.821000,2018-05-26 13:39:03.846,1,,False,,False,True
0 days 00:45:48.183000,SIR,35,,19.0,4.0,,0 days 00:45:48.183000,0 days 00:00:26.769000,0 days 00:00:46.724000,,0 days 00:44:43.210000,0 days 00:45:30.013000,,110.0,138.0,,195.0,False,HYPERSOFT,5.0,True,Williams,0 days 00:44:16.405000,2018-05-26 13:40:16.430,1,,False,,False,False
0 days 00:05:50.294000,LEC,16,0 days 00:01:39.837000,1.0,1.0,0 days 00:04:11.405000,,0 days 00:00:30.856000,0 days 00:00:43.257000,0 days 00:00:25.724000,0 days 00:04:41.384000,0 days 00:05:24.574000,0 days 00:05:50.408000,165.0,149.0,266.0,272.0,False,HYPERSOFT,1.0,True,Sauber,0 days 00:04:11.405000,2018-05-26 13:00:11.430,,,False,,False,False
0 days 00:07:04.648000,LEC,16,0 days 00:01:14.354000,2.0,1.0,,,0 days 00:00:19.681000,0 days 00:00:34.809000,0 days 00:00:19.864000,0 days 00:06:09.975000,0 days 00:06:44.784000,0 days 00:07:04.648000,213.0,195.0,268.0,283.0,True,HYPERSOFT,2.0,True,Sauber,0 days 00:05:50.294000,2018-05-26 13:01:50.319,,,False,,False,False
0 days 00:08:38.305000,LEC,16,0 days 00:01:33.657000,3.0,1.0,,,0 days 00:00:24.815000,0 days 00:00:43.486000,0 days 00:00:25.356000,0 days 00:07:29.463000,0 days 00:08:12.949000,0 days 00:08:38.305000,146.0,135.0,267.0,240.0,False,HYPERSOFT,3.0,True,Sauber,0 days 00:07:04.648000,2018-05-26 13:03:04.673,21,,False,,False,True
0 days 00:09:51.649000,LEC,16,0 days 00:01:13.344000,4.0,1.0,,,0 days 00:00:19.447000,0 days 00:00:34.395000,0 days 00:00:19.502000,0 days 00:08:57.752000,0 days 00:09:32.147000,0 days 00:09:51.649000,216.0,200.0,270.0,284.0,True,HYPERSOFT,4.0,True,Sauber,0 days 00:08:38.305000,2018-05-26 13:04:38.330,1,,False,,False,True
0 days 00:11:27.754000,LEC,16,0 days 00:01:36.105000,5.0,1.0,,,0 days 00:00:24.389000,0 days 00:00:44.787000,0 days 00:00:26.929000,0 days 00:10:16.038000,0 days 00:11:00.825000,0 days 00:11:27.754000,141.0,142.0,270.0,246.0,False,HYPERSOFT,5.0,True,Sauber,0 days 00:09:51.649000,2018-05-26 13:05:51.674,1,,False,,False,True
0 days 00:12:41.320000,LEC,16,0 days 00:01:13.566000,6.0,1.0,,,0 days 00:00:19.273000,0 days 00:00:34.643000,0 days 00:00:19.650000,0 days 00:11:47.027000,0 days 00:12:21.670000,0 days 00:12:41.320000,217.0,195.0,269.0,287.0,False,HYPERSOFT,6.0,True,Sauber,0 days 00:11:27.754000,2018-05-26 13:07:27.779,1,,False,,False,True
0 days 00:16:30.345000,LEC,16,,7.0,1.0,,0 days 00:14:03.864000,0 days 00:00:22.585000,0 days 00:00:40.092000,,0 days 00:13:03.891000,0 days 00:13:44.020000,,168.0,157.0,,263.0,False,HYPERSOFT,7.0,True,Sauber,0 days 00:12:41.320000,2018-05-26 13:08:41.345,1,,False,,False,False
0 days 00:18:06.686000,LEC,16,0 days 00:01:36.341000,8.0,2.0,0 days 00:16:31.034000,,0 days 00:00:28.166000,0 days 00:00:44.205000,0 days 00:00:23.970000,0 days 00:16:58.511000,0 days 00:17:42.716000,0 days 00:18:06.686000,173.0,133.0,267.0,219.0,False,HYPERSOFT,1.0,True,Sauber,0 days 00:16:30.345000,2018-05-26 13:12:30.370,1,,False,,False,False
0 days 00:19:19.515000,LEC,16,0 days 00:01:12.829000,9.0,2.0,,,0 days 00:00:19.277000,0 days 00:00:34.105000,0 days 00:00:19.447000,0 days 00:18:25.963000,0 days 00:19:00.068000,0 days 00:19:19.515000,217.0,197.0,268.0,283.0,True,HYPERSOFT,2.0,True,Sauber,0 days 00:18:06.686000,2018-05-26 13:14:06.711,12,,False,,False,True
0 days 00:21:05.501000,LEC,16,0 days 00:01:45.986000,10.0,2.0,,,0 days 00:00:27.257000,0 days 00:00:52.244000,0 days 00:00:26.485000,0 days 00:19:46.772000,0 days 00:20:39.016000,0 days 00:21:05.501000,108.0,123.0,267.0,188.0,False,HYPERSOFT,3.0,True,Sauber,0 days 00:19:19.515000,2018-05-26 13:15:19.540,1,,False,,False,True
0 days 00:29:04.073000,LEC,16,,11.0,2.0,,0 days 00:23:18.406000,0 days 00:01:10.410000,0 days 00:00:45.726000,,0 days 00:22:15.950000,0 days 00:23:01.718000,,109.0,151.0,,213.0,False,HYPERSOFT,4.0,True,Sauber,0 days 00:21:05.501000,2018-05-26 13:17:05.526,12,,False,,False,False
0 days 00:30:33.864000,LEC,16,0 days 00:01:29.791000,12.0,3.0,0 days 00:29:05.060000,,0 days 00:00:28.806000,0 days 00:00:38.727000,0 days 00:00:22.258000,0 days 00:29:32.879000,0 days 00:30:11.606000,0 days 00:30:33.864000,175.0,170.0,267.0,273.0,False,HYPERSOFT,1.0,True,Sauber,0 days 00:29:04.073000,2018-05-26 13:25:04.098,1,,False,,False,False
0 days 00:31:46.957000,LEC,16,0 days 00:01:13.093000,13.0,3.0,,,0 days 00:00:19.234000,0 days 00:00:34.228000,0 days 00:00:19.631000,0 days 00:30:53.098000,0 days 00:31:27.326000,0 days 00:31:46.957000,220.0,198.0,269.0,284.0,True,HYPERSOFT,2.0,True,Sauber,0 days 00:30:33.864000,2018-05-26 13:26:33.889,1,,False,,False,True
0 days 00:33:26.090000,LEC,16,0 days 00:01:39.133000,14.0,3.0,,,0 days 00:00:28.949000,0 days 00:00:45.019000,0 days 00:00:25.165000,0 days 00:32:15.906000,0 days 00:33:00.925000,0 days 00:33:26.090000,117.0,155.0,266.0,259.0,False,HYPERSOFT,3.0,True,Sauber,0 days 00:31:46.957000,2018-05-26 13:27:46.982,1,,False,,False,True
0 days 00:34:38.924000,LEC,16,0 days 00:01:12.834000,15.0,3.0,,,0 days 00:00:19.185000,0 days 00:00:34.236000,0 days 00:00:19.413000,0 days 00:33:45.275000,0 days 00:34:19.511000,0 days 00:34:38.924000,219.0,198.0,268.0,283.0,True,HYPERSOFT,4.0,True,Sauber,0 days 00:33:26.090000,2018-05-26 13:29:26.115,1,,False,,False,True
0 days 00:38:47.783000,LEC,16,,16.0,3.0,,0 days 00:35:55.444000,0 days 00:00:22.615000,0 days 00:00:38.110000,,0 days 00:35:01.603000,0 days 00:35:39.685000,,169.0,179.0,,258.0,False,HYPERSOFT,5.0,True,Sauber,0 days 00:34:38.924000,2018-05-26 13:30:38.949,12,,False,,False,False
0 days 00:40:28.306000,LEC,16,0 days 00:01:40.523000,17.0,4.0,0 days 00:38:48.449000,,0 days 00:00:30.661000,0 days 00:00:44.658000,0 days 00:00:25.204000,0 days 00:39:18.444000,0 days 00:40:03.102000,0 days 00:40:28.306000,154.0,163.0,269.0,241.0,False,HYPERSOFT,1.0,True,Sauber,0 days 00:38:47.783000,2018-05-26 13:34:47.808,1,,False,,False,False
0 days 00:41:41.020000,LEC,16,0 days 00:01:12.714000,18.0,4.0,,,0 days 00:00:19.199000,0 days 00:00:34.175000,0 days 00:00:19.340000,0 days 00:40:47.505000,0 days 00:41:21.680000,0 days 00:41:41.020000,219.0,203.0,269.0,284.0,True,HYPERSOFT,2.0,True,Sauber,0 days 00:40:28.306000,2018-05-26 13:36:28.331,1,,False,,False,True
0 days 00:43:19.530000,LEC,16,0 days 00:01:38.510000,19.0,4.0,,,0 days 00:00:25.376000,0 days 00:00:46.613000,0 days 00:00:26.521000,0 days 00:42:06.396000,0 days 00:42:53.009000,0 days 00:43:19.530000,138.0,156.0,268.0,234.0,False,HYPERSOFT,3.0,True,Sauber,0 days 00:41:41.020000,2018-05-26 13:37:41.045,1,,False,,False,True
0 days 00:44:28.319000,LEC,16,,20.0,4.0,,0 days 00:44:28.319000,0 days 00:00:19.113000,0 days 00:00:34.484000,,0 days 00:43:38.643000,0 days 00:44:13.177000,,218.0,193.0,,285.0,False,HYPERSOFT,4.0,True,Sauber,0 days 00:43:19.530000,2018-05-26 13:39:19.555,1,,False,,False,False
0 days 00:06:08.026000,GRO,8,0 days 00:01:46.014000,1.0,1.0,0 days 00:04:22.884000,,0 days 00:00:29.313000,0 days 00:00:45.495000,0 days 00:00:31.206000,0 days 00:04:51.325000,0 days 00:05:36.871000,0 days 00:06:08.181000,162.0,177.0,270.0,264.0,False,HYPERSOFT,1.0,True,Haas F1 Team,0 days 00:04:22.884000,2018-05-26 13:00:22.909,,,False,,False,False
0 days 00:07:21.689000,GRO,8,0 days 00:01:13.663000,2.0,1.0,,,0 days 00:00:19.639000,0 days 00:00:34.410000,0 days 00:00:19.614000,0 days 00:06:27.665000,0 days 00:07:02.075000,0 days 00:07:21.689000,215.0,200.0,272.0,285.0,True,HYPERSOFT,2.0,True,Haas F1 Team,0 days 00:06:08.026000,2018-05-26 13:02:08.051,,,False,,False,False
0 days 00:09:04.648000,GRO,8,0 days 00:01:42.959000,3.0,1.0,,,0 days 00:00:22.945000,0 days 00:00:48.958000,0 days 00:00:31.056000,0 days 00:07:44.634000,0 days 00:08:33.592000,0 days 00:09:04.648000,167.0,145.0,270.0,236.0,False,HYPERSOFT,3.0,True,Haas F1 Team,0 days 00:07:21.689000,2018-05-26 13:03:21.714,21,,False,,False,True
0 days 00:10:18.032000,GRO,8,0 days 00:01:13.384000,4.0,1.0,,,0 days 00:00:19.550000,0 days 00:00:34.367000,0 days 00:00:19.467000,0 days 00:09:24.198000,0 days 00:09:58.565000,0 days 00:10:18.032000,214.0,204.0,271.0,285.0,True,HYPERSOFT,4.0,True,Haas F1 Team,0 days 00:09:04.648000,2018-05-26 13:05:04.673,1,,False,,False,True
0 days 00:11:57.595000,GRO,8,0 days 00:01:39.563000,5.0,1.0,,,0 days 00:00:23.371000,0 days 00:00:45.718000,0 days 00:00:30.474000,0 days 00:10:41.403000,0 days 00:11:27.121000,0 days 00:11:57.595000,165.0,146.0,270.0,246.0,False,HYPERSOFT,5.0,True,Haas F1 Team,0 days 00:10:18.032000,2018-05-26 13:06:18.057,1,,False,,False,True
0 days 00:13:10.840000,GRO,8,0 days 00:01:13.245000,6.0,1.0,,,0 days 00:00:19.334000,0 days 00:00:34.396000,0 days 00:00:19.515000,0 days 00:12:16.929000,0 days 00:12:51.325000,0 days 00:13:10.840000,218.0,206.0,271.0,286.0,True,HYPERSOFT,6.0,True,Haas F1 Team,0 days 00:11:57.595000,2018-05-26 13:07:57.620,1,,False,,False,True
0 days 00:16:10.982000,GRO,8,,7.0,1.0,,0 days 00:14:25.325000,0 days 00:00:21.740000,0 days 00:00:37.707000,,0 days 00:13:32.628000,0 days 00:14:10.365000,,187.0,181.0,,254.0,False,HYPERSOFT,7.0,True,Haas F1 Team,0 days 00:13:10.840000,2018-05-26 13:09:10.865,1,,False,,False,False
0 days 00:17:42.617000,GRO,8,0 days 00:01:31.635000,8.0,2.0,0 days 00:16:11.561000,,0 days 00:00:25.802000,0 days 00:00:43.105000,0 days 00:00:22.728000,0 days 00:16:36.784000,0 days 00:17:19.889000,0 days 00:17:42.617000,161.0,169.0,269.0,267.0,False,HYPERSOFT,1.0,True,Haas F1 Team,0 days 00:16:10.982000,2018-05-26 13:12:11.007,1,,False,,False,False
0 days 00:18:55.547000,GRO,8,0 days 00:01:12.930000,9.0,2.0,,,0 days 00:00:19.309000,0 days 00:00:34.145000,0 days 00:00:19.476000,0 days 00:18:01.926000,0 days 00:18:36.071000,0 days 00:18:55.547000,217.0,205.0,272.0,284.0,True,HYPERSOFT,2.0,True,Haas F1 Team,0 days 00:17:42.617000,2018-05-26 13:13:42.642,12,,False,,False,True
0 days 00:20:27.284000,GRO,8,0 days 00:01:31.737000,10.0,2.0,,,0 days 00:00:24.551000,0 days 00:00:42.806000,0 days 00:00:24.380000,0 days 00:19:20.098000,0 days 00:20:02.904000,0 days 00:20:27.284000,172.0,163.0,269.0,253.0,False,HYPERSOFT,3.0,True,Haas F1 Team,0 days 00:18:55.547000,2018-05-26 13:14:55.572,1,,False,,False,True
0 days 00:21:40.662000,GRO,8,0 days 00:01:13.378000,11.0,2.0,,,0 days 00:00:19.160000,0 days 00:00:34.426000,0 days 00:00:19.792000,0 days 00:20:46.444000,0 days 00:21:20.870000,0 days 00:21:40.662000,219.0,194.0,262.0,285.0,False,HYPERSOFT,4.0,True,Haas F1 Team,0 days 00:20:27.284000,2018-05-26 13:16:27.309,12,,False,,False,True
0 days 00:29:51.522000,GRO,8,,12.0,2.0,,0 days 00:23:02.971000,0 days 00:00:24.558000,0 days 00:00:41.674000,,0 days 00:22:05.247000,0 days 00:22:46.920000,,123.0,158.0,,220.0,False,HYPERSOFT,5.0,True,Haas F1 Team,0 days 00:21:40.662000,2018-05-26 13:17:40.687,21,,False,,False,False
0 days 00:31:25.272000,GRO,8,0 days 00:01:33.750000,13.0,3.0,0 days 00:29:52.110000,,0 days 00:00:25.788000,0 days 00:00:45.131000,0 days 00:00:22.831000,0 days 00:30:17.310000,0 days 00:31:02.441000,0 days 00:31:25.272000,169.0,158.0,270.0,264.0,False,HYPERSOFT,1.0,True,Haas F1 Team,0 days 00:29:51.522000,2018-05-26 13:25:51.547,1,,False,,False,False
0 days 00:32:38.463000,GRO,8,0 days 00:01:13.191000,14.0,3.0,,,0 days 00:00:19.205000,0 days 00:00:34.613000,0 days 00:00:19.373000,0 days 00:31:44.477000,0 days 00:32:19.090000,0 days 00:32:38.463000,220.0,202.0,271.0,284.0,True,HYPERSOFT,2.0,True,Haas F1 Team,0 days 00:31:25.272000,2018-05-26 13:27:25.297,1,,False,,False,True
0 days 00:34:12.061000,GRO,8,0 days 00:01:33.598000,15.0,3.0,,,0 days 00:00:22.527000,0 days 00:00:43.159000,0 days 00:00:27.912000,0 days 00:33:00.990000,0 days 00:33:44.149000,0 days 00:34:12.061000,169.0,148.0,268.0,228.0,False,HYPERSOFT,3.0,True,Haas F1 Team,0 days 00:32:38.463000,2018-05-26 13:28:38.488,1,,False,,False,True
0 days 00:35:24.970000,GRO,8,0 days 00:01:12.909000,16.0,3.0,,,0 days 00:00:19.265000,0 days 00:00:34.165000,0 days 00:00:19.479000,0 days 00:34:31.326000,0 days 00:35:05.491000,0 days 00:35:24.970000,218.0,206.0,264.0,283.0,True,HYPERSOFT,4.0,True,Haas F1 Team,0 days 00:34:12.061000,2018-05-26 13:30:12.086,1,,False,,False,True
0 days 00:38:39.348000,GRO,8,,17.0,3.0,,0 days 00:36:40.595000,0 days 00:00:22.130000,0 days 00:00:38.525000,,0 days 00:35:47.137000,0 days 00:36:25.672000,,175.0,173.0,,252.0,False,HYPERSOFT,5.0,True,Haas F1 Team,0 days 00:35:24.970000,2018-05-26 13:31:24.995,12,,False,,False,False
0 days 00:40:18.027000,GRO,8,0 days 00:01:38.679000,18.0,4.0,0 days 00:38:40.212000,,0 days 00:00:27.666000,0 days 00:00:43.306000,0 days 00:00:27.707000,0 days 00:39:07.014000,0 days 00:39:50.320000,0 days 00:40:18.027000,168.0,168.0,268.0,263.0,False,HYPERSOFT,1.0,True,Haas F1 Team,0 days 00:38:39.348000,2018-05-26 13:34:39.373,1,,False,,False,False
0 days 00:41:30.755000,GRO,8,0 days 00:01:12.728000,19.0,4.0,,,0 days 00:00:19.251000,0 days 00:00:34.035000,0 days 00:00:19.442000,0 days 00:40:37.278000,0 days 00:41:11.313000,0 days 00:41:30.755000,219.0,205.0,268.0,284.0,True,HYPERSOFT,2.0,True,Haas F1 Team,0 days 00:40:18.027000,2018-05-26 13:36:18.052,1,,False,,False,True
0 days 00:43:10.050000,GRO,8,0 days 00:01:39.295000,20.0,4.0,,,0 days 00:00:24.089000,0 days 00:00:44.527000,0 days 00:00:30.679000,0 days 00:41:54.844000,0 days 00:42:39.371000,0 days 00:43:10.050000,153.0,143.0,268.0,201.0,False,HYPERSOFT,3.0,True,Haas F1 Team,0 days 00:41:30.755000,2018-05-26 13:37:30.780,1,,False,,False,True
0 days 00:44:20.055000,GRO,8,,21.0,4.0,,0 days 00:44:20.055000,0 days 00:00:19.233000,0 days 00:00:34.361000,,0 days 00:43:29.330000,0 days 00:44:03.692000,,219.0,202.0,,284.0,False,HYPERSOFT,4.0,True,Haas F1 Team,0 days 00:43:10.050000,2018-05-26 13:39:10.075,1,,False,,False,False
0 days 00:05:41.570000,HAR,28,0 days 00:01:36.054000,1.0,,0 days 00:04:07.394000,,0 days 00:00:31.653000,0 days 00:00:40.843000,0 days 00:00:23.558000,0 days 00:04:37.192000,0 days 00:05:18.019000,0 days 00:05:41.688000,183.0,168.0,264.0,260.0,False,nan,,True,Toro Rosso,0 days 00:04:07.394000,2018-05-26 13:00:07.419,,,False,,False,False
0 days 00:06:55.363000,HAR,28,0 days 00:01:13.793000,2.0,1.0,,,0 days 00:00:19.595000,0 days 00:00:34.553000,0 days 00:00:19.645000,0 days 00:06:01.165000,0 days 00:06:35.718000,0 days 00:06:55.363000,213.0,198.0,268.0,279.0,True,HYPERSOFT,1.0,True,Toro Rosso,0 days 00:05:41.570000,2018-05-26 13:01:41.595,,,False,,False,False
0 days 00:08:29.237000,HAR,28,0 days 00:01:33.874000,3.0,1.0,,,0 days 00:00:23.923000,0 days 00:00:44.612000,0 days 00:00:25.339000,0 days 00:07:19.286000,0 days 00:08:03.898000,0 days 00:08:29.237000,175.0,166.0,266.0,256.0,False,HYPERSOFT,2.0,True,Toro Rosso,0 days 00:06:55.363000,2018-05-26 13:02:55.388,21,,False,,False,True
0 days 00:09:42.640000,HAR,28,0 days 00:01:13.403000,4.0,1.0,,,0 days 00:00:19.268000,0 days 00:00:34.446000,0 days 00:00:19.689000,0 days 00:08:48.505000,0 days 00:09:22.951000,0 days 00:09:42.640000,217.0,199.0,267.0,280.0,True,HYPERSOFT,3.0,True,Toro Rosso,0 days 00:08:29.237000,2018-05-26 13:04:29.262,1,,False,,False,True
0 days 00:11:24.484000,HAR,28,0 days 00:01:41.844000,5.0,1.0,,,0 days 00:00:25.432000,0 days 00:00:46.194000,0 days 00:00:30.218000,0 days 00:10:08.072000,0 days 00:10:54.266000,0 days 00:11:24.484000,170.0,138.0,268.0,225.0,False,HYPERSOFT,4.0,True,Toro Rosso,0 days 00:09:42.640000,2018-05-26 13:05:42.665,1,,False,,False,True
0 days 00:14:48.371000,HAR,28,,6.0,1.0,,0 days 00:12:38.481000,0 days 00:00:19.309000,0 days 00:00:36.395000,,0 days 00:11:43.839000,0 days 00:12:20.199000,,219.0,159.0,,282.0,False,HYPERSOFT,5.0,True,Toro Rosso,0 days 00:11:24.484000,2018-05-26 13:07:24.509,1,,False,,False,False
0 days 00:16:13.833000,HAR,28,0 days 00:01:25.462000,7.0,2.0,0 days 00:14:49.039000,,0 days 00:00:25.800000,0 days 00:00:38.486000,0 days 00:00:21.176000,0 days 00:15:14.171000,0 days 00:15:52.657000,0 days 00:16:13.833000,181.0,179.0,266.0,259.0,False,HYPERSOFT,1.0,True,Toro Rosso,0 days 00:14:48.371000,2018-05-26 13:10:48.396,1,,False,,False,False
0 days 00:17:27.012000,HAR,28,0 days 00:01:13.179000,8.0,2.0,,,0 days 00:00:19.304000,0 days 00:00:34.343000,0 days 00:00:19.532000,0 days 00:16:33.137000,0 days 00:17:07.480000,0 days 00:17:27.012000,215.0,200.0,262.0,277.0,True,HYPERSOFT,2.0,True,Toro Rosso,0 days 00:16:13.833000,2018-05-26 13:12:13.858,1,,False,,False,True
0 days 00:18:56.985000,HAR,28,0 days 00:01:29.973000,9.0,2.0,,,0 days 00:00:23.003000,0 days 00:00:41.710000,0 days 00:00:25.260000,0 days 00:17:50.015000,0 days 00:18:31.725000,0 days 00:18:56.985000,161.0,179.0,269.0,116.0,False,HYPERSOFT,3.0,True,Toro Rosso,0 days 00:17:27.012000,2018-05-26 13:13:27.037,12,,False,,False,True
0 days 00:20:10.191000,HAR,28,0 days 00:01:13.206000,10.0,2.0,,,0 days 00:00:19.250000,0 days 00:00:34.348000,0 days 00:00:19.608000,0 days 00:19:16.235000,0 days 00:19:50.583000,0 days 00:20:10.191000,217.0,201.0,264.0,279.0,False,HYPERSOFT,4.0,True,Toro Rosso,0 days 00:18:56.985000,2018-05-26 13:14:57.010,1,,False,,False,True
0 days 00:21:39.025000,HAR,28,0 days 00:01:28.834000,11.0,2.0,,,0 days 00:00:25.220000,0 days 00:00:41.694000,0 days 00:00:21.920000,0 days 00:20:35.411000,0 days 00:21:17.105000,0 days 00:21:39.025000,90.0,171.0,258.0,235.0,False,HYPERSOFT,5.0,True,Toro Rosso,0 days 00:20:10.191000,2018-05-26 13:16:10.216,12,,False,,False,True
0 days 00:22:52.344000,HAR,28,,12.0,2.0,,0 days 00:22:52.344000,0 days 00:00:19.444000,0 days 00:00:37.256000,,0 days 00:21:58.479000,0 days 00:22:35.748000,,215.0,155.0,,281.0,False,HYPERSOFT,6.0,True,Toro Rosso,0 days 00:21:39.025000,2018-05-26 13:17:39.050,21,,False,,False,False
0 days 00:05:58.817000,ERI,9,0 days 00:01:41.203000,1.0,1.0,0 days 00:04:18.676000,,0 days 00:00:30.977000,0 days 00:00:40.675000,0 days 00:00:29.551000,0 days 00:04:48.597000,0 days 00:05:29.296000,0 days 00:05:58.942000,180.0,158.0,267.0,269.0,False,HYPERSOFT,1.0,True,Sauber,0 days 00:04:18.676000,2018-05-26 13:00:18.701,,,False,,False,False
0 days 00:07:13.299000,ERI,9,0 days 00:01:14.482000,2.0,1.0,,,0 days 00:00:19.715000,0 days 00:00:35.069000,0 days 00:00:19.698000,0 days 00:06:18.532000,0 days 00:06:53.601000,0 days 00:07:13.299000,213.0,195.0,271.0,284.0,True,HYPERSOFT,2.0,True,Sauber,0 days 00:05:58.817000,2018-05-26 13:01:58.842,,,False,,False,False
0 days 00:08:54.283000,ERI,9,0 days 00:01:40.984000,3.0,1.0,,,0 days 00:00:25.591000,0 days 00:00:48.799000,0 days 00:00:26.594000,0 days 00:07:38.890000,0 days 00:08:27.689000,0 days 00:08:54.283000,130.0,138.0,267.0,224.0,False,HYPERSOFT,3.0,True,Sauber,0 days 00:07:13.299000,2018-05-26 13:03:13.324,21,,False,,False,True
0 days 00:10:08.038000,ERI,9,0 days 00:01:13.755000,4.0,1.0,,,0 days 00:00:19.405000,0 days 00:00:34.691000,0 days 00:00:19.659000,0 days 00:09:13.688000,0 days 00:09:48.379000,0 days 00:10:08.038000,216.0,197.0,270.0,284.0,True,HYPERSOFT,4.0,True,Sauber,0 days 00:08:54.283000,2018-05-26 13:04:54.308,1,,False,,False,True
0 days 00:11:49.542000,ERI,9,0 days 00:01:41.504000,5.0,1.0,,,0 days 00:00:25.988000,0 days 00:00:46.787000,0 days 00:00:28.729000,0 days 00:10:34.026000,0 days 00:11:20.813000,0 days 00:11:49.542000,124.0,133.0,267.0,227.0,False,HYPERSOFT,5.0,True,Sauber,0 days 00:10:08.038000,2018-05-26 13:06:08.063,1,,False,,False,True
0 days 00:13:02.991000,ERI,9,0 days 00:01:13.449000,6.0,1.0,,,0 days 00:00:19.419000,0 days 00:00:34.380000,0 days 00:00:19.650000,0 days 00:12:08.961000,0 days 00:12:43.341000,0 days 00:13:02.991000,215.0,196.0,267.0,283.0,True,HYPERSOFT,6.0,True,Sauber,0 days 00:11:49.542000,2018-05-26 13:07:49.567,1,,False,,False,True
0 days 00:16:48.655000,ERI,9,,7.0,1.0,,0 days 00:14:20.320000,0 days 00:00:22.976000,0 days 00:00:39.092000,,0 days 00:13:26.019000,0 days 00:14:05.069000,,166.0,176.0,,260.0,False,HYPERSOFT,7.0,True,Sauber,0 days 00:13:02.991000,2018-05-26 13:09:03.016,1,,False,,False,False
0 days 00:18:28.841000,ERI,9,0 days 00:01:40.186000,8.0,2.0,0 days 00:16:49.361000,,0 days 00:00:29.051000,0 days 00:00:42.491000,0 days 00:00:28.644000,0 days 00:17:17.706000,0 days 00:18:00.197000,0 days 00:18:28.841000,172.0,130.0,267.0,271.0,False,HYPERSOFT,1.0,True,Sauber,0 days 00:16:48.655000,2018-05-26 13:12:48.680,1,,False,,False,False
0 days 00:19:42.106000,ERI,9,0 days 00:01:13.265000,9.0,2.0,,,0 days 00:00:19.346000,0 days 00:00:34.324000,0 days 00:00:19.595000,0 days 00:18:48.187000,0 days 00:19:22.511000,0 days 00:19:42.106000,216.0,195.0,268.0,284.0,True,HYPERSOFT,2.0,True,Sauber,0 days 00:18:28.841000,2018-05-26 13:14:28.866,12,,False,,False,True
0 days 00:21:27.912000,ERI,9,0 days 00:01:45.806000,10.0,2.0,,,0 days 00:00:25.970000,0 days 00:00:54.778000,0 days 00:00:25.058000,0 days 00:20:08.076000,0 days 00:21:02.854000,0 days 00:21:27.912000,98.0,131.0,261.0,225.0,False,HYPERSOFT,3.0,True,Sauber,0 days 00:19:42.106000,2018-05-26 13:15:42.131,12,,False,,False,True
0 days 00:22:56.154000,ERI,9,,11.0,2.0,,0 days 00:22:56.154000,0 days 00:00:24.475000,0 days 00:00:43.807000,,0 days 00:21:52.416000,0 days 00:22:36.295000,,137.0,86.0,,254.0,False,HYPERSOFT,4.0,True,Sauber,0 days 00:21:27.912000,2018-05-26 13:17:27.937,21,,False,,False,False
0 days 00:05:46.463000,STR,18,0 days 00:01:38.091000,1.0,1.0,0 days 00:04:09.577000,,0 days 00:00:30.959000,0 days 00:00:40.878000,0 days 00:00:26.254000,0 days 00:04:39.368000,0 days 00:05:20.248000,0 days 00:05:46.567000,163.0,179.0,267.0,261.0,False,HYPERSOFT,1.0,True,Williams,0 days 00:04:09.577000,2018-05-26 13:00:09.602,,,False,,False,False
0 days 00:07:05.607000,STR,18,0 days 00:01:19.144000,2.0,1.0,,,0 days 00:00:19.647000,0 days 00:00:35.065000,0 days 00:00:24.432000,0 days 00:06:06.110000,0 days 00:06:41.175000,0 days 00:07:05.607000,209.0,160.0,226.0,282.0,True,HYPERSOFT,2.0,True,Williams,0 days 00:05:46.463000,2018-05-26 13:01:46.488,,,False,,False,False
0 days 00:08:42.352000,STR,18,0 days 00:01:36.745000,3.0,1.0,,,0 days 00:00:24.602000,0 days 00:00:44.135000,0 days 00:00:28.008000,0 days 00:07:30.209000,0 days 00:08:14.344000,0 days 00:08:42.352000,157.0,172.0,271.0,213.0,False,HYPERSOFT,3.0,True,Williams,0 days 00:07:05.607000,2018-05-26 13:03:05.632,21,,False,,False,True
0 days 00:09:56.034000,STR,18,0 days 00:01:13.682000,4.0,1.0,,,0 days 00:00:19.374000,0 days 00:00:34.677000,0 days 00:00:19.631000,0 days 00:09:01.726000,0 days 00:09:36.403000,0 days 00:09:56.034000,219.0,196.0,271.0,285.0,True,HYPERSOFT,4.0,True,Williams,0 days 00:08:42.352000,2018-05-26 13:04:42.377,1,,False,,False,True
0 days 00:11:33.379000,STR,18,0 days 00:01:37.345000,5.0,1.0,,,0 days 00:00:24.462000,0 days 00:00:43.142000,0 days 00:00:29.741000,0 days 00:10:20.496000,0 days 00:11:03.638000,0 days 00:11:33.379000,138.0,147.0,270.0,242.0,False,HYPERSOFT,5.0,True,Williams,0 days 00:09:56.034000,2018-05-26 13:05:56.059,1,,False,,False,True
0 days 00:17:00.372000,STR,18,,6.0,1.0,,0 days 00:12:48.936000,0 days 00:00:19.262000,0 days 00:00:37.005000,,0 days 00:11:52.709000,0 days 00:12:29.702000,,219.0,157.0,,285.0,False,HYPERSOFT,6.0,True,Williams,0 days 00:11:33.379000,2018-05-26 13:07:33.404,1,,False,,False,False
0 days 00:18:32.992000,STR,18,0 days 00:01:32.620000,7.0,2.0,0 days 00:17:01.035000,,0 days 00:00:25.127000,0 days 00:00:38.541000,0 days 00:00:28.952000,0 days 00:17:25.499000,0 days 00:18:04.040000,0 days 00:18:32.992000,187.0,152.0,271.0,257.0,False,HYPERSOFT,1.0,True,Williams,0 days 00:17:00.372000,2018-05-26 13:13:00.397,1,,False,,False,False
0 days 00:19:46.315000,STR,18,0 days 00:01:13.323000,8.0,2.0,,,0 days 00:00:19.106000,0 days 00:00:34.464000,0 days 00:00:19.753000,0 days 00:18:52.098000,0 days 00:19:26.562000,0 days 00:19:46.315000,219.0,194.0,271.0,284.0,True,HYPERSOFT,2.0,True,Williams,0 days 00:18:32.992000,2018-05-26 13:14:33.017,12,,False,,False,True
0 days 00:21:22.816000,STR,18,0 days 00:01:36.501000,9.0,2.0,,,0 days 00:00:24.409000,0 days 00:00:42.001000,0 days 00:00:30.091000,0 days 00:20:10.724000,0 days 00:20:52.725000,0 days 00:21:22.816000,113.0,151.0,265.0,257.0,False,HYPERSOFT,3.0,True,Williams,0 days 00:19:46.315000,2018-05-26 13:15:46.340,12,,False,,False,True
0 days 00:22:38.387000,STR,18,,10.0,2.0,,0 days 00:22:38.387000,0 days 00:00:21.405000,0 days 00:00:38.600000,,0 days 00:21:44.197000,0 days 00:22:22.840000,,121.0,187.0,,248.0,False,HYPERSOFT,4.0,True,Williams,0 days 00:21:22.816000,2018-05-26 13:17:22.841,21,,False,,False,False
0 days 00:06:04.036000,MAG,20,0 days 00:01:45.207000,1.0,1.0,0 days 00:04:19.812000,,0 days 00:00:31.460000,0 days 00:00:42.743000,0 days 00:00:31.004000,0 days 00:04:50.307000,0 days 00:05:33.065000,0 days 00:06:04.171000,177.0,176.0,268.0,266.0,False,HYPERSOFT,1.0,True,Haas F1 Team,0 days 00:04:19.812000,2018-05-26 13:00:19.837,,,False,,False,False
0 days 00:07:17.958000,MAG,20,0 days 00:01:13.922000,2.0,1.0,,,0 days 00:00:19.695000,0 days 00:00:34.660000,0 days 00:00:19.567000,0 days 00:06:23.731000,0 days 00:06:58.391000,0 days 00:07:17.958000,216.0,196.0,270.0,284.0,True,HYPERSOFT,2.0,True,Haas F1 Team,0 days 00:06:04.036000,2018-05-26 13:02:04.061,,,False,,False,False
0 days 00:09:00.398000,MAG,20,0 days 00:01:42.440000,3.0,1.0,,,0 days 00:00:23.546000,0 days 00:00:47.429000,0 days 00:00:31.465000,0 days 00:07:41.504000,0 days 00:08:28.933000,0 days 00:09:00.398000,154.0,128.0,267.0,242.0,False,HYPERSOFT,3.0,True,Haas F1 Team,0 days 00:07:17.958000,2018-05-26 13:03:17.983,21,,False,,False,True
0 days 00:10:14.145000,MAG,20,0 days 00:01:13.747000,4.0,1.0,,,0 days 00:00:19.532000,0 days 00:00:34.720000,0 days 00:00:19.495000,0 days 00:09:19.930000,0 days 00:09:54.650000,0 days 00:10:14.145000,218.0,201.0,270.0,283.0,True,HYPERSOFT,4.0,True,Haas F1 Team,0 days 00:09:00.398000,2018-05-26 13:05:00.423,1,,False,,False,True
0 days 00:11:53.607000,MAG,20,0 days 00:01:39.462000,5.0,1.0,,,0 days 00:00:23.141000,0 days 00:00:44.987000,0 days 00:00:31.334000,0 days 00:10:37.286000,0 days 00:11:22.273000,0 days 00:11:53.607000,128.0,130.0,269.0,257.0,False,HYPERSOFT,5.0,True,Haas F1 Team,0 days 00:10:14.145000,2018-05-26 13:06:14.170,1,,False,,False,True
0 days 00:13:07.294000,MAG,20,0 days 00:01:13.687000,6.0,1.0,,,0 days 00:00:19.529000,0 days 00:00:34.667000,0 days 00:00:19.491000,0 days 00:12:13.136000,0 days 00:12:47.803000,0 days 00:13:07.294000,217.0,201.0,270.0,284.0,True,HYPERSOFT,6.0,True,Haas F1 Team,0 days 00:11:53.607000,2018-05-26 13:07:53.632,1,,False,,False,True
0 days 00:16:07.819000,MAG,20,,7.0,1.0,,0 days 00:14:21.055000,0 days 00:00:21.615000,0 days 00:00:37.070000,,0 days 00:13:28.925000,0 days 00:14:06.007000,,197.0,172.0,,261.0,False,HYPERSOFT,7.0,True,Haas F1 Team,0 days 00:13:07.294000,2018-05-26 13:09:07.319,1,,False,,False,False
0 days 00:17:35.335000,MAG,20,0 days 00:01:27.516000,8.0,2.0,0 days 00:16:08.483000,,0 days 00:00:26.507000,0 days 00:00:38.251000,0 days 00:00:22.758000,0 days 00:16:34.326000,0 days 00:17:12.577000,0 days 00:17:35.335000,144.0,172.0,267.0,271.0,False,HYPERSOFT,1.0,True,Haas F1 Team,0 days 00:16:07.819000,2018-05-26 13:12:07.844,1,,False,,False,False
0 days 00:18:48.728000,MAG,20,0 days 00:01:13.393000,9.0,2.0,,,0 days 00:00:19.390000,0 days 00:00:34.441000,0 days 00:00:19.562000,0 days 00:17:54.725000,0 days 00:18:29.166000,0 days 00:18:48.728000,218.0,197.0,269.0,284.0,True,HYPERSOFT,2.0,True,Haas F1 Team,0 days 00:17:35.335000,2018-05-26 13:13:35.360,12,,False,,False,True
0 days 00:20:15.441000,MAG,20,0 days 00:01:26.713000,10.0,2.0,,,0 days 00:00:24.661000,0 days 00:00:40.769000,0 days 00:00:21.283000,0 days 00:19:13.389000,0 days 00:19:54.158000,0 days 00:20:15.441000,107.0,179.0,269.0,280.0,False,HYPERSOFT,3.0,True,Haas F1 Team,0 days 00:18:48.728000,2018-05-26 13:14:48.753,1,,False,,False,True
0 days 00:21:29.236000,MAG,20,0 days 00:01:13.795000,11.0,2.0,,,0 days 00:00:19.362000,0 days 00:00:34.555000,0 days 00:00:19.878000,0 days 00:20:34.803000,0 days 00:21:09.358000,0 days 00:21:29.236000,216.0,202.0,263.0,282.0,False,HYPERSOFT,4.0,True,Haas F1 Team,0 days 00:20:15.441000,2018-05-26 13:16:15.466,12,,False,,False,True
0 days 00:22:57.013000,MAG,20,,12.0,2.0,,0 days 00:22:57.013000,0 days 00:00:24.772000,0 days 00:00:43.505000,,0 days 00:21:54.025000,0 days 00:22:37.531000,,178.0,143.0,,259.0,False,HYPERSOFT,5.0,True,Haas F1 Team,0 days 00:21:29.236000,2018-05-26 13:17:29.261,21,,False,,False,False
