Time,Driver,DriverNumber,LapTime,LapNumber,Stint,PitOutTime,PitInTime,Sector1Time,Sector2Time,Sector3Time,Sector1SessionTime,Sector2SessionTime,Sector3SessionTime,SpeedI1,SpeedI2,SpeedFL,SpeedST,IsPersonalBest,Compound,TyreLife,FreshTyre,Team,LapStartTime,LapStartDate,TrackStatus,Position,Deleted,DeletedReason,FastF1Generated,IsAccurate
0 days 00:10:41.754000,HAM,44,0 days 00:02:08.072000,1.0,1.0,0 days 00:08:34.412000,,0 days 00:00:32.836000,0 days 00:00:35.062000,0 days 00:01:00.174000,0 days 00:09:06.581000,0 days 00:09:41.596000,0 days 00:10:41.868000,99.0,245.0,300.0,240.0,False,ULTRASOFT,1.0,True,Mercedes,0 days 00:08:34.412000,2018-06-23 14:04:34.478,,,False,,False,False
0 days 00:12:13.343000,HAM,44,0 days 00:01:31.589000,2.0,1.0,,,0 days 00:00:22.977000,0 days 00:00:28.007000,0 days 00:00:40.605000,0 days 00:11:04.731000,0 days 00:11:32.738000,0 days 00:12:13.343000,117.0,282.0,301.0,329.0,True,ULTRASOFT,2.0,True,Mercedes,0 days 00:10:41.754000,2018-06-23 14:06:41.820,,,False,,False,False
0 days 00:14:12.993000,HAM,44,0 days 00:01:59.650000,3.0,1.0,,,0 days 00:00:33.028000,0 days 00:00:38.029000,0 days 00:00:48.593000,0 days 00:12:46.371000,0 days 00:13:24.400000,0 days 00:14:12.993000,84.0,252.0,297.0,269.0,False,ULTRASOFT,3.0,True,Mercedes,0 days 00:12:13.343000,2018-06-23 14:08:13.409,,,False,,False,False
0 days 00:15:44.264000,HAM,44,0 days 00:01:31.271000,4.0,1.0,,,0 days 00:00:22.822000,0 days 00:00:28.047000,0 days 00:00:40.402000,0 days 00:14:35.815000,0 days 00:15:03.862000,0 days 00:15:44.264000,123.0,279.0,297.0,324.0,True,ULTRASOFT,4.0,True,Mercedes,0 days 00:14:12.993000,2018-06-23 14:10:13.059,,,False,,False,False
0 days 00:18:20.287000,HAM,44,,5.0,1.0,,,0 days 00:00:37.994000,0 days 00:00:59.720000,0 days 00:00:58.316000,0 days 00:16:22.321000,0 days 00:17:21.995000,0 days 00:18:20.402000,64.0,249.0,301.0,98.0,False,ULTRASOFT,5.0,True,Mercedes,0 days 00:15:44.264000,2018-06-23 14:11:44.330,,,False,,False,False
0 days 00:19:51.783000,HAM,44,0 days 00:01:31.496000,6.0,1.0,,,0 days 00:00:22.775000,0 days 00:00:28.076000,0 days 00:00:40.645000,0 days 00:18:43.062000,0 days 00:19:11.138000,0 days 00:19:51.783000,117.0,281.0,302.0,327.0,False,ULTRASOFT,6.0,True,Mercedes,0 days 00:18:20.287000,2018-06-23 14:14:20.353,,,False,,False,False
0 days 00:22:02.091000,HAM,44,0 days 00:02:10.308000,7.0,1.0,,,0 days 00:00:27.195000,0 days 00:00:53.586000,0 days 00:00:49.527000,0 days 00:20:18.978000,0 days 00:21:12.564000,0 days 00:22:02.091000,108.0,171.0,300.0,163.0,False,ULTRASOFT,7.0,True,Mercedes,0 days 00:19:51.783000,2018-06-23 14:15:51.849,,,False,,False,False
0 days 00:29:35.403000,HAM,44,,8.0,1.0,,0 days 00:23:34.194000,0 days 00:00:22.847000,0 days 00:00:28.121000,,0 days 00:22:25.011000,0 days 00:22:53.054000,,116.0,281.0,,325.0,False,ULTRASOFT,8.0,True,Mercedes,0 days 00:22:02.091000,2018-06-23 14:18:02.157,,,False,,False,False
0 days 00:31:41.738000,HAM,44,0 days 00:02:06.335000,9.0,2.0,0 days 00:29:36.098000,,0 days 00:00:33.551000,0 days 00:00:32,0 days 00:01:00.784000,0 days 00:30:08.954000,0 days 00:30:40.954000,0 days 00:31:41.738000,100.0,265.0,302.0,307.0,False,SUPERSOFT,1.0,True,Mercedes,0 days 00:29:35.403000,2018-06-23 14:25:35.469,,,False,,False,False
0 days 00:33:12.383000,HAM,44,0 days 00:01:30.645000,10.0,2.0,,,0 days 00:00:22.721000,0 days 00:00:27.842000,0 days 00:00:40.082000,0 days 00:32:04.459000,0 days 00:32:32.301000,0 days 00:33:12.383000,115.0,285.0,303.0,327.0,True,SUPERSOFT,2.0,True,Mercedes,0 days 00:31:41.738000,2018-06-23 14:27:41.804,,,False,,False,False
0 days 00:41:47.504000,HAM,44,,11.0,2.0,,0 days 00:35:03.659000,0 days 00:00:27.973000,0 days 00:00:34.883000,,0 days 00:33:40.374000,0 days 00:34:15.219000,,94.0,239.0,,258.0,False,SUPERSOFT,3.0,True,Mercedes,0 days 00:33:12.383000,2018-06-23 14:29:12.449,1,,False,,False,False
0 days 00:43:45.852000,HAM,44,0 days 00:01:58.348000,12.0,3.0,0 days 00:41:48.184000,,0 days 00:00:31.799000,0 days 00:00:31.932000,0 days 00:00:54.617000,0 days 00:42:19.303000,0 days 00:42:51.235000,0 days 00:43:45.852000,101.0,263.0,304.0,312.0,False,ULTRASOFT,1.0,True,Mercedes,0 days 00:41:47.504000,2018-06-23 14:37:47.570,1,,False,,False,False
0 days 00:52:11.005000,HAM,44,,13.0,3.0,,0 days 00:45:15.619000,0 days 00:00:22.388000,0 days 00:00:27.694000,,0 days 00:44:08.301000,0 days 00:44:35.929000,,121.0,283.0,,328.0,False,ULTRASOFT,2.0,True,Mercedes,0 days 00:43:45.852000,2018-06-23 14:39:45.918,1,,False,,False,False
0 days 00:54:09.534000,HAM,44,0 days 00:01:58.529000,14.0,4.0,0 days 00:52:11.768000,,0 days 00:00:32.797000,0 days 00:00:32.393000,0 days 00:00:53.339000,0 days 00:52:43.802000,0 days 00:53:16.195000,0 days 00:54:09.534000,101.0,263.0,306.0,300.0,False,ULTRASOFT,1.0,True,Mercedes,0 days 00:52:11.005000,2018-06-23 14:48:11.071,1,,False,,False,False
0 days 00:55:39.756000,HAM,44,0 days 00:01:30.222000,15.0,4.0,,,0 days 00:00:22.225000,0 days 00:00:27.585000,0 days 00:00:40.412000,0 days 00:54:31.759000,0 days 00:54:59.344000,0 days 00:55:39.756000,112.0,286.0,303.0,330.0,True,ULTRASOFT,2.0,True,Mercedes,0 days 00:54:09.534000,2018-06-23 14:50:09.600,1,,False,,False,True
0 days 01:06:25.524000,HAM,44,,16.0,4.0,,0 days 00:57:46.596000,0 days 00:00:30.359000,,,0 days 00:56:10.197000,,,92.0,,,,False,ULTRASOFT,3.0,True,Mercedes,0 days 00:55:39.756000,2018-06-23 14:51:39.822,125,,False,,False,False
0 days 01:08:18.931000,HAM,44,0 days 00:01:53.407000,17.0,5.0,0 days 01:06:26.171000,,0 days 00:00:31.846000,0 days 00:00:31.353000,0 days 00:00:50.208000,0 days 01:06:57.370000,0 days 01:07:28.723000,0 days 01:08:18.931000,102.0,267.0,305.0,311.0,False,ULTRASOFT,1.0,True,Mercedes,0 days 01:06:26.171000,2018-06-23 15:02:26.237,1,,False,,False,False
0 days 01:09:48.960000,HAM,44,0 days 00:01:30.029000,18.0,5.0,,,0 days 00:00:22.276000,0 days 00:00:27.821000,0 days 00:00:39.932000,0 days 01:08:41.207000,0 days 01:09:09.028000,0 days 01:09:48.960000,114.0,286.0,302.0,329.0,True,ULTRASOFT,2.0,True,Mercedes,0 days 01:08:18.931000,2018-06-23 15:04:18.997,1,,False,,False,True
0 days 01:11:40.437000,HAM,44,,19.0,5.0,,0 days 01:13:08.295000,0 days 00:00:32.349000,0 days 00:00:39.170000,0 days 00:00:39.932000,0 days 01:10:21.335000,0 days 01:11:00.511000,0 days 01:13:08.295000,100.0,183.0,,210.0,False,ULTRASOFT,3.0,True,Mercedes,0 days 01:09:48.960000,2018-06-23 15:05:49.026,1,,False,,False,False
0 days 00:10:15.279000,BOT,77,0 days 00:01:51.094000,1.0,1.0,0 days 00:08:24.892000,,0 days 00:00:30.162000,0 days 00:00:30.211000,0 days 00:00:50.721000,0 days 00:08:54.392000,0 days 00:09:24.582000,0 days 00:10:15.411000,109.0,279.0,299.0,312.0,False,ULTRASOFT,1.0,True,Mercedes,0 days 00:08:24.892000,2018-06-23 14:04:24.958,,,False,,False,False
0 days 00:11:47.055000,BOT,77,0 days 00:01:31.776000,2.0,1.0,,,0 days 00:00:23.038000,0 days 00:00:27.946000,0 days 00:00:40.792000,0 days 00:10:38.317000,0 days 00:11:06.263000,0 days 00:11:47.055000,116.0,282.0,300.0,330.0,True,ULTRASOFT,2.0,True,Mercedes,0 days 00:10:15.279000,2018-06-23 14:06:15.345,,,False,,False,False
0 days 00:13:37.904000,BOT,77,0 days 00:01:50.849000,3.0,1.0,,,0 days 00:00:30.440000,0 days 00:00:33.508000,0 days 00:00:46.901000,0 days 00:12:17.495000,0 days 00:12:51.003000,0 days 00:13:37.904000,91.0,264.0,298.0,292.0,False,ULTRASOFT,3.0,True,Mercedes,0 days 00:11:47.055000,2018-06-23 14:07:47.121,,,False,,False,False
0 days 00:15:09.734000,BOT,77,0 days 00:01:31.830000,4.0,1.0,,,0 days 00:00:22.947000,0 days 00:00:28.132000,0 days 00:00:40.751000,0 days 00:14:00.851000,0 days 00:14:28.983000,0 days 00:15:09.734000,115.0,280.0,298.0,326.0,False,ULTRASOFT,4.0,True,Mercedes,0 days 00:13:37.904000,2018-06-23 14:09:37.970,,,False,,False,False
0 days 00:29:26.259000,BOT,77,,5.0,1.0,,0 days 00:16:57.554000,0 days 00:00:29.085000,0 days 00:00:34.896000,,0 days 00:15:38.833000,0 days 00:16:13.776000,,88.0,261.0,,266.0,False,ULTRASOFT,5.0,True,Mercedes,0 days 00:15:09.734000,2018-06-23 14:11:09.800,,,False,,False,False
0 days 00:31:27.285000,BOT,77,0 days 00:02:01.026000,6.0,2.0,0 days 00:29:27.176000,,0 days 00:00:30.001000,0 days 00:00:30.155000,0 days 00:01:00.870000,0 days 00:29:56.260000,0 days 00:30:26.415000,0 days 00:31:27.285000,119.0,283.0,302.0,273.0,False,SUPERSOFT,1.0,True,Mercedes,0 days 00:29:26.259000,2018-06-23 14:25:26.325,,,False,,False,False
0 days 00:32:58.512000,BOT,77,0 days 00:01:31.227000,7.0,2.0,,,0 days 00:00:23.037000,0 days 00:00:27.798000,0 days 00:00:40.392000,0 days 00:31:50.322000,0 days 00:32:18.120000,0 days 00:32:58.512000,119.0,286.0,304.0,330.0,True,SUPERSOFT,2.0,True,Mercedes,0 days 00:31:27.285000,2018-06-23 14:27:27.351,,,False,,False,False
0 days 00:41:39.780000,BOT,77,,8.0,2.0,,0 days 00:34:52.611000,0 days 00:00:28.838000,0 days 00:00:34.944000,,0 days 00:33:27.342000,0 days 00:34:02.297000,,90.0,246.0,,268.0,False,SUPERSOFT,3.0,True,Mercedes,0 days 00:32:58.512000,2018-06-23 14:28:58.578,1,,False,,False,False
0 days 00:43:33.556000,BOT,77,0 days 00:01:53.776000,9.0,3.0,0 days 00:41:40.460000,,0 days 00:00:29.733000,0 days 00:00:30.599000,0 days 00:00:53.444000,0 days 00:42:09.513000,0 days 00:42:40.112000,0 days 00:43:33.556000,107.0,269.0,303.0,310.0,False,ULTRASOFT,1.0,True,Mercedes,0 days 00:41:39.780000,2018-06-23 14:37:39.846,1,,False,,False,False
0 days 00:45:06.928000,BOT,77,0 days 00:01:33.372000,10.0,3.0,,,0 days 00:00:22.791000,0 days 00:00:27.638000,0 days 00:00:42.943000,0 days 00:43:56.347000,0 days 00:44:23.985000,0 days 00:45:06.928000,118.0,284.0,260.0,330.0,False,ULTRASOFT,2.0,True,Mercedes,0 days 00:43:33.556000,2018-06-23 14:39:33.622,1,,False,,False,True
0 days 00:52:06.015000,BOT,77,,11.0,3.0,,0 days 00:47:04.660000,0 days 00:00:29.734000,0 days 00:00:37.495000,,0 days 00:45:36.672000,0 days 00:46:14.140000,,99.0,213.0,,225.0,False,ULTRASOFT,3.0,True,Mercedes,0 days 00:45:06.928000,2018-06-23 14:41:06.994,1,,False,,False,False
0 days 00:54:01.075000,BOT,77,0 days 00:01:55.060000,12.0,4.0,0 days 00:52:06.704000,,0 days 00:00:32.339000,0 days 00:00:30.042000,0 days 00:00:52.679000,0 days 00:52:38.354000,0 days 00:53:08.396000,0 days 00:54:01.075000,114.0,271.0,306.0,302.0,False,ULTRASOFT,1.0,True,Mercedes,0 days 00:52:06.015000,2018-06-23 14:48:06.081,1,,False,,False,False
0 days 00:55:31.392000,BOT,77,0 days 00:01:30.317000,13.0,4.0,,,0 days 00:00:22.492000,0 days 00:00:27.569000,0 days 00:00:40.256000,0 days 00:54:23.567000,0 days 00:54:51.136000,0 days 00:55:31.392000,121.0,285.0,301.0,329.0,True,ULTRASOFT,2.0,True,Mercedes,0 days 00:54:01.075000,2018-06-23 14:50:01.141,1,,False,,False,True
0 days 01:06:19.753000,BOT,77,,14.0,4.0,,0 days 00:57:36.311000,0 days 00:00:30.153000,,,0 days 00:56:01.553000,,,99.0,,,,False,ULTRASOFT,3.0,True,Mercedes,0 days 00:55:31.392000,2018-06-23 14:51:31.458,125,,False,,False,False
0 days 01:08:07.757000,BOT,77,0 days 00:01:48.004000,15.0,5.0,0 days 01:06:20.453000,,0 days 00:00:30.414000,0 days 00:00:30.525000,0 days 00:00:47.065000,0 days 01:06:50.167000,0 days 01:07:20.692000,0 days 01:08:07.757000,101.0,266.0,303.0,314.0,False,ULTRASOFT,1.0,True,Mercedes,0 days 01:06:20.453000,2018-06-23 15:02:20.519,1,,False,,False,False
0 days 01:09:37.904000,BOT,77,0 days 00:01:30.147000,16.0,5.0,,,0 days 00:00:22.408000,0 days 00:00:27.711000,0 days 00:00:40.028000,0 days 01:08:30.165000,0 days 01:08:57.876000,0 days 01:09:37.904000,120.0,284.0,299.0,328.0,True,ULTRASOFT,2.0,True,Mercedes,0 days 01:08:07.757000,2018-06-23 15:04:07.823,1,,False,,False,True
0 days 01:11:31.481000,BOT,77,,17.0,5.0,,0 days 01:13:09.482000,0 days 00:00:31.154000,0 days 00:00:42.399000,0 days 00:00:40.028000,0 days 01:10:09.054000,0 days 01:10:51.543000,0 days 01:13:09.482000,93.0,196.0,,174.0,False,ULTRASOFT,3.0,True,Mercedes,0 days 01:09:37.904000,2018-06-23 15:05:37.970,1,,False,,False,False
0 days 00:10:49.631000,VET,5,0 days 00:02:13.862000,1.0,1.0,0 days 00:08:36.570000,,0 days 00:00:33.435000,0 days 00:00:34.855000,0 days 00:01:05.572000,0 days 00:09:09.319000,0 days 00:09:44.097000,0 days 00:10:49.790000,102.0,239.0,303.0,270.0,False,ULTRASOFT,1.0,True,Ferrari,0 days 00:08:36.570000,2018-06-23 14:04:36.636,,,False,,False,False
0 days 00:12:21.720000,VET,5,0 days 00:01:32.089000,2.0,1.0,,,0 days 00:00:23.436000,0 days 00:00:27.983000,0 days 00:00:40.670000,0 days 00:11:13.067000,0 days 00:11:41.050000,0 days 00:12:21.720000,121.0,287.0,301.0,328.0,True,ULTRASOFT,2.0,True,Ferrari,0 days 00:10:49.631000,2018-06-23 14:06:49.697,,,False,,False,False
0 days 00:14:26.539000,VET,5,0 days 00:02:04.819000,3.0,1.0,,,0 days 00:00:32.730000,0 days 00:00:41.054000,0 days 00:00:51.035000,0 days 00:12:54.450000,0 days 00:13:35.504000,0 days 00:14:26.539000,85.0,248.0,299.0,174.0,False,ULTRASOFT,3.0,True,Ferrari,0 days 00:12:21.720000,2018-06-23 14:08:21.786,,,False,,False,False
0 days 00:15:58.639000,VET,5,0 days 00:01:32.100000,4.0,1.0,,,0 days 00:00:23.137000,0 days 00:00:28.052000,0 days 00:00:40.911000,0 days 00:14:49.676000,0 days 00:15:17.728000,0 days 00:15:58.639000,123.0,285.0,298.0,322.0,False,ULTRASOFT,4.0,True,Ferrari,0 days 00:14:26.539000,2018-06-23 14:10:26.605,,,False,,False,False
0 days 00:18:13.738000,VET,5,0 days 00:02:15.099000,5.0,1.0,,,0 days 00:00:29.509000,0 days 00:00:39.813000,0 days 00:01:05.777000,0 days 00:16:28.148000,0 days 00:17:07.961000,0 days 00:18:13.738000,89.0,202.0,302.0,220.0,False,ULTRASOFT,5.0,True,Ferrari,0 days 00:15:58.639000,2018-06-23 14:11:58.705,,,False,,False,False
0 days 00:19:45.558000,VET,5,0 days 00:01:31.820000,6.0,1.0,,,0 days 00:00:23.130000,0 days 00:00:28.049000,0 days 00:00:40.641000,0 days 00:18:36.868000,0 days 00:19:04.917000,0 days 00:19:45.558000,116.0,286.0,301.0,328.0,True,ULTRASOFT,6.0,True,Ferrari,0 days 00:18:13.738000,2018-06-23 14:14:13.804,,,False,,False,False
0 days 00:21:53.245000,VET,5,0 days 00:02:07.687000,7.0,1.0,,0 days 00:21:33.697000,0 days 00:00:29.938000,0 days 00:00:32.698000,0 days 00:01:05.051000,0 days 00:20:15.496000,0 days 00:20:48.194000,0 days 00:21:53.245000,104.0,256.0,,281.0,False,ULTRASOFT,7.0,True,Ferrari,0 days 00:19:45.558000,2018-06-23 14:15:45.624,,,False,,False,False
0 days 00:29:04.709000,VET,5,,8.0,2.0,0 days 00:21:54.239000,0 days 00:23:58.117000,0 days 00:00:48.041000,0 days 00:00:33.499000,,0 days 00:22:41.334000,0 days 00:23:14.788000,,93.0,256.0,,264.0,False,ULTRASOFT,8.0,False,Ferrari,0 days 00:21:53.245000,2018-06-23 14:17:53.311,,,False,,False,False
0 days 00:30:53.547000,VET,5,0 days 00:01:48.838000,9.0,3.0,0 days 00:29:05.754000,,0 days 00:00:33.039000,0 days 00:00:29.865000,0 days 00:00:45.934000,0 days 00:29:37.748000,0 days 00:30:07.613000,0 days 00:30:53.547000,109.0,275.0,305.0,311.0,False,ULTRASOFT,1.0,True,Ferrari,0 days 00:29:04.709000,2018-06-23 14:25:04.775,,,False,,False,False
0 days 00:32:26.094000,VET,5,0 days 00:01:32.547000,10.0,3.0,,,0 days 00:00:23.901000,0 days 00:00:27.951000,0 days 00:00:40.695000,0 days 00:31:17.448000,0 days 00:31:45.399000,0 days 00:32:26.094000,124.0,289.0,305.0,330.0,True,ULTRASOFT,2.0,True,Ferrari,0 days 00:30:53.547000,2018-06-23 14:26:53.613,,,False,,False,False
0 days 00:34:23.016000,VET,5,0 days 00:01:56.922000,11.0,3.0,,,0 days 00:00:28.064000,0 days 00:00:36.107000,0 days 00:00:52.751000,0 days 00:32:54.158000,0 days 00:33:30.265000,0 days 00:34:23.016000,103.0,253.0,302.0,208.0,False,ULTRASOFT,3.0,True,Ferrari,0 days 00:32:26.094000,2018-06-23 14:28:26.160,,,False,,False,False
0 days 00:35:53.969000,VET,5,0 days 00:01:30.953000,12.0,3.0,,,0 days 00:00:22.787000,0 days 00:00:27.773000,0 days 00:00:40.393000,0 days 00:34:45.803000,0 days 00:35:13.576000,0 days 00:35:53.969000,117.0,290.0,304.0,328.0,True,ULTRASOFT,4.0,True,Ferrari,0 days 00:34:23.016000,2018-06-23 14:30:23.082,,,False,,False,False
0 days 00:40:50.617000,VET,5,,13.0,3.0,,0 days 00:37:51.737000,0 days 00:00:30.587000,0 days 00:00:35.799000,,0 days 00:36:24.588000,0 days 00:37:00.388000,,95.0,246.0,,228.0,False,ULTRASOFT,5.0,True,Ferrari,0 days 00:35:53.969000,2018-06-23 14:31:54.035,1,,False,,False,False
0 days 00:42:42.774000,VET,5,0 days 00:01:52.157000,14.0,4.0,0 days 00:40:51.301000,,0 days 00:00:33.716000,0 days 00:00:31.271000,0 days 00:00:47.170000,0 days 00:41:24.333000,0 days 00:41:55.604000,0 days 00:42:42.774000,98.0,273.0,299.0,295.0,False,ULTRASOFT,1.0,True,Ferrari,0 days 00:40:50.617000,2018-06-23 14:36:50.683,1,,False,,False,False
0 days 00:44:13.525000,VET,5,0 days 00:01:30.751000,15.0,4.0,,,0 days 00:00:22.718000,0 days 00:00:27.770000,0 days 00:00:40.263000,0 days 00:43:05.492000,0 days 00:43:33.262000,0 days 00:44:13.525000,121.0,286.0,300.0,324.0,True,ULTRASOFT,2.0,True,Ferrari,0 days 00:42:42.774000,2018-06-23 14:38:42.840,1,,False,,False,True
0 days 00:51:46.789000,VET,5,,16.0,4.0,,0 days 00:46:10.203000,0 days 00:00:31.294000,0 days 00:00:34.960000,,0 days 00:44:44.901000,0 days 00:45:19.777000,,108.0,254.0,,222.0,False,ULTRASOFT,3.0,True,Ferrari,0 days 00:44:13.525000,2018-06-23 14:40:13.591,1,,False,,False,False
0 days 00:53:50.711000,VET,5,0 days 00:02:03.922000,17.0,5.0,0 days 00:52:01.953000,,0 days 00:00:46.910000,0 days 00:00:30.932000,0 days 00:00:46.080000,0 days 00:52:33.699000,0 days 00:53:04.631000,0 days 00:53:50.711000,106.0,271.0,303.0,290.0,False,ULTRASOFT,1.0,True,Ferrari,0 days 00:51:46.789000,2018-06-23 14:47:46.855,1,,False,,False,False
0 days 00:55:21.111000,VET,5,0 days 00:01:30.400000,18.0,5.0,,,0 days 00:00:22.542000,0 days 00:00:27.799000,0 days 00:00:40.059000,0 days 00:54:13.253000,0 days 00:54:41.052000,0 days 00:55:21.111000,118.0,288.0,302.0,327.0,True,ULTRASOFT,2.0,True,Ferrari,0 days 00:53:50.711000,2018-06-23 14:49:50.777,1,,False,,False,True
0 days 01:06:32.523000,VET,5,,19.0,5.0,,0 days 00:57:25.781000,0 days 00:00:28.257000,,,0 days 00:55:49.443000,,,98.0,,,271.0,False,ULTRASOFT,3.0,True,Ferrari,0 days 00:55:21.111000,2018-06-23 14:51:21.177,125,,False,,False,False
0 days 01:08:23.763000,VET,5,0 days 00:01:51.240000,20.0,6.0,0 days 01:06:33.188000,,0 days 00:00:30.792000,0 days 00:00:31.861000,0 days 00:00:48.587000,0 days 01:07:03.315000,0 days 01:07:35.176000,0 days 01:08:23.763000,109.0,271.0,304.0,248.0,False,ULTRASOFT,1.0,True,Ferrari,0 days 01:06:33.188000,2018-06-23 15:02:33.254,1,,False,,False,False
0 days 01:09:54.608000,VET,5,0 days 00:01:30.845000,21.0,6.0,,,0 days 00:00:22.550000,0 days 00:00:28.031000,0 days 00:00:40.264000,0 days 01:08:46.313000,0 days 01:09:14.344000,0 days 01:09:54.608000,117.0,287.0,292.0,327.0,False,ULTRASOFT,2.0,True,Ferrari,0 days 01:08:23.763000,2018-06-23 15:04:23.829,1,,False,,False,True
0 days 01:11:46.043000,VET,5,,22.0,6.0,,0 days 01:13:04.450000,0 days 00:00:32.400000,0 days 00:00:38.761000,0 days 00:00:40.264000,0 days 01:10:27.054000,0 days 01:11:05.779000,0 days 01:13:04.450000,104.0,248.0,,165.0,False,ULTRASOFT,3.0,True,Ferrari,0 days 01:09:54.608000,2018-06-23 15:05:54.674,1,,False,,False,False
0 days 00:09:33.795000,VER,33,0 days 00:02:15.263000,1.0,1.0,0 days 00:07:19.233000,,0 days 00:00:37.642000,0 days 00:00:44.304000,0 days 00:00:53.317000,0 days 00:07:56.202000,0 days 00:08:40.502000,0 days 00:09:33.912000,86.0,245.0,295.0,159.0,False,ULTRASOFT,1.0,True,Red Bull Racing,0 days 00:07:19.233000,2018-06-23 14:03:19.299,,,False,,False,False
0 days 00:11:05.618000,VER,33,0 days 00:01:31.823000,2.0,1.0,,,0 days 00:00:23.127000,0 days 00:00:28.047000,0 days 00:00:40.649000,0 days 00:09:56.922000,0 days 00:10:24.969000,0 days 00:11:05.618000,118.0,283.0,301.0,321.0,True,ULTRASOFT,2.0,True,Red Bull Racing,0 days 00:09:33.795000,2018-06-23 14:05:33.861,,,False,,False,False
0 days 00:13:24.824000,VER,33,0 days 00:02:19.206000,3.0,1.0,,,0 days 00:00:37.063000,0 days 00:00:47.486000,0 days 00:00:54.657000,0 days 00:11:42.681000,0 days 00:12:30.167000,0 days 00:13:24.824000,95.0,189.0,297.0,132.0,False,ULTRASOFT,3.0,True,Red Bull Racing,0 days 00:11:05.618000,2018-06-23 14:07:05.684,,,False,,False,False
0 days 00:14:56.355000,VER,33,0 days 00:01:31.531000,4.0,1.0,,,0 days 00:00:22.882000,0 days 00:00:28.087000,0 days 00:00:40.562000,0 days 00:13:47.706000,0 days 00:14:15.793000,0 days 00:14:56.355000,124.0,281.0,297.0,320.0,True,ULTRASOFT,4.0,True,Red Bull Racing,0 days 00:13:24.824000,2018-06-23 14:09:24.890,,,False,,False,False
0 days 00:29:02.144000,VER,33,,5.0,1.0,,0 days 00:16:39.757000,0 days 00:00:27.841000,0 days 00:00:31.953000,,0 days 00:15:24.207000,0 days 00:15:56.214000,,107.0,258.0,,272.0,False,ULTRASOFT,5.0,True,Red Bull Racing,0 days 00:14:56.355000,2018-06-23 14:10:56.421,,,False,,False,False
0 days 00:30:46.292000,VER,33,,6.0,2.0,0 days 00:29:02.144000,,,0 days 00:00:30.047000,0 days 00:00:44.390000,,0 days 00:30:01.944000,0 days 00:30:46.338000,111.0,268.0,295.0,309.0,False,SUPERSOFT,1.0,True,Red Bull Racing,0 days 00:29:02.144000,2018-06-23 14:25:02.210,,,False,,False,False
0 days 00:32:18.599000,VER,33,0 days 00:01:32.307000,7.0,2.0,,,0 days 00:00:23.271000,0 days 00:00:28.069000,0 days 00:00:40.967000,0 days 00:31:09.563000,0 days 00:31:37.632000,0 days 00:32:18.599000,124.0,282.0,294.0,322.0,True,SUPERSOFT,2.0,True,Red Bull Racing,0 days 00:30:46.292000,2018-06-23 14:26:46.358,,,False,,False,False
0 days 00:34:14.289000,VER,33,0 days 00:01:55.690000,8.0,2.0,,,0 days 00:00:27.929000,0 days 00:00:36.705000,0 days 00:00:51.056000,0 days 00:32:46.528000,0 days 00:33:23.233000,0 days 00:34:14.289000,104.0,254.0,296.0,243.0,False,SUPERSOFT,3.0,True,Red Bull Racing,0 days 00:32:18.599000,2018-06-23 14:28:18.665,,,False,,False,False
0 days 00:35:45.879000,VER,33,0 days 00:01:31.590000,9.0,2.0,,,0 days 00:00:22.885000,0 days 00:00:28.047000,0 days 00:00:40.658000,0 days 00:34:37.174000,0 days 00:35:05.221000,0 days 00:35:45.879000,122.0,283.0,296.0,323.0,True,SUPERSOFT,4.0,True,Red Bull Racing,0 days 00:34:14.289000,2018-06-23 14:30:14.355,,,False,,False,False
0 days 00:41:15.414000,VER,33,,10.0,2.0,,0 days 00:37:43.377000,0 days 00:00:30.688000,0 days 00:00:37.104000,,0 days 00:36:16.572000,0 days 00:36:53.670000,,103.0,254.0,,245.0,False,SUPERSOFT,5.0,True,Red Bull Racing,0 days 00:35:45.879000,2018-06-23 14:31:45.945,1,,False,,False,False
0 days 00:43:19.366000,VER,33,0 days 00:02:03.952000,11.0,3.0,0 days 00:41:16.068000,,0 days 00:00:32.391000,0 days 00:00:33.178000,0 days 00:00:58.383000,0 days 00:41:47.805000,0 days 00:42:20.983000,0 days 00:43:19.366000,104.0,263.0,300.0,272.0,False,SUPERSOFT,1.0,True,Red Bull Racing,0 days 00:41:15.414000,2018-06-23 14:37:15.480,1,,False,,False,False
0 days 00:44:50.184000,VER,33,0 days 00:01:30.818000,12.0,3.0,,,0 days 00:00:22.746000,0 days 00:00:27.714000,0 days 00:00:40.358000,0 days 00:43:42.112000,0 days 00:44:09.826000,0 days 00:44:50.184000,127.0,284.0,298.0,328.0,True,SUPERSOFT,2.0,True,Red Bull Racing,0 days 00:43:19.366000,2018-06-23 14:39:19.432,1,,False,,False,True
0 days 00:52:21.104000,VER,33,,13.0,3.0,,0 days 00:46:50.941000,0 days 00:00:33.390000,0 days 00:00:38.045000,,0 days 00:45:23.574000,0 days 00:46:01.624000,,96.0,257.0,,216.0,False,SUPERSOFT,3.0,True,Red Bull Racing,0 days 00:44:50.184000,2018-06-23 14:40:50.250,1,,False,,False,False
0 days 00:54:19.422000,VER,33,0 days 00:01:58.318000,14.0,4.0,0 days 00:52:21.767000,,0 days 00:00:34.934000,0 days 00:00:35.061000,0 days 00:00:48.323000,0 days 00:52:56.038000,0 days 00:53:31.099000,0 days 00:54:19.422000,95.0,268.0,301.0,302.0,False,ULTRASOFT,1.0,True,Red Bull Racing,0 days 00:52:21.104000,2018-06-23 14:48:21.170,1,,False,,False,False
0 days 00:55:50.127000,VER,33,0 days 00:01:30.705000,15.0,4.0,,,0 days 00:00:22.568000,0 days 00:00:27.841000,0 days 00:00:40.296000,0 days 00:54:41.990000,0 days 00:55:09.831000,0 days 00:55:50.127000,123.0,284.0,300.0,325.0,True,ULTRASOFT,2.0,True,Red Bull Racing,0 days 00:54:19.422000,2018-06-23 14:50:19.488,1,,False,,False,True
0 days 01:06:49.095000,VER,33,,16.0,4.0,,0 days 00:57:54.021000,,,,,,,,,,,False,ULTRASOFT,3.0,True,Red Bull Racing,0 days 00:55:50.127000,2018-06-23 14:51:50.193,125,,False,,False,False
0 days 01:09:00.257000,VER,33,0 days 00:02:11.162000,17.0,5.0,0 days 01:06:49.767000,,0 days 00:00:37.474000,0 days 00:00:40.378000,0 days 00:00:53.310000,0 days 01:07:26.569000,0 days 01:08:06.947000,0 days 01:09:00.257000,92.0,234.0,297.0,246.0,False,ULTRASOFT,1.0,True,Red Bull Racing,0 days 01:06:49.767000,2018-06-23 15:02:49.833,1,,False,,False,False
0 days 01:10:31.043000,VER,33,0 days 00:01:30.786000,18.0,5.0,,,0 days 00:00:22.504000,0 days 00:00:27.935000,0 days 00:00:40.347000,0 days 01:09:22.761000,0 days 01:09:50.696000,0 days 01:10:31.043000,119.0,283.0,297.0,324.0,False,ULTRASOFT,2.0,True,Red Bull Racing,0 days 01:09:00.257000,2018-06-23 15:05:00.323,1,,False,,False,True
0 days 01:12:50.202000,VER,33,0 days 00:02:19.159000,19.0,5.0,,0 days 01:12:27.463000,0 days 00:00:30.611000,0 days 00:00:36.677000,0 days 00:01:11.871000,0 days 01:11:01.654000,0 days 01:11:38.331000,0 days 01:12:50.202000,105.0,256.0,,203.0,False,ULTRASOFT,3.0,True,Red Bull Racing,0 days 01:10:31.043000,2018-06-23 15:06:31.109,1,,False,,False,False
0 days 00:10:45.296000,RIC,3,0 days 00:02:19.398000,1.0,1.0,0 days 00:08:26.550000,,0 days 00:00:35.409000,0 days 00:00:36.999000,0 days 00:01:06.990000,0 days 00:09:01.346000,0 days 00:09:38.331000,0 days 00:10:45.390000,86.0,252.0,295.0,181.0,False,ULTRASOFT,1.0,True,Red Bull Racing,0 days 00:08:26.550000,2018-06-23 14:04:26.616,,,False,,False,False
0 days 00:12:17.698000,RIC,3,0 days 00:01:32.402000,2.0,1.0,,,0 days 00:00:23.393000,0 days 00:00:28.097000,0 days 00:00:40.912000,0 days 00:11:08.689000,0 days 00:11:36.786000,0 days 00:12:17.698000,123.0,282.0,296.0,322.0,True,ULTRASOFT,2.0,True,Red Bull Racing,0 days 00:10:45.296000,2018-06-23 14:06:45.362,,,False,,False,False
0 days 00:14:38.493000,RIC,3,0 days 00:02:20.795000,3.0,1.0,,,0 days 00:00:34.633000,0 days 00:00:40.417000,0 days 00:01:05.745000,0 days 00:12:52.331000,0 days 00:13:32.748000,0 days 00:14:38.493000,86.0,244.0,297.0,224.0,False,ULTRASOFT,3.0,True,Red Bull Racing,0 days 00:12:17.698000,2018-06-23 14:08:17.764,,,False,,False,False
0 days 00:16:10.403000,RIC,3,0 days 00:01:31.910000,4.0,1.0,,,0 days 00:00:23.210000,0 days 00:00:28.088000,0 days 00:00:40.612000,0 days 00:15:01.703000,0 days 00:15:29.791000,0 days 00:16:10.403000,118.0,281.0,295.0,319.0,True,ULTRASOFT,4.0,True,Red Bull Racing,0 days 00:14:38.493000,2018-06-23 14:10:38.559,,,False,,False,False
0 days 00:29:02.487000,RIC,3,,5.0,1.0,,0 days 00:18:00.885000,0 days 00:00:29.758000,0 days 00:00:32.825000,,0 days 00:16:40.170000,0 days 00:17:12.985000,,106.0,255.0,,284.0,False,ULTRASOFT,5.0,True,Red Bull Racing,0 days 00:16:10.403000,2018-06-23 14:12:10.469,,,False,,False,False
0 days 00:30:50.496000,RIC,3,0 days 00:01:48.009000,6.0,2.0,0 days 00:29:03.973000,,0 days 00:00:32.004000,0 days 00:00:30.669000,0 days 00:00:45.336000,0 days 00:29:34.491000,0 days 00:30:05.160000,0 days 00:30:50.496000,110.0,266.0,295.0,304.0,False,SUPERSOFT,1.0,True,Red Bull Racing,0 days 00:29:02.487000,2018-06-23 14:25:02.553,,,False,,False,False
0 days 00:32:22.832000,RIC,3,0 days 00:01:32.336000,7.0,2.0,,,0 days 00:00:23.212000,0 days 00:00:28.255000,0 days 00:00:40.869000,0 days 00:31:13.708000,0 days 00:31:41.963000,0 days 00:32:22.832000,121.0,280.0,294.0,321.0,True,SUPERSOFT,2.0,True,Red Bull Racing,0 days 00:30:50.496000,2018-06-23 14:26:50.562,,,False,,False,False
0 days 00:34:17.311000,RIC,3,0 days 00:01:54.479000,8.0,2.0,,,0 days 00:00:29.184000,0 days 00:00:34.112000,0 days 00:00:51.183000,0 days 00:32:52.016000,0 days 00:33:26.128000,0 days 00:34:17.311000,98.0,252.0,297.0,293.0,False,SUPERSOFT,3.0,True,Red Bull Racing,0 days 00:32:22.832000,2018-06-23 14:28:22.898,,,False,,False,False
0 days 00:35:48.849000,RIC,3,0 days 00:01:31.538000,9.0,2.0,,,0 days 00:00:22.875000,0 days 00:00:28.167000,0 days 00:00:40.496000,0 days 00:34:40.186000,0 days 00:35:08.353000,0 days 00:35:48.849000,120.0,283.0,294.0,324.0,True,SUPERSOFT,4.0,True,Red Bull Racing,0 days 00:34:17.311000,2018-06-23 14:30:17.377,,,False,,False,False
0 days 00:41:28.227000,RIC,3,,10.0,2.0,,0 days 00:37:48.845000,0 days 00:00:31.290000,0 days 00:00:37.041000,,0 days 00:36:20.197000,0 days 00:36:57.201000,,89.0,247.0,,281.0,False,SUPERSOFT,5.0,True,Red Bull Racing,0 days 00:35:48.849000,2018-06-23 14:31:48.915,1,,False,,False,False
0 days 00:43:22.268000,RIC,3,0 days 00:01:54.041000,11.0,3.0,0 days 00:41:28.882000,,0 days 00:00:32.481000,0 days 00:00:31.741000,0 days 00:00:49.819000,0 days 00:42:00.708000,0 days 00:42:32.449000,0 days 00:43:22.268000,103.0,265.0,299.0,309.0,False,ULTRASOFT,1.0,True,Red Bull Racing,0 days 00:41:28.227000,2018-06-23 14:37:28.293,1,,False,,False,False
0 days 00:44:56.453000,RIC,3,0 days 00:01:34.185000,12.0,3.0,,,0 days 00:00:22.783000,0 days 00:00:27.789000,0 days 00:00:43.613000,0 days 00:43:45.051000,0 days 00:44:12.840000,0 days 00:44:56.453000,124.0,283.0,215.0,326.0,False,ULTRASOFT,2.0,True,Red Bull Racing,0 days 00:43:22.268000,2018-06-23 14:39:22.334,1,,False,,False,True
0 days 00:52:27.414000,RIC,3,,13.0,3.0,,0 days 00:46:47.925000,0 days 00:00:29.106000,0 days 00:00:35.013000,,0 days 00:45:25.574000,0 days 00:46:00.657000,,99.0,253.0,,300.0,False,ULTRASOFT,3.0,True,Red Bull Racing,0 days 00:44:56.453000,2018-06-23 14:40:56.519,1,,False,,False,False
0 days 00:54:22.050000,RIC,3,0 days 00:01:54.636000,14.0,4.0,0 days 00:52:28.080000,,0 days 00:00:31.921000,0 days 00:00:33.336000,0 days 00:00:49.379000,0 days 00:52:59.335000,0 days 00:53:32.671000,0 days 00:54:22.050000,103.0,265.0,300.0,295.0,False,ULTRASOFT,1.0,True,Red Bull Racing,0 days 00:52:27.414000,2018-06-23 14:48:27.480,1,,False,,False,False
0 days 00:55:52.945000,RIC,3,0 days 00:01:30.895000,15.0,4.0,,,0 days 00:00:22.601000,0 days 00:00:28.011000,0 days 00:00:40.283000,0 days 00:54:44.651000,0 days 00:55:12.662000,0 days 00:55:52.945000,124.0,282.0,296.0,324.0,True,ULTRASOFT,2.0,True,Red Bull Racing,0 days 00:54:22.050000,2018-06-23 14:50:22.116,1,,False,,False,True
0 days 01:06:54.760000,RIC,3,,16.0,4.0,,0 days 00:57:58.379000,,,,,,,,,,,False,ULTRASOFT,3.0,True,Red Bull Racing,0 days 00:55:52.945000,2018-06-23 14:51:53.011,125,,False,,False,False
0 days 01:09:03.196000,RIC,3,0 days 00:02:08.436000,17.0,5.0,0 days 01:06:55.455000,,0 days 00:00:35.206000,0 days 00:00:38.841000,0 days 00:00:54.389000,0 days 01:07:29.966000,0 days 01:08:08.807000,0 days 01:09:03.196000,92.0,220.0,298.0,210.0,False,ULTRASOFT,1.0,True,Red Bull Racing,0 days 01:06:55.455000,2018-06-23 15:02:55.521,1,,False,,False,False
0 days 01:10:34.263000,RIC,3,0 days 00:01:31.067000,18.0,5.0,,,0 days 00:00:22.534000,0 days 00:00:28.112000,0 days 00:00:40.421000,0 days 01:09:25.730000,0 days 01:09:53.842000,0 days 01:10:34.263000,123.0,281.0,298.0,322.0,False,ULTRASOFT,2.0,True,Red Bull Racing,0 days 01:09:03.196000,2018-06-23 15:05:03.262,1,,False,,False,True
0 days 01:12:52.776000,RIC,3,0 days 00:02:18.513000,19.0,5.0,,0 days 01:12:30.416000,0 days 00:00:31.385000,0 days 00:00:34.358000,0 days 00:01:12.770000,0 days 01:11:05.648000,0 days 01:11:40.006000,0 days 01:12:52.776000,97.0,255.0,,254.0,False,ULTRASOFT,3.0,True,Red Bull Racing,0 days 01:10:34.263000,2018-06-23 15:06:34.329,1,,False,,False,False
0 days 00:11:02.915000,RAI,7,0 days 00:01:47.420000,1.0,1.0,0 days 00:09:16.194000,,0 days 00:00:30.135000,0 days 00:00:30.628000,0 days 00:00:46.657000,0 days 00:09:45.722000,0 days 00:10:16.306000,0 days 00:11:03.070000,100.0,271.0,306.0,299.0,False,ULTRASOFT,1.0,True,Ferrari,0 days 00:09:16.194000,2018-06-23 14:05:16.260,,,False,,False,False
0 days 00:12:34.482000,RAI,7,0 days 00:01:31.567000,2.0,1.0,,,0 days 00:00:22.930000,0 days 00:00:27.892000,0 days 00:00:40.745000,0 days 00:11:25.845000,0 days 00:11:53.737000,0 days 00:12:34.482000,113.0,289.0,304.0,331.0,True,ULTRASOFT,2.0,True,Ferrari,0 days 00:11:02.915000,2018-06-23 14:07:02.981,,,False,,False,False
0 days 00:14:41.862000,RAI,7,0 days 00:02:07.380000,3.0,1.0,,,0 days 00:00:29.191000,0 days 00:00:38.806000,0 days 00:00:59.383000,0 days 00:13:03.673000,0 days 00:13:42.479000,0 days 00:14:41.862000,101.0,248.0,304.0,211.0,False,ULTRASOFT,3.0,True,Ferrari,0 days 00:12:34.482000,2018-06-23 14:08:34.548,,,False,,False,False
0 days 00:16:13.633000,RAI,7,0 days 00:01:31.771000,4.0,1.0,,,0 days 00:00:22.981000,0 days 00:00:28.060000,0 days 00:00:40.730000,0 days 00:15:04.843000,0 days 00:15:32.903000,0 days 00:16:13.633000,115.0,286.0,301.0,328.0,False,ULTRASOFT,4.0,True,Ferrari,0 days 00:14:41.862000,2018-06-23 14:10:41.928,,,False,,False,False
0 days 00:18:22.844000,RAI,7,0 days 00:02:09.211000,5.0,1.0,,,0 days 00:00:31.693000,0 days 00:00:41.871000,0 days 00:00:55.647000,0 days 00:16:45.326000,0 days 00:17:27.197000,0 days 00:18:22.844000,93.0,220.0,305.0,144.0,False,ULTRASOFT,5.0,True,Ferrari,0 days 00:16:13.633000,2018-06-23 14:12:13.699,,,False,,False,False
0 days 00:19:54.584000,RAI,7,0 days 00:01:31.740000,6.0,1.0,,,0 days 00:00:22.944000,0 days 00:00:28.063000,0 days 00:00:40.733000,0 days 00:18:45.788000,0 days 00:19:13.851000,0 days 00:19:54.584000,113.0,285.0,304.0,328.0,False,ULTRASOFT,6.0,True,Ferrari,0 days 00:18:22.844000,2018-06-23 14:14:22.910,,,False,,False,False
0 days 00:29:12.863000,RAI,7,,7.0,1.0,,0 days 00:21:44.791000,0 days 00:00:26.291000,0 days 00:00:38.080000,,0 days 00:20:20.906000,0 days 00:20:58.955000,,105.0,257.0,,270.0,False,ULTRASOFT,7.0,True,Ferrari,0 days 00:19:54.584000,2018-06-23 14:15:54.650,,,False,,False,False
0 days 00:31:07.821000,RAI,7,0 days 00:01:54.958000,8.0,2.0,0 days 00:29:13.535000,,0 days 00:00:29.933000,0 days 00:00:31.040000,0 days 00:00:53.985000,0 days 00:29:42.796000,0 days 00:30:13.836000,0 days 00:31:07.821000,111.0,276.0,307.0,309.0,False,ULTRASOFT,8.0,False,Ferrari,0 days 00:29:12.863000,2018-06-23 14:25:12.929,,,False,,False,False
0 days 00:32:39.821000,RAI,7,0 days 00:01:32,9.0,2.0,,,0 days 00:00:23.159000,0 days 00:00:28.127000,0 days 00:00:40.714000,0 days 00:31:30.980000,0 days 00:31:59.107000,0 days 00:32:39.821000,108.0,290.0,306.0,334.0,True,ULTRASOFT,9.0,False,Ferrari,0 days 00:31:07.821000,2018-06-23 14:27:07.887,,,False,,False,False
0 days 00:34:32.286000,RAI,7,0 days 00:01:52.465000,10.0,2.0,,,0 days 00:00:26.158000,0 days 00:00:32.010000,0 days 00:00:54.297000,0 days 00:33:05.979000,0 days 00:33:37.989000,0 days 00:34:32.286000,103.0,260.0,307.0,271.0,False,ULTRASOFT,10.0,False,Ferrari,0 days 00:32:39.821000,2018-06-23 14:28:39.887,,,False,,False,False
0 days 00:36:03.390000,RAI,7,0 days 00:01:31.104000,11.0,2.0,,,0 days 00:00:22.718000,0 days 00:00:27.979000,0 days 00:00:40.407000,0 days 00:34:55.004000,0 days 00:35:22.983000,0 days 00:36:03.390000,111.0,289.0,304.0,330.0,True,ULTRASOFT,11.0,False,Ferrari,0 days 00:34:32.286000,2018-06-23 14:30:32.352,,,False,,False,False
0 days 00:41:04.377000,RAI,7,,12.0,2.0,,0 days 00:37:52.956000,0 days 00:00:28.455000,0 days 00:00:33.812000,,0 days 00:36:31.917000,0 days 00:37:05.654000,,101.0,253.0,,237.0,False,ULTRASOFT,12.0,False,Ferrari,0 days 00:36:03.390000,2018-06-23 14:32:03.456,1,,False,,False,False
0 days 00:42:53.372000,RAI,7,0 days 00:01:48.995000,13.0,3.0,0 days 00:41:05.066000,,0 days 00:00:28.793000,0 days 00:00:30.230000,0 days 00:00:49.972000,0 days 00:41:33.170000,0 days 00:42:03.400000,0 days 00:42:53.372000,112.0,273.0,306.0,317.0,False,ULTRASOFT,1.0,True,Ferrari,0 days 00:41:04.377000,2018-06-23 14:37:04.443,1,,False,,False,False
0 days 00:44:24.144000,RAI,7,0 days 00:01:30.772000,14.0,3.0,,,0 days 00:00:22.725000,0 days 00:00:27.783000,0 days 00:00:40.264000,0 days 00:43:16.097000,0 days 00:43:43.880000,0 days 00:44:24.144000,114.0,288.0,307.0,329.0,True,ULTRASOFT,2.0,True,Ferrari,0 days 00:42:53.372000,2018-06-23 14:38:53.438,1,,False,,False,True
0 days 00:52:03.468000,RAI,7,,15.0,3.0,,0 days 00:46:14.782000,0 days 00:00:28.467000,0 days 00:00:33.717000,,0 days 00:44:52.681000,0 days 00:45:26.324000,,103.0,255.0,,269.0,False,ULTRASOFT,3.0,True,Ferrari,0 days 00:44:24.144000,2018-06-23 14:40:24.210,1,,False,,False,False
0 days 00:53:53.243000,RAI,7,0 days 00:01:49.775000,16.0,4.0,0 days 00:52:04.411000,,0 days 00:00:33.896000,0 days 00:00:30.047000,0 days 00:00:45.832000,0 days 00:52:37.364000,0 days 00:53:07.411000,0 days 00:53:53.243000,113.0,274.0,307.0,306.0,False,ULTRASOFT,1.0,True,Ferrari,0 days 00:52:03.468000,2018-06-23 14:48:03.534,1,,False,,False,False
0 days 00:55:24.300000,RAI,7,0 days 00:01:31.057000,17.0,4.0,,,0 days 00:00:22.552000,0 days 00:00:27.736000,0 days 00:00:40.769000,0 days 00:54:15.795000,0 days 00:54:43.531000,0 days 00:55:24.300000,114.0,290.0,304.0,330.0,True,ULTRASOFT,2.0,True,Ferrari,0 days 00:53:53.243000,2018-06-23 14:49:53.309,1,,False,,False,True
0 days 01:03:19.202000,RAI,7,,18.0,4.0,,0 days 00:57:28.078000,0 days 00:00:26.781000,,,0 days 00:55:51.145000,,,105.0,,,268.0,False,ULTRASOFT,3.0,True,Ferrari,0 days 00:55:24.300000,2018-06-23 14:51:24.366,125,,False,,False,False
0 days 01:05:03.521000,RAI,7,0 days 00:01:44.319000,19.0,5.0,0 days 01:03:19.889000,,0 days 00:00:29.472000,0 days 00:00:30.105000,0 days 00:00:44.742000,0 days 01:03:48.674000,0 days 01:04:18.779000,0 days 01:05:03.521000,115.0,272.0,303.0,307.0,False,ULTRASOFT,1.0,True,Ferrari,0 days 01:03:19.889000,2018-06-23 14:59:19.955,1,,False,,False,False
0 days 01:06:51.497000,RAI,7,0 days 00:01:47.976000,20.0,5.0,,,0 days 00:00:24.575000,0 days 00:00:33.808000,0 days 00:00:49.593000,0 days 01:05:28.096000,0 days 01:06:01.904000,0 days 01:06:51.497000,75.0,255.0,302.0,256.0,False,ULTRASOFT,2.0,True,Ferrari,0 days 01:05:03.521000,2018-06-23 15:01:03.587,1,,False,,False,True
0 days 01:08:34.574000,RAI,7,0 days 00:01:43.077000,21.0,5.0,,,0 days 00:00:23.071000,0 days 00:00:31.969000,0 days 00:00:48.037000,0 days 01:07:14.568000,0 days 01:07:46.537000,0 days 01:08:34.574000,111.0,254.0,307.0,205.0,False,ULTRASOFT,3.0,True,Ferrari,0 days 01:06:51.497000,2018-06-23 15:02:51.563,1,,False,,False,True
0 days 01:10:17.976000,RAI,7,,22.0,5.0,,0 days 01:10:17.976000,0 days 00:00:22.693000,0 days 00:00:33.930000,,0 days 01:08:57.341000,0 days 01:09:31.204000,,107.0,229.0,,310.0,False,ULTRASOFT,4.0,True,Ferrari,0 days 01:08:34.574000,2018-06-23 15:04:34.640,1,,False,,False,False
0 days 00:06:51.313000,SAI,55,0 days 00:02:15.866000,1.0,1.0,0 days 00:04:36.344000,,0 days 00:00:34.789000,0 days 00:00:37.495000,0 days 00:01:03.582000,0 days 00:05:10.242000,0 days 00:05:47.773000,0 days 00:06:51.454000,99.0,258.0,298.0,310.0,False,ULTRASOFT,1.0,True,Renault,0 days 00:04:36.344000,2018-06-23 14:00:36.410,,,False,,False,False
0 days 00:08:24.432000,SAI,55,0 days 00:01:33.119000,2.0,1.0,,,0 days 00:00:23.261000,0 days 00:00:28.405000,0 days 00:00:41.453000,0 days 00:07:14.574000,0 days 00:07:42.979000,0 days 00:08:24.432000,118.0,285.0,298.0,325.0,True,ULTRASOFT,2.0,True,Renault,0 days 00:06:51.313000,2018-06-23 14:02:51.379,,,False,,False,False
0 days 00:10:36.249000,SAI,55,0 days 00:02:11.817000,3.0,1.0,,,0 days 00:00:33.019000,0 days 00:00:37.378000,0 days 00:01:01.420000,0 days 00:08:57.451000,0 days 00:09:34.829000,0 days 00:10:36.249000,85.0,252.0,300.0,279.0,False,ULTRASOFT,3.0,True,Renault,0 days 00:08:24.432000,2018-06-23 14:04:24.498,,,False,,False,False
0 days 00:12:08.973000,SAI,55,0 days 00:01:32.724000,4.0,1.0,,,0 days 00:00:23.057000,0 days 00:00:28.286000,0 days 00:00:41.381000,0 days 00:10:59.306000,0 days 00:11:27.592000,0 days 00:12:08.973000,122.0,283.0,296.0,328.0,True,ULTRASOFT,4.0,True,Renault,0 days 00:10:36.249000,2018-06-23 14:06:36.315,,,False,,False,False
0 days 00:15:52.931000,SAI,55,,5.0,1.0,,0 days 00:13:54.177000,0 days 00:00:29.207000,0 days 00:00:32.183000,,0 days 00:12:38.183000,0 days 00:13:10.404000,,97.0,257.0,,297.0,False,ULTRASOFT,5.0,True,Renault,0 days 00:12:08.973000,2018-06-23 14:08:09.039,,,False,,False,False
0 days 00:17:58.539000,SAI,55,0 days 00:02:05.608000,6.0,2.0,0 days 00:15:53.599000,,0 days 00:00:35.415000,0 days 00:00:35.038000,0 days 00:00:55.155000,0 days 00:16:28.346000,0 days 00:17:03.384000,0 days 00:17:58.539000,106.0,249.0,299.0,306.0,False,ULTRASOFT,1.0,True,Renault,0 days 00:15:52.931000,2018-06-23 14:11:52.997,,,False,,False,False
0 days 00:19:30.933000,SAI,55,0 days 00:01:32.394000,7.0,2.0,,,0 days 00:00:22.840000,0 days 00:00:28.317000,0 days 00:00:41.237000,0 days 00:18:21.379000,0 days 00:18:49.696000,0 days 00:19:30.933000,122.0,281.0,296.0,323.0,True,ULTRASOFT,2.0,True,Renault,0 days 00:17:58.539000,2018-06-23 14:13:58.605,,,False,,False,False
0 days 00:21:36.266000,SAI,55,0 days 00:02:05.333000,8.0,2.0,,,0 days 00:00:30.755000,0 days 00:00:40.456000,0 days 00:00:54.122000,0 days 00:20:01.688000,0 days 00:20:42.144000,0 days 00:21:36.266000,89.0,210.0,299.0,273.0,False,ULTRASOFT,3.0,True,Renault,0 days 00:19:30.933000,2018-06-23 14:15:30.999,,,False,,False,False
0 days 00:23:08.806000,SAI,55,0 days 00:01:32.540000,9.0,2.0,,,0 days 00:00:23.029000,0 days 00:00:28.335000,0 days 00:00:41.176000,0 days 00:21:59.295000,0 days 00:22:27.630000,0 days 00:23:08.806000,120.0,282.0,296.0,325.0,False,ULTRASOFT,4.0,True,Renault,0 days 00:21:36.266000,2018-06-23 14:17:36.332,,,False,,False,False
0 days 00:29:07.508000,SAI,55,,10.0,2.0,,0 days 00:24:55.526000,0 days 00:00:29.401000,0 days 00:00:33.135000,,0 days 00:23:38.227000,0 days 00:24:11.435000,,99.0,252.0,,282.0,False,ULTRASOFT,5.0,True,Renault,0 days 00:23:08.806000,2018-06-23 14:19:08.872,,,False,,False,False
0 days 00:31:02.205000,SAI,55,0 days 00:01:54.697000,11.0,3.0,0 days 00:29:08.363000,,0 days 00:00:31.343000,0 days 00:00:30.146000,0 days 00:00:53.208000,0 days 00:29:38.851000,0 days 00:30:08.997000,0 days 00:31:02.205000,112.0,271.0,300.0,291.0,False,ULTRASOFT,1.0,True,Renault,0 days 00:29:07.508000,2018-06-23 14:25:07.574,,,False,,False,False
0 days 00:32:34.428000,SAI,55,0 days 00:01:32.223000,12.0,3.0,,,0 days 00:00:22.961000,0 days 00:00:28.317000,0 days 00:00:40.945000,0 days 00:31:25.166000,0 days 00:31:53.483000,0 days 00:32:34.428000,120.0,286.0,301.0,329.0,True,ULTRASOFT,2.0,True,Renault,0 days 00:31:02.205000,2018-06-23 14:27:02.271,,,False,,False,False
0 days 00:40:57.370000,SAI,55,,13.0,3.0,,0 days 00:34:18.017000,0 days 00:00:27.840000,0 days 00:00:31.913000,,0 days 00:33:02.310000,0 days 00:33:34.186000,,95.0,260.0,,298.0,False,ULTRASOFT,3.0,True,Renault,0 days 00:32:34.428000,2018-06-23 14:28:34.494,1,,False,,False,False
0 days 00:42:50.290000,SAI,55,0 days 00:01:52.920000,14.0,4.0,0 days 00:40:58.004000,,0 days 00:00:30.353000,0 days 00:00:31.678000,0 days 00:00:50.889000,0 days 00:41:27.723000,0 days 00:41:59.401000,0 days 00:42:50.290000,110.0,268.0,301.0,313.0,False,ULTRASOFT,1.0,True,Renault,0 days 00:40:57.370000,2018-06-23 14:36:57.436,1,,False,,False,False
0 days 00:44:22.306000,SAI,55,0 days 00:01:32.016000,15.0,4.0,,,0 days 00:00:22.853000,0 days 00:00:28.165000,0 days 00:00:40.998000,0 days 00:43:13.143000,0 days 00:43:41.308000,0 days 00:44:22.306000,120.0,283.0,298.0,324.0,True,ULTRASOFT,2.0,True,Renault,0 days 00:42:50.290000,2018-06-23 14:38:50.356,1,,False,,False,True
0 days 00:52:12.244000,SAI,55,,16.0,4.0,,0 days 00:46:17.391000,0 days 00:00:28.637000,0 days 00:00:37.561000,,0 days 00:44:50.932000,0 days 00:45:28.513000,,88.0,253.0,,232.0,False,ULTRASOFT,3.0,True,Renault,0 days 00:44:22.306000,2018-06-23 14:40:22.372,1,,False,,False,False
0 days 00:54:12.820000,SAI,55,0 days 00:02:00.576000,17.0,5.0,0 days 00:52:12.908000,,0 days 00:00:32.124000,0 days 00:00:34.968000,0 days 00:00:53.484000,0 days 00:52:44.368000,0 days 00:53:19.336000,0 days 00:54:12.820000,100.0,264.0,301.0,287.0,False,ULTRASOFT,6.0,False,Renault,0 days 00:52:12.244000,2018-06-23 14:48:12.310,1,,False,,False,False
0 days 00:55:45.279000,SAI,55,0 days 00:01:32.459000,18.0,5.0,,,0 days 00:00:22.929000,0 days 00:00:28.306000,0 days 00:00:41.224000,0 days 00:54:35.749000,0 days 00:55:04.055000,0 days 00:55:45.279000,119.0,282.0,300.0,322.0,True,ULTRASOFT,7.0,False,Renault,0 days 00:54:12.820000,2018-06-23 14:50:12.886,1,,False,,False,True
0 days 01:06:35.830000,SAI,55,,19.0,5.0,,0 days 00:57:51.078000,,,,,,,,,,,False,ULTRASOFT,8.0,False,Renault,0 days 00:55:45.279000,2018-06-23 14:51:45.345,125,,False,,False,False
0 days 01:08:39.173000,SAI,55,0 days 00:02:03.343000,20.0,6.0,0 days 01:06:36.487000,,0 days 00:00:32.876000,0 days 00:00:39.830000,0 days 00:00:50.637000,0 days 01:07:08.706000,0 days 01:07:48.536000,0 days 01:08:39.173000,84.0,238.0,300.0,305.0,False,ULTRASOFT,1.0,True,Renault,0 days 01:06:36.487000,2018-06-23 15:02:36.553,1,,False,,False,False
0 days 01:10:11.299000,SAI,55,0 days 00:01:32.126000,21.0,6.0,,,0 days 00:00:22.897000,0 days 00:00:28.322000,0 days 00:00:40.907000,0 days 01:09:02.070000,0 days 01:09:30.392000,0 days 01:10:11.299000,120.0,283.0,297.0,323.0,True,ULTRASOFT,2.0,True,Renault,0 days 01:08:39.173000,2018-06-23 15:04:39.239,1,,False,,False,True
0 days 01:12:44.266000,SAI,55,,22.0,6.0,,0 days 01:12:08.869000,0 days 00:00:28.796000,0 days 00:00:35.986000,0 days 00:01:28.158000,0 days 01:10:40.150000,0 days 01:11:16.108000,0 days 01:12:44.277000,94.0,222.0,,186.0,False,ULTRASOFT,3.0,True,Renault,0 days 01:10:11.299000,2018-06-23 15:06:11.365,1,,False,,False,False
0 days 00:06:47.466000,LEC,16,0 days 00:02:13.188000,1.0,1.0,0 days 00:04:34.976000,,0 days 00:00:33.552000,0 days 00:00:34.375000,0 days 00:01:05.261000,0 days 00:05:07.901000,0 days 00:05:42.219000,0 days 00:06:47.580000,101.0,271.0,297.0,287.0,False,ULTRASOFT,1.0,True,Sauber,0 days 00:04:34.976000,2018-06-23 14:00:35.042,,,False,,False,False
0 days 00:08:20.523000,LEC,16,0 days 00:01:33.057000,2.0,1.0,,,0 days 00:00:23.421000,0 days 00:00:28.351000,0 days 00:00:41.285000,0 days 00:07:10.887000,0 days 00:07:39.238000,0 days 00:08:20.523000,114.0,284.0,298.0,325.0,True,ULTRASOFT,2.0,True,Sauber,0 days 00:06:47.466000,2018-06-23 14:02:47.532,,,False,,False,False
0 days 00:10:32.138000,LEC,16,0 days 00:02:11.615000,3.0,1.0,,,0 days 00:00:35.348000,0 days 00:00:37.175000,0 days 00:00:59.092000,0 days 00:08:55.871000,0 days 00:09:33.046000,0 days 00:10:32.138000,91.0,250.0,298.0,254.0,False,ULTRASOFT,3.0,True,Sauber,0 days 00:08:20.523000,2018-06-23 14:04:20.589,,,False,,False,False
0 days 00:12:04.943000,LEC,16,0 days 00:01:32.805000,4.0,1.0,,,0 days 00:00:23.218000,0 days 00:00:28.208000,0 days 00:00:41.379000,0 days 00:10:55.356000,0 days 00:11:23.564000,0 days 00:12:04.943000,116.0,285.0,298.0,330.0,True,ULTRASOFT,4.0,True,Sauber,0 days 00:10:32.138000,2018-06-23 14:06:32.204,,,False,,False,False
0 days 00:15:25.926000,LEC,16,,5.0,1.0,,0 days 00:13:46.310000,0 days 00:00:26.140000,0 days 00:00:31.303000,,0 days 00:12:31.081000,0 days 00:13:02.388000,,113.0,259.0,,302.0,False,ULTRASOFT,5.0,True,Sauber,0 days 00:12:04.943000,2018-06-23 14:08:05.009,,,False,,False,False
0 days 00:17:22.469000,LEC,16,0 days 00:01:56.543000,6.0,2.0,0 days 00:15:26.598000,,0 days 00:00:31.171000,0 days 00:00:31.630000,0 days 00:00:53.742000,0 days 00:15:57.097000,0 days 00:16:28.727000,0 days 00:17:22.469000,108.0,273.0,298.0,264.0,False,ULTRASOFT,1.0,True,Sauber,0 days 00:15:25.926000,2018-06-23 14:11:25.992,,,False,,False,False
0 days 00:19:06.431000,LEC,16,0 days 00:01:43.962000,7.0,2.0,,,0 days 00:00:22.982000,0 days 00:00:29.936000,0 days 00:00:51.044000,0 days 00:17:45.451000,0 days 00:18:15.387000,0 days 00:19:06.431000,116.0,250.0,254.0,325.0,False,ULTRASOFT,2.0,True,Sauber,0 days 00:17:22.469000,2018-06-23 14:13:22.535,,,False,,False,False
0 days 00:21:03.351000,LEC,16,0 days 00:01:56.920000,8.0,2.0,,,0 days 00:00:29.018000,0 days 00:00:36.487000,0 days 00:00:51.415000,0 days 00:19:35.449000,0 days 00:20:11.936000,0 days 00:21:03.351000,96.0,248.0,298.0,199.0,False,ULTRASOFT,3.0,True,Sauber,0 days 00:19:06.431000,2018-06-23 14:15:06.497,,,False,,False,False
0 days 00:22:35.889000,LEC,16,0 days 00:01:32.538000,9.0,2.0,,,0 days 00:00:22.992000,0 days 00:00:28.293000,0 days 00:00:41.253000,0 days 00:21:26.343000,0 days 00:21:54.636000,0 days 00:22:35.889000,117.0,283.0,297.0,325.0,True,ULTRASOFT,4.0,True,Sauber,0 days 00:21:03.351000,2018-06-23 14:17:03.417,,,False,,False,False
0 days 00:29:19.390000,LEC,16,,10.0,2.0,,0 days 00:24:28.307000,0 days 00:00:28.871000,0 days 00:00:36.231000,,0 days 00:23:04.757000,0 days 00:23:40.977000,,91.0,249.0,,236.0,False,ULTRASOFT,5.0,True,Sauber,0 days 00:22:35.889000,2018-06-23 14:18:35.955,,,False,,False,False
0 days 00:31:13.970000,LEC,16,0 days 00:01:54.580000,11.0,3.0,0 days 00:29:20.073000,,0 days 00:00:33.603000,0 days 00:00:31.541000,0 days 00:00:49.436000,0 days 00:29:52.993000,0 days 00:30:24.534000,0 days 00:31:13.970000,98.0,275.0,300.0,298.0,False,ULTRASOFT,1.0,True,Sauber,0 days 00:29:19.390000,2018-06-23 14:25:19.456,,,False,,False,False
0 days 00:32:46.934000,LEC,16,0 days 00:01:32.964000,12.0,3.0,,,0 days 00:00:23.208000,0 days 00:00:28.346000,0 days 00:00:41.410000,0 days 00:31:37.178000,0 days 00:32:05.524000,0 days 00:32:46.934000,114.0,286.0,300.0,331.0,True,ULTRASOFT,2.0,True,Sauber,0 days 00:31:13.970000,2018-06-23 14:27:14.036,,,False,,False,False
0 days 00:34:47.040000,LEC,16,0 days 00:02:00.106000,13.0,3.0,,,0 days 00:00:31.158000,0 days 00:00:36.867000,0 days 00:00:52.081000,0 days 00:33:18.092000,0 days 00:33:54.959000,0 days 00:34:47.040000,85.0,251.0,298.0,230.0,False,ULTRASOFT,3.0,True,Sauber,0 days 00:32:46.934000,2018-06-23 14:28:47.000,,,False,,False,False
0 days 00:36:19.759000,LEC,16,0 days 00:01:32.719000,14.0,3.0,,,0 days 00:00:23.100000,0 days 00:00:28.396000,0 days 00:00:41.223000,0 days 00:35:10.140000,0 days 00:35:38.536000,0 days 00:36:19.759000,118.0,283.0,296.0,325.0,True,ULTRASOFT,4.0,True,Sauber,0 days 00:34:47.040000,2018-06-23 14:30:47.106,1,,False,,False,True
0 days 00:41:18.286000,LEC,16,,15.0,3.0,,0 days 00:38:01.817000,0 days 00:00:27.659000,0 days 00:00:32.210000,,0 days 00:36:47.437000,0 days 00:37:19.625000,,95.0,253.0,,289.0,False,ULTRASOFT,5.0,True,Sauber,0 days 00:36:19.759000,2018-06-23 14:32:19.825,1,,False,,False,False
0 days 00:43:27.348000,LEC,16,0 days 00:02:09.062000,16.0,4.0,0 days 00:41:18.943000,,0 days 00:00:34.586000,0 days 00:00:34.406000,0 days 00:01:00.070000,0 days 00:41:52.872000,0 days 00:42:27.278000,0 days 00:43:27.348000,100.0,268.0,299.0,276.0,False,ULTRASOFT,1.0,True,Sauber,0 days 00:41:18.286000,2018-06-23 14:37:18.352,1,,False,,False,False
0 days 00:44:59.403000,LEC,16,0 days 00:01:32.055000,17.0,4.0,,,0 days 00:00:22.841000,0 days 00:00:28.147000,0 days 00:00:41.067000,0 days 00:43:50.189000,0 days 00:44:18.336000,0 days 00:44:59.403000,119.0,283.0,299.0,326.0,True,ULTRASOFT,2.0,True,Sauber,0 days 00:43:27.348000,2018-06-23 14:39:27.414,1,,False,,False,True
0 days 01:06:51.665000,LEC,16,,18.0,4.0,,0 days 00:46:57.504000,0 days 00:00:30.455000,0 days 00:00:39.129000,,0 days 00:45:29.960000,0 days 00:46:08.999000,,86.0,247.0,,172.0,False,ULTRASOFT,3.0,True,Sauber,0 days 00:44:59.403000,2018-06-23 14:40:59.469,125,,False,,False,False
0 days 01:08:47.072000,LEC,16,0 days 00:01:55.407000,19.0,5.0,0 days 01:06:52.349000,,0 days 00:00:35.395000,0 days 00:00:33.171000,0 days 00:00:46.841000,0 days 01:07:27.060000,0 days 01:08:00.231000,0 days 01:08:47.072000,101.0,269.0,297.0,283.0,False,ULTRASOFT,1.0,True,Sauber,0 days 01:06:52.349000,2018-06-23 15:02:52.415,1,,False,,False,False
0 days 01:10:19.707000,LEC,16,0 days 00:01:32.635000,20.0,5.0,,,0 days 00:00:22.856000,0 days 00:00:28.418000,0 days 00:00:41.361000,0 days 01:09:09.928000,0 days 01:09:38.346000,0 days 01:10:19.707000,120.0,282.0,296.0,323.0,True,ULTRASOFT,2.0,True,Sauber,0 days 01:08:47.072000,2018-06-23 15:04:47.138,1,,False,,False,True
0 days 01:12:46.490000,LEC,16,0 days 00:02:26.783000,21.0,5.0,,0 days 01:12:15.351000,0 days 00:00:28.857000,0 days 00:00:37.279000,0 days 00:01:20.647000,0 days 01:10:48.564000,0 days 01:11:25.843000,0 days 01:12:46.490000,92.0,248.0,,249.0,False,ULTRASOFT,3.0,True,Sauber,0 days 01:10:19.707000,2018-06-23 15:06:19.773,1,,False,,False,False
0 days 00:06:22.376000,MAG,20,0 days 00:02:04.338000,1.0,1.0,0 days 00:04:18.796000,,0 days 00:00:36.535000,0 days 00:00:33.477000,0 days 00:00:54.326000,0 days 00:04:54.573000,0 days 00:05:28.071000,0 days 00:06:22.480000,97.0,268.0,298.0,303.0,False,ULTRASOFT,1.0,True,Haas F1 Team,0 days 00:04:18.796000,2018-06-23 14:00:18.862,,,False,,False,False
0 days 00:07:55.332000,MAG,20,0 days 00:01:32.956000,2.0,1.0,,,0 days 00:00:23.222000,0 days 00:00:28.459000,0 days 00:00:41.275000,0 days 00:06:45.598000,0 days 00:07:14.057000,0 days 00:07:55.332000,113.0,282.0,297.0,322.0,True,ULTRASOFT,2.0,True,Haas F1 Team,0 days 00:06:22.376000,2018-06-23 14:02:22.442,,,False,,False,False
0 days 00:10:00.088000,MAG,20,0 days 00:02:04.756000,3.0,1.0,,,0 days 00:00:32.452000,0 days 00:00:38.727000,0 days 00:00:53.577000,0 days 00:08:27.784000,0 days 00:09:06.511000,0 days 00:10:00.088000,80.0,244.0,297.0,226.0,False,ULTRASOFT,3.0,True,Haas F1 Team,0 days 00:07:55.332000,2018-06-23 14:03:55.398,,,False,,False,False
0 days 00:11:32.562000,MAG,20,0 days 00:01:32.474000,4.0,1.0,,,0 days 00:00:23.308000,0 days 00:00:28.228000,0 days 00:00:40.938000,0 days 00:10:23.396000,0 days 00:10:51.624000,0 days 00:11:32.562000,115.0,282.0,297.0,322.0,True,ULTRASOFT,4.0,True,Haas F1 Team,0 days 00:10:00.088000,2018-06-23 14:06:00.154,,,False,,False,False
0 days 00:15:11.509000,MAG,20,,5.0,1.0,,0 days 00:13:25.734000,0 days 00:00:30.757000,0 days 00:00:34.556000,,0 days 00:12:03.323000,0 days 00:12:37.870000,,91.0,247.0,,235.0,False,ULTRASOFT,5.0,True,Haas F1 Team,0 days 00:11:32.562000,2018-06-23 14:07:32.628,,,False,,False,False
0 days 00:17:05.940000,MAG,20,0 days 00:01:54.431000,6.0,2.0,0 days 00:15:12.175000,,0 days 00:00:32.071000,0 days 00:00:32.879000,0 days 00:00:49.481000,0 days 00:15:43.580000,0 days 00:16:16.459000,0 days 00:17:05.940000,102.0,266.0,296.0,290.0,False,ULTRASOFT,1.0,True,Haas F1 Team,0 days 00:15:11.509000,2018-06-23 14:11:11.575,,,False,,False,False
0 days 00:18:38.176000,MAG,20,0 days 00:01:32.236000,7.0,2.0,,,0 days 00:00:22.844000,0 days 00:00:28.385000,0 days 00:00:41.007000,0 days 00:17:28.784000,0 days 00:17:57.169000,0 days 00:18:38.176000,119.0,279.0,295.0,320.0,True,ULTRASOFT,2.0,True,Haas F1 Team,0 days 00:17:05.940000,2018-06-23 14:13:06.006,,,False,,False,False
0 days 00:20:38.550000,MAG,20,0 days 00:02:00.374000,8.0,2.0,,,0 days 00:00:31.762000,0 days 00:00:36.930000,0 days 00:00:51.682000,0 days 00:19:09.938000,0 days 00:19:46.868000,0 days 00:20:38.550000,91.0,245.0,296.0,217.0,False,ULTRASOFT,3.0,True,Haas F1 Team,0 days 00:18:38.176000,2018-06-23 14:14:38.242,,,False,,False,False
0 days 00:22:10.719000,MAG,20,0 days 00:01:32.169000,9.0,2.0,,,0 days 00:00:22.967000,0 days 00:00:28.326000,0 days 00:00:40.876000,0 days 00:21:01.517000,0 days 00:21:29.843000,0 days 00:22:10.719000,113.0,280.0,297.0,319.0,True,ULTRASOFT,4.0,True,Haas F1 Team,0 days 00:20:38.550000,2018-06-23 14:16:38.616,,,False,,False,False
0 days 00:29:08.357000,MAG,20,,10.0,2.0,,0 days 00:24:01.696000,0 days 00:00:29.276000,0 days 00:00:34.468000,,0 days 00:22:40.009000,0 days 00:23:14.460000,,98.0,248.0,,260.0,False,ULTRASOFT,5.0,True,Haas F1 Team,0 days 00:22:10.719000,2018-06-23 14:18:10.785,,,False,,False,False
0 days 00:30:59.427000,MAG,20,0 days 00:01:51.070000,11.0,3.0,0 days 00:29:09.145000,,0 days 00:00:31.403000,0 days 00:00:30.475000,0 days 00:00:49.192000,0 days 00:29:39.760000,0 days 00:30:10.235000,0 days 00:30:59.427000,113.0,274.0,300.0,275.0,False,ULTRASOFT,1.0,True,Haas F1 Team,0 days 00:29:08.357000,2018-06-23 14:25:08.423,,,False,,False,False
0 days 00:32:32.122000,MAG,20,0 days 00:01:32.695000,12.0,3.0,,,0 days 00:00:23.520000,0 days 00:00:28.288000,0 days 00:00:40.887000,0 days 00:31:22.947000,0 days 00:31:51.235000,0 days 00:32:32.122000,113.0,285.0,301.0,328.0,True,ULTRASOFT,2.0,True,Haas F1 Team,0 days 00:30:59.427000,2018-06-23 14:26:59.493,,,False,,False,False
0 days 00:34:29.007000,MAG,20,0 days 00:01:56.885000,13.0,3.0,,,0 days 00:00:28.948000,0 days 00:00:35.274000,0 days 00:00:52.663000,0 days 00:33:01.070000,0 days 00:33:36.344000,0 days 00:34:29.007000,92.0,257.0,300.0,236.0,False,ULTRASOFT,3.0,True,Haas F1 Team,0 days 00:32:32.122000,2018-06-23 14:28:32.188,,,False,,False,False
0 days 00:36:01.042000,MAG,20,0 days 00:01:32.035000,14.0,3.0,,,0 days 00:00:22.983000,0 days 00:00:28.214000,0 days 00:00:40.838000,0 days 00:34:51.990000,0 days 00:35:20.204000,0 days 00:36:01.042000,116.0,283.0,298.0,322.0,True,ULTRASOFT,4.0,True,Haas F1 Team,0 days 00:34:29.007000,2018-06-23 14:30:29.073,,,False,,False,False
0 days 00:40:54.156000,MAG,20,,15.0,3.0,,0 days 00:37:54.086000,0 days 00:00:28.110000,0 days 00:00:34.128000,,0 days 00:36:29.151000,0 days 00:37:03.296000,,100.0,250.0,,246.0,False,ULTRASOFT,5.0,True,Haas F1 Team,0 days 00:36:01.042000,2018-06-23 14:32:01.108,1,,False,,False,False
0 days 00:42:46.967000,MAG,20,0 days 00:01:52.811000,16.0,4.0,0 days 00:40:54.799000,,0 days 00:00:31.329000,0 days 00:00:31.476000,0 days 00:00:50.006000,0 days 00:41:25.485000,0 days 00:41:56.961000,0 days 00:42:46.967000,104.0,273.0,300.0,304.0,False,ULTRASOFT,1.0,True,Haas F1 Team,0 days 00:40:54.156000,2018-06-23 14:36:54.222,1,,False,,False,False
0 days 00:44:18.477000,MAG,20,0 days 00:01:31.510000,17.0,4.0,,,0 days 00:00:22.760000,0 days 00:00:28.140000,0 days 00:00:40.610000,0 days 00:43:09.727000,0 days 00:43:37.867000,0 days 00:44:18.477000,122.0,282.0,298.0,323.0,True,ULTRASOFT,2.0,True,Haas F1 Team,0 days 00:42:46.967000,2018-06-23 14:38:47.033,1,,False,,False,True
0 days 00:53:33.571000,MAG,20,,18.0,4.0,,0 days 00:46:12.407000,0 days 00:00:28.403000,0 days 00:00:34.014000,,0 days 00:44:46.885000,0 days 00:45:20.902000,,97.0,251.0,,234.0,False,ULTRASOFT,3.0,True,Haas F1 Team,0 days 00:44:18.477000,2018-06-23 14:40:18.543,1,,False,,False,False
0 days 00:55:35.716000,MAG,20,0 days 00:02:02.145000,19.0,5.0,0 days 00:53:34.212000,,0 days 00:00:31.538000,0 days 00:00:32.258000,0 days 00:00:58.349000,0 days 00:54:05.109000,0 days 00:54:37.367000,0 days 00:55:35.716000,103.0,266.0,298.0,297.0,False,ULTRASOFT,6.0,False,Haas F1 Team,0 days 00:53:33.571000,2018-06-23 14:49:33.637,1,,False,,False,False
0 days 01:06:39.108000,MAG,20,,20.0,5.0,,0 days 00:57:34.451000,0 days 00:00:23.042000,,,0 days 00:55:58.764000,,,115.0,,,,False,ULTRASOFT,7.0,False,Haas F1 Team,0 days 00:55:35.716000,2018-06-23 14:51:35.782,125,,False,,False,False
0 days 01:08:34.674000,MAG,20,0 days 00:01:55.566000,21.0,6.0,0 days 01:06:39.752000,,0 days 00:00:32.232000,0 days 00:00:36.412000,0 days 00:00:46.922000,0 days 01:07:11.340000,0 days 01:07:47.752000,0 days 01:08:34.674000,90.0,270.0,295.0,294.0,False,ULTRASOFT,1.0,True,Haas F1 Team,0 days 01:06:39.752000,2018-06-23 15:02:39.818,1,,False,,False,False
0 days 01:10:07.604000,MAG,20,0 days 00:01:32.930000,22.0,6.0,,,0 days 00:00:23.871000,0 days 00:00:28.296000,0 days 00:00:40.763000,0 days 01:08:58.545000,0 days 01:09:26.841000,0 days 01:10:07.604000,110.0,282.0,295.0,330.0,True,ULTRASOFT,2.0,True,Haas F1 Team,0 days 01:08:34.674000,2018-06-23 15:04:34.740,1,,False,,False,True
0 days 01:12:39.468000,MAG,20,,23.0,6.0,,0 days 01:12:07.474000,0 days 00:00:30.913000,0 days 00:00:36.229000,0 days 00:01:24.711000,0 days 01:10:38.528000,0 days 01:11:14.780000,0 days 01:12:39.495000,95.0,250.0,,192.0,False,ULTRASOFT,3.0,True,Haas F1 Team,0 days 01:10:07.604000,2018-06-23 15:06:07.670,1,,False,,False,False
0 days 00:06:41.607000,GRO,8,0 days 00:02:10.425000,1.0,1.0,0 days 00:04:31.763000,,0 days 00:00:33.806000,0 days 00:00:34.891000,0 days 00:01:01.728000,0 days 00:05:05.006000,0 days 00:05:39.905000,0 days 00:06:41.716000,98.0,256.0,297.0,263.0,False,ULTRASOFT,1.0,True,Haas F1 Team,0 days 00:04:31.763000,2018-06-23 14:00:31.829,,,False,,False,False
0 days 00:08:14.073000,GRO,8,0 days 00:01:32.466000,2.0,1.0,,,0 days 00:00:23.067000,0 days 00:00:28.176000,0 days 00:00:41.223000,0 days 00:07:04.674000,0 days 00:07:32.850000,0 days 00:08:14.073000,117.0,283.0,298.0,324.0,True,ULTRASOFT,2.0,True,Haas F1 Team,0 days 00:06:41.607000,2018-06-23 14:02:41.673,,,False,,False,False
0 days 00:10:29.263000,GRO,8,0 days 00:02:15.190000,3.0,1.0,,,0 days 00:00:33.756000,0 days 00:00:39.659000,0 days 00:01:01.775000,0 days 00:08:47.829000,0 days 00:09:27.488000,0 days 00:10:29.263000,96.0,244.0,298.0,209.0,False,ULTRASOFT,3.0,True,Haas F1 Team,0 days 00:08:14.073000,2018-06-23 14:04:14.139,,,False,,False,False
0 days 00:12:01.442000,GRO,8,0 days 00:01:32.179000,4.0,1.0,,,0 days 00:00:22.965000,0 days 00:00:28.180000,0 days 00:00:41.034000,0 days 00:10:52.228000,0 days 00:11:20.408000,0 days 00:12:01.442000,117.0,282.0,298.0,326.0,True,ULTRASOFT,4.0,True,Haas F1 Team,0 days 00:10:29.263000,2018-06-23 14:06:29.329,,,False,,False,False
0 days 00:15:51.732000,GRO,8,,5.0,1.0,,0 days 00:13:49.655000,0 days 00:00:27.128000,0 days 00:00:33.197000,,0 days 00:12:28.574000,0 days 00:13:01.799000,,109.0,250.0,,265.0,False,ULTRASOFT,5.0,True,Haas F1 Team,0 days 00:12:01.442000,2018-06-23 14:08:01.508,,,False,,False,False
0 days 00:17:54.365000,GRO,8,0 days 00:02:02.633000,6.0,2.0,0 days 00:15:52.304000,,0 days 00:00:33.979000,0 days 00:00:34.184000,0 days 00:00:54.470000,0 days 00:16:25.711000,0 days 00:16:59.895000,0 days 00:17:54.365000,106.0,262.0,298.0,250.0,False,ULTRASOFT,1.0,True,Haas F1 Team,0 days 00:15:51.732000,2018-06-23 14:11:51.798,,,False,,False,False
0 days 00:19:26.448000,GRO,8,0 days 00:01:32.083000,7.0,2.0,,,0 days 00:00:22.870000,0 days 00:00:28.361000,0 days 00:00:40.852000,0 days 00:18:17.235000,0 days 00:18:45.596000,0 days 00:19:26.448000,117.0,282.0,297.0,323.0,True,ULTRASOFT,2.0,True,Haas F1 Team,0 days 00:17:54.365000,2018-06-23 14:13:54.431,,,False,,False,False
0 days 00:21:41.674000,GRO,8,0 days 00:02:15.226000,8.0,2.0,,,0 days 00:00:32.114000,0 days 00:00:45.498000,0 days 00:00:57.614000,0 days 00:19:58.562000,0 days 00:20:44.060000,0 days 00:21:41.674000,93.0,209.0,299.0,187.0,False,ULTRASOFT,3.0,True,Haas F1 Team,0 days 00:19:26.448000,2018-06-23 14:15:26.514,,,False,,False,False
0 days 00:23:13.861000,GRO,8,0 days 00:01:32.187000,9.0,2.0,,,0 days 00:00:22.840000,0 days 00:00:28.423000,0 days 00:00:40.924000,0 days 00:22:04.514000,0 days 00:22:32.937000,0 days 00:23:13.861000,117.0,282.0,297.0,323.0,False,ULTRASOFT,4.0,True,Haas F1 Team,0 days 00:21:41.674000,2018-06-23 14:17:41.740,,,False,,False,False
0 days 00:29:10.728000,GRO,8,,10.0,2.0,,0 days 00:25:11.419000,0 days 00:00:28.672000,0 days 00:00:34.663000,,0 days 00:23:42.539000,0 days 00:24:17.212000,,107.0,229.0,,208.0,False,ULTRASOFT,5.0,True,Haas F1 Team,0 days 00:23:13.861000,2018-06-23 14:19:13.927,,,False,,False,False
0 days 00:31:05.258000,GRO,8,0 days 00:01:54.530000,11.0,3.0,0 days 00:29:11.316000,,0 days 00:00:29.851000,0 days 00:00:30.478000,0 days 00:00:54.201000,0 days 00:29:40.579000,0 days 00:30:11.057000,0 days 00:31:05.258000,111.0,274.0,301.0,297.0,False,ULTRASOFT,1.0,True,Haas F1 Team,0 days 00:29:10.728000,2018-06-23 14:25:10.794,,,False,,False,False
0 days 00:32:37.333000,GRO,8,0 days 00:01:32.075000,12.0,3.0,,,0 days 00:00:23.009000,0 days 00:00:28.228000,0 days 00:00:40.838000,0 days 00:31:28.267000,0 days 00:31:56.495000,0 days 00:32:37.333000,118.0,285.0,301.0,328.0,True,ULTRASOFT,2.0,True,Haas F1 Team,0 days 00:31:05.258000,2018-06-23 14:27:05.324,,,False,,False,False
0 days 00:34:37.793000,GRO,8,0 days 00:02:00.460000,13.0,3.0,,,0 days 00:00:29.399000,0 days 00:00:38.632000,0 days 00:00:52.429000,0 days 00:33:06.732000,0 days 00:33:45.364000,0 days 00:34:37.793000,98.0,202.0,299.0,199.0,False,ULTRASOFT,3.0,True,Haas F1 Team,0 days 00:32:37.333000,2018-06-23 14:28:37.399,,,False,,False,False
0 days 00:36:09.926000,GRO,8,0 days 00:01:32.133000,14.0,3.0,,,0 days 00:00:23.049000,0 days 00:00:28.266000,0 days 00:00:40.818000,0 days 00:35:00.842000,0 days 00:35:29.108000,0 days 00:36:09.926000,117.0,282.0,297.0,323.0,False,ULTRASOFT,4.0,True,Haas F1 Team,0 days 00:34:37.793000,2018-06-23 14:30:37.859,,,False,,False,False
0 days 00:41:10.263000,GRO,8,,15.0,3.0,,0 days 00:37:55.066000,0 days 00:00:26.282000,0 days 00:00:32.057000,,0 days 00:36:36.200000,0 days 00:37:08.281000,,109.0,254.0,,282.0,False,ULTRASOFT,5.0,True,Haas F1 Team,0 days 00:36:09.926000,2018-06-23 14:32:09.992,1,,False,,False,False
0 days 00:43:06.778000,GRO,8,0 days 00:01:56.515000,16.0,4.0,0 days 00:41:10.849000,,0 days 00:00:31.775000,0 days 00:00:32.607000,0 days 00:00:52.133000,0 days 00:41:42.038000,0 days 00:42:14.645000,0 days 00:43:06.778000,102.0,267.0,299.0,287.0,False,ULTRASOFT,1.0,True,Haas F1 Team,0 days 00:41:10.263000,2018-06-23 14:37:10.329,1,,False,,False,False
0 days 00:44:38.250000,GRO,8,0 days 00:01:31.472000,17.0,4.0,,,0 days 00:00:22.682000,0 days 00:00:28.092000,0 days 00:00:40.698000,0 days 00:43:29.460000,0 days 00:43:57.552000,0 days 00:44:38.250000,116.0,283.0,299.0,324.0,True,ULTRASOFT,2.0,True,Haas F1 Team,0 days 00:43:06.778000,2018-06-23 14:39:06.844,1,,False,,False,True
0 days 00:53:47.629000,GRO,8,,18.0,4.0,,0 days 00:46:41.863000,0 days 00:00:31.090000,0 days 00:00:38.840000,,0 days 00:45:09.323000,0 days 00:45:48.217000,,93.0,213.0,,210.0,False,ULTRASOFT,3.0,True,Haas F1 Team,0 days 00:44:38.250000,2018-06-23 14:40:38.316,1,,False,,False,False
0 days 00:55:43.890000,GRO,8,0 days 00:01:56.261000,19.0,5.0,0 days 00:53:48.181000,,0 days 00:00:33.484000,0 days 00:00:33.621000,0 days 00:00:49.156000,0 days 00:54:21.113000,0 days 00:54:54.734000,0 days 00:55:43.890000,107.0,269.0,299.0,278.0,False,ULTRASOFT,6.0,False,Haas F1 Team,0 days 00:53:47.629000,2018-06-23 14:49:47.695,1,,False,,False,False
0 days 01:00:47.352000,GRO,8,,20.0,5.0,,0 days 01:00:47.352000,0 days 00:00:33.484000,,,0 days 01:00:47.352000,,,,,,,False,ULTRASOFT,7.0,False,Haas F1 Team,0 days 00:55:43.890000,2018-06-23 14:51:43.956,125,,False,,False,False
0 days 00:13:01.303000,OCO,31,0 days 00:01:52.012000,1.0,1.0,0 days 00:11:09.977000,,0 days 00:00:34.567000,0 days 00:00:32.042000,0 days 00:00:45.403000,0 days 00:11:43.947000,0 days 00:12:15.900000,0 days 00:13:01.438000,109.0,264.0,300.0,307.0,False,ULTRASOFT,1.0,True,Force India,0 days 00:11:09.977000,2018-06-23 14:07:10.043,,,False,,False,False
0 days 00:14:34.572000,OCO,31,0 days 00:01:33.269000,2.0,1.0,,,0 days 00:00:23.362000,0 days 00:00:28.347000,0 days 00:00:41.560000,0 days 00:13:24.665000,0 days 00:13:53.012000,0 days 00:14:34.572000,123.0,282.0,302.0,325.0,True,ULTRASOFT,2.0,True,Force India,0 days 00:13:01.303000,2018-06-23 14:09:01.369,,,False,,False,False
0 days 00:18:40.588000,OCO,31,,3.0,1.0,,0 days 00:16:27.960000,0 days 00:00:33.795000,0 days 00:00:33.348000,,0 days 00:15:08.410000,0 days 00:15:41.682000,,106.0,222.0,,244.0,False,ULTRASOFT,3.0,True,Force India,0 days 00:14:34.572000,2018-06-23 14:10:34.638,,,False,,False,False
0 days 00:20:44.356000,OCO,31,0 days 00:02:03.768000,4.0,2.0,0 days 00:18:41.294000,,0 days 00:00:34.463000,0 days 00:00:33.011000,0 days 00:00:56.294000,0 days 00:19:15.051000,0 days 00:19:48.062000,0 days 00:20:44.356000,104.0,262.0,303.0,312.0,False,ULTRASOFT,1.0,True,Force India,0 days 00:18:40.588000,2018-06-23 14:14:40.654,,,False,,False,False
0 days 00:22:17.142000,OCO,31,0 days 00:01:32.786000,5.0,2.0,,,0 days 00:00:23.236000,0 days 00:00:28.281000,0 days 00:00:41.269000,0 days 00:21:07.592000,0 days 00:21:35.873000,0 days 00:22:17.142000,124.0,284.0,299.0,326.0,True,ULTRASOFT,2.0,True,Force India,0 days 00:20:44.356000,2018-06-23 14:16:44.422,,,False,,False,False
0 days 00:29:17.018000,OCO,31,,6.0,2.0,,0 days 00:24:02.914000,0 days 00:00:28.734000,0 days 00:00:31.565000,,0 days 00:22:45.927000,0 days 00:23:17.444000,,113.0,260.0,,299.0,False,ULTRASOFT,3.0,True,Force India,0 days 00:22:17.142000,2018-06-23 14:18:17.208,,,False,,False,False
0 days 00:31:17.422000,OCO,31,0 days 00:02:00.404000,7.0,3.0,0 days 00:29:17.582000,,0 days 00:00:33.370000,0 days 00:00:31.767000,0 days 00:00:55.267000,0 days 00:29:50.388000,0 days 00:30:22.155000,0 days 00:31:17.422000,110.0,265.0,305.0,313.0,False,ULTRASOFT,1.0,True,Force India,0 days 00:29:17.018000,2018-06-23 14:25:17.084,,,False,,False,False
0 days 00:32:51.112000,OCO,31,0 days 00:01:33.690000,8.0,3.0,,,0 days 00:00:24.048000,0 days 00:00:28.325000,0 days 00:00:41.317000,0 days 00:31:41.470000,0 days 00:32:09.795000,0 days 00:32:51.112000,119.0,286.0,302.0,330.0,True,ULTRASOFT,2.0,True,Force India,0 days 00:31:17.422000,2018-06-23 14:27:17.488,,,False,,False,False
0 days 00:34:52.266000,OCO,31,0 days 00:02:01.154000,9.0,3.0,,,0 days 00:00:29.058000,0 days 00:00:35.711000,0 days 00:00:56.385000,0 days 00:33:20.170000,0 days 00:33:55.881000,0 days 00:34:52.266000,105.0,156.0,304.0,152.0,False,ULTRASOFT,3.0,True,Force India,0 days 00:32:51.112000,2018-06-23 14:28:51.178,,,False,,False,False
0 days 00:36:24.881000,OCO,31,0 days 00:01:32.615000,10.0,3.0,,,0 days 00:00:23.220000,0 days 00:00:28.260000,0 days 00:00:41.135000,0 days 00:35:15.486000,0 days 00:35:43.746000,0 days 00:36:24.881000,122.0,285.0,301.0,328.0,True,ULTRASOFT,4.0,True,Force India,0 days 00:34:52.266000,2018-06-23 14:30:52.332,1,,False,,False,True
0 days 00:41:13.519000,OCO,31,,11.0,3.0,,0 days 00:38:02.659000,0 days 00:00:25.203000,0 days 00:00:30.224000,,0 days 00:36:50.154000,0 days 00:37:20.312000,,117.0,264.0,,310.0,False,ULTRASOFT,5.0,True,Force India,0 days 00:36:24.881000,2018-06-23 14:32:24.947,1,,False,,False,False
0 days 00:43:13.800000,OCO,31,0 days 00:02:00.281000,12.0,4.0,0 days 00:41:14.208000,,0 days 00:00:33.222000,0 days 00:00:31.583000,0 days 00:00:55.476000,0 days 00:41:46.741000,0 days 00:42:18.324000,0 days 00:43:13.800000,107.0,266.0,304.0,313.0,False,ULTRASOFT,1.0,True,Force India,0 days 00:41:13.519000,2018-06-23 14:37:13.585,1,,False,,False,False
0 days 00:44:45.875000,OCO,31,0 days 00:01:32.075000,13.0,4.0,,,0 days 00:00:22.961000,0 days 00:00:28.160000,0 days 00:00:40.954000,0 days 00:43:36.761000,0 days 00:44:04.921000,0 days 00:44:45.875000,121.0,284.0,300.0,326.0,True,ULTRASOFT,2.0,True,Force India,0 days 00:43:13.800000,2018-06-23 14:39:13.866,1,,False,,False,True
0 days 00:46:49.722000,OCO,31,,14.0,4.0,,0 days 00:46:49.722000,0 days 00:00:31.344000,0 days 00:00:37.912000,,0 days 00:45:17.308000,0 days 00:45:55.124000,,108.0,201.0,,191.0,False,ULTRASOFT,3.0,True,Force India,0 days 00:44:45.875000,2018-06-23 14:40:45.941,1,,False,,False,False
0 days 00:07:11.887000,HUL,27,0 days 00:01:50.207000,1.0,1.0,0 days 00:05:22.422000,,0 days 00:00:31.951000,0 days 00:00:32.859000,0 days 00:00:45.397000,0 days 00:05:53.664000,0 days 00:06:26.531000,0 days 00:07:12,106.0,257.0,295.0,292.0,False,ULTRASOFT,1.0,True,Renault,0 days 00:05:22.422000,2018-06-23 14:01:22.488,,,False,,False,False
0 days 00:08:45.284000,HUL,27,0 days 00:01:33.397000,2.0,1.0,,,0 days 00:00:23.500000,0 days 00:00:28.399000,0 days 00:00:41.498000,0 days 00:07:35.387000,0 days 00:08:03.786000,0 days 00:08:45.284000,121.0,282.0,296.0,321.0,True,ULTRASOFT,2.0,True,Renault,0 days 00:07:11.887000,2018-06-23 14:03:11.953,,,False,,False,False
0 days 00:10:54.316000,HUL,27,0 days 00:02:09.032000,3.0,1.0,,,0 days 00:00:32.567000,0 days 00:00:34.841000,0 days 00:01:01.624000,0 days 00:09:17.851000,0 days 00:09:52.692000,0 days 00:10:54.316000,92.0,254.0,300.0,298.0,False,ULTRASOFT,3.0,True,Renault,0 days 00:08:45.284000,2018-06-23 14:04:45.350,,,False,,False,False
0 days 00:12:27.333000,HUL,27,0 days 00:01:33.017000,4.0,1.0,,,0 days 00:00:23.434000,0 days 00:00:28.429000,0 days 00:00:41.154000,0 days 00:11:17.750000,0 days 00:11:46.179000,0 days 00:12:27.333000,117.0,283.0,296.0,326.0,True,ULTRASOFT,4.0,True,Renault,0 days 00:10:54.316000,2018-06-23 14:06:54.382,,,False,,False,False
0 days 00:16:07.778000,HUL,27,,5.0,1.0,,0 days 00:14:11.547000,0 days 00:00:28.164000,0 days 00:00:33.238000,,0 days 00:12:55.517000,0 days 00:13:28.748000,,96.0,258.0,,292.0,False,ULTRASOFT,5.0,True,Renault,0 days 00:12:27.333000,2018-06-23 14:08:27.399,,,False,,False,False
0 days 00:18:01.510000,HUL,27,0 days 00:01:53.732000,6.0,2.0,0 days 00:16:08.460000,,0 days 00:00:31.291000,0 days 00:00:32.234000,0 days 00:00:50.207000,0 days 00:16:39.069000,0 days 00:17:11.303000,0 days 00:18:01.510000,100.0,270.0,299.0,301.0,False,ULTRASOFT,1.0,True,Renault,0 days 00:16:07.778000,2018-06-23 14:12:07.844,,,False,,False,False
0 days 00:19:49.827000,HUL,27,0 days 00:01:48.317000,7.0,2.0,,,0 days 00:00:27.471000,0 days 00:00:32.730000,0 days 00:00:48.116000,0 days 00:18:28.981000,0 days 00:19:01.711000,0 days 00:19:49.827000,103.0,267.0,300.0,317.0,False,ULTRASOFT,2.0,True,Renault,0 days 00:18:01.510000,2018-06-23 14:14:01.576,,,False,,False,False
0 days 00:21:22.776000,HUL,27,0 days 00:01:32.949000,8.0,2.0,,,0 days 00:00:23.091000,0 days 00:00:28.387000,0 days 00:00:41.471000,0 days 00:20:12.918000,0 days 00:20:41.305000,0 days 00:21:22.776000,125.0,282.0,298.0,322.0,True,ULTRASOFT,3.0,True,Renault,0 days 00:19:49.827000,2018-06-23 14:15:49.893,,,False,,False,False
0 days 00:29:06.695000,HUL,27,,9.0,2.0,,0 days 00:23:09.257000,0 days 00:00:29.886000,0 days 00:00:35.393000,,0 days 00:21:52.723000,0 days 00:22:28.036000,,54.0,218.0,,304.0,False,ULTRASOFT,4.0,True,Renault,0 days 00:21:22.776000,2018-06-23 14:17:22.842,,,False,,False,False
0 days 00:30:57.111000,HUL,27,0 days 00:01:50.416000,10.0,3.0,0 days 00:29:07.645000,,0 days 00:00:31.656000,0 days 00:00:29.921000,0 days 00:00:48.839000,0 days 00:29:38.351000,0 days 00:30:08.272000,0 days 00:30:57.111000,110.0,272.0,300.0,324.0,False,ULTRASOFT,1.0,True,Renault,0 days 00:29:06.695000,2018-06-23 14:25:06.761,,,False,,False,False
0 days 00:32:30.044000,HUL,27,0 days 00:01:32.933000,11.0,3.0,,,0 days 00:00:23.413000,0 days 00:00:28.445000,0 days 00:00:41.075000,0 days 00:31:20.524000,0 days 00:31:48.969000,0 days 00:32:30.044000,122.0,284.0,299.0,326.0,True,ULTRASOFT,2.0,True,Renault,0 days 00:30:57.111000,2018-06-23 14:26:57.177,,,False,,False,False
0 days 00:41:50.705000,HUL,27,,12.0,3.0,,0 days 00:34:19.328000,0 days 00:00:28.614000,0 days 00:00:32.504000,,0 days 00:32:58.789000,0 days 00:33:31.186000,,99.0,260.0,,268.0,False,ULTRASOFT,3.0,True,Renault,0 days 00:32:30.044000,2018-06-23 14:28:30.110,1,,False,,False,False
0 days 00:43:50.653000,HUL,27,0 days 00:01:59.948000,13.0,4.0,0 days 00:41:51.353000,,0 days 00:00:31.491000,0 days 00:00:31.475000,0 days 00:00:56.982000,0 days 00:42:22.196000,0 days 00:42:53.671000,0 days 00:43:50.653000,108.0,235.0,300.0,314.0,False,ULTRASOFT,1.0,True,Renault,0 days 00:41:50.705000,2018-06-23 14:37:50.771,1,,False,,False,False
0 days 00:45:22.768000,HUL,27,0 days 00:01:32.115000,14.0,4.0,,,0 days 00:00:22.966000,0 days 00:00:28.211000,0 days 00:00:40.938000,0 days 00:44:13.619000,0 days 00:44:41.830000,0 days 00:45:22.768000,122.0,283.0,295.0,324.0,True,ULTRASOFT,2.0,True,Renault,0 days 00:43:50.653000,2018-06-23 14:39:50.719,1,,False,,False,True
0 days 00:47:18.835000,HUL,27,,15.0,4.0,,0 days 00:47:18.835000,0 days 00:00:33.306000,0 days 00:00:34.976000,,0 days 00:45:56.083000,0 days 00:46:31.033000,,96.0,252.0,,240.0,False,ULTRASOFT,3.0,True,Renault,0 days 00:45:22.768000,2018-06-23 14:41:22.834,1,,False,,False,False
0 days 00:10:59.406000,PER,11,0 days 00:02:04.735000,1.0,1.0,0 days 00:08:55.365000,,0 days 00:00:32.517000,0 days 00:00:34.439000,0 days 00:00:57.779000,0 days 00:09:27.289000,0 days 00:10:01.646000,0 days 00:10:59.542000,99.0,260.0,305.0,306.0,False,ULTRASOFT,1.0,True,Force India,0 days 00:08:55.365000,2018-06-23 14:04:55.431,,,False,,False,False
0 days 00:12:32.898000,PER,11,0 days 00:01:33.492000,2.0,1.0,,,0 days 00:00:23.335000,0 days 00:00:28.546000,0 days 00:00:41.611000,0 days 00:11:22.741000,0 days 00:11:51.287000,0 days 00:12:32.898000,118.0,284.0,299.0,337.0,True,ULTRASOFT,2.0,True,Force India,0 days 00:10:59.406000,2018-06-23 14:06:59.472,,,False,,False,False
0 days 00:14:31.912000,PER,11,0 days 00:01:59.014000,3.0,1.0,,,0 days 00:00:29.318000,0 days 00:00:35.110000,0 days 00:00:54.586000,0 days 00:13:02.216000,0 days 00:13:37.326000,0 days 00:14:31.912000,100.0,237.0,303.0,266.0,False,ULTRASOFT,3.0,True,Force India,0 days 00:12:32.898000,2018-06-23 14:08:32.964,,,False,,False,False
0 days 00:19:14.896000,PER,11,,4.0,1.0,,0 days 00:16:05.708000,0 days 00:00:23.456000,0 days 00:00:28.569000,,0 days 00:14:55.347000,0 days 00:15:23.956000,,114.0,283.0,,329.0,False,ULTRASOFT,4.0,True,Force India,0 days 00:14:31.912000,2018-06-23 14:10:31.978,,,False,,False,False
0 days 00:21:11.728000,PER,11,0 days 00:01:56.832000,5.0,2.0,0 days 00:19:15.482000,,0 days 00:00:33.103000,0 days 00:00:34.492000,0 days 00:00:49.237000,0 days 00:19:47.999000,0 days 00:20:22.491000,0 days 00:21:11.728000,101.0,259.0,304.0,246.0,False,ULTRASOFT,1.0,True,Force India,0 days 00:19:14.896000,2018-06-23 14:15:14.962,,,False,,False,False
0 days 00:22:44.420000,PER,11,0 days 00:01:32.692000,6.0,2.0,,,0 days 00:00:23.056000,0 days 00:00:28.487000,0 days 00:00:41.149000,0 days 00:21:34.784000,0 days 00:22:03.271000,0 days 00:22:44.420000,116.0,284.0,300.0,328.0,True,ULTRASOFT,2.0,True,Force India,0 days 00:21:11.728000,2018-06-23 14:17:11.794,,,False,,False,False
0 days 00:29:18.392000,PER,11,,7.0,2.0,,0 days 00:24:37.658000,0 days 00:00:29.706000,0 days 00:00:36.076000,,0 days 00:23:14.148000,0 days 00:23:50.195000,,93.0,246.0,,228.0,False,ULTRASOFT,3.0,True,Force India,0 days 00:22:44.420000,2018-06-23 14:18:44.486,,,False,,False,False
0 days 00:31:22.086000,PER,11,0 days 00:02:03.694000,8.0,3.0,0 days 00:29:18.988000,,0 days 00:00:35.354000,0 days 00:00:32.486000,0 days 00:00:55.854000,0 days 00:29:53.746000,0 days 00:30:26.232000,0 days 00:31:22.086000,102.0,269.0,305.0,314.0,False,ULTRASOFT,1.0,True,Force India,0 days 00:29:18.392000,2018-06-23 14:25:18.458,,,False,,False,False
0 days 00:32:55.160000,PER,11,0 days 00:01:33.074000,9.0,3.0,,,0 days 00:00:23.449000,0 days 00:00:28.321000,0 days 00:00:41.304000,0 days 00:31:45.535000,0 days 00:32:13.856000,0 days 00:32:55.160000,116.0,286.0,302.0,329.0,True,ULTRASOFT,2.0,True,Force India,0 days 00:31:22.086000,2018-06-23 14:27:22.152,,,False,,False,False
0 days 00:36:42.655000,PER,11,,10.0,3.0,,0 days 00:34:41.470000,0 days 00:00:27.388000,0 days 00:00:33.306000,,0 days 00:33:22.638000,0 days 00:33:55.933000,,87.0,264.0,,232.0,False,ULTRASOFT,3.0,True,Force India,0 days 00:32:55.160000,2018-06-23 14:28:55.226,1,,False,,False,False
0 days 00:38:29.058000,PER,11,0 days 00:01:46.403000,11.0,4.0,0 days 00:36:43.339000,,0 days 00:00:30.831000,0 days 00:00:30.841000,0 days 00:00:44.731000,0 days 00:37:13.486000,0 days 00:37:44.327000,0 days 00:38:29.058000,107.0,265.0,303.0,312.0,False,ULTRASOFT,1.0,True,Force India,0 days 00:36:42.655000,2018-06-23 14:32:42.721,1,,False,,False,False
0 days 00:40:01.542000,PER,11,0 days 00:01:32.484000,12.0,4.0,,,0 days 00:00:23.041000,0 days 00:00:28.317000,0 days 00:00:41.126000,0 days 00:38:52.099000,0 days 00:39:20.416000,0 days 00:40:01.542000,117.0,284.0,298.0,328.0,True,ULTRASOFT,2.0,True,Force India,0 days 00:38:29.058000,2018-06-23 14:34:29.124,1,,False,,False,True
0 days 00:42:04.030000,PER,11,0 days 00:02:02.488000,13.0,4.0,,,0 days 00:00:32.490000,0 days 00:00:37.830000,0 days 00:00:52.168000,0 days 00:40:34.032000,0 days 00:41:11.862000,0 days 00:42:04.030000,84.0,245.0,302.0,286.0,False,ULTRASOFT,3.0,True,Force India,0 days 00:40:01.542000,2018-06-23 14:36:01.608,1,,False,,False,True
0 days 00:43:36.484000,PER,11,0 days 00:01:32.454000,14.0,4.0,,,0 days 00:00:23.137000,0 days 00:00:28.322000,0 days 00:00:40.995000,0 days 00:42:27.167000,0 days 00:42:55.489000,0 days 00:43:36.484000,118.0,285.0,303.0,329.0,True,ULTRASOFT,4.0,True,Force India,0 days 00:42:04.030000,2018-06-23 14:38:04.096,1,,False,,False,True
0 days 00:45:27.762000,PER,11,,15.0,4.0,,0 days 00:45:27.762000,0 days 00:00:28.386000,0 days 00:00:35.256000,,0 days 00:44:04.910000,0 days 00:44:40.116000,,97.0,186.0,,271.0,False,ULTRASOFT,5.0,True,Force India,0 days 00:43:36.484000,2018-06-23 14:39:36.550,1,,False,,False,False
0 days 00:06:10.966000,GAS,10,0 days 00:02:04.134000,1.0,1.0,0 days 00:04:07.611000,,0 days 00:00:37.178000,0 days 00:00:38.159000,0 days 00:00:48.797000,0 days 00:04:44.092000,0 days 00:05:22.179000,0 days 00:06:11.111000,94.0,262.0,293.0,277.0,False,ULTRASOFT,1.0,True,Toro Rosso,0 days 00:04:07.611000,2018-06-23 14:00:07.677,,,False,,False,False
0 days 00:07:44.732000,GAS,10,0 days 00:01:33.766000,2.0,1.0,,,0 days 00:00:23.453000,0 days 00:00:28.832000,0 days 00:00:41.481000,0 days 00:06:34.419000,0 days 00:07:03.251000,0 days 00:07:44.732000,118.0,276.0,294.0,321.0,True,ULTRASOFT,2.0,True,Toro Rosso,0 days 00:06:10.966000,2018-06-23 14:02:11.032,,,False,,False,False
0 days 00:09:53.510000,GAS,10,0 days 00:02:08.778000,3.0,1.0,,,0 days 00:00:34.424000,0 days 00:00:39.015000,0 days 00:00:55.339000,0 days 00:08:19.156000,0 days 00:08:58.171000,0 days 00:09:53.510000,87.0,241.0,294.0,274.0,False,ULTRASOFT,3.0,True,Toro Rosso,0 days 00:07:44.732000,2018-06-23 14:03:44.798,,,False,,False,False
0 days 00:11:26.670000,GAS,10,0 days 00:01:33.160000,4.0,1.0,,,0 days 00:00:23.158000,0 days 00:00:28.681000,0 days 00:00:41.321000,0 days 00:10:16.668000,0 days 00:10:45.349000,0 days 00:11:26.670000,116.0,276.0,295.0,322.0,True,ULTRASOFT,4.0,True,Toro Rosso,0 days 00:09:53.510000,2018-06-23 14:05:53.576,,,False,,False,False
0 days 00:15:34.540000,GAS,10,,5.0,1.0,,0 days 00:13:14.779000,0 days 00:00:29.199000,0 days 00:00:33.754000,,0 days 00:11:55.884000,0 days 00:12:29.621000,,87.0,252.0,,276.0,False,ULTRASOFT,5.0,True,Toro Rosso,0 days 00:11:26.670000,2018-06-23 14:07:26.736,,,False,,False,False
0 days 00:17:43.297000,GAS,10,0 days 00:02:08.757000,6.0,2.0,0 days 00:15:35.239000,,0 days 00:00:36.331000,0 days 00:00:37.745000,0 days 00:00:54.681000,0 days 00:16:10.871000,0 days 00:16:48.616000,0 days 00:17:43.297000,91.0,264.0,296.0,297.0,False,ULTRASOFT,1.0,True,Toro Rosso,0 days 00:15:34.540000,2018-06-23 14:11:34.606,,,False,,False,False
0 days 00:19:15.744000,GAS,10,0 days 00:01:32.447000,7.0,2.0,,,0 days 00:00:22.950000,0 days 00:00:28.474000,0 days 00:00:41.023000,0 days 00:18:06.247000,0 days 00:18:34.721000,0 days 00:19:15.744000,120.0,277.0,297.0,324.0,True,ULTRASOFT,2.0,True,Toro Rosso,0 days 00:17:43.297000,2018-06-23 14:13:43.363,,,False,,False,False
0 days 00:21:19.931000,GAS,10,0 days 00:02:04.187000,8.0,2.0,,,0 days 00:00:29.949000,0 days 00:00:36.894000,0 days 00:00:57.344000,0 days 00:19:45.693000,0 days 00:20:22.587000,0 days 00:21:19.931000,104.0,243.0,297.0,251.0,False,ULTRASOFT,3.0,True,Toro Rosso,0 days 00:19:15.744000,2018-06-23 14:15:15.810,,,False,,False,False
0 days 00:22:52.529000,GAS,10,0 days 00:01:32.598000,9.0,2.0,,,0 days 00:00:22.898000,0 days 00:00:28.595000,0 days 00:00:41.105000,0 days 00:21:42.829000,0 days 00:22:11.424000,0 days 00:22:52.529000,115.0,277.0,296.0,324.0,False,ULTRASOFT,4.0,True,Toro Rosso,0 days 00:21:19.931000,2018-06-23 14:17:19.997,,,False,,False,False
0 days 00:29:14.282000,GAS,10,,10.0,2.0,,0 days 00:24:46.509000,0 days 00:00:29.286000,0 days 00:00:37.090000,,0 days 00:23:21.804000,0 days 00:23:58.917000,,83.0,246.0,,230.0,False,ULTRASOFT,5.0,True,Toro Rosso,0 days 00:22:52.529000,2018-06-23 14:18:52.595,,,False,,False,False
0 days 00:31:12.069000,GAS,10,0 days 00:01:57.787000,11.0,3.0,0 days 00:29:15.060000,,0 days 00:00:30.643000,0 days 00:00:32.375000,0 days 00:00:54.769000,0 days 00:29:44.925000,0 days 00:30:17.300000,0 days 00:31:12.069000,104.0,265.0,297.0,294.0,False,ULTRASOFT,1.0,True,Toro Rosso,0 days 00:29:14.282000,2018-06-23 14:25:14.348,,,False,,False,False
0 days 00:32:44.619000,GAS,10,0 days 00:01:32.550000,12.0,3.0,,,0 days 00:00:23.088000,0 days 00:00:28.478000,0 days 00:00:40.984000,0 days 00:31:35.157000,0 days 00:32:03.635000,0 days 00:32:44.619000,113.0,279.0,298.0,325.0,True,ULTRASOFT,2.0,True,Toro Rosso,0 days 00:31:12.069000,2018-06-23 14:27:12.135,,,False,,False,False
0 days 00:34:42.373000,GAS,10,0 days 00:01:57.754000,13.0,3.0,,,0 days 00:00:28.590000,0 days 00:00:35.259000,0 days 00:00:53.905000,0 days 00:33:13.209000,0 days 00:33:48.468000,0 days 00:34:42.373000,91.0,247.0,297.0,240.0,False,ULTRASOFT,3.0,True,Toro Rosso,0 days 00:32:44.619000,2018-06-23 14:28:44.685,,,False,,False,False
0 days 00:41:00.473000,GAS,10,,14.0,3.0,,0 days 00:36:15.761000,0 days 00:00:23.145000,0 days 00:00:28.449000,,0 days 00:35:05.566000,0 days 00:35:33.975000,,117.0,278.0,,323.0,False,ULTRASOFT,4.0,True,Toro Rosso,0 days 00:34:42.373000,2018-06-23 14:30:42.439,1,,False,,False,False
0 days 00:42:56.716000,GAS,10,0 days 00:01:56.243000,15.0,4.0,0 days 00:41:01.176000,,0 days 00:00:31.393000,0 days 00:00:32.784000,0 days 00:00:52.066000,0 days 00:41:31.866000,0 days 00:42:04.650000,0 days 00:42:56.716000,110.0,258.0,298.0,287.0,False,ULTRASOFT,1.0,True,Toro Rosso,0 days 00:41:00.473000,2018-06-23 14:37:00.539,1,,False,,False,False
0 days 00:44:29.176000,GAS,10,0 days 00:01:32.460000,16.0,4.0,,,0 days 00:00:22.913000,0 days 00:00:28.473000,0 days 00:00:41.074000,0 days 00:43:19.629000,0 days 00:43:48.102000,0 days 00:44:29.176000,113.0,278.0,299.0,325.0,True,ULTRASOFT,2.0,True,Toro Rosso,0 days 00:42:56.716000,2018-06-23 14:38:56.782,1,,False,,False,True
0 days 00:46:34.331000,GAS,10,,17.0,4.0,,0 days 00:46:34.331000,0 days 00:00:32.887000,0 days 00:00:37.639000,,0 days 00:45:02.073000,0 days 00:45:39.718000,,83.0,219.0,,271.0,False,ULTRASOFT,3.0,True,Toro Rosso,0 days 00:44:29.176000,2018-06-23 14:40:29.242,1,,False,,False,False
0 days 00:06:30.799000,ERI,9,0 days 00:02:04.938000,1.0,1.0,0 days 00:04:26.543000,,0 days 00:00:34.422000,0 days 00:00:32.017000,0 days 00:00:58.499000,0 days 00:05:00.303000,0 days 00:05:32.323000,0 days 00:06:30.937000,106.0,276.0,297.0,297.0,False,ULTRASOFT,1.0,True,Sauber,0 days 00:04:26.543000,2018-06-23 14:00:26.609,,,False,,False,False
0 days 00:08:04.869000,ERI,9,0 days 00:01:34.070000,2.0,1.0,,,0 days 00:00:23.631000,0 days 00:00:28.768000,0 days 00:00:41.671000,0 days 00:06:54.430000,0 days 00:07:23.198000,0 days 00:08:04.869000,118.0,284.0,298.0,325.0,True,ULTRASOFT,2.0,True,Sauber,0 days 00:06:30.799000,2018-06-23 14:02:30.865,,,False,,False,False
0 days 00:10:19.489000,ERI,9,0 days 00:02:14.620000,3.0,1.0,,,0 days 00:00:30.389000,0 days 00:00:39.697000,0 days 00:01:04.534000,0 days 00:08:35.258000,0 days 00:09:14.955000,0 days 00:10:19.489000,100.0,247.0,297.0,220.0,False,ULTRASOFT,3.0,True,Sauber,0 days 00:08:04.869000,2018-06-23 14:04:04.935,,,False,,False,False
0 days 00:11:53.406000,ERI,9,0 days 00:01:33.917000,4.0,1.0,,,0 days 00:00:23.803000,0 days 00:00:28.665000,0 days 00:00:41.449000,0 days 00:10:43.292000,0 days 00:11:11.957000,0 days 00:11:53.406000,117.0,283.0,292.0,326.0,True,ULTRASOFT,4.0,True,Sauber,0 days 00:10:19.489000,2018-06-23 14:06:19.555,,,False,,False,False
0 days 00:15:21.400000,ERI,9,,5.0,1.0,,0 days 00:13:36.904000,0 days 00:00:26.584000,0 days 00:00:31.933000,,0 days 00:12:20.072000,0 days 00:12:51.887000,,109.0,256.0,,301.0,False,ULTRASOFT,5.0,True,Sauber,0 days 00:11:53.406000,2018-06-23 14:07:53.472,,,False,,False,False
0 days 00:17:17.763000,ERI,9,0 days 00:01:56.363000,6.0,2.0,0 days 00:15:22.112000,,0 days 00:00:30.794000,0 days 00:00:32.267000,0 days 00:00:53.302000,0 days 00:15:52.194000,0 days 00:16:24.461000,0 days 00:17:17.763000,109.0,270.0,296.0,307.0,False,ULTRASOFT,1.0,True,Sauber,0 days 00:15:21.400000,2018-06-23 14:11:21.466,,,False,,False,False
0 days 00:18:50.887000,ERI,9,0 days 00:01:33.124000,7.0,2.0,,,0 days 00:00:23.363000,0 days 00:00:28.544000,0 days 00:00:41.217000,0 days 00:17:41.126000,0 days 00:18:09.670000,0 days 00:18:50.887000,118.0,282.0,292.0,321.0,True,ULTRASOFT,2.0,True,Sauber,0 days 00:17:17.763000,2018-06-23 14:13:17.829,,,False,,False,False
0 days 00:20:59.358000,ERI,9,0 days 00:02:08.471000,8.0,2.0,,,0 days 00:00:31.029000,0 days 00:00:43.728000,0 days 00:00:53.714000,0 days 00:19:21.916000,0 days 00:20:05.644000,0 days 00:20:59.358000,92.0,243.0,296.0,153.0,False,ULTRASOFT,3.0,True,Sauber,0 days 00:18:50.887000,2018-06-23 14:14:50.953,,,False,,False,False
0 days 00:22:32.162000,ERI,9,0 days 00:01:32.804000,9.0,2.0,,,0 days 00:00:23.193000,0 days 00:00:28.518000,0 days 00:00:41.093000,0 days 00:21:22.551000,0 days 00:21:51.069000,0 days 00:22:32.162000,116.0,282.0,292.0,321.0,True,ULTRASOFT,4.0,True,Sauber,0 days 00:20:59.358000,2018-06-23 14:16:59.424,,,False,,False,False
0 days 00:29:29.292000,ERI,9,,10.0,2.0,,0 days 00:24:23.760000,0 days 00:00:29.359000,0 days 00:00:35.214000,,0 days 00:23:01.585000,0 days 00:23:36.742000,,98.0,250.0,,254.0,False,ULTRASOFT,5.0,True,Sauber,0 days 00:22:32.162000,2018-06-23 14:18:32.228,,,False,,False,False
0 days 00:31:30.308000,ERI,9,0 days 00:02:01.016000,11.0,3.0,0 days 00:29:30.073000,,0 days 00:00:32.574000,0 days 00:00:30.564000,0 days 00:00:57.878000,0 days 00:30:01.866000,0 days 00:30:32.430000,0 days 00:31:30.308000,108.0,275.0,299.0,309.0,False,ULTRASOFT,1.0,True,Sauber,0 days 00:29:29.292000,2018-06-23 14:25:29.358,,,False,,False,False
0 days 00:33:03.724000,ERI,9,0 days 00:01:33.416000,12.0,3.0,,,0 days 00:00:23.486000,0 days 00:00:28.590000,0 days 00:00:41.340000,0 days 00:31:53.794000,0 days 00:32:22.384000,0 days 00:33:03.724000,118.0,284.0,295.0,326.0,True,ULTRASOFT,2.0,True,Sauber,0 days 00:31:30.308000,2018-06-23 14:27:30.374,,,False,,False,False
0 days 00:35:00.053000,ERI,9,0 days 00:01:56.329000,13.0,3.0,,,0 days 00:00:28.033000,0 days 00:00:36.708000,0 days 00:00:51.588000,0 days 00:33:31.757000,0 days 00:34:08.465000,0 days 00:35:00.053000,106.0,252.0,298.0,235.0,False,ULTRASOFT,3.0,True,Sauber,0 days 00:33:03.724000,2018-06-23 14:29:03.790,,,False,,False,False
0 days 00:36:32.873000,ERI,9,0 days 00:01:32.820000,14.0,3.0,,,0 days 00:00:23.292000,0 days 00:00:28.411000,0 days 00:00:41.117000,0 days 00:35:23.345000,0 days 00:35:51.756000,0 days 00:36:32.873000,120.0,283.0,295.0,323.0,True,ULTRASOFT,4.0,True,Sauber,0 days 00:35:00.053000,2018-06-23 14:31:00.119,1,,False,,False,True
0 days 00:41:10.156000,ERI,9,,15.0,3.0,,0 days 00:38:11.910000,0 days 00:00:26.041000,0 days 00:00:31.460000,,0 days 00:36:58.997000,0 days 00:37:30.391000,,112.0,253.0,,293.0,False,ULTRASOFT,5.0,True,Sauber,0 days 00:36:32.873000,2018-06-23 14:32:32.939,1,,False,,False,False
0 days 00:43:00.191000,ERI,9,0 days 00:01:50.035000,16.0,4.0,0 days 00:41:10.801000,,0 days 00:00:30.815000,0 days 00:00:31.512000,0 days 00:00:47.708000,0 days 00:41:40.971000,0 days 00:42:12.483000,0 days 00:43:00.191000,106.0,272.0,300.0,309.0,False,ULTRASOFT,1.0,True,Sauber,0 days 00:41:10.156000,2018-06-23 14:37:10.222,1,,False,,False,False
0 days 00:44:33.326000,ERI,9,0 days 00:01:33.135000,17.0,4.0,,,0 days 00:00:23.565000,0 days 00:00:28.281000,0 days 00:00:41.289000,0 days 00:43:23.756000,0 days 00:43:52.037000,0 days 00:44:33.326000,118.0,283.0,298.0,325.0,False,ULTRASOFT,2.0,True,Sauber,0 days 00:43:00.191000,2018-06-23 14:39:00.257,1,,False,,False,True
0 days 00:46:36.285000,ERI,9,,18.0,4.0,,0 days 00:46:36.285000,0 days 00:00:30.630000,0 days 00:00:39.059000,,0 days 00:45:04.010000,0 days 00:45:42.999000,,93.0,247.0,,244.0,False,ULTRASOFT,3.0,True,Sauber,0 days 00:44:33.326000,2018-06-23 14:40:33.392,1,,False,,False,False
0 days 00:06:26.240000,ALO,14,0 days 00:02:17.414000,1.0,1.0,0 days 00:04:09.401000,,0 days 00:00:43.806000,0 days 00:00:35.564000,0 days 00:00:58.044000,0 days 00:04:52.632000,0 days 00:05:28.218000,0 days 00:06:26.327000,100.0,179.0,296.0,280.0,False,ULTRASOFT,1.0,True,McLaren,0 days 00:04:09.401000,2018-06-23 14:00:09.467,,,False,,False,False
0 days 00:08:00.337000,ALO,14,0 days 00:01:34.097000,2.0,1.0,,,0 days 00:00:23.713000,0 days 00:00:28.606000,0 days 00:00:41.778000,0 days 00:06:49.953000,0 days 00:07:18.559000,0 days 00:08:00.337000,123.0,280.0,296.0,320.0,True,ULTRASOFT,2.0,True,McLaren,0 days 00:06:26.240000,2018-06-23 14:02:26.306,,,False,,False,False
0 days 00:10:08.303000,ALO,14,0 days 00:02:07.966000,3.0,1.0,,,0 days 00:00:30.333000,0 days 00:00:37.081000,0 days 00:01:00.552000,0 days 00:08:30.670000,0 days 00:09:07.751000,0 days 00:10:08.303000,85.0,257.0,297.0,271.0,False,ULTRASOFT,3.0,True,McLaren,0 days 00:08:00.337000,2018-06-23 14:04:00.403,,,False,,False,False
0 days 00:11:41.803000,ALO,14,0 days 00:01:33.500000,4.0,1.0,,,0 days 00:00:23.518000,0 days 00:00:28.449000,0 days 00:00:41.533000,0 days 00:10:31.821000,0 days 00:11:00.270000,0 days 00:11:41.803000,124.0,280.0,298.0,323.0,True,ULTRASOFT,4.0,True,McLaren,0 days 00:10:08.303000,2018-06-23 14:06:08.369,,,False,,False,False
0 days 00:15:44.831000,ALO,14,,5.0,1.0,,0 days 00:13:27.857000,0 days 00:00:27.585000,0 days 00:00:31.815000,,0 days 00:12:09.370000,0 days 00:12:41.214000,,104.0,256.0,,282.0,False,ULTRASOFT,5.0,True,McLaren,0 days 00:11:41.803000,2018-06-23 14:07:41.869,,,False,,False,False
0 days 00:17:38.495000,ALO,14,0 days 00:01:53.664000,6.0,2.0,0 days 00:15:45.412000,,0 days 00:00:31.216000,0 days 00:00:32.686000,0 days 00:00:49.762000,0 days 00:16:16.047000,0 days 00:16:48.733000,0 days 00:17:38.495000,108.0,281.0,296.0,267.0,False,ULTRASOFT,1.0,True,McLaren,0 days 00:15:44.831000,2018-06-23 14:11:44.897,,,False,,False,False
0 days 00:19:11.549000,ALO,14,0 days 00:01:33.054000,7.0,2.0,,,0 days 00:00:23.330000,0 days 00:00:28.487000,0 days 00:00:41.237000,0 days 00:18:01.825000,0 days 00:18:30.312000,0 days 00:19:11.549000,127.0,279.0,295.0,318.0,True,ULTRASOFT,2.0,True,McLaren,0 days 00:17:38.495000,2018-06-23 14:13:38.561,,,False,,False,False
0 days 00:21:15.232000,ALO,14,0 days 00:02:03.683000,8.0,2.0,,,0 days 00:00:30.143000,0 days 00:00:39.412000,0 days 00:00:54.128000,0 days 00:19:41.692000,0 days 00:20:21.104000,0 days 00:21:15.232000,90.0,250.0,298.0,206.0,False,ULTRASOFT,3.0,True,McLaren,0 days 00:19:11.549000,2018-06-23 14:15:11.615,,,False,,False,False
0 days 00:22:48.208000,ALO,14,0 days 00:01:32.976000,9.0,2.0,,,0 days 00:00:23.227000,0 days 00:00:28.526000,0 days 00:00:41.223000,0 days 00:21:38.459000,0 days 00:22:06.985000,0 days 00:22:48.208000,124.0,280.0,296.0,320.0,True,ULTRASOFT,4.0,True,McLaren,0 days 00:21:15.232000,2018-06-23 14:17:15.298,,,False,,False,False
0 days 00:24:42.862000,ALO,14,,10.0,2.0,,0 days 00:24:42.862000,0 days 00:00:29.903000,0 days 00:00:34.131000,,0 days 00:23:18.117000,0 days 00:23:52.242000,,107.0,254.0,,214.0,False,ULTRASOFT,5.0,True,McLaren,0 days 00:22:48.208000,2018-06-23 14:18:48.274,,,False,,False,False
0 days 00:06:36.033000,HAR,28,0 days 00:02:18.936000,1.0,1.0,0 days 00:04:17.911000,,0 days 00:00:37.125000,0 days 00:00:37.945000,0 days 00:01:03.866000,0 days 00:04:54.257000,0 days 00:05:32.167000,0 days 00:06:36.159000,89.0,253.0,294.0,231.0,False,ULTRASOFT,1.0,True,Toro Rosso,0 days 00:04:17.911000,2018-06-23 14:00:17.977,,,False,,False,False
0 days 00:08:09.851000,HAR,28,0 days 00:01:33.818000,2.0,1.0,,,0 days 00:00:23.560000,0 days 00:00:28.536000,0 days 00:00:41.722000,0 days 00:06:59.593000,0 days 00:07:28.129000,0 days 00:08:09.851000,118.0,280.0,293.0,323.0,True,ULTRASOFT,2.0,True,Toro Rosso,0 days 00:06:36.033000,2018-06-23 14:02:36.099,,,False,,False,False
0 days 00:10:23.052000,HAR,28,0 days 00:02:13.201000,3.0,1.0,,,0 days 00:00:34.957000,0 days 00:00:37.859000,0 days 00:01:00.385000,0 days 00:08:44.808000,0 days 00:09:22.667000,0 days 00:10:23.052000,82.0,242.0,296.0,289.0,False,ULTRASOFT,3.0,True,Toro Rosso,0 days 00:08:09.851000,2018-06-23 14:04:09.917,,,False,,False,False
0 days 00:11:56.180000,HAR,28,0 days 00:01:33.128000,4.0,1.0,,,0 days 00:00:23.350000,0 days 00:00:28.459000,0 days 00:00:41.319000,0 days 00:10:46.402000,0 days 00:11:14.861000,0 days 00:11:56.180000,117.0,279.0,297.0,327.0,True,ULTRASOFT,4.0,True,Toro Rosso,0 days 00:10:23.052000,2018-06-23 14:06:23.118,,,False,,False,False
0 days 00:15:56.580000,HAR,28,,5.0,1.0,,0 days 00:13:40.919000,0 days 00:00:27.199000,0 days 00:00:32.414000,,0 days 00:12:23.402000,0 days 00:12:55.809000,,101.0,251.0,,275.0,False,ULTRASOFT,5.0,True,Toro Rosso,0 days 00:11:56.180000,2018-06-23 14:07:56.246,,,False,,False,False
0 days 00:18:07.651000,HAR,28,0 days 00:02:11.071000,6.0,2.0,0 days 00:15:57.225000,,0 days 00:00:36.672000,0 days 00:00:36.873000,0 days 00:00:57.526000,0 days 00:16:33.252000,0 days 00:17:10.125000,0 days 00:18:07.651000,92.0,263.0,296.0,280.0,False,ULTRASOFT,1.0,True,Toro Rosso,0 days 00:15:56.580000,2018-06-23 14:11:56.646,,,False,,False,False
0 days 00:19:40.778000,HAR,28,0 days 00:01:33.127000,7.0,2.0,,,0 days 00:00:23.351000,0 days 00:00:28.385000,0 days 00:00:41.391000,0 days 00:18:31.002000,0 days 00:18:59.387000,0 days 00:19:40.778000,119.0,276.0,293.0,322.0,True,ULTRASOFT,2.0,True,Toro Rosso,0 days 00:18:07.651000,2018-06-23 14:14:07.717,,,False,,False,False
0 days 00:21:45.510000,HAR,28,0 days 00:02:04.732000,8.0,2.0,,,0 days 00:00:29.031000,0 days 00:00:36.395000,0 days 00:00:59.306000,0 days 00:20:09.809000,0 days 00:20:46.204000,0 days 00:21:45.510000,95.0,247.0,296.0,253.0,False,ULTRASOFT,3.0,True,Toro Rosso,0 days 00:19:40.778000,2018-06-23 14:15:40.844,,,False,,False,False
0 days 00:23:18.535000,HAR,28,0 days 00:01:33.025000,9.0,2.0,,,0 days 00:00:23.162000,0 days 00:00:28.531000,0 days 00:00:41.332000,0 days 00:22:08.672000,0 days 00:22:37.203000,0 days 00:23:18.535000,121.0,276.0,293.0,322.0,True,ULTRASOFT,4.0,True,Toro Rosso,0 days 00:21:45.510000,2018-06-23 14:17:45.576,,,False,,False,False
0 days 00:25:12.776000,HAR,28,,10.0,2.0,,0 days 00:25:12.776000,0 days 00:00:30.056000,0 days 00:00:33.495000,,0 days 00:23:48.649000,0 days 00:24:22.119000,,92.0,249.0,,273.0,False,ULTRASOFT,5.0,True,Toro Rosso,0 days 00:23:18.535000,2018-06-23 14:19:18.601,,,False,,False,False
0 days 00:06:17.300000,VAN,2,0 days 00:02:05.710000,1.0,1.0,0 days 00:04:12.151000,,0 days 00:00:37.253000,0 days 00:00:36.798000,0 days 00:00:51.659000,0 days 00:04:48.869000,0 days 00:05:25.679000,0 days 00:06:17.419000,94.0,258.0,293.0,198.0,False,ULTRASOFT,1.0,True,McLaren,0 days 00:04:12.151000,2018-06-23 14:00:12.217,,,False,,False,False
0 days 00:07:51.468000,VAN,2,0 days 00:01:34.168000,2.0,1.0,,,0 days 00:00:23.827000,0 days 00:00:28.672000,0 days 00:00:41.669000,0 days 00:06:41.127000,0 days 00:07:09.799000,0 days 00:07:51.468000,116.0,279.0,295.0,318.0,True,ULTRASOFT,2.0,True,McLaren,0 days 00:06:17.300000,2018-06-23 14:02:17.366,,,False,,False,False
0 days 00:10:04.772000,VAN,2,0 days 00:02:13.304000,3.0,1.0,,,0 days 00:00:34.268000,0 days 00:00:38.642000,0 days 00:01:00.394000,0 days 00:08:25.736000,0 days 00:09:04.378000,0 days 00:10:04.772000,86.0,245.0,296.0,235.0,False,ULTRASOFT,3.0,True,McLaren,0 days 00:07:51.468000,2018-06-23 14:03:51.534,,,False,,False,False
0 days 00:11:38.180000,VAN,2,0 days 00:01:33.408000,4.0,1.0,,,0 days 00:00:23.617000,0 days 00:00:28.343000,0 days 00:00:41.448000,0 days 00:10:28.389000,0 days 00:10:56.732000,0 days 00:11:38.180000,118.0,279.0,297.0,321.0,True,ULTRASOFT,4.0,True,McLaren,0 days 00:10:04.772000,2018-06-23 14:06:04.838,,,False,,False,False
0 days 00:15:37.540000,VAN,2,,5.0,1.0,,0 days 00:13:26.623000,0 days 00:00:27.781000,0 days 00:00:32.709000,,0 days 00:12:05.984000,0 days 00:12:38.684000,,97.0,257.0,,263.0,False,ULTRASOFT,5.0,True,McLaren,0 days 00:11:38.180000,2018-06-23 14:07:38.246,,,False,,False,False
0 days 00:17:47.309000,VAN,2,0 days 00:02:09.769000,6.0,2.0,0 days 00:15:38.262000,,0 days 00:00:35.847000,0 days 00:00:35.879000,0 days 00:00:58.043000,0 days 00:16:13.387000,0 days 00:16:49.266000,0 days 00:17:47.309000,94.0,276.0,298.0,238.0,False,ULTRASOFT,1.0,True,McLaren,0 days 00:15:37.540000,2018-06-23 14:11:37.606,,,False,,False,False
0 days 00:19:20.471000,VAN,2,0 days 00:01:33.162000,7.0,2.0,,,0 days 00:00:23.406000,0 days 00:00:28.376000,0 days 00:00:41.380000,0 days 00:18:10.715000,0 days 00:18:39.091000,0 days 00:19:20.471000,122.0,279.0,298.0,320.0,True,ULTRASOFT,2.0,True,McLaren,0 days 00:17:47.309000,2018-06-23 14:13:47.375,,,False,,False,False
0 days 00:21:29.371000,VAN,2,0 days 00:02:08.900000,8.0,2.0,,,0 days 00:00:32.852000,0 days 00:00:38.320000,0 days 00:00:57.728000,0 days 00:19:53.323000,0 days 00:20:31.643000,0 days 00:21:29.371000,89.0,239.0,299.0,232.0,False,ULTRASOFT,3.0,True,McLaren,0 days 00:19:20.471000,2018-06-23 14:15:20.537,,,False,,False,False
0 days 00:23:02.924000,VAN,2,0 days 00:01:33.553000,9.0,2.0,,,0 days 00:00:23.516000,0 days 00:00:28.547000,0 days 00:00:41.490000,0 days 00:21:52.887000,0 days 00:22:21.434000,0 days 00:23:02.924000,117.0,278.0,296.0,319.0,False,ULTRASOFT,4.0,True,McLaren,0 days 00:21:29.371000,2018-06-23 14:17:29.437,,,False,,False,False
0 days 00:25:03.385000,VAN,2,,10.0,2.0,,0 days 00:25:03.385000,0 days 00:00:31.465000,0 days 00:00:38.690000,,0 days 00:23:34.398000,0 days 00:24:13.102000,,94.0,251.0,,209.0,False,ULTRASOFT,5.0,True,McLaren,0 days 00:23:02.924000,2018-06-23 14:19:02.990,,,False,,False,False
0 days 00:06:02.804000,SIR,35,0 days 00:01:53.041000,1.0,1.0,0 days 00:04:10.437000,,0 days 00:00:34.533000,0 days 00:00:32.884000,0 days 00:00:45.624000,0 days 00:04:44.307000,0 days 00:05:17.180000,0 days 00:06:02.903000,105.0,261.0,301.0,303.0,False,ULTRASOFT,1.0,True,Williams,0 days 00:04:10.437000,2018-06-23 14:00:10.503,,,False,,False,False
0 days 00:07:37.556000,SIR,35,0 days 00:01:34.752000,2.0,1.0,,,0 days 00:00:23.851000,0 days 00:00:28.744000,0 days 00:00:42.157000,0 days 00:06:26.655000,0 days 00:06:55.399000,0 days 00:07:37.556000,107.0,283.0,296.0,322.0,True,ULTRASOFT,2.0,True,Williams,0 days 00:06:02.804000,2018-06-23 14:02:02.870,,,False,,False,False
0 days 00:09:39.443000,SIR,35,0 days 00:02:01.887000,3.0,1.0,,,0 days 00:00:33.498000,0 days 00:00:35.638000,0 days 00:00:52.751000,0 days 00:08:11.054000,0 days 00:08:46.692000,0 days 00:09:39.443000,97.0,256.0,303.0,296.0,False,ULTRASOFT,3.0,True,Williams,0 days 00:07:37.556000,2018-06-23 14:03:37.622,,,False,,False,False
0 days 00:11:13.647000,SIR,35,0 days 00:01:34.204000,4.0,1.0,,,0 days 00:00:23.657000,0 days 00:00:28.492000,0 days 00:00:42.055000,0 days 00:10:03.100000,0 days 00:10:31.592000,0 days 00:11:13.647000,124.0,283.0,296.0,332.0,True,ULTRASOFT,4.0,True,Williams,0 days 00:09:39.443000,2018-06-23 14:05:39.509,,,False,,False,False
0 days 00:15:42.777000,SIR,35,,5.0,1.0,,0 days 00:13:05.371000,0 days 00:00:31.840000,0 days 00:00:34.505000,,0 days 00:11:45.556000,0 days 00:12:19.965000,,103.0,256.0,,301.0,False,ULTRASOFT,5.0,True,Williams,0 days 00:11:13.647000,2018-06-23 14:07:13.713,,,False,,False,False
0 days 00:17:32.052000,SIR,35,0 days 00:01:49.275000,6.0,2.0,0 days 00:15:43.434000,,0 days 00:00:32.281000,0 days 00:00:31.803000,0 days 00:00:45.191000,0 days 00:16:15.058000,0 days 00:16:46.861000,0 days 00:17:32.052000,115.0,266.0,301.0,309.0,False,ULTRASOFT,1.0,True,Williams,0 days 00:15:42.777000,2018-06-23 14:11:42.843,,,False,,False,False
0 days 00:19:05.688000,SIR,35,0 days 00:01:33.636000,7.0,2.0,,,0 days 00:00:23.491000,0 days 00:00:28.466000,0 days 00:00:41.679000,0 days 00:17:55.543000,0 days 00:18:24.009000,0 days 00:19:05.688000,122.0,283.0,293.0,326.0,True,ULTRASOFT,2.0,True,Williams,0 days 00:17:32.052000,2018-06-23 14:13:32.118,,,False,,False,False
0 days 00:21:23.195000,SIR,35,0 days 00:02:17.507000,8.0,2.0,,,0 days 00:00:33.524000,0 days 00:00:40.039000,0 days 00:01:03.944000,0 days 00:19:39.212000,0 days 00:20:19.251000,0 days 00:21:23.195000,83.0,242.0,313.0,293.0,False,ULTRASOFT,3.0,True,Williams,0 days 00:19:05.688000,2018-06-23 14:15:05.754,,,False,,False,False
0 days 00:23:04.834000,SIR,35,,9.0,2.0,,0 days 00:23:04.834000,0 days 00:00:23.217000,0 days 00:00:28.932000,,0 days 00:21:46.412000,0 days 00:22:15.348000,,127.0,282.0,,330.0,False,ULTRASOFT,4.0,True,Williams,0 days 00:21:23.195000,2018-06-23 14:17:23.261,,,False,,False,False
0 days 00:05:51.472000,STR,18,0 days 00:01:47.391000,1.0,,0 days 00:04:04.767000,,0 days 00:00:31.551000,0 days 00:00:31.177000,0 days 00:00:44.663000,0 days 00:04:35.724000,0 days 00:05:06.823000,0 days 00:05:51.574000,108.0,261.0,296.0,304.0,False,nan,,True,Williams,0 days 00:04:04.767000,2018-06-23 14:00:04.833,,,False,,False,False
0 days 00:07:26.197000,STR,18,0 days 00:01:34.725000,2.0,1.0,,,0 days 00:00:24.009000,0 days 00:00:28.814000,0 days 00:00:41.902000,0 days 00:06:15.481000,0 days 00:06:44.295000,0 days 00:07:26.197000,114.0,282.0,293.0,317.0,True,ULTRASOFT,1.0,True,Williams,0 days 00:05:51.472000,2018-06-23 14:01:51.538,,,False,,False,False
0 days 00:09:14.541000,STR,18,0 days 00:01:48.344000,3.0,1.0,,,0 days 00:00:28.840000,0 days 00:00:31.838000,0 days 00:00:47.666000,0 days 00:07:55.037000,0 days 00:08:26.875000,0 days 00:09:14.541000,103.0,258.0,299.0,298.0,False,ULTRASOFT,2.0,True,Williams,0 days 00:07:26.197000,2018-06-23 14:03:26.263,,,False,,False,False
0 days 00:10:48.762000,STR,18,0 days 00:01:34.221000,4.0,1.0,,,0 days 00:00:23.842000,0 days 00:00:28.520000,0 days 00:00:41.859000,0 days 00:09:38.383000,0 days 00:10:06.903000,0 days 00:10:48.762000,116.0,284.0,297.0,326.0,True,ULTRASOFT,3.0,True,Williams,0 days 00:09:14.541000,2018-06-23 14:05:14.607,,,False,,False,False
0 days 00:16:02.726000,STR,18,,5.0,1.0,,0 days 00:12:35.418000,0 days 00:00:28.930000,0 days 00:00:34.927000,,0 days 00:11:17.695000,0 days 00:11:52.618000,,61.0,260.0,,305.0,False,ULTRASOFT,4.0,True,Williams,0 days 00:10:48.762000,2018-06-23 14:06:48.828,,,False,,False,False
0 days 00:18:01.415000,STR,18,0 days 00:01:58.689000,6.0,2.0,0 days 00:16:03.412000,,0 days 00:00:31.090000,0 days 00:00:32.919000,0 days 00:00:54.680000,0 days 00:16:33.816000,0 days 00:17:06.735000,0 days 00:18:01.415000,107.0,264.0,303.0,298.0,False,ULTRASOFT,1.0,True,Williams,0 days 00:16:02.726000,2018-06-23 14:12:02.792,,,False,,False,False
0 days 00:19:57.642000,STR,18,0 days 00:01:56.227000,7.0,2.0,,,0 days 00:00:31.483000,0 days 00:00:33.064000,0 days 00:00:51.680000,0 days 00:18:32.898000,0 days 00:19:05.962000,0 days 00:19:57.642000,110.0,255.0,287.0,305.0,False,ULTRASOFT,2.0,True,Williams,0 days 00:18:01.415000,2018-06-23 14:14:01.481,,,False,,False,False
0 days 00:21:51.561000,STR,18,0 days 00:01:53.919000,8.0,2.0,,,0 days 00:00:26.595000,0 days 00:00:31.077000,0 days 00:00:56.247000,0 days 00:20:24.237000,0 days 00:20:55.314000,0 days 00:21:51.561000,109.0,266.0,302.0,310.0,False,ULTRASOFT,3.0,True,Williams,0 days 00:19:57.642000,2018-06-23 14:15:57.708,,,False,,False,False
0 days 00:23:25.290000,STR,18,0 days 00:01:33.729000,9.0,2.0,,,0 days 00:00:23.440000,0 days 00:00:28.696000,0 days 00:00:41.593000,0 days 00:22:15.001000,0 days 00:22:43.697000,0 days 00:23:25.290000,108.0,282.0,296.0,326.0,True,ULTRASOFT,4.0,True,Williams,0 days 00:21:51.561000,2018-06-23 14:17:51.627,,,False,,False,False
0 days 00:25:14.214000,STR,18,,10.0,2.0,,0 days 00:25:14.214000,0 days 00:00:29.417000,0 days 00:00:33.219000,,0 days 00:23:54.805000,0 days 00:24:27.922000,,105.0,257.0,,274.0,False,ULTRASOFT,5.0,True,Williams,0 days 00:23:25.290000,2018-06-23 14:19:25.356,,,False,,False,False
