Time,Driver,DriverNumber,LapTime,LapNumber,Stint,PitOutTime,PitInTime,Sector1Time,Sector2Time,Sector3Time,Sector1SessionTime,Sector2SessionTime,Sector3SessionTime,SpeedI1,SpeedI2,SpeedFL,SpeedST,IsPersonalBest,Compound,TyreLife,FreshTyre,Team,LapStartTime,LapStartDate,TrackStatus,Position,Deleted,DeletedReason,FastF1Generated,IsAccurate
0 days 00:05:47.182000,HAM,44,,1.0,,0 days 00:04:01.386000,,,0 days 00:00:35.416000,0 days 00:00:34.785000,,0 days 00:05:12.442000,0 days 00:05:47.282000,234.0,209.0,254.0,,False,nan,,True,Mercedes,0 days 00:04:01.386000,2018-07-28 13:00:07.420,,,False,,False,False
0 days 00:07:14.029000,HAM,44,0 days 00:01:26.847000,2.0,1.0,,,0 days 00:00:32.756000,0 days 00:00:30.328000,0 days 00:00:23.763000,0 days 00:06:19.938000,0 days 00:06:50.266000,0 days 00:07:14.029000,277.0,237.0,252.0,300.0,True,INTERMEDIATE,1.0,True,Mercedes,0 days 00:05:47.182000,2018-07-28 13:01:53.216,,,False,,False,False
0 days 00:09:15.703000,HAM,44,0 days 00:02:01.674000,3.0,1.0,,,0 days 00:00:37.903000,0 days 00:00:46.476000,0 days 00:00:37.295000,0 days 00:07:51.932000,0 days 00:08:38.408000,0 days 00:09:15.703000,193.0,181.0,254.0,298.0,False,INTERMEDIATE,2.0,True,Mercedes,0 days 00:07:14.029000,2018-07-28 13:03:20.063,,,False,,False,False
0 days 00:10:42.221000,HAM,44,0 days 00:01:26.518000,4.0,1.0,,,0 days 00:00:32.223000,0 days 00:00:30.518000,0 days 00:00:23.777000,0 days 00:09:47.926000,0 days 00:10:18.444000,0 days 00:10:42.221000,284.0,235.0,253.0,301.0,True,INTERMEDIATE,3.0,True,Mercedes,0 days 00:09:15.703000,2018-07-28 13:05:21.737,,,False,,False,False
0 days 00:12:18.117000,HAM,44,0 days 00:01:35.896000,5.0,1.0,,0 days 00:12:15.969000,0 days 00:00:33.977000,0 days 00:00:33.037000,0 days 00:00:28.882000,0 days 00:11:16.198000,0 days 00:11:49.235000,0 days 00:12:18.117000,267.0,225.0,,298.0,False,INTERMEDIATE,4.0,True,Mercedes,0 days 00:10:42.221000,2018-07-28 13:06:48.255,,,False,,False,False
0 days 00:14:22.762000,HAM,44,0 days 00:02:04.645000,6.0,2.0,0 days 00:12:46.799000,,0 days 00:01:02.992000,0 days 00:00:31.178000,0 days 00:00:30.475000,0 days 00:13:21.109000,0 days 00:13:52.287000,0 days 00:14:22.762000,266.0,231.0,263.0,298.0,False,ULTRASOFT,1.0,True,Mercedes,0 days 00:12:18.117000,2018-07-28 13:08:24.151,,,False,,False,False
0 days 00:15:43.113000,HAM,44,0 days 00:01:20.351000,7.0,2.0,,,0 days 00:00:30.146000,0 days 00:00:28.769000,0 days 00:00:21.436000,0 days 00:14:52.908000,0 days 00:15:21.677000,0 days 00:15:43.113000,289.0,250.0,262.0,309.0,True,ULTRASOFT,2.0,True,Mercedes,0 days 00:14:22.762000,2018-07-28 13:10:28.796,,,False,,False,False
0 days 00:17:02.080000,HAM,44,0 days 00:01:18.967000,8.0,2.0,,,0 days 00:00:28.991000,0 days 00:00:28.117000,0 days 00:00:21.859000,0 days 00:16:12.104000,0 days 00:16:40.221000,0 days 00:17:02.080000,289.0,250.0,262.0,306.0,True,ULTRASOFT,3.0,True,Mercedes,0 days 00:15:43.113000,2018-07-28 13:11:49.147,,,False,,False,False
0 days 00:18:44.602000,HAM,44,0 days 00:01:42.522000,9.0,2.0,,,0 days 00:00:32.081000,0 days 00:00:37.753000,0 days 00:00:32.688000,0 days 00:17:34.161000,0 days 00:18:11.914000,0 days 00:18:44.602000,212.0,168.0,262.0,317.0,False,ULTRASOFT,4.0,True,Mercedes,0 days 00:17:02.080000,2018-07-28 13:13:08.114,,,False,,False,False
0 days 00:20:02.021000,HAM,44,0 days 00:01:17.419000,10.0,2.0,,,0 days 00:00:28.175000,0 days 00:00:27.613000,0 days 00:00:21.631000,0 days 00:19:12.777000,0 days 00:19:40.390000,0 days 00:20:02.021000,291.0,254.0,262.0,309.0,True,ULTRASOFT,5.0,True,Mercedes,0 days 00:18:44.602000,2018-07-28 13:14:50.636,,,False,,False,False
0 days 00:21:55.162000,HAM,44,0 days 00:01:53.141000,11.0,2.0,,,0 days 00:00:36.306000,0 days 00:00:42.774000,0 days 00:00:34.061000,0 days 00:20:38.327000,0 days 00:21:21.101000,0 days 00:21:55.162000,139.0,161.0,261.0,315.0,False,ULTRASOFT,6.0,True,Mercedes,0 days 00:20:02.021000,2018-07-28 13:16:08.055,,,False,,False,False
0 days 00:23:33.511000,HAM,44,0 days 00:01:38.349000,12.0,2.0,,0 days 00:23:31.646000,0 days 00:00:32.900000,0 days 00:00:35.316000,0 days 00:00:30.133000,0 days 00:22:28.062000,0 days 00:23:03.378000,0 days 00:23:33.511000,238.0,174.0,,307.0,False,ULTRASOFT,7.0,True,Mercedes,0 days 00:21:55.162000,2018-07-28 13:18:01.196,1,,False,,False,False
0 days 00:30:55.501000,HAM,44,,13.0,3.0,0 days 00:29:12.956000,0 days 00:30:53.681000,,0 days 00:00:32.965000,0 days 00:00:38.218000,,0 days 00:30:17.334000,0 days 00:30:55.501000,244.0,188.0,,307.0,False,ULTRASOFT,1.0,True,Mercedes,0 days 00:23:33.511000,2018-07-28 13:19:39.545,1,,False,,False,False
0 days 00:32:54.883000,HAM,44,0 days 00:01:59.382000,14.0,4.0,0 days 00:31:18.564000,,0 days 00:00:54.157000,0 days 00:00:36.027000,0 days 00:00:29.198000,0 days 00:31:49.658000,0 days 00:32:25.685000,0 days 00:32:54.883000,258.0,200.0,237.0,307.0,False,INTERMEDIATE,1.0,True,Mercedes,0 days 00:30:55.501000,2018-07-28 13:27:01.535,1,,False,,False,False
0 days 00:34:26.125000,HAM,44,0 days 00:01:31.242000,15.0,4.0,,,0 days 00:00:30.589000,0 days 00:00:31.450000,0 days 00:00:29.203000,0 days 00:33:25.472000,0 days 00:33:56.922000,0 days 00:34:26.125000,282.0,213.0,236.0,300.0,True,INTERMEDIATE,2.0,True,Mercedes,0 days 00:32:54.883000,2018-07-28 13:29:00.917,12,,False,,False,True
0 days 00:36:04.083000,HAM,44,0 days 00:01:37.958000,16.0,4.0,,,0 days 00:00:31.800000,0 days 00:00:34.125000,0 days 00:00:32.033000,0 days 00:34:57.925000,0 days 00:35:32.050000,0 days 00:36:04.083000,281.0,208.0,200.0,290.0,False,INTERMEDIATE,3.0,True,Mercedes,0 days 00:34:26.125000,2018-07-28 13:30:32.159,21,,False,,False,True
0 days 00:37:47.004000,HAM,44,0 days 00:01:42.921000,17.0,4.0,,0 days 00:37:45.136000,0 days 00:00:32.920000,0 days 00:00:35.999000,0 days 00:00:34.002000,0 days 00:36:37.003000,0 days 00:37:13.002000,0 days 00:37:47.004000,265.0,210.0,,281.0,False,INTERMEDIATE,4.0,True,Mercedes,0 days 00:36:04.083000,2018-07-28 13:32:10.117,12,,False,,False,False
0 days 00:54:00.904000,HAM,44,,18.0,5.0,0 days 00:52:02.452000,,,0 days 00:00:38.109000,0 days 00:00:43.958000,,0 days 00:53:16.991000,0 days 00:54:00.962000,239.0,192.0,240.0,281.0,False,WET,1.0,True,Mercedes,0 days 00:37:47.004000,2018-07-28 13:33:53.038,1,,False,,False,False
0 days 00:55:38.468000,HAM,44,0 days 00:01:37.564000,19.0,5.0,,,0 days 00:00:33.308000,0 days 00:00:36.042000,0 days 00:00:28.214000,0 days 00:54:34.212000,0 days 00:55:10.254000,0 days 00:55:38.468000,272.0,199.0,238.0,287.0,True,WET,2.0,True,Mercedes,0 days 00:54:00.904000,2018-07-28 13:50:06.938,1,,False,,False,True
0 days 00:57:15.116000,HAM,44,0 days 00:01:36.648000,20.0,5.0,,,0 days 00:00:32.881000,0 days 00:00:35.541000,0 days 00:00:28.226000,0 days 00:56:11.349000,0 days 00:56:46.890000,0 days 00:57:15.116000,269.0,200.0,237.0,288.0,True,WET,3.0,True,Mercedes,0 days 00:55:38.468000,2018-07-28 13:51:44.502,1,,False,,False,True
0 days 00:58:51.978000,HAM,44,0 days 00:01:36.862000,21.0,5.0,,,0 days 00:00:32.649000,0 days 00:00:35.874000,0 days 00:00:28.339000,0 days 00:57:47.765000,0 days 00:58:23.639000,0 days 00:58:51.978000,269.0,178.0,240.0,288.0,False,WET,4.0,True,Mercedes,0 days 00:57:15.116000,2018-07-28 13:53:21.150,1,,False,,False,True
0 days 01:00:37.012000,HAM,44,0 days 00:01:45.034000,22.0,5.0,,0 days 01:00:34.525000,0 days 00:00:34.097000,0 days 00:00:37.066000,0 days 00:00:33.871000,0 days 00:59:26.075000,0 days 01:00:03.141000,0 days 01:00:37.012000,245.0,197.0,,286.0,False,WET,5.0,True,Mercedes,0 days 00:58:51.978000,2018-07-28 13:54:58.012,1,,False,,False,False
0 days 01:03:13.841000,HAM,44,,23.0,6.0,0 days 01:01:24.641000,,0 days 00:01:22.274000,0 days 00:00:38.607000,0 days 00:00:35.951000,0 days 01:01:59.291000,0 days 01:02:37.940000,0 days 01:03:13.912000,225.0,199.0,244.0,286.0,False,WET,1.0,True,Mercedes,0 days 01:00:37.012000,2018-07-28 13:56:43.046,1,,False,,False,False
0 days 01:04:49.499000,HAM,44,0 days 00:01:35.658000,24.0,6.0,,,0 days 00:00:32.561000,0 days 00:00:35.641000,0 days 00:00:27.456000,0 days 01:03:46.402000,0 days 01:04:22.043000,0 days 01:04:49.499000,276.0,204.0,241.0,289.0,True,WET,2.0,True,Mercedes,0 days 01:03:13.841000,2018-07-28 13:59:19.875,1,,False,,False,True
0 days 01:06:47.723000,HAM,44,0 days 00:01:58.224000,25.0,6.0,,,0 days 00:00:41.360000,0 days 00:00:37.251000,0 days 00:00:39.613000,0 days 01:05:30.859000,0 days 01:06:08.110000,0 days 01:06:47.723000,201.0,190.0,43.0,252.0,False,WET,3.0,True,Mercedes,0 days 01:04:49.499000,2018-07-28 14:00:55.533,1,,False,,False,True
0 days 00:05:33.693000,BOT,77,,1.0,,0 days 00:03:57.244000,,,0 days 00:00:35.202000,0 days 00:00:27.905000,,0 days 00:05:05.848000,0 days 00:05:33.834000,195.0,205.0,250.0,,False,nan,,True,Mercedes,0 days 00:03:57.244000,2018-07-28 13:00:03.278,,,False,,False,False
0 days 00:07:00.938000,BOT,77,0 days 00:01:27.245000,2.0,,,,0 days 00:00:32.412000,0 days 00:00:30.415000,0 days 00:00:24.418000,0 days 00:06:06.105000,0 days 00:06:36.520000,0 days 00:07:00.938000,268.0,240.0,253.0,297.0,True,nan,,True,Mercedes,0 days 00:05:33.693000,2018-07-28 13:01:39.727,,,False,,False,False
0 days 00:08:56.150000,BOT,77,0 days 00:01:55.212000,3.0,1.0,,,0 days 00:00:42.202000,0 days 00:00:41.051000,0 days 00:00:31.959000,0 days 00:07:43.140000,0 days 00:08:24.191000,0 days 00:08:56.150000,201.0,187.0,247.0,303.0,False,INTERMEDIATE,1.0,True,Mercedes,0 days 00:07:00.938000,2018-07-28 13:03:06.972,,,False,,False,False
0 days 00:10:23.571000,BOT,77,0 days 00:01:27.421000,4.0,1.0,,,0 days 00:00:32.814000,0 days 00:00:30.544000,0 days 00:00:24.063000,0 days 00:09:28.964000,0 days 00:09:59.508000,0 days 00:10:23.571000,280.0,238.0,255.0,299.0,False,INTERMEDIATE,2.0,True,Mercedes,0 days 00:08:56.150000,2018-07-28 13:05:02.184,,,False,,False,False
0 days 00:12:13.091000,BOT,77,0 days 00:01:49.520000,5.0,1.0,,0 days 00:12:11.247000,0 days 00:00:40.177000,0 days 00:00:39.209000,0 days 00:00:30.134000,0 days 00:11:03.748000,0 days 00:11:42.957000,0 days 00:12:13.091000,94.0,219.0,,292.0,False,INTERMEDIATE,3.0,True,Mercedes,0 days 00:10:23.571000,2018-07-28 13:06:29.605,,,False,,False,False
0 days 00:14:06.701000,BOT,77,0 days 00:01:53.610000,6.0,2.0,0 days 00:12:36.282000,,0 days 00:00:55.560000,0 days 00:00:31.869000,0 days 00:00:26.181000,0 days 00:13:08.651000,0 days 00:13:40.520000,0 days 00:14:06.701000,254.0,232.0,261.0,292.0,False,ULTRASOFT,1.0,True,Mercedes,0 days 00:12:13.091000,2018-07-28 13:08:19.125,,,False,,False,False
0 days 00:15:27.775000,BOT,77,0 days 00:01:21.074000,7.0,2.0,,,0 days 00:00:29.946000,0 days 00:00:29.222000,0 days 00:00:21.906000,0 days 00:14:36.647000,0 days 00:15:05.869000,0 days 00:15:27.775000,288.0,252.0,262.0,309.0,True,ULTRASOFT,2.0,True,Mercedes,0 days 00:14:06.701000,2018-07-28 13:10:12.735,,,False,,False,False
0 days 00:16:46.504000,BOT,77,0 days 00:01:18.729000,8.0,2.0,,,0 days 00:00:28.898000,0 days 00:00:28.253000,0 days 00:00:21.578000,0 days 00:15:56.673000,0 days 00:16:24.926000,0 days 00:16:46.504000,287.0,254.0,265.0,310.0,True,ULTRASOFT,3.0,True,Mercedes,0 days 00:15:27.775000,2018-07-28 13:11:33.809,,,False,,False,False
0 days 00:18:14.070000,BOT,77,0 days 00:01:27.566000,9.0,2.0,,,0 days 00:00:28.583000,0 days 00:00:33.064000,0 days 00:00:25.919000,0 days 00:17:15.087000,0 days 00:17:48.151000,0 days 00:18:14.070000,292.0,189.0,264.0,314.0,False,ULTRASOFT,4.0,True,Mercedes,0 days 00:16:46.504000,2018-07-28 13:12:52.538,,,False,,False,False
0 days 00:19:32.498000,BOT,77,0 days 00:01:18.428000,10.0,2.0,,,0 days 00:00:28.251000,0 days 00:00:28.222000,0 days 00:00:21.955000,0 days 00:18:42.321000,0 days 00:19:10.543000,0 days 00:19:32.498000,292.0,254.0,263.0,310.0,True,ULTRASOFT,5.0,True,Mercedes,0 days 00:18:14.070000,2018-07-28 13:14:20.104,,,False,,False,False
0 days 00:21:18.104000,BOT,77,0 days 00:01:45.606000,11.0,2.0,,,0 days 00:00:37.367000,0 days 00:00:34.730000,0 days 00:00:33.509000,0 days 00:20:09.865000,0 days 00:20:44.595000,0 days 00:21:18.104000,187.0,182.0,265.0,310.0,False,ULTRASOFT,6.0,True,Mercedes,0 days 00:19:32.498000,2018-07-28 13:15:38.532,,,False,,False,False
0 days 00:22:35.227000,BOT,77,0 days 00:01:17.123000,12.0,2.0,,,0 days 00:00:27.998000,0 days 00:00:27.665000,0 days 00:00:21.460000,0 days 00:21:46.102000,0 days 00:22:13.767000,0 days 00:22:35.227000,291.0,255.0,262.0,311.0,True,ULTRASOFT,7.0,True,Mercedes,0 days 00:21:18.104000,2018-07-28 13:17:24.138,1,,False,,False,True
0 days 00:24:10.246000,BOT,77,0 days 00:01:35.019000,13.0,2.0,,0 days 00:24:08.524000,0 days 00:00:33.621000,0 days 00:00:32.187000,0 days 00:00:29.211000,0 days 00:23:08.848000,0 days 00:23:41.035000,0 days 00:24:10.246000,215.0,233.0,,298.0,False,ULTRASOFT,8.0,True,Mercedes,0 days 00:22:35.227000,2018-07-28 13:18:41.261,1,,False,,False,False
0 days 00:30:57.940000,BOT,77,,14.0,3.0,0 days 00:29:15.908000,0 days 00:30:55.948000,,0 days 00:00:33.210000,0 days 00:00:38.464000,,0 days 00:30:19.537000,0 days 00:30:57.964000,222.0,181.0,,298.0,False,ULTRASOFT,1.0,True,Mercedes,0 days 00:24:10.246000,2018-07-28 13:20:16.280,1,,False,,False,False
0 days 00:33:14.748000,BOT,77,0 days 00:02:16.808000,15.0,4.0,0 days 00:31:34.919000,,0 days 00:01:07.340000,0 days 00:00:33.014000,0 days 00:00:36.454000,0 days 00:32:05.280000,0 days 00:32:38.294000,0 days 00:33:14.748000,257.0,213.0,241.0,298.0,False,INTERMEDIATE,1.0,True,Mercedes,0 days 00:30:57.940000,2018-07-28 13:27:03.974,1,,False,,False,False
0 days 00:34:46.829000,BOT,77,0 days 00:01:32.081000,16.0,4.0,,,0 days 00:00:30.848000,0 days 00:00:31.417000,0 days 00:00:29.816000,0 days 00:33:45.596000,0 days 00:34:17.013000,0 days 00:34:46.829000,270.0,216.0,228.0,302.0,True,INTERMEDIATE,2.0,True,Mercedes,0 days 00:33:14.748000,2018-07-28 13:29:20.782,12,,False,,False,True
0 days 00:36:26.693000,BOT,77,0 days 00:01:39.864000,17.0,4.0,,0 days 00:36:24.902000,0 days 00:00:32.311000,0 days 00:00:33.819000,0 days 00:00:33.734000,0 days 00:35:19.140000,0 days 00:35:52.959000,0 days 00:36:26.693000,248.0,209.0,,297.0,False,INTERMEDIATE,3.0,True,Mercedes,0 days 00:34:46.829000,2018-07-28 13:30:52.863,12,,False,,False,False
0 days 00:53:52.284000,BOT,77,,18.0,5.0,0 days 00:51:59.516000,,,0 days 00:00:38.272000,0 days 00:00:39.353000,,0 days 00:53:12.943000,0 days 00:53:52.337000,217.0,190.0,233.0,297.0,False,WET,1.0,True,Mercedes,0 days 00:36:26.693000,2018-07-28 13:32:32.727,1,,False,,False,False
0 days 00:55:29.935000,BOT,77,0 days 00:01:37.651000,19.0,5.0,,,0 days 00:00:33.454000,0 days 00:00:35.570000,0 days 00:00:28.627000,0 days 00:54:25.738000,0 days 00:55:01.308000,0 days 00:55:29.935000,266.0,192.0,238.0,284.0,True,WET,2.0,True,Mercedes,0 days 00:53:52.284000,2018-07-28 13:49:58.318,1,,False,,False,True
0 days 00:57:09.091000,BOT,77,0 days 00:01:39.156000,20.0,5.0,,,0 days 00:00:33.482000,0 days 00:00:35.644000,0 days 00:00:30.030000,0 days 00:56:03.417000,0 days 00:56:39.061000,0 days 00:57:09.091000,270.0,191.0,239.0,287.0,False,WET,3.0,True,Mercedes,0 days 00:55:29.935000,2018-07-28 13:51:35.969,1,,False,,False,True
0 days 00:58:46.150000,BOT,77,0 days 00:01:37.059000,21.0,5.0,,,0 days 00:00:33.232000,0 days 00:00:35.506000,0 days 00:00:28.321000,0 days 00:57:42.323000,0 days 00:58:17.829000,0 days 00:58:46.150000,267.0,203.0,240.0,289.0,True,WET,4.0,True,Mercedes,0 days 00:57:09.091000,2018-07-28 13:53:15.125,1,,False,,False,True
0 days 01:00:35.478000,BOT,77,0 days 00:01:49.328000,22.0,5.0,,0 days 01:00:33.587000,0 days 00:00:33.786000,0 days 00:00:36.530000,0 days 00:00:39.012000,0 days 00:59:19.936000,0 days 00:59:56.466000,0 days 01:00:35.478000,253.0,191.0,,285.0,False,WET,5.0,True,Mercedes,0 days 00:58:46.150000,2018-07-28 13:54:52.184,1,,False,,False,False
0 days 01:02:57.001000,BOT,77,0 days 00:02:21.523000,23.0,6.0,0 days 01:01:04.074000,,0 days 00:01:06.294000,0 days 00:00:39.295000,0 days 00:00:35.934000,0 days 01:01:41.772000,0 days 01:02:21.067000,0 days 01:02:57.001000,192.0,185.0,246.0,285.0,False,WET,1.0,True,Mercedes,0 days 01:00:35.478000,2018-07-28 13:56:41.512,1,,False,,False,False
0 days 01:04:32.919000,BOT,77,0 days 00:01:35.918000,24.0,6.0,,,0 days 00:00:32.612000,0 days 00:00:35.424000,0 days 00:00:27.882000,0 days 01:03:29.613000,0 days 01:04:05.037000,0 days 01:04:32.919000,272.0,210.0,242.0,287.0,True,WET,2.0,True,Mercedes,0 days 01:02:57.001000,2018-07-28 13:59:03.035,1,,False,,False,True
0 days 01:06:20.618000,BOT,77,,25.0,6.0,,0 days 01:07:51.183000,0 days 00:00:40.051000,0 days 00:00:39.758000,0 days 00:00:27.882000,0 days 01:05:13.063000,0 days 01:05:52.736000,0 days 01:07:51.183000,181.0,180.0,,273.0,False,WET,3.0,True,Mercedes,0 days 01:04:32.919000,2018-07-28 14:00:38.953,1,,False,,False,False
0 days 00:05:57.386000,RAI,7,,1.0,,0 days 00:04:09.778000,,,0 days 00:00:40.406000,0 days 00:00:31.308000,,0 days 00:05:26.155000,0 days 00:05:57.488000,204.0,175.0,256.0,,False,nan,,True,Ferrari,0 days 00:04:09.778000,2018-07-28 13:00:15.812,,,False,,False,False
0 days 00:07:23.374000,RAI,7,0 days 00:01:25.988000,2.0,1.0,,,0 days 00:00:31.950000,0 days 00:00:30.410000,0 days 00:00:23.628000,0 days 00:06:29.336000,0 days 00:06:59.746000,0 days 00:07:23.374000,281.0,241.0,260.0,303.0,True,INTERMEDIATE,1.0,True,Ferrari,0 days 00:05:57.386000,2018-07-28 13:02:03.420,,,False,,False,False
0 days 00:09:03.366000,RAI,7,0 days 00:01:39.992000,3.0,1.0,,,0 days 00:00:32.940000,0 days 00:00:38.964000,0 days 00:00:28.088000,0 days 00:07:56.314000,0 days 00:08:35.278000,0 days 00:09:03.366000,233.0,209.0,257.0,311.0,False,INTERMEDIATE,2.0,True,Ferrari,0 days 00:07:23.374000,2018-07-28 13:03:29.408,,,False,,False,False
0 days 00:10:29.930000,RAI,7,0 days 00:01:26.564000,4.0,1.0,,,0 days 00:00:32.654000,0 days 00:00:30.625000,0 days 00:00:23.285000,0 days 00:09:36.020000,0 days 00:10:06.645000,0 days 00:10:29.930000,283.0,239.0,261.0,305.0,False,INTERMEDIATE,3.0,True,Ferrari,0 days 00:09:03.366000,2018-07-28 13:05:09.400,,,False,,False,False
0 days 00:12:05.812000,RAI,7,0 days 00:01:35.882000,5.0,1.0,,0 days 00:12:04.139000,0 days 00:00:33.949000,0 days 00:00:33.643000,0 days 00:00:28.290000,0 days 00:11:03.879000,0 days 00:11:37.522000,0 days 00:12:05.812000,247.0,217.0,,308.0,False,INTERMEDIATE,4.0,True,Ferrari,0 days 00:10:29.930000,2018-07-28 13:06:35.964,,,False,,False,False
0 days 00:14:00.654000,RAI,7,0 days 00:01:54.842000,6.0,2.0,0 days 00:12:29.109000,,0 days 00:00:57.209000,0 days 00:00:30.980000,0 days 00:00:26.653000,0 days 00:13:03.021000,0 days 00:13:34.001000,0 days 00:14:00.654000,254.0,236.0,266.0,308.0,False,ULTRASOFT,1.0,True,Ferrari,0 days 00:12:05.812000,2018-07-28 13:08:11.846,,,False,,False,False
0 days 00:15:20.482000,RAI,7,0 days 00:01:19.828000,7.0,2.0,,,0 days 00:00:30.282000,0 days 00:00:28.163000,0 days 00:00:21.383000,0 days 00:14:30.936000,0 days 00:14:59.099000,0 days 00:15:20.482000,291.0,256.0,268.0,312.0,True,ULTRASOFT,2.0,True,Ferrari,0 days 00:14:00.654000,2018-07-28 13:10:06.688,,,False,,False,False
0 days 00:16:38.956000,RAI,7,0 days 00:01:18.474000,8.0,2.0,,,0 days 00:00:29.068000,0 days 00:00:27.994000,0 days 00:00:21.412000,0 days 00:15:49.550000,0 days 00:16:17.544000,0 days 00:16:38.956000,291.0,254.0,268.0,317.0,True,ULTRASOFT,3.0,True,Ferrari,0 days 00:15:20.482000,2018-07-28 13:11:26.516,,,False,,False,False
0 days 00:18:09.516000,RAI,7,0 days 00:01:30.560000,9.0,2.0,,,0 days 00:00:30.941000,0 days 00:00:34.196000,0 days 00:00:25.423000,0 days 00:17:09.897000,0 days 00:17:44.093000,0 days 00:18:09.516000,254.0,228.0,264.0,301.0,False,ULTRASOFT,4.0,True,Ferrari,0 days 00:16:38.956000,2018-07-28 13:12:44.990,,,False,,False,False
0 days 00:19:27.042000,RAI,7,0 days 00:01:17.526000,10.0,2.0,,,0 days 00:00:28.282000,0 days 00:00:27.751000,0 days 00:00:21.493000,0 days 00:18:37.798000,0 days 00:19:05.549000,0 days 00:19:27.042000,293.0,256.0,266.0,309.0,True,ULTRASOFT,5.0,True,Ferrari,0 days 00:18:09.516000,2018-07-28 13:14:15.550,,,False,,False,False
0 days 00:20:58.573000,RAI,7,0 days 00:01:31.531000,11.0,2.0,,,0 days 00:00:30.412000,0 days 00:00:31.348000,0 days 00:00:29.771000,0 days 00:19:57.454000,0 days 00:20:28.802000,0 days 00:20:58.573000,243.0,235.0,263.0,311.0,False,ULTRASOFT,6.0,True,Ferrari,0 days 00:19:27.042000,2018-07-28 13:15:33.076,,,False,,False,False
0 days 00:22:16.162000,RAI,7,0 days 00:01:17.589000,12.0,2.0,,,0 days 00:00:28.201000,0 days 00:00:28.084000,0 days 00:00:21.304000,0 days 00:21:26.774000,0 days 00:21:54.858000,0 days 00:22:16.162000,290.0,259.0,266.0,315.0,False,ULTRASOFT,7.0,True,Ferrari,0 days 00:20:58.573000,2018-07-28 13:17:04.607,1,,False,,False,True
0 days 00:23:54.322000,RAI,7,0 days 00:01:38.160000,13.0,2.0,,0 days 00:23:52.553000,0 days 00:00:32.518000,0 days 00:00:35.509000,0 days 00:00:30.133000,0 days 00:22:48.680000,0 days 00:23:24.189000,0 days 00:23:54.322000,194.0,196.0,,304.0,False,ULTRASOFT,8.0,True,Ferrari,0 days 00:22:16.162000,2018-07-28 13:18:22.196,1,,False,,False,False
0 days 00:31:40.702000,RAI,7,,14.0,3.0,0 days 00:30:00.042000,0 days 00:31:39.014000,,0 days 00:00:33.321000,0 days 00:00:37.363000,,0 days 00:31:03.430000,0 days 00:31:40.716000,201.0,171.0,,304.0,False,ULTRASOFT,1.0,True,Ferrari,0 days 00:23:54.322000,2018-07-28 13:20:00.356,1,,False,,False,False
0 days 00:33:48.694000,RAI,7,0 days 00:02:07.992000,15.0,4.0,0 days 00:32:10.204000,,0 days 00:01:03.482000,0 days 00:00:33.989000,0 days 00:00:30.521000,0 days 00:32:44.184000,0 days 00:33:18.173000,0 days 00:33:48.694000,256.0,214.0,239.0,304.0,False,INTERMEDIATE,1.0,True,Ferrari,0 days 00:31:40.702000,2018-07-28 13:27:46.736,1,,False,,False,False
0 days 00:35:21.456000,RAI,7,0 days 00:01:32.762000,16.0,4.0,,,0 days 00:00:30.778000,0 days 00:00:33.162000,0 days 00:00:28.822000,0 days 00:34:19.472000,0 days 00:34:52.634000,0 days 00:35:21.456000,276.0,214.0,233.0,304.0,True,INTERMEDIATE,2.0,True,Ferrari,0 days 00:33:48.694000,2018-07-28 13:29:54.728,12,,False,,False,True
0 days 00:37:13.777000,RAI,7,0 days 00:01:52.321000,17.0,4.0,,0 days 00:37:11.993000,0 days 00:00:32.022000,0 days 00:00:46.152000,0 days 00:00:34.147000,0 days 00:35:53.478000,0 days 00:36:39.630000,0 days 00:37:13.777000,275.0,198.0,,300.0,False,INTERMEDIATE,3.0,True,Ferrari,0 days 00:35:21.456000,2018-07-28 13:31:27.490,12,,False,,False,False
0 days 00:54:42.887000,RAI,7,,18.0,5.0,0 days 00:53:00.301000,,,0 days 00:00:37.141000,0 days 00:00:32.043000,,0 days 00:54:10.948000,0 days 00:54:42.934000,242.0,198.0,237.0,300.0,False,WET,1.0,True,Ferrari,0 days 00:37:13.777000,2018-07-28 13:33:19.811,1,,False,,False,False
0 days 00:56:20.656000,RAI,7,0 days 00:01:37.769000,19.0,5.0,,,0 days 00:00:33.056000,0 days 00:00:36.184000,0 days 00:00:28.529000,0 days 00:55:15.943000,0 days 00:55:52.127000,0 days 00:56:20.656000,274.0,204.0,240.0,290.0,True,WET,2.0,True,Ferrari,0 days 00:54:42.887000,2018-07-28 13:50:48.921,1,,False,,False,True
0 days 00:57:58.018000,RAI,7,0 days 00:01:37.362000,20.0,5.0,,,0 days 00:00:32.915000,0 days 00:00:36.267000,0 days 00:00:28.180000,0 days 00:56:53.571000,0 days 00:57:29.838000,0 days 00:57:58.018000,270.0,191.0,243.0,291.0,True,WET,3.0,True,Ferrari,0 days 00:56:20.656000,2018-07-28 13:52:26.690,1,,False,,False,True
0 days 00:59:34.204000,RAI,7,0 days 00:01:36.186000,21.0,5.0,,,0 days 00:00:32.835000,0 days 00:00:35.925000,0 days 00:00:27.426000,0 days 00:58:30.853000,0 days 00:59:06.778000,0 days 00:59:34.204000,270.0,207.0,246.0,291.0,True,WET,4.0,True,Ferrari,0 days 00:57:58.018000,2018-07-28 13:54:04.052,1,,False,,False,True
0 days 01:01:16.181000,RAI,7,0 days 00:01:41.977000,22.0,5.0,,0 days 01:01:14.418000,0 days 00:00:33.511000,0 days 00:00:37.296000,0 days 00:00:31.170000,0 days 01:00:07.715000,0 days 01:00:45.011000,0 days 01:01:16.181000,233.0,195.0,,287.0,False,WET,5.0,True,Ferrari,0 days 00:59:34.204000,2018-07-28 13:55:40.238,1,,False,,False,False
0 days 01:03:37.110000,RAI,7,0 days 00:02:20.929000,23.0,6.0,0 days 01:01:54.110000,,0 days 00:01:14.225000,0 days 00:00:37.534000,0 days 00:00:29.170000,0 days 01:02:30.406000,0 days 01:03:07.940000,0 days 01:03:37.110000,217.0,199.0,247.0,287.0,False,WET,1.0,True,Ferrari,0 days 01:01:16.181000,2018-07-28 13:57:22.215,1,,False,,False,False
0 days 01:05:16.172000,RAI,7,0 days 00:01:39.062000,24.0,6.0,,,0 days 00:00:33.427000,0 days 00:00:37.071000,0 days 00:00:28.564000,0 days 01:04:10.537000,0 days 01:04:47.608000,0 days 01:05:16.172000,244.0,197.0,233.0,295.0,False,WET,2.0,True,Ferrari,0 days 01:03:37.110000,2018-07-28 13:59:43.144,1,,False,,False,True
0 days 01:07:23.548000,RAI,7,0 days 00:02:07.376000,25.0,6.0,,,0 days 00:00:45.572000,0 days 00:00:42.551000,0 days 00:00:39.253000,0 days 01:06:01.744000,0 days 01:06:44.295000,0 days 01:07:23.548000,167.0,154.0,36.0,153.0,False,WET,3.0,True,Ferrari,0 days 01:05:16.172000,2018-07-28 14:01:22.206,1,,False,,False,True
0 days 00:06:54.651000,VET,5,,1.0,,0 days 00:04:57.776000,,,0 days 00:00:37.371000,0 days 00:00:46.641000,,0 days 00:06:08.035000,0 days 00:06:54.819000,230.0,203.0,253.0,,False,nan,,True,Ferrari,0 days 00:04:57.776000,2018-07-28 13:01:03.810,,,False,,False,False
0 days 00:08:20.954000,VET,5,0 days 00:01:26.303000,2.0,1.0,,,0 days 00:00:32.173000,0 days 00:00:30.437000,0 days 00:00:23.693000,0 days 00:07:26.824000,0 days 00:07:57.261000,0 days 00:08:20.954000,270.0,240.0,256.0,300.0,True,INTERMEDIATE,1.0,True,Ferrari,0 days 00:06:54.651000,2018-07-28 13:03:00.685,,,False,,False,False
0 days 00:10:10.822000,VET,5,0 days 00:01:49.868000,3.0,1.0,,,0 days 00:00:37.071000,0 days 00:00:38.578000,0 days 00:00:34.219000,0 days 00:08:58.025000,0 days 00:09:36.603000,0 days 00:10:10.822000,200.0,185.0,258.0,283.0,False,INTERMEDIATE,2.0,True,Ferrari,0 days 00:08:20.954000,2018-07-28 13:04:26.988,,,False,,False,False
0 days 00:11:35.998000,VET,5,0 days 00:01:25.176000,4.0,1.0,,,0 days 00:00:31.635000,0 days 00:00:29.972000,0 days 00:00:23.569000,0 days 00:10:42.457000,0 days 00:11:12.429000,0 days 00:11:35.998000,283.0,242.0,259.0,301.0,True,INTERMEDIATE,3.0,True,Ferrari,0 days 00:10:10.822000,2018-07-28 13:06:16.856,,,False,,False,False
0 days 00:13:14.309000,VET,5,0 days 00:01:38.311000,5.0,1.0,,0 days 00:13:12.519000,0 days 00:00:35.065000,0 days 00:00:33.800000,0 days 00:00:29.446000,0 days 00:12:11.063000,0 days 00:12:44.863000,0 days 00:13:14.309000,231.0,213.0,,285.0,False,INTERMEDIATE,4.0,True,Ferrari,0 days 00:11:35.998000,2018-07-28 13:07:42.032,,,False,,False,False
0 days 00:15:13.185000,VET,5,0 days 00:01:58.876000,6.0,2.0,0 days 00:13:37.194000,,0 days 00:00:59.083000,0 days 00:00:35.081000,0 days 00:00:24.712000,0 days 00:14:13.392000,0 days 00:14:48.473000,0 days 00:15:13.185000,238.0,224.0,265.0,285.0,False,ULTRASOFT,1.0,True,Ferrari,0 days 00:13:14.309000,2018-07-28 13:09:20.343,,,False,,False,False
0 days 00:16:33.063000,VET,5,0 days 00:01:19.878000,7.0,2.0,,,0 days 00:00:29.598000,0 days 00:00:28.793000,0 days 00:00:21.487000,0 days 00:15:42.783000,0 days 00:16:11.576000,0 days 00:16:33.063000,287.0,256.0,267.0,313.0,True,ULTRASOFT,2.0,True,Ferrari,0 days 00:15:13.185000,2018-07-28 13:11:19.219,,,False,,False,False
0 days 00:18:01.496000,VET,5,0 days 00:01:28.433000,8.0,2.0,,,0 days 00:00:30.882000,0 days 00:00:33.690000,0 days 00:00:23.861000,0 days 00:17:03.945000,0 days 00:17:37.635000,0 days 00:18:01.496000,258.0,224.0,265.0,299.0,False,ULTRASOFT,3.0,True,Ferrari,0 days 00:16:33.063000,2018-07-28 13:12:39.097,,,False,,False,False
0 days 00:19:19.166000,VET,5,0 days 00:01:17.670000,9.0,2.0,,,0 days 00:00:28.312000,0 days 00:00:27.800000,0 days 00:00:21.558000,0 days 00:18:29.808000,0 days 00:18:57.608000,0 days 00:19:19.166000,290.0,256.0,265.0,309.0,True,ULTRASOFT,4.0,True,Ferrari,0 days 00:18:01.496000,2018-07-28 13:14:07.530,,,False,,False,False
0 days 00:20:56.315000,VET,5,0 days 00:01:37.149000,10.0,2.0,,,0 days 00:00:30.794000,0 days 00:00:38.150000,0 days 00:00:28.205000,0 days 00:19:49.960000,0 days 00:20:28.110000,0 days 00:20:56.315000,215.0,215.0,267.0,309.0,False,ULTRASOFT,5.0,True,Ferrari,0 days 00:19:19.166000,2018-07-28 13:15:25.200,,,False,,False,False
0 days 00:22:12.981000,VET,5,0 days 00:01:16.666000,11.0,2.0,,,0 days 00:00:27.635000,0 days 00:00:27.569000,0 days 00:00:21.462000,0 days 00:21:23.950000,0 days 00:21:51.519000,0 days 00:22:12.981000,294.0,258.0,266.0,316.0,True,ULTRASOFT,6.0,True,Ferrari,0 days 00:20:56.315000,2018-07-28 13:17:02.349,1,,False,,False,True
0 days 00:23:51.149000,VET,5,0 days 00:01:38.168000,12.0,2.0,,0 days 00:23:49.380000,0 days 00:00:34.292000,0 days 00:00:33.859000,0 days 00:00:30.017000,0 days 00:22:47.273000,0 days 00:23:21.132000,0 days 00:23:51.149000,222.0,212.0,,292.0,False,ULTRASOFT,7.0,True,Ferrari,0 days 00:22:12.981000,2018-07-28 13:18:19.015,1,,False,,False,False
0 days 00:30:42.604000,VET,5,,13.0,3.0,0 days 00:29:08.844000,,,0 days 00:00:34.398000,0 days 00:00:28.696000,,0 days 00:30:13.928000,0 days 00:30:42.633000,257.0,203.0,247.0,292.0,False,INTERMEDIATE,1.0,True,Ferrari,0 days 00:23:51.149000,2018-07-28 13:19:57.183,1,,False,,False,False
0 days 00:32:11.240000,VET,5,0 days 00:01:28.636000,14.0,3.0,,,0 days 00:00:29.469000,0 days 00:00:31.192000,0 days 00:00:27.975000,0 days 00:31:12.073000,0 days 00:31:43.265000,0 days 00:32:11.240000,283.0,215.0,245.0,301.0,True,INTERMEDIATE,2.0,True,Ferrari,0 days 00:30:42.604000,2018-07-28 13:26:48.638,1,,False,,False,True
0 days 00:33:42.370000,VET,5,0 days 00:01:31.130000,15.0,3.0,,,0 days 00:00:30.131000,0 days 00:00:31.977000,0 days 00:00:29.022000,0 days 00:32:41.371000,0 days 00:33:13.348000,0 days 00:33:42.370000,282.0,210.0,245.0,296.0,False,INTERMEDIATE,3.0,True,Ferrari,0 days 00:32:11.240000,2018-07-28 13:28:17.274,1,,False,,False,True
0 days 00:35:33.337000,VET,5,0 days 00:01:50.967000,16.0,3.0,,0 days 00:35:31.172000,0 days 00:00:31.307000,0 days 00:00:43.395000,0 days 00:00:36.265000,0 days 00:34:13.677000,0 days 00:34:57.072000,0 days 00:35:33.337000,232.0,194.0,,300.0,False,INTERMEDIATE,4.0,True,Ferrari,0 days 00:33:42.370000,2018-07-28 13:29:48.404,12,,False,,False,False
0 days 00:54:05.885000,VET,5,,17.0,4.0,0 days 00:52:04.533000,,,0 days 00:00:39.129000,0 days 00:00:43.978000,,0 days 00:53:21.991000,0 days 00:54:05.931000,226.0,168.0,229.0,300.0,False,WET,1.0,True,Ferrari,0 days 00:35:33.337000,2018-07-28 13:31:39.371,12,,False,,False,False
0 days 00:55:45.465000,VET,5,0 days 00:01:39.580000,18.0,4.0,,,0 days 00:00:34.154000,0 days 00:00:36.778000,0 days 00:00:28.648000,0 days 00:54:40.039000,0 days 00:55:16.817000,0 days 00:55:45.465000,246.0,194.0,243.0,283.0,True,WET,2.0,True,Ferrari,0 days 00:54:05.885000,2018-07-28 13:50:11.919,1,,False,,False,True
0 days 00:57:23.198000,VET,5,0 days 00:01:37.733000,19.0,4.0,,,0 days 00:00:33.263000,0 days 00:00:35.980000,0 days 00:00:28.490000,0 days 00:56:18.728000,0 days 00:56:54.708000,0 days 00:57:23.198000,254.0,201.0,246.0,290.0,True,WET,3.0,True,Ferrari,0 days 00:55:45.465000,2018-07-28 13:51:51.499,1,,False,,False,True
0 days 00:59:04.011000,VET,5,0 days 00:01:40.813000,20.0,4.0,,0 days 00:59:02.221000,0 days 00:00:33.097000,0 days 00:00:36.095000,0 days 00:00:31.621000,0 days 00:57:56.295000,0 days 00:58:32.390000,0 days 00:59:04.011000,266.0,210.0,,290.0,False,WET,4.0,True,Ferrari,0 days 00:57:23.198000,2018-07-28 13:53:29.232,1,,False,,False,False
0 days 01:01:07.614000,VET,5,0 days 00:02:03.603000,21.0,5.0,0 days 00:59:27.676000,,0 days 00:00:56.978000,0 days 00:00:37.205000,0 days 00:00:29.420000,0 days 01:00:00.989000,0 days 01:00:38.194000,0 days 01:01:07.614000,252.0,194.0,244.0,290.0,False,WET,1.0,True,Ferrari,0 days 00:59:04.011000,2018-07-28 13:55:10.045,1,,False,,False,False
0 days 01:02:44.552000,VET,5,0 days 00:01:36.938000,22.0,5.0,,,0 days 00:00:33.276000,0 days 00:00:35.986000,0 days 00:00:27.676000,0 days 01:01:40.890000,0 days 01:02:16.876000,0 days 01:02:44.552000,261.0,212.0,247.0,289.0,True,WET,2.0,True,Ferrari,0 days 01:01:07.614000,2018-07-28 13:57:13.648,1,,False,,False,True
0 days 01:04:20.762000,VET,5,0 days 00:01:36.210000,23.0,5.0,,,0 days 00:00:32.788000,0 days 00:00:35.724000,0 days 00:00:27.698000,0 days 01:03:17.340000,0 days 01:03:53.064000,0 days 01:04:20.762000,250.0,212.0,245.0,288.0,True,WET,3.0,True,Ferrari,0 days 01:02:44.552000,2018-07-28 13:58:50.586,1,,False,,False,True
0 days 01:06:06.815000,VET,5,,24.0,5.0,,0 days 01:06:06.815000,0 days 00:00:38.181000,0 days 00:00:36.726000,,0 days 01:04:58.967000,0 days 01:05:35.768000,,228.0,185.0,,218.0,False,WET,4.0,True,Ferrari,0 days 01:04:20.762000,2018-07-28 14:00:26.796,1,,False,,False,False
0 days 00:06:36.291000,SAI,55,,1.0,,0 days 00:04:30.800000,,,0 days 00:00:42.076000,0 days 00:00:48.186000,,0 days 00:05:48.111000,0 days 00:06:36.440000,205.0,198.0,247.0,,False,nan,,True,Renault,0 days 00:04:30.800000,2018-07-28 13:00:36.834,,,False,,False,False
0 days 00:08:03.834000,SAI,55,0 days 00:01:27.543000,2.0,1.0,,,0 days 00:00:32.638000,0 days 00:00:30.579000,0 days 00:00:24.326000,0 days 00:07:08.929000,0 days 00:07:39.508000,0 days 00:08:03.834000,271.0,234.0,255.0,288.0,True,INTERMEDIATE,1.0,True,Renault,0 days 00:06:36.291000,2018-07-28 13:02:42.325,,,False,,False,False
0 days 00:09:54.435000,SAI,55,0 days 00:01:50.601000,3.0,1.0,,0 days 00:09:52.660000,0 days 00:00:37.203000,0 days 00:00:39.947000,0 days 00:00:33.451000,0 days 00:08:41.037000,0 days 00:09:20.984000,0 days 00:09:54.435000,189.0,198.0,,288.0,False,INTERMEDIATE,2.0,True,Renault,0 days 00:08:03.834000,2018-07-28 13:04:09.868,,,False,,False,False
0 days 00:11:49.960000,SAI,55,0 days 00:01:55.525000,4.0,2.0,0 days 00:10:16.802000,,0 days 00:00:57.314000,0 days 00:00:30.673000,0 days 00:00:27.538000,0 days 00:10:51.749000,0 days 00:11:22.422000,0 days 00:11:49.960000,266.0,233.0,258.0,288.0,False,ULTRASOFT,1.0,True,Renault,0 days 00:09:54.435000,2018-07-28 13:06:00.469,,,False,,False,False
0 days 00:13:12.639000,SAI,55,0 days 00:01:22.679000,5.0,2.0,,,0 days 00:00:32.469000,0 days 00:00:28.049000,0 days 00:00:22.161000,0 days 00:12:22.429000,0 days 00:12:50.478000,0 days 00:13:12.639000,283.0,248.0,259.0,295.0,True,ULTRASOFT,2.0,True,Renault,0 days 00:11:49.960000,2018-07-28 13:07:55.994,,,False,,False,False
0 days 00:14:41.125000,SAI,55,0 days 00:01:28.486000,6.0,2.0,,,0 days 00:00:33.859000,0 days 00:00:31.166000,0 days 00:00:23.461000,0 days 00:13:46.498000,0 days 00:14:17.664000,0 days 00:14:41.125000,234.0,230.0,260.0,283.0,False,ULTRASOFT,3.0,True,Renault,0 days 00:13:12.639000,2018-07-28 13:09:18.673,,,False,,False,False
0 days 00:16:00.767000,SAI,55,0 days 00:01:19.642000,7.0,2.0,,,0 days 00:00:29.764000,0 days 00:00:28.044000,0 days 00:00:21.834000,0 days 00:15:10.889000,0 days 00:15:38.933000,0 days 00:16:00.767000,287.0,252.0,261.0,301.0,True,ULTRASOFT,4.0,True,Renault,0 days 00:14:41.125000,2018-07-28 13:10:47.159,,,False,,False,False
0 days 00:17:45.378000,SAI,55,0 days 00:01:44.611000,8.0,2.0,,,0 days 00:00:37.543000,0 days 00:00:38.970000,0 days 00:00:28.098000,0 days 00:16:38.310000,0 days 00:17:17.280000,0 days 00:17:45.378000,191.0,216.0,258.0,292.0,False,ULTRASOFT,5.0,True,Renault,0 days 00:16:00.767000,2018-07-28 13:12:06.801,,,False,,False,False
0 days 00:19:04.052000,SAI,55,0 days 00:01:18.674000,9.0,2.0,,,0 days 00:00:28.903000,0 days 00:00:28.013000,0 days 00:00:21.758000,0 days 00:18:14.281000,0 days 00:18:42.294000,0 days 00:19:04.052000,286.0,247.0,258.0,301.0,True,ULTRASOFT,6.0,True,Renault,0 days 00:17:45.378000,2018-07-28 13:13:51.412,,,False,,False,False
0 days 00:20:41.927000,SAI,55,0 days 00:01:37.875000,10.0,2.0,,,0 days 00:00:36.290000,0 days 00:00:36.871000,0 days 00:00:24.714000,0 days 00:19:40.342000,0 days 00:20:17.213000,0 days 00:20:41.927000,220.0,205.0,260.0,284.0,False,ULTRASOFT,7.0,True,Renault,0 days 00:19:04.052000,2018-07-28 13:15:10.086,,,False,,False,False
0 days 00:21:59.756000,SAI,55,0 days 00:01:17.829000,11.0,2.0,,,0 days 00:00:28.258000,0 days 00:00:27.841000,0 days 00:00:21.730000,0 days 00:21:10.185000,0 days 00:21:38.026000,0 days 00:21:59.756000,286.0,250.0,260.0,303.0,True,ULTRASOFT,8.0,True,Renault,0 days 00:20:41.927000,2018-07-28 13:16:47.961,,,False,,False,False
0 days 00:23:42.018000,SAI,55,0 days 00:01:42.262000,12.0,2.0,,0 days 00:23:39.631000,0 days 00:00:35.491000,0 days 00:00:34.867000,0 days 00:00:31.904000,0 days 00:22:35.247000,0 days 00:23:10.114000,0 days 00:23:42.018000,213.0,201.0,,291.0,False,ULTRASOFT,9.0,True,Renault,0 days 00:21:59.756000,2018-07-28 13:18:05.790,1,,False,,False,False
0 days 00:30:46.091000,SAI,55,,13.0,3.0,0 days 00:29:01.922000,0 days 00:30:44.289000,,0 days 00:00:32.801000,0 days 00:00:39.961000,,0 days 00:30:06.163000,0 days 00:30:46.101000,260.0,201.0,,291.0,False,ULTRASOFT,1.0,True,Renault,0 days 00:23:42.018000,2018-07-28 13:19:48.052,1,,False,,False,False
0 days 00:32:44.714000,SAI,55,0 days 00:01:58.623000,14.0,4.0,0 days 00:31:11.808000,,0 days 00:00:55.822000,0 days 00:00:35.080000,0 days 00:00:27.721000,0 days 00:31:41.913000,0 days 00:32:16.993000,0 days 00:32:44.714000,250.0,205.0,244.0,291.0,False,INTERMEDIATE,1.0,True,Renault,0 days 00:30:46.091000,2018-07-28 13:26:52.125,1,,False,,False,False
0 days 00:34:15.485000,SAI,55,0 days 00:01:30.771000,15.0,4.0,,,0 days 00:00:30.529000,0 days 00:00:31.507000,0 days 00:00:28.735000,0 days 00:33:15.243000,0 days 00:33:46.750000,0 days 00:34:15.485000,283.0,216.0,237.0,296.0,True,INTERMEDIATE,2.0,True,Renault,0 days 00:32:44.714000,2018-07-28 13:28:50.748,1,,False,,False,True
0 days 00:36:06.864000,SAI,55,0 days 00:01:51.379000,16.0,4.0,,,0 days 00:00:39.327000,0 days 00:00:39.114000,0 days 00:00:32.938000,0 days 00:34:54.812000,0 days 00:35:33.926000,0 days 00:36:06.864000,222.0,195.0,212.0,255.0,False,INTERMEDIATE,3.0,True,Renault,0 days 00:34:15.485000,2018-07-28 13:30:21.519,12,,False,,False,True
0 days 00:37:54.494000,SAI,55,0 days 00:01:47.630000,17.0,4.0,,0 days 00:37:52.699000,0 days 00:00:33.579000,0 days 00:00:37.561000,0 days 00:00:36.490000,0 days 00:36:40.443000,0 days 00:37:18.004000,0 days 00:37:54.494000,235.0,187.0,,288.0,False,INTERMEDIATE,4.0,True,Renault,0 days 00:36:06.864000,2018-07-28 13:32:12.898,12,,False,,False,False
0 days 00:54:16.355000,SAI,55,,18.0,5.0,0 days 00:52:09.514000,,,0 days 00:00:39.742000,0 days 00:00:51.373000,,0 days 00:53:24.990000,0 days 00:54:16.418000,208.0,196.0,237.0,288.0,False,WET,1.0,True,Renault,0 days 00:37:54.494000,2018-07-28 13:34:00.528,1,,False,,False,False
0 days 00:55:55.857000,SAI,55,0 days 00:01:39.502000,19.0,5.0,,,0 days 00:00:33.588000,0 days 00:00:36.806000,0 days 00:00:29.108000,0 days 00:54:49.943000,0 days 00:55:26.749000,0 days 00:55:55.857000,259.0,201.0,241.0,285.0,True,WET,2.0,True,Renault,0 days 00:54:16.355000,2018-07-28 13:50:22.389,1,,False,,False,True
0 days 00:57:43.004000,SAI,55,0 days 00:01:47.147000,20.0,5.0,,,0 days 00:00:38.160000,0 days 00:00:39.919000,0 days 00:00:29.068000,0 days 00:56:34.017000,0 days 00:57:13.936000,0 days 00:57:43.004000,210.0,182.0,235.0,289.0,False,WET,3.0,True,Renault,0 days 00:55:55.857000,2018-07-28 13:52:01.891,1,,False,,False,True
0 days 00:59:20.970000,SAI,55,0 days 00:01:37.966000,21.0,5.0,,,0 days 00:00:33.619000,0 days 00:00:36.313000,0 days 00:00:28.034000,0 days 00:58:16.623000,0 days 00:58:52.936000,0 days 00:59:20.970000,255.0,207.0,241.0,276.0,True,WET,4.0,True,Renault,0 days 00:57:43.004000,2018-07-28 13:53:49.038,1,,False,,False,True
0 days 01:00:57.713000,SAI,55,0 days 00:01:36.743000,22.0,5.0,,,0 days 00:00:32.955000,0 days 00:00:36.023000,0 days 00:00:27.765000,0 days 00:59:53.925000,0 days 01:00:29.948000,0 days 01:00:57.713000,261.0,208.0,241.0,282.0,True,WET,5.0,True,Renault,0 days 00:59:20.970000,2018-07-28 13:55:27.004,1,,False,,False,True
0 days 01:03:02.274000,SAI,55,0 days 00:02:04.561000,23.0,5.0,,,0 days 00:00:33.659000,0 days 00:00:50.740000,0 days 00:00:40.162000,0 days 01:01:31.372000,0 days 01:02:22.112000,0 days 01:03:02.274000,216.0,78.0,233.0,281.0,False,WET,6.0,True,Renault,0 days 01:00:57.713000,2018-07-28 13:57:03.747,1,,False,,False,True
0 days 01:04:40.717000,SAI,55,0 days 00:01:38.443000,24.0,5.0,,,0 days 00:00:33.438000,0 days 00:00:37.078000,0 days 00:00:27.927000,0 days 01:03:35.712000,0 days 01:04:12.790000,0 days 01:04:40.717000,259.0,204.0,243.0,280.0,False,WET,7.0,True,Renault,0 days 01:03:02.274000,2018-07-28 13:59:08.308,1,,False,,False,True
0 days 01:06:36.026000,SAI,55,,25.0,5.0,,0 days 01:06:36.026000,0 days 00:00:36.393000,0 days 00:00:40.592000,,0 days 01:05:17.124000,0 days 01:05:57.785000,,202.0,147.0,,265.0,False,WET,8.0,True,Renault,0 days 01:04:40.717000,2018-07-28 14:00:46.751,1,,False,,False,False
0 days 00:06:31.254000,GAS,10,,1.0,,0 days 00:04:37.613000,,,0 days 00:00:40.981000,0 days 00:00:37.903000,,0 days 00:05:53.439000,0 days 00:06:31.403000,252.0,189.0,248.0,,False,nan,,True,Toro Rosso,0 days 00:04:37.613000,2018-07-28 13:00:43.647,,,False,,False,False
0 days 00:07:59.816000,GAS,10,0 days 00:01:28.562000,2.0,1.0,,,0 days 00:00:32.762000,0 days 00:00:31.345000,0 days 00:00:24.455000,0 days 00:07:04.016000,0 days 00:07:35.361000,0 days 00:07:59.816000,271.0,230.0,251.0,294.0,True,INTERMEDIATE,1.0,True,Toro Rosso,0 days 00:06:31.254000,2018-07-28 13:02:37.288,,,False,,False,False
0 days 00:09:46.068000,GAS,10,0 days 00:01:46.252000,3.0,1.0,,,0 days 00:00:34.323000,0 days 00:00:41.203000,0 days 00:00:30.726000,0 days 00:08:34.139000,0 days 00:09:15.342000,0 days 00:09:46.068000,215.0,193.0,248.0,295.0,False,INTERMEDIATE,2.0,True,Toro Rosso,0 days 00:07:59.816000,2018-07-28 13:04:05.850,,,False,,False,False
0 days 00:11:13.573000,GAS,10,0 days 00:01:27.505000,4.0,1.0,,,0 days 00:00:32.088000,0 days 00:00:31.010000,0 days 00:00:24.407000,0 days 00:10:18.156000,0 days 00:10:49.166000,0 days 00:11:13.573000,275.0,233.0,250.0,296.0,True,INTERMEDIATE,3.0,True,Toro Rosso,0 days 00:09:46.068000,2018-07-28 13:05:52.102,,,False,,False,False
0 days 00:12:59.637000,GAS,10,0 days 00:01:46.064000,5.0,1.0,,0 days 00:12:57.846000,0 days 00:00:35.032000,0 days 00:00:39.617000,0 days 00:00:31.415000,0 days 00:11:48.605000,0 days 00:12:28.222000,0 days 00:12:59.637000,235.0,193.0,,293.0,False,INTERMEDIATE,4.0,True,Toro Rosso,0 days 00:11:13.573000,2018-07-28 13:07:19.607,,,False,,False,False
0 days 00:14:57.222000,GAS,10,0 days 00:01:57.585000,6.0,2.0,0 days 00:13:22.692000,,0 days 00:00:58.086000,0 days 00:00:34.850000,0 days 00:00:24.649000,0 days 00:13:57.723000,0 days 00:14:32.573000,0 days 00:14:57.222000,248.0,216.0,254.0,293.0,False,ULTRASOFT,1.0,True,Toro Rosso,0 days 00:12:59.637000,2018-07-28 13:09:05.671,,,False,,False,False
0 days 00:16:19.284000,GAS,10,0 days 00:01:22.062000,7.0,2.0,,,0 days 00:00:30.703000,0 days 00:00:29.324000,0 days 00:00:22.035000,0 days 00:15:27.925000,0 days 00:15:57.249000,0 days 00:16:19.284000,279.0,244.0,259.0,300.0,True,ULTRASOFT,2.0,True,Toro Rosso,0 days 00:14:57.222000,2018-07-28 13:11:03.256,,,False,,False,False
0 days 00:17:53.264000,GAS,10,0 days 00:01:33.980000,8.0,2.0,,,0 days 00:00:32.181000,0 days 00:00:36.561000,0 days 00:00:25.238000,0 days 00:16:51.465000,0 days 00:17:28.026000,0 days 00:17:53.264000,241.0,211.0,260.0,305.0,False,ULTRASOFT,3.0,True,Toro Rosso,0 days 00:16:19.284000,2018-07-28 13:12:25.318,,,False,,False,False
0 days 00:19:12.132000,GAS,10,0 days 00:01:18.868000,9.0,2.0,,,0 days 00:00:28.917000,0 days 00:00:28.290000,0 days 00:00:21.661000,0 days 00:18:22.181000,0 days 00:18:50.471000,0 days 00:19:12.132000,281.0,250.0,260.0,303.0,True,ULTRASOFT,4.0,True,Toro Rosso,0 days 00:17:53.264000,2018-07-28 13:13:59.298,,,False,,False,False
0 days 00:20:52.205000,GAS,10,0 days 00:01:40.073000,10.0,2.0,,,0 days 00:00:34.483000,0 days 00:00:39.737000,0 days 00:00:25.853000,0 days 00:19:46.615000,0 days 00:20:26.352000,0 days 00:20:52.205000,244.0,200.0,257.0,292.0,False,ULTRASOFT,5.0,True,Toro Rosso,0 days 00:19:12.132000,2018-07-28 13:15:18.166,,,False,,False,False
0 days 00:22:10.782000,GAS,10,0 days 00:01:18.577000,11.0,2.0,,,0 days 00:00:28.552000,0 days 00:00:28.363000,0 days 00:00:21.662000,0 days 00:21:20.757000,0 days 00:21:49.120000,0 days 00:22:10.782000,282.0,246.0,259.0,301.0,True,ULTRASOFT,6.0,True,Toro Rosso,0 days 00:20:52.205000,2018-07-28 13:16:58.239,1,,False,,False,True
0 days 00:24:00.996000,GAS,10,0 days 00:01:50.214000,12.0,2.0,,0 days 00:23:58.850000,0 days 00:00:38.202000,0 days 00:00:39.042000,0 days 00:00:32.970000,0 days 00:22:48.984000,0 days 00:23:28.026000,0 days 00:24:00.996000,170.0,207.0,,292.0,False,ULTRASOFT,7.0,True,Toro Rosso,0 days 00:22:10.782000,2018-07-28 13:18:16.816,1,,False,,False,False
0 days 00:31:00.733000,GAS,10,,13.0,3.0,0 days 00:29:14.251000,0 days 00:30:58.697000,,0 days 00:00:34.411000,0 days 00:00:41.035000,,0 days 00:30:19.771000,0 days 00:31:00.753000,266.0,132.0,,292.0,False,ULTRASOFT,1.0,True,Toro Rosso,0 days 00:24:00.996000,2018-07-28 13:20:07.030,1,,False,,False,False
0 days 00:33:02.875000,GAS,10,0 days 00:02:02.142000,14.0,4.0,0 days 00:31:27.309000,,0 days 00:00:57.405000,0 days 00:00:33.710000,0 days 00:00:31.027000,0 days 00:31:58.138000,0 days 00:32:31.848000,0 days 00:33:02.875000,260.0,204.0,244.0,292.0,False,INTERMEDIATE,1.0,True,Toro Rosso,0 days 00:31:00.733000,2018-07-28 13:27:06.767,1,,False,,False,False
0 days 00:34:34.161000,GAS,10,0 days 00:01:31.286000,15.0,4.0,,,0 days 00:00:31.004000,0 days 00:00:31.914000,0 days 00:00:28.368000,0 days 00:33:33.879000,0 days 00:34:05.793000,0 days 00:34:34.161000,275.0,210.0,235.0,297.0,True,INTERMEDIATE,2.0,True,Toro Rosso,0 days 00:33:02.875000,2018-07-28 13:29:08.909,12,,False,,False,True
0 days 00:36:15.592000,GAS,10,0 days 00:01:41.431000,16.0,4.0,,,0 days 00:00:32.702000,0 days 00:00:36.167000,0 days 00:00:32.562000,0 days 00:35:06.863000,0 days 00:35:43.030000,0 days 00:36:15.592000,258.0,191.0,217.0,290.0,False,INTERMEDIATE,3.0,True,Toro Rosso,0 days 00:34:34.161000,2018-07-28 13:30:40.195,21,,False,,False,True
0 days 00:38:01.058000,GAS,10,0 days 00:01:45.466000,17.0,4.0,,0 days 00:37:59.011000,0 days 00:00:33.026000,0 days 00:00:37.703000,0 days 00:00:34.737000,0 days 00:36:48.618000,0 days 00:37:26.321000,0 days 00:38:01.058000,266.0,201.0,,279.0,False,INTERMEDIATE,4.0,True,Toro Rosso,0 days 00:36:15.592000,2018-07-28 13:32:21.626,21,,False,,False,False
0 days 00:54:11.812000,GAS,10,,18.0,5.0,0 days 00:52:14.100000,,,0 days 00:00:42.415000,0 days 00:00:39.077000,,0 days 00:53:32.820000,0 days 00:54:11.886000,237.0,171.0,235.0,279.0,False,WET,1.0,True,Toro Rosso,0 days 00:38:01.058000,2018-07-28 13:34:07.092,1,,False,,False,False
0 days 00:55:54.435000,GAS,10,0 days 00:01:42.623000,19.0,5.0,,,0 days 00:00:35.509000,0 days 00:00:37.592000,0 days 00:00:29.522000,0 days 00:54:47.321000,0 days 00:55:24.913000,0 days 00:55:54.435000,263.0,182.0,235.0,280.0,True,WET,2.0,True,Toro Rosso,0 days 00:54:11.812000,2018-07-28 13:50:17.846,1,,False,,False,True
0 days 00:57:32.447000,GAS,10,0 days 00:01:38.012000,20.0,5.0,,,0 days 00:00:33.559000,0 days 00:00:36.069000,0 days 00:00:28.384000,0 days 00:56:27.994000,0 days 00:57:04.063000,0 days 00:57:32.447000,253.0,199.0,236.0,281.0,True,WET,3.0,True,Toro Rosso,0 days 00:55:54.435000,2018-07-28 13:52:00.469,1,,False,,False,True
0 days 00:59:10.846000,GAS,10,0 days 00:01:38.399000,21.0,5.0,,,0 days 00:00:33.301000,0 days 00:00:36.333000,0 days 00:00:28.765000,0 days 00:58:05.748000,0 days 00:58:42.081000,0 days 00:59:10.846000,264.0,176.0,234.0,278.0,False,WET,4.0,True,Toro Rosso,0 days 00:57:32.447000,2018-07-28 13:53:38.481,1,,False,,False,True
0 days 01:00:53.299000,GAS,10,0 days 00:01:42.453000,22.0,5.0,,0 days 01:00:51.463000,0 days 00:00:33.440000,0 days 00:00:36.670000,0 days 00:00:32.343000,0 days 00:59:44.286000,0 days 01:00:20.956000,0 days 01:00:53.299000,264.0,191.0,,277.0,False,WET,5.0,True,Toro Rosso,0 days 00:59:10.846000,2018-07-28 13:55:16.880,1,,False,,False,False
0 days 01:03:26.096000,GAS,10,,23.0,6.0,0 days 01:01:44.295000,,0 days 00:01:24.943000,0 days 00:00:36.966000,0 days 00:00:30.858000,0 days 01:02:18.274000,0 days 01:02:55.301000,0 days 01:03:26.163000,237.0,192.0,241.0,277.0,False,WET,1.0,True,Toro Rosso,0 days 01:00:53.299000,2018-07-28 13:56:59.333,1,,False,,False,False
0 days 01:05:03.687000,GAS,10,0 days 00:01:37.591000,24.0,6.0,,,0 days 00:00:33.247000,0 days 00:00:36.101000,0 days 00:00:28.243000,0 days 01:03:59.343000,0 days 01:04:35.444000,0 days 01:05:03.687000,265.0,201.0,238.0,281.0,True,WET,2.0,True,Toro Rosso,0 days 01:03:26.096000,2018-07-28 13:59:32.130,1,,False,,False,True
0 days 01:07:47.963000,GAS,10,,25.0,6.0,,0 days 01:07:47.963000,0 days 00:00:41.732000,0 days 00:00:45.504000,,0 days 01:05:45.440000,0 days 01:06:30.974000,,165.0,177.0,,280.0,False,WET,3.0,True,Toro Rosso,0 days 01:05:03.687000,2018-07-28 14:01:09.721,1,,False,,False,False
0 days 00:08:02.901000,VER,33,,1.0,1.0,0 days 00:06:23.966000,,,0 days 00:00:39.357000,0 days 00:00:26.955000,,0 days 00:07:35.946000,0 days 00:08:03.044000,245.0,143.0,253.0,,False,INTERMEDIATE,1.0,True,Red Bull Racing,0 days 00:06:23.966000,2018-07-28 13:02:30.000,,,False,,False,False
0 days 00:09:30.205000,VER,33,0 days 00:01:27.304000,2.0,1.0,,,0 days 00:00:32.140000,0 days 00:00:31.001000,0 days 00:00:24.163000,0 days 00:08:35.041000,0 days 00:09:06.042000,0 days 00:09:30.205000,273.0,235.0,250.0,298.0,True,INTERMEDIATE,2.0,True,Red Bull Racing,0 days 00:08:02.901000,2018-07-28 13:04:08.935,,,False,,False,False
0 days 00:10:56.566000,VER,33,0 days 00:01:26.361000,3.0,1.0,,,0 days 00:00:31.743000,0 days 00:00:30.624000,0 days 00:00:23.994000,0 days 00:10:01.948000,0 days 00:10:32.572000,0 days 00:10:56.566000,276.0,237.0,249.0,302.0,True,INTERMEDIATE,3.0,True,Red Bull Racing,0 days 00:09:30.205000,2018-07-28 13:05:36.239,,,False,,False,False
0 days 00:12:28.752000,VER,33,0 days 00:01:32.186000,4.0,1.0,,0 days 00:12:26.967000,0 days 00:00:32.868000,0 days 00:00:31.548000,0 days 00:00:27.770000,0 days 00:11:29.434000,0 days 00:12:00.982000,0 days 00:12:28.752000,255.0,224.0,,294.0,False,INTERMEDIATE,4.0,True,Red Bull Racing,0 days 00:10:56.566000,2018-07-28 13:07:02.600,,,False,,False,False
0 days 00:14:25.979000,VER,33,0 days 00:01:57.227000,5.0,2.0,0 days 00:12:49.409000,,0 days 00:00:54.011000,0 days 00:00:30.396000,0 days 00:00:32.820000,0 days 00:13:22.763000,0 days 00:13:53.159000,0 days 00:14:25.979000,265.0,175.0,257.0,294.0,False,ULTRASOFT,1.0,True,Red Bull Racing,0 days 00:12:28.752000,2018-07-28 13:08:34.786,,,False,,False,False
0 days 00:15:46.268000,VER,33,0 days 00:01:20.289000,6.0,2.0,,,0 days 00:00:29.928000,0 days 00:00:28.627000,0 days 00:00:21.734000,0 days 00:14:55.907000,0 days 00:15:24.534000,0 days 00:15:46.268000,279.0,250.0,258.0,300.0,True,ULTRASOFT,2.0,True,Red Bull Racing,0 days 00:14:25.979000,2018-07-28 13:10:32.013,,,False,,False,False
0 days 00:17:04.941000,VER,33,0 days 00:01:18.673000,7.0,2.0,,,0 days 00:00:28.908000,0 days 00:00:27.974000,0 days 00:00:21.791000,0 days 00:16:15.176000,0 days 00:16:43.150000,0 days 00:17:04.941000,280.0,250.0,259.0,302.0,True,ULTRASOFT,3.0,True,Red Bull Racing,0 days 00:15:46.268000,2018-07-28 13:11:52.302,,,False,,False,False
0 days 00:18:32.638000,VER,33,0 days 00:01:27.697000,8.0,2.0,,,0 days 00:00:30.803000,0 days 00:00:32.129000,0 days 00:00:24.765000,0 days 00:17:35.744000,0 days 00:18:07.873000,0 days 00:18:32.638000,246.0,226.0,258.0,308.0,False,ULTRASOFT,4.0,True,Red Bull Racing,0 days 00:17:04.941000,2018-07-28 13:13:10.975,,,False,,False,False
0 days 00:19:50.308000,VER,33,0 days 00:01:17.670000,9.0,2.0,,,0 days 00:00:28.362000,0 days 00:00:27.638000,0 days 00:00:21.670000,0 days 00:19:01,0 days 00:19:28.638000,0 days 00:19:50.308000,282.0,252.0,260.0,300.0,True,ULTRASOFT,5.0,True,Red Bull Racing,0 days 00:18:32.638000,2018-07-28 13:14:38.672,,,False,,False,False
0 days 00:21:21.776000,VER,33,0 days 00:01:31.468000,10.0,2.0,,,0 days 00:00:29.606000,0 days 00:00:33.782000,0 days 00:00:28.080000,0 days 00:20:19.914000,0 days 00:20:53.696000,0 days 00:21:21.776000,254.0,216.0,259.0,307.0,False,ULTRASOFT,6.0,True,Red Bull Racing,0 days 00:19:50.308000,2018-07-28 13:15:56.342,,,False,,False,False
0 days 00:22:38.716000,VER,33,0 days 00:01:16.940000,11.0,2.0,,,0 days 00:00:28.067000,0 days 00:00:27.486000,0 days 00:00:21.387000,0 days 00:21:49.843000,0 days 00:22:17.329000,0 days 00:22:38.716000,283.0,252.0,260.0,302.0,True,ULTRASOFT,7.0,True,Red Bull Racing,0 days 00:21:21.776000,2018-07-28 13:17:27.810,1,,False,,False,True
0 days 00:24:13.687000,VER,33,0 days 00:01:34.971000,12.0,2.0,,0 days 00:24:11.211000,0 days 00:00:32.937000,0 days 00:00:32.824000,0 days 00:00:29.210000,0 days 00:23:11.653000,0 days 00:23:44.477000,0 days 00:24:13.687000,226.0,207.0,,288.0,False,ULTRASOFT,8.0,True,Red Bull Racing,0 days 00:22:38.716000,2018-07-28 13:18:44.750,1,,False,,False,False
0 days 00:30:56.509000,VER,33,,13.0,3.0,0 days 00:29:14.927000,0 days 00:30:54.697000,,0 days 00:00:32.102000,0 days 00:00:38.825000,,0 days 00:30:17.725000,0 days 00:30:56.509000,245.0,169.0,,288.0,False,ULTRASOFT,1.0,True,Red Bull Racing,0 days 00:24:13.687000,2018-07-28 13:20:19.721,1,,False,,False,False
0 days 00:33:09.475000,VER,33,0 days 00:02:12.966000,14.0,4.0,0 days 00:31:28.576000,,0 days 00:01:01.790000,0 days 00:00:34.109000,0 days 00:00:37.067000,0 days 00:31:58.299000,0 days 00:32:32.408000,0 days 00:33:09.475000,252.0,207.0,238.0,288.0,False,INTERMEDIATE,1.0,True,Red Bull Racing,0 days 00:30:56.509000,2018-07-28 13:27:02.543,1,,False,,False,False
0 days 00:34:40.653000,VER,33,0 days 00:01:31.178000,15.0,4.0,,,0 days 00:00:30.755000,0 days 00:00:31.449000,0 days 00:00:28.974000,0 days 00:33:40.230000,0 days 00:34:11.679000,0 days 00:34:40.653000,275.0,219.0,232.0,295.0,True,INTERMEDIATE,2.0,True,Red Bull Racing,0 days 00:33:09.475000,2018-07-28 13:29:15.509,12,,False,,False,True
0 days 00:36:20.533000,VER,33,0 days 00:01:39.880000,16.0,4.0,,0 days 00:36:18.738000,0 days 00:00:31.782000,0 days 00:00:32.633000,0 days 00:00:35.465000,0 days 00:35:12.435000,0 days 00:35:45.068000,0 days 00:36:20.533000,275.0,214.0,,285.0,False,INTERMEDIATE,3.0,True,Red Bull Racing,0 days 00:34:40.653000,2018-07-28 13:30:46.687,21,,False,,False,False
0 days 00:53:38.549000,VER,33,,17.0,4.0,0 days 00:51:57.719000,,,0 days 00:00:36.939000,0 days 00:00:29.156000,,0 days 00:53:09.397000,0 days 00:53:38.602000,255.0,200.0,235.0,285.0,False,INTERMEDIATE,4.0,True,Red Bull Racing,0 days 00:36:20.533000,2018-07-28 13:32:26.567,1,,False,,False,False
0 days 00:55:17.472000,VER,33,0 days 00:01:38.923000,18.0,5.0,,,0 days 00:00:33.413000,0 days 00:00:35.580000,0 days 00:00:29.930000,0 days 00:54:11.962000,0 days 00:54:47.542000,0 days 00:55:17.472000,267.0,200.0,233.0,276.0,True,WET,1.0,True,Red Bull Racing,0 days 00:53:38.549000,2018-07-28 13:49:44.583,1,,False,,False,True
0 days 00:56:55.504000,VER,33,0 days 00:01:38.032000,19.0,5.0,,,0 days 00:00:33.208000,0 days 00:00:35.770000,0 days 00:00:29.054000,0 days 00:55:50.680000,0 days 00:56:26.450000,0 days 00:56:55.504000,267.0,185.0,235.0,278.0,True,WET,2.0,True,Red Bull Racing,0 days 00:55:17.472000,2018-07-28 13:51:23.506,1,,False,,False,True
0 days 00:58:39.754000,VER,33,0 days 00:01:44.250000,20.0,5.0,,0 days 00:58:37.953000,0 days 00:00:34.296000,0 days 00:00:38.213000,0 days 00:00:31.741000,0 days 00:57:29.800000,0 days 00:58:08.013000,0 days 00:58:39.754000,190.0,193.0,,279.0,False,WET,3.0,True,Red Bull Racing,0 days 00:56:55.504000,2018-07-28 13:53:01.538,1,,False,,False,False
0 days 01:01:47.001000,VER,33,,21.0,6.0,0 days 00:59:56.398000,,,0 days 00:00:40.744000,0 days 00:00:35.818000,,0 days 01:01:11.205000,0 days 01:01:47.045000,208.0,179.0,239.0,279.0,False,WET,1.0,True,Red Bull Racing,0 days 00:58:39.754000,2018-07-28 13:54:45.788,1,,False,,False,False
0 days 01:03:31.983000,VER,33,0 days 00:01:44.982000,22.0,6.0,,,0 days 00:00:33.401000,0 days 00:00:37.331000,0 days 00:00:34.250000,0 days 01:02:20.402000,0 days 01:02:57.733000,0 days 01:03:31.983000,266.0,193.0,235.0,282.0,False,WET,2.0,True,Red Bull Racing,0 days 01:01:47.001000,2018-07-28 13:57:53.035,1,,False,,False,True
0 days 01:05:11.289000,VER,33,0 days 00:01:39.306000,23.0,6.0,,,0 days 00:00:33.323000,0 days 00:00:37.116000,0 days 00:00:28.867000,0 days 01:04:05.306000,0 days 01:04:42.422000,0 days 01:05:11.289000,259.0,196.0,235.0,283.0,False,WET,3.0,True,Red Bull Racing,0 days 01:03:31.983000,2018-07-28 13:59:38.017,1,,False,,False,True
0 days 01:06:59.790000,VER,33,,24.0,6.0,,0 days 01:06:59.790000,0 days 00:00:37.275000,0 days 00:00:40.446000,,0 days 01:05:48.539000,0 days 01:06:29.055000,,199.0,189.0,,234.0,False,WET,4.0,True,Red Bull Racing,0 days 01:05:11.289000,2018-07-28 14:01:17.323,1,,False,,False,False
0 days 00:06:38.851000,HAR,28,,1.0,,0 days 00:04:46.489000,,,0 days 00:00:38.270000,0 days 00:00:39.317000,,0 days 00:05:59.549000,0 days 00:06:38.934000,232.0,174.0,244.0,,False,nan,,True,Toro Rosso,0 days 00:04:46.489000,2018-07-28 13:00:52.523,,,False,,False,False
0 days 00:08:07.211000,HAR,28,0 days 00:01:28.360000,2.0,1.0,,,0 days 00:00:33.079000,0 days 00:00:31.083000,0 days 00:00:24.198000,0 days 00:07:11.930000,0 days 00:07:43.013000,0 days 00:08:07.211000,269.0,233.0,248.0,295.0,True,INTERMEDIATE,1.0,True,Toro Rosso,0 days 00:06:38.851000,2018-07-28 13:02:44.885,,,False,,False,False
0 days 00:10:07.210000,HAR,28,0 days 00:01:59.999000,3.0,1.0,,0 days 00:10:05.395000,0 days 00:00:39.037000,0 days 00:00:46.800000,0 days 00:00:34.162000,0 days 00:08:46.248000,0 days 00:09:33.048000,0 days 00:10:07.210000,197.0,158.0,,299.0,False,INTERMEDIATE,2.0,True,Toro Rosso,0 days 00:08:07.211000,2018-07-28 13:04:13.245,,,False,,False,False
0 days 00:12:19.811000,HAR,28,0 days 00:02:12.601000,4.0,2.0,0 days 00:10:30.131000,0 days 00:12:18.007000,0 days 00:01:03.613000,0 days 00:00:41.194000,0 days 00:00:27.794000,0 days 00:11:10.823000,0 days 00:11:52.017000,0 days 00:12:19.811000,238.0,214.0,,299.0,False,ULTRASOFT,1.0,True,Toro Rosso,0 days 00:10:07.210000,2018-07-28 13:06:13.244,,,False,,False,False
0 days 00:14:13.120000,HAR,28,0 days 00:01:53.309000,5.0,3.0,0 days 00:12:42.089000,,0 days 00:00:59.165000,0 days 00:00:31.037000,0 days 00:00:23.107000,0 days 00:13:18.976000,0 days 00:13:50.013000,0 days 00:14:13.120000,234.0,228.0,259.0,299.0,False,ULTRASOFT,1.0,True,Toro Rosso,0 days 00:12:19.811000,2018-07-28 13:08:25.845,,,False,,False,False
0 days 00:15:33.728000,HAR,28,0 days 00:01:20.608000,6.0,3.0,,,0 days 00:00:30.585000,0 days 00:00:28.241000,0 days 00:00:21.782000,0 days 00:14:43.705000,0 days 00:15:11.946000,0 days 00:15:33.728000,281.0,250.0,259.0,302.0,True,ULTRASOFT,2.0,True,Toro Rosso,0 days 00:14:13.120000,2018-07-28 13:10:19.154,,,False,,False,False
0 days 00:17:03.823000,HAR,28,0 days 00:01:30.095000,7.0,3.0,,,0 days 00:00:33.710000,0 days 00:00:31.130000,0 days 00:00:25.255000,0 days 00:16:07.438000,0 days 00:16:38.568000,0 days 00:17:03.823000,252.0,226.0,264.0,297.0,False,ULTRASOFT,3.0,True,Toro Rosso,0 days 00:15:33.728000,2018-07-28 13:11:39.762,,,False,,False,False
0 days 00:18:22.723000,HAR,28,0 days 00:01:18.900000,8.0,3.0,,,0 days 00:00:28.868000,0 days 00:00:28.029000,0 days 00:00:22.003000,0 days 00:17:32.691000,0 days 00:18:00.720000,0 days 00:18:22.723000,284.0,249.0,252.0,309.0,True,ULTRASOFT,4.0,True,Toro Rosso,0 days 00:17:03.823000,2018-07-28 13:13:09.857,,,False,,False,False
0 days 00:20:00.799000,HAR,28,0 days 00:01:38.076000,9.0,3.0,,,0 days 00:00:35.172000,0 days 00:00:37.228000,0 days 00:00:25.676000,0 days 00:18:57.895000,0 days 00:19:35.123000,0 days 00:20:00.799000,248.0,182.0,257.0,288.0,False,ULTRASOFT,5.0,True,Toro Rosso,0 days 00:18:22.723000,2018-07-28 13:14:28.757,,,False,,False,False
0 days 00:21:23.932000,HAR,28,0 days 00:01:23.133000,10.0,3.0,,,0 days 00:00:28.714000,0 days 00:00:28.788000,0 days 00:00:25.631000,0 days 00:20:29.513000,0 days 00:20:58.301000,0 days 00:21:23.932000,282.0,198.0,259.0,302.0,False,ULTRASOFT,6.0,True,Toro Rosso,0 days 00:20:00.799000,2018-07-28 13:16:06.833,,,False,,False,False
0 days 00:22:42.361000,HAR,28,0 days 00:01:18.429000,11.0,3.0,,,0 days 00:00:28.484000,0 days 00:00:28.005000,0 days 00:00:21.940000,0 days 00:21:52.416000,0 days 00:22:20.421000,0 days 00:22:42.361000,283.0,250.0,259.0,305.0,True,ULTRASOFT,7.0,True,Toro Rosso,0 days 00:21:23.932000,2018-07-28 13:17:29.966,1,,False,,False,True
0 days 00:24:19.714000,HAR,28,0 days 00:01:37.353000,12.0,3.0,,0 days 00:24:17.572000,0 days 00:00:33.068000,0 days 00:00:33.665000,0 days 00:00:30.620000,0 days 00:23:15.429000,0 days 00:23:49.094000,0 days 00:24:19.714000,240.0,208.0,,290.0,False,ULTRASOFT,8.0,True,Toro Rosso,0 days 00:22:42.361000,2018-07-28 13:18:48.395,1,,False,,False,False
0 days 00:31:08.081000,HAR,28,,13.0,4.0,0 days 00:29:18.017000,0 days 00:31:06.291000,,0 days 00:00:34.155000,0 days 00:00:43.205000,,0 days 00:30:24.935000,0 days 00:31:08.094000,256.0,208.0,,290.0,False,ULTRASOFT,1.0,True,Toro Rosso,0 days 00:24:19.714000,2018-07-28 13:20:25.748,1,,False,,False,False
0 days 00:33:19.999000,HAR,28,0 days 00:02:11.918000,14.0,5.0,0 days 00:31:38.403000,,0 days 00:01:03.802000,0 days 00:00:36.962000,0 days 00:00:31.154000,0 days 00:32:11.883000,0 days 00:32:48.845000,0 days 00:33:19.999000,249.0,193.0,233.0,290.0,False,INTERMEDIATE,1.0,True,Toro Rosso,0 days 00:31:08.081000,2018-07-28 13:27:14.115,1,,False,,False,False
0 days 00:34:52.589000,HAR,28,0 days 00:01:32.590000,15.0,5.0,,,0 days 00:00:31.091000,0 days 00:00:32.406000,0 days 00:00:29.093000,0 days 00:33:51.090000,0 days 00:34:23.496000,0 days 00:34:52.589000,271.0,186.0,228.0,295.0,True,INTERMEDIATE,2.0,True,Toro Rosso,0 days 00:33:19.999000,2018-07-28 13:29:26.033,12,,False,,False,True
0 days 00:36:35.524000,HAR,28,0 days 00:01:42.935000,16.0,5.0,,,0 days 00:00:32.894000,0 days 00:00:37.144000,0 days 00:00:32.897000,0 days 00:35:25.483000,0 days 00:36:02.627000,0 days 00:36:35.524000,258.0,192.0,201.0,295.0,False,INTERMEDIATE,3.0,True,Toro Rosso,0 days 00:34:52.589000,2018-07-28 13:30:58.623,12,,False,,False,True
0 days 00:38:26.108000,HAR,28,0 days 00:01:50.584000,17.0,5.0,,0 days 00:38:24.310000,0 days 00:00:36.677000,0 days 00:00:37.377000,0 days 00:00:36.530000,0 days 00:37:12.201000,0 days 00:37:49.578000,0 days 00:38:26.108000,219.0,193.0,,276.0,False,INTERMEDIATE,4.0,True,Toro Rosso,0 days 00:36:35.524000,2018-07-28 13:32:41.558,1,,False,,False,False
0 days 00:53:42.411000,HAR,28,,18.0,6.0,0 days 00:51:56.390000,,,0 days 00:00:40.355000,0 days 00:00:30.538000,,0 days 00:53:11.898000,0 days 00:53:42.445000,244.0,183.0,235.0,276.0,False,WET,1.0,True,Toro Rosso,0 days 00:38:26.108000,2018-07-28 13:34:32.142,1,,False,,False,False
0 days 00:55:22.231000,HAR,28,0 days 00:01:39.820000,19.0,6.0,,,0 days 00:00:33.882000,0 days 00:00:36.717000,0 days 00:00:29.221000,0 days 00:54:16.293000,0 days 00:54:53.010000,0 days 00:55:22.231000,263.0,198.0,233.0,280.0,True,WET,2.0,True,Toro Rosso,0 days 00:53:42.411000,2018-07-28 13:49:48.445,1,,False,,False,True
0 days 00:57:02.390000,HAR,28,0 days 00:01:40.159000,20.0,6.0,,,0 days 00:00:33.255000,0 days 00:00:36.637000,0 days 00:00:30.267000,0 days 00:55:55.486000,0 days 00:56:32.123000,0 days 00:57:02.390000,263.0,180.0,234.0,279.0,False,WET,3.0,True,Toro Rosso,0 days 00:55:22.231000,2018-07-28 13:51:28.265,1,,False,,False,True
0 days 00:58:47.001000,HAR,28,0 days 00:01:44.611000,21.0,6.0,,0 days 00:58:45.188000,0 days 00:00:34.930000,0 days 00:00:37.309000,0 days 00:00:32.372000,0 days 00:57:37.320000,0 days 00:58:14.629000,0 days 00:58:47.001000,242.0,195.0,,279.0,False,WET,4.0,True,Toro Rosso,0 days 00:57:02.390000,2018-07-28 13:53:08.424,1,,False,,False,False
0 days 01:01:21.508000,HAR,28,,22.0,7.0,0 days 00:59:31.816000,,0 days 00:01:23.905000,0 days 00:00:41.255000,0 days 00:00:29.340000,0 days 01:00:10.913000,0 days 01:00:52.197000,0 days 01:01:21.559000,217.0,186.0,238.0,279.0,False,WET,1.0,True,Toro Rosso,0 days 00:58:47.001000,2018-07-28 13:54:53.035,1,,False,,False,False
0 days 01:03:08.035000,HAR,28,0 days 00:01:46.527000,23.0,7.0,,,0 days 00:00:34.890000,0 days 00:00:38.645000,0 days 00:00:32.992000,0 days 01:01:56.398000,0 days 01:02:35.043000,0 days 01:03:08.035000,220.0,177.0,241.0,276.0,False,WET,2.0,True,Toro Rosso,0 days 01:01:21.508000,2018-07-28 13:57:27.542,1,,False,,False,True
0 days 01:04:46.163000,HAR,28,0 days 00:01:38.128000,24.0,7.0,,,0 days 00:00:33.388000,0 days 00:00:36.196000,0 days 00:00:28.544000,0 days 01:03:41.423000,0 days 01:04:17.619000,0 days 01:04:46.163000,266.0,196.0,239.0,282.0,True,WET,3.0,True,Toro Rosso,0 days 01:03:08.035000,2018-07-28 13:59:14.069,1,,False,,False,True
0 days 01:06:43.833000,HAR,28,,25.0,7.0,,0 days 01:06:43.833000,0 days 00:00:38.384000,0 days 00:00:41.365000,,0 days 01:05:24.562000,0 days 01:06:05.942000,,208.0,182.0,,267.0,False,WET,4.0,True,Toro Rosso,0 days 01:04:46.163000,2018-07-28 14:00:52.197,1,,False,,False,False
0 days 00:06:42.709000,MAG,20,,1.0,,0 days 00:04:38.567000,,,0 days 00:00:40.911000,0 days 00:00:48.416000,,0 days 00:05:54.321000,0 days 00:06:42.795000,158.0,199.0,244.0,,False,nan,,True,Haas F1 Team,0 days 00:04:38.567000,2018-07-28 13:00:44.601,,,False,,False,False
0 days 00:08:11.101000,MAG,20,0 days 00:01:28.392000,2.0,1.0,,,0 days 00:00:32.728000,0 days 00:00:31.203000,0 days 00:00:24.461000,0 days 00:07:15.437000,0 days 00:07:46.640000,0 days 00:08:11.101000,263.0,232.0,250.0,298.0,True,INTERMEDIATE,1.0,True,Haas F1 Team,0 days 00:06:42.709000,2018-07-28 13:02:48.743,,,False,,False,False
0 days 00:10:05.673000,MAG,20,0 days 00:01:54.572000,3.0,1.0,,0 days 00:10:03.856000,0 days 00:00:33.867000,0 days 00:00:47.442000,0 days 00:00:33.263000,0 days 00:08:44.968000,0 days 00:09:32.410000,0 days 00:10:05.673000,254.0,169.0,,302.0,False,INTERMEDIATE,2.0,True,Haas F1 Team,0 days 00:08:11.101000,2018-07-28 13:04:17.135,,,False,,False,False
0 days 00:12:04.675000,MAG,20,0 days 00:01:59.002000,4.0,2.0,0 days 00:10:33.429000,,0 days 00:01:02.652000,0 days 00:00:32.032000,0 days 00:00:24.318000,0 days 00:11:08.325000,0 days 00:11:40.357000,0 days 00:12:04.675000,236.0,243.0,253.0,302.0,False,ULTRASOFT,1.0,True,Haas F1 Team,0 days 00:10:05.673000,2018-07-28 13:06:11.707,,,False,,False,False
0 days 00:13:27.151000,MAG,20,0 days 00:01:22.476000,5.0,2.0,,,0 days 00:00:32.066000,0 days 00:00:28.471000,0 days 00:00:21.939000,0 days 00:12:36.741000,0 days 00:13:05.212000,0 days 00:13:27.151000,280.0,250.0,259.0,303.0,True,ULTRASOFT,2.0,True,Haas F1 Team,0 days 00:12:04.675000,2018-07-28 13:08:10.709,,,False,,False,False
0 days 00:15:22.727000,MAG,20,0 days 00:01:55.576000,6.0,2.0,,0 days 00:15:20.887000,0 days 00:00:33.651000,0 days 00:00:47.666000,0 days 00:00:34.259000,0 days 00:14:00.802000,0 days 00:14:48.468000,0 days 00:15:22.727000,238.0,171.0,,304.0,False,ULTRASOFT,3.0,True,Haas F1 Team,0 days 00:13:27.151000,2018-07-28 13:09:33.185,,,False,,False,False
0 days 00:18:47.837000,MAG,20,,7.0,3.0,0 days 00:17:14.416000,,,0 days 00:00:33.593000,0 days 00:00:25.706000,,0 days 00:18:22.155000,0 days 00:18:47.950000,214.0,231.0,264.0,304.0,False,ULTRASOFT,1.0,True,Haas F1 Team,0 days 00:15:22.727000,2018-07-28 13:11:28.761,,,False,,False,False
0 days 00:20:07.167000,MAG,20,0 days 00:01:19.330000,8.0,3.0,,,0 days 00:00:28.307000,0 days 00:00:29.136000,0 days 00:00:21.887000,0 days 00:19:16.144000,0 days 00:19:45.280000,0 days 00:20:07.167000,288.0,252.0,263.0,311.0,True,ULTRASOFT,2.0,True,Haas F1 Team,0 days 00:18:47.837000,2018-07-28 13:14:53.871,,,False,,False,False
0 days 00:21:35.512000,MAG,20,0 days 00:01:28.345000,9.0,3.0,,,0 days 00:00:30.652000,0 days 00:00:31.697000,0 days 00:00:25.996000,0 days 00:20:37.819000,0 days 00:21:09.516000,0 days 00:21:35.512000,262.0,216.0,262.0,316.0,False,ULTRASOFT,3.0,True,Haas F1 Team,0 days 00:20:07.167000,2018-07-28 13:16:13.201,,,False,,False,False
0 days 00:22:53.826000,MAG,20,0 days 00:01:18.314000,10.0,3.0,,,0 days 00:00:28.125000,0 days 00:00:28.229000,0 days 00:00:21.960000,0 days 00:22:03.637000,0 days 00:22:31.866000,0 days 00:22:53.826000,289.0,252.0,261.0,311.0,True,ULTRASOFT,4.0,True,Haas F1 Team,0 days 00:21:35.512000,2018-07-28 13:17:41.546,1,,False,,False,True
0 days 00:24:30.681000,MAG,20,0 days 00:01:36.855000,11.0,3.0,,0 days 00:24:28.855000,0 days 00:00:34.816000,0 days 00:00:33.421000,0 days 00:00:28.618000,0 days 00:23:28.642000,0 days 00:24:02.063000,0 days 00:24:30.681000,215.0,214.0,,303.0,False,ULTRASOFT,5.0,True,Haas F1 Team,0 days 00:22:53.826000,2018-07-28 13:18:59.860,1,,False,,False,False
0 days 00:30:33.866000,MAG,20,,12.0,3.0,0 days 00:28:55.514000,0 days 00:30:32.071000,,0 days 00:00:32.213000,0 days 00:00:36.293000,,0 days 00:29:57.632000,0 days 00:30:33.883000,263.0,214.0,,303.0,False,ULTRASOFT,6.0,True,Haas F1 Team,0 days 00:24:30.681000,2018-07-28 13:20:36.715,1,,False,,False,False
0 days 00:32:34.581000,MAG,20,0 days 00:02:00.715000,13.0,4.0,0 days 00:30:58.276000,,0 days 00:00:55.413000,0 days 00:00:37.129000,0 days 00:00:28.173000,0 days 00:31:29.279000,0 days 00:32:06.408000,0 days 00:32:34.581000,249.0,202.0,240.0,303.0,False,INTERMEDIATE,1.0,True,Haas F1 Team,0 days 00:30:33.866000,2018-07-28 13:26:39.900,1,,False,,False,False
0 days 00:34:07.549000,MAG,20,0 days 00:01:32.968000,14.0,4.0,,,0 days 00:00:31.011000,0 days 00:00:32.392000,0 days 00:00:29.565000,0 days 00:33:05.592000,0 days 00:33:37.984000,0 days 00:34:07.549000,279.0,212.0,236.0,297.0,True,INTERMEDIATE,2.0,True,Haas F1 Team,0 days 00:32:34.581000,2018-07-28 13:28:40.615,1,,False,,False,True
0 days 00:35:48.987000,MAG,20,0 days 00:01:41.438000,15.0,4.0,,0 days 00:35:46.079000,0 days 00:00:32.152000,0 days 00:00:33.901000,0 days 00:00:35.385000,0 days 00:34:39.701000,0 days 00:35:13.602000,0 days 00:35:48.987000,277.0,179.0,,299.0,False,INTERMEDIATE,3.0,True,Haas F1 Team,0 days 00:34:07.549000,2018-07-28 13:30:13.583,12,,False,,False,False
0 days 00:38:11.590000,MAG,20,0 days 00:02:22.603000,16.0,5.0,0 days 00:36:23.083000,0 days 00:38:09.779000,0 days 00:01:06.615000,0 days 00:00:40.106000,0 days 00:00:35.882000,0 days 00:36:55.602000,0 days 00:37:35.708000,0 days 00:38:11.590000,247.0,180.0,,299.0,False,WET,1.0,True,Haas F1 Team,0 days 00:35:48.987000,2018-07-28 13:31:55.021,12,,False,,False,False
0 days 00:54:24.677000,MAG,20,,17.0,6.0,0 days 00:52:27.471000,,,0 days 00:00:37.982000,0 days 00:00:43.241000,,0 days 00:53:41.461000,0 days 00:54:24.720000,253.0,192.0,233.0,299.0,False,WET,1.0,True,Haas F1 Team,0 days 00:38:11.590000,2018-07-28 13:34:17.624,1,,False,,False,False
0 days 00:56:06.231000,MAG,20,0 days 00:01:41.554000,18.0,6.0,,,0 days 00:00:33.878000,0 days 00:00:37.855000,0 days 00:00:29.821000,0 days 00:54:58.555000,0 days 00:55:36.410000,0 days 00:56:06.231000,271.0,185.0,235.0,285.0,True,WET,2.0,True,Haas F1 Team,0 days 00:54:24.677000,2018-07-28 13:50:30.711,1,,False,,False,True
0 days 00:57:46.781000,MAG,20,0 days 00:01:40.550000,19.0,6.0,,,0 days 00:00:34.003000,0 days 00:00:37.098000,0 days 00:00:29.449000,0 days 00:56:40.234000,0 days 00:57:17.332000,0 days 00:57:46.781000,266.0,197.0,235.0,286.0,True,WET,3.0,True,Haas F1 Team,0 days 00:56:06.231000,2018-07-28 13:52:12.265,1,,False,,False,True
0 days 00:59:30.705000,MAG,20,0 days 00:01:43.924000,20.0,6.0,,0 days 00:59:28.895000,0 days 00:00:33.952000,0 days 00:00:37.183000,0 days 00:00:32.789000,0 days 00:58:20.733000,0 days 00:58:57.916000,0 days 00:59:30.705000,247.0,203.0,,288.0,False,WET,4.0,True,Haas F1 Team,0 days 00:57:46.781000,2018-07-28 13:53:52.815,1,,False,,False,False
0 days 01:01:35.951000,MAG,20,0 days 00:02:05.246000,21.0,7.0,0 days 00:59:54.693000,,0 days 00:00:57.294000,0 days 00:00:38.128000,0 days 00:00:29.824000,0 days 01:00:27.999000,0 days 01:01:06.127000,0 days 01:01:35.951000,257.0,187.0,236.0,288.0,False,WET,1.0,True,Haas F1 Team,0 days 00:59:30.705000,2018-07-28 13:55:36.739,1,,False,,False,False
0 days 01:03:15.809000,MAG,20,0 days 00:01:39.858000,22.0,7.0,,,0 days 00:00:34.249000,0 days 00:00:36.639000,0 days 00:00:28.970000,0 days 01:02:10.200000,0 days 01:02:46.839000,0 days 01:03:15.809000,266.0,199.0,235.0,284.0,True,WET,2.0,True,Haas F1 Team,0 days 01:01:35.951000,2018-07-28 13:57:41.985,1,,False,,False,True
0 days 01:04:56.094000,MAG,20,0 days 00:01:40.285000,23.0,7.0,,,0 days 00:00:34.084000,0 days 00:00:37.188000,0 days 00:00:29.013000,0 days 01:03:49.893000,0 days 01:04:27.081000,0 days 01:04:56.094000,263.0,187.0,237.0,288.0,False,WET,3.0,True,Haas F1 Team,0 days 01:03:15.809000,2018-07-28 13:59:21.843,1,,False,,False,True
0 days 01:06:54.335000,MAG,20,,24.0,7.0,,0 days 01:06:54.335000,0 days 00:00:43.984000,0 days 00:00:40.943000,,0 days 01:05:40.079000,0 days 01:06:21.052000,,154.0,178.0,,268.0,False,WET,4.0,True,Haas F1 Team,0 days 01:04:56.094000,2018-07-28 14:01:02.128,1,,False,,False,False
0 days 00:06:46.643000,GRO,8,,1.0,,0 days 00:04:41.349000,,,0 days 00:00:39.581000,0 days 00:00:51.459000,,0 days 00:05:55.219000,0 days 00:06:46.734000,217.0,182.0,247.0,,False,nan,,True,Haas F1 Team,0 days 00:04:41.349000,2018-07-28 13:00:47.383,,,False,,False,False
0 days 00:08:15.301000,GRO,8,0 days 00:01:28.658000,2.0,1.0,,,0 days 00:00:32.676000,0 days 00:00:31.618000,0 days 00:00:24.364000,0 days 00:07:19.319000,0 days 00:07:50.937000,0 days 00:08:15.301000,267.0,233.0,250.0,299.0,True,INTERMEDIATE,1.0,True,Haas F1 Team,0 days 00:06:46.643000,2018-07-28 13:02:52.677,,,False,,False,False
0 days 00:09:58.382000,GRO,8,0 days 00:01:43.081000,3.0,1.0,,,0 days 00:00:32.836000,0 days 00:00:38.973000,0 days 00:00:31.272000,0 days 00:08:48.137000,0 days 00:09:27.110000,0 days 00:09:58.382000,272.0,156.0,253.0,300.0,False,INTERMEDIATE,2.0,True,Haas F1 Team,0 days 00:08:15.301000,2018-07-28 13:04:21.335,,,False,,False,False
0 days 00:11:33.972000,GRO,8,0 days 00:01:35.590000,4.0,1.0,,0 days 00:11:32.151000,0 days 00:00:32.837000,0 days 00:00:33.237000,0 days 00:00:29.516000,0 days 00:10:31.219000,0 days 00:11:04.456000,0 days 00:11:33.972000,267.0,221.0,,297.0,False,INTERMEDIATE,3.0,True,Haas F1 Team,0 days 00:09:58.382000,2018-07-28 13:06:04.416,,,False,,False,False
0 days 00:13:40.214000,GRO,8,0 days 00:02:06.242000,5.0,2.0,0 days 00:12:04.814000,,0 days 00:01:06.680000,0 days 00:00:32.427000,0 days 00:00:27.135000,0 days 00:12:40.652000,0 days 00:13:13.079000,0 days 00:13:40.214000,246.0,232.0,262.0,297.0,False,ULTRASOFT,1.0,True,Haas F1 Team,0 days 00:11:33.972000,2018-07-28 13:07:40.006,,,False,,False,False
0 days 00:15:01.645000,GRO,8,0 days 00:01:21.431000,6.0,2.0,,,0 days 00:00:30.963000,0 days 00:00:28.472000,0 days 00:00:21.996000,0 days 00:14:11.177000,0 days 00:14:39.649000,0 days 00:15:01.645000,282.0,252.0,262.0,307.0,True,ULTRASOFT,2.0,True,Haas F1 Team,0 days 00:13:40.214000,2018-07-28 13:09:46.248,,,False,,False,False
0 days 00:16:36.677000,GRO,8,0 days 00:01:35.032000,7.0,2.0,,,0 days 00:00:32.518000,0 days 00:00:33.818000,0 days 00:00:28.696000,0 days 00:15:34.163000,0 days 00:16:07.981000,0 days 00:16:36.677000,235.0,203.0,262.0,293.0,False,ULTRASOFT,3.0,True,Haas F1 Team,0 days 00:15:01.645000,2018-07-28 13:11:07.679,,,False,,False,False
0 days 00:17:55.221000,GRO,8,0 days 00:01:18.544000,8.0,2.0,,,0 days 00:00:28.866000,0 days 00:00:27.773000,0 days 00:00:21.905000,0 days 00:17:05.543000,0 days 00:17:33.316000,0 days 00:17:55.221000,287.0,253.0,262.0,310.0,True,ULTRASOFT,4.0,True,Haas F1 Team,0 days 00:16:36.677000,2018-07-28 13:12:42.711,,,False,,False,False
0 days 00:19:36.300000,GRO,8,0 days 00:01:41.079000,9.0,2.0,,,0 days 00:00:35.438000,0 days 00:00:37.715000,0 days 00:00:27.926000,0 days 00:18:30.659000,0 days 00:19:08.374000,0 days 00:19:36.300000,210.0,203.0,264.0,293.0,False,ULTRASOFT,5.0,True,Haas F1 Team,0 days 00:17:55.221000,2018-07-28 13:14:01.255,,,False,,False,False
0 days 00:20:54.201000,GRO,8,0 days 00:01:17.901000,10.0,2.0,,,0 days 00:00:28.257000,0 days 00:00:27.713000,0 days 00:00:21.931000,0 days 00:20:04.557000,0 days 00:20:32.270000,0 days 00:20:54.201000,285.0,250.0,260.0,309.0,True,ULTRASOFT,6.0,True,Haas F1 Team,0 days 00:19:36.300000,2018-07-28 13:15:42.334,,,False,,False,False
0 days 00:22:34.707000,GRO,8,0 days 00:01:40.506000,11.0,2.0,,0 days 00:22:32.876000,0 days 00:00:38.388000,0 days 00:00:33.530000,0 days 00:00:28.588000,0 days 00:21:32.589000,0 days 00:22:06.119000,0 days 00:22:34.707000,230.0,223.0,,291.0,False,ULTRASOFT,7.0,True,Haas F1 Team,0 days 00:20:54.201000,2018-07-28 13:17:00.235,1,,False,,False,False
0 days 00:30:38.411000,GRO,8,,12.0,3.0,0 days 00:28:59.282000,0 days 00:30:36.602000,,0 days 00:00:31.635000,0 days 00:00:37.680000,,0 days 00:30:00.771000,0 days 00:30:38.414000,268.0,223.0,,291.0,False,ULTRASOFT,1.0,True,Haas F1 Team,0 days 00:22:34.707000,2018-07-28 13:18:40.741,1,,False,,False,False
0 days 00:32:59.110000,GRO,8,0 days 00:02:20.699000,13.0,4.0,0 days 00:31:25.980000,,0 days 00:01:17.956000,0 days 00:00:34.189000,0 days 00:00:28.554000,0 days 00:31:56.367000,0 days 00:32:30.556000,0 days 00:32:59.110000,248.0,211.0,238.0,291.0,False,INTERMEDIATE,1.0,True,Haas F1 Team,0 days 00:30:38.411000,2018-07-28 13:26:44.445,1,,False,,False,False
0 days 00:34:32.760000,GRO,8,0 days 00:01:33.650000,14.0,4.0,,,0 days 00:00:31.462000,0 days 00:00:32.317000,0 days 00:00:29.871000,0 days 00:33:30.572000,0 days 00:34:02.889000,0 days 00:34:32.760000,270.0,201.0,228.0,290.0,True,INTERMEDIATE,2.0,True,Haas F1 Team,0 days 00:32:59.110000,2018-07-28 13:29:05.144,12,,False,,False,True
0 days 00:36:12.230000,GRO,8,0 days 00:01:39.470000,15.0,4.0,,,0 days 00:00:32.541000,0 days 00:00:34.268000,0 days 00:00:32.661000,0 days 00:35:05.301000,0 days 00:35:39.569000,0 days 00:36:12.230000,266.0,211.0,177.0,288.0,False,INTERMEDIATE,3.0,True,Haas F1 Team,0 days 00:34:32.760000,2018-07-28 13:30:38.794,21,,False,,False,True
0 days 00:38:07.716000,GRO,8,0 days 00:01:55.486000,16.0,4.0,,0 days 00:38:05.902000,0 days 00:00:38.726000,0 days 00:00:39.058000,0 days 00:00:37.702000,0 days 00:36:50.956000,0 days 00:37:30.014000,0 days 00:38:07.716000,228.0,178.0,,243.0,False,INTERMEDIATE,4.0,True,Haas F1 Team,0 days 00:36:12.230000,2018-07-28 13:32:18.264,21,,False,,False,False
0 days 00:54:29.883000,GRO,8,,17.0,5.0,0 days 00:52:32.911000,,,0 days 00:00:39.038000,0 days 00:00:42.396000,,0 days 00:53:47.539000,0 days 00:54:29.933000,230.0,185.0,227.0,243.0,False,WET,1.0,True,Haas F1 Team,0 days 00:38:07.716000,2018-07-28 13:34:13.750,1,,False,,False,False
0 days 00:56:11.645000,GRO,8,0 days 00:01:41.762000,18.0,5.0,,,0 days 00:00:34.578000,0 days 00:00:37.506000,0 days 00:00:29.678000,0 days 00:55:04.461000,0 days 00:55:41.967000,0 days 00:56:11.645000,259.0,198.0,235.0,284.0,True,WET,2.0,True,Haas F1 Team,0 days 00:54:29.883000,2018-07-28 13:50:35.917,1,,False,,False,True
0 days 00:57:53.013000,GRO,8,0 days 00:01:41.368000,19.0,5.0,,,0 days 00:00:33.909000,0 days 00:00:37.267000,0 days 00:00:30.192000,0 days 00:56:45.554000,0 days 00:57:22.821000,0 days 00:57:53.013000,256.0,179.0,235.0,285.0,True,WET,3.0,True,Haas F1 Team,0 days 00:56:11.645000,2018-07-28 13:52:17.679,1,,False,,False,True
0 days 00:59:44.677000,GRO,8,0 days 00:01:51.664000,20.0,5.0,,0 days 00:59:42.871000,0 days 00:00:35.319000,0 days 00:00:41.994000,0 days 00:00:34.351000,0 days 00:58:28.332000,0 days 00:59:10.326000,0 days 00:59:44.677000,237.0,169.0,,287.0,False,WET,4.0,True,Haas F1 Team,0 days 00:57:53.013000,2018-07-28 13:53:59.047,1,,False,,False,False
0 days 01:01:52.643000,GRO,8,0 days 00:02:07.966000,21.0,6.0,0 days 01:00:08.659000,,0 days 00:00:58.005000,0 days 00:00:37.639000,0 days 00:00:32.322000,0 days 01:00:42.682000,0 days 01:01:20.321000,0 days 01:01:52.643000,235.0,190.0,239.0,287.0,False,WET,1.0,True,Haas F1 Team,0 days 00:59:44.677000,2018-07-28 13:55:50.711,1,,False,,False,False
0 days 01:03:34.876000,GRO,8,0 days 00:01:42.233000,22.0,6.0,,,0 days 00:00:33.750000,0 days 00:00:37.169000,0 days 00:00:31.314000,0 days 01:02:26.393000,0 days 01:03:03.562000,0 days 01:03:34.876000,265.0,183.0,229.0,288.0,False,WET,2.0,True,Haas F1 Team,0 days 01:01:52.643000,2018-07-28 13:57:58.677,1,,False,,False,True
0 days 01:05:15.469000,GRO,8,0 days 00:01:40.593000,23.0,6.0,,,0 days 00:00:34.155000,0 days 00:00:37.294000,0 days 00:00:29.144000,0 days 01:04:09.031000,0 days 01:04:46.325000,0 days 01:05:15.469000,263.0,205.0,234.0,289.0,True,WET,3.0,True,Haas F1 Team,0 days 01:03:34.876000,2018-07-28 13:59:40.910,1,,False,,False,True
0 days 01:07:18.478000,GRO,8,,24.0,6.0,,0 days 01:07:18.478000,0 days 00:00:44.519000,0 days 00:00:41.508000,,0 days 01:06:00.034000,0 days 01:06:41.553000,,191.0,171.0,,211.0,False,WET,4.0,True,Haas F1 Team,0 days 01:05:15.469000,2018-07-28 14:01:21.503,1,,False,,False,False
0 days 00:06:21.929000,ALO,14,,1.0,,0 days 00:04:23.646000,,,0 days 00:00:41.799000,0 days 00:00:38.944000,,0 days 00:05:43,0 days 00:06:22.057000,236.0,176.0,247.0,,False,nan,,True,McLaren,0 days 00:04:23.646000,2018-07-28 13:00:29.680,,,False,,False,False
0 days 00:07:52.924000,ALO,14,0 days 00:01:30.995000,2.0,1.0,,,0 days 00:00:33.281000,0 days 00:00:32.486000,0 days 00:00:25.228000,0 days 00:06:55.210000,0 days 00:07:27.696000,0 days 00:07:52.924000,269.0,229.0,249.0,292.0,True,INTERMEDIATE,1.0,True,McLaren,0 days 00:06:21.929000,2018-07-28 13:02:27.963,,,False,,False,False
0 days 00:09:21.072000,ALO,14,0 days 00:01:28.148000,3.0,1.0,,,0 days 00:00:32.801000,0 days 00:00:31.004000,0 days 00:00:24.343000,0 days 00:08:25.725000,0 days 00:08:56.729000,0 days 00:09:21.072000,274.0,237.0,251.0,293.0,True,INTERMEDIATE,2.0,True,McLaren,0 days 00:07:52.924000,2018-07-28 13:03:58.958,,,False,,False,False
0 days 00:11:07.993000,ALO,14,0 days 00:01:46.921000,4.0,1.0,,0 days 00:11:06.102000,0 days 00:00:35.201000,0 days 00:00:39.256000,0 days 00:00:32.464000,0 days 00:09:56.273000,0 days 00:10:35.529000,0 days 00:11:07.993000,204.0,215.0,,299.0,False,INTERMEDIATE,3.0,True,McLaren,0 days 00:09:21.072000,2018-07-28 13:05:27.106,,,False,,False,False
0 days 00:13:36.063000,ALO,14,0 days 00:02:28.070000,5.0,2.0,0 days 00:12:04.108000,,0 days 00:01:32,0 days 00:00:32.087000,0 days 00:00:23.983000,0 days 00:12:39.993000,0 days 00:13:12.080000,0 days 00:13:36.063000,230.0,228.0,259.0,299.0,False,ULTRASOFT,1.0,True,McLaren,0 days 00:11:07.993000,2018-07-28 13:07:14.027,,,False,,False,False
0 days 00:14:57.982000,ALO,14,0 days 00:01:21.919000,6.0,2.0,,,0 days 00:00:31.555000,0 days 00:00:28.418000,0 days 00:00:21.946000,0 days 00:14:07.618000,0 days 00:14:36.036000,0 days 00:14:57.982000,279.0,251.0,261.0,297.0,True,ULTRASOFT,2.0,True,McLaren,0 days 00:13:36.063000,2018-07-28 13:09:42.097,,,False,,False,False
0 days 00:16:28.286000,ALO,14,0 days 00:01:30.304000,7.0,2.0,,,0 days 00:00:32.745000,0 days 00:00:33.110000,0 days 00:00:24.449000,0 days 00:15:30.727000,0 days 00:16:03.837000,0 days 00:16:28.286000,245.0,225.0,259.0,310.0,False,ULTRASOFT,3.0,True,McLaren,0 days 00:14:57.982000,2018-07-28 13:11:04.016,,,False,,False,False
0 days 00:17:47.623000,ALO,14,0 days 00:01:19.337000,8.0,2.0,,,0 days 00:00:29.183000,0 days 00:00:28.153000,0 days 00:00:22.001000,0 days 00:16:57.469000,0 days 00:17:25.622000,0 days 00:17:47.623000,281.0,251.0,251.0,301.0,True,ULTRASOFT,4.0,True,McLaren,0 days 00:16:28.286000,2018-07-28 13:12:34.320,,,False,,False,False
0 days 00:19:25.943000,ALO,14,0 days 00:01:38.320000,9.0,2.0,,,0 days 00:00:35.676000,0 days 00:00:36.053000,0 days 00:00:26.591000,0 days 00:18:23.299000,0 days 00:18:59.352000,0 days 00:19:25.943000,235.0,207.0,259.0,273.0,False,ULTRASOFT,5.0,True,McLaren,0 days 00:17:47.623000,2018-07-28 13:13:53.657,,,False,,False,False
0 days 00:20:44.151000,ALO,14,0 days 00:01:18.208000,10.0,2.0,,,0 days 00:00:28.658000,0 days 00:00:27.719000,0 days 00:00:21.831000,0 days 00:19:54.601000,0 days 00:20:22.320000,0 days 00:20:44.151000,281.0,251.0,259.0,299.0,True,ULTRASOFT,6.0,True,McLaren,0 days 00:19:25.943000,2018-07-28 13:15:31.977,,,False,,False,False
0 days 00:22:16.887000,ALO,14,0 days 00:01:32.736000,11.0,2.0,,0 days 00:22:15.114000,0 days 00:00:32.857000,0 days 00:00:31.380000,0 days 00:00:28.499000,0 days 00:21:17.008000,0 days 00:21:48.388000,0 days 00:22:16.887000,242.0,167.0,,277.0,False,ULTRASOFT,7.0,True,McLaren,0 days 00:20:44.151000,2018-07-28 13:16:50.185,1,,False,,False,False
0 days 00:31:13.565000,ALO,14,,12.0,3.0,0 days 00:29:22.393000,0 days 00:31:11.683000,,0 days 00:00:36.105000,0 days 00:00:40.261000,,0 days 00:30:33.382000,0 days 00:31:13.572000,224.0,194.0,,277.0,False,ULTRASOFT,1.0,True,McLaren,0 days 00:22:16.887000,2018-07-28 13:18:22.921,1,,False,,False,False
0 days 00:33:14.589000,ALO,14,0 days 00:02:01.024000,13.0,4.0,0 days 00:31:37.700000,,0 days 00:00:55.983000,0 days 00:00:36.556000,0 days 00:00:28.485000,0 days 00:32:09.548000,0 days 00:32:46.104000,0 days 00:33:14.589000,247.0,203.0,236.0,277.0,False,INTERMEDIATE,1.0,True,McLaren,0 days 00:31:13.565000,2018-07-28 13:27:19.599,1,,False,,False,False
0 days 00:34:49.803000,ALO,14,0 days 00:01:35.214000,14.0,4.0,,,0 days 00:00:32.159000,0 days 00:00:32.936000,0 days 00:00:30.119000,0 days 00:33:46.748000,0 days 00:34:19.684000,0 days 00:34:49.803000,269.0,207.0,234.0,280.0,True,INTERMEDIATE,2.0,True,McLaren,0 days 00:33:14.589000,2018-07-28 13:29:20.623,12,,False,,False,True
0 days 00:36:27.889000,ALO,14,0 days 00:01:38.086000,15.0,4.0,,,0 days 00:00:32.759000,0 days 00:00:34.317000,0 days 00:00:31.010000,0 days 00:35:22.562000,0 days 00:35:56.879000,0 days 00:36:27.889000,271.0,216.0,216.0,293.0,False,INTERMEDIATE,3.0,True,McLaren,0 days 00:34:49.803000,2018-07-28 13:30:55.837,12,,False,,False,True
0 days 00:38:16.935000,ALO,14,0 days 00:01:49.046000,16.0,4.0,,0 days 00:38:15.107000,0 days 00:00:36.071000,0 days 00:00:37.094000,0 days 00:00:35.881000,0 days 00:37:03.960000,0 days 00:37:41.054000,0 days 00:38:16.935000,223.0,206.0,,279.0,False,INTERMEDIATE,4.0,True,McLaren,0 days 00:36:27.889000,2018-07-28 13:32:33.923,1,,False,,False,False
0 days 00:43:36.984000,ALO,14,,17.0,5.0,0 days 00:41:45.530000,,,0 days 00:00:45.177000,0 days 00:00:31.264000,,0 days 00:43:05.755000,0 days 00:43:37.048000,239.0,199.0,232.0,279.0,False,WET,1.0,True,McLaren,0 days 00:38:16.935000,2018-07-28 13:34:22.969,1,,False,,False,False
0 days 00:45:17.677000,ALO,14,0 days 00:01:40.693000,18.0,5.0,,,0 days 00:00:34.214000,0 days 00:00:36.018000,0 days 00:00:30.461000,0 days 00:44:11.198000,0 days 00:44:47.216000,0 days 00:45:17.677000,267.0,210.0,232.0,278.0,False,WET,2.0,True,McLaren,0 days 00:43:36.984000,2018-07-28 13:39:43.018,1,,False,,False,True
0 days 00:47:11.796000,ALO,14,0 days 00:01:54.119000,19.0,5.0,,0 days 00:47:09.993000,0 days 00:00:39.981000,0 days 00:00:38.910000,0 days 00:00:35.228000,0 days 00:45:57.658000,0 days 00:46:36.568000,0 days 00:47:11.796000,233.0,194.0,,254.0,False,WET,3.0,True,McLaren,0 days 00:45:17.677000,2018-07-28 13:41:23.711,1,,False,,False,False
0 days 00:07:04.842000,RIC,3,,1.0,1.0,0 days 00:05:23.120000,,,0 days 00:00:35.485000,0 days 00:00:33.321000,,0 days 00:06:31.521000,0 days 00:07:04.999000,229.0,195.0,238.0,,False,INTERMEDIATE,1.0,True,Red Bull Racing,0 days 00:05:23.120000,2018-07-28 13:01:29.154,,,False,,False,False
0 days 00:08:33.542000,RIC,3,0 days 00:01:28.700000,2.0,1.0,,,0 days 00:00:33.011000,0 days 00:00:31.529000,0 days 00:00:24.160000,0 days 00:07:37.853000,0 days 00:08:09.382000,0 days 00:08:33.542000,269.0,233.0,249.0,294.0,True,INTERMEDIATE,2.0,True,Red Bull Racing,0 days 00:07:04.842000,2018-07-28 13:03:10.876,,,False,,False,False
0 days 00:10:26.323000,RIC,3,0 days 00:01:52.781000,3.0,1.0,,,0 days 00:00:37.153000,0 days 00:00:42.109000,0 days 00:00:33.519000,0 days 00:09:10.695000,0 days 00:09:52.804000,0 days 00:10:26.323000,190.0,123.0,250.0,295.0,False,INTERMEDIATE,3.0,True,Red Bull Racing,0 days 00:08:33.542000,2018-07-28 13:04:39.576,,,False,,False,False
0 days 00:11:52.580000,RIC,3,0 days 00:01:26.257000,4.0,1.0,,,0 days 00:00:32.053000,0 days 00:00:30.544000,0 days 00:00:23.660000,0 days 00:10:58.376000,0 days 00:11:28.920000,0 days 00:11:52.580000,277.0,237.0,253.0,298.0,True,INTERMEDIATE,4.0,True,Red Bull Racing,0 days 00:10:26.323000,2018-07-28 13:06:32.357,,,False,,False,False
0 days 00:13:43.611000,RIC,3,0 days 00:01:51.031000,5.0,1.0,,0 days 00:13:41.895000,0 days 00:00:37.633000,0 days 00:00:40.045000,0 days 00:00:33.353000,0 days 00:12:30.213000,0 days 00:13:10.258000,0 days 00:13:43.611000,211.0,205.0,,287.0,False,INTERMEDIATE,5.0,True,Red Bull Racing,0 days 00:11:52.580000,2018-07-28 13:07:58.614,,,False,,False,False
0 days 00:15:51.462000,RIC,3,0 days 00:02:07.851000,6.0,2.0,0 days 00:14:07.843000,,0 days 00:01:03.667000,0 days 00:00:39.733000,0 days 00:00:24.451000,0 days 00:14:47.278000,0 days 00:15:27.011000,0 days 00:15:51.462000,232.0,217.0,255.0,287.0,False,SOFT,1.0,True,Red Bull Racing,0 days 00:13:43.611000,2018-07-28 13:09:49.645,,,False,,False,False
0 days 00:17:14.237000,RIC,3,0 days 00:01:22.775000,7.0,2.0,,,0 days 00:00:31.046000,0 days 00:00:29.806000,0 days 00:00:21.923000,0 days 00:16:22.508000,0 days 00:16:52.314000,0 days 00:17:14.237000,274.0,240.0,258.0,298.0,True,SOFT,2.0,True,Red Bull Racing,0 days 00:15:51.462000,2018-07-28 13:11:57.496,,,False,,False,False
0 days 00:18:34.041000,RIC,3,0 days 00:01:19.804000,8.0,2.0,,,0 days 00:00:29.400000,0 days 00:00:28.492000,0 days 00:00:21.912000,0 days 00:17:43.637000,0 days 00:18:12.129000,0 days 00:18:34.041000,278.0,245.0,260.0,299.0,True,SOFT,3.0,True,Red Bull Racing,0 days 00:17:14.237000,2018-07-28 13:13:20.271,,,False,,False,False
0 days 00:20:06.115000,RIC,3,0 days 00:01:32.074000,9.0,2.0,,,0 days 00:00:33.334000,0 days 00:00:35.161000,0 days 00:00:23.579000,0 days 00:19:07.375000,0 days 00:19:42.536000,0 days 00:20:06.115000,258.0,222.0,257.0,304.0,False,SOFT,4.0,True,Red Bull Racing,0 days 00:18:34.041000,2018-07-28 13:14:40.075,,,False,,False,False
0 days 00:21:24.926000,RIC,3,0 days 00:01:18.811000,10.0,2.0,,,0 days 00:00:28.988000,0 days 00:00:27.914000,0 days 00:00:21.909000,0 days 00:20:35.103000,0 days 00:21:03.017000,0 days 00:21:24.926000,279.0,251.0,260.0,302.0,True,SOFT,5.0,True,Red Bull Racing,0 days 00:20:06.115000,2018-07-28 13:16:12.149,,,False,,False,False
0 days 00:22:43.466000,RIC,3,0 days 00:01:18.540000,11.0,2.0,,,0 days 00:00:28.779000,0 days 00:00:27.979000,0 days 00:00:21.782000,0 days 00:21:53.705000,0 days 00:22:21.684000,0 days 00:22:43.466000,278.0,251.0,260.0,307.0,True,SOFT,6.0,True,Red Bull Racing,0 days 00:21:24.926000,2018-07-28 13:17:30.960,1,,False,,False,True
0 days 00:24:22.478000,RIC,3,0 days 00:01:39.012000,12.0,2.0,,0 days 00:24:20.697000,0 days 00:00:34.584000,0 days 00:00:34.986000,0 days 00:00:29.442000,0 days 00:23:18.050000,0 days 00:23:53.036000,0 days 00:24:22.478000,226.0,217.0,,287.0,False,SOFT,7.0,True,Red Bull Racing,0 days 00:22:43.466000,2018-07-28 13:18:49.500,1,,False,,False,False
0 days 00:31:11.338000,RIC,3,,13.0,3.0,0 days 00:29:19.679000,0 days 00:31:09.542000,,0 days 00:00:35.800000,0 days 00:00:43.200000,,0 days 00:30:28.210000,0 days 00:31:11.341000,260.0,150.0,,287.0,False,ULTRASOFT,1.0,True,Red Bull Racing,0 days 00:24:22.478000,2018-07-28 13:20:28.512,1,,False,,False,False
0 days 00:33:29.640000,RIC,3,0 days 00:02:18.302000,14.0,4.0,0 days 00:31:41.574000,,0 days 00:01:05.183000,0 days 00:00:38.351000,0 days 00:00:34.768000,0 days 00:32:16.521000,0 days 00:32:54.872000,0 days 00:33:29.640000,217.0,179.0,223.0,287.0,False,INTERMEDIATE,1.0,True,Red Bull Racing,0 days 00:31:11.338000,2018-07-28 13:27:17.372,1,,False,,False,False
0 days 00:35:06.561000,RIC,3,0 days 00:01:36.921000,15.0,4.0,,,0 days 00:00:32.515000,0 days 00:00:34.671000,0 days 00:00:29.735000,0 days 00:34:02.155000,0 days 00:34:36.826000,0 days 00:35:06.561000,252.0,217.0,220.0,290.0,True,INTERMEDIATE,2.0,True,Red Bull Racing,0 days 00:33:29.640000,2018-07-28 13:29:35.674,12,,False,,False,True
0 days 00:36:43.494000,RIC,3,0 days 00:01:36.933000,16.0,4.0,,,0 days 00:00:32.987000,0 days 00:00:33.655000,0 days 00:00:30.291000,0 days 00:35:39.548000,0 days 00:36:13.203000,0 days 00:36:43.494000,262.0,218.0,222.0,285.0,False,INTERMEDIATE,3.0,True,Red Bull Racing,0 days 00:35:06.561000,2018-07-28 13:31:12.595,12,,False,,False,True
0 days 00:38:33.794000,RIC,3,0 days 00:01:50.300000,17.0,4.0,,0 days 00:38:32.020000,0 days 00:00:35.827000,0 days 00:00:37.607000,0 days 00:00:36.866000,0 days 00:37:19.321000,0 days 00:37:56.928000,0 days 00:38:33.794000,222.0,199.0,,279.0,False,INTERMEDIATE,4.0,True,Red Bull Racing,0 days 00:36:43.494000,2018-07-28 13:32:49.528,1,,False,,False,False
0 days 00:41:51.235000,RIC,3,,18.0,5.0,0 days 00:40:08.756000,,,0 days 00:00:37.224000,0 days 00:00:30.281000,,0 days 00:41:21.005000,0 days 00:41:51.296000,231.0,200.0,228.0,279.0,False,WET,1.0,True,Red Bull Racing,0 days 00:38:33.794000,2018-07-28 13:34:39.828,1,,False,,False,False
0 days 00:43:29.390000,RIC,3,0 days 00:01:38.155000,19.0,5.0,,,0 days 00:00:34.081000,0 days 00:00:35.088000,0 days 00:00:28.986000,0 days 00:42:25.316000,0 days 00:43:00.404000,0 days 00:43:29.390000,255.0,217.0,233.0,279.0,False,WET,2.0,True,Red Bull Racing,0 days 00:41:51.235000,2018-07-28 13:37:57.269,1,,False,,False,True
0 days 00:45:05.832000,RIC,3,0 days 00:01:36.442000,20.0,5.0,,,0 days 00:00:33.665000,0 days 00:00:34.498000,0 days 00:00:28.279000,0 days 00:44:03.055000,0 days 00:44:37.553000,0 days 00:45:05.832000,260.0,216.0,236.0,279.0,True,WET,3.0,True,Red Bull Racing,0 days 00:43:29.390000,2018-07-28 13:39:35.424,1,,False,,False,True
0 days 00:46:54.445000,RIC,3,0 days 00:01:48.613000,21.0,5.0,,0 days 00:46:52.664000,0 days 00:00:39.333000,0 days 00:00:36.344000,0 days 00:00:32.936000,0 days 00:45:45.165000,0 days 00:46:21.509000,0 days 00:46:54.445000,220.0,205.0,,264.0,False,WET,4.0,True,Red Bull Racing,0 days 00:45:05.832000,2018-07-28 13:41:11.866,1,,False,,False,False
0 days 00:06:02.013000,HUL,27,,1.0,,0 days 00:04:15.202000,,,0 days 00:00:39.425000,0 days 00:00:31.987000,,0 days 00:05:30.045000,0 days 00:06:02.128000,209.0,180.0,254.0,,False,nan,,True,Renault,0 days 00:04:15.202000,2018-07-28 13:00:21.236,,,False,,False,False
0 days 00:07:29.166000,HUL,27,0 days 00:01:27.153000,2.0,1.0,,,0 days 00:00:32.798000,0 days 00:00:30.461000,0 days 00:00:23.894000,0 days 00:06:34.811000,0 days 00:07:05.272000,0 days 00:07:29.166000,275.0,235.0,250.0,297.0,True,INTERMEDIATE,1.0,True,Renault,0 days 00:06:02.013000,2018-07-28 13:02:08.047,,,False,,False,False
0 days 00:08:57.012000,HUL,27,0 days 00:01:27.846000,3.0,1.0,,,0 days 00:00:32.581000,0 days 00:00:30.942000,0 days 00:00:24.323000,0 days 00:08:01.747000,0 days 00:08:32.689000,0 days 00:08:57.012000,278.0,235.0,251.0,298.0,False,INTERMEDIATE,2.0,True,Renault,0 days 00:07:29.166000,2018-07-28 13:03:35.200,,,False,,False,False
0 days 00:10:41.738000,HUL,27,0 days 00:01:44.726000,4.0,1.0,,0 days 00:10:39.938000,0 days 00:00:39.587000,0 days 00:00:35.337000,0 days 00:00:29.802000,0 days 00:09:36.599000,0 days 00:10:11.936000,0 days 00:10:41.738000,169.0,224.0,,275.0,False,INTERMEDIATE,3.0,True,Renault,0 days 00:08:57.012000,2018-07-28 13:05:03.046,,,False,,False,False
0 days 00:12:45.872000,HUL,27,0 days 00:02:04.134000,5.0,2.0,0 days 00:11:05.525000,,0 days 00:01:00.203000,0 days 00:00:37.178000,0 days 00:00:26.753000,0 days 00:11:41.941000,0 days 00:12:19.119000,0 days 00:12:45.872000,236.0,192.0,257.0,275.0,False,ULTRASOFT,1.0,True,Renault,0 days 00:10:41.738000,2018-07-28 13:06:47.772,,,False,,False,False
0 days 00:14:07.601000,HUL,27,0 days 00:01:21.729000,6.0,2.0,,,0 days 00:00:31.584000,0 days 00:00:28.206000,0 days 00:00:21.939000,0 days 00:13:17.456000,0 days 00:13:45.662000,0 days 00:14:07.601000,282.0,247.0,261.0,298.0,True,ULTRASOFT,2.0,True,Renault,0 days 00:12:45.872000,2018-07-28 13:08:51.906,,,False,,False,False
0 days 00:15:59.351000,HUL,27,0 days 00:01:51.750000,7.0,2.0,,,0 days 00:00:42.394000,0 days 00:00:42.856000,0 days 00:00:26.500000,0 days 00:14:49.995000,0 days 00:15:32.851000,0 days 00:15:59.351000,123.0,178.0,261.0,293.0,False,ULTRASOFT,3.0,True,Renault,0 days 00:14:07.601000,2018-07-28 13:10:13.635,,,False,,False,False
0 days 00:17:18.854000,HUL,27,0 days 00:01:19.503000,8.0,2.0,,,0 days 00:00:29.224000,0 days 00:00:28.340000,0 days 00:00:21.939000,0 days 00:16:28.575000,0 days 00:16:56.915000,0 days 00:17:18.854000,289.0,243.0,261.0,306.0,True,ULTRASOFT,4.0,True,Renault,0 days 00:15:59.351000,2018-07-28 13:12:05.385,,,False,,False,False
0 days 00:19:07.752000,HUL,27,0 days 00:01:48.898000,9.0,2.0,,,0 days 00:00:39.111000,0 days 00:00:40.295000,0 days 00:00:29.492000,0 days 00:17:57.965000,0 days 00:18:38.260000,0 days 00:19:07.752000,192.0,182.0,262.0,291.0,False,ULTRASOFT,5.0,True,Renault,0 days 00:17:18.854000,2018-07-28 13:13:24.888,,,False,,False,False
0 days 00:20:25.657000,HUL,27,0 days 00:01:17.905000,10.0,2.0,,,0 days 00:00:28.327000,0 days 00:00:27.940000,0 days 00:00:21.638000,0 days 00:19:36.079000,0 days 00:20:04.019000,0 days 00:20:25.657000,287.0,250.0,259.0,304.0,True,ULTRASOFT,6.0,True,Renault,0 days 00:19:07.752000,2018-07-28 13:15:13.786,,,False,,False,False
0 days 00:21:58.593000,HUL,27,0 days 00:01:32.936000,11.0,2.0,,,0 days 00:00:32.153000,0 days 00:00:31.275000,0 days 00:00:29.508000,0 days 00:20:57.810000,0 days 00:21:29.085000,0 days 00:21:58.593000,249.0,219.0,262.0,288.0,False,ULTRASOFT,7.0,True,Renault,0 days 00:20:25.657000,2018-07-28 13:16:31.691,,,False,,False,False
0 days 00:23:35.217000,HUL,27,0 days 00:01:36.624000,12.0,2.0,,0 days 00:23:33.426000,0 days 00:00:32.540000,0 days 00:00:33.578000,0 days 00:00:30.506000,0 days 00:22:31.133000,0 days 00:23:04.711000,0 days 00:23:35.217000,244.0,214.0,,303.0,False,ULTRASOFT,8.0,True,Renault,0 days 00:21:58.593000,2018-07-28 13:18:04.627,1,,False,,False,False
0 days 00:30:52.228000,HUL,27,,13.0,3.0,0 days 00:29:07.127000,0 days 00:30:50.432000,,0 days 00:00:34.409000,0 days 00:00:40.280000,,0 days 00:30:11.959000,0 days 00:30:52.228000,258.0,214.0,,303.0,False,ULTRASOFT,1.0,True,Renault,0 days 00:23:35.217000,2018-07-28 13:19:41.251,1,,False,,False,False
0 days 00:34:20.005000,HUL,27,,14.0,4.0,0 days 00:32:40.861000,,,0 days 00:00:37.306000,0 days 00:00:29.943000,,0 days 00:33:50.101000,0 days 00:34:20.056000,235.0,202.0,235.0,303.0,False,INTERMEDIATE,1.0,True,Renault,0 days 00:30:52.228000,2018-07-28 13:26:58.262,1,,False,,False,False
0 days 00:35:56.511000,HUL,27,0 days 00:01:36.506000,15.0,4.0,,,0 days 00:00:32.777000,0 days 00:00:33.467000,0 days 00:00:30.262000,0 days 00:34:52.782000,0 days 00:35:26.249000,0 days 00:35:56.511000,259.0,215.0,226.0,291.0,True,INTERMEDIATE,2.0,True,Renault,0 days 00:34:20.005000,2018-07-28 13:30:26.039,12,,False,,False,True
0 days 00:37:39.367000,HUL,27,0 days 00:01:42.856000,16.0,4.0,,,0 days 00:00:32.729000,0 days 00:00:37.394000,0 days 00:00:32.733000,0 days 00:36:29.240000,0 days 00:37:06.634000,0 days 00:37:39.367000,257.0,174.0,212.0,289.0,False,INTERMEDIATE,3.0,True,Renault,0 days 00:35:56.511000,2018-07-28 13:32:02.545,12,,False,,False,True
0 days 00:39:27.004000,HUL,27,0 days 00:01:47.637000,17.0,4.0,,0 days 00:39:25.206000,0 days 00:00:33.188000,0 days 00:00:37.963000,0 days 00:00:36.486000,0 days 00:38:12.555000,0 days 00:38:50.518000,0 days 00:39:27.004000,257.0,186.0,,276.0,False,INTERMEDIATE,4.0,True,Renault,0 days 00:37:39.367000,2018-07-28 13:33:45.401,1,,False,,False,False
0 days 00:41:40.872000,HUL,27,0 days 00:02:13.868000,18.0,5.0,0 days 00:39:58.224000,,0 days 00:01:05.499000,0 days 00:00:39.590000,0 days 00:00:28.779000,0 days 00:40:32.503000,0 days 00:41:12.093000,0 days 00:41:40.872000,230.0,203.0,235.0,276.0,False,WET,1.0,True,Renault,0 days 00:39:27.004000,2018-07-28 13:35:33.038,1,,False,,False,False
0 days 00:43:20.255000,HUL,27,0 days 00:01:39.383000,19.0,5.0,,,0 days 00:00:33.851000,0 days 00:00:35.900000,0 days 00:00:29.632000,0 days 00:42:14.723000,0 days 00:42:50.623000,0 days 00:43:20.255000,254.0,210.0,232.0,277.0,False,WET,2.0,True,Renault,0 days 00:41:40.872000,2018-07-28 13:37:46.906,1,,False,,False,True
0 days 00:45:16.182000,HUL,27,0 days 00:01:55.927000,20.0,5.0,,0 days 00:45:14.392000,0 days 00:00:39.443000,0 days 00:00:42.043000,0 days 00:00:34.441000,0 days 00:43:59.698000,0 days 00:44:41.741000,0 days 00:45:16.182000,218.0,201.0,,247.0,False,WET,3.0,True,Renault,0 days 00:43:20.255000,2018-07-28 13:39:26.289,1,,False,,False,False
0 days 00:05:52.414000,ERI,9,,1.0,,0 days 00:04:05.490000,,,0 days 00:00:36.017000,0 days 00:00:34.589000,,0 days 00:05:17.825000,0 days 00:05:52.548000,216.0,202.0,255.0,,False,nan,,True,Sauber,0 days 00:04:05.490000,2018-07-28 13:00:11.524,,,False,,False,False
0 days 00:07:22.254000,ERI,9,0 days 00:01:29.840000,2.0,1.0,,,0 days 00:00:33.093000,0 days 00:00:31.892000,0 days 00:00:24.855000,0 days 00:06:25.507000,0 days 00:06:57.399000,0 days 00:07:22.254000,265.0,230.0,254.0,300.0,True,INTERMEDIATE,1.0,True,Sauber,0 days 00:05:52.414000,2018-07-28 13:01:58.448,,,False,,False,False
0 days 00:09:19.446000,ERI,9,0 days 00:01:57.192000,3.0,1.0,,,0 days 00:00:33.116000,0 days 00:00:44.305000,0 days 00:00:39.771000,0 days 00:07:55.370000,0 days 00:08:39.675000,0 days 00:09:19.446000,276.0,182.0,251.0,302.0,False,INTERMEDIATE,2.0,True,Sauber,0 days 00:07:22.254000,2018-07-28 13:03:28.288,,,False,,False,False
0 days 00:10:55.010000,ERI,9,0 days 00:01:35.564000,4.0,1.0,,0 days 00:10:53.335000,0 days 00:00:33.115000,0 days 00:00:32.523000,0 days 00:00:29.926000,0 days 00:09:52.561000,0 days 00:10:25.084000,0 days 00:10:55.010000,277.0,230.0,,299.0,False,INTERMEDIATE,3.0,True,Sauber,0 days 00:09:19.446000,2018-07-28 13:05:25.480,,,False,,False,False
0 days 00:12:53.628000,ERI,9,0 days 00:01:58.618000,5.0,2.0,0 days 00:11:20.277000,,0 days 00:01:01.301000,0 days 00:00:32.920000,0 days 00:00:24.397000,0 days 00:11:56.311000,0 days 00:12:29.231000,0 days 00:12:53.628000,240.0,211.0,259.0,299.0,False,ULTRASOFT,1.0,True,Sauber,0 days 00:10:55.010000,2018-07-28 13:07:01.044,,,False,,False,False
0 days 00:14:15.998000,ERI,9,0 days 00:01:22.370000,6.0,2.0,,,0 days 00:00:31.501000,0 days 00:00:28.725000,0 days 00:00:22.144000,0 days 00:13:25.129000,0 days 00:13:53.854000,0 days 00:14:15.998000,284.0,247.0,264.0,304.0,True,ULTRASOFT,2.0,True,Sauber,0 days 00:12:53.628000,2018-07-28 13:08:59.662,,,False,,False,False
0 days 00:15:55.611000,ERI,9,0 days 00:01:39.613000,7.0,2.0,,,0 days 00:00:33.848000,0 days 00:00:38.424000,0 days 00:00:27.341000,0 days 00:14:49.846000,0 days 00:15:28.270000,0 days 00:15:55.611000,229.0,210.0,264.0,299.0,False,ULTRASOFT,3.0,True,Sauber,0 days 00:14:15.998000,2018-07-28 13:10:22.032,,,False,,False,False
0 days 00:17:16.672000,ERI,9,0 days 00:01:21.061000,8.0,2.0,,,0 days 00:00:30.477000,0 days 00:00:28.650000,0 days 00:00:21.934000,0 days 00:16:26.088000,0 days 00:16:54.738000,0 days 00:17:16.672000,286.0,251.0,262.0,310.0,True,ULTRASOFT,4.0,True,Sauber,0 days 00:15:55.611000,2018-07-28 13:12:01.645,,,False,,False,False
0 days 00:18:57.006000,ERI,9,0 days 00:01:40.334000,9.0,2.0,,,0 days 00:00:35.130000,0 days 00:00:38.832000,0 days 00:00:26.372000,0 days 00:17:51.802000,0 days 00:18:30.634000,0 days 00:18:57.006000,223.0,196.0,264.0,292.0,False,ULTRASOFT,5.0,True,Sauber,0 days 00:17:16.672000,2018-07-28 13:13:22.706,,,False,,False,False
0 days 00:20:15.647000,ERI,9,0 days 00:01:18.641000,10.0,2.0,,,0 days 00:00:28.476000,0 days 00:00:28.144000,0 days 00:00:22.021000,0 days 00:19:25.482000,0 days 00:19:53.626000,0 days 00:20:15.647000,288.0,255.0,260.0,307.0,True,ULTRASOFT,6.0,True,Sauber,0 days 00:18:57.006000,2018-07-28 13:15:03.040,,,False,,False,False
0 days 00:21:45.277000,ERI,9,0 days 00:01:29.630000,11.0,2.0,,,0 days 00:00:29.059000,0 days 00:00:29.725000,0 days 00:00:30.846000,0 days 00:20:44.706000,0 days 00:21:14.431000,0 days 00:21:45.277000,284.0,188.0,262.0,306.0,False,ULTRASOFT,7.0,True,Sauber,0 days 00:20:15.647000,2018-07-28 13:16:21.681,,,False,,False,False
0 days 00:23:04.300000,ERI,9,0 days 00:01:19.023000,12.0,2.0,,,0 days 00:00:28.606000,0 days 00:00:28.236000,0 days 00:00:22.181000,0 days 00:22:13.883000,0 days 00:22:42.119000,0 days 00:23:04.300000,283.0,244.0,261.0,306.0,False,ULTRASOFT,8.0,True,Sauber,0 days 00:21:45.277000,2018-07-28 13:17:51.311,1,,False,,False,True
0 days 00:24:40.837000,ERI,9,0 days 00:01:36.537000,13.0,2.0,,0 days 00:24:39.151000,0 days 00:00:33.855000,0 days 00:00:32.708000,0 days 00:00:29.974000,0 days 00:23:38.155000,0 days 00:24:10.863000,0 days 00:24:40.837000,249.0,212.0,,290.0,False,ULTRASOFT,9.0,True,Sauber,0 days 00:23:04.300000,2018-07-28 13:19:10.334,1,,False,,False,False
0 days 00:31:16.875000,ERI,9,,14.0,3.0,0 days 00:29:24.845000,0 days 00:31:15.173000,,0 days 00:00:35.598000,0 days 00:00:41.224000,,0 days 00:30:35.746000,0 days 00:31:16.886000,252.0,175.0,,290.0,False,ULTRASOFT,1.0,True,Sauber,0 days 00:24:40.837000,2018-07-28 13:20:46.871,1,,False,,False,False
0 days 00:33:35.641000,ERI,9,0 days 00:02:18.766000,15.0,4.0,0 days 00:31:43.887000,,0 days 00:01:01.605000,0 days 00:00:37.786000,0 days 00:00:39.375000,0 days 00:32:18.480000,0 days 00:32:56.266000,0 days 00:33:35.641000,236.0,193.0,237.0,290.0,False,INTERMEDIATE,1.0,True,Sauber,0 days 00:31:16.875000,2018-07-28 13:27:22.909,1,,False,,False,False
0 days 00:35:12.716000,ERI,9,0 days 00:01:37.075000,16.0,4.0,,,0 days 00:00:31.546000,0 days 00:00:33.620000,0 days 00:00:31.909000,0 days 00:34:07.187000,0 days 00:34:40.807000,0 days 00:35:12.716000,267.0,210.0,215.0,297.0,True,INTERMEDIATE,2.0,True,Sauber,0 days 00:33:35.641000,2018-07-28 13:29:41.675,12,,False,,False,True
0 days 00:37:00.772000,ERI,9,0 days 00:01:48.056000,17.0,4.0,,0 days 00:36:59.058000,0 days 00:00:33.455000,0 days 00:00:37.735000,0 days 00:00:36.866000,0 days 00:35:46.171000,0 days 00:36:23.906000,0 days 00:37:00.772000,261.0,192.0,,286.0,False,INTERMEDIATE,3.0,True,Sauber,0 days 00:35:12.716000,2018-07-28 13:31:18.750,12,,False,,False,False
0 days 00:39:08.560000,ERI,9,0 days 00:02:07.788000,18.0,5.0,0 days 00:37:25.509000,,0 days 00:00:58.954000,0 days 00:00:38.934000,0 days 00:00:29.900000,0 days 00:37:59.726000,0 days 00:38:38.660000,0 days 00:39:08.560000,232.0,195.0,231.0,286.0,False,WET,1.0,True,Sauber,0 days 00:37:00.772000,2018-07-28 13:33:06.806,1,,False,,False,False
0 days 00:40:48.474000,ERI,9,0 days 00:01:39.914000,19.0,5.0,,,0 days 00:00:33.829000,0 days 00:00:37.176000,0 days 00:00:28.909000,0 days 00:39:42.389000,0 days 00:40:19.565000,0 days 00:40:48.474000,264.0,213.0,232.0,278.0,False,WET,2.0,True,Sauber,0 days 00:39:08.560000,2018-07-28 13:35:14.594,1,,False,,False,True
0 days 00:42:27.990000,ERI,9,0 days 00:01:39.516000,20.0,5.0,,,0 days 00:00:33.896000,0 days 00:00:36.357000,0 days 00:00:29.263000,0 days 00:41:22.370000,0 days 00:41:58.727000,0 days 00:42:27.990000,266.0,207.0,235.0,280.0,False,WET,3.0,True,Sauber,0 days 00:40:48.474000,2018-07-28 13:36:54.508,1,,False,,False,True
0 days 00:44:07.662000,ERI,9,0 days 00:01:39.672000,21.0,5.0,,,0 days 00:00:33.821000,0 days 00:00:36.422000,0 days 00:00:29.429000,0 days 00:43:01.811000,0 days 00:43:38.233000,0 days 00:44:07.662000,268.0,195.0,234.0,281.0,False,WET,4.0,True,Sauber,0 days 00:42:27.990000,2018-07-28 13:38:34.024,1,,False,,False,True
0 days 00:46:02.903000,ERI,9,0 days 00:01:55.241000,22.0,5.0,,0 days 00:46:01.205000,0 days 00:00:38.962000,0 days 00:00:39.402000,0 days 00:00:36.877000,0 days 00:44:46.624000,0 days 00:45:26.026000,0 days 00:46:02.903000,207.0,193.0,,244.0,False,WET,5.0,True,Sauber,0 days 00:44:07.662000,2018-07-28 13:40:13.696,1,,False,,False,False
0 days 00:06:26.991000,STR,18,,1.0,,0 days 00:04:32.190000,,,0 days 00:00:41.367000,0 days 00:00:37.552000,,0 days 00:05:49.456000,0 days 00:06:27.103000,200.0,192.0,247.0,,False,nan,,True,Williams,0 days 00:04:32.190000,2018-07-28 13:00:38.224,,,False,,False,False
0 days 00:07:57.425000,STR,18,0 days 00:01:30.434000,2.0,1.0,,,0 days 00:00:33.056000,0 days 00:00:32.248000,0 days 00:00:25.130000,0 days 00:07:00.047000,0 days 00:07:32.295000,0 days 00:07:57.425000,250.0,236.0,252.0,303.0,True,INTERMEDIATE,1.0,True,Williams,0 days 00:06:26.991000,2018-07-28 13:02:33.025,,,False,,False,False
0 days 00:09:35.440000,STR,18,0 days 00:01:38.015000,3.0,1.0,,,0 days 00:00:33.171000,0 days 00:00:32.841000,0 days 00:00:32.003000,0 days 00:08:30.596000,0 days 00:09:03.437000,0 days 00:09:35.440000,271.0,228.0,220.0,307.0,False,INTERMEDIATE,2.0,True,Williams,0 days 00:07:57.425000,2018-07-28 13:04:03.459,,,False,,False,False
0 days 00:11:23.409000,STR,18,0 days 00:01:47.969000,4.0,1.0,,0 days 00:11:21.696000,0 days 00:00:41.937000,0 days 00:00:36.693000,0 days 00:00:29.339000,0 days 00:10:17.377000,0 days 00:10:54.070000,0 days 00:11:23.409000,221.0,219.0,,274.0,False,INTERMEDIATE,3.0,True,Williams,0 days 00:09:35.440000,2018-07-28 13:05:41.474,,,False,,False,False
0 days 00:13:21.392000,STR,18,0 days 00:01:57.983000,5.0,2.0,0 days 00:11:47.012000,,0 days 00:00:57.691000,0 days 00:00:33.139000,0 days 00:00:27.153000,0 days 00:12:21.100000,0 days 00:12:54.239000,0 days 00:13:21.392000,247.0,232.0,261.0,274.0,False,ULTRASOFT,1.0,True,Williams,0 days 00:11:23.409000,2018-07-28 13:07:29.443,,,False,,False,False
0 days 00:14:44.528000,STR,18,0 days 00:01:23.136000,6.0,2.0,,,0 days 00:00:31.774000,0 days 00:00:28.932000,0 days 00:00:22.430000,0 days 00:13:53.166000,0 days 00:14:22.098000,0 days 00:14:44.528000,284.0,250.0,264.0,308.0,True,ULTRASOFT,2.0,True,Williams,0 days 00:13:21.392000,2018-07-28 13:09:27.426,,,False,,False,False
0 days 00:16:06.392000,STR,18,0 days 00:01:21.864000,7.0,2.0,,,0 days 00:00:30.021000,0 days 00:00:28.857000,0 days 00:00:22.986000,0 days 00:15:14.549000,0 days 00:15:43.406000,0 days 00:16:06.392000,288.0,243.0,257.0,305.0,True,ULTRASOFT,3.0,True,Williams,0 days 00:14:44.528000,2018-07-28 13:10:50.562,,,False,,False,False
0 days 00:17:40.181000,STR,18,0 days 00:01:33.789000,8.0,2.0,,0 days 00:17:38.462000,0 days 00:00:31.317000,0 days 00:00:33.264000,0 days 00:00:29.208000,0 days 00:16:37.709000,0 days 00:17:10.973000,0 days 00:17:40.181000,245.0,224.0,,308.0,False,ULTRASOFT,4.0,True,Williams,0 days 00:16:06.392000,2018-07-28 13:12:12.426,,,False,,False,False
0 days 00:19:43.829000,STR,18,0 days 00:02:03.648000,9.0,3.0,0 days 00:18:04.559000,,0 days 00:00:58.164000,0 days 00:00:33.688000,0 days 00:00:31.796000,0 days 00:18:38.345000,0 days 00:19:12.033000,0 days 00:19:43.829000,142.0,228.0,265.0,308.0,False,ULTRASOFT,1.0,True,Williams,0 days 00:17:40.181000,2018-07-28 13:13:46.215,,,False,,False,False
0 days 00:21:02.389000,STR,18,0 days 00:01:18.560000,10.0,3.0,,,0 days 00:00:28.454000,0 days 00:00:28.079000,0 days 00:00:22.027000,0 days 00:20:12.283000,0 days 00:20:40.362000,0 days 00:21:02.389000,288.0,249.0,265.0,312.0,True,ULTRASOFT,2.0,True,Williams,0 days 00:19:43.829000,2018-07-28 13:15:49.863,,,False,,False,False
0 days 00:22:21.973000,STR,18,0 days 00:01:19.584000,11.0,3.0,,,0 days 00:00:28.751000,0 days 00:00:28.347000,0 days 00:00:22.486000,0 days 00:21:31.140000,0 days 00:21:59.487000,0 days 00:22:21.973000,291.0,241.0,254.0,308.0,False,ULTRASOFT,3.0,True,Williams,0 days 00:21:02.389000,2018-07-28 13:17:08.423,1,,False,,False,True
0 days 00:24:08.334000,STR,18,0 days 00:01:46.361000,12.0,3.0,,0 days 00:24:06.555000,0 days 00:00:36.436000,0 days 00:00:39.081000,0 days 00:00:30.844000,0 days 00:22:58.409000,0 days 00:23:37.490000,0 days 00:24:08.334000,196.0,199.0,,297.0,False,ULTRASOFT,4.0,True,Williams,0 days 00:22:21.973000,2018-07-28 13:18:28.007,1,,False,,False,False
0 days 00:31:12.763000,STR,18,,13.0,4.0,0 days 00:29:20.738000,0 days 00:31:10.949000,,0 days 00:00:35.134000,0 days 00:00:43.693000,,0 days 00:30:29.070000,0 days 00:31:12.807000,239.0,168.0,,297.0,False,ULTRASOFT,1.0,True,Williams,0 days 00:24:08.334000,2018-07-28 13:20:14.368,1,,False,,False,False
0 days 00:33:24.208000,STR,18,0 days 00:02:11.445000,14.0,5.0,0 days 00:31:39.278000,,0 days 00:01:00.081000,0 days 00:00:37.083000,0 days 00:00:34.281000,0 days 00:32:12.844000,0 days 00:32:49.927000,0 days 00:33:24.208000,171.0,204.0,239.0,297.0,False,INTERMEDIATE,1.0,True,Williams,0 days 00:31:12.763000,2018-07-28 13:27:18.797,1,,False,,False,False
0 days 00:35:28.207000,STR,18,0 days 00:02:03.999000,15.0,5.0,,0 days 00:35:26.390000,0 days 00:00:31.573000,0 days 00:00:53.662000,0 days 00:00:38.764000,0 days 00:33:55.781000,0 days 00:34:49.443000,0 days 00:35:28.207000,273.0,147.0,,299.0,False,INTERMEDIATE,2.0,True,Williams,0 days 00:33:24.208000,2018-07-28 13:29:30.242,12,,False,,False,False
0 days 00:06:15.970000,VAN,2,,1.0,,0 days 00:04:22.223000,,,0 days 00:00:41.073000,0 days 00:00:35.735000,,0 days 00:05:40.288000,0 days 00:06:16.072000,233.0,191.0,246.0,,False,nan,,True,McLaren,0 days 00:04:22.223000,2018-07-28 13:00:28.257,,,False,,False,False
0 days 00:07:46.137000,VAN,2,0 days 00:01:30.167000,2.0,1.0,,,0 days 00:00:33.264000,0 days 00:00:32.444000,0 days 00:00:24.459000,0 days 00:06:49.234000,0 days 00:07:21.678000,0 days 00:07:46.137000,265.0,222.0,248.0,291.0,True,INTERMEDIATE,1.0,True,McLaren,0 days 00:06:15.970000,2018-07-28 13:02:22.004,,,False,,False,False
0 days 00:09:41.568000,VAN,2,0 days 00:01:55.431000,3.0,1.0,,,0 days 00:00:39.947000,0 days 00:00:37.124000,0 days 00:00:38.360000,0 days 00:08:26.084000,0 days 00:09:03.208000,0 days 00:09:41.568000,191.0,138.0,250.0,279.0,False,INTERMEDIATE,2.0,True,McLaren,0 days 00:07:46.137000,2018-07-28 13:03:52.171,,,False,,False,False
0 days 00:11:19.230000,VAN,2,0 days 00:01:37.662000,4.0,1.0,,0 days 00:11:17.433000,0 days 00:00:33.692000,0 days 00:00:32.940000,0 days 00:00:31.030000,0 days 00:10:15.260000,0 days 00:10:48.200000,0 days 00:11:19.230000,272.0,185.0,,293.0,False,INTERMEDIATE,3.0,True,McLaren,0 days 00:09:41.568000,2018-07-28 13:05:47.602,,,False,,False,False
0 days 00:13:46.127000,VAN,2,0 days 00:02:26.897000,5.0,2.0,0 days 00:12:11.123000,,0 days 00:01:25.480000,0 days 00:00:31.472000,0 days 00:00:29.945000,0 days 00:12:44.710000,0 days 00:13:16.182000,0 days 00:13:46.127000,233.0,221.0,258.0,293.0,False,ULTRASOFT,1.0,True,McLaren,0 days 00:11:19.230000,2018-07-28 13:07:25.264,,,False,,False,False
0 days 00:15:07.933000,VAN,2,0 days 00:01:21.806000,6.0,2.0,,,0 days 00:00:31.081000,0 days 00:00:28.812000,0 days 00:00:21.913000,0 days 00:14:17.208000,0 days 00:14:46.020000,0 days 00:15:07.933000,277.0,245.0,256.0,297.0,True,ULTRASOFT,2.0,True,McLaren,0 days 00:13:46.127000,2018-07-28 13:09:52.161,,,False,,False,False
0 days 00:16:44.553000,VAN,2,0 days 00:01:36.620000,7.0,2.0,,,0 days 00:00:33.488000,0 days 00:00:35.940000,0 days 00:00:27.192000,0 days 00:15:41.421000,0 days 00:16:17.361000,0 days 00:16:44.553000,240.0,154.0,259.0,287.0,False,ULTRASOFT,3.0,True,McLaren,0 days 00:15:07.933000,2018-07-28 13:11:13.967,,,False,,False,False
0 days 00:18:03.899000,VAN,2,0 days 00:01:19.346000,8.0,2.0,,,0 days 00:00:28.988000,0 days 00:00:28.525000,0 days 00:00:21.833000,0 days 00:17:13.541000,0 days 00:17:42.066000,0 days 00:18:03.899000,279.0,246.0,258.0,301.0,True,ULTRASOFT,4.0,True,McLaren,0 days 00:16:44.553000,2018-07-28 13:12:50.587,,,False,,False,False
0 days 00:19:48.864000,VAN,2,0 days 00:01:44.965000,9.0,2.0,,,0 days 00:00:36.123000,0 days 00:00:36.728000,0 days 00:00:32.114000,0 days 00:18:40.022000,0 days 00:19:16.750000,0 days 00:19:48.864000,232.0,199.0,259.0,286.0,False,ULTRASOFT,5.0,True,McLaren,0 days 00:18:03.899000,2018-07-28 13:14:09.933,,,False,,False,False
0 days 00:21:07.646000,VAN,2,0 days 00:01:18.782000,10.0,2.0,,,0 days 00:00:28.483000,0 days 00:00:28.496000,0 days 00:00:21.803000,0 days 00:20:17.347000,0 days 00:20:45.843000,0 days 00:21:07.646000,281.0,248.0,258.0,300.0,True,ULTRASOFT,6.0,True,McLaren,0 days 00:19:48.864000,2018-07-28 13:15:54.898,,,False,,False,False
0 days 00:22:46.997000,VAN,2,0 days 00:01:39.351000,11.0,2.0,,0 days 00:22:45.216000,0 days 00:00:32.475000,0 days 00:00:35.758000,0 days 00:00:31.118000,0 days 00:21:40.121000,0 days 00:22:15.879000,0 days 00:22:46.997000,235.0,206.0,,285.0,False,ULTRASOFT,7.0,True,McLaren,0 days 00:21:07.646000,2018-07-28 13:17:13.680,1,,False,,False,False
0 days 00:05:38.096000,LEC,16,,1.0,,0 days 00:03:56.145000,,,0 days 00:00:37.286000,0 days 00:00:28.108000,,0 days 00:05:09.998000,0 days 00:05:38.218000,175.0,205.0,253.0,,False,nan,,True,Sauber,0 days 00:03:56.145000,2018-07-28 13:00:02.179,,,False,,False,False
0 days 00:07:07.145000,LEC,16,0 days 00:01:29.049000,2.0,1.0,,,0 days 00:00:32.988000,0 days 00:00:31.439000,0 days 00:00:24.622000,0 days 00:06:11.084000,0 days 00:06:42.523000,0 days 00:07:07.145000,268.0,237.0,257.0,297.0,True,INTERMEDIATE,1.0,True,Sauber,0 days 00:05:38.096000,2018-07-28 13:01:44.130,,,False,,False,False
0 days 00:08:49.391000,LEC,16,0 days 00:01:42.246000,3.0,1.0,,,0 days 00:00:34.220000,0 days 00:00:39.684000,0 days 00:00:28.342000,0 days 00:07:41.365000,0 days 00:08:21.049000,0 days 00:08:49.391000,214.0,187.0,254.0,305.0,False,INTERMEDIATE,2.0,True,Sauber,0 days 00:07:07.145000,2018-07-28 13:03:13.179,,,False,,False,False
0 days 00:10:19.090000,LEC,16,0 days 00:01:29.699000,4.0,1.0,,,0 days 00:00:32.930000,0 days 00:00:31.578000,0 days 00:00:25.191000,0 days 00:09:22.321000,0 days 00:09:53.899000,0 days 00:10:19.090000,277.0,234.0,252.0,299.0,False,INTERMEDIATE,3.0,True,Sauber,0 days 00:08:49.391000,2018-07-28 13:04:55.425,,,False,,False,False
0 days 00:12:01.261000,LEC,16,0 days 00:01:42.171000,5.0,1.0,,0 days 00:11:59.559000,0 days 00:00:36.305000,0 days 00:00:36.468000,0 days 00:00:29.398000,0 days 00:10:55.395000,0 days 00:11:31.863000,0 days 00:12:01.261000,231.0,212.0,,285.0,False,INTERMEDIATE,4.0,True,Sauber,0 days 00:10:19.090000,2018-07-28 13:06:25.124,,,False,,False,False
0 days 00:13:56.015000,LEC,16,0 days 00:01:54.754000,6.0,2.0,0 days 00:12:25.844000,,0 days 00:00:58.462000,0 days 00:00:31.043000,0 days 00:00:25.249000,0 days 00:12:59.723000,0 days 00:13:30.766000,0 days 00:13:56.015000,238.0,236.0,262.0,285.0,False,ULTRASOFT,1.0,True,Sauber,0 days 00:12:01.261000,2018-07-28 13:08:07.295,,,False,,False,False
0 days 00:15:18.501000,LEC,16,0 days 00:01:22.486000,7.0,2.0,,,0 days 00:00:30.728000,0 days 00:00:29.516000,0 days 00:00:22.242000,0 days 00:14:26.743000,0 days 00:14:56.259000,0 days 00:15:18.501000,284.0,250.0,264.0,308.0,True,ULTRASOFT,2.0,True,Sauber,0 days 00:13:56.015000,2018-07-28 13:10:02.049,,,False,,False,False
0 days 00:17:01.354000,LEC,16,0 days 00:01:42.853000,8.0,2.0,,,0 days 00:00:40.420000,0 days 00:00:37.693000,0 days 00:00:24.740000,0 days 00:15:58.921000,0 days 00:16:36.614000,0 days 00:17:01.354000,185.0,208.0,263.0,308.0,False,ULTRASOFT,3.0,True,Sauber,0 days 00:15:18.501000,2018-07-28 13:11:24.535,,,False,,False,False
0 days 00:18:20.704000,LEC,16,0 days 00:01:19.350000,9.0,2.0,,,0 days 00:00:28.805000,0 days 00:00:28.614000,0 days 00:00:21.931000,0 days 00:17:30.159000,0 days 00:17:58.773000,0 days 00:18:20.704000,288.0,252.0,262.0,309.0,True,ULTRASOFT,4.0,True,Sauber,0 days 00:17:01.354000,2018-07-28 13:13:07.388,,,False,,False,False
0 days 00:20:14.011000,LEC,16,0 days 00:01:53.307000,10.0,2.0,,,0 days 00:00:40.513000,0 days 00:00:46.955000,0 days 00:00:25.839000,0 days 00:19:01.217000,0 days 00:19:48.172000,0 days 00:20:14.011000,114.0,204.0,266.0,301.0,False,ULTRASOFT,5.0,True,Sauber,0 days 00:18:20.704000,2018-07-28 13:14:26.738,,,False,,False,False
0 days 00:21:32.828000,LEC,16,0 days 00:01:18.817000,11.0,2.0,,,0 days 00:00:28.441000,0 days 00:00:28.309000,0 days 00:00:22.067000,0 days 00:20:42.452000,0 days 00:21:10.761000,0 days 00:21:32.828000,288.0,250.0,261.0,310.0,True,ULTRASOFT,6.0,True,Sauber,0 days 00:20:14.011000,2018-07-28 13:16:20.045,,,False,,False,False
0 days 00:22:51.836000,LEC,16,0 days 00:01:19.008000,12.0,2.0,,,0 days 00:00:28.583000,0 days 00:00:28.143000,0 days 00:00:22.282000,0 days 00:22:01.411000,0 days 00:22:29.554000,0 days 00:22:51.836000,283.0,249.0,260.0,303.0,False,ULTRASOFT,7.0,True,Sauber,0 days 00:21:32.828000,2018-07-28 13:17:38.862,1,,False,,False,True
0 days 00:24:37.330000,LEC,16,0 days 00:01:45.494000,13.0,2.0,,0 days 00:24:35.651000,0 days 00:00:39.651000,0 days 00:00:35.624000,0 days 00:00:30.219000,0 days 00:23:31.487000,0 days 00:24:07.111000,0 days 00:24:37.330000,193.0,214.0,,300.0,False,ULTRASOFT,8.0,True,Sauber,0 days 00:22:51.836000,2018-07-28 13:18:57.870,1,,False,,False,False
0 days 00:06:08.531000,OCO,31,,1.0,,0 days 00:04:18.972000,,,0 days 00:00:40.982000,0 days 00:00:34.293000,,0 days 00:05:34.265000,0 days 00:06:08.664000,231.0,188.0,254.0,,False,nan,,True,Force India,0 days 00:04:18.972000,2018-07-28 13:00:25.006,,,False,,False,False
0 days 00:07:37.912000,OCO,31,0 days 00:01:29.381000,2.0,1.0,,,0 days 00:00:33.488000,0 days 00:00:31.456000,0 days 00:00:24.437000,0 days 00:06:42.019000,0 days 00:07:13.475000,0 days 00:07:37.912000,269.0,231.0,253.0,302.0,True,INTERMEDIATE,1.0,True,Force India,0 days 00:06:08.531000,2018-07-28 13:02:14.565,,,False,,False,False
0 days 00:09:07.001000,OCO,31,0 days 00:01:29.089000,3.0,1.0,,,0 days 00:00:32.762000,0 days 00:00:31.554000,0 days 00:00:24.773000,0 days 00:08:10.674000,0 days 00:08:42.228000,0 days 00:09:07.001000,278.0,235.0,251.0,302.0,True,INTERMEDIATE,2.0,True,Force India,0 days 00:07:37.912000,2018-07-28 13:03:43.946,,,False,,False,False
0 days 00:10:58.044000,OCO,31,0 days 00:01:51.043000,4.0,1.0,,0 days 00:10:56.273000,0 days 00:00:41.693000,0 days 00:00:40.156000,0 days 00:00:29.194000,0 days 00:09:48.694000,0 days 00:10:28.850000,0 days 00:10:58.044000,167.0,208.0,,304.0,False,INTERMEDIATE,3.0,True,Force India,0 days 00:09:07.001000,2018-07-28 13:05:13.035,,,False,,False,False
0 days 00:13:02.797000,OCO,31,0 days 00:02:04.753000,5.0,2.0,0 days 00:11:22.058000,,0 days 00:01:00.354000,0 days 00:00:33.024000,0 days 00:00:31.375000,0 days 00:11:58.398000,0 days 00:12:31.422000,0 days 00:13:02.797000,201.0,227.0,241.0,304.0,False,ULTRASOFT,1.0,True,Force India,0 days 00:10:58.044000,2018-07-28 13:07:04.078,,,False,,False,False
0 days 00:14:27.754000,OCO,31,0 days 00:01:24.957000,6.0,2.0,,,0 days 00:00:32.090000,0 days 00:00:29.754000,0 days 00:00:23.113000,0 days 00:13:34.887000,0 days 00:14:04.641000,0 days 00:14:27.754000,275.0,247.0,241.0,300.0,True,ULTRASOFT,2.0,True,Force India,0 days 00:13:02.797000,2018-07-28 13:09:08.831,,,False,,False,False
0 days 00:16:16.232000,OCO,31,0 days 00:01:48.478000,7.0,2.0,,,0 days 00:00:43.871000,0 days 00:00:39.202000,0 days 00:00:25.405000,0 days 00:15:11.625000,0 days 00:15:50.827000,0 days 00:16:16.232000,102.0,211.0,247.0,221.0,False,ULTRASOFT,3.0,True,Force India,0 days 00:14:27.754000,2018-07-28 13:10:33.788,,,False,,False,False
0 days 00:17:37.317000,OCO,31,0 days 00:01:21.085000,8.0,2.0,,,0 days 00:00:29.675000,0 days 00:00:29.230000,0 days 00:00:22.180000,0 days 00:16:45.907000,0 days 00:17:15.137000,0 days 00:17:37.317000,286.0,248.0,261.0,304.0,True,ULTRASOFT,4.0,True,Force India,0 days 00:16:16.232000,2018-07-28 13:12:22.266,,,False,,False,False
0 days 00:19:21.952000,OCO,31,0 days 00:01:44.635000,9.0,2.0,,0 days 00:19:20.172000,0 days 00:00:41.647000,0 days 00:00:36.120000,0 days 00:00:26.868000,0 days 00:18:18.964000,0 days 00:18:55.084000,0 days 00:19:21.952000,206.0,232.0,,257.0,False,ULTRASOFT,5.0,True,Force India,0 days 00:17:37.317000,2018-07-28 13:13:43.351,,,False,,False,False
0 days 00:21:28.938000,OCO,31,0 days 00:02:06.986000,10.0,3.0,0 days 00:19:43.253000,,0 days 00:00:55.586000,0 days 00:00:36.532000,0 days 00:00:34.868000,0 days 00:20:17.538000,0 days 00:20:54.070000,0 days 00:21:28.938000,151.0,235.0,264.0,257.0,False,ULTRASOFT,1.0,True,Force India,0 days 00:19:21.952000,2018-07-28 13:15:27.986,,,False,,False,False
0 days 00:22:48.080000,OCO,31,0 days 00:01:19.142000,11.0,3.0,,,0 days 00:00:28.462000,0 days 00:00:28.621000,0 days 00:00:22.059000,0 days 00:21:57.400000,0 days 00:22:26.021000,0 days 00:22:48.080000,291.0,251.0,262.0,313.0,True,ULTRASOFT,2.0,True,Force India,0 days 00:21:28.938000,2018-07-28 13:17:34.972,1,,False,,False,True
0 days 00:24:34.309000,OCO,31,,12.0,3.0,,0 days 00:24:34.309000,0 days 00:00:36.188000,0 days 00:00:37.370000,,0 days 00:23:24.365000,0 days 00:24:01.730000,,185.0,158.0,,270.0,False,ULTRASOFT,3.0,True,Force India,0 days 00:22:48.080000,2018-07-28 13:18:54.114,1,,False,,False,False
0 days 00:06:59.286000,PER,11,,1.0,,0 days 00:05:02.234000,,,0 days 00:00:35.918000,0 days 00:00:48.410000,,0 days 00:06:10.895000,0 days 00:06:59.384000,249.0,198.0,242.0,,False,nan,,True,Force India,0 days 00:05:02.234000,2018-07-28 13:01:08.268,,,False,,False,False
0 days 00:08:28.320000,PER,11,0 days 00:01:29.034000,2.0,1.0,,,0 days 00:00:33.393000,0 days 00:00:31.027000,0 days 00:00:24.614000,0 days 00:07:32.679000,0 days 00:08:03.706000,0 days 00:08:28.320000,275.0,235.0,253.0,300.0,True,INTERMEDIATE,1.0,True,Force India,0 days 00:06:59.286000,2018-07-28 13:03:05.320,,,False,,False,False
0 days 00:10:14.770000,PER,11,0 days 00:01:46.450000,3.0,1.0,,,0 days 00:00:36.711000,0 days 00:00:38.924000,0 days 00:00:30.815000,0 days 00:09:05.031000,0 days 00:09:43.955000,0 days 00:10:14.770000,208.0,187.0,253.0,270.0,False,INTERMEDIATE,2.0,True,Force India,0 days 00:08:28.320000,2018-07-28 13:04:34.354,,,False,,False,False
0 days 00:11:48.421000,PER,11,0 days 00:01:33.651000,4.0,1.0,,0 days 00:11:46.652000,0 days 00:00:32.522000,0 days 00:00:31.556000,0 days 00:00:29.573000,0 days 00:10:47.292000,0 days 00:11:18.848000,0 days 00:11:48.421000,279.0,234.0,,304.0,False,INTERMEDIATE,3.0,True,Force India,0 days 00:10:14.770000,2018-07-28 13:06:20.804,,,False,,False,False
0 days 00:13:51.100000,PER,11,0 days 00:02:02.679000,5.0,2.0,0 days 00:12:11.966000,,0 days 00:00:57.423000,0 days 00:00:34.291000,0 days 00:00:30.965000,0 days 00:12:45.844000,0 days 00:13:20.135000,0 days 00:13:51.100000,257.0,182.0,256.0,304.0,False,ULTRASOFT,1.0,True,Force India,0 days 00:11:48.421000,2018-07-28 13:07:54.455,,,False,,False,False
0 days 00:15:14.727000,PER,11,0 days 00:01:23.627000,6.0,2.0,,,0 days 00:00:31.775000,0 days 00:00:29.594000,0 days 00:00:22.258000,0 days 00:14:22.875000,0 days 00:14:52.469000,0 days 00:15:14.727000,286.0,246.0,263.0,308.0,True,ULTRASOFT,2.0,True,Force India,0 days 00:13:51.100000,2018-07-28 13:09:57.134,,,False,,False,False
0 days 00:16:55.613000,PER,11,0 days 00:01:40.886000,7.0,2.0,,,0 days 00:00:35.889000,0 days 00:00:38.416000,0 days 00:00:26.581000,0 days 00:15:50.616000,0 days 00:16:29.032000,0 days 00:16:55.613000,181.0,213.0,262.0,302.0,False,ULTRASOFT,3.0,True,Force India,0 days 00:15:14.727000,2018-07-28 13:11:20.761,,,False,,False,False
0 days 00:18:15.457000,PER,11,0 days 00:01:19.844000,8.0,2.0,,,0 days 00:00:29.143000,0 days 00:00:28.588000,0 days 00:00:22.113000,0 days 00:17:24.756000,0 days 00:17:53.344000,0 days 00:18:15.457000,290.0,250.0,262.0,310.0,True,ULTRASOFT,4.0,True,Force India,0 days 00:16:55.613000,2018-07-28 13:13:01.647,,,False,,False,False
0 days 00:19:54.725000,PER,11,0 days 00:01:39.268000,9.0,2.0,,,0 days 00:00:34.823000,0 days 00:00:33.734000,0 days 00:00:30.711000,0 days 00:18:50.280000,0 days 00:19:24.014000,0 days 00:19:54.725000,235.0,211.0,264.0,221.0,False,ULTRASOFT,5.0,True,Force India,0 days 00:18:15.457000,2018-07-28 13:14:21.491,,,False,,False,False
0 days 00:21:13.925000,PER,11,0 days 00:01:19.200000,10.0,2.0,,,0 days 00:00:28.678000,0 days 00:00:28.367000,0 days 00:00:22.155000,0 days 00:20:23.403000,0 days 00:20:51.770000,0 days 00:21:13.925000,292.0,252.0,262.0,312.0,True,ULTRASOFT,6.0,True,Force India,0 days 00:19:54.725000,2018-07-28 13:16:00.759,,,False,,False,False
0 days 00:22:56.541000,PER,11,0 days 00:01:42.616000,11.0,2.0,,0 days 00:22:54.815000,0 days 00:00:33.147000,0 days 00:00:40.595000,0 days 00:00:28.874000,0 days 00:21:47.072000,0 days 00:22:27.667000,0 days 00:22:56.541000,211.0,215.0,,304.0,False,ULTRASOFT,7.0,True,Force India,0 days 00:21:13.925000,2018-07-28 13:17:19.959,1,,False,,False,False
0 days 00:06:24.748000,SIR,35,,1.0,,0 days 00:04:27.722000,,,0 days 00:00:41.870000,0 days 00:00:38.080000,,0 days 00:05:46.683000,0 days 00:06:24.869000,211.0,206.0,253.0,,False,nan,,True,Williams,0 days 00:04:27.722000,2018-07-28 13:00:33.756,,,False,,False,False
0 days 00:07:55.522000,SIR,35,0 days 00:01:30.774000,2.0,1.0,,,0 days 00:00:32.854000,0 days 00:00:32.625000,0 days 00:00:25.295000,0 days 00:06:57.602000,0 days 00:07:30.227000,0 days 00:07:55.522000,268.0,237.0,252.0,304.0,True,INTERMEDIATE,1.0,True,Williams,0 days 00:06:24.748000,2018-07-28 13:02:30.782,,,False,,False,False
0 days 00:09:29.216000,SIR,35,0 days 00:01:33.694000,3.0,1.0,,,0 days 00:00:33.488000,0 days 00:00:33.816000,0 days 00:00:26.390000,0 days 00:08:29.010000,0 days 00:09:02.826000,0 days 00:09:29.216000,274.0,218.0,250.0,303.0,False,INTERMEDIATE,2.0,True,Williams,0 days 00:07:55.522000,2018-07-28 13:04:01.556,,,False,,False,False
0 days 00:11:17.220000,SIR,35,0 days 00:01:48.004000,4.0,1.0,,0 days 00:11:15.446000,0 days 00:00:40.385000,0 days 00:00:37.332000,0 days 00:00:30.287000,0 days 00:10:09.601000,0 days 00:10:46.933000,0 days 00:11:17.220000,199.0,217.0,,301.0,False,INTERMEDIATE,3.0,True,Williams,0 days 00:09:29.216000,2018-07-28 13:05:35.250,,,False,,False,False
0 days 00:13:17.225000,SIR,35,0 days 00:02:00.005000,5.0,2.0,0 days 00:11:39.576000,,0 days 00:00:59.123000,0 days 00:00:33.785000,0 days 00:00:27.097000,0 days 00:12:16.343000,0 days 00:12:50.128000,0 days 00:13:17.225000,246.0,225.0,259.0,301.0,False,ULTRASOFT,1.0,True,Williams,0 days 00:11:17.220000,2018-07-28 13:07:23.254,,,False,,False,False
0 days 00:14:41.704000,SIR,35,0 days 00:01:24.479000,6.0,2.0,,,0 days 00:00:32.297000,0 days 00:00:29.604000,0 days 00:00:22.578000,0 days 00:13:49.522000,0 days 00:14:19.126000,0 days 00:14:41.704000,278.0,250.0,262.0,306.0,True,ULTRASOFT,2.0,True,Williams,0 days 00:13:17.225000,2018-07-28 13:09:23.259,,,False,,False,False
0 days 00:16:05.799000,SIR,35,0 days 00:01:24.095000,7.0,2.0,,,0 days 00:00:30.447000,0 days 00:00:30.199000,0 days 00:00:23.449000,0 days 00:15:12.151000,0 days 00:15:42.350000,0 days 00:16:05.799000,282.0,247.0,259.0,308.0,True,ULTRASOFT,3.0,True,Williams,0 days 00:14:41.704000,2018-07-28 13:10:47.738,,,False,,False,False
0 days 00:17:36.655000,SIR,35,0 days 00:01:30.856000,8.0,2.0,,0 days 00:17:34.868000,0 days 00:00:29.886000,0 days 00:00:32.227000,0 days 00:00:28.743000,0 days 00:16:35.685000,0 days 00:17:07.912000,0 days 00:17:36.655000,269.0,214.0,,308.0,False,ULTRASOFT,4.0,True,Williams,0 days 00:16:05.799000,2018-07-28 13:12:11.833,,,False,,False,False
0 days 00:19:40.383000,SIR,35,0 days 00:02:03.728000,9.0,3.0,0 days 00:17:58.200000,,0 days 00:00:55.288000,0 days 00:00:36.583000,0 days 00:00:31.857000,0 days 00:18:31.943000,0 days 00:19:08.526000,0 days 00:19:40.383000,245.0,216.0,263.0,308.0,False,ULTRASOFT,1.0,True,Williams,0 days 00:17:36.655000,2018-07-28 13:13:42.689,,,False,,False,False
0 days 00:20:59.684000,SIR,35,0 days 00:01:19.301000,10.0,3.0,,,0 days 00:00:28.432000,0 days 00:00:28.594000,0 days 00:00:22.275000,0 days 00:20:08.815000,0 days 00:20:37.409000,0 days 00:20:59.684000,287.0,251.0,258.0,310.0,True,ULTRASOFT,2.0,True,Williams,0 days 00:19:40.383000,2018-07-28 13:15:46.417,,,False,,False,False
0 days 00:22:20.293000,SIR,35,0 days 00:01:20.609000,11.0,3.0,,,0 days 00:00:29.217000,0 days 00:00:29.128000,0 days 00:00:22.264000,0 days 00:21:28.901000,0 days 00:21:58.029000,0 days 00:22:20.293000,285.0,251.0,257.0,314.0,False,ULTRASOFT,3.0,True,Williams,0 days 00:20:59.684000,2018-07-28 13:17:05.718,1,,False,,False,True
0 days 00:24:06.632000,SIR,35,0 days 00:01:46.339000,12.0,3.0,,0 days 00:24:04.836000,0 days 00:00:37.102000,0 days 00:00:38.428000,0 days 00:00:30.809000,0 days 00:22:57.395000,0 days 00:23:35.823000,0 days 00:24:06.632000,202.0,220.0,,241.0,False,ULTRASOFT,4.0,True,Williams,0 days 00:22:20.293000,2018-07-28 13:18:26.327,1,,False,,False,False
