Time,Driver,DriverNumber,LapTime,LapNumber,Stint,PitOutTime,PitInTime,Sector1Time,Sector2Time,Sector3Time,Sector1SessionTime,Sector2SessionTime,Sector3SessionTime,SpeedI1,SpeedI2,SpeedFL,SpeedST,IsPersonalBest,Compound,TyreLife,FreshTyre,Team,LapStartTime,LapStartDate,TrackStatus,Position,Deleted,DeletedReason,FastF1Generated,IsAccurate
0 days 00:07:38.884000,BOT,77,,1.0,1.0,0 days 00:06:18.303000,,,0 days 00:00:34.848000,0 days 00:00:27.925000,,0 days 00:07:11.040000,0 days 00:07:39.009000,289.0,195.0,285.0,278.0,False,ULTRASOFT,1.0,True,Mercedes,0 days 00:06:18.303000,2018-06-30 13:02:26.552,,,False,,False,False
0 days 00:08:43.423000,BOT,77,0 days 00:01:04.539000,2.0,1.0,,,0 days 00:00:16.343000,0 days 00:00:28.620000,0 days 00:00:19.576000,0 days 00:07:55.227000,0 days 00:08:23.847000,0 days 00:08:43.423000,318.0,251.0,286.0,315.0,True,ULTRASOFT,2.0,True,Mercedes,0 days 00:07:38.884000,2018-06-30 13:03:47.133,,,False,,False,False
0 days 00:10:11.997000,BOT,77,0 days 00:01:28.574000,3.0,1.0,,,0 days 00:00:19.263000,0 days 00:00:41.054000,0 days 00:00:28.257000,0 days 00:09:02.686000,0 days 00:09:43.740000,0 days 00:10:11.997000,268.0,196.0,289.0,129.0,False,ULTRASOFT,3.0,True,Mercedes,0 days 00:08:43.423000,2018-06-30 13:04:51.672,21,,False,,False,True
0 days 00:11:16.172000,BOT,77,0 days 00:01:04.175000,4.0,1.0,,,0 days 00:00:16.239000,0 days 00:00:28.450000,0 days 00:00:19.486000,0 days 00:10:28.236000,0 days 00:10:56.686000,0 days 00:11:16.172000,319.0,251.0,292.0,316.0,True,ULTRASOFT,4.0,True,Mercedes,0 days 00:10:11.997000,2018-06-30 13:06:20.246,1,,False,,False,True
0 days 00:13:11.950000,BOT,77,0 days 00:01:55.778000,5.0,1.0,,0 days 00:12:39.517000,0 days 00:00:20.662000,0 days 00:00:37.013000,0 days 00:00:58.103000,0 days 00:11:36.834000,0 days 00:12:13.847000,0 days 00:13:11.950000,226.0,198.0,,256.0,False,ULTRASOFT,5.0,True,Mercedes,0 days 00:11:16.172000,2018-06-30 13:07:24.421,1,,False,,False,False
0 days 00:31:30.920000,BOT,77,,6.0,2.0,0 days 00:30:16.495000,,,0 days 00:00:32.242000,0 days 00:00:24.626000,,0 days 00:31:06.294000,0 days 00:31:30.938000,308.0,229.0,291.0,299.0,False,SUPERSOFT,1.0,True,Mercedes,0 days 00:13:11.950000,2018-06-30 13:09:20.199,12,,False,,False,False
0 days 00:32:34.676000,BOT,77,0 days 00:01:03.756000,7.0,2.0,,,0 days 00:00:16.292000,0 days 00:00:28.258000,0 days 00:00:19.206000,0 days 00:31:47.212000,0 days 00:32:15.470000,0 days 00:32:34.676000,318.0,253.0,292.0,318.0,True,SUPERSOFT,2.0,True,Mercedes,0 days 00:31:30.920000,2018-06-30 13:27:39.169,1,,False,,False,True
0 days 00:33:58.819000,BOT,77,0 days 00:01:24.143000,8.0,2.0,,0 days 00:33:55.490000,0 days 00:00:19.792000,0 days 00:00:35.670000,0 days 00:00:28.681000,0 days 00:32:54.468000,0 days 00:33:30.138000,0 days 00:33:58.819000,251.0,186.0,,270.0,False,SUPERSOFT,3.0,True,Mercedes,0 days 00:32:34.676000,2018-06-30 13:28:42.925,1,,False,,False,False
0 days 00:42:40.793000,BOT,77,,9.0,3.0,0 days 00:41:23.619000,,,0 days 00:00:35.160000,0 days 00:00:24.860000,,0 days 00:42:15.936000,0 days 00:42:40.847000,280.0,208.0,293.0,276.0,False,ULTRASOFT,1.0,True,Mercedes,0 days 00:33:58.819000,2018-06-30 13:30:07.068,1,,False,,False,False
0 days 00:43:45.582000,BOT,77,0 days 00:01:04.789000,10.0,3.0,,,0 days 00:00:16.081000,0 days 00:00:28.036000,0 days 00:00:20.672000,0 days 00:42:56.874000,0 days 00:43:24.910000,0 days 00:43:45.582000,317.0,254.0,255.0,318.0,False,ULTRASOFT,2.0,True,Mercedes,0 days 00:42:40.793000,2018-06-30 13:38:49.042,12,,False,,False,True
0 days 00:45:08.641000,BOT,77,0 days 00:01:23.059000,11.0,3.0,,0 days 00:45:05.293000,0 days 00:00:19.627000,0 days 00:00:34.148000,0 days 00:00:29.284000,0 days 00:44:05.209000,0 days 00:44:39.357000,0 days 00:45:08.641000,259.0,193.0,,277.0,False,ULTRASOFT,3.0,True,Mercedes,0 days 00:43:45.582000,2018-06-30 13:39:53.831,1,,False,,False,False
0 days 00:53:36.523000,BOT,77,,12.0,4.0,0 days 00:52:15.858000,,,0 days 00:00:35.767000,0 days 00:00:27.180000,,0 days 00:53:09.394000,0 days 00:53:36.538000,293.0,180.0,295.0,302.0,False,ULTRASOFT,1.0,True,Mercedes,0 days 00:45:08.641000,2018-06-30 13:41:16.890,1,,False,,False,False
0 days 00:54:39.787000,BOT,77,0 days 00:01:03.264000,13.0,4.0,,,0 days 00:00:16.035000,0 days 00:00:28.107000,0 days 00:00:19.122000,0 days 00:53:52.558000,0 days 00:54:20.665000,0 days 00:54:39.787000,320.0,255.0,292.0,321.0,True,ULTRASOFT,2.0,True,Mercedes,0 days 00:53:36.523000,2018-06-30 13:49:44.772,1,,False,,False,True
0 days 00:56:04.979000,BOT,77,0 days 00:01:25.192000,14.0,4.0,,0 days 00:56:01.642000,0 days 00:00:20.530000,0 days 00:00:36.233000,0 days 00:00:28.429000,0 days 00:55:00.317000,0 days 00:55:36.550000,0 days 00:56:04.979000,258.0,198.0,,248.0,False,ULTRASOFT,3.0,True,Mercedes,0 days 00:54:39.787000,2018-06-30 13:50:48.036,1,,False,,False,False
0 days 01:02:56.563000,BOT,77,,15.0,5.0,0 days 01:01:30.668000,,,0 days 00:00:35.832000,0 days 00:00:30.579000,,0 days 01:02:25.984000,0 days 01:02:56.597000,297.0,212.0,296.0,296.0,False,ULTRASOFT,1.0,True,Mercedes,0 days 00:56:04.979000,2018-06-30 13:52:13.228,1,,False,,False,False
0 days 01:03:59.693000,BOT,77,0 days 00:01:03.130000,16.0,5.0,,,0 days 00:00:16.018000,0 days 00:00:28.013000,0 days 00:00:19.099000,0 days 01:03:12.581000,0 days 01:03:40.594000,0 days 01:03:59.693000,321.0,253.0,292.0,320.0,True,ULTRASOFT,2.0,True,Mercedes,0 days 01:02:56.563000,2018-06-30 13:59:04.812,1,,False,,False,True
0 days 01:05:39.359000,BOT,77,0 days 00:01:39.666000,17.0,5.0,,,0 days 00:00:23.629000,0 days 00:00:38.003000,0 days 00:00:38.034000,0 days 01:04:23.322000,0 days 01:05:01.325000,0 days 01:05:39.359000,192.0,180.0,63.0,213.0,False,ULTRASOFT,3.0,True,Mercedes,0 days 01:03:59.693000,2018-06-30 14:00:07.942,1,,False,,False,True
0 days 00:07:43.777000,HAM,44,,1.0,1.0,0 days 00:06:22.131000,,,0 days 00:00:35.009000,0 days 00:00:28.019000,,0 days 00:07:15.760000,0 days 00:07:43.895000,289.0,226.0,285.0,285.0,False,ULTRASOFT,1.0,True,Mercedes,0 days 00:06:22.131000,2018-06-30 13:02:30.380,,,False,,False,False
0 days 00:08:48.071000,HAM,44,0 days 00:01:04.294000,2.0,1.0,,,0 days 00:00:16.323000,0 days 00:00:28.513000,0 days 00:00:19.458000,0 days 00:08:00.100000,0 days 00:08:28.613000,0 days 00:08:48.071000,319.0,251.0,289.0,315.0,True,ULTRASOFT,2.0,True,Mercedes,0 days 00:07:43.777000,2018-06-30 13:03:52.026,,,False,,False,False
0 days 00:10:18.274000,HAM,44,0 days 00:01:30.203000,3.0,1.0,,,0 days 00:00:19.696000,0 days 00:00:41.806000,0 days 00:00:28.701000,0 days 00:09:07.767000,0 days 00:09:49.573000,0 days 00:10:18.274000,207.0,175.0,287.0,232.0,False,ULTRASOFT,3.0,True,Mercedes,0 days 00:08:48.071000,2018-06-30 13:04:56.320,21,,False,,False,True
0 days 00:11:22.583000,HAM,44,0 days 00:01:04.309000,4.0,1.0,,,0 days 00:00:16.290000,0 days 00:00:28.447000,0 days 00:00:19.572000,0 days 00:10:34.564000,0 days 00:11:03.011000,0 days 00:11:22.583000,319.0,251.0,290.0,316.0,False,ULTRASOFT,4.0,True,Mercedes,0 days 00:10:18.274000,2018-06-30 13:06:26.523,1,,False,,False,True
0 days 00:12:52.257000,HAM,44,0 days 00:01:29.674000,5.0,1.0,,,0 days 00:00:21.347000,0 days 00:00:40.990000,0 days 00:00:27.337000,0 days 00:11:43.930000,0 days 00:12:24.920000,0 days 00:12:52.257000,196.0,218.0,287.0,258.0,False,ULTRASOFT,5.0,True,Mercedes,0 days 00:11:22.583000,2018-06-30 13:07:30.832,1,,False,,False,True
0 days 00:13:56.337000,HAM,44,0 days 00:01:04.080000,6.0,1.0,,,0 days 00:00:16.276000,0 days 00:00:28.309000,0 days 00:00:19.495000,0 days 00:13:08.533000,0 days 00:13:36.842000,0 days 00:13:56.337000,318.0,252.0,290.0,318.0,True,ULTRASOFT,6.0,True,Mercedes,0 days 00:12:52.257000,2018-06-30 13:09:00.506,1,,False,,False,True
0 days 00:15:21.410000,HAM,44,0 days 00:01:25.073000,7.0,1.0,,,0 days 00:00:20.623000,0 days 00:00:39.286000,0 days 00:00:25.164000,0 days 00:14:16.960000,0 days 00:14:56.246000,0 days 00:15:21.410000,223.0,184.0,285.0,255.0,False,ULTRASOFT,7.0,True,Mercedes,0 days 00:13:56.337000,2018-06-30 13:10:04.586,1,,False,,False,True
0 days 00:16:34.807000,HAM,44,0 days 00:01:13.397000,8.0,1.0,,0 days 00:16:31.484000,0 days 00:00:16.331000,0 days 00:00:28.411000,0 days 00:00:28.655000,0 days 00:15:37.741000,0 days 00:16:06.152000,0 days 00:16:34.807000,315.0,245.0,,318.0,False,ULTRASOFT,8.0,True,Mercedes,0 days 00:15:21.410000,2018-06-30 13:11:29.659,1,,False,,False,False
0 days 00:31:35.300000,HAM,44,,9.0,2.0,0 days 00:30:22.427000,,,0 days 00:00:32.709000,0 days 00:00:22.821000,,0 days 00:31:12.479000,0 days 00:31:35.330000,295.0,221.0,293.0,300.0,False,SUPERSOFT,1.0,True,Mercedes,0 days 00:16:34.807000,2018-06-30 13:12:43.056,12,,False,,False,False
0 days 00:32:38.877000,HAM,44,0 days 00:01:03.577000,10.0,2.0,,,0 days 00:00:16.033000,0 days 00:00:28.166000,0 days 00:00:19.378000,0 days 00:31:51.333000,0 days 00:32:19.499000,0 days 00:32:38.877000,320.0,252.0,292.0,321.0,True,SUPERSOFT,2.0,True,Mercedes,0 days 00:31:35.300000,2018-06-30 13:27:43.549,1,,False,,False,True
0 days 00:34:07.078000,HAM,44,0 days 00:01:28.201000,11.0,2.0,,0 days 00:34:03.602000,0 days 00:00:19.787000,0 days 00:00:37.986000,0 days 00:00:30.428000,0 days 00:32:58.664000,0 days 00:33:36.650000,0 days 00:34:07.078000,239.0,171.0,,228.0,False,SUPERSOFT,3.0,True,Mercedes,0 days 00:32:38.877000,2018-06-30 13:28:47.126,1,,False,,False,False
0 days 00:42:53.588000,HAM,44,,12.0,3.0,0 days 00:41:31.715000,,,0 days 00:00:32.838000,0 days 00:00:28.935000,,0 days 00:42:24.656000,0 days 00:42:53.610000,293.0,228.0,293.0,297.0,False,ULTRASOFT,1.0,True,Mercedes,0 days 00:34:07.078000,2018-06-30 13:30:15.327,12,,False,,False,False
0 days 00:43:58.155000,HAM,44,0 days 00:01:04.567000,13.0,3.0,,,0 days 00:00:16.069000,0 days 00:00:28.111000,0 days 00:00:20.387000,0 days 00:43:09.657000,0 days 00:43:37.768000,0 days 00:43:58.155000,320.0,254.0,194.0,321.0,False,ULTRASOFT,2.0,True,Mercedes,0 days 00:42:53.588000,2018-06-30 13:39:01.837,1,,False,,False,True
0 days 00:45:17.473000,HAM,44,0 days 00:01:19.318000,14.0,3.0,,0 days 00:45:13.887000,0 days 00:00:20.529000,0 days 00:00:32.311000,0 days 00:00:26.478000,0 days 00:44:18.684000,0 days 00:44:50.995000,0 days 00:45:17.473000,248.0,209.0,,280.0,False,ULTRASOFT,3.0,True,Mercedes,0 days 00:43:58.155000,2018-06-30 13:40:06.404,1,,False,,False,False
0 days 00:53:43.656000,HAM,44,,15.0,4.0,0 days 00:52:19.156000,,,0 days 00:00:35.541000,0 days 00:00:29.180000,,0 days 00:53:14.519000,0 days 00:53:43.695000,296.0,210.0,293.0,302.0,False,ULTRASOFT,1.0,True,Mercedes,0 days 00:45:17.473000,2018-06-30 13:41:25.722,1,,False,,False,False
0 days 00:54:47.453000,HAM,44,0 days 00:01:03.797000,16.0,4.0,,,0 days 00:00:16.059000,0 days 00:00:28.493000,0 days 00:00:19.245000,0 days 00:53:59.715000,0 days 00:54:28.208000,0 days 00:54:47.453000,320.0,255.0,292.0,321.0,True,ULTRASOFT,2.0,True,Mercedes,0 days 00:53:43.656000,2018-06-30 13:49:51.905,1,,False,,False,True
0 days 00:56:07.607000,HAM,44,0 days 00:01:20.154000,17.0,4.0,,0 days 00:56:04.205000,0 days 00:00:18.194000,0 days 00:00:34.353000,0 days 00:00:27.607000,0 days 00:55:05.647000,0 days 00:55:40,0 days 00:56:07.607000,276.0,198.0,,265.0,False,ULTRASOFT,3.0,True,Mercedes,0 days 00:54:47.453000,2018-06-30 13:50:55.702,1,,False,,False,False
0 days 01:03:01.134000,HAM,44,,18.0,5.0,0 days 01:01:35.968000,,,0 days 00:00:32.335000,0 days 00:00:30.072000,,0 days 01:02:31.079000,0 days 01:03:01.175000,295.0,218.0,295.0,296.0,False,ULTRASOFT,1.0,True,Mercedes,0 days 00:56:07.607000,2018-06-30 13:52:15.856,1,,False,,False,False
0 days 01:04:04.283000,HAM,44,0 days 00:01:03.149000,19.0,5.0,,,0 days 00:00:16.025000,0 days 00:00:28.011000,0 days 00:00:19.113000,0 days 01:03:17.159000,0 days 01:03:45.170000,0 days 01:04:04.283000,322.0,253.0,293.0,322.0,True,ULTRASOFT,2.0,True,Mercedes,0 days 01:03:01.134000,2018-06-30 13:59:09.383,1,,False,,False,True
0 days 01:05:36.826000,HAM,44,0 days 00:01:32.543000,20.0,5.0,,,0 days 00:00:21.618000,0 days 00:00:39.089000,0 days 00:00:31.836000,0 days 01:04:25.901000,0 days 01:05:04.990000,0 days 01:05:36.826000,202.0,199.0,78.0,196.0,False,ULTRASOFT,3.0,True,Mercedes,0 days 01:04:04.283000,2018-06-30 14:00:12.532,1,,False,,False,True
0 days 00:07:52.322000,VET,5,,1.0,1.0,0 days 00:06:33.353000,,,0 days 00:00:33.104000,0 days 00:00:28.063000,,0 days 00:07:24.260000,0 days 00:07:52.448000,279.0,197.0,286.0,289.0,False,SUPERSOFT,1.0,True,Ferrari,0 days 00:06:33.353000,2018-06-30 13:02:41.602,,,False,,False,False
0 days 00:08:56.669000,VET,5,0 days 00:01:04.347000,2.0,1.0,,,0 days 00:00:16.391000,0 days 00:00:28.460000,0 days 00:00:19.496000,0 days 00:08:08.713000,0 days 00:08:37.173000,0 days 00:08:56.669000,321.0,251.0,291.0,320.0,True,SUPERSOFT,2.0,True,Ferrari,0 days 00:07:52.322000,2018-06-30 13:04:00.571,,,False,,False,False
0 days 00:10:24.624000,VET,5,0 days 00:01:27.955000,3.0,1.0,,,0 days 00:00:20.069000,0 days 00:00:38.123000,0 days 00:00:29.763000,0 days 00:09:16.738000,0 days 00:09:54.861000,0 days 00:10:24.624000,219.0,130.0,287.0,219.0,False,SUPERSOFT,3.0,True,Ferrari,0 days 00:08:56.669000,2018-06-30 13:05:04.918,21,,False,,False,True
0 days 00:11:29.055000,VET,5,0 days 00:01:04.431000,4.0,1.0,,,0 days 00:00:16.293000,0 days 00:00:28.430000,0 days 00:00:19.708000,0 days 00:10:40.917000,0 days 00:11:09.347000,0 days 00:11:29.055000,319.0,250.0,288.0,317.0,False,SUPERSOFT,4.0,True,Ferrari,0 days 00:10:24.624000,2018-06-30 13:06:32.873,1,,False,,False,True
0 days 00:12:54.377000,VET,5,0 days 00:01:25.322000,5.0,1.0,,0 days 00:12:50.674000,0 days 00:00:19.654000,0 days 00:00:36.592000,0 days 00:00:29.076000,0 days 00:11:48.709000,0 days 00:12:25.301000,0 days 00:12:54.377000,218.0,204.0,,180.0,False,SUPERSOFT,5.0,True,Ferrari,0 days 00:11:29.055000,2018-06-30 13:07:37.304,1,,False,,False,False
0 days 00:32:05.205000,VET,5,,6.0,2.0,0 days 00:30:44.492000,,,0 days 00:00:37.272000,0 days 00:00:24.960000,,0 days 00:31:40.245000,0 days 00:32:05.249000,245.0,184.0,290.0,227.0,False,ULTRASOFT,1.0,True,Ferrari,0 days 00:12:54.377000,2018-06-30 13:09:02.626,12,,False,,False,False
0 days 00:33:08.972000,VET,5,0 days 00:01:03.767000,7.0,2.0,,,0 days 00:00:16.181000,0 days 00:00:28,0 days 00:00:19.586000,0 days 00:32:21.386000,0 days 00:32:49.386000,0 days 00:33:08.972000,316.0,253.0,290.0,319.0,True,ULTRASOFT,2.0,True,Ferrari,0 days 00:32:05.205000,2018-06-30 13:28:13.454,1,,False,,False,True
0 days 00:35:05.665000,VET,5,0 days 00:01:56.693000,8.0,2.0,,0 days 00:34:32.587000,0 days 00:00:21.066000,0 days 00:00:36.574000,0 days 00:00:59.053000,0 days 00:33:30.038000,0 days 00:34:06.612000,0 days 00:35:05.665000,219.0,191.0,,234.0,False,ULTRASOFT,3.0,True,Ferrari,0 days 00:33:08.972000,2018-06-30 13:29:17.221,1,,False,,False,False
0 days 00:42:23.726000,VET,5,,9.0,3.0,0 days 00:41:06.640000,,,0 days 00:00:34.817000,0 days 00:00:23.841000,,0 days 00:41:59.920000,0 days 00:42:23.812000,261.0,194.0,292.0,266.0,False,ULTRASOFT,1.0,True,Ferrari,0 days 00:35:05.665000,2018-06-30 13:31:13.914,1,,False,,False,False
0 days 00:43:27.270000,VET,5,0 days 00:01:03.544000,10.0,3.0,,,0 days 00:00:16.180000,0 days 00:00:28.028000,0 days 00:00:19.336000,0 days 00:42:39.906000,0 days 00:43:07.934000,0 days 00:43:27.270000,316.0,252.0,292.0,318.0,True,ULTRASOFT,2.0,True,Ferrari,0 days 00:42:23.726000,2018-06-30 13:38:31.975,12,,False,,False,True
0 days 00:45:05.137000,VET,5,0 days 00:01:37.867000,11.0,3.0,,0 days 00:45:01.857000,0 days 00:00:26.715000,0 days 00:00:39.616000,0 days 00:00:31.536000,0 days 00:43:53.985000,0 days 00:44:33.601000,0 days 00:45:05.137000,176.0,189.0,,193.0,False,ULTRASOFT,3.0,True,Ferrari,0 days 00:43:27.270000,2018-06-30 13:39:35.519,1,,False,,False,False
0 days 00:53:47.539000,VET,5,,12.0,4.0,0 days 00:52:21.281000,,,0 days 00:00:35.988000,0 days 00:00:30.069000,,0 days 00:53:17.551000,0 days 00:53:47.602000,252.0,183.0,293.0,278.0,False,ULTRASOFT,1.0,True,Ferrari,0 days 00:45:05.137000,2018-06-30 13:41:13.386,1,,False,,False,False
0 days 00:54:51.799000,VET,5,0 days 00:01:04.260000,13.0,4.0,,,0 days 00:00:16.237000,0 days 00:00:28.434000,0 days 00:00:19.589000,0 days 00:54:03.776000,0 days 00:54:32.210000,0 days 00:54:51.799000,320.0,256.0,290.0,323.0,True,ULTRASOFT,2.0,True,Ferrari,0 days 00:53:47.539000,2018-06-30 13:49:55.788,1,,False,,False,True
0 days 00:56:12.845000,VET,5,0 days 00:01:21.046000,14.0,4.0,,0 days 00:56:09.580000,0 days 00:00:19.343000,0 days 00:00:33.928000,0 days 00:00:27.775000,0 days 00:55:11.142000,0 days 00:55:45.070000,0 days 00:56:12.845000,259.0,210.0,,245.0,False,ULTRASOFT,3.0,True,Ferrari,0 days 00:54:51.799000,2018-06-30 13:51:00.048,1,,False,,False,False
0 days 01:02:49.491000,VET,5,,15.0,5.0,0 days 01:01:28.058000,,,0 days 00:00:36.094000,0 days 00:00:26.490000,,0 days 01:02:23.001000,0 days 01:02:49.550000,257.0,184.0,294.0,264.0,False,ULTRASOFT,1.0,True,Ferrari,0 days 00:56:12.845000,2018-06-30 13:52:21.094,1,,False,,False,False
0 days 01:03:52.955000,VET,5,0 days 00:01:03.464000,16.0,5.0,,,0 days 00:00:16.163000,0 days 00:00:27.913000,0 days 00:00:19.388000,0 days 01:03:05.654000,0 days 01:03:33.567000,0 days 01:03:52.955000,320.0,252.0,290.0,322.0,True,ULTRASOFT,2.0,True,Ferrari,0 days 01:02:49.491000,2018-06-30 13:58:57.740,1,,False,,False,True
0 days 01:05:29.493000,VET,5,0 days 00:01:36.538000,17.0,5.0,,,0 days 00:00:25.424000,0 days 00:00:37.090000,0 days 00:00:34.024000,0 days 01:04:18.379000,0 days 01:04:55.469000,0 days 01:05:29.493000,181.0,207.0,45.0,203.0,False,ULTRASOFT,3.0,True,Ferrari,0 days 01:03:52.955000,2018-06-30 14:00:01.204,1,,False,,False,True
0 days 00:07:46.114000,RAI,7,,1.0,1.0,0 days 00:06:24.544000,,,0 days 00:00:33.374000,0 days 00:00:29.542000,,0 days 00:07:16.572000,0 days 00:07:46.245000,291.0,215.0,288.0,293.0,False,SUPERSOFT,1.0,True,Ferrari,0 days 00:06:24.544000,2018-06-30 13:02:32.793,,,False,,False,False
0 days 00:08:50.812000,RAI,7,0 days 00:01:04.698000,2.0,1.0,,,0 days 00:00:16.287000,0 days 00:00:28.584000,0 days 00:00:19.827000,0 days 00:08:02.401000,0 days 00:08:30.985000,0 days 00:08:50.812000,323.0,245.0,289.0,319.0,True,SUPERSOFT,2.0,True,Ferrari,0 days 00:07:46.114000,2018-06-30 13:03:54.363,,,False,,False,False
0 days 00:10:20.197000,RAI,7,0 days 00:01:29.385000,3.0,1.0,,,0 days 00:00:21.078000,0 days 00:00:39.902000,0 days 00:00:28.405000,0 days 00:09:11.890000,0 days 00:09:51.792000,0 days 00:10:20.197000,233.0,160.0,290.0,228.0,False,SUPERSOFT,3.0,True,Ferrari,0 days 00:08:50.812000,2018-06-30 13:04:59.061,21,,False,,False,True
0 days 00:11:24.875000,RAI,7,0 days 00:01:04.678000,4.0,1.0,,,0 days 00:00:16.263000,0 days 00:00:28.698000,0 days 00:00:19.717000,0 days 00:10:36.460000,0 days 00:11:05.158000,0 days 00:11:24.875000,323.0,247.0,290.0,321.0,True,SUPERSOFT,4.0,True,Ferrari,0 days 00:10:20.197000,2018-06-30 13:06:28.446,1,,False,,False,True
0 days 00:12:47.251000,RAI,7,0 days 00:01:22.376000,5.0,1.0,,,0 days 00:00:18.680000,0 days 00:00:38.213000,0 days 00:00:25.483000,0 days 00:11:43.555000,0 days 00:12:21.768000,0 days 00:12:47.251000,263.0,99.0,288.0,259.0,False,SUPERSOFT,5.0,True,Ferrari,0 days 00:11:24.875000,2018-06-30 13:07:33.124,1,,False,,False,True
0 days 00:13:51.485000,RAI,7,0 days 00:01:04.234000,6.0,1.0,,,0 days 00:00:16.296000,0 days 00:00:28.380000,0 days 00:00:19.558000,0 days 00:13:03.547000,0 days 00:13:31.927000,0 days 00:13:51.485000,317.0,249.0,288.0,318.0,True,SUPERSOFT,6.0,True,Ferrari,0 days 00:12:47.251000,2018-06-30 13:08:55.500,1,,False,,False,True
0 days 00:15:48.537000,RAI,7,0 days 00:01:57.052000,7.0,1.0,,0 days 00:15:16.245000,0 days 00:00:20.172000,0 days 00:00:36.253000,0 days 00:01:00.627000,0 days 00:14:11.657000,0 days 00:14:47.910000,0 days 00:15:48.537000,239.0,181.0,,234.0,False,SUPERSOFT,7.0,True,Ferrari,0 days 00:13:51.485000,2018-06-30 13:09:59.734,1,,False,,False,False
0 days 00:31:48.596000,RAI,7,,8.0,2.0,0 days 00:30:32.335000,,,0 days 00:00:35.147000,0 days 00:00:23.342000,,0 days 00:31:25.273000,0 days 00:31:48.654000,291.0,210.0,289.0,280.0,False,ULTRASOFT,1.0,True,Ferrari,0 days 00:15:48.537000,2018-06-30 13:11:56.786,12,,False,,False,False
0 days 00:32:52.581000,RAI,7,0 days 00:01:03.985000,9.0,2.0,,,0 days 00:00:16.236000,0 days 00:00:28.059000,0 days 00:00:19.690000,0 days 00:32:04.832000,0 days 00:32:32.891000,0 days 00:32:52.581000,316.0,249.0,287.0,318.0,True,ULTRASOFT,2.0,True,Ferrari,0 days 00:31:48.596000,2018-06-30 13:27:56.845,1,,False,,False,True
0 days 00:34:20.480000,RAI,7,0 days 00:01:27.899000,10.0,2.0,,0 days 00:34:17.150000,0 days 00:00:19.910000,0 days 00:00:36.851000,0 days 00:00:31.138000,0 days 00:33:12.491000,0 days 00:33:49.342000,0 days 00:34:20.480000,242.0,191.0,,221.0,False,ULTRASOFT,3.0,True,Ferrari,0 days 00:32:52.581000,2018-06-30 13:29:00.830,1,,False,,False,False
0 days 00:42:15.316000,RAI,7,,11.0,3.0,0 days 00:40:56.695000,,,0 days 00:00:34.989000,0 days 00:00:25.137000,,0 days 00:41:50.263000,0 days 00:42:15.358000,278.0,209.0,290.0,261.0,False,ULTRASOFT,1.0,True,Ferrari,0 days 00:34:20.480000,2018-06-30 13:30:28.729,1,,False,,False,False
0 days 00:43:19.291000,RAI,7,0 days 00:01:03.975000,12.0,3.0,,,0 days 00:00:16.266000,0 days 00:00:28.125000,0 days 00:00:19.584000,0 days 00:42:31.582000,0 days 00:42:59.707000,0 days 00:43:19.291000,316.0,248.0,291.0,318.0,True,ULTRASOFT,2.0,True,Ferrari,0 days 00:42:15.316000,2018-06-30 13:38:23.565,12,,False,,False,True
0 days 00:44:47.321000,RAI,7,0 days 00:01:28.030000,13.0,3.0,,0 days 00:44:44.026000,0 days 00:00:19.582000,0 days 00:00:37.140000,0 days 00:00:31.308000,0 days 00:43:38.873000,0 days 00:44:16.013000,0 days 00:44:47.321000,237.0,182.0,,226.0,False,ULTRASOFT,3.0,True,Ferrari,0 days 00:43:19.291000,2018-06-30 13:39:27.540,1,,False,,False,False
0 days 00:53:29.847000,RAI,7,,14.0,4.0,0 days 00:52:09.780000,,,0 days 00:00:35.947000,0 days 00:00:25.308000,,0 days 00:53:04.539000,0 days 00:53:29.895000,289.0,215.0,290.0,285.0,False,ULTRASOFT,1.0,True,Ferrari,0 days 00:44:47.321000,2018-06-30 13:40:55.570,1,,False,,False,False
0 days 00:54:33.829000,RAI,7,0 days 00:01:03.982000,15.0,4.0,,,0 days 00:00:16.199000,0 days 00:00:28.132000,0 days 00:00:19.651000,0 days 00:53:46.046000,0 days 00:54:14.178000,0 days 00:54:33.829000,317.0,245.0,287.0,320.0,True,ULTRASOFT,2.0,True,Ferrari,0 days 00:53:29.847000,2018-06-30 13:49:38.096,1,,False,,False,True
0 days 00:55:58.015000,RAI,7,0 days 00:01:24.186000,16.0,4.0,,,0 days 00:00:20.086000,0 days 00:00:39.615000,0 days 00:00:24.485000,0 days 00:54:53.915000,0 days 00:55:33.530000,0 days 00:55:58.015000,248.0,206.0,290.0,210.0,False,ULTRASOFT,3.0,True,Ferrari,0 days 00:54:33.829000,2018-06-30 13:50:42.078,1,,False,,False,True
0 days 00:57:01.744000,RAI,7,0 days 00:01:03.729000,17.0,4.0,,,0 days 00:00:16.066000,0 days 00:00:28.106000,0 days 00:00:19.557000,0 days 00:56:14.081000,0 days 00:56:42.187000,0 days 00:57:01.744000,321.0,249.0,289.0,319.0,True,ULTRASOFT,4.0,True,Ferrari,0 days 00:55:58.015000,2018-06-30 13:52:06.264,1,,False,,False,True
0 days 00:58:24.632000,RAI,7,0 days 00:01:22.888000,18.0,4.0,,0 days 00:58:21.357000,0 days 00:00:19,0 days 00:00:34.424000,0 days 00:00:29.464000,0 days 00:57:20.744000,0 days 00:57:55.168000,0 days 00:58:24.632000,240.0,195.0,,247.0,False,ULTRASOFT,5.0,True,Ferrari,0 days 00:57:01.744000,2018-06-30 13:53:09.993,1,,False,,False,False
0 days 01:02:41.325000,RAI,7,,19.0,5.0,0 days 01:01:21.730000,,,0 days 00:00:35.854000,0 days 00:00:25.946000,,0 days 01:02:15.405000,0 days 01:02:41.361000,293.0,122.0,293.0,294.0,False,ULTRASOFT,1.0,True,Ferrari,0 days 00:58:24.632000,2018-06-30 13:54:32.881,1,,False,,False,False
0 days 01:03:44.985000,RAI,7,0 days 00:01:03.660000,20.0,5.0,,,0 days 00:00:16.084000,0 days 00:00:28.022000,0 days 00:00:19.554000,0 days 01:02:57.409000,0 days 01:03:25.431000,0 days 01:03:44.985000,319.0,249.0,291.0,319.0,True,ULTRASOFT,2.0,True,Ferrari,0 days 01:02:41.325000,2018-06-30 13:58:49.574,1,,False,,False,True
0 days 01:05:22.152000,RAI,7,0 days 00:01:37.167000,21.0,5.0,,0 days 01:05:16.528000,0 days 00:00:21.399000,0 days 00:00:39.072000,0 days 00:00:36.696000,0 days 01:04:06.384000,0 days 01:04:45.456000,0 days 01:05:22.152000,196.0,179.0,,203.0,False,ULTRASOFT,3.0,True,Ferrari,0 days 01:03:44.985000,2018-06-30 13:59:53.234,1,,False,,False,False
0 days 00:11:04.409000,VER,33,,1.0,1.0,0 days 00:09:43.585000,,,0 days 00:00:36.153000,0 days 00:00:27.095000,,0 days 00:10:37.367000,0 days 00:11:04.565000,267.0,189.0,283.0,281.0,False,ULTRASOFT,1.0,True,Red Bull Racing,0 days 00:09:43.585000,2018-06-30 13:05:51.834,1,,False,,False,False
0 days 00:12:09.049000,VER,33,0 days 00:01:04.640000,2.0,1.0,,,0 days 00:00:16.359000,0 days 00:00:28.717000,0 days 00:00:19.564000,0 days 00:11:20.768000,0 days 00:11:49.485000,0 days 00:12:09.049000,317.0,247.0,283.0,311.0,True,ULTRASOFT,2.0,True,Red Bull Racing,0 days 00:11:04.409000,2018-06-30 13:07:12.658,1,,False,,False,True
0 days 00:13:32.428000,VER,33,0 days 00:01:23.379000,3.0,1.0,,,0 days 00:00:19.945000,0 days 00:00:39.993000,0 days 00:00:23.441000,0 days 00:12:28.994000,0 days 00:13:08.987000,0 days 00:13:32.428000,234.0,203.0,285.0,250.0,False,ULTRASOFT,3.0,True,Red Bull Racing,0 days 00:12:09.049000,2018-06-30 13:08:17.298,1,,False,,False,True
0 days 00:14:36.701000,VER,33,0 days 00:01:04.273000,4.0,1.0,,,0 days 00:00:16.279000,0 days 00:00:28.493000,0 days 00:00:19.501000,0 days 00:13:48.707000,0 days 00:14:17.200000,0 days 00:14:36.701000,314.0,249.0,284.0,313.0,True,ULTRASOFT,4.0,True,Red Bull Racing,0 days 00:13:32.428000,2018-06-30 13:09:40.677,1,,False,,False,True
0 days 00:15:54.877000,VER,33,0 days 00:01:18.176000,5.0,1.0,,0 days 00:15:51.577000,0 days 00:00:19.139000,0 days 00:00:33.013000,0 days 00:00:26.024000,0 days 00:14:55.840000,0 days 00:15:28.853000,0 days 00:15:54.877000,257.0,221.0,,261.0,False,ULTRASOFT,5.0,True,Red Bull Racing,0 days 00:14:36.701000,2018-06-30 13:10:44.950,1,,False,,False,False
0 days 00:17:49.763000,VER,33,0 days 00:01:54.886000,6.0,2.0,0 days 00:16:31.692000,0 days 00:17:46.391000,0 days 00:00:54.848000,0 days 00:00:33.111000,0 days 00:00:26.927000,0 days 00:16:49.725000,0 days 00:17:22.836000,0 days 00:17:49.763000,245.0,208.0,,250.0,False,ULTRASOFT,6.0,False,Red Bull Racing,0 days 00:15:54.877000,2018-06-30 13:12:03.126,1,,False,,False,False
0 days 00:33:54.032000,VER,33,,7.0,3.0,0 days 00:32:41.095000,,,0 days 00:00:32.644000,0 days 00:00:22.915000,,0 days 00:33:31.117000,0 days 00:33:54.099000,282.0,228.0,287.0,278.0,False,SUPERSOFT,1.0,True,Red Bull Racing,0 days 00:17:49.763000,2018-06-30 13:13:58.012,12,,False,,False,False
0 days 00:34:58.033000,VER,33,0 days 00:01:04.001000,8.0,3.0,,,0 days 00:00:16.236000,0 days 00:00:28.359000,0 days 00:00:19.406000,0 days 00:34:10.268000,0 days 00:34:38.627000,0 days 00:34:58.033000,316.0,249.0,290.0,316.0,True,SUPERSOFT,2.0,True,Red Bull Racing,0 days 00:33:54.032000,2018-06-30 13:30:02.281,1,,False,,False,True
0 days 00:36:47.757000,VER,33,0 days 00:01:49.724000,9.0,3.0,,0 days 00:36:20.050000,0 days 00:00:20.159000,0 days 00:00:36.575000,0 days 00:00:52.990000,0 days 00:35:18.192000,0 days 00:35:54.767000,0 days 00:36:47.757000,239.0,206.0,,249.0,False,SUPERSOFT,3.0,True,Red Bull Racing,0 days 00:34:58.033000,2018-06-30 13:31:06.282,1,,False,,False,False
0 days 00:53:19.146000,VER,33,,10.0,4.0,0 days 00:51:57.016000,,,0 days 00:00:39.438000,0 days 00:00:22.961000,,0 days 00:52:56.194000,0 days 00:53:19.210000,130.0,194.0,287.0,294.0,False,ULTRASOFT,1.0,True,Red Bull Racing,0 days 00:36:47.757000,2018-06-30 13:32:56.006,12,,False,,False,False
0 days 00:54:23.207000,VER,33,0 days 00:01:04.061000,11.0,4.0,,,0 days 00:00:16.311000,0 days 00:00:28.296000,0 days 00:00:19.454000,0 days 00:53:35.457000,0 days 00:54:03.753000,0 days 00:54:23.207000,312.0,242.0,287.0,314.0,True,ULTRASOFT,2.0,True,Red Bull Racing,0 days 00:53:19.146000,2018-06-30 13:49:27.395,1,,False,,False,True
0 days 00:55:36.984000,VER,33,0 days 00:01:13.777000,12.0,4.0,,0 days 00:55:33.703000,0 days 00:00:18.524000,0 days 00:00:30.721000,0 days 00:00:24.532000,0 days 00:54:41.731000,0 days 00:55:12.452000,0 days 00:55:36.984000,290.0,235.0,,290.0,False,ULTRASOFT,3.0,True,Red Bull Racing,0 days 00:54:23.207000,2018-06-30 13:50:31.456,1,,False,,False,False
0 days 00:58:40.995000,VER,33,,13.0,5.0,0 days 00:57:00.403000,,,0 days 00:01:00.356000,0 days 00:00:22.736000,,0 days 00:58:18.277000,0 days 00:58:41.030000,272.0,190.0,285.0,90.0,False,ULTRASOFT,1.0,True,Red Bull Racing,0 days 00:55:36.984000,2018-06-30 13:51:45.233,1,,False,,False,False
0 days 00:59:44.920000,VER,33,0 days 00:01:03.925000,14.0,5.0,,,0 days 00:00:16.200000,0 days 00:00:28.259000,0 days 00:00:19.466000,0 days 00:58:57.195000,0 days 00:59:25.454000,0 days 00:59:44.920000,315.0,248.0,288.0,312.0,True,ULTRASOFT,2.0,True,Red Bull Racing,0 days 00:58:40.995000,2018-06-30 13:54:49.244,1,,False,,False,True
0 days 01:00:57.245000,VER,33,0 days 00:01:12.325000,15.0,5.0,,0 days 01:00:53.864000,0 days 00:00:17.959000,0 days 00:00:30.205000,0 days 00:00:24.161000,0 days 01:00:02.879000,0 days 01:00:33.084000,0 days 01:00:57.245000,292.0,235.0,,288.0,False,ULTRASOFT,3.0,True,Red Bull Racing,0 days 00:59:44.920000,2018-06-30 13:55:53.169,1,,False,,False,False
0 days 01:03:39.041000,VER,33,,16.0,6.0,0 days 01:02:08.279000,,0 days 00:01:28.613000,0 days 00:00:44.593000,0 days 00:00:28.601000,0 days 01:02:25.891000,0 days 01:03:10.545000,0 days 01:03:39.100000,279.0,204.0,287.0,144.0,False,ULTRASOFT,1.0,True,Red Bull Racing,0 days 01:00:57.245000,2018-06-30 13:57:05.494,1,,False,,False,False
0 days 01:04:42.881000,VER,33,0 days 00:01:03.840000,17.0,6.0,,,0 days 00:00:16.222000,0 days 00:00:28.182000,0 days 00:00:19.436000,0 days 01:03:55.263000,0 days 01:04:23.445000,0 days 01:04:42.881000,312.0,247.0,288.0,314.0,True,ULTRASOFT,2.0,True,Red Bull Racing,0 days 01:03:39.041000,2018-06-30 13:59:47.290,1,,False,,False,True
0 days 01:06:12.456000,VER,33,0 days 00:01:29.575000,18.0,6.0,,0 days 01:06:06.753000,0 days 00:00:23.365000,0 days 00:00:36.607000,0 days 00:00:29.603000,0 days 01:05:06.246000,0 days 01:05:42.853000,0 days 01:06:12.456000,201.0,224.0,,209.0,False,ULTRASOFT,3.0,True,Red Bull Racing,0 days 01:04:42.881000,2018-06-30 14:00:51.130,1,,False,,False,False
0 days 00:09:37.441000,GRO,8,,1.0,1.0,0 days 00:08:13.156000,,,0 days 00:00:40.430000,0 days 00:00:26.011000,,0 days 00:09:11.441000,0 days 00:09:37.551000,278.0,119.0,288.0,275.0,False,ULTRASOFT,1.0,True,Haas F1 Team,0 days 00:08:13.156000,2018-06-30 13:04:21.405,21,,False,,False,False
0 days 00:10:42.148000,GRO,8,0 days 00:01:04.707000,2.0,1.0,,,0 days 00:00:16.404000,0 days 00:00:28.661000,0 days 00:00:19.642000,0 days 00:09:53.845000,0 days 00:10:22.506000,0 days 00:10:42.148000,318.0,250.0,288.0,314.0,True,ULTRASOFT,2.0,True,Haas F1 Team,0 days 00:09:37.441000,2018-06-30 13:05:45.690,1,,False,,False,True
0 days 00:12:17.606000,GRO,8,0 days 00:01:35.458000,3.0,1.0,,,0 days 00:00:21.048000,0 days 00:00:46.377000,0 days 00:00:28.033000,0 days 00:11:03.196000,0 days 00:11:49.573000,0 days 00:12:17.606000,258.0,86.0,286.0,191.0,False,ULTRASOFT,3.0,True,Haas F1 Team,0 days 00:10:42.148000,2018-06-30 13:06:50.397,1,,False,,False,True
0 days 00:13:22.604000,GRO,8,0 days 00:01:04.998000,4.0,1.0,,,0 days 00:00:16.447000,0 days 00:00:28.695000,0 days 00:00:19.856000,0 days 00:12:34.053000,0 days 00:13:02.748000,0 days 00:13:22.604000,317.0,248.0,284.0,315.0,False,ULTRASOFT,4.0,True,Haas F1 Team,0 days 00:12:17.606000,2018-06-30 13:08:25.855,1,,False,,False,True
0 days 00:14:51.975000,GRO,8,0 days 00:01:29.371000,5.0,1.0,,0 days 00:14:48.564000,0 days 00:00:21.773000,0 days 00:00:38.421000,0 days 00:00:29.177000,0 days 00:13:44.377000,0 days 00:14:22.798000,0 days 00:14:51.975000,258.0,206.0,,262.0,False,ULTRASOFT,5.0,True,Haas F1 Team,0 days 00:13:22.604000,2018-06-30 13:09:30.853,1,,False,,False,False
0 days 00:18:37.199000,GRO,8,,6.0,2.0,0 days 00:17:17.634000,,,0 days 00:00:36.288000,0 days 00:00:24.406000,,0 days 00:18:12.793000,0 days 00:18:37.309000,245.0,178.0,289.0,282.0,False,ULTRASOFT,1.0,True,Haas F1 Team,0 days 00:14:51.975000,2018-06-30 13:11:00.224,1,,False,,False,False
0 days 00:19:41.441000,GRO,8,0 days 00:01:04.242000,7.0,2.0,,,0 days 00:00:16.299000,0 days 00:00:28.419000,0 days 00:00:19.524000,0 days 00:18:53.498000,0 days 00:19:21.917000,0 days 00:19:41.441000,318.0,250.0,289.0,320.0,True,ULTRASOFT,2.0,True,Haas F1 Team,0 days 00:18:37.199000,2018-06-30 13:14:45.448,1,,False,,False,True
0 days 00:21:50.574000,GRO,8,0 days 00:02:09.133000,8.0,2.0,,0 days 00:21:13.524000,0 days 00:00:21.640000,0 days 00:00:41.273000,0 days 00:01:06.220000,0 days 00:20:03.081000,0 days 00:20:44.354000,0 days 00:21:50.574000,213.0,173.0,,228.0,False,ULTRASOFT,3.0,True,Haas F1 Team,0 days 00:19:41.441000,2018-06-30 13:15:49.690,1,,False,,False,False
0 days 00:32:17.062000,GRO,8,,9.0,3.0,0 days 00:30:54.507000,,,0 days 00:00:35.596000,0 days 00:00:28.847000,,0 days 00:31:48.265000,0 days 00:32:17.141000,269.0,181.0,290.0,267.0,False,ULTRASOFT,1.0,True,Haas F1 Team,0 days 00:21:50.574000,2018-06-30 13:17:58.823,12,,False,,False,False
0 days 00:33:21.121000,GRO,8,0 days 00:01:04.059000,10.0,3.0,,,0 days 00:00:16.280000,0 days 00:00:28.319000,0 days 00:00:19.460000,0 days 00:32:33.342000,0 days 00:33:01.661000,0 days 00:33:21.121000,315.0,250.0,287.0,316.0,True,ULTRASOFT,2.0,True,Haas F1 Team,0 days 00:32:17.062000,2018-06-30 13:28:25.311,1,,False,,False,True
0 days 00:34:49.620000,GRO,8,0 days 00:01:28.499000,11.0,3.0,,0 days 00:34:46.270000,0 days 00:00:20.191000,0 days 00:00:38.224000,0 days 00:00:30.084000,0 days 00:33:41.312000,0 days 00:34:19.536000,0 days 00:34:49.620000,233.0,180.0,,220.0,False,ULTRASOFT,3.0,True,Haas F1 Team,0 days 00:33:21.121000,2018-06-30 13:29:29.370,1,,False,,False,False
0 days 00:55:51.990000,GRO,8,,12.0,4.0,0 days 00:54:34.979000,,,0 days 00:00:35.350000,0 days 00:00:23.682000,,0 days 00:55:28.364000,0 days 00:55:52.051000,278.0,184.0,287.0,278.0,False,ULTRASOFT,1.0,True,Haas F1 Team,0 days 00:34:49.620000,2018-06-30 13:30:57.869,12,,False,,False,False
0 days 00:56:55.882000,GRO,8,0 days 00:01:03.892000,13.0,4.0,,,0 days 00:00:16.277000,0 days 00:00:28.230000,0 days 00:00:19.385000,0 days 00:56:08.267000,0 days 00:56:36.497000,0 days 00:56:55.882000,315.0,251.0,286.0,314.0,True,ULTRASOFT,2.0,True,Haas F1 Team,0 days 00:55:51.990000,2018-06-30 13:52:00.239,1,,False,,False,True
0 days 00:58:17.777000,GRO,8,0 days 00:01:21.895000,14.0,4.0,,0 days 00:58:14.404000,0 days 00:00:18.761000,0 days 00:00:34.165000,0 days 00:00:28.969000,0 days 00:57:14.643000,0 days 00:57:48.808000,0 days 00:58:17.777000,278.0,205.0,,278.0,False,ULTRASOFT,3.0,True,Haas F1 Team,0 days 00:56:55.882000,2018-06-30 13:53:04.131,1,,False,,False,False
0 days 01:03:05.286000,GRO,8,,15.0,5.0,0 days 01:01:42.293000,,,0 days 00:00:36.293000,0 days 00:00:28.532000,,0 days 01:02:36.783000,0 days 01:03:05.315000,268.0,185.0,289.0,283.0,False,ULTRASOFT,1.0,True,Haas F1 Team,0 days 00:58:17.777000,2018-06-30 13:54:26.026,1,,False,,False,False
0 days 01:04:09.365000,GRO,8,0 days 00:01:04.079000,16.0,5.0,,,0 days 00:00:16.239000,0 days 00:00:28.289000,0 days 00:00:19.551000,0 days 01:03:21.525000,0 days 01:03:49.814000,0 days 01:04:09.365000,318.0,250.0,286.0,317.0,False,ULTRASOFT,2.0,True,Haas F1 Team,0 days 01:03:05.286000,2018-06-30 13:59:13.535,1,,False,,False,True
0 days 01:05:57.191000,GRO,8,0 days 00:01:47.826000,17.0,5.0,,0 days 01:05:50.526000,0 days 00:00:25.592000,0 days 00:00:42.197000,0 days 00:00:40.037000,0 days 01:04:34.957000,0 days 01:05:17.154000,0 days 01:05:57.191000,180.0,171.0,,194.0,False,ULTRASOFT,3.0,True,Haas F1 Team,0 days 01:04:09.365000,2018-06-30 14:00:17.614,1,,False,,False,False
0 days 00:10:50.911000,RIC,3,,1.0,1.0,0 days 00:09:30.182000,,,0 days 00:00:38.027000,0 days 00:00:23.722000,,0 days 00:10:27.210000,0 days 00:10:51.066000,270.0,204.0,284.0,197.0,False,ULTRASOFT,1.0,True,Red Bull Racing,0 days 00:09:30.182000,2018-06-30 13:05:38.431,1,,False,,False,False
0 days 00:11:55.773000,RIC,3,0 days 00:01:04.862000,2.0,1.0,,,0 days 00:00:16.435000,0 days 00:00:28.667000,0 days 00:00:19.760000,0 days 00:11:07.346000,0 days 00:11:36.013000,0 days 00:11:55.773000,312.0,247.0,284.0,309.0,True,ULTRASOFT,2.0,True,Red Bull Racing,0 days 00:10:50.911000,2018-06-30 13:06:59.160,1,,False,,False,True
0 days 00:13:26.010000,RIC,3,0 days 00:01:30.237000,3.0,1.0,,,0 days 00:00:22.062000,0 days 00:00:40.803000,0 days 00:00:27.372000,0 days 00:12:17.835000,0 days 00:12:58.638000,0 days 00:13:26.010000,179.0,189.0,285.0,161.0,False,ULTRASOFT,3.0,True,Red Bull Racing,0 days 00:11:55.773000,2018-06-30 13:08:04.022,1,,False,,False,True
0 days 00:14:30.733000,RIC,3,0 days 00:01:04.723000,4.0,1.0,,,0 days 00:00:16.531000,0 days 00:00:28.547000,0 days 00:00:19.645000,0 days 00:13:42.541000,0 days 00:14:11.088000,0 days 00:14:30.733000,310.0,249.0,282.0,311.0,True,ULTRASOFT,4.0,True,Red Bull Racing,0 days 00:13:26.010000,2018-06-30 13:09:34.259,1,,False,,False,True
0 days 00:15:52.341000,RIC,3,0 days 00:01:21.608000,5.0,1.0,,0 days 00:15:49.061000,0 days 00:00:19.715000,0 days 00:00:35.026000,0 days 00:00:26.867000,0 days 00:14:50.448000,0 days 00:15:25.474000,0 days 00:15:52.341000,272.0,211.0,,276.0,False,ULTRASOFT,5.0,True,Red Bull Racing,0 days 00:14:30.733000,2018-06-30 13:10:38.982,1,,False,,False,False
0 days 00:33:49.606000,RIC,3,,6.0,2.0,0 days 00:32:28.452000,,,0 days 00:00:35.342000,0 days 00:00:27.053000,,0 days 00:33:22.569000,0 days 00:33:49.682000,283.0,223.0,284.0,288.0,False,SUPERSOFT,1.0,True,Red Bull Racing,0 days 00:15:52.341000,2018-06-30 13:12:00.590,12,,False,,False,False
0 days 00:34:54.720000,RIC,3,0 days 00:01:05.114000,7.0,2.0,,,0 days 00:00:16.433000,0 days 00:00:28.741000,0 days 00:00:19.940000,0 days 00:34:06.039000,0 days 00:34:34.780000,0 days 00:34:54.720000,313.0,249.0,289.0,315.0,True,SUPERSOFT,2.0,True,Red Bull Racing,0 days 00:33:49.606000,2018-06-30 13:29:57.855,1,,False,,False,True
0 days 00:36:25.804000,RIC,3,0 days 00:01:31.084000,8.0,2.0,,,0 days 00:00:21.797000,0 days 00:00:40.316000,0 days 00:00:28.971000,0 days 00:35:16.517000,0 days 00:35:56.833000,0 days 00:36:25.804000,170.0,196.0,286.0,144.0,False,SUPERSOFT,3.0,True,Red Bull Racing,0 days 00:34:54.720000,2018-06-30 13:31:02.969,1,,False,,False,True
0 days 00:37:30.371000,RIC,3,0 days 00:01:04.567000,9.0,2.0,,,0 days 00:00:16.403000,0 days 00:00:28.451000,0 days 00:00:19.713000,0 days 00:36:42.207000,0 days 00:37:10.658000,0 days 00:37:30.371000,310.0,247.0,286.0,309.0,True,SUPERSOFT,4.0,True,Red Bull Racing,0 days 00:36:25.804000,2018-06-30 13:32:34.053,1,,False,,False,True
0 days 00:38:56.327000,RIC,3,0 days 00:01:25.956000,10.0,2.0,,0 days 00:38:53.039000,0 days 00:00:20.142000,0 days 00:00:36.852000,0 days 00:00:28.962000,0 days 00:37:50.513000,0 days 00:38:27.365000,0 days 00:38:56.327000,253.0,207.0,,256.0,False,SUPERSOFT,5.0,True,Red Bull Racing,0 days 00:37:30.371000,2018-06-30 13:33:38.620,1,,False,,False,False
0 days 00:42:55.786000,RIC,3,,11.0,3.0,0 days 00:41:35.966000,,,0 days 00:00:33.342000,0 days 00:00:28.356000,,0 days 00:42:27.513000,0 days 00:42:55.830000,296.0,222.0,285.0,304.0,False,SUPERSOFT,1.0,True,Red Bull Racing,0 days 00:38:56.327000,2018-06-30 13:35:04.576,12,,False,,False,False
0 days 00:44:00.189000,RIC,3,0 days 00:01:04.403000,12.0,3.0,,,0 days 00:00:16.316000,0 days 00:00:28.474000,0 days 00:00:19.613000,0 days 00:43:12.102000,0 days 00:43:40.576000,0 days 00:44:00.189000,315.0,250.0,287.0,316.0,True,SUPERSOFT,2.0,True,Red Bull Racing,0 days 00:42:55.786000,2018-06-30 13:39:04.035,1,,False,,False,True
0 days 00:45:29.341000,RIC,3,0 days 00:01:29.152000,13.0,3.0,,0 days 00:45:26.082000,0 days 00:00:20.805000,0 days 00:00:37.752000,0 days 00:00:30.595000,0 days 00:44:20.994000,0 days 00:44:58.746000,0 days 00:45:29.341000,240.0,187.0,,238.0,False,SUPERSOFT,3.0,True,Red Bull Racing,0 days 00:44:00.189000,2018-06-30 13:40:08.438,1,,False,,False,False
0 days 00:53:14.015000,RIC,3,,14.0,3.0,0 days 00:51:54.340000,,,0 days 00:00:35.227000,0 days 00:00:22.427000,,0 days 00:52:51.628000,0 days 00:53:14.099000,59.0,223.0,286.0,298.0,False,SUPERSOFT,4.0,True,Red Bull Racing,0 days 00:45:29.341000,2018-06-30 13:41:37.590,1,,False,,False,False
0 days 00:54:18.267000,RIC,3,0 days 00:01:04.252000,15.0,4.0,,,0 days 00:00:16.512000,0 days 00:00:28.265000,0 days 00:00:19.475000,0 days 00:53:30.527000,0 days 00:53:58.792000,0 days 00:54:18.267000,307.0,250.0,282.0,309.0,True,ULTRASOFT,1.0,True,Red Bull Racing,0 days 00:53:14.015000,2018-06-30 13:49:22.264,1,,False,,False,True
0 days 00:55:33.438000,RIC,3,0 days 00:01:15.171000,16.0,4.0,,0 days 00:55:30.155000,0 days 00:00:17.783000,0 days 00:00:31.360000,0 days 00:00:26.028000,0 days 00:54:36.050000,0 days 00:55:07.410000,0 days 00:55:33.438000,286.0,227.0,,287.0,False,ULTRASOFT,2.0,True,Red Bull Racing,0 days 00:54:18.267000,2018-06-30 13:50:26.516,1,,False,,False,False
0 days 00:58:35.530000,RIC,3,,17.0,5.0,0 days 00:56:56.083000,,,0 days 00:00:58.572000,0 days 00:00:21.494000,,0 days 00:58:14.074000,0 days 00:58:35.593000,184.0,230.0,284.0,112.0,False,ULTRASOFT,1.0,True,Red Bull Racing,0 days 00:55:33.438000,2018-06-30 13:51:41.687,1,,False,,False,False
0 days 00:59:39.526000,RIC,3,0 days 00:01:03.996000,18.0,5.0,,,0 days 00:00:16.351000,0 days 00:00:28.137000,0 days 00:00:19.508000,0 days 00:58:51.881000,0 days 00:59:20.018000,0 days 00:59:39.526000,310.0,250.0,279.0,307.0,True,ULTRASOFT,2.0,True,Red Bull Racing,0 days 00:58:35.530000,2018-06-30 13:54:43.779,1,,False,,False,True
0 days 01:00:53.165000,RIC,3,0 days 00:01:13.639000,19.0,5.0,,0 days 01:00:49.899000,0 days 00:00:17.486000,0 days 00:00:30.793000,0 days 00:00:25.360000,0 days 00:59:57.012000,0 days 01:00:27.805000,0 days 01:00:53.165000,287.0,232.0,,285.0,False,ULTRASOFT,3.0,True,Red Bull Racing,0 days 00:59:39.526000,2018-06-30 13:55:47.775,1,,False,,False,False
0 days 01:03:35.943000,RIC,3,,20.0,6.0,0 days 01:02:05.343000,,0 days 00:01:29.945000,0 days 00:00:46.162000,0 days 00:00:26.641000,0 days 01:02:23.172000,0 days 01:03:10.271000,0 days 01:03:35.990000,271.0,175.0,285.0,119.0,False,ULTRASOFT,1.0,True,Red Bull Racing,0 days 01:00:53.165000,2018-06-30 13:57:01.414,1,,False,,False,False
0 days 01:04:40.018000,RIC,3,0 days 00:01:04.075000,21.0,6.0,,,0 days 00:00:16.416000,0 days 00:00:28.150000,0 days 00:00:19.509000,0 days 01:03:52.359000,0 days 01:04:20.509000,0 days 01:04:40.018000,307.0,250.0,276.0,309.0,False,ULTRASOFT,2.0,True,Red Bull Racing,0 days 01:03:35.943000,2018-06-30 13:59:44.192,1,,False,,False,True
0 days 01:06:02.120000,RIC,3,0 days 00:01:22.102000,22.0,6.0,,0 days 01:05:56.423000,0 days 00:00:22.020000,0 days 00:00:32.348000,0 days 00:00:27.734000,0 days 01:05:02.038000,0 days 01:05:34.386000,0 days 01:06:02.120000,267.0,229.0,,275.0,False,ULTRASOFT,3.0,True,Red Bull Racing,0 days 01:04:40.018000,2018-06-30 14:00:48.267,1,,False,,False,False
0 days 00:09:50.190000,MAG,20,,1.0,1.0,0 days 00:08:31.069000,,,0 days 00:00:35.687000,0 days 00:00:25.672000,,0 days 00:09:24.519000,0 days 00:09:50.301000,284.0,200.0,287.0,284.0,False,ULTRASOFT,1.0,True,Haas F1 Team,0 days 00:08:31.069000,2018-06-30 13:04:39.318,21,,False,,False,False
0 days 00:10:54.951000,MAG,20,0 days 00:01:04.761000,2.0,1.0,,,0 days 00:00:16.505000,0 days 00:00:28.554000,0 days 00:00:19.702000,0 days 00:10:06.695000,0 days 00:10:35.249000,0 days 00:10:54.951000,318.0,250.0,286.0,318.0,True,ULTRASOFT,2.0,True,Haas F1 Team,0 days 00:09:50.190000,2018-06-30 13:05:58.439,1,,False,,False,True
0 days 00:12:31.149000,MAG,20,0 days 00:01:36.198000,3.0,1.0,,,0 days 00:00:22.905000,0 days 00:00:42.730000,0 days 00:00:30.563000,0 days 00:11:17.856000,0 days 00:12:00.586000,0 days 00:12:31.149000,221.0,110.0,286.0,183.0,False,ULTRASOFT,3.0,True,Haas F1 Team,0 days 00:10:54.951000,2018-06-30 13:07:03.200,1,,False,,False,True
0 days 00:13:36.388000,MAG,20,0 days 00:01:05.239000,4.0,1.0,,,0 days 00:00:16.449000,0 days 00:00:28.735000,0 days 00:00:20.055000,0 days 00:12:47.598000,0 days 00:13:16.333000,0 days 00:13:36.388000,317.0,249.0,284.0,316.0,False,ULTRASOFT,4.0,True,Haas F1 Team,0 days 00:12:31.149000,2018-06-30 13:08:39.398,1,,False,,False,True
0 days 00:15:01.341000,MAG,20,0 days 00:01:24.953000,5.0,1.0,,0 days 00:14:57.920000,0 days 00:00:19.493000,0 days 00:00:35.802000,0 days 00:00:29.658000,0 days 00:13:55.881000,0 days 00:14:31.683000,0 days 00:15:01.341000,276.0,212.0,,273.0,False,ULTRASOFT,5.0,True,Haas F1 Team,0 days 00:13:36.388000,2018-06-30 13:09:44.637,1,,False,,False,False
0 days 00:18:55.865000,MAG,20,,6.0,2.0,0 days 00:17:31.477000,,,0 days 00:00:36.206000,0 days 00:00:29.631000,,0 days 00:18:26.249000,0 days 00:18:55.977000,295.0,199.0,288.0,262.0,False,ULTRASOFT,1.0,True,Haas F1 Team,0 days 00:15:01.341000,2018-06-30 13:11:09.590,1,,False,,False,False
0 days 00:20:00.325000,MAG,20,0 days 00:01:04.460000,7.0,2.0,,,0 days 00:00:16.362000,0 days 00:00:28.466000,0 days 00:00:19.632000,0 days 00:19:12.227000,0 days 00:19:40.693000,0 days 00:20:00.325000,319.0,249.0,285.0,319.0,True,ULTRASOFT,2.0,True,Haas F1 Team,0 days 00:18:55.865000,2018-06-30 13:15:04.114,1,,False,,False,True
0 days 00:21:34.687000,MAG,20,0 days 00:01:34.362000,8.0,2.0,,0 days 00:21:31.261000,0 days 00:00:19.529000,0 days 00:00:41.592000,0 days 00:00:33.241000,0 days 00:20:19.854000,0 days 00:21:01.446000,0 days 00:21:34.687000,211.0,129.0,,273.0,False,ULTRASOFT,3.0,True,Haas F1 Team,0 days 00:20:00.325000,2018-06-30 13:16:08.574,1,,False,,False,False
0 days 00:32:28.084000,MAG,20,,9.0,3.0,0 days 00:31:06.921000,,,0 days 00:00:34.334000,0 days 00:00:28.407000,,0 days 00:31:59.684000,0 days 00:32:28.096000,290.0,212.0,288.0,294.0,False,ULTRASOFT,1.0,True,Haas F1 Team,0 days 00:21:34.687000,2018-06-30 13:17:42.936,12,,False,,False,False
0 days 00:33:32.375000,MAG,20,0 days 00:01:04.291000,10.0,3.0,,,0 days 00:00:16.277000,0 days 00:00:28.396000,0 days 00:00:19.618000,0 days 00:32:44.361000,0 days 00:33:12.757000,0 days 00:33:32.375000,321.0,250.0,286.0,317.0,True,ULTRASOFT,2.0,True,Haas F1 Team,0 days 00:32:28.084000,2018-06-30 13:28:36.333,1,,False,,False,True
0 days 00:35:03.661000,MAG,20,0 days 00:01:31.286000,11.0,3.0,,0 days 00:35:00.246000,0 days 00:00:19.034000,0 days 00:00:36.865000,0 days 00:00:35.387000,0 days 00:33:51.409000,0 days 00:34:28.274000,0 days 00:35:03.661000,266.0,55.0,,269.0,False,ULTRASOFT,3.0,True,Haas F1 Team,0 days 00:33:32.375000,2018-06-30 13:29:40.624,1,,False,,False,False
0 days 00:43:00.786000,MAG,20,,12.0,4.0,0 days 00:41:33.482000,,,0 days 00:00:33.967000,0 days 00:00:34.158000,,0 days 00:42:26.664000,0 days 00:43:00.837000,298.0,206.0,289.0,296.0,False,ULTRASOFT,1.0,True,Haas F1 Team,0 days 00:35:03.661000,2018-06-30 13:31:11.910,12,,False,,False,False
0 days 00:44:05.950000,MAG,20,0 days 00:01:05.164000,13.0,4.0,,,0 days 00:00:16.327000,0 days 00:00:28.276000,0 days 00:00:20.561000,0 days 00:43:17.113000,0 days 00:43:45.389000,0 days 00:44:05.950000,318.0,251.0,266.0,317.0,False,ULTRASOFT,2.0,True,Haas F1 Team,0 days 00:43:00.786000,2018-06-30 13:39:09.035,1,,False,,False,True
0 days 00:45:33.876000,MAG,20,0 days 00:01:27.926000,14.0,4.0,,0 days 00:45:30.451000,0 days 00:00:20.687000,0 days 00:00:35.536000,0 days 00:00:31.703000,0 days 00:44:26.637000,0 days 00:45:02.173000,0 days 00:45:33.876000,263.0,203.0,,241.0,False,ULTRASOFT,3.0,True,Haas F1 Team,0 days 00:44:05.950000,2018-06-30 13:40:14.199,1,,False,,False,False
0 days 00:56:21.875000,MAG,20,,15.0,5.0,0 days 00:55:07.074000,,,0 days 00:00:32.860000,0 days 00:00:23.964000,,0 days 00:55:57.969000,0 days 00:56:21.940000,293.0,221.0,285.0,294.0,False,ULTRASOFT,4.0,False,Haas F1 Team,0 days 00:45:33.876000,2018-06-30 13:41:42.125,1,,False,,False,False
0 days 00:57:26.639000,MAG,20,0 days 00:01:04.764000,16.0,5.0,,,0 days 00:00:16.612000,0 days 00:00:28.524000,0 days 00:00:19.628000,0 days 00:56:38.487000,0 days 00:57:07.011000,0 days 00:57:26.639000,314.0,246.0,285.0,312.0,True,ULTRASOFT,5.0,False,Haas F1 Team,0 days 00:56:21.875000,2018-06-30 13:52:30.124,1,,False,,False,True
0 days 00:58:47.639000,MAG,20,0 days 00:01:21,17.0,5.0,,0 days 00:58:44.280000,0 days 00:00:19.235000,0 days 00:00:33.924000,0 days 00:00:27.841000,0 days 00:57:45.874000,0 days 00:58:19.798000,0 days 00:58:47.639000,269.0,215.0,,272.0,False,ULTRASOFT,6.0,False,Haas F1 Team,0 days 00:57:26.639000,2018-06-30 13:53:34.888,1,,False,,False,False
0 days 01:03:09.758000,MAG,20,,18.0,6.0,0 days 01:01:49.903000,,,0 days 00:00:32.465000,0 days 00:00:29.772000,,0 days 01:02:40.001000,0 days 01:03:10.272000,291.0,216.0,289.0,292.0,False,ULTRASOFT,1.0,True,Haas F1 Team,0 days 00:58:47.639000,2018-06-30 13:54:55.888,1,,False,,False,False
0 days 01:04:13.809000,MAG,20,0 days 00:01:04.051000,19.0,6.0,,,0 days 00:00:16.247000,0 days 00:00:28.240000,0 days 00:00:19.564000,0 days 01:03:26.005000,0 days 01:03:54.245000,0 days 01:04:13.809000,318.0,251.0,286.0,317.0,True,ULTRASOFT,2.0,True,Haas F1 Team,0 days 01:03:09.758000,2018-06-30 13:59:18.007,1,,False,,False,True
0 days 01:06:00.056000,MAG,20,0 days 00:01:46.247000,20.0,6.0,,0 days 01:05:52.314000,0 days 00:00:22.797000,0 days 00:00:41.723000,0 days 00:00:41.727000,0 days 01:04:36.606000,0 days 01:05:18.329000,0 days 01:06:00.056000,178.0,164.0,,180.0,False,ULTRASOFT,3.0,True,Haas F1 Team,0 days 01:04:13.809000,2018-06-30 14:00:22.058,1,,False,,False,False
0 days 00:10:04.195000,SAI,55,,1.0,1.0,0 days 00:08:47.816000,,,0 days 00:00:35.597000,0 days 00:00:23.312000,,0 days 00:09:40.883000,0 days 00:10:04.272000,294.0,218.0,284.0,297.0,False,ULTRASOFT,1.0,True,Renault,0 days 00:08:47.816000,2018-06-30 13:04:56.065,21,,False,,False,False
0 days 00:11:09.332000,SAI,55,0 days 00:01:05.137000,2.0,1.0,,,0 days 00:00:16.389000,0 days 00:00:28.691000,0 days 00:00:20.057000,0 days 00:10:20.584000,0 days 00:10:49.275000,0 days 00:11:09.332000,314.0,246.0,280.0,311.0,True,ULTRASOFT,2.0,True,Renault,0 days 00:10:04.195000,2018-06-30 13:06:12.444,1,,False,,False,True
0 days 00:12:39.577000,SAI,55,0 days 00:01:30.245000,3.0,1.0,,,0 days 00:00:23.315000,0 days 00:00:39.288000,0 days 00:00:27.642000,0 days 00:11:32.647000,0 days 00:12:11.935000,0 days 00:12:39.577000,245.0,181.0,284.0,269.0,False,ULTRASOFT,3.0,True,Renault,0 days 00:11:09.332000,2018-06-30 13:07:17.581,1,,False,,False,True
0 days 00:13:44.835000,SAI,55,0 days 00:01:05.258000,4.0,1.0,,,0 days 00:00:16.534000,0 days 00:00:28.685000,0 days 00:00:20.039000,0 days 00:12:56.111000,0 days 00:13:24.796000,0 days 00:13:44.835000,312.0,248.0,278.0,312.0,False,ULTRASOFT,4.0,True,Renault,0 days 00:12:39.577000,2018-06-30 13:08:47.826,1,,False,,False,True
0 days 00:15:09.234000,SAI,55,0 days 00:01:24.399000,5.0,1.0,,0 days 00:15:05.778000,0 days 00:00:22.526000,0 days 00:00:33.868000,0 days 00:00:28.005000,0 days 00:14:07.361000,0 days 00:14:41.229000,0 days 00:15:09.234000,268.0,209.0,,274.0,False,ULTRASOFT,5.0,True,Renault,0 days 00:13:44.835000,2018-06-30 13:09:53.084,1,,False,,False,False
0 days 00:20:46.800000,SAI,55,,6.0,2.0,0 days 00:19:28.847000,,,0 days 00:00:35.898000,0 days 00:00:23.624000,,0 days 00:20:23.176000,0 days 00:20:46.945000,277.0,194.0,283.0,286.0,False,ULTRASOFT,1.0,True,Renault,0 days 00:15:09.234000,2018-06-30 13:11:17.483,1,,False,,False,False
0 days 00:21:51.748000,SAI,55,0 days 00:01:04.948000,7.0,2.0,,,0 days 00:00:16.558000,0 days 00:00:28.515000,0 days 00:00:19.875000,0 days 00:21:03.358000,0 days 00:21:31.873000,0 days 00:21:51.748000,309.0,245.0,281.0,311.0,True,ULTRASOFT,2.0,True,Renault,0 days 00:20:46.800000,2018-06-30 13:16:55.049,12,,False,,False,True
0 days 00:23:18.999000,SAI,55,0 days 00:01:27.251000,8.0,2.0,,0 days 00:23:15.612000,0 days 00:00:20.595000,0 days 00:00:35.884000,0 days 00:00:30.772000,0 days 00:22:12.343000,0 days 00:22:48.227000,0 days 00:23:18.999000,258.0,192.0,,252.0,False,ULTRASOFT,3.0,True,Renault,0 days 00:21:51.748000,2018-06-30 13:17:59.997,21,,False,,False,False
0 days 00:35:54.255000,SAI,55,,9.0,3.0,0 days 00:34:39.058000,,,0 days 00:00:34.396000,0 days 00:00:23.743000,,0 days 00:35:30.512000,0 days 00:35:54.272000,293.0,214.0,287.0,297.0,False,ULTRASOFT,1.0,True,Renault,0 days 00:23:18.999000,2018-06-30 13:19:27.248,1,,False,,False,False
0 days 00:36:58.816000,SAI,55,0 days 00:01:04.561000,10.0,3.0,,,0 days 00:00:16.341000,0 days 00:00:28.380000,0 days 00:00:19.840000,0 days 00:36:10.596000,0 days 00:36:38.976000,0 days 00:36:58.816000,312.0,248.0,286.0,313.0,True,ULTRASOFT,2.0,True,Renault,0 days 00:35:54.255000,2018-06-30 13:32:02.504,1,,False,,False,True
0 days 00:38:51.410000,SAI,55,0 days 00:01:52.594000,11.0,3.0,,0 days 00:38:19.261000,0 days 00:00:20.691000,0 days 00:00:35.575000,0 days 00:00:56.328000,0 days 00:37:19.507000,0 days 00:37:55.082000,0 days 00:38:51.410000,231.0,207.0,,255.0,False,ULTRASOFT,3.0,True,Renault,0 days 00:36:58.816000,2018-06-30 13:33:07.065,1,,False,,False,False
0 days 00:43:30.381000,SAI,55,,12.0,4.0,0 days 00:42:04.529000,,,0 days 00:00:39.263000,0 days 00:00:26.779000,,0 days 00:43:03.612000,0 days 00:43:30.458000,285.0,215.0,289.0,285.0,False,ULTRASOFT,1.0,True,Renault,0 days 00:38:51.410000,2018-06-30 13:34:59.659,12,,False,,False,False
0 days 00:44:55.824000,SAI,55,0 days 00:01:25.443000,13.0,4.0,,0 days 00:44:52.512000,0 days 00:00:21.028000,0 days 00:00:34.370000,0 days 00:00:30.045000,0 days 00:43:51.409000,0 days 00:44:25.779000,0 days 00:44:55.824000,239.0,190.0,,277.0,False,ULTRASOFT,2.0,True,Renault,0 days 00:43:30.381000,2018-06-30 13:39:38.630,1,,False,,False,False
0 days 00:53:55.817000,SAI,55,,14.0,5.0,0 days 00:52:33.109000,,,0 days 00:00:34.563000,0 days 00:00:31.160000,,0 days 00:53:24.672000,0 days 00:53:55.867000,295.0,203.0,286.0,301.0,False,ULTRASOFT,3.0,False,Renault,0 days 00:44:55.824000,2018-06-30 13:41:04.073,1,,False,,False,False
0 days 00:55:00.722000,SAI,55,0 days 00:01:04.905000,15.0,5.0,,,0 days 00:00:16.375000,0 days 00:00:28.663000,0 days 00:00:19.867000,0 days 00:54:12.192000,0 days 00:54:40.855000,0 days 00:55:00.722000,315.0,250.0,282.0,316.0,True,ULTRASOFT,4.0,False,Renault,0 days 00:53:55.817000,2018-06-30 13:50:04.066,1,,False,,False,True
0 days 00:56:22.909000,SAI,55,0 days 00:01:22.187000,16.0,5.0,,0 days 00:56:19.544000,0 days 00:00:21.047000,0 days 00:00:33.705000,0 days 00:00:27.435000,0 days 00:55:21.769000,0 days 00:55:55.474000,0 days 00:56:22.909000,256.0,213.0,,269.0,False,ULTRASOFT,5.0,False,Renault,0 days 00:55:00.722000,2018-06-30 13:51:08.971,1,,False,,False,False
0 days 01:02:45.694000,SAI,55,,17.0,6.0,0 days 01:01:24.649000,,,0 days 00:00:35.236000,0 days 00:00:27.065000,,0 days 01:02:18.672000,0 days 01:02:45.747000,295.0,170.0,288.0,298.0,False,ULTRASOFT,1.0,True,Renault,0 days 00:56:22.909000,2018-06-30 13:52:31.158,1,,False,,False,False
0 days 01:03:50.419000,SAI,55,0 days 00:01:04.725000,18.0,6.0,,,0 days 00:00:16.370000,0 days 00:00:28.527000,0 days 00:00:19.828000,0 days 01:03:02.064000,0 days 01:03:30.591000,0 days 01:03:50.419000,314.0,244.0,286.0,313.0,True,ULTRASOFT,2.0,True,Renault,0 days 01:02:45.694000,2018-06-30 13:58:53.943,1,,False,,False,True
0 days 01:05:23.976000,SAI,55,0 days 00:01:33.557000,19.0,6.0,,0 days 01:05:17.576000,0 days 00:00:19.630000,0 days 00:00:36.267000,0 days 00:00:37.660000,0 days 01:04:10.049000,0 days 01:04:46.316000,0 days 01:05:23.976000,228.0,173.0,,236.0,False,ULTRASOFT,3.0,True,Renault,0 days 01:03:50.419000,2018-06-30 13:59:58.668,1,,False,,False,False
0 days 00:09:57.270000,HUL,27,,1.0,1.0,0 days 00:08:38.756000,,,0 days 00:00:37.195000,0 days 00:00:23.278000,,0 days 00:09:34.004000,0 days 00:09:57.352000,245.0,186.0,286.0,276.0,False,ULTRASOFT,1.0,True,Renault,0 days 00:08:38.756000,2018-06-30 13:04:47.005,21,,False,,False,False
0 days 00:11:02.258000,HUL,27,0 days 00:01:04.988000,2.0,1.0,,,0 days 00:00:16.420000,0 days 00:00:28.562000,0 days 00:00:20.006000,0 days 00:10:13.690000,0 days 00:10:42.252000,0 days 00:11:02.258000,314.0,249.0,285.0,313.0,True,ULTRASOFT,2.0,True,Renault,0 days 00:09:57.270000,2018-06-30 13:06:05.519,1,,False,,False,True
0 days 00:12:35.899000,HUL,27,0 days 00:01:33.641000,3.0,1.0,,,0 days 00:00:19.276000,0 days 00:00:42.726000,0 days 00:00:31.639000,0 days 00:11:21.534000,0 days 00:12:04.260000,0 days 00:12:35.899000,191.0,103.0,284.0,200.0,False,ULTRASOFT,3.0,True,Renault,0 days 00:11:02.258000,2018-06-30 13:07:10.507,1,,False,,False,True
0 days 00:13:47.312000,HUL,27,0 days 00:01:11.413000,4.0,1.0,,,0 days 00:00:16.602000,0 days 00:00:30.093000,0 days 00:00:24.718000,0 days 00:12:52.501000,0 days 00:13:22.594000,0 days 00:13:47.312000,313.0,213.0,260.0,312.0,False,ULTRASOFT,4.0,True,Renault,0 days 00:12:35.899000,2018-06-30 13:08:44.148,1,,False,,False,True
0 days 00:15:04.837000,HUL,27,0 days 00:01:17.525000,5.0,1.0,,0 days 00:15:01.419000,0 days 00:00:18.412000,0 days 00:00:31.927000,0 days 00:00:27.186000,0 days 00:14:05.724000,0 days 00:14:37.651000,0 days 00:15:04.837000,297.0,229.0,,299.0,False,ULTRASOFT,5.0,True,Renault,0 days 00:13:47.312000,2018-06-30 13:09:55.561,1,,False,,False,False
0 days 00:18:44.409000,HUL,27,,6.0,2.0,0 days 00:17:20.977000,,,0 days 00:00:36.851000,0 days 00:00:27.011000,,0 days 00:18:17.402000,0 days 00:18:44.482000,268.0,193.0,289.0,251.0,False,ULTRASOFT,1.0,True,Renault,0 days 00:15:04.837000,2018-06-30 13:11:13.086,1,,False,,False,False
0 days 00:19:49.273000,HUL,27,0 days 00:01:04.864000,7.0,2.0,,,0 days 00:00:16.435000,0 days 00:00:28.516000,0 days 00:00:19.913000,0 days 00:19:00.844000,0 days 00:19:29.360000,0 days 00:19:49.273000,315.0,246.0,285.0,319.0,True,ULTRASOFT,2.0,True,Renault,0 days 00:18:44.409000,2018-06-30 13:14:52.658,1,,False,,False,True
0 days 00:21:18.029000,HUL,27,0 days 00:01:28.756000,8.0,2.0,,0 days 00:21:14.559000,0 days 00:00:19.262000,0 days 00:00:37.316000,0 days 00:00:32.178000,0 days 00:20:08.535000,0 days 00:20:45.851000,0 days 00:21:18.029000,224.0,189.0,,215.0,False,ULTRASOFT,3.0,True,Renault,0 days 00:19:49.273000,2018-06-30 13:15:57.522,1,,False,,False,False
0 days 00:35:49.088000,HUL,27,,9.0,3.0,0 days 00:34:29.416000,,,0 days 00:00:36.969000,0 days 00:00:25.060000,,0 days 00:35:24.040000,0 days 00:35:49.140000,256.0,175.0,285.0,253.0,False,ULTRASOFT,1.0,True,Renault,0 days 00:21:18.029000,2018-06-30 13:17:26.278,12,,False,,False,False
0 days 00:36:53.969000,HUL,27,0 days 00:01:04.881000,10.0,3.0,,,0 days 00:00:16.469000,0 days 00:00:28.562000,0 days 00:00:19.850000,0 days 00:36:05.557000,0 days 00:36:34.119000,0 days 00:36:53.969000,310.0,249.0,284.0,311.0,True,ULTRASOFT,2.0,True,Renault,0 days 00:35:49.088000,2018-06-30 13:31:57.337,1,,False,,False,True
0 days 00:38:14.855000,HUL,27,0 days 00:01:20.886000,11.0,3.0,,0 days 00:38:11.558000,0 days 00:00:19.621000,0 days 00:00:34.419000,0 days 00:00:26.846000,0 days 00:37:13.590000,0 days 00:37:48.009000,0 days 00:38:14.855000,238.0,212.0,,254.0,False,ULTRASOFT,3.0,True,Renault,0 days 00:36:53.969000,2018-06-30 13:33:02.218,1,,False,,False,False
0 days 00:42:46.394000,HUL,27,,12.0,4.0,0 days 00:41:27.335000,,,0 days 00:00:35.650000,0 days 00:00:25.561000,,0 days 00:42:20.875000,0 days 00:42:46.471000,272.0,181.0,290.0,257.0,False,ULTRASOFT,1.0,True,Renault,0 days 00:38:14.855000,2018-06-30 13:34:23.104,1,,False,,False,False
0 days 00:43:51.070000,HUL,27,0 days 00:01:04.676000,13.0,4.0,,,0 days 00:00:16.319000,0 days 00:00:28.364000,0 days 00:00:19.993000,0 days 00:43:02.713000,0 days 00:43:31.077000,0 days 00:43:51.070000,313.0,248.0,283.0,315.0,True,ULTRASOFT,2.0,True,Renault,0 days 00:42:46.394000,2018-06-30 13:38:54.643,12,,False,,False,True
0 days 00:45:20.264000,HUL,27,0 days 00:01:29.194000,14.0,4.0,,0 days 00:45:16.952000,0 days 00:00:20.678000,0 days 00:00:38.355000,0 days 00:00:30.161000,0 days 00:44:11.748000,0 days 00:44:50.103000,0 days 00:45:20.264000,200.0,187.0,,210.0,False,ULTRASOFT,3.0,True,Renault,0 days 00:43:51.070000,2018-06-30 13:39:59.319,1,,False,,False,False
0 days 00:53:51.848000,HUL,27,,15.0,5.0,0 days 00:52:25.358000,,,0 days 00:00:35.910000,0 days 00:00:31.111000,,0 days 00:53:20.786000,0 days 00:53:51.897000,253.0,178.0,286.0,266.0,False,ULTRASOFT,4.0,False,Renault,0 days 00:45:20.264000,2018-06-30 13:41:28.513,1,,False,,False,False
0 days 00:54:56.867000,HUL,27,0 days 00:01:05.019000,16.0,5.0,,,0 days 00:00:16.449000,0 days 00:00:28.626000,0 days 00:00:19.944000,0 days 00:54:08.297000,0 days 00:54:36.923000,0 days 00:54:56.867000,314.0,249.0,285.0,316.0,True,ULTRASOFT,5.0,False,Renault,0 days 00:53:51.848000,2018-06-30 13:50:00.097,1,,False,,False,True
0 days 00:56:18.112000,HUL,27,0 days 00:01:21.245000,17.0,5.0,,0 days 00:56:14.815000,0 days 00:00:19.247000,0 days 00:00:34.359000,0 days 00:00:27.639000,0 days 00:55:16.114000,0 days 00:55:50.473000,0 days 00:56:18.112000,242.0,200.0,,262.0,False,ULTRASOFT,6.0,False,Renault,0 days 00:54:56.867000,2018-06-30 13:51:05.116,1,,False,,False,False
0 days 01:02:34.748000,HUL,27,,18.0,6.0,0 days 01:01:14.745000,,,0 days 00:00:37.165000,0 days 00:00:24.452000,,0 days 01:02:10.296000,0 days 01:02:34.784000,231.0,184.0,287.0,244.0,False,ULTRASOFT,1.0,True,Renault,0 days 00:56:18.112000,2018-06-30 13:52:26.361,1,,False,,False,False
0 days 01:03:41.960000,HUL,27,0 days 00:01:07.212000,19.0,6.0,,,0 days 00:00:16.523000,0 days 00:00:28.543000,0 days 00:00:22.146000,0 days 01:02:51.271000,0 days 01:03:19.814000,0 days 01:03:41.960000,310.0,245.0,223.0,311.0,False,ULTRASOFT,2.0,True,Renault,0 days 01:02:34.748000,2018-06-30 13:58:42.997,1,,False,,False,True
0 days 01:05:17.606000,HUL,27,0 days 00:01:35.646000,20.0,6.0,,0 days 01:05:12.957000,0 days 00:00:22.211000,0 days 00:00:39.577000,0 days 00:00:33.858000,0 days 01:04:04.171000,0 days 01:04:43.748000,0 days 01:05:17.606000,198.0,174.0,,202.0,False,ULTRASOFT,3.0,True,Renault,0 days 01:03:41.960000,2018-06-30 13:59:50.209,1,,False,,False,False
0 days 00:05:52.770000,OCO,31,,1.0,,0 days 00:04:36.740000,,,0 days 00:00:33.544000,0 days 00:00:24.237000,,0 days 00:05:28.551000,0 days 00:05:52.925000,291.0,218.0,274.0,292.0,False,nan,,True,Force India,0 days 00:04:36.740000,2018-06-30 13:00:44.989,,,False,,False,False
0 days 00:07:08.431000,OCO,31,0 days 00:01:15.661000,2.0,1.0,,,0 days 00:00:18.302000,0 days 00:00:33.109000,0 days 00:00:24.250000,0 days 00:06:11.072000,0 days 00:06:44.181000,0 days 00:07:08.431000,296.0,215.0,285.0,299.0,True,ULTRASOFT,1.0,True,Force India,0 days 00:05:52.770000,2018-06-30 13:02:01.019,,,False,,False,False
0 days 00:08:13.998000,OCO,31,0 days 00:01:05.567000,3.0,1.0,,,0 days 00:00:16.482000,0 days 00:00:28.948000,0 days 00:00:20.137000,0 days 00:07:24.913000,0 days 00:07:53.861000,0 days 00:08:13.998000,320.0,245.0,283.0,317.0,True,ULTRASOFT,2.0,True,Force India,0 days 00:07:08.431000,2018-06-30 13:03:16.680,,,False,,False,False
0 days 00:09:43.929000,OCO,31,0 days 00:01:29.931000,4.0,1.0,,,0 days 00:00:23.524000,0 days 00:00:37.609000,0 days 00:00:28.798000,0 days 00:08:37.522000,0 days 00:09:15.131000,0 days 00:09:43.929000,214.0,205.0,255.0,123.0,False,ULTRASOFT,3.0,True,Force India,0 days 00:08:13.998000,2018-06-30 13:04:22.247,21,,False,,False,True
0 days 00:11:19.110000,OCO,31,0 days 00:01:35.181000,5.0,1.0,,,0 days 00:00:24.237000,0 days 00:00:44.484000,0 days 00:00:26.460000,0 days 00:10:08.166000,0 days 00:10:52.650000,0 days 00:11:19.110000,208.0,201.0,287.0,190.0,False,ULTRASOFT,4.0,True,Force India,0 days 00:09:43.929000,2018-06-30 13:05:52.178,1,,False,,False,True
0 days 00:12:24.258000,OCO,31,0 days 00:01:05.148000,6.0,1.0,,,0 days 00:00:16.274000,0 days 00:00:28.799000,0 days 00:00:20.075000,0 days 00:11:35.384000,0 days 00:12:04.183000,0 days 00:12:24.258000,322.0,246.0,288.0,319.0,True,ULTRASOFT,5.0,True,Force India,0 days 00:11:19.110000,2018-06-30 13:07:27.359,1,,False,,False,True
0 days 00:13:41.942000,OCO,31,0 days 00:01:17.684000,7.0,1.0,,0 days 00:13:38.567000,0 days 00:00:18.057000,0 days 00:00:31.135000,0 days 00:00:28.492000,0 days 00:12:42.315000,0 days 00:13:13.450000,0 days 00:13:41.942000,283.0,234.0,,283.0,False,ULTRASOFT,6.0,True,Force India,0 days 00:12:24.258000,2018-06-30 13:08:32.507,1,,False,,False,False
0 days 00:18:50.807000,OCO,31,,8.0,2.0,0 days 00:17:26.282000,,,0 days 00:00:35.085000,0 days 00:00:31.398000,,0 days 00:18:19.418000,0 days 00:18:50.958000,280.0,209.0,277.0,300.0,False,ULTRASOFT,1.0,True,Force India,0 days 00:13:41.942000,2018-06-30 13:09:50.191,1,,False,,False,False
0 days 00:20:16.031000,OCO,31,0 days 00:01:25.224000,9.0,2.0,,,0 days 00:00:18.602000,0 days 00:00:38.340000,0 days 00:00:28.282000,0 days 00:19:09.409000,0 days 00:19:47.749000,0 days 00:20:16.031000,193.0,184.0,290.0,302.0,False,ULTRASOFT,2.0,True,Force India,0 days 00:18:50.807000,2018-06-30 13:14:59.056,1,,False,,False,True
0 days 00:21:21.303000,OCO,31,0 days 00:01:05.272000,10.0,2.0,,,0 days 00:00:16.300000,0 days 00:00:28.583000,0 days 00:00:20.389000,0 days 00:20:32.331000,0 days 00:21:00.914000,0 days 00:21:21.303000,321.0,247.0,287.0,321.0,False,ULTRASOFT,3.0,True,Force India,0 days 00:20:16.031000,2018-06-30 13:16:24.280,1,,False,,False,True
0 days 00:22:54.870000,OCO,31,0 days 00:01:33.567000,11.0,2.0,,0 days 00:22:51.641000,0 days 00:00:19.566000,0 days 00:00:41.177000,0 days 00:00:32.824000,0 days 00:21:40.869000,0 days 00:22:22.046000,0 days 00:22:54.870000,253.0,196.0,,256.0,False,ULTRASOFT,4.0,True,Force India,0 days 00:21:21.303000,2018-06-30 13:17:29.552,12,,False,,False,False
0 days 00:33:40.389000,OCO,31,,12.0,3.0,0 days 00:32:22.890000,,,0 days 00:00:35.811000,0 days 00:00:23.653000,,0 days 00:33:16.736000,0 days 00:33:40.431000,295.0,215.0,279.0,275.0,False,ULTRASOFT,1.0,True,Force India,0 days 00:22:54.870000,2018-06-30 13:19:03.119,1,,False,,False,False
0 days 00:35:17.681000,OCO,31,0 days 00:01:37.292000,13.0,3.0,,,0 days 00:00:18.979000,0 days 00:00:45.179000,0 days 00:00:33.134000,0 days 00:33:59.368000,0 days 00:34:44.547000,0 days 00:35:17.681000,140.0,97.0,291.0,273.0,True,ULTRASOFT,2.0,True,Force India,0 days 00:33:40.389000,2018-06-30 13:29:48.638,1,,False,,False,True
0 days 00:36:22.570000,OCO,31,0 days 00:01:04.889000,14.0,3.0,,,0 days 00:00:16.302000,0 days 00:00:28.709000,0 days 00:00:19.878000,0 days 00:35:33.983000,0 days 00:36:02.692000,0 days 00:36:22.570000,319.0,248.0,288.0,318.0,True,ULTRASOFT,3.0,True,Force India,0 days 00:35:17.681000,2018-06-30 13:31:25.930,1,,False,,False,True
0 days 00:37:39.242000,OCO,31,0 days 00:01:16.672000,15.0,3.0,,0 days 00:37:35.934000,0 days 00:00:20.158000,0 days 00:00:30.908000,0 days 00:00:25.606000,0 days 00:36:42.728000,0 days 00:37:13.636000,0 days 00:37:39.242000,227.0,232.0,,299.0,False,ULTRASOFT,4.0,True,Force India,0 days 00:36:22.570000,2018-06-30 13:32:30.819,1,,False,,False,False
0 days 00:41:52.786000,OCO,31,,16.0,4.0,0 days 00:40:35.068000,,,0 days 00:00:33.960000,0 days 00:00:25.806000,,0 days 00:41:26.980000,0 days 00:41:52.843000,292.0,188.0,270.0,298.0,False,ULTRASOFT,1.0,True,Force India,0 days 00:37:39.242000,2018-06-30 13:33:47.491,1,,False,,False,False
0 days 00:43:10.283000,OCO,31,0 days 00:01:17.497000,17.0,4.0,,,0 days 00:00:18.221000,0 days 00:00:33.545000,0 days 00:00:25.731000,0 days 00:42:11.007000,0 days 00:42:44.552000,0 days 00:43:10.283000,302.0,199.0,293.0,300.0,False,ULTRASOFT,2.0,True,Force India,0 days 00:41:52.786000,2018-06-30 13:38:01.035,12,,False,,False,True
0 days 00:44:15.128000,OCO,31,0 days 00:01:04.845000,18.0,4.0,,,0 days 00:00:16.225000,0 days 00:00:28.591000,0 days 00:00:20.029000,0 days 00:43:26.508000,0 days 00:43:55.099000,0 days 00:44:15.128000,322.0,248.0,289.0,321.0,True,ULTRASOFT,3.0,True,Force India,0 days 00:43:10.283000,2018-06-30 13:39:18.532,1,,False,,False,True
0 days 00:45:46.712000,OCO,31,0 days 00:01:31.584000,19.0,4.0,,0 days 00:45:42.609000,0 days 00:00:20.332000,0 days 00:00:35.704000,0 days 00:00:35.548000,0 days 00:44:35.460000,0 days 00:45:11.164000,0 days 00:45:46.712000,213.0,207.0,,227.0,False,ULTRASOFT,4.0,True,Force India,0 days 00:44:15.128000,2018-06-30 13:40:23.377,1,,False,,False,False
0 days 00:08:07.384000,GAS,10,,1.0,1.0,0 days 00:06:44.373000,,,0 days 00:00:35.991000,0 days 00:00:28.764000,,0 days 00:07:38.667000,0 days 00:08:07.532000,277.0,203.0,283.0,289.0,False,ULTRASOFT,1.0,True,Toro Rosso,0 days 00:06:44.373000,2018-06-30 13:02:52.622,,,False,,False,False
0 days 00:09:12.633000,GAS,10,0 days 00:01:05.249000,2.0,1.0,,,0 days 00:00:16.531000,0 days 00:00:28.847000,0 days 00:00:19.871000,0 days 00:08:23.915000,0 days 00:08:52.762000,0 days 00:09:12.633000,318.0,247.0,286.0,315.0,True,ULTRASOFT,2.0,True,Toro Rosso,0 days 00:08:07.384000,2018-06-30 13:04:15.633,2,,False,,False,True
0 days 00:10:39.129000,GAS,10,0 days 00:01:26.496000,3.0,1.0,,,0 days 00:00:19.976000,0 days 00:00:39.004000,0 days 00:00:27.516000,0 days 00:09:32.609000,0 days 00:10:11.613000,0 days 00:10:39.129000,275.0,192.0,284.0,272.0,False,ULTRASOFT,3.0,True,Toro Rosso,0 days 00:09:12.633000,2018-06-30 13:05:20.882,21,,False,,False,True
0 days 00:11:44.319000,GAS,10,0 days 00:01:05.190000,4.0,1.0,,,0 days 00:00:16.433000,0 days 00:00:28.765000,0 days 00:00:19.992000,0 days 00:10:55.562000,0 days 00:11:24.327000,0 days 00:11:44.319000,319.0,246.0,284.0,315.0,True,ULTRASOFT,4.0,True,Toro Rosso,0 days 00:10:39.129000,2018-06-30 13:06:47.378,1,,False,,False,True
0 days 00:13:12.276000,GAS,10,0 days 00:01:27.957000,5.0,1.0,,0 days 00:13:09.019000,0 days 00:00:19.527000,0 days 00:00:37.459000,0 days 00:00:30.971000,0 days 00:12:03.846000,0 days 00:12:41.305000,0 days 00:13:12.276000,269.0,198.0,,271.0,False,ULTRASOFT,5.0,True,Toro Rosso,0 days 00:11:44.319000,2018-06-30 13:07:52.568,1,,False,,False,False
0 days 00:18:32.267000,GAS,10,,6.0,2.0,0 days 00:17:12.586000,,,0 days 00:00:35.126000,0 days 00:00:27.481000,,0 days 00:18:04.839000,0 days 00:18:32.403000,295.0,214.0,286.0,299.0,False,ULTRASOFT,1.0,True,Toro Rosso,0 days 00:13:12.276000,2018-06-30 13:09:20.525,1,,False,,False,False
0 days 00:19:37.278000,GAS,10,0 days 00:01:05.011000,7.0,2.0,,,0 days 00:00:16.444000,0 days 00:00:28.699000,0 days 00:00:19.868000,0 days 00:18:48.711000,0 days 00:19:17.410000,0 days 00:19:37.278000,316.0,247.0,285.0,318.0,True,ULTRASOFT,2.0,True,Toro Rosso,0 days 00:18:32.267000,2018-06-30 13:14:40.516,1,,False,,False,True
0 days 00:21:17.310000,GAS,10,0 days 00:01:40.032000,8.0,2.0,,,0 days 00:00:21.960000,0 days 00:00:42.190000,0 days 00:00:35.882000,0 days 00:19:59.238000,0 days 00:20:41.428000,0 days 00:21:17.310000,233.0,78.0,287.0,276.0,False,ULTRASOFT,3.0,True,Toro Rosso,0 days 00:19:37.278000,2018-06-30 13:15:45.527,1,,False,,False,True
0 days 00:22:37.720000,GAS,10,0 days 00:01:20.410000,9.0,2.0,,0 days 00:22:34.220000,0 days 00:00:16.741000,0 days 00:00:31.851000,0 days 00:00:31.818000,0 days 00:21:34.051000,0 days 00:22:05.902000,0 days 00:22:37.720000,314.0,201.0,,316.0,False,ULTRASOFT,4.0,True,Toro Rosso,0 days 00:21:17.310000,2018-06-30 13:17:25.559,12,,False,,False,False
0 days 00:31:17.340000,GAS,10,,10.0,3.0,0 days 00:30:04.503000,,,0 days 00:00:32.240000,0 days 00:00:22.858000,,0 days 00:30:54.482000,0 days 00:31:17.368000,289.0,220.0,285.0,295.0,False,ULTRASOFT,1.0,True,Toro Rosso,0 days 00:22:37.720000,2018-06-30 13:18:45.969,1,,False,,False,False
0 days 00:32:22.214000,GAS,10,0 days 00:01:04.874000,11.0,3.0,,,0 days 00:00:16.530000,0 days 00:00:28.552000,0 days 00:00:19.792000,0 days 00:31:33.870000,0 days 00:32:02.422000,0 days 00:32:22.214000,313.0,247.0,284.0,315.0,True,ULTRASOFT,2.0,True,Toro Rosso,0 days 00:31:17.340000,2018-06-30 13:27:25.589,1,,False,,False,True
0 days 00:33:45.972000,GAS,10,0 days 00:01:23.758000,12.0,3.0,,,0 days 00:00:19.588000,0 days 00:00:37.766000,0 days 00:00:26.404000,0 days 00:32:41.802000,0 days 00:33:19.568000,0 days 00:33:45.972000,277.0,201.0,284.0,278.0,False,ULTRASOFT,3.0,True,Toro Rosso,0 days 00:32:22.214000,2018-06-30 13:28:30.463,1,,False,,False,True
0 days 00:34:58.571000,GAS,10,0 days 00:01:12.599000,13.0,3.0,,0 days 00:34:55.231000,0 days 00:00:16.403000,0 days 00:00:29.118000,0 days 00:00:27.078000,0 days 00:34:02.375000,0 days 00:34:31.493000,0 days 00:34:58.571000,317.0,246.0,,316.0,False,ULTRASOFT,4.0,True,Toro Rosso,0 days 00:33:45.972000,2018-06-30 13:29:54.221,1,,False,,False,False
0 days 00:42:49.248000,GAS,10,,14.0,4.0,0 days 00:41:26.433000,,,0 days 00:00:36.781000,0 days 00:00:26.645000,,0 days 00:42:22.671000,0 days 00:42:49.284000,280.0,190.0,285.0,278.0,False,ULTRASOFT,1.0,True,Toro Rosso,0 days 00:34:58.571000,2018-06-30 13:31:06.820,1,,False,,False,False
0 days 00:43:54.156000,GAS,10,0 days 00:01:04.908000,15.0,4.0,,,0 days 00:00:16.438000,0 days 00:00:28.585000,0 days 00:00:19.885000,0 days 00:43:05.686000,0 days 00:43:34.271000,0 days 00:43:54.156000,316.0,250.0,286.0,315.0,False,ULTRASOFT,2.0,True,Toro Rosso,0 days 00:42:49.248000,2018-06-30 13:38:57.497,12,,False,,False,True
0 days 00:45:23.356000,GAS,10,0 days 00:01:29.200000,16.0,4.0,,0 days 00:45:19.966000,0 days 00:00:19.390000,0 days 00:00:37.818000,0 days 00:00:31.992000,0 days 00:44:13.546000,0 days 00:44:51.364000,0 days 00:45:23.356000,240.0,173.0,,234.0,False,ULTRASOFT,3.0,True,Toro Rosso,0 days 00:43:54.156000,2018-06-30 13:40:02.405,1,,False,,False,False
0 days 00:05:24.201000,LEC,16,,1.0,,0 days 00:04:04.487000,,,0 days 00:00:36.046000,0 days 00:00:25.030000,,0 days 00:04:59.171000,0 days 00:05:24.301000,286.0,188.0,282.0,284.0,False,nan,,True,Sauber,0 days 00:04:04.487000,2018-06-30 13:00:12.736,,,False,,False,False
0 days 00:06:29.888000,LEC,16,0 days 00:01:05.687000,2.0,1.0,,,0 days 00:00:16.681000,0 days 00:00:28.974000,0 days 00:00:20.032000,0 days 00:05:40.882000,0 days 00:06:09.856000,0 days 00:06:29.888000,316.0,247.0,283.0,314.0,True,ULTRASOFT,1.0,True,Sauber,0 days 00:05:24.201000,2018-06-30 13:01:32.450,,,False,,False,False
0 days 00:07:57.073000,LEC,16,0 days 00:01:27.185000,3.0,1.0,,,0 days 00:00:20.453000,0 days 00:00:38.534000,0 days 00:00:28.198000,0 days 00:06:50.341000,0 days 00:07:28.875000,0 days 00:07:57.073000,268.0,165.0,284.0,198.0,False,ULTRASOFT,2.0,True,Sauber,0 days 00:06:29.888000,2018-06-30 13:02:38.137,,,False,,False,False
0 days 00:09:02.312000,LEC,16,0 days 00:01:05.239000,4.0,1.0,,,0 days 00:00:16.519000,0 days 00:00:28.840000,0 days 00:00:19.880000,0 days 00:08:13.592000,0 days 00:08:42.432000,0 days 00:09:02.312000,318.0,249.0,286.0,315.0,True,ULTRASOFT,3.0,True,Sauber,0 days 00:07:57.073000,2018-06-30 13:04:05.322,,,False,,False,False
0 days 00:10:31.947000,LEC,16,0 days 00:01:29.635000,5.0,1.0,,,0 days 00:00:20.177000,0 days 00:00:40.608000,0 days 00:00:28.850000,0 days 00:09:22.489000,0 days 00:10:03.097000,0 days 00:10:31.947000,240.0,167.0,285.0,210.0,False,ULTRASOFT,4.0,True,Sauber,0 days 00:09:02.312000,2018-06-30 13:05:10.561,21,,False,,False,True
0 days 00:11:37.231000,LEC,16,0 days 00:01:05.284000,6.0,1.0,,,0 days 00:00:16.505000,0 days 00:00:28.870000,0 days 00:00:19.909000,0 days 00:10:48.452000,0 days 00:11:17.322000,0 days 00:11:37.231000,318.0,248.0,288.0,314.0,False,ULTRASOFT,5.0,True,Sauber,0 days 00:10:31.947000,2018-06-30 13:06:40.196,1,,False,,False,True
0 days 00:12:58.025000,LEC,16,0 days 00:01:20.794000,7.0,1.0,,0 days 00:12:54.565000,0 days 00:00:18.389000,0 days 00:00:33.984000,0 days 00:00:28.421000,0 days 00:11:55.620000,0 days 00:12:29.604000,0 days 00:12:58.025000,279.0,207.0,,281.0,False,ULTRASOFT,6.0,True,Sauber,0 days 00:11:37.231000,2018-06-30 13:07:45.480,1,,False,,False,False
0 days 00:18:29.348000,LEC,16,,8.0,2.0,0 days 00:17:03.242000,,,0 days 00:00:41.833000,0 days 00:00:25.228000,,0 days 00:18:04.120000,0 days 00:18:29.434000,292.0,184.0,285.0,176.0,False,ULTRASOFT,1.0,True,Sauber,0 days 00:12:58.025000,2018-06-30 13:09:06.274,1,,False,,False,False
0 days 00:19:34.315000,LEC,16,0 days 00:01:04.967000,9.0,2.0,,,0 days 00:00:16.479000,0 days 00:00:28.709000,0 days 00:00:19.779000,0 days 00:18:45.827000,0 days 00:19:14.536000,0 days 00:19:34.315000,316.0,248.0,286.0,319.0,True,ULTRASOFT,2.0,True,Sauber,0 days 00:18:29.348000,2018-06-30 13:14:37.597,1,,False,,False,True
0 days 00:21:14.303000,LEC,16,0 days 00:01:39.988000,10.0,2.0,,,0 days 00:00:23.565000,0 days 00:00:44.574000,0 days 00:00:31.849000,0 days 00:19:57.880000,0 days 00:20:42.454000,0 days 00:21:14.303000,233.0,92.0,285.0,209.0,False,ULTRASOFT,3.0,True,Sauber,0 days 00:19:34.315000,2018-06-30 13:15:42.564,1,,False,,False,True
0 days 00:23:04.658000,LEC,16,0 days 00:01:50.355000,11.0,2.0,,0 days 00:23:01.054000,0 days 00:00:16.628000,0 days 00:01:01.825000,0 days 00:00:31.902000,0 days 00:21:30.931000,0 days 00:22:32.756000,0 days 00:23:04.658000,315.0,178.0,,314.0,False,ULTRASOFT,4.0,True,Sauber,0 days 00:21:14.303000,2018-06-30 13:17:22.552,12,,False,,False,False
0 days 00:31:07.925000,LEC,16,,12.0,2.0,0 days 00:29:51.098000,,,0 days 00:00:33.740000,0 days 00:00:25.299000,,0 days 00:30:42.652000,0 days 00:31:07.931000,284.0,208.0,285.0,296.0,False,ULTRASOFT,5.0,True,Sauber,0 days 00:23:04.658000,2018-06-30 13:19:12.907,1,,False,,False,False
0 days 00:32:12.907000,LEC,16,0 days 00:01:04.982000,13.0,3.0,,,0 days 00:00:16.559000,0 days 00:00:28.578000,0 days 00:00:19.845000,0 days 00:31:24.484000,0 days 00:31:53.062000,0 days 00:32:12.907000,315.0,250.0,286.0,315.0,True,ULTRASOFT,1.0,True,Sauber,0 days 00:31:07.925000,2018-06-30 13:27:16.174,1,,False,,False,True
0 days 00:33:42.983000,LEC,16,0 days 00:01:30.076000,14.0,3.0,,,0 days 00:00:22.914000,0 days 00:00:39.288000,0 days 00:00:27.874000,0 days 00:32:35.821000,0 days 00:33:15.109000,0 days 00:33:42.983000,265.0,201.0,287.0,240.0,False,ULTRASOFT,2.0,True,Sauber,0 days 00:32:12.907000,2018-06-30 13:28:21.156,1,,False,,False,True
0 days 00:34:48.317000,LEC,16,0 days 00:01:05.334000,15.0,3.0,,,0 days 00:00:16.495000,0 days 00:00:28.879000,0 days 00:00:19.960000,0 days 00:33:59.478000,0 days 00:34:28.357000,0 days 00:34:48.317000,319.0,244.0,281.0,318.0,False,ULTRASOFT,3.0,True,Sauber,0 days 00:33:42.983000,2018-06-30 13:29:51.232,1,,False,,False,True
0 days 00:36:09.193000,LEC,16,0 days 00:01:20.876000,16.0,3.0,,0 days 00:36:05.861000,0 days 00:00:19.765000,0 days 00:00:34.300000,0 days 00:00:26.811000,0 days 00:35:08.082000,0 days 00:35:42.382000,0 days 00:36:09.193000,266.0,212.0,,263.0,False,ULTRASOFT,4.0,True,Sauber,0 days 00:34:48.317000,2018-06-30 13:30:56.566,1,,False,,False,False
0 days 00:43:03.717000,LEC,16,,17.0,4.0,0 days 00:41:38.824000,,,0 days 00:00:35.572000,0 days 00:00:31.485000,,0 days 00:42:32.234000,0 days 00:43:03.737000,278.0,204.0,290.0,298.0,False,ULTRASOFT,1.0,True,Sauber,0 days 00:36:09.193000,2018-06-30 13:32:17.442,12,,False,,False,False
0 days 00:44:08.696000,LEC,16,0 days 00:01:04.979000,18.0,4.0,,,0 days 00:00:16.354000,0 days 00:00:28.737000,0 days 00:00:19.888000,0 days 00:43:20.071000,0 days 00:43:48.808000,0 days 00:44:08.696000,318.0,249.0,284.0,317.0,True,ULTRASOFT,2.0,True,Sauber,0 days 00:43:03.717000,2018-06-30 13:39:11.966,1,,False,,False,True
0 days 00:45:40.445000,LEC,16,,19.0,4.0,,0 days 00:45:40.445000,0 days 00:00:21.539000,0 days 00:00:37.436000,,0 days 00:44:30.266000,0 days 00:45:07.700000,,193.0,162.0,,227.0,False,ULTRASOFT,3.0,True,Sauber,0 days 00:44:08.696000,2018-06-30 13:40:16.945,1,,False,,False,False
0 days 00:08:04.319000,ALO,14,,1.0,1.0,0 days 00:06:43.488000,,,0 days 00:00:35.038000,0 days 00:00:27.506000,,0 days 00:07:36.825000,0 days 00:08:04.403000,273.0,216.0,282.0,294.0,False,ULTRASOFT,1.0,True,McLaren,0 days 00:06:43.488000,2018-06-30 13:02:51.737,,,False,,False,False
0 days 00:09:09.965000,ALO,14,0 days 00:01:05.646000,2.0,1.0,,,0 days 00:00:16.553000,0 days 00:00:29.016000,0 days 00:00:20.077000,0 days 00:08:20.872000,0 days 00:08:49.888000,0 days 00:09:09.965000,314.0,245.0,277.0,312.0,True,ULTRASOFT,2.0,True,McLaren,0 days 00:08:04.319000,2018-06-30 13:04:12.568,,,False,,False,False
0 days 00:10:36.450000,ALO,14,0 days 00:01:26.485000,3.0,1.0,,,0 days 00:00:20.115000,0 days 00:00:38.656000,0 days 00:00:27.714000,0 days 00:09:30.080000,0 days 00:10:08.736000,0 days 00:10:36.450000,276.0,172.0,284.0,280.0,False,ULTRASOFT,3.0,True,McLaren,0 days 00:09:09.965000,2018-06-30 13:05:18.214,21,,False,,False,True
0 days 00:11:41.872000,ALO,14,0 days 00:01:05.422000,4.0,1.0,,,0 days 00:00:16.566000,0 days 00:00:28.835000,0 days 00:00:20.021000,0 days 00:10:53.016000,0 days 00:11:21.851000,0 days 00:11:41.872000,313.0,246.0,278.0,311.0,True,ULTRASOFT,4.0,True,McLaren,0 days 00:10:36.450000,2018-06-30 13:06:44.699,1,,False,,False,True
0 days 00:13:07.273000,ALO,14,0 days 00:01:25.401000,5.0,1.0,,0 days 00:13:03.861000,0 days 00:00:20.735000,0 days 00:00:35.996000,0 days 00:00:28.670000,0 days 00:12:02.607000,0 days 00:12:38.603000,0 days 00:13:07.273000,259.0,222.0,,261.0,False,ULTRASOFT,5.0,True,McLaren,0 days 00:11:41.872000,2018-06-30 13:07:50.121,1,,False,,False,False
0 days 00:18:41.217000,ALO,14,,6.0,2.0,0 days 00:17:19.804000,,,0 days 00:00:37.215000,0 days 00:00:25.250000,,0 days 00:18:15.979000,0 days 00:18:41.310000,273.0,211.0,285.0,262.0,False,ULTRASOFT,1.0,True,McLaren,0 days 00:13:07.273000,2018-06-30 13:09:15.522,1,,False,,False,False
0 days 00:19:46.182000,ALO,14,0 days 00:01:04.965000,7.0,2.0,,,0 days 00:00:16.505000,0 days 00:00:28.632000,0 days 00:00:19.828000,0 days 00:18:57.722000,0 days 00:19:26.354000,0 days 00:19:46.182000,312.0,248.0,281.0,316.0,True,ULTRASOFT,2.0,True,McLaren,0 days 00:18:41.217000,2018-06-30 13:14:49.466,1,,False,,False,True
0 days 00:21:26.007000,ALO,14,0 days 00:01:39.825000,8.0,2.0,,,0 days 00:00:20.469000,0 days 00:00:41.448000,0 days 00:00:37.908000,0 days 00:20:06.651000,0 days 00:20:48.099000,0 days 00:21:26.007000,235.0,179.0,284.0,267.0,False,ULTRASOFT,3.0,True,McLaren,0 days 00:19:46.182000,2018-06-30 13:15:54.431,1,,False,,False,True
0 days 00:22:49.205000,ALO,14,0 days 00:01:23.198000,9.0,2.0,,0 days 00:22:45.801000,0 days 00:00:16.519000,0 days 00:00:34.091000,0 days 00:00:32.588000,0 days 00:21:42.526000,0 days 00:22:16.617000,0 days 00:22:49.205000,315.0,207.0,,249.0,False,ULTRASOFT,4.0,True,McLaren,0 days 00:21:26.007000,2018-06-30 13:17:34.256,12,,False,,False,False
0 days 00:31:53.348000,ALO,14,,10.0,3.0,0 days 00:30:37.148000,,,0 days 00:00:34.943000,0 days 00:00:23.324000,,0 days 00:31:30.077000,0 days 00:31:53.406000,284.0,218.0,286.0,279.0,False,SOFT,1.0,True,McLaren,0 days 00:22:49.205000,2018-06-30 13:18:57.454,1,,False,,False,False
0 days 00:32:58.406000,ALO,14,0 days 00:01:05.058000,11.0,3.0,,,0 days 00:00:16.449000,0 days 00:00:28.670000,0 days 00:00:19.939000,0 days 00:32:09.797000,0 days 00:32:38.467000,0 days 00:32:58.406000,311.0,247.0,282.0,313.0,True,SOFT,2.0,True,McLaren,0 days 00:31:53.348000,2018-06-30 13:28:01.597,1,,False,,False,True
0 days 00:34:19.868000,ALO,14,0 days 00:01:21.462000,12.0,3.0,,,0 days 00:00:19.849000,0 days 00:00:37.448000,0 days 00:00:24.165000,0 days 00:33:18.255000,0 days 00:33:55.703000,0 days 00:34:19.868000,270.0,217.0,285.0,273.0,False,SOFT,3.0,True,McLaren,0 days 00:32:58.406000,2018-06-30 13:29:06.655,1,,False,,False,True
0 days 00:35:25.192000,ALO,14,0 days 00:01:05.324000,13.0,3.0,,,0 days 00:00:16.574000,0 days 00:00:28.759000,0 days 00:00:19.991000,0 days 00:34:36.442000,0 days 00:35:05.201000,0 days 00:35:25.192000,307.0,246.0,285.0,310.0,False,SOFT,4.0,True,McLaren,0 days 00:34:19.868000,2018-06-30 13:30:28.117,1,,False,,False,True
0 days 00:36:53.052000,ALO,14,0 days 00:01:27.860000,14.0,3.0,,0 days 00:36:49.666000,0 days 00:00:19.233000,0 days 00:00:37.302000,0 days 00:00:31.325000,0 days 00:35:44.425000,0 days 00:36:21.727000,0 days 00:36:53.052000,270.0,187.0,,261.0,False,SOFT,5.0,True,McLaren,0 days 00:35:25.192000,2018-06-30 13:31:33.441,1,,False,,False,False
0 days 00:42:26.860000,ALO,14,,15.0,4.0,0 days 00:41:11.056000,,,0 days 00:00:34.058000,0 days 00:00:24.164000,,0 days 00:42:02.748000,0 days 00:42:26.908000,294.0,212.0,288.0,301.0,False,ULTRASOFT,1.0,True,McLaren,0 days 00:36:53.052000,2018-06-30 13:33:01.301,1,,False,,False,False
0 days 00:43:32.046000,ALO,14,0 days 00:01:05.186000,16.0,4.0,,,0 days 00:00:16.426000,0 days 00:00:28.640000,0 days 00:00:20.120000,0 days 00:42:43.286000,0 days 00:43:11.926000,0 days 00:43:32.046000,312.0,246.0,285.0,314.0,False,ULTRASOFT,2.0,True,McLaren,0 days 00:42:26.860000,2018-06-30 13:38:35.109,12,,False,,False,True
0 days 00:45:06.871000,ALO,14,0 days 00:01:34.825000,17.0,4.0,,0 days 00:45:03.489000,0 days 00:00:22.564000,0 days 00:00:40.828000,0 days 00:00:31.433000,0 days 00:43:54.610000,0 days 00:44:35.438000,0 days 00:45:06.871000,160.0,211.0,,179.0,False,ULTRASOFT,3.0,True,McLaren,0 days 00:43:32.046000,2018-06-30 13:39:40.295,1,,False,,False,False
0 days 00:05:37.215000,STR,18,,1.0,,0 days 00:04:24.739000,,,0 days 00:00:31.945000,0 days 00:00:23.144000,,0 days 00:05:14.102000,0 days 00:05:37.347000,308.0,229.0,285.0,310.0,False,nan,,True,Williams,0 days 00:04:24.739000,2018-06-30 13:00:32.988,,,False,,False,False
0 days 00:06:42.845000,STR,18,0 days 00:01:05.630000,2.0,1.0,,,0 days 00:00:16.608000,0 days 00:00:29.011000,0 days 00:00:20.011000,0 days 00:05:53.823000,0 days 00:06:22.834000,0 days 00:06:42.845000,319.0,246.0,286.0,318.0,True,ULTRASOFT,1.0,True,Williams,0 days 00:05:37.215000,2018-06-30 13:01:45.464,,,False,,False,False
0 days 00:08:10.540000,STR,18,0 days 00:01:27.695000,3.0,1.0,,,0 days 00:00:18.805000,0 days 00:00:38.469000,0 days 00:00:30.421000,0 days 00:07:01.650000,0 days 00:07:40.119000,0 days 00:08:10.540000,224.0,192.0,286.0,247.0,False,ULTRASOFT,2.0,True,Williams,0 days 00:06:42.845000,2018-06-30 13:02:51.094,,,False,,False,False
0 days 00:09:22.970000,STR,18,0 days 00:01:12.430000,4.0,1.0,,,0 days 00:00:16.512000,0 days 00:00:29.078000,0 days 00:00:26.840000,0 days 00:08:27.052000,0 days 00:08:56.130000,0 days 00:09:22.970000,324.0,247.0,244.0,320.0,False,ULTRASOFT,3.0,True,Williams,0 days 00:08:10.540000,2018-06-30 13:04:18.789,21,,False,,False,True
0 days 00:10:44.251000,STR,18,0 days 00:01:21.281000,5.0,1.0,,0 days 00:10:40.961000,0 days 00:00:19.694000,0 days 00:00:32.515000,0 days 00:00:29.072000,0 days 00:09:42.664000,0 days 00:10:15.179000,0 days 00:10:44.251000,291.0,229.0,,290.0,False,ULTRASOFT,4.0,True,Williams,0 days 00:09:22.970000,2018-06-30 13:05:31.219,1,,False,,False,False
0 days 00:14:50.218000,STR,18,,6.0,2.0,0 days 00:13:38.256000,,,0 days 00:00:31.587000,0 days 00:00:23.646000,,0 days 00:14:26.572000,0 days 00:14:50.324000,310.0,232.0,283.0,309.0,False,ULTRASOFT,1.0,True,Williams,0 days 00:10:44.251000,2018-06-30 13:06:52.500,1,,False,,False,False
0 days 00:15:55.621000,STR,18,0 days 00:01:05.403000,7.0,2.0,,,0 days 00:00:16.677000,0 days 00:00:28.814000,0 days 00:00:19.912000,0 days 00:15:06.895000,0 days 00:15:35.709000,0 days 00:15:55.621000,316.0,249.0,285.0,318.0,True,ULTRASOFT,2.0,True,Williams,0 days 00:14:50.218000,2018-06-30 13:10:58.467,1,,False,,False,True
0 days 00:17:18.829000,STR,18,0 days 00:01:23.208000,8.0,2.0,,0 days 00:17:15.460000,0 days 00:00:18.619000,0 days 00:00:35.888000,0 days 00:00:28.701000,0 days 00:16:14.240000,0 days 00:16:50.128000,0 days 00:17:18.829000,284.0,179.0,,236.0,False,ULTRASOFT,3.0,True,Williams,0 days 00:15:55.621000,2018-06-30 13:12:03.870,1,,False,,False,False
0 days 00:21:03.899000,STR,18,,9.0,3.0,0 days 00:19:53.721000,,,0 days 00:00:31.381000,0 days 00:00:22.114000,,0 days 00:20:41.805000,0 days 00:21:04.007000,313.0,214.0,287.0,315.0,False,ULTRASOFT,1.0,True,Williams,0 days 00:17:18.829000,2018-06-30 13:13:27.078,1,,False,,False,False
0 days 00:22:09.163000,STR,18,0 days 00:01:05.264000,10.0,3.0,,,0 days 00:00:16.466000,0 days 00:00:28.850000,0 days 00:00:19.948000,0 days 00:21:20.365000,0 days 00:21:49.215000,0 days 00:22:09.163000,318.0,246.0,286.0,317.0,True,ULTRASOFT,2.0,True,Williams,0 days 00:21:03.899000,2018-06-30 13:17:12.148,12,,False,,False,True
0 days 00:23:38.323000,STR,18,0 days 00:01:29.160000,11.0,3.0,,0 days 00:23:34.926000,0 days 00:00:18.947000,0 days 00:00:36.907000,0 days 00:00:33.306000,0 days 00:22:28.110000,0 days 00:23:05.017000,0 days 00:23:38.323000,263.0,175.0,,235.0,False,ULTRASOFT,3.0,True,Williams,0 days 00:22:09.163000,2018-06-30 13:18:17.412,12,,False,,False,False
0 days 00:34:54.149000,STR,18,,12.0,4.0,0 days 00:33:38.099000,,,0 days 00:00:33.269000,0 days 00:00:25.346000,,0 days 00:34:28.873000,0 days 00:34:54.169000,308.0,113.0,285.0,310.0,False,ULTRASOFT,4.0,False,Williams,0 days 00:23:38.323000,2018-06-30 13:19:46.572,1,,False,,False,False
0 days 00:35:59.875000,STR,18,0 days 00:01:05.726000,13.0,4.0,,,0 days 00:00:16.538000,0 days 00:00:29.142000,0 days 00:00:20.046000,0 days 00:35:10.687000,0 days 00:35:39.829000,0 days 00:35:59.875000,316.0,246.0,288.0,315.0,True,ULTRASOFT,5.0,False,Williams,0 days 00:34:54.149000,2018-06-30 13:31:02.398,1,,False,,False,True
0 days 00:37:18.275000,STR,18,0 days 00:01:18.400000,14.0,4.0,,0 days 00:37:15.024000,0 days 00:00:18.046000,0 days 00:00:32.221000,0 days 00:00:28.133000,0 days 00:36:17.921000,0 days 00:36:50.142000,0 days 00:37:18.275000,292.0,225.0,,290.0,False,ULTRASOFT,6.0,False,Williams,0 days 00:35:59.875000,2018-06-30 13:32:08.124,1,,False,,False,False
0 days 00:43:12.960000,STR,18,,15.0,5.0,0 days 00:41:53.950000,,,0 days 00:00:34.673000,0 days 00:00:27.681000,,0 days 00:42:45.297000,0 days 00:43:13.019000,309.0,224.0,291.0,309.0,False,ULTRASOFT,1.0,True,Williams,0 days 00:37:18.275000,2018-06-30 13:33:26.524,12,,False,,False,False
0 days 00:44:18.246000,STR,18,0 days 00:01:05.286000,16.0,5.0,,,0 days 00:00:16.438000,0 days 00:00:28.757000,0 days 00:00:20.091000,0 days 00:43:29.398000,0 days 00:43:58.155000,0 days 00:44:18.246000,321.0,247.0,286.0,320.0,True,ULTRASOFT,2.0,True,Williams,0 days 00:43:12.960000,2018-06-30 13:39:21.209,1,,False,,False,True
0 days 00:45:49.118000,STR,18,0 days 00:01:30.872000,17.0,5.0,,0 days 00:45:45.305000,0 days 00:00:19.490000,0 days 00:00:35.808000,0 days 00:00:35.574000,0 days 00:44:37.736000,0 days 00:45:13.544000,0 days 00:45:49.118000,196.0,192.0,,227.0,False,ULTRASOFT,3.0,True,Williams,0 days 00:44:18.246000,2018-06-30 13:40:26.495,1,,False,,False,False
0 days 00:08:25.096000,VAN,2,,1.0,1.0,0 days 00:07:06.526000,,,0 days 00:00:35.156000,0 days 00:00:23.062000,,0 days 00:08:02.078000,0 days 00:08:25.217000,286.0,215.0,281.0,257.0,False,ULTRASOFT,1.0,True,McLaren,0 days 00:07:06.526000,2018-06-30 13:03:14.775,,,False,,False,False
0 days 00:09:30.608000,VAN,2,0 days 00:01:05.512000,2.0,1.0,,,0 days 00:00:16.621000,0 days 00:00:28.973000,0 days 00:00:19.918000,0 days 00:08:41.717000,0 days 00:09:10.690000,0 days 00:09:30.608000,311.0,245.0,282.0,311.0,True,ULTRASOFT,2.0,True,McLaren,0 days 00:08:25.096000,2018-06-30 13:04:33.345,21,,False,,False,True
0 days 00:10:59.046000,VAN,2,0 days 00:01:28.438000,3.0,1.0,,,0 days 00:00:19.839000,0 days 00:00:39.512000,0 days 00:00:29.087000,0 days 00:09:50.447000,0 days 00:10:29.959000,0 days 00:10:59.046000,262.0,204.0,283.0,274.0,False,ULTRASOFT,3.0,True,McLaren,0 days 00:09:30.608000,2018-06-30 13:05:38.857,1,,False,,False,True
0 days 00:12:04.443000,VAN,2,0 days 00:01:05.397000,4.0,1.0,,,0 days 00:00:16.576000,0 days 00:00:28.932000,0 days 00:00:19.889000,0 days 00:11:15.622000,0 days 00:11:44.554000,0 days 00:12:04.443000,311.0,246.0,282.0,309.0,True,ULTRASOFT,4.0,True,McLaren,0 days 00:10:59.046000,2018-06-30 13:07:07.295,1,,False,,False,True
0 days 00:13:30.705000,VAN,2,0 days 00:01:26.262000,5.0,1.0,,0 days 00:13:27.395000,0 days 00:00:18.543000,0 days 00:00:36.851000,0 days 00:00:30.868000,0 days 00:12:22.986000,0 days 00:12:59.837000,0 days 00:13:30.705000,275.0,201.0,,262.0,False,ULTRASOFT,5.0,True,McLaren,0 days 00:12:04.443000,2018-06-30 13:08:12.692,1,,False,,False,False
0 days 00:18:48.529000,VAN,2,,6.0,2.0,0 days 00:17:29.571000,,,0 days 00:00:34.256000,0 days 00:00:26.440000,,0 days 00:18:22.138000,0 days 00:18:48.639000,297.0,216.0,285.0,286.0,False,ULTRASOFT,1.0,True,McLaren,0 days 00:13:30.705000,2018-06-30 13:09:38.954,1,,False,,False,False
0 days 00:19:53.800000,VAN,2,0 days 00:01:05.271000,7.0,2.0,,,0 days 00:00:16.515000,0 days 00:00:28.874000,0 days 00:00:19.882000,0 days 00:19:05.044000,0 days 00:19:33.918000,0 days 00:19:53.800000,312.0,246.0,282.0,314.0,True,ULTRASOFT,2.0,True,McLaren,0 days 00:18:48.529000,2018-06-30 13:14:56.778,1,,False,,False,True
0 days 00:21:22.468000,VAN,2,0 days 00:01:28.668000,8.0,2.0,,,0 days 00:00:19.553000,0 days 00:00:38.812000,0 days 00:00:30.303000,0 days 00:20:13.353000,0 days 00:20:52.165000,0 days 00:21:22.468000,260.0,188.0,284.0,252.0,False,ULTRASOFT,3.0,True,McLaren,0 days 00:19:53.800000,2018-06-30 13:16:02.049,1,,False,,False,True
0 days 00:22:44.760000,VAN,2,0 days 00:01:22.292000,9.0,2.0,,0 days 00:22:41.406000,0 days 00:00:16.660000,0 days 00:00:33.521000,0 days 00:00:32.111000,0 days 00:21:39.128000,0 days 00:22:12.649000,0 days 00:22:44.760000,310.0,206.0,,301.0,False,ULTRASOFT,4.0,True,McLaren,0 days 00:21:22.468000,2018-06-30 13:17:30.717,12,,False,,False,False
0 days 00:06:12.251000,PER,11,,1.0,,0 days 00:04:55.384000,,,0 days 00:00:34.265000,0 days 00:00:23.951000,,0 days 00:05:48.300000,0 days 00:06:12.380000,263.0,196.0,255.0,267.0,False,nan,,True,Force India,0 days 00:04:55.384000,2018-06-30 13:01:03.633,,,False,,False,False
0 days 00:07:30.866000,PER,11,0 days 00:01:18.615000,2.0,1.0,,,0 days 00:00:18.512000,0 days 00:00:35.195000,0 days 00:00:24.908000,0 days 00:06:30.763000,0 days 00:07:05.958000,0 days 00:07:30.866000,275.0,183.0,283.0,247.0,True,ULTRASOFT,1.0,True,Force India,0 days 00:06:12.251000,2018-06-30 13:02:20.500,,,False,,False,False
0 days 00:08:52.981000,PER,11,0 days 00:01:22.115000,3.0,1.0,,,0 days 00:00:16.507000,0 days 00:00:36.693000,0 days 00:00:28.915000,0 days 00:07:47.373000,0 days 00:08:24.066000,0 days 00:08:52.981000,319.0,124.0,286.0,253.0,False,ULTRASOFT,2.0,True,Force India,0 days 00:07:30.866000,2018-06-30 13:03:39.115,,,False,,False,False
0 days 00:09:58.492000,PER,11,0 days 00:01:05.511000,4.0,1.0,,,0 days 00:00:16.417000,0 days 00:00:29.058000,0 days 00:00:20.036000,0 days 00:09:09.398000,0 days 00:09:38.456000,0 days 00:09:58.492000,325.0,243.0,285.0,318.0,True,ULTRASOFT,3.0,True,Force India,0 days 00:08:52.981000,2018-06-30 13:05:01.230,21,,False,,False,True
0 days 00:11:35.893000,PER,11,0 days 00:01:37.401000,5.0,1.0,,,0 days 00:00:23.263000,0 days 00:00:47.578000,0 days 00:00:26.560000,0 days 00:10:21.755000,0 days 00:11:09.333000,0 days 00:11:35.893000,176.0,113.0,289.0,181.0,False,ULTRASOFT,4.0,True,Force India,0 days 00:09:58.492000,2018-06-30 13:06:06.741,1,,False,,False,True
0 days 00:12:41.473000,PER,11,0 days 00:01:05.580000,6.0,1.0,,,0 days 00:00:16.271000,0 days 00:00:29.004000,0 days 00:00:20.305000,0 days 00:11:52.164000,0 days 00:12:21.168000,0 days 00:12:41.473000,323.0,247.0,285.0,320.0,False,ULTRASOFT,5.0,True,Force India,0 days 00:11:35.893000,2018-06-30 13:07:44.142,1,,False,,False,True
0 days 00:14:25.053000,PER,11,0 days 00:01:43.580000,7.0,1.0,,0 days 00:13:57.616000,0 days 00:00:18.803000,0 days 00:00:33.989000,0 days 00:00:50.788000,0 days 00:13:00.276000,0 days 00:13:34.265000,0 days 00:14:25.053000,274.0,230.0,,262.0,False,ULTRASOFT,6.0,True,Force India,0 days 00:12:41.473000,2018-06-30 13:08:49.722,1,,False,,False,False
0 days 00:18:45.511000,PER,11,,8.0,2.0,0 days 00:17:22.820000,,,0 days 00:00:36.314000,0 days 00:00:27.470000,,0 days 00:18:18.043000,0 days 00:18:45.656000,247.0,181.0,273.0,288.0,False,ULTRASOFT,1.0,True,Force India,0 days 00:14:25.053000,2018-06-30 13:10:33.302,1,,False,,False,False
0 days 00:20:10.530000,PER,11,0 days 00:01:25.019000,9.0,2.0,,,0 days 00:00:20.146000,0 days 00:00:38.595000,0 days 00:00:26.278000,0 days 00:19:05.657000,0 days 00:19:44.252000,0 days 00:20:10.530000,244.0,177.0,289.0,272.0,False,ULTRASOFT,2.0,True,Force India,0 days 00:18:45.511000,2018-06-30 13:14:53.760,1,,False,,False,True
0 days 00:21:15.809000,PER,11,0 days 00:01:05.279000,10.0,2.0,,,0 days 00:00:16.326000,0 days 00:00:28.936000,0 days 00:00:20.017000,0 days 00:20:26.856000,0 days 00:20:55.792000,0 days 00:21:15.809000,321.0,244.0,286.0,320.0,True,ULTRASOFT,3.0,True,Force India,0 days 00:20:10.530000,2018-06-30 13:16:18.779,1,,False,,False,True
0 days 00:22:47.169000,PER,11,0 days 00:01:31.360000,11.0,2.0,,0 days 00:22:43.656000,0 days 00:00:20.078000,0 days 00:00:37.757000,0 days 00:00:33.525000,0 days 00:21:35.887000,0 days 00:22:13.644000,0 days 00:22:47.169000,241.0,186.0,,265.0,False,ULTRASOFT,4.0,True,Force India,0 days 00:21:15.809000,2018-06-30 13:17:24.058,12,,False,,False,False
0 days 00:05:28.240000,SIR,35,,1.0,,0 days 00:04:05.754000,,,0 days 00:00:37.700000,0 days 00:00:26.943000,,0 days 00:05:01.297000,0 days 00:05:28.344000,266.0,205.0,287.0,144.0,False,nan,,True,Williams,0 days 00:04:05.754000,2018-06-30 13:00:14.003,,,False,,False,False
0 days 00:06:33.838000,SIR,35,0 days 00:01:05.598000,2.0,1.0,,,0 days 00:00:16.498000,0 days 00:00:29.035000,0 days 00:00:20.065000,0 days 00:05:44.738000,0 days 00:06:13.773000,0 days 00:06:33.838000,321.0,246.0,285.0,320.0,True,ULTRASOFT,1.0,True,Williams,0 days 00:05:28.240000,2018-06-30 13:01:36.489,,,False,,False,False
0 days 00:08:00.123000,SIR,35,0 days 00:01:26.285000,3.0,1.0,,,0 days 00:00:20.082000,0 days 00:00:40.557000,0 days 00:00:25.646000,0 days 00:06:53.920000,0 days 00:07:34.477000,0 days 00:08:00.123000,226.0,198.0,289.0,211.0,False,ULTRASOFT,2.0,True,Williams,0 days 00:06:33.838000,2018-06-30 13:02:42.087,,,False,,False,False
0 days 00:09:06.777000,SIR,35,0 days 00:01:06.654000,4.0,1.0,,,0 days 00:00:16.490000,0 days 00:00:29.796000,0 days 00:00:20.368000,0 days 00:08:16.613000,0 days 00:08:46.409000,0 days 00:09:06.777000,323.0,235.0,282.0,319.0,False,ULTRASOFT,3.0,True,Williams,0 days 00:08:00.123000,2018-06-30 13:04:08.372,,,False,,False,False
0 days 00:11:02.513000,SIR,35,0 days 00:01:55.736000,5.0,1.0,,0 days 00:10:26.694000,0 days 00:00:18.617000,0 days 00:00:35.315000,0 days 00:01:01.804000,0 days 00:09:25.394000,0 days 00:10:00.709000,0 days 00:11:02.513000,290.0,213.0,,244.0,False,ULTRASOFT,4.0,True,Williams,0 days 00:09:06.777000,2018-06-30 13:05:15.026,21,,False,,False,False
0 days 00:14:21.461000,SIR,35,,6.0,2.0,0 days 00:13:06.254000,,,0 days 00:00:34.678000,0 days 00:00:23.034000,,0 days 00:13:58.444000,0 days 00:14:21.558000,283.0,226.0,285.0,282.0,False,ULTRASOFT,1.0,True,Williams,0 days 00:11:02.513000,2018-06-30 13:07:10.762,1,,False,,False,False
0 days 00:15:26.783000,SIR,35,0 days 00:01:05.322000,7.0,2.0,,,0 days 00:00:16.523000,0 days 00:00:28.971000,0 days 00:00:19.828000,0 days 00:14:37.984000,0 days 00:15:06.955000,0 days 00:15:26.783000,317.0,247.0,286.0,317.0,True,ULTRASOFT,2.0,True,Williams,0 days 00:14:21.461000,2018-06-30 13:10:29.710,1,,False,,False,True
0 days 00:16:48.891000,SIR,35,0 days 00:01:22.108000,8.0,2.0,,0 days 00:16:45.614000,0 days 00:00:18.450000,0 days 00:00:34.348000,0 days 00:00:29.310000,0 days 00:15:45.233000,0 days 00:16:19.581000,0 days 00:16:48.891000,281.0,210.0,,284.0,False,ULTRASOFT,3.0,True,Williams,0 days 00:15:26.783000,2018-06-30 13:11:35.032,1,,False,,False,False
0 days 00:21:31.938000,SIR,35,,9.0,3.0,0 days 00:19:58.754000,,,0 days 00:00:39.574000,0 days 00:00:35.539000,,0 days 00:20:56.399000,0 days 00:21:32.042000,276.0,137.0,287.0,280.0,False,ULTRASOFT,1.0,True,Williams,0 days 00:16:48.891000,2018-06-30 13:12:57.140,1,,False,,False,False
0 days 00:22:53.506000,SIR,35,0 days 00:01:21.568000,10.0,3.0,,0 days 00:22:50.189000,0 days 00:00:16.484000,0 days 00:00:33.252000,0 days 00:00:31.832000,0 days 00:21:48.422000,0 days 00:22:21.674000,0 days 00:22:53.506000,320.0,203.0,,311.0,False,ULTRASOFT,2.0,True,Williams,0 days 00:21:31.938000,2018-06-30 13:17:40.187,12,,False,,False,False
0 days 00:05:19.142000,HAR,28,,1.0,,0 days 00:03:56.511000,,,0 days 00:00:37.148000,0 days 00:00:25.083000,,0 days 00:04:54.059000,0 days 00:05:19.237000,284.0,189.0,279.0,286.0,False,nan,,True,Toro Rosso,0 days 00:03:56.511000,2018-06-30 13:00:04.760,,,False,,False,False
0 days 00:06:25.013000,HAR,28,0 days 00:01:05.871000,2.0,,,,0 days 00:00:16.650000,0 days 00:00:29.029000,0 days 00:00:20.192000,0 days 00:05:35.792000,0 days 00:06:04.821000,0 days 00:06:25.013000,312.0,242.0,280.0,311.0,True,nan,,True,Toro Rosso,0 days 00:05:19.142000,2018-06-30 13:01:27.391,,,False,,False,False
0 days 00:07:48.088000,HAR,28,0 days 00:01:23.075000,3.0,1.0,,,0 days 00:00:19.144000,0 days 00:00:35.628000,0 days 00:00:28.303000,0 days 00:06:44.157000,0 days 00:07:19.785000,0 days 00:07:48.088000,288.0,206.0,284.0,285.0,False,ULTRASOFT,1.0,True,Toro Rosso,0 days 00:06:25.013000,2018-06-30 13:02:33.262,,,False,,False,False
0 days 00:09:10.209000,HAR,28,0 days 00:01:22.121000,4.0,1.0,,0 days 00:09:06.877000,0 days 00:00:16.843000,0 days 00:00:35.130000,0 days 00:00:30.148000,0 days 00:08:04.931000,0 days 00:08:40.061000,0 days 00:09:10.209000,307.0,217.0,,274.0,False,ULTRASOFT,2.0,True,Toro Rosso,0 days 00:07:48.088000,2018-06-30 13:03:56.337,,,False,,False,False
0 days 00:12:53.879000,HAR,28,,5.0,2.0,0 days 00:11:33.217000,,,0 days 00:00:34.613000,0 days 00:00:25.531000,,0 days 00:12:28.360000,0 days 00:12:53.994000,279.0,203.0,287.0,288.0,False,ULTRASOFT,1.0,True,Toro Rosso,0 days 00:09:10.209000,2018-06-30 13:05:18.458,21,,False,,False,False
0 days 00:13:59.245000,HAR,28,0 days 00:01:05.366000,6.0,2.0,,,0 days 00:00:16.538000,0 days 00:00:28.904000,0 days 00:00:19.924000,0 days 00:13:10.417000,0 days 00:13:39.321000,0 days 00:13:59.245000,318.0,244.0,285.0,317.0,True,ULTRASOFT,2.0,True,Toro Rosso,0 days 00:12:53.879000,2018-06-30 13:09:02.128,1,,False,,False,True
0 days 00:15:23.706000,HAR,28,0 days 00:01:24.461000,7.0,2.0,,,0 days 00:00:18.997000,0 days 00:00:39.615000,0 days 00:00:25.849000,0 days 00:14:18.242000,0 days 00:14:57.857000,0 days 00:15:23.706000,241.0,174.0,282.0,243.0,False,ULTRASOFT,3.0,True,Toro Rosso,0 days 00:13:59.245000,2018-06-30 13:10:07.494,1,,False,,False,True
0 days 00:16:38.516000,HAR,28,0 days 00:01:14.810000,8.0,2.0,,0 days 00:16:35.222000,0 days 00:00:16.614000,0 days 00:00:29.009000,0 days 00:00:29.187000,0 days 00:15:40.320000,0 days 00:16:09.329000,0 days 00:16:38.516000,316.0,243.0,,318.0,False,ULTRASOFT,4.0,True,Toro Rosso,0 days 00:15:23.706000,2018-06-30 13:11:31.955,1,,False,,False,False
0 days 00:20:48.491000,HAR,28,,9.0,3.0,0 days 00:19:32.627000,,,0 days 00:00:34.294000,0 days 00:00:23.721000,,0 days 00:20:24.771000,0 days 00:20:48.572000,280.0,193.0,285.0,288.0,False,ULTRASOFT,1.0,True,Toro Rosso,0 days 00:16:38.516000,2018-06-30 13:12:46.765,1,,False,,False,False
0 days 00:21:53.870000,HAR,28,0 days 00:01:05.379000,10.0,3.0,,,0 days 00:00:16.574000,0 days 00:00:28.930000,0 days 00:00:19.875000,0 days 00:21:05.065000,0 days 00:21:33.995000,0 days 00:21:53.870000,318.0,243.0,284.0,316.0,False,ULTRASOFT,2.0,True,Toro Rosso,0 days 00:20:48.491000,2018-06-30 13:16:56.740,12,,False,,False,True
0 days 00:23:20.692000,HAR,28,,11.0,3.0,,0 days 00:23:20.692000,0 days 00:00:21.241000,0 days 00:00:35.242000,,0 days 00:22:15.110000,0 days 00:22:50.346000,,265.0,151.0,,276.0,False,ULTRASOFT,3.0,True,Toro Rosso,0 days 00:21:53.870000,2018-06-30 13:18:02.119,21,,False,,False,False
0 days 00:05:32.602000,ERI,9,,1.0,,0 days 00:04:09.005000,,,0 days 00:00:35.935000,0 days 00:00:28.807000,,0 days 00:05:03.796000,0 days 00:05:32.703000,287.0,186.0,281.0,292.0,False,nan,,True,Sauber,0 days 00:04:09.005000,2018-06-30 13:00:17.254,,,False,,False,False
0 days 00:06:38.420000,ERI,9,0 days 00:01:05.818000,2.0,1.0,,,0 days 00:00:16.701000,0 days 00:00:29.155000,0 days 00:00:19.962000,0 days 00:05:49.303000,0 days 00:06:18.458000,0 days 00:06:38.420000,315.0,245.0,283.0,315.0,True,ULTRASOFT,1.0,True,Sauber,0 days 00:05:32.602000,2018-06-30 13:01:40.851,,,False,,False,False
0 days 00:08:20.419000,ERI,9,0 days 00:01:41.999000,3.0,1.0,,,0 days 00:00:25.523000,0 days 00:00:46.816000,0 days 00:00:29.660000,0 days 00:07:03.943000,0 days 00:07:50.759000,0 days 00:08:20.419000,197.0,166.0,282.0,170.0,False,ULTRASOFT,2.0,True,Sauber,0 days 00:06:38.420000,2018-06-30 13:02:46.669,,,False,,False,False
0 days 00:09:26.143000,ERI,9,0 days 00:01:05.724000,4.0,1.0,,,0 days 00:00:16.568000,0 days 00:00:29.130000,0 days 00:00:20.026000,0 days 00:08:36.987000,0 days 00:09:06.117000,0 days 00:09:26.143000,317.0,246.0,284.0,313.0,True,ULTRASOFT,3.0,True,Sauber,0 days 00:08:20.419000,2018-06-30 13:04:28.668,21,,False,,False,True
0 days 00:11:14.117000,ERI,9,0 days 00:01:47.974000,5.0,1.0,,,0 days 00:00:25.812000,0 days 00:00:51.198000,0 days 00:00:30.964000,0 days 00:09:51.955000,0 days 00:10:43.153000,0 days 00:11:14.117000,221.0,129.0,284.0,114.0,False,ULTRASOFT,4.0,True,Sauber,0 days 00:09:26.143000,2018-06-30 13:05:34.392,1,,False,,False,True
0 days 00:12:20.041000,ERI,9,0 days 00:01:05.924000,6.0,1.0,,,0 days 00:00:16.621000,0 days 00:00:29.276000,0 days 00:00:20.027000,0 days 00:11:30.738000,0 days 00:12:00.014000,0 days 00:12:20.041000,314.0,244.0,284.0,313.0,False,ULTRASOFT,5.0,True,Sauber,0 days 00:11:14.117000,2018-06-30 13:07:22.366,1,,False,,False,True
0 days 00:13:37.805000,ERI,9,0 days 00:01:17.764000,7.0,1.0,,0 days 00:13:34.521000,0 days 00:00:18.770000,0 days 00:00:32.920000,0 days 00:00:26.074000,0 days 00:12:38.811000,0 days 00:13:11.731000,0 days 00:13:37.805000,279.0,225.0,,277.0,False,ULTRASOFT,6.0,True,Sauber,0 days 00:12:20.041000,2018-06-30 13:08:28.290,1,,False,,False,False
0 days 00:18:25.679000,ERI,9,,8.0,2.0,0 days 00:16:57.757000,,,0 days 00:00:44.600000,0 days 00:00:24.559000,,0 days 00:18:01.120000,0 days 00:18:25.808000,276.0,184.0,282.0,174.0,False,ULTRASOFT,1.0,True,Sauber,0 days 00:13:37.805000,2018-06-30 13:09:46.054,1,,False,,False,False
0 days 00:19:31.158000,ERI,9,0 days 00:01:05.479000,9.0,2.0,,,0 days 00:00:16.636000,0 days 00:00:29.038000,0 days 00:00:19.805000,0 days 00:18:42.315000,0 days 00:19:11.353000,0 days 00:19:31.158000,311.0,247.0,283.0,313.0,True,ULTRASOFT,2.0,True,Sauber,0 days 00:18:25.679000,2018-06-30 13:14:33.928,1,,False,,False,True
0 days 00:21:28.942000,ERI,9,0 days 00:01:57.784000,10.0,2.0,,,0 days 00:00:24.395000,0 days 00:00:53.602000,0 days 00:00:39.787000,0 days 00:19:55.553000,0 days 00:20:49.155000,0 days 00:21:28.942000,230.0,163.0,283.0,215.0,False,ULTRASOFT,3.0,True,Sauber,0 days 00:19:31.158000,2018-06-30 13:15:39.407,1,,False,,False,True
0 days 00:22:51.562000,ERI,9,0 days 00:01:22.620000,11.0,2.0,,0 days 00:22:48.285000,0 days 00:00:16.565000,0 days 00:00:33.191000,0 days 00:00:32.864000,0 days 00:21:45.507000,0 days 00:22:18.698000,0 days 00:22:51.562000,318.0,194.0,,316.0,False,ULTRASOFT,4.0,True,Sauber,0 days 00:21:28.942000,2018-06-30 13:17:37.191,12,,False,,False,False
