Time,Driver,DriverNumber,LapTime,LapNumber,Stint,PitOutTime,PitInTime,Sector1Time,Sector2Time,Sector3Time,Sector1SessionTime,Sector2SessionTime,Sector3SessionTime,SpeedI1,SpeedI2,SpeedFL,SpeedST,IsPersonalBest,Compound,TyreLife,FreshTyre,Team,LapStartTime,LapStartDate,TrackStatus,Position,Deleted,DeletedReason,FastF1Generated,IsAccurate
0 days 00:21:21.057000,VET,5,0 days 00:01:35.117000,1.0,1.0,0 days 00:19:47.291000,,0 days 00:00:28.521000,0 days 00:00:28.444000,0 days 00:00:38.152000,0 days 00:20:14.498000,0 days 00:20:42.921000,0 days 00:21:21.172000,215.0,257.0,300.0,118.0,False,SOFT,1.0,True,Ferrari,0 days 00:19:47.291000,2019-06-08 18:04:47.356,1,,False,,False,False
0 days 00:22:33.396000,VET,5,0 days 00:01:12.339000,2.0,1.0,,,0 days 00:00:20.189000,0 days 00:00:23.135000,0 days 00:00:29.015000,0 days 00:21:41.246000,0 days 00:22:04.381000,0 days 00:22:33.396000,263.0,257.0,299.0,326.0,True,SOFT,2.0,True,Ferrari,0 days 00:21:21.057000,2019-06-08 18:06:21.122,1,,False,,False,True
0 days 00:24:07.874000,VET,5,0 days 00:01:34.478000,3.0,1.0,,,0 days 00:00:25.946000,0 days 00:00:31.364000,0 days 00:00:37.168000,0 days 00:22:59.342000,0 days 00:23:30.706000,0 days 00:24:07.874000,178.0,245.0,301.0,273.0,False,SOFT,3.0,True,Ferrari,0 days 00:22:33.396000,2019-06-08 18:07:33.461,1,,False,,False,True
0 days 00:25:19.475000,VET,5,0 days 00:01:11.601000,4.0,1.0,,,0 days 00:00:19.823000,0 days 00:00:22.860000,0 days 00:00:28.918000,0 days 00:24:27.697000,0 days 00:24:50.557000,0 days 00:25:19.475000,266.0,291.0,302.0,331.0,True,SOFT,4.0,True,Ferrari,0 days 00:24:07.874000,2019-06-08 18:09:07.939,1,,False,,False,True
0 days 00:26:55.614000,VET,5,0 days 00:01:36.139000,5.0,1.0,,,0 days 00:00:25.260000,0 days 00:00:29.973000,0 days 00:00:40.906000,0 days 00:25:44.735000,0 days 00:26:14.708000,0 days 00:26:55.614000,217.0,250.0,299.0,222.0,False,SOFT,5.0,True,Ferrari,0 days 00:25:19.475000,2019-06-08 18:10:19.540,1,,False,,False,True
0 days 00:28:06.814000,VET,5,0 days 00:01:11.200000,6.0,1.0,,,0 days 00:00:19.786000,0 days 00:00:22.796000,0 days 00:00:28.618000,0 days 00:27:15.400000,0 days 00:27:38.196000,0 days 00:28:06.814000,265.0,289.0,301.0,331.0,True,SOFT,6.0,True,Ferrari,0 days 00:26:55.614000,2019-06-08 18:11:55.679,1,,False,,False,True
0 days 00:40:55.711000,VET,5,,7.0,1.0,,0 days 00:29:31.868000,0 days 00:00:25.040000,0 days 00:00:29.407000,,0 days 00:28:31.871000,0 days 00:29:01.277000,,192.0,242.0,,192.0,False,SOFT,7.0,True,Ferrari,0 days 00:28:06.814000,2019-06-08 18:13:06.879,1,,False,,False,False
0 days 00:42:20.195000,VET,5,0 days 00:01:24.484000,8.0,2.0,0 days 00:40:57.049000,,0 days 00:00:25.735000,0 days 00:00:27.018000,0 days 00:00:31.731000,0 days 00:41:21.446000,0 days 00:41:48.464000,0 days 00:42:20.195000,226.0,257.0,302.0,293.0,False,MEDIUM,1.0,True,Ferrari,0 days 00:40:55.711000,2019-06-08 18:25:55.776,1,,False,,False,False
0 days 00:43:31.504000,VET,5,0 days 00:01:11.309000,9.0,2.0,,,0 days 00:00:19.645000,0 days 00:00:22.915000,0 days 00:00:28.749000,0 days 00:42:39.840000,0 days 00:43:02.755000,0 days 00:43:31.504000,266.0,289.0,301.0,327.0,True,MEDIUM,2.0,True,Ferrari,0 days 00:42:20.195000,2019-06-08 18:27:20.260,1,,False,,False,True
0 days 00:45:13.475000,VET,5,0 days 00:01:41.971000,10.0,2.0,,,0 days 00:00:26.450000,0 days 00:00:31.809000,0 days 00:00:43.712000,0 days 00:43:57.954000,0 days 00:44:29.763000,0 days 00:45:13.475000,188.0,175.0,300.0,119.0,False,MEDIUM,3.0,True,Ferrari,0 days 00:43:31.504000,2019-06-08 18:28:31.569,1,,False,,False,True
0 days 00:46:24.617000,VET,5,0 days 00:01:11.142000,11.0,2.0,,,0 days 00:00:19.608000,0 days 00:00:22.960000,0 days 00:00:28.574000,0 days 00:45:33.083000,0 days 00:45:56.043000,0 days 00:46:24.617000,267.0,290.0,304.0,333.0,True,MEDIUM,4.0,True,Ferrari,0 days 00:45:13.475000,2019-06-08 18:30:13.540,1,,False,,False,True
0 days 00:53:06.980000,VET,5,,12.0,2.0,,0 days 00:47:52.600000,0 days 00:00:26.741000,0 days 00:00:33.652000,,0 days 00:46:51.371000,0 days 00:47:25.004000,,191.0,248.0,,291.0,False,MEDIUM,5.0,True,Ferrari,0 days 00:46:24.617000,2019-06-08 18:31:24.682,1,,False,,False,False
0 days 00:54:45.453000,VET,5,0 days 00:01:38.473000,13.0,3.0,0 days 00:53:08.329000,,0 days 00:00:26.899000,0 days 00:00:26.694000,0 days 00:00:44.880000,0 days 00:53:33.879000,0 days 00:54:00.573000,0 days 00:54:45.453000,223.0,260.0,300.0,104.0,False,SOFT,1.0,True,Ferrari,0 days 00:53:06.980000,2019-06-08 18:38:07.045,1,,False,,False,False
0 days 01:21:49.623000,VET,5,,14.0,3.0,,0 days 00:56:16.714000,0 days 00:00:19.682000,0 days 00:00:34.737000,,0 days 00:55:05.157000,0 days 00:55:39.882000,,267.0,205.0,,189.0,False,SOFT,2.0,True,Ferrari,0 days 00:54:45.453000,2019-06-08 18:39:45.518,125,,False,,False,False
0 days 01:23:21.143000,VET,5,0 days 00:01:31.520000,15.0,4.0,0 days 01:21:50.969000,,0 days 00:00:26.221000,0 days 00:00:28.803000,0 days 00:00:36.496000,0 days 01:22:15.844000,0 days 01:22:44.647000,0 days 01:23:21.143000,228.0,231.0,302.0,218.0,False,SOFT,1.0,True,Ferrari,0 days 01:21:49.623000,2019-06-08 19:06:49.688,1,,False,,False,False
0 days 01:24:31.824000,VET,5,0 days 00:01:10.681000,16.0,4.0,,,0 days 00:00:19.571000,0 days 00:00:22.661000,0 days 00:00:28.449000,0 days 01:23:40.714000,0 days 01:24:03.375000,0 days 01:24:31.824000,267.0,290.0,306.0,332.0,True,SOFT,2.0,True,Ferrari,0 days 01:23:21.143000,2019-06-08 19:08:21.208,12,,False,,False,True
0 days 01:26:01.562000,VET,5,0 days 00:01:29.738000,17.0,4.0,,,0 days 00:00:26.718000,0 days 00:00:29.016000,0 days 00:00:34.004000,0 days 01:24:58.542000,0 days 01:25:27.558000,0 days 01:26:01.562000,215.0,254.0,301.0,240.0,False,SOFT,3.0,True,Ferrari,0 days 01:24:31.824000,2019-06-08 19:09:31.889,1,,False,,False,True
0 days 01:27:12.568000,VET,5,0 days 00:01:11.006000,18.0,4.0,,,0 days 00:00:19.622000,0 days 00:00:22.761000,0 days 00:00:28.623000,0 days 01:26:21.184000,0 days 01:26:43.945000,0 days 01:27:12.568000,266.0,289.0,294.0,329.0,False,SOFT,4.0,True,Ferrari,0 days 01:26:01.562000,2019-06-08 19:11:01.627,1,,False,,False,True
0 days 01:29:56.473000,VET,5,,19.0,4.0,,0 days 01:28:25.834000,0 days 00:00:22.053000,0 days 00:00:25.382000,,0 days 01:27:34.636000,0 days 01:28:00.032000,,238.0,254.0,,293.0,False,SOFT,5.0,True,Ferrari,0 days 01:27:12.568000,2019-06-08 19:12:12.633,1,,False,,False,False
0 days 01:31:17.688000,VET,5,0 days 00:01:21.215000,20.0,5.0,0 days 01:29:57.843000,,0 days 00:00:24.802000,0 days 00:00:25.698000,0 days 00:00:30.715000,0 days 01:30:21.275000,0 days 01:30:46.973000,0 days 01:31:17.688000,241.0,259.0,305.0,299.0,False,SOFT,1.0,True,Ferrari,0 days 01:29:56.473000,2019-06-08 19:14:56.538,1,,False,,False,False
0 days 01:32:27.928000,VET,5,0 days 00:01:10.240000,21.0,5.0,,,0 days 00:00:19.357000,0 days 00:00:22.427000,0 days 00:00:28.456000,0 days 01:31:37.045000,0 days 01:31:59.472000,0 days 01:32:27.928000,268.0,291.0,305.0,330.0,True,SOFT,2.0,True,Ferrari,0 days 01:31:17.688000,2019-06-08 19:16:17.753,1,,False,,False,True
0 days 01:34:16.865000,VET,5,0 days 00:01:48.937000,22.0,5.0,,0 days 01:33:56.600000,0 days 00:00:28.672000,0 days 00:00:29.836000,0 days 00:00:50.429000,0 days 01:32:56.600000,0 days 01:33:26.436000,0 days 01:34:16.865000,203.0,247.0,,283.0,False,SOFT,3.0,True,Ferrari,0 days 01:32:27.928000,2019-06-08 19:17:27.993,1,,False,,False,False
0 days 00:22:51.933000,HAM,44,0 days 00:01:31.553000,1.0,1.0,0 days 00:21:21.765000,,0 days 00:00:26.245000,0 days 00:00:26.598000,0 days 00:00:38.710000,0 days 00:21:46.662000,0 days 00:22:13.260000,0 days 00:22:52.073000,242.0,231.0,290.0,144.0,False,SOFT,1.0,True,Mercedes,0 days 00:21:21.765000,2019-06-08 18:06:21.830,1,,False,,False,False
0 days 00:24:04.032000,HAM,44,0 days 00:01:12.099000,2.0,1.0,,,0 days 00:00:20.024000,0 days 00:00:22.813000,0 days 00:00:29.262000,0 days 00:23:11.957000,0 days 00:23:34.770000,0 days 00:24:04.032000,261.0,285.0,295.0,321.0,True,SOFT,2.0,True,Mercedes,0 days 00:22:51.933000,2019-06-08 18:07:51.998,1,,False,,False,True
0 days 00:25:40.796000,HAM,44,0 days 00:01:36.764000,3.0,1.0,,,0 days 00:00:29.080000,0 days 00:00:32.580000,0 days 00:00:35.104000,0 days 00:24:33.112000,0 days 00:25:05.692000,0 days 00:25:40.796000,179.0,222.0,294.0,274.0,False,SOFT,3.0,True,Mercedes,0 days 00:24:04.032000,2019-06-08 18:09:04.097,1,,False,,False,True
0 days 00:26:52.314000,HAM,44,0 days 00:01:11.518000,4.0,1.0,,,0 days 00:00:19.557000,0 days 00:00:22.850000,0 days 00:00:29.111000,0 days 00:26:00.353000,0 days 00:26:23.203000,0 days 00:26:52.314000,260.0,283.0,295.0,319.0,True,SOFT,4.0,True,Mercedes,0 days 00:25:40.796000,2019-06-08 18:10:40.861,1,,False,,False,True
0 days 00:28:33.582000,HAM,44,0 days 00:01:41.268000,5.0,1.0,,,0 days 00:00:28.539000,0 days 00:00:35.809000,0 days 00:00:36.920000,0 days 00:27:20.853000,0 days 00:27:56.662000,0 days 00:28:33.582000,151.0,214.0,291.0,256.0,False,SOFT,5.0,True,Mercedes,0 days 00:26:52.314000,2019-06-08 18:11:52.379,1,,False,,False,True
0 days 00:29:45.452000,HAM,44,0 days 00:01:11.870000,6.0,1.0,,,0 days 00:00:19.605000,0 days 00:00:22.758000,0 days 00:00:29.507000,0 days 00:28:53.187000,0 days 00:29:15.945000,0 days 00:29:45.452000,260.0,282.0,271.0,319.0,False,SOFT,6.0,True,Mercedes,0 days 00:28:33.582000,2019-06-08 18:13:33.647,1,,False,,False,True
0 days 00:40:03.564000,HAM,44,,7.0,1.0,,0 days 00:31:05.452000,0 days 00:00:24.215000,0 days 00:00:27.745000,,0 days 00:30:09.714000,0 days 00:30:37.419000,,205.0,234.0,,284.0,False,SOFT,7.0,True,Mercedes,0 days 00:29:45.452000,2019-06-08 18:14:45.517,1,,False,,False,False
0 days 00:41:25.692000,HAM,44,0 days 00:01:22.128000,8.0,2.0,0 days 00:40:04.930000,,0 days 00:00:25.211000,0 days 00:00:25.288000,0 days 00:00:31.629000,0 days 00:40:28.775000,0 days 00:40:54.063000,0 days 00:41:25.692000,246.0,264.0,294.0,301.0,False,MEDIUM,1.0,True,Mercedes,0 days 00:40:03.564000,2019-06-08 18:25:03.629,1,,False,,False,False
0 days 00:42:37.028000,HAM,44,0 days 00:01:11.336000,9.0,2.0,,,0 days 00:00:19.604000,0 days 00:00:22.826000,0 days 00:00:28.906000,0 days 00:41:45.296000,0 days 00:42:08.122000,0 days 00:42:37.028000,264.0,284.0,295.0,321.0,True,MEDIUM,2.0,True,Mercedes,0 days 00:41:25.692000,2019-06-08 18:26:25.757,1,,False,,False,True
0 days 00:47:14.729000,HAM,44,,10.0,2.0,,0 days 00:43:58.851000,0 days 00:00:25.188000,0 days 00:00:27.996000,,0 days 00:43:02.239000,0 days 00:43:30.256000,,192.0,254.0,,273.0,False,MEDIUM,3.0,True,Mercedes,0 days 00:42:37.028000,2019-06-08 18:27:37.093,1,,False,,False,False
0 days 00:48:36.915000,HAM,44,0 days 00:01:22.186000,11.0,3.0,0 days 00:47:16.065000,,0 days 00:00:25.502000,0 days 00:00:24.903000,0 days 00:00:31.781000,0 days 00:47:40.231000,0 days 00:48:05.134000,0 days 00:48:36.915000,240.0,267.0,294.0,301.0,False,MEDIUM,1.0,True,Mercedes,0 days 00:47:14.729000,2019-06-08 18:32:14.794,1,,False,,False,False
0 days 00:49:47.925000,HAM,44,0 days 00:01:11.010000,12.0,3.0,,,0 days 00:00:19.458000,0 days 00:00:22.629000,0 days 00:00:28.923000,0 days 00:48:56.373000,0 days 00:49:19.002000,0 days 00:49:47.925000,264.0,284.0,296.0,320.0,True,MEDIUM,2.0,True,Mercedes,0 days 00:48:36.915000,2019-06-08 18:33:36.980,1,,False,,False,True
0 days 00:53:02.244000,HAM,44,,13.0,3.0,,0 days 00:51:10.596000,0 days 00:00:23.973000,0 days 00:00:28.386000,,0 days 00:50:11.924000,0 days 00:50:40.316000,,207.0,197.0,,235.0,False,MEDIUM,3.0,True,Mercedes,0 days 00:49:47.925000,2019-06-08 18:34:47.990,1,,False,,False,False
0 days 00:54:31.203000,HAM,44,0 days 00:01:28.959000,14.0,4.0,0 days 00:53:03.586000,,0 days 00:00:25.799000,0 days 00:00:25.370000,0 days 00:00:37.790000,0 days 00:53:28.043000,0 days 00:53:53.413000,0 days 00:54:31.203000,249.0,268.0,296.0,164.0,False,SOFT,1.0,True,Mercedes,0 days 00:53:02.244000,2019-06-08 18:38:02.309,1,,False,,False,False
0 days 01:22:02.753000,HAM,44,,15.0,4.0,,0 days 00:55:51.208000,0 days 00:00:19.384000,0 days 00:00:22.624000,,0 days 00:54:50.586000,0 days 00:55:13.222000,,264.0,267.0,,273.0,False,SOFT,2.0,True,Mercedes,0 days 00:54:31.203000,2019-06-08 18:39:31.268,125,,False,,False,False
0 days 01:23:29.147000,HAM,44,0 days 00:01:26.394000,16.0,5.0,0 days 01:22:04.088000,,0 days 00:00:25.047000,0 days 00:00:24.889000,0 days 00:00:36.458000,0 days 01:22:27.800000,0 days 01:22:52.689000,0 days 01:23:29.147000,247.0,265.0,298.0,267.0,False,SOFT,1.0,True,Mercedes,0 days 01:22:02.753000,2019-06-08 19:07:02.818,1,,False,,False,False
0 days 01:24:39.640000,HAM,44,0 days 00:01:10.493000,17.0,5.0,,,0 days 00:00:19.440000,0 days 00:00:22.370000,0 days 00:00:28.683000,0 days 01:23:48.587000,0 days 01:24:10.957000,0 days 01:24:39.640000,266.0,287.0,301.0,326.0,True,SOFT,2.0,True,Mercedes,0 days 01:23:29.147000,2019-06-08 19:08:29.212,12,,False,,False,True
0 days 01:29:30.832000,HAM,44,,18.0,5.0,,0 days 01:25:58.633000,0 days 00:00:22.981000,0 days 00:00:25.931000,,0 days 01:25:02.645000,0 days 01:25:28.604000,,241.0,259.0,,273.0,False,SOFT,3.0,True,Mercedes,0 days 01:24:39.640000,2019-06-08 19:09:39.705,1,,False,,False,False
0 days 01:31:06.644000,HAM,44,0 days 00:01:35.812000,19.0,6.0,0 days 01:29:33.804000,,0 days 00:00:28.609000,0 days 00:00:30.051000,0 days 00:00:37.152000,0 days 01:29:59.441000,0 days 01:30:29.492000,0 days 01:31:06.644000,248.0,238.0,298.0,298.0,False,SOFT,1.0,True,Mercedes,0 days 01:29:30.832000,2019-06-08 19:14:30.897,1,,False,,False,False
0 days 01:32:17.090000,HAM,44,0 days 00:01:10.446000,20.0,6.0,,,0 days 00:00:19.323000,0 days 00:00:22.369000,0 days 00:00:28.754000,0 days 01:31:25.967000,0 days 01:31:48.336000,0 days 01:32:17.090000,266.0,287.0,299.0,323.0,True,SOFT,2.0,True,Mercedes,0 days 01:31:06.644000,2019-06-08 19:16:06.709,1,,False,,False,True
0 days 01:34:04.161000,HAM,44,0 days 00:01:47.071000,21.0,6.0,,0 days 01:33:45.088000,0 days 00:00:25.818000,0 days 00:00:29.685000,0 days 00:00:51.568000,0 days 01:32:42.908000,0 days 01:33:12.593000,0 days 01:34:04.161000,199.0,201.0,,259.0,False,SOFT,3.0,True,Mercedes,0 days 01:32:17.090000,2019-06-08 19:17:17.155,1,,False,,False,False
0 days 00:21:14.748000,LEC,16,0 days 00:01:35.427000,1.0,1.0,0 days 00:19:40.677000,,0 days 00:00:27.608000,0 days 00:00:29.087000,0 days 00:00:38.732000,0 days 00:20:06.963000,0 days 00:20:36.119000,0 days 00:21:14.854000,215.0,117.0,300.0,245.0,False,SOFT,1.0,True,Ferrari,0 days 00:19:40.677000,2019-06-08 18:04:40.742,1,,False,,False,False
0 days 00:22:26.534000,LEC,16,0 days 00:01:11.786000,2.0,1.0,,,0 days 00:00:19.927000,0 days 00:00:22.983000,0 days 00:00:28.876000,0 days 00:21:34.675000,0 days 00:21:57.658000,0 days 00:22:26.534000,266.0,287.0,300.0,325.0,True,SOFT,2.0,True,Ferrari,0 days 00:21:14.748000,2019-06-08 18:06:14.813,1,,False,,False,True
0 days 00:23:59.499000,LEC,16,0 days 00:01:32.965000,3.0,1.0,,,0 days 00:00:26.048000,0 days 00:00:30.051000,0 days 00:00:36.866000,0 days 00:22:52.582000,0 days 00:23:22.633000,0 days 00:23:59.499000,173.0,167.0,300.0,255.0,False,SOFT,3.0,True,Ferrari,0 days 00:22:26.534000,2019-06-08 18:07:26.599,1,,False,,False,True
0 days 00:25:10.980000,LEC,16,0 days 00:01:11.481000,4.0,1.0,,,0 days 00:00:19.862000,0 days 00:00:22.811000,0 days 00:00:28.808000,0 days 00:24:19.361000,0 days 00:24:42.172000,0 days 00:25:10.980000,266.0,288.0,301.0,325.0,True,SOFT,4.0,True,Ferrari,0 days 00:23:59.499000,2019-06-08 18:08:59.564,1,,False,,False,True
0 days 00:26:46.152000,LEC,16,0 days 00:01:35.172000,5.0,1.0,,,0 days 00:00:25.315000,0 days 00:00:33.587000,0 days 00:00:36.270000,0 days 00:25:36.295000,0 days 00:26:09.882000,0 days 00:26:46.152000,200.0,149.0,300.0,269.0,False,SOFT,5.0,True,Ferrari,0 days 00:25:10.980000,2019-06-08 18:10:11.045,1,,False,,False,True
0 days 00:27:57.366000,LEC,16,0 days 00:01:11.214000,6.0,1.0,,,0 days 00:00:19.737000,0 days 00:00:22.844000,0 days 00:00:28.633000,0 days 00:27:05.889000,0 days 00:27:28.733000,0 days 00:27:57.366000,267.0,288.0,300.0,327.0,True,SOFT,6.0,True,Ferrari,0 days 00:26:46.152000,2019-06-08 18:11:46.217,1,,False,,False,True
0 days 00:40:51.229000,LEC,16,,7.0,1.0,,0 days 00:29:17.968000,0 days 00:00:24.863000,0 days 00:00:27.075000,,0 days 00:28:22.261000,0 days 00:28:49.296000,,212.0,255.0,,293.0,False,SOFT,7.0,True,Ferrari,0 days 00:27:57.366000,2019-06-08 18:12:57.431,1,,False,,False,False
0 days 00:42:14.596000,LEC,16,0 days 00:01:23.367000,8.0,2.0,0 days 00:40:52.587000,,0 days 00:00:26.399000,0 days 00:00:25.783000,0 days 00:00:31.185000,0 days 00:41:17.628000,0 days 00:41:43.411000,0 days 00:42:14.596000,235.0,256.0,299.0,295.0,False,MEDIUM,1.0,True,Ferrari,0 days 00:40:51.229000,2019-06-08 18:25:51.294,1,,False,,False,False
0 days 00:43:36.602000,LEC,16,0 days 00:01:22.006000,9.0,2.0,,,0 days 00:00:19.755000,0 days 00:00:27.535000,0 days 00:00:34.716000,0 days 00:42:34.351000,0 days 00:43:01.886000,0 days 00:43:36.602000,265.0,165.0,256.0,294.0,True,MEDIUM,2.0,True,Ferrari,0 days 00:42:14.596000,2019-06-08 18:27:14.661,1,,False,,False,True
0 days 00:45:00.849000,LEC,16,0 days 00:01:24.247000,10.0,2.0,,,0 days 00:00:23.341000,0 days 00:00:28.713000,0 days 00:00:32.193000,0 days 00:43:59.943000,0 days 00:44:28.656000,0 days 00:45:00.849000,214.0,246.0,301.0,291.0,False,MEDIUM,3.0,True,Ferrari,0 days 00:43:36.602000,2019-06-08 18:28:36.667,1,,False,,False,True
0 days 00:46:12.054000,LEC,16,0 days 00:01:11.205000,11.0,2.0,,,0 days 00:00:19.714000,0 days 00:00:22.778000,0 days 00:00:28.713000,0 days 00:45:20.563000,0 days 00:45:43.341000,0 days 00:46:12.054000,265.0,287.0,300.0,326.0,True,MEDIUM,4.0,True,Ferrari,0 days 00:45:00.849000,2019-06-08 18:30:00.914,1,,False,,False,True
0 days 00:47:23.259000,LEC,16,0 days 00:01:11.205000,12.0,2.0,,0 days 00:47:29.746000,0 days 00:00:24.053000,0 days 00:00:27.101000,,0 days 00:46:36.107000,0 days 00:47:03.208000,,210.0,252.0,,290.0,False,MEDIUM,5.0,True,Ferrari,0 days 00:46:12.054000,2019-06-08 18:31:12.119,1,,False,,False,False
0 days 00:48:53.393000,LEC,16,0 days 00:01:30.134000,13.0,2.0,0 days 00:52:58.142000,,0 days 00:00:25.333000,0 days 00:00:26.652000,0 days 00:00:38.149000,0 days 00:47:48.592000,0 days 00:48:15.244000,0 days 00:48:53.393000,233.0,257.0,301.0,203.0,False,MEDIUM,6.0,True,Ferrari,0 days 00:47:23.259000,2019-06-08 18:32:23.324,1,,False,,False,False
0 days 01:21:45.644000,LEC,16,,14.0,3.0,,0 days 00:55:46.013000,0 days 00:00:19.635000,0 days 00:00:22.666000,,0 days 00:54:46.577000,0 days 00:55:09.259000,,268.0,289.0,,166.0,False,SOFT,1.0,True,Ferrari,0 days 00:48:53.393000,2019-06-08 18:33:53.458,125,,False,,False,False
0 days 01:23:14.230000,LEC,16,0 days 00:01:28.586000,15.0,4.0,0 days 01:21:46.975000,,0 days 00:00:26.472000,0 days 00:00:30.425000,0 days 00:00:31.689000,0 days 01:22:12.116000,0 days 01:22:42.541000,0 days 01:23:14.230000,208.0,250.0,302.0,290.0,False,SOFT,1.0,True,Ferrari,0 days 01:21:45.644000,2019-06-08 19:06:45.709,1,,False,,False,False
0 days 01:24:25.418000,LEC,16,0 days 00:01:11.188000,16.0,4.0,,,0 days 00:00:19.747000,0 days 00:00:22.696000,0 days 00:00:28.745000,0 days 01:23:33.977000,0 days 01:23:56.673000,0 days 01:24:25.418000,265.0,286.0,301.0,325.0,True,SOFT,2.0,True,Ferrari,0 days 01:23:14.230000,2019-06-08 19:08:14.295,12,,False,,False,True
0 days 01:25:55.769000,LEC,16,0 days 00:01:30.351000,17.0,4.0,,,0 days 00:00:27.714000,0 days 00:00:29.207000,0 days 00:00:33.430000,0 days 01:24:53.132000,0 days 01:25:22.339000,0 days 01:25:55.769000,177.0,249.0,300.0,288.0,False,SOFT,3.0,True,Ferrari,0 days 01:24:25.418000,2019-06-08 19:09:25.483,1,,False,,False,True
0 days 01:27:06.865000,LEC,16,0 days 00:01:11.096000,18.0,4.0,,,0 days 00:00:19.590000,0 days 00:00:22.720000,0 days 00:00:28.786000,0 days 01:26:15.359000,0 days 01:26:38.079000,0 days 01:27:06.865000,266.0,287.0,299.0,325.0,True,SOFT,4.0,True,Ferrari,0 days 01:25:55.769000,2019-06-08 19:10:55.834,1,,False,,False,True
0 days 01:29:51.959000,LEC,16,,19.0,4.0,,0 days 01:28:20.858000,0 days 00:00:22.461000,0 days 00:00:25.614000,,0 days 01:27:29.347000,0 days 01:27:54.931000,,238.0,253.0,,291.0,False,SOFT,5.0,True,Ferrari,0 days 01:27:06.865000,2019-06-08 19:12:06.930,1,,False,,False,False
0 days 01:31:12.432000,LEC,16,0 days 00:01:20.473000,20.0,5.0,0 days 01:29:53.350000,,0 days 00:00:24.651000,0 days 00:00:24.917000,0 days 00:00:30.905000,0 days 01:30:16.610000,0 days 01:30:41.527000,0 days 01:31:12.432000,241.0,258.0,304.0,299.0,False,SOFT,1.0,True,Ferrari,0 days 01:29:51.959000,2019-06-08 19:14:52.024,1,,False,,False,False
0 days 01:32:23.352000,LEC,16,0 days 00:01:10.920000,21.0,5.0,,,0 days 00:00:19.483000,0 days 00:00:22.418000,0 days 00:00:29.019000,0 days 01:31:31.915000,0 days 01:31:54.333000,0 days 01:32:23.352000,268.0,290.0,301.0,329.0,True,SOFT,2.0,True,Ferrari,0 days 01:31:12.432000,2019-06-08 19:16:12.497,1,,False,,False,True
0 days 01:34:06.569000,LEC,16,0 days 00:01:43.217000,22.0,5.0,,0 days 01:33:48.941000,0 days 00:00:26.454000,0 days 00:00:27.692000,0 days 00:00:49.071000,0 days 01:32:49.806000,0 days 01:33:17.498000,0 days 01:34:06.569000,231.0,202.0,,244.0,False,SOFT,3.0,True,Ferrari,0 days 01:32:23.352000,2019-06-08 19:17:23.417,1,,False,,False,False
0 days 00:21:54.269000,RIC,3,0 days 00:01:34.718000,1.0,1.0,0 days 00:20:20.925000,,0 days 00:00:28.582000,0 days 00:00:29.221000,0 days 00:00:36.915000,0 days 00:20:48.162000,0 days 00:21:17.381000,0 days 00:21:54.415000,228.0,259.0,298.0,117.0,False,SOFT,1.0,True,Renault,0 days 00:20:20.925000,2019-06-08 18:05:20.990,1,,False,,False,False
0 days 00:23:07.240000,RIC,3,0 days 00:01:12.971000,2.0,1.0,,,0 days 00:00:20.430000,0 days 00:00:23.331000,0 days 00:00:29.210000,0 days 00:22:14.699000,0 days 00:22:38.030000,0 days 00:23:07.240000,262.0,285.0,299.0,325.0,True,SOFT,2.0,True,Renault,0 days 00:21:54.269000,2019-06-08 18:06:54.334,1,,False,,False,True
0 days 00:24:46.532000,RIC,3,0 days 00:01:39.292000,3.0,1.0,,,0 days 00:00:26.460000,0 days 00:00:29.976000,0 days 00:00:42.856000,0 days 00:23:33.700000,0 days 00:24:03.676000,0 days 00:24:46.532000,193.0,253.0,296.0,177.0,False,SOFT,3.0,True,Renault,0 days 00:23:07.240000,2019-06-08 18:08:07.305,1,,False,,False,True
0 days 00:25:58.749000,RIC,3,0 days 00:01:12.217000,4.0,1.0,,,0 days 00:00:20.020000,0 days 00:00:23.049000,0 days 00:00:29.148000,0 days 00:25:06.552000,0 days 00:25:29.601000,0 days 00:25:58.749000,261.0,285.0,298.0,324.0,True,SOFT,4.0,True,Renault,0 days 00:24:46.532000,2019-06-08 18:09:46.597,1,,False,,False,True
0 days 00:30:31.390000,RIC,3,,5.0,1.0,,0 days 00:27:21.047000,0 days 00:00:25.681000,0 days 00:00:28.477000,,0 days 00:26:24.482000,0 days 00:26:52.951000,,203.0,253.0,,276.0,False,SOFT,5.0,True,Renault,0 days 00:25:58.749000,2019-06-08 18:10:58.814,1,,False,,False,False
0 days 00:32:14.368000,RIC,3,0 days 00:01:42.978000,6.0,2.0,0 days 00:30:32.755000,,0 days 00:00:26.266000,0 days 00:00:26.990000,0 days 00:00:49.722000,0 days 00:30:57.656000,0 days 00:31:24.646000,0 days 00:32:14.368000,229.0,270.0,297.0,92.0,False,SOFT,1.0,True,Renault,0 days 00:30:31.390000,2019-06-08 18:15:31.455,1,,False,,False,False
0 days 00:33:26.205000,RIC,3,0 days 00:01:11.837000,7.0,2.0,,,0 days 00:00:19.832000,0 days 00:00:23.008000,0 days 00:00:28.997000,0 days 00:32:34.200000,0 days 00:32:57.208000,0 days 00:33:26.205000,262.0,284.0,300.0,328.0,True,SOFT,2.0,True,Renault,0 days 00:32:14.368000,2019-06-08 18:17:14.433,1,,False,,False,True
0 days 00:43:35.687000,RIC,3,,8.0,2.0,,0 days 00:34:49.109000,0 days 00:00:26.626000,0 days 00:00:28.399000,,0 days 00:33:52.840000,0 days 00:34:21.232000,,201.0,252.0,,279.0,False,SOFT,3.0,True,Renault,0 days 00:33:26.205000,2019-06-08 18:18:26.270,1,,False,,False,False
0 days 00:45:16.328000,RIC,3,0 days 00:01:40.641000,9.0,3.0,0 days 00:43:37.026000,,0 days 00:00:25.675000,0 days 00:00:32.099000,0 days 00:00:42.867000,0 days 00:44:01.362000,0 days 00:44:33.461000,0 days 00:45:16.328000,240.0,168.0,301.0,127.0,False,SOFT,1.0,True,Renault,0 days 00:43:35.687000,2019-06-08 18:28:35.752,1,,False,,False,False
0 days 00:46:27.860000,RIC,3,0 days 00:01:11.532000,10.0,3.0,,,0 days 00:00:19.591000,0 days 00:00:22.996000,0 days 00:00:28.945000,0 days 00:45:35.919000,0 days 00:45:58.915000,0 days 00:46:27.860000,266.0,287.0,301.0,330.0,True,SOFT,2.0,True,Renault,0 days 00:45:16.328000,2019-06-08 18:30:16.393,1,,False,,False,True
0 days 00:52:32.082000,RIC,3,,11.0,3.0,,0 days 00:47:57.655000,0 days 00:00:29.180000,0 days 00:00:33.874000,,0 days 00:46:57.065000,0 days 00:47:30.932000,,201.0,257.0,,301.0,False,SOFT,3.0,True,Renault,0 days 00:46:27.860000,2019-06-08 18:31:27.925,1,,False,,False,False
0 days 00:54:02.047000,RIC,3,0 days 00:01:29.965000,12.0,4.0,0 days 00:52:33.463000,,0 days 00:00:25.778000,0 days 00:00:27.566000,0 days 00:00:36.621000,0 days 00:52:57.860000,0 days 00:53:25.426000,0 days 00:54:02.047000,221.0,269.0,301.0,150.0,False,SOFT,1.0,True,Renault,0 days 00:52:32.082000,2019-06-08 18:37:32.147,1,,False,,False,False
0 days 00:55:20.989000,RIC,3,0 days 00:01:18.942000,13.0,4.0,,,0 days 00:00:19.657000,0 days 00:00:22.823000,0 days 00:00:36.462000,0 days 00:54:21.704000,0 days 00:54:44.527000,0 days 00:55:20.989000,265.0,287.0,90.0,330.0,False,SOFT,2.0,True,Renault,0 days 00:54:02.047000,2019-06-08 18:39:02.112,125,,False,,False,False
0 days 01:21:52.349000,RIC,3,,14.0,4.0,,0 days 00:56:59.598000,0 days 00:00:35.161000,0 days 00:00:30.350000,,0 days 00:55:56.169000,0 days 00:56:26.542000,,201.0,260.0,,213.0,False,SOFT,3.0,True,Renault,0 days 00:55:20.989000,2019-06-08 18:40:21.054,512,,False,,False,False
0 days 01:23:24.242000,RIC,3,0 days 00:01:31.893000,15.0,5.0,0 days 01:21:53.667000,,0 days 00:00:25.442000,0 days 00:00:27.918000,0 days 00:00:38.533000,0 days 01:22:17.791000,0 days 01:22:45.709000,0 days 01:23:24.242000,239.0,247.0,298.0,209.0,False,SOFT,4.0,False,Renault,0 days 01:21:52.349000,2019-06-08 19:06:52.414,1,,False,,False,False
0 days 01:24:36.810000,RIC,3,0 days 00:01:12.568000,16.0,5.0,,,0 days 00:00:20.151000,0 days 00:00:23.191000,0 days 00:00:29.226000,0 days 01:23:44.393000,0 days 01:24:07.584000,0 days 01:24:36.810000,262.0,284.0,298.0,327.0,True,SOFT,5.0,False,Renault,0 days 01:23:24.242000,2019-06-08 19:08:24.307,12,,False,,False,True
0 days 01:29:18.748000,RIC,3,,17.0,5.0,,0 days 01:25:55.529000,0 days 00:00:24.367000,0 days 00:00:27.184000,,0 days 01:25:01.179000,0 days 01:25:28.385000,,236.0,257.0,,273.0,False,SOFT,6.0,False,Renault,0 days 01:24:36.810000,2019-06-08 19:09:36.875,1,,False,,False,False
0 days 01:30:51.008000,RIC,3,0 days 00:01:32.260000,18.0,6.0,0 days 01:29:20.076000,,0 days 00:00:25.804000,0 days 00:00:31.167000,0 days 00:00:35.289000,0 days 01:29:44.552000,0 days 01:30:15.719000,0 days 01:30:51.008000,215.0,268.0,301.0,280.0,False,SOFT,1.0,True,Renault,0 days 01:29:18.748000,2019-06-08 19:14:18.813,1,,False,,False,False
0 days 01:32:02.079000,RIC,3,0 days 00:01:11.071000,19.0,6.0,,,0 days 00:00:19.692000,0 days 00:00:22.613000,0 days 00:00:28.766000,0 days 01:31:10.700000,0 days 01:31:33.313000,0 days 01:32:02.079000,267.0,289.0,302.0,328.0,True,SOFT,2.0,True,Renault,0 days 01:30:51.008000,2019-06-08 19:15:51.073,1,,False,,False,True
0 days 01:33:31.765000,RIC,3,,20.0,6.0,,0 days 01:33:31.765000,0 days 00:00:26.951000,0 days 00:00:30.569000,,0 days 01:32:29.053000,0 days 01:32:59.598000,,170.0,152.0,,280.0,False,SOFT,3.0,True,Renault,0 days 01:32:02.079000,2019-06-08 19:17:02.144,1,,False,,False,False
0 days 00:22:44.006000,GAS,10,0 days 00:01:28.295000,1.0,1.0,0 days 00:21:17.100000,,0 days 00:00:27.848000,0 days 00:00:25.363000,0 days 00:00:35.084000,0 days 00:21:43.589000,0 days 00:22:08.986000,0 days 00:22:44.148000,236.0,271.0,295.0,212.0,False,SOFT,1.0,True,Red Bull Racing,0 days 00:21:17.100000,2019-06-08 18:06:17.165,1,,False,,False,False
0 days 00:23:56.212000,GAS,10,0 days 00:01:12.206000,2.0,1.0,,,0 days 00:00:19.927000,0 days 00:00:22.981000,0 days 00:00:29.298000,0 days 00:23:03.933000,0 days 00:23:26.914000,0 days 00:23:56.212000,260.0,284.0,295.0,322.0,True,SOFT,2.0,True,Red Bull Racing,0 days 00:22:44.006000,2019-06-08 18:07:44.071,1,,False,,False,True
0 days 00:25:26.876000,GAS,10,0 days 00:01:30.664000,3.0,1.0,,,0 days 00:00:27.230000,0 days 00:00:30.243000,0 days 00:00:33.191000,0 days 00:24:23.442000,0 days 00:24:53.685000,0 days 00:25:26.876000,194.0,258.0,295.0,291.0,False,SOFT,3.0,True,Red Bull Racing,0 days 00:23:56.212000,2019-06-08 18:08:56.277,1,,False,,False,True
0 days 00:26:38.899000,GAS,10,0 days 00:01:12.023000,4.0,1.0,,,0 days 00:00:19.754000,0 days 00:00:23.068000,0 days 00:00:29.201000,0 days 00:25:46.630000,0 days 00:26:09.698000,0 days 00:26:38.899000,260.0,283.0,294.0,318.0,True,SOFT,4.0,True,Red Bull Racing,0 days 00:25:26.876000,2019-06-08 18:10:26.941,1,,False,,False,True
0 days 00:45:10.153000,GAS,10,,5.0,1.0,,0 days 00:27:58.346000,0 days 00:00:25.033000,0 days 00:00:27.875000,,0 days 00:27:03.949000,0 days 00:27:31.951000,,223.0,258.0,,294.0,False,SOFT,5.0,True,Red Bull Racing,0 days 00:26:38.899000,2019-06-08 18:11:38.964,1,,False,,False,False
0 days 00:46:39.086000,GAS,10,0 days 00:01:28.933000,6.0,2.0,0 days 00:45:11.515000,,0 days 00:00:29.068000,0 days 00:00:25.806000,0 days 00:00:34.059000,0 days 00:45:39.221000,0 days 00:46:05.027000,0 days 00:46:39.086000,246.0,270.0,296.0,250.0,False,SOFT,1.0,True,Red Bull Racing,0 days 00:45:10.153000,2019-06-08 18:30:10.218,1,,False,,False,False
0 days 00:47:50.282000,GAS,10,0 days 00:01:11.196000,7.0,2.0,,,0 days 00:00:19.530000,0 days 00:00:22.760000,0 days 00:00:28.906000,0 days 00:46:58.616000,0 days 00:47:21.376000,0 days 00:47:50.282000,264.0,284.0,297.0,324.0,True,SOFT,2.0,True,Red Bull Racing,0 days 00:46:39.086000,2019-06-08 18:31:39.151,1,,False,,False,True
0 days 01:20:01.979000,GAS,10,,8.0,2.0,,0 days 00:49:13.112000,0 days 00:00:25.622000,0 days 00:00:28.249000,,0 days 00:48:15.922000,0 days 00:48:44.158000,,202.0,256.0,,278.0,False,SOFT,3.0,True,Red Bull Racing,0 days 00:47:50.282000,2019-06-08 18:32:50.347,125,,False,,False,False
0 days 01:21:25.984000,GAS,10,0 days 00:01:24.005000,9.0,3.0,0 days 01:20:03.298000,,0 days 00:00:25,0 days 00:00:26.333000,0 days 00:00:32.672000,0 days 01:20:26.979000,0 days 01:20:53.312000,0 days 01:21:25.984000,238.0,270.0,294.0,275.0,False,SOFT,1.0,True,Red Bull Racing,0 days 01:20:01.979000,2019-06-08 19:05:02.044,1,,False,,False,False
0 days 01:22:38.169000,GAS,10,0 days 00:01:12.185000,10.0,3.0,,,0 days 00:00:19.993000,0 days 00:00:23.034000,0 days 00:00:29.158000,0 days 01:21:45.977000,0 days 01:22:09.011000,0 days 01:22:38.169000,259.0,281.0,294.0,317.0,True,SOFT,2.0,True,Red Bull Racing,0 days 01:21:25.984000,2019-06-08 19:06:26.049,1,,False,,False,True
0 days 01:25:08.237000,GAS,10,,11.0,3.0,,0 days 01:23:50.558000,0 days 00:00:21.906000,0 days 00:00:25.078000,,0 days 01:23:00.061000,0 days 01:23:25.161000,,240.0,258.0,,296.0,False,SOFT,3.0,True,Red Bull Racing,0 days 01:22:38.169000,2019-06-08 19:07:38.234,12,,False,,False,False
0 days 01:26:31.227000,GAS,10,0 days 00:01:22.990000,12.0,4.0,0 days 01:25:09.603000,,0 days 00:00:25.312000,0 days 00:00:25.821000,0 days 00:00:31.857000,0 days 01:25:33.549000,0 days 01:25:59.370000,0 days 01:26:31.227000,242.0,272.0,294.0,295.0,False,SOFT,1.0,True,Red Bull Racing,0 days 01:25:08.237000,2019-06-08 19:10:08.302,1,,False,,False,False
0 days 01:27:42.796000,GAS,10,0 days 00:01:11.569000,13.0,4.0,,,0 days 00:00:19.613000,0 days 00:00:22.977000,0 days 00:00:28.979000,0 days 01:26:50.840000,0 days 01:27:13.817000,0 days 01:27:42.796000,261.0,281.0,294.0,319.0,True,SOFT,2.0,True,Red Bull Racing,0 days 01:26:31.227000,2019-06-08 19:11:31.292,1,,False,,False,True
0 days 01:30:13.105000,GAS,10,,14.0,4.0,,0 days 01:28:54.523000,0 days 00:00:21.696000,0 days 00:00:24.895000,,0 days 01:28:04.494000,0 days 01:28:29.391000,,240.0,257.0,,292.0,False,SOFT,3.0,True,Red Bull Racing,0 days 01:27:42.796000,2019-06-08 19:12:42.861,1,,False,,False,False
0 days 01:31:33.012000,GAS,10,0 days 00:01:19.907000,15.0,5.0,0 days 01:30:14.441000,,0 days 00:00:24.262000,0 days 00:00:24.731000,0 days 00:00:30.914000,0 days 01:30:37.367000,0 days 01:31:02.098000,0 days 01:31:33.012000,248.0,273.0,297.0,294.0,False,SOFT,1.0,True,Red Bull Racing,0 days 01:30:13.105000,2019-06-08 19:15:13.170,1,,False,,False,False
0 days 01:32:44.091000,GAS,10,0 days 00:01:11.079000,16.0,5.0,,,0 days 00:00:19.537000,0 days 00:00:22.569000,0 days 00:00:28.973000,0 days 01:31:52.549000,0 days 01:32:15.118000,0 days 01:32:44.091000,263.0,283.0,294.0,319.0,True,SOFT,2.0,True,Red Bull Racing,0 days 01:31:33.012000,2019-06-08 19:16:33.077,1,,False,,False,True
0 days 01:34:06.163000,GAS,10,,17.0,5.0,,0 days 01:34:06.163000,0 days 00:00:26.634000,0 days 00:00:27.154000,,0 days 01:33:10.721000,0 days 01:33:37.896000,,213.0,257.0,,231.0,False,SOFT,3.0,True,Red Bull Racing,0 days 01:32:44.091000,2019-06-08 19:17:44.156,1,,False,,False,False
0 days 00:22:58.131000,BOT,77,0 days 00:01:34.796000,1.0,1.0,0 days 00:21:24.682000,,0 days 00:00:26.615000,0 days 00:00:26.152000,0 days 00:00:42.029000,0 days 00:21:49.985000,0 days 00:22:16.130000,0 days 00:22:58.250000,227.0,270.0,292.0,149.0,False,SOFT,1.0,True,Mercedes,0 days 00:21:24.682000,2019-06-08 18:06:24.747,1,,False,,False,False
0 days 00:24:10.233000,BOT,77,0 days 00:01:12.102000,2.0,1.0,,,0 days 00:00:19.904000,0 days 00:00:22.962000,0 days 00:00:29.236000,0 days 00:23:18.035000,0 days 00:23:40.997000,0 days 00:24:10.233000,258.0,282.0,294.0,320.0,True,SOFT,2.0,True,Mercedes,0 days 00:22:58.131000,2019-06-08 18:07:58.196,1,,False,,False,True
0 days 00:25:56.123000,BOT,77,0 days 00:01:45.890000,3.0,1.0,,,0 days 00:00:26.842000,0 days 00:00:32.511000,0 days 00:00:46.537000,0 days 00:24:37.075000,0 days 00:25:09.586000,0 days 00:25:56.123000,173.0,214.0,293.0,123.0,False,SOFT,3.0,True,Mercedes,0 days 00:24:10.233000,2019-06-08 18:09:10.298,1,,False,,False,True
0 days 00:27:07.352000,BOT,77,0 days 00:01:11.229000,4.0,1.0,,,0 days 00:00:19.597000,0 days 00:00:22.677000,0 days 00:00:28.955000,0 days 00:26:15.720000,0 days 00:26:38.397000,0 days 00:27:07.352000,263.0,284.0,293.0,323.0,True,SOFT,4.0,True,Mercedes,0 days 00:25:56.123000,2019-06-08 18:10:56.188,1,,False,,False,True
0 days 00:40:04.856000,BOT,77,,5.0,1.0,,0 days 00:28:25.303000,0 days 00:00:23.449000,0 days 00:00:27.394000,,0 days 00:27:30.812000,0 days 00:27:58.206000,,215.0,240.0,,302.0,False,SOFT,5.0,True,Mercedes,0 days 00:27:07.352000,2019-06-08 18:12:07.417,1,,False,,False,False
0 days 00:41:30.717000,BOT,77,0 days 00:01:25.861000,6.0,2.0,0 days 00:40:06.178000,,0 days 00:00:25.515000,0 days 00:00:24.862000,0 days 00:00:35.484000,0 days 00:40:30.371000,0 days 00:40:55.233000,0 days 00:41:30.717000,254.0,273.0,296.0,304.0,False,MEDIUM,1.0,True,Mercedes,0 days 00:40:04.856000,2019-06-08 18:25:04.921,1,,False,,False,False
0 days 00:43:05.713000,BOT,77,0 days 00:01:34.996000,7.0,2.0,,,0 days 00:00:20.238000,0 days 00:00:27.978000,0 days 00:00:46.780000,0 days 00:41:50.955000,0 days 00:42:18.933000,0 days 00:43:05.713000,239.0,261.0,293.0,93.0,True,MEDIUM,2.0,True,Mercedes,0 days 00:41:30.717000,2019-06-08 18:26:30.782,1,,False,,False,True
0 days 00:44:17.200000,BOT,77,0 days 00:01:11.487000,8.0,2.0,,,0 days 00:00:19.662000,0 days 00:00:22.872000,0 days 00:00:28.953000,0 days 00:43:25.375000,0 days 00:43:48.247000,0 days 00:44:17.200000,262.0,287.0,297.0,320.0,True,MEDIUM,3.0,True,Mercedes,0 days 00:43:05.713000,2019-06-08 18:28:05.778,1,,False,,False,True
0 days 00:48:39.964000,BOT,77,,9.0,2.0,,0 days 00:45:33.761000,0 days 00:00:22.442000,0 days 00:00:26.241000,,0 days 00:44:39.645000,0 days 00:45:05.868000,,240.0,250.0,,305.0,False,MEDIUM,4.0,True,Mercedes,0 days 00:44:17.200000,2019-06-08 18:29:17.265,1,,False,,False,False
0 days 00:50:00.679000,BOT,77,0 days 00:01:20.715000,10.0,3.0,0 days 00:48:41.319000,,0 days 00:00:24.253000,0 days 00:00:24.946000,0 days 00:00:31.516000,0 days 00:49:04.217000,0 days 00:49:29.163000,0 days 00:50:00.679000,254.0,278.0,294.0,298.0,False,MEDIUM,1.0,True,Mercedes,0 days 00:48:39.964000,2019-06-08 18:33:40.029,1,,False,,False,False
0 days 00:51:11.774000,BOT,77,0 days 00:01:11.095000,11.0,3.0,,,0 days 00:00:19.449000,0 days 00:00:22.660000,0 days 00:00:28.986000,0 days 00:50:20.128000,0 days 00:50:42.788000,0 days 00:51:11.774000,264.0,285.0,294.0,318.0,True,MEDIUM,2.0,True,Mercedes,0 days 00:50:00.679000,2019-06-08 18:35:00.744,1,,False,,False,True
0 days 00:53:04.942000,BOT,77,0 days 00:01:53.168000,12.0,3.0,,0 days 00:52:26.926000,0 days 00:00:23.162000,0 days 00:00:26.375000,0 days 00:01:03.631000,0 days 00:51:34.936000,0 days 00:52:01.311000,0 days 00:53:04.942000,240.0,258.0,,303.0,False,MEDIUM,3.0,True,Mercedes,0 days 00:51:11.774000,2019-06-08 18:36:11.839,1,,False,,False,False
0 days 00:54:41.957000,BOT,77,0 days 00:01:37.015000,13.0,4.0,0 days 00:53:06.316000,,0 days 00:00:26.530000,0 days 00:00:27.228000,0 days 00:00:43.257000,0 days 00:53:31.472000,0 days 00:53:58.700000,0 days 00:54:41.957000,219.0,266.0,295.0,97.0,False,SOFT,1.0,True,Mercedes,0 days 00:53:04.942000,2019-06-08 18:38:05.007,1,,False,,False,False
0 days 01:22:04.151000,BOT,77,,14.0,4.0,,0 days 00:56:08.867000,0 days 00:00:19.453000,0 days 00:00:30.969000,,0 days 00:55:01.428000,0 days 00:55:32.410000,,263.0,177.0,,168.0,False,SOFT,2.0,True,Mercedes,0 days 00:54:41.957000,2019-06-08 18:39:42.022,125,,False,,False,False
0 days 01:23:34.142000,BOT,77,0 days 00:01:29.991000,15.0,5.0,0 days 01:22:05.461000,,0 days 00:00:26.171000,0 days 00:00:25.932000,0 days 00:00:37.888000,0 days 01:22:30.322000,0 days 01:22:56.254000,0 days 01:23:34.142000,245.0,269.0,298.0,291.0,False,SOFT,1.0,True,Mercedes,0 days 01:22:04.151000,2019-06-08 19:07:04.216,1,,False,,False,False
0 days 01:29:24.065000,BOT,77,,16.0,5.0,,0 days 01:25:25.140000,0 days 00:00:33.761000,0 days 00:00:38.227000,,0 days 01:24:07.905000,0 days 01:24:46.125000,,177.0,175.0,,183.0,False,SOFT,2.0,True,Mercedes,0 days 01:23:34.142000,2019-06-08 19:08:34.207,12,,False,,False,False
0 days 01:31:00.309000,BOT,77,0 days 00:01:36.244000,17.0,6.0,0 days 01:29:25.676000,,0 days 00:00:26.246000,0 days 00:00:30.256000,0 days 00:00:39.742000,0 days 01:29:50.311000,0 days 01:30:20.567000,0 days 01:31:00.309000,228.0,235.0,297.0,153.0,False,SOFT,1.0,True,Mercedes,0 days 01:29:24.065000,2019-06-08 19:14:24.130,1,,False,,False,False
0 days 01:32:11.410000,BOT,77,0 days 00:01:11.101000,18.0,6.0,,,0 days 00:00:19.580000,0 days 00:00:22.618000,0 days 00:00:28.903000,0 days 01:31:19.889000,0 days 01:31:42.507000,0 days 01:32:11.410000,264.0,288.0,298.0,327.0,True,SOFT,2.0,True,Mercedes,0 days 01:31:00.309000,2019-06-08 19:16:00.374,1,,False,,False,True
0 days 01:33:37.568000,BOT,77,,19.0,6.0,,0 days 01:33:37.568000,0 days 00:00:25.312000,0 days 00:00:30.358000,,0 days 01:32:36.728000,0 days 01:33:07.070000,,180.0,211.0,,230.0,False,SOFT,3.0,True,Mercedes,0 days 01:32:11.410000,2019-06-08 19:17:11.475,1,,False,,False,False
0 days 00:19:55.909000,HUL,27,0 days 00:01:27.587000,1.0,1.0,0 days 00:18:29.666000,,0 days 00:00:27.073000,0 days 00:00:28.122000,0 days 00:00:32.392000,0 days 00:18:55.468000,0 days 00:19:23.517000,0 days 00:19:55.996000,209.0,266.0,297.0,293.0,False,SOFT,1.0,True,Renault,0 days 00:18:29.666000,2019-06-08 18:03:29.731,1,,False,,False,False
0 days 00:21:08.943000,HUL,27,0 days 00:01:13.034000,2.0,1.0,,,0 days 00:00:20.236000,0 days 00:00:23.484000,0 days 00:00:29.314000,0 days 00:20:16.145000,0 days 00:20:39.629000,0 days 00:21:08.943000,261.0,283.0,297.0,323.0,True,SOFT,2.0,True,Renault,0 days 00:19:55.909000,2019-06-08 18:04:55.974,1,,False,,False,True
0 days 00:22:47.679000,HUL,27,0 days 00:01:38.736000,3.0,1.0,,,0 days 00:00:24.896000,0 days 00:00:30.798000,0 days 00:00:43.042000,0 days 00:21:33.839000,0 days 00:22:04.637000,0 days 00:22:47.679000,202.0,165.0,297.0,111.0,False,SOFT,3.0,True,Renault,0 days 00:21:08.943000,2019-06-08 18:06:09.008,1,,False,,False,True
0 days 00:24:00.076000,HUL,27,0 days 00:01:12.397000,4.0,1.0,,,0 days 00:00:20.051000,0 days 00:00:23.008000,0 days 00:00:29.338000,0 days 00:23:07.730000,0 days 00:23:30.738000,0 days 00:24:00.076000,262.0,288.0,303.0,326.0,True,SOFT,4.0,True,Renault,0 days 00:22:47.679000,2019-06-08 18:07:47.744,1,,False,,False,True
0 days 00:29:11.771000,HUL,27,,5.0,1.0,,0 days 00:25:22.846000,0 days 00:00:24.402000,0 days 00:00:29.850000,,0 days 00:24:24.518000,0 days 00:24:54.345000,,232.0,253.0,,236.0,False,SOFT,5.0,True,Renault,0 days 00:24:00.076000,2019-06-08 18:09:00.141,1,,False,,False,False
0 days 00:30:45.084000,HUL,27,0 days 00:01:33.313000,6.0,2.0,0 days 00:29:13.132000,,0 days 00:00:28.384000,0 days 00:00:30.183000,0 days 00:00:34.746000,0 days 00:29:40.155000,0 days 00:30:10.338000,0 days 00:30:45.084000,189.0,267.0,282.0,267.0,False,SOFT,1.0,True,Renault,0 days 00:29:11.771000,2019-06-08 18:14:11.836,1,,False,,False,False
0 days 00:32:19.841000,HUL,27,0 days 00:01:34.757000,7.0,2.0,,,0 days 00:00:22.595000,0 days 00:00:25.759000,0 days 00:00:46.403000,0 days 00:31:07.679000,0 days 00:31:33.438000,0 days 00:32:19.841000,249.0,268.0,300.0,85.0,False,SOFT,2.0,True,Renault,0 days 00:30:45.084000,2019-06-08 18:15:45.149,1,,False,,False,True
0 days 00:33:31.561000,HUL,27,0 days 00:01:11.720000,8.0,2.0,,,0 days 00:00:19.948000,0 days 00:00:22.840000,0 days 00:00:28.932000,0 days 00:32:39.789000,0 days 00:33:02.629000,0 days 00:33:31.561000,264.0,287.0,302.0,328.0,True,SOFT,3.0,True,Renault,0 days 00:32:19.841000,2019-06-08 18:17:19.906,1,,False,,False,True
0 days 00:42:41.461000,HUL,27,,9.0,2.0,,0 days 00:34:55.130000,0 days 00:00:25.976000,0 days 00:00:28.862000,,0 days 00:33:57.535000,0 days 00:34:26.380000,,201.0,243.0,,274.0,False,SOFT,4.0,True,Renault,0 days 00:33:31.561000,2019-06-08 18:18:31.626,1,,False,,False,False
0 days 00:44:11.516000,HUL,27,0 days 00:01:30.055000,10.0,3.0,0 days 00:42:42.801000,,0 days 00:00:25.777000,0 days 00:00:28.088000,0 days 00:00:36.190000,0 days 00:43:07.238000,0 days 00:43:35.326000,0 days 00:44:11.516000,192.0,270.0,299.0,166.0,False,SOFT,1.0,True,Renault,0 days 00:42:41.461000,2019-06-08 18:27:41.526,1,,False,,False,False
0 days 00:45:23.069000,HUL,27,0 days 00:01:11.553000,11.0,3.0,,,0 days 00:00:19.800000,0 days 00:00:22.915000,0 days 00:00:28.838000,0 days 00:44:31.316000,0 days 00:44:54.231000,0 days 00:45:23.069000,264.0,287.0,301.0,327.0,True,SOFT,2.0,True,Renault,0 days 00:44:11.516000,2019-06-08 18:29:11.581,1,,False,,False,True
0 days 00:52:37.337000,HUL,27,,12.0,3.0,,0 days 00:46:42.198000,0 days 00:00:24.795000,0 days 00:00:27.672000,,0 days 00:45:47.894000,0 days 00:46:15.553000,,227.0,257.0,,295.0,False,SOFT,3.0,True,Renault,0 days 00:45:23.069000,2019-06-08 18:30:23.134,1,,False,,False,False
0 days 00:54:09.702000,HUL,27,0 days 00:01:32.365000,13.0,4.0,0 days 00:52:38.689000,,0 days 00:00:27.864000,0 days 00:00:27.891000,0 days 00:00:36.610000,0 days 00:53:05.201000,0 days 00:53:33.092000,0 days 00:54:09.702000,210.0,233.0,300.0,260.0,False,SOFT,1.0,True,Renault,0 days 00:52:37.337000,2019-06-08 18:37:37.402,1,,False,,False,False
0 days 00:55:31.786000,HUL,27,0 days 00:01:22.084000,14.0,4.0,,,0 days 00:00:19.779000,0 days 00:00:23.042000,0 days 00:00:39.263000,0 days 00:54:29.481000,0 days 00:54:52.523000,0 days 00:55:31.786000,265.0,286.0,171.0,328.0,False,SOFT,2.0,True,Renault,0 days 00:54:09.702000,2019-06-08 18:39:09.767,125,,False,,False,False
0 days 01:21:41.248000,HUL,27,,15.0,4.0,,0 days 00:57:06.711000,0 days 00:00:29.354000,0 days 00:00:31.337000,,0 days 00:56:01.145000,0 days 00:56:32.485000,,164.0,210.0,,206.0,False,SOFT,3.0,True,Renault,0 days 00:55:31.786000,2019-06-08 18:40:31.851,512,,False,,False,False
0 days 01:23:17.521000,HUL,27,0 days 00:01:36.273000,16.0,5.0,0 days 01:21:42.576000,,0 days 00:00:27.068000,0 days 00:00:34.687000,0 days 00:00:34.518000,0 days 01:22:08.316000,0 days 01:22:43.003000,0 days 01:23:17.521000,201.0,172.0,297.0,250.0,False,SOFT,5.0,False,Renault,0 days 01:21:41.248000,2019-06-08 19:06:41.313,1,,False,,False,False
0 days 01:24:29.629000,HUL,27,0 days 00:01:12.108000,17.0,5.0,,,0 days 00:00:20.076000,0 days 00:00:22.978000,0 days 00:00:29.054000,0 days 01:23:37.597000,0 days 01:24:00.575000,0 days 01:24:29.629000,260.0,283.0,297.0,320.0,True,SOFT,6.0,False,Renault,0 days 01:23:17.521000,2019-06-08 19:08:17.586,12,,False,,False,True
0 days 01:29:17.725000,HUL,27,,18.0,5.0,,0 days 01:25:54.063000,0 days 00:00:25.828000,0 days 00:00:29.351000,,0 days 01:24:55.469000,0 days 01:25:24.828000,,185.0,223.0,,242.0,False,SOFT,7.0,False,Renault,0 days 01:24:29.629000,2019-06-08 19:09:29.694,1,,False,,False,False
0 days 01:30:46.400000,HUL,27,0 days 00:01:28.675000,19.0,6.0,0 days 01:29:19.046000,,0 days 00:00:26.296000,0 days 00:00:28.179000,0 days 00:00:34.200000,0 days 01:29:44.021000,0 days 01:30:12.200000,0 days 01:30:46.400000,205.0,269.0,300.0,229.0,False,SOFT,1.0,True,Renault,0 days 01:29:17.725000,2019-06-08 19:14:17.790,1,,False,,False,False
0 days 01:31:57.724000,HUL,27,0 days 00:01:11.324000,20.0,6.0,,,0 days 00:00:19.741000,0 days 00:00:22.701000,0 days 00:00:28.882000,0 days 01:31:06.141000,0 days 01:31:28.842000,0 days 01:31:57.724000,266.0,288.0,300.0,325.0,True,SOFT,2.0,True,Renault,0 days 01:30:46.400000,2019-06-08 19:15:46.465,1,,False,,False,True
0 days 01:33:28.567000,HUL,27,,21.0,6.0,,0 days 01:33:28.567000,0 days 00:00:27.200000,0 days 00:00:31.719000,,0 days 01:32:24.950000,0 days 01:32:56.650000,,200.0,176.0,,225.0,False,SOFT,3.0,True,Renault,0 days 01:31:57.724000,2019-06-08 19:16:57.789,1,,False,,False,False
0 days 00:19:52.659000,NOR,4,0 days 00:01:29.459000,1.0,1.0,0 days 00:18:24.549000,,0 days 00:00:28.934000,0 days 00:00:27.383000,0 days 00:00:33.142000,0 days 00:18:52.145000,0 days 00:19:19.523000,0 days 00:19:52.767000,214.0,265.0,296.0,283.0,False,SOFT,1.0,True,McLaren,0 days 00:18:24.549000,2019-06-08 18:03:24.614,1,,False,,False,False
0 days 00:21:05.066000,NOR,4,0 days 00:01:12.407000,2.0,1.0,,,0 days 00:00:20.150000,0 days 00:00:23.192000,0 days 00:00:29.065000,0 days 00:20:12.809000,0 days 00:20:36.001000,0 days 00:21:05.066000,262.0,286.0,297.0,325.0,True,SOFT,2.0,True,McLaren,0 days 00:19:52.659000,2019-06-08 18:04:52.724,1,,False,,False,True
0 days 00:22:40.204000,NOR,4,0 days 00:01:35.138000,3.0,1.0,,,0 days 00:00:26.057000,0 days 00:00:32.652000,0 days 00:00:36.429000,0 days 00:21:31.123000,0 days 00:22:03.775000,0 days 00:22:40.204000,205.0,131.0,297.0,247.0,False,SOFT,3.0,True,McLaren,0 days 00:21:05.066000,2019-06-08 18:06:05.131,1,,False,,False,True
0 days 00:23:52.491000,NOR,4,0 days 00:01:12.287000,4.0,1.0,,,0 days 00:00:20.039000,0 days 00:00:23.014000,0 days 00:00:29.234000,0 days 00:23:00.243000,0 days 00:23:23.257000,0 days 00:23:52.491000,264.0,288.0,297.0,322.0,True,SOFT,4.0,True,McLaren,0 days 00:22:40.204000,2019-06-08 18:07:40.269,1,,False,,False,True
0 days 00:28:14.047000,NOR,4,,5.0,1.0,,0 days 00:25:16.622000,0 days 00:00:22.806000,0 days 00:00:29.935000,,0 days 00:24:15.298000,0 days 00:24:45.266000,,235.0,230.0,,291.0,False,SOFT,5.0,True,McLaren,0 days 00:23:52.491000,2019-06-08 18:08:52.556,1,,False,,False,False
0 days 00:29:43.210000,NOR,4,0 days 00:01:29.163000,6.0,2.0,0 days 00:28:15.397000,,0 days 00:00:26.007000,0 days 00:00:27.416000,0 days 00:00:35.740000,0 days 00:28:40.054000,0 days 00:29:07.470000,0 days 00:29:43.210000,225.0,243.0,298.0,275.0,False,SOFT,1.0,True,McLaren,0 days 00:28:14.047000,2019-06-08 18:13:14.112,1,,False,,False,False
0 days 00:30:54.990000,NOR,4,0 days 00:01:11.780000,7.0,2.0,,,0 days 00:00:19.920000,0 days 00:00:22.897000,0 days 00:00:28.963000,0 days 00:30:03.130000,0 days 00:30:26.027000,0 days 00:30:54.990000,263.0,286.0,298.0,325.0,True,SOFT,2.0,True,McLaren,0 days 00:29:43.210000,2019-06-08 18:14:43.275,1,,False,,False,True
0 days 00:32:49.541000,NOR,4,0 days 00:01:54.551000,8.0,2.0,,,0 days 00:00:26.208000,0 days 00:00:35.032000,0 days 00:00:53.311000,0 days 00:31:21.198000,0 days 00:31:56.230000,0 days 00:32:49.541000,157.0,164.0,297.0,83.0,False,SOFT,3.0,True,McLaren,0 days 00:30:54.990000,2019-06-08 18:15:55.055,1,,False,,False,True
0 days 00:43:31.960000,NOR,4,,9.0,2.0,,0 days 00:34:08.237000,0 days 00:00:19.940000,0 days 00:00:27.213000,,0 days 00:33:09.503000,0 days 00:33:36.709000,,262.0,181.0,,213.0,False,SOFT,4.0,True,McLaren,0 days 00:32:49.541000,2019-06-08 18:17:49.606,1,,False,,False,False
0 days 00:45:09.815000,NOR,4,0 days 00:01:37.855000,10.0,3.0,0 days 00:43:33.282000,,0 days 00:00:27.003000,0 days 00:00:31.214000,0 days 00:00:39.638000,0 days 00:43:58.963000,0 days 00:44:30.177000,0 days 00:45:09.815000,206.0,165.0,299.0,174.0,False,SOFT,1.0,True,McLaren,0 days 00:43:31.960000,2019-06-08 18:28:32.025,1,,False,,False,False
0 days 00:46:21.580000,NOR,4,0 days 00:01:11.765000,11.0,3.0,,,0 days 00:00:19.792000,0 days 00:00:22.999000,0 days 00:00:28.974000,0 days 00:45:29.607000,0 days 00:45:52.606000,0 days 00:46:21.580000,265.0,286.0,300.0,326.0,True,SOFT,2.0,True,McLaren,0 days 00:45:09.815000,2019-06-08 18:30:09.880,1,,False,,False,True
0 days 00:52:25.031000,NOR,4,,12.0,3.0,,0 days 00:47:39.808000,0 days 00:00:23.934000,0 days 00:00:26.780000,,0 days 00:46:45.646000,0 days 00:47:12.321000,,231.0,254.0,,288.0,False,SOFT,3.0,True,McLaren,0 days 00:46:21.580000,2019-06-08 18:31:21.645,1,,False,,False,False
0 days 00:53:50.705000,NOR,4,0 days 00:01:25.674000,13.0,4.0,0 days 00:52:26.349000,,0 days 00:00:26.042000,0 days 00:00:26.382000,0 days 00:00:33.250000,0 days 00:52:51.073000,0 days 00:53:17.455000,0 days 00:53:50.705000,248.0,264.0,297.0,293.0,False,SOFT,1.0,True,McLaren,0 days 00:52:25.031000,2019-06-08 18:37:25.096,1,,False,,False,False
0 days 00:55:02.440000,NOR,4,0 days 00:01:11.735000,14.0,4.0,,,0 days 00:00:19.948000,0 days 00:00:22.907000,0 days 00:00:28.880000,0 days 00:54:10.653000,0 days 00:54:33.560000,0 days 00:55:02.440000,264.0,286.0,303.0,327.0,True,SOFT,2.0,True,McLaren,0 days 00:53:50.705000,2019-06-08 18:38:50.770,1,,False,,False,True
0 days 01:22:18.334000,NOR,4,,15.0,4.0,,0 days 00:56:46.712000,0 days 00:00:31.001000,0 days 00:00:36.610000,,0 days 00:55:33.439000,0 days 00:56:10.037000,,140.0,157.0,,203.0,False,SOFT,3.0,True,McLaren,0 days 00:55:02.440000,2019-06-08 18:40:02.505,125,,False,,False,False
0 days 01:23:42.446000,NOR,4,0 days 00:01:24.112000,16.0,5.0,0 days 01:22:19.641000,,0 days 00:00:25.627000,0 days 00:00:26.283000,0 days 00:00:32.202000,0 days 01:22:43.961000,0 days 01:23:10.244000,0 days 01:23:42.446000,244.0,267.0,298.0,295.0,False,SOFT,4.0,False,McLaren,0 days 01:22:18.334000,2019-06-08 19:07:18.399,1,,False,,False,False
0 days 01:29:15.023000,NOR,4,,17.0,5.0,,0 days 01:25:01.694000,0 days 00:00:22.710000,0 days 00:00:26.442000,,0 days 01:24:05.159000,0 days 01:24:31.586000,,222.0,267.0,,302.0,False,SOFT,5.0,False,McLaren,0 days 01:23:42.446000,2019-06-08 19:08:42.511,12,,False,,False,False
0 days 01:30:42.969000,NOR,4,0 days 00:01:27.946000,18.0,6.0,0 days 01:29:16.378000,,0 days 00:00:27.019000,0 days 00:00:27.598000,0 days 00:00:33.329000,0 days 01:29:42.042000,0 days 01:30:09.640000,0 days 01:30:42.969000,239.0,266.0,296.0,289.0,False,SOFT,1.0,True,McLaren,0 days 01:29:15.023000,2019-06-08 19:14:15.088,1,,False,,False,False
0 days 01:31:54.832000,NOR,4,0 days 00:01:11.863000,19.0,6.0,,,0 days 00:00:19.957000,0 days 00:00:22.904000,0 days 00:00:29.002000,0 days 01:31:02.926000,0 days 01:31:25.830000,0 days 01:31:54.832000,264.0,286.0,298.0,321.0,True,SOFT,2.0,True,McLaren,0 days 01:30:42.969000,2019-06-08 19:15:43.034,1,,False,,False,True
0 days 01:33:22.889000,NOR,4,,20.0,6.0,,0 days 01:33:22.889000,0 days 00:00:25.486000,0 days 00:00:29.544000,,0 days 01:32:20.333000,0 days 01:32:49.910000,,206.0,227.0,,224.0,False,SOFT,3.0,True,McLaren,0 days 01:31:54.832000,2019-06-08 19:16:54.897,1,,False,,False,False
0 days 00:21:46.108000,SAI,55,0 days 00:01:33.123000,1.0,1.0,0 days 00:20:14.342000,,0 days 00:00:26.616000,0 days 00:00:27.867000,0 days 00:00:38.640000,0 days 00:20:39.629000,0 days 00:21:07.506000,0 days 00:21:46.241000,214.0,261.0,297.0,287.0,False,SOFT,1.0,True,McLaren,0 days 00:20:14.342000,2019-06-08 18:05:14.407,1,,False,,False,False
0 days 00:22:59.782000,SAI,55,0 days 00:01:13.674000,2.0,1.0,,,0 days 00:00:20.095000,0 days 00:00:23.215000,0 days 00:00:30.364000,0 days 00:22:06.203000,0 days 00:22:29.418000,0 days 00:22:59.782000,262.0,286.0,300.0,322.0,True,SOFT,2.0,True,McLaren,0 days 00:21:46.108000,2019-06-08 18:06:46.173,1,,False,,False,True
0 days 00:24:32.610000,SAI,55,0 days 00:01:32.828000,3.0,1.0,,,0 days 00:00:26.159000,0 days 00:00:28.797000,0 days 00:00:37.872000,0 days 00:23:25.941000,0 days 00:23:54.738000,0 days 00:24:32.610000,211.0,246.0,295.0,138.0,False,SOFT,3.0,True,McLaren,0 days 00:22:59.782000,2019-06-08 18:07:59.847,1,,False,,False,True
0 days 00:25:45.184000,SAI,55,0 days 00:01:12.574000,4.0,1.0,,,0 days 00:00:20.111000,0 days 00:00:23.256000,0 days 00:00:29.207000,0 days 00:24:52.721000,0 days 00:25:15.977000,0 days 00:25:45.184000,261.0,286.0,296.0,321.0,True,SOFT,4.0,True,McLaren,0 days 00:24:32.610000,2019-06-08 18:09:32.675,1,,False,,False,True
0 days 00:30:28.011000,SAI,55,,5.0,1.0,,0 days 00:27:01.173000,0 days 00:00:23.547000,0 days 00:00:26.138000,,0 days 00:26:08.757000,0 days 00:26:34.902000,,233.0,254.0,,285.0,False,SOFT,5.0,True,McLaren,0 days 00:25:45.184000,2019-06-08 18:10:45.249,1,,False,,False,False
0 days 00:32:10.739000,SAI,55,0 days 00:01:42.728000,6.0,2.0,0 days 00:30:29.354000,,0 days 00:00:26.978000,0 days 00:00:27.252000,0 days 00:00:48.498000,0 days 00:30:54.989000,0 days 00:31:22.241000,0 days 00:32:10.739000,226.0,265.0,297.0,77.0,False,SOFT,1.0,True,McLaren,0 days 00:30:28.011000,2019-06-08 18:15:28.076,1,,False,,False,False
0 days 00:33:22.489000,SAI,55,0 days 00:01:11.750000,7.0,2.0,,,0 days 00:00:19.826000,0 days 00:00:22.948000,0 days 00:00:28.976000,0 days 00:32:30.565000,0 days 00:32:53.513000,0 days 00:33:22.489000,264.0,286.0,299.0,326.0,True,SOFT,2.0,True,McLaren,0 days 00:32:10.739000,2019-06-08 18:17:10.804,1,,False,,False,True
0 days 00:42:58.838000,SAI,55,,8.0,2.0,,0 days 00:34:43.992000,0 days 00:00:24.562000,0 days 00:00:27.823000,,0 days 00:33:47.052000,0 days 00:34:14.867000,,215.0,245.0,,271.0,False,SOFT,3.0,True,McLaren,0 days 00:33:22.489000,2019-06-08 18:18:22.554,1,,False,,False,False
0 days 00:44:29.425000,SAI,55,0 days 00:01:30.587000,9.0,3.0,0 days 00:43:00.164000,,0 days 00:00:27.516000,0 days 00:00:26.497000,0 days 00:00:36.574000,0 days 00:43:26.354000,0 days 00:43:52.851000,0 days 00:44:29.425000,229.0,270.0,299.0,116.0,False,SOFT,1.0,True,McLaren,0 days 00:42:58.838000,2019-06-08 18:27:58.903,1,,False,,False,False
0 days 00:45:40.997000,SAI,55,0 days 00:01:11.572000,10.0,3.0,,,0 days 00:00:19.848000,0 days 00:00:22.944000,0 days 00:00:28.780000,0 days 00:44:49.273000,0 days 00:45:12.217000,0 days 00:45:40.997000,264.0,286.0,299.0,328.0,True,SOFT,2.0,True,McLaren,0 days 00:44:29.425000,2019-06-08 18:29:29.490,1,,False,,False,True
0 days 00:52:35.839000,SAI,55,,11.0,3.0,,0 days 00:47:02.759000,0 days 00:00:24.370000,0 days 00:00:27.997000,,0 days 00:46:05.507000,0 days 00:46:33.353000,,212.0,237.0,,250.0,False,SOFT,3.0,True,McLaren,0 days 00:45:40.997000,2019-06-08 18:30:41.062,1,,False,,False,False
0 days 00:54:06.376000,SAI,55,0 days 00:01:30.537000,12.0,4.0,0 days 00:52:37.410000,,0 days 00:00:28.165000,0 days 00:00:26.655000,0 days 00:00:35.717000,0 days 00:53:04.004000,0 days 00:53:30.659000,0 days 00:54:06.376000,226.0,269.0,299.0,299.0,False,SOFT,1.0,True,McLaren,0 days 00:52:35.839000,2019-06-08 18:37:35.904,1,,False,,False,False
0 days 00:55:26.482000,SAI,55,0 days 00:01:20.106000,13.0,4.0,,,0 days 00:00:19.757000,0 days 00:00:22.871000,0 days 00:00:37.478000,0 days 00:54:26.133000,0 days 00:54:49.004000,0 days 00:55:26.482000,264.0,287.0,156.0,325.0,False,SOFT,2.0,True,McLaren,0 days 00:54:06.376000,2019-06-08 18:39:06.441,125,,False,,False,False
0 days 01:22:26.429000,SAI,55,,14.0,4.0,,0 days 00:57:03.045000,0 days 00:00:32.637000,0 days 00:00:31.699000,,0 days 00:55:59.148000,0 days 00:56:30.832000,,162.0,209.0,,235.0,False,SOFT,3.0,True,McLaren,0 days 00:55:26.482000,2019-06-08 18:40:26.547,512,,False,,False,False
0 days 01:23:49.285000,SAI,55,0 days 00:01:22.856000,15.0,5.0,0 days 01:22:27.769000,,0 days 00:00:25.301000,0 days 00:00:25.871000,0 days 00:00:31.684000,0 days 01:22:51.730000,0 days 01:23:17.601000,0 days 01:23:49.285000,226.0,268.0,298.0,297.0,False,SOFT,4.0,False,McLaren,0 days 01:22:26.429000,2019-06-08 19:07:26.494,12,,False,,False,False
0 days 01:25:03.266000,SAI,55,0 days 00:01:13.981000,16.0,5.0,,,0 days 00:00:21.468000,0 days 00:00:23.250000,0 days 00:00:29.263000,0 days 01:24:10.753000,0 days 01:24:34.003000,0 days 01:25:03.266000,262.0,287.0,297.0,322.0,True,SOFT,5.0,False,McLaren,0 days 01:23:49.285000,2019-06-08 19:08:49.350,21,,False,,False,True
0 days 01:29:20.625000,SAI,55,,17.0,5.0,,0 days 01:26:18.211000,0 days 00:00:23.246000,0 days 00:00:25.595000,,0 days 01:25:26.529000,0 days 01:25:52.128000,,236.0,254.0,,287.0,False,SOFT,6.0,False,McLaren,0 days 01:25:03.266000,2019-06-08 19:10:03.331,1,,False,,False,False
0 days 01:30:54.658000,SAI,55,0 days 00:01:34.033000,18.0,6.0,0 days 01:29:21.932000,,0 days 00:00:27.061000,0 days 00:00:31.219000,0 days 00:00:35.753000,0 days 01:29:47.686000,0 days 01:30:18.905000,0 days 01:30:54.658000,227.0,248.0,301.0,300.0,False,SOFT,1.0,True,McLaren,0 days 01:29:20.625000,2019-06-08 19:14:20.690,1,,False,,False,False
0 days 01:32:05.638000,SAI,55,,19.0,6.0,,0 days 01:32:05.638000,0 days 00:00:19.896000,0 days 00:00:23.740000,,0 days 01:31:14.564000,0 days 01:31:38.307000,,265.0,260.0,,287.0,False,SOFT,2.0,True,McLaren,0 days 01:30:54.658000,2019-06-08 19:15:54.723,1,,False,,False,False
0 days 00:19:08.873000,MAG,20,0 days 00:01:32.093000,1.0,1.0,0 days 00:17:38.139000,,0 days 00:00:26.942000,0 days 00:00:31.250000,0 days 00:00:33.901000,0 days 00:18:03.739000,0 days 00:18:35.001000,0 days 00:19:08.993000,161.0,256.0,295.0,262.0,False,SOFT,1.0,True,Haas F1 Team,0 days 00:17:38.139000,2019-06-08 18:02:38.204,1,,False,,False,False
0 days 00:20:21.583000,MAG,20,0 days 00:01:12.710000,2.0,1.0,,,0 days 00:00:20.084000,0 days 00:00:23.387000,0 days 00:00:29.239000,0 days 00:19:28.957000,0 days 00:19:52.344000,0 days 00:20:21.583000,262.0,285.0,296.0,323.0,True,SOFT,2.0,True,Haas F1 Team,0 days 00:19:08.873000,2019-06-08 18:04:08.938,1,,False,,False,True
0 days 00:22:09.595000,MAG,20,0 days 00:01:48.012000,3.0,1.0,,,0 days 00:00:30.557000,0 days 00:00:40.495000,0 days 00:00:36.960000,0 days 00:20:52.140000,0 days 00:21:32.635000,0 days 00:22:09.595000,155.0,163.0,295.0,210.0,False,SOFT,3.0,True,Haas F1 Team,0 days 00:20:21.583000,2019-06-08 18:05:21.648,1,,False,,False,True
0 days 00:27:18.749000,MAG,20,,4.0,1.0,,0 days 00:23:18.811000,0 days 00:00:20.075000,0 days 00:00:24.304000,,0 days 00:22:29.718000,0 days 00:22:53.991000,,262.0,280.0,,310.0,False,SOFT,4.0,True,Haas F1 Team,0 days 00:22:09.595000,2019-06-08 18:07:09.660,1,,False,,False,False
0 days 00:28:54.986000,MAG,20,0 days 00:01:36.237000,5.0,2.0,0 days 00:27:20.095000,,0 days 00:00:26.303000,0 days 00:00:29.362000,0 days 00:00:40.572000,0 days 00:27:45.052000,0 days 00:28:14.414000,0 days 00:28:54.986000,235.0,242.0,294.0,264.0,False,SOFT,1.0,True,Haas F1 Team,0 days 00:27:18.749000,2019-06-08 18:12:18.814,1,,False,,False,False
0 days 00:30:07.273000,MAG,20,0 days 00:01:12.287000,6.0,2.0,,,0 days 00:00:19.918000,0 days 00:00:23.014000,0 days 00:00:29.355000,0 days 00:29:14.904000,0 days 00:29:37.918000,0 days 00:30:07.273000,261.0,283.0,293.0,322.0,True,SOFT,2.0,True,Haas F1 Team,0 days 00:28:54.986000,2019-06-08 18:13:55.051,1,,False,,False,True
0 days 00:31:52.775000,MAG,20,0 days 00:01:45.502000,7.0,2.0,,,0 days 00:00:30.550000,0 days 00:00:35.368000,0 days 00:00:39.584000,0 days 00:30:37.823000,0 days 00:31:13.191000,0 days 00:31:52.775000,152.0,242.0,291.0,308.0,False,SOFT,3.0,True,Haas F1 Team,0 days 00:30:07.273000,2019-06-08 18:15:07.338,1,,False,,False,True
0 days 00:33:04.882000,MAG,20,0 days 00:01:12.107000,8.0,2.0,,,0 days 00:00:19.872000,0 days 00:00:23.065000,0 days 00:00:29.170000,0 days 00:32:12.647000,0 days 00:32:35.712000,0 days 00:33:04.882000,261.0,283.0,294.0,320.0,True,SOFT,4.0,True,Haas F1 Team,0 days 00:31:52.775000,2019-06-08 18:16:52.840,1,,False,,False,True
0 days 00:41:51.669000,MAG,20,,9.0,2.0,,0 days 00:34:31.543000,0 days 00:00:29.357000,0 days 00:00:27.710000,,0 days 00:33:34.260000,0 days 00:34:01.934000,,170.0,231.0,,258.0,False,SOFT,5.0,True,Haas F1 Team,0 days 00:33:04.882000,2019-06-08 18:18:04.947,1,,False,,False,False
0 days 00:43:24.260000,MAG,20,0 days 00:01:32.591000,10.0,3.0,0 days 00:41:53.053000,,0 days 00:00:25.874000,0 days 00:00:25.036000,0 days 00:00:41.681000,0 days 00:42:17.543000,0 days 00:42:42.579000,0 days 00:43:24.260000,240.0,245.0,293.0,174.0,False,SOFT,1.0,True,Haas F1 Team,0 days 00:41:51.669000,2019-06-08 18:26:51.734,1,,False,,False,False
0 days 00:45:06.595000,MAG,20,0 days 00:01:42.335000,11.0,3.0,,,0 days 00:00:20.028000,0 days 00:00:27.027000,0 days 00:00:55.280000,0 days 00:43:44.288000,0 days 00:44:11.315000,0 days 00:45:06.595000,263.0,141.0,294.0,120.0,True,SOFT,2.0,True,Haas F1 Team,0 days 00:43:24.260000,2019-06-08 18:28:24.325,1,,False,,False,True
0 days 00:46:18.381000,MAG,20,0 days 00:01:11.786000,12.0,3.0,,,0 days 00:00:19.842000,0 days 00:00:22.990000,0 days 00:00:28.954000,0 days 00:45:26.437000,0 days 00:45:49.427000,0 days 00:46:18.381000,262.0,285.0,295.0,323.0,True,SOFT,3.0,True,Haas F1 Team,0 days 00:45:06.595000,2019-06-08 18:30:06.660,1,,False,,False,True
0 days 00:52:27.839000,MAG,20,,13.0,3.0,,0 days 00:47:47.499000,0 days 00:00:24.159000,0 days 00:00:28.727000,,0 days 00:46:42.604000,0 days 00:47:11.339000,,236.0,147.0,,223.0,False,SOFT,4.0,True,Haas F1 Team,0 days 00:46:18.381000,2019-06-08 18:31:18.446,1,,False,,False,False
0 days 00:53:55.066000,MAG,20,0 days 00:01:27.227000,14.0,4.0,0 days 00:52:29.173000,,0 days 00:00:26.211000,0 days 00:00:25.865000,0 days 00:00:35.151000,0 days 00:52:54.050000,0 days 00:53:19.915000,0 days 00:53:55.066000,239.0,258.0,297.0,263.0,False,SOFT,1.0,True,Haas F1 Team,0 days 00:52:27.839000,2019-06-08 18:37:27.904,1,,False,,False,False
0 days 01:18:12.757000,MAG,20,,15.0,4.0,,0 days 01:18:12.757000,0 days 00:00:19.683000,0 days 00:00:22.910000,,0 days 00:54:14.769000,0 days 00:54:37.654000,,265.0,287.0,,326.0,False,SOFT,2.0,True,Haas F1 Team,0 days 00:53:55.066000,2019-06-08 18:38:55.131,125,,False,,False,False
0 days 00:22:04.690000,VER,33,0 days 00:01:26.886000,1.0,1.0,0 days 00:20:39.223000,,0 days 00:00:27.961000,0 days 00:00:26.244000,0 days 00:00:32.681000,0 days 00:21:05.806000,0 days 00:21:32.029000,0 days 00:22:04.820000,240.0,272.0,296.0,274.0,False,SOFT,1.0,True,Red Bull Racing,0 days 00:20:39.223000,2019-06-08 18:05:39.288,1,,False,,False,False
0 days 00:23:16.708000,VER,33,0 days 00:01:12.018000,2.0,1.0,,,0 days 00:00:19.858000,0 days 00:00:23.015000,0 days 00:00:29.145000,0 days 00:22:24.548000,0 days 00:22:47.563000,0 days 00:23:16.708000,262.0,284.0,296.0,320.0,True,SOFT,2.0,True,Red Bull Racing,0 days 00:22:04.690000,2019-06-08 18:07:04.755,1,,False,,False,True
0 days 00:24:52.498000,VER,33,0 days 00:01:35.790000,3.0,1.0,,,0 days 00:00:26.907000,0 days 00:00:32.354000,0 days 00:00:36.529000,0 days 00:23:43.615000,0 days 00:24:15.969000,0 days 00:24:52.498000,181.0,253.0,296.0,147.0,False,SOFT,3.0,True,Red Bull Racing,0 days 00:23:16.708000,2019-06-08 18:08:16.773,1,,False,,False,True
0 days 00:26:04.117000,VER,33,0 days 00:01:11.619000,4.0,1.0,,,0 days 00:00:19.802000,0 days 00:00:22.774000,0 days 00:00:29.043000,0 days 00:25:12.300000,0 days 00:25:35.074000,0 days 00:26:04.117000,261.0,284.0,298.0,322.0,True,SOFT,4.0,True,Red Bull Racing,0 days 00:24:52.498000,2019-06-08 18:09:52.563,1,,False,,False,True
0 days 00:42:27.563000,VER,33,,5.0,1.0,,0 days 00:27:26.382000,0 days 00:00:26.542000,0 days 00:00:28.567000,,0 days 00:26:30.659000,0 days 00:26:59.254000,,176.0,257.0,,293.0,False,SOFT,5.0,True,Red Bull Racing,0 days 00:26:04.117000,2019-06-08 18:11:04.182,1,,False,,False,False
0 days 00:43:49.831000,VER,33,0 days 00:01:22.268000,6.0,2.0,0 days 00:42:28.933000,,0 days 00:00:24.946000,0 days 00:00:25.054000,0 days 00:00:32.268000,0 days 00:42:52.509000,0 days 00:43:17.563000,0 days 00:43:49.831000,252.0,265.0,296.0,273.0,False,MEDIUM,1.0,True,Red Bull Racing,0 days 00:42:27.563000,2019-06-08 18:27:27.628,1,,False,,False,False
0 days 00:45:01.670000,VER,33,0 days 00:01:11.839000,7.0,2.0,,,0 days 00:00:19.711000,0 days 00:00:22.965000,0 days 00:00:29.163000,0 days 00:44:09.542000,0 days 00:44:32.507000,0 days 00:45:01.670000,262.0,286.0,300.0,326.0,True,MEDIUM,2.0,True,Red Bull Racing,0 days 00:43:49.831000,2019-06-08 18:28:49.896,1,,False,,False,True
0 days 00:46:34.983000,VER,33,0 days 00:01:33.313000,8.0,2.0,,,0 days 00:00:26.225000,0 days 00:00:32.127000,0 days 00:00:34.961000,0 days 00:45:27.895000,0 days 00:46:00.022000,0 days 00:46:34.983000,204.0,224.0,296.0,274.0,False,MEDIUM,3.0,True,Red Bull Racing,0 days 00:45:01.670000,2019-06-08 18:30:01.735,1,,False,,False,True
0 days 00:47:46.783000,VER,33,0 days 00:01:11.800000,9.0,2.0,,,0 days 00:00:19.668000,0 days 00:00:23.052000,0 days 00:00:29.080000,0 days 00:46:54.651000,0 days 00:47:17.703000,0 days 00:47:46.783000,263.0,284.0,293.0,323.0,True,MEDIUM,4.0,True,Red Bull Racing,0 days 00:46:34.983000,2019-06-08 18:31:35.048,1,,False,,False,True
0 days 00:52:53.486000,VER,33,,10.0,2.0,,0 days 00:49:02.301000,0 days 00:00:22.543000,0 days 00:00:26.020000,,0 days 00:48:09.339000,0 days 00:48:35.376000,,239.0,256.0,,291.0,False,MEDIUM,5.0,True,Red Bull Racing,0 days 00:47:46.783000,2019-06-08 18:32:46.848,1,,False,,False,False
0 days 00:54:16.404000,VER,33,0 days 00:01:22.918000,11.0,3.0,0 days 00:52:54.850000,,0 days 00:00:24.515000,0 days 00:00:25.262000,0 days 00:00:33.141000,0 days 00:53:18.001000,0 days 00:53:43.263000,0 days 00:54:16.404000,237.0,273.0,296.0,285.0,False,SOFT,1.0,True,Red Bull Racing,0 days 00:52:53.486000,2019-06-08 18:37:53.551,1,,False,,False,False
0 days 00:55:31.989000,VER,33,,12.0,3.0,,0 days 00:55:31.989000,0 days 00:00:19.613000,0 days 00:00:22.727000,,0 days 00:54:36.031000,0 days 00:54:58.776000,,263.0,284.0,,109.0,False,SOFT,2.0,True,Red Bull Racing,0 days 00:54:16.404000,2019-06-08 18:39:16.469,125,,False,,False,False
0 days 00:20:43.434000,KVY,26,0 days 00:01:32.767000,1.0,1.0,0 days 00:19:12.082000,,0 days 00:00:28.354000,0 days 00:00:28.371000,0 days 00:00:36.042000,0 days 00:19:39.055000,0 days 00:20:07.446000,0 days 00:20:43.591000,194.0,269.0,294.0,274.0,False,SOFT,1.0,True,Toro Rosso,0 days 00:19:12.082000,2019-06-08 18:04:12.147,1,,False,,False,False
0 days 00:21:56.195000,KVY,26,0 days 00:01:12.761000,2.0,1.0,,,0 days 00:00:20.300000,0 days 00:00:23.240000,0 days 00:00:29.221000,0 days 00:21:03.734000,0 days 00:21:26.974000,0 days 00:21:56.195000,258.0,282.0,298.0,322.0,True,SOFT,2.0,True,Toro Rosso,0 days 00:20:43.434000,2019-06-08 18:05:43.499,1,,False,,False,True
0 days 00:23:29.456000,KVY,26,0 days 00:01:33.261000,3.0,1.0,,,0 days 00:00:25.973000,0 days 00:00:32.670000,0 days 00:00:34.618000,0 days 00:22:22.168000,0 days 00:22:54.838000,0 days 00:23:29.456000,202.0,229.0,293.0,290.0,False,SOFT,3.0,True,Toro Rosso,0 days 00:21:56.195000,2019-06-08 18:06:56.260,1,,False,,False,True
0 days 00:24:41.798000,KVY,26,0 days 00:01:12.342000,4.0,1.0,,,0 days 00:00:20.056000,0 days 00:00:23.095000,0 days 00:00:29.191000,0 days 00:23:49.512000,0 days 00:24:12.607000,0 days 00:24:41.798000,259.0,282.0,295.0,320.0,True,SOFT,4.0,True,Toro Rosso,0 days 00:23:29.456000,2019-06-08 18:08:29.521,1,,False,,False,True
0 days 00:28:04.104000,KVY,26,,5.0,1.0,,0 days 00:26:05.434000,0 days 00:00:26.858000,0 days 00:00:29.497000,,0 days 00:25:08.650000,0 days 00:25:38.181000,,191.0,243.0,,295.0,False,SOFT,5.0,True,Toro Rosso,0 days 00:24:41.798000,2019-06-08 18:09:41.863,1,,False,,False,False
0 days 00:29:35.845000,KVY,26,0 days 00:01:31.741000,6.0,2.0,0 days 00:28:05.507000,,0 days 00:00:26.968000,0 days 00:00:29.290000,0 days 00:00:35.483000,0 days 00:28:31.072000,0 days 00:29:00.362000,0 days 00:29:35.845000,198.0,263.0,291.0,204.0,False,SOFT,1.0,True,Toro Rosso,0 days 00:28:04.104000,2019-06-08 18:13:04.169,1,,False,,False,False
0 days 00:30:47.937000,KVY,26,0 days 00:01:12.092000,7.0,2.0,,,0 days 00:00:20.025000,0 days 00:00:22.986000,0 days 00:00:29.081000,0 days 00:29:55.870000,0 days 00:30:18.856000,0 days 00:30:47.937000,261.0,281.0,296.0,323.0,True,SOFT,2.0,True,Toro Rosso,0 days 00:29:35.845000,2019-06-08 18:14:35.910,1,,False,,False,True
0 days 00:32:23.125000,KVY,26,0 days 00:01:35.188000,8.0,2.0,,,0 days 00:00:26.984000,0 days 00:00:30.768000,0 days 00:00:37.436000,0 days 00:31:14.921000,0 days 00:31:45.689000,0 days 00:32:23.125000,166.0,220.0,295.0,223.0,False,SOFT,3.0,True,Toro Rosso,0 days 00:30:47.937000,2019-06-08 18:15:48.002,1,,False,,False,True
0 days 00:33:35.090000,KVY,26,0 days 00:01:11.965000,9.0,2.0,,,0 days 00:00:19.940000,0 days 00:00:23.004000,0 days 00:00:29.021000,0 days 00:32:43.065000,0 days 00:33:06.069000,0 days 00:33:35.090000,261.0,282.0,296.0,325.0,True,SOFT,4.0,True,Toro Rosso,0 days 00:32:23.125000,2019-06-08 18:17:23.190,1,,False,,False,True
0 days 00:42:50.131000,KVY,26,,10.0,2.0,,0 days 00:35:00.294000,0 days 00:00:25.921000,0 days 00:00:30.114000,,0 days 00:34:01.030000,0 days 00:34:31.153000,,170.0,202.0,,266.0,False,SOFT,5.0,True,Toro Rosso,0 days 00:33:35.090000,2019-06-08 18:18:35.155,1,,False,,False,False
0 days 00:44:24.602000,KVY,26,0 days 00:01:34.471000,11.0,3.0,0 days 00:42:51.475000,,0 days 00:00:27.302000,0 days 00:00:28.089000,0 days 00:00:39.080000,0 days 00:43:17.433000,0 days 00:43:45.522000,0 days 00:44:24.602000,208.0,270.0,292.0,146.0,False,SOFT,6.0,False,Toro Rosso,0 days 00:42:50.131000,2019-06-08 18:27:50.196,1,,False,,False,False
0 days 00:45:37.003000,KVY,26,0 days 00:01:12.401000,12.0,3.0,,,0 days 00:00:20.051000,0 days 00:00:23.105000,0 days 00:00:29.245000,0 days 00:44:44.653000,0 days 00:45:07.758000,0 days 00:45:37.003000,260.0,282.0,293.0,318.0,True,SOFT,7.0,False,Toro Rosso,0 days 00:44:24.602000,2019-06-08 18:29:24.667,1,,False,,False,True
0 days 00:50:05.290000,KVY,26,,13.0,3.0,,0 days 00:46:55.661000,0 days 00:00:23.490000,0 days 00:00:27.213000,,0 days 00:46:00.484000,0 days 00:46:27.721000,,220.0,221.0,,276.0,False,SOFT,8.0,False,Toro Rosso,0 days 00:45:37.003000,2019-06-08 18:30:37.068,1,,False,,False,False
0 days 00:51:36.927000,KVY,26,0 days 00:01:31.637000,14.0,4.0,0 days 00:50:06.682000,,0 days 00:00:27.319000,0 days 00:00:29.540000,0 days 00:00:34.778000,0 days 00:50:32.609000,0 days 00:51:02.149000,0 days 00:51:36.927000,187.0,267.0,292.0,265.0,False,SOFT,1.0,True,Toro Rosso,0 days 00:50:05.290000,2019-06-08 18:35:05.355,1,,False,,False,False
0 days 00:52:48.848000,KVY,26,0 days 00:01:11.921000,15.0,4.0,,,0 days 00:00:19.954000,0 days 00:00:22.903000,0 days 00:00:29.064000,0 days 00:51:56.881000,0 days 00:52:19.784000,0 days 00:52:48.848000,261.0,280.0,293.0,320.0,True,SOFT,2.0,True,Toro Rosso,0 days 00:51:36.927000,2019-06-08 18:36:36.992,1,,False,,False,True
0 days 00:54:22.610000,KVY,26,0 days 00:01:33.762000,16.0,4.0,,,0 days 00:00:26.688000,0 days 00:00:30.345000,0 days 00:00:36.729000,0 days 00:53:15.536000,0 days 00:53:45.881000,0 days 00:54:22.610000,171.0,243.0,295.0,252.0,False,SOFT,3.0,True,Toro Rosso,0 days 00:52:48.848000,2019-06-08 18:37:48.913,1,,False,,False,True
0 days 00:55:40.506000,KVY,26,,17.0,4.0,,0 days 00:55:40.506000,0 days 00:00:19.828000,0 days 00:00:23.028000,,0 days 00:54:42.474000,0 days 00:55:05.531000,,262.0,282.0,,150.0,False,SOFT,4.0,True,Toro Rosso,0 days 00:54:22.610000,2019-06-08 18:39:22.675,125,,False,,False,False
0 days 00:18:53.750000,GIO,99,0 days 00:01:27.795000,1.0,1.0,0 days 00:17:27.344000,,0 days 00:00:26.379000,0 days 00:00:26.510000,0 days 00:00:34.906000,0 days 00:17:52.351000,0 days 00:18:18.871000,0 days 00:18:53.877000,216.0,254.0,295.0,272.0,False,SOFT,1.0,True,Alfa Romeo Racing,0 days 00:17:27.344000,2019-06-08 18:02:27.409,1,,False,,False,False
0 days 00:20:07.470000,GIO,99,0 days 00:01:13.720000,2.0,1.0,,,0 days 00:00:20.430000,0 days 00:00:23.729000,0 days 00:00:29.561000,0 days 00:19:14.180000,0 days 00:19:37.909000,0 days 00:20:07.470000,261.0,286.0,299.0,329.0,True,SOFT,2.0,True,Alfa Romeo Racing,0 days 00:18:53.750000,2019-06-08 18:03:53.815,1,,False,,False,True
0 days 00:21:41.396000,GIO,99,0 days 00:01:33.926000,3.0,1.0,,,0 days 00:00:26.403000,0 days 00:00:30.668000,0 days 00:00:36.855000,0 days 00:20:33.873000,0 days 00:21:04.541000,0 days 00:21:41.396000,164.0,252.0,295.0,285.0,False,SOFT,3.0,True,Alfa Romeo Racing,0 days 00:20:07.470000,2019-06-08 18:05:07.535,1,,False,,False,True
0 days 00:22:54.072000,GIO,99,0 days 00:01:12.676000,4.0,1.0,,,0 days 00:00:20.261000,0 days 00:00:23.272000,0 days 00:00:29.143000,0 days 00:22:01.657000,0 days 00:22:24.929000,0 days 00:22:54.072000,263.0,288.0,301.0,328.0,True,SOFT,4.0,True,Alfa Romeo Racing,0 days 00:21:41.396000,2019-06-08 18:06:41.461,1,,False,,False,True
0 days 00:27:45.584000,GIO,99,,5.0,1.0,,0 days 00:24:13.723000,0 days 00:00:25.254000,0 days 00:00:27.004000,,0 days 00:23:19.326000,0 days 00:23:46.345000,,212.0,245.0,,296.0,False,SOFT,5.0,True,Alfa Romeo Racing,0 days 00:22:54.072000,2019-06-08 18:07:54.137,1,,False,,False,False
0 days 00:29:12.964000,GIO,99,0 days 00:01:27.380000,6.0,2.0,0 days 00:27:47.114000,,0 days 00:00:26.293000,0 days 00:00:25.657000,0 days 00:00:35.430000,0 days 00:28:11.877000,0 days 00:28:37.534000,0 days 00:29:12.964000,213.0,258.0,298.0,140.0,False,SOFT,1.0,True,Alfa Romeo Racing,0 days 00:27:45.584000,2019-06-08 18:12:45.649,1,,False,,False,False
0 days 00:30:25.312000,GIO,99,0 days 00:01:12.348000,7.0,2.0,,,0 days 00:00:20.244000,0 days 00:00:23.106000,0 days 00:00:28.998000,0 days 00:29:33.208000,0 days 00:29:56.314000,0 days 00:30:25.312000,263.0,287.0,299.0,329.0,True,SOFT,2.0,True,Alfa Romeo Racing,0 days 00:29:12.964000,2019-06-08 18:14:13.029,1,,False,,False,True
0 days 00:32:28.792000,GIO,99,0 days 00:02:03.480000,8.0,2.0,,,0 days 00:00:27.364000,0 days 00:00:32.812000,0 days 00:01:03.304000,0 days 00:30:52.676000,0 days 00:31:25.488000,0 days 00:32:28.792000,172.0,197.0,295.0,87.0,False,SOFT,3.0,True,Alfa Romeo Racing,0 days 00:30:25.312000,2019-06-08 18:15:25.377,1,,False,,False,True
0 days 00:33:40.914000,GIO,99,0 days 00:01:12.122000,9.0,2.0,,,0 days 00:00:20.237000,0 days 00:00:22.927000,0 days 00:00:28.958000,0 days 00:32:49.029000,0 days 00:33:11.956000,0 days 00:33:40.914000,263.0,288.0,300.0,329.0,True,SOFT,4.0,True,Alfa Romeo Racing,0 days 00:32:28.792000,2019-06-08 18:17:28.857,1,,False,,False,True
0 days 00:40:15.356000,GIO,99,,10.0,2.0,,0 days 00:35:02.571000,0 days 00:00:25.336000,0 days 00:00:27.150000,,0 days 00:34:06.287000,0 days 00:34:33.446000,,191.0,257.0,,287.0,False,SOFT,5.0,True,Alfa Romeo Racing,0 days 00:33:40.914000,2019-06-08 18:18:40.979,1,,False,,False,False
0 days 00:41:40.050000,GIO,99,0 days 00:01:24.694000,11.0,3.0,0 days 00:40:16.754000,,0 days 00:00:25.106000,0 days 00:00:25.380000,0 days 00:00:34.208000,0 days 00:40:40.462000,0 days 00:41:05.842000,0 days 00:41:40.050000,231.0,259.0,297.0,267.0,False,SOFT,1.0,True,Alfa Romeo Racing,0 days 00:40:15.356000,2019-06-08 18:25:15.421,1,,False,,False,False
0 days 00:42:52.186000,GIO,99,0 days 00:01:12.136000,12.0,3.0,,,0 days 00:00:20.050000,0 days 00:00:23.034000,0 days 00:00:29.052000,0 days 00:42:00.100000,0 days 00:42:23.134000,0 days 00:42:52.186000,265.0,288.0,299.0,327.0,True,SOFT,2.0,True,Alfa Romeo Racing,0 days 00:41:40.050000,2019-06-08 18:26:40.115,1,,False,,False,True
0 days 00:44:36.722000,GIO,99,0 days 00:01:44.536000,13.0,3.0,,,0 days 00:00:27.431000,0 days 00:00:34.009000,0 days 00:00:43.096000,0 days 00:43:19.617000,0 days 00:43:53.626000,0 days 00:44:36.722000,153.0,185.0,297.0,111.0,False,SOFT,3.0,True,Alfa Romeo Racing,0 days 00:42:52.186000,2019-06-08 18:27:52.251,1,,False,,False,True
0 days 00:53:03.793000,GIO,99,,14.0,3.0,,0 days 00:45:51.670000,0 days 00:00:20.039000,0 days 00:00:26.436000,,0 days 00:44:56.851000,0 days 00:45:23.247000,,265.0,255.0,,278.0,False,SOFT,4.0,True,Alfa Romeo Racing,0 days 00:44:36.722000,2019-06-08 18:29:36.787,1,,False,,False,False
0 days 00:54:36.410000,GIO,99,0 days 00:01:32.617000,15.0,4.0,0 days 00:53:05.162000,,0 days 00:00:25.221000,0 days 00:00:25.181000,0 days 00:00:42.215000,0 days 00:53:29.014000,0 days 00:53:54.195000,0 days 00:54:36.410000,233.0,262.0,298.0,105.0,False,SOFT,1.0,True,Alfa Romeo Racing,0 days 00:53:03.793000,2019-06-08 18:38:03.858,1,,False,,False,False
0 days 00:56:00.193000,GIO,99,,16.0,4.0,,0 days 00:56:00.193000,0 days 00:00:20.038000,0 days 00:00:28.200000,,0 days 00:54:56.467000,0 days 00:55:24.657000,,265.0,151.0,,235.0,False,SOFT,2.0,True,Alfa Romeo Racing,0 days 00:54:36.410000,2019-06-08 18:39:36.475,125,,False,,False,False
0 days 00:20:05.207000,ALB,23,0 days 00:01:31.217000,1.0,1.0,0 days 00:18:35.407000,,0 days 00:00:28.857000,0 days 00:00:29.260000,0 days 00:00:33.100000,0 days 00:19:02.847000,0 days 00:19:32.128000,0 days 00:20:05.340000,222.0,266.0,295.0,293.0,False,SOFT,1.0,True,Toro Rosso,0 days 00:18:35.407000,2019-06-08 18:03:35.472,1,,False,,False,False
0 days 00:21:17.998000,ALB,23,0 days 00:01:12.791000,2.0,1.0,,,0 days 00:00:20.191000,0 days 00:00:23.279000,0 days 00:00:29.321000,0 days 00:20:25.398000,0 days 00:20:48.677000,0 days 00:21:17.998000,259.0,281.0,296.0,323.0,True,SOFT,2.0,True,Toro Rosso,0 days 00:20:05.207000,2019-06-08 18:05:05.272,1,,False,,False,True
0 days 00:23:01.311000,ALB,23,0 days 00:01:43.313000,3.0,1.0,,,0 days 00:00:27.264000,0 days 00:00:31.299000,0 days 00:00:44.750000,0 days 00:21:45.262000,0 days 00:22:16.561000,0 days 00:23:01.311000,226.0,226.0,298.0,133.0,False,SOFT,3.0,True,Toro Rosso,0 days 00:21:17.998000,2019-06-08 18:06:18.063,1,,False,,False,True
0 days 00:27:42.730000,ALB,23,,4.0,1.0,,0 days 00:24:18.777000,0 days 00:00:23.091000,0 days 00:00:27.291000,,0 days 00:23:24.411000,0 days 00:23:51.727000,,225.0,269.0,,295.0,False,SOFT,4.0,True,Toro Rosso,0 days 00:23:01.311000,2019-06-08 18:08:01.376,1,,False,,False,False
0 days 00:29:17.342000,ALB,23,0 days 00:01:34.612000,5.0,2.0,0 days 00:27:44.150000,,0 days 00:00:29.906000,0 days 00:00:28.356000,0 days 00:00:36.350000,0 days 00:28:12.636000,0 days 00:28:40.992000,0 days 00:29:17.342000,184.0,268.0,297.0,276.0,False,SOFT,1.0,True,Toro Rosso,0 days 00:27:42.730000,2019-06-08 18:12:42.795,1,,False,,False,False
0 days 00:30:29.362000,ALB,23,0 days 00:01:12.020000,6.0,2.0,,,0 days 00:00:20.001000,0 days 00:00:22.934000,0 days 00:00:29.085000,0 days 00:29:37.343000,0 days 00:30:00.277000,0 days 00:30:29.362000,260.0,282.0,296.0,324.0,True,SOFT,2.0,True,Toro Rosso,0 days 00:29:17.342000,2019-06-08 18:14:17.407,1,,False,,False,True
0 days 00:32:16.309000,ALB,23,0 days 00:01:46.947000,7.0,2.0,,,0 days 00:00:27.364000,0 days 00:00:31.145000,0 days 00:00:48.438000,0 days 00:30:56.726000,0 days 00:31:27.871000,0 days 00:32:16.309000,137.0,250.0,298.0,118.0,False,SOFT,3.0,True,Toro Rosso,0 days 00:30:29.362000,2019-06-08 18:15:29.427,1,,False,,False,True
0 days 00:33:28.421000,ALB,23,0 days 00:01:12.112000,8.0,2.0,,,0 days 00:00:20.016000,0 days 00:00:22.885000,0 days 00:00:29.211000,0 days 00:32:36.325000,0 days 00:32:59.210000,0 days 00:33:28.421000,262.0,284.0,290.0,328.0,False,SOFT,4.0,True,Toro Rosso,0 days 00:32:16.309000,2019-06-08 18:17:16.374,1,,False,,False,True
0 days 00:42:36.616000,ALB,23,,9.0,2.0,,0 days 00:34:52.806000,0 days 00:00:27.613000,0 days 00:00:29.660000,,0 days 00:33:56.038000,0 days 00:34:25.740000,,187.0,252.0,,296.0,False,SOFT,5.0,True,Toro Rosso,0 days 00:33:28.421000,2019-06-08 18:18:28.486,1,,False,,False,False
0 days 00:44:07.746000,ALB,23,0 days 00:01:31.130000,10.0,3.0,0 days 00:42:37.996000,,0 days 00:00:28.181000,0 days 00:00:27.154000,0 days 00:00:35.795000,0 days 00:43:04.797000,0 days 00:43:31.951000,0 days 00:44:07.746000,213.0,271.0,293.0,168.0,False,SOFT,5.0,False,Toro Rosso,0 days 00:42:36.616000,2019-06-08 18:27:36.681,1,,False,,False,False
0 days 00:45:20.426000,ALB,23,0 days 00:01:12.680000,11.0,3.0,,,0 days 00:00:19.916000,0 days 00:00:23.229000,0 days 00:00:29.535000,0 days 00:44:27.662000,0 days 00:44:50.891000,0 days 00:45:20.426000,259.0,280.0,295.0,320.0,True,SOFT,6.0,False,Toro Rosso,0 days 00:44:07.746000,2019-06-08 18:29:07.811,1,,False,,False,True
0 days 00:50:55.544000,ALB,23,,12.0,3.0,,0 days 00:46:38.563000,0 days 00:00:23.256000,0 days 00:00:28.537000,,0 days 00:45:43.682000,0 days 00:46:12.324000,,233.0,256.0,,283.0,False,SOFT,7.0,False,Toro Rosso,0 days 00:45:20.426000,2019-06-08 18:30:20.491,1,,False,,False,False
0 days 00:52:27.485000,ALB,23,0 days 00:01:31.941000,13.0,4.0,0 days 00:50:56.946000,,0 days 00:00:27.812000,0 days 00:00:29.328000,0 days 00:00:34.801000,0 days 00:51:23.356000,0 days 00:51:52.684000,0 days 00:52:27.485000,211.0,260.0,293.0,292.0,False,SOFT,1.0,True,Toro Rosso,0 days 00:50:55.544000,2019-06-08 18:35:55.609,1,,False,,False,False
0 days 00:53:39.678000,ALB,23,0 days 00:01:12.193000,14.0,4.0,,,0 days 00:00:19.778000,0 days 00:00:22.889000,0 days 00:00:29.526000,0 days 00:52:47.263000,0 days 00:53:10.152000,0 days 00:53:39.678000,259.0,280.0,293.0,321.0,True,SOFT,2.0,True,Toro Rosso,0 days 00:52:27.485000,2019-06-08 18:37:27.550,1,,False,,False,True
0 days 00:55:01.745000,ALB,23,0 days 00:01:22.067000,15.0,4.0,,,0 days 00:00:25.325000,0 days 00:00:25.672000,0 days 00:00:31.070000,0 days 00:54:05.003000,0 days 00:54:30.675000,0 days 00:55:01.745000,230.0,254.0,295.0,294.0,False,SOFT,3.0,True,Toro Rosso,0 days 00:53:39.678000,2019-06-08 18:38:39.743,1,,False,,False,True
0 days 00:56:42.844000,ALB,23,,16.0,4.0,,0 days 00:56:42.844000,0 days 00:00:28.720000,0 days 00:00:37.653000,,0 days 00:55:30.538000,0 days 00:56:08.165000,,91.0,159.0,,248.0,False,SOFT,4.0,True,Toro Rosso,0 days 00:55:01.745000,2019-06-08 18:40:01.810,125,,False,,False,False
0 days 00:19:13.187000,GRO,8,0 days 00:01:31.327000,1.0,1.0,0 days 00:17:43.209000,,0 days 00:00:28.393000,0 days 00:00:27.940000,0 days 00:00:34.994000,0 days 00:18:10.275000,0 days 00:18:38.215000,0 days 00:19:13.283000,234.0,253.0,296.0,224.0,False,SOFT,1.0,True,Haas F1 Team,0 days 00:17:43.209000,2019-06-08 18:02:43.274,1,,False,,False,False
0 days 00:20:26.272000,GRO,8,0 days 00:01:13.085000,2.0,1.0,,,0 days 00:00:20.269000,0 days 00:00:23.451000,0 days 00:00:29.365000,0 days 00:19:33.456000,0 days 00:19:56.907000,0 days 00:20:26.272000,261.0,283.0,296.0,324.0,True,SOFT,2.0,True,Haas F1 Team,0 days 00:19:13.187000,2019-06-08 18:04:13.252,1,,False,,False,True
0 days 00:22:18.123000,GRO,8,0 days 00:01:51.851000,3.0,1.0,,,0 days 00:00:27.270000,0 days 00:00:40.703000,0 days 00:00:43.878000,0 days 00:20:53.542000,0 days 00:21:34.245000,0 days 00:22:18.123000,212.0,230.0,294.0,260.0,False,SOFT,3.0,True,Haas F1 Team,0 days 00:20:26.272000,2019-06-08 18:05:26.337,1,,False,,False,True
0 days 00:23:30.963000,GRO,8,0 days 00:01:12.840000,4.0,1.0,,,0 days 00:00:20.283000,0 days 00:00:23.170000,0 days 00:00:29.387000,0 days 00:22:38.406000,0 days 00:23:01.576000,0 days 00:23:30.963000,263.0,284.0,298.0,323.0,True,SOFT,4.0,True,Haas F1 Team,0 days 00:22:18.123000,2019-06-08 18:07:18.188,1,,False,,False,True
0 days 00:27:27.114000,GRO,8,,5.0,1.0,,0 days 00:24:48.901000,0 days 00:00:23.280000,0 days 00:00:26.955000,,0 days 00:23:54.239000,0 days 00:24:21.180000,,236.0,257.0,,268.0,False,SOFT,5.0,True,Haas F1 Team,0 days 00:23:30.963000,2019-06-08 18:08:31.028,1,,False,,False,False
0 days 00:28:59.074000,GRO,8,0 days 00:01:31.960000,6.0,2.0,0 days 00:27:28.472000,,0 days 00:00:27.517000,0 days 00:00:28.779000,0 days 00:00:35.664000,0 days 00:27:54.631000,0 days 00:28:23.410000,0 days 00:28:59.074000,209.0,252.0,296.0,236.0,False,SOFT,1.0,True,Haas F1 Team,0 days 00:27:27.114000,2019-06-08 18:12:27.179,1,,False,,False,False
0 days 00:30:11.183000,GRO,8,0 days 00:01:12.109000,7.0,2.0,,,0 days 00:00:19.977000,0 days 00:00:23.012000,0 days 00:00:29.120000,0 days 00:29:19.051000,0 days 00:29:42.063000,0 days 00:30:11.183000,262.0,283.0,296.0,324.0,True,SOFT,2.0,True,Haas F1 Team,0 days 00:28:59.074000,2019-06-08 18:13:59.139,1,,False,,False,True
0 days 00:31:55.737000,GRO,8,0 days 00:01:44.554000,8.0,2.0,,,0 days 00:00:28.835000,0 days 00:00:38.224000,0 days 00:00:37.495000,0 days 00:30:40.018000,0 days 00:31:18.242000,0 days 00:31:55.737000,145.0,245.0,294.0,246.0,False,SOFT,3.0,True,Haas F1 Team,0 days 00:30:11.183000,2019-06-08 18:15:11.248,1,,False,,False,True
0 days 00:33:07.910000,GRO,8,0 days 00:01:12.173000,9.0,2.0,,,0 days 00:00:20.050000,0 days 00:00:23.047000,0 days 00:00:29.076000,0 days 00:32:15.787000,0 days 00:32:38.834000,0 days 00:33:07.910000,262.0,283.0,297.0,323.0,False,SOFT,4.0,True,Haas F1 Team,0 days 00:31:55.737000,2019-06-08 18:16:55.802,1,,False,,False,True
0 days 00:45:13.166000,GRO,8,,10.0,2.0,,0 days 00:34:33.088000,0 days 00:00:26.993000,0 days 00:00:27.957000,,0 days 00:33:34.915000,0 days 00:34:02.855000,,177.0,235.0,,254.0,False,SOFT,5.0,True,Haas F1 Team,0 days 00:33:07.910000,2019-06-08 18:18:07.975,1,,False,,False,False
0 days 00:46:42.412000,GRO,8,0 days 00:01:29.246000,11.0,3.0,0 days 00:45:14.495000,,0 days 00:00:27.914000,0 days 00:00:28.717000,0 days 00:00:32.615000,0 days 00:45:41.080000,0 days 00:46:09.797000,0 days 00:46:42.412000,234.0,254.0,299.0,294.0,False,SOFT,1.0,True,Haas F1 Team,0 days 00:45:13.166000,2019-06-08 18:30:13.231,1,,False,,False,False
0 days 00:52:29.637000,GRO,8,,12.0,3.0,,0 days 00:47:56.282000,0 days 00:00:19.806000,0 days 00:00:26.851000,,0 days 00:47:02.213000,0 days 00:47:29.076000,,265.0,218.0,,295.0,False,SOFT,2.0,True,Haas F1 Team,0 days 00:46:42.412000,2019-06-08 18:31:42.477,1,,False,,False,False
0 days 00:53:58.547000,GRO,8,0 days 00:01:28.910000,13.0,4.0,0 days 00:52:30.998000,,0 days 00:00:27.069000,0 days 00:00:28.212000,0 days 00:00:33.629000,0 days 00:52:56.706000,0 days 00:53:24.918000,0 days 00:53:58.547000,236.0,255.0,299.0,273.0,False,SOFT,1.0,True,Haas F1 Team,0 days 00:52:29.637000,2019-06-08 18:37:29.702,1,,False,,False,False
0 days 00:55:18.744000,GRO,8,0 days 00:01:20.197000,14.0,4.0,,,0 days 00:00:19.891000,0 days 00:00:22.995000,0 days 00:00:37.311000,0 days 00:54:18.438000,0 days 00:54:41.433000,0 days 00:55:18.744000,265.0,284.0,72.0,326.0,True,SOFT,2.0,True,Haas F1 Team,0 days 00:53:58.547000,2019-06-08 18:38:58.612,125,,False,,False,False
0 days 00:56:58.818000,GRO,8,,15.0,4.0,,0 days 00:56:58.818000,0 days 00:00:35.755000,0 days 00:00:30.179000,,0 days 00:55:54.515000,0 days 00:56:24.701000,,185.0,233.0,,169.0,False,SOFT,3.0,True,Haas F1 Team,0 days 00:55:18.744000,2019-06-08 18:40:18.809,5,,False,,False,False
0 days 00:24:38.198000,PER,11,0 days 00:01:34.007000,1.0,1.0,0 days 00:23:05.582000,,0 days 00:00:26.975000,0 days 00:00:27.331000,0 days 00:00:39.701000,0 days 00:23:31.166000,0 days 00:23:58.529000,0 days 00:24:38.324000,223.0,266.0,295.0,106.0,False,SOFT,1.0,True,Racing Point,0 days 00:23:05.582000,2019-06-08 18:08:05.647,1,,False,,False,False
0 days 00:25:50.551000,PER,11,0 days 00:01:12.353000,2.0,1.0,,,0 days 00:00:20.175000,0 days 00:00:23.030000,0 days 00:00:29.148000,0 days 00:24:58.373000,0 days 00:25:21.403000,0 days 00:25:50.551000,261.0,287.0,297.0,328.0,True,SOFT,2.0,True,Racing Point,0 days 00:24:38.198000,2019-06-08 18:09:38.263,1,,False,,False,True
0 days 00:30:56.456000,PER,11,,3.0,1.0,,0 days 00:27:12.779000,0 days 00:00:24.573000,0 days 00:00:29.525000,,0 days 00:26:15.122000,0 days 00:26:44.683000,,234.0,260.0,,286.0,False,SOFT,3.0,True,Racing Point,0 days 00:25:50.551000,2019-06-08 18:10:50.616,1,,False,,False,False
0 days 00:32:42.578000,PER,11,0 days 00:01:46.122000,4.0,2.0,0 days 00:30:57.839000,,0 days 00:00:26.406000,0 days 00:00:27.497000,0 days 00:00:52.219000,0 days 00:31:22.862000,0 days 00:31:50.359000,0 days 00:32:42.578000,201.0,265.0,297.0,172.0,False,SOFT,1.0,True,Racing Point,0 days 00:30:56.456000,2019-06-08 18:15:56.521,1,,False,,False,False
0 days 00:33:54.775000,PER,11,0 days 00:01:12.197000,5.0,2.0,,,0 days 00:00:20.055000,0 days 00:00:22.945000,0 days 00:00:29.197000,0 days 00:33:02.633000,0 days 00:33:25.578000,0 days 00:33:54.775000,263.0,288.0,298.0,330.0,True,SOFT,2.0,True,Racing Point,0 days 00:32:42.578000,2019-06-08 18:17:42.643,1,,False,,False,True
0 days 00:35:22.742000,PER,11,,6.0,2.0,,0 days 00:35:22.742000,0 days 00:00:28.105000,0 days 00:00:27.730000,,0 days 00:34:22.870000,0 days 00:34:50.591000,,240.0,200.0,,263.0,False,SOFT,3.0,True,Racing Point,0 days 00:33:54.775000,2019-06-08 18:18:54.840,1,,False,,False,False
0 days 00:18:57.300000,RAI,7,0 days 00:01:30.329000,1.0,1.0,0 days 00:17:28.358000,,0 days 00:00:25.853000,0 days 00:00:27.365000,0 days 00:00:37.111000,0 days 00:17:52.850000,0 days 00:18:20.197000,0 days 00:18:57.403000,237.0,255.0,297.0,280.0,False,SOFT,1.0,True,Alfa Romeo Racing,0 days 00:17:28.358000,2019-06-08 18:02:28.423,1,,False,,False,False
0 days 00:20:10.394000,RAI,7,0 days 00:01:13.094000,2.0,1.0,,,0 days 00:00:20.347000,0 days 00:00:23.461000,0 days 00:00:29.286000,0 days 00:19:17.647000,0 days 00:19:41.108000,0 days 00:20:10.394000,261.0,287.0,299.0,329.0,True,SOFT,2.0,True,Alfa Romeo Racing,0 days 00:18:57.300000,2019-06-08 18:03:57.365,1,,False,,False,True
0 days 00:21:50.120000,RAI,7,0 days 00:01:39.726000,3.0,1.0,,,0 days 00:00:28.741000,0 days 00:00:33.036000,0 days 00:00:37.949000,0 days 00:20:39.135000,0 days 00:21:12.171000,0 days 00:21:50.120000,182.0,233.0,297.0,255.0,False,SOFT,3.0,True,Alfa Romeo Racing,0 days 00:20:10.394000,2019-06-08 18:05:10.459,1,,False,,False,True
0 days 00:23:02.979000,RAI,7,0 days 00:01:12.859000,4.0,1.0,,,0 days 00:00:20.408000,0 days 00:00:23.206000,0 days 00:00:29.245000,0 days 00:22:10.528000,0 days 00:22:33.734000,0 days 00:23:02.979000,263.0,286.0,301.0,329.0,True,SOFT,4.0,True,Alfa Romeo Racing,0 days 00:21:50.120000,2019-06-08 18:06:50.185,1,,False,,False,True
0 days 00:27:53.379000,RAI,7,,5.0,1.0,,0 days 00:24:22.318000,0 days 00:00:24.304000,0 days 00:00:27.024000,,0 days 00:23:27.266000,0 days 00:23:54.332000,,235.0,252.0,,298.0,False,SOFT,5.0,True,Alfa Romeo Racing,0 days 00:23:02.979000,2019-06-08 18:08:03.044,1,,False,,False,False
0 days 00:29:22.227000,RAI,7,0 days 00:01:28.848000,6.0,2.0,0 days 00:27:54.774000,,0 days 00:00:26.859000,0 days 00:00:26.316000,0 days 00:00:35.673000,0 days 00:28:20.238000,0 days 00:28:46.554000,0 days 00:29:22.227000,238.0,260.0,299.0,220.0,False,SOFT,1.0,True,Alfa Romeo Racing,0 days 00:27:53.379000,2019-06-08 18:12:53.444,1,,False,,False,False
0 days 00:30:34.457000,RAI,7,0 days 00:01:12.230000,7.0,2.0,,,0 days 00:00:20.185000,0 days 00:00:22.961000,0 days 00:00:29.084000,0 days 00:29:42.412000,0 days 00:30:05.373000,0 days 00:30:34.457000,262.0,285.0,299.0,328.0,True,SOFT,2.0,True,Alfa Romeo Racing,0 days 00:29:22.227000,2019-06-08 18:14:22.292,1,,False,,False,True
0 days 00:32:33.610000,RAI,7,0 days 00:01:59.153000,8.0,2.0,,,0 days 00:00:27.128000,0 days 00:00:36.331000,0 days 00:00:55.694000,0 days 00:31:01.585000,0 days 00:31:37.916000,0 days 00:32:33.610000,174.0,158.0,294.0,78.0,False,SOFT,3.0,True,Alfa Romeo Racing,0 days 00:30:34.457000,2019-06-08 18:15:34.522,1,,False,,False,True
0 days 00:33:45.868000,RAI,7,0 days 00:01:12.258000,9.0,2.0,,,0 days 00:00:20.102000,0 days 00:00:23.062000,0 days 00:00:29.094000,0 days 00:32:53.712000,0 days 00:33:16.774000,0 days 00:33:45.868000,264.0,286.0,298.0,328.0,False,SOFT,4.0,True,Alfa Romeo Racing,0 days 00:32:33.610000,2019-06-08 18:17:33.675,1,,False,,False,True
0 days 00:35:06.768000,RAI,7,,10.0,2.0,,0 days 00:35:06.768000,0 days 00:00:27.132000,0 days 00:00:26.148000,,0 days 00:34:13.010000,0 days 00:34:39.187000,,198.0,255.0,,283.0,False,SOFT,5.0,True,Alfa Romeo Racing,0 days 00:33:45.868000,2019-06-08 18:18:45.933,1,,False,,False,False
0 days 00:18:25.820000,STR,18,0 days 00:01:29.718000,1.0,1.0,0 days 00:16:57.517000,,0 days 00:00:27.514000,0 days 00:00:28.246000,0 days 00:00:33.958000,0 days 00:17:23.616000,0 days 00:17:51.883000,0 days 00:18:25.937000,225.0,263.0,,295.0,False,SOFT,1.0,True,Racing Point,0 days 00:16:57.517000,2019-06-08 18:01:57.582,1,,False,,False,False
0 days 00:19:39.039000,STR,18,0 days 00:01:13.219000,2.0,1.0,,,0 days 00:00:20.577000,0 days 00:00:23.354000,0 days 00:00:29.288000,0 days 00:18:46.397000,0 days 00:19:09.751000,0 days 00:19:39.039000,259.0,284.0,295.0,323.0,True,SOFT,2.0,True,Racing Point,0 days 00:18:25.820000,2019-06-08 18:03:25.885,1,,False,,False,True
0 days 00:23:41.994000,STR,18,,3.0,1.0,,0 days 00:20:57.273000,0 days 00:00:22.865000,0 days 00:00:26.913000,,0 days 00:20:01.893000,0 days 00:20:28.849000,,240.0,239.0,,296.0,False,SOFT,3.0,True,Racing Point,0 days 00:19:39.039000,2019-06-08 18:04:39.104,1,,False,,False,False
0 days 00:25:17.678000,STR,18,0 days 00:01:35.684000,4.0,2.0,0 days 00:23:43.381000,,0 days 00:00:27.564000,0 days 00:00:34.224000,0 days 00:00:33.896000,0 days 00:24:09.558000,0 days 00:24:43.782000,0 days 00:25:17.678000,170.0,234.0,294.0,306.0,False,SOFT,1.0,True,Racing Point,0 days 00:23:41.994000,2019-06-08 18:08:42.059,1,,False,,False,False
0 days 00:26:30.064000,STR,18,0 days 00:01:12.386000,5.0,2.0,,,0 days 00:00:20.082000,0 days 00:00:23.317000,0 days 00:00:28.987000,0 days 00:25:37.760000,0 days 00:26:01.077000,0 days 00:26:30.064000,265.0,287.0,293.0,325.0,True,SOFT,2.0,True,Racing Point,0 days 00:25:17.678000,2019-06-08 18:10:17.743,1,,False,,False,True
0 days 00:30:22.154000,STR,18,,6.0,2.0,,0 days 00:27:47.723000,0 days 00:00:23.630000,0 days 00:00:27.120000,,0 days 00:26:53.731000,0 days 00:27:20.860000,,236.0,257.0,,295.0,False,SOFT,3.0,True,Racing Point,0 days 00:26:30.064000,2019-06-08 18:11:30.129,1,,False,,False,False
0 days 00:32:05.976000,STR,18,0 days 00:01:43.822000,7.0,3.0,0 days 00:30:23.520000,,0 days 00:00:28.884000,0 days 00:00:29.114000,0 days 00:00:45.824000,0 days 00:30:51.038000,0 days 00:31:20.152000,0 days 00:32:05.976000,206.0,266.0,295.0,121.0,False,SOFT,1.0,True,Racing Point,0 days 00:30:22.154000,2019-06-08 18:15:22.219,1,,False,,False,False
0 days 00:33:18.242000,STR,18,0 days 00:01:12.266000,8.0,3.0,,,0 days 00:00:20.267000,0 days 00:00:23.062000,0 days 00:00:28.937000,0 days 00:32:26.243000,0 days 00:32:49.305000,0 days 00:33:18.242000,264.0,286.0,295.0,328.0,True,SOFT,2.0,True,Racing Point,0 days 00:32:05.976000,2019-06-08 18:17:06.041,1,,False,,False,True
0 days 00:34:41.293000,STR,18,,9.0,3.0,,0 days 00:34:41.293000,0 days 00:00:24.850000,0 days 00:00:27.337000,,0 days 00:33:43.152000,0 days 00:34:10.436000,,234.0,248.0,,262.0,False,SOFT,3.0,True,Racing Point,0 days 00:33:18.242000,2019-06-08 18:18:18.307,1,,False,,False,False
0 days 00:18:07.875000,RUS,63,0 days 00:01:28.623000,1.0,1.0,0 days 00:16:40.669000,,0 days 00:00:26.942000,0 days 00:00:26.963000,0 days 00:00:34.718000,0 days 00:17:06.206000,0 days 00:17:33.194000,0 days 00:18:08.029000,243.0,271.0,289.0,301.0,False,SOFT,1.0,True,Williams,0 days 00:16:40.669000,2019-06-08 18:01:40.734,1,,False,,False,False
0 days 00:19:22.888000,RUS,63,0 days 00:01:15.013000,2.0,1.0,,,0 days 00:00:20.963000,0 days 00:00:24.072000,0 days 00:00:29.978000,0 days 00:18:28.838000,0 days 00:18:52.910000,0 days 00:19:22.888000,257.0,279.0,293.0,321.0,True,SOFT,2.0,True,Williams,0 days 00:18:07.875000,2019-06-08 18:03:07.940,1,,False,,False,True
0 days 00:20:59.836000,RUS,63,0 days 00:01:36.948000,3.0,1.0,,,0 days 00:00:29.208000,0 days 00:00:32.282000,0 days 00:00:35.458000,0 days 00:19:52.096000,0 days 00:20:24.378000,0 days 00:20:59.836000,156.0,251.0,294.0,296.0,False,SOFT,3.0,True,Williams,0 days 00:19:22.888000,2019-06-08 18:04:22.953,1,,False,,False,True
0 days 00:22:13.825000,RUS,63,0 days 00:01:13.989000,4.0,1.0,,,0 days 00:00:20.724000,0 days 00:00:23.591000,0 days 00:00:29.674000,0 days 00:21:20.560000,0 days 00:21:44.151000,0 days 00:22:13.825000,257.0,283.0,296.0,324.0,True,SOFT,4.0,True,Williams,0 days 00:20:59.836000,2019-06-08 18:05:59.901,1,,False,,False,True
0 days 00:27:50.221000,RUS,63,,5.0,1.0,,0 days 00:23:32.555000,0 days 00:00:23.304000,0 days 00:00:28.581000,,0 days 00:22:37.143000,0 days 00:23:05.754000,,192.0,256.0,,295.0,False,SOFT,5.0,True,Williams,0 days 00:22:13.825000,2019-06-08 18:07:13.890,1,,False,,False,False
0 days 00:29:28.988000,RUS,63,0 days 00:01:38.767000,6.0,2.0,0 days 00:27:51.857000,,0 days 00:00:26.751000,0 days 00:00:27.178000,0 days 00:00:44.838000,0 days 00:28:16.972000,0 days 00:28:44.150000,0 days 00:29:28.988000,250.0,270.0,295.0,104.0,False,SOFT,1.0,True,Williams,0 days 00:27:50.221000,2019-06-08 18:12:50.286,1,,False,,False,False
0 days 00:30:42.605000,RUS,63,0 days 00:01:13.617000,7.0,2.0,,,0 days 00:00:20.607000,0 days 00:00:23.386000,0 days 00:00:29.624000,0 days 00:29:49.595000,0 days 00:30:12.981000,0 days 00:30:42.605000,261.0,283.0,295.0,326.0,True,SOFT,2.0,True,Williams,0 days 00:29:28.988000,2019-06-08 18:14:29.053,1,,False,,False,True
0 days 00:32:37.076000,RUS,63,0 days 00:01:54.471000,8.0,2.0,,,0 days 00:00:28.869000,0 days 00:00:32.675000,0 days 00:00:52.927000,0 days 00:31:11.474000,0 days 00:31:44.149000,0 days 00:32:37.076000,159.0,247.0,296.0,85.0,False,SOFT,3.0,True,Williams,0 days 00:30:42.605000,2019-06-08 18:15:42.670,1,,False,,False,True
0 days 00:33:52.291000,RUS,63,0 days 00:01:15.215000,9.0,2.0,,,0 days 00:00:20.493000,0 days 00:00:23.707000,0 days 00:00:31.015000,0 days 00:32:57.569000,0 days 00:33:21.276000,0 days 00:33:52.291000,261.0,281.0,209.0,326.0,False,SOFT,4.0,True,Williams,0 days 00:32:37.076000,2019-06-08 18:17:37.141,1,,False,,False,True
0 days 00:35:19.794000,RUS,63,,10.0,2.0,,0 days 00:35:19.794000,0 days 00:00:26.801000,0 days 00:00:29.469000,,0 days 00:34:19.094000,0 days 00:34:48.578000,,192.0,214.0,,247.0,False,SOFT,5.0,True,Williams,0 days 00:33:52.291000,2019-06-08 18:18:52.356,1,,False,,False,False
0 days 00:17:45.101000,KUB,88,0 days 00:01:28.074000,1.0,1.0,0 days 00:16:18.439000,,0 days 00:00:26.446000,0 days 00:00:26.338000,0 days 00:00:35.290000,0 days 00:16:43.493000,0 days 00:17:09.981000,0 days 00:17:45.237000,242.0,268.0,288.0,201.0,False,SOFT,1.0,True,Williams,0 days 00:16:18.439000,2019-06-08 18:01:18.504,1,,False,,False,False
0 days 00:19:01.665000,KUB,88,0 days 00:01:16.564000,2.0,1.0,,,0 days 00:00:21.555000,0 days 00:00:24.510000,0 days 00:00:30.499000,0 days 00:18:06.656000,0 days 00:18:31.166000,0 days 00:19:01.665000,255.0,277.0,292.0,320.0,True,SOFT,2.0,True,Williams,0 days 00:17:45.101000,2019-06-08 18:02:45.166,1,,False,,False,True
0 days 00:20:37.073000,KUB,88,0 days 00:01:35.408000,3.0,1.0,,,0 days 00:00:26.539000,0 days 00:00:32.533000,0 days 00:00:36.336000,0 days 00:19:28.204000,0 days 00:20:00.737000,0 days 00:20:37.073000,165.0,250.0,293.0,229.0,False,SOFT,3.0,True,Williams,0 days 00:19:01.665000,2019-06-08 18:04:01.730,1,,False,,False,True
0 days 00:21:52.029000,KUB,88,0 days 00:01:14.956000,4.0,1.0,,,0 days 00:00:20.911000,0 days 00:00:24.124000,0 days 00:00:29.921000,0 days 00:20:57.984000,0 days 00:21:22.108000,0 days 00:21:52.029000,257.0,281.0,295.0,326.0,True,SOFT,4.0,True,Williams,0 days 00:20:37.073000,2019-06-08 18:05:37.138,1,,False,,False,True
0 days 00:27:36.387000,KUB,88,,5.0,1.0,,0 days 00:23:14.318000,0 days 00:00:25.472000,0 days 00:00:27.664000,,0 days 00:22:17.503000,0 days 00:22:45.193000,,213.0,253.0,,298.0,False,SOFT,5.0,True,Williams,0 days 00:21:52.029000,2019-06-08 18:06:52.094,1,,False,,False,False
0 days 00:29:05.362000,KUB,88,0 days 00:01:28.975000,6.0,2.0,0 days 00:27:37.801000,,0 days 00:00:26.196000,0 days 00:00:26.216000,0 days 00:00:36.563000,0 days 00:28:02.583000,0 days 00:28:28.799000,0 days 00:29:05.362000,236.0,271.0,294.0,211.0,False,SOFT,1.0,True,Williams,0 days 00:27:36.387000,2019-06-08 18:12:36.452,1,,False,,False,False
0 days 00:30:19.755000,KUB,88,0 days 00:01:14.393000,7.0,2.0,,,0 days 00:00:20.708000,0 days 00:00:23.772000,0 days 00:00:29.913000,0 days 00:29:26.070000,0 days 00:29:49.842000,0 days 00:30:19.755000,255.0,279.0,294.0,323.0,True,SOFT,2.0,True,Williams,0 days 00:29:05.362000,2019-06-08 18:14:05.427,1,,False,,False,True
0 days 00:31:58.895000,KUB,88,0 days 00:01:39.140000,8.0,2.0,,,0 days 00:00:26.244000,0 days 00:00:32.983000,0 days 00:00:39.913000,0 days 00:30:45.999000,0 days 00:31:18.982000,0 days 00:31:58.895000,167.0,249.0,295.0,158.0,False,SOFT,3.0,True,Williams,0 days 00:30:19.755000,2019-06-08 18:15:19.820,1,,False,,False,True
0 days 00:33:13.840000,KUB,88,0 days 00:01:14.945000,9.0,2.0,,,0 days 00:00:20.814000,0 days 00:00:24.075000,0 days 00:00:30.056000,0 days 00:32:19.709000,0 days 00:32:43.784000,0 days 00:33:13.840000,257.0,279.0,295.0,323.0,False,SOFT,4.0,True,Williams,0 days 00:31:58.895000,2019-06-08 18:16:58.960,1,,False,,False,True
0 days 00:34:37.471000,KUB,88,,10.0,2.0,,0 days 00:34:37.471000,0 days 00:00:25.952000,0 days 00:00:28.493000,,0 days 00:33:39.798000,0 days 00:34:08.346000,,176.0,254.0,,244.0,False,SOFT,5.0,True,Williams,0 days 00:33:13.840000,2019-06-08 18:18:13.905,1,,False,,False,False
