Time,Driver,DriverNumber,LapTime,LapNumber,Stint,PitOutTime,PitInTime,Sector1Time,Sector2Time,Sector3Time,Sector1SessionTime,Sector2SessionTime,Sector3SessionTime,SpeedI1,SpeedI2,SpeedFL,SpeedST,IsPersonalBest,Compound,TyreLife,FreshTyre,Team,LapStartTime,LapStartDate,TrackStatus,Position,Deleted,DeletedReason,FastF1Generated,IsAccurate
0 days 00:23:19.608000,BOT,77,,1.0,1.0,0 days 00:21:42.970000,,,0 days 00:00:41.195000,0 days 00:00:25.738000,,0 days 00:22:53.997000,0 days 00:23:19.877000,300.0,242.0,254.0,296.0,False,SOFT,1.0,True,Mercedes,0 days 00:21:42.970000,2019-07-13 13:06:42.980,1,,False,,False,False
0 days 00:24:45.358000,BOT,77,0 days 00:01:25.750000,2.0,1.0,,,0 days 00:00:27.630000,0 days 00:00:34.790000,0 days 00:00:23.330000,0 days 00:23:47.238000,0 days 00:24:22.028000,0 days 00:24:45.358000,311.0,270.0,254.0,322.0,True,SOFT,2.0,True,Mercedes,0 days 00:23:19.608000,2019-07-13 13:08:19.618,1,,False,,False,True
0 days 00:26:36.117000,BOT,77,0 days 00:01:50.759000,3.0,1.0,,,0 days 00:00:37.011000,0 days 00:00:46.012000,0 days 00:00:27.736000,0 days 00:25:22.369000,0 days 00:26:08.381000,0 days 00:26:36.117000,178.0,232.0,256.0,294.0,False,SOFT,3.0,True,Mercedes,0 days 00:24:45.358000,2019-07-13 13:09:45.368,1,,False,,False,True
0 days 00:28:01.895000,BOT,77,0 days 00:01:25.778000,4.0,1.0,,,0 days 00:00:27.653000,0 days 00:00:34.829000,0 days 00:00:23.296000,0 days 00:27:03.770000,0 days 00:27:38.599000,0 days 00:28:01.895000,308.0,271.0,254.0,320.0,False,SOFT,4.0,True,Mercedes,0 days 00:26:36.117000,2019-07-13 13:11:36.127,1,,False,,False,True
0 days 00:29:39.053000,BOT,77,0 days 00:01:37.158000,5.0,1.0,,0 days 00:29:33.122000,0 days 00:00:32.961000,0 days 00:00:38.557000,0 days 00:00:25.640000,0 days 00:28:34.856000,0 days 00:29:13.413000,0 days 00:29:39.053000,285.0,256.0,,307.0,False,SOFT,5.0,True,Mercedes,0 days 00:28:01.895000,2019-07-13 13:13:01.905,1,,False,,False,False
0 days 00:32:56.769000,BOT,77,,6.0,2.0,0 days 00:31:15.146000,0 days 00:32:50.852000,,0 days 00:00:39.677000,0 days 00:00:29.879000,,0 days 00:32:26.890000,0 days 00:32:56.982000,299.0,259.0,,302.0,False,SOFT,1.0,True,Mercedes,0 days 00:29:39.053000,2019-07-13 13:14:39.063,1,,False,,False,False
0 days 00:41:47.110000,BOT,77,,7.0,3.0,0 days 00:40:14.795000,,,0 days 00:00:38.476000,0 days 00:00:24.879000,,0 days 00:41:22.249000,0 days 00:41:47.131000,301.0,252.0,253.0,306.0,False,MEDIUM,1.0,True,Mercedes,0 days 00:32:56.769000,2019-07-13 13:17:56.779,1,,False,,False,False
0 days 00:43:12.998000,BOT,77,0 days 00:01:25.888000,8.0,3.0,,,0 days 00:00:27.853000,0 days 00:00:34.717000,0 days 00:00:23.318000,0 days 00:42:14.963000,0 days 00:42:49.680000,0 days 00:43:12.998000,310.0,272.0,253.0,325.0,True,MEDIUM,2.0,True,Mercedes,0 days 00:41:47.110000,2019-07-13 13:26:47.120,1,,False,,False,True
0 days 00:44:55.362000,BOT,77,0 days 00:01:42.364000,9.0,3.0,,,0 days 00:00:33.592000,0 days 00:00:42.926000,0 days 00:00:25.846000,0 days 00:43:46.590000,0 days 00:44:29.516000,0 days 00:44:55.362000,254.0,244.0,256.0,307.0,False,MEDIUM,3.0,True,Mercedes,0 days 00:43:12.998000,2019-07-13 13:28:13.008,1,,False,,False,True
0 days 00:46:21.034000,BOT,77,0 days 00:01:25.672000,10.0,3.0,,,0 days 00:00:27.698000,0 days 00:00:34.696000,0 days 00:00:23.278000,0 days 00:45:23.060000,0 days 00:45:57.756000,0 days 00:46:21.034000,309.0,272.0,254.0,328.0,True,MEDIUM,4.0,True,Mercedes,0 days 00:44:55.362000,2019-07-13 13:29:55.372,1,,False,,False,True
0 days 00:48:04.531000,BOT,77,0 days 00:01:43.497000,11.0,3.0,,0 days 00:47:57.302000,0 days 00:00:32.028000,0 days 00:00:41.498000,0 days 00:00:29.971000,0 days 00:46:53.062000,0 days 00:47:34.560000,0 days 00:48:04.531000,260.0,248.0,,267.0,False,MEDIUM,5.0,True,Mercedes,0 days 00:46:21.034000,2019-07-13 13:31:21.044,1,,False,,False,False
0 days 00:54:20.139000,BOT,77,,12.0,4.0,0 days 00:52:41.612000,,,0 days 00:00:39.345000,0 days 00:00:31.200000,,0 days 00:53:48.973000,0 days 00:54:20.188000,297.0,253.0,254.0,280.0,False,SOFT,2.0,False,Mercedes,0 days 00:48:04.531000,2019-07-13 13:33:04.541,1,,False,,False,False
0 days 00:55:47.257000,BOT,77,0 days 00:01:27.118000,13.0,4.0,,,0 days 00:00:27.577000,0 days 00:00:34.636000,0 days 00:00:24.905000,0 days 00:54:47.716000,0 days 00:55:22.352000,0 days 00:55:47.257000,311.0,273.0,216.0,327.0,False,SOFT,3.0,False,Mercedes,0 days 00:54:20.139000,2019-07-13 13:39:20.149,1,,False,,False,True
0 days 00:57:38.365000,BOT,77,0 days 00:01:51.108000,14.0,4.0,,0 days 00:57:32.442000,0 days 00:00:33.831000,0 days 00:00:45.721000,0 days 00:00:31.556000,0 days 00:56:21.088000,0 days 00:57:06.809000,0 days 00:57:38.365000,217.0,205.0,,217.0,False,SOFT,4.0,False,Mercedes,0 days 00:55:47.257000,2019-07-13 13:40:47.267,1,,False,,False,False
0 days 01:05:18.976000,BOT,77,,15.0,5.0,0 days 01:03:40.632000,,,0 days 00:00:39.379000,0 days 00:00:28.524000,,0 days 01:04:50.458000,0 days 01:05:18.990000,279.0,250.0,257.0,309.0,False,SOFT,1.0,True,Mercedes,0 days 00:57:38.365000,2019-07-13 13:42:38.375,1,,False,,False,False
0 days 01:06:44.069000,BOT,77,0 days 00:01:25.093000,16.0,5.0,,,0 days 00:00:27.466000,0 days 00:00:34.408000,0 days 00:00:23.219000,0 days 01:05:46.442000,0 days 01:06:20.850000,0 days 01:06:44.069000,311.0,274.0,254.0,326.0,True,SOFT,2.0,True,Mercedes,0 days 01:05:18.976000,2019-07-13 13:50:18.986,1,,False,,False,True
0 days 01:08:20.776000,BOT,77,0 days 00:01:36.707000,17.0,5.0,,0 days 01:08:14.723000,0 days 00:00:30.728000,0 days 00:00:39.539000,0 days 00:00:26.440000,0 days 01:07:14.797000,0 days 01:07:54.336000,0 days 01:08:20.776000,287.0,256.0,,309.0,False,SOFT,3.0,True,Mercedes,0 days 01:06:44.069000,2019-07-13 13:51:44.079,1,,False,,False,False
0 days 01:13:54.027000,BOT,77,,18.0,6.0,0 days 01:12:19.596000,,,0 days 00:00:40.089000,0 days 00:00:25.811000,,0 days 01:13:28.251000,0 days 01:13:54.100000,296.0,252.0,256.0,305.0,False,SOFT,1.0,True,Mercedes,0 days 01:08:20.776000,2019-07-13 13:53:20.786,1,,False,,False,False
0 days 01:15:19.383000,BOT,77,0 days 00:01:25.356000,19.0,6.0,,,0 days 00:00:27.650000,0 days 00:00:34.535000,0 days 00:00:23.171000,0 days 01:14:21.677000,0 days 01:14:56.212000,0 days 01:15:19.383000,310.0,273.0,254.0,325.0,False,SOFT,2.0,True,Mercedes,0 days 01:13:54.027000,2019-07-13 13:58:54.037,1,,False,,False,True
0 days 01:17:16.073000,BOT,77,0 days 00:01:56.690000,20.0,6.0,,,0 days 00:00:35.846000,0 days 00:00:46.758000,0 days 00:00:34.086000,0 days 01:15:55.229000,0 days 01:16:41.987000,0 days 01:17:16.073000,209.0,212.0,69.0,231.0,False,SOFT,3.0,True,Mercedes,0 days 01:15:19.383000,2019-07-13 14:00:19.393,1,,False,,False,True
0 days 00:23:24.032000,HAM,44,,1.0,1.0,0 days 00:21:47.635000,,,0 days 00:00:39.077000,0 days 00:00:28.803000,,0 days 00:22:55.260000,0 days 00:23:24.292000,292.0,254.0,254.0,169.0,False,SOFT,1.0,True,Mercedes,0 days 00:21:47.635000,2019-07-13 13:06:47.645,1,,False,,False,False
0 days 00:24:49.545000,HAM,44,0 days 00:01:25.513000,2.0,1.0,,,0 days 00:00:27.636000,0 days 00:00:34.666000,0 days 00:00:23.211000,0 days 00:23:51.668000,0 days 00:24:26.334000,0 days 00:24:49.545000,311.0,270.0,254.0,322.0,True,SOFT,2.0,True,Mercedes,0 days 00:23:24.032000,2019-07-13 13:08:24.042,1,,False,,False,True
0 days 00:26:40.739000,HAM,44,0 days 00:01:51.194000,3.0,1.0,,,0 days 00:00:36.364000,0 days 00:00:44.975000,0 days 00:00:29.855000,0 days 00:25:25.909000,0 days 00:26:10.884000,0 days 00:26:40.739000,280.0,242.0,256.0,300.0,False,SOFT,3.0,True,Mercedes,0 days 00:24:49.545000,2019-07-13 13:09:49.555,1,,False,,False,True
0 days 00:28:06.363000,HAM,44,0 days 00:01:25.624000,4.0,1.0,,,0 days 00:00:27.669000,0 days 00:00:34.715000,0 days 00:00:23.240000,0 days 00:27:08.408000,0 days 00:27:43.123000,0 days 00:28:06.363000,309.0,271.0,255.0,323.0,False,SOFT,4.0,True,Mercedes,0 days 00:26:40.739000,2019-07-13 13:11:40.749,1,,False,,False,True
0 days 00:29:56.612000,HAM,44,0 days 00:01:50.249000,5.0,1.0,,0 days 00:29:50.641000,0 days 00:00:37.776000,0 days 00:00:46.665000,0 days 00:00:25.808000,0 days 00:28:44.139000,0 days 00:29:30.804000,0 days 00:29:56.612000,227.0,251.0,,301.0,False,SOFT,5.0,True,Mercedes,0 days 00:28:06.363000,2019-07-13 13:13:06.373,1,,False,,False,False
0 days 00:41:51.551000,HAM,44,,6.0,2.0,0 days 00:40:18.383000,,,0 days 00:00:38.154000,0 days 00:00:25.552000,,0 days 00:41:26.087000,0 days 00:41:51.577000,292.0,255.0,254.0,309.0,False,MEDIUM,1.0,True,Mercedes,0 days 00:29:56.612000,2019-07-13 13:14:56.622,1,,False,,False,False
0 days 00:43:17.391000,HAM,44,0 days 00:01:25.840000,7.0,2.0,,,0 days 00:00:27.901000,0 days 00:00:34.758000,0 days 00:00:23.181000,0 days 00:42:19.452000,0 days 00:42:54.210000,0 days 00:43:17.391000,309.0,274.0,251.0,326.0,True,MEDIUM,2.0,True,Mercedes,0 days 00:41:51.551000,2019-07-13 13:26:51.561,1,,False,,False,True
0 days 00:44:59.547000,HAM,44,0 days 00:01:42.156000,8.0,2.0,,,0 days 00:00:33.744000,0 days 00:00:41.230000,0 days 00:00:27.182000,0 days 00:43:51.135000,0 days 00:44:32.365000,0 days 00:44:59.547000,284.0,252.0,256.0,310.0,False,MEDIUM,3.0,True,Mercedes,0 days 00:43:17.391000,2019-07-13 13:28:17.401,1,,False,,False,True
0 days 00:46:32.704000,HAM,44,0 days 00:01:33.157000,9.0,2.0,,0 days 00:46:26.698000,0 days 00:00:27.653000,0 days 00:00:36.225000,0 days 00:00:29.279000,0 days 00:45:27.200000,0 days 00:46:03.425000,0 days 00:46:32.704000,310.0,222.0,,269.0,False,MEDIUM,4.0,True,Mercedes,0 days 00:44:59.547000,2019-07-13 13:29:59.557,1,,False,,False,False
0 days 00:54:47.413000,HAM,44,,10.0,3.0,0 days 00:53:08.865000,0 days 00:54:39.844000,,0 days 00:00:41.245000,0 days 00:00:28.488000,,0 days 00:54:18.925000,0 days 00:54:47.473000,283.0,247.0,,306.0,False,MEDIUM,1.0,True,Mercedes,0 days 00:46:32.704000,2019-07-13 13:31:32.714,1,,False,,False,False
0 days 01:05:13.576000,HAM,44,,11.0,4.0,0 days 01:03:41.771000,,,0 days 00:00:37.946000,0 days 00:00:25.024000,,0 days 01:04:48.617000,0 days 01:05:13.608000,294.0,258.0,256.0,307.0,False,SOFT,1.0,True,Mercedes,0 days 00:54:47.413000,2019-07-13 13:39:47.423,1,,False,,False,False
0 days 01:06:38.921000,HAM,44,0 days 00:01:25.345000,12.0,4.0,,,0 days 00:00:27.449000,0 days 00:00:34.744000,0 days 00:00:23.152000,0 days 01:05:41.025000,0 days 01:06:15.769000,0 days 01:06:38.921000,309.0,274.0,252.0,324.0,True,SOFT,2.0,True,Mercedes,0 days 01:05:13.576000,2019-07-13 13:50:13.586,1,,False,,False,True
0 days 01:08:16.224000,HAM,44,0 days 00:01:37.303000,13.0,4.0,,0 days 01:08:10.199000,0 days 00:00:30.111000,0 days 00:00:40.543000,0 days 00:00:26.649000,0 days 01:07:09.032000,0 days 01:07:49.575000,0 days 01:08:16.224000,271.0,254.0,,295.0,False,SOFT,3.0,True,Mercedes,0 days 01:06:38.921000,2019-07-13 13:51:38.931,1,,False,,False,False
0 days 01:13:58.762000,HAM,44,,14.0,5.0,0 days 01:12:21.873000,,,0 days 00:00:39.031000,0 days 00:00:29.390000,,0 days 01:13:29.421000,0 days 01:13:58.827000,298.0,257.0,257.0,295.0,False,SOFT,1.0,True,Mercedes,0 days 01:08:16.224000,2019-07-13 13:53:16.234,1,,False,,False,False
0 days 01:15:23.861000,HAM,44,0 days 00:01:25.099000,15.0,5.0,,,0 days 00:00:27.543000,0 days 00:00:34.486000,0 days 00:00:23.070000,0 days 01:14:26.305000,0 days 01:15:00.791000,0 days 01:15:23.861000,310.0,276.0,252.0,328.0,True,SOFT,2.0,True,Mercedes,0 days 01:13:58.762000,2019-07-13 13:58:58.772,1,,False,,False,True
0 days 01:17:23.468000,HAM,44,0 days 00:01:59.607000,16.0,5.0,,,0 days 00:00:36.127000,0 days 00:00:47.161000,0 days 00:00:36.319000,0 days 01:15:59.988000,0 days 01:16:47.149000,0 days 01:17:23.468000,209.0,202.0,61.0,245.0,False,SOFT,3.0,True,Mercedes,0 days 01:15:23.861000,2019-07-13 14:00:23.871,1,,False,,False,True
0 days 00:21:32.249000,LEC,16,,1.0,1.0,0 days 00:19:48.997000,,,0 days 00:00:39.973000,0 days 00:00:32.047000,,0 days 00:21:00.336000,0 days 00:21:32.581000,272.0,242.0,257.0,273.0,False,MEDIUM,1.0,True,Ferrari,0 days 00:19:48.997000,2019-07-13 13:04:49.007,1,,False,,False,False
0 days 00:22:57.877000,LEC,16,0 days 00:01:25.628000,2.0,1.0,,,0 days 00:00:27.608000,0 days 00:00:34.736000,0 days 00:00:23.284000,0 days 00:21:59.857000,0 days 00:22:34.593000,0 days 00:22:57.877000,318.0,270.0,258.0,331.0,True,MEDIUM,2.0,True,Ferrari,0 days 00:21:32.249000,2019-07-13 13:06:32.259,1,,False,,False,True
0 days 00:24:54.262000,LEC,16,0 days 00:01:56.385000,3.0,1.0,,,0 days 00:00:35.705000,0 days 00:00:47.826000,0 days 00:00:32.854000,0 days 00:23:33.582000,0 days 00:24:21.408000,0 days 00:24:54.262000,197.0,216.0,258.0,160.0,False,MEDIUM,3.0,True,Ferrari,0 days 00:22:57.877000,2019-07-13 13:07:57.887,1,,False,,False,True
0 days 00:26:19.795000,LEC,16,0 days 00:01:25.533000,4.0,1.0,,,0 days 00:00:27.514000,0 days 00:00:34.604000,0 days 00:00:23.415000,0 days 00:25:21.776000,0 days 00:25:56.380000,0 days 00:26:19.795000,316.0,272.0,255.0,325.0,True,MEDIUM,4.0,True,Ferrari,0 days 00:24:54.262000,2019-07-13 13:09:54.272,1,,False,,False,True
0 days 00:28:05.332000,LEC,16,0 days 00:01:45.537000,5.0,1.0,,0 days 00:27:59.444000,0 days 00:00:31.393000,0 days 00:00:44.529000,0 days 00:00:29.615000,0 days 00:26:51.188000,0 days 00:27:35.717000,0 days 00:28:05.332000,274.0,131.0,,268.0,False,MEDIUM,5.0,True,Ferrari,0 days 00:26:19.795000,2019-07-13 13:11:19.805,1,,False,,False,False
0 days 00:42:50.536000,LEC,16,,6.0,2.0,0 days 00:41:14.075000,,,0 days 00:00:39.369000,0 days 00:00:26.828000,,0 days 00:42:23.744000,0 days 00:42:50.592000,267.0,248.0,256.0,275.0,False,MEDIUM,1.0,True,Ferrari,0 days 00:28:05.332000,2019-07-13 13:13:05.342,1,,False,,False,False
0 days 00:44:16.182000,LEC,16,0 days 00:01:25.646000,7.0,2.0,,,0 days 00:00:27.527000,0 days 00:00:34.665000,0 days 00:00:23.454000,0 days 00:43:18.063000,0 days 00:43:52.728000,0 days 00:44:16.182000,315.0,272.0,256.0,331.0,True,MEDIUM,2.0,True,Ferrari,0 days 00:42:50.536000,2019-07-13 13:27:50.546,1,,False,,False,True
0 days 00:46:04.136000,LEC,16,0 days 00:01:47.954000,8.0,2.0,,0 days 00:45:58.134000,0 days 00:00:33.600000,0 days 00:00:46.232000,0 days 00:00:28.122000,0 days 00:44:49.782000,0 days 00:45:36.014000,0 days 00:46:04.136000,244.0,229.0,,284.0,False,MEDIUM,3.0,True,Ferrari,0 days 00:44:16.182000,2019-07-13 13:29:16.192,1,,False,,False,False
0 days 00:54:32.076000,LEC,16,,9.0,3.0,0 days 00:52:46.697000,,,0 days 00:00:41.668000,0 days 00:00:31.079000,,0 days 00:54:01.016000,0 days 00:54:32.138000,264.0,241.0,257.0,225.0,False,SOFT,1.0,True,Ferrari,0 days 00:46:04.136000,2019-07-13 13:31:04.146,1,,False,,False,False
0 days 00:55:57.622000,LEC,16,0 days 00:01:25.546000,10.0,3.0,,,0 days 00:00:27.394000,0 days 00:00:34.776000,0 days 00:00:23.376000,0 days 00:54:59.470000,0 days 00:55:34.246000,0 days 00:55:57.622000,316.0,273.0,256.0,332.0,True,SOFT,2.0,True,Ferrari,0 days 00:54:32.076000,2019-07-13 13:39:32.086,1,,False,,False,True
0 days 00:57:45.955000,LEC,16,0 days 00:01:48.333000,11.0,3.0,,0 days 00:57:39.946000,0 days 00:00:35.683000,0 days 00:00:43.943000,0 days 00:00:28.707000,0 days 00:56:33.305000,0 days 00:57:17.248000,0 days 00:57:45.955000,266.0,227.0,,288.0,False,SOFT,3.0,True,Ferrari,0 days 00:55:57.622000,2019-07-13 13:40:57.632,1,,False,,False,False
0 days 01:06:18.769000,LEC,16,,12.0,4.0,0 days 01:04:35.326000,,,0 days 00:00:42.961000,0 days 00:00:28.770000,,0 days 01:05:50.096000,0 days 01:06:18.800000,241.0,246.0,258.0,278.0,False,SOFT,1.0,True,Ferrari,0 days 00:57:45.955000,2019-07-13 13:42:45.965,1,,False,,False,False
0 days 01:07:44.385000,LEC,16,0 days 00:01:25.616000,13.0,4.0,,,0 days 00:00:27.499000,0 days 00:00:34.584000,0 days 00:00:23.533000,0 days 01:06:46.268000,0 days 01:07:20.852000,0 days 01:07:44.385000,317.0,274.0,257.0,332.0,True,SOFT,2.0,True,Ferrari,0 days 01:06:18.769000,2019-07-13 13:51:18.779,1,,False,,False,True
0 days 01:09:24.486000,LEC,16,0 days 00:01:40.101000,14.0,4.0,,0 days 01:09:18.496000,0 days 00:00:32.533000,0 days 00:00:41.426000,0 days 00:00:26.142000,0 days 01:08:16.918000,0 days 01:08:58.344000,0 days 01:09:24.486000,282.0,245.0,,294.0,False,SOFT,3.0,True,Ferrari,0 days 01:07:44.385000,2019-07-13 13:52:44.395,1,,False,,False,False
0 days 01:14:25.465000,LEC,16,,15.0,5.0,0 days 01:12:35.008000,,,0 days 00:00:46.171000,0 days 00:00:34.441000,,0 days 01:13:51.074000,0 days 01:14:25.503000,272.0,238.0,259.0,295.0,False,SOFT,1.0,True,Ferrari,0 days 01:09:24.486000,2019-07-13 13:54:24.496,1,,False,,False,False
0 days 01:15:50.637000,LEC,16,0 days 00:01:25.172000,16.0,5.0,,,0 days 00:00:27.366000,0 days 00:00:34.487000,0 days 00:00:23.319000,0 days 01:14:52.831000,0 days 01:15:27.318000,0 days 01:15:50.637000,317.0,273.0,255.0,331.0,True,SOFT,2.0,True,Ferrari,0 days 01:14:25.465000,2019-07-13 13:59:25.475,1,,False,,False,True
0 days 01:17:48.375000,LEC,16,0 days 00:01:57.738000,17.0,5.0,,,0 days 00:00:37.981000,0 days 00:00:43.605000,0 days 00:00:36.152000,0 days 01:16:28.618000,0 days 01:17:12.223000,0 days 01:17:48.375000,199.0,226.0,61.0,227.0,False,SOFT,3.0,True,Ferrari,0 days 01:15:50.637000,2019-07-13 14:00:50.647,1,,False,,False,True
0 days 00:21:36.912000,VER,33,,1.0,1.0,0 days 00:19:56.298000,,,0 days 00:00:43.900000,0 days 00:00:27.359000,,0 days 00:21:09.555000,0 days 00:21:37.183000,297.0,252.0,257.0,292.0,False,SOFT,1.0,True,Red Bull Racing,0 days 00:19:56.298000,2019-07-13 13:04:56.308,1,,False,,False,False
0 days 00:23:03.007000,VER,33,0 days 00:01:26.095000,2.0,1.0,,,0 days 00:00:27.760000,0 days 00:00:34.906000,0 days 00:00:23.429000,0 days 00:22:04.672000,0 days 00:22:39.578000,0 days 00:23:03.007000,316.0,271.0,249.0,327.0,True,SOFT,2.0,True,Red Bull Racing,0 days 00:21:36.912000,2019-07-13 13:06:36.922,1,,False,,False,True
0 days 00:25:01.561000,VER,33,0 days 00:01:58.554000,3.0,1.0,,,0 days 00:00:39.088000,0 days 00:00:47.986000,0 days 00:00:31.480000,0 days 00:23:42.095000,0 days 00:24:30.081000,0 days 00:25:01.561000,210.0,177.0,257.0,268.0,False,SOFT,3.0,True,Red Bull Racing,0 days 00:23:03.007000,2019-07-13 13:08:03.017,1,,False,,False,True
0 days 00:26:27.261000,VER,33,0 days 00:01:25.700000,4.0,1.0,,,0 days 00:00:27.776000,0 days 00:00:34.617000,0 days 00:00:23.307000,0 days 00:25:29.337000,0 days 00:26:03.954000,0 days 00:26:27.261000,315.0,272.0,255.0,321.0,True,SOFT,4.0,True,Red Bull Racing,0 days 00:25:01.561000,2019-07-13 13:10:01.571,1,,False,,False,True
0 days 00:28:21.398000,VER,33,0 days 00:01:54.137000,5.0,1.0,,,0 days 00:00:35.264000,0 days 00:00:51.564000,0 days 00:00:27.309000,0 days 00:27:02.525000,0 days 00:27:54.089000,0 days 00:28:21.398000,105.0,227.0,257.0,286.0,False,SOFT,5.0,True,Red Bull Racing,0 days 00:26:27.261000,2019-07-13 13:11:27.271,1,,False,,False,True
0 days 00:29:47.266000,VER,33,0 days 00:01:25.868000,6.0,1.0,,,0 days 00:00:27.656000,0 days 00:00:34.867000,0 days 00:00:23.345000,0 days 00:28:49.054000,0 days 00:29:23.921000,0 days 00:29:47.266000,312.0,272.0,253.0,321.0,False,SOFT,6.0,True,Red Bull Racing,0 days 00:28:21.398000,2019-07-13 13:13:21.408,1,,False,,False,True
0 days 00:31:22.818000,VER,33,0 days 00:01:35.552000,7.0,1.0,,0 days 00:31:16.597000,0 days 00:00:30.627000,0 days 00:00:38.596000,0 days 00:00:26.329000,0 days 00:30:17.893000,0 days 00:30:56.489000,0 days 00:31:22.818000,282.0,254.0,,301.0,False,SOFT,7.0,True,Red Bull Racing,0 days 00:29:47.266000,2019-07-13 13:14:47.276,1,,False,,False,False
0 days 00:43:09.049000,VER,33,,8.0,2.0,0 days 00:41:28.833000,,,0 days 00:00:39.438000,0 days 00:00:32.028000,,0 days 00:42:37.035000,0 days 00:43:09.062000,285.0,258.0,256.0,267.0,False,MEDIUM,1.0,True,Red Bull Racing,0 days 00:31:22.818000,2019-07-13 13:16:22.828,1,,False,,False,False
0 days 00:44:35.137000,VER,33,0 days 00:01:26.088000,9.0,2.0,,,0 days 00:00:27.667000,0 days 00:00:35.056000,0 days 00:00:23.365000,0 days 00:43:36.716000,0 days 00:44:11.772000,0 days 00:44:35.137000,313.0,272.0,253.0,327.0,True,MEDIUM,2.0,True,Red Bull Racing,0 days 00:43:09.049000,2019-07-13 13:28:09.059,1,,False,,False,True
0 days 00:46:33.606000,VER,33,0 days 00:01:58.469000,10.0,2.0,,,0 days 00:00:33.452000,0 days 00:00:51.170000,0 days 00:00:33.847000,0 days 00:45:08.589000,0 days 00:45:59.759000,0 days 00:46:33.606000,254.0,254.0,255.0,237.0,False,MEDIUM,3.0,True,Red Bull Racing,0 days 00:44:35.137000,2019-07-13 13:29:35.147,1,,False,,False,True
0 days 00:47:59.454000,VER,33,0 days 00:01:25.848000,11.0,2.0,,,0 days 00:00:27.686000,0 days 00:00:34.827000,0 days 00:00:23.335000,0 days 00:47:01.292000,0 days 00:47:36.119000,0 days 00:47:59.454000,313.0,275.0,253.0,327.0,True,MEDIUM,4.0,True,Red Bull Racing,0 days 00:46:33.606000,2019-07-13 13:31:33.616,1,,False,,False,True
0 days 00:49:48.634000,VER,33,0 days 00:01:49.180000,12.0,2.0,,0 days 00:49:42.680000,0 days 00:00:32.663000,0 days 00:00:48.229000,0 days 00:00:28.288000,0 days 00:48:32.117000,0 days 00:49:20.346000,0 days 00:49:48.634000,228.0,223.0,,271.0,False,MEDIUM,5.0,True,Red Bull Racing,0 days 00:47:59.454000,2019-07-13 13:32:59.464,1,,False,,False,False
0 days 00:54:41.404000,VER,33,,13.0,3.0,0 days 00:53:02.157000,,,0 days 00:00:41.049000,0 days 00:00:28.669000,,0 days 00:54:12.778000,0 days 00:54:41.467000,287.0,253.0,255.0,294.0,False,SOFT,1.0,True,Red Bull Racing,0 days 00:49:48.634000,2019-07-13 13:34:48.644,1,,False,,False,False
0 days 00:56:09.419000,VER,33,0 days 00:01:28.015000,14.0,3.0,,,0 days 00:00:27.601000,0 days 00:00:34.854000,0 days 00:00:25.560000,0 days 00:55:09.005000,0 days 00:55:43.859000,0 days 00:56:09.419000,314.0,274.0,137.0,328.0,False,SOFT,2.0,True,Red Bull Racing,0 days 00:54:41.404000,2019-07-13 13:39:41.414,1,,False,,False,True
0 days 00:57:58.379000,VER,33,0 days 00:01:48.960000,15.0,3.0,,0 days 00:57:52.504000,0 days 00:00:35.924000,0 days 00:00:45.685000,0 days 00:00:27.351000,0 days 00:56:45.343000,0 days 00:57:31.028000,0 days 00:57:58.379000,244.0,235.0,,282.0,False,SOFT,3.0,True,Red Bull Racing,0 days 00:56:09.419000,2019-07-13 13:41:09.429,1,,False,,False,False
0 days 01:06:08.336000,VER,33,,16.0,4.0,0 days 01:04:31.504000,,,0 days 00:00:39.515000,0 days 00:00:28.395000,,0 days 01:05:39.988000,0 days 01:06:08.364000,289.0,254.0,256.0,286.0,False,SOFT,1.0,True,Red Bull Racing,0 days 00:57:58.379000,2019-07-13 13:42:58.389,1,,False,,False,False
0 days 01:07:33.819000,VER,33,0 days 00:01:25.483000,17.0,4.0,,,0 days 00:00:27.523000,0 days 00:00:34.668000,0 days 00:00:23.292000,0 days 01:06:35.859000,0 days 01:07:10.527000,0 days 01:07:33.819000,315.0,275.0,254.0,327.0,True,SOFT,2.0,True,Red Bull Racing,0 days 01:06:08.336000,2019-07-13 13:51:08.346,1,,False,,False,True
0 days 01:09:11.699000,VER,33,0 days 00:01:37.880000,18.0,4.0,,0 days 01:09:05.735000,0 days 00:00:30.390000,0 days 00:00:40.939000,0 days 00:00:26.551000,0 days 01:08:04.209000,0 days 01:08:45.148000,0 days 01:09:11.699000,263.0,243.0,,281.0,False,SOFT,3.0,True,Red Bull Racing,0 days 01:07:33.819000,2019-07-13 13:52:33.829,1,,False,,False,False
0 days 01:14:34.633000,VER,33,,19.0,5.0,0 days 01:13:01.310000,,,0 days 00:00:40.168000,0 days 00:00:25.557000,,0 days 01:14:09.076000,0 days 01:14:34.644000,290.0,254.0,258.0,285.0,False,SOFT,1.0,True,Red Bull Racing,0 days 01:09:11.699000,2019-07-13 13:54:11.709,1,,False,,False,False
0 days 01:15:59.909000,VER,33,0 days 00:01:25.276000,20.0,5.0,,,0 days 00:00:27.507000,0 days 00:00:34.516000,0 days 00:00:23.253000,0 days 01:15:02.140000,0 days 01:15:36.656000,0 days 01:15:59.909000,316.0,275.0,249.0,328.0,True,SOFT,2.0,True,Red Bull Racing,0 days 01:14:34.633000,2019-07-13 13:59:34.643,1,,False,,False,True
0 days 01:17:53.429000,VER,33,0 days 00:01:53.520000,21.0,5.0,,0 days 01:17:47.211000,0 days 00:00:39.064000,0 days 00:00:46.355000,0 days 00:00:28.101000,0 days 01:16:38.973000,0 days 01:17:25.328000,0 days 01:17:53.429000,140.0,242.0,,273.0,False,SOFT,3.0,True,Red Bull Racing,0 days 01:15:59.909000,2019-07-13 14:00:59.919,1,,False,,False,False
0 days 00:20:58.854000,GAS,10,,1.0,1.0,0 days 00:19:14.396000,,,0 days 00:00:42.689000,0 days 00:00:31.702000,,0 days 00:20:27.155000,0 days 00:20:59.103000,291.0,230.0,255.0,282.0,False,SOFT,1.0,True,Red Bull Racing,0 days 00:19:14.396000,2019-07-13 13:04:14.406,1,,False,,False,False
0 days 00:22:25.127000,GAS,10,0 days 00:01:26.273000,2.0,1.0,,,0 days 00:00:27.803000,0 days 00:00:35.044000,0 days 00:00:23.426000,0 days 00:21:26.657000,0 days 00:22:01.701000,0 days 00:22:25.127000,313.0,269.0,252.0,324.0,True,SOFT,2.0,True,Red Bull Racing,0 days 00:20:58.854000,2019-07-13 13:05:58.864,1,,False,,False,True
0 days 00:24:26.200000,GAS,10,0 days 00:02:01.073000,3.0,1.0,,,0 days 00:00:39.895000,0 days 00:00:51.546000,0 days 00:00:29.632000,0 days 00:23:05.022000,0 days 00:23:56.568000,0 days 00:24:26.200000,248.0,226.0,255.0,280.0,False,SOFT,3.0,True,Red Bull Racing,0 days 00:22:25.127000,2019-07-13 13:07:25.137,1,,False,,False,True
0 days 00:25:52.579000,GAS,10,0 days 00:01:26.379000,4.0,1.0,,,0 days 00:00:27.777000,0 days 00:00:35.072000,0 days 00:00:23.530000,0 days 00:24:53.977000,0 days 00:25:29.049000,0 days 00:25:52.579000,311.0,267.0,254.0,320.0,False,SOFT,4.0,True,Red Bull Racing,0 days 00:24:26.200000,2019-07-13 13:09:26.210,1,,False,,False,True
0 days 00:27:33.022000,GAS,10,0 days 00:01:40.443000,5.0,1.0,,0 days 00:27:26.762000,0 days 00:00:32.235000,0 days 00:00:41.767000,0 days 00:00:26.441000,0 days 00:26:24.814000,0 days 00:27:06.581000,0 days 00:27:33.022000,270.0,247.0,,282.0,False,SOFT,5.0,True,Red Bull Racing,0 days 00:25:52.579000,2019-07-13 13:10:52.589,1,,False,,False,False
0 days 00:32:26.066000,GAS,10,,6.0,2.0,0 days 00:30:34.633000,,,0 days 00:00:42.193000,0 days 00:00:37.826000,,0 days 00:31:48.358000,0 days 00:32:26.328000,288.0,256.0,253.0,287.0,False,SOFT,1.0,True,Red Bull Racing,0 days 00:27:33.022000,2019-07-13 13:12:33.032,1,,False,,False,False
0 days 00:34:13.872000,GAS,10,0 days 00:01:47.806000,7.0,2.0,,0 days 00:34:07.401000,0 days 00:00:27.692000,0 days 00:00:45.734000,0 days 00:00:34.380000,0 days 00:32:53.758000,0 days 00:33:39.492000,0 days 00:34:13.872000,313.0,195.0,,166.0,False,SOFT,2.0,True,Red Bull Racing,0 days 00:32:26.066000,2019-07-13 13:17:26.076,1,,False,,False,False
0 days 00:43:01.430000,GAS,10,,8.0,3.0,0 days 00:41:18.474000,,,0 days 00:00:39.901000,0 days 00:00:33.361000,,0 days 00:42:28.081000,0 days 00:43:01.465000,288.0,256.0,253.0,290.0,False,MEDIUM,1.0,True,Red Bull Racing,0 days 00:34:13.872000,2019-07-13 13:19:13.882,1,,False,,False,False
0 days 00:44:27.468000,GAS,10,0 days 00:01:26.038000,9.0,3.0,,,0 days 00:00:27.745000,0 days 00:00:34.940000,0 days 00:00:23.353000,0 days 00:43:29.175000,0 days 00:44:04.115000,0 days 00:44:27.468000,313.0,269.0,254.0,327.0,True,MEDIUM,2.0,True,Red Bull Racing,0 days 00:43:01.430000,2019-07-13 13:28:01.440,1,,False,,False,True
0 days 00:46:19.851000,GAS,10,0 days 00:01:52.383000,10.0,3.0,,,0 days 00:00:37.518000,0 days 00:00:45.180000,0 days 00:00:29.685000,0 days 00:45:04.986000,0 days 00:45:50.166000,0 days 00:46:19.851000,268.0,174.0,255.0,279.0,False,MEDIUM,3.0,True,Red Bull Racing,0 days 00:44:27.468000,2019-07-13 13:29:27.478,1,,False,,False,True
0 days 00:47:46.017000,GAS,10,0 days 00:01:26.166000,11.0,3.0,,,0 days 00:00:27.762000,0 days 00:00:34.938000,0 days 00:00:23.466000,0 days 00:46:47.613000,0 days 00:47:22.551000,0 days 00:47:46.017000,312.0,271.0,253.0,323.0,False,MEDIUM,4.0,True,Red Bull Racing,0 days 00:46:19.851000,2019-07-13 13:31:19.861,1,,False,,False,True
0 days 00:49:35.212000,GAS,10,0 days 00:01:49.195000,12.0,3.0,,0 days 00:49:28.562000,0 days 00:00:34.171000,0 days 00:00:46.942000,0 days 00:00:28.082000,0 days 00:48:20.188000,0 days 00:49:07.130000,0 days 00:49:35.212000,250.0,230.0,,284.0,False,MEDIUM,5.0,True,Red Bull Racing,0 days 00:47:46.017000,2019-07-13 13:32:46.027,1,,False,,False,False
0 days 00:54:36.867000,GAS,10,,13.0,4.0,0 days 00:52:50.629000,,,0 days 00:00:42.019000,0 days 00:00:33.015000,,0 days 00:54:03.902000,0 days 00:54:36.974000,288.0,254.0,255.0,190.0,False,SOFT,3.0,False,Red Bull Racing,0 days 00:49:35.212000,2019-07-13 13:34:35.222,1,,False,,False,False
0 days 00:56:03.861000,GAS,10,0 days 00:01:26.994000,14.0,4.0,,,0 days 00:00:27.550000,0 days 00:00:35.068000,0 days 00:00:24.376000,0 days 00:55:04.417000,0 days 00:55:39.485000,0 days 00:56:03.861000,313.0,269.0,209.0,326.0,False,SOFT,4.0,False,Red Bull Racing,0 days 00:54:36.867000,2019-07-13 13:39:36.877,1,,False,,False,True
0 days 00:57:54.418000,GAS,10,0 days 00:01:50.557000,15.0,4.0,,0 days 00:57:47.793000,0 days 00:00:38.391000,0 days 00:00:44.777000,0 days 00:00:27.389000,0 days 00:56:42.252000,0 days 00:57:27.029000,0 days 00:57:54.418000,261.0,236.0,,285.0,False,SOFT,5.0,False,Red Bull Racing,0 days 00:56:03.861000,2019-07-13 13:41:03.871,1,,False,,False,False
0 days 01:06:04.070000,GAS,10,,16.0,5.0,0 days 01:04:23.189000,,,0 days 00:00:41.972000,0 days 00:00:27.889000,,0 days 01:05:36.181000,0 days 01:06:04.121000,288.0,253.0,256.0,286.0,False,SOFT,1.0,True,Red Bull Racing,0 days 00:57:54.418000,2019-07-13 13:42:54.428,1,,False,,False,False
0 days 01:07:29.853000,GAS,10,0 days 00:01:25.783000,17.0,5.0,,,0 days 00:00:27.625000,0 days 00:00:34.756000,0 days 00:00:23.402000,0 days 01:06:31.695000,0 days 01:07:06.451000,0 days 01:07:29.853000,312.0,273.0,253.0,322.0,True,SOFT,2.0,True,Red Bull Racing,0 days 01:06:04.070000,2019-07-13 13:51:04.080,1,,False,,False,True
0 days 01:09:10.564000,GAS,10,0 days 00:01:40.711000,18.0,5.0,,0 days 01:09:04.534000,0 days 00:00:33.660000,0 days 00:00:40.621000,0 days 00:00:26.430000,0 days 01:08:03.513000,0 days 01:08:44.134000,0 days 01:09:10.564000,275.0,243.0,,285.0,False,SOFT,3.0,True,Red Bull Racing,0 days 01:07:29.853000,2019-07-13 13:52:29.863,1,,False,,False,False
0 days 01:14:30.311000,GAS,10,,19.0,6.0,0 days 01:12:39.439000,,,0 days 00:00:40.853000,0 days 00:00:39.108000,,0 days 01:13:51.246000,0 days 01:14:30.323000,291.0,256.0,256.0,289.0,False,SOFT,1.0,True,Red Bull Racing,0 days 01:09:10.564000,2019-07-13 13:54:10.574,1,,False,,False,False
0 days 01:15:55.901000,GAS,10,0 days 00:01:25.590000,20.0,6.0,,,0 days 00:00:27.644000,0 days 00:00:34.652000,0 days 00:00:23.294000,0 days 01:14:57.955000,0 days 01:15:32.607000,0 days 01:15:55.901000,314.0,272.0,250.0,327.0,True,SOFT,2.0,True,Red Bull Racing,0 days 01:14:30.311000,2019-07-13 13:59:30.321,1,,False,,False,True
0 days 01:17:49.547000,GAS,10,0 days 00:01:53.646000,21.0,6.0,,0 days 01:17:42.780000,0 days 00:00:36.741000,0 days 00:00:46.083000,0 days 00:00:30.822000,0 days 01:16:32.642000,0 days 01:17:18.725000,0 days 01:17:49.547000,249.0,233.0,,278.0,False,SOFT,3.0,True,Red Bull Racing,0 days 01:15:55.901000,2019-07-13 14:00:55.911,1,,False,,False,False
0 days 00:21:19.861000,VET,5,,1.0,1.0,0 days 00:19:38.764000,,,0 days 00:00:43.050000,0 days 00:00:28.150000,,0 days 00:20:51.740000,0 days 00:21:20.194000,258.0,237.0,256.0,290.0,False,MEDIUM,1.0,True,Ferrari,0 days 00:19:38.764000,2019-07-13 13:04:38.774,1,,False,,False,False
0 days 00:22:46.015000,VET,5,0 days 00:01:26.154000,2.0,1.0,,,0 days 00:00:27.716000,0 days 00:00:35.004000,0 days 00:00:23.434000,0 days 00:21:47.577000,0 days 00:22:22.581000,0 days 00:22:46.015000,317.0,269.0,257.0,330.0,True,MEDIUM,2.0,True,Ferrari,0 days 00:21:19.861000,2019-07-13 13:06:19.871,1,,False,,False,True
0 days 00:24:40.936000,VET,5,0 days 00:01:54.921000,3.0,1.0,,,0 days 00:00:40.532000,0 days 00:00:46.867000,0 days 00:00:27.522000,0 days 00:23:26.547000,0 days 00:24:13.414000,0 days 00:24:40.936000,228.0,232.0,255.0,285.0,False,MEDIUM,3.0,True,Ferrari,0 days 00:22:46.015000,2019-07-13 13:07:46.025,1,,False,,False,True
0 days 00:26:06.834000,VET,5,0 days 00:01:25.898000,4.0,1.0,,,0 days 00:00:27.647000,0 days 00:00:34.861000,0 days 00:00:23.390000,0 days 00:25:08.583000,0 days 00:25:43.444000,0 days 00:26:06.834000,313.0,271.0,256.0,322.0,True,MEDIUM,4.0,True,Ferrari,0 days 00:24:40.936000,2019-07-13 13:09:40.946,1,,False,,False,True
0 days 00:27:52.123000,VET,5,0 days 00:01:45.289000,5.0,1.0,,0 days 00:27:45.014000,0 days 00:00:33.436000,0 days 00:00:41.563000,0 days 00:00:30.290000,0 days 00:26:40.270000,0 days 00:27:21.833000,0 days 00:27:52.123000,246.0,243.0,,273.0,False,MEDIUM,5.0,True,Ferrari,0 days 00:26:06.834000,2019-07-13 13:11:06.844,1,,False,,False,False
0 days 00:32:40.478000,VET,5,,6.0,2.0,0 days 00:30:55.506000,,,0 days 00:00:42.784000,0 days 00:00:30.920000,,0 days 00:32:09.574000,0 days 00:32:41.070000,260.0,238.0,258.0,254.0,False,SOFT,1.0,True,Ferrari,0 days 00:27:52.123000,2019-07-13 13:12:52.133,1,,False,,False,False
0 days 00:34:16.632000,VET,5,0 days 00:01:36.154000,7.0,2.0,,0 days 00:34:10.178000,0 days 00:00:27.699000,0 days 00:00:34.888000,0 days 00:00:33.567000,0 days 00:33:08.177000,0 days 00:33:43.065000,0 days 00:34:16.632000,313.0,268.0,,235.0,False,SOFT,2.0,True,Ferrari,0 days 00:32:40.478000,2019-07-13 13:17:40.488,1,,False,,False,False
0 days 00:44:48.697000,VET,5,,8.0,3.0,0 days 00:43:12.354000,,,0 days 00:00:40.556000,0 days 00:00:27.064000,,0 days 00:44:21.633000,0 days 00:44:48.715000,281.0,242.0,256.0,293.0,False,SOFT,3.0,False,Ferrari,0 days 00:34:16.632000,2019-07-13 13:19:16.642,1,,False,,False,False
0 days 00:46:15.226000,VET,5,0 days 00:01:26.529000,9.0,3.0,,,0 days 00:00:27.804000,0 days 00:00:35.146000,0 days 00:00:23.579000,0 days 00:45:16.501000,0 days 00:45:51.647000,0 days 00:46:15.226000,313.0,269.0,254.0,326.0,True,SOFT,4.0,False,Ferrari,0 days 00:44:48.697000,2019-07-13 13:29:48.707,1,,False,,False,True
0 days 00:47:56.309000,VET,5,0 days 00:01:41.083000,10.0,3.0,,0 days 00:47:50.392000,0 days 00:00:33.194000,0 days 00:00:41.355000,0 days 00:00:26.534000,0 days 00:46:48.420000,0 days 00:47:29.775000,0 days 00:47:56.309000,253.0,243.0,,292.0,False,SOFT,5.0,False,Ferrari,0 days 00:46:15.226000,2019-07-13 13:31:15.236,1,,False,,False,False
0 days 00:54:25.885000,VET,5,,11.0,4.0,0 days 00:52:45.059000,,,0 days 00:00:40.862000,0 days 00:00:29.348000,,0 days 00:53:56.570000,0 days 00:54:25.913000,270.0,237.0,257.0,281.0,False,SOFT,1.0,True,Ferrari,0 days 00:47:56.309000,2019-07-13 13:32:56.319,1,,False,,False,False
0 days 00:55:51.908000,VET,5,0 days 00:01:26.023000,12.0,4.0,,,0 days 00:00:27.554000,0 days 00:00:35.046000,0 days 00:00:23.423000,0 days 00:54:53.439000,0 days 00:55:28.485000,0 days 00:55:51.908000,314.0,271.0,256.0,328.0,True,SOFT,2.0,True,Ferrari,0 days 00:54:25.885000,2019-07-13 13:39:25.895,1,,False,,False,True
0 days 00:57:42.619000,VET,5,0 days 00:01:50.711000,13.0,4.0,,0 days 00:57:36.592000,0 days 00:00:35.523000,0 days 00:00:45.687000,0 days 00:00:29.501000,0 days 00:56:27.431000,0 days 00:57:13.118000,0 days 00:57:42.619000,253.0,231.0,,262.0,False,SOFT,3.0,True,Ferrari,0 days 00:55:51.908000,2019-07-13 13:40:51.918,1,,False,,False,False
0 days 01:06:13.855000,VET,5,,14.0,5.0,0 days 01:04:33.423000,,,0 days 00:00:41.882000,0 days 00:00:27.745000,,0 days 01:05:46.134000,0 days 01:06:13.855000,266.0,242.0,257.0,285.0,False,SOFT,1.0,True,Ferrari,0 days 00:57:42.619000,2019-07-13 13:42:42.629,1,,False,,False,False
0 days 01:07:39.642000,VET,5,0 days 00:01:25.787000,15.0,5.0,,,0 days 00:00:27.546000,0 days 00:00:34.818000,0 days 00:00:23.423000,0 days 01:06:41.401000,0 days 01:07:16.219000,0 days 01:07:39.642000,315.0,273.0,256.0,329.0,True,SOFT,2.0,True,Ferrari,0 days 01:06:13.855000,2019-07-13 13:51:13.865,1,,False,,False,True
0 days 01:09:22.924000,VET,5,0 days 00:01:43.282000,16.0,5.0,,0 days 01:09:16.920000,0 days 00:00:33.346000,0 days 00:00:42.347000,0 days 00:00:27.589000,0 days 01:08:12.988000,0 days 01:08:55.335000,0 days 01:09:22.924000,259.0,245.0,,277.0,False,SOFT,3.0,True,Ferrari,0 days 01:07:39.642000,2019-07-13 13:52:39.652,1,,False,,False,False
0 days 01:14:16.300000,VET,5,,17.0,6.0,0 days 01:12:31.264000,,,0 days 00:00:42.462000,0 days 00:00:32.744000,,0 days 01:13:43.570000,0 days 01:14:16.330000,275.0,226.0,258.0,275.0,False,SOFT,1.0,True,Ferrari,0 days 01:09:22.924000,2019-07-13 13:54:22.934,1,,False,,False,False
0 days 01:15:42.120000,VET,5,0 days 00:01:25.820000,18.0,6.0,,,0 days 00:00:27.631000,0 days 00:00:34.748000,0 days 00:00:23.441000,0 days 01:14:43.931000,0 days 01:15:18.679000,0 days 01:15:42.120000,316.0,272.0,257.0,330.0,False,SOFT,2.0,True,Ferrari,0 days 01:14:16.300000,2019-07-13 13:59:16.310,1,,False,,False,True
0 days 01:17:38.272000,VET,5,0 days 00:01:56.152000,19.0,6.0,,0 days 01:17:31.112000,0 days 00:00:37.286000,0 days 00:00:44.437000,0 days 00:00:34.429000,0 days 01:16:19.406000,0 days 01:17:03.843000,0 days 01:17:38.272000,215.0,214.0,,248.0,False,SOFT,3.0,True,Ferrari,0 days 01:15:42.120000,2019-07-13 14:00:42.130,1,,False,,False,False
0 days 00:18:00.072000,RIC,3,,1.0,1.0,0 days 00:16:15.839000,,,0 days 00:00:42.736000,0 days 00:00:32.372000,,0 days 00:17:27.755000,0 days 00:18:00.421000,275.0,247.0,255.0,294.0,False,SOFT,1.0,True,Renault,0 days 00:16:15.839000,2019-07-13 13:01:15.849,1,,False,,False,False
0 days 00:19:27.067000,RIC,3,0 days 00:01:26.995000,2.0,1.0,,,0 days 00:00:27.811000,0 days 00:00:35.606000,0 days 00:00:23.578000,0 days 00:18:27.883000,0 days 00:19:03.489000,0 days 00:19:27.067000,319.0,267.0,256.0,329.0,True,SOFT,2.0,True,Renault,0 days 00:18:00.072000,2019-07-13 13:03:00.082,1,,False,,False,True
0 days 00:21:26.111000,RIC,3,0 days 00:01:59.044000,3.0,1.0,,,0 days 00:00:36.239000,0 days 00:00:46.468000,0 days 00:00:36.337000,0 days 00:20:03.306000,0 days 00:20:49.774000,0 days 00:21:26.111000,269.0,226.0,255.0,279.0,False,SOFT,3.0,True,Renault,0 days 00:19:27.067000,2019-07-13 13:04:27.077,1,,False,,False,True
0 days 00:22:52.539000,RIC,3,0 days 00:01:26.428000,4.0,1.0,,,0 days 00:00:27.644000,0 days 00:00:35.244000,0 days 00:00:23.540000,0 days 00:21:53.755000,0 days 00:22:28.999000,0 days 00:22:52.539000,325.0,268.0,257.0,335.0,True,SOFT,4.0,True,Renault,0 days 00:21:26.111000,2019-07-13 13:06:26.121,1,,False,,False,True
0 days 00:24:35.509000,RIC,3,0 days 00:01:42.970000,5.0,1.0,,0 days 00:24:29.687000,0 days 00:00:31.302000,0 days 00:00:43.375000,0 days 00:00:28.293000,0 days 00:23:23.841000,0 days 00:24:07.216000,0 days 00:24:35.509000,287.0,238.0,,295.0,False,SOFT,5.0,True,Renault,0 days 00:22:52.539000,2019-07-13 13:07:52.549,1,,False,,False,False
0 days 00:29:54.977000,RIC,3,,6.0,2.0,0 days 00:28:11.722000,,,0 days 00:00:41.178000,0 days 00:00:33.630000,,0 days 00:29:21.360000,0 days 00:29:55.212000,285.0,243.0,232.0,195.0,False,SOFT,1.0,True,Renault,0 days 00:24:35.509000,2019-07-13 13:09:35.519,1,,False,,False,False
0 days 00:31:31.965000,RIC,3,0 days 00:01:36.988000,7.0,2.0,,,0 days 00:00:29.965000,0 days 00:00:40.478000,0 days 00:00:26.545000,0 days 00:30:24.942000,0 days 00:31:05.420000,0 days 00:31:31.965000,300.0,249.0,258.0,296.0,False,SOFT,2.0,True,Renault,0 days 00:29:54.977000,2019-07-13 13:14:54.987,1,,False,,False,True
0 days 00:32:58.508000,RIC,3,0 days 00:01:26.543000,8.0,2.0,,,0 days 00:00:27.679000,0 days 00:00:35.238000,0 days 00:00:23.626000,0 days 00:31:59.644000,0 days 00:32:34.882000,0 days 00:32:58.508000,317.0,269.0,254.0,327.0,False,SOFT,3.0,True,Renault,0 days 00:31:31.965000,2019-07-13 13:16:31.975,1,,False,,False,True
0 days 00:34:48.899000,RIC,3,0 days 00:01:50.391000,9.0,2.0,,0 days 00:34:43.031000,0 days 00:00:35.306000,0 days 00:00:47.601000,0 days 00:00:27.484000,0 days 00:33:33.814000,0 days 00:34:21.415000,0 days 00:34:48.899000,282.0,233.0,,293.0,False,SOFT,4.0,True,Renault,0 days 00:32:58.508000,2019-07-13 13:17:58.518,1,,False,,False,False
0 days 00:42:37.706000,RIC,3,,10.0,3.0,0 days 00:41:01.455000,,,0 days 00:00:40.739000,0 days 00:00:26.348000,,0 days 00:42:11.358000,0 days 00:42:37.722000,287.0,253.0,258.0,294.0,False,SOFT,1.0,True,Renault,0 days 00:34:48.899000,2019-07-13 13:19:48.909,1,,False,,False,False
0 days 00:44:04.033000,RIC,3,0 days 00:01:26.327000,11.0,3.0,,,0 days 00:00:27.571000,0 days 00:00:35.227000,0 days 00:00:23.529000,0 days 00:43:05.277000,0 days 00:43:40.504000,0 days 00:44:04.033000,321.0,270.0,256.0,337.0,True,SOFT,2.0,True,Renault,0 days 00:42:37.706000,2019-07-13 13:27:37.716,1,,False,,False,True
0 days 00:45:48.121000,RIC,3,0 days 00:01:44.088000,12.0,3.0,,0 days 00:45:42.129000,0 days 00:00:32.341000,0 days 00:00:44.581000,0 days 00:00:27.166000,0 days 00:44:36.374000,0 days 00:45:20.955000,0 days 00:45:48.121000,273.0,237.0,,285.0,False,SOFT,3.0,True,Renault,0 days 00:44:04.033000,2019-07-13 13:29:04.043,1,,False,,False,False
0 days 00:54:13.948000,RIC,3,,13.0,4.0,0 days 00:52:38.617000,,,0 days 00:00:40.900000,0 days 00:00:26.050000,,0 days 00:53:47.943000,0 days 00:54:13.948000,284.0,250.0,258.0,298.0,False,SOFT,1.0,True,Renault,0 days 00:45:48.121000,2019-07-13 13:30:48.131,1,,False,,False,False
0 days 00:55:40.231000,RIC,3,0 days 00:01:26.283000,14.0,4.0,,,0 days 00:00:27.675000,0 days 00:00:35.085000,0 days 00:00:23.523000,0 days 00:54:41.623000,0 days 00:55:16.708000,0 days 00:55:40.231000,318.0,272.0,254.0,331.0,True,SOFT,2.0,True,Renault,0 days 00:54:13.948000,2019-07-13 13:39:13.958,1,,False,,False,True
0 days 00:57:34.848000,RIC,3,0 days 00:01:54.617000,15.0,4.0,,0 days 00:57:28.808000,0 days 00:00:36.560000,0 days 00:00:48.978000,0 days 00:00:29.079000,0 days 00:56:16.791000,0 days 00:57:05.769000,0 days 00:57:34.848000,282.0,217.0,,285.0,False,SOFT,3.0,True,Renault,0 days 00:55:40.231000,2019-07-13 13:40:40.241,1,,False,,False,False
0 days 01:05:24.739000,RIC,3,,16.0,5.0,0 days 01:03:44.829000,,,0 days 00:00:40.893000,0 days 00:00:29.960000,,0 days 01:04:54.857000,0 days 01:05:24.887000,292.0,250.0,257.0,284.0,False,SOFT,5.0,False,Renault,0 days 00:57:34.848000,2019-07-13 13:42:34.858,1,,False,,False,False
0 days 01:06:51.139000,RIC,3,0 days 00:01:26.400000,17.0,5.0,,,0 days 00:00:27.638000,0 days 00:00:35.140000,0 days 00:00:23.622000,0 days 01:05:52.377000,0 days 01:06:27.517000,0 days 01:06:51.139000,320.0,271.0,254.0,332.0,True,SOFT,6.0,False,Renault,0 days 01:05:24.739000,2019-07-13 13:50:24.749,1,,False,,False,True
0 days 01:08:28.913000,RIC,3,0 days 00:01:37.774000,18.0,5.0,,0 days 01:08:22.976000,0 days 00:00:31.792000,0 days 00:00:39.912000,0 days 00:00:26.070000,0 days 01:07:22.931000,0 days 01:08:02.843000,0 days 01:08:28.913000,288.0,251.0,,300.0,False,SOFT,7.0,False,Renault,0 days 01:06:51.139000,2019-07-13 13:51:51.149,1,,False,,False,False
0 days 01:14:18.397000,RIC,3,,19.0,6.0,0 days 01:12:32.247000,,,0 days 00:00:43.574000,0 days 00:00:33.235000,,0 days 01:13:45.177000,0 days 01:14:18.436000,291.0,245.0,260.0,282.0,False,SOFT,1.0,True,Renault,0 days 01:08:28.913000,2019-07-13 13:53:28.923,1,,False,,False,False
0 days 01:15:44.579000,RIC,3,0 days 00:01:26.182000,20.0,6.0,,,0 days 00:00:27.588000,0 days 00:00:35.051000,0 days 00:00:23.543000,0 days 01:14:45.985000,0 days 01:15:21.036000,0 days 01:15:44.579000,322.0,271.0,258.0,334.0,True,SOFT,2.0,True,Renault,0 days 01:14:18.397000,2019-07-13 13:59:18.407,1,,False,,False,True
0 days 01:17:40.558000,RIC,3,0 days 00:01:55.979000,21.0,6.0,,0 days 01:17:33.374000,0 days 00:00:37.529000,0 days 00:00:46.875000,0 days 00:00:31.575000,0 days 01:16:22.108000,0 days 01:17:08.983000,0 days 01:17:40.558000,274.0,231.0,,294.0,False,SOFT,3.0,True,Renault,0 days 01:15:44.579000,2019-07-13 14:00:44.589,1,,False,,False,False
0 days 00:17:29.671000,NOR,4,,1.0,1.0,0 days 00:15:42.159000,,,0 days 00:00:44.506000,0 days 00:00:29.150000,,0 days 00:17:00.674000,0 days 00:17:29.939000,256.0,242.0,254.0,282.0,False,SOFT,1.0,True,McLaren,0 days 00:15:42.159000,2019-07-13 13:00:42.169,1,,False,,False,False
0 days 00:18:56.860000,NOR,4,0 days 00:01:27.189000,2.0,1.0,,,0 days 00:00:27.978000,0 days 00:00:35.563000,0 days 00:00:23.648000,0 days 00:17:57.649000,0 days 00:18:33.212000,0 days 00:18:56.860000,316.0,269.0,254.0,326.0,True,SOFT,2.0,True,McLaren,0 days 00:17:29.671000,2019-07-13 13:02:29.681,1,,False,,False,True
0 days 00:20:52.506000,NOR,4,0 days 00:01:55.646000,3.0,1.0,,,0 days 00:00:38.006000,0 days 00:00:46.956000,0 days 00:00:30.684000,0 days 00:19:34.866000,0 days 00:20:21.822000,0 days 00:20:52.506000,234.0,214.0,255.0,242.0,False,SOFT,3.0,True,McLaren,0 days 00:18:56.860000,2019-07-13 13:03:56.870,1,,False,,False,True
0 days 00:22:18.585000,NOR,4,0 days 00:01:26.079000,4.0,1.0,,,0 days 00:00:27.790000,0 days 00:00:34.940000,0 days 00:00:23.349000,0 days 00:21:20.296000,0 days 00:21:55.236000,0 days 00:22:18.585000,317.0,272.0,253.0,327.0,True,SOFT,4.0,True,McLaren,0 days 00:20:52.506000,2019-07-13 13:05:52.516,1,,False,,False,True
0 days 00:24:02.204000,NOR,4,0 days 00:01:43.619000,5.0,1.0,,0 days 00:23:56.241000,0 days 00:00:33.116000,0 days 00:00:42.209000,0 days 00:00:28.294000,0 days 00:22:51.701000,0 days 00:23:33.910000,0 days 00:24:02.204000,281.0,238.0,,283.0,False,SOFT,5.0,True,McLaren,0 days 00:22:18.585000,2019-07-13 13:07:18.595,1,,False,,False,False
0 days 00:28:33.395000,NOR,4,,6.0,2.0,0 days 00:26:52.723000,,,0 days 00:00:39.823000,0 days 00:00:30.381000,,0 days 00:28:03.048000,0 days 00:28:33.640000,295.0,246.0,257.0,276.0,False,SOFT,1.0,True,McLaren,0 days 00:24:02.204000,2019-07-13 13:09:02.214,1,,False,,False,False
0 days 00:29:59.663000,NOR,4,0 days 00:01:26.268000,7.0,2.0,,,0 days 00:00:27.756000,0 days 00:00:35.070000,0 days 00:00:23.442000,0 days 00:29:01.151000,0 days 00:29:36.221000,0 days 00:29:59.663000,315.0,272.0,255.0,326.0,False,SOFT,2.0,True,McLaren,0 days 00:28:33.395000,2019-07-13 13:13:33.405,1,,False,,False,True
0 days 00:31:51.959000,NOR,4,0 days 00:01:52.296000,8.0,2.0,,,0 days 00:00:34.988000,0 days 00:00:47.131000,0 days 00:00:30.177000,0 days 00:30:34.651000,0 days 00:31:21.782000,0 days 00:31:51.959000,266.0,218.0,256.0,266.0,False,SOFT,3.0,True,McLaren,0 days 00:29:59.663000,2019-07-13 13:14:59.673,1,,False,,False,True
0 days 00:33:18.301000,NOR,4,0 days 00:01:26.342000,9.0,2.0,,,0 days 00:00:27.840000,0 days 00:00:35.076000,0 days 00:00:23.426000,0 days 00:32:19.799000,0 days 00:32:54.875000,0 days 00:33:18.301000,314.0,272.0,252.0,325.0,False,SOFT,4.0,True,McLaren,0 days 00:31:51.959000,2019-07-13 13:16:51.969,1,,False,,False,True
0 days 00:35:02.414000,NOR,4,0 days 00:01:44.113000,10.0,2.0,,0 days 00:34:56.104000,0 days 00:00:32.751000,0 days 00:00:41.849000,0 days 00:00:29.513000,0 days 00:33:51.052000,0 days 00:34:32.901000,0 days 00:35:02.414000,267.0,240.0,,260.0,False,SOFT,5.0,True,McLaren,0 days 00:33:18.301000,2019-07-13 13:18:18.311,1,,False,,False,False
0 days 00:42:55.998000,NOR,4,,11.0,3.0,0 days 00:41:16.789000,,,0 days 00:00:40.247000,0 days 00:00:29.602000,,0 days 00:42:26.412000,0 days 00:42:56.021000,283.0,247.0,254.0,271.0,False,SOFT,1.0,True,McLaren,0 days 00:35:02.414000,2019-07-13 13:20:02.424,1,,False,,False,False
0 days 00:44:22.448000,NOR,4,0 days 00:01:26.450000,12.0,3.0,,,0 days 00:00:27.865000,0 days 00:00:35.156000,0 days 00:00:23.429000,0 days 00:43:23.863000,0 days 00:43:59.019000,0 days 00:44:22.448000,315.0,272.0,253.0,329.0,True,SOFT,2.0,True,McLaren,0 days 00:42:55.998000,2019-07-13 13:27:56.008,1,,False,,False,True
0 days 00:46:06.714000,NOR,4,0 days 00:01:44.266000,13.0,3.0,,0 days 00:46:00.740000,0 days 00:00:32.231000,0 days 00:00:43.064000,0 days 00:00:28.971000,0 days 00:44:54.679000,0 days 00:45:37.743000,0 days 00:46:06.714000,282.0,240.0,,261.0,False,SOFT,3.0,True,McLaren,0 days 00:44:22.448000,2019-07-13 13:29:22.458,1,,False,,False,False
0 days 00:54:02.143000,NOR,4,,14.0,4.0,0 days 00:52:20.006000,,,0 days 00:00:43.014000,0 days 00:00:30.017000,,0 days 00:53:32.156000,0 days 00:54:02.155000,288.0,235.0,254.0,300.0,False,SOFT,1.0,True,McLaren,0 days 00:46:06.714000,2019-07-13 13:31:06.724,1,,False,,False,False
0 days 00:55:28.528000,NOR,4,0 days 00:01:26.385000,15.0,4.0,,,0 days 00:00:27.813000,0 days 00:00:35.045000,0 days 00:00:23.527000,0 days 00:54:29.956000,0 days 00:55:05.001000,0 days 00:55:28.528000,315.0,275.0,253.0,331.0,True,SOFT,2.0,True,McLaren,0 days 00:54:02.143000,2019-07-13 13:39:02.153,1,,False,,False,True
0 days 00:57:21.554000,NOR,4,0 days 00:01:53.026000,16.0,4.0,,0 days 00:57:15.251000,0 days 00:00:35.141000,0 days 00:00:46.495000,0 days 00:00:31.390000,0 days 00:56:03.669000,0 days 00:56:50.164000,0 days 00:57:21.554000,210.0,235.0,,191.0,False,SOFT,3.0,True,McLaren,0 days 00:55:28.528000,2019-07-13 13:40:28.538,1,,False,,False,False
0 days 01:10:38.737000,NOR,4,,17.0,5.0,0 days 01:09:01.929000,,,0 days 00:00:40.642000,0 days 00:00:26.645000,,0 days 01:10:12.113000,0 days 01:10:38.742000,281.0,245.0,254.0,294.0,False,SOFT,1.0,True,McLaren,0 days 00:57:21.554000,2019-07-13 13:42:21.564,1,,False,,False,False
0 days 01:12:05.425000,NOR,4,0 days 00:01:26.688000,18.0,5.0,,,0 days 00:00:27.889000,0 days 00:00:35.239000,0 days 00:00:23.560000,0 days 01:11:06.626000,0 days 01:11:41.865000,0 days 01:12:05.425000,314.0,273.0,251.0,325.0,True,SOFT,2.0,True,McLaren,0 days 01:10:38.737000,2019-07-13 13:55:38.747,1,,False,,False,True
0 days 01:14:03.432000,NOR,4,0 days 00:01:58.007000,19.0,5.0,,,0 days 00:00:37.536000,0 days 00:00:49.544000,0 days 00:00:30.927000,0 days 01:12:42.961000,0 days 01:13:32.505000,0 days 01:14:03.432000,183.0,235.0,256.0,276.0,False,SOFT,3.0,True,McLaren,0 days 01:12:05.425000,2019-07-13 13:57:05.435,1,,False,,False,True
0 days 01:15:29.656000,NOR,4,0 days 00:01:26.224000,20.0,5.0,,,0 days 00:00:27.761000,0 days 00:00:34.932000,0 days 00:00:23.531000,0 days 01:14:31.193000,0 days 01:15:06.125000,0 days 01:15:29.656000,316.0,273.0,253.0,328.0,True,SOFT,4.0,True,McLaren,0 days 01:14:03.432000,2019-07-13 13:59:03.442,1,,False,,False,True
0 days 01:17:22.753000,NOR,4,0 days 00:01:53.097000,21.0,5.0,,0 days 01:17:15.496000,0 days 00:00:33.945000,0 days 00:00:48.104000,0 days 00:00:31.048000,0 days 01:16:03.601000,0 days 01:16:51.705000,0 days 01:17:22.753000,237.0,215.0,,233.0,False,SOFT,5.0,True,McLaren,0 days 01:15:29.656000,2019-07-13 14:00:29.666,1,,False,,False,False
0 days 00:17:05.292000,ALB,23,,1.0,1.0,0 days 00:15:18.603000,,,0 days 00:00:41.701000,0 days 00:00:31.169000,,0 days 00:16:34.232000,0 days 00:17:05.588000,288.0,250.0,254.0,178.0,False,SOFT,1.0,True,Toro Rosso,0 days 00:15:18.603000,2019-07-13 13:00:18.613,1,,False,,False,False
0 days 00:18:32.581000,ALB,23,0 days 00:01:27.289000,2.0,1.0,,,0 days 00:00:28.091000,0 days 00:00:35.510000,0 days 00:00:23.688000,0 days 00:17:33.383000,0 days 00:18:08.893000,0 days 00:18:32.581000,313.0,267.0,252.0,325.0,True,SOFT,2.0,True,Toro Rosso,0 days 00:17:05.292000,2019-07-13 13:02:05.302,1,,False,,False,True
0 days 00:20:32.788000,ALB,23,0 days 00:02:00.207000,3.0,1.0,,,0 days 00:00:39.456000,0 days 00:00:49.066000,0 days 00:00:31.685000,0 days 00:19:12.037000,0 days 00:20:01.103000,0 days 00:20:32.788000,239.0,220.0,255.0,186.0,False,SOFT,3.0,True,Toro Rosso,0 days 00:18:32.581000,2019-07-13 13:03:32.591,1,,False,,False,True
0 days 00:21:59.270000,ALB,23,0 days 00:01:26.482000,4.0,1.0,,,0 days 00:00:27.786000,0 days 00:00:35.124000,0 days 00:00:23.572000,0 days 00:21:00.574000,0 days 00:21:35.698000,0 days 00:21:59.270000,315.0,269.0,252.0,325.0,True,SOFT,4.0,True,Toro Rosso,0 days 00:20:32.788000,2019-07-13 13:05:32.798,1,,False,,False,True
0 days 00:23:42.424000,ALB,23,0 days 00:01:43.154000,5.0,1.0,,0 days 00:23:36.288000,0 days 00:00:32.905000,0 days 00:00:42.913000,0 days 00:00:27.336000,0 days 00:22:32.175000,0 days 00:23:15.088000,0 days 00:23:42.424000,285.0,240.0,,299.0,False,SOFT,5.0,True,Toro Rosso,0 days 00:21:59.270000,2019-07-13 13:06:59.280,1,,False,,False,False
0 days 00:28:37.758000,ALB,23,,6.0,2.0,0 days 00:26:57.294000,,,0 days 00:00:40.665000,0 days 00:00:29.299000,,0 days 00:28:08.477000,0 days 00:28:38.023000,297.0,249.0,255.0,301.0,False,SOFT,1.0,True,Toro Rosso,0 days 00:23:42.424000,2019-07-13 13:08:42.434,1,,False,,False,False
0 days 00:30:04.399000,ALB,23,0 days 00:01:26.641000,7.0,2.0,,,0 days 00:00:27.734000,0 days 00:00:35.265000,0 days 00:00:23.642000,0 days 00:29:05.492000,0 days 00:29:40.757000,0 days 00:30:04.399000,315.0,265.0,251.0,324.0,False,SOFT,2.0,True,Toro Rosso,0 days 00:28:37.758000,2019-07-13 13:13:37.768,1,,False,,False,True
0 days 00:31:56.530000,ALB,23,0 days 00:01:52.131000,8.0,2.0,,,0 days 00:00:35.076000,0 days 00:00:48.334000,0 days 00:00:28.721000,0 days 00:30:39.475000,0 days 00:31:27.809000,0 days 00:31:56.530000,280.0,242.0,255.0,275.0,False,SOFT,3.0,True,Toro Rosso,0 days 00:30:04.399000,2019-07-13 13:15:04.409,1,,False,,False,True
0 days 00:33:23.960000,ALB,23,0 days 00:01:27.430000,9.0,2.0,,,0 days 00:00:27.785000,0 days 00:00:35.537000,0 days 00:00:24.108000,0 days 00:32:24.315000,0 days 00:32:59.852000,0 days 00:33:23.960000,315.0,258.0,251.0,325.0,False,SOFT,4.0,True,Toro Rosso,0 days 00:31:56.530000,2019-07-13 13:16:56.540,1,,False,,False,True
0 days 00:35:11.811000,ALB,23,0 days 00:01:47.851000,10.0,2.0,,0 days 00:35:05.948000,0 days 00:00:36.569000,0 days 00:00:44.015000,0 days 00:00:27.267000,0 days 00:34:00.529000,0 days 00:34:44.544000,0 days 00:35:11.811000,257.0,243.0,,299.0,False,SOFT,5.0,True,Toro Rosso,0 days 00:33:23.960000,2019-07-13 13:18:23.970,1,,False,,False,False
0 days 00:42:04.046000,ALB,23,,11.0,3.0,0 days 00:40:22.127000,,,0 days 00:00:40.547000,0 days 00:00:28.409000,,0 days 00:41:35.665000,0 days 00:42:04.104000,293.0,253.0,254.0,282.0,False,SOFT,1.0,True,Toro Rosso,0 days 00:35:11.811000,2019-07-13 13:20:11.821,1,,False,,False,False
0 days 00:43:30.692000,ALB,23,0 days 00:01:26.646000,12.0,3.0,,,0 days 00:00:27.915000,0 days 00:00:35.104000,0 days 00:00:23.627000,0 days 00:42:31.961000,0 days 00:43:07.065000,0 days 00:43:30.692000,314.0,270.0,250.0,328.0,True,SOFT,2.0,True,Toro Rosso,0 days 00:42:04.046000,2019-07-13 13:27:04.056,1,,False,,False,True
0 days 00:45:11.427000,ALB,23,0 days 00:01:40.735000,13.0,3.0,,0 days 00:45:05.531000,0 days 00:00:32.231000,0 days 00:00:41.947000,0 days 00:00:26.557000,0 days 00:44:02.923000,0 days 00:44:44.870000,0 days 00:45:11.427000,286.0,240.0,,301.0,False,SOFT,3.0,True,Toro Rosso,0 days 00:43:30.692000,2019-07-13 13:28:30.702,1,,False,,False,False
0 days 00:50:38.629000,ALB,23,,14.0,4.0,0 days 00:49:00.201000,,,0 days 00:00:40.695000,0 days 00:00:26.059000,,0 days 00:50:12.585000,0 days 00:50:38.668000,291.0,259.0,254.0,302.0,False,SOFT,1.0,True,Toro Rosso,0 days 00:45:11.427000,2019-07-13 13:30:11.437,1,,False,,False,False
0 days 00:52:05.668000,ALB,23,0 days 00:01:27.039000,15.0,4.0,,,0 days 00:00:28.025000,0 days 00:00:35.396000,0 days 00:00:23.618000,0 days 00:51:06.654000,0 days 00:51:42.050000,0 days 00:52:05.668000,312.0,270.0,251.0,323.0,False,SOFT,2.0,True,Toro Rosso,0 days 00:50:38.629000,2019-07-13 13:35:38.639,1,,False,,False,True
0 days 00:53:57.046000,ALB,23,0 days 00:01:51.378000,16.0,4.0,,,0 days 00:00:35.077000,0 days 00:00:48.317000,0 days 00:00:27.984000,0 days 00:52:40.745000,0 days 00:53:29.062000,0 days 00:53:57.046000,283.0,236.0,254.0,290.0,False,SOFT,3.0,True,Toro Rosso,0 days 00:52:05.668000,2019-07-13 13:37:05.678,1,,False,,False,True
0 days 00:55:23.449000,ALB,23,0 days 00:01:26.403000,17.0,4.0,,,0 days 00:00:27.762000,0 days 00:00:35.135000,0 days 00:00:23.506000,0 days 00:54:24.808000,0 days 00:54:59.943000,0 days 00:55:23.449000,314.0,271.0,253.0,329.0,True,SOFT,4.0,True,Toro Rosso,0 days 00:53:57.046000,2019-07-13 13:38:57.056,1,,False,,False,True
0 days 00:57:17.014000,ALB,23,0 days 00:01:53.565000,18.0,4.0,,0 days 00:57:10.883000,0 days 00:00:34.629000,0 days 00:00:48.074000,0 days 00:00:30.862000,0 days 00:55:58.078000,0 days 00:56:46.152000,0 days 00:57:17.014000,286.0,215.0,,249.0,False,SOFT,5.0,True,Toro Rosso,0 days 00:55:23.449000,2019-07-13 13:40:23.459,1,,False,,False,False
0 days 01:04:48.940000,ALB,23,,19.0,5.0,0 days 01:03:13.176000,0 days 01:04:42.923000,,0 days 00:00:40.527000,0 days 00:00:26.141000,,0 days 01:04:22.799000,0 days 01:04:48.976000,293.0,253.0,,275.0,False,SOFT,6.0,False,Toro Rosso,0 days 00:57:17.014000,2019-07-13 13:42:17.024,1,,False,,False,False
0 days 01:10:46.069000,ALB,23,,20.0,6.0,0 days 01:09:08.294000,,,0 days 00:00:40.495000,0 days 00:00:25.969000,,0 days 01:10:20.100000,0 days 01:10:46.074000,295.0,252.0,254.0,281.0,False,SOFT,1.0,True,Toro Rosso,0 days 01:04:48.940000,2019-07-13 13:49:48.950,1,,False,,False,False
0 days 01:12:12.817000,ALB,23,0 days 00:01:26.748000,21.0,6.0,,,0 days 00:00:27.823000,0 days 00:00:35.292000,0 days 00:00:23.633000,0 days 01:11:13.892000,0 days 01:11:49.184000,0 days 01:12:12.817000,314.0,270.0,251.0,325.0,True,SOFT,2.0,True,Toro Rosso,0 days 01:10:46.069000,2019-07-13 13:55:46.079,1,,False,,False,True
0 days 01:14:10.799000,ALB,23,0 days 00:01:57.982000,22.0,6.0,,,0 days 00:00:34.418000,0 days 00:00:46.490000,0 days 00:00:37.074000,0 days 01:12:47.235000,0 days 01:13:33.725000,0 days 01:14:10.799000,280.0,240.0,256.0,206.0,False,SOFT,3.0,True,Toro Rosso,0 days 01:12:12.817000,2019-07-13 13:57:12.827,1,,False,,False,True
0 days 01:15:37.144000,ALB,23,0 days 00:01:26.345000,23.0,6.0,,,0 days 00:00:27.746000,0 days 00:00:34.987000,0 days 00:00:23.612000,0 days 01:14:38.545000,0 days 01:15:13.532000,0 days 01:15:37.144000,316.0,270.0,252.0,329.0,True,SOFT,4.0,True,Toro Rosso,0 days 01:14:10.799000,2019-07-13 13:59:10.809,1,,False,,False,True
0 days 01:17:31.850000,ALB,23,0 days 00:01:54.706000,24.0,6.0,,0 days 01:17:25.870000,0 days 00:00:37.788000,0 days 00:00:45.419000,0 days 00:00:31.499000,0 days 01:16:14.932000,0 days 01:17:00.351000,0 days 01:17:31.850000,279.0,210.0,,296.0,False,SOFT,5.0,True,Toro Rosso,0 days 01:15:37.144000,2019-07-13 14:00:37.154,1,,False,,False,False
0 days 00:17:21.553000,HUL,27,,1.0,1.0,0 days 00:15:39.476000,,,0 days 00:00:40.903000,0 days 00:00:32.382000,,0 days 00:16:49.223000,0 days 00:17:21.812000,272.0,247.0,255.0,285.0,False,SOFT,1.0,True,Renault,0 days 00:15:39.476000,2019-07-13 13:00:39.486,1,,False,,False,False
0 days 00:18:49.284000,HUL,27,0 days 00:01:27.731000,2.0,1.0,,,0 days 00:00:27.937000,0 days 00:00:36.052000,0 days 00:00:23.742000,0 days 00:17:49.490000,0 days 00:18:25.542000,0 days 00:18:49.284000,319.0,265.0,256.0,330.0,True,SOFT,2.0,True,Renault,0 days 00:17:21.553000,2019-07-13 13:02:21.563,1,,False,,False,True
0 days 00:20:44.239000,HUL,27,0 days 00:01:54.955000,3.0,1.0,,,0 days 00:00:37.151000,0 days 00:00:47.475000,0 days 00:00:30.329000,0 days 00:19:26.435000,0 days 00:20:13.910000,0 days 00:20:44.239000,212.0,226.0,256.0,280.0,False,SOFT,3.0,True,Renault,0 days 00:18:49.284000,2019-07-13 13:03:49.294,1,,False,,False,True
0 days 00:22:10.887000,HUL,27,0 days 00:01:26.648000,4.0,1.0,,,0 days 00:00:27.628000,0 days 00:00:35.372000,0 days 00:00:23.648000,0 days 00:21:11.867000,0 days 00:21:47.239000,0 days 00:22:10.887000,322.0,269.0,256.0,332.0,True,SOFT,4.0,True,Renault,0 days 00:20:44.239000,2019-07-13 13:05:44.249,1,,False,,False,True
0 days 00:23:53.341000,HUL,27,0 days 00:01:42.454000,5.0,1.0,,0 days 00:23:47.349000,0 days 00:00:33.015000,0 days 00:00:42.070000,0 days 00:00:27.369000,0 days 00:22:43.902000,0 days 00:23:25.972000,0 days 00:23:53.341000,274.0,238.0,,294.0,False,SOFT,5.0,True,Renault,0 days 00:22:10.887000,2019-07-13 13:07:10.897,1,,False,,False,False
0 days 00:29:28.290000,HUL,27,,6.0,2.0,0 days 00:27:44.266000,,,0 days 00:00:45.827000,0 days 00:00:28.811000,,0 days 00:28:59.614000,0 days 00:29:28.552000,285.0,240.0,235.0,291.0,False,SOFT,1.0,True,Renault,0 days 00:23:53.341000,2019-07-13 13:08:53.351,1,,False,,False,False
0 days 00:31:07.603000,HUL,27,0 days 00:01:39.313000,7.0,2.0,,,0 days 00:00:30.909000,0 days 00:00:41.085000,0 days 00:00:27.319000,0 days 00:29:59.199000,0 days 00:30:40.284000,0 days 00:31:07.603000,295.0,242.0,256.0,295.0,False,SOFT,2.0,True,Renault,0 days 00:29:28.290000,2019-07-13 13:14:28.300,1,,False,,False,True
0 days 00:32:34.171000,HUL,27,0 days 00:01:26.568000,8.0,2.0,,,0 days 00:00:27.646000,0 days 00:00:35.323000,0 days 00:00:23.599000,0 days 00:31:35.249000,0 days 00:32:10.572000,0 days 00:32:34.171000,319.0,270.0,254.0,329.0,True,SOFT,3.0,True,Renault,0 days 00:31:07.603000,2019-07-13 13:16:07.613,1,,False,,False,True
0 days 00:34:18.441000,HUL,27,0 days 00:01:44.270000,9.0,2.0,,0 days 00:34:12.596000,0 days 00:00:33.825000,0 days 00:00:43.151000,0 days 00:00:27.294000,0 days 00:33:07.996000,0 days 00:33:51.147000,0 days 00:34:18.441000,133.0,243.0,,294.0,False,SOFT,4.0,True,Renault,0 days 00:32:34.171000,2019-07-13 13:17:34.181,1,,False,,False,False
0 days 00:42:16.342000,HUL,27,,10.0,3.0,0 days 00:40:36.042000,,,0 days 00:00:39.893000,0 days 00:00:32.101000,,0 days 00:41:44.261000,0 days 00:42:16.366000,286.0,257.0,258.0,286.0,False,SOFT,1.0,True,Renault,0 days 00:34:18.441000,2019-07-13 13:19:18.451,1,,False,,False,False
0 days 00:43:42.930000,HUL,27,0 days 00:01:26.588000,11.0,3.0,,,0 days 00:00:27.625000,0 days 00:00:35.318000,0 days 00:00:23.645000,0 days 00:42:43.967000,0 days 00:43:19.285000,0 days 00:43:42.930000,320.0,270.0,255.0,336.0,True,SOFT,2.0,True,Renault,0 days 00:42:16.342000,2019-07-13 13:27:16.352,1,,False,,False,True
0 days 00:45:30.707000,HUL,27,0 days 00:01:47.777000,12.0,3.0,,0 days 00:45:23.939000,0 days 00:00:35.198000,0 days 00:00:44.374000,0 days 00:00:28.205000,0 days 00:44:18.128000,0 days 00:45:02.502000,0 days 00:45:30.707000,261.0,237.0,,289.0,False,SOFT,3.0,True,Renault,0 days 00:43:42.930000,2019-07-13 13:28:42.940,1,,False,,False,False
0 days 00:53:51.578000,HUL,27,,13.0,4.0,0 days 00:52:16.979000,,,0 days 00:00:38.717000,0 days 00:00:28.802000,,0 days 00:53:22.827000,0 days 00:53:51.625000,292.0,259.0,257.0,291.0,False,SOFT,1.0,True,Renault,0 days 00:45:30.707000,2019-07-13 13:30:30.717,1,,False,,False,False
0 days 00:55:17.975000,HUL,27,0 days 00:01:26.397000,14.0,4.0,,,0 days 00:00:27.495000,0 days 00:00:35.275000,0 days 00:00:23.627000,0 days 00:54:19.073000,0 days 00:54:54.348000,0 days 00:55:17.975000,322.0,271.0,256.0,336.0,True,SOFT,2.0,True,Renault,0 days 00:53:51.578000,2019-07-13 13:38:51.588,1,,False,,False,True
0 days 00:57:13.681000,HUL,27,0 days 00:01:55.706000,15.0,4.0,,0 days 00:57:07.716000,0 days 00:00:37.170000,0 days 00:00:47.785000,0 days 00:00:30.751000,0 days 00:55:55.145000,0 days 00:56:42.930000,0 days 00:57:13.681000,225.0,220.0,,205.0,False,SOFT,3.0,True,Renault,0 days 00:55:17.975000,2019-07-13 13:40:17.985,1,,False,,False,False
0 days 01:05:22.300000,HUL,27,,16.0,5.0,0 days 01:03:42.723000,,,0 days 00:00:39.506000,0 days 00:00:31.035000,,0 days 01:04:51.285000,0 days 01:05:22.328000,288.0,255.0,256.0,293.0,False,SOFT,5.0,False,Renault,0 days 00:57:13.681000,2019-07-13 13:42:13.691,1,,False,,False,False
0 days 01:06:49.017000,HUL,27,0 days 00:01:26.717000,17.0,5.0,,,0 days 00:00:27.621000,0 days 00:00:35.381000,0 days 00:00:23.715000,0 days 01:05:49.921000,0 days 01:06:25.302000,0 days 01:06:49.017000,319.0,270.0,253.0,330.0,True,SOFT,6.0,False,Renault,0 days 01:05:22.300000,2019-07-13 13:50:22.310,1,,False,,False,True
0 days 01:08:26.202000,HUL,27,0 days 00:01:37.185000,18.0,5.0,,0 days 01:08:20.293000,0 days 00:00:31.523000,0 days 00:00:39.758000,0 days 00:00:25.904000,0 days 01:07:20.540000,0 days 01:08:00.298000,0 days 01:08:26.202000,285.0,249.0,,300.0,False,SOFT,7.0,False,Renault,0 days 01:06:49.017000,2019-07-13 13:51:49.027,1,,False,,False,False
0 days 01:14:06.540000,HUL,27,,19.0,6.0,0 days 01:12:28.332000,,,0 days 00:00:38.657000,0 days 00:00:32.616000,,0 days 01:13:33.961000,0 days 01:14:06.565000,302.0,262.0,259.0,301.0,False,SOFT,1.0,True,Renault,0 days 01:08:26.202000,2019-07-13 13:53:26.212,1,,False,,False,False
0 days 01:15:32.926000,HUL,27,0 days 00:01:26.386000,20.0,6.0,,,0 days 00:00:27.607000,0 days 00:00:35.115000,0 days 00:00:23.664000,0 days 01:14:34.147000,0 days 01:15:09.262000,0 days 01:15:32.926000,321.0,270.0,256.0,335.0,True,SOFT,2.0,True,Renault,0 days 01:14:06.540000,2019-07-13 13:59:06.550,1,,False,,False,True
0 days 01:17:28.953000,HUL,27,0 days 00:01:56.027000,21.0,6.0,,0 days 01:17:22.173000,0 days 00:00:37.724000,0 days 00:00:46.780000,0 days 00:00:31.523000,0 days 01:16:10.650000,0 days 01:16:57.430000,0 days 01:17:28.953000,211.0,224.0,,255.0,False,SOFT,3.0,True,Renault,0 days 01:15:32.926000,2019-07-13 14:00:32.936,1,,False,,False,False
0 days 00:16:56.731000,GIO,99,,1.0,1.0,0 days 00:15:13.814000,,,0 days 00:00:42.345000,0 days 00:00:29.876000,,0 days 00:16:26.915000,0 days 00:16:57.008000,279.0,240.0,254.0,282.0,False,SOFT,1.0,True,Alfa Romeo Racing,0 days 00:15:13.814000,2019-07-13 13:00:13.824,1,,False,,False,False
0 days 00:18:24.441000,GIO,99,0 days 00:01:27.710000,2.0,1.0,,,0 days 00:00:28.065000,0 days 00:00:35.758000,0 days 00:00:23.887000,0 days 00:17:24.796000,0 days 00:18:00.554000,0 days 00:18:24.441000,314.0,260.0,253.0,324.0,True,SOFT,2.0,True,Alfa Romeo Racing,0 days 00:16:56.731000,2019-07-13 13:01:56.741,1,,False,,False,True
0 days 00:20:24.610000,GIO,99,0 days 00:02:00.169000,3.0,1.0,,,0 days 00:00:39.551000,0 days 00:00:51.039000,0 days 00:00:29.579000,0 days 00:19:03.992000,0 days 00:19:55.031000,0 days 00:20:24.610000,203.0,228.0,254.0,293.0,False,SOFT,3.0,True,Alfa Romeo Racing,0 days 00:18:24.441000,2019-07-13 13:03:24.451,1,,False,,False,True
0 days 00:21:51.355000,GIO,99,0 days 00:01:26.745000,4.0,1.0,,,0 days 00:00:27.877000,0 days 00:00:35.298000,0 days 00:00:23.570000,0 days 00:20:52.487000,0 days 00:21:27.785000,0 days 00:21:51.355000,315.0,270.0,253.0,326.0,True,SOFT,4.0,True,Alfa Romeo Racing,0 days 00:20:24.610000,2019-07-13 13:05:24.620,1,,False,,False,True
0 days 00:23:33.843000,GIO,99,0 days 00:01:42.488000,5.0,1.0,,0 days 00:23:27.958000,0 days 00:00:33.376000,0 days 00:00:42.354000,0 days 00:00:26.758000,0 days 00:22:24.731000,0 days 00:23:07.085000,0 days 00:23:33.843000,263.0,232.0,,296.0,False,SOFT,5.0,True,Alfa Romeo Racing,0 days 00:21:51.355000,2019-07-13 13:06:51.365,1,,False,,False,False
0 days 00:29:00.011000,GIO,99,,6.0,2.0,0 days 00:27:12.208000,,,0 days 00:00:40.948000,0 days 00:00:38.118000,,0 days 00:28:21.893000,0 days 00:29:00.316000,288.0,243.0,255.0,297.0,False,SOFT,1.0,True,Alfa Romeo Racing,0 days 00:23:33.843000,2019-07-13 13:08:33.853,1,,False,,False,False
0 days 00:30:26.460000,GIO,99,0 days 00:01:26.449000,7.0,2.0,,,0 days 00:00:27.780000,0 days 00:00:35.217000,0 days 00:00:23.452000,0 days 00:29:27.791000,0 days 00:30:03.008000,0 days 00:30:26.460000,317.0,269.0,254.0,330.0,True,SOFT,2.0,True,Alfa Romeo Racing,0 days 00:29:00.011000,2019-07-13 13:14:00.021,1,,False,,False,True
0 days 00:32:21.197000,GIO,99,0 days 00:01:54.737000,8.0,2.0,,,0 days 00:00:36.095000,0 days 00:00:45.578000,0 days 00:00:33.064000,0 days 00:31:02.555000,0 days 00:31:48.133000,0 days 00:32:21.197000,234.0,237.0,257.0,296.0,False,SOFT,3.0,True,Alfa Romeo Racing,0 days 00:30:26.460000,2019-07-13 13:15:26.470,1,,False,,False,True
0 days 00:33:47.862000,GIO,99,0 days 00:01:26.665000,9.0,2.0,,,0 days 00:00:27.805000,0 days 00:00:35.223000,0 days 00:00:23.637000,0 days 00:32:49.002000,0 days 00:33:24.225000,0 days 00:33:47.862000,317.0,271.0,252.0,331.0,False,SOFT,4.0,True,Alfa Romeo Racing,0 days 00:32:21.197000,2019-07-13 13:17:21.207,1,,False,,False,True
0 days 00:35:35.295000,GIO,99,0 days 00:01:47.433000,10.0,2.0,,0 days 00:35:29.394000,0 days 00:00:35.072000,0 days 00:00:43.624000,0 days 00:00:28.737000,0 days 00:34:22.934000,0 days 00:35:06.558000,0 days 00:35:35.295000,244.0,230.0,,279.0,False,SOFT,5.0,True,Alfa Romeo Racing,0 days 00:33:47.862000,2019-07-13 13:18:47.872,1,,False,,False,False
0 days 00:42:08.527000,GIO,99,,11.0,3.0,0 days 00:40:25.887000,,,0 days 00:00:40.903000,0 days 00:00:30.653000,,0 days 00:41:37.896000,0 days 00:42:08.566000,288.0,237.0,255.0,295.0,False,SOFT,1.0,True,Alfa Romeo Racing,0 days 00:35:35.295000,2019-07-13 13:20:35.305,1,,False,,False,False
0 days 00:43:35.473000,GIO,99,0 days 00:01:26.946000,12.0,3.0,,,0 days 00:00:27.971000,0 days 00:00:35.253000,0 days 00:00:23.722000,0 days 00:42:36.498000,0 days 00:43:11.751000,0 days 00:43:35.473000,316.0,270.0,250.0,333.0,True,SOFT,2.0,True,Alfa Romeo Racing,0 days 00:42:08.527000,2019-07-13 13:27:08.537,1,,False,,False,True
0 days 00:45:26.228000,GIO,99,0 days 00:01:50.755000,13.0,3.0,,,0 days 00:00:35.692000,0 days 00:00:47.471000,0 days 00:00:27.592000,0 days 00:44:11.165000,0 days 00:44:58.636000,0 days 00:45:26.228000,259.0,216.0,255.0,278.0,False,SOFT,3.0,True,Alfa Romeo Racing,0 days 00:43:35.473000,2019-07-13 13:28:35.483,1,,False,,False,True
0 days 00:46:53.261000,GIO,99,0 days 00:01:27.033000,14.0,3.0,,,0 days 00:00:28.004000,0 days 00:00:35.359000,0 days 00:00:23.670000,0 days 00:45:54.232000,0 days 00:46:29.591000,0 days 00:46:53.261000,315.0,272.0,252.0,328.0,False,SOFT,4.0,True,Alfa Romeo Racing,0 days 00:45:26.228000,2019-07-13 13:30:26.238,1,,False,,False,True
0 days 00:48:35.190000,GIO,99,0 days 00:01:41.929000,15.0,3.0,,0 days 00:48:29.251000,0 days 00:00:32.561000,0 days 00:00:42.984000,0 days 00:00:26.384000,0 days 00:47:25.822000,0 days 00:48:08.806000,0 days 00:48:35.190000,267.0,238.0,,297.0,False,SOFT,5.0,True,Alfa Romeo Racing,0 days 00:46:53.261000,2019-07-13 13:31:53.271,1,,False,,False,False
0 days 00:53:38.630000,GIO,99,,16.0,4.0,0 days 00:51:58.587000,,,0 days 00:00:39.442000,0 days 00:00:32.992000,,0 days 00:53:05.667000,0 days 00:53:38.630000,286.0,243.0,255.0,298.0,False,SOFT,1.0,True,Alfa Romeo Racing,0 days 00:48:35.190000,2019-07-13 13:33:35.200,1,,False,,False,False
0 days 00:55:05.149000,GIO,99,0 days 00:01:26.519000,17.0,4.0,,,0 days 00:00:27.819000,0 days 00:00:35.143000,0 days 00:00:23.557000,0 days 00:54:06.449000,0 days 00:54:41.592000,0 days 00:55:05.149000,316.0,270.0,253.0,331.0,True,SOFT,2.0,True,Alfa Romeo Racing,0 days 00:53:38.630000,2019-07-13 13:38:38.640,1,,False,,False,True
0 days 00:56:49.758000,GIO,99,0 days 00:01:44.609000,18.0,4.0,,0 days 00:56:43.786000,0 days 00:00:33.051000,0 days 00:00:42.726000,0 days 00:00:28.832000,0 days 00:55:38.200000,0 days 00:56:20.926000,0 days 00:56:49.758000,265.0,238.0,,300.0,False,SOFT,3.0,True,Alfa Romeo Racing,0 days 00:55:05.149000,2019-07-13 13:40:05.159,1,,False,,False,False
0 days 00:17:00.413000,RAI,7,,1.0,1.0,0 days 00:15:16.279000,,,0 days 00:00:42.008000,0 days 00:00:31.298000,,0 days 00:16:29.115000,0 days 00:17:00.674000,274.0,233.0,253.0,283.0,False,SOFT,1.0,True,Alfa Romeo Racing,0 days 00:15:16.279000,2019-07-13 13:00:16.289,1,,False,,False,False
0 days 00:18:27.914000,RAI,7,0 days 00:01:27.501000,2.0,1.0,,,0 days 00:00:28.098000,0 days 00:00:35.697000,0 days 00:00:23.706000,0 days 00:17:28.511000,0 days 00:18:04.208000,0 days 00:18:27.914000,316.0,269.0,253.0,329.0,True,SOFT,2.0,True,Alfa Romeo Racing,0 days 00:17:00.413000,2019-07-13 13:02:00.423,1,,False,,False,True
0 days 00:20:28.099000,RAI,7,0 days 00:02:00.185000,3.0,1.0,,,0 days 00:00:39.435000,0 days 00:00:51.876000,0 days 00:00:28.874000,0 days 00:19:07.349000,0 days 00:19:59.225000,0 days 00:20:28.099000,205.0,219.0,255.0,256.0,False,SOFT,3.0,True,Alfa Romeo Racing,0 days 00:18:27.914000,2019-07-13 13:03:27.924,1,,False,,False,True
0 days 00:21:54.811000,RAI,7,0 days 00:01:26.712000,4.0,1.0,,,0 days 00:00:27.792000,0 days 00:00:35.282000,0 days 00:00:23.638000,0 days 00:20:55.891000,0 days 00:21:31.173000,0 days 00:21:54.811000,317.0,269.0,253.0,327.0,True,SOFT,4.0,True,Alfa Romeo Racing,0 days 00:20:28.099000,2019-07-13 13:05:28.109,1,,False,,False,True
0 days 00:23:35.513000,RAI,7,0 days 00:01:40.702000,5.0,1.0,,0 days 00:23:29.612000,0 days 00:00:32.587000,0 days 00:00:41.087000,0 days 00:00:27.028000,0 days 00:22:27.398000,0 days 00:23:08.485000,0 days 00:23:35.513000,285.0,240.0,,301.0,False,SOFT,5.0,True,Alfa Romeo Racing,0 days 00:21:54.811000,2019-07-13 13:06:54.821,1,,False,,False,False
0 days 00:28:42.740000,RAI,7,,6.0,2.0,0 days 00:26:59.431000,,,0 days 00:00:40.687000,0 days 00:00:33.499000,,0 days 00:28:09.319000,0 days 00:28:42.953000,294.0,247.0,256.0,283.0,False,SOFT,1.0,True,Alfa Romeo Racing,0 days 00:23:35.513000,2019-07-13 13:08:35.523,1,,False,,False,False
0 days 00:30:09.958000,RAI,7,0 days 00:01:27.218000,7.0,2.0,,,0 days 00:00:27.787000,0 days 00:00:35.465000,0 days 00:00:23.966000,0 days 00:29:10.527000,0 days 00:29:45.992000,0 days 00:30:09.958000,315.0,268.0,251.0,327.0,False,SOFT,2.0,True,Alfa Romeo Racing,0 days 00:28:42.740000,2019-07-13 13:13:42.750,1,,False,,False,True
0 days 00:32:02.860000,RAI,7,0 days 00:01:52.902000,8.0,2.0,,,0 days 00:00:34.149000,0 days 00:00:46.282000,0 days 00:00:32.471000,0 days 00:30:44.107000,0 days 00:31:30.389000,0 days 00:32:02.860000,237.0,234.0,255.0,250.0,False,SOFT,3.0,True,Alfa Romeo Racing,0 days 00:30:09.958000,2019-07-13 13:15:09.968,1,,False,,False,True
0 days 00:33:29.418000,RAI,7,0 days 00:01:26.558000,9.0,2.0,,,0 days 00:00:27.784000,0 days 00:00:35.180000,0 days 00:00:23.594000,0 days 00:32:30.644000,0 days 00:33:05.824000,0 days 00:33:29.418000,314.0,271.0,252.0,329.0,True,SOFT,4.0,True,Alfa Romeo Racing,0 days 00:32:02.860000,2019-07-13 13:17:02.870,1,,False,,False,True
0 days 00:35:26.668000,RAI,7,0 days 00:01:57.250000,10.0,2.0,,0 days 00:35:20.783000,0 days 00:00:36.881000,0 days 00:00:50.619000,0 days 00:00:29.750000,0 days 00:34:06.299000,0 days 00:34:56.918000,0 days 00:35:26.668000,190.0,216.0,,248.0,False,SOFT,5.0,True,Alfa Romeo Racing,0 days 00:33:29.418000,2019-07-13 13:18:29.428,1,,False,,False,False
0 days 00:42:12.815000,RAI,7,,11.0,3.0,0 days 00:40:28.913000,,,0 days 00:00:40.379000,0 days 00:00:30.875000,,0 days 00:41:41.983000,0 days 00:42:12.840000,246.0,244.0,254.0,282.0,False,SOFT,1.0,True,Alfa Romeo Racing,0 days 00:35:26.668000,2019-07-13 13:20:26.678,1,,False,,False,False
0 days 00:43:40.042000,RAI,7,0 days 00:01:27.227000,12.0,3.0,,,0 days 00:00:27.935000,0 days 00:00:35.629000,0 days 00:00:23.663000,0 days 00:42:40.750000,0 days 00:43:16.379000,0 days 00:43:40.042000,315.0,266.0,252.0,331.0,True,SOFT,2.0,True,Alfa Romeo Racing,0 days 00:42:12.815000,2019-07-13 13:27:12.825,1,,False,,False,True
0 days 00:45:31.810000,RAI,7,0 days 00:01:51.768000,13.0,3.0,,,0 days 00:00:35.907000,0 days 00:00:45.772000,0 days 00:00:30.089000,0 days 00:44:15.949000,0 days 00:45:01.721000,0 days 00:45:31.810000,241.0,239.0,252.0,285.0,False,SOFT,3.0,True,Alfa Romeo Racing,0 days 00:43:40.042000,2019-07-13 13:28:40.052,1,,False,,False,True
0 days 00:46:58.861000,RAI,7,0 days 00:01:27.051000,14.0,3.0,,,0 days 00:00:27.819000,0 days 00:00:35.508000,0 days 00:00:23.724000,0 days 00:45:59.629000,0 days 00:46:35.137000,0 days 00:46:58.861000,315.0,265.0,253.0,329.0,True,SOFT,4.0,True,Alfa Romeo Racing,0 days 00:45:31.810000,2019-07-13 13:30:31.820,1,,False,,False,True
0 days 00:48:39.540000,RAI,7,0 days 00:01:40.679000,15.0,3.0,,0 days 00:48:33.588000,0 days 00:00:32.889000,0 days 00:00:40.399000,0 days 00:00:27.391000,0 days 00:47:31.750000,0 days 00:48:12.149000,0 days 00:48:39.540000,277.0,242.0,,299.0,False,SOFT,5.0,True,Alfa Romeo Racing,0 days 00:46:58.861000,2019-07-13 13:31:58.871,1,,False,,False,False
0 days 00:53:45.007000,RAI,7,,16.0,4.0,0 days 00:52:05.841000,,,0 days 00:00:37.525000,0 days 00:00:32.553000,,0 days 00:53:12.500000,0 days 00:53:45.041000,288.0,250.0,255.0,300.0,False,SOFT,1.0,True,Alfa Romeo Racing,0 days 00:48:39.540000,2019-07-13 13:33:39.550,1,,False,,False,False
0 days 00:55:11.553000,RAI,7,0 days 00:01:26.546000,17.0,4.0,,,0 days 00:00:27.662000,0 days 00:00:35.229000,0 days 00:00:23.655000,0 days 00:54:12.669000,0 days 00:54:47.898000,0 days 00:55:11.553000,316.0,270.0,254.0,330.0,True,SOFT,2.0,True,Alfa Romeo Racing,0 days 00:53:45.007000,2019-07-13 13:38:45.017,1,,False,,False,True
0 days 00:57:07.255000,RAI,7,0 days 00:01:55.702000,18.0,4.0,,0 days 00:57:00.431000,0 days 00:00:36.604000,0 days 00:00:48.267000,0 days 00:00:30.831000,0 days 00:55:48.157000,0 days 00:56:36.424000,0 days 00:57:07.255000,204.0,224.0,,245.0,False,SOFT,3.0,True,Alfa Romeo Racing,0 days 00:55:11.553000,2019-07-13 13:40:11.563,1,,False,,False,False
0 days 00:17:56.600000,SAI,55,,1.0,1.0,0 days 00:16:08.601000,,,0 days 00:00:43.447000,0 days 00:00:34.635000,,0 days 00:17:21.999000,0 days 00:17:56.896000,283.0,234.0,254.0,291.0,False,SOFT,1.0,True,McLaren,0 days 00:16:08.601000,2019-07-13 13:01:08.611,1,,False,,False,False
0 days 00:19:23.289000,SAI,55,0 days 00:01:26.689000,2.0,1.0,,,0 days 00:00:27.900000,0 days 00:00:35.229000,0 days 00:00:23.560000,0 days 00:18:24.500000,0 days 00:18:59.729000,0 days 00:19:23.289000,315.0,271.0,252.0,325.0,True,SOFT,2.0,True,McLaren,0 days 00:17:56.600000,2019-07-13 13:02:56.610,1,,False,,False,True
0 days 00:21:24.019000,SAI,55,0 days 00:02:00.730000,3.0,1.0,,,0 days 00:00:33.112000,0 days 00:00:49.911000,0 days 00:00:37.707000,0 days 00:19:56.401000,0 days 00:20:46.312000,0 days 00:21:24.019000,228.0,196.0,256.0,276.0,False,SOFT,3.0,True,McLaren,0 days 00:19:23.289000,2019-07-13 13:04:23.299,1,,False,,False,True
0 days 00:22:50.222000,SAI,55,0 days 00:01:26.203000,4.0,1.0,,,0 days 00:00:27.820000,0 days 00:00:34.960000,0 days 00:00:23.423000,0 days 00:21:51.839000,0 days 00:22:26.799000,0 days 00:22:50.222000,318.0,272.0,252.0,330.0,True,SOFT,4.0,True,McLaren,0 days 00:21:24.019000,2019-07-13 13:06:24.029,1,,False,,False,True
0 days 00:24:34.266000,SAI,55,0 days 00:01:44.044000,5.0,1.0,,0 days 00:24:28.392000,0 days 00:00:31.877000,0 days 00:00:43.096000,0 days 00:00:29.071000,0 days 00:23:22.099000,0 days 00:24:05.195000,0 days 00:24:34.266000,266.0,237.0,,278.0,False,SOFT,5.0,True,McLaren,0 days 00:22:50.222000,2019-07-13 13:07:50.232,1,,False,,False,False
0 days 00:28:47.165000,SAI,55,,6.0,2.0,0 days 00:27:02.458000,,,0 days 00:00:40.738000,0 days 00:00:35.869000,,0 days 00:28:11.332000,0 days 00:28:47.446000,301.0,248.0,256.0,269.0,False,SOFT,1.0,True,McLaren,0 days 00:24:34.266000,2019-07-13 13:09:34.276,1,,False,,False,False
0 days 00:30:13.572000,SAI,55,0 days 00:01:26.407000,7.0,2.0,,,0 days 00:00:27.718000,0 days 00:00:35.178000,0 days 00:00:23.511000,0 days 00:29:14.883000,0 days 00:29:50.061000,0 days 00:30:13.572000,315.0,270.0,252.0,326.0,False,SOFT,2.0,True,McLaren,0 days 00:28:47.165000,2019-07-13 13:13:47.175,1,,False,,False,True
0 days 00:32:06.960000,SAI,55,0 days 00:01:53.388000,8.0,2.0,,,0 days 00:00:32.340000,0 days 00:00:47.793000,0 days 00:00:33.255000,0 days 00:30:45.912000,0 days 00:31:33.705000,0 days 00:32:06.960000,244.0,224.0,255.0,233.0,False,SOFT,3.0,True,McLaren,0 days 00:30:13.572000,2019-07-13 13:15:13.582,1,,False,,False,True
0 days 00:33:36.374000,SAI,55,0 days 00:01:29.414000,9.0,2.0,,0 days 00:33:30.491000,0 days 00:00:27.821000,0 days 00:00:35.035000,0 days 00:00:26.558000,0 days 00:32:34.781000,0 days 00:33:09.816000,0 days 00:33:36.374000,315.0,273.0,,315.0,False,SOFT,4.0,True,McLaren,0 days 00:32:06.960000,2019-07-13 13:17:06.970,1,,False,,False,False
0 days 00:42:35.005000,SAI,55,,10.0,3.0,0 days 00:40:59.754000,,,0 days 00:00:40.585000,0 days 00:00:26.241000,,0 days 00:42:08.846000,0 days 00:42:35.039000,284.0,245.0,255.0,300.0,False,SOFT,1.0,True,McLaren,0 days 00:33:36.374000,2019-07-13 13:18:36.384,1,,False,,False,False
0 days 00:44:01.583000,SAI,55,0 days 00:01:26.578000,11.0,3.0,,,0 days 00:00:27.771000,0 days 00:00:35.231000,0 days 00:00:23.576000,0 days 00:43:02.776000,0 days 00:43:38.007000,0 days 00:44:01.583000,314.0,271.0,252.0,330.0,True,SOFT,2.0,True,McLaren,0 days 00:42:35.005000,2019-07-13 13:27:35.015,1,,False,,False,True
0 days 00:45:42.394000,SAI,55,0 days 00:01:40.811000,12.0,3.0,,0 days 00:45:36.419000,0 days 00:00:32.601000,0 days 00:00:41.909000,0 days 00:00:26.301000,0 days 00:44:34.184000,0 days 00:45:16.093000,0 days 00:45:42.394000,256.0,239.0,,297.0,False,SOFT,3.0,True,McLaren,0 days 00:44:01.583000,2019-07-13 13:29:01.593,1,,False,,False,False
0 days 00:53:48.441000,SAI,55,,13.0,4.0,0 days 00:52:15.669000,,,0 days 00:00:38.704000,0 days 00:00:27.261000,,0 days 00:53:21.205000,0 days 00:53:48.473000,302.0,250.0,256.0,301.0,False,SOFT,1.0,True,McLaren,0 days 00:45:42.394000,2019-07-13 13:30:42.404,1,,False,,False,False
0 days 00:55:15.156000,SAI,55,0 days 00:01:26.715000,14.0,4.0,,,0 days 00:00:27.781000,0 days 00:00:35.287000,0 days 00:00:23.647000,0 days 00:54:16.222000,0 days 00:54:51.509000,0 days 00:55:15.156000,315.0,267.0,253.0,329.0,False,SOFT,2.0,True,McLaren,0 days 00:53:48.441000,2019-07-13 13:38:48.451,1,,False,,False,True
0 days 00:57:09.183000,SAI,55,0 days 00:01:54.027000,15.0,4.0,,0 days 00:57:03.177000,0 days 00:00:34.351000,0 days 00:00:47.985000,0 days 00:00:31.691000,0 days 00:55:49.507000,0 days 00:56:37.492000,0 days 00:57:09.183000,231.0,210.0,,253.0,False,SOFT,3.0,True,McLaren,0 days 00:55:15.156000,2019-07-13 13:40:15.166,1,,False,,False,False
0 days 00:17:33.746000,GRO,8,,1.0,1.0,0 days 00:15:48.087000,,,0 days 00:00:44.750000,0 days 00:00:30.229000,,0 days 00:17:03.606000,0 days 00:17:33.964000,283.0,230.0,253.0,292.0,False,SOFT,1.0,True,Haas F1 Team,0 days 00:15:48.087000,2019-07-13 13:00:48.097,1,,False,,False,False
0 days 00:19:00.499000,GRO,8,0 days 00:01:26.753000,2.0,1.0,,,0 days 00:00:27.988000,0 days 00:00:35.253000,0 days 00:00:23.512000,0 days 00:18:01.734000,0 days 00:18:36.987000,0 days 00:19:00.499000,313.0,271.0,252.0,326.0,True,SOFT,2.0,True,Haas F1 Team,0 days 00:17:33.746000,2019-07-13 13:02:33.756,1,,False,,False,True
0 days 00:21:07.298000,GRO,8,0 days 00:02:06.799000,3.0,1.0,,,0 days 00:00:36.315000,0 days 00:00:50.656000,0 days 00:00:39.828000,0 days 00:19:36.814000,0 days 00:20:27.470000,0 days 00:21:07.298000,196.0,180.0,253.0,132.0,False,SOFT,3.0,True,Haas F1 Team,0 days 00:19:00.499000,2019-07-13 13:04:00.509,1,,False,,False,True
0 days 00:22:37.985000,GRO,8,0 days 00:01:30.687000,4.0,1.0,,0 days 00:22:31.159000,0 days 00:00:27.836000,0 days 00:00:34.851000,0 days 00:00:28,0 days 00:21:35.134000,0 days 00:22:09.985000,0 days 00:22:37.985000,313.0,270.0,,327.0,False,SOFT,4.0,True,Haas F1 Team,0 days 00:21:07.298000,2019-07-13 13:06:07.308,1,,False,,False,False
0 days 00:27:41.435000,GRO,8,,5.0,2.0,0 days 00:26:00.526000,,,0 days 00:00:42.876000,0 days 00:00:27.628000,,0 days 00:27:13.892000,0 days 00:27:41.676000,278.0,235.0,253.0,289.0,False,SOFT,1.0,True,Haas F1 Team,0 days 00:22:37.985000,2019-07-13 13:07:37.995,1,,False,,False,False
0 days 00:29:08.042000,GRO,8,0 days 00:01:26.607000,6.0,2.0,,,0 days 00:00:28.001000,0 days 00:00:35.052000,0 days 00:00:23.554000,0 days 00:28:09.436000,0 days 00:28:44.488000,0 days 00:29:08.042000,309.0,270.0,251.0,321.0,True,SOFT,2.0,True,Haas F1 Team,0 days 00:27:41.435000,2019-07-13 13:12:41.445,1,,False,,False,True
0 days 00:31:11.185000,GRO,8,0 days 00:02:03.143000,7.0,2.0,,,0 days 00:00:35.500000,0 days 00:00:52.168000,0 days 00:00:35.475000,0 days 00:29:43.542000,0 days 00:30:35.710000,0 days 00:31:11.185000,228.0,211.0,253.0,125.0,False,SOFT,3.0,True,Haas F1 Team,0 days 00:29:08.042000,2019-07-13 13:14:08.052,1,,False,,False,True
0 days 00:32:37.532000,GRO,8,0 days 00:01:26.347000,8.0,2.0,,,0 days 00:00:27.859000,0 days 00:00:34.996000,0 days 00:00:23.492000,0 days 00:31:39.044000,0 days 00:32:14.040000,0 days 00:32:37.532000,312.0,271.0,253.0,325.0,True,SOFT,4.0,True,Haas F1 Team,0 days 00:31:11.185000,2019-07-13 13:16:11.195,1,,False,,False,True
0 days 00:34:24.508000,GRO,8,0 days 00:01:46.976000,9.0,2.0,,0 days 00:34:18.555000,0 days 00:00:33.593000,0 days 00:00:44.168000,0 days 00:00:29.215000,0 days 00:33:11.125000,0 days 00:33:55.293000,0 days 00:34:24.508000,231.0,235.0,,275.0,False,SOFT,5.0,True,Haas F1 Team,0 days 00:32:37.532000,2019-07-13 13:17:37.542,1,,False,,False,False
0 days 00:42:30.272000,GRO,8,,10.0,3.0,0 days 00:40:46.011000,,,0 days 00:00:46.604000,0 days 00:00:27.484000,,0 days 00:42:02.809000,0 days 00:42:30.343000,281.0,228.0,250.0,291.0,False,SOFT,1.0,True,Haas F1 Team,0 days 00:34:24.508000,2019-07-13 13:19:24.518,1,,False,,False,False
0 days 00:43:57.853000,GRO,8,0 days 00:01:27.581000,11.0,3.0,,,0 days 00:00:28.332000,0 days 00:00:35.379000,0 days 00:00:23.870000,0 days 00:42:58.604000,0 days 00:43:33.983000,0 days 00:43:57.853000,309.0,270.0,251.0,324.0,True,SOFT,2.0,True,Haas F1 Team,0 days 00:42:30.272000,2019-07-13 13:27:30.282,1,,False,,False,True
0 days 00:45:36.341000,GRO,8,0 days 00:01:38.488000,12.0,3.0,,0 days 00:45:29.977000,0 days 00:00:31.064000,0 days 00:00:40.946000,0 days 00:00:26.478000,0 days 00:44:28.917000,0 days 00:45:09.863000,0 days 00:45:36.341000,281.0,240.0,,295.0,False,SOFT,3.0,True,Haas F1 Team,0 days 00:43:57.853000,2019-07-13 13:28:57.863,1,,False,,False,False
0 days 00:50:13.257000,GRO,8,,13.0,4.0,0 days 00:48:34.695000,,,0 days 00:00:42.426000,0 days 00:00:27.021000,,0 days 00:49:46.268000,0 days 00:50:13.287000,282.0,234.0,248.0,290.0,False,SOFT,1.0,True,Haas F1 Team,0 days 00:45:36.341000,2019-07-13 13:30:36.351,1,,False,,False,False
0 days 00:51:40.806000,GRO,8,0 days 00:01:27.549000,14.0,4.0,,,0 days 00:00:28.271000,0 days 00:00:35.478000,0 days 00:00:23.800000,0 days 00:50:41.528000,0 days 00:51:17.006000,0 days 00:51:40.806000,309.0,267.0,251.0,321.0,True,SOFT,2.0,True,Haas F1 Team,0 days 00:50:13.257000,2019-07-13 13:35:13.267,1,,False,,False,True
0 days 00:53:33.399000,GRO,8,0 days 00:01:52.593000,15.0,4.0,,,0 days 00:00:33.596000,0 days 00:00:47.342000,0 days 00:00:31.655000,0 days 00:52:14.402000,0 days 00:53:01.744000,0 days 00:53:33.399000,253.0,241.0,252.0,292.0,False,SOFT,3.0,True,Haas F1 Team,0 days 00:51:40.806000,2019-07-13 13:36:40.816,1,,False,,False,True
0 days 00:55:00.156000,GRO,8,0 days 00:01:26.757000,16.0,4.0,,,0 days 00:00:27.955000,0 days 00:00:35.173000,0 days 00:00:23.629000,0 days 00:54:01.354000,0 days 00:54:36.527000,0 days 00:55:00.156000,312.0,270.0,252.0,325.0,True,SOFT,4.0,True,Haas F1 Team,0 days 00:53:33.399000,2019-07-13 13:38:33.409,1,,False,,False,True
0 days 00:56:45.955000,GRO,8,0 days 00:01:45.799000,17.0,4.0,,0 days 00:56:39.044000,0 days 00:00:32.964000,0 days 00:00:42.585000,0 days 00:00:30.250000,0 days 00:55:33.120000,0 days 00:56:15.705000,0 days 00:56:45.955000,282.0,240.0,,285.0,False,SOFT,5.0,True,Haas F1 Team,0 days 00:55:00.156000,2019-07-13 13:40:00.166,1,,False,,False,False
0 days 00:20:00.299000,PER,11,,1.0,1.0,0 days 00:18:20.670000,,,0 days 00:00:41.184000,0 days 00:00:27.339000,,0 days 00:19:32.976000,0 days 00:20:00.588000,270.0,248.0,255.0,290.0,False,SOFT,1.0,True,Racing Point,0 days 00:18:20.670000,2019-07-13 13:03:20.680,1,,False,,False,False
0 days 00:21:27.691000,PER,11,0 days 00:01:27.392000,2.0,1.0,,,0 days 00:00:27.935000,0 days 00:00:35.653000,0 days 00:00:23.804000,0 days 00:20:28.234000,0 days 00:21:03.887000,0 days 00:21:27.691000,318.0,269.0,256.0,328.0,True,SOFT,2.0,True,Racing Point,0 days 00:20:00.299000,2019-07-13 13:05:00.309,1,,False,,False,True
0 days 00:23:30.611000,PER,11,0 days 00:02:02.920000,3.0,1.0,,,0 days 00:00:34.497000,0 days 00:00:51.393000,0 days 00:00:37.030000,0 days 00:22:02.188000,0 days 00:22:53.581000,0 days 00:23:30.611000,265.0,234.0,256.0,286.0,False,SOFT,3.0,True,Racing Point,0 days 00:21:27.691000,2019-07-13 13:06:27.701,1,,False,,False,True
0 days 00:24:57.526000,PER,11,0 days 00:01:26.915000,4.0,1.0,,,0 days 00:00:27.788000,0 days 00:00:35.188000,0 days 00:00:23.939000,0 days 00:23:58.399000,0 days 00:24:33.587000,0 days 00:24:57.526000,317.0,269.0,241.0,322.0,True,SOFT,4.0,True,Racing Point,0 days 00:23:30.611000,2019-07-13 13:08:30.621,1,,False,,False,True
0 days 00:26:40.634000,PER,11,0 days 00:01:43.108000,5.0,1.0,,0 days 00:26:33.426000,0 days 00:00:34.015000,0 days 00:00:40.874000,0 days 00:00:28.219000,0 days 00:25:31.541000,0 days 00:26:12.415000,0 days 00:26:40.634000,284.0,247.0,,302.0,False,SOFT,5.0,True,Racing Point,0 days 00:24:57.526000,2019-07-13 13:09:57.536,1,,False,,False,False
0 days 00:32:31.782000,PER,11,,6.0,2.0,0 days 00:30:39.594000,,,0 days 00:00:39.930000,0 days 00:00:41.921000,,0 days 00:31:49.949000,0 days 00:32:32.038000,286.0,253.0,256.0,293.0,False,SOFT,1.0,True,Racing Point,0 days 00:26:40.634000,2019-07-13 13:11:40.644,1,,False,,False,False
0 days 00:33:58.431000,PER,11,0 days 00:01:26.649000,7.0,2.0,,,0 days 00:00:27.791000,0 days 00:00:35.067000,0 days 00:00:23.791000,0 days 00:32:59.573000,0 days 00:33:34.640000,0 days 00:33:58.431000,310.0,272.0,253.0,326.0,True,SOFT,2.0,True,Racing Point,0 days 00:32:31.782000,2019-07-13 13:17:31.792,1,,False,,False,True
0 days 00:35:42.306000,PER,11,0 days 00:01:43.875000,8.0,2.0,,0 days 00:35:35.962000,0 days 00:00:32.619000,0 days 00:00:41.603000,0 days 00:00:29.653000,0 days 00:34:31.050000,0 days 00:35:12.653000,0 days 00:35:42.306000,273.0,242.0,,294.0,False,SOFT,3.0,True,Racing Point,0 days 00:33:58.431000,2019-07-13 13:18:58.441,1,,False,,False,False
0 days 00:41:59.980000,PER,11,,9.0,3.0,0 days 00:40:24.077000,,,0 days 00:00:40.239000,0 days 00:00:25.797000,,0 days 00:41:34.183000,0 days 00:42:00.017000,273.0,251.0,253.0,311.0,False,SOFT,1.0,True,Racing Point,0 days 00:35:42.306000,2019-07-13 13:20:42.316,1,,False,,False,False
0 days 00:43:26.908000,PER,11,0 days 00:01:26.928000,10.0,3.0,,,0 days 00:00:27.936000,0 days 00:00:35.238000,0 days 00:00:23.754000,0 days 00:42:27.916000,0 days 00:43:03.154000,0 days 00:43:26.908000,310.0,270.0,252.0,329.0,True,SOFT,2.0,True,Racing Point,0 days 00:41:59.980000,2019-07-13 13:26:59.990,1,,False,,False,True
0 days 00:45:05.391000,PER,11,0 days 00:01:38.483000,11.0,3.0,,0 days 00:44:59.369000,0 days 00:00:31.188000,0 days 00:00:40.453000,0 days 00:00:26.842000,0 days 00:43:58.096000,0 days 00:44:38.549000,0 days 00:45:05.391000,274.0,261.0,,289.0,False,SOFT,3.0,True,Racing Point,0 days 00:43:26.908000,2019-07-13 13:28:26.918,1,,False,,False,False
0 days 00:53:29.809000,PER,11,,12.0,4.0,0 days 00:51:51.083000,,,0 days 00:00:39.641000,0 days 00:00:30.201000,,0 days 00:52:59.630000,0 days 00:53:29.816000,279.0,250.0,254.0,290.0,False,SOFT,1.0,True,Racing Point,0 days 00:45:05.391000,2019-07-13 13:30:05.401,1,,False,,False,False
0 days 00:54:56.797000,PER,11,0 days 00:01:26.988000,13.0,4.0,,,0 days 00:00:27.906000,0 days 00:00:35.312000,0 days 00:00:23.770000,0 days 00:53:57.715000,0 days 00:54:33.027000,0 days 00:54:56.797000,309.0,271.0,252.0,327.0,False,SOFT,2.0,True,Racing Point,0 days 00:53:29.809000,2019-07-13 13:38:29.819,1,,False,,False,True
0 days 00:56:42.931000,PER,11,0 days 00:01:46.134000,14.0,4.0,,0 days 00:56:36.641000,0 days 00:00:32.987000,0 days 00:00:42.475000,0 days 00:00:30.672000,0 days 00:55:29.784000,0 days 00:56:12.259000,0 days 00:56:42.931000,260.0,243.0,,286.0,False,SOFT,3.0,True,Racing Point,0 days 00:54:56.797000,2019-07-13 13:39:56.807,1,,False,,False,False
0 days 00:17:38.363000,MAG,20,,1.0,1.0,0 days 00:15:49.741000,,,0 days 00:00:42.547000,0 days 00:00:33.962000,,0 days 00:17:04.480000,0 days 00:17:38.644000,275.0,237.0,253.0,250.0,False,SOFT,1.0,True,Haas F1 Team,0 days 00:15:49.741000,2019-07-13 13:00:49.751,1,,False,,False,False
0 days 00:19:05.368000,MAG,20,0 days 00:01:27.005000,2.0,1.0,,,0 days 00:00:27.971000,0 days 00:00:35.475000,0 days 00:00:23.559000,0 days 00:18:06.334000,0 days 00:18:41.809000,0 days 00:19:05.368000,311.0,267.0,251.0,324.0,True,SOFT,2.0,True,Haas F1 Team,0 days 00:17:38.363000,2019-07-13 13:02:38.373,1,,False,,False,True
0 days 00:21:12.115000,MAG,20,0 days 00:02:06.747000,3.0,1.0,,,0 days 00:00:36.595000,0 days 00:00:51.463000,0 days 00:00:38.689000,0 days 00:19:41.963000,0 days 00:20:33.426000,0 days 00:21:12.115000,266.0,197.0,252.0,243.0,False,SOFT,3.0,True,Haas F1 Team,0 days 00:19:05.368000,2019-07-13 13:04:05.378,1,,False,,False,True
0 days 00:22:38.777000,MAG,20,0 days 00:01:26.662000,4.0,1.0,,,0 days 00:00:27.974000,0 days 00:00:35.157000,0 days 00:00:23.531000,0 days 00:21:40.089000,0 days 00:22:15.246000,0 days 00:22:38.777000,313.0,267.0,251.0,325.0,True,SOFT,4.0,True,Haas F1 Team,0 days 00:21:12.115000,2019-07-13 13:06:12.125,1,,False,,False,True
0 days 00:24:26.060000,MAG,20,0 days 00:01:47.283000,5.0,1.0,,0 days 00:24:20.171000,0 days 00:00:33.156000,0 days 00:00:45.244000,0 days 00:00:28.883000,0 days 00:23:11.933000,0 days 00:23:57.177000,0 days 00:24:26.060000,266.0,231.0,,279.0,False,SOFT,5.0,True,Haas F1 Team,0 days 00:22:38.777000,2019-07-13 13:07:38.787,1,,False,,False,False
0 days 00:27:52.725000,MAG,20,,6.0,2.0,0 days 00:26:14.222000,,,0 days 00:00:40.109000,0 days 00:00:29.286000,,0 days 00:27:23.486000,0 days 00:27:52.986000,265.0,242.0,254.0,275.0,False,SOFT,1.0,True,Haas F1 Team,0 days 00:24:26.060000,2019-07-13 13:09:26.070,1,,False,,False,False
0 days 00:29:19.550000,MAG,20,0 days 00:01:26.825000,7.0,2.0,,,0 days 00:00:27.892000,0 days 00:00:35.237000,0 days 00:00:23.696000,0 days 00:28:20.617000,0 days 00:28:55.854000,0 days 00:29:19.550000,309.0,266.0,250.0,319.0,False,SOFT,2.0,True,Haas F1 Team,0 days 00:27:52.725000,2019-07-13 13:12:52.735,1,,False,,False,True
0 days 00:31:15.621000,MAG,20,0 days 00:01:56.071000,8.0,2.0,,,0 days 00:00:35.673000,0 days 00:00:49.210000,0 days 00:00:31.188000,0 days 00:29:55.223000,0 days 00:30:44.433000,0 days 00:31:15.621000,261.0,234.0,253.0,289.0,False,SOFT,3.0,True,Haas F1 Team,0 days 00:29:19.550000,2019-07-13 13:14:19.560,1,,False,,False,True
0 days 00:32:55.664000,MAG,20,0 days 00:01:40.043000,9.0,2.0,,0 days 00:32:49.744000,0 days 00:00:27.924000,0 days 00:00:41.050000,0 days 00:00:31.069000,0 days 00:31:43.545000,0 days 00:32:24.595000,0 days 00:32:55.664000,310.0,224.0,,270.0,False,SOFT,4.0,True,Haas F1 Team,0 days 00:31:15.621000,2019-07-13 13:16:15.631,1,,False,,False,False
0 days 00:17:15.729000,KVY,26,,1.0,1.0,0 days 00:15:34.266000,,,0 days 00:00:40.951000,0 days 00:00:29.739000,,0 days 00:16:46.056000,0 days 00:17:15.962000,264.0,253.0,253.0,279.0,False,SOFT,1.0,True,Toro Rosso,0 days 00:15:34.266000,2019-07-13 13:00:34.276,1,,False,,False,False
0 days 00:18:43.145000,KVY,26,0 days 00:01:27.416000,2.0,1.0,,,0 days 00:00:27.926000,0 days 00:00:35.830000,0 days 00:00:23.660000,0 days 00:17:43.655000,0 days 00:18:19.485000,0 days 00:18:43.145000,316.0,267.0,249.0,327.0,True,SOFT,2.0,True,Toro Rosso,0 days 00:17:15.729000,2019-07-13 13:02:15.739,1,,False,,False,True
0 days 00:20:39.581000,KVY,26,0 days 00:01:56.436000,3.0,1.0,,,0 days 00:00:37.881000,0 days 00:00:48.157000,0 days 00:00:30.398000,0 days 00:19:21.026000,0 days 00:20:09.183000,0 days 00:20:39.581000,278.0,214.0,254.0,293.0,False,SOFT,3.0,True,Toro Rosso,0 days 00:18:43.145000,2019-07-13 13:03:43.155,1,,False,,False,True
0 days 00:22:06.302000,KVY,26,0 days 00:01:26.721000,4.0,1.0,,,0 days 00:00:27.908000,0 days 00:00:35.181000,0 days 00:00:23.632000,0 days 00:21:07.489000,0 days 00:21:42.670000,0 days 00:22:06.302000,315.0,267.0,251.0,326.0,True,SOFT,4.0,True,Toro Rosso,0 days 00:20:39.581000,2019-07-13 13:05:39.591,1,,False,,False,True
0 days 00:23:44.919000,KVY,26,0 days 00:01:38.617000,5.0,1.0,,0 days 00:23:37.583000,0 days 00:00:31.276000,0 days 00:00:39.520000,0 days 00:00:27.821000,0 days 00:22:37.578000,0 days 00:23:17.098000,0 days 00:23:44.919000,289.0,266.0,,300.0,False,SOFT,5.0,True,Toro Rosso,0 days 00:22:06.302000,2019-07-13 13:07:06.312,1,,False,,False,False
0 days 00:28:50.663000,KVY,26,,6.0,2.0,0 days 00:27:08.495000,,,0 days 00:00:39.828000,0 days 00:00:32.920000,,0 days 00:28:17.837000,0 days 00:28:50.909000,285.0,261.0,253.0,304.0,False,SOFT,1.0,True,Toro Rosso,0 days 00:23:44.919000,2019-07-13 13:08:44.929,1,,False,,False,False
0 days 00:30:18.182000,KVY,26,0 days 00:01:27.519000,7.0,2.0,,,0 days 00:00:28.248000,0 days 00:00:35.607000,0 days 00:00:23.664000,0 days 00:29:18.911000,0 days 00:29:54.518000,0 days 00:30:18.182000,315.0,268.0,244.0,327.0,False,SOFT,2.0,True,Toro Rosso,0 days 00:28:50.663000,2019-07-13 13:13:50.673,1,,False,,False,True
0 days 00:32:16.650000,KVY,26,0 days 00:01:58.468000,8.0,2.0,,,0 days 00:00:35.840000,0 days 00:00:46.983000,0 days 00:00:35.645000,0 days 00:30:54.022000,0 days 00:31:41.005000,0 days 00:32:16.650000,277.0,231.0,254.0,292.0,False,SOFT,3.0,True,Toro Rosso,0 days 00:30:18.182000,2019-07-13 13:15:18.192,1,,False,,False,True
0 days 00:33:43.701000,KVY,26,0 days 00:01:27.051000,9.0,2.0,,,0 days 00:00:27.847000,0 days 00:00:35.417000,0 days 00:00:23.787000,0 days 00:32:44.497000,0 days 00:33:19.914000,0 days 00:33:43.701000,317.0,267.0,250.0,331.0,False,SOFT,4.0,True,Toro Rosso,0 days 00:32:16.650000,2019-07-13 13:17:16.660,1,,False,,False,True
0 days 00:35:37.915000,KVY,26,0 days 00:01:54.214000,10.0,2.0,,0 days 00:35:31.999000,0 days 00:00:41.093000,0 days 00:00:43.437000,0 days 00:00:29.684000,0 days 00:34:24.794000,0 days 00:35:08.231000,0 days 00:35:37.915000,215.0,254.0,,214.0,False,SOFT,5.0,True,Toro Rosso,0 days 00:33:43.701000,2019-07-13 13:18:43.711,1,,False,,False,False
0 days 00:17:11.609000,STR,18,,1.0,1.0,0 days 00:15:27.090000,,,0 days 00:00:43.247000,0 days 00:00:29.286000,,0 days 00:16:42.422000,0 days 00:17:11.874000,280.0,236.0,253.0,288.0,False,SOFT,1.0,True,Racing Point,0 days 00:15:27.090000,2019-07-13 13:00:27.100,1,,False,,False,False
0 days 00:18:38.989000,STR,18,0 days 00:01:27.380000,2.0,1.0,,,0 days 00:00:28,0 days 00:00:35.690000,0 days 00:00:23.690000,0 days 00:17:39.609000,0 days 00:18:15.299000,0 days 00:18:38.989000,315.0,269.0,256.0,329.0,True,SOFT,2.0,True,Racing Point,0 days 00:17:11.609000,2019-07-13 13:02:11.619,1,,False,,False,True
0 days 00:20:23.289000,STR,18,0 days 00:01:44.300000,3.0,1.0,,0 days 00:20:17.311000,0 days 00:00:32.787000,0 days 00:00:43.678000,0 days 00:00:27.835000,0 days 00:19:11.776000,0 days 00:19:55.454000,0 days 00:20:23.289000,274.0,240.0,,241.0,False,SOFT,3.0,True,Racing Point,0 days 00:18:38.989000,2019-07-13 13:03:38.999,1,,False,,False,False
0 days 00:24:12.035000,STR,18,,4.0,2.0,0 days 00:22:29.162000,,,0 days 00:00:45.499000,0 days 00:00:26.909000,,0 days 00:23:45.134000,0 days 00:24:12.309000,263.0,239.0,256.0,293.0,False,SOFT,1.0,True,Racing Point,0 days 00:20:23.289000,2019-07-13 13:05:23.299,1,,False,,False,False
0 days 00:25:38.797000,STR,18,0 days 00:01:26.762000,5.0,2.0,,,0 days 00:00:27.749000,0 days 00:00:35.246000,0 days 00:00:23.767000,0 days 00:24:39.784000,0 days 00:25:15.030000,0 days 00:25:38.797000,311.0,270.0,256.0,326.0,True,SOFT,2.0,True,Racing Point,0 days 00:24:12.035000,2019-07-13 13:09:12.045,1,,False,,False,True
0 days 00:27:15.483000,STR,18,0 days 00:01:36.686000,6.0,2.0,,0 days 00:27:09.571000,0 days 00:00:31.276000,0 days 00:00:39.967000,0 days 00:00:25.443000,0 days 00:26:10.073000,0 days 00:26:50.040000,0 days 00:27:15.483000,274.0,246.0,,305.0,False,SOFT,3.0,True,Racing Point,0 days 00:25:38.797000,2019-07-13 13:10:38.807,1,,False,,False,False
0 days 00:32:11.128000,STR,18,,7.0,3.0,0 days 00:30:27.301000,,,0 days 00:00:40.449000,0 days 00:00:32.738000,,0 days 00:31:38.390000,0 days 00:32:11.384000,279.0,254.0,255.0,307.0,False,SOFT,1.0,True,Racing Point,0 days 00:27:15.483000,2019-07-13 13:12:15.493,1,,False,,False,False
0 days 00:33:37.974000,STR,18,0 days 00:01:26.846000,8.0,3.0,,,0 days 00:00:27.678000,0 days 00:00:35.287000,0 days 00:00:23.881000,0 days 00:32:38.806000,0 days 00:33:14.093000,0 days 00:33:37.974000,313.0,271.0,253.0,332.0,False,SOFT,2.0,True,Racing Point,0 days 00:32:11.128000,2019-07-13 13:17:11.138,1,,False,,False,True
0 days 00:35:18.571000,STR,18,0 days 00:01:40.597000,9.0,3.0,,0 days 00:35:12.640000,0 days 00:00:36.290000,0 days 00:00:39.287000,0 days 00:00:25.020000,0 days 00:34:14.264000,0 days 00:34:53.551000,0 days 00:35:18.571000,273.0,252.0,,295.0,False,SOFT,3.0,True,Racing Point,0 days 00:33:37.974000,2019-07-13 13:18:37.984,1,,False,,False,False
0 days 00:17:42.373000,RUS,63,,1.0,1.0,0 days 00:15:51.940000,,,0 days 00:00:41.704000,0 days 00:00:35.440000,,0 days 00:17:06.945000,0 days 00:17:42.591000,299.0,240.0,250.0,123.0,False,SOFT,1.0,True,Williams,0 days 00:15:51.940000,2019-07-13 13:00:51.950,1,,False,,False,False
0 days 00:19:11.285000,RUS,63,0 days 00:01:28.912000,2.0,1.0,,,0 days 00:00:28.419000,0 days 00:00:36.393000,0 days 00:00:24.100000,0 days 00:18:10.792000,0 days 00:18:47.185000,0 days 00:19:11.285000,311.0,265.0,251.0,323.0,True,SOFT,2.0,True,Williams,0 days 00:17:42.373000,2019-07-13 13:02:42.383,1,,False,,False,True
0 days 00:21:01.844000,RUS,63,0 days 00:01:50.559000,3.0,1.0,,,0 days 00:00:34.337000,0 days 00:00:42.915000,0 days 00:00:33.307000,0 days 00:19:45.622000,0 days 00:20:28.537000,0 days 00:21:01.844000,283.0,247.0,254.0,308.0,False,SOFT,3.0,True,Williams,0 days 00:19:11.285000,2019-07-13 13:04:11.295,1,,False,,False,True
0 days 00:22:29.633000,RUS,63,0 days 00:01:27.789000,4.0,1.0,,,0 days 00:00:28.178000,0 days 00:00:35.725000,0 days 00:00:23.886000,0 days 00:21:30.022000,0 days 00:22:05.747000,0 days 00:22:29.633000,314.0,267.0,253.0,328.0,True,SOFT,4.0,True,Williams,0 days 00:21:01.844000,2019-07-13 13:06:01.854,1,,False,,False,True
0 days 00:24:06.124000,RUS,63,0 days 00:01:36.491000,5.0,1.0,,0 days 00:24:00.297000,0 days 00:00:30.738000,0 days 00:00:40.658000,0 days 00:00:25.095000,0 days 00:23:00.371000,0 days 00:23:41.029000,0 days 00:24:06.124000,288.0,251.0,,307.0,False,SOFT,5.0,True,Williams,0 days 00:22:29.633000,2019-07-13 13:07:29.643,1,,False,,False,False
0 days 00:28:24.906000,RUS,63,,6.0,2.0,0 days 00:26:47.419000,,,0 days 00:00:39.869000,0 days 00:00:27.976000,,0 days 00:27:56.948000,0 days 00:28:25.278000,302.0,245.0,254.0,307.0,False,SOFT,1.0,True,Williams,0 days 00:24:06.124000,2019-07-13 13:09:06.134,1,,False,,False,False
0 days 00:29:53.154000,RUS,63,0 days 00:01:28.248000,7.0,2.0,,,0 days 00:00:28.154000,0 days 00:00:36,0 days 00:00:24.094000,0 days 00:28:53.060000,0 days 00:29:29.060000,0 days 00:29:53.154000,311.0,266.0,251.0,324.0,False,SOFT,2.0,True,Williams,0 days 00:28:24.906000,2019-07-13 13:13:24.916,1,,False,,False,True
0 days 00:31:35.349000,RUS,63,0 days 00:01:42.195000,8.0,2.0,,,0 days 00:00:34.038000,0 days 00:00:42.067000,0 days 00:00:26.090000,0 days 00:30:27.192000,0 days 00:31:09.259000,0 days 00:31:35.349000,287.0,243.0,254.0,306.0,False,SOFT,3.0,True,Williams,0 days 00:29:53.154000,2019-07-13 13:14:53.164,1,,False,,False,True
0 days 00:33:07.333000,RUS,63,0 days 00:01:31.984000,9.0,2.0,,0 days 00:33:01.475000,0 days 00:00:28.158000,0 days 00:00:36.081000,0 days 00:00:27.745000,0 days 00:32:03.507000,0 days 00:32:39.588000,0 days 00:33:07.333000,311.0,265.0,,298.0,False,SOFT,4.0,True,Williams,0 days 00:31:35.349000,2019-07-13 13:16:35.359,1,,False,,False,False
0 days 00:17:49.067000,KUB,88,,1.0,1.0,0 days 00:16:05.091000,,,0 days 00:00:40.780000,0 days 00:00:33.012000,,0 days 00:17:16.055000,0 days 00:17:49.299000,292.0,238.0,249.0,242.0,False,SOFT,1.0,True,Williams,0 days 00:16:05.091000,2019-07-13 13:01:05.101,1,,False,,False,False
0 days 00:19:18.588000,KUB,88,0 days 00:01:29.521000,2.0,1.0,,,0 days 00:00:28.571000,0 days 00:00:36.653000,0 days 00:00:24.297000,0 days 00:18:17.638000,0 days 00:18:54.291000,0 days 00:19:18.588000,311.0,263.0,251.0,322.0,True,SOFT,2.0,True,Williams,0 days 00:17:49.067000,2019-07-13 13:02:49.077,1,,False,,False,True
0 days 00:21:15.768000,KUB,88,0 days 00:01:57.180000,3.0,1.0,,,0 days 00:00:34.038000,0 days 00:00:44.031000,0 days 00:00:39.111000,0 days 00:19:52.626000,0 days 00:20:36.657000,0 days 00:21:15.768000,256.0,233.0,254.0,225.0,False,SOFT,3.0,True,Williams,0 days 00:19:18.588000,2019-07-13 13:04:18.598,1,,False,,False,True
0 days 00:22:44.025000,KUB,88,0 days 00:01:28.257000,4.0,1.0,,,0 days 00:00:28.268000,0 days 00:00:35.993000,0 days 00:00:23.996000,0 days 00:21:44.036000,0 days 00:22:20.029000,0 days 00:22:44.025000,312.0,263.0,253.0,327.0,True,SOFT,4.0,True,Williams,0 days 00:21:15.768000,2019-07-13 13:06:15.778,1,,False,,False,True
0 days 00:24:26.884000,KUB,88,0 days 00:01:42.859000,5.0,1.0,,0 days 00:24:21.045000,0 days 00:00:32.693000,0 days 00:00:42.522000,0 days 00:00:27.644000,0 days 00:23:16.718000,0 days 00:23:59.240000,0 days 00:24:26.884000,269.0,241.0,,302.0,False,SOFT,5.0,True,Williams,0 days 00:22:44.025000,2019-07-13 13:07:44.035,1,,False,,False,False
0 days 00:28:54,KUB,88,,6.0,2.0,0 days 00:27:06.560000,,,0 days 00:00:39.805000,0 days 00:00:36.718000,,0 days 00:28:17.291000,0 days 00:28:54.278000,295.0,246.0,254.0,295.0,False,SOFT,1.0,True,Williams,0 days 00:24:26.884000,2019-07-13 13:09:26.894,1,,False,,False,False
0 days 00:30:23.252000,KUB,88,0 days 00:01:29.252000,7.0,2.0,,,0 days 00:00:28.356000,0 days 00:00:36.565000,0 days 00:00:24.331000,0 days 00:29:22.356000,0 days 00:29:58.921000,0 days 00:30:23.252000,310.0,266.0,254.0,325.0,False,SOFT,2.0,True,Williams,0 days 00:28:54,2019-07-13 13:13:54.010,1,,False,,False,True
0 days 00:32:13.754000,KUB,88,0 days 00:01:50.502000,8.0,2.0,,,0 days 00:00:31.991000,0 days 00:00:42.343000,0 days 00:00:36.168000,0 days 00:30:55.243000,0 days 00:31:37.586000,0 days 00:32:13.754000,286.0,242.0,251.0,290.0,False,SOFT,3.0,True,Williams,0 days 00:30:23.252000,2019-07-13 13:15:23.262,1,,False,,False,True
0 days 00:33:42.069000,KUB,88,0 days 00:01:28.315000,9.0,2.0,,,0 days 00:00:28.279000,0 days 00:00:35.894000,0 days 00:00:24.142000,0 days 00:32:42.033000,0 days 00:33:17.927000,0 days 00:33:42.069000,310.0,267.0,252.0,328.0,False,SOFT,4.0,True,Williams,0 days 00:32:13.754000,2019-07-13 13:17:13.764,1,,False,,False,True
0 days 00:35:32.482000,KUB,88,0 days 00:01:50.413000,10.0,2.0,,0 days 00:35:25.401000,0 days 00:00:34.692000,0 days 00:00:44.858000,0 days 00:00:30.863000,0 days 00:34:16.761000,0 days 00:35:01.619000,0 days 00:35:32.482000,230.0,237.0,,176.0,False,SOFT,5.0,True,Williams,0 days 00:33:42.069000,2019-07-13 13:18:42.079,1,,False,,False,False
