Time,Driver,DriverNumber,LapTime,LapNumber,Stint,PitOutTime,PitInTime,Sector1Time,Sector2Time,Sector3Time,Sector1SessionTime,Sector2SessionTime,Sector3SessionTime,SpeedI1,SpeedI2,SpeedFL,SpeedST,IsPersonalBest,Compound,TyreLife,FreshTyre,Team,LapStartTime,LapStartDate,TrackStatus,Position,Deleted,DeletedReason,FastF1Generated,IsAccurate
0 days 00:17:12.953000,HAM,44,0 days 00:01:41.543000,1.0,1.0,0 days 00:15:33.763000,,0 days 00:00:32.451000,0 days 00:00:41.381000,0 days 00:00:27.711000,0 days 00:16:03.996000,0 days 00:16:45.398000,0 days 00:17:13.135000,149.0,183.0,265.0,274.0,False,SOFT,1.0,True,Mercedes,0 days 00:15:33.763000,2019-05-25 13:00:34.398,1,,False,,False,False
0 days 00:18:26.135000,HAM,44,0 days 00:01:13.182000,2.0,1.0,,,0 days 00:00:19.492000,0 days 00:00:34.326000,0 days 00:00:19.364000,0 days 00:17:32.445000,0 days 00:18:06.771000,0 days 00:18:26.135000,218.0,199.0,268.0,279.0,True,SOFT,2.0,True,Mercedes,0 days 00:17:12.953000,2019-05-25 13:02:13.588,1,,False,,False,True
0 days 00:19:57.574000,HAM,44,0 days 00:01:31.439000,3.0,1.0,,,0 days 00:00:22.931000,0 days 00:00:42.231000,0 days 00:00:26.277000,0 days 00:18:49.066000,0 days 00:19:31.297000,0 days 00:19:57.574000,156.0,157.0,268.0,252.0,False,SOFT,3.0,True,Mercedes,0 days 00:18:26.135000,2019-05-25 13:03:26.770,1,,False,,False,True
0 days 00:21:09.673000,HAM,44,0 days 00:01:12.099000,4.0,1.0,,,0 days 00:00:19.031000,0 days 00:00:33.859000,0 days 00:00:19.209000,0 days 00:20:16.605000,0 days 00:20:50.464000,0 days 00:21:09.673000,223.0,202.0,269.0,282.0,True,SOFT,4.0,True,Mercedes,0 days 00:19:57.574000,2019-05-25 13:04:58.209,1,,False,,False,True
0 days 00:22:42.564000,HAM,44,0 days 00:01:32.891000,5.0,1.0,,,0 days 00:00:21.596000,0 days 00:00:41.361000,0 days 00:00:29.934000,0 days 00:21:31.269000,0 days 00:22:12.630000,0 days 00:22:42.564000,178.0,176.0,269.0,233.0,False,SOFT,5.0,True,Mercedes,0 days 00:21:09.673000,2019-05-25 13:06:10.308,1,,False,,False,True
0 days 00:24:02.119000,HAM,44,0 days 00:01:19.555000,6.0,1.0,,,0 days 00:00:18.809000,0 days 00:00:35.449000,0 days 00:00:25.297000,0 days 00:23:01.373000,0 days 00:23:36.822000,0 days 00:24:02.119000,222.0,163.0,216.0,283.0,False,SOFT,6.0,True,Mercedes,0 days 00:22:42.564000,2019-05-25 13:07:43.199,1,,False,,False,True
0 days 00:25:34.901000,HAM,44,0 days 00:01:32.782000,7.0,1.0,,,0 days 00:00:24.905000,0 days 00:00:43.868000,0 days 00:00:24.009000,0 days 00:24:27.024000,0 days 00:25:10.892000,0 days 00:25:34.901000,150.0,156.0,268.0,167.0,False,SOFT,7.0,True,Mercedes,0 days 00:24:02.119000,2019-05-25 13:09:02.754,1,,False,,False,True
0 days 00:26:46.550000,HAM,44,0 days 00:01:11.649000,8.0,1.0,,,0 days 00:00:18.875000,0 days 00:00:33.796000,0 days 00:00:18.978000,0 days 00:25:53.776000,0 days 00:26:27.572000,0 days 00:26:46.550000,224.0,205.0,267.0,278.0,True,SOFT,8.0,True,Mercedes,0 days 00:25:34.901000,2019-05-25 13:10:35.536,1,,False,,False,True
0 days 00:28:20.637000,HAM,44,0 days 00:01:34.087000,9.0,1.0,,,0 days 00:00:23.650000,0 days 00:00:46.810000,0 days 00:00:23.627000,0 days 00:27:10.200000,0 days 00:27:57.010000,0 days 00:28:20.637000,153.0,150.0,251.0,177.0,False,SOFT,9.0,True,Mercedes,0 days 00:26:46.550000,2019-05-25 13:11:47.185,1,,False,,False,True
0 days 00:29:48.451000,HAM,44,0 days 00:01:27.814000,10.0,1.0,,,0 days 00:00:23.132000,0 days 00:00:40.457000,0 days 00:00:24.225000,0 days 00:28:43.769000,0 days 00:29:24.226000,0 days 00:29:48.451000,147.0,184.0,272.0,247.0,False,SOFT,10.0,True,Mercedes,0 days 00:28:20.637000,2019-05-25 13:13:21.272,1,,False,,False,True
0 days 00:30:59.993000,HAM,44,0 days 00:01:11.542000,11.0,1.0,,,0 days 00:00:18.681000,0 days 00:00:33.904000,0 days 00:00:18.957000,0 days 00:30:07.132000,0 days 00:30:41.036000,0 days 00:30:59.993000,224.0,206.0,270.0,282.0,True,SOFT,11.0,True,Mercedes,0 days 00:29:48.451000,2019-05-25 13:14:49.086,1,,False,,False,True
0 days 00:40:01.143000,HAM,44,,12.0,1.0,,0 days 00:32:26.278000,0 days 00:00:27.334000,0 days 00:00:39.956000,,0 days 00:31:27.435000,0 days 00:32:07.402000,,127.0,172.0,,258.0,False,SOFT,12.0,True,Mercedes,0 days 00:30:59.993000,2019-05-25 13:16:00.628,12,,False,,False,False
0 days 00:41:29.411000,HAM,44,0 days 00:01:28.268000,13.0,2.0,0 days 00:40:02.515000,,0 days 00:00:24.723000,0 days 00:00:39.541000,0 days 00:00:24.004000,0 days 00:40:25.866000,0 days 00:41:05.407000,0 days 00:41:29.411000,167.0,192.0,268.0,268.0,False,SOFT,1.0,True,Mercedes,0 days 00:40:01.143000,2019-05-25 13:25:01.778,1,,False,,False,False
0 days 00:42:40.535000,HAM,44,0 days 00:01:11.124000,14.0,2.0,,,0 days 00:00:18.762000,0 days 00:00:33.508000,0 days 00:00:18.854000,0 days 00:41:48.173000,0 days 00:42:21.681000,0 days 00:42:40.535000,224.0,204.0,272.0,282.0,True,SOFT,2.0,True,Mercedes,0 days 00:41:29.411000,2019-05-25 13:26:30.046,1,,False,,False,True
0 days 00:44:07.567000,HAM,44,0 days 00:01:27.032000,15.0,2.0,,,0 days 00:00:23.298000,0 days 00:00:39.510000,0 days 00:00:24.224000,0 days 00:43:03.833000,0 days 00:43:43.343000,0 days 00:44:07.567000,173.0,172.0,270.0,255.0,False,SOFT,3.0,True,Mercedes,0 days 00:42:40.535000,2019-05-25 13:27:41.170,1,,False,,False,True
0 days 00:45:18.402000,HAM,44,0 days 00:01:10.835000,16.0,2.0,,,0 days 00:00:18.524000,0 days 00:00:33.336000,0 days 00:00:18.975000,0 days 00:44:26.091000,0 days 00:44:59.427000,0 days 00:45:18.402000,227.0,204.0,274.0,283.0,True,SOFT,4.0,True,Mercedes,0 days 00:44:07.567000,2019-05-25 13:29:08.202,1,,False,,False,True
0 days 00:49:54.952000,HAM,44,,17.0,2.0,,0 days 00:46:35.259000,0 days 00:00:22.753000,0 days 00:00:38.602000,,0 days 00:45:41.189000,0 days 00:46:19.846000,,170.0,169.0,,223.0,False,SOFT,5.0,True,Mercedes,0 days 00:45:18.402000,2019-05-25 13:30:19.037,1,,False,,False,False
0 days 00:51:23.086000,HAM,44,0 days 00:01:28.134000,18.0,3.0,0 days 00:49:55.578000,,0 days 00:00:24.151000,0 days 00:00:38.673000,0 days 00:00:25.310000,0 days 00:50:19.103000,0 days 00:50:57.776000,0 days 00:51:23.086000,171.0,170.0,271.0,280.0,False,SOFT,1.0,True,Mercedes,0 days 00:49:54.952000,2019-05-25 13:34:55.587,1,,False,,False,False
0 days 00:52:38.704000,HAM,44,0 days 00:01:15.618000,19.0,3.0,,,0 days 00:00:18.606000,0 days 00:00:35.908000,0 days 00:00:21.104000,0 days 00:51:41.692000,0 days 00:52:17.600000,0 days 00:52:38.704000,226.0,181.0,271.0,253.0,False,SOFT,2.0,True,Mercedes,0 days 00:51:23.086000,2019-05-25 13:36:23.721,1,,False,,False,True
0 days 00:54:08.985000,HAM,44,0 days 00:01:30.281000,20.0,3.0,,,0 days 00:00:18.559000,0 days 00:00:39.723000,0 days 00:00:31.999000,0 days 00:52:57.263000,0 days 00:53:36.986000,0 days 00:54:08.985000,225.0,137.0,272.0,223.0,False,SOFT,3.0,True,Mercedes,0 days 00:52:38.704000,2019-05-25 13:37:39.339,1,,False,,False,True
0 days 01:04:17.459000,HAM,44,,21.0,3.0,,0 days 00:55:22.787000,0 days 00:00:18.625000,0 days 00:00:39.509000,,0 days 00:54:27.672000,0 days 00:55:07.171000,,223.0,163.0,,228.0,False,SOFT,4.0,True,Mercedes,0 days 00:54:08.985000,2019-05-25 13:39:09.620,12,,False,,False,False
0 days 01:05:51.463000,HAM,44,0 days 00:01:34.004000,22.0,4.0,0 days 01:04:18.052000,,0 days 00:00:27.425000,0 days 00:00:37.884000,0 days 00:00:28.695000,0 days 01:04:44.884000,0 days 01:05:22.768000,0 days 01:05:51.463000,88.0,186.0,235.0,277.0,False,SOFT,1.0,True,Mercedes,0 days 01:04:17.459000,2019-05-25 13:49:18.094,1,,False,,False,False
0 days 01:07:09.491000,HAM,44,0 days 00:01:18.028000,23.0,4.0,,,0 days 00:00:20.890000,0 days 00:00:36.101000,0 days 00:00:21.037000,0 days 01:06:12.353000,0 days 01:06:48.454000,0 days 01:07:09.491000,179.0,191.0,272.0,279.0,True,SOFT,2.0,True,Mercedes,0 days 01:05:51.463000,2019-05-25 13:50:52.098,1,,False,,False,True
0 days 01:08:19.974000,HAM,44,0 days 00:01:10.483000,24.0,4.0,,,0 days 00:00:18.501000,0 days 00:00:33.315000,0 days 00:00:18.667000,0 days 01:07:27.992000,0 days 01:08:01.307000,0 days 01:08:19.974000,229.0,211.0,272.0,284.0,True,SOFT,3.0,True,Mercedes,0 days 01:07:09.491000,2019-05-25 13:52:10.126,1,,False,,False,True
0 days 01:12:12.010000,HAM,44,,25.0,4.0,,0 days 01:09:31.689000,0 days 00:00:20.889000,0 days 00:00:36.563000,,0 days 01:08:40.818000,0 days 01:09:17.446000,,182.0,186.0,,255.0,False,SOFT,4.0,True,Mercedes,0 days 01:08:19.974000,2019-05-25 13:53:20.609,1,,False,,False,False
0 days 01:13:32.404000,HAM,44,0 days 00:01:20.394000,26.0,5.0,0 days 01:12:12.634000,,0 days 00:00:22.947000,0 days 00:00:36.781000,0 days 00:00:20.666000,0 days 01:12:34.957000,0 days 01:13:11.738000,0 days 01:13:32.404000,183.0,191.0,271.0,276.0,False,SOFT,1.0,True,Mercedes,0 days 01:12:12.010000,2019-05-25 13:57:12.645,1,,False,,False,False
0 days 01:14:42.570000,HAM,44,0 days 00:01:10.166000,27.0,5.0,,,0 days 00:00:18.280000,0 days 00:00:33.096000,0 days 00:00:18.790000,0 days 01:13:50.684000,0 days 01:14:23.780000,0 days 01:14:42.570000,227.0,211.0,273.0,283.0,True,SOFT,2.0,True,Mercedes,0 days 01:13:32.404000,2019-05-25 13:58:33.039,1,,False,,False,True
0 days 01:17:05.913000,HAM,44,,28.0,5.0,,0 days 01:17:05.913000,0 days 00:00:23.544000,0 days 00:00:41.581000,,0 days 01:15:06.324000,0 days 01:15:47.773000,,160.0,134.0,,232.0,False,SOFT,3.0,True,Mercedes,0 days 01:14:42.570000,2019-05-25 13:59:43.205,12,,False,,False,False
0 days 00:17:28.998000,BOT,77,0 days 00:01:47.431000,1.0,1.0,0 days 00:15:42.249000,,0 days 00:00:31.370000,0 days 00:00:40.764000,0 days 00:00:35.297000,0 days 00:16:12.966000,0 days 00:16:53.744000,0 days 00:17:29.109000,162.0,181.0,267.0,268.0,False,SOFT,1.0,True,Mercedes,0 days 00:15:42.249000,2019-05-25 13:00:42.884,1,,False,,False,False
0 days 00:18:41.965000,BOT,77,0 days 00:01:12.967000,2.0,1.0,,,0 days 00:00:19.532000,0 days 00:00:34.112000,0 days 00:00:19.323000,0 days 00:17:48.530000,0 days 00:18:22.642000,0 days 00:18:41.965000,217.0,199.0,268.0,281.0,True,SOFT,2.0,True,Mercedes,0 days 00:17:28.998000,2019-05-25 13:02:29.633,1,,False,,False,True
0 days 00:20:13.184000,BOT,77,0 days 00:01:31.219000,3.0,1.0,,,0 days 00:00:22.111000,0 days 00:00:47.480000,0 days 00:00:21.628000,0 days 00:19:04.076000,0 days 00:19:51.556000,0 days 00:20:13.184000,179.0,182.0,271.0,257.0,False,SOFT,3.0,True,Mercedes,0 days 00:18:41.965000,2019-05-25 13:03:42.600,1,,False,,False,True
0 days 00:21:33.928000,BOT,77,0 days 00:01:20.744000,4.0,1.0,,,0 days 00:00:19.268000,0 days 00:00:35.101000,0 days 00:00:26.375000,0 days 00:20:32.452000,0 days 00:21:07.553000,0 days 00:21:33.928000,219.0,175.0,267.0,283.0,False,SOFT,4.0,True,Mercedes,0 days 00:20:13.184000,2019-05-25 13:05:13.819,1,,False,,False,True
0 days 00:22:45.850000,BOT,77,0 days 00:01:11.922000,5.0,1.0,,,0 days 00:00:18.917000,0 days 00:00:33.781000,0 days 00:00:19.224000,0 days 00:21:52.845000,0 days 00:22:26.626000,0 days 00:22:45.850000,222.0,203.0,272.0,281.0,True,SOFT,5.0,True,Mercedes,0 days 00:21:33.928000,2019-05-25 13:06:34.563,1,,False,,False,True
0 days 00:24:15.575000,BOT,77,0 days 00:01:29.725000,6.0,1.0,,,0 days 00:00:25.850000,0 days 00:00:39.199000,0 days 00:00:24.676000,0 days 00:23:11.700000,0 days 00:23:50.899000,0 days 00:24:15.575000,73.0,170.0,270.0,258.0,False,SOFT,6.0,True,Mercedes,0 days 00:22:45.850000,2019-05-25 13:07:46.485,1,,False,,False,True
0 days 00:25:44.290000,BOT,77,0 days 00:01:28.715000,7.0,1.0,,,0 days 00:00:18.846000,0 days 00:00:42.239000,0 days 00:00:27.630000,0 days 00:24:34.421000,0 days 00:25:16.660000,0 days 00:25:44.290000,220.0,145.0,269.0,247.0,False,SOFT,7.0,True,Mercedes,0 days 00:24:15.575000,2019-05-25 13:09:16.210,1,,False,,False,True
0 days 00:26:55.852000,BOT,77,0 days 00:01:11.562000,8.0,1.0,,,0 days 00:00:18.841000,0 days 00:00:33.706000,0 days 00:00:19.015000,0 days 00:26:03.131000,0 days 00:26:36.837000,0 days 00:26:55.852000,221.0,206.0,269.0,279.0,True,SOFT,8.0,True,Mercedes,0 days 00:25:44.290000,2019-05-25 13:10:44.925,1,,False,,False,True
0 days 00:28:34.342000,BOT,77,0 days 00:01:38.490000,9.0,1.0,,,0 days 00:00:22.882000,0 days 00:00:45.292000,0 days 00:00:30.316000,0 days 00:27:18.734000,0 days 00:28:04.026000,0 days 00:28:34.342000,140.0,143.0,269.0,231.0,False,SOFT,9.0,True,Mercedes,0 days 00:26:55.852000,2019-05-25 13:11:56.487,1,,False,,False,True
0 days 00:29:46.433000,BOT,77,0 days 00:01:12.091000,10.0,1.0,,,0 days 00:00:18.912000,0 days 00:00:33.915000,0 days 00:00:19.264000,0 days 00:28:53.254000,0 days 00:29:27.169000,0 days 00:29:46.433000,220.0,204.0,269.0,283.0,False,SOFT,10.0,True,Mercedes,0 days 00:28:34.342000,2019-05-25 13:13:34.977,1,,False,,False,True
0 days 00:40:06.320000,BOT,77,,11.0,1.0,,0 days 00:31:07.779000,0 days 00:00:25.861000,0 days 00:00:39.741000,,0 days 00:30:12.305000,0 days 00:30:52.069000,,105.0,181.0,,268.0,False,SOFT,11.0,True,Mercedes,0 days 00:29:46.433000,2019-05-25 13:14:47.068,12,,False,,False,False
0 days 00:41:34.717000,BOT,77,0 days 00:01:28.397000,12.0,2.0,0 days 00:40:07.257000,,0 days 00:00:24.337000,0 days 00:00:36.078000,0 days 00:00:27.982000,0 days 00:40:30.657000,0 days 00:41:06.735000,0 days 00:41:34.717000,173.0,194.0,270.0,272.0,False,SOFT,1.0,True,Mercedes,0 days 00:40:06.320000,2019-05-25 13:25:06.955,1,,False,,False,False
0 days 00:42:45.418000,BOT,77,0 days 00:01:10.701000,13.0,2.0,,,0 days 00:00:18.582000,0 days 00:00:33.232000,0 days 00:00:18.887000,0 days 00:41:53.299000,0 days 00:42:26.531000,0 days 00:42:45.418000,225.0,204.0,272.0,283.0,True,SOFT,2.0,True,Mercedes,0 days 00:41:34.717000,2019-05-25 13:26:35.352,1,,False,,False,True
0 days 00:44:18.944000,BOT,77,0 days 00:01:33.526000,14.0,2.0,,,0 days 00:00:23.727000,0 days 00:00:45.054000,0 days 00:00:24.745000,0 days 00:43:09.145000,0 days 00:43:54.199000,0 days 00:44:18.944000,137.0,159.0,271.0,251.0,False,SOFT,3.0,True,Mercedes,0 days 00:42:45.418000,2019-05-25 13:27:46.053,1,,False,,False,True
0 days 00:45:29.680000,BOT,77,0 days 00:01:10.736000,15.0,2.0,,,0 days 00:00:18.665000,0 days 00:00:33.180000,0 days 00:00:18.891000,0 days 00:44:37.609000,0 days 00:45:10.789000,0 days 00:45:29.680000,224.0,208.0,270.0,281.0,False,SOFT,4.0,True,Mercedes,0 days 00:44:18.944000,2019-05-25 13:29:19.579,1,,False,,False,True
0 days 00:49:57.689000,BOT,77,,16.0,2.0,,0 days 00:46:48.675000,0 days 00:00:23.036000,0 days 00:00:39.757000,,0 days 00:45:52.718000,0 days 00:46:32.482000,,163.0,170.0,,250.0,False,SOFT,5.0,True,Mercedes,0 days 00:45:29.680000,2019-05-25 13:30:30.315,1,,False,,False,False
0 days 00:51:32.009000,BOT,77,0 days 00:01:34.320000,17.0,3.0,0 days 00:49:58.604000,,0 days 00:00:24.066000,0 days 00:00:37.752000,0 days 00:00:32.502000,0 days 00:50:21.755000,0 days 00:50:59.507000,0 days 00:51:32.009000,180.0,194.0,270.0,280.0,False,SOFT,1.0,True,Mercedes,0 days 00:49:57.689000,2019-05-25 13:34:58.324,1,,False,,False,False
0 days 00:52:50.584000,BOT,77,0 days 00:01:18.575000,18.0,3.0,,,0 days 00:00:20.130000,0 days 00:00:37.113000,0 days 00:00:21.332000,0 days 00:51:52.139000,0 days 00:52:29.252000,0 days 00:52:50.584000,184.0,175.0,272.0,262.0,False,SOFT,2.0,True,Mercedes,0 days 00:51:32.009000,2019-05-25 13:36:32.644,1,,False,,False,True
0 days 00:54:01.513000,BOT,77,0 days 00:01:10.929000,19.0,3.0,,,0 days 00:00:18.494000,0 days 00:00:33.488000,0 days 00:00:18.947000,0 days 00:53:09.078000,0 days 00:53:42.566000,0 days 00:54:01.513000,225.0,206.0,266.0,284.0,False,SOFT,3.0,True,Mercedes,0 days 00:52:50.584000,2019-05-25 13:37:51.219,1,,False,,False,True
0 days 01:03:01.187000,BOT,77,,20.0,3.0,,0 days 00:55:24.596000,0 days 00:00:21.566000,0 days 00:00:45.314000,,0 days 00:54:23.055000,0 days 00:55:08.435000,,114.0,173.0,,243.0,False,SOFT,4.0,True,Mercedes,0 days 00:54:01.513000,2019-05-25 13:39:02.148,12,,False,,False,False
0 days 01:04:22.251000,BOT,77,0 days 00:01:21.064000,21.0,4.0,0 days 01:03:02.502000,,0 days 00:00:23.979000,0 days 00:00:35.437000,0 days 00:00:21.648000,0 days 01:03:25.166000,0 days 01:04:00.603000,0 days 01:04:22.251000,181.0,191.0,270.0,273.0,False,SOFT,1.0,True,Mercedes,0 days 01:03:01.187000,2019-05-25 13:48:01.822,1,,False,,False,False
0 days 01:05:32.503000,BOT,77,0 days 00:01:10.252000,22.0,4.0,,,0 days 00:00:18.354000,0 days 00:00:33.026000,0 days 00:00:18.872000,0 days 01:04:40.605000,0 days 01:05:13.631000,0 days 01:05:32.503000,227.0,210.0,271.0,283.0,True,SOFT,2.0,True,Mercedes,0 days 01:04:22.251000,2019-05-25 13:49:22.886,1,,False,,False,True
0 days 01:06:59.259000,BOT,77,0 days 00:01:26.756000,23.0,4.0,,,0 days 00:00:22.832000,0 days 00:00:40.243000,0 days 00:00:23.681000,0 days 01:05:55.335000,0 days 01:06:35.578000,0 days 01:06:59.259000,169.0,170.0,272.0,254.0,False,SOFT,3.0,True,Mercedes,0 days 01:05:32.503000,2019-05-25 13:50:33.138,1,,False,,False,True
0 days 01:08:09.599000,BOT,77,0 days 00:01:10.340000,24.0,4.0,,,0 days 00:00:18.367000,0 days 00:00:33.288000,0 days 00:00:18.685000,0 days 01:07:17.626000,0 days 01:07:50.914000,0 days 01:08:09.599000,225.0,210.0,270.0,283.0,False,SOFT,4.0,True,Mercedes,0 days 01:06:59.259000,2019-05-25 13:51:59.894,1,,False,,False,True
0 days 01:12:19.410000,BOT,77,,25.0,4.0,,0 days 01:09:25.387000,0 days 00:00:21.687000,0 days 00:00:38.653000,,0 days 01:08:31.302000,0 days 01:09:09.943000,,179.0,176.0,,253.0,False,SOFT,5.0,True,Mercedes,0 days 01:08:09.599000,2019-05-25 13:53:10.234,1,,False,,False,False
0 days 01:13:49.042000,BOT,77,0 days 00:01:29.632000,26.0,5.0,0 days 01:12:20.106000,,0 days 00:00:24.950000,0 days 00:00:36.440000,0 days 00:00:28.242000,0 days 01:12:44.360000,0 days 01:13:20.800000,0 days 01:13:49.042000,184.0,195.0,273.0,277.0,False,SOFT,1.0,True,Mercedes,0 days 01:12:19.410000,2019-05-25 13:57:20.045,1,,False,,False,False
0 days 01:15:02.548000,BOT,77,,27.0,5.0,,0 days 01:15:02.548000,0 days 00:00:18.414000,0 days 00:00:35.706000,,0 days 01:14:07.465000,0 days 01:14:43.173000,,227.0,175.0,,284.0,False,SOFT,2.0,True,Mercedes,0 days 01:13:49.042000,2019-05-25 13:58:49.677,1,,False,,False,False
0 days 00:19:30.842000,VER,33,0 days 00:01:35.768000,1.0,1.0,0 days 00:17:55.723000,,0 days 00:00:25.323000,0 days 00:00:39.799000,0 days 00:00:30.646000,0 days 00:18:20.495000,0 days 00:19:00.275000,0 days 00:19:30.976000,188.0,148.0,270.0,272.0,False,SOFT,1.0,True,Red Bull Racing,0 days 00:17:55.723000,2019-05-25 13:02:56.358,1,,False,,False,False
0 days 00:20:42.567000,VER,33,0 days 00:01:11.725000,2.0,1.0,,,0 days 00:00:18.888000,0 days 00:00:33.760000,0 days 00:00:19.077000,0 days 00:19:49.730000,0 days 00:20:23.490000,0 days 00:20:42.567000,222.0,198.0,273.0,284.0,True,SOFT,2.0,True,Red Bull Racing,0 days 00:19:30.842000,2019-05-25 13:04:31.477,1,,False,,False,True
0 days 00:22:18.735000,VER,33,0 days 00:01:36.168000,3.0,1.0,,,0 days 00:00:25.345000,0 days 00:00:44.739000,0 days 00:00:26.084000,0 days 00:21:07.912000,0 days 00:21:52.651000,0 days 00:22:18.735000,163.0,155.0,271.0,262.0,False,SOFT,3.0,True,Red Bull Racing,0 days 00:20:42.567000,2019-05-25 13:05:43.202,1,,False,,False,True
0 days 00:23:30.332000,VER,33,0 days 00:01:11.597000,4.0,1.0,,,0 days 00:00:18.816000,0 days 00:00:33.629000,0 days 00:00:19.152000,0 days 00:22:37.551000,0 days 00:23:11.180000,0 days 00:23:30.332000,221.0,202.0,274.0,284.0,True,SOFT,4.0,True,Red Bull Racing,0 days 00:22:18.735000,2019-05-25 13:07:19.370,1,,False,,False,True
0 days 00:40:51.492000,VER,33,,5.0,1.0,,0 days 00:24:48.934000,0 days 00:00:22.376000,0 days 00:00:40.424000,,0 days 00:23:52.805000,0 days 00:24:33.194000,,164.0,158.0,,245.0,False,SOFT,5.0,True,Red Bull Racing,0 days 00:23:30.332000,2019-05-25 13:08:30.967,12,,False,,False,False
0 days 00:42:26.297000,VER,33,0 days 00:01:34.805000,6.0,2.0,0 days 00:40:52.138000,,0 days 00:00:24.534000,0 days 00:00:38.412000,0 days 00:00:31.859000,0 days 00:41:16.026000,0 days 00:41:54.438000,0 days 00:42:26.297000,179.0,171.0,271.0,277.0,False,SOFT,1.0,True,Red Bull Racing,0 days 00:40:51.492000,2019-05-25 13:25:52.127,1,,False,,False,False
0 days 00:43:37.356000,VER,33,0 days 00:01:11.059000,7.0,2.0,,,0 days 00:00:18.706000,0 days 00:00:33.482000,0 days 00:00:18.871000,0 days 00:42:45.003000,0 days 00:43:18.485000,0 days 00:43:37.356000,224.0,203.0,273.0,284.0,True,SOFT,2.0,True,Red Bull Racing,0 days 00:42:26.297000,2019-05-25 13:27:26.932,1,,False,,False,True
0 days 00:45:13.087000,VER,33,0 days 00:01:35.731000,8.0,2.0,,,0 days 00:00:23.687000,0 days 00:00:40.750000,0 days 00:00:31.294000,0 days 00:44:01.043000,0 days 00:44:41.793000,0 days 00:45:13.087000,170.0,150.0,273.0,256.0,False,SOFT,3.0,True,Red Bull Racing,0 days 00:43:37.356000,2019-05-25 13:28:37.991,1,,False,,False,True
0 days 00:46:24.359000,VER,33,0 days 00:01:11.272000,9.0,2.0,,,0 days 00:00:18.676000,0 days 00:00:33.529000,0 days 00:00:19.067000,0 days 00:45:31.763000,0 days 00:46:05.292000,0 days 00:46:24.359000,225.0,206.0,273.0,284.0,False,SOFT,4.0,True,Red Bull Racing,0 days 00:45:13.087000,2019-05-25 13:30:13.722,1,,False,,False,True
0 days 00:50:38.649000,VER,33,,10.0,2.0,,0 days 00:47:40.763000,0 days 00:00:21.955000,0 days 00:00:39.034000,,0 days 00:46:46.413000,0 days 00:47:25.428000,,179.0,173.0,,242.0,False,SOFT,5.0,True,Red Bull Racing,0 days 00:46:24.359000,2019-05-25 13:31:24.994,1,,False,,False,False
0 days 00:52:01.038000,VER,33,0 days 00:01:22.389000,11.0,3.0,0 days 00:50:39.258000,,0 days 00:00:24.633000,0 days 00:00:37.184000,0 days 00:00:20.572000,0 days 00:51:03.282000,0 days 00:51:40.466000,0 days 00:52:01.038000,192.0,193.0,272.0,270.0,False,SOFT,1.0,True,Red Bull Racing,0 days 00:50:38.649000,2019-05-25 13:35:39.284,1,,False,,False,False
0 days 00:53:11.656000,VER,33,0 days 00:01:10.618000,12.0,3.0,,,0 days 00:00:18.511000,0 days 00:00:33.245000,0 days 00:00:18.862000,0 days 00:52:19.549000,0 days 00:52:52.794000,0 days 00:53:11.656000,226.0,207.0,273.0,283.0,True,SOFT,2.0,True,Red Bull Racing,0 days 00:52:01.038000,2019-05-25 13:37:01.673,1,,False,,False,True
0 days 01:03:57.542000,VER,33,,13.0,3.0,,0 days 00:54:32.789000,0 days 00:00:23.905000,0 days 00:00:41.116000,,0 days 00:53:35.600000,0 days 00:54:16.705000,,154.0,164.0,,224.0,False,SOFT,3.0,True,Red Bull Racing,0 days 00:53:11.656000,2019-05-25 13:38:12.291,12,,False,,False,False
0 days 01:05:21.558000,VER,33,0 days 00:01:24.016000,14.0,4.0,0 days 01:03:58.162000,,0 days 00:00:24.929000,0 days 00:00:37.382000,0 days 00:00:21.705000,0 days 01:04:22.471000,0 days 01:04:59.853000,0 days 01:05:21.558000,189.0,179.0,272.0,270.0,False,SOFT,1.0,True,Red Bull Racing,0 days 01:03:57.542000,2019-05-25 13:48:58.177,1,,False,,False,False
0 days 01:06:32.199000,VER,33,0 days 00:01:10.641000,15.0,4.0,,,0 days 00:00:18.612000,0 days 00:00:33.240000,0 days 00:00:18.789000,0 days 01:05:40.170000,0 days 01:06:13.410000,0 days 01:06:32.199000,226.0,206.0,271.0,281.0,True,SOFT,2.0,True,Red Bull Racing,0 days 01:05:21.558000,2019-05-25 13:50:22.193,1,,False,,False,True
0 days 01:12:14.067000,VER,33,,16.0,4.0,,0 days 01:07:43.660000,0 days 00:00:20.885000,0 days 00:00:36.267000,,0 days 01:06:53.178000,0 days 01:07:29.417000,,186.0,191.0,,255.0,False,SOFT,3.0,True,Red Bull Racing,0 days 01:06:32.199000,2019-05-25 13:51:32.834,1,,False,,False,False
0 days 01:13:43.019000,VER,33,0 days 00:01:28.952000,17.0,5.0,0 days 01:12:14.709000,,0 days 00:00:23.971000,0 days 00:00:37.418000,0 days 00:00:27.563000,0 days 01:12:38.038000,0 days 01:13:15.456000,0 days 01:13:43.019000,194.0,183.0,273.0,268.0,False,SOFT,1.0,True,Red Bull Racing,0 days 01:12:14.067000,2019-05-25 13:57:14.702,1,,False,,False,False
0 days 01:14:56.319000,VER,33,0 days 00:01:13.300000,18.0,5.0,,,0 days 00:00:18.627000,0 days 00:00:33.411000,0 days 00:00:21.262000,0 days 01:14:01.646000,0 days 01:14:35.057000,0 days 01:14:56.319000,224.0,208.0,205.0,283.0,False,SOFT,2.0,True,Red Bull Racing,0 days 01:13:43.019000,2019-05-25 13:58:43.654,1,,False,,False,True
0 days 01:17:05.273000,VER,33,,19.0,5.0,,0 days 01:17:05.273000,0 days 00:00:28.335000,0 days 00:00:38.684000,,0 days 01:15:24.669000,0 days 01:16:03.388000,,166.0,165.0,,246.0,False,SOFT,3.0,True,Red Bull Racing,0 days 01:14:56.319000,2019-05-25 13:59:56.954,12,,False,,False,False
0 days 00:17:39.797000,VET,5,0 days 00:01:34.671000,1.0,1.0,0 days 00:16:05.743000,,0 days 00:00:25.473000,0 days 00:00:39.762000,0 days 00:00:29.436000,0 days 00:16:30.687000,0 days 00:17:10.405000,0 days 00:17:39.935000,176.0,180.0,274.0,268.0,False,SOFT,1.0,True,Ferrari,0 days 00:16:05.743000,2019-05-25 13:01:06.378,1,,False,,False,False
0 days 00:18:56.421000,VET,5,0 days 00:01:16.624000,2.0,1.0,,,0 days 00:00:19.989000,0 days 00:00:35.315000,0 days 00:00:21.320000,0 days 00:17:59.786000,0 days 00:18:35.101000,0 days 00:18:56.421000,203.0,195.0,277.0,288.0,True,SOFT,2.0,True,Ferrari,0 days 00:17:39.797000,2019-05-25 13:02:40.432,1,,False,,False,True
0 days 00:20:09.609000,VET,5,0 days 00:01:13.188000,3.0,1.0,,,0 days 00:00:19.101000,0 days 00:00:34.662000,0 days 00:00:19.425000,0 days 00:19:15.522000,0 days 00:19:50.184000,0 days 00:20:09.609000,220.0,203.0,278.0,290.0,True,SOFT,3.0,True,Ferrari,0 days 00:18:56.421000,2019-05-25 13:03:57.056,1,,False,,False,True
0 days 00:21:51.411000,VET,5,0 days 00:01:41.802000,4.0,1.0,,,0 days 00:00:22.753000,0 days 00:00:52.097000,0 days 00:00:26.952000,0 days 00:20:32.362000,0 days 00:21:24.459000,0 days 00:21:51.411000,111.0,155.0,231.0,240.0,False,SOFT,4.0,True,Ferrari,0 days 00:20:09.609000,2019-05-25 13:05:10.244,1,,False,,False,True
0 days 00:23:15.813000,VET,5,0 days 00:01:24.402000,5.0,1.0,,,0 days 00:00:24.796000,0 days 00:00:37.685000,0 days 00:00:21.921000,0 days 00:22:16.207000,0 days 00:22:53.892000,0 days 00:23:15.813000,185.0,187.0,276.0,256.0,False,SOFT,5.0,True,Ferrari,0 days 00:21:51.411000,2019-05-25 13:06:52.046,1,,False,,False,True
0 days 00:24:28.414000,VET,5,0 days 00:01:12.601000,6.0,1.0,,,0 days 00:00:18.907000,0 days 00:00:34.011000,0 days 00:00:19.683000,0 days 00:23:34.720000,0 days 00:24:08.731000,0 days 00:24:28.414000,222.0,207.0,276.0,289.0,True,SOFT,6.0,True,Ferrari,0 days 00:23:15.813000,2019-05-25 13:08:16.448,1,,False,,False,True
0 days 00:25:55.035000,VET,5,0 days 00:01:26.621000,7.0,1.0,,,0 days 00:00:22.594000,0 days 00:00:40.980000,0 days 00:00:23.047000,0 days 00:24:51.008000,0 days 00:25:31.988000,0 days 00:25:55.035000,165.0,157.0,275.0,241.0,False,SOFT,7.0,True,Ferrari,0 days 00:24:28.414000,2019-05-25 13:09:29.049,1,,False,,False,True
0 days 00:27:07.370000,VET,5,0 days 00:01:12.335000,8.0,1.0,,,0 days 00:00:18.946000,0 days 00:00:33.992000,0 days 00:00:19.397000,0 days 00:26:13.981000,0 days 00:26:47.973000,0 days 00:27:07.370000,224.0,204.0,275.0,288.0,True,SOFT,8.0,True,Ferrari,0 days 00:25:55.035000,2019-05-25 13:10:55.670,1,,False,,False,True
0 days 00:28:38.306000,VET,5,0 days 00:01:30.936000,9.0,1.0,,,0 days 00:00:24.833000,0 days 00:00:43.269000,0 days 00:00:22.834000,0 days 00:27:32.203000,0 days 00:28:15.472000,0 days 00:28:38.306000,63.0,153.0,277.0,242.0,False,SOFT,9.0,True,Ferrari,0 days 00:27:07.370000,2019-05-25 13:12:08.005,1,,False,,False,True
0 days 00:31:24.855000,VET,5,,10.0,1.0,,0 days 00:29:45.723000,0 days 00:00:18.766000,0 days 00:00:34.106000,,0 days 00:28:57.113000,0 days 00:29:31.231000,,225.0,209.0,,291.0,False,SOFT,10.0,True,Ferrari,0 days 00:28:38.306000,2019-05-25 13:13:38.941,1,,False,,False,False
0 days 00:32:46.821000,VET,5,0 days 00:01:21.966000,11.0,2.0,0 days 00:31:25.485000,,0 days 00:00:23.374000,0 days 00:00:36.255000,0 days 00:00:22.337000,0 days 00:31:48.229000,0 days 00:32:24.484000,0 days 00:32:46.821000,199.0,191.0,278.0,276.0,False,SOFT,1.0,True,Ferrari,0 days 00:31:24.855000,2019-05-25 13:16:25.490,1,,False,,False,False
0 days 00:33:58.255000,VET,5,0 days 00:01:11.434000,12.0,2.0,,,0 days 00:00:18.678000,0 days 00:00:33.622000,0 days 00:00:19.134000,0 days 00:33:05.499000,0 days 00:33:39.121000,0 days 00:33:58.255000,225.0,209.0,279.0,291.0,True,SOFT,2.0,True,Ferrari,0 days 00:32:46.821000,2019-05-25 13:17:47.456,1,,False,,False,True
0 days 00:40:45.310000,VET,5,,13.0,2.0,,0 days 00:35:16.521000,0 days 00:00:24.120000,0 days 00:00:38.955000,,0 days 00:34:22.389000,0 days 00:35:01.357000,,160.0,178.0,,255.0,False,SOFT,3.0,True,Ferrari,0 days 00:33:58.255000,2019-05-25 13:18:58.890,12,,False,,False,False
0 days 00:42:17.069000,VET,5,0 days 00:01:31.759000,14.0,3.0,0 days 00:40:45.914000,,0 days 00:00:24.749000,0 days 00:00:38.561000,0 days 00:00:28.449000,0 days 00:41:10.059000,0 days 00:41:48.620000,0 days 00:42:17.069000,188.0,180.0,277.0,274.0,False,SOFT,2.0,False,Ferrari,0 days 00:40:45.310000,2019-05-25 13:25:45.945,1,,False,,False,False
0 days 00:43:28.991000,VET,5,0 days 00:01:11.922000,15.0,3.0,,,0 days 00:00:18.885000,0 days 00:00:33.687000,0 days 00:00:19.350000,0 days 00:42:35.954000,0 days 00:43:09.641000,0 days 00:43:28.991000,226.0,206.0,279.0,291.0,True,SOFT,3.0,False,Ferrari,0 days 00:42:17.069000,2019-05-25 13:27:17.704,1,,False,,False,True
0 days 00:45:05.731000,VET,5,0 days 00:01:36.740000,16.0,3.0,,,0 days 00:00:22.546000,0 days 00:00:43.971000,0 days 00:00:30.223000,0 days 00:43:51.537000,0 days 00:44:35.508000,0 days 00:45:05.731000,162.0,179.0,277.0,256.0,False,SOFT,4.0,False,Ferrari,0 days 00:43:28.991000,2019-05-25 13:28:29.626,1,,False,,False,True
0 days 00:46:17.682000,VET,5,0 days 00:01:11.951000,17.0,3.0,,,0 days 00:00:18.719000,0 days 00:00:33.811000,0 days 00:00:19.421000,0 days 00:45:24.450000,0 days 00:45:58.261000,0 days 00:46:17.682000,224.0,209.0,276.0,291.0,False,SOFT,5.0,False,Ferrari,0 days 00:45:05.731000,2019-05-25 13:30:06.366,1,,False,,False,True
0 days 00:49:36.433000,VET,5,,18.0,3.0,,0 days 00:47:33.868000,0 days 00:00:21.807000,0 days 00:00:38.895000,,0 days 00:46:39.502000,0 days 00:47:18.393000,,188.0,174.0,,256.0,False,SOFT,6.0,False,Ferrari,0 days 00:46:17.682000,2019-05-25 13:31:18.317,1,,False,,False,False
0 days 00:51:03.551000,VET,5,0 days 00:01:27.118000,19.0,4.0,0 days 00:49:37.061000,,0 days 00:00:25.062000,0 days 00:00:36.919000,0 days 00:00:25.137000,0 days 00:50:01.495000,0 days 00:50:38.414000,0 days 00:51:03.551000,192.0,188.0,279.0,277.0,False,SOFT,1.0,True,Ferrari,0 days 00:49:36.433000,2019-05-25 13:34:37.068,1,,False,,False,False
0 days 00:52:14.778000,VET,5,0 days 00:01:11.227000,20.0,4.0,,,0 days 00:00:18.607000,0 days 00:00:33.640000,0 days 00:00:18.980000,0 days 00:51:22.158000,0 days 00:51:55.798000,0 days 00:52:14.778000,226.0,208.0,278.0,290.0,True,SOFT,2.0,True,Ferrari,0 days 00:51:03.551000,2019-05-25 13:36:04.186,1,,False,,False,True
0 days 01:03:03.627000,VET,5,,21.0,4.0,,0 days 00:53:34.118000,0 days 00:00:21.597000,0 days 00:00:42.659000,,0 days 00:52:36.382000,0 days 00:53:19.032000,,194.0,175.0,,251.0,False,SOFT,3.0,True,Ferrari,0 days 00:52:14.778000,2019-05-25 13:37:15.413,12,,False,,False,False
0 days 01:04:26.461000,VET,5,0 days 00:01:22.834000,22.0,5.0,0 days 01:03:04.186000,,0 days 00:00:23.264000,0 days 00:00:35.363000,0 days 00:00:24.207000,0 days 01:03:26.891000,0 days 01:04:02.254000,0 days 01:04:26.461000,202.0,198.0,277.0,274.0,False,SOFT,1.0,True,Ferrari,0 days 01:03:03.627000,2019-05-25 13:48:04.262,1,,False,,False,False
0 days 01:05:37.408000,VET,5,0 days 00:01:10.947000,23.0,5.0,,,0 days 00:00:18.531000,0 days 00:00:33.444000,0 days 00:00:18.972000,0 days 01:04:44.992000,0 days 01:05:18.436000,0 days 01:05:37.408000,227.0,208.0,278.0,289.0,True,SOFT,2.0,True,Ferrari,0 days 01:04:26.461000,2019-05-25 13:49:27.096,1,,False,,False,True
0 days 01:11:55.957000,VET,5,,24.0,5.0,,0 days 01:06:53.428000,0 days 00:00:21.892000,0 days 00:00:38.010000,,0 days 01:05:59.296000,0 days 01:06:37.282000,,190.0,179.0,,255.0,False,SOFT,3.0,True,Ferrari,0 days 01:05:37.408000,2019-05-25 13:50:38.043,1,,False,,False,False
0 days 01:13:14.735000,VET,5,0 days 00:01:18.778000,25.0,6.0,0 days 01:11:56.566000,,0 days 00:00:23.104000,0 days 00:00:35.536000,0 days 00:00:20.138000,0 days 01:12:19.061000,0 days 01:12:54.597000,0 days 01:13:14.735000,195.0,197.0,277.0,271.0,False,SOFT,1.0,True,Ferrari,0 days 01:11:55.957000,2019-05-25 13:56:56.592,1,,False,,False,False
0 days 01:14:26.271000,VET,5,0 days 00:01:11.536000,26.0,6.0,,,0 days 00:00:18.466000,0 days 00:00:33.753000,0 days 00:00:19.317000,0 days 01:13:33.201000,0 days 01:14:06.954000,0 days 01:14:26.271000,228.0,151.0,276.0,288.0,False,SOFT,2.0,True,Ferrari,0 days 01:13:14.735000,2019-05-25 13:58:15.370,1,,False,,False,True
0 days 01:15:44.934000,VET,5,,27.0,6.0,,0 days 01:15:44.934000,0 days 00:00:24.893000,0 days 00:00:38.326000,,0 days 01:14:51.176000,0 days 01:15:29.505000,,161.0,182.0,,256.0,False,SOFT,3.0,True,Ferrari,0 days 01:14:26.271000,2019-05-25 13:59:26.906,1,,False,,False,False
0 days 00:19:26.904000,GAS,10,0 days 00:01:35.742000,1.0,1.0,0 days 00:17:51.807000,,0 days 00:00:27.603000,0 days 00:00:39.713000,0 days 00:00:28.426000,0 days 00:18:18.842000,0 days 00:18:58.544000,0 days 00:19:27.014000,172.0,172.0,269.0,273.0,False,SOFT,1.0,True,Red Bull Racing,0 days 00:17:51.807000,2019-05-25 13:02:52.442,1,,False,,False,False
0 days 00:20:39.551000,GAS,10,0 days 00:01:12.647000,2.0,1.0,,,0 days 00:00:19.251000,0 days 00:00:33.923000,0 days 00:00:19.473000,0 days 00:19:46.155000,0 days 00:20:20.078000,0 days 00:20:39.551000,221.0,196.0,271.0,282.0,True,SOFT,2.0,True,Red Bull Racing,0 days 00:19:26.904000,2019-05-25 13:04:27.539,1,,False,,False,True
0 days 00:22:14.768000,GAS,10,0 days 00:01:35.217000,3.0,1.0,,,0 days 00:00:26.915000,0 days 00:00:40.843000,0 days 00:00:27.459000,0 days 00:21:06.466000,0 days 00:21:47.309000,0 days 00:22:14.768000,173.0,175.0,270.0,257.0,False,SOFT,3.0,True,Red Bull Racing,0 days 00:20:39.551000,2019-05-25 13:05:40.186,1,,False,,False,True
0 days 00:23:26.653000,GAS,10,0 days 00:01:11.885000,4.0,1.0,,,0 days 00:00:19.061000,0 days 00:00:33.643000,0 days 00:00:19.181000,0 days 00:22:33.829000,0 days 00:23:07.472000,0 days 00:23:26.653000,220.0,201.0,272.0,283.0,True,SOFT,4.0,True,Red Bull Racing,0 days 00:22:14.768000,2019-05-25 13:07:15.403,1,,False,,False,True
0 days 00:24:54.667000,GAS,10,0 days 00:01:28.014000,5.0,1.0,,,0 days 00:00:25.349000,0 days 00:00:40.560000,0 days 00:00:22.105000,0 days 00:23:52.002000,0 days 00:24:32.562000,0 days 00:24:54.667000,142.0,172.0,269.0,257.0,False,SOFT,5.0,True,Red Bull Racing,0 days 00:23:26.653000,2019-05-25 13:08:27.288,1,,False,,False,True
0 days 00:26:06.407000,GAS,10,0 days 00:01:11.740000,6.0,1.0,,,0 days 00:00:19.029000,0 days 00:00:33.560000,0 days 00:00:19.151000,0 days 00:25:13.696000,0 days 00:25:47.256000,0 days 00:26:06.407000,224.0,202.0,271.0,280.0,True,SOFT,6.0,True,Red Bull Racing,0 days 00:24:54.667000,2019-05-25 13:09:55.302,1,,False,,False,True
0 days 00:40:41.396000,GAS,10,,7.0,1.0,,0 days 00:27:27.601000,0 days 00:00:23.479000,0 days 00:00:41.041000,,0 days 00:26:29.975000,0 days 00:27:10.971000,,172.0,153.0,,255.0,False,SOFT,7.0,True,Red Bull Racing,0 days 00:26:06.407000,2019-05-25 13:11:07.042,12,,False,,False,False
0 days 00:42:12.803000,GAS,10,0 days 00:01:31.407000,8.0,2.0,0 days 00:40:42.045000,,0 days 00:00:25.382000,0 days 00:00:41.143000,0 days 00:00:24.882000,0 days 00:41:06.778000,0 days 00:41:47.921000,0 days 00:42:12.803000,177.0,171.0,273.0,272.0,False,SOFT,1.0,True,Red Bull Racing,0 days 00:40:41.396000,2019-05-25 13:25:42.031,1,,False,,False,False
0 days 00:43:24.610000,GAS,10,0 days 00:01:11.807000,9.0,2.0,,,0 days 00:00:18.956000,0 days 00:00:33.740000,0 days 00:00:19.111000,0 days 00:42:31.759000,0 days 00:43:05.499000,0 days 00:43:24.610000,222.0,203.0,273.0,283.0,True,SOFT,2.0,True,Red Bull Racing,0 days 00:42:12.803000,2019-05-25 13:27:13.438,1,,False,,False,True
0 days 00:45:01.802000,GAS,10,0 days 00:01:37.192000,10.0,2.0,,,0 days 00:00:26.443000,0 days 00:00:39.783000,0 days 00:00:30.966000,0 days 00:43:51.053000,0 days 00:44:30.836000,0 days 00:45:01.802000,176.0,171.0,271.0,261.0,False,SOFT,3.0,True,Red Bull Racing,0 days 00:43:24.610000,2019-05-25 13:28:25.245,1,,False,,False,True
0 days 00:46:13.650000,GAS,10,0 days 00:01:11.848000,11.0,2.0,,,0 days 00:00:18.830000,0 days 00:00:33.570000,0 days 00:00:19.448000,0 days 00:45:20.632000,0 days 00:45:54.202000,0 days 00:46:13.650000,225.0,205.0,271.0,284.0,False,SOFT,4.0,True,Red Bull Racing,0 days 00:45:01.802000,2019-05-25 13:30:02.437,1,,False,,False,True
0 days 00:50:27.809000,GAS,10,,12.0,2.0,,0 days 00:47:30.826000,0 days 00:00:22.711000,0 days 00:00:37.744000,,0 days 00:46:36.491000,0 days 00:47:14.181000,,190.0,168.0,,259.0,False,SOFT,5.0,True,Red Bull Racing,0 days 00:46:13.650000,2019-05-25 13:31:14.285,1,,False,,False,False
0 days 00:51:49.803000,GAS,10,0 days 00:01:21.994000,13.0,3.0,0 days 00:50:28.494000,,0 days 00:00:24.163000,0 days 00:00:36.622000,0 days 00:00:21.209000,0 days 00:50:51.972000,0 days 00:51:28.594000,0 days 00:51:49.803000,200.0,188.0,272.0,269.0,False,SOFT,1.0,True,Red Bull Racing,0 days 00:50:27.809000,2019-05-25 13:35:28.444,1,,False,,False,False
0 days 00:53:01.260000,GAS,10,0 days 00:01:11.457000,14.0,3.0,,,0 days 00:00:18.743000,0 days 00:00:33.610000,0 days 00:00:19.104000,0 days 00:52:08.546000,0 days 00:52:42.156000,0 days 00:53:01.260000,224.0,203.0,271.0,283.0,True,SOFT,2.0,True,Red Bull Racing,0 days 00:51:49.803000,2019-05-25 13:36:50.438,1,,False,,False,True
0 days 00:54:39.178000,GAS,10,0 days 00:01:37.918000,15.0,3.0,,,0 days 00:00:24.720000,0 days 00:00:47.848000,0 days 00:00:25.350000,0 days 00:53:25.980000,0 days 00:54:13.828000,0 days 00:54:39.178000,124.0,139.0,272.0,225.0,False,SOFT,3.0,True,Red Bull Racing,0 days 00:53:01.260000,2019-05-25 13:38:01.895,1,,False,,False,True
0 days 01:03:29.779000,GAS,10,,16.0,3.0,,0 days 00:55:57.060000,0 days 00:00:18.968000,0 days 00:00:40.242000,,0 days 00:54:58.186000,0 days 00:55:38.465000,,225.0,145.0,,256.0,False,SOFT,4.0,True,Red Bull Racing,0 days 00:54:39.178000,2019-05-25 13:39:39.813,12,,False,,False,False
0 days 01:04:53.264000,GAS,10,0 days 00:01:23.485000,17.0,4.0,0 days 01:03:30.441000,,0 days 00:00:24.411000,0 days 00:00:37.675000,0 days 00:00:21.399000,0 days 01:03:54.190000,0 days 01:04:31.865000,0 days 01:04:53.264000,194.0,185.0,271.0,270.0,False,SOFT,1.0,True,Red Bull Racing,0 days 01:03:29.779000,2019-05-25 13:48:30.414,1,,False,,False,False
0 days 01:06:04.383000,GAS,10,0 days 00:01:11.119000,18.0,4.0,,,0 days 00:00:18.658000,0 days 00:00:33.446000,0 days 00:00:19.015000,0 days 01:05:11.922000,0 days 01:05:45.368000,0 days 01:06:04.383000,225.0,205.0,272.0,282.0,True,SOFT,2.0,True,Red Bull Racing,0 days 01:04:53.264000,2019-05-25 13:49:53.899,1,,False,,False,True
0 days 01:07:32.712000,GAS,10,0 days 00:01:28.329000,19.0,4.0,,,0 days 00:00:24.486000,0 days 00:00:40.323000,0 days 00:00:23.520000,0 days 01:06:28.869000,0 days 01:07:09.192000,0 days 01:07:32.712000,169.0,160.0,270.0,257.0,False,SOFT,3.0,True,Red Bull Racing,0 days 01:06:04.383000,2019-05-25 13:51:05.018,1,,False,,False,True
0 days 01:08:43.753000,GAS,10,0 days 00:01:11.041000,20.0,4.0,,,0 days 00:00:18.779000,0 days 00:00:33.370000,0 days 00:00:18.892000,0 days 01:07:51.491000,0 days 01:08:24.861000,0 days 01:08:43.753000,224.0,204.0,270.0,280.0,True,SOFT,4.0,True,Red Bull Racing,0 days 01:07:32.712000,2019-05-25 13:52:33.347,1,,False,,False,True
0 days 01:12:28.513000,GAS,10,,21.0,4.0,,0 days 01:10:01.750000,0 days 00:00:23.333000,0 days 00:00:39.357000,,0 days 01:09:07.104000,0 days 01:09:46.494000,,177.0,177.0,,255.0,False,SOFT,5.0,True,Red Bull Racing,0 days 01:08:43.753000,2019-05-25 13:53:44.388,1,,False,,False,False
0 days 01:13:59.390000,GAS,10,0 days 00:01:30.877000,22.0,5.0,0 days 01:12:29.154000,,0 days 00:00:24.088000,0 days 00:00:37.945000,0 days 00:00:28.844000,0 days 01:12:52.601000,0 days 01:13:30.546000,0 days 01:13:59.390000,198.0,174.0,272.0,271.0,False,SOFT,1.0,True,Red Bull Racing,0 days 01:12:28.513000,2019-05-25 13:57:29.148,1,,False,,False,False
0 days 01:15:10.744000,GAS,10,0 days 00:01:11.354000,23.0,5.0,,,0 days 00:00:18.708000,0 days 00:00:33.514000,0 days 00:00:19.132000,0 days 01:14:18.098000,0 days 01:14:51.612000,0 days 01:15:10.744000,225.0,201.0,270.0,283.0,False,SOFT,2.0,True,Red Bull Racing,0 days 01:13:59.390000,2019-05-25 13:59:00.025,1,,False,,False,True
0 days 01:16:36.491000,GAS,10,,24.0,5.0,,0 days 01:16:36.491000,0 days 00:00:24.110000,0 days 00:00:44.530000,,0 days 01:15:34.950000,0 days 01:16:19.488000,,175.0,157.0,,226.0,False,SOFT,3.0,True,Red Bull Racing,0 days 01:15:10.744000,2019-05-25 14:00:11.379,12,,False,,False,False
0 days 00:16:59.975000,MAG,20,0 days 00:01:37.364000,1.0,1.0,0 days 00:15:23.935000,,0 days 00:00:26.668000,0 days 00:00:38.445000,0 days 00:00:32.251000,0 days 00:15:49.316000,0 days 00:16:27.754000,0 days 00:17:00.093000,183.0,169.0,272.0,272.0,False,SOFT,1.0,True,Haas F1 Team,0 days 00:15:23.935000,2019-05-25 13:00:24.570,1,,False,,False,False
0 days 00:18:12.844000,MAG,20,0 days 00:01:12.869000,2.0,1.0,,,0 days 00:00:19.327000,0 days 00:00:34.096000,0 days 00:00:19.446000,0 days 00:17:19.302000,0 days 00:17:53.398000,0 days 00:18:12.844000,214.0,199.0,272.0,272.0,True,SOFT,2.0,True,Haas F1 Team,0 days 00:16:59.975000,2019-05-25 13:02:00.610,1,,False,,False,True
0 days 00:19:52.550000,MAG,20,0 days 00:01:39.706000,3.0,1.0,,,0 days 00:00:24.719000,0 days 00:00:44.614000,0 days 00:00:30.373000,0 days 00:18:37.563000,0 days 00:19:22.177000,0 days 00:19:52.550000,155.0,137.0,272.0,252.0,False,SOFT,3.0,True,Haas F1 Team,0 days 00:18:12.844000,2019-05-25 13:03:13.479,1,,False,,False,True
0 days 00:21:04.859000,MAG,20,0 days 00:01:12.309000,4.0,1.0,,,0 days 00:00:19.113000,0 days 00:00:33.991000,0 days 00:00:19.205000,0 days 00:20:11.663000,0 days 00:20:45.654000,0 days 00:21:04.859000,221.0,207.0,274.0,287.0,True,SOFT,4.0,True,Haas F1 Team,0 days 00:19:52.550000,2019-05-25 13:04:53.185,1,,False,,False,True
0 days 00:22:45.536000,MAG,20,0 days 00:01:40.677000,5.0,1.0,,,0 days 00:00:24.192000,0 days 00:00:47.285000,0 days 00:00:29.200000,0 days 00:21:29.051000,0 days 00:22:16.336000,0 days 00:22:45.536000,141.0,153.0,265.0,230.0,False,SOFT,5.0,True,Haas F1 Team,0 days 00:21:04.859000,2019-05-25 13:06:05.494,1,,False,,False,True
0 days 00:23:57.401000,MAG,20,0 days 00:01:11.865000,6.0,1.0,,,0 days 00:00:19.033000,0 days 00:00:33.654000,0 days 00:00:19.178000,0 days 00:23:04.569000,0 days 00:23:38.223000,0 days 00:23:57.401000,221.0,209.0,272.0,286.0,True,SOFT,6.0,True,Haas F1 Team,0 days 00:22:45.536000,2019-05-25 13:07:46.171,1,,False,,False,True
0 days 00:40:26.185000,MAG,20,,7.0,1.0,,0 days 00:25:18.215000,0 days 00:00:26.715000,0 days 00:00:39.247000,,0 days 00:24:24.099000,0 days 00:25:03.379000,,71.0,178.0,,256.0,False,SOFT,7.0,True,Haas F1 Team,0 days 00:23:57.401000,2019-05-25 13:08:58.036,12,,False,,False,False
0 days 00:42:00.717000,MAG,20,0 days 00:01:34.532000,8.0,2.0,0 days 00:40:27.459000,,0 days 00:00:28.341000,0 days 00:00:39.545000,0 days 00:00:26.646000,0 days 00:40:54.526000,0 days 00:41:34.071000,0 days 00:42:00.717000,198.0,186.0,274.0,276.0,False,SOFT,1.0,True,Haas F1 Team,0 days 00:40:26.185000,2019-05-25 13:25:26.820,1,,False,,False,False
0 days 00:43:12.783000,MAG,20,0 days 00:01:12.066000,9.0,2.0,,,0 days 00:00:18.799000,0 days 00:00:34.039000,0 days 00:00:19.228000,0 days 00:42:19.516000,0 days 00:42:53.555000,0 days 00:43:12.783000,222.0,207.0,273.0,286.0,True,SOFT,2.0,True,Haas F1 Team,0 days 00:42:00.717000,2019-05-25 13:27:01.352,1,,False,,False,True
0 days 00:44:48.939000,MAG,20,0 days 00:01:36.156000,10.0,2.0,,,0 days 00:00:23.669000,0 days 00:00:44.435000,0 days 00:00:28.052000,0 days 00:43:36.452000,0 days 00:44:20.887000,0 days 00:44:48.939000,161.0,118.0,272.0,222.0,False,SOFT,3.0,True,Haas F1 Team,0 days 00:43:12.783000,2019-05-25 13:28:13.418,1,,False,,False,True
0 days 00:49:59.317000,MAG,20,,11.0,2.0,,0 days 00:45:58.318000,0 days 00:00:18.890000,0 days 00:00:35.715000,,0 days 00:45:07.837000,0 days 00:45:43.561000,,222.0,180.0,,284.0,False,SOFT,4.0,True,Haas F1 Team,0 days 00:44:48.939000,2019-05-25 13:29:49.574,1,,False,,False,False
0 days 00:51:28.145000,MAG,20,0 days 00:01:28.828000,12.0,3.0,0 days 00:50:00.398000,,0 days 00:00:24.446000,0 days 00:00:36.895000,0 days 00:00:27.487000,0 days 00:50:23.763000,0 days 00:51:00.658000,0 days 00:51:28.145000,196.0,175.0,273.0,270.0,False,SOFT,1.0,True,Haas F1 Team,0 days 00:49:59.317000,2019-05-25 13:34:59.952,1,,False,,False,False
0 days 00:52:39.940000,MAG,20,0 days 00:01:11.795000,13.0,3.0,,,0 days 00:00:18.941000,0 days 00:00:33.607000,0 days 00:00:19.247000,0 days 00:51:47.086000,0 days 00:52:20.693000,0 days 00:52:39.940000,222.0,208.0,275.0,285.0,True,SOFT,2.0,True,Haas F1 Team,0 days 00:51:28.145000,2019-05-25 13:36:28.780,1,,False,,False,True
0 days 00:54:21.587000,MAG,20,0 days 00:01:41.647000,14.0,3.0,,,0 days 00:00:26.113000,0 days 00:00:45.915000,0 days 00:00:29.619000,0 days 00:53:06.053000,0 days 00:53:51.968000,0 days 00:54:21.587000,131.0,146.0,271.0,230.0,False,SOFT,3.0,True,Haas F1 Team,0 days 00:52:39.940000,2019-05-25 13:37:40.575,1,,False,,False,True
0 days 00:55:32.950000,MAG,20,0 days 00:01:11.363000,15.0,3.0,,,0 days 00:00:18.696000,0 days 00:00:33.437000,0 days 00:00:19.230000,0 days 00:54:40.283000,0 days 00:55:13.720000,0 days 00:55:32.950000,222.0,211.0,269.0,284.0,True,SOFT,4.0,True,Haas F1 Team,0 days 00:54:21.587000,2019-05-25 13:39:22.222,1,,False,,False,True
0 days 01:03:32.653000,MAG,20,,16.0,3.0,,0 days 00:56:55.684000,0 days 00:00:24.843000,0 days 00:00:41.152000,,0 days 00:55:57.793000,0 days 00:56:38.961000,,128.0,169.0,,249.0,False,SOFT,5.0,True,Haas F1 Team,0 days 00:55:32.950000,2019-05-25 13:40:33.585,12,,False,,False,False
0 days 01:04:58.128000,MAG,20,0 days 00:01:25.475000,17.0,4.0,0 days 01:03:33.218000,,0 days 00:00:24.853000,0 days 00:00:35.491000,0 days 00:00:25.131000,0 days 01:03:57.506000,0 days 01:04:32.997000,0 days 01:04:58.128000,201.0,190.0,273.0,272.0,False,SOFT,1.0,True,Haas F1 Team,0 days 01:03:32.653000,2019-05-25 13:48:33.288,1,,False,,False,False
0 days 01:06:09.379000,MAG,20,0 days 00:01:11.251000,18.0,4.0,,,0 days 00:00:18.693000,0 days 00:00:33.528000,0 days 00:00:19.030000,0 days 01:05:16.821000,0 days 01:05:50.349000,0 days 01:06:09.379000,221.0,210.0,272.0,285.0,True,SOFT,2.0,True,Haas F1 Team,0 days 01:04:58.128000,2019-05-25 13:49:58.763,1,,False,,False,True
0 days 01:09:41.530000,MAG,20,,19.0,4.0,,0 days 01:07:28.450000,0 days 00:00:23.580000,0 days 00:00:38.954000,,0 days 01:06:32.976000,0 days 01:07:11.929000,,190.0,171.0,,254.0,False,SOFT,3.0,True,Haas F1 Team,0 days 01:06:09.379000,2019-05-25 13:51:10.014,1,,False,,False,False
0 days 01:11:10.220000,MAG,20,0 days 00:01:28.690000,20.0,5.0,0 days 01:09:42.843000,,0 days 00:00:26.074000,0 days 00:00:37.013000,0 days 00:00:25.603000,0 days 01:10:07.604000,0 days 01:10:44.617000,0 days 01:11:10.220000,201.0,171.0,273.0,275.0,False,SOFT,1.0,True,Haas F1 Team,0 days 01:09:41.530000,2019-05-25 13:54:42.165,1,,False,,False,False
0 days 01:12:21.452000,MAG,20,0 days 00:01:11.232000,21.0,5.0,,,0 days 00:00:18.728000,0 days 00:00:33.536000,0 days 00:00:18.968000,0 days 01:11:28.948000,0 days 01:12:02.484000,0 days 01:12:21.452000,221.0,209.0,273.0,283.0,True,SOFT,2.0,True,Haas F1 Team,0 days 01:11:10.220000,2019-05-25 13:56:10.855,1,,False,,False,True
0 days 01:14:03.671000,MAG,20,0 days 00:01:42.219000,22.0,5.0,,,0 days 00:00:23.215000,0 days 00:00:46.091000,0 days 00:00:32.913000,0 days 01:12:44.667000,0 days 01:13:30.758000,0 days 01:14:03.671000,131.0,121.0,273.0,192.0,False,SOFT,3.0,True,Haas F1 Team,0 days 01:12:21.452000,2019-05-25 13:57:22.087,1,,False,,False,True
0 days 01:15:14.780000,MAG,20,0 days 00:01:11.109000,23.0,5.0,,,0 days 00:00:18.712000,0 days 00:00:33.425000,0 days 00:00:18.972000,0 days 01:14:22.383000,0 days 01:14:55.808000,0 days 01:15:14.780000,220.0,208.0,271.0,284.0,True,SOFT,4.0,True,Haas F1 Team,0 days 01:14:03.671000,2019-05-25 13:59:04.306,1,,False,,False,True
0 days 01:16:39.689000,MAG,20,,24.0,5.0,,0 days 01:16:39.689000,0 days 00:00:25.199000,0 days 00:00:40.633000,,0 days 01:15:39.988000,0 days 01:16:20.611000,,140.0,147.0,,232.0,False,SOFT,5.0,True,Haas F1 Team,0 days 01:15:14.780000,2019-05-25 14:00:15.415,12,,False,,False,False
0 days 00:17:30.889000,RIC,3,0 days 00:01:42.254000,1.0,1.0,0 days 00:15:49.238000,,0 days 00:00:26.972000,0 days 00:00:42.195000,0 days 00:00:33.087000,0 days 00:16:15.633000,0 days 00:16:57.831000,0 days 00:17:30.981000,163.0,173.0,258.0,268.0,False,SOFT,1.0,True,Renault,0 days 00:15:49.238000,2019-05-25 13:00:49.873,1,,False,,False,False
0 days 00:18:52.660000,RIC,3,0 days 00:01:21.771000,2.0,1.0,,,0 days 00:00:21.163000,0 days 00:00:37.497000,0 days 00:00:23.111000,0 days 00:17:52.052000,0 days 00:18:29.549000,0 days 00:18:52.660000,195.0,189.0,272.0,270.0,True,SOFT,2.0,True,Renault,0 days 00:17:30.889000,2019-05-25 13:02:31.524,1,,False,,False,True
0 days 00:20:05.603000,RIC,3,0 days 00:01:12.943000,3.0,1.0,,,0 days 00:00:19.096000,0 days 00:00:34.226000,0 days 00:00:19.621000,0 days 00:19:11.756000,0 days 00:19:45.982000,0 days 00:20:05.603000,219.0,205.0,275.0,283.0,True,SOFT,3.0,True,Renault,0 days 00:18:52.660000,2019-05-25 13:03:53.295,1,,False,,False,True
0 days 00:21:40.607000,RIC,3,0 days 00:01:35.004000,4.0,1.0,,,0 days 00:00:24.135000,0 days 00:00:43.995000,0 days 00:00:26.874000,0 days 00:20:29.738000,0 days 00:21:13.733000,0 days 00:21:40.607000,161.0,151.0,269.0,254.0,False,SOFT,4.0,True,Renault,0 days 00:20:05.603000,2019-05-25 13:05:06.238,1,,False,,False,True
0 days 00:22:53.209000,RIC,3,0 days 00:01:12.602000,5.0,1.0,,,0 days 00:00:19.158000,0 days 00:00:34.080000,0 days 00:00:19.364000,0 days 00:21:59.765000,0 days 00:22:33.845000,0 days 00:22:53.209000,218.0,205.0,274.0,285.0,True,SOFT,5.0,True,Renault,0 days 00:21:40.607000,2019-05-25 13:06:41.242,1,,False,,False,True
0 days 00:27:16.705000,RIC,3,,6.0,1.0,,0 days 00:24:10.527000,0 days 00:00:24.049000,0 days 00:00:38.863000,,0 days 00:23:17.253000,0 days 00:23:56.128000,,188.0,186.0,,258.0,False,SOFT,6.0,True,Renault,0 days 00:22:53.209000,2019-05-25 13:07:53.844,1,,False,,False,False
0 days 00:28:47.095000,RIC,3,0 days 00:01:30.390000,7.0,2.0,0 days 00:27:17.305000,,0 days 00:00:25.230000,0 days 00:00:39.667000,0 days 00:00:25.493000,0 days 00:27:41.935000,0 days 00:28:21.602000,0 days 00:28:47.095000,177.0,169.0,261.0,255.0,False,SOFT,1.0,True,Renault,0 days 00:27:16.705000,2019-05-25 13:12:17.340,1,,False,,False,False
0 days 00:30:04.675000,RIC,3,0 days 00:01:17.580000,8.0,2.0,,,0 days 00:00:20.736000,0 days 00:00:36.067000,0 days 00:00:20.777000,0 days 00:29:07.831000,0 days 00:29:43.898000,0 days 00:30:04.675000,199.0,195.0,275.0,272.0,False,SOFT,2.0,True,Renault,0 days 00:28:47.095000,2019-05-25 13:13:47.730,1,,False,,False,True
0 days 00:31:16.442000,RIC,3,0 days 00:01:11.767000,9.0,2.0,,,0 days 00:00:18.882000,0 days 00:00:33.835000,0 days 00:00:19.050000,0 days 00:30:23.557000,0 days 00:30:57.392000,0 days 00:31:16.442000,220.0,210.0,274.0,285.0,True,SOFT,3.0,True,Renault,0 days 00:30:04.675000,2019-05-25 13:15:05.310,1,,False,,False,True
0 days 00:41:10.719000,RIC,3,,10.0,2.0,,0 days 00:32:35.950000,0 days 00:00:23.363000,0 days 00:00:40.620000,,0 days 00:31:39.821000,0 days 00:32:20.459000,,190.0,168.0,,254.0,False,SOFT,4.0,True,Renault,0 days 00:31:16.442000,2019-05-25 13:16:17.077,12,,False,,False,False
0 days 00:42:33.058000,RIC,3,0 days 00:01:22.339000,11.0,3.0,0 days 00:41:11.295000,,0 days 00:00:23.754000,0 days 00:00:35.858000,0 days 00:00:22.727000,0 days 00:41:34.473000,0 days 00:42:10.331000,0 days 00:42:33.058000,194.0,195.0,273.0,270.0,False,SOFT,1.0,True,Renault,0 days 00:41:10.719000,2019-05-25 13:26:11.354,1,,False,,False,False
0 days 00:43:44.751000,RIC,3,0 days 00:01:11.693000,12.0,3.0,,,0 days 00:00:18.936000,0 days 00:00:33.839000,0 days 00:00:18.918000,0 days 00:42:51.994000,0 days 00:43:25.833000,0 days 00:43:44.751000,218.0,208.0,274.0,285.0,True,SOFT,2.0,True,Renault,0 days 00:42:33.058000,2019-05-25 13:27:33.693,1,,False,,False,True
0 days 00:45:16.212000,RIC,3,0 days 00:01:31.461000,13.0,3.0,,,0 days 00:00:23.679000,0 days 00:00:39.968000,0 days 00:00:27.814000,0 days 00:44:08.430000,0 days 00:44:48.398000,0 days 00:45:16.212000,183.0,174.0,274.0,258.0,False,SOFT,3.0,True,Renault,0 days 00:43:44.751000,2019-05-25 13:28:45.386,1,,False,,False,True
0 days 00:46:27.755000,RIC,3,0 days 00:01:11.543000,14.0,3.0,,,0 days 00:00:18.970000,0 days 00:00:33.606000,0 days 00:00:18.967000,0 days 00:45:35.182000,0 days 00:46:08.788000,0 days 00:46:27.755000,222.0,210.0,275.0,287.0,True,SOFT,4.0,True,Renault,0 days 00:45:16.212000,2019-05-25 13:30:16.847,1,,False,,False,True
0 days 00:49:46.914000,RIC,3,,15.0,3.0,,0 days 00:47:45.646000,0 days 00:00:23.473000,0 days 00:00:38.989000,,0 days 00:46:51.233000,0 days 00:47:30.217000,,186.0,179.0,,257.0,False,SOFT,5.0,True,Renault,0 days 00:46:27.755000,2019-05-25 13:31:28.390,1,,False,,False,False
0 days 00:51:16.286000,RIC,3,0 days 00:01:29.372000,16.0,4.0,0 days 00:49:47.840000,,0 days 00:00:26.711000,0 days 00:00:38.113000,0 days 00:00:24.548000,0 days 00:50:13.625000,0 days 00:50:51.738000,0 days 00:51:16.286000,188.0,194.0,275.0,273.0,False,SOFT,1.0,True,Renault,0 days 00:49:46.914000,2019-05-25 13:34:47.549,1,,False,,False,False
0 days 00:52:27.867000,RIC,3,0 days 00:01:11.581000,17.0,4.0,,,0 days 00:00:18.828000,0 days 00:00:33.727000,0 days 00:00:19.026000,0 days 00:51:35.114000,0 days 00:52:08.841000,0 days 00:52:27.867000,218.0,204.0,276.0,287.0,False,SOFT,2.0,True,Renault,0 days 00:51:16.286000,2019-05-25 13:36:16.921,1,,False,,False,True
0 days 00:54:04.479000,RIC,3,0 days 00:01:36.612000,18.0,4.0,,,0 days 00:00:24.790000,0 days 00:00:44.434000,0 days 00:00:27.388000,0 days 00:52:52.657000,0 days 00:53:37.091000,0 days 00:54:04.479000,182.0,169.0,275.0,251.0,False,SOFT,3.0,True,Renault,0 days 00:52:27.867000,2019-05-25 13:37:28.502,1,,False,,False,True
0 days 00:55:17.030000,RIC,3,0 days 00:01:12.551000,19.0,4.0,,,0 days 00:00:19.131000,0 days 00:00:33.712000,0 days 00:00:19.708000,0 days 00:54:23.610000,0 days 00:54:57.322000,0 days 00:55:17.030000,217.0,208.0,243.0,284.0,False,SOFT,4.0,True,Renault,0 days 00:54:04.479000,2019-05-25 13:39:05.114,1,,False,,False,True
0 days 01:09:36.548000,RIC,3,,20.0,4.0,,0 days 00:56:43.922000,0 days 00:00:28.135000,0 days 00:00:41.822000,,0 days 00:55:45.188000,0 days 00:56:26.981000,,176.0,165.0,,254.0,False,SOFT,5.0,True,Renault,0 days 00:55:17.030000,2019-05-25 13:40:17.665,12,,False,,False,False
0 days 01:10:58.381000,RIC,3,0 days 00:01:21.833000,21.0,5.0,0 days 01:09:37.134000,,0 days 00:00:24.646000,0 days 00:00:36.249000,0 days 00:00:20.938000,0 days 01:10:01.194000,0 days 01:10:37.443000,0 days 01:10:58.381000,201.0,191.0,273.0,265.0,False,SOFT,1.0,True,Renault,0 days 01:09:36.548000,2019-05-25 13:54:37.183,1,,False,,False,False
0 days 01:12:09.599000,RIC,3,0 days 00:01:11.218000,22.0,5.0,,,0 days 00:00:18.769000,0 days 00:00:33.525000,0 days 00:00:18.924000,0 days 01:11:17.150000,0 days 01:11:50.675000,0 days 01:12:09.599000,221.0,208.0,273.0,280.0,True,SOFT,2.0,True,Renault,0 days 01:10:58.381000,2019-05-25 13:55:59.016,1,,False,,False,True
0 days 01:13:38.898000,RIC,3,0 days 00:01:29.299000,23.0,5.0,,,0 days 00:00:24.697000,0 days 00:00:40.863000,0 days 00:00:23.739000,0 days 01:12:34.296000,0 days 01:13:15.159000,0 days 01:13:38.898000,187.0,164.0,274.0,249.0,False,SOFT,3.0,True,Renault,0 days 01:12:09.599000,2019-05-25 13:57:10.234,1,,False,,False,True
0 days 01:14:50.199000,RIC,3,0 days 00:01:11.301000,24.0,5.0,,,0 days 00:00:18.779000,0 days 00:00:33.659000,0 days 00:00:18.863000,0 days 01:13:57.677000,0 days 01:14:31.336000,0 days 01:14:50.199000,221.0,209.0,273.0,283.0,False,SOFT,4.0,True,Renault,0 days 01:13:38.898000,2019-05-25 13:58:39.533,1,,False,,False,True
0 days 01:16:18.801000,RIC,3,,25.0,5.0,,0 days 01:16:18.801000,0 days 00:00:28.610000,0 days 00:00:41.616000,,0 days 01:15:18.804000,0 days 01:16:00.440000,,187.0,167.0,,253.0,False,SOFT,5.0,True,Renault,0 days 01:14:50.199000,2019-05-25 13:59:50.834,1,,False,,False,False
0 days 00:16:42.899000,KVY,26,0 days 00:01:34.921000,1.0,1.0,0 days 00:15:08.632000,,0 days 00:00:26.617000,0 days 00:00:41.068000,0 days 00:00:27.236000,0 days 00:15:34.683000,0 days 00:16:15.711000,0 days 00:16:43.074000,161.0,174.0,270.0,264.0,False,SOFT,1.0,True,Toro Rosso,0 days 00:15:08.632000,2019-05-25 13:00:09.267,1,,False,,False,False
0 days 00:17:56.421000,KVY,26,0 days 00:01:13.522000,2.0,1.0,,,0 days 00:00:19.642000,0 days 00:00:34.433000,0 days 00:00:19.447000,0 days 00:17:02.541000,0 days 00:17:36.974000,0 days 00:17:56.421000,215.0,201.0,272.0,283.0,True,SOFT,2.0,True,Toro Rosso,0 days 00:16:42.899000,2019-05-25 13:01:43.534,1,,False,,False,True
0 days 00:19:35.194000,KVY,26,0 days 00:01:38.773000,3.0,1.0,,,0 days 00:00:23.115000,0 days 00:00:44.455000,0 days 00:00:31.203000,0 days 00:18:19.536000,0 days 00:19:03.991000,0 days 00:19:35.194000,183.0,146.0,271.0,214.0,False,SOFT,3.0,True,Toro Rosso,0 days 00:17:56.421000,2019-05-25 13:02:57.056,1,,False,,False,True
0 days 00:20:47.556000,KVY,26,0 days 00:01:12.362000,4.0,1.0,,,0 days 00:00:19.104000,0 days 00:00:34.031000,0 days 00:00:19.227000,0 days 00:19:54.298000,0 days 00:20:28.329000,0 days 00:20:47.556000,219.0,198.0,272.0,284.0,True,SOFT,4.0,True,Toro Rosso,0 days 00:19:35.194000,2019-05-25 13:04:35.829,1,,False,,False,True
0 days 00:22:24.052000,KVY,26,0 days 00:01:36.496000,5.0,1.0,,,0 days 00:00:23.657000,0 days 00:00:43.907000,0 days 00:00:28.932000,0 days 00:21:11.213000,0 days 00:21:55.120000,0 days 00:22:24.052000,157.0,136.0,270.0,256.0,False,SOFT,5.0,True,Toro Rosso,0 days 00:20:47.556000,2019-05-25 13:05:48.191,1,,False,,False,True
0 days 00:23:36.295000,KVY,26,0 days 00:01:12.243000,6.0,1.0,,,0 days 00:00:18.951000,0 days 00:00:33.964000,0 days 00:00:19.328000,0 days 00:22:43.003000,0 days 00:23:16.967000,0 days 00:23:36.295000,222.0,193.0,271.0,283.0,True,SOFT,6.0,True,Toro Rosso,0 days 00:22:24.052000,2019-05-25 13:07:24.687,1,,False,,False,True
0 days 00:27:45.029000,KVY,26,,7.0,1.0,,0 days 00:24:55.720000,0 days 00:00:21.269000,0 days 00:00:42.182000,,0 days 00:23:57.657000,0 days 00:24:39.839000,,194.0,172.0,,251.0,False,SOFT,7.0,True,Toro Rosso,0 days 00:23:36.295000,2019-05-25 13:08:36.930,1,,False,,False,False
0 days 00:29:18.587000,KVY,26,0 days 00:01:33.558000,8.0,2.0,0 days 00:27:45.697000,,0 days 00:00:24.384000,0 days 00:00:40.134000,0 days 00:00:29.040000,0 days 00:28:09.413000,0 days 00:28:49.547000,0 days 00:29:18.587000,185.0,174.0,272.0,271.0,False,SOFT,1.0,True,Toro Rosso,0 days 00:27:45.029000,2019-05-25 13:12:45.664,1,,False,,False,False
0 days 00:30:30.607000,KVY,26,0 days 00:01:12.020000,9.0,2.0,,,0 days 00:00:18.993000,0 days 00:00:33.825000,0 days 00:00:19.202000,0 days 00:29:37.580000,0 days 00:30:11.405000,0 days 00:30:30.607000,221.0,205.0,272.0,282.0,True,SOFT,2.0,True,Toro Rosso,0 days 00:29:18.587000,2019-05-25 13:14:19.222,1,,False,,False,True
0 days 00:32:07.216000,KVY,26,0 days 00:01:36.609000,10.0,2.0,,,0 days 00:00:22.917000,0 days 00:00:41.770000,0 days 00:00:31.922000,0 days 00:30:53.524000,0 days 00:31:35.294000,0 days 00:32:07.216000,186.0,168.0,269.0,275.0,False,SOFT,3.0,True,Toro Rosso,0 days 00:30:30.607000,2019-05-25 13:15:31.242,1,,False,,False,True
0 days 00:33:18.818000,KVY,26,0 days 00:01:11.602000,11.0,2.0,,,0 days 00:00:18.852000,0 days 00:00:33.665000,0 days 00:00:19.085000,0 days 00:32:26.068000,0 days 00:32:59.733000,0 days 00:33:18.818000,221.0,202.0,272.0,284.0,True,SOFT,4.0,True,Toro Rosso,0 days 00:32:07.216000,2019-05-25 13:17:07.851,1,,False,,False,True
0 days 00:40:08.367000,KVY,26,,12.0,2.0,,0 days 00:34:40.500000,0 days 00:00:23.890000,0 days 00:00:40.983000,,0 days 00:33:42.811000,0 days 00:34:23.793000,,170.0,173.0,,249.0,False,SOFT,5.0,True,Toro Rosso,0 days 00:33:18.818000,2019-05-25 13:18:19.453,12,,False,,False,False
0 days 00:41:38.082000,KVY,26,0 days 00:01:29.715000,13.0,3.0,0 days 00:40:09.784000,,0 days 00:00:27.305000,0 days 00:00:37.338000,0 days 00:00:25.072000,0 days 00:40:35.672000,0 days 00:41:13.010000,0 days 00:41:38.082000,201.0,190.0,271.0,266.0,False,SOFT,1.0,True,Toro Rosso,0 days 00:40:08.367000,2019-05-25 13:25:09.002,1,,False,,False,False
0 days 00:42:50.015000,KVY,26,0 days 00:01:11.933000,14.0,3.0,,,0 days 00:00:18.960000,0 days 00:00:33.891000,0 days 00:00:19.082000,0 days 00:41:57.042000,0 days 00:42:30.933000,0 days 00:42:50.015000,219.0,201.0,272.0,282.0,True,SOFT,2.0,True,Toro Rosso,0 days 00:41:38.082000,2019-05-25 13:26:38.717,1,,False,,False,True
0 days 00:44:23.304000,KVY,26,0 days 00:01:33.289000,15.0,3.0,,,0 days 00:00:22.856000,0 days 00:00:43.058000,0 days 00:00:27.375000,0 days 00:43:12.871000,0 days 00:43:55.929000,0 days 00:44:23.304000,180.0,147.0,272.0,274.0,False,SOFT,3.0,True,Toro Rosso,0 days 00:42:50.015000,2019-05-25 13:27:50.650,1,,False,,False,True
0 days 00:45:34.716000,KVY,26,0 days 00:01:11.412000,16.0,3.0,,,0 days 00:00:18.746000,0 days 00:00:33.587000,0 days 00:00:19.079000,0 days 00:44:42.050000,0 days 00:45:15.637000,0 days 00:45:34.716000,223.0,207.0,272.0,283.0,True,SOFT,4.0,True,Toro Rosso,0 days 00:44:23.304000,2019-05-25 13:29:23.939,1,,False,,False,True
0 days 00:49:27.846000,KVY,26,,17.0,3.0,,0 days 00:46:51.748000,0 days 00:00:21.979000,0 days 00:00:39.299000,,0 days 00:45:56.805000,0 days 00:46:36.039000,,190.0,147.0,,257.0,False,SOFT,5.0,True,Toro Rosso,0 days 00:45:34.716000,2019-05-25 13:30:35.351,1,,False,,False,False
0 days 00:50:51.274000,KVY,26,0 days 00:01:23.428000,18.0,4.0,0 days 00:49:28.496000,,0 days 00:00:24.082000,0 days 00:00:37.428000,0 days 00:00:21.918000,0 days 00:49:51.928000,0 days 00:50:29.356000,0 days 00:50:51.274000,205.0,157.0,269.0,266.0,False,SOFT,1.0,True,Toro Rosso,0 days 00:49:27.846000,2019-05-25 13:34:28.481,1,,False,,False,False
0 days 00:52:03.139000,KVY,26,0 days 00:01:11.865000,19.0,4.0,,,0 days 00:00:18.872000,0 days 00:00:33.761000,0 days 00:00:19.232000,0 days 00:51:10.146000,0 days 00:51:43.907000,0 days 00:52:03.139000,222.0,203.0,272.0,281.0,False,SOFT,2.0,True,Toro Rosso,0 days 00:50:51.274000,2019-05-25 13:35:51.909,1,,False,,False,True
0 days 00:53:29.453000,KVY,26,0 days 00:01:26.314000,20.0,4.0,,,0 days 00:00:22.555000,0 days 00:00:39.326000,0 days 00:00:24.433000,0 days 00:52:25.694000,0 days 00:53:05.020000,0 days 00:53:29.453000,188.0,173.0,271.0,273.0,False,SOFT,3.0,True,Toro Rosso,0 days 00:52:03.139000,2019-05-25 13:37:03.774,1,,False,,False,True
0 days 00:54:41.041000,KVY,26,0 days 00:01:11.588000,21.0,4.0,,,0 days 00:00:18.796000,0 days 00:00:33.623000,0 days 00:00:19.169000,0 days 00:53:48.249000,0 days 00:54:21.872000,0 days 00:54:41.041000,223.0,206.0,273.0,283.0,False,SOFT,4.0,True,Toro Rosso,0 days 00:53:29.453000,2019-05-25 13:38:30.088,1,,False,,False,True
0 days 01:03:06.831000,KVY,26,,22.0,4.0,,0 days 00:56:02.286000,0 days 00:00:23.354000,0 days 00:00:41.533000,,0 days 00:55:04.472000,0 days 00:55:45.984000,,173.0,172.0,,257.0,False,SOFT,5.0,True,Toro Rosso,0 days 00:54:41.041000,2019-05-25 13:39:41.676,12,,False,,False,False
0 days 01:04:32.816000,KVY,26,0 days 00:01:25.985000,23.0,5.0,0 days 01:03:08.164000,,0 days 00:00:26.902000,0 days 00:00:36.976000,0 days 00:00:22.107000,0 days 01:03:33.733000,0 days 01:04:10.709000,0 days 01:04:32.816000,199.0,191.0,270.0,267.0,False,SOFT,6.0,False,Toro Rosso,0 days 01:03:06.831000,2019-05-25 13:48:07.466,1,,False,,False,False
0 days 01:05:44.869000,KVY,26,0 days 00:01:12.053000,24.0,5.0,,,0 days 00:00:18.854000,0 days 00:00:33.806000,0 days 00:00:19.393000,0 days 01:04:51.670000,0 days 01:05:25.476000,0 days 01:05:44.869000,223.0,202.0,272.0,284.0,True,SOFT,7.0,False,Toro Rosso,0 days 01:04:32.816000,2019-05-25 13:49:33.451,1,,False,,False,True
0 days 01:09:51.245000,KVY,26,,25.0,5.0,,0 days 01:07:06.703000,0 days 00:00:22.811000,0 days 00:00:42.111000,,0 days 01:06:07.798000,0 days 01:06:49.793000,,181.0,140.0,,254.0,False,SOFT,8.0,False,Toro Rosso,0 days 01:05:44.869000,2019-05-25 13:50:45.504,1,,False,,False,False
0 days 01:11:19.966000,KVY,26,0 days 00:01:28.721000,26.0,6.0,0 days 01:09:51.907000,,0 days 00:00:23.915000,0 days 00:00:37.825000,0 days 00:00:26.981000,0 days 01:10:15.160000,0 days 01:10:52.985000,0 days 01:11:19.966000,203.0,180.0,271.0,272.0,False,SOFT,1.0,True,Toro Rosso,0 days 01:09:51.245000,2019-05-25 13:54:51.880,1,,False,,False,False
0 days 01:12:31.518000,KVY,26,0 days 00:01:11.552000,27.0,6.0,,,0 days 00:00:19.003000,0 days 00:00:33.616000,0 days 00:00:18.933000,0 days 01:11:38.969000,0 days 01:12:12.585000,0 days 01:12:31.518000,222.0,204.0,272.0,281.0,True,SOFT,2.0,True,Toro Rosso,0 days 01:11:19.966000,2019-05-25 13:56:20.601,1,,False,,False,True
0 days 01:14:12.029000,KVY,26,0 days 00:01:40.511000,28.0,6.0,,,0 days 00:00:24.388000,0 days 00:00:39.118000,0 days 00:00:37.005000,0 days 01:12:55.906000,0 days 01:13:35.024000,0 days 01:14:12.029000,191.0,159.0,271.0,272.0,False,SOFT,3.0,True,Toro Rosso,0 days 01:12:31.518000,2019-05-25 13:57:32.153,1,,False,,False,True
0 days 01:15:23.300000,KVY,26,0 days 00:01:11.271000,29.0,6.0,,,0 days 00:00:18.781000,0 days 00:00:33.470000,0 days 00:00:19.020000,0 days 01:14:30.810000,0 days 01:15:04.280000,0 days 01:15:23.300000,224.0,205.0,272.0,284.0,True,SOFT,4.0,True,Toro Rosso,0 days 01:14:12.029000,2019-05-25 13:59:12.664,1,,False,,False,True
0 days 01:16:49.705000,KVY,26,,30.0,6.0,,0 days 01:16:49.705000,0 days 00:00:24.753000,0 days 00:00:44.235000,,0 days 01:15:48.147000,0 days 01:16:32.311000,,163.0,161.0,,201.0,False,SOFT,5.0,True,Toro Rosso,0 days 01:15:23.300000,2019-05-25 14:00:23.935,12,,False,,False,False
0 days 00:16:47.949000,SAI,55,0 days 00:01:33.387000,1.0,1.0,0 days 00:15:15.168000,,0 days 00:00:25.018000,0 days 00:00:39.959000,0 days 00:00:28.410000,0 days 00:15:39.675000,0 days 00:16:19.564000,0 days 00:16:48.050000,187.0,178.0,275.0,264.0,False,SOFT,1.0,True,McLaren,0 days 00:15:15.168000,2019-05-25 13:00:15.803,1,,False,,False,False
0 days 00:18:01.887000,SAI,55,0 days 00:01:13.938000,2.0,1.0,,,0 days 00:00:19.597000,0 days 00:00:34.673000,0 days 00:00:19.668000,0 days 00:17:07.546000,0 days 00:17:42.219000,0 days 00:18:01.887000,214.0,201.0,275.0,286.0,True,SOFT,2.0,True,McLaren,0 days 00:16:47.949000,2019-05-25 13:01:48.584,1,,False,,False,True
0 days 00:19:44.898000,SAI,55,0 days 00:01:43.011000,3.0,1.0,,,0 days 00:00:24.155000,0 days 00:00:44.155000,0 days 00:00:34.701000,0 days 00:18:26.042000,0 days 00:19:10.197000,0 days 00:19:44.898000,150.0,170.0,273.0,256.0,False,SOFT,3.0,True,McLaren,0 days 00:18:01.887000,2019-05-25 13:03:02.522,1,,False,,False,True
0 days 00:20:58.009000,SAI,55,0 days 00:01:13.111000,4.0,1.0,,,0 days 00:00:19.402000,0 days 00:00:34.292000,0 days 00:00:19.417000,0 days 00:20:04.300000,0 days 00:20:38.592000,0 days 00:20:58.009000,220.0,205.0,274.0,287.0,True,SOFT,4.0,True,McLaren,0 days 00:19:44.898000,2019-05-25 13:04:45.533,1,,False,,False,True
0 days 00:22:32.691000,SAI,55,0 days 00:01:34.682000,5.0,1.0,,,0 days 00:00:23.110000,0 days 00:00:42.213000,0 days 00:00:29.359000,0 days 00:21:21.119000,0 days 00:22:03.332000,0 days 00:22:32.691000,166.0,164.0,275.0,258.0,False,SOFT,5.0,True,McLaren,0 days 00:20:58.009000,2019-05-25 13:05:58.644,1,,False,,False,True
0 days 00:23:44.895000,SAI,55,0 days 00:01:12.204000,6.0,1.0,,,0 days 00:00:19.059000,0 days 00:00:33.820000,0 days 00:00:19.325000,0 days 00:22:51.750000,0 days 00:23:25.570000,0 days 00:23:44.895000,220.0,207.0,276.0,288.0,True,SOFT,6.0,True,McLaren,0 days 00:22:32.691000,2019-05-25 13:07:33.326,1,,False,,False,True
0 days 00:27:42.276000,SAI,55,,7.0,1.0,,0 days 00:25:01.507000,0 days 00:00:21.839000,0 days 00:00:39.255000,,0 days 00:24:06.736000,0 days 00:24:46.017000,,170.0,169.0,,259.0,False,SOFT,7.0,True,McLaren,0 days 00:23:44.895000,2019-05-25 13:08:45.530,1,,False,,False,False
0 days 00:29:15.089000,SAI,55,0 days 00:01:32.813000,8.0,2.0,0 days 00:27:42.873000,,0 days 00:00:25.972000,0 days 00:00:39.236000,0 days 00:00:27.605000,0 days 00:28:08.248000,0 days 00:28:47.484000,0 days 00:29:15.089000,183.0,183.0,275.0,276.0,False,SOFT,1.0,True,McLaren,0 days 00:27:42.276000,2019-05-25 13:12:42.911,1,,False,,False,False
0 days 00:30:27.065000,SAI,55,0 days 00:01:11.976000,9.0,2.0,,,0 days 00:00:19.007000,0 days 00:00:33.780000,0 days 00:00:19.189000,0 days 00:29:34.096000,0 days 00:30:07.876000,0 days 00:30:27.065000,221.0,208.0,274.0,286.0,True,SOFT,2.0,True,McLaren,0 days 00:29:15.089000,2019-05-25 13:14:15.724,1,,False,,False,True
0 days 00:32:02.464000,SAI,55,0 days 00:01:35.399000,10.0,2.0,,,0 days 00:00:22.569000,0 days 00:00:43.869000,0 days 00:00:28.961000,0 days 00:30:49.634000,0 days 00:31:33.503000,0 days 00:32:02.464000,168.0,179.0,276.0,254.0,False,SOFT,3.0,True,McLaren,0 days 00:30:27.065000,2019-05-25 13:15:27.700,1,,False,,False,True
0 days 00:33:14.336000,SAI,55,0 days 00:01:11.872000,11.0,2.0,,,0 days 00:00:18.827000,0 days 00:00:33.804000,0 days 00:00:19.241000,0 days 00:32:21.291000,0 days 00:32:55.095000,0 days 00:33:14.336000,223.0,206.0,274.0,286.0,True,SOFT,4.0,True,McLaren,0 days 00:32:02.464000,2019-05-25 13:17:03.099,1,,False,,False,True
0 days 00:40:16.250000,SAI,55,,12.0,2.0,,0 days 00:34:34.806000,0 days 00:00:23.570000,0 days 00:00:40.546000,,0 days 00:33:37.929000,0 days 00:34:18.473000,,158.0,161.0,,254.0,False,SOFT,5.0,True,McLaren,0 days 00:33:14.336000,2019-05-25 13:18:14.971,12,,False,,False,False
0 days 00:41:48.877000,SAI,55,0 days 00:01:32.627000,13.0,3.0,0 days 00:40:17.413000,,0 days 00:00:29.638000,0 days 00:00:40.851000,0 days 00:00:22.138000,0 days 00:40:45.888000,0 days 00:41:26.739000,0 days 00:41:48.877000,169.0,186.0,276.0,266.0,False,SOFT,1.0,True,McLaren,0 days 00:40:16.250000,2019-05-25 13:25:16.885,1,,False,,False,False
0 days 00:43:01.514000,SAI,55,0 days 00:01:12.637000,14.0,3.0,,,0 days 00:00:18.921000,0 days 00:00:34.389000,0 days 00:00:19.327000,0 days 00:42:07.798000,0 days 00:42:42.187000,0 days 00:43:01.514000,224.0,205.0,276.0,287.0,True,SOFT,2.0,True,McLaren,0 days 00:41:48.877000,2019-05-25 13:26:49.512,1,,False,,False,True
0 days 00:44:34.038000,SAI,55,0 days 00:01:32.524000,15.0,3.0,,,0 days 00:00:22.575000,0 days 00:00:43.396000,0 days 00:00:26.553000,0 days 00:43:24.089000,0 days 00:44:07.485000,0 days 00:44:34.038000,167.0,186.0,276.0,259.0,False,SOFT,3.0,True,McLaren,0 days 00:43:01.514000,2019-05-25 13:28:02.149,1,,False,,False,True
0 days 00:45:45.699000,SAI,55,0 days 00:01:11.661000,16.0,3.0,,,0 days 00:00:18.775000,0 days 00:00:33.785000,0 days 00:00:19.101000,0 days 00:44:52.813000,0 days 00:45:26.598000,0 days 00:45:45.699000,223.0,208.0,276.0,287.0,True,SOFT,4.0,True,McLaren,0 days 00:44:34.038000,2019-05-25 13:29:34.673,1,,False,,False,True
0 days 00:49:43.731000,SAI,55,,17.0,3.0,,0 days 00:47:03.947000,0 days 00:00:22.177000,0 days 00:00:39.264000,,0 days 00:46:07.912000,0 days 00:46:47.161000,,163.0,162.0,,259.0,False,SOFT,5.0,True,McLaren,0 days 00:45:45.699000,2019-05-25 13:30:46.334,1,,False,,False,False
0 days 00:51:08.998000,SAI,55,0 days 00:01:25.267000,18.0,4.0,0 days 00:49:44.658000,,0 days 00:00:24.398000,0 days 00:00:38.948000,0 days 00:00:21.921000,0 days 00:50:08.129000,0 days 00:50:47.077000,0 days 00:51:08.998000,200.0,189.0,276.0,276.0,False,SOFT,1.0,True,McLaren,0 days 00:49:43.731000,2019-05-25 13:34:44.366,1,,False,,False,False
0 days 00:52:23.606000,SAI,55,0 days 00:01:14.608000,19.0,4.0,,,0 days 00:00:18.785000,0 days 00:00:35.260000,0 days 00:00:20.563000,0 days 00:51:27.783000,0 days 00:52:03.043000,0 days 00:52:23.606000,224.0,200.0,268.0,287.0,False,SOFT,2.0,True,McLaren,0 days 00:51:08.998000,2019-05-25 13:36:09.633,1,,False,,False,True
0 days 00:53:47.186000,SAI,55,0 days 00:01:23.580000,20.0,4.0,,,0 days 00:00:22.333000,0 days 00:00:39.027000,0 days 00:00:22.220000,0 days 00:52:45.939000,0 days 00:53:24.966000,0 days 00:53:47.186000,168.0,183.0,277.0,269.0,False,SOFT,3.0,True,McLaren,0 days 00:52:23.606000,2019-05-25 13:37:24.241,1,,False,,False,True
0 days 00:54:58.794000,SAI,55,0 days 00:01:11.608000,21.0,4.0,,,0 days 00:00:18.739000,0 days 00:00:33.732000,0 days 00:00:19.137000,0 days 00:54:05.925000,0 days 00:54:39.657000,0 days 00:54:58.794000,224.0,209.0,275.0,287.0,True,SOFT,4.0,True,McLaren,0 days 00:53:47.186000,2019-05-25 13:38:47.821,1,,False,,False,True
0 days 01:03:12.804000,SAI,55,,22.0,4.0,,0 days 00:56:20.553000,0 days 00:00:24.227000,0 days 00:00:41.594000,,0 days 00:55:23.036000,0 days 00:56:04.642000,,168.0,151.0,,252.0,False,SOFT,5.0,True,McLaren,0 days 00:54:58.794000,2019-05-25 13:39:59.429,12,,False,,False,False
0 days 01:04:43.204000,SAI,55,0 days 00:01:30.400000,23.0,5.0,0 days 01:03:14.108000,,0 days 00:00:27.049000,0 days 00:00:41.668000,0 days 00:00:21.683000,0 days 01:03:39.853000,0 days 01:04:21.521000,0 days 01:04:43.204000,185.0,189.0,275.0,271.0,False,SOFT,6.0,False,McLaren,0 days 01:03:12.804000,2019-05-25 13:48:13.439,1,,False,,False,False
0 days 01:05:55.509000,SAI,55,0 days 00:01:12.305000,24.0,5.0,,,0 days 00:00:18.976000,0 days 00:00:33.934000,0 days 00:00:19.395000,0 days 01:05:02.180000,0 days 01:05:36.114000,0 days 01:05:55.509000,220.0,205.0,276.0,287.0,True,SOFT,7.0,False,McLaren,0 days 01:04:43.204000,2019-05-25 13:49:43.839,1,,False,,False,True
0 days 01:09:39.559000,SAI,55,,25.0,5.0,,0 days 01:07:11.898000,0 days 00:00:21.086000,0 days 00:00:38.845000,,0 days 01:06:16.612000,0 days 01:06:55.440000,,170.0,163.0,,259.0,False,SOFT,8.0,False,McLaren,0 days 01:05:55.509000,2019-05-25 13:50:56.144,1,,False,,False,False
0 days 01:11:05.662000,SAI,55,0 days 00:01:26.103000,26.0,6.0,0 days 01:09:40.675000,,0 days 00:00:26.052000,0 days 00:00:37.687000,0 days 00:00:22.364000,0 days 01:10:05.611000,0 days 01:10:43.298000,0 days 01:11:05.662000,195.0,188.0,274.0,271.0,False,SOFT,1.0,True,McLaren,0 days 01:09:39.559000,2019-05-25 13:54:40.194,1,,False,,False,False
0 days 01:12:19.520000,SAI,55,0 days 00:01:13.858000,27.0,6.0,,,0 days 00:00:19.083000,0 days 00:00:34.394000,0 days 00:00:20.381000,0 days 01:11:24.745000,0 days 01:11:59.139000,0 days 01:12:19.520000,216.0,203.0,272.0,284.0,False,SOFT,2.0,True,McLaren,0 days 01:11:05.662000,2019-05-25 13:56:06.297,1,,False,,False,True
0 days 01:13:54.758000,SAI,55,0 days 00:01:35.238000,28.0,6.0,,,0 days 00:00:21.886000,0 days 00:00:41.022000,0 days 00:00:32.330000,0 days 01:12:41.406000,0 days 01:13:22.428000,0 days 01:13:54.758000,171.0,183.0,277.0,263.0,False,SOFT,3.0,True,McLaren,0 days 01:12:19.520000,2019-05-25 13:57:20.155,1,,False,,False,True
0 days 01:15:06.175000,SAI,55,0 days 00:01:11.417000,29.0,6.0,,,0 days 00:00:18.671000,0 days 00:00:33.716000,0 days 00:00:19.030000,0 days 01:14:13.429000,0 days 01:14:47.145000,0 days 01:15:06.175000,223.0,209.0,274.0,287.0,True,SOFT,4.0,True,McLaren,0 days 01:13:54.758000,2019-05-25 13:58:55.393,1,,False,,False,True
0 days 01:16:27.662000,SAI,55,,30.0,6.0,,0 days 01:16:27.662000,0 days 00:00:22.807000,0 days 00:00:41.652000,,0 days 01:15:29.037000,0 days 01:16:10.658000,,160.0,156.0,,237.0,False,SOFT,5.0,True,McLaren,0 days 01:15:06.175000,2019-05-25 14:00:06.810,12,,False,,False,False
0 days 00:17:24.513000,ALB,23,0 days 00:01:44.522000,1.0,1.0,0 days 00:15:40.721000,,0 days 00:00:29.915000,0 days 00:00:42.548000,0 days 00:00:32.059000,0 days 00:16:09.970000,0 days 00:16:52.465000,0 days 00:17:24.694000,147.0,161.0,271.0,273.0,False,SOFT,1.0,True,Toro Rosso,0 days 00:15:40.721000,2019-05-25 13:00:41.356,1,,False,,False,False
0 days 00:18:37.818000,ALB,23,0 days 00:01:13.305000,2.0,1.0,,,0 days 00:00:19.435000,0 days 00:00:34.532000,0 days 00:00:19.338000,0 days 00:17:43.948000,0 days 00:18:18.480000,0 days 00:18:37.818000,218.0,201.0,271.0,284.0,True,SOFT,2.0,True,Toro Rosso,0 days 00:17:24.513000,2019-05-25 13:02:25.148,1,,False,,False,True
0 days 00:20:04.246000,ALB,23,0 days 00:01:26.428000,3.0,1.0,,,0 days 00:00:23.091000,0 days 00:00:42.082000,0 days 00:00:21.255000,0 days 00:19:00.909000,0 days 00:19:42.991000,0 days 00:20:04.246000,172.0,177.0,275.0,273.0,False,SOFT,3.0,True,Toro Rosso,0 days 00:18:37.818000,2019-05-25 13:03:38.453,1,,False,,False,True
0 days 00:21:16.524000,ALB,23,0 days 00:01:12.278000,4.0,1.0,,,0 days 00:00:19.099000,0 days 00:00:33.905000,0 days 00:00:19.274000,0 days 00:20:23.345000,0 days 00:20:57.250000,0 days 00:21:16.524000,222.0,202.0,274.0,284.0,True,SOFT,4.0,True,Toro Rosso,0 days 00:20:04.246000,2019-05-25 13:05:04.881,1,,False,,False,True
0 days 00:22:47.968000,ALB,23,0 days 00:01:31.444000,5.0,1.0,,,0 days 00:00:23.032000,0 days 00:00:41.290000,0 days 00:00:27.122000,0 days 00:21:39.556000,0 days 00:22:20.846000,0 days 00:22:47.968000,169.0,176.0,275.0,239.0,False,SOFT,5.0,True,Toro Rosso,0 days 00:21:16.524000,2019-05-25 13:06:17.159,1,,False,,False,True
0 days 00:25:37.269000,ALB,23,,6.0,1.0,,0 days 00:23:58.250000,0 days 00:00:18.945000,0 days 00:00:36.455000,,0 days 00:23:06.957000,0 days 00:23:43.399000,,222.0,183.0,,258.0,False,SOFT,6.0,True,Toro Rosso,0 days 00:22:47.968000,2019-05-25 13:07:48.603,1,,False,,False,False
0 days 00:27:13.326000,ALB,23,0 days 00:01:36.057000,7.0,2.0,0 days 00:25:37.918000,,0 days 00:00:29.054000,0 days 00:00:41.244000,0 days 00:00:25.759000,0 days 00:26:06.323000,0 days 00:26:47.567000,0 days 00:27:13.326000,175.0,83.0,272.0,268.0,False,SOFT,1.0,True,Toro Rosso,0 days 00:25:37.269000,2019-05-25 13:10:37.904,1,,False,,False,False
0 days 00:28:26.456000,ALB,23,0 days 00:01:13.130000,8.0,2.0,,,0 days 00:00:19.259000,0 days 00:00:34.332000,0 days 00:00:19.539000,0 days 00:27:32.585000,0 days 00:28:06.917000,0 days 00:28:26.456000,220.0,199.0,270.0,280.0,False,SOFT,2.0,True,Toro Rosso,0 days 00:27:13.326000,2019-05-25 13:12:13.961,1,,False,,False,True
0 days 00:29:50.062000,ALB,23,0 days 00:01:23.606000,9.0,2.0,,,0 days 00:00:23.043000,0 days 00:00:39.001000,0 days 00:00:21.562000,0 days 00:28:49.499000,0 days 00:29:28.500000,0 days 00:29:50.062000,187.0,173.0,275.0,273.0,False,SOFT,3.0,True,Toro Rosso,0 days 00:28:26.456000,2019-05-25 13:13:27.091,1,,False,,False,True
0 days 00:31:02.233000,ALB,23,0 days 00:01:12.171000,10.0,2.0,,,0 days 00:00:18.952000,0 days 00:00:34.092000,0 days 00:00:19.127000,0 days 00:30:09.014000,0 days 00:30:43.106000,0 days 00:31:02.233000,221.0,203.0,274.0,286.0,True,SOFT,4.0,True,Toro Rosso,0 days 00:29:50.062000,2019-05-25 13:14:50.697,1,,False,,False,True
0 days 00:32:35.774000,ALB,23,0 days 00:01:33.541000,11.0,2.0,,,0 days 00:00:23.067000,0 days 00:00:40.621000,0 days 00:00:29.853000,0 days 00:31:25.300000,0 days 00:32:05.921000,0 days 00:32:35.774000,165.0,158.0,270.0,254.0,False,SOFT,5.0,True,Toro Rosso,0 days 00:31:02.233000,2019-05-25 13:16:02.868,1,,False,,False,True
0 days 00:33:47.781000,ALB,23,0 days 00:01:12.007000,12.0,2.0,,,0 days 00:00:18.892000,0 days 00:00:33.853000,0 days 00:00:19.262000,0 days 00:32:54.666000,0 days 00:33:28.519000,0 days 00:33:47.781000,222.0,203.0,266.0,284.0,True,SOFT,6.0,True,Toro Rosso,0 days 00:32:35.774000,2019-05-25 13:17:36.409,1,,False,,False,True
0 days 00:40:48.148000,ALB,23,,13.0,2.0,,0 days 00:35:10.858000,0 days 00:00:25.418000,0 days 00:00:41.504000,,0 days 00:34:13.247000,0 days 00:34:54.727000,,118.0,165.0,,254.0,False,SOFT,7.0,True,Toro Rosso,0 days 00:33:47.781000,2019-05-25 13:18:48.416,12,,False,,False,False
0 days 00:42:20.599000,ALB,23,0 days 00:01:32.451000,14.0,3.0,0 days 00:40:48.862000,,0 days 00:00:26.656000,0 days 00:00:38.678000,0 days 00:00:27.117000,0 days 00:41:14.804000,0 days 00:41:53.482000,0 days 00:42:20.599000,168.0,176.0,274.0,273.0,False,SOFT,1.0,True,Toro Rosso,0 days 00:40:48.148000,2019-05-25 13:25:48.783,1,,False,,False,False
0 days 00:43:33.673000,ALB,23,0 days 00:01:13.074000,15.0,3.0,,,0 days 00:00:19.709000,0 days 00:00:34.151000,0 days 00:00:19.214000,0 days 00:42:40.308000,0 days 00:43:14.459000,0 days 00:43:33.673000,214.0,197.0,272.0,283.0,True,SOFT,2.0,True,Toro Rosso,0 days 00:42:20.599000,2019-05-25 13:27:21.234,1,,False,,False,True
0 days 00:45:09.138000,ALB,23,0 days 00:01:35.465000,16.0,3.0,,,0 days 00:00:23.858000,0 days 00:00:40.507000,0 days 00:00:31.100000,0 days 00:43:57.531000,0 days 00:44:38.038000,0 days 00:45:09.138000,183.0,148.0,273.0,273.0,False,SOFT,3.0,True,Toro Rosso,0 days 00:43:33.673000,2019-05-25 13:28:34.308,1,,False,,False,True
0 days 00:46:21.075000,ALB,23,0 days 00:01:11.937000,17.0,3.0,,,0 days 00:00:18.924000,0 days 00:00:33.929000,0 days 00:00:19.084000,0 days 00:45:28.062000,0 days 00:46:01.991000,0 days 00:46:21.075000,222.0,201.0,274.0,286.0,True,SOFT,4.0,True,Toro Rosso,0 days 00:45:09.138000,2019-05-25 13:30:09.773,1,,False,,False,True
0 days 00:49:30.399000,ALB,23,,18.0,3.0,,0 days 00:47:37.315000,0 days 00:00:22.040000,0 days 00:00:38.459000,,0 days 00:46:43.246000,0 days 00:47:21.637000,,181.0,174.0,,256.0,False,SOFT,5.0,True,Toro Rosso,0 days 00:46:21.075000,2019-05-25 13:31:21.710,1,,False,,False,False
0 days 00:50:56.511000,ALB,23,0 days 00:01:26.112000,19.0,4.0,0 days 00:49:31.024000,,0 days 00:00:26.591000,0 days 00:00:37.163000,0 days 00:00:22.358000,0 days 00:49:56.990000,0 days 00:50:34.153000,0 days 00:50:56.511000,159.0,191.0,270.0,269.0,False,SOFT,1.0,True,Toro Rosso,0 days 00:49:30.399000,2019-05-25 13:34:31.034,1,,False,,False,False
0 days 00:52:08.331000,ALB,23,0 days 00:01:11.820000,20.0,4.0,,,0 days 00:00:18.845000,0 days 00:00:33.918000,0 days 00:00:19.057000,0 days 00:51:15.356000,0 days 00:51:49.274000,0 days 00:52:08.331000,223.0,204.0,273.0,283.0,True,SOFT,2.0,True,Toro Rosso,0 days 00:50:56.511000,2019-05-25 13:35:57.146,1,,False,,False,True
0 days 00:53:37.602000,ALB,23,0 days 00:01:29.271000,21.0,4.0,,,0 days 00:00:23.406000,0 days 00:00:40.232000,0 days 00:00:25.633000,0 days 00:52:31.737000,0 days 00:53:11.969000,0 days 00:53:37.602000,176.0,186.0,273.0,265.0,False,SOFT,3.0,True,Toro Rosso,0 days 00:52:08.331000,2019-05-25 13:37:08.966,1,,False,,False,True
0 days 00:54:49.031000,ALB,23,0 days 00:01:11.429000,22.0,4.0,,,0 days 00:00:18.809000,0 days 00:00:33.714000,0 days 00:00:18.906000,0 days 00:53:56.411000,0 days 00:54:30.125000,0 days 00:54:49.031000,220.0,206.0,273.0,284.0,True,SOFT,4.0,True,Toro Rosso,0 days 00:53:37.602000,2019-05-25 13:38:38.237,1,,False,,False,True
0 days 01:03:08.871000,ALB,23,,23.0,4.0,,0 days 00:56:07.808000,0 days 00:00:22.517000,0 days 00:00:40.234000,,0 days 00:55:11.633000,0 days 00:55:51.818000,,178.0,169.0,,248.0,False,SOFT,5.0,True,Toro Rosso,0 days 00:54:49.031000,2019-05-25 13:39:49.666,12,,False,,False,False
0 days 01:04:36.980000,ALB,23,0 days 00:01:28.109000,24.0,5.0,0 days 01:03:10.114000,,0 days 00:00:27.915000,0 days 00:00:37.835000,0 days 00:00:22.359000,0 days 01:03:36.786000,0 days 01:04:14.621000,0 days 01:04:36.980000,178.0,186.0,271.0,266.0,False,SOFT,7.0,False,Toro Rosso,0 days 01:03:08.871000,2019-05-25 13:48:09.506,1,,False,,False,False
0 days 01:05:50.407000,ALB,23,0 days 00:01:13.427000,25.0,5.0,,,0 days 00:00:18.996000,0 days 00:00:34.707000,0 days 00:00:19.724000,0 days 01:04:55.976000,0 days 01:05:30.683000,0 days 01:05:50.407000,221.0,202.0,273.0,283.0,True,SOFT,8.0,False,Toro Rosso,0 days 01:04:36.980000,2019-05-25 13:49:37.615,1,,False,,False,True
0 days 01:09:43.526000,ALB,23,,26.0,5.0,,0 days 01:07:13.037000,0 days 00:00:25.126000,0 days 00:00:41.138000,,0 days 01:06:15.520000,0 days 01:06:56.657000,,79.0,169.0,,255.0,False,SOFT,9.0,False,Toro Rosso,0 days 01:05:50.407000,2019-05-25 13:50:51.042,1,,False,,False,False
0 days 01:11:14.171000,ALB,23,0 days 00:01:30.645000,27.0,6.0,0 days 01:09:44.544000,,0 days 00:00:28.618000,0 days 00:00:37.566000,0 days 00:00:24.461000,0 days 01:10:12.144000,0 days 01:10:49.710000,0 days 01:11:14.171000,169.0,174.0,273.0,266.0,False,SOFT,1.0,True,Toro Rosso,0 days 01:09:43.526000,2019-05-25 13:54:44.161,1,,False,,False,False
0 days 01:12:25.934000,ALB,23,0 days 00:01:11.763000,28.0,6.0,,,0 days 00:00:18.886000,0 days 00:00:33.729000,0 days 00:00:19.148000,0 days 01:11:33.057000,0 days 01:12:06.786000,0 days 01:12:25.934000,222.0,204.0,272.0,282.0,True,SOFT,2.0,True,Toro Rosso,0 days 01:11:14.171000,2019-05-25 13:56:14.806,1,,False,,False,True
0 days 01:14:06.764000,ALB,23,0 days 00:01:40.830000,29.0,6.0,,,0 days 00:00:24.227000,0 days 00:00:43.220000,0 days 00:00:33.383000,0 days 01:12:50.161000,0 days 01:13:33.381000,0 days 01:14:06.764000,173.0,161.0,274.0,254.0,False,SOFT,3.0,True,Toro Rosso,0 days 01:12:25.934000,2019-05-25 13:57:26.569,1,,False,,False,True
0 days 01:15:18.417000,ALB,23,0 days 00:01:11.653000,30.0,6.0,,,0 days 00:00:18.791000,0 days 00:00:33.802000,0 days 00:00:19.060000,0 days 01:14:25.555000,0 days 01:14:59.357000,0 days 01:15:18.417000,220.0,206.0,273.0,285.0,True,SOFT,4.0,True,Toro Rosso,0 days 01:14:06.764000,2019-05-25 13:59:07.399,1,,False,,False,True
0 days 01:16:44.479000,ALB,23,,31.0,6.0,,0 days 01:16:44.479000,0 days 00:00:24.093000,0 days 00:00:43.563000,,0 days 01:15:42.594000,0 days 01:16:26.118000,,171.0,151.0,,199.0,False,SOFT,5.0,True,Toro Rosso,0 days 01:15:18.417000,2019-05-25 14:00:19.052,12,,False,,False,False
0 days 00:17:01.456000,HUL,27,0 days 00:01:37.207000,1.0,1.0,0 days 00:15:25.807000,,0 days 00:00:33.538000,0 days 00:00:39.107000,0 days 00:00:24.562000,0 days 00:15:57.787000,0 days 00:16:36.974000,0 days 00:17:01.606000,164.0,181.0,260.0,263.0,False,SOFT,1.0,True,Renault,0 days 00:15:25.807000,2019-05-25 13:00:26.442,1,,False,,False,False
0 days 00:18:23.686000,HUL,27,0 days 00:01:22.230000,2.0,1.0,,,0 days 00:00:21.074000,0 days 00:00:37.189000,0 days 00:00:23.967000,0 days 00:17:22.530000,0 days 00:17:59.719000,0 days 00:18:23.686000,186.0,178.0,272.0,268.0,True,SOFT,2.0,True,Renault,0 days 00:17:01.456000,2019-05-25 13:02:02.091,1,,False,,False,True
0 days 00:19:37.384000,HUL,27,0 days 00:01:13.698000,3.0,1.0,,,0 days 00:00:19.224000,0 days 00:00:34.263000,0 days 00:00:20.211000,0 days 00:18:42.910000,0 days 00:19:17.173000,0 days 00:19:37.384000,220.0,203.0,273.0,283.0,True,SOFT,3.0,True,Renault,0 days 00:18:23.686000,2019-05-25 13:03:24.321,1,,False,,False,True
0 days 00:21:15.381000,HUL,27,0 days 00:01:37.997000,4.0,1.0,,,0 days 00:00:25.989000,0 days 00:00:45.637000,0 days 00:00:26.371000,0 days 00:20:03.373000,0 days 00:20:49.010000,0 days 00:21:15.381000,81.0,173.0,274.0,254.0,False,SOFT,4.0,True,Renault,0 days 00:19:37.384000,2019-05-25 13:04:38.019,1,,False,,False,True
0 days 00:22:28.345000,HUL,27,0 days 00:01:12.964000,5.0,1.0,,,0 days 00:00:19.183000,0 days 00:00:34.412000,0 days 00:00:19.369000,0 days 00:21:34.564000,0 days 00:22:08.976000,0 days 00:22:28.345000,218.0,202.0,274.0,282.0,True,SOFT,5.0,True,Renault,0 days 00:21:15.381000,2019-05-25 13:06:16.016,1,,False,,False,True
0 days 00:28:26.388000,HUL,27,,6.0,1.0,,0 days 00:23:45.832000,0 days 00:00:22.475000,0 days 00:00:40.771000,,0 days 00:22:50.858000,0 days 00:23:31.668000,,106.0,174.0,,257.0,False,SOFT,6.0,True,Renault,0 days 00:22:28.345000,2019-05-25 13:07:28.980,1,,False,,False,False
0 days 00:29:53.852000,HUL,27,0 days 00:01:27.464000,7.0,2.0,0 days 00:28:27.068000,,0 days 00:00:23.691000,0 days 00:00:42.201000,0 days 00:00:21.572000,0 days 00:28:50.079000,0 days 00:29:32.280000,0 days 00:29:53.852000,186.0,182.0,275.0,270.0,False,SOFT,1.0,True,Renault,0 days 00:28:26.388000,2019-05-25 13:13:27.023,1,,False,,False,False
0 days 00:31:06.120000,HUL,27,0 days 00:01:12.268000,8.0,2.0,,,0 days 00:00:18.944000,0 days 00:00:33.897000,0 days 00:00:19.427000,0 days 00:30:12.796000,0 days 00:30:46.693000,0 days 00:31:06.120000,221.0,204.0,274.0,285.0,True,SOFT,2.0,True,Renault,0 days 00:29:53.852000,2019-05-25 13:14:54.487,1,,False,,False,True
0 days 00:32:39.098000,HUL,27,0 days 00:01:32.978000,9.0,2.0,,,0 days 00:00:23.374000,0 days 00:00:40.341000,0 days 00:00:29.263000,0 days 00:31:29.494000,0 days 00:32:09.835000,0 days 00:32:39.098000,180.0,181.0,274.0,230.0,False,SOFT,3.0,True,Renault,0 days 00:31:06.120000,2019-05-25 13:16:06.755,1,,False,,False,True
0 days 00:33:51.195000,HUL,27,0 days 00:01:12.097000,10.0,2.0,,,0 days 00:00:18.880000,0 days 00:00:33.846000,0 days 00:00:19.371000,0 days 00:32:57.978000,0 days 00:33:31.824000,0 days 00:33:51.195000,222.0,205.0,271.0,284.0,True,SOFT,4.0,True,Renault,0 days 00:32:39.098000,2019-05-25 13:17:39.733,1,,False,,False,True
0 days 00:40:20.133000,HUL,27,,11.0,2.0,,0 days 00:35:11.825000,0 days 00:00:23.286000,0 days 00:00:41.116000,,0 days 00:34:14.651000,0 days 00:34:55.695000,,141.0,164.0,,256.0,False,SOFT,5.0,True,Renault,0 days 00:33:51.195000,2019-05-25 13:18:51.830,12,,False,,False,False
0 days 00:41:53.055000,HUL,27,0 days 00:01:32.922000,12.0,3.0,0 days 00:40:21.266000,,0 days 00:00:28.093000,0 days 00:00:42.350000,0 days 00:00:22.479000,0 days 00:40:48.226000,0 days 00:41:30.576000,0 days 00:41:53.055000,185.0,176.0,272.0,277.0,False,SOFT,1.0,True,Renault,0 days 00:40:20.133000,2019-05-25 13:25:20.768,1,,False,,False,False
0 days 00:43:05.512000,HUL,27,0 days 00:01:12.457000,13.0,3.0,,,0 days 00:00:18.939000,0 days 00:00:34.284000,0 days 00:00:19.234000,0 days 00:42:11.994000,0 days 00:42:46.278000,0 days 00:43:05.512000,219.0,204.0,274.0,285.0,True,SOFT,2.0,True,Renault,0 days 00:41:53.055000,2019-05-25 13:26:53.690,1,,False,,False,True
0 days 00:44:38.310000,HUL,27,0 days 00:01:32.798000,14.0,3.0,,,0 days 00:00:24.867000,0 days 00:00:40.649000,0 days 00:00:27.282000,0 days 00:43:30.379000,0 days 00:44:11.028000,0 days 00:44:38.310000,182.0,174.0,274.0,256.0,False,SOFT,3.0,True,Renault,0 days 00:43:05.512000,2019-05-25 13:28:06.147,1,,False,,False,True
0 days 00:45:50.160000,HUL,27,0 days 00:01:11.850000,15.0,3.0,,,0 days 00:00:18.865000,0 days 00:00:33.858000,0 days 00:00:19.127000,0 days 00:44:57.175000,0 days 00:45:31.033000,0 days 00:45:50.160000,222.0,204.0,273.0,285.0,True,SOFT,4.0,True,Renault,0 days 00:44:38.310000,2019-05-25 13:29:38.945,1,,False,,False,True
0 days 00:49:34.015000,HUL,27,,16.0,3.0,,0 days 00:47:06.240000,0 days 00:00:21.748000,0 days 00:00:39.019000,,0 days 00:46:11.905000,0 days 00:46:50.983000,,180.0,183.0,,257.0,False,SOFT,5.0,True,Renault,0 days 00:45:50.160000,2019-05-25 13:30:50.795,1,,False,,False,False
0 days 00:51:00.002000,HUL,27,0 days 00:01:25.987000,17.0,4.0,0 days 00:49:34.721000,,0 days 00:00:24.948000,0 days 00:00:38.405000,0 days 00:00:22.634000,0 days 00:49:58.963000,0 days 00:50:37.368000,0 days 00:51:00.002000,177.0,177.0,264.0,271.0,False,SOFT,1.0,True,Renault,0 days 00:49:34.015000,2019-05-25 13:34:34.650,1,,False,,False,False
0 days 00:52:22.166000,HUL,27,0 days 00:01:22.164000,18.0,4.0,,,0 days 00:00:20.327000,0 days 00:00:38.771000,0 days 00:00:23.066000,0 days 00:51:20.329000,0 days 00:51:59.100000,0 days 00:52:22.166000,197.0,194.0,275.0,273.0,False,SOFT,2.0,True,Renault,0 days 00:51:00.002000,2019-05-25 13:36:00.637,1,,False,,False,True
0 days 00:53:33.836000,HUL,27,0 days 00:01:11.670000,19.0,4.0,,,0 days 00:00:18.785000,0 days 00:00:33.824000,0 days 00:00:19.061000,0 days 00:52:40.951000,0 days 00:53:14.775000,0 days 00:53:33.836000,222.0,207.0,274.0,284.0,True,SOFT,3.0,True,Renault,0 days 00:52:22.166000,2019-05-25 13:37:22.801,1,,False,,False,True
0 days 00:54:50.464000,HUL,27,,20.0,4.0,,0 days 00:54:50.464000,0 days 00:00:22.161000,0 days 00:00:39.097000,,0 days 00:53:56.067000,0 days 00:54:35.160000,,121.0,178.0,,258.0,False,SOFT,4.0,True,Renault,0 days 00:53:33.836000,2019-05-25 13:38:34.471,1,,False,,False,False
0 days 00:16:39.100000,NOR,4,0 days 00:01:34.600000,1.0,1.0,0 days 00:15:05.184000,,0 days 00:00:29.654000,0 days 00:00:40.680000,0 days 00:00:24.266000,0 days 00:15:34.169000,0 days 00:16:14.884000,0 days 00:16:39.236000,173.0,167.0,274.0,242.0,False,SOFT,1.0,True,McLaren,0 days 00:15:05.184000,2019-05-25 13:00:05.819,1,,False,,False,False
0 days 00:17:53.286000,NOR,4,0 days 00:01:14.186000,2.0,1.0,,,0 days 00:00:19.926000,0 days 00:00:34.618000,0 days 00:00:19.642000,0 days 00:16:59.026000,0 days 00:17:33.644000,0 days 00:17:53.286000,215.0,199.0,275.0,284.0,True,SOFT,2.0,True,McLaren,0 days 00:16:39.100000,2019-05-25 13:01:39.735,1,,False,,False,True
0 days 00:19:21.978000,NOR,4,0 days 00:01:28.692000,3.0,1.0,,,0 days 00:00:23.218000,0 days 00:00:41.407000,0 days 00:00:24.067000,0 days 00:18:16.504000,0 days 00:18:57.911000,0 days 00:19:21.978000,162.0,151.0,276.0,242.0,False,SOFT,3.0,True,McLaren,0 days 00:17:53.286000,2019-05-25 13:02:53.921,1,,False,,False,True
0 days 00:20:34.928000,NOR,4,0 days 00:01:12.950000,4.0,1.0,,,0 days 00:00:19.385000,0 days 00:00:34.152000,0 days 00:00:19.413000,0 days 00:19:41.363000,0 days 00:20:15.515000,0 days 00:20:34.928000,222.0,203.0,276.0,287.0,True,SOFT,4.0,True,McLaren,0 days 00:19:21.978000,2019-05-25 13:04:22.613,1,,False,,False,True
0 days 00:22:09.525000,NOR,4,0 days 00:01:34.597000,5.0,1.0,,,0 days 00:00:22.461000,0 days 00:00:45.876000,0 days 00:00:26.260000,0 days 00:20:57.389000,0 days 00:21:43.265000,0 days 00:22:09.525000,154.0,136.0,274.0,194.0,False,SOFT,5.0,True,McLaren,0 days 00:20:34.928000,2019-05-25 13:05:35.563,1,,False,,False,True
0 days 00:23:22.402000,NOR,4,0 days 00:01:12.877000,6.0,1.0,,,0 days 00:00:19.357000,0 days 00:00:34.160000,0 days 00:00:19.360000,0 days 00:22:28.882000,0 days 00:23:03.042000,0 days 00:23:22.402000,220.0,203.0,274.0,287.0,True,SOFT,6.0,True,McLaren,0 days 00:22:09.525000,2019-05-25 13:07:10.160,1,,False,,False,True
0 days 00:27:35.500000,NOR,4,,7.0,1.0,,0 days 00:24:39.324000,0 days 00:00:22.024000,0 days 00:00:39.020000,,0 days 00:23:44.444000,0 days 00:24:23.444000,,153.0,162.0,,255.0,False,SOFT,7.0,True,McLaren,0 days 00:23:22.402000,2019-05-25 13:08:23.037,1,,False,,False,False
0 days 00:29:10.246000,NOR,4,0 days 00:01:34.746000,8.0,2.0,0 days 00:27:36.103000,,0 days 00:00:25.862000,0 days 00:00:42.080000,0 days 00:00:26.804000,0 days 00:28:01.362000,0 days 00:28:43.442000,0 days 00:29:10.246000,184.0,155.0,274.0,260.0,False,SOFT,1.0,True,McLaren,0 days 00:27:35.500000,2019-05-25 13:12:36.135,1,,False,,False,False
0 days 00:30:22.493000,NOR,4,0 days 00:01:12.247000,9.0,2.0,,,0 days 00:00:19.237000,0 days 00:00:33.914000,0 days 00:00:19.096000,0 days 00:29:29.483000,0 days 00:30:03.397000,0 days 00:30:22.493000,223.0,203.0,274.0,285.0,True,SOFT,2.0,True,McLaren,0 days 00:29:10.246000,2019-05-25 13:14:10.881,1,,False,,False,True
0 days 00:31:55.489000,NOR,4,0 days 00:01:32.996000,10.0,2.0,,,0 days 00:00:24.444000,0 days 00:00:44.081000,0 days 00:00:24.471000,0 days 00:30:46.937000,0 days 00:31:31.018000,0 days 00:31:55.489000,158.0,128.0,274.0,252.0,False,SOFT,3.0,True,McLaren,0 days 00:30:22.493000,2019-05-25 13:15:23.128,1,,False,,False,True
0 days 00:33:07.334000,NOR,4,0 days 00:01:11.845000,11.0,2.0,,,0 days 00:00:19.053000,0 days 00:00:33.699000,0 days 00:00:19.093000,0 days 00:32:14.542000,0 days 00:32:48.241000,0 days 00:33:07.334000,224.0,205.0,275.0,286.0,True,SOFT,4.0,True,McLaren,0 days 00:31:55.489000,2019-05-25 13:16:56.124,1,,False,,False,True
0 days 00:40:12.626000,NOR,4,,12.0,2.0,,0 days 00:34:29.596000,0 days 00:00:23.491000,0 days 00:00:40.610000,,0 days 00:33:30.862000,0 days 00:34:11.500000,,167.0,159.0,,222.0,False,SOFT,5.0,True,McLaren,0 days 00:33:07.334000,2019-05-25 13:18:07.969,12,,False,,False,False
0 days 00:41:44.500000,NOR,4,0 days 00:01:31.874000,13.0,3.0,0 days 00:40:13.762000,,0 days 00:00:31.989000,0 days 00:00:38.532000,0 days 00:00:21.353000,0 days 00:40:44.615000,0 days 00:41:23.147000,0 days 00:41:44.500000,187.0,183.0,276.0,260.0,False,SOFT,1.0,True,McLaren,0 days 00:40:12.626000,2019-05-25 13:25:13.261,1,,False,,False,False
0 days 00:42:56.516000,NOR,4,0 days 00:01:12.016000,14.0,3.0,,,0 days 00:00:19.043000,0 days 00:00:33.849000,0 days 00:00:19.124000,0 days 00:42:03.543000,0 days 00:42:37.392000,0 days 00:42:56.516000,223.0,203.0,276.0,287.0,True,SOFT,2.0,True,McLaren,0 days 00:41:44.500000,2019-05-25 13:26:45.135,1,,False,,False,True
0 days 00:44:28.353000,NOR,4,0 days 00:01:31.837000,15.0,3.0,,,0 days 00:00:23.783000,0 days 00:00:43.141000,0 days 00:00:24.913000,0 days 00:43:20.299000,0 days 00:44:03.440000,0 days 00:44:28.353000,170.0,144.0,276.0,237.0,False,SOFT,3.0,True,McLaren,0 days 00:42:56.516000,2019-05-25 13:27:57.151,1,,False,,False,True
0 days 00:45:40.338000,NOR,4,0 days 00:01:11.985000,16.0,3.0,,,0 days 00:00:18.884000,0 days 00:00:33.743000,0 days 00:00:19.358000,0 days 00:44:47.237000,0 days 00:45:20.980000,0 days 00:45:40.338000,224.0,205.0,276.0,287.0,True,SOFT,4.0,True,McLaren,0 days 00:44:28.353000,2019-05-25 13:29:28.988,1,,False,,False,True
0 days 00:49:45.369000,NOR,4,,17.0,3.0,,0 days 00:47:00.437000,0 days 00:00:22.005000,0 days 00:00:41.677000,,0 days 00:46:02.358000,0 days 00:46:44.041000,,188.0,149.0,,208.0,False,SOFT,5.0,True,McLaren,0 days 00:45:40.338000,2019-05-25 13:30:40.973,1,,False,,False,False
0 days 00:51:13.472000,NOR,4,0 days 00:01:28.103000,18.0,4.0,0 days 00:49:46.078000,,0 days 00:00:27.714000,0 days 00:00:37.603000,0 days 00:00:22.786000,0 days 00:50:13.083000,0 days 00:50:50.686000,0 days 00:51:13.472000,192.0,185.0,277.0,258.0,False,SOFT,1.0,True,McLaren,0 days 00:49:45.369000,2019-05-25 13:34:46.004,1,,False,,False,False
0 days 00:52:25.305000,NOR,4,0 days 00:01:11.833000,19.0,4.0,,,0 days 00:00:18.909000,0 days 00:00:33.767000,0 days 00:00:19.157000,0 days 00:51:32.381000,0 days 00:52:06.148000,0 days 00:52:25.305000,225.0,207.0,276.0,289.0,True,SOFT,2.0,True,McLaren,0 days 00:51:13.472000,2019-05-25 13:36:14.107,1,,False,,False,True
0 days 00:53:57.902000,NOR,4,0 days 00:01:32.597000,20.0,4.0,,,0 days 00:00:23.558000,0 days 00:00:44.506000,0 days 00:00:24.533000,0 days 00:52:48.863000,0 days 00:53:33.369000,0 days 00:53:57.902000,168.0,131.0,275.0,231.0,False,SOFT,3.0,True,McLaren,0 days 00:52:25.305000,2019-05-25 13:37:25.940,1,,False,,False,True
0 days 00:55:09.626000,NOR,4,0 days 00:01:11.724000,21.0,4.0,,,0 days 00:00:18.882000,0 days 00:00:33.737000,0 days 00:00:19.105000,0 days 00:54:16.784000,0 days 00:54:50.521000,0 days 00:55:09.626000,226.0,206.0,275.0,287.0,True,SOFT,4.0,True,McLaren,0 days 00:53:57.902000,2019-05-25 13:38:58.537,1,,False,,False,True
0 days 00:56:31.021000,NOR,4,,22.0,4.0,,0 days 00:56:31.021000,0 days 00:00:22.922000,0 days 00:00:40.759000,,0 days 00:55:32.552000,0 days 00:56:13.315000,,154.0,145.0,,227.0,False,SOFT,5.0,True,McLaren,0 days 00:55:09.626000,2019-05-25 13:40:10.261,1,,False,,False,False
0 days 00:16:56.008000,GRO,8,0 days 00:01:35.427000,1.0,1.0,0 days 00:15:21.486000,,0 days 00:00:26.738000,0 days 00:00:39.218000,0 days 00:00:29.471000,0 days 00:15:47.335000,0 days 00:16:26.584000,0 days 00:16:56.100000,173.0,173.0,271.0,264.0,False,SOFT,1.0,True,Haas F1 Team,0 days 00:15:21.486000,2019-05-25 13:00:22.121,1,,False,,False,False
0 days 00:18:10.319000,GRO,8,0 days 00:01:14.311000,2.0,1.0,,,0 days 00:00:19.726000,0 days 00:00:34.816000,0 days 00:00:19.769000,0 days 00:17:15.734000,0 days 00:17:50.550000,0 days 00:18:10.319000,214.0,197.0,271.0,283.0,True,SOFT,2.0,True,Haas F1 Team,0 days 00:16:56.008000,2019-05-25 13:01:56.643,1,,False,,False,True
0 days 00:19:48.537000,GRO,8,0 days 00:01:38.218000,3.0,1.0,,,0 days 00:00:22.905000,0 days 00:00:41.559000,0 days 00:00:33.754000,0 days 00:18:33.224000,0 days 00:19:14.783000,0 days 00:19:48.537000,158.0,174.0,271.0,257.0,False,SOFT,3.0,True,Haas F1 Team,0 days 00:18:10.319000,2019-05-25 13:03:10.954,1,,False,,False,True
0 days 00:21:01.692000,GRO,8,0 days 00:01:13.155000,4.0,1.0,,,0 days 00:00:19.417000,0 days 00:00:34.201000,0 days 00:00:19.537000,0 days 00:20:07.954000,0 days 00:20:42.155000,0 days 00:21:01.692000,218.0,203.0,273.0,285.0,True,SOFT,4.0,True,Haas F1 Team,0 days 00:19:48.537000,2019-05-25 13:04:49.172,1,,False,,False,True
0 days 00:22:36.929000,GRO,8,0 days 00:01:35.237000,5.0,1.0,,,0 days 00:00:23.538000,0 days 00:00:47.214000,0 days 00:00:24.485000,0 days 00:21:25.230000,0 days 00:22:12.444000,0 days 00:22:36.929000,144.0,133.0,272.0,234.0,False,SOFT,5.0,True,Haas F1 Team,0 days 00:21:01.692000,2019-05-25 13:06:02.327,1,,False,,False,True
0 days 00:23:49.601000,GRO,8,0 days 00:01:12.672000,6.0,1.0,,,0 days 00:00:19.211000,0 days 00:00:34.059000,0 days 00:00:19.402000,0 days 00:22:56.140000,0 days 00:23:30.199000,0 days 00:23:49.601000,220.0,203.0,270.0,287.0,True,SOFT,6.0,True,Haas F1 Team,0 days 00:22:36.929000,2019-05-25 13:07:37.564,1,,False,,False,True
0 days 00:26:50.631000,GRO,8,,7.0,1.0,,0 days 00:25:06.780000,0 days 00:00:22.315000,0 days 00:00:39.178000,,0 days 00:24:11.915000,0 days 00:24:51.118000,,171.0,173.0,,250.0,False,SOFT,7.0,True,Haas F1 Team,0 days 00:23:49.601000,2019-05-25 13:08:50.236,1,,False,,False,False
0 days 00:28:17.591000,GRO,8,0 days 00:01:26.960000,8.0,2.0,0 days 00:26:51.237000,,0 days 00:00:25.764000,0 days 00:00:39.156000,0 days 00:00:22.040000,0 days 00:27:16.395000,0 days 00:27:55.551000,0 days 00:28:17.591000,174.0,183.0,270.0,270.0,False,SOFT,1.0,True,Haas F1 Team,0 days 00:26:50.631000,2019-05-25 13:11:51.266,1,,False,,False,False
0 days 00:29:29.428000,GRO,8,0 days 00:01:11.837000,9.0,2.0,,,0 days 00:00:18.965000,0 days 00:00:33.670000,0 days 00:00:19.202000,0 days 00:28:36.556000,0 days 00:29:10.226000,0 days 00:29:29.428000,218.0,205.0,273.0,284.0,True,SOFT,2.0,True,Haas F1 Team,0 days 00:28:17.591000,2019-05-25 13:13:18.226,1,,False,,False,True
0 days 00:31:13.457000,GRO,8,0 days 00:01:44.029000,10.0,2.0,,,0 days 00:00:24.735000,0 days 00:00:52.752000,0 days 00:00:26.542000,0 days 00:29:54.163000,0 days 00:30:46.915000,0 days 00:31:13.457000,80.0,68.0,271.0,253.0,False,SOFT,3.0,True,Haas F1 Team,0 days 00:29:29.428000,2019-05-25 13:14:30.063,1,,False,,False,True
0 days 00:40:24.011000,GRO,8,,11.0,2.0,,0 days 00:32:29.788000,0 days 00:00:19.279000,0 days 00:00:38.998000,,0 days 00:31:32.770000,0 days 00:32:11.754000,,194.0,165.0,,257.0,False,SOFT,4.0,True,Haas F1 Team,0 days 00:31:13.457000,2019-05-25 13:16:14.092,12,,False,,False,False
0 days 00:41:56.935000,GRO,8,0 days 00:01:32.924000,12.0,3.0,0 days 00:40:25.337000,,0 days 00:00:28.369000,0 days 00:00:40.006000,0 days 00:00:24.549000,0 days 00:40:52.380000,0 days 00:41:32.386000,0 days 00:41:56.935000,187.0,168.0,273.0,272.0,False,SOFT,1.0,True,Haas F1 Team,0 days 00:40:24.011000,2019-05-25 13:25:24.646,1,,False,,False,False
0 days 00:43:11.410000,GRO,8,0 days 00:01:14.475000,13.0,3.0,,,0 days 00:00:19.039000,0 days 00:00:35.146000,0 days 00:00:20.290000,0 days 00:42:15.974000,0 days 00:42:51.120000,0 days 00:43:11.410000,221.0,197.0,272.0,284.0,True,SOFT,2.0,True,Haas F1 Team,0 days 00:41:56.935000,2019-05-25 13:26:57.570,1,,False,,False,True
0 days 00:44:42.548000,GRO,8,0 days 00:01:31.138000,14.0,3.0,,,0 days 00:00:22.530000,0 days 00:00:41.896000,0 days 00:00:26.712000,0 days 00:43:33.940000,0 days 00:44:15.836000,0 days 00:44:42.548000,162.0,156.0,273.0,247.0,False,SOFT,3.0,True,Haas F1 Team,0 days 00:43:11.410000,2019-05-25 13:28:12.045,1,,False,,False,True
0 days 00:45:54.807000,GRO,8,0 days 00:01:12.259000,15.0,3.0,,,0 days 00:00:19.004000,0 days 00:00:33.973000,0 days 00:00:19.282000,0 days 00:45:01.552000,0 days 00:45:35.525000,0 days 00:45:54.807000,222.0,209.0,273.0,285.0,True,SOFT,4.0,True,Haas F1 Team,0 days 00:44:42.548000,2019-05-25 13:29:43.183,1,,False,,False,True
0 days 00:48:49.434000,GRO,8,,16.0,3.0,,0 days 00:47:11.076000,0 days 00:00:22.121000,0 days 00:00:38.759000,,0 days 00:46:16.944000,0 days 00:46:55.695000,,171.0,172.0,,253.0,False,SOFT,5.0,True,Haas F1 Team,0 days 00:45:54.807000,2019-05-25 13:30:55.442,1,,False,,False,False
0 days 00:50:14.578000,GRO,8,0 days 00:01:25.144000,17.0,4.0,0 days 00:48:50.043000,,0 days 00:00:24.710000,0 days 00:00:38.166000,0 days 00:00:22.268000,0 days 00:49:14.144000,0 days 00:49:52.310000,0 days 00:50:14.578000,181.0,184.0,269.0,268.0,False,SOFT,1.0,True,Haas F1 Team,0 days 00:48:49.434000,2019-05-25 13:33:50.069,1,,False,,False,False
0 days 00:51:26.605000,GRO,8,0 days 00:01:12.027000,18.0,4.0,,,0 days 00:00:18.995000,0 days 00:00:33.758000,0 days 00:00:19.274000,0 days 00:50:33.573000,0 days 00:51:07.331000,0 days 00:51:26.605000,221.0,208.0,270.0,282.0,True,SOFT,2.0,True,Haas F1 Team,0 days 00:50:14.578000,2019-05-25 13:35:15.213,1,,False,,False,True
0 days 00:53:06.401000,GRO,8,0 days 00:01:39.796000,19.0,4.0,,,0 days 00:00:29.295000,0 days 00:00:48.227000,0 days 00:00:22.274000,0 days 00:51:55.900000,0 days 00:52:44.127000,0 days 00:53:06.401000,68.0,179.0,273.0,252.0,False,SOFT,3.0,True,Haas F1 Team,0 days 00:51:26.605000,2019-05-25 13:36:27.240,1,,False,,False,True
0 days 00:54:35.416000,GRO,8,0 days 00:01:29.015000,20.0,4.0,,,0 days 00:00:20.820000,0 days 00:00:41.361000,0 days 00:00:26.834000,0 days 00:53:27.221000,0 days 00:54:08.582000,0 days 00:54:35.416000,98.0,171.0,272.0,248.0,False,SOFT,4.0,True,Haas F1 Team,0 days 00:53:06.401000,2019-05-25 13:38:07.036,1,,False,,False,True
0 days 00:55:44.830000,GRO,8,,21.0,4.0,,0 days 00:55:44.830000,0 days 00:00:18.874000,0 days 00:00:34.799000,,0 days 00:54:54.317000,0 days 00:55:29.152000,,219.0,178.0,,284.0,False,SOFT,5.0,True,Haas F1 Team,0 days 00:54:35.416000,2019-05-25 13:39:36.051,1,,False,,False,False
0 days 00:17:16.027000,RAI,7,0 days 00:01:40.188000,1.0,1.0,0 days 00:15:37.429000,,0 days 00:00:30.623000,0 days 00:00:41.784000,0 days 00:00:27.781000,0 days 00:16:06.492000,0 days 00:16:48.315000,0 days 00:17:16.192000,187.0,164.0,273.0,272.0,False,SOFT,1.0,True,Alfa Romeo Racing,0 days 00:15:37.429000,2019-05-25 13:00:38.064,1,,False,,False,False
0 days 00:18:29.158000,RAI,7,0 days 00:01:13.131000,2.0,1.0,,,0 days 00:00:19.415000,0 days 00:00:34.262000,0 days 00:00:19.454000,0 days 00:17:35.442000,0 days 00:18:09.704000,0 days 00:18:29.158000,220.0,199.0,274.0,287.0,True,SOFT,2.0,True,Alfa Romeo Racing,0 days 00:17:16.027000,2019-05-25 13:02:16.662,1,,False,,False,True
0 days 00:19:59.823000,RAI,7,0 days 00:01:30.665000,3.0,1.0,,,0 days 00:00:23.857000,0 days 00:00:42.989000,0 days 00:00:23.819000,0 days 00:18:53.015000,0 days 00:19:36.004000,0 days 00:19:59.823000,163.0,140.0,275.0,251.0,False,SOFT,3.0,True,Alfa Romeo Racing,0 days 00:18:29.158000,2019-05-25 13:03:29.793,1,,False,,False,True
0 days 00:21:12.473000,RAI,7,0 days 00:01:12.650000,4.0,1.0,,,0 days 00:00:19.067000,0 days 00:00:34.056000,0 days 00:00:19.527000,0 days 00:20:18.890000,0 days 00:20:52.946000,0 days 00:21:12.473000,221.0,205.0,275.0,289.0,True,SOFT,4.0,True,Alfa Romeo Racing,0 days 00:19:59.823000,2019-05-25 13:05:00.458,1,,False,,False,True
0 days 00:22:50.538000,RAI,7,0 days 00:01:38.065000,5.0,1.0,,,0 days 00:00:29.730000,0 days 00:00:46.402000,0 days 00:00:21.933000,0 days 00:21:42.203000,0 days 00:22:28.605000,0 days 00:22:50.538000,136.0,182.0,275.0,221.0,False,SOFT,5.0,True,Alfa Romeo Racing,0 days 00:21:12.473000,2019-05-25 13:06:13.108,1,,False,,False,True
0 days 00:27:53.506000,RAI,7,,6.0,1.0,,0 days 00:24:03.476000,0 days 00:00:19.342000,0 days 00:00:37.938000,,0 days 00:23:09.968000,0 days 00:23:47.891000,,216.0,167.0,,228.0,False,SOFT,6.0,True,Alfa Romeo Racing,0 days 00:22:50.538000,2019-05-25 13:07:51.173,1,,False,,False,False
0 days 00:29:26.760000,RAI,7,0 days 00:01:33.254000,7.0,2.0,0 days 00:27:54.558000,,0 days 00:00:25.856000,0 days 00:00:39.708000,0 days 00:00:27.690000,0 days 00:28:19.362000,0 days 00:28:59.070000,0 days 00:29:26.760000,178.0,185.0,274.0,266.0,False,SOFT,1.0,True,Alfa Romeo Racing,0 days 00:27:53.506000,2019-05-25 13:12:54.141,1,,False,,False,False
0 days 00:30:38.753000,RAI,7,0 days 00:01:11.993000,8.0,2.0,,,0 days 00:00:18.959000,0 days 00:00:33.913000,0 days 00:00:19.121000,0 days 00:29:45.719000,0 days 00:30:19.632000,0 days 00:30:38.753000,222.0,204.0,275.0,288.0,True,SOFT,2.0,True,Alfa Romeo Racing,0 days 00:29:26.760000,2019-05-25 13:14:27.395,1,,False,,False,True
0 days 00:32:16.954000,RAI,7,0 days 00:01:38.201000,9.0,2.0,,,0 days 00:00:26.778000,0 days 00:00:46.649000,0 days 00:00:24.774000,0 days 00:31:05.531000,0 days 00:31:52.180000,0 days 00:32:16.954000,79.0,154.0,274.0,240.0,False,SOFT,3.0,True,Alfa Romeo Racing,0 days 00:30:38.753000,2019-05-25 13:15:39.388,1,,False,,False,True
0 days 00:33:29.031000,RAI,7,0 days 00:01:12.077000,10.0,2.0,,,0 days 00:00:18.984000,0 days 00:00:33.789000,0 days 00:00:19.304000,0 days 00:32:35.938000,0 days 00:33:09.727000,0 days 00:33:29.031000,222.0,205.0,273.0,287.0,False,SOFT,4.0,True,Alfa Romeo Racing,0 days 00:32:16.954000,2019-05-25 13:17:17.589,1,,False,,False,True
0 days 00:40:39.134000,RAI,7,,11.0,2.0,,0 days 00:34:57.551000,0 days 00:00:24.195000,0 days 00:00:45.757000,,0 days 00:33:53.185000,0 days 00:34:39.018000,,154.0,144.0,,188.0,False,SOFT,5.0,True,Alfa Romeo Racing,0 days 00:33:29.031000,2019-05-25 13:18:29.666,12,,False,,False,False
0 days 00:42:08.912000,RAI,7,0 days 00:01:29.778000,12.0,3.0,0 days 00:40:40.204000,,0 days 00:00:27.044000,0 days 00:00:39.795000,0 days 00:00:22.939000,0 days 00:41:06.178000,0 days 00:41:45.973000,0 days 00:42:08.912000,192.0,174.0,275.0,276.0,False,SOFT,1.0,True,Alfa Romeo Racing,0 days 00:40:39.134000,2019-05-25 13:25:39.769,1,,False,,False,False
0 days 00:43:21.520000,RAI,7,0 days 00:01:12.608000,13.0,3.0,,,0 days 00:00:19.304000,0 days 00:00:33.947000,0 days 00:00:19.357000,0 days 00:42:28.216000,0 days 00:43:02.163000,0 days 00:43:21.520000,222.0,199.0,274.0,287.0,True,SOFT,2.0,True,Alfa Romeo Racing,0 days 00:42:08.912000,2019-05-25 13:27:09.547,1,,False,,False,True
0 days 00:44:57.794000,RAI,7,0 days 00:01:36.274000,14.0,3.0,,,0 days 00:00:26.842000,0 days 00:00:41.760000,0 days 00:00:27.672000,0 days 00:43:48.362000,0 days 00:44:30.122000,0 days 00:44:57.794000,117.0,163.0,275.0,258.0,False,SOFT,3.0,True,Alfa Romeo Racing,0 days 00:43:21.520000,2019-05-25 13:28:22.155,1,,False,,False,True
0 days 00:46:09.909000,RAI,7,0 days 00:01:12.115000,15.0,3.0,,,0 days 00:00:18.941000,0 days 00:00:34.007000,0 days 00:00:19.167000,0 days 00:45:16.735000,0 days 00:45:50.742000,0 days 00:46:09.909000,221.0,205.0,275.0,288.0,True,SOFT,4.0,True,Alfa Romeo Racing,0 days 00:44:57.794000,2019-05-25 13:29:58.429,1,,False,,False,True
0 days 00:50:11.595000,RAI,7,,16.0,3.0,,0 days 00:47:25.865000,0 days 00:00:22.123000,0 days 00:00:38.627000,,0 days 00:46:31.967000,0 days 00:47:10.686000,,162.0,181.0,,257.0,False,SOFT,5.0,True,Alfa Romeo Racing,0 days 00:46:09.909000,2019-05-25 13:31:10.544,1,,False,,False,False
0 days 00:51:40.239000,RAI,7,0 days 00:01:28.644000,17.0,4.0,0 days 00:50:12.894000,,0 days 00:00:26.278000,0 days 00:00:38.740000,0 days 00:00:23.626000,0 days 00:50:37.873000,0 days 00:51:16.613000,0 days 00:51:40.239000,175.0,192.0,275.0,279.0,False,SOFT,1.0,True,Alfa Romeo Racing,0 days 00:50:11.595000,2019-05-25 13:35:12.230,1,,False,,False,False
0 days 00:52:52.396000,RAI,7,0 days 00:01:12.157000,18.0,4.0,,,0 days 00:00:18.901000,0 days 00:00:34.028000,0 days 00:00:19.228000,0 days 00:51:59.140000,0 days 00:52:33.168000,0 days 00:52:52.396000,222.0,204.0,274.0,289.0,False,SOFT,2.0,True,Alfa Romeo Racing,0 days 00:51:40.239000,2019-05-25 13:36:40.874,1,,False,,False,True
0 days 00:54:26.542000,RAI,7,0 days 00:01:34.146000,19.0,4.0,,,0 days 00:00:23.516000,0 days 00:00:42.808000,0 days 00:00:27.822000,0 days 00:53:15.912000,0 days 00:53:58.720000,0 days 00:54:26.542000,164.0,150.0,274.0,230.0,False,SOFT,3.0,True,Alfa Romeo Racing,0 days 00:52:52.396000,2019-05-25 13:37:53.031,1,,False,,False,True
0 days 00:55:38.677000,RAI,7,0 days 00:01:12.135000,20.0,4.0,,,0 days 00:00:18.941000,0 days 00:00:33.866000,0 days 00:00:19.328000,0 days 00:54:45.483000,0 days 00:55:19.349000,0 days 00:55:38.677000,222.0,205.0,272.0,287.0,False,SOFT,4.0,True,Alfa Romeo Racing,0 days 00:54:26.542000,2019-05-25 13:39:27.177,1,,False,,False,True
0 days 00:57:07.852000,RAI,7,,21.0,4.0,,0 days 00:57:07.852000,0 days 00:00:26.007000,0 days 00:00:44.186000,,0 days 00:56:04.657000,0 days 00:56:48.898000,,128.0,154.0,,204.0,False,SOFT,5.0,True,Alfa Romeo Racing,0 days 00:55:38.677000,2019-05-25 13:40:39.312,1,,False,,False,False
0 days 00:16:52.240000,GIO,99,0 days 00:01:35.125000,1.0,1.0,0 days 00:15:18.304000,,0 days 00:00:27.459000,0 days 00:00:38.341000,0 days 00:00:29.325000,0 days 00:15:44.621000,0 days 00:16:22.981000,0 days 00:16:52.418000,169.0,180.0,273.0,273.0,False,SOFT,1.0,True,Alfa Romeo Racing,0 days 00:15:18.304000,2019-05-25 13:00:18.939,1,,False,,False,False
0 days 00:18:06.267000,GIO,99,0 days 00:01:14.027000,2.0,1.0,,,0 days 00:00:19.678000,0 days 00:00:34.414000,0 days 00:00:19.935000,0 days 00:17:11.918000,0 days 00:17:46.332000,0 days 00:18:06.267000,215.0,196.0,272.0,287.0,True,SOFT,2.0,True,Alfa Romeo Racing,0 days 00:16:52.240000,2019-05-25 13:01:52.875,1,,False,,False,True
0 days 00:19:39.776000,GIO,99,0 days 00:01:33.509000,3.0,1.0,,,0 days 00:00:26.488000,0 days 00:00:40.746000,0 days 00:00:26.275000,0 days 00:18:32.755000,0 days 00:19:13.501000,0 days 00:19:39.776000,166.0,150.0,275.0,260.0,False,SOFT,3.0,True,Alfa Romeo Racing,0 days 00:18:06.267000,2019-05-25 13:03:06.902,1,,False,,False,True
0 days 00:20:52.488000,GIO,99,0 days 00:01:12.712000,4.0,1.0,,,0 days 00:00:19.162000,0 days 00:00:34.091000,0 days 00:00:19.459000,0 days 00:19:58.938000,0 days 00:20:33.029000,0 days 00:20:52.488000,221.0,203.0,273.0,287.0,True,SOFT,4.0,True,Alfa Romeo Racing,0 days 00:19:39.776000,2019-05-25 13:04:40.411,1,,False,,False,True
0 days 00:22:27.349000,GIO,99,0 days 00:01:34.861000,5.0,1.0,,,0 days 00:00:24.266000,0 days 00:00:41.925000,0 days 00:00:28.670000,0 days 00:21:16.754000,0 days 00:21:58.679000,0 days 00:22:27.349000,144.0,148.0,274.0,260.0,False,SOFT,5.0,True,Alfa Romeo Racing,0 days 00:20:52.488000,2019-05-25 13:05:53.123,1,,False,,False,True
0 days 00:23:40.187000,GIO,99,0 days 00:01:12.838000,6.0,1.0,,,0 days 00:00:19.139000,0 days 00:00:34.051000,0 days 00:00:19.648000,0 days 00:22:46.488000,0 days 00:23:20.539000,0 days 00:23:40.187000,221.0,206.0,274.0,288.0,False,SOFT,6.0,True,Alfa Romeo Racing,0 days 00:22:27.349000,2019-05-25 13:07:27.984,1,,False,,False,True
0 days 00:27:50.824000,GIO,99,,7.0,1.0,,0 days 00:24:58.341000,0 days 00:00:22.739000,0 days 00:00:39.118000,,0 days 00:24:02.945000,0 days 00:24:42.132000,,170.0,163.0,,261.0,False,SOFT,7.0,True,Alfa Romeo Racing,0 days 00:23:40.187000,2019-05-25 13:08:40.822,1,,False,,False,False
0 days 00:29:23.268000,GIO,99,0 days 00:01:32.444000,8.0,2.0,0 days 00:27:51.734000,,0 days 00:00:25.786000,0 days 00:00:37.854000,0 days 00:00:28.804000,0 days 00:28:16.610000,0 days 00:28:54.464000,0 days 00:29:23.268000,175.0,194.0,274.0,274.0,False,SOFT,1.0,True,Alfa Romeo Racing,0 days 00:27:50.824000,2019-05-25 13:12:51.459,1,,False,,False,False
0 days 00:30:35.244000,GIO,99,0 days 00:01:11.976000,9.0,2.0,,,0 days 00:00:18.883000,0 days 00:00:33.855000,0 days 00:00:19.238000,0 days 00:29:42.151000,0 days 00:30:16.006000,0 days 00:30:35.244000,221.0,202.0,274.0,287.0,True,SOFT,2.0,True,Alfa Romeo Racing,0 days 00:29:23.268000,2019-05-25 13:14:23.903,1,,False,,False,True
0 days 00:32:11.316000,GIO,99,0 days 00:01:36.072000,10.0,2.0,,,0 days 00:00:26.748000,0 days 00:00:43.336000,0 days 00:00:25.988000,0 days 00:31:01.992000,0 days 00:31:45.328000,0 days 00:32:11.316000,155.0,155.0,275.0,250.0,False,SOFT,3.0,True,Alfa Romeo Racing,0 days 00:30:35.244000,2019-05-25 13:15:35.879,1,,False,,False,True
0 days 00:33:23.691000,GIO,99,0 days 00:01:12.375000,11.0,2.0,,,0 days 00:00:18.782000,0 days 00:00:34.194000,0 days 00:00:19.399000,0 days 00:32:30.098000,0 days 00:33:04.292000,0 days 00:33:23.691000,224.0,208.0,274.0,288.0,False,SOFT,4.0,True,Alfa Romeo Racing,0 days 00:32:11.316000,2019-05-25 13:17:11.951,1,,False,,False,True
0 days 00:40:31.732000,GIO,99,,12.0,2.0,,0 days 00:34:44.681000,0 days 00:00:26.160000,0 days 00:00:38.879000,,0 days 00:33:49.816000,0 days 00:34:28.816000,,176.0,173.0,,257.0,False,SOFT,5.0,True,Alfa Romeo Racing,0 days 00:33:23.691000,2019-05-25 13:18:24.326,12,,False,,False,False
0 days 00:42:04.397000,GIO,99,0 days 00:01:32.665000,13.0,3.0,0 days 00:40:33.262000,,0 days 00:00:30.499000,0 days 00:00:37.901000,0 days 00:00:24.265000,0 days 00:41:02.231000,0 days 00:41:40.132000,0 days 00:42:04.397000,193.0,182.0,276.0,275.0,False,SOFT,1.0,True,Alfa Romeo Racing,0 days 00:40:31.732000,2019-05-25 13:25:32.367,1,,False,,False,False
0 days 00:43:17.146000,GIO,99,0 days 00:01:12.749000,14.0,3.0,,,0 days 00:00:18.907000,0 days 00:00:34.396000,0 days 00:00:19.446000,0 days 00:42:23.304000,0 days 00:42:57.700000,0 days 00:43:17.146000,223.0,198.0,274.0,288.0,True,SOFT,2.0,True,Alfa Romeo Racing,0 days 00:42:04.397000,2019-05-25 13:27:05.032,1,,False,,False,True
0 days 00:44:54.284000,GIO,99,0 days 00:01:37.138000,15.0,3.0,,,0 days 00:00:27.618000,0 days 00:00:41.601000,0 days 00:00:27.919000,0 days 00:43:44.764000,0 days 00:44:26.365000,0 days 00:44:54.284000,156.0,166.0,274.0,257.0,False,SOFT,3.0,True,Alfa Romeo Racing,0 days 00:43:17.146000,2019-05-25 13:28:17.781,1,,False,,False,True
0 days 00:46:06.469000,GIO,99,0 days 00:01:12.185000,16.0,3.0,,,0 days 00:00:18.859000,0 days 00:00:33.844000,0 days 00:00:19.482000,0 days 00:45:13.143000,0 days 00:45:46.987000,0 days 00:46:06.469000,223.0,205.0,273.0,287.0,True,SOFT,4.0,True,Alfa Romeo Racing,0 days 00:44:54.284000,2019-05-25 13:29:54.919,1,,False,,False,True
0 days 00:50:07.290000,GIO,99,,17.0,3.0,,0 days 00:47:21.091000,0 days 00:00:21.821000,0 days 00:00:37.584000,,0 days 00:46:28.301000,0 days 00:47:05.928000,,189.0,178.0,,258.0,False,SOFT,5.0,True,Alfa Romeo Racing,0 days 00:46:06.469000,2019-05-25 13:31:07.104,1,,False,,False,False
0 days 00:51:35.301000,GIO,99,0 days 00:01:28.011000,18.0,4.0,0 days 00:50:08.401000,,0 days 00:00:26.597000,0 days 00:00:38.103000,0 days 00:00:23.311000,0 days 00:50:33.887000,0 days 00:51:11.990000,0 days 00:51:35.301000,138.0,192.0,275.0,276.0,False,SOFT,1.0,True,Alfa Romeo Racing,0 days 00:50:07.290000,2019-05-25 13:35:07.925,1,,False,,False,False
0 days 00:52:57.098000,GIO,99,0 days 00:01:21.797000,19.0,4.0,,,0 days 00:00:20.221000,0 days 00:00:38.911000,0 days 00:00:22.665000,0 days 00:51:55.522000,0 days 00:52:34.433000,0 days 00:52:57.098000,186.0,168.0,243.0,267.0,False,SOFT,2.0,True,Alfa Romeo Racing,0 days 00:51:35.301000,2019-05-25 13:36:35.936,1,,False,,False,True
0 days 00:54:31.198000,GIO,99,0 days 00:01:34.100000,20.0,4.0,,,0 days 00:00:22.153000,0 days 00:00:43.197000,0 days 00:00:28.750000,0 days 00:53:19.251000,0 days 00:54:02.448000,0 days 00:54:31.198000,190.0,122.0,273.0,189.0,False,SOFT,3.0,True,Alfa Romeo Racing,0 days 00:52:57.098000,2019-05-25 13:37:57.733,1,,False,,False,True
0 days 00:55:43.403000,GIO,99,0 days 00:01:12.205000,21.0,4.0,,,0 days 00:00:18.950000,0 days 00:00:33.930000,0 days 00:00:19.325000,0 days 00:54:50.148000,0 days 00:55:24.078000,0 days 00:55:43.403000,221.0,205.0,274.0,287.0,False,SOFT,4.0,True,Alfa Romeo Racing,0 days 00:54:31.198000,2019-05-25 13:39:31.833,1,,False,,False,True
0 days 00:57:10.005000,GIO,99,,22.0,4.0,,0 days 00:57:10.005000,0 days 00:00:26.132000,0 days 00:00:40.899000,,0 days 00:56:09.665000,0 days 00:56:50.521000,,172.0,151.0,,205.0,False,SOFT,5.0,True,Alfa Romeo Racing,0 days 00:55:43.403000,2019-05-25 13:40:44.038,1,,False,,False,False
0 days 00:17:45.362000,LEC,16,0 days 00:01:26.320000,1.0,1.0,0 days 00:16:19.689000,,0 days 00:00:26.214000,0 days 00:00:37.913000,0 days 00:00:22.193000,0 days 00:16:45.336000,0 days 00:17:23.212000,0 days 00:17:45.505000,184.0,183.0,276.0,268.0,False,SOFT,1.0,True,Ferrari,0 days 00:16:19.689000,2019-05-25 13:01:20.324,1,,False,,False,False
0 days 00:18:58.187000,LEC,16,0 days 00:01:12.825000,2.0,1.0,,,0 days 00:00:19.275000,0 days 00:00:34.094000,0 days 00:00:19.456000,0 days 00:18:04.637000,0 days 00:18:38.731000,0 days 00:18:58.187000,221.0,200.0,276.0,289.0,True,SOFT,2.0,True,Ferrari,0 days 00:17:45.362000,2019-05-25 13:02:45.997,1,,False,,False,True
0 days 00:20:29.550000,LEC,16,0 days 00:01:31.363000,3.0,1.0,,,0 days 00:00:22.764000,0 days 00:00:45.468000,0 days 00:00:23.131000,0 days 00:19:20.951000,0 days 00:20:06.419000,0 days 00:20:29.550000,111.0,164.0,274.0,122.0,False,SOFT,3.0,True,Ferrari,0 days 00:18:58.187000,2019-05-25 13:03:58.822,1,,False,,False,True
0 days 00:21:41.699000,LEC,16,0 days 00:01:12.149000,4.0,1.0,,,0 days 00:00:18.978000,0 days 00:00:34.053000,0 days 00:00:19.118000,0 days 00:20:48.528000,0 days 00:21:22.581000,0 days 00:21:41.699000,225.0,199.0,277.0,289.0,True,SOFT,4.0,True,Ferrari,0 days 00:20:29.550000,2019-05-25 13:05:30.185,1,,False,,False,True
0 days 00:23:06.570000,LEC,16,0 days 00:01:24.871000,5.0,1.0,,,0 days 00:00:21.229000,0 days 00:00:38.849000,0 days 00:00:24.793000,0 days 00:22:02.928000,0 days 00:22:41.777000,0 days 00:23:06.570000,190.0,184.0,276.0,256.0,False,SOFT,5.0,True,Ferrari,0 days 00:21:41.699000,2019-05-25 13:06:42.334,1,,False,,False,True
0 days 00:24:19.024000,LEC,16,0 days 00:01:12.454000,6.0,1.0,,,0 days 00:00:18.903000,0 days 00:00:33.763000,0 days 00:00:19.788000,0 days 00:23:25.473000,0 days 00:23:59.236000,0 days 00:24:19.024000,225.0,204.0,275.0,288.0,False,SOFT,6.0,True,Ferrari,0 days 00:23:06.570000,2019-05-25 13:08:07.205,1,,False,,False,True
0 days 00:25:49.541000,LEC,16,0 days 00:01:30.517000,7.0,1.0,,,0 days 00:00:23.340000,0 days 00:00:42.797000,0 days 00:00:24.380000,0 days 00:24:42.364000,0 days 00:25:25.161000,0 days 00:25:49.541000,157.0,134.0,275.0,253.0,False,SOFT,7.0,True,Ferrari,0 days 00:24:19.024000,2019-05-25 13:09:19.659,1,,False,,False,True
0 days 00:26:57.415000,LEC,16,,8.0,1.0,,0 days 00:26:57.415000,0 days 00:00:19.113000,0 days 00:00:34.235000,,0 days 00:26:08.712000,0 days 00:26:42.907000,,222.0,201.0,,285.0,False,SOFT,8.0,True,Ferrari,0 days 00:25:49.541000,2019-05-25 13:10:50.176,1,,False,,False,False
0 days 00:17:35.533000,PER,11,0 days 00:01:37.411000,1.0,1.0,0 days 00:15:59.284000,,0 days 00:00:27.327000,0 days 00:00:39.685000,0 days 00:00:30.399000,0 days 00:16:25.570000,0 days 00:17:05.194000,0 days 00:17:35.677000,160.0,170.0,255.0,267.0,False,SOFT,1.0,True,Racing Point,0 days 00:15:59.284000,2019-05-25 13:00:59.919,1,,False,,False,False
0 days 00:19:05.694000,PER,11,0 days 00:01:30.161000,2.0,1.0,,,0 days 00:00:21.515000,0 days 00:00:40.403000,0 days 00:00:28.243000,0 days 00:17:57.048000,0 days 00:18:37.451000,0 days 00:19:05.694000,179.0,181.0,271.0,266.0,True,SOFT,2.0,True,Racing Point,0 days 00:17:35.533000,2019-05-25 13:02:36.168,1,,False,,False,True
0 days 00:20:19.461000,PER,11,0 days 00:01:13.767000,3.0,1.0,,,0 days 00:00:19.379000,0 days 00:00:34.689000,0 days 00:00:19.699000,0 days 00:19:25.073000,0 days 00:19:59.762000,0 days 00:20:19.461000,220.0,197.0,275.0,288.0,True,SOFT,3.0,True,Racing Point,0 days 00:19:05.694000,2019-05-25 13:04:06.329,1,,False,,False,True
0 days 00:21:54.356000,PER,11,0 days 00:01:34.895000,4.0,1.0,,,0 days 00:00:23.523000,0 days 00:00:43.355000,0 days 00:00:28.017000,0 days 00:20:42.984000,0 days 00:21:26.339000,0 days 00:21:54.356000,177.0,132.0,272.0,261.0,False,SOFT,4.0,True,Racing Point,0 days 00:20:19.461000,2019-05-25 13:05:20.096,1,,False,,False,True
0 days 00:23:07.718000,PER,11,0 days 00:01:13.362000,5.0,1.0,,,0 days 00:00:19.418000,0 days 00:00:34.400000,0 days 00:00:19.544000,0 days 00:22:13.774000,0 days 00:22:48.174000,0 days 00:23:07.718000,217.0,200.0,276.0,287.0,True,SOFT,5.0,True,Racing Point,0 days 00:21:54.356000,2019-05-25 13:06:54.991,1,,False,,False,True
0 days 00:28:15.742000,PER,11,,6.0,1.0,,0 days 00:24:28.170000,0 days 00:00:23.949000,0 days 00:00:40.769000,,0 days 00:23:31.668000,0 days 00:24:12.492000,,174.0,173.0,,258.0,False,SOFT,6.0,True,Racing Point,0 days 00:23:07.718000,2019-05-25 13:08:08.353,1,,False,,False,False
0 days 00:29:42.820000,PER,11,0 days 00:01:27.078000,7.0,2.0,0 days 00:28:16.398000,,0 days 00:00:24.603000,0 days 00:00:38.343000,0 days 00:00:24.132000,0 days 00:28:40.345000,0 days 00:29:18.688000,0 days 00:29:42.820000,180.0,188.0,271.0,266.0,False,SOFT,1.0,True,Racing Point,0 days 00:28:15.742000,2019-05-25 13:13:16.377,1,,False,,False,False
0 days 00:30:55.053000,PER,11,0 days 00:01:12.233000,8.0,2.0,,,0 days 00:00:18.978000,0 days 00:00:34.039000,0 days 00:00:19.216000,0 days 00:30:01.798000,0 days 00:30:35.837000,0 days 00:30:55.053000,222.0,201.0,275.0,288.0,True,SOFT,2.0,True,Racing Point,0 days 00:29:42.820000,2019-05-25 13:14:43.455,1,,False,,False,True
0 days 00:32:31.606000,PER,11,0 days 00:01:36.553000,9.0,2.0,,,0 days 00:00:21.991000,0 days 00:00:42.971000,0 days 00:00:31.591000,0 days 00:31:17.044000,0 days 00:32:00.015000,0 days 00:32:31.606000,177.0,121.0,273.0,260.0,False,SOFT,3.0,True,Racing Point,0 days 00:30:55.053000,2019-05-25 13:15:55.688,1,,False,,False,True
0 days 00:33:44.084000,PER,11,0 days 00:01:12.478000,10.0,2.0,,,0 days 00:00:18.945000,0 days 00:00:34.201000,0 days 00:00:19.332000,0 days 00:32:50.551000,0 days 00:33:24.752000,0 days 00:33:44.084000,224.0,200.0,272.0,286.0,False,SOFT,4.0,True,Racing Point,0 days 00:32:31.606000,2019-05-25 13:17:32.241,1,,False,,False,True
0 days 00:35:07.488000,PER,11,,11.0,2.0,,0 days 00:35:07.488000,0 days 00:00:26.716000,0 days 00:00:39.693000,,0 days 00:34:10.860000,0 days 00:34:50.562000,,125.0,171.0,,257.0,False,SOFT,5.0,True,Racing Point,0 days 00:33:44.084000,2019-05-25 13:18:44.719,1,,False,,False,False
0 days 00:17:32.867000,STR,18,0 days 00:01:40.644000,1.0,1.0,0 days 00:15:53.325000,,0 days 00:00:27.731000,0 days 00:00:38.825000,0 days 00:00:34.088000,0 days 00:16:20.064000,0 days 00:16:58.876000,0 days 00:17:33.040000,167.0,175.0,254.0,269.0,False,SOFT,1.0,True,Racing Point,0 days 00:15:53.325000,2019-05-25 13:00:53.960,1,,False,,False,False
0 days 00:19:00.430000,STR,18,0 days 00:01:27.563000,2.0,1.0,,,0 days 00:00:21.374000,0 days 00:00:36.975000,0 days 00:00:29.214000,0 days 00:17:54.241000,0 days 00:18:31.216000,0 days 00:19:00.430000,189.0,189.0,270.0,271.0,True,SOFT,2.0,True,Racing Point,0 days 00:17:32.867000,2019-05-25 13:02:33.502,1,,False,,False,True
0 days 00:20:14.471000,STR,18,0 days 00:01:14.041000,3.0,1.0,,,0 days 00:00:19.866000,0 days 00:00:34.521000,0 days 00:00:19.654000,0 days 00:19:20.296000,0 days 00:19:54.817000,0 days 00:20:14.471000,216.0,199.0,272.0,285.0,True,SOFT,3.0,True,Racing Point,0 days 00:19:00.430000,2019-05-25 13:04:01.065,1,,False,,False,True
0 days 00:21:48.804000,STR,18,0 days 00:01:34.333000,4.0,1.0,,,0 days 00:00:22.819000,0 days 00:00:45.450000,0 days 00:00:26.064000,0 days 00:20:37.290000,0 days 00:21:22.740000,0 days 00:21:48.804000,147.0,105.0,270.0,253.0,False,SOFT,4.0,True,Racing Point,0 days 00:20:14.471000,2019-05-25 13:05:15.106,1,,False,,False,True
0 days 00:23:02.289000,STR,18,0 days 00:01:13.485000,5.0,1.0,,,0 days 00:00:19.405000,0 days 00:00:34.488000,0 days 00:00:19.592000,0 days 00:22:08.209000,0 days 00:22:42.697000,0 days 00:23:02.289000,222.0,202.0,274.0,289.0,True,SOFT,5.0,True,Racing Point,0 days 00:21:48.804000,2019-05-25 13:06:49.439,1,,False,,False,True
0 days 00:26:39.135000,STR,18,,6.0,1.0,,0 days 00:24:21.634000,0 days 00:00:24.103000,0 days 00:00:39.086000,,0 days 00:23:26.504000,0 days 00:24:05.550000,,125.0,182.0,,261.0,False,SOFT,6.0,True,Racing Point,0 days 00:23:02.289000,2019-05-25 13:08:02.924,1,,False,,False,False
0 days 00:28:03.886000,STR,18,0 days 00:01:24.751000,7.0,2.0,0 days 00:26:39.818000,,0 days 00:00:24.458000,0 days 00:00:38.199000,0 days 00:00:22.094000,0 days 00:27:03.593000,0 days 00:27:41.792000,0 days 00:28:03.886000,190.0,184.0,266.0,265.0,False,SOFT,1.0,True,Racing Point,0 days 00:26:39.135000,2019-05-25 13:11:39.770,1,,False,,False,False
0 days 00:29:34.695000,STR,18,0 days 00:01:30.809000,8.0,2.0,,,0 days 00:00:21.684000,0 days 00:00:38.407000,0 days 00:00:30.718000,0 days 00:28:25.570000,0 days 00:29:03.977000,0 days 00:29:34.695000,187.0,157.0,270.0,268.0,False,SOFT,2.0,True,Racing Point,0 days 00:28:03.886000,2019-05-25 13:13:04.521,1,,False,,False,True
0 days 00:30:47.541000,STR,18,0 days 00:01:12.846000,9.0,2.0,,,0 days 00:00:19.220000,0 days 00:00:34.199000,0 days 00:00:19.427000,0 days 00:29:53.915000,0 days 00:30:28.114000,0 days 00:30:47.541000,222.0,204.0,275.0,288.0,True,SOFT,3.0,True,Racing Point,0 days 00:29:34.695000,2019-05-25 13:14:35.330,1,,False,,False,True
0 days 00:32:27.407000,STR,18,0 days 00:01:39.866000,10.0,2.0,,,0 days 00:00:24.362000,0 days 00:00:47.098000,0 days 00:00:28.406000,0 days 00:31:11.903000,0 days 00:31:59.001000,0 days 00:32:27.407000,133.0,109.0,270.0,257.0,False,SOFT,4.0,True,Racing Point,0 days 00:30:47.541000,2019-05-25 13:15:48.176,1,,False,,False,True
0 days 00:33:45.261000,STR,18,,11.0,2.0,,0 days 00:33:45.261000,0 days 00:00:19.124000,0 days 00:00:40.109000,,0 days 00:32:46.558000,0 days 00:33:26.712000,,221.0,171.0,,238.0,False,SOFT,5.0,True,Racing Point,0 days 00:32:27.407000,2019-05-25 13:17:28.042,1,,False,,False,False
0 days 00:16:33.668000,RUS,63,0 days 00:01:31.542000,1.0,1.0,0 days 00:15:02.813000,,0 days 00:00:25.824000,0 days 00:00:39.550000,0 days 00:00:26.168000,0 days 00:15:28.038000,0 days 00:16:07.599000,0 days 00:16:33.870000,170.0,177.0,263.0,263.0,False,SOFT,1.0,True,Williams,0 days 00:15:02.813000,2019-05-25 13:00:03.448,1,,False,,False,False
0 days 00:17:50.308000,RUS,63,0 days 00:01:16.640000,2.0,1.0,,,0 days 00:00:20.424000,0 days 00:00:35.799000,0 days 00:00:20.417000,0 days 00:16:54.092000,0 days 00:17:29.891000,0 days 00:17:50.308000,202.0,197.0,270.0,280.0,True,SOFT,2.0,True,Williams,0 days 00:16:33.668000,2019-05-25 13:01:34.303,1,,False,,False,True
0 days 00:19:16.701000,RUS,63,0 days 00:01:26.393000,3.0,1.0,,,0 days 00:00:23.557000,0 days 00:00:39.935000,0 days 00:00:22.901000,0 days 00:18:13.865000,0 days 00:18:53.800000,0 days 00:19:16.701000,174.0,164.0,267.0,254.0,False,SOFT,3.0,True,Williams,0 days 00:17:50.308000,2019-05-25 13:02:50.943,1,,False,,False,True
0 days 00:20:31.549000,RUS,63,0 days 00:01:14.848000,4.0,1.0,,,0 days 00:00:19.699000,0 days 00:00:35.139000,0 days 00:00:20.010000,0 days 00:19:36.400000,0 days 00:20:11.539000,0 days 00:20:31.549000,214.0,199.0,272.0,282.0,True,SOFT,4.0,True,Williams,0 days 00:19:16.701000,2019-05-25 13:04:17.336,1,,False,,False,True
0 days 00:22:12.443000,RUS,63,0 days 00:01:40.894000,5.0,1.0,,0 days 00:21:47.382000,0 days 00:00:21.820000,0 days 00:00:37.284000,0 days 00:00:41.790000,0 days 00:20:53.369000,0 days 00:21:30.653000,0 days 00:22:12.443000,189.0,183.0,,256.0,False,SOFT,5.0,True,Williams,0 days 00:20:31.549000,2019-05-25 13:05:32.184,1,,False,,False,False
0 days 00:23:39.274000,RUS,63,0 days 00:01:26.831000,6.0,2.0,0 days 00:22:13.122000,,0 days 00:00:24.698000,0 days 00:00:40.838000,0 days 00:00:21.295000,0 days 00:22:37.141000,0 days 00:23:17.979000,0 days 00:23:39.274000,113.0,186.0,256.0,276.0,False,SOFT,1.0,True,Williams,0 days 00:22:12.443000,2019-05-25 13:07:13.078,1,,False,,False,False
0 days 00:25:00.112000,RUS,63,0 days 00:01:20.838000,7.0,2.0,,,0 days 00:00:20.198000,0 days 00:00:38.693000,0 days 00:00:21.947000,0 days 00:23:59.472000,0 days 00:24:38.165000,0 days 00:25:00.112000,200.0,185.0,268.0,263.0,False,SOFT,2.0,True,Williams,0 days 00:23:39.274000,2019-05-25 13:08:39.909,1,,False,,False,True
0 days 00:26:13.776000,RUS,63,0 days 00:01:13.664000,8.0,2.0,,,0 days 00:00:19.341000,0 days 00:00:34.622000,0 days 00:00:19.701000,0 days 00:25:19.453000,0 days 00:25:54.075000,0 days 00:26:13.776000,214.0,202.0,271.0,283.0,True,SOFT,3.0,True,Williams,0 days 00:25:00.112000,2019-05-25 13:10:00.747,1,,False,,False,True
0 days 00:27:46.250000,RUS,63,0 days 00:01:32.474000,9.0,2.0,,,0 days 00:00:25.235000,0 days 00:00:43.322000,0 days 00:00:23.917000,0 days 00:26:39.011000,0 days 00:27:22.333000,0 days 00:27:46.250000,134.0,152.0,267.0,253.0,False,SOFT,4.0,True,Williams,0 days 00:26:13.776000,2019-05-25 13:11:14.411,1,,False,,False,True
0 days 00:29:24,RUS,63,0 days 00:01:37.750000,10.0,2.0,,0 days 00:29:00.015000,0 days 00:00:19.409000,0 days 00:00:35.903000,0 days 00:00:42.438000,0 days 00:28:05.659000,0 days 00:28:41.562000,0 days 00:29:24,214.0,154.0,,281.0,False,SOFT,5.0,True,Williams,0 days 00:27:46.250000,2019-05-25 13:12:46.885,1,,False,,False,False
0 days 00:30:45.987000,RUS,63,0 days 00:01:21.987000,11.0,3.0,0 days 00:29:24.679000,,0 days 00:00:23.948000,0 days 00:00:37.141000,0 days 00:00:20.898000,0 days 00:29:47.948000,0 days 00:30:25.089000,0 days 00:30:45.987000,186.0,193.0,269.0,265.0,False,SOFT,1.0,True,Williams,0 days 00:29:24,2019-05-25 13:14:24.635,1,,False,,False,False
0 days 00:31:59.464000,RUS,63,0 days 00:01:13.477000,12.0,3.0,,,0 days 00:00:19.257000,0 days 00:00:34.635000,0 days 00:00:19.585000,0 days 00:31:05.244000,0 days 00:31:39.879000,0 days 00:31:59.464000,219.0,203.0,271.0,282.0,True,SOFT,2.0,True,Williams,0 days 00:30:45.987000,2019-05-25 13:15:46.622,1,,False,,False,True
0 days 00:33:21.237000,RUS,63,,13.0,3.0,,0 days 00:33:21.237000,0 days 00:00:26.603000,0 days 00:00:40.742000,,0 days 00:32:26.153000,0 days 00:33:06.900000,,83.0,181.0,,155.0,False,SOFT,3.0,True,Williams,0 days 00:31:59.464000,2019-05-25 13:17:00.099,1,,False,,False,False
0 days 00:17:19.900000,KUB,88,0 days 00:01:41.415000,1.0,1.0,0 days 00:15:39.504000,,0 days 00:00:30.072000,0 days 00:00:43.325000,0 days 00:00:28.018000,0 days 00:16:08.660000,0 days 00:16:51.981000,0 days 00:17:20.077000,138.0,144.0,268.0,266.0,False,SOFT,1.0,True,Williams,0 days 00:15:39.504000,2019-05-25 13:00:40.139,1,,False,,False,False
0 days 00:18:46.609000,KUB,88,0 days 00:01:26.709000,2.0,1.0,,,0 days 00:00:20.703000,0 days 00:00:43.902000,0 days 00:00:22.104000,0 days 00:17:40.603000,0 days 00:18:24.505000,0 days 00:18:46.609000,171.0,164.0,269.0,209.0,True,SOFT,2.0,True,Williams,0 days 00:17:19.900000,2019-05-25 13:02:20.535,1,,False,,False,True
0 days 00:20:01.904000,KUB,88,0 days 00:01:15.295000,3.0,1.0,,,0 days 00:00:19.980000,0 days 00:00:35.209000,0 days 00:00:20.106000,0 days 00:19:06.589000,0 days 00:19:41.798000,0 days 00:20:01.904000,210.0,197.0,272.0,282.0,True,SOFT,3.0,True,Williams,0 days 00:18:46.609000,2019-05-25 13:03:47.244,1,,False,,False,True
0 days 00:21:37.262000,KUB,88,0 days 00:01:35.358000,4.0,1.0,,,0 days 00:00:26.204000,0 days 00:00:42.824000,0 days 00:00:26.330000,0 days 00:20:28.108000,0 days 00:21:10.932000,0 days 00:21:37.262000,156.0,128.0,270.0,255.0,False,SOFT,4.0,True,Williams,0 days 00:20:01.904000,2019-05-25 13:05:02.539,1,,False,,False,True
0 days 00:22:51.998000,KUB,88,0 days 00:01:14.736000,5.0,1.0,,,0 days 00:00:19.730000,0 days 00:00:34.955000,0 days 00:00:20.051000,0 days 00:21:56.992000,0 days 00:22:31.947000,0 days 00:22:51.998000,212.0,198.0,271.0,281.0,True,SOFT,5.0,True,Williams,0 days 00:21:37.262000,2019-05-25 13:06:37.897,1,,False,,False,True
0 days 00:24:34.443000,KUB,88,0 days 00:01:42.445000,6.0,1.0,,0 days 00:24:09.201000,0 days 00:00:22.993000,0 days 00:00:37.833000,0 days 00:00:41.619000,0 days 00:23:14.991000,0 days 00:23:52.824000,0 days 00:24:34.443000,167.0,182.0,,276.0,False,SOFT,6.0,True,Williams,0 days 00:22:51.998000,2019-05-25 13:07:52.633,1,,False,,False,False
0 days 00:26:01.149000,KUB,88,0 days 00:01:26.706000,7.0,2.0,0 days 00:24:35.112000,,0 days 00:00:24.981000,0 days 00:00:39.004000,0 days 00:00:22.721000,0 days 00:24:59.424000,0 days 00:25:38.428000,0 days 00:26:01.149000,171.0,176.0,270.0,274.0,False,SOFT,1.0,True,Williams,0 days 00:24:34.443000,2019-05-25 13:09:35.078,1,,False,,False,False
0 days 00:27:15.184000,KUB,88,0 days 00:01:14.035000,8.0,2.0,,,0 days 00:00:19.476000,0 days 00:00:34.718000,0 days 00:00:19.841000,0 days 00:26:20.625000,0 days 00:26:55.343000,0 days 00:27:15.184000,214.0,200.0,270.0,282.0,True,SOFT,2.0,True,Williams,0 days 00:26:01.149000,2019-05-25 13:11:01.784,1,,False,,False,True
0 days 00:28:44.958000,KUB,88,0 days 00:01:29.774000,9.0,2.0,,,0 days 00:00:25.124000,0 days 00:00:40.797000,0 days 00:00:23.853000,0 days 00:27:40.308000,0 days 00:28:21.105000,0 days 00:28:44.958000,147.0,159.0,270.0,255.0,False,SOFT,3.0,True,Williams,0 days 00:27:15.184000,2019-05-25 13:12:15.819,1,,False,,False,True
0 days 00:29:58.709000,KUB,88,0 days 00:01:13.751000,10.0,2.0,,,0 days 00:00:19.267000,0 days 00:00:34.548000,0 days 00:00:19.936000,0 days 00:29:04.225000,0 days 00:29:38.773000,0 days 00:29:58.709000,214.0,200.0,271.0,282.0,True,SOFT,4.0,True,Williams,0 days 00:28:44.958000,2019-05-25 13:13:45.593,1,,False,,False,True
0 days 00:31:36.140000,KUB,88,0 days 00:01:37.431000,11.0,2.0,,,0 days 00:00:26.105000,0 days 00:00:46.486000,0 days 00:00:24.840000,0 days 00:30:24.814000,0 days 00:31:11.300000,0 days 00:31:36.140000,127.0,126.0,267.0,252.0,False,SOFT,5.0,True,Williams,0 days 00:29:58.709000,2019-05-25 13:14:59.344,1,,False,,False,True
0 days 00:32:50.453000,KUB,88,0 days 00:01:14.313000,12.0,2.0,,,0 days 00:00:19.497000,0 days 00:00:34.748000,0 days 00:00:20.068000,0 days 00:31:55.637000,0 days 00:32:30.385000,0 days 00:32:50.453000,211.0,201.0,272.0,282.0,False,SOFT,6.0,True,Williams,0 days 00:31:36.140000,2019-05-25 13:16:36.775,1,,False,,False,True
0 days 00:34:10.408000,KUB,88,,13.0,2.0,,0 days 00:34:10.408000,0 days 00:00:23.720000,0 days 00:00:40.426000,,0 days 00:33:14.248000,0 days 00:33:54.714000,,159.0,161.0,,247.0,False,SOFT,7.0,True,Williams,0 days 00:32:50.453000,2019-05-25 13:17:51.088,1,,False,,False,False
