Time,Driver,DriverNumber,LapTime,LapNumber,Stint,PitOutTime,PitInTime,Sector1Time,Sector2Time,Sector3Time,Sector1SessionTime,Sector2SessionTime,Sector3SessionTime,SpeedI1,SpeedI2,SpeedFL,SpeedST,IsPersonalBest,Compound,TyreLife,FreshTyre,Team,LapStartTime,LapStartDate,TrackStatus,Position,Deleted,DeletedReason,FastF1Generated,IsAccurate
0 days 00:50:36.429000,HAM,44,,1.0,1.0,0 days 00:48:59.305000,,,0 days 00:00:37.211000,0 days 00:00:31.945000,,0 days 00:50:04.489000,0 days 00:50:36.698000,246.0,174.0,308.0,,False,SOFT,1.0,True,Mercedes,0 days 00:48:59.305000,2020-10-24 13:33:59.505,1,,False,,False,False
0 days 00:52:00.416000,HAM,44,0 days 00:01:23.987000,2.0,1.0,,,0 days 00:00:22.577000,0 days 00:00:33.483000,0 days 00:00:27.927000,0 days 00:50:59.006000,0 days 00:51:32.489000,0 days 00:52:00.416000,275.0,149.0,303.0,327.0,True,SOFT,2.0,True,Mercedes,0 days 00:50:36.429000,2020-10-24 13:35:36.629,1,,False,,False,True
0 days 00:53:17.530000,HAM,44,0 days 00:01:17.114000,3.0,1.0,,,0 days 00:00:22.420000,0 days 00:00:29.491000,0 days 00:00:25.203000,0 days 00:52:22.836000,0 days 00:52:52.327000,0 days 00:53:17.530000,275.0,200.0,305.0,321.0,True,SOFT,3.0,True,Mercedes,0 days 00:52:00.416000,2020-10-24 13:37:00.616,12,,False,,False,True
0 days 00:54:52.737000,HAM,44,0 days 00:01:35.207000,4.0,1.0,,,0 days 00:00:29.567000,0 days 00:00:37.757000,0 days 00:00:27.883000,0 days 00:53:47.097000,0 days 00:54:24.854000,0 days 00:54:52.737000,237.0,167.0,305.0,297.0,False,SOFT,4.0,True,Mercedes,0 days 00:53:17.530000,2020-10-24 13:38:17.730,1,,False,,False,True
0 days 00:56:09.565000,HAM,44,0 days 00:01:16.828000,5.0,1.0,,,0 days 00:00:22.274000,0 days 00:00:29.309000,0 days 00:00:25.245000,0 days 00:55:15.011000,0 days 00:55:44.320000,0 days 00:56:09.565000,276.0,201.0,304.0,323.0,True,SOFT,5.0,True,Mercedes,0 days 00:54:52.737000,2020-10-24 13:39:52.937,1,,False,,False,True
0 days 00:57:39.513000,HAM,44,0 days 00:01:29.948000,6.0,1.0,,0 days 00:57:36.517000,0 days 00:00:25.593000,0 days 00:00:33.368000,0 days 00:00:30.987000,0 days 00:56:35.158000,0 days 00:57:08.526000,0 days 00:57:39.513000,252.0,187.0,,296.0,False,SOFT,6.0,True,Mercedes,0 days 00:56:09.565000,2020-10-24 13:41:09.765,1,,False,,False,False
0 days 01:11:57.762000,HAM,44,,7.0,2.0,0 days 01:10:29.305000,,,0 days 00:00:33.781000,0 days 00:00:29.039000,,0 days 01:11:28.730000,0 days 01:11:57.813000,253.0,185.0,302.0,296.0,False,MEDIUM,1.0,True,Mercedes,0 days 00:57:39.513000,2020-10-24 13:42:39.713,1,,False,,False,False
0 days 01:13:20.685000,HAM,44,0 days 00:01:22.923000,8.0,2.0,,,0 days 00:00:22.278000,0 days 00:00:29.592000,0 days 00:00:31.053000,0 days 01:12:20.040000,0 days 01:12:49.632000,0 days 01:13:20.685000,277.0,200.0,262.0,321.0,True,MEDIUM,2.0,True,Mercedes,0 days 01:11:57.762000,2020-10-24 13:56:57.962,1,,False,,False,True
0 days 01:14:52.174000,HAM,44,0 days 00:01:31.489000,9.0,2.0,,,0 days 00:00:28.345000,0 days 00:00:35.958000,0 days 00:00:27.186000,0 days 01:13:49.030000,0 days 01:14:24.988000,0 days 01:14:52.174000,184.0,173.0,304.0,201.0,False,MEDIUM,3.0,True,Mercedes,0 days 01:13:20.685000,2020-10-24 13:58:20.885,1,,False,,False,True
0 days 01:16:08.998000,HAM,44,0 days 00:01:16.824000,10.0,2.0,,,0 days 00:00:22.379000,0 days 00:00:29.378000,0 days 00:00:25.067000,0 days 01:15:14.553000,0 days 01:15:43.931000,0 days 01:16:08.998000,278.0,201.0,305.0,321.0,True,MEDIUM,4.0,True,Mercedes,0 days 01:14:52.174000,2020-10-24 13:59:52.374,1,,False,,False,True
0 days 01:17:43.695000,HAM,44,0 days 00:01:34.697000,11.0,2.0,,0 days 01:17:40.563000,0 days 00:00:27.853000,0 days 00:00:34.002000,0 days 00:00:32.842000,0 days 01:16:36.851000,0 days 01:17:10.853000,0 days 01:17:43.695000,193.0,177.0,,297.0,False,MEDIUM,5.0,True,Mercedes,0 days 01:16:08.998000,2020-10-24 14:01:09.198,1,,False,,False,False
0 days 01:24:18.363000,HAM,44,,12.0,3.0,0 days 01:22:46.970000,,,0 days 00:00:34.893000,0 days 00:00:30.505000,,0 days 01:23:47.865000,0 days 01:24:18.403000,258.0,179.0,305.0,297.0,False,SOFT,1.0,True,Mercedes,0 days 01:17:43.695000,2020-10-24 14:02:43.895,1,,False,,False,False
0 days 01:26:03.916000,HAM,44,0 days 00:01:45.553000,13.0,3.0,,0 days 01:26:00.815000,0 days 00:00:26.846000,0 days 00:00:46.099000,0 days 00:00:32.608000,0 days 01:24:45.209000,0 days 01:25:31.308000,0 days 01:26:03.916000,240.0,173.0,,323.0,False,SOFT,2.0,True,Mercedes,0 days 01:24:18.363000,2020-10-24 14:09:18.563,12,,False,,False,False
0 days 01:34:35.012000,HAM,44,,14.0,4.0,0 days 01:33:04.748000,,,0 days 00:00:33.893000,0 days 00:00:31.381000,,0 days 01:34:03.648000,0 days 01:34:35.090000,258.0,173.0,304.0,323.0,False,SOFT,1.0,True,Mercedes,0 days 01:26:03.916000,2020-10-24 14:11:04.116,1,,False,,False,False
0 days 01:35:52.045000,HAM,44,0 days 00:01:17.033000,15.0,4.0,,,0 days 00:00:22.348000,0 days 00:00:29.496000,0 days 00:00:25.189000,0 days 01:34:57.360000,0 days 01:35:26.856000,0 days 01:35:52.045000,280.0,193.0,305.0,316.0,True,SOFT,2.0,True,Mercedes,0 days 01:34:35.012000,2020-10-24 14:19:35.212,1,,False,,False,True
0 days 01:37:21.473000,HAM,44,0 days 00:01:29.428000,16.0,4.0,,0 days 01:37:18.363000,0 days 00:00:25.044000,0 days 00:00:32.353000,0 days 00:00:32.031000,0 days 01:36:17.089000,0 days 01:36:49.442000,0 days 01:37:21.473000,255.0,193.0,,295.0,False,SOFT,3.0,True,Mercedes,0 days 01:35:52.045000,2020-10-24 14:20:52.245,1,,False,,False,False
0 days 01:41:58.049000,HAM,44,,17.0,5.0,0 days 01:40:32.335000,,,0 days 00:00:33.154000,0 days 00:00:28.093000,,0 days 01:41:29.981000,0 days 01:41:58.108000,255.0,179.0,298.0,295.0,False,MEDIUM,1.0,True,Mercedes,0 days 01:37:21.473000,2020-10-24 14:22:21.673,1,,False,,False,False
0 days 01:43:14.983000,HAM,44,0 days 00:01:16.934000,18.0,5.0,,,0 days 00:00:22.424000,0 days 00:00:29.475000,0 days 00:00:25.035000,0 days 01:42:20.473000,0 days 01:42:49.948000,0 days 01:43:14.983000,280.0,199.0,304.0,312.0,True,MEDIUM,2.0,True,Mercedes,0 days 01:41:58.049000,2020-10-24 14:26:58.249,1,,False,,False,True
0 days 01:44:45.284000,HAM,44,0 days 00:01:30.301000,19.0,5.0,,,0 days 00:00:27.331000,0 days 00:00:36.026000,0 days 00:00:26.944000,0 days 01:43:42.314000,0 days 01:44:18.340000,0 days 01:44:45.284000,249.0,176.0,304.0,295.0,False,MEDIUM,3.0,True,Mercedes,0 days 01:43:14.983000,2020-10-24 14:28:15.183,1,,False,,False,True
0 days 01:46:01.936000,HAM,44,0 days 00:01:16.652000,20.0,5.0,,,0 days 00:00:22.266000,0 days 00:00:29.292000,0 days 00:00:25.094000,0 days 01:45:07.550000,0 days 01:45:36.842000,0 days 01:46:01.936000,278.0,198.0,305.0,320.0,True,MEDIUM,4.0,True,Mercedes,0 days 01:44:45.284000,2020-10-24 14:29:45.484,1,,False,,False,True
0 days 01:47:46.144000,HAM,44,,21.0,5.0,,0 days 01:47:46.144000,0 days 00:00:28.941000,0 days 00:00:37.655000,,0 days 01:46:30.919000,0 days 01:47:08.553000,,232.0,142.0,,192.0,False,MEDIUM,5.0,True,Mercedes,0 days 01:46:01.936000,2020-10-24 14:31:02.136,1,,False,,False,False
0 days 00:50:29.107000,BOT,77,,1.0,1.0,0 days 00:48:57.078000,,,0 days 00:00:37.040000,0 days 00:00:26.349000,,0 days 00:50:02.780000,0 days 00:50:29.203000,243.0,185.0,308.0,,False,SOFT,1.0,True,Mercedes,0 days 00:48:57.078000,2020-10-24 13:33:57.278,1,,False,,False,False
0 days 00:51:46.171000,BOT,77,0 days 00:01:17.064000,2.0,1.0,,,0 days 00:00:22.357000,0 days 00:00:29.532000,0 days 00:00:25.175000,0 days 00:50:51.464000,0 days 00:51:20.996000,0 days 00:51:46.171000,275.0,198.0,305.0,325.0,True,SOFT,2.0,True,Mercedes,0 days 00:50:29.107000,2020-10-24 13:35:29.307,1,,False,,False,True
0 days 00:53:29.995000,BOT,77,0 days 00:01:43.824000,3.0,1.0,,,0 days 00:00:28.973000,0 days 00:00:46.534000,0 days 00:00:28.317000,0 days 00:52:15.144000,0 days 00:53:01.678000,0 days 00:53:29.995000,243.0,157.0,306.0,297.0,False,SOFT,3.0,True,Mercedes,0 days 00:51:46.171000,2020-10-24 13:36:46.371,12,,False,,False,True
0 days 00:54:46.940000,BOT,77,0 days 00:01:16.945000,4.0,1.0,,,0 days 00:00:22.412000,0 days 00:00:29.572000,0 days 00:00:24.961000,0 days 00:53:52.407000,0 days 00:54:21.979000,0 days 00:54:46.940000,278.0,201.0,305.0,324.0,True,SOFT,4.0,True,Mercedes,0 days 00:53:29.995000,2020-10-24 13:38:30.195,1,,False,,False,True
0 days 00:56:23.301000,BOT,77,0 days 00:01:36.361000,5.0,1.0,,0 days 00:56:20.300000,0 days 00:00:28.442000,0 days 00:00:35.265000,0 days 00:00:32.654000,0 days 00:55:15.382000,0 days 00:55:50.647000,0 days 00:56:23.301000,194.0,166.0,,302.0,False,SOFT,5.0,True,Mercedes,0 days 00:54:46.940000,2020-10-24 13:39:47.140,1,,False,,False,False
0 days 01:11:53.010000,BOT,77,,6.0,2.0,0 days 01:10:24.039000,,,0 days 00:00:34.241000,0 days 00:00:27.650000,,0 days 01:11:25.379000,0 days 01:11:53.061000,254.0,186.0,308.0,302.0,False,MEDIUM,1.0,True,Mercedes,0 days 00:56:23.301000,2020-10-24 13:41:23.501,1,,False,,False,False
0 days 01:13:09.476000,BOT,77,0 days 00:01:16.466000,7.0,2.0,,,0 days 00:00:22.281000,0 days 00:00:29.262000,0 days 00:00:24.923000,0 days 01:12:15.291000,0 days 01:12:44.553000,0 days 01:13:09.476000,278.0,201.0,308.0,325.0,True,MEDIUM,2.0,True,Mercedes,0 days 01:11:53.010000,2020-10-24 13:56:53.210,1,,False,,False,True
0 days 01:14:43.046000,BOT,77,0 days 00:01:33.570000,8.0,2.0,,0 days 01:14:39.747000,0 days 00:00:26.704000,0 days 00:00:34.545000,0 days 00:00:32.321000,0 days 01:13:36.180000,0 days 01:14:10.725000,0 days 01:14:43.046000,248.0,175.0,,305.0,False,MEDIUM,3.0,True,Mercedes,0 days 01:13:09.476000,2020-10-24 13:58:09.676,1,,False,,False,False
0 days 01:24:15.097000,BOT,77,,9.0,3.0,0 days 01:22:45.180000,,,0 days 00:00:34.617000,0 days 00:00:30.917000,,0 days 01:23:44.210000,0 days 01:24:15.182000,258.0,187.0,305.0,305.0,False,SOFT,1.0,True,Mercedes,0 days 01:14:43.046000,2020-10-24 13:59:43.246,1,,False,,False,False
0 days 01:25:32.701000,BOT,77,0 days 00:01:17.604000,10.0,3.0,,,0 days 00:00:22.264000,0 days 00:00:29.653000,0 days 00:00:25.687000,0 days 01:24:37.361000,0 days 01:25:07.014000,0 days 01:25:32.701000,280.0,197.0,272.0,321.0,False,SOFT,2.0,True,Mercedes,0 days 01:24:15.097000,2020-10-24 14:09:15.297,12,,False,,False,True
0 days 01:27:10.674000,BOT,77,0 days 00:01:37.973000,11.0,3.0,,0 days 01:27:07.631000,0 days 00:00:28.072000,0 days 00:00:37.028000,0 days 00:00:32.873000,0 days 01:26:00.773000,0 days 01:26:37.801000,0 days 01:27:10.674000,251.0,162.0,,270.0,False,SOFT,3.0,True,Mercedes,0 days 01:25:32.701000,2020-10-24 14:10:32.901,21,,False,,False,False
0 days 01:34:26.636000,BOT,77,,12.0,4.0,0 days 01:33:02.158000,,,0 days 00:00:33.660000,0 days 00:00:26.638000,,0 days 01:34:00.013000,0 days 01:34:26.715000,258.0,182.0,303.0,270.0,False,SOFT,1.0,True,Mercedes,0 days 01:27:10.674000,2020-10-24 14:12:10.874,1,,False,,False,False
0 days 01:35:43.622000,BOT,77,0 days 00:01:16.986000,13.0,4.0,,,0 days 00:00:22.316000,0 days 00:00:29.543000,0 days 00:00:25.127000,0 days 01:34:48.952000,0 days 01:35:18.495000,0 days 01:35:43.622000,280.0,198.0,305.0,315.0,True,SOFT,2.0,True,Mercedes,0 days 01:34:26.636000,2020-10-24 14:19:26.836,1,,False,,False,True
0 days 01:37:16.946000,BOT,77,0 days 00:01:33.324000,14.0,4.0,,0 days 01:37:13.877000,0 days 00:00:26.873000,0 days 00:00:34.730000,0 days 00:00:31.721000,0 days 01:36:10.495000,0 days 01:36:45.225000,0 days 01:37:16.946000,255.0,176.0,,194.0,False,SOFT,3.0,True,Mercedes,0 days 01:35:43.622000,2020-10-24 14:20:43.822,1,,False,,False,False
0 days 01:43:35.209000,BOT,77,,15.0,5.0,0 days 01:42:10.168000,,,0 days 00:00:33.893000,0 days 00:00:26.377000,,0 days 01:43:08.832000,0 days 01:43:35.254000,256.0,185.0,304.0,194.0,False,MEDIUM,1.0,True,Mercedes,0 days 01:37:16.946000,2020-10-24 14:22:17.146,1,,False,,False,False
0 days 01:44:51.963000,BOT,77,0 days 00:01:16.754000,16.0,5.0,,,0 days 00:00:22.221000,0 days 00:00:29.414000,0 days 00:00:25.119000,0 days 01:43:57.430000,0 days 01:44:26.844000,0 days 01:44:51.963000,279.0,201.0,306.0,318.0,True,MEDIUM,2.0,True,Mercedes,0 days 01:43:35.209000,2020-10-24 14:28:35.409,1,,False,,False,True
0 days 01:46:33.998000,BOT,77,,17.0,5.0,,0 days 01:46:33.998000,0 days 00:00:27.727000,0 days 00:00:38.363000,,0 days 01:45:19.697000,0 days 01:45:58.086000,,221.0,145.0,,197.0,False,MEDIUM,3.0,True,Mercedes,0 days 01:44:51.963000,2020-10-24 14:29:52.163,1,,False,,False,False
0 days 00:49:21.058000,VER,33,,1.0,1.0,0 days 00:47:50.324000,,,0 days 00:00:33.986000,0 days 00:00:30.544000,,0 days 00:48:50.514000,0 days 00:49:21.356000,266.0,103.0,301.0,,False,SOFT,1.0,True,Red Bull Racing,0 days 00:47:50.324000,2020-10-24 13:32:50.524,1,,False,,False,False
0 days 00:50:38.758000,VER,33,0 days 00:01:17.700000,2.0,1.0,,,0 days 00:00:22.429000,0 days 00:00:29.983000,0 days 00:00:25.288000,0 days 00:49:43.487000,0 days 00:50:13.470000,0 days 00:50:38.758000,274.0,184.0,299.0,313.0,True,SOFT,2.0,True,Red Bull Racing,0 days 00:49:21.058000,2020-10-24 13:34:21.258,1,,False,,False,True
0 days 00:52:27.155000,VER,33,0 days 00:01:48.397000,3.0,1.0,,,0 days 00:00:30.986000,0 days 00:00:44.902000,0 days 00:00:32.509000,0 days 00:51:09.744000,0 days 00:51:54.646000,0 days 00:52:27.155000,241.0,117.0,303.0,282.0,False,SOFT,3.0,True,Red Bull Racing,0 days 00:50:38.758000,2020-10-24 13:35:38.958,1,,False,,False,True
0 days 00:53:57.176000,VER,33,0 days 00:01:30.021000,4.0,1.0,,,0 days 00:00:24.966000,0 days 00:00:38.888000,0 days 00:00:26.167000,0 days 00:52:52.121000,0 days 00:53:31.009000,0 days 00:53:57.176000,247.0,180.0,303.0,317.0,False,SOFT,4.0,True,Red Bull Racing,0 days 00:52:27.155000,2020-10-24 13:37:27.355,12,,True,TRACK LIMITS AT TURN 1,False,True
0 days 00:55:14.055000,VER,33,0 days 00:01:16.879000,5.0,1.0,,,0 days 00:00:22.373000,0 days 00:00:29.442000,0 days 00:00:25.064000,0 days 00:54:19.549000,0 days 00:54:48.991000,0 days 00:55:14.055000,274.0,199.0,294.0,316.0,True,SOFT,5.0,True,Red Bull Racing,0 days 00:53:57.176000,2020-10-24 13:38:57.376,1,,False,,False,True
0 days 00:56:41.431000,VER,33,0 days 00:01:27.376000,6.0,1.0,,0 days 00:56:38.218000,0 days 00:00:24.481000,0 days 00:00:32.177000,0 days 00:00:30.718000,0 days 00:55:38.536000,0 days 00:56:10.713000,0 days 00:56:41.431000,251.0,181.0,,295.0,False,SOFT,6.0,True,Red Bull Racing,0 days 00:55:14.055000,2020-10-24 13:40:14.255,1,,False,,False,False
0 days 01:12:35.718000,VER,33,,7.0,2.0,0 days 01:11:06.964000,,,0 days 00:00:36.700000,0 days 00:00:27.876000,,0 days 01:12:07.930000,0 days 01:12:35.778000,261.0,112.0,300.0,295.0,False,SOFT,1.0,True,Red Bull Racing,0 days 00:56:41.431000,2020-10-24 13:41:41.631,1,,False,,False,False
0 days 01:13:53.050000,VER,33,0 days 00:01:17.332000,8.0,2.0,,,0 days 00:00:22.653000,0 days 00:00:29.570000,0 days 00:00:25.109000,0 days 01:12:58.371000,0 days 01:13:27.941000,0 days 01:13:53.050000,274.0,197.0,301.0,313.0,True,SOFT,2.0,True,Red Bull Racing,0 days 01:12:35.718000,2020-10-24 13:57:35.918,1,,False,,False,True
0 days 01:15:36.527000,VER,33,0 days 00:01:43.477000,9.0,2.0,,,0 days 00:00:31.595000,0 days 00:00:43.547000,0 days 00:00:28.335000,0 days 01:14:24.645000,0 days 01:15:08.192000,0 days 01:15:36.527000,248.0,153.0,302.0,277.0,False,SOFT,3.0,True,Red Bull Racing,0 days 01:13:53.050000,2020-10-24 13:58:53.250,1,,False,,False,True
0 days 01:16:53.623000,VER,33,0 days 00:01:17.096000,10.0,2.0,,,0 days 00:00:22.453000,0 days 00:00:29.439000,0 days 00:00:25.204000,0 days 01:15:58.980000,0 days 01:16:28.419000,0 days 01:16:53.623000,274.0,195.0,297.0,313.0,True,SOFT,4.0,True,Red Bull Racing,0 days 01:15:36.527000,2020-10-24 14:00:36.727,1,,False,,False,True
0 days 01:18:24.279000,VER,33,0 days 00:01:30.656000,11.0,2.0,,0 days 01:18:21.211000,0 days 00:00:25.050000,0 days 00:00:33.269000,0 days 00:00:32.337000,0 days 01:17:18.673000,0 days 01:17:51.942000,0 days 01:18:24.279000,246.0,169.0,,271.0,False,SOFT,5.0,True,Red Bull Racing,0 days 01:16:53.623000,2020-10-24 14:01:53.823,1,,False,,False,False
0 days 01:21:52.629000,VER,33,,12.0,3.0,0 days 01:20:26.325000,,,0 days 00:00:34.214000,0 days 00:00:27.951000,,0 days 01:21:24.728000,0 days 01:21:52.688000,261.0,176.0,271.0,271.0,False,SOFT,1.0,True,Red Bull Racing,0 days 01:18:24.279000,2020-10-24 14:03:24.479,1,,False,,False,False
0 days 01:23:17.745000,VER,33,0 days 00:01:25.116000,13.0,3.0,,,0 days 00:00:25.812000,0 days 00:00:32.693000,0 days 00:00:26.611000,0 days 01:22:18.441000,0 days 01:22:51.134000,0 days 01:23:17.745000,265.0,178.0,300.0,269.0,False,SOFT,2.0,True,Red Bull Racing,0 days 01:21:52.629000,2020-10-24 14:06:52.829,1,,False,,False,True
0 days 01:24:34.783000,VER,33,0 days 00:01:17.038000,14.0,3.0,,,0 days 00:00:22.403000,0 days 00:00:29.371000,0 days 00:00:25.264000,0 days 01:23:40.148000,0 days 01:24:09.519000,0 days 01:24:34.783000,278.0,199.0,295.0,309.0,True,SOFT,3.0,True,Red Bull Racing,0 days 01:23:17.745000,2020-10-24 14:08:17.945,1,,False,,False,True
0 days 01:26:11.845000,VER,33,0 days 00:01:37.062000,15.0,3.0,,0 days 01:26:08.775000,0 days 00:00:27.986000,0 days 00:00:36.526000,0 days 00:00:32.550000,0 days 01:25:02.769000,0 days 01:25:39.295000,0 days 01:26:11.845000,248.0,155.0,,293.0,False,SOFT,4.0,True,Red Bull Racing,0 days 01:24:34.783000,2020-10-24 14:09:34.983,12,,False,,False,False
0 days 01:34:56.280000,VER,33,,16.0,4.0,0 days 01:33:29.744000,,,0 days 00:00:34.435000,0 days 00:00:28.299000,,0 days 01:34:28.074000,0 days 01:34:56.346000,265.0,177.0,261.0,293.0,False,SOFT,1.0,True,Red Bull Racing,0 days 01:26:11.845000,2020-10-24 14:11:12.045,1,,False,,False,False
0 days 01:36:29.812000,VER,33,0 days 00:01:33.532000,17.0,4.0,,,0 days 00:00:28.375000,0 days 00:00:35.407000,0 days 00:00:29.750000,0 days 01:35:24.655000,0 days 01:36:00.062000,0 days 01:36:29.812000,269.0,178.0,309.0,265.0,True,SOFT,2.0,True,Red Bull Racing,0 days 01:34:56.280000,2020-10-24 14:19:56.480,1,,False,,False,True
0 days 01:37:46.919000,VER,33,0 days 00:01:17.107000,18.0,4.0,,,0 days 00:00:22.266000,0 days 00:00:29.656000,0 days 00:00:25.185000,0 days 01:36:52.078000,0 days 01:37:21.734000,0 days 01:37:46.919000,277.0,196.0,299.0,314.0,True,SOFT,3.0,True,Red Bull Racing,0 days 01:36:29.812000,2020-10-24 14:21:30.012,1,,False,,False,True
0 days 01:39:15.588000,VER,33,0 days 00:01:28.669000,19.0,4.0,,0 days 01:39:12.585000,0 days 00:00:24.568000,0 days 00:00:32.920000,0 days 00:00:31.181000,0 days 01:38:11.487000,0 days 01:38:44.407000,0 days 01:39:15.588000,248.0,176.0,,292.0,False,SOFT,4.0,True,Red Bull Racing,0 days 01:37:46.919000,2020-10-24 14:22:47.119,1,,False,,False,False
0 days 01:42:53.477000,VER,33,,20.0,5.0,0 days 01:41:27.075000,,,0 days 00:00:33.887000,0 days 00:00:28.062000,,0 days 01:42:25.481000,0 days 01:42:53.543000,268.0,179.0,280.0,292.0,False,SOFT,1.0,True,Red Bull Racing,0 days 01:39:15.588000,2020-10-24 14:24:15.788,1,,False,,False,False
0 days 01:44:24.315000,VER,33,0 days 00:01:30.838000,21.0,5.0,,,0 days 00:00:24.637000,0 days 00:00:34.624000,0 days 00:00:31.577000,0 days 01:43:18.114000,0 days 01:43:52.738000,0 days 01:44:24.315000,268.0,125.0,301.0,291.0,False,SOFT,2.0,True,Red Bull Racing,0 days 01:42:53.477000,2020-10-24 14:27:53.677,1,,False,,False,True
0 days 01:45:41.219000,VER,33,0 days 00:01:16.904000,22.0,5.0,,,0 days 00:00:22.319000,0 days 00:00:29.505000,0 days 00:00:25.080000,0 days 01:44:46.634000,0 days 01:45:16.139000,0 days 01:45:41.219000,275.0,199.0,300.0,311.0,True,SOFT,3.0,True,Red Bull Racing,0 days 01:44:24.315000,2020-10-24 14:29:24.515,1,,False,,False,True
0 days 01:47:20.225000,VER,33,,23.0,5.0,,0 days 01:47:20.225000,0 days 00:00:31.215000,0 days 00:00:34.616000,,0 days 01:46:12.436000,0 days 01:46:47.124000,,238.0,173.0,,193.0,False,SOFT,4.0,True,Red Bull Racing,0 days 01:45:41.219000,2020-10-24 14:30:41.419,1,,False,,False,False
0 days 00:47:45.297000,LEC,16,,1.0,1.0,0 days 00:46:12.400000,,,0 days 00:00:36.406000,0 days 00:00:29.287000,,0 days 00:47:16.088000,0 days 00:47:45.617000,248.0,160.0,269.0,,False,SOFT,1.0,True,Ferrari,0 days 00:46:12.400000,2020-10-24 13:31:12.600,1,,False,,False,False
0 days 00:49:16.348000,LEC,16,0 days 00:01:31.051000,2.0,1.0,,,0 days 00:00:26.843000,0 days 00:00:35.652000,0 days 00:00:28.556000,0 days 00:48:12.140000,0 days 00:48:47.792000,0 days 00:49:16.348000,250.0,173.0,298.0,286.0,True,SOFT,2.0,True,Ferrari,0 days 00:47:45.297000,2020-10-24 13:32:45.497,1,,False,,False,True
0 days 00:50:34.322000,LEC,16,0 days 00:01:17.974000,3.0,1.0,,,0 days 00:00:22.786000,0 days 00:00:29.911000,0 days 00:00:25.277000,0 days 00:49:39.134000,0 days 00:50:09.045000,0 days 00:50:34.322000,273.0,198.0,296.0,314.0,True,SOFT,3.0,True,Ferrari,0 days 00:49:16.348000,2020-10-24 13:34:16.548,1,,False,,False,True
0 days 00:52:19.263000,LEC,16,0 days 00:01:44.941000,4.0,1.0,,,0 days 00:00:31.577000,0 days 00:00:42.501000,0 days 00:00:30.863000,0 days 00:51:05.899000,0 days 00:51:48.400000,0 days 00:52:19.263000,119.0,142.0,297.0,273.0,False,SOFT,4.0,True,Ferrari,0 days 00:50:34.322000,2020-10-24 13:35:34.522,1,,False,,False,True
0 days 00:53:36.684000,LEC,16,0 days 00:01:17.421000,5.0,1.0,,,0 days 00:00:22.640000,0 days 00:00:29.680000,0 days 00:00:25.101000,0 days 00:52:41.903000,0 days 00:53:11.583000,0 days 00:53:36.684000,273.0,202.0,296.0,316.0,True,SOFT,5.0,True,Ferrari,0 days 00:52:19.263000,2020-10-24 13:37:19.463,12,,False,,False,True
0 days 00:55:13.995000,LEC,16,0 days 00:01:37.311000,6.0,1.0,,0 days 00:55:11.038000,0 days 00:00:29.601000,0 days 00:00:35.606000,0 days 00:00:32.104000,0 days 00:54:06.285000,0 days 00:54:41.891000,0 days 00:55:13.995000,240.0,170.0,,272.0,False,SOFT,6.0,True,Ferrari,0 days 00:53:36.684000,2020-10-24 13:38:36.884,1,,False,,False,False
0 days 01:11:48.862000,LEC,16,,7.0,2.0,0 days 01:10:17.726000,,,0 days 00:00:35.326000,0 days 00:00:28.621000,,0 days 01:11:20.243000,0 days 01:11:48.926000,251.0,172.0,280.0,272.0,False,MEDIUM,1.0,True,Ferrari,0 days 00:55:13.995000,2020-10-24 13:40:14.195,1,,False,,False,False
0 days 01:13:28.022000,LEC,16,0 days 00:01:39.160000,8.0,2.0,,,0 days 00:00:27.532000,0 days 00:00:40.248000,0 days 00:00:31.380000,0 days 01:12:16.394000,0 days 01:12:56.642000,0 days 01:13:28.022000,181.0,160.0,302.0,299.0,True,MEDIUM,2.0,True,Ferrari,0 days 01:11:48.862000,2020-10-24 13:56:49.062,1,,False,,False,True
0 days 01:14:45.389000,LEC,16,0 days 00:01:17.367000,9.0,2.0,,,0 days 00:00:22.520000,0 days 00:00:29.647000,0 days 00:00:25.200000,0 days 01:13:50.542000,0 days 01:14:20.189000,0 days 01:14:45.389000,275.0,201.0,294.0,317.0,True,MEDIUM,3.0,True,Ferrari,0 days 01:13:28.022000,2020-10-24 13:58:28.222,1,,False,,False,True
0 days 01:16:23.732000,LEC,16,0 days 00:01:38.343000,10.0,2.0,,,0 days 00:00:30.027000,0 days 00:00:39.390000,0 days 00:00:28.926000,0 days 01:15:15.416000,0 days 01:15:54.806000,0 days 01:16:23.732000,170.0,96.0,296.0,293.0,False,MEDIUM,4.0,True,Ferrari,0 days 01:14:45.389000,2020-10-24 13:59:45.589,1,,False,,False,True
0 days 01:17:53.509000,LEC,16,0 days 00:01:29.777000,11.0,2.0,,0 days 01:17:50.452000,0 days 00:00:24.493000,0 days 00:00:34.019000,0 days 00:00:31.265000,0 days 01:16:48.225000,0 days 01:17:22.244000,0 days 01:17:53.509000,243.0,183.0,,315.0,False,MEDIUM,5.0,True,Ferrari,0 days 01:16:23.732000,2020-10-24 14:01:23.932,1,,False,,False,False
0 days 01:22:17.514000,LEC,16,,12.0,3.0,0 days 01:20:48.443000,,,0 days 00:00:34.761000,0 days 00:00:28.395000,,0 days 01:21:49.119000,0 days 01:22:17.594000,255.0,164.0,286.0,315.0,False,MEDIUM,1.0,True,Ferrari,0 days 01:17:53.509000,2020-10-24 14:02:53.709,1,,False,,False,False
0 days 01:23:51.839000,LEC,16,0 days 00:01:34.325000,13.0,3.0,,,0 days 00:00:26.994000,0 days 00:00:38.398000,0 days 00:00:28.933000,0 days 01:22:44.508000,0 days 01:23:22.906000,0 days 01:23:51.839000,254.0,179.0,299.0,300.0,False,MEDIUM,2.0,True,Ferrari,0 days 01:22:17.514000,2020-10-24 14:07:17.714,1,,False,,False,True
0 days 01:25:09.288000,LEC,16,0 days 00:01:17.449000,14.0,3.0,,,0 days 00:00:22.475000,0 days 00:00:29.595000,0 days 00:00:25.379000,0 days 01:24:14.314000,0 days 01:24:43.909000,0 days 01:25:09.288000,278.0,203.0,294.0,313.0,False,MEDIUM,3.0,True,Ferrari,0 days 01:23:51.839000,2020-10-24 14:08:52.039,1,,False,,False,True
0 days 01:26:54.170000,LEC,16,0 days 00:01:44.882000,15.0,3.0,,0 days 01:26:51.109000,0 days 00:00:31.591000,0 days 00:00:36.837000,0 days 00:00:36.454000,0 days 01:25:40.879000,0 days 01:26:17.716000,0 days 01:26:54.170000,228.0,158.0,,192.0,False,MEDIUM,4.0,True,Ferrari,0 days 01:25:09.288000,2020-10-24 14:10:09.488,12,,False,,False,False
0 days 01:34:36.593000,LEC,16,,16.0,4.0,0 days 01:33:08.821000,,,0 days 00:00:34.445000,0 days 00:00:27.564000,,0 days 01:34:09.034000,0 days 01:34:36.651000,253.0,171.0,293.0,192.0,False,SOFT,1.0,True,Ferrari,0 days 01:26:54.170000,2020-10-24 14:11:54.370,1,,False,,False,False
0 days 01:36:07.665000,LEC,16,0 days 00:01:31.072000,17.0,4.0,,,0 days 00:00:26.081000,0 days 00:00:37.015000,0 days 00:00:27.976000,0 days 01:35:02.674000,0 days 01:35:39.689000,0 days 01:36:07.665000,254.0,182.0,297.0,303.0,True,SOFT,2.0,True,Ferrari,0 days 01:34:36.593000,2020-10-24 14:19:36.793,1,,False,,False,True
0 days 01:37:25.121000,LEC,16,0 days 00:01:17.456000,18.0,4.0,,,0 days 00:00:22.477000,0 days 00:00:29.742000,0 days 00:00:25.237000,0 days 01:36:30.142000,0 days 01:36:59.884000,0 days 01:37:25.121000,277.0,198.0,294.0,310.0,True,SOFT,3.0,True,Ferrari,0 days 01:36:07.665000,2020-10-24 14:21:07.865,1,,False,,False,True
0 days 01:39:09.662000,LEC,16,0 days 00:01:44.541000,19.0,4.0,,0 days 01:39:06.612000,0 days 00:00:26.826000,0 days 00:00:36.832000,0 days 00:00:40.883000,0 days 01:37:51.947000,0 days 01:38:28.779000,0 days 01:39:09.662000,244.0,157.0,,274.0,False,SOFT,4.0,True,Ferrari,0 days 01:37:25.121000,2020-10-24 14:22:25.321,1,,False,,False,False
0 days 01:42:51.919000,LEC,16,,20.0,5.0,0 days 01:41:15.135000,,,0 days 00:00:42.040000,0 days 00:00:27.668000,,0 days 01:42:24.276000,0 days 01:42:51.979000,256.0,179.0,289.0,274.0,False,SOFT,1.0,True,Ferrari,0 days 01:39:09.662000,2020-10-24 14:24:09.862,1,,False,,False,False
0 days 01:44:30.429000,LEC,16,0 days 00:01:38.510000,21.0,5.0,,,0 days 00:00:26.621000,0 days 00:00:37.179000,0 days 00:00:34.710000,0 days 01:43:18.540000,0 days 01:43:55.719000,0 days 01:44:30.429000,193.0,150.0,297.0,298.0,False,SOFT,2.0,True,Ferrari,0 days 01:42:51.919000,2020-10-24 14:27:52.119,1,,False,,False,True
0 days 01:45:47.519000,LEC,16,0 days 00:01:17.090000,22.0,5.0,,,0 days 00:00:22.440000,0 days 00:00:29.465000,0 days 00:00:25.185000,0 days 01:44:52.869000,0 days 01:45:22.334000,0 days 01:45:47.519000,275.0,200.0,295.0,313.0,True,SOFT,3.0,True,Ferrari,0 days 01:44:30.429000,2020-10-24 14:29:30.629,1,,False,,False,True
0 days 01:47:33.706000,LEC,16,,23.0,5.0,,0 days 01:47:33.706000,0 days 00:00:30.406000,0 days 00:00:40.150000,,0 days 01:46:17.924000,0 days 01:46:58.114000,,196.0,147.0,,203.0,False,SOFT,4.0,True,Ferrari,0 days 01:45:47.519000,2020-10-24 14:30:47.719,1,,False,,False,False
0 days 00:46:35.392000,PER,11,,1.0,1.0,0 days 00:45:08.317000,,,0 days 00:00:32.350000,0 days 00:00:29.640000,,0 days 00:46:05.778000,0 days 00:46:35.701000,253.0,184.0,304.0,,False,SOFT,1.0,True,Racing Point,0 days 00:45:08.317000,2020-10-24 13:30:08.517,1,,False,,False,False
0 days 00:47:53.432000,PER,11,0 days 00:01:18.040000,2.0,1.0,,,0 days 00:00:22.776000,0 days 00:00:29.904000,0 days 00:00:25.360000,0 days 00:46:58.168000,0 days 00:47:28.072000,0 days 00:47:53.432000,278.0,198.0,310.0,319.0,True,SOFT,2.0,True,Racing Point,0 days 00:46:35.392000,2020-10-24 13:31:35.592,1,,False,,False,True
0 days 00:49:34.645000,PER,11,0 days 00:01:41.213000,3.0,1.0,,,0 days 00:00:27.031000,0 days 00:00:38.149000,0 days 00:00:36.033000,0 days 00:48:20.463000,0 days 00:48:58.612000,0 days 00:49:34.645000,243.0,165.0,306.0,306.0,False,SOFT,3.0,True,Racing Point,0 days 00:47:53.432000,2020-10-24 13:32:53.632,1,,False,,False,True
0 days 00:50:52.274000,PER,11,0 days 00:01:17.629000,4.0,1.0,,,0 days 00:00:22.479000,0 days 00:00:29.806000,0 days 00:00:25.344000,0 days 00:49:57.124000,0 days 00:50:26.930000,0 days 00:50:52.274000,276.0,197.0,310.0,327.0,True,SOFT,4.0,True,Racing Point,0 days 00:49:34.645000,2020-10-24 13:34:34.845,1,,False,,False,True
0 days 00:52:40.810000,PER,11,0 days 00:01:48.536000,5.0,1.0,,,0 days 00:00:29.358000,0 days 00:00:38.885000,0 days 00:00:40.293000,0 days 00:51:21.632000,0 days 00:52:00.517000,0 days 00:52:40.810000,180.0,163.0,306.0,297.0,False,SOFT,5.0,True,Racing Point,0 days 00:50:52.274000,2020-10-24 13:35:52.474,1,,False,,False,True
0 days 00:53:58.180000,PER,11,0 days 00:01:17.370000,6.0,1.0,,,0 days 00:00:22.450000,0 days 00:00:29.609000,0 days 00:00:25.311000,0 days 00:53:03.260000,0 days 00:53:32.869000,0 days 00:53:58.180000,276.0,201.0,314.0,325.0,True,SOFT,6.0,True,Racing Point,0 days 00:52:40.810000,2020-10-24 13:37:41.010,12,,False,,False,True
0 days 00:55:37.312000,PER,11,0 days 00:01:39.132000,7.0,1.0,,0 days 00:55:34.365000,0 days 00:00:32.773000,0 days 00:00:33.849000,0 days 00:00:32.510000,0 days 00:54:30.953000,0 days 00:55:04.802000,0 days 00:55:37.312000,248.0,181.0,,317.0,False,SOFT,7.0,True,Racing Point,0 days 00:53:58.180000,2020-10-24 13:38:58.380,1,,False,,False,False
0 days 01:11:37.522000,PER,11,,8.0,2.0,0 days 01:10:06.171000,,,0 days 00:00:32.536000,0 days 00:00:31.590000,,0 days 01:11:05.932000,0 days 01:11:37.594000,258.0,178.0,306.0,317.0,False,SOFT,1.0,True,Racing Point,0 days 00:55:37.312000,2020-10-24 13:40:37.512,1,,False,,False,False
0 days 01:12:54.651000,PER,11,0 days 00:01:17.129000,9.0,2.0,,,0 days 00:00:22.459000,0 days 00:00:29.506000,0 days 00:00:25.164000,0 days 01:11:59.981000,0 days 01:12:29.487000,0 days 01:12:54.651000,277.0,201.0,307.0,323.0,True,SOFT,2.0,True,Racing Point,0 days 01:11:37.522000,2020-10-24 13:56:37.722,1,,False,,False,True
0 days 01:14:34.319000,PER,11,0 days 00:01:39.668000,10.0,2.0,,,0 days 00:00:27.916000,0 days 00:00:43.330000,0 days 00:00:28.422000,0 days 01:13:22.567000,0 days 01:14:05.897000,0 days 01:14:34.319000,190.0,152.0,304.0,304.0,False,SOFT,3.0,True,Racing Point,0 days 01:12:54.651000,2020-10-24 13:57:54.851,1,,False,,False,True
0 days 01:16:04.352000,PER,11,0 days 00:01:30.033000,11.0,2.0,,0 days 01:16:01.206000,0 days 00:00:22.641000,0 days 00:00:31.139000,0 days 00:00:36.253000,0 days 01:14:56.960000,0 days 01:15:28.099000,0 days 01:16:04.352000,278.0,179.0,,321.0,False,SOFT,4.0,True,Racing Point,0 days 01:14:34.319000,2020-10-24 13:59:34.519,1,,False,,False,False
0 days 01:22:06.474000,PER,11,,12.0,3.0,0 days 01:20:44.616000,,,0 days 00:00:31.714000,0 days 00:00:26.882000,,0 days 01:21:39.616000,0 days 01:22:06.559000,259.0,185.0,304.0,321.0,False,SOFT,1.0,True,Racing Point,0 days 01:16:04.352000,2020-10-24 14:01:04.552,1,,False,,False,False
0 days 01:23:24.872000,PER,11,0 days 00:01:18.398000,13.0,3.0,,,0 days 00:00:22.421000,0 days 00:00:29.689000,0 days 00:00:26.288000,0 days 01:22:28.895000,0 days 01:22:58.584000,0 days 01:23:24.872000,279.0,200.0,285.0,318.0,False,SOFT,2.0,True,Racing Point,0 days 01:22:06.474000,2020-10-24 14:07:06.674,1,,False,,False,True
0 days 01:24:57.960000,PER,11,0 days 00:01:33.088000,14.0,3.0,,0 days 01:24:54.305000,0 days 00:00:25.725000,0 days 00:00:33.116000,0 days 00:00:34.247000,0 days 01:23:50.597000,0 days 01:24:23.713000,0 days 01:24:57.960000,255.0,190.0,,273.0,False,SOFT,3.0,True,Racing Point,0 days 01:23:24.872000,2020-10-24 14:08:25.072,1,,False,,False,False
0 days 01:34:59.976000,PER,11,,15.0,4.0,0 days 01:33:33.409000,,,0 days 00:00:33.676000,0 days 00:00:27.708000,,0 days 01:34:32.273000,0 days 01:35:00.086000,260.0,169.0,300.0,273.0,False,SOFT,1.0,True,Racing Point,0 days 01:24:57.960000,2020-10-24 14:09:58.160,12,,False,,False,False
0 days 01:36:21.668000,PER,11,0 days 00:01:21.692000,16.0,4.0,,,0 days 00:00:23.998000,0 days 00:00:31.220000,0 days 00:00:26.474000,0 days 01:35:23.974000,0 days 01:35:55.194000,0 days 01:36:21.668000,273.0,189.0,303.0,317.0,True,SOFT,2.0,True,Racing Point,0 days 01:34:59.976000,2020-10-24 14:20:00.176,1,,False,,False,True
0 days 01:37:39.142000,PER,11,0 days 00:01:17.474000,17.0,4.0,,,0 days 00:00:22.393000,0 days 00:00:29.766000,0 days 00:00:25.315000,0 days 01:36:44.061000,0 days 01:37:13.827000,0 days 01:37:39.142000,280.0,198.0,305.0,316.0,True,SOFT,3.0,True,Racing Point,0 days 01:36:21.668000,2020-10-24 14:21:21.868,1,,False,,False,True
0 days 01:39:11.792000,PER,11,0 days 00:01:32.650000,18.0,4.0,,0 days 01:39:08.726000,0 days 00:00:26.412000,0 days 00:00:32.592000,0 days 00:00:33.646000,0 days 01:38:05.554000,0 days 01:38:38.146000,0 days 01:39:11.792000,255.0,184.0,,297.0,False,SOFT,4.0,True,Racing Point,0 days 01:37:39.142000,2020-10-24 14:22:39.342,1,,False,,False,False
0 days 01:44:35.110000,PER,11,,19.0,5.0,0 days 01:43:03.519000,,,0 days 00:00:31.378000,0 days 00:00:37.303000,,0 days 01:43:57.824000,0 days 01:44:35.142000,262.0,188.0,303.0,297.0,False,SOFT,1.0,True,Racing Point,0 days 01:39:11.792000,2020-10-24 14:24:11.992,1,,False,,False,False
0 days 01:45:52.333000,PER,11,0 days 00:01:17.223000,20.0,5.0,,,0 days 00:00:22.392000,0 days 00:00:29.646000,0 days 00:00:25.185000,0 days 01:44:57.502000,0 days 01:45:27.148000,0 days 01:45:52.333000,278.0,201.0,305.0,321.0,True,SOFT,2.0,True,Racing Point,0 days 01:44:35.110000,2020-10-24 14:29:35.310,1,,False,,False,True
0 days 01:47:36.328000,PER,11,,21.0,5.0,,0 days 01:47:36.328000,0 days 00:00:28.016000,0 days 00:00:38.547000,,0 days 01:46:20.372000,0 days 01:46:58.887000,,252.0,146.0,,250.0,False,SOFT,3.0,True,Racing Point,0 days 01:45:52.333000,2020-10-24 14:30:52.533,1,,False,,False,False
0 days 00:47:50.205000,ALB,23,,1.0,1.0,0 days 00:46:21.014000,,,0 days 00:00:33.179000,0 days 00:00:31.649000,,0 days 00:47:18.604000,0 days 00:47:50.324000,262.0,176.0,307.0,,False,SOFT,1.0,True,Red Bull Racing,0 days 00:46:21.014000,2020-10-24 13:31:21.214,1,,False,,False,False
0 days 00:49:24.554000,ALB,23,0 days 00:01:34.349000,2.0,1.0,,,0 days 00:00:26.185000,0 days 00:00:37.454000,0 days 00:00:30.710000,0 days 00:48:16.390000,0 days 00:48:53.844000,0 days 00:49:24.554000,246.0,133.0,305.0,318.0,True,SOFT,2.0,True,Red Bull Racing,0 days 00:47:50.205000,2020-10-24 13:32:50.405,1,,False,,False,True
0 days 00:50:42.814000,ALB,23,0 days 00:01:18.260000,3.0,1.0,,,0 days 00:00:22.576000,0 days 00:00:30.258000,0 days 00:00:25.426000,0 days 00:49:47.130000,0 days 00:50:17.388000,0 days 00:50:42.814000,276.0,193.0,302.0,317.0,True,SOFT,3.0,True,Red Bull Racing,0 days 00:49:24.554000,2020-10-24 13:34:24.754,1,,False,,False,True
0 days 00:52:35.494000,ALB,23,0 days 00:01:52.680000,4.0,1.0,,,0 days 00:00:31.256000,0 days 00:00:42.850000,0 days 00:00:38.574000,0 days 00:51:14.070000,0 days 00:51:56.920000,0 days 00:52:35.494000,200.0,118.0,306.0,173.0,False,SOFT,4.0,True,Red Bull Racing,0 days 00:50:42.814000,2020-10-24 13:35:43.014,1,,False,,False,True
0 days 00:53:53.216000,ALB,23,0 days 00:01:17.722000,5.0,1.0,,,0 days 00:00:22.383000,0 days 00:00:29.946000,0 days 00:00:25.393000,0 days 00:52:57.877000,0 days 00:53:27.823000,0 days 00:53:53.216000,275.0,198.0,293.0,319.0,True,SOFT,5.0,True,Red Bull Racing,0 days 00:52:35.494000,2020-10-24 13:37:35.694,12,,False,,False,True
0 days 00:55:27.932000,ALB,23,0 days 00:01:34.716000,6.0,1.0,,0 days 00:55:24.955000,0 days 00:00:29.322000,0 days 00:00:33.580000,0 days 00:00:31.814000,0 days 00:54:22.538000,0 days 00:54:56.118000,0 days 00:55:27.932000,247.0,174.0,,279.0,False,SOFT,6.0,True,Red Bull Racing,0 days 00:53:53.216000,2020-10-24 13:38:53.416,1,,False,,False,False
0 days 00:59:13.798000,ALB,23,,7.0,2.0,0 days 00:57:41.744000,,,0 days 00:00:33.379000,0 days 00:00:33.985000,,0 days 00:58:39.896000,0 days 00:59:14.102000,261.0,183.0,306.0,279.0,False,SOFT,1.0,True,Red Bull Racing,0 days 00:55:27.932000,2020-10-24 13:40:28.132,1,,False,,False,False
0 days 01:00:31.305000,ALB,23,0 days 00:01:17.507000,8.0,2.0,,,0 days 00:00:22.398000,0 days 00:00:29.933000,0 days 00:00:25.176000,0 days 00:59:36.196000,0 days 01:00:06.129000,0 days 01:00:31.305000,279.0,199.0,303.0,316.0,True,SOFT,2.0,True,Red Bull Racing,0 days 00:59:13.798000,2020-10-24 13:44:13.998,1,,False,,False,True
0 days 01:02:21.781000,ALB,23,0 days 00:01:50.476000,9.0,2.0,,,0 days 00:00:28.533000,0 days 00:00:40.336000,0 days 00:00:41.607000,0 days 01:00:59.838000,0 days 01:01:40.174000,0 days 01:02:21.781000,243.0,123.0,305.0,251.0,False,SOFT,3.0,True,Red Bull Racing,0 days 01:00:31.305000,2020-10-24 13:45:31.505,1,,False,,False,True
0 days 01:03:39.216000,ALB,23,0 days 00:01:17.435000,10.0,2.0,,,0 days 00:00:22.430000,0 days 00:00:29.679000,0 days 00:00:25.326000,0 days 01:02:44.211000,0 days 01:03:13.890000,0 days 01:03:39.216000,277.0,199.0,306.0,318.0,True,SOFT,4.0,True,Red Bull Racing,0 days 01:02:21.781000,2020-10-24 13:47:21.981,1,,False,,False,True
0 days 01:05:21.444000,ALB,23,0 days 00:01:42.228000,11.0,2.0,,0 days 01:05:18.460000,0 days 00:00:29.025000,0 days 00:00:38.320000,0 days 00:00:34.883000,0 days 01:04:08.241000,0 days 01:04:46.561000,0 days 01:05:21.444000,235.0,155.0,,251.0,False,SOFT,5.0,True,Red Bull Racing,0 days 01:03:39.216000,2020-10-24 13:48:39.416,1,,False,,False,False
0 days 01:12:20.039000,ALB,23,,12.0,3.0,0 days 01:10:55.322000,,,0 days 00:00:33.420000,0 days 00:00:26.789000,,0 days 01:11:53.328000,0 days 01:12:20.144000,264.0,171.0,303.0,251.0,False,SOFT,1.0,True,Red Bull Racing,0 days 01:05:21.444000,2020-10-24 13:50:21.644,1,,False,,False,False
0 days 01:13:37.450000,ALB,23,0 days 00:01:17.411000,13.0,3.0,,,0 days 00:00:22.465000,0 days 00:00:29.744000,0 days 00:00:25.202000,0 days 01:12:42.504000,0 days 01:13:12.248000,0 days 01:13:37.450000,275.0,196.0,303.0,315.0,True,SOFT,2.0,True,Red Bull Racing,0 days 01:12:20.039000,2020-10-24 13:57:20.239,1,,False,,False,True
0 days 01:15:13.521000,ALB,23,0 days 00:01:36.071000,14.0,3.0,,,0 days 00:00:28.289000,0 days 00:00:37.769000,0 days 00:00:30.013000,0 days 01:14:05.739000,0 days 01:14:43.508000,0 days 01:15:13.521000,241.0,148.0,303.0,262.0,False,SOFT,3.0,True,Red Bull Racing,0 days 01:13:37.450000,2020-10-24 13:58:37.650,1,,False,,False,True
0 days 01:16:31.414000,ALB,23,0 days 00:01:17.893000,15.0,3.0,,,0 days 00:00:22.486000,0 days 00:00:29.704000,0 days 00:00:25.703000,0 days 01:15:36.007000,0 days 01:16:05.711000,0 days 01:16:31.414000,276.0,198.0,302.0,314.0,False,SOFT,4.0,True,Red Bull Racing,0 days 01:15:13.521000,2020-10-24 14:00:13.721,1,,False,,False,True
0 days 01:18:07.086000,ALB,23,0 days 00:01:35.672000,16.0,3.0,,0 days 01:18:03.979000,0 days 00:00:27.009000,0 days 00:00:35.051000,0 days 00:00:33.612000,0 days 01:16:58.423000,0 days 01:17:33.474000,0 days 01:18:07.086000,245.0,157.0,,265.0,False,SOFT,5.0,True,Red Bull Racing,0 days 01:16:31.414000,2020-10-24 14:01:31.614,1,,False,,False,False
0 days 01:21:30.350000,ALB,23,,17.0,4.0,0 days 01:20:03.042000,,,0 days 00:00:32.968000,0 days 00:00:27.499000,,0 days 01:21:02.915000,0 days 01:21:30.413000,265.0,175.0,305.0,265.0,False,SOFT,1.0,True,Red Bull Racing,0 days 01:18:07.086000,2020-10-24 14:03:07.286,1,,False,,False,False
0 days 01:22:47.897000,ALB,23,0 days 00:01:17.547000,18.0,4.0,,,0 days 00:00:22.440000,0 days 00:00:29.702000,0 days 00:00:25.405000,0 days 01:21:52.790000,0 days 01:22:22.492000,0 days 01:22:47.897000,279.0,196.0,304.0,315.0,False,SOFT,2.0,True,Red Bull Racing,0 days 01:21:30.350000,2020-10-24 14:06:30.550,1,,False,,False,True
0 days 01:24:31.659000,ALB,23,0 days 00:01:43.762000,19.0,4.0,,,0 days 00:00:31.243000,0 days 00:00:42.976000,0 days 00:00:29.543000,0 days 01:23:19.140000,0 days 01:24:02.116000,0 days 01:24:31.659000,232.0,133.0,306.0,225.0,False,SOFT,3.0,True,Red Bull Racing,0 days 01:22:47.897000,2020-10-24 14:07:48.097,1,,False,,False,True
0 days 01:25:49.475000,ALB,23,0 days 00:01:17.816000,20.0,4.0,,,0 days 00:00:22.453000,0 days 00:00:29.736000,0 days 00:00:25.627000,0 days 01:24:54.112000,0 days 01:25:23.848000,0 days 01:25:49.475000,280.0,199.0,303.0,315.0,False,SOFT,4.0,True,Red Bull Racing,0 days 01:24:31.659000,2020-10-24 14:09:31.859,12,,False,,False,True
0 days 01:27:27.833000,ALB,23,0 days 00:01:38.358000,21.0,4.0,,0 days 01:27:24.766000,0 days 00:00:27.699000,0 days 00:00:35.647000,0 days 00:00:35.012000,0 days 01:26:17.174000,0 days 01:26:52.821000,0 days 01:27:27.833000,245.0,151.0,,221.0,False,SOFT,5.0,True,Red Bull Racing,0 days 01:25:49.475000,2020-10-24 14:10:49.675,1,,False,,False,False
0 days 01:35:11.143000,ALB,23,,22.0,5.0,0 days 01:33:46.447000,,,0 days 00:00:33.487000,0 days 00:00:27.318000,,0 days 01:34:43.899000,0 days 01:35:11.219000,264.0,172.0,302.0,221.0,False,MEDIUM,1.0,True,Red Bull Racing,0 days 01:27:27.833000,2020-10-24 14:12:28.033,1,,False,,False,False
0 days 01:36:29.017000,ALB,23,0 days 00:01:17.874000,23.0,5.0,,,0 days 00:00:22.555000,0 days 00:00:29.910000,0 days 00:00:25.409000,0 days 01:35:33.698000,0 days 01:36:03.608000,0 days 01:36:29.017000,279.0,195.0,302.0,311.0,True,MEDIUM,2.0,True,Red Bull Racing,0 days 01:35:11.143000,2020-10-24 14:20:11.343,1,,False,,False,True
0 days 01:38:02.317000,ALB,23,0 days 00:01:33.300000,24.0,5.0,,,0 days 00:00:28.878000,0 days 00:00:37.348000,0 days 00:00:27.074000,0 days 01:36:57.895000,0 days 01:37:35.243000,0 days 01:38:02.317000,247.0,145.0,304.0,209.0,False,MEDIUM,3.0,True,Red Bull Racing,0 days 01:36:29.017000,2020-10-24 14:21:29.217,1,,False,,False,True
0 days 01:39:19.876000,ALB,23,0 days 00:01:17.559000,25.0,5.0,,,0 days 00:00:22.340000,0 days 00:00:29.909000,0 days 00:00:25.310000,0 days 01:38:24.657000,0 days 01:38:54.566000,0 days 01:39:19.876000,278.0,194.0,302.0,312.0,True,MEDIUM,4.0,True,Red Bull Racing,0 days 01:38:02.317000,2020-10-24 14:23:02.517,1,,False,,False,True
0 days 01:41:02.658000,ALB,23,0 days 00:01:42.782000,26.0,5.0,,0 days 01:40:59.579000,0 days 00:00:26.629000,0 days 00:00:39.568000,0 days 00:00:36.585000,0 days 01:39:46.505000,0 days 01:40:26.073000,0 days 01:41:02.658000,242.0,156.0,,284.0,False,MEDIUM,5.0,True,Red Bull Racing,0 days 01:39:19.876000,2020-10-24 14:24:20.076,1,,False,,False,False
0 days 01:44:14.098000,ALB,23,,27.0,6.0,0 days 01:42:47.789000,,,0 days 00:00:33.986000,0 days 00:00:27.346000,,0 days 01:43:46.781000,0 days 01:44:14.144000,268.0,170.0,299.0,284.0,False,SOFT,1.0,True,Red Bull Racing,0 days 01:41:02.658000,2020-10-24 14:26:02.858,1,,False,,False,False
0 days 01:45:31.535000,ALB,23,0 days 00:01:17.437000,28.0,6.0,,,0 days 00:00:22.491000,0 days 00:00:29.628000,0 days 00:00:25.318000,0 days 01:44:36.589000,0 days 01:45:06.217000,0 days 01:45:31.535000,277.0,199.0,300.0,312.0,True,SOFT,2.0,True,Red Bull Racing,0 days 01:44:14.098000,2020-10-24 14:29:14.298,1,,False,,False,True
0 days 01:47:09.899000,ALB,23,,29.0,6.0,,0 days 01:47:09.899000,0 days 00:00:26.897000,0 days 00:00:36.965000,,0 days 01:45:58.448000,0 days 01:46:35.430000,,244.0,159.0,,252.0,False,SOFT,3.0,True,Red Bull Racing,0 days 01:45:31.535000,2020-10-24 14:30:31.735,1,,False,,False,False
0 days 00:46:50.049000,SAI,55,,1.0,1.0,0 days 00:45:17.951000,,,0 days 00:00:34.547000,0 days 00:00:29.768000,,0 days 00:46:20.361000,0 days 00:46:50.310000,248.0,150.0,307.0,,False,SOFT,1.0,True,McLaren,0 days 00:45:17.951000,2020-10-24 13:30:18.151,1,,False,,False,False
0 days 00:48:18.039000,SAI,55,0 days 00:01:27.990000,2.0,1.0,,,0 days 00:00:23.853000,0 days 00:00:32.323000,0 days 00:00:31.814000,0 days 00:47:13.902000,0 days 00:47:46.225000,0 days 00:48:18.039000,260.0,132.0,309.0,309.0,True,SOFT,2.0,True,McLaren,0 days 00:46:50.049000,2020-10-24 13:31:50.249,1,,False,,False,True
0 days 00:49:36.195000,SAI,55,0 days 00:01:18.156000,3.0,1.0,,,0 days 00:00:22.448000,0 days 00:00:30.188000,0 days 00:00:25.520000,0 days 00:48:40.487000,0 days 00:49:10.675000,0 days 00:49:36.195000,277.0,192.0,311.0,325.0,True,SOFT,3.0,True,McLaren,0 days 00:48:18.039000,2020-10-24 13:33:18.239,1,,False,,False,True
0 days 00:51:09.738000,SAI,55,0 days 00:01:33.543000,4.0,1.0,,,0 days 00:00:27.575000,0 days 00:00:37.648000,0 days 00:00:28.320000,0 days 00:50:03.770000,0 days 00:50:41.418000,0 days 00:51:09.738000,250.0,156.0,311.0,234.0,False,SOFT,4.0,True,McLaren,0 days 00:49:36.195000,2020-10-24 13:34:36.395,1,,False,,False,True
0 days 00:52:50.990000,SAI,55,0 days 00:01:41.252000,5.0,1.0,,,0 days 00:00:23.832000,0 days 00:00:34.854000,0 days 00:00:42.566000,0 days 00:51:33.570000,0 days 00:52:08.424000,0 days 00:52:50.990000,250.0,127.0,308.0,330.0,False,SOFT,5.0,True,McLaren,0 days 00:51:09.738000,2020-10-24 13:36:09.938,12,,False,,False,True
0 days 00:54:08.617000,SAI,55,0 days 00:01:17.627000,6.0,1.0,,,0 days 00:00:22.343000,0 days 00:00:29.663000,0 days 00:00:25.621000,0 days 00:53:13.333000,0 days 00:53:42.996000,0 days 00:54:08.617000,277.0,199.0,304.0,326.0,True,SOFT,6.0,True,McLaren,0 days 00:52:50.990000,2020-10-24 13:37:51.190,21,,False,,False,True
0 days 00:55:41.658000,SAI,55,0 days 00:01:33.041000,7.0,1.0,,0 days 00:55:38.567000,0 days 00:00:26.230000,0 days 00:00:33.541000,0 days 00:00:33.270000,0 days 00:54:34.847000,0 days 00:55:08.388000,0 days 00:55:41.658000,251.0,175.0,,280.0,False,SOFT,7.0,True,McLaren,0 days 00:54:08.617000,2020-10-24 13:39:08.817,1,,False,,False,False
0 days 01:00:49.768000,SAI,55,,8.0,2.0,0 days 00:59:22.992000,,,0 days 00:00:34.425000,0 days 00:00:27.293000,,0 days 01:00:22.642000,0 days 01:00:50.095000,266.0,178.0,294.0,280.0,False,SOFT,1.0,True,McLaren,0 days 00:55:41.658000,2020-10-24 13:40:41.858,1,,False,,False,False
0 days 01:02:28.321000,SAI,55,0 days 00:01:38.553000,9.0,2.0,,,0 days 00:00:23.417000,0 days 00:00:32.472000,0 days 00:00:42.664000,0 days 01:01:13.185000,0 days 01:01:45.657000,0 days 01:02:28.321000,263.0,102.0,308.0,303.0,False,SOFT,2.0,True,McLaren,0 days 01:00:49.768000,2020-10-24 13:45:49.968,1,,False,,False,True
0 days 01:03:50.779000,SAI,55,0 days 00:01:22.458000,10.0,2.0,,0 days 01:03:47.842000,0 days 00:00:22.263000,0 days 00:00:29.586000,0 days 00:00:30.609000,0 days 01:02:50.584000,0 days 01:03:20.170000,0 days 01:03:50.779000,278.0,195.0,,326.0,False,SOFT,3.0,True,McLaren,0 days 01:02:28.321000,2020-10-24 13:47:28.521,1,,False,,False,False
0 days 01:12:39.271000,SAI,55,,11.0,3.0,0 days 01:11:16.821000,,,0 days 00:00:32.244000,0 days 00:00:26.785000,,0 days 01:12:12.486000,0 days 01:12:39.320000,251.0,177.0,294.0,326.0,False,SOFT,1.0,True,McLaren,0 days 01:03:50.779000,2020-10-24 13:48:50.979,1,,False,,False,False
0 days 01:14:06.980000,SAI,55,0 days 00:01:27.709000,12.0,3.0,,,0 days 00:00:23.843000,0 days 00:00:31.824000,0 days 00:00:32.042000,0 days 01:13:03.114000,0 days 01:13:34.938000,0 days 01:14:06.980000,261.0,161.0,307.0,304.0,True,SOFT,2.0,True,McLaren,0 days 01:12:39.271000,2020-10-24 13:57:39.471,1,,False,,False,True
0 days 01:15:31.550000,SAI,55,0 days 00:01:24.570000,13.0,3.0,,,0 days 00:00:22.446000,0 days 00:00:32.814000,0 days 00:00:29.310000,0 days 01:14:29.426000,0 days 01:15:02.240000,0 days 01:15:31.550000,272.0,162.0,307.0,323.0,True,SOFT,3.0,True,McLaren,0 days 01:14:06.980000,2020-10-24 13:59:07.180,1,,False,,False,True
0 days 01:16:48.733000,SAI,55,0 days 00:01:17.183000,14.0,3.0,,,0 days 00:00:22.309000,0 days 00:00:29.539000,0 days 00:00:25.335000,0 days 01:15:53.859000,0 days 01:16:23.398000,0 days 01:16:48.733000,277.0,199.0,306.0,323.0,True,SOFT,4.0,True,McLaren,0 days 01:15:31.550000,2020-10-24 14:00:31.750,1,,False,,False,True
0 days 01:18:22.762000,SAI,55,0 days 00:01:34.029000,15.0,3.0,,0 days 01:18:19.704000,0 days 00:00:25.354000,0 days 00:00:33.439000,0 days 00:00:35.236000,0 days 01:17:14.087000,0 days 01:17:47.526000,0 days 01:18:22.762000,253.0,175.0,,293.0,False,SOFT,5.0,True,McLaren,0 days 01:16:48.733000,2020-10-24 14:01:48.933,1,,False,,False,False
0 days 01:22:32.700000,SAI,55,,16.0,4.0,0 days 01:21:07.171000,,,0 days 00:00:31.728000,0 days 00:00:31.415000,,0 days 01:22:01.300000,0 days 01:22:32.738000,268.0,175.0,296.0,293.0,False,SOFT,1.0,True,McLaren,0 days 01:18:22.762000,2020-10-24 14:03:22.962,1,,False,,False,False
0 days 01:23:59.525000,SAI,55,0 days 00:01:26.825000,17.0,4.0,,,0 days 00:00:23.630000,0 days 00:00:31.956000,0 days 00:00:31.239000,0 days 01:22:56.330000,0 days 01:23:28.286000,0 days 01:23:59.525000,266.0,134.0,308.0,300.0,False,SOFT,2.0,True,McLaren,0 days 01:22:32.700000,2020-10-24 14:07:32.900,1,,False,,False,True
0 days 01:25:22.446000,SAI,55,0 days 00:01:22.921000,18.0,4.0,,0 days 01:25:19.356000,0 days 00:00:22.315000,0 days 00:00:29.950000,0 days 00:00:30.656000,0 days 01:24:21.840000,0 days 01:24:51.790000,0 days 01:25:22.446000,281.0,200.0,,323.0,False,SOFT,3.0,True,McLaren,0 days 01:23:59.525000,2020-10-24 14:08:59.725,1,,False,,False,False
0 days 01:35:38.410000,SAI,55,,19.0,5.0,0 days 01:34:15.465000,,,0 days 00:00:32.724000,0 days 00:00:27.051000,,0 days 01:35:11.455000,0 days 01:35:38.445000,253.0,175.0,290.0,323.0,False,SOFT,1.0,True,McLaren,0 days 01:25:22.446000,2020-10-24 14:10:22.646,12,,False,,False,False
0 days 01:37:02.057000,SAI,55,0 days 00:01:23.647000,20.0,5.0,,,0 days 00:00:24.034000,0 days 00:00:32.222000,0 days 00:00:27.391000,0 days 01:36:02.444000,0 days 01:36:34.666000,0 days 01:37:02.057000,264.0,155.0,305.0,297.0,True,SOFT,2.0,True,McLaren,0 days 01:35:38.410000,2020-10-24 14:20:38.610,1,,False,,False,True
0 days 01:38:19.577000,SAI,55,0 days 00:01:17.520000,21.0,5.0,,,0 days 00:00:22.310000,0 days 00:00:29.801000,0 days 00:00:25.409000,0 days 01:37:24.367000,0 days 01:37:54.168000,0 days 01:38:19.577000,280.0,189.0,306.0,320.0,True,SOFT,3.0,True,McLaren,0 days 01:37:02.057000,2020-10-24 14:22:02.257,1,,False,,False,True
0 days 01:39:52.907000,SAI,55,0 days 00:01:33.330000,22.0,5.0,,,0 days 00:00:27.264000,0 days 00:00:36.455000,0 days 00:00:29.611000,0 days 01:38:46.841000,0 days 01:39:23.296000,0 days 01:39:52.907000,251.0,166.0,307.0,267.0,False,SOFT,4.0,True,McLaren,0 days 01:38:19.577000,2020-10-24 14:23:19.777,1,,False,,False,True
0 days 01:41:10.429000,SAI,55,0 days 00:01:17.522000,23.0,5.0,,,0 days 00:00:22.325000,0 days 00:00:29.539000,0 days 00:00:25.658000,0 days 01:40:15.232000,0 days 01:40:44.771000,0 days 01:41:10.429000,280.0,198.0,304.0,319.0,False,SOFT,5.0,True,McLaren,0 days 01:39:52.907000,2020-10-24 14:24:53.107,1,,False,,False,True
0 days 01:42:45.101000,SAI,55,0 days 00:01:34.672000,24.0,5.0,,0 days 01:42:42.022000,0 days 00:00:26.745000,0 days 00:00:34.333000,0 days 00:00:33.594000,0 days 01:41:37.174000,0 days 01:42:11.507000,0 days 01:42:45.101000,220.0,159.0,,273.0,False,SOFT,6.0,True,McLaren,0 days 01:41:10.429000,2020-10-24 14:26:10.629,1,,False,,False,False
0 days 00:46:45.589000,NOR,4,,1.0,1.0,0 days 00:45:14.419000,,,0 days 00:00:34.870000,0 days 00:00:28.022000,,0 days 00:46:17.653000,0 days 00:46:45.921000,254.0,181.0,291.0,,False,SOFT,1.0,True,McLaren,0 days 00:45:14.419000,2020-10-24 13:30:14.619,1,,False,,False,False
0 days 00:48:09.901000,NOR,4,0 days 00:01:24.312000,2.0,1.0,,,0 days 00:00:24.635000,0 days 00:00:32.248000,0 days 00:00:27.429000,0 days 00:47:10.224000,0 days 00:47:42.472000,0 days 00:48:09.901000,262.0,187.0,308.0,295.0,True,SOFT,2.0,True,McLaren,0 days 00:46:45.589000,2020-10-24 13:31:45.789,1,,False,,False,True
0 days 00:49:28.162000,NOR,4,0 days 00:01:18.261000,3.0,1.0,,,0 days 00:00:22.531000,0 days 00:00:30.178000,0 days 00:00:25.552000,0 days 00:48:32.432000,0 days 00:49:02.610000,0 days 00:49:28.162000,276.0,191.0,312.0,322.0,True,SOFT,3.0,True,McLaren,0 days 00:48:09.901000,2020-10-24 13:33:10.101,1,,False,,False,True
0 days 00:51:05.914000,NOR,4,0 days 00:01:37.752000,4.0,1.0,,,0 days 00:00:27.106000,0 days 00:00:39.760000,0 days 00:00:30.886000,0 days 00:49:55.268000,0 days 00:50:35.028000,0 days 00:51:05.914000,120.0,151.0,316.0,298.0,False,SOFT,4.0,True,McLaren,0 days 00:49:28.162000,2020-10-24 13:34:28.362,1,,False,,False,True
0 days 00:52:23.461000,NOR,4,0 days 00:01:17.547000,5.0,1.0,,,0 days 00:00:22.277000,0 days 00:00:29.925000,0 days 00:00:25.345000,0 days 00:51:28.191000,0 days 00:51:58.116000,0 days 00:52:23.461000,276.0,200.0,307.0,327.0,True,SOFT,5.0,True,McLaren,0 days 00:51:05.914000,2020-10-24 13:36:06.114,1,,False,,False,True
0 days 00:54:07.192000,NOR,4,0 days 00:01:43.731000,6.0,1.0,,0 days 00:54:04.236000,0 days 00:00:27.260000,0 days 00:00:43.855000,0 days 00:00:32.616000,0 days 00:52:50.721000,0 days 00:53:34.576000,0 days 00:54:07.192000,121.0,178.0,,282.0,False,SOFT,6.0,True,McLaren,0 days 00:52:23.461000,2020-10-24 13:37:23.661,12,,False,,False,False
0 days 00:58:35.135000,NOR,4,,7.0,2.0,0 days 00:57:07.270000,,,0 days 00:00:33.782000,0 days 00:00:27.495000,,0 days 00:58:07.712000,0 days 00:58:35.445000,258.0,178.0,291.0,282.0,False,SOFT,1.0,True,McLaren,0 days 00:54:07.192000,2020-10-24 13:39:07.392,1,,False,,False,False
0 days 01:00:02.143000,NOR,4,0 days 00:01:27.008000,8.0,2.0,,,0 days 00:00:24.090000,0 days 00:00:33.915000,0 days 00:00:29.003000,0 days 00:58:59.225000,0 days 00:59:33.140000,0 days 01:00:02.143000,265.0,184.0,311.0,296.0,False,SOFT,2.0,True,McLaren,0 days 00:58:35.135000,2020-10-24 13:43:35.335,1,,False,,False,True
0 days 01:01:22.779000,NOR,4,0 days 00:01:20.636000,9.0,2.0,,,0 days 00:00:22.351000,0 days 00:00:29.809000,0 days 00:00:28.476000,0 days 01:00:24.494000,0 days 01:00:54.303000,0 days 01:01:22.779000,279.0,199.0,270.0,324.0,False,SOFT,3.0,True,McLaren,0 days 01:00:02.143000,2020-10-24 13:45:02.343,1,,False,,False,True
0 days 01:02:46.232000,NOR,4,0 days 00:01:23.453000,10.0,2.0,,,0 days 00:00:25.127000,0 days 00:00:32.120000,0 days 00:00:26.206000,0 days 01:01:47.906000,0 days 01:02:20.026000,0 days 01:02:46.232000,255.0,184.0,309.0,290.0,False,SOFT,4.0,True,McLaren,0 days 01:01:22.779000,2020-10-24 13:46:22.979,1,,False,,False,True
0 days 01:04:15.169000,NOR,4,0 days 00:01:28.937000,11.0,2.0,,0 days 01:04:12.166000,0 days 00:00:22.319000,0 days 00:00:33.590000,0 days 00:00:33.028000,0 days 01:03:08.551000,0 days 01:03:42.141000,0 days 01:04:15.169000,277.0,163.0,,325.0,False,SOFT,5.0,True,McLaren,0 days 01:02:46.232000,2020-10-24 13:47:46.432,1,,False,,False,False
0 days 01:11:45.112000,NOR,4,,12.0,3.0,0 days 01:10:14.566000,,,0 days 00:00:34.051000,0 days 00:00:30.450000,,0 days 01:11:14.662000,0 days 01:11:45.169000,258.0,171.0,297.0,325.0,False,SOFT,1.0,True,McLaren,0 days 01:04:15.169000,2020-10-24 13:49:15.369,1,,False,,False,False
0 days 01:13:06.028000,NOR,4,0 days 00:01:20.916000,13.0,3.0,,,0 days 00:00:23.494000,0 days 00:00:31.128000,0 days 00:00:26.294000,0 days 01:12:08.606000,0 days 01:12:39.734000,0 days 01:13:06.028000,265.0,189.0,309.0,305.0,True,SOFT,2.0,True,McLaren,0 days 01:11:45.112000,2020-10-24 13:56:45.312,1,,False,,False,True
0 days 01:14:23.349000,NOR,4,0 days 00:01:17.321000,14.0,3.0,,,0 days 00:00:22.326000,0 days 00:00:29.758000,0 days 00:00:25.237000,0 days 01:13:28.354000,0 days 01:13:58.112000,0 days 01:14:23.349000,278.0,201.0,311.0,325.0,True,SOFT,3.0,True,McLaren,0 days 01:13:06.028000,2020-10-24 13:58:06.228,1,,False,,False,True
0 days 01:16:05.351000,NOR,4,0 days 00:01:42.002000,15.0,3.0,,0 days 01:16:02.096000,0 days 00:00:26.473000,0 days 00:00:41.001000,0 days 00:00:34.528000,0 days 01:14:49.822000,0 days 01:15:30.823000,0 days 01:16:05.351000,105.0,181.0,,294.0,False,SOFT,4.0,True,McLaren,0 days 01:14:23.349000,2020-10-24 13:59:23.549,1,,False,,False,False
0 days 01:22:22.337000,NOR,4,,16.0,4.0,0 days 01:20:57.672000,,,0 days 00:00:32.210000,0 days 00:00:26.989000,,0 days 01:21:55.348000,0 days 01:22:22.431000,252.0,183.0,289.0,294.0,False,SOFT,1.0,True,McLaren,0 days 01:16:05.351000,2020-10-24 14:01:05.551,1,,False,,False,False
0 days 01:23:45.840000,NOR,4,0 days 00:01:23.503000,17.0,4.0,,,0 days 00:00:23.859000,0 days 00:00:31.386000,0 days 00:00:28.258000,0 days 01:22:46.196000,0 days 01:23:17.582000,0 days 01:23:45.840000,268.0,185.0,307.0,296.0,False,SOFT,2.0,True,McLaren,0 days 01:22:22.337000,2020-10-24 14:07:22.537,1,,False,,False,True
0 days 01:25:11.401000,NOR,4,0 days 00:01:25.561000,18.0,4.0,,0 days 01:25:08.268000,0 days 00:00:22.297000,0 days 00:00:29.779000,0 days 00:00:33.485000,0 days 01:24:08.137000,0 days 01:24:37.916000,0 days 01:25:11.401000,281.0,200.0,,320.0,False,SOFT,3.0,True,McLaren,0 days 01:23:45.840000,2020-10-24 14:08:46.040,1,,False,,False,False
0 days 01:35:25.176000,NOR,4,,19.0,5.0,0 days 01:34:00.640000,,,0 days 00:00:32.860000,0 days 00:00:27.013000,,0 days 01:34:58.166000,0 days 01:35:25.252000,251.0,182.0,288.0,320.0,False,SOFT,1.0,True,McLaren,0 days 01:25:11.401000,2020-10-24 14:10:11.601,12,,False,,False,False
0 days 01:36:47.250000,NOR,4,0 days 00:01:22.074000,20.0,5.0,,,0 days 00:00:24.051000,0 days 00:00:31.621000,0 days 00:00:26.402000,0 days 01:35:49.227000,0 days 01:36:20.848000,0 days 01:36:47.250000,267.0,181.0,305.0,295.0,True,SOFT,2.0,True,McLaren,0 days 01:35:25.176000,2020-10-24 14:20:25.376,1,,False,,False,True
0 days 01:38:07.464000,NOR,4,0 days 00:01:20.214000,21.0,5.0,,,0 days 00:00:22.490000,0 days 00:00:30.315000,0 days 00:00:27.409000,0 days 01:37:09.740000,0 days 01:37:40.055000,0 days 01:38:07.464000,279.0,178.0,278.0,319.0,True,SOFT,3.0,True,McLaren,0 days 01:36:47.250000,2020-10-24 14:21:47.450,1,,False,,False,True
0 days 01:39:30.923000,NOR,4,0 days 00:01:23.459000,22.0,5.0,,,0 days 00:00:24.330000,0 days 00:00:31.713000,0 days 00:00:27.416000,0 days 01:38:31.794000,0 days 01:39:03.507000,0 days 01:39:30.923000,266.0,180.0,307.0,292.0,False,SOFT,4.0,True,McLaren,0 days 01:38:07.464000,2020-10-24 14:23:07.664,1,,False,,False,True
0 days 01:40:48.448000,NOR,4,0 days 00:01:17.525000,23.0,5.0,,,0 days 00:00:22.381000,0 days 00:00:29.820000,0 days 00:00:25.324000,0 days 01:39:53.304000,0 days 01:40:23.124000,0 days 01:40:48.448000,280.0,200.0,303.0,318.0,True,SOFT,5.0,True,McLaren,0 days 01:39:30.923000,2020-10-24 14:24:31.123,1,,False,,False,True
0 days 01:42:16.632000,NOR,4,0 days 00:01:28.184000,24.0,5.0,,0 days 01:42:13.565000,0 days 00:00:25.198000,0 days 00:00:32.682000,0 days 00:00:30.304000,0 days 01:41:13.646000,0 days 01:41:46.328000,0 days 01:42:16.632000,255.0,185.0,,269.0,False,SOFT,6.0,True,McLaren,0 days 01:40:48.448000,2020-10-24 14:25:48.648,1,,False,,False,False
0 days 00:46:54.500000,GAS,10,,1.0,1.0,0 days 00:45:19.507000,,,0 days 00:00:34.799000,0 days 00:00:31.303000,,0 days 00:46:23.280000,0 days 00:46:54.754000,265.0,175.0,306.0,,False,SOFT,1.0,True,AlphaTauri,0 days 00:45:19.507000,2020-10-24 13:30:19.707,1,,False,,False,False
0 days 00:48:12.880000,GAS,10,0 days 00:01:18.380000,2.0,1.0,,,0 days 00:00:22.822000,0 days 00:00:30.150000,0 days 00:00:25.408000,0 days 00:47:17.322000,0 days 00:47:47.472000,0 days 00:48:12.880000,277.0,194.0,307.0,320.0,True,SOFT,2.0,True,AlphaTauri,0 days 00:46:54.500000,2020-10-24 13:31:54.700,1,,False,,False,True
0 days 00:49:47.223000,GAS,10,0 days 00:01:34.343000,3.0,1.0,,,0 days 00:00:28.878000,0 days 00:00:37.607000,0 days 00:00:27.858000,0 days 00:48:41.758000,0 days 00:49:19.365000,0 days 00:49:47.223000,215.0,141.0,305.0,308.0,False,SOFT,3.0,True,AlphaTauri,0 days 00:48:12.880000,2020-10-24 13:33:13.080,1,,False,,False,True
0 days 00:51:05.367000,GAS,10,0 days 00:01:18.144000,4.0,1.0,,,0 days 00:00:22.594000,0 days 00:00:30.106000,0 days 00:00:25.444000,0 days 00:50:09.817000,0 days 00:50:39.923000,0 days 00:51:05.367000,277.0,197.0,304.0,320.0,True,SOFT,4.0,True,AlphaTauri,0 days 00:49:47.223000,2020-10-24 13:34:47.423,1,,False,,False,True
0 days 00:52:55.165000,GAS,10,0 days 00:01:49.798000,5.0,1.0,,,0 days 00:00:28.271000,0 days 00:00:41.744000,0 days 00:00:39.783000,0 days 00:51:33.638000,0 days 00:52:15.382000,0 days 00:52:55.165000,180.0,116.0,306.0,267.0,False,SOFT,5.0,True,AlphaTauri,0 days 00:51:05.367000,2020-10-24 13:36:05.567,12,,False,,False,True
0 days 00:54:12.682000,GAS,10,0 days 00:01:17.517000,6.0,1.0,,,0 days 00:00:22.409000,0 days 00:00:29.676000,0 days 00:00:25.432000,0 days 00:53:17.574000,0 days 00:53:47.250000,0 days 00:54:12.682000,277.0,198.0,305.0,323.0,True,SOFT,6.0,True,AlphaTauri,0 days 00:52:55.165000,2020-10-24 13:37:55.365,1,,False,,False,True
0 days 00:55:43.780000,GAS,10,0 days 00:01:31.098000,7.0,1.0,,0 days 00:55:40.741000,0 days 00:00:25.184000,0 days 00:00:33.553000,0 days 00:00:32.361000,0 days 00:54:37.866000,0 days 00:55:11.419000,0 days 00:55:43.780000,250.0,172.0,,314.0,False,SOFT,7.0,True,AlphaTauri,0 days 00:54:12.682000,2020-10-24 13:39:12.882,1,,False,,False,False
0 days 00:59:18.614000,GAS,10,,8.0,2.0,0 days 00:57:45.914000,,,0 days 00:00:36.338000,0 days 00:00:31.854000,,0 days 00:58:46.775000,0 days 00:59:18.856000,260.0,130.0,307.0,314.0,False,SOFT,1.0,True,AlphaTauri,0 days 00:55:43.780000,2020-10-24 13:40:43.980,1,,False,,False,False
0 days 01:00:36.562000,GAS,10,0 days 00:01:17.948000,9.0,2.0,,,0 days 00:00:22.507000,0 days 00:00:29.994000,0 days 00:00:25.447000,0 days 00:59:41.121000,0 days 01:00:11.115000,0 days 01:00:36.562000,280.0,198.0,303.0,319.0,False,SOFT,2.0,True,AlphaTauri,0 days 00:59:18.614000,2020-10-24 13:44:18.814,1,,False,,False,True
0 days 01:02:12.795000,GAS,10,0 days 00:01:36.233000,10.0,2.0,,,0 days 00:00:28.575000,0 days 00:00:35.665000,0 days 00:00:31.993000,0 days 01:01:05.137000,0 days 01:01:40.802000,0 days 01:02:12.795000,244.0,173.0,306.0,303.0,False,SOFT,3.0,True,AlphaTauri,0 days 01:00:36.562000,2020-10-24 13:45:36.762,1,,False,,False,True
0 days 01:03:30.004000,GAS,10,0 days 00:01:17.209000,11.0,2.0,,,0 days 00:00:22.400000,0 days 00:00:29.650000,0 days 00:00:25.159000,0 days 01:02:35.195000,0 days 01:03:04.845000,0 days 01:03:30.004000,278.0,201.0,307.0,322.0,True,SOFT,4.0,True,AlphaTauri,0 days 01:02:12.795000,2020-10-24 13:47:12.995,1,,False,,False,True
0 days 01:05:08.993000,GAS,10,0 days 00:01:38.989000,12.0,2.0,,0 days 01:05:06.005000,0 days 00:00:25.721000,0 days 00:00:38.088000,0 days 00:00:35.180000,0 days 01:03:55.725000,0 days 01:04:33.813000,0 days 01:05:08.993000,250.0,151.0,,302.0,False,SOFT,5.0,True,AlphaTauri,0 days 01:03:30.004000,2020-10-24 13:48:30.204,1,,False,,False,False
0 days 01:11:41.679000,GAS,10,,13.0,3.0,0 days 01:10:12.110000,,,0 days 00:00:33.800000,0 days 00:00:30.235000,,0 days 01:11:11.486000,0 days 01:11:41.705000,266.0,176.0,307.0,302.0,False,SOFT,1.0,True,AlphaTauri,0 days 01:05:08.993000,2020-10-24 13:50:09.193,1,,False,,False,False
0 days 01:12:59.046000,GAS,10,0 days 00:01:17.367000,14.0,3.0,,,0 days 00:00:22.505000,0 days 00:00:29.624000,0 days 00:00:25.238000,0 days 01:12:04.184000,0 days 01:12:33.808000,0 days 01:12:59.046000,277.0,199.0,306.0,322.0,True,SOFT,2.0,True,AlphaTauri,0 days 01:11:41.679000,2020-10-24 13:56:41.879,1,,False,,False,True
0 days 01:14:37.483000,GAS,10,0 days 00:01:38.437000,15.0,3.0,,,0 days 00:00:28.148000,0 days 00:00:39.981000,0 days 00:00:30.308000,0 days 01:13:27.194000,0 days 01:14:07.175000,0 days 01:14:37.483000,241.0,160.0,307.0,306.0,False,SOFT,3.0,True,AlphaTauri,0 days 01:12:59.046000,2020-10-24 13:57:59.246,1,,False,,False,True
0 days 01:16:02.932000,GAS,10,0 days 00:01:25.449000,16.0,3.0,,0 days 01:15:59.258000,0 days 00:00:22.429000,0 days 00:00:29.704000,0 days 00:00:33.316000,0 days 01:14:59.912000,0 days 01:15:29.616000,0 days 01:16:02.932000,279.0,198.0,,322.0,False,SOFT,4.0,True,AlphaTauri,0 days 01:14:37.483000,2020-10-24 13:59:37.683,1,,False,,False,False
0 days 01:21:13.395000,GAS,10,,17.0,4.0,0 days 01:19:43.601000,,,0 days 00:00:36.547000,0 days 00:00:27.811000,,0 days 01:20:45.674000,0 days 01:21:13.466000,243.0,168.0,303.0,322.0,False,SOFT,1.0,True,AlphaTauri,0 days 01:16:02.932000,2020-10-24 14:01:03.132,1,,False,,False,False
0 days 01:22:31.197000,GAS,10,0 days 00:01:17.802000,18.0,4.0,,,0 days 00:00:22.434000,0 days 00:00:29.726000,0 days 00:00:25.642000,0 days 01:21:35.829000,0 days 01:22:05.555000,0 days 01:22:31.197000,280.0,193.0,300.0,314.0,False,SOFT,2.0,True,AlphaTauri,0 days 01:21:13.395000,2020-10-24 14:06:13.595,1,,False,,False,True
0 days 01:24:09.223000,GAS,10,0 days 00:01:38.026000,19.0,4.0,,,0 days 00:00:31.579000,0 days 00:00:36.437000,0 days 00:00:30.010000,0 days 01:23:02.776000,0 days 01:23:39.213000,0 days 01:24:09.223000,243.0,163.0,306.0,181.0,False,SOFT,3.0,True,AlphaTauri,0 days 01:22:31.197000,2020-10-24 14:07:31.397,1,,False,,False,True
0 days 01:25:26.713000,GAS,10,0 days 00:01:17.490000,20.0,4.0,,,0 days 00:00:22.279000,0 days 00:00:29.752000,0 days 00:00:25.459000,0 days 01:24:31.502000,0 days 01:25:01.254000,0 days 01:25:26.713000,281.0,197.0,305.0,320.0,False,SOFT,4.0,True,AlphaTauri,0 days 01:24:09.223000,2020-10-24 14:09:09.423,1,,False,,False,True
0 days 01:27:08.284000,GAS,10,0 days 00:01:41.571000,21.0,4.0,,0 days 01:27:05.126000,0 days 00:00:30.607000,0 days 00:00:37.076000,0 days 00:00:33.888000,0 days 01:25:57.320000,0 days 01:26:34.396000,0 days 01:27:08.284000,246.0,154.0,,293.0,False,SOFT,5.0,True,AlphaTauri,0 days 01:25:26.713000,2020-10-24 14:10:26.913,12,,False,,False,False
0 days 01:41:27.447000,GAS,10,,22.0,5.0,0 days 01:39:59.495000,,,0 days 00:00:35.147000,0 days 00:00:27.271000,,0 days 01:41:00.247000,0 days 01:41:27.507000,261.0,176.0,303.0,293.0,False,SOFT,1.0,True,AlphaTauri,0 days 01:27:08.284000,2020-10-24 14:12:08.484,1,,False,,False,False
0 days 01:42:45.481000,GAS,10,0 days 00:01:18.034000,23.0,5.0,,,0 days 00:00:22.616000,0 days 00:00:30.025000,0 days 00:00:25.393000,0 days 01:41:50.063000,0 days 01:42:20.088000,0 days 01:42:45.481000,280.0,197.0,302.0,315.0,True,SOFT,2.0,True,AlphaTauri,0 days 01:41:27.447000,2020-10-24 14:26:27.647,1,,False,,False,True
0 days 01:44:19.282000,GAS,10,0 days 00:01:33.801000,24.0,5.0,,,0 days 00:00:27.053000,0 days 00:00:36.577000,0 days 00:00:30.171000,0 days 01:43:12.534000,0 days 01:43:49.111000,0 days 01:44:19.282000,247.0,151.0,304.0,300.0,False,SOFT,3.0,True,AlphaTauri,0 days 01:42:45.481000,2020-10-24 14:27:45.681,1,,False,,False,True
0 days 01:45:37.085000,GAS,10,0 days 00:01:17.803000,25.0,5.0,,,0 days 00:00:22.348000,0 days 00:00:29.796000,0 days 00:00:25.659000,0 days 01:44:41.630000,0 days 01:45:11.426000,0 days 01:45:37.085000,278.0,193.0,304.0,319.0,True,SOFT,4.0,True,AlphaTauri,0 days 01:44:19.282000,2020-10-24 14:29:19.482,1,,False,,False,True
0 days 01:47:18.870000,GAS,10,,26.0,5.0,,0 days 01:47:18.870000,0 days 00:00:31.715000,0 days 00:00:37.569000,,0 days 01:46:08.783000,0 days 01:46:46.415000,,231.0,156.0,,302.0,False,SOFT,5.0,True,AlphaTauri,0 days 01:45:37.085000,2020-10-24 14:30:37.285,1,,False,,False,False
0 days 00:47:41.848000,RIC,3,,1.0,1.0,0 days 00:46:14.856000,,,0 days 00:00:34.156000,0 days 00:00:27.786000,,0 days 00:47:14.114000,0 days 00:47:42.157000,253.0,186.0,307.0,,False,SOFT,1.0,True,Renault,0 days 00:46:14.856000,2020-10-24 13:31:15.056,1,,False,,False,False
0 days 00:49:00.092000,RIC,3,0 days 00:01:18.244000,2.0,1.0,,,0 days 00:00:22.807000,0 days 00:00:30.166000,0 days 00:00:25.271000,0 days 00:48:04.655000,0 days 00:48:34.821000,0 days 00:49:00.092000,273.0,197.0,305.0,323.0,True,SOFT,2.0,True,Renault,0 days 00:47:41.848000,2020-10-24 13:32:42.048,1,,False,,False,True
0 days 00:50:44.429000,RIC,3,0 days 00:01:44.337000,3.0,1.0,,,0 days 00:00:29.573000,0 days 00:00:42.166000,0 days 00:00:32.598000,0 days 00:49:29.665000,0 days 00:50:11.831000,0 days 00:50:44.429000,184.0,111.0,310.0,300.0,False,SOFT,3.0,True,Renault,0 days 00:49:00.092000,2020-10-24 13:34:00.292,1,,False,,False,True
0 days 00:52:02.388000,RIC,3,0 days 00:01:17.959000,4.0,1.0,,,0 days 00:00:22.675000,0 days 00:00:30.009000,0 days 00:00:25.275000,0 days 00:51:07.104000,0 days 00:51:37.113000,0 days 00:52:02.388000,273.0,198.0,309.0,326.0,True,SOFT,4.0,True,Renault,0 days 00:50:44.429000,2020-10-24 13:35:44.629,1,,False,,False,True
0 days 00:53:37.984000,RIC,3,0 days 00:01:35.596000,5.0,1.0,,0 days 00:53:34.928000,0 days 00:00:27.435000,0 days 00:00:34.899000,0 days 00:00:33.262000,0 days 00:52:29.823000,0 days 00:53:04.722000,0 days 00:53:37.984000,241.0,163.0,,305.0,False,SOFT,5.0,True,Renault,0 days 00:52:02.388000,2020-10-24 13:37:02.588,12,,False,,False,False
0 days 00:58:43.432000,RIC,3,,6.0,2.0,0 days 00:57:11.370000,,,0 days 00:00:33.350000,0 days 00:00:33.557000,,0 days 00:58:09.974000,0 days 00:58:43.674000,262.0,184.0,308.0,305.0,False,SOFT,1.0,True,Renault,0 days 00:53:37.984000,2020-10-24 13:38:38.184,1,,False,,False,False
0 days 01:00:01.053000,RIC,3,0 days 00:01:17.621000,7.0,2.0,,,0 days 00:00:22.480000,0 days 00:00:29.872000,0 days 00:00:25.269000,0 days 00:59:05.912000,0 days 00:59:35.784000,0 days 01:00:01.053000,276.0,200.0,302.0,321.0,True,SOFT,2.0,True,Renault,0 days 00:58:43.432000,2020-10-24 13:43:43.632,1,,False,,False,True
0 days 01:01:45.181000,RIC,3,0 days 00:01:44.128000,8.0,2.0,,0 days 01:01:41.926000,0 days 00:00:28.512000,0 days 00:00:37.390000,0 days 00:00:38.226000,0 days 01:00:29.565000,0 days 01:01:06.955000,0 days 01:01:45.181000,242.0,157.0,,242.0,False,SOFT,3.0,True,Renault,0 days 01:00:01.053000,2020-10-24 13:45:01.253,1,,False,,False,False
0 days 01:12:07.675000,RIC,3,,9.0,3.0,0 days 01:10:43.564000,,,0 days 00:00:32.727000,0 days 00:00:27.649000,,0 days 01:11:40.107000,0 days 01:12:07.704000,259.0,187.0,307.0,242.0,False,SOFT,1.0,True,Renault,0 days 01:01:45.181000,2020-10-24 13:46:45.381,1,,False,,False,False
0 days 01:13:25.184000,RIC,3,0 days 00:01:17.509000,10.0,3.0,,,0 days 00:00:22.569000,0 days 00:00:29.818000,0 days 00:00:25.122000,0 days 01:12:30.244000,0 days 01:13:00.062000,0 days 01:13:25.184000,274.0,201.0,307.0,322.0,True,SOFT,2.0,True,Renault,0 days 01:12:07.675000,2020-10-24 13:57:07.875,1,,False,,False,True
0 days 01:15:03.560000,RIC,3,0 days 00:01:38.376000,11.0,3.0,,,0 days 00:00:31.115000,0 days 00:00:37.886000,0 days 00:00:29.375000,0 days 01:13:56.299000,0 days 01:14:34.185000,0 days 01:15:03.560000,239.0,152.0,304.0,128.0,False,SOFT,3.0,True,Renault,0 days 01:13:25.184000,2020-10-24 13:58:25.384,1,,False,,False,True
0 days 01:16:21.041000,RIC,3,0 days 00:01:17.481000,12.0,3.0,,,0 days 00:00:22.574000,0 days 00:00:29.712000,0 days 00:00:25.195000,0 days 01:15:26.134000,0 days 01:15:55.846000,0 days 01:16:21.041000,275.0,199.0,303.0,320.0,True,SOFT,4.0,True,Renault,0 days 01:15:03.560000,2020-10-24 14:00:03.760,1,,False,,False,True
0 days 01:17:59.202000,RIC,3,0 days 00:01:38.161000,13.0,3.0,,0 days 01:17:56.129000,0 days 00:00:30.114000,0 days 00:00:35.585000,0 days 00:00:32.462000,0 days 01:16:51.155000,0 days 01:17:26.740000,0 days 01:17:59.202000,242.0,171.0,,165.0,False,SOFT,5.0,True,Renault,0 days 01:16:21.041000,2020-10-24 14:01:21.241,1,,False,,False,False
0 days 01:21:34.527000,RIC,3,,14.0,4.0,0 days 01:20:09.400000,,,0 days 00:00:33.527000,0 days 00:00:27.951000,,0 days 01:21:06.641000,0 days 01:21:34.597000,263.0,177.0,307.0,165.0,False,SOFT,1.0,True,Renault,0 days 01:17:59.202000,2020-10-24 14:02:59.402,1,,False,,False,False
0 days 01:22:52.100000,RIC,3,0 days 00:01:17.573000,15.0,4.0,,,0 days 00:00:22.429000,0 days 00:00:29.749000,0 days 00:00:25.395000,0 days 01:21:56.956000,0 days 01:22:26.705000,0 days 01:22:52.100000,277.0,199.0,304.0,318.0,False,SOFT,2.0,True,Renault,0 days 01:21:34.527000,2020-10-24 14:06:34.727,1,,False,,False,True
0 days 01:24:36.899000,RIC,3,0 days 00:01:44.799000,16.0,4.0,,,0 days 00:00:29.156000,0 days 00:00:43.318000,0 days 00:00:32.325000,0 days 01:23:21.256000,0 days 01:24:04.574000,0 days 01:24:36.899000,146.0,142.0,308.0,296.0,False,SOFT,3.0,True,Renault,0 days 01:22:52.100000,2020-10-24 14:07:52.300,1,,False,,False,True
0 days 01:26:21.526000,RIC,3,0 days 00:01:44.627000,17.0,4.0,,0 days 01:26:18.424000,0 days 00:00:22.524000,0 days 00:00:41.870000,0 days 00:00:40.233000,0 days 01:24:59.423000,0 days 01:25:41.293000,0 days 01:26:21.526000,278.0,134.0,,324.0,False,SOFT,4.0,True,Renault,0 days 01:24:36.899000,2020-10-24 14:09:37.099,12,,False,,False,False
0 days 00:47:26.935000,OCO,31,,1.0,1.0,0 days 00:45:55.081000,,,0 days 00:00:33.359000,0 days 00:00:32.655000,,0 days 00:46:54.287000,0 days 00:47:27.211000,250.0,182.0,307.0,,False,SOFT,1.0,True,Renault,0 days 00:45:55.081000,2020-10-24 13:30:55.281,1,,False,,False,False
0 days 00:48:45.209000,OCO,31,0 days 00:01:18.274000,2.0,1.0,,,0 days 00:00:22.843000,0 days 00:00:30.186000,0 days 00:00:25.245000,0 days 00:47:49.778000,0 days 00:48:19.964000,0 days 00:48:45.209000,275.0,199.0,307.0,322.0,True,SOFT,2.0,True,Renault,0 days 00:47:26.935000,2020-10-24 13:32:27.135,1,,False,,False,True
0 days 00:50:18.262000,OCO,31,0 days 00:01:33.053000,3.0,1.0,,,0 days 00:00:27.229000,0 days 00:00:35.985000,0 days 00:00:29.839000,0 days 00:49:12.438000,0 days 00:49:48.423000,0 days 00:50:18.262000,240.0,135.0,311.0,304.0,False,SOFT,3.0,True,Renault,0 days 00:48:45.209000,2020-10-24 13:33:45.409,1,,False,,False,True
0 days 00:51:36.184000,OCO,31,0 days 00:01:17.922000,4.0,1.0,,,0 days 00:00:22.551000,0 days 00:00:30.095000,0 days 00:00:25.276000,0 days 00:50:40.813000,0 days 00:51:10.908000,0 days 00:51:36.184000,275.0,197.0,304.0,326.0,True,SOFT,4.0,True,Renault,0 days 00:50:18.262000,2020-10-24 13:35:18.462,1,,False,,False,True
0 days 00:53:11.399000,OCO,31,0 days 00:01:35.215000,5.0,1.0,,0 days 00:53:08.115000,0 days 00:00:28.353000,0 days 00:00:33.615000,0 days 00:00:33.247000,0 days 00:52:04.537000,0 days 00:52:38.152000,0 days 00:53:11.399000,245.0,180.0,,145.0,False,SOFT,5.0,True,Renault,0 days 00:51:36.184000,2020-10-24 13:36:36.384,12,,False,,False,False
0 days 00:58:49.493000,OCO,31,,6.0,2.0,0 days 00:57:12.063000,,,0 days 00:00:33.318000,0 days 00:00:39.046000,,0 days 00:58:10.501000,0 days 00:58:49.793000,264.0,180.0,307.0,145.0,False,SOFT,1.0,True,Renault,0 days 00:53:11.399000,2020-10-24 13:38:11.599,1,,False,,False,False
0 days 01:00:07.435000,OCO,31,0 days 00:01:17.942000,7.0,2.0,,,0 days 00:00:22.655000,0 days 00:00:30.090000,0 days 00:00:25.197000,0 days 00:59:12.148000,0 days 00:59:42.238000,0 days 01:00:07.435000,277.0,200.0,306.0,321.0,False,SOFT,2.0,True,Renault,0 days 00:58:49.493000,2020-10-24 13:43:49.693,1,,False,,False,True
0 days 01:01:42.119000,OCO,31,0 days 00:01:34.684000,8.0,2.0,,,0 days 00:00:26.372000,0 days 00:00:36.423000,0 days 00:00:31.889000,0 days 01:00:33.807000,0 days 01:01:10.230000,0 days 01:01:42.119000,245.0,159.0,306.0,301.0,False,SOFT,3.0,True,Renault,0 days 01:00:07.435000,2020-10-24 13:45:07.635,1,,False,,False,True
0 days 01:02:59.894000,OCO,31,0 days 00:01:17.775000,9.0,2.0,,,0 days 00:00:22.554000,0 days 00:00:29.889000,0 days 00:00:25.332000,0 days 01:02:04.673000,0 days 01:02:34.562000,0 days 01:02:59.894000,276.0,200.0,306.0,322.0,True,SOFT,4.0,True,Renault,0 days 01:01:42.119000,2020-10-24 13:46:42.319,1,,False,,False,True
0 days 01:04:42.262000,OCO,31,0 days 00:01:42.368000,10.0,2.0,,0 days 01:04:39.310000,0 days 00:00:27.130000,0 days 00:00:36.570000,0 days 00:00:38.668000,0 days 01:03:27.024000,0 days 01:04:03.594000,0 days 01:04:42.262000,202.0,162.0,,287.0,False,SOFT,5.0,True,Renault,0 days 01:02:59.894000,2020-10-24 13:48:00.094,1,,False,,False,False
0 days 01:13:57.927000,OCO,31,,11.0,3.0,0 days 01:12:27.385000,,,0 days 00:00:35.579000,0 days 00:00:27.854000,,0 days 01:13:30.082000,0 days 01:13:58.016000,259.0,179.0,294.0,287.0,False,SOFT,1.0,True,Renault,0 days 01:04:42.262000,2020-10-24 13:49:42.462,1,,False,,False,False
0 days 01:15:24.757000,OCO,31,0 days 00:01:26.830000,12.0,3.0,,,0 days 00:00:25.812000,0 days 00:00:33.762000,0 days 00:00:27.256000,0 days 01:14:23.739000,0 days 01:14:57.501000,0 days 01:15:24.757000,257.0,171.0,306.0,307.0,True,SOFT,2.0,True,Renault,0 days 01:13:57.927000,2020-10-24 13:58:58.127,1,,False,,False,True
0 days 01:16:42.371000,OCO,31,0 days 00:01:17.614000,13.0,3.0,,,0 days 00:00:22.533000,0 days 00:00:29.756000,0 days 00:00:25.325000,0 days 01:15:47.290000,0 days 01:16:17.046000,0 days 01:16:42.371000,276.0,198.0,304.0,321.0,True,SOFT,3.0,True,Renault,0 days 01:15:24.757000,2020-10-24 14:00:24.957,1,,False,,False,True
0 days 01:18:14.315000,OCO,31,0 days 00:01:31.944000,14.0,3.0,,0 days 01:18:11.263000,0 days 00:00:25.289000,0 days 00:00:33.508000,0 days 00:00:33.147000,0 days 01:17:07.660000,0 days 01:17:41.168000,0 days 01:18:14.315000,248.0,177.0,,300.0,False,SOFT,4.0,True,Renault,0 days 01:16:42.371000,2020-10-24 14:01:42.571,1,,False,,False,False
0 days 01:21:36.440000,OCO,31,,15.0,4.0,0 days 01:20:06.368000,,,0 days 00:00:36.579000,0 days 00:00:28.756000,,0 days 01:21:07.702000,0 days 01:21:36.492000,267.0,173.0,297.0,300.0,False,SOFT,1.0,True,Renault,0 days 01:18:14.315000,2020-10-24 14:03:14.515,1,,False,,False,False
0 days 01:23:02.304000,OCO,31,0 days 00:01:25.864000,16.0,4.0,,,0 days 00:00:25.145000,0 days 00:00:33.223000,0 days 00:00:27.496000,0 days 01:22:01.585000,0 days 01:22:34.808000,0 days 01:23:02.304000,264.0,179.0,307.0,313.0,False,SOFT,2.0,True,Renault,0 days 01:21:36.440000,2020-10-24 14:06:36.640,1,,False,,False,True
0 days 01:24:20.699000,OCO,31,0 days 00:01:18.395000,17.0,4.0,,,0 days 00:00:22.572000,0 days 00:00:30.130000,0 days 00:00:25.693000,0 days 01:23:24.876000,0 days 01:23:55.006000,0 days 01:24:20.699000,279.0,189.0,314.0,320.0,False,SOFT,3.0,True,Renault,0 days 01:23:02.304000,2020-10-24 14:08:02.504,1,,False,,False,True
0 days 01:26:05.089000,OCO,31,0 days 00:01:44.390000,18.0,4.0,,0 days 01:26:02.015000,0 days 00:00:26.735000,0 days 00:00:43.165000,0 days 00:00:34.490000,0 days 01:24:47.434000,0 days 01:25:30.599000,0 days 01:26:05.089000,217.0,161.0,,256.0,False,SOFT,4.0,True,Renault,0 days 01:24:20.699000,2020-10-24 14:09:20.899,12,,False,,False,False
0 days 00:47:11.778000,STR,18,,1.0,1.0,0 days 00:45:43.436000,,,0 days 00:00:33.030000,0 days 00:00:30.970000,,0 days 00:46:40.889000,0 days 00:47:12.036000,250.0,175.0,304.0,,False,SOFT,1.0,True,Racing Point,0 days 00:45:43.436000,2020-10-24 13:30:43.636,1,,False,,False,False
0 days 00:48:31.477000,STR,18,0 days 00:01:19.699000,2.0,1.0,,,0 days 00:00:22.694000,0 days 00:00:31.233000,0 days 00:00:25.772000,0 days 00:47:34.472000,0 days 00:48:05.705000,0 days 00:48:31.477000,276.0,188.0,306.0,321.0,True,SOFT,2.0,True,Racing Point,0 days 00:47:11.778000,2020-10-24 13:32:11.978,1,,False,,False,True
0 days 00:50:06.711000,STR,18,0 days 00:01:35.234000,3.0,1.0,,,0 days 00:00:27.331000,0 days 00:00:35.045000,0 days 00:00:32.858000,0 days 00:48:58.808000,0 days 00:49:33.853000,0 days 00:50:06.711000,247.0,170.0,302.0,271.0,False,SOFT,3.0,True,Racing Point,0 days 00:48:31.477000,2020-10-24 13:33:31.677,1,,False,,False,True
0 days 00:51:25.130000,STR,18,0 days 00:01:18.419000,4.0,1.0,,,0 days 00:00:22.701000,0 days 00:00:30.270000,0 days 00:00:25.448000,0 days 00:50:29.412000,0 days 00:50:59.682000,0 days 00:51:25.130000,275.0,189.0,305.0,323.0,True,SOFT,4.0,True,Racing Point,0 days 00:50:06.711000,2020-10-24 13:35:06.911,1,,False,,False,True
0 days 00:53:04.164000,STR,18,0 days 00:01:39.034000,5.0,1.0,,,0 days 00:00:28.132000,0 days 00:00:40.260000,0 days 00:00:30.642000,0 days 00:51:53.262000,0 days 00:52:33.522000,0 days 00:53:04.164000,243.0,132.0,306.0,278.0,False,SOFT,5.0,True,Racing Point,0 days 00:51:25.130000,2020-10-24 13:36:25.330,12,,False,,False,True
0 days 00:54:21.831000,STR,18,0 days 00:01:17.667000,6.0,1.0,,,0 days 00:00:22.479000,0 days 00:00:29.863000,0 days 00:00:25.325000,0 days 00:53:26.643000,0 days 00:53:56.506000,0 days 00:54:21.831000,275.0,197.0,307.0,326.0,True,SOFT,6.0,True,Racing Point,0 days 00:53:04.164000,2020-10-24 13:38:04.364,1,,False,,False,True
0 days 00:55:50.620000,STR,18,0 days 00:01:28.789000,7.0,1.0,,0 days 00:55:47.623000,0 days 00:00:24.885000,0 days 00:00:32.328000,0 days 00:00:31.576000,0 days 00:54:46.716000,0 days 00:55:19.044000,0 days 00:55:50.620000,252.0,182.0,,295.0,False,SOFT,7.0,True,Racing Point,0 days 00:54:21.831000,2020-10-24 13:39:22.031,1,,False,,False,False
0 days 00:59:22.776000,STR,18,,8.0,2.0,0 days 00:58:00.439000,,,0 days 00:00:31.652000,0 days 00:00:27.119000,,0 days 00:58:55.657000,0 days 00:59:22.992000,259.0,186.0,307.0,295.0,False,SOFT,1.0,True,Racing Point,0 days 00:55:50.620000,2020-10-24 13:40:50.820,1,,False,,False,False
0 days 01:00:40.444000,STR,18,0 days 00:01:17.668000,9.0,2.0,,,0 days 00:00:22.471000,0 days 00:00:29.810000,0 days 00:00:25.387000,0 days 00:59:45.247000,0 days 01:00:15.057000,0 days 01:00:40.444000,279.0,192.0,306.0,322.0,False,SOFT,2.0,True,Racing Point,0 days 00:59:22.776000,2020-10-24 13:44:22.976,1,,False,,False,True
0 days 01:02:36.297000,STR,18,0 days 00:01:55.853000,10.0,2.0,,,0 days 00:00:29.318000,0 days 00:00:42.609000,0 days 00:00:43.926000,0 days 01:01:09.762000,0 days 01:01:52.371000,0 days 01:02:36.297000,246.0,92.0,303.0,178.0,False,SOFT,3.0,True,Racing Point,0 days 01:00:40.444000,2020-10-24 13:45:40.644,1,,False,,False,True
0 days 01:03:53.773000,STR,18,0 days 00:01:17.476000,11.0,2.0,,,0 days 00:00:22.389000,0 days 00:00:29.772000,0 days 00:00:25.315000,0 days 01:02:58.686000,0 days 01:03:28.458000,0 days 01:03:53.773000,276.0,198.0,306.0,321.0,False,SOFT,4.0,True,Racing Point,0 days 01:02:36.297000,2020-10-24 13:47:36.497,1,,True,TRACK LIMITS AT TURN 1,False,True
0 days 01:05:24.827000,STR,18,0 days 00:01:31.054000,12.0,2.0,,0 days 01:05:22.162000,0 days 00:00:24.950000,0 days 00:00:33.239000,0 days 00:00:32.865000,0 days 01:04:18.723000,0 days 01:04:51.962000,0 days 01:05:24.827000,252.0,179.0,,269.0,False,SOFT,5.0,True,Racing Point,0 days 01:03:53.773000,2020-10-24 13:48:53.973,1,,False,,False,False
0 days 01:11:26.218000,STR,18,,13.0,3.0,0 days 01:10:02.954000,,,0 days 00:00:31.962000,0 days 00:00:26.680000,,0 days 01:10:59.583000,0 days 01:11:26.269000,258.0,181.0,304.0,269.0,False,SOFT,1.0,True,Racing Point,0 days 01:05:24.827000,2020-10-24 13:50:25.027,1,,False,,False,False
0 days 01:12:43.844000,STR,18,0 days 00:01:17.626000,14.0,3.0,,,0 days 00:00:22.628000,0 days 00:00:29.650000,0 days 00:00:25.348000,0 days 01:11:48.846000,0 days 01:12:18.496000,0 days 01:12:43.844000,277.0,195.0,308.0,320.0,True,SOFT,2.0,True,Racing Point,0 days 01:11:26.218000,2020-10-24 13:56:26.418,1,,False,,False,True
0 days 01:14:27.984000,STR,18,0 days 00:01:44.140000,15.0,3.0,,,0 days 00:00:27.398000,0 days 00:00:42.627000,0 days 00:00:34.115000,0 days 01:13:11.242000,0 days 01:13:53.869000,0 days 01:14:27.984000,221.0,147.0,306.0,282.0,False,SOFT,3.0,True,Racing Point,0 days 01:12:43.844000,2020-10-24 13:57:44.044,1,,False,,False,True
0 days 01:15:45.770000,STR,18,0 days 00:01:17.786000,16.0,3.0,,,0 days 00:00:22.601000,0 days 00:00:29.654000,0 days 00:00:25.531000,0 days 01:14:50.585000,0 days 01:15:20.239000,0 days 01:15:45.770000,276.0,193.0,305.0,322.0,False,SOFT,4.0,True,Racing Point,0 days 01:14:27.984000,2020-10-24 13:59:28.184,1,,False,,False,True
0 days 01:17:15.461000,STR,18,0 days 00:01:29.691000,17.0,3.0,,0 days 01:17:12.368000,0 days 00:00:25.092000,0 days 00:00:33.317000,0 days 00:00:31.282000,0 days 01:16:10.862000,0 days 01:16:44.179000,0 days 01:17:15.461000,250.0,178.0,,296.0,False,SOFT,5.0,True,Racing Point,0 days 01:15:45.770000,2020-10-24 14:00:45.970,1,,False,,False,False
0 days 01:21:22.853000,STR,18,,18.0,4.0,0 days 01:19:51.777000,,,0 days 00:00:32.607000,0 days 00:00:35.679000,,0 days 01:20:47.185000,0 days 01:21:22.898000,262.0,180.0,305.0,296.0,False,SOFT,1.0,True,Racing Point,0 days 01:17:15.461000,2020-10-24 14:02:15.661,1,,False,,False,False
0 days 01:22:41.102000,STR,18,0 days 00:01:18.249000,19.0,4.0,,,0 days 00:00:22.389000,0 days 00:00:29.790000,0 days 00:00:26.070000,0 days 01:21:45.242000,0 days 01:22:15.032000,0 days 01:22:41.102000,280.0,194.0,306.0,319.0,False,SOFT,2.0,True,Racing Point,0 days 01:21:22.853000,2020-10-24 14:06:23.053,1,,False,,False,True
0 days 01:24:28.745000,STR,18,0 days 00:01:47.643000,20.0,4.0,,,0 days 00:00:27.139000,0 days 00:00:43.258000,0 days 00:00:37.246000,0 days 01:23:08.241000,0 days 01:23:51.499000,0 days 01:24:28.745000,251.0,96.0,304.0,284.0,False,SOFT,3.0,True,Racing Point,0 days 01:22:41.102000,2020-10-24 14:07:41.302,1,,False,,False,True
0 days 01:25:46.891000,STR,18,0 days 00:01:18.146000,21.0,4.0,,,0 days 00:00:22.538000,0 days 00:00:29.814000,0 days 00:00:25.794000,0 days 01:24:51.283000,0 days 01:25:21.097000,0 days 01:25:46.891000,279.0,195.0,304.0,321.0,False,SOFT,4.0,True,Racing Point,0 days 01:24:28.745000,2020-10-24 14:09:28.945,12,,False,,False,True
0 days 01:27:18.183000,STR,18,0 days 00:01:31.292000,22.0,4.0,,0 days 01:27:14.885000,0 days 00:00:24.931000,0 days 00:00:33.650000,0 days 00:00:32.711000,0 days 01:26:11.822000,0 days 01:26:45.472000,0 days 01:27:18.183000,254.0,172.0,,297.0,False,SOFT,5.0,True,Racing Point,0 days 01:25:46.891000,2020-10-24 14:10:47.091,1,,False,,False,False
0 days 00:46:30.260000,KVY,26,,1.0,1.0,0 days 00:45:02.902000,,,0 days 00:00:33.548000,0 days 00:00:28.219000,,0 days 00:46:02.102000,0 days 00:46:30.544000,260.0,179.0,302.0,,False,SOFT,1.0,True,AlphaTauri,0 days 00:45:02.902000,2020-10-24 13:30:03.102,1,,False,,False,False
0 days 00:47:48.668000,KVY,26,0 days 00:01:18.408000,2.0,1.0,,,0 days 00:00:22.830000,0 days 00:00:30.075000,0 days 00:00:25.503000,0 days 00:46:53.090000,0 days 00:47:23.165000,0 days 00:47:48.668000,277.0,199.0,306.0,314.0,True,SOFT,2.0,True,AlphaTauri,0 days 00:46:30.260000,2020-10-24 13:31:30.460,1,,False,,False,True
0 days 00:49:31.555000,KVY,26,0 days 00:01:42.887000,3.0,1.0,,,0 days 00:00:33.076000,0 days 00:00:38.894000,0 days 00:00:30.917000,0 days 00:48:21.744000,0 days 00:49:00.638000,0 days 00:49:31.555000,235.0,152.0,307.0,304.0,False,SOFT,3.0,True,AlphaTauri,0 days 00:47:48.668000,2020-10-24 13:32:48.868,1,,False,,False,True
0 days 00:50:49.652000,KVY,26,0 days 00:01:18.097000,4.0,1.0,,,0 days 00:00:22.602000,0 days 00:00:30.063000,0 days 00:00:25.432000,0 days 00:49:54.157000,0 days 00:50:24.220000,0 days 00:50:49.652000,276.0,195.0,307.0,322.0,True,SOFT,4.0,True,AlphaTauri,0 days 00:49:31.555000,2020-10-24 13:34:31.755,1,,False,,False,True
0 days 00:52:31.777000,KVY,26,0 days 00:01:42.125000,5.0,1.0,,,0 days 00:00:27.854000,0 days 00:00:38.077000,0 days 00:00:36.194000,0 days 00:51:17.506000,0 days 00:51:55.583000,0 days 00:52:31.777000,242.0,123.0,306.0,291.0,False,SOFT,5.0,True,AlphaTauri,0 days 00:50:49.652000,2020-10-24 13:35:49.852,1,,False,,False,True
0 days 00:53:49.836000,KVY,26,0 days 00:01:18.059000,6.0,1.0,,,0 days 00:00:22.590000,0 days 00:00:29.881000,0 days 00:00:25.588000,0 days 00:52:54.367000,0 days 00:53:24.248000,0 days 00:53:49.836000,276.0,196.0,303.0,322.0,True,SOFT,6.0,True,AlphaTauri,0 days 00:52:31.777000,2020-10-24 13:37:31.977,12,,False,,False,True
0 days 00:55:21.466000,KVY,26,0 days 00:01:31.630000,7.0,1.0,,0 days 00:55:18.499000,0 days 00:00:24.977000,0 days 00:00:33.252000,0 days 00:00:33.401000,0 days 00:54:14.813000,0 days 00:54:48.065000,0 days 00:55:21.466000,249.0,173.0,,304.0,False,SOFT,7.0,True,AlphaTauri,0 days 00:53:49.836000,2020-10-24 13:38:50.036,1,,False,,False,False
0 days 00:59:09.768000,KVY,26,,8.0,2.0,0 days 00:57:27.405000,,,0 days 00:00:33.856000,0 days 00:00:43.593000,,0 days 00:58:26.328000,0 days 00:59:10.085000,262.0,181.0,307.0,304.0,False,SOFT,1.0,True,AlphaTauri,0 days 00:55:21.466000,2020-10-24 13:40:21.666,1,,False,,False,False
0 days 01:00:27.646000,KVY,26,0 days 00:01:17.878000,9.0,2.0,,,0 days 00:00:22.624000,0 days 00:00:29.944000,0 days 00:00:25.310000,0 days 00:59:32.392000,0 days 01:00:02.336000,0 days 01:00:27.646000,279.0,196.0,304.0,318.0,False,SOFT,2.0,True,AlphaTauri,0 days 00:59:09.768000,2020-10-24 13:44:09.968,1,,True,TRACK LIMITS AT TURN 4,False,True
0 days 01:02:00.002000,KVY,26,0 days 00:01:32.356000,10.0,2.0,,,0 days 00:00:26.562000,0 days 00:00:36.775000,0 days 00:00:29.019000,0 days 01:00:54.208000,0 days 01:01:30.983000,0 days 01:02:00.002000,247.0,164.0,305.0,298.0,False,SOFT,3.0,True,AlphaTauri,0 days 01:00:27.646000,2020-10-24 13:45:27.846,1,,False,,False,True
0 days 01:03:17.843000,KVY,26,0 days 00:01:17.841000,11.0,2.0,,,0 days 00:00:22.546000,0 days 00:00:29.835000,0 days 00:00:25.460000,0 days 01:02:22.548000,0 days 01:02:52.383000,0 days 01:03:17.843000,277.0,199.0,306.0,320.0,True,SOFT,4.0,True,AlphaTauri,0 days 01:02:00.002000,2020-10-24 13:47:00.202,1,,False,,False,True
0 days 01:04:51.883000,KVY,26,0 days 00:01:34.040000,12.0,2.0,,0 days 01:04:48.943000,0 days 00:00:25.746000,0 days 00:00:33.815000,0 days 00:00:34.479000,0 days 01:03:43.589000,0 days 01:04:17.404000,0 days 01:04:51.883000,247.0,173.0,,277.0,False,SOFT,5.0,True,AlphaTauri,0 days 01:03:17.843000,2020-10-24 13:48:18.043,1,,False,,False,False
0 days 01:11:32.874000,KVY,26,,13.0,3.0,0 days 01:10:04.838000,,,0 days 00:00:33,0 days 00:00:27.458000,,0 days 01:11:05.500000,0 days 01:11:32.914000,261.0,184.0,305.0,277.0,False,SOFT,1.0,True,AlphaTauri,0 days 01:04:51.883000,2020-10-24 13:49:52.083,1,,False,,False,False
0 days 01:12:50.602000,KVY,26,0 days 00:01:17.728000,14.0,3.0,,,0 days 00:00:22.524000,0 days 00:00:29.779000,0 days 00:00:25.425000,0 days 01:11:55.398000,0 days 01:12:25.177000,0 days 01:12:50.602000,277.0,199.0,305.0,319.0,True,SOFT,2.0,True,AlphaTauri,0 days 01:11:32.874000,2020-10-24 13:56:33.074,1,,False,,False,True
0 days 01:14:22.239000,KVY,26,0 days 00:01:31.637000,15.0,3.0,,,0 days 00:00:26.431000,0 days 00:00:38.070000,0 days 00:00:27.136000,0 days 01:13:17.033000,0 days 01:13:55.103000,0 days 01:14:22.239000,245.0,146.0,304.0,294.0,False,SOFT,3.0,True,AlphaTauri,0 days 01:12:50.602000,2020-10-24 13:57:50.802,1,,False,,False,True
0 days 01:15:40.210000,KVY,26,0 days 00:01:17.971000,16.0,3.0,,,0 days 00:00:22.541000,0 days 00:00:29.842000,0 days 00:00:25.588000,0 days 01:14:44.780000,0 days 01:15:14.622000,0 days 01:15:40.210000,277.0,196.0,305.0,317.0,False,SOFT,4.0,True,AlphaTauri,0 days 01:14:22.239000,2020-10-24 13:59:22.439,1,,False,,False,True
0 days 01:17:10.364000,KVY,26,0 days 00:01:30.154000,17.0,3.0,,0 days 01:17:07.100000,0 days 00:00:24.977000,0 days 00:00:33.428000,0 days 00:00:31.749000,0 days 01:16:05.187000,0 days 01:16:38.615000,0 days 01:17:10.364000,249.0,177.0,,301.0,False,SOFT,5.0,True,AlphaTauri,0 days 01:15:40.210000,2020-10-24 14:00:40.410,1,,False,,False,False
0 days 01:21:26.818000,KVY,26,,18.0,4.0,0 days 01:19:53.292000,,,0 days 00:00:33.845000,0 days 00:00:34.911000,,0 days 01:20:51.983000,0 days 01:21:26.894000,266.0,181.0,306.0,301.0,False,SOFT,1.0,True,AlphaTauri,0 days 01:17:10.364000,2020-10-24 14:02:10.564,1,,False,,False,False
0 days 01:22:44.823000,KVY,26,0 days 00:01:18.005000,19.0,4.0,,,0 days 00:00:22.497000,0 days 00:00:29.916000,0 days 00:00:25.592000,0 days 01:21:49.315000,0 days 01:22:19.231000,0 days 01:22:44.823000,280.0,197.0,304.0,317.0,False,SOFT,2.0,True,AlphaTauri,0 days 01:21:26.818000,2020-10-24 14:06:27.018,1,,False,,False,True
0 days 01:24:20.147000,KVY,26,0 days 00:01:35.324000,20.0,4.0,,,0 days 00:00:27.087000,0 days 00:00:37.222000,0 days 00:00:31.015000,0 days 01:23:11.910000,0 days 01:23:49.132000,0 days 01:24:20.147000,247.0,150.0,308.0,303.0,False,SOFT,3.0,True,AlphaTauri,0 days 01:22:44.823000,2020-10-24 14:07:45.023,1,,False,,False,True
0 days 01:25:38.040000,KVY,26,0 days 00:01:17.893000,21.0,4.0,,,0 days 00:00:22.364000,0 days 00:00:29.945000,0 days 00:00:25.584000,0 days 01:24:42.511000,0 days 01:25:12.456000,0 days 01:25:38.040000,280.0,196.0,297.0,323.0,False,SOFT,4.0,True,AlphaTauri,0 days 01:24:20.147000,2020-10-24 14:09:20.347,12,,False,,False,True
0 days 01:27:12.565000,KVY,26,0 days 00:01:34.525000,22.0,4.0,,0 days 01:27:09.515000,0 days 00:00:26.523000,0 days 00:00:34.206000,0 days 00:00:33.796000,0 days 01:26:04.563000,0 days 01:26:38.769000,0 days 01:27:12.565000,252.0,172.0,,234.0,False,SOFT,5.0,True,AlphaTauri,0 days 01:25:38.040000,2020-10-24 14:10:38.240,21,,False,,False,False
0 days 00:47:21.329000,RUS,63,,1.0,1.0,0 days 00:45:49.253000,,,0 days 00:00:36.483000,0 days 00:00:28.839000,,0 days 00:46:52.498000,0 days 00:47:21.652000,263.0,154.0,301.0,,False,SOFT,1.0,True,Williams,0 days 00:45:49.253000,2020-10-24 13:30:49.453,1,,False,,False,False
0 days 00:48:57.402000,RUS,63,0 days 00:01:36.073000,2.0,1.0,,,0 days 00:00:25.131000,0 days 00:00:35.680000,0 days 00:00:35.262000,0 days 00:47:46.460000,0 days 00:48:22.140000,0 days 00:48:57.402000,258.0,130.0,306.0,306.0,True,SOFT,2.0,True,Williams,0 days 00:47:21.329000,2020-10-24 13:32:21.529,1,,False,,False,True
0 days 00:50:16.234000,RUS,63,0 days 00:01:18.832000,3.0,1.0,,,0 days 00:00:22.678000,0 days 00:00:30.487000,0 days 00:00:25.667000,0 days 00:49:20.080000,0 days 00:49:50.567000,0 days 00:50:16.234000,277.0,194.0,308.0,323.0,True,SOFT,3.0,True,Williams,0 days 00:48:57.402000,2020-10-24 13:33:57.602,1,,False,,False,True
0 days 00:52:00.966000,RUS,63,0 days 00:01:44.732000,4.0,1.0,,,0 days 00:00:30.004000,0 days 00:00:40.293000,0 days 00:00:34.435000,0 days 00:50:46.238000,0 days 00:51:26.531000,0 days 00:52:00.966000,247.0,156.0,313.0,136.0,False,SOFT,4.0,True,Williams,0 days 00:50:16.234000,2020-10-24 13:35:16.434,1,,False,,False,True
0 days 00:53:21.153000,RUS,63,0 days 00:01:20.187000,5.0,1.0,,,0 days 00:00:23.272000,0 days 00:00:31.161000,0 days 00:00:25.754000,0 days 00:52:24.238000,0 days 00:52:55.399000,0 days 00:53:21.153000,276.0,198.0,287.0,323.0,False,SOFT,5.0,True,Williams,0 days 00:52:00.966000,2020-10-24 13:37:01.166,12,,False,,False,True
0 days 00:54:59.415000,RUS,63,0 days 00:01:38.262000,6.0,1.0,,0 days 00:54:56.563000,0 days 00:00:26.411000,0 days 00:00:38.975000,0 days 00:00:32.876000,0 days 00:53:47.564000,0 days 00:54:26.539000,0 days 00:54:59.415000,230.0,161.0,,299.0,False,SOFT,6.0,True,Williams,0 days 00:53:21.153000,2020-10-24 13:38:21.353,1,,False,,False,False
0 days 00:59:27.816000,RUS,63,,7.0,2.0,0 days 00:57:51.370000,,,0 days 00:00:37.644000,0 days 00:00:32.892000,,0 days 00:58:54.924000,0 days 00:59:28.119000,264.0,171.0,309.0,299.0,False,SOFT,1.0,True,Williams,0 days 00:54:59.415000,2020-10-24 13:39:59.615,1,,False,,False,False
0 days 01:00:46.256000,RUS,63,0 days 00:01:18.440000,8.0,2.0,,,0 days 00:00:22.677000,0 days 00:00:30.378000,0 days 00:00:25.385000,0 days 00:59:50.493000,0 days 01:00:20.871000,0 days 01:00:46.256000,281.0,196.0,306.0,324.0,True,SOFT,2.0,True,Williams,0 days 00:59:27.816000,2020-10-24 13:44:28.016,1,,False,,False,True
0 days 01:02:41.149000,RUS,63,0 days 00:01:54.893000,9.0,2.0,,,0 days 00:00:29.411000,0 days 00:00:48.227000,0 days 00:00:37.255000,0 days 01:01:15.667000,0 days 01:02:03.894000,0 days 01:02:41.149000,242.0,109.0,308.0,303.0,False,SOFT,3.0,True,Williams,0 days 01:00:46.256000,2020-10-24 13:45:46.456,1,,False,,False,True
0 days 01:03:59.080000,RUS,63,0 days 00:01:17.931000,10.0,2.0,,,0 days 00:00:22.560000,0 days 00:00:30.033000,0 days 00:00:25.338000,0 days 01:03:03.709000,0 days 01:03:33.742000,0 days 01:03:59.080000,278.0,197.0,307.0,327.0,True,SOFT,4.0,True,Williams,0 days 01:02:41.149000,2020-10-24 13:47:41.349,1,,False,,False,True
0 days 01:05:40.413000,RUS,63,0 days 00:01:41.333000,11.0,2.0,,0 days 01:05:37.529000,0 days 00:00:29.521000,0 days 00:00:37.711000,0 days 00:00:34.101000,0 days 01:04:28.601000,0 days 01:05:06.312000,0 days 01:05:40.413000,255.0,170.0,,159.0,False,SOFT,5.0,True,Williams,0 days 01:03:59.080000,2020-10-24 13:48:59.280,1,,False,,False,False
0 days 01:12:29.667000,RUS,63,,12.0,3.0,0 days 01:11:00.388000,,,0 days 00:00:35.458000,0 days 00:00:28.627000,,0 days 01:12:01.043000,0 days 01:12:29.749000,263.0,166.0,307.0,159.0,False,SOFT,7.0,False,Williams,0 days 01:05:40.413000,2020-10-24 13:50:40.613,1,,False,,False,False
0 days 01:13:48.071000,RUS,63,0 days 00:01:18.404000,13.0,3.0,,,0 days 00:00:22.832000,0 days 00:00:30.247000,0 days 00:00:25.325000,0 days 01:12:52.499000,0 days 01:13:22.746000,0 days 01:13:48.071000,278.0,197.0,308.0,324.0,True,SOFT,8.0,False,Williams,0 days 01:12:29.667000,2020-10-24 13:57:29.867,1,,False,,False,True
0 days 01:15:23.103000,RUS,63,0 days 00:01:35.032000,14.0,3.0,,0 days 01:15:20.159000,0 days 00:00:25.272000,0 days 00:00:36.054000,0 days 00:00:33.706000,0 days 01:14:13.343000,0 days 01:14:49.397000,0 days 01:15:23.103000,252.0,168.0,,301.0,False,SOFT,9.0,False,Williams,0 days 01:13:48.071000,2020-10-24 13:58:48.271,1,,False,,False,False
0 days 01:23:38.936000,RUS,63,,15.0,4.0,0 days 01:22:08.781000,,,0 days 00:00:33.596000,0 days 00:00:31.109000,,0 days 01:23:07.915000,0 days 01:23:39.022000,264.0,173.0,306.0,301.0,False,SOFT,1.0,True,Williams,0 days 01:15:23.103000,2020-10-24 14:00:23.303,1,,False,,False,False
0 days 01:24:56.724000,RUS,63,0 days 00:01:17.788000,16.0,4.0,,,0 days 00:00:22.447000,0 days 00:00:30.002000,0 days 00:00:25.339000,0 days 01:24:01.383000,0 days 01:24:31.385000,0 days 01:24:56.724000,281.0,198.0,306.0,321.0,True,SOFT,2.0,True,Williams,0 days 01:23:38.936000,2020-10-24 14:08:39.136,1,,False,,False,True
0 days 01:26:41.266000,RUS,63,0 days 00:01:44.542000,17.0,4.0,,0 days 01:26:38.304000,0 days 00:00:31.294000,0 days 00:00:39.442000,0 days 00:00:33.806000,0 days 01:25:28.018000,0 days 01:26:07.460000,0 days 01:26:41.266000,202.0,168.0,,153.0,False,SOFT,3.0,True,Williams,0 days 01:24:56.724000,2020-10-24 14:09:56.924,12,,False,,False,False
0 days 00:47:39.129000,VET,5,,1.0,1.0,0 days 00:46:09.824000,,,0 days 00:00:35.616000,0 days 00:00:28.249000,,0 days 00:47:10.920000,0 days 00:47:39.469000,251.0,168.0,280.0,,False,SOFT,1.0,True,Ferrari,0 days 00:46:09.824000,2020-10-24 13:31:10.024,1,,False,,False,False
0 days 00:49:08.194000,VET,5,0 days 00:01:29.065000,2.0,1.0,,,0 days 00:00:27.453000,0 days 00:00:33.889000,0 days 00:00:27.723000,0 days 00:48:06.582000,0 days 00:48:40.471000,0 days 00:49:08.194000,260.0,176.0,300.0,302.0,True,SOFT,2.0,True,Ferrari,0 days 00:47:39.129000,2020-10-24 13:32:39.329,1,,False,,False,True
0 days 00:50:26.342000,VET,5,0 days 00:01:18.148000,3.0,1.0,,,0 days 00:00:22.745000,0 days 00:00:30.089000,0 days 00:00:25.314000,0 days 00:49:30.939000,0 days 00:50:01.028000,0 days 00:50:26.342000,276.0,198.0,300.0,316.0,True,SOFT,3.0,True,Ferrari,0 days 00:49:08.194000,2020-10-24 13:34:08.394,1,,False,,False,True
0 days 00:52:04.505000,VET,5,0 days 00:01:38.163000,4.0,1.0,,,0 days 00:00:28.310000,0 days 00:00:38.662000,0 days 00:00:31.191000,0 days 00:50:54.652000,0 days 00:51:33.314000,0 days 00:52:04.505000,240.0,177.0,305.0,274.0,False,SOFT,4.0,True,Ferrari,0 days 00:50:26.342000,2020-10-24 13:35:26.542,1,,False,,False,True
0 days 00:53:22.419000,VET,5,0 days 00:01:17.914000,5.0,1.0,,,0 days 00:00:22.509000,0 days 00:00:29.916000,0 days 00:00:25.489000,0 days 00:52:27.014000,0 days 00:52:56.930000,0 days 00:53:22.419000,275.0,193.0,307.0,325.0,False,SOFT,5.0,True,Ferrari,0 days 00:52:04.505000,2020-10-24 13:37:04.705,12,,True,TRACK LIMITS AT TURN 1,False,True
0 days 00:55:02.907000,VET,5,0 days 00:01:40.488000,6.0,1.0,,0 days 00:54:59.953000,0 days 00:00:27.295000,0 days 00:00:37.783000,0 days 00:00:35.410000,0 days 00:53:49.714000,0 days 00:54:27.497000,0 days 00:55:02.907000,241.0,166.0,,268.0,False,SOFT,6.0,True,Ferrari,0 days 00:53:22.419000,2020-10-24 13:38:22.619,1,,False,,False,False
0 days 01:00:42.228000,VET,5,,7.0,2.0,0 days 00:59:06.906000,,,0 days 00:00:37.347000,0 days 00:00:32.349000,,0 days 01:00:09.879000,0 days 01:00:42.529000,170.0,157.0,288.0,268.0,False,SOFT,1.0,True,Ferrari,0 days 00:55:02.907000,2020-10-24 13:40:03.107,1,,False,,False,False
0 days 01:02:17.762000,VET,5,0 days 00:01:35.534000,8.0,2.0,,,0 days 00:00:25.691000,0 days 00:00:33.703000,0 days 00:00:36.140000,0 days 01:01:07.919000,0 days 01:01:41.622000,0 days 01:02:17.762000,259.0,159.0,300.0,305.0,False,SOFT,2.0,True,Ferrari,0 days 01:00:42.228000,2020-10-24 13:45:42.428,1,,False,,False,True
0 days 01:03:35.208000,VET,5,0 days 00:01:17.446000,9.0,2.0,,,0 days 00:00:22.562000,0 days 00:00:29.658000,0 days 00:00:25.226000,0 days 01:02:40.324000,0 days 01:03:09.982000,0 days 01:03:35.208000,276.0,198.0,300.0,318.0,True,SOFT,3.0,True,Ferrari,0 days 01:02:17.762000,2020-10-24 13:47:17.962,1,,False,,False,True
0 days 01:05:15.998000,VET,5,0 days 00:01:40.790000,10.0,2.0,,0 days 01:05:13.033000,0 days 00:00:29.422000,0 days 00:00:36.320000,0 days 00:00:35.048000,0 days 01:04:04.630000,0 days 01:04:40.950000,0 days 01:05:15.998000,232.0,163.0,,224.0,False,SOFT,4.0,True,Ferrari,0 days 01:03:35.208000,2020-10-24 13:48:35.408,1,,False,,False,False
0 days 01:11:46.551000,VET,5,,11.0,3.0,0 days 01:10:16.287000,,,0 days 00:00:35.609000,0 days 00:00:28.114000,,0 days 01:11:18.497000,0 days 01:11:46.621000,251.0,176.0,287.0,224.0,False,MEDIUM,1.0,True,Ferrari,0 days 01:05:15.998000,2020-10-24 13:50:16.198,1,,False,,False,False
0 days 01:13:21.728000,VET,5,0 days 00:01:35.177000,12.0,3.0,,,0 days 00:00:25.443000,0 days 00:00:35.976000,0 days 00:00:33.758000,0 days 01:12:11.994000,0 days 01:12:47.970000,0 days 01:13:21.728000,260.0,175.0,299.0,314.0,True,MEDIUM,2.0,True,Ferrari,0 days 01:11:46.551000,2020-10-24 13:56:46.751,1,,False,,False,True
0 days 01:14:39.844000,VET,5,0 days 00:01:18.116000,13.0,3.0,,,0 days 00:00:22.625000,0 days 00:00:29.861000,0 days 00:00:25.630000,0 days 01:13:44.353000,0 days 01:14:14.214000,0 days 01:14:39.844000,276.0,200.0,303.0,316.0,True,MEDIUM,3.0,True,Ferrari,0 days 01:13:21.728000,2020-10-24 13:58:21.928,1,,False,,False,True
0 days 01:16:14.410000,VET,5,0 days 00:01:34.566000,14.0,3.0,,,0 days 00:00:27.129000,0 days 00:00:39.388000,0 days 00:00:28.049000,0 days 01:15:06.973000,0 days 01:15:46.361000,0 days 01:16:14.410000,242.0,158.0,300.0,270.0,False,MEDIUM,4.0,True,Ferrari,0 days 01:14:39.844000,2020-10-24 13:59:40.044,1,,False,,False,True
0 days 01:17:32.386000,VET,5,0 days 00:01:17.976000,15.0,3.0,,,0 days 00:00:22.712000,0 days 00:00:29.787000,0 days 00:00:25.477000,0 days 01:16:37.122000,0 days 01:17:06.909000,0 days 01:17:32.386000,276.0,201.0,295.0,317.0,True,MEDIUM,5.0,True,Ferrari,0 days 01:16:14.410000,2020-10-24 14:01:14.610,1,,False,,False,True
0 days 01:19:07.792000,VET,5,0 days 00:01:35.406000,16.0,3.0,,0 days 01:19:04.494000,0 days 00:00:26.081000,0 days 00:00:35.057000,0 days 00:00:34.268000,0 days 01:17:58.467000,0 days 01:18:33.524000,0 days 01:19:07.792000,245.0,169.0,,274.0,False,MEDIUM,6.0,True,Ferrari,0 days 01:17:32.386000,2020-10-24 14:02:32.586,1,,False,,False,False
0 days 01:22:33.787000,VET,5,,17.0,4.0,0 days 01:21:01.627000,,,0 days 00:00:34.052000,0 days 00:00:33.423000,,0 days 01:22:00.388000,0 days 01:22:33.863000,258.0,172.0,290.0,274.0,False,MEDIUM,1.0,True,Ferrari,0 days 01:19:07.792000,2020-10-24 14:04:07.992,1,,False,,False,False
0 days 01:24:04.067000,VET,5,0 days 00:01:30.280000,18.0,4.0,,,0 days 00:00:24.964000,0 days 00:00:32.941000,0 days 00:00:32.375000,0 days 01:22:58.751000,0 days 01:23:31.692000,0 days 01:24:04.067000,265.0,184.0,301.0,308.0,False,MEDIUM,2.0,True,Ferrari,0 days 01:22:33.787000,2020-10-24 14:07:33.987,1,,False,,False,True
0 days 01:25:21.986000,VET,5,0 days 00:01:17.919000,19.0,4.0,,,0 days 00:00:22.702000,0 days 00:00:29.766000,0 days 00:00:25.451000,0 days 01:24:26.769000,0 days 01:24:56.535000,0 days 01:25:21.986000,279.0,199.0,298.0,317.0,True,MEDIUM,3.0,True,Ferrari,0 days 01:24:04.067000,2020-10-24 14:09:04.267,1,,False,,False,True
0 days 01:27:03.594000,VET,5,0 days 00:01:41.608000,20.0,4.0,,0 days 01:27:00.558000,0 days 00:00:31.479000,0 days 00:00:35.757000,0 days 00:00:34.372000,0 days 01:25:53.465000,0 days 01:26:29.222000,0 days 01:27:03.594000,237.0,175.0,,155.0,False,MEDIUM,4.0,True,Ferrari,0 days 01:25:21.986000,2020-10-24 14:10:22.186,12,,False,,False,False
0 days 00:46:38.525000,RAI,7,,1.0,1.0,0 days 00:45:09.647000,,,0 days 00:00:35.115000,0 days 00:00:29.196000,,0 days 00:46:09.524000,0 days 00:46:38.816000,254.0,161.0,301.0,,False,SOFT,1.0,True,Alfa Romeo Racing,0 days 00:45:09.647000,2020-10-24 13:30:09.847,1,,False,,False,False
0 days 00:47:57.351000,RAI,7,0 days 00:01:18.826000,2.0,1.0,,,0 days 00:00:23.085000,0 days 00:00:30.213000,0 days 00:00:25.528000,0 days 00:47:01.610000,0 days 00:47:31.823000,0 days 00:47:57.351000,275.0,196.0,302.0,316.0,True,SOFT,2.0,True,Alfa Romeo Racing,0 days 00:46:38.525000,2020-10-24 13:31:38.725,1,,False,,False,True
0 days 00:49:27.018000,RAI,7,0 days 00:01:29.667000,3.0,1.0,,,0 days 00:00:26.755000,0 days 00:00:34.892000,0 days 00:00:28.020000,0 days 00:48:24.106000,0 days 00:48:58.998000,0 days 00:49:27.018000,246.0,174.0,304.0,282.0,False,SOFT,3.0,True,Alfa Romeo Racing,0 days 00:47:57.351000,2020-10-24 13:32:57.551,1,,False,,False,True
0 days 00:50:45.751000,RAI,7,0 days 00:01:18.733000,4.0,1.0,,,0 days 00:00:22.671000,0 days 00:00:30.350000,0 days 00:00:25.712000,0 days 00:49:49.689000,0 days 00:50:20.039000,0 days 00:50:45.751000,276.0,191.0,308.0,323.0,True,SOFT,4.0,True,Alfa Romeo Racing,0 days 00:49:27.018000,2020-10-24 13:34:27.218,1,,False,,False,True
0 days 00:52:21.231000,RAI,7,0 days 00:01:35.480000,5.0,1.0,,,0 days 00:00:27.555000,0 days 00:00:38.313000,0 days 00:00:29.612000,0 days 00:51:13.306000,0 days 00:51:51.619000,0 days 00:52:21.231000,235.0,134.0,302.0,266.0,False,SOFT,5.0,True,Alfa Romeo Racing,0 days 00:50:45.751000,2020-10-24 13:35:45.951,1,,False,,False,True
0 days 00:53:40.145000,RAI,7,0 days 00:01:18.914000,6.0,1.0,,,0 days 00:00:22.720000,0 days 00:00:30.457000,0 days 00:00:25.737000,0 days 00:52:43.951000,0 days 00:53:14.408000,0 days 00:53:40.145000,277.0,195.0,302.0,324.0,False,SOFT,6.0,True,Alfa Romeo Racing,0 days 00:52:21.231000,2020-10-24 13:37:21.431,12,,False,,False,True
0 days 00:55:08.831000,RAI,7,0 days 00:01:28.686000,7.0,1.0,,0 days 00:55:05.851000,0 days 00:00:24.571000,0 days 00:00:32.967000,0 days 00:00:31.148000,0 days 00:54:04.716000,0 days 00:54:37.683000,0 days 00:55:08.831000,248.0,177.0,,304.0,False,SOFT,7.0,True,Alfa Romeo Racing,0 days 00:53:40.145000,2020-10-24 13:38:40.345,1,,False,,False,False
0 days 00:58:57.798000,RAI,7,,8.0,2.0,0 days 00:57:15.377000,,,0 days 00:00:34.426000,0 days 00:00:43.840000,,0 days 00:58:14.020000,0 days 00:58:58.051000,262.0,175.0,304.0,304.0,False,SOFT,1.0,True,Alfa Romeo Racing,0 days 00:55:08.831000,2020-10-24 13:40:09.031,1,,False,,False,False
0 days 01:00:16.523000,RAI,7,0 days 00:01:18.725000,9.0,2.0,,,0 days 00:00:22.742000,0 days 00:00:30.354000,0 days 00:00:25.629000,0 days 00:59:20.540000,0 days 00:59:50.894000,0 days 01:00:16.523000,278.0,190.0,301.0,319.0,True,SOFT,2.0,True,Alfa Romeo Racing,0 days 00:58:57.798000,2020-10-24 13:43:57.998,1,,False,,False,True
0 days 01:01:51.640000,RAI,7,0 days 00:01:35.117000,10.0,2.0,,,0 days 00:00:25.090000,0 days 00:00:35.998000,0 days 00:00:34.029000,0 days 01:00:41.613000,0 days 01:01:17.611000,0 days 01:01:51.640000,251.0,142.0,299.0,301.0,False,SOFT,3.0,True,Alfa Romeo Racing,0 days 01:00:16.523000,2020-10-24 13:45:16.723,1,,False,,False,True
0 days 01:03:09.841000,RAI,7,0 days 00:01:18.201000,11.0,2.0,,,0 days 00:00:22.595000,0 days 00:00:30.033000,0 days 00:00:25.573000,0 days 01:02:14.235000,0 days 01:02:44.268000,0 days 01:03:09.841000,275.0,195.0,303.0,318.0,True,SOFT,4.0,True,Alfa Romeo Racing,0 days 01:01:51.640000,2020-10-24 13:46:51.840,1,,False,,False,True
0 days 01:04:45.994000,RAI,7,0 days 00:01:36.153000,12.0,2.0,,0 days 01:04:43.032000,0 days 00:00:26.508000,0 days 00:00:35.370000,0 days 00:00:34.275000,0 days 01:03:36.349000,0 days 01:04:11.719000,0 days 01:04:45.994000,238.0,164.0,,270.0,False,SOFT,5.0,True,Alfa Romeo Racing,0 days 01:03:09.841000,2020-10-24 13:48:10.041,1,,False,,False,False
0 days 00:46:41.618000,GIO,99,,1.0,1.0,0 days 00:45:11.347000,,,0 days 00:00:35.050000,0 days 00:00:29.382000,,0 days 00:46:12.326000,0 days 00:46:41.927000,253.0,176.0,300.0,,False,SOFT,1.0,True,Alfa Romeo Racing,0 days 00:45:11.347000,2020-10-24 13:30:11.547,1,,False,,False,False
0 days 00:48:00.850000,GIO,99,0 days 00:01:19.232000,2.0,1.0,,,0 days 00:00:23.328000,0 days 00:00:30.405000,0 days 00:00:25.499000,0 days 00:47:04.946000,0 days 00:47:35.351000,0 days 00:48:00.850000,274.0,197.0,304.0,317.0,True,SOFT,2.0,True,Alfa Romeo Racing,0 days 00:46:41.618000,2020-10-24 13:31:41.818,1,,False,,False,True
0 days 00:49:37.208000,GIO,99,0 days 00:01:36.358000,3.0,1.0,,,0 days 00:00:28.025000,0 days 00:00:36.320000,0 days 00:00:32.013000,0 days 00:48:28.875000,0 days 00:49:05.195000,0 days 00:49:37.208000,242.0,169.0,308.0,299.0,False,SOFT,3.0,True,Alfa Romeo Racing,0 days 00:48:00.850000,2020-10-24 13:33:01.050,1,,False,,False,True
0 days 00:50:56.080000,GIO,99,0 days 00:01:18.872000,4.0,1.0,,,0 days 00:00:22.756000,0 days 00:00:30.533000,0 days 00:00:25.583000,0 days 00:49:59.964000,0 days 00:50:30.497000,0 days 00:50:56.080000,275.0,197.0,304.0,329.0,True,SOFT,4.0,True,Alfa Romeo Racing,0 days 00:49:37.208000,2020-10-24 13:34:37.408,1,,False,,False,True
0 days 00:52:44.487000,GIO,99,0 days 00:01:48.407000,5.0,1.0,,,0 days 00:00:27.371000,0 days 00:00:40.179000,0 days 00:00:40.857000,0 days 00:51:23.451000,0 days 00:52:03.630000,0 days 00:52:44.487000,239.0,158.0,301.0,303.0,False,SOFT,5.0,True,Alfa Romeo Racing,0 days 00:50:56.080000,2020-10-24 13:35:56.280,1,,False,,False,True
0 days 00:54:03.026000,GIO,99,0 days 00:01:18.539000,6.0,1.0,,,0 days 00:00:22.876000,0 days 00:00:30.113000,0 days 00:00:25.550000,0 days 00:53:07.363000,0 days 00:53:37.476000,0 days 00:54:03.026000,274.0,198.0,302.0,321.0,True,SOFT,6.0,True,Alfa Romeo Racing,0 days 00:52:44.487000,2020-10-24 13:37:44.687,12,,False,,False,True
0 days 00:55:32.256000,GIO,99,0 days 00:01:29.230000,7.0,1.0,,0 days 00:55:29.315000,0 days 00:00:24.394000,0 days 00:00:33.382000,0 days 00:00:31.454000,0 days 00:54:27.420000,0 days 00:55:00.802000,0 days 00:55:32.256000,249.0,182.0,,302.0,False,SOFT,7.0,True,Alfa Romeo Racing,0 days 00:54:03.026000,2020-10-24 13:39:03.226,1,,False,,False,False
0 days 00:59:00.568000,GIO,99,,8.0,2.0,0 days 00:57:16.347000,,,0 days 00:00:34.693000,0 days 00:00:44.590000,,0 days 00:58:16.064000,0 days 00:59:00.849000,259.0,168.0,303.0,302.0,False,SOFT,1.0,True,Alfa Romeo Racing,0 days 00:55:32.256000,2020-10-24 13:40:32.456,1,,False,,False,False
0 days 01:00:19.693000,GIO,99,0 days 00:01:19.125000,9.0,2.0,,,0 days 00:00:22.990000,0 days 00:00:30.563000,0 days 00:00:25.572000,0 days 00:59:23.558000,0 days 00:59:54.121000,0 days 01:00:19.693000,277.0,195.0,301.0,317.0,False,SOFT,2.0,True,Alfa Romeo Racing,0 days 00:59:00.568000,2020-10-24 13:44:00.768,1,,False,,False,True
0 days 01:01:54.680000,GIO,99,0 days 00:01:34.987000,10.0,2.0,,,0 days 00:00:25.839000,0 days 00:00:35.493000,0 days 00:00:33.655000,0 days 01:00:45.532000,0 days 01:01:21.025000,0 days 01:01:54.680000,248.0,172.0,300.0,298.0,False,SOFT,3.0,True,Alfa Romeo Racing,0 days 01:00:19.693000,2020-10-24 13:45:19.893,1,,False,,False,True
0 days 01:03:13.003000,GIO,99,0 days 00:01:18.323000,11.0,2.0,,,0 days 00:00:22.767000,0 days 00:00:30.099000,0 days 00:00:25.457000,0 days 01:02:17.447000,0 days 01:02:47.546000,0 days 01:03:13.003000,275.0,196.0,302.0,319.0,True,SOFT,4.0,True,Alfa Romeo Racing,0 days 01:01:54.680000,2020-10-24 13:46:54.880,1,,False,,False,True
0 days 01:04:48.729000,GIO,99,0 days 00:01:35.726000,12.0,2.0,,0 days 01:04:45.762000,0 days 00:00:25.276000,0 days 00:00:35.636000,0 days 00:00:34.814000,0 days 01:03:38.279000,0 days 01:04:13.915000,0 days 01:04:48.729000,248.0,176.0,,302.0,False,SOFT,5.0,True,Alfa Romeo Racing,0 days 01:03:13.003000,2020-10-24 13:48:13.203,1,,False,,False,False
0 days 00:47:00.253000,GRO,8,,1.0,1.0,0 days 00:45:20.849000,,,0 days 00:00:35.962000,0 days 00:00:34.581000,,0 days 00:46:25.754000,0 days 00:47:00.561000,250.0,158.0,300.0,,False,SOFT,1.0,True,Haas F1 Team,0 days 00:45:20.849000,2020-10-24 13:30:21.049,1,,False,,False,False
0 days 00:48:20.099000,GRO,8,0 days 00:01:19.846000,2.0,1.0,,,0 days 00:00:23.240000,0 days 00:00:30.829000,0 days 00:00:25.777000,0 days 00:47:23.493000,0 days 00:47:54.322000,0 days 00:48:20.099000,274.0,191.0,306.0,313.0,True,SOFT,2.0,True,Haas F1 Team,0 days 00:47:00.253000,2020-10-24 13:32:00.453,1,,False,,False,True
0 days 00:49:52.560000,GRO,8,0 days 00:01:32.461000,3.0,1.0,,,0 days 00:00:26.928000,0 days 00:00:36.721000,0 days 00:00:28.812000,0 days 00:48:47.027000,0 days 00:49:23.748000,0 days 00:49:52.560000,247.0,159.0,301.0,300.0,False,SOFT,3.0,True,Haas F1 Team,0 days 00:48:20.099000,2020-10-24 13:33:20.299,1,,False,,False,True
0 days 00:51:11.755000,GRO,8,0 days 00:01:19.195000,4.0,1.0,,,0 days 00:00:22.999000,0 days 00:00:30.306000,0 days 00:00:25.890000,0 days 00:50:15.559000,0 days 00:50:45.865000,0 days 00:51:11.755000,275.0,167.0,298.0,317.0,True,SOFT,4.0,True,Haas F1 Team,0 days 00:49:52.560000,2020-10-24 13:34:52.760,1,,False,,False,True
0 days 00:52:59.337000,GRO,8,0 days 00:01:47.582000,5.0,1.0,,,0 days 00:00:28.279000,0 days 00:00:38.128000,0 days 00:00:41.175000,0 days 00:51:40.034000,0 days 00:52:18.162000,0 days 00:52:59.337000,239.0,140.0,303.0,300.0,False,SOFT,5.0,True,Haas F1 Team,0 days 00:51:11.755000,2020-10-24 13:36:11.955,12,,False,,False,True
0 days 00:54:17.980000,GRO,8,0 days 00:01:18.643000,6.0,1.0,,,0 days 00:00:22.981000,0 days 00:00:29.928000,0 days 00:00:25.734000,0 days 00:53:22.318000,0 days 00:53:52.246000,0 days 00:54:17.980000,275.0,190.0,295.0,322.0,True,SOFT,6.0,True,Haas F1 Team,0 days 00:52:59.337000,2020-10-24 13:37:59.537,1,,False,,False,True
0 days 00:55:48.130000,GRO,8,0 days 00:01:30.150000,7.0,1.0,,0 days 00:55:45.155000,0 days 00:00:24.727000,0 days 00:00:33.099000,0 days 00:00:32.324000,0 days 00:54:42.707000,0 days 00:55:15.806000,0 days 00:55:48.130000,249.0,177.0,,300.0,False,SOFT,7.0,True,Haas F1 Team,0 days 00:54:17.980000,2020-10-24 13:39:18.180,1,,False,,False,False
0 days 00:58:55.444000,GRO,8,,8.0,2.0,0 days 00:57:14.519000,,,0 days 00:00:32.558000,0 days 00:00:43.928000,,0 days 00:58:11.621000,0 days 00:58:55.679000,256.0,176.0,301.0,300.0,False,SOFT,1.0,True,Haas F1 Team,0 days 00:55:48.130000,2020-10-24 13:40:48.330,1,,False,,False,False
0 days 01:00:13.808000,GRO,8,0 days 00:01:18.364000,9.0,2.0,,,0 days 00:00:22.817000,0 days 00:00:30.011000,0 days 00:00:25.536000,0 days 00:59:18.261000,0 days 00:59:48.272000,0 days 01:00:13.808000,276.0,195.0,298.0,314.0,True,SOFT,2.0,True,Haas F1 Team,0 days 00:58:55.444000,2020-10-24 13:43:55.644,1,,False,,False,True
0 days 01:01:47.728000,GRO,8,0 days 00:01:33.920000,10.0,2.0,,,0 days 00:00:26.546000,0 days 00:00:34.674000,0 days 00:00:32.700000,0 days 01:00:40.354000,0 days 01:01:15.028000,0 days 01:01:47.728000,247.0,167.0,298.0,292.0,False,SOFT,3.0,True,Haas F1 Team,0 days 01:00:13.808000,2020-10-24 13:45:14.008,1,,False,,False,True
0 days 01:03:06.109000,GRO,8,0 days 00:01:18.381000,11.0,2.0,,,0 days 00:00:22.838000,0 days 00:00:29.965000,0 days 00:00:25.578000,0 days 01:02:10.566000,0 days 01:02:40.531000,0 days 01:03:06.109000,275.0,191.0,298.0,315.0,False,SOFT,4.0,True,Haas F1 Team,0 days 01:01:47.728000,2020-10-24 13:46:47.928,1,,False,,False,True
0 days 01:04:43.940000,GRO,8,0 days 00:01:37.831000,12.0,2.0,,0 days 01:04:40.900000,0 days 00:00:26.354000,0 days 00:00:35.961000,0 days 00:00:35.516000,0 days 01:03:32.463000,0 days 01:04:08.424000,0 days 01:04:43.940000,246.0,168.0,,297.0,False,SOFT,5.0,True,Haas F1 Team,0 days 01:03:06.109000,2020-10-24 13:48:06.309,1,,False,,False,False
0 days 00:47:04.039000,MAG,20,,1.0,1.0,0 days 00:45:26.867000,,,0 days 00:00:34.184000,0 days 00:00:37.045000,,0 days 00:46:27.019000,0 days 00:47:04.299000,241.0,189.0,299.0,,False,SOFT,1.0,True,Haas F1 Team,0 days 00:45:26.867000,2020-10-24 13:30:27.067,1,,False,,False,False
0 days 00:48:23.548000,MAG,20,0 days 00:01:19.509000,2.0,1.0,,,0 days 00:00:22.796000,0 days 00:00:30.846000,0 days 00:00:25.867000,0 days 00:47:26.835000,0 days 00:47:57.681000,0 days 00:48:23.548000,273.0,198.0,300.0,315.0,True,SOFT,2.0,True,Haas F1 Team,0 days 00:47:04.039000,2020-10-24 13:32:04.239,1,,False,,False,True
0 days 00:50:07.639000,MAG,20,0 days 00:01:44.091000,3.0,1.0,,,0 days 00:00:29.924000,0 days 00:00:44.968000,0 days 00:00:29.199000,0 days 00:48:53.472000,0 days 00:49:38.440000,0 days 00:50:07.639000,235.0,125.0,306.0,297.0,False,SOFT,3.0,True,Haas F1 Team,0 days 00:48:23.548000,2020-10-24 13:33:23.748,1,,False,,False,True
0 days 00:51:26.540000,MAG,20,0 days 00:01:18.901000,4.0,1.0,,,0 days 00:00:22.961000,0 days 00:00:30.422000,0 days 00:00:25.518000,0 days 00:50:30.600000,0 days 00:51:01.022000,0 days 00:51:26.540000,274.0,197.0,301.0,324.0,True,SOFT,4.0,True,Haas F1 Team,0 days 00:50:07.639000,2020-10-24 13:35:07.839,1,,False,,False,True
0 days 00:53:09.037000,MAG,20,0 days 00:01:42.497000,5.0,1.0,,0 days 00:53:06.078000,0 days 00:00:28.010000,0 days 00:00:42.171000,0 days 00:00:32.316000,0 days 00:51:54.550000,0 days 00:52:36.721000,0 days 00:53:09.037000,240.0,181.0,,303.0,False,SOFT,5.0,True,Haas F1 Team,0 days 00:51:26.540000,2020-10-24 13:36:26.740,12,,False,,False,False
0 days 00:59:04.650000,MAG,20,,6.0,2.0,0 days 00:57:19.041000,,,0 days 00:00:36.559000,0 days 00:00:45.287000,,0 days 00:58:19.363000,0 days 00:59:04.888000,252.0,184.0,300.0,303.0,False,SOFT,1.0,True,Haas F1 Team,0 days 00:53:09.037000,2020-10-24 13:38:09.237,1,,False,,False,False
0 days 01:00:23.590000,MAG,20,0 days 00:01:18.940000,7.0,2.0,,,0 days 00:00:22.781000,0 days 00:00:30.532000,0 days 00:00:25.627000,0 days 00:59:27.431000,0 days 00:59:57.963000,0 days 01:00:23.590000,276.0,184.0,296.0,313.0,False,SOFT,2.0,True,Haas F1 Team,0 days 00:59:04.650000,2020-10-24 13:44:04.850,1,,False,,False,True
0 days 01:02:08.533000,MAG,20,0 days 00:01:44.943000,8.0,2.0,,,0 days 00:00:29.170000,0 days 00:00:40.721000,0 days 00:00:35.052000,0 days 01:00:52.760000,0 days 01:01:33.481000,0 days 01:02:08.533000,237.0,95.0,297.0,294.0,False,SOFT,3.0,True,Haas F1 Team,0 days 01:00:23.590000,2020-10-24 13:45:23.790,1,,False,,False,True
0 days 01:03:27.041000,MAG,20,0 days 00:01:18.508000,9.0,2.0,,,0 days 00:00:22.834000,0 days 00:00:30.156000,0 days 00:00:25.518000,0 days 01:02:31.367000,0 days 01:03:01.523000,0 days 01:03:27.041000,273.0,197.0,297.0,314.0,True,SOFT,4.0,True,Haas F1 Team,0 days 01:02:08.533000,2020-10-24 13:47:08.733,1,,False,,False,True
0 days 01:05:01.501000,MAG,20,0 days 00:01:34.460000,10.0,2.0,,0 days 01:04:58.343000,0 days 00:00:27.577000,0 days 00:00:35.694000,0 days 00:00:31.189000,0 days 01:03:54.618000,0 days 01:04:30.312000,0 days 01:05:01.501000,245.0,174.0,,282.0,False,SOFT,5.0,True,Haas F1 Team,0 days 01:03:27.041000,2020-10-24 13:48:27.241,1,,False,,False,False
0 days 00:47:05.287000,LAT,6,,1.0,1.0,0 days 00:45:29.539000,,,0 days 00:00:34.988000,0 days 00:00:31.286000,,0 days 00:46:34.012000,0 days 00:47:05.554000,259.0,155.0,291.0,,False,SOFT,1.0,True,Williams,0 days 00:45:29.539000,2020-10-24 13:30:29.739,1,,False,,False,False
0 days 00:48:42.643000,LAT,6,0 days 00:01:37.356000,2.0,1.0,,,0 days 00:00:25.863000,0 days 00:00:39.660000,0 days 00:00:31.833000,0 days 00:47:31.150000,0 days 00:48:10.810000,0 days 00:48:42.643000,257.0,152.0,303.0,311.0,True,SOFT,2.0,True,Williams,0 days 00:47:05.287000,2020-10-24 13:32:05.487,1,,False,,False,True
0 days 00:50:01.551000,LAT,6,0 days 00:01:18.908000,3.0,1.0,,,0 days 00:00:22.858000,0 days 00:00:30.407000,0 days 00:00:25.643000,0 days 00:49:05.501000,0 days 00:49:35.908000,0 days 00:50:01.551000,274.0,196.0,303.0,320.0,True,SOFT,3.0,True,Williams,0 days 00:48:42.643000,2020-10-24 13:33:42.843,1,,False,,False,True
0 days 00:51:37.768000,LAT,6,0 days 00:01:36.217000,4.0,1.0,,,0 days 00:00:27.516000,0 days 00:00:39.046000,0 days 00:00:29.655000,0 days 00:50:29.067000,0 days 00:51:08.113000,0 days 00:51:37.768000,205.0,179.0,307.0,299.0,False,SOFT,4.0,True,Williams,0 days 00:50:01.551000,2020-10-24 13:35:01.751,1,,False,,False,True
0 days 00:52:56.262000,LAT,6,0 days 00:01:18.494000,5.0,1.0,,,0 days 00:00:22.608000,0 days 00:00:30.253000,0 days 00:00:25.633000,0 days 00:52:00.376000,0 days 00:52:30.629000,0 days 00:52:56.262000,275.0,191.0,311.0,323.0,False,SOFT,5.0,True,Williams,0 days 00:51:37.768000,2020-10-24 13:36:37.968,12,,True,TRACK LIMITS AT TURN 1,False,True
0 days 00:54:33.962000,LAT,6,0 days 00:01:37.700000,6.0,1.0,,0 days 00:54:30.676000,0 days 00:00:26.351000,0 days 00:00:38.574000,0 days 00:00:32.775000,0 days 00:53:22.613000,0 days 00:54:01.187000,0 days 00:54:33.962000,231.0,167.0,,313.0,False,SOFT,6.0,True,Williams,0 days 00:52:56.262000,2020-10-24 13:37:56.462,1,,False,,False,False
0 days 00:58:38.393000,LAT,6,,7.0,2.0,0 days 00:57:10.383000,,,0 days 00:00:33.537000,0 days 00:00:29.230000,,0 days 00:58:09.223000,0 days 00:58:38.725000,267.0,170.0,304.0,313.0,False,SOFT,1.0,True,Williams,0 days 00:54:33.962000,2020-10-24 13:39:34.162,1,,False,,False,False
0 days 00:59:57.170000,LAT,6,0 days 00:01:18.777000,8.0,2.0,,,0 days 00:00:22.650000,0 days 00:00:30.469000,0 days 00:00:25.658000,0 days 00:59:01.043000,0 days 00:59:31.512000,0 days 00:59:57.170000,279.0,193.0,302.0,320.0,True,SOFT,2.0,True,Williams,0 days 00:58:38.393000,2020-10-24 13:43:38.593,1,,False,,False,True
0 days 01:01:36.034000,LAT,6,0 days 00:01:38.864000,9.0,2.0,,,0 days 00:00:30.328000,0 days 00:00:38.155000,0 days 00:00:30.381000,0 days 01:00:27.498000,0 days 01:01:05.653000,0 days 01:01:36.034000,243.0,166.0,301.0,296.0,False,SOFT,3.0,True,Williams,0 days 00:59:57.170000,2020-10-24 13:44:57.370,1,,False,,False,True
0 days 01:02:54.946000,LAT,6,0 days 00:01:18.912000,10.0,2.0,,,0 days 00:00:22.656000,0 days 00:00:30.293000,0 days 00:00:25.963000,0 days 01:01:58.690000,0 days 01:02:28.983000,0 days 01:02:54.946000,275.0,190.0,304.0,318.0,False,SOFT,4.0,True,Williams,0 days 01:01:36.034000,2020-10-24 13:46:36.234,1,,False,,False,True
0 days 01:04:39.974000,LAT,6,0 days 00:01:45.028000,11.0,2.0,,0 days 01:04:37.010000,0 days 00:00:33.010000,0 days 00:00:37.325000,0 days 00:00:34.693000,0 days 01:03:27.956000,0 days 01:04:05.281000,0 days 01:04:39.974000,210.0,173.0,,245.0,False,SOFT,5.0,True,Williams,0 days 01:02:54.946000,2020-10-24 13:47:55.146,1,,False,,False,False
