Time,Driver,DriverNumber,LapTime,LapNumber,Stint,PitOutTime,PitInTime,Sector1Time,Sector2Time,Sector3Time,Sector1SessionTime,Sector2SessionTime,Sector3SessionTime,SpeedI1,SpeedI2,SpeedFL,SpeedST,IsPersonalBest,Compound,TyreLife,FreshTyre,Team,LapStartTime,LapStartDate,TrackStatus,Position,Deleted,DeletedReason,FastF1Generated,IsAccurate
0 days 01:01:27.487000,HAM,44,,1.0,1.0,0 days 00:59:36.220000,,,0 days 00:00:47.221000,0 days 00:00:33.968000,,0 days 01:00:53.621000,0 days 01:01:27.778000,208.0,187.0,257.0,175.0,False,WET,1.0,True,Mercedes,0 days 00:59:36.220000,2020-07-11 13:46:23.839,1,,False,,False,False
0 days 01:02:55.364000,HAM,44,0 days 00:01:27.877000,2.0,1.0,,,0 days 00:00:20.406000,0 days 00:00:38.668000,0 days 00:00:28.803000,0 days 01:01:47.893000,0 days 01:02:26.561000,0 days 01:02:55.364000,265.0,188.0,260.0,243.0,True,WET,2.0,True,Mercedes,0 days 01:01:27.487000,2020-07-11 13:48:15.106,1,,False,,False,True
0 days 01:04:56.329000,HAM,44,0 days 00:02:00.965000,3.0,1.0,,,0 days 00:00:20.944000,0 days 00:01:04.385000,0 days 00:00:35.636000,0 days 01:03:16.308000,0 days 01:04:20.693000,0 days 01:04:56.329000,202.0,175.0,258.0,202.0,False,WET,3.0,True,Mercedes,0 days 01:02:55.364000,2020-07-11 13:49:42.983,1,,False,,False,True
0 days 01:06:17.282000,HAM,44,0 days 00:01:20.953000,4.0,1.0,,,0 days 00:00:19.566000,0 days 00:00:36.137000,0 days 00:00:25.250000,0 days 01:05:15.895000,0 days 01:05:52.032000,0 days 01:06:17.282000,275.0,209.0,262.0,282.0,True,WET,4.0,True,Mercedes,0 days 01:04:56.329000,2020-07-11 13:51:43.948,1,,False,,False,True
0 days 01:07:42.590000,HAM,44,0 days 00:01:25.308000,5.0,1.0,,,0 days 00:00:19.526000,0 days 00:00:36.282000,0 days 00:00:29.500000,0 days 01:06:36.808000,0 days 01:07:13.090000,0 days 01:07:42.590000,277.0,207.0,260.0,291.0,False,WET,5.0,True,Mercedes,0 days 01:06:17.282000,2020-07-11 13:53:04.901,12,,False,,False,True
0 days 01:09:02.254000,HAM,44,0 days 00:01:19.664000,6.0,1.0,,,0 days 00:00:19.406000,0 days 00:00:35.647000,0 days 00:00:24.611000,0 days 01:08:01.996000,0 days 01:08:37.643000,0 days 01:09:02.254000,289.0,212.0,265.0,293.0,True,WET,6.0,True,Mercedes,0 days 01:07:42.590000,2020-07-11 13:54:30.209,1,,False,,False,True
0 days 01:10:35.922000,HAM,44,0 days 00:01:33.668000,7.0,1.0,,,0 days 00:00:19.327000,0 days 00:00:46.314000,0 days 00:00:28.027000,0 days 01:09:21.581000,0 days 01:10:07.895000,0 days 01:10:35.922000,274.0,182.0,265.0,180.0,False,WET,7.0,True,Mercedes,0 days 01:09:02.254000,2020-07-11 13:55:49.873,1,,False,,False,True
0 days 01:11:55.003000,HAM,44,0 days 00:01:19.081000,8.0,1.0,,,0 days 00:00:19.569000,0 days 00:00:35.254000,0 days 00:00:24.258000,0 days 01:10:55.491000,0 days 01:11:30.745000,0 days 01:11:55.003000,291.0,214.0,261.0,291.0,True,WET,8.0,True,Mercedes,0 days 01:10:35.922000,2020-07-11 13:57:23.541,1,,False,,False,True
0 days 01:13:13.191000,HAM,44,0 days 00:01:18.188000,9.0,1.0,,,0 days 00:00:19.281000,0 days 00:00:34.710000,0 days 00:00:24.197000,0 days 01:12:14.284000,0 days 01:12:48.994000,0 days 01:13:13.191000,293.0,212.0,265.0,295.0,True,WET,9.0,True,Mercedes,0 days 01:11:55.003000,2020-07-11 13:58:42.622,1,,False,,False,True
0 days 01:14:42.120000,HAM,44,0 days 00:01:28.929000,10.0,1.0,,,0 days 00:00:20.489000,0 days 00:00:39.577000,0 days 00:00:28.863000,0 days 01:13:33.680000,0 days 01:14:13.257000,0 days 01:14:42.120000,235.0,185.0,263.0,236.0,False,WET,10.0,True,Mercedes,0 days 01:13:13.191000,2020-07-11 14:00:00.810,1,,False,,False,True
0 days 01:16:05.286000,HAM,44,0 days 00:01:23.166000,11.0,1.0,,,0 days 00:00:19.192000,0 days 00:00:36.563000,0 days 00:00:27.411000,0 days 01:15:01.312000,0 days 01:15:37.875000,0 days 01:16:05.286000,293.0,194.0,265.0,272.0,False,WET,11.0,True,Mercedes,0 days 01:14:42.120000,2020-07-11 14:01:29.739,12,,False,,False,True
0 days 01:24:24.034000,HAM,44,,12.0,1.0,,0 days 01:17:37.970000,0 days 00:00:19.217000,0 days 00:00:35.628000,,0 days 01:16:24.687000,0 days 01:17:00.151000,,292.0,191.0,,294.0,False,WET,12.0,True,Mercedes,0 days 01:16:05.286000,2020-07-11 14:02:52.905,125,,False,,False,False
0 days 01:26:04.076000,HAM,44,,13.0,2.0,0 days 01:24:23.921000,,,0 days 00:00:40.642000,0 days 00:00:30.019000,,0 days 01:25:34.083000,0 days 01:26:04.182000,237.0,195.0,261.0,232.0,False,WET,1.0,True,Mercedes,0 days 01:24:23.921000,2020-07-11 14:11:11.540,1,,False,,False,False
0 days 01:27:25.556000,HAM,44,0 days 00:01:21.480000,14.0,2.0,,,0 days 00:00:19.599000,0 days 00:00:35.567000,0 days 00:00:26.314000,0 days 01:26:23.675000,0 days 01:26:59.242000,0 days 01:27:25.556000,288.0,209.0,263.0,292.0,True,WET,2.0,True,Mercedes,0 days 01:26:04.076000,2020-07-11 14:12:51.695,1,,False,,False,True
0 days 01:28:44.297000,HAM,44,0 days 00:01:18.741000,15.0,2.0,,,0 days 00:00:19.246000,0 days 00:00:35.140000,0 days 00:00:24.355000,0 days 01:27:44.802000,0 days 01:28:19.942000,0 days 01:28:44.297000,290.0,211.0,267.0,293.0,True,WET,3.0,True,Mercedes,0 days 01:27:25.556000,2020-07-11 14:14:13.175,1,,False,,False,True
0 days 01:30:13.914000,HAM,44,0 days 00:01:29.617000,16.0,2.0,,,0 days 00:00:19.641000,0 days 00:00:37.274000,0 days 00:00:32.702000,0 days 01:29:03.938000,0 days 01:29:41.212000,0 days 01:30:13.914000,256.0,187.0,264.0,259.0,False,WET,4.0,True,Mercedes,0 days 01:28:44.297000,2020-07-11 14:15:31.916,1,,False,,False,True
0 days 01:31:32.130000,HAM,44,0 days 00:01:18.216000,17.0,2.0,,,0 days 00:00:19.338000,0 days 00:00:34.779000,0 days 00:00:24.099000,0 days 01:30:33.252000,0 days 01:31:08.031000,0 days 01:31:32.130000,292.0,216.0,265.0,292.0,True,WET,5.0,True,Mercedes,0 days 01:30:13.914000,2020-07-11 14:17:01.533,1,,False,,False,True
0 days 01:32:54.375000,HAM,44,0 days 00:01:22.245000,18.0,2.0,,,0 days 00:00:19.292000,0 days 00:00:35.466000,0 days 00:00:27.487000,0 days 01:31:51.422000,0 days 01:32:26.888000,0 days 01:32:54.375000,293.0,191.0,267.0,293.0,False,WET,6.0,True,Mercedes,0 days 01:31:32.130000,2020-07-11 14:18:19.749,1,,False,,False,True
0 days 01:34:12.200000,HAM,44,0 days 00:01:17.825000,19.0,2.0,,,0 days 00:00:18.935000,0 days 00:00:34.662000,0 days 00:00:24.228000,0 days 01:33:13.310000,0 days 01:33:47.972000,0 days 01:34:12.200000,295.0,218.0,264.0,294.0,True,WET,7.0,True,Mercedes,0 days 01:32:54.375000,2020-07-11 14:19:41.994,1,,False,,False,True
0 days 01:35:39.002000,HAM,44,0 days 00:01:26.802000,20.0,2.0,,,0 days 00:00:19.311000,0 days 00:00:39.699000,0 days 00:00:27.792000,0 days 01:34:31.511000,0 days 01:35:11.210000,0 days 01:35:39.002000,261.0,182.0,263.0,212.0,False,WET,8.0,True,Mercedes,0 days 01:34:12.200000,2020-07-11 14:20:59.819,1,,False,,False,True
0 days 01:36:59.947000,HAM,44,0 days 00:01:20.945000,21.0,2.0,,,0 days 00:00:19.089000,0 days 00:00:35.364000,0 days 00:00:26.492000,0 days 01:35:58.091000,0 days 01:36:33.455000,0 days 01:36:59.947000,292.0,205.0,264.0,291.0,False,WET,9.0,True,Mercedes,0 days 01:35:39.002000,2020-07-11 14:22:26.621,1,,False,,False,True
0 days 01:38:19.065000,HAM,44,0 days 00:01:19.118000,22.0,2.0,,,0 days 00:00:19.193000,0 days 00:00:34.592000,0 days 00:00:25.333000,0 days 01:37:19.140000,0 days 01:37:53.732000,0 days 01:38:19.065000,290.0,214.0,267.0,291.0,False,WET,10.0,True,Mercedes,0 days 01:36:59.947000,2020-07-11 14:23:47.566,1,,False,,False,True
0 days 01:39:37.009000,HAM,44,0 days 00:01:17.944000,23.0,2.0,,,0 days 00:00:19.039000,0 days 00:00:34.573000,0 days 00:00:24.332000,0 days 01:38:38.104000,0 days 01:39:12.677000,0 days 01:39:37.009000,291.0,207.0,265.0,293.0,False,WET,11.0,True,Mercedes,0 days 01:38:19.065000,2020-07-11 14:25:06.684,1,,False,,False,True
0 days 01:41:11.793000,HAM,44,0 days 00:01:34.784000,24.0,2.0,,0 days 01:41:08.342000,0 days 00:00:20.276000,0 days 00:00:37.393000,0 days 00:00:37.115000,0 days 01:39:57.285000,0 days 01:40:34.678000,0 days 01:41:11.793000,261.0,180.0,,251.0,False,WET,12.0,True,Mercedes,0 days 01:39:37.009000,2020-07-11 14:26:24.628,1,,False,,False,False
0 days 01:49:17.745000,HAM,44,,25.0,3.0,0 days 01:47:31.857000,,,0 days 00:00:41.160000,0 days 00:00:33.219000,,0 days 01:48:44.546000,0 days 01:49:17.801000,219.0,187.0,257.0,207.0,False,WET,1.0,True,Mercedes,0 days 01:41:11.793000,2020-07-11 14:27:59.412,1,,False,,False,False
0 days 01:50:39.810000,HAM,44,0 days 00:01:22.065000,26.0,3.0,,,0 days 00:00:19.929000,0 days 00:00:36.699000,0 days 00:00:25.437000,0 days 01:49:37.674000,0 days 01:50:14.373000,0 days 01:50:39.810000,282.0,206.0,262.0,287.0,True,WET,2.0,True,Mercedes,0 days 01:49:17.745000,2020-07-11 14:36:05.364,1,,False,,False,True
0 days 01:52:01.082000,HAM,44,0 days 00:01:21.272000,27.0,3.0,,,0 days 00:00:19.564000,0 days 00:00:35.935000,0 days 00:00:25.773000,0 days 01:50:59.374000,0 days 01:51:35.309000,0 days 01:52:01.082000,286.0,207.0,258.0,289.0,True,WET,3.0,True,Mercedes,0 days 01:50:39.810000,2020-07-11 14:37:27.429,1,,False,,False,True
0 days 01:53:25.289000,HAM,44,0 days 00:01:24.207000,28.0,3.0,,,0 days 00:00:19.548000,0 days 00:00:36.496000,0 days 00:00:28.163000,0 days 01:52:20.630000,0 days 01:52:57.126000,0 days 01:53:25.289000,284.0,194.0,264.0,289.0,False,WET,4.0,True,Mercedes,0 days 01:52:01.082000,2020-07-11 14:38:48.701,1,,False,,False,True
0 days 01:54:45.938000,HAM,44,0 days 00:01:20.649000,29.0,3.0,,,0 days 00:00:19.444000,0 days 00:00:35.671000,0 days 00:00:25.534000,0 days 01:53:44.733000,0 days 01:54:20.404000,0 days 01:54:45.938000,286.0,206.0,262.0,289.0,True,WET,5.0,True,Mercedes,0 days 01:53:25.289000,2020-07-11 14:40:12.908,1,,False,,False,True
0 days 01:56:15.472000,HAM,44,0 days 00:01:29.534000,30.0,3.0,,,0 days 00:00:19.901000,0 days 00:00:42.912000,0 days 00:00:26.721000,0 days 01:55:05.839000,0 days 01:55:48.751000,0 days 01:56:15.472000,255.0,203.0,264.0,218.0,False,WET,6.0,True,Mercedes,0 days 01:54:45.938000,2020-07-11 14:41:33.557,1,,False,,False,True
0 days 01:57:35.174000,HAM,44,0 days 00:01:19.702000,31.0,3.0,,,0 days 00:00:19.340000,0 days 00:00:35.449000,0 days 00:00:24.913000,0 days 01:56:34.812000,0 days 01:57:10.261000,0 days 01:57:35.174000,288.0,212.0,269.0,294.0,True,WET,7.0,True,Mercedes,0 days 01:56:15.472000,2020-07-11 14:43:03.091,1,,False,,False,True
0 days 01:59:07.826000,HAM,44,0 days 00:01:32.652000,32.0,3.0,,,0 days 00:00:19.871000,0 days 00:00:40.114000,0 days 00:00:32.667000,0 days 01:57:55.045000,0 days 01:58:35.159000,0 days 01:59:07.826000,227.0,187.0,265.0,221.0,False,WET,8.0,True,Mercedes,0 days 01:57:35.174000,2020-07-11 14:44:22.793,1,,False,,False,True
0 days 02:00:27.099000,HAM,44,0 days 00:01:19.273000,33.0,3.0,,,0 days 00:00:19.183000,0 days 00:00:35.276000,0 days 00:00:24.814000,0 days 01:59:27.009000,0 days 02:00:02.285000,0 days 02:00:27.099000,287.0,213.0,267.0,293.0,True,WET,9.0,True,Mercedes,0 days 01:59:07.826000,2020-07-11 14:45:55.445,12,,False,,False,True
0 days 02:02:05.527000,HAM,44,0 days 00:01:38.428000,34.0,3.0,,0 days 02:01:58.353000,0 days 00:00:21.942000,0 days 00:00:39.848000,0 days 00:00:36.638000,0 days 02:00:49.041000,0 days 02:01:28.889000,0 days 02:02:05.527000,224.0,197.0,,206.0,False,WET,10.0,True,Mercedes,0 days 02:00:27.099000,2020-07-11 14:47:14.718,1,,False,,False,False
0 days 01:01:38.891000,VER,33,,1.0,1.0,0 days 00:59:39.963000,,,0 days 00:00:44.114000,0 days 00:00:41.189000,,0 days 01:00:57.846000,0 days 01:01:39.203000,194.0,176.0,233.0,179.0,False,WET,1.0,True,Red Bull Racing,0 days 00:59:39.963000,2020-07-11 13:46:27.582,1,,False,,False,False
0 days 01:03:03.816000,VER,33,0 days 00:01:24.925000,2.0,1.0,,,0 days 00:00:20.751000,0 days 00:00:37.670000,0 days 00:00:26.504000,0 days 01:01:59.642000,0 days 01:02:37.312000,0 days 01:03:03.816000,280.0,196.0,261.0,254.0,True,WET,2.0,True,Red Bull Racing,0 days 01:01:38.891000,2020-07-11 13:48:26.510,1,,False,,False,True
0 days 01:04:33.464000,VER,33,0 days 00:01:29.648000,3.0,1.0,,,0 days 00:00:19.586000,0 days 00:00:37.469000,0 days 00:00:32.593000,0 days 01:03:23.402000,0 days 01:04:00.871000,0 days 01:04:33.464000,290.0,205.0,260.0,280.0,False,WET,3.0,True,Red Bull Racing,0 days 01:03:03.816000,2020-07-11 13:49:51.435,1,,False,,False,True
0 days 01:05:55.406000,VER,33,0 days 00:01:21.942000,4.0,1.0,,,0 days 00:00:19.523000,0 days 00:00:36.736000,0 days 00:00:25.683000,0 days 01:04:52.987000,0 days 01:05:29.723000,0 days 01:05:55.406000,289.0,205.0,263.0,290.0,True,WET,4.0,True,Red Bull Racing,0 days 01:04:33.464000,2020-07-11 13:51:21.083,1,,False,,False,True
0 days 01:07:16.027000,VER,33,0 days 00:01:20.621000,5.0,1.0,,,0 days 00:00:19.386000,0 days 00:00:36.118000,0 days 00:00:25.117000,0 days 01:06:14.792000,0 days 01:06:50.910000,0 days 01:07:16.027000,292.0,214.0,265.0,294.0,True,WET,5.0,True,Red Bull Racing,0 days 01:05:55.406000,2020-07-11 13:52:43.025,12,,False,,False,True
0 days 01:08:43.290000,VER,33,0 days 00:01:27.263000,6.0,1.0,,,0 days 00:00:19.852000,0 days 00:00:38.523000,0 days 00:00:28.888000,0 days 01:07:35.879000,0 days 01:08:14.402000,0 days 01:08:43.290000,252.0,177.0,262.0,281.0,False,WET,6.0,True,Red Bull Racing,0 days 01:07:16.027000,2020-07-11 13:54:03.646,1,,False,,False,True
0 days 01:10:03.248000,VER,33,0 days 00:01:19.958000,7.0,1.0,,,0 days 00:00:19.230000,0 days 00:00:35.617000,0 days 00:00:25.111000,0 days 01:09:02.520000,0 days 01:09:38.137000,0 days 01:10:03.248000,289.0,213.0,264.0,294.0,True,WET,7.0,True,Red Bull Racing,0 days 01:08:43.290000,2020-07-11 13:55:30.909,1,,False,,False,True
0 days 01:11:27.975000,VER,33,0 days 00:01:24.727000,8.0,1.0,,,0 days 00:00:19.042000,0 days 00:00:36.952000,0 days 00:00:28.733000,0 days 01:10:22.290000,0 days 01:10:59.242000,0 days 01:11:27.975000,294.0,175.0,265.0,292.0,False,WET,8.0,True,Red Bull Racing,0 days 01:10:03.248000,2020-07-11 13:56:50.867,1,,False,,False,True
0 days 01:12:53.148000,VER,33,0 days 00:01:25.173000,9.0,1.0,,,0 days 00:00:19.168000,0 days 00:00:35.625000,0 days 00:00:30.380000,0 days 01:11:47.143000,0 days 01:12:22.768000,0 days 01:12:53.148000,293.0,212.0,262.0,295.0,False,WET,9.0,True,Red Bull Racing,0 days 01:11:27.975000,2020-07-11 13:58:15.594,1,,False,,False,True
0 days 01:14:12.083000,VER,33,0 days 00:01:18.935000,10.0,1.0,,,0 days 00:00:19.169000,0 days 00:00:35.013000,0 days 00:00:24.753000,0 days 01:13:12.317000,0 days 01:13:47.330000,0 days 01:14:12.083000,291.0,216.0,265.0,291.0,True,WET,10.0,True,Red Bull Racing,0 days 01:12:53.148000,2020-07-11 13:59:40.767,1,,False,,False,True
0 days 01:15:38.233000,VER,33,0 days 00:01:26.150000,11.0,1.0,,,0 days 00:00:19.130000,0 days 00:00:37.004000,0 days 00:00:30.016000,0 days 01:14:31.213000,0 days 01:15:08.217000,0 days 01:15:38.233000,295.0,184.0,262.0,292.0,False,WET,11.0,True,Red Bull Racing,0 days 01:14:12.083000,2020-07-11 14:00:59.702,12,,False,,False,True
0 days 01:16:56.530000,VER,33,0 days 00:01:18.297000,12.0,1.0,,,0 days 00:00:19.007000,0 days 00:00:34.783000,0 days 00:00:24.507000,0 days 01:15:57.240000,0 days 01:16:32.023000,0 days 01:16:56.530000,290.0,216.0,266.0,292.0,True,WET,12.0,True,Red Bull Racing,0 days 01:15:38.233000,2020-07-11 14:02:25.852,21,,False,,False,True
0 days 01:24:48,VER,33,,13.0,1.0,,0 days 01:18:42.369000,,,,,,,,,,,False,WET,13.0,True,Red Bull Racing,0 days 01:16:56.530000,2020-07-11 14:03:44.149,251,,False,,False,False
0 days 01:26:37.320000,VER,33,,14.0,2.0,0 days 01:24:47.892000,,,0 days 00:00:40.447000,0 days 00:00:39.927000,,0 days 01:25:57.416000,0 days 01:26:37.387000,233.0,195.0,256.0,223.0,False,WET,1.0,True,Red Bull Racing,0 days 01:24:47.892000,2020-07-11 14:11:35.511,1,,False,,False,False
0 days 01:27:57.374000,VER,33,0 days 00:01:20.054000,15.0,2.0,,,0 days 00:00:19.451000,0 days 00:00:35.838000,0 days 00:00:24.765000,0 days 01:26:56.771000,0 days 01:27:32.609000,0 days 01:27:57.374000,289.0,213.0,263.0,291.0,True,WET,2.0,True,Red Bull Racing,0 days 01:26:37.320000,2020-07-11 14:13:24.939,1,,False,,False,True
0 days 01:29:15.529000,VER,33,0 days 00:01:18.155000,16.0,2.0,,,0 days 00:00:19.058000,0 days 00:00:34.823000,0 days 00:00:24.274000,0 days 01:28:16.432000,0 days 01:28:51.255000,0 days 01:29:15.529000,290.0,212.0,265.0,292.0,True,WET,3.0,True,Red Bull Racing,0 days 01:27:57.374000,2020-07-11 14:14:44.993,1,,False,,False,True
0 days 01:30:40.587000,VER,33,0 days 00:01:25.058000,17.0,2.0,,,0 days 00:00:19.043000,0 days 00:00:36.442000,0 days 00:00:29.573000,0 days 01:29:34.572000,0 days 01:30:11.014000,0 days 01:30:40.587000,294.0,195.0,264.0,286.0,False,WET,4.0,True,Red Bull Racing,0 days 01:29:15.529000,2020-07-11 14:16:03.148,1,,False,,False,True
0 days 01:31:58.525000,VER,33,0 days 00:01:17.938000,18.0,2.0,,,0 days 00:00:19.082000,0 days 00:00:34.692000,0 days 00:00:24.164000,0 days 01:30:59.669000,0 days 01:31:34.361000,0 days 01:31:58.525000,289.0,218.0,264.0,291.0,True,WET,5.0,True,Red Bull Racing,0 days 01:30:40.587000,2020-07-11 14:17:28.206,1,,False,,False,True
0 days 01:33:23.246000,VER,33,0 days 00:01:24.721000,19.0,2.0,,,0 days 00:00:19.013000,0 days 00:00:35.657000,0 days 00:00:30.051000,0 days 01:32:17.538000,0 days 01:32:53.195000,0 days 01:33:23.246000,291.0,194.0,264.0,291.0,False,WET,6.0,True,Red Bull Racing,0 days 01:31:58.525000,2020-07-11 14:18:46.144,1,,False,,False,True
0 days 01:34:42.489000,VER,33,0 days 00:01:19.243000,20.0,2.0,,,0 days 00:00:19.076000,0 days 00:00:35.056000,0 days 00:00:25.111000,0 days 01:33:42.322000,0 days 01:34:17.378000,0 days 01:34:42.489000,290.0,171.0,265.0,290.0,False,WET,7.0,True,Red Bull Racing,0 days 01:33:23.246000,2020-07-11 14:20:10.865,1,,False,,False,True
0 days 01:36:09.391000,VER,33,0 days 00:01:26.902000,21.0,2.0,,,0 days 00:00:19.270000,0 days 00:00:37.322000,0 days 00:00:30.310000,0 days 01:35:01.759000,0 days 01:35:39.081000,0 days 01:36:09.391000,278.0,201.0,263.0,266.0,False,WET,8.0,True,Red Bull Racing,0 days 01:34:42.489000,2020-07-11 14:21:30.108,1,,False,,False,True
0 days 01:37:31.590000,VER,33,0 days 00:01:22.199000,22.0,2.0,,,0 days 00:00:19.058000,0 days 00:00:36.419000,0 days 00:00:26.722000,0 days 01:36:28.449000,0 days 01:37:04.868000,0 days 01:37:31.590000,288.0,176.0,262.0,291.0,False,WET,9.0,True,Red Bull Racing,0 days 01:36:09.391000,2020-07-11 14:22:57.010,1,,False,,False,True
0 days 01:38:52.083000,VER,33,0 days 00:01:20.493000,23.0,2.0,,,0 days 00:00:19.105000,0 days 00:00:35.211000,0 days 00:00:26.177000,0 days 01:37:50.695000,0 days 01:38:25.906000,0 days 01:38:52.083000,289.0,209.0,260.0,291.0,False,WET,10.0,True,Red Bull Racing,0 days 01:37:31.590000,2020-07-11 14:24:19.209,1,,False,,False,True
0 days 01:40:21.669000,VER,33,0 days 00:01:29.586000,24.0,2.0,,0 days 01:40:18.328000,0 days 00:00:20.842000,0 days 00:00:37.362000,0 days 00:00:31.382000,0 days 01:39:12.925000,0 days 01:39:50.287000,0 days 01:40:21.669000,229.0,198.0,,265.0,False,WET,11.0,True,Red Bull Racing,0 days 01:38:52.083000,2020-07-11 14:25:39.702,1,,False,,False,False
0 days 01:48:44.016000,VER,33,,25.0,3.0,0 days 01:47:15.864000,,,0 days 00:00:39.010000,0 days 00:00:27.021000,,0 days 01:48:17.118000,0 days 01:48:44.060000,264.0,195.0,258.0,255.0,False,WET,1.0,True,Red Bull Racing,0 days 01:40:21.669000,2020-07-11 14:27:09.288,1,,False,,False,False
0 days 01:50:05.816000,VER,33,0 days 00:01:21.800000,26.0,3.0,,,0 days 00:00:19.625000,0 days 00:00:36.653000,0 days 00:00:25.522000,0 days 01:49:03.641000,0 days 01:49:40.294000,0 days 01:50:05.816000,283.0,209.0,261.0,284.0,True,WET,2.0,True,Red Bull Racing,0 days 01:48:44.016000,2020-07-11 14:35:31.635,1,,False,,False,True
0 days 01:51:27.386000,VER,33,0 days 00:01:21.570000,27.0,3.0,,,0 days 00:00:19.410000,0 days 00:00:36.294000,0 days 00:00:25.866000,0 days 01:50:25.226000,0 days 01:51:01.520000,0 days 01:51:27.386000,286.0,209.0,261.0,285.0,True,WET,3.0,True,Red Bull Racing,0 days 01:50:05.816000,2020-07-11 14:36:53.435,1,,False,,False,True
0 days 01:52:55.018000,VER,33,0 days 00:01:27.632000,28.0,3.0,,,0 days 00:00:20.599000,0 days 00:00:38.279000,0 days 00:00:28.754000,0 days 01:51:47.985000,0 days 01:52:26.264000,0 days 01:52:55.018000,250.0,203.0,261.0,260.0,False,WET,4.0,True,Red Bull Racing,0 days 01:51:27.386000,2020-07-11 14:38:15.005,1,,False,,False,True
0 days 01:54:16.435000,VER,33,0 days 00:01:21.417000,29.0,3.0,,,0 days 00:00:19.486000,0 days 00:00:36.362000,0 days 00:00:25.569000,0 days 01:53:14.504000,0 days 01:53:50.866000,0 days 01:54:16.435000,283.0,212.0,262.0,286.0,True,WET,5.0,True,Red Bull Racing,0 days 01:52:55.018000,2020-07-11 14:39:42.637,1,,False,,False,True
0 days 01:55:44.157000,VER,33,0 days 00:01:27.722000,30.0,3.0,,,0 days 00:00:19.447000,0 days 00:00:39.046000,0 days 00:00:29.229000,0 days 01:54:35.882000,0 days 01:55:14.928000,0 days 01:55:44.157000,284.0,198.0,261.0,226.0,False,WET,6.0,True,Red Bull Racing,0 days 01:54:16.435000,2020-07-11 14:41:04.054,1,,False,,False,True
0 days 01:57:04.646000,VER,33,0 days 00:01:20.489000,31.0,3.0,,,0 days 00:00:19.479000,0 days 00:00:35.823000,0 days 00:00:25.187000,0 days 01:56:03.636000,0 days 01:56:39.459000,0 days 01:57:04.646000,286.0,201.0,262.0,288.0,True,WET,7.0,True,Red Bull Racing,0 days 01:55:44.157000,2020-07-11 14:42:31.776,1,,False,,False,True
0 days 01:58:27.358000,VER,33,0 days 00:01:22.712000,32.0,3.0,,,0 days 00:00:20.153000,0 days 00:00:36.749000,0 days 00:00:25.810000,0 days 01:57:24.799000,0 days 01:58:01.548000,0 days 01:58:27.358000,274.0,209.0,264.0,261.0,False,WET,8.0,True,Red Bull Racing,0 days 01:57:04.646000,2020-07-11 14:43:52.265,1,,False,,False,True
0 days 01:59:55.312000,VER,33,0 days 00:01:27.954000,33.0,3.0,,,0 days 00:00:19.216000,0 days 00:00:35.651000,0 days 00:00:33.087000,0 days 01:58:46.574000,0 days 01:59:22.225000,0 days 01:59:55.312000,285.0,206.0,179.0,289.0,False,WET,9.0,True,Red Bull Racing,0 days 01:58:27.358000,2020-07-11 14:45:14.977,12,,False,,False,True
0 days 02:01:44.858000,VER,33,0 days 00:01:49.546000,34.0,3.0,,0 days 02:01:39.507000,0 days 00:00:30.178000,0 days 00:00:44.584000,0 days 00:00:34.784000,0 days 02:00:25.490000,0 days 02:01:10.074000,0 days 02:01:44.858000,175.0,169.0,,180.0,False,WET,10.0,True,Red Bull Racing,0 days 01:59:55.312000,2020-07-11 14:46:42.931,1,,False,,False,False
0 days 01:01:18.899000,SAI,55,,1.0,1.0,0 days 00:59:28.338000,,,0 days 00:00:45.416000,0 days 00:00:34.865000,,0 days 01:00:44.085000,0 days 01:01:19.178000,199.0,179.0,249.0,199.0,False,WET,1.0,True,McLaren,0 days 00:59:28.338000,2020-07-11 13:46:15.957,1,,False,,False,False
0 days 01:02:53.168000,SAI,55,0 days 00:01:34.269000,2.0,1.0,,,0 days 00:00:22.954000,0 days 00:00:41.671000,0 days 00:00:29.644000,0 days 01:01:41.853000,0 days 01:02:23.524000,0 days 01:02:53.168000,212.0,172.0,257.0,223.0,True,WET,2.0,True,McLaren,0 days 01:01:18.899000,2020-07-11 13:48:06.518,1,,False,,False,True
0 days 01:04:18.957000,SAI,55,0 days 00:01:25.789000,3.0,1.0,,,0 days 00:00:20.081000,0 days 00:00:38.810000,0 days 00:00:26.898000,0 days 01:03:13.249000,0 days 01:03:52.059000,0 days 01:04:18.957000,277.0,197.0,260.0,268.0,True,WET,3.0,True,McLaren,0 days 01:02:53.168000,2020-07-11 13:49:40.787,1,,False,,False,True
0 days 01:05:41.960000,SAI,55,0 days 00:01:23.003000,4.0,1.0,,,0 days 00:00:19.806000,0 days 00:00:37.335000,0 days 00:00:25.862000,0 days 01:04:38.763000,0 days 01:05:16.098000,0 days 01:05:41.960000,285.0,204.0,261.0,281.0,True,WET,4.0,True,McLaren,0 days 01:04:18.957000,2020-07-11 13:51:06.576,1,,False,,False,True
0 days 01:07:08.081000,SAI,55,0 days 00:01:26.121000,5.0,1.0,,,0 days 00:00:19.533000,0 days 00:00:39.142000,0 days 00:00:27.446000,0 days 01:06:01.493000,0 days 01:06:40.635000,0 days 01:07:08.081000,288.0,182.0,261.0,224.0,False,WET,5.0,True,McLaren,0 days 01:05:41.960000,2020-07-11 13:52:29.579,12,,False,,False,True
0 days 01:08:29.126000,SAI,55,0 days 00:01:21.045000,6.0,1.0,,,0 days 00:00:19.505000,0 days 00:00:36.313000,0 days 00:00:25.227000,0 days 01:07:27.586000,0 days 01:08:03.899000,0 days 01:08:29.126000,287.0,213.0,263.0,291.0,True,WET,6.0,True,McLaren,0 days 01:07:08.081000,2020-07-11 13:53:55.700,1,,False,,False,True
0 days 01:09:48.901000,SAI,55,0 days 00:01:19.775000,7.0,1.0,,,0 days 00:00:19.348000,0 days 00:00:35.773000,0 days 00:00:24.654000,0 days 01:08:48.474000,0 days 01:09:24.247000,0 days 01:09:48.901000,291.0,215.0,263.0,292.0,True,WET,7.0,True,McLaren,0 days 01:08:29.126000,2020-07-11 13:55:16.745,1,,False,,False,True
0 days 01:11:14.280000,SAI,55,0 days 00:01:25.379000,8.0,1.0,,,0 days 00:00:19.238000,0 days 00:00:37.588000,0 days 00:00:28.553000,0 days 01:10:08.139000,0 days 01:10:45.727000,0 days 01:11:14.280000,291.0,201.0,263.0,256.0,False,WET,8.0,True,McLaren,0 days 01:09:48.901000,2020-07-11 13:56:36.520,1,,False,,False,True
0 days 01:12:33.021000,SAI,55,0 days 00:01:18.741000,9.0,1.0,,,0 days 00:00:19.208000,0 days 00:00:35.204000,0 days 00:00:24.329000,0 days 01:11:33.488000,0 days 01:12:08.692000,0 days 01:12:33.021000,288.0,214.0,264.0,292.0,True,WET,9.0,True,McLaren,0 days 01:11:14.280000,2020-07-11 13:58:01.899,1,,False,,False,True
0 days 01:13:51.611000,SAI,55,0 days 00:01:18.590000,10.0,1.0,,,0 days 00:00:19.162000,0 days 00:00:35.186000,0 days 00:00:24.242000,0 days 01:12:52.183000,0 days 01:13:27.369000,0 days 01:13:51.611000,289.0,218.0,265.0,290.0,True,WET,10.0,True,McLaren,0 days 01:12:33.021000,2020-07-11 13:59:20.640,1,,False,,False,True
0 days 01:15:19.557000,SAI,55,0 days 00:01:27.946000,11.0,1.0,,,0 days 00:00:19.785000,0 days 00:00:37.576000,0 days 00:00:30.585000,0 days 01:14:11.396000,0 days 01:14:48.972000,0 days 01:15:19.557000,268.0,201.0,263.0,268.0,False,WET,11.0,True,McLaren,0 days 01:13:51.611000,2020-07-11 14:00:39.230,1,,False,,False,True
0 days 01:16:38.189000,SAI,55,0 days 00:01:18.632000,12.0,1.0,,,0 days 00:00:19.234000,0 days 00:00:34.981000,0 days 00:00:24.417000,0 days 01:15:38.791000,0 days 01:16:13.772000,0 days 01:16:38.189000,288.0,218.0,263.0,291.0,False,WET,12.0,True,McLaren,0 days 01:15:19.557000,2020-07-11 14:02:07.176,12,,False,,False,True
0 days 01:24:43.401000,SAI,55,,13.0,1.0,,0 days 01:18:19.729000,0 days 00:00:19.322000,,,0 days 01:16:57.568000,,,292.0,,,291.0,False,WET,13.0,True,McLaren,0 days 01:16:38.189000,2020-07-11 14:03:25.808,125,,False,,False,False
0 days 01:26:31.254000,SAI,55,,14.0,2.0,0 days 01:24:43.287000,,,0 days 00:00:40.607000,0 days 00:00:35.476000,,0 days 01:25:55.797000,0 days 01:26:31.294000,266.0,176.0,254.0,279.0,False,WET,1.0,True,McLaren,0 days 01:24:43.287000,2020-07-11 14:11:30.906,1,,False,,False,False
0 days 01:27:51.865000,SAI,55,0 days 00:01:20.611000,15.0,2.0,,,0 days 00:00:19.662000,0 days 00:00:35.888000,0 days 00:00:25.061000,0 days 01:26:50.916000,0 days 01:27:26.804000,0 days 01:27:51.865000,287.0,213.0,260.0,290.0,True,WET,2.0,True,McLaren,0 days 01:26:31.254000,2020-07-11 14:13:18.873,1,,False,,False,True
0 days 01:29:11.135000,SAI,55,0 days 00:01:19.270000,16.0,2.0,,,0 days 00:00:19.305000,0 days 00:00:35.562000,0 days 00:00:24.403000,0 days 01:28:11.170000,0 days 01:28:46.732000,0 days 01:29:11.135000,288.0,216.0,264.0,291.0,True,WET,3.0,True,McLaren,0 days 01:27:51.865000,2020-07-11 14:14:39.484,1,,False,,False,True
0 days 01:30:46.863000,SAI,55,0 days 00:01:35.728000,17.0,2.0,,,0 days 00:00:20.814000,0 days 00:00:42.138000,0 days 00:00:32.776000,0 days 01:29:31.949000,0 days 01:30:14.087000,0 days 01:30:46.863000,285.0,199.0,259.0,151.0,False,WET,4.0,True,McLaren,0 days 01:29:11.135000,2020-07-11 14:15:58.754,1,,False,,False,True
0 days 01:32:05.770000,SAI,55,0 days 00:01:18.907000,18.0,2.0,,,0 days 00:00:19.227000,0 days 00:00:35.283000,0 days 00:00:24.397000,0 days 01:31:06.090000,0 days 01:31:41.373000,0 days 01:32:05.770000,290.0,209.0,262.0,291.0,True,WET,5.0,True,McLaren,0 days 01:30:46.863000,2020-07-11 14:17:34.482,1,,False,,False,True
0 days 01:33:29.269000,SAI,55,0 days 00:01:23.499000,19.0,2.0,,,0 days 00:00:20.175000,0 days 00:00:37.057000,0 days 00:00:26.267000,0 days 01:32:25.945000,0 days 01:33:03.002000,0 days 01:33:29.269000,289.0,204.0,263.0,270.0,False,WET,6.0,True,McLaren,0 days 01:32:05.770000,2020-07-11 14:18:53.389,1,,False,,False,True
0 days 01:34:48.105000,SAI,55,0 days 00:01:18.836000,20.0,2.0,,,0 days 00:00:19.227000,0 days 00:00:35.138000,0 days 00:00:24.471000,0 days 01:33:48.496000,0 days 01:34:23.634000,0 days 01:34:48.105000,288.0,217.0,263.0,289.0,True,WET,7.0,True,McLaren,0 days 01:33:29.269000,2020-07-11 14:20:16.888,1,,False,,False,True
0 days 01:36:19.771000,SAI,55,0 days 00:01:31.666000,21.0,2.0,,,0 days 00:00:21.148000,0 days 00:00:38.169000,0 days 00:00:32.349000,0 days 01:35:09.253000,0 days 01:35:47.422000,0 days 01:36:19.771000,260.0,185.0,259.0,279.0,False,WET,8.0,True,McLaren,0 days 01:34:48.105000,2020-07-11 14:21:35.724,1,,False,,False,True
0 days 01:37:39.843000,SAI,55,0 days 00:01:20.072000,22.0,2.0,,,0 days 00:00:19.265000,0 days 00:00:35.079000,0 days 00:00:25.728000,0 days 01:36:39.036000,0 days 01:37:14.115000,0 days 01:37:39.843000,288.0,215.0,242.0,290.0,False,WET,9.0,True,McLaren,0 days 01:36:19.771000,2020-07-11 14:23:07.390,1,,False,,False,True
0 days 01:39:06.116000,SAI,55,0 days 00:01:26.273000,23.0,2.0,,,0 days 00:00:20.508000,0 days 00:00:36.377000,0 days 00:00:29.388000,0 days 01:38:00.351000,0 days 01:38:36.728000,0 days 01:39:06.116000,274.0,205.0,261.0,281.0,False,WET,10.0,True,McLaren,0 days 01:37:39.843000,2020-07-11 14:24:27.462,1,,False,,False,True
0 days 01:40:31.014000,SAI,55,0 days 00:01:24.898000,24.0,2.0,,0 days 01:40:27.534000,0 days 00:00:19.255000,0 days 00:00:34.654000,0 days 00:00:30.989000,0 days 01:39:25.371000,0 days 01:40:00.025000,0 days 01:40:31.014000,289.0,218.0,,290.0,False,WET,11.0,True,McLaren,0 days 01:39:06.116000,2020-07-11 14:25:53.735,1,,False,,False,False
0 days 01:49:30.702000,SAI,55,,25.0,3.0,0 days 01:47:40.329000,,,0 days 00:00:41.056000,0 days 00:00:36.641000,,0 days 01:48:54.128000,0 days 01:49:30.769000,249.0,193.0,257.0,248.0,False,WET,1.0,True,McLaren,0 days 01:40:31.014000,2020-07-11 14:27:18.633,1,,False,,False,False
0 days 01:51:08.018000,SAI,55,0 days 00:01:37.316000,26.0,3.0,,,0 days 00:00:20.671000,,,0 days 01:49:51.373000,,,273.0,193.0,258.0,283.0,True,WET,2.0,True,McLaren,0 days 01:49:30.702000,2020-07-11 14:36:18.321,1,,False,,False,False
0 days 01:52:31.178000,SAI,55,0 days 00:01:23.160000,27.0,3.0,,,0 days 00:00:19.888000,0 days 00:00:36.924000,0 days 00:00:26.348000,0 days 01:51:27.906000,0 days 01:52:04.830000,0 days 01:52:31.178000,282.0,206.0,260.0,285.0,True,WET,3.0,True,McLaren,0 days 01:51:08.018000,2020-07-11 14:37:55.637,1,,False,,False,True
0 days 01:54:01.991000,SAI,55,0 days 00:01:30.813000,28.0,3.0,,,0 days 00:00:21.566000,0 days 00:00:40.205000,0 days 00:00:29.042000,0 days 01:52:52.744000,0 days 01:53:32.949000,0 days 01:54:01.991000,234.0,205.0,257.0,266.0,False,WET,4.0,True,McLaren,0 days 01:52:31.178000,2020-07-11 14:39:18.797,1,,False,,False,True
0 days 01:55:24.474000,SAI,55,0 days 00:01:22.483000,29.0,3.0,,,0 days 00:00:19.897000,0 days 00:00:36.695000,0 days 00:00:25.891000,0 days 01:54:21.888000,0 days 01:54:58.583000,0 days 01:55:24.474000,280.0,209.0,260.0,282.0,True,WET,5.0,True,McLaren,0 days 01:54:01.991000,2020-07-11 14:40:49.610,1,,False,,False,True
0 days 01:56:45.890000,SAI,55,0 days 00:01:21.416000,30.0,3.0,,,0 days 00:00:19.835000,0 days 00:00:35.959000,0 days 00:00:25.622000,0 days 01:55:44.309000,0 days 01:56:20.268000,0 days 01:56:45.890000,277.0,208.0,259.0,284.0,True,WET,6.0,True,McLaren,0 days 01:55:24.474000,2020-07-11 14:42:12.093,1,,False,,False,True
0 days 01:58:08.943000,SAI,55,0 days 00:01:23.053000,31.0,3.0,,,0 days 00:00:19.613000,0 days 00:00:35.980000,0 days 00:00:27.460000,0 days 01:57:05.503000,0 days 01:57:41.483000,0 days 01:58:08.943000,282.0,208.0,262.0,285.0,False,WET,7.0,True,McLaren,0 days 01:56:45.890000,2020-07-11 14:43:33.509,1,,False,,False,True
0 days 01:59:29.614000,SAI,55,0 days 00:01:20.671000,32.0,3.0,,,0 days 00:00:19.608000,0 days 00:00:35.999000,0 days 00:00:25.064000,0 days 01:58:28.551000,0 days 01:59:04.550000,0 days 01:59:29.614000,282.0,207.0,262.0,287.0,True,WET,8.0,True,McLaren,0 days 01:58:08.943000,2020-07-11 14:44:56.562,12,,False,,False,True
0 days 02:01:13.758000,SAI,55,0 days 00:01:44.144000,33.0,3.0,,0 days 02:01:05.944000,0 days 00:00:22.515000,0 days 00:00:41.808000,0 days 00:00:39.821000,0 days 01:59:52.129000,0 days 02:00:33.937000,0 days 02:01:13.758000,213.0,177.0,,228.0,False,WET,9.0,True,McLaren,0 days 01:59:29.614000,2020-07-11 14:46:17.233,12,,False,,False,False
0 days 01:01:18.892000,BOT,77,,1.0,1.0,0 days 00:59:33.800000,,,0 days 00:00:44.920000,0 days 00:00:30.768000,,0 days 01:00:48.226000,0 days 01:01:19.178000,219.0,159.0,251.0,188.0,False,WET,1.0,True,Mercedes,0 days 00:59:33.800000,2020-07-11 13:46:21.419,1,,False,,False,False
0 days 01:02:48.252000,BOT,77,0 days 00:01:29.360000,2.0,1.0,,,0 days 00:00:20.709000,0 days 00:00:38.921000,0 days 00:00:29.730000,0 days 01:01:39.601000,0 days 01:02:18.522000,0 days 01:02:48.252000,230.0,202.0,258.0,240.0,True,WET,2.0,True,Mercedes,0 days 01:01:18.892000,2020-07-11 13:48:06.511,1,,False,,False,True
0 days 01:04:11.445000,BOT,77,0 days 00:01:23.193000,3.0,1.0,,,0 days 00:00:19.685000,0 days 00:00:37.665000,0 days 00:00:25.843000,0 days 01:03:07.937000,0 days 01:03:45.602000,0 days 01:04:11.445000,291.0,198.0,264.0,292.0,True,WET,3.0,True,Mercedes,0 days 01:02:48.252000,2020-07-11 13:49:35.871,1,,False,,False,True
0 days 01:05:36.888000,BOT,77,0 days 00:01:25.443000,4.0,1.0,,,0 days 00:00:19.799000,0 days 00:00:37.312000,0 days 00:00:28.332000,0 days 01:04:31.244000,0 days 01:05:08.556000,0 days 01:05:36.888000,284.0,202.0,261.0,284.0,False,WET,4.0,True,Mercedes,0 days 01:04:11.445000,2020-07-11 13:50:59.064,1,,False,,False,True
0 days 01:06:57.637000,BOT,77,0 days 00:01:20.749000,5.0,1.0,,,0 days 00:00:19.645000,0 days 00:00:36.260000,0 days 00:00:24.844000,0 days 01:05:56.533000,0 days 01:06:32.793000,0 days 01:06:57.637000,285.0,210.0,264.0,293.0,True,WET,5.0,True,Mercedes,0 days 01:05:36.888000,2020-07-11 13:52:24.507,12,,False,,False,True
0 days 01:08:17.371000,BOT,77,0 days 00:01:19.734000,6.0,1.0,,,0 days 00:00:19.529000,0 days 00:00:35.665000,0 days 00:00:24.540000,0 days 01:07:17.166000,0 days 01:07:52.831000,0 days 01:08:17.371000,287.0,217.0,265.0,291.0,True,WET,6.0,True,Mercedes,0 days 01:06:57.637000,2020-07-11 13:53:45.256,1,,False,,False,True
0 days 01:09:43.836000,BOT,77,0 days 00:01:26.465000,7.0,1.0,,,0 days 00:00:19.842000,0 days 00:00:39.160000,0 days 00:00:27.463000,0 days 01:08:37.213000,0 days 01:09:16.373000,0 days 01:09:43.836000,252.0,171.0,263.0,249.0,False,WET,7.0,True,Mercedes,0 days 01:08:17.371000,2020-07-11 13:55:04.990,1,,False,,False,True
0 days 01:11:03.473000,BOT,77,0 days 00:01:19.637000,8.0,1.0,,,0 days 00:00:19.452000,0 days 00:00:35.510000,0 days 00:00:24.675000,0 days 01:10:03.288000,0 days 01:10:38.798000,0 days 01:11:03.473000,291.0,219.0,265.0,294.0,True,WET,8.0,True,Mercedes,0 days 01:09:43.836000,2020-07-11 13:56:31.455,1,,False,,False,True
0 days 01:12:27.200000,BOT,77,0 days 00:01:23.727000,9.0,1.0,,,0 days 00:00:19.941000,0 days 00:00:38.926000,0 days 00:00:24.860000,0 days 01:11:23.414000,0 days 01:12:02.340000,0 days 01:12:27.200000,247.0,202.0,265.0,237.0,False,WET,9.0,True,Mercedes,0 days 01:11:03.473000,2020-07-11 13:57:51.092,1,,False,,False,True
0 days 01:13:45.991000,BOT,77,0 days 00:01:18.791000,10.0,1.0,,,0 days 00:00:19.192000,0 days 00:00:35.048000,0 days 00:00:24.551000,0 days 01:12:46.392000,0 days 01:13:21.440000,0 days 01:13:45.991000,293.0,217.0,265.0,295.0,True,WET,10.0,True,Mercedes,0 days 01:12:27.200000,2020-07-11 13:59:14.819,1,,False,,False,True
0 days 01:15:12.622000,BOT,77,0 days 00:01:26.631000,11.0,1.0,,,0 days 00:00:20.712000,0 days 00:00:38.739000,0 days 00:00:27.180000,0 days 01:14:06.703000,0 days 01:14:45.442000,0 days 01:15:12.622000,259.0,193.0,248.0,259.0,False,WET,11.0,True,Mercedes,0 days 01:13:45.991000,2020-07-11 14:00:33.610,1,,False,,False,True
0 days 01:16:36.781000,BOT,77,0 days 00:01:24.159000,12.0,1.0,,,0 days 00:00:20.457000,0 days 00:00:38.296000,0 days 00:00:25.406000,0 days 01:15:33.079000,0 days 01:16:11.375000,0 days 01:16:36.781000,262.0,199.0,265.0,259.0,False,WET,12.0,True,Mercedes,0 days 01:15:12.622000,2020-07-11 14:02:00.241,12,,False,,False,True
0 days 01:24:20.921000,BOT,77,,13.0,1.0,,0 days 01:18:17.276000,0 days 00:00:19.130000,,,0 days 01:16:55.982000,,,294.0,,,259.0,False,WET,13.0,True,Mercedes,0 days 01:16:36.781000,2020-07-11 14:03:24.400,125,,False,,False,False
0 days 01:25:52.507000,BOT,77,,14.0,2.0,0 days 01:24:20.797000,,,0 days 00:00:39.252000,0 days 00:00:26.249000,,0 days 01:25:26.293000,0 days 01:25:52.810000,228.0,204.0,265.0,224.0,False,WET,1.0,True,Mercedes,0 days 01:24:20.797000,2020-07-11 14:11:08.416,1,,False,,False,False
0 days 01:27:11.513000,BOT,77,0 days 00:01:19.006000,15.0,2.0,,,0 days 00:00:19.305000,0 days 00:00:35.406000,0 days 00:00:24.295000,0 days 01:26:11.812000,0 days 01:26:47.218000,0 days 01:27:11.513000,287.0,214.0,267.0,297.0,True,WET,2.0,True,Mercedes,0 days 01:25:52.507000,2020-07-11 14:12:40.126,1,,False,,False,True
0 days 01:28:39.570000,BOT,77,0 days 00:01:28.057000,16.0,2.0,,,0 days 00:00:20.219000,0 days 00:00:39.935000,0 days 00:00:27.903000,0 days 01:27:31.732000,0 days 01:28:11.667000,0 days 01:28:39.570000,235.0,202.0,267.0,221.0,False,WET,3.0,True,Mercedes,0 days 01:27:11.513000,2020-07-11 14:13:59.132,1,,False,,False,True
0 days 01:30:06.819000,BOT,77,0 days 00:01:27.249000,17.0,2.0,,,0 days 00:00:19.567000,0 days 00:00:36.572000,0 days 00:00:31.110000,0 days 01:28:59.137000,0 days 01:29:35.709000,0 days 01:30:06.819000,291.0,205.0,266.0,276.0,False,WET,4.0,True,Mercedes,0 days 01:28:39.570000,2020-07-11 14:15:27.189,1,,False,,False,True
0 days 01:31:25.726000,BOT,77,0 days 00:01:18.907000,18.0,2.0,,,0 days 00:00:19.097000,0 days 00:00:35.226000,0 days 00:00:24.584000,0 days 01:30:25.916000,0 days 01:31:01.142000,0 days 01:31:25.726000,294.0,213.0,265.0,295.0,True,WET,5.0,True,Mercedes,0 days 01:30:06.819000,2020-07-11 14:16:54.438,1,,False,,False,True
0 days 01:32:50.025000,BOT,77,0 days 00:01:24.299000,19.0,2.0,,,0 days 00:00:19.315000,0 days 00:00:37.143000,0 days 00:00:27.841000,0 days 01:31:45.041000,0 days 01:32:22.184000,0 days 01:32:50.025000,279.0,204.0,266.0,268.0,False,WET,6.0,True,Mercedes,0 days 01:31:25.726000,2020-07-11 14:18:13.345,1,,False,,False,True
0 days 01:34:08.751000,BOT,77,0 days 00:01:18.726000,20.0,2.0,,,0 days 00:00:19.305000,0 days 00:00:34.999000,0 days 00:00:24.422000,0 days 01:33:09.330000,0 days 01:33:44.329000,0 days 01:34:08.751000,290.0,215.0,266.0,294.0,True,WET,7.0,True,Mercedes,0 days 01:32:50.025000,2020-07-11 14:19:37.644,1,,False,,False,True
0 days 01:35:49.894000,BOT,77,0 days 00:01:41.143000,21.0,2.0,,,0 days 00:00:19.835000,0 days 00:00:44.772000,0 days 00:00:36.536000,0 days 01:34:28.586000,0 days 01:35:13.358000,0 days 01:35:49.894000,263.0,198.0,262.0,115.0,False,WET,8.0,True,Mercedes,0 days 01:34:08.751000,2020-07-11 14:20:56.370,1,,False,,False,True
0 days 01:37:08.551000,BOT,77,0 days 00:01:18.657000,22.0,2.0,,,0 days 00:00:19.123000,0 days 00:00:34.968000,0 days 00:00:24.566000,0 days 01:36:09.017000,0 days 01:36:43.985000,0 days 01:37:08.551000,291.0,217.0,265.0,292.0,True,WET,9.0,True,Mercedes,0 days 01:35:49.894000,2020-07-11 14:22:37.513,1,,False,,False,True
0 days 01:38:30.097000,BOT,77,0 days 00:01:21.546000,23.0,2.0,,,0 days 00:00:19.163000,0 days 00:00:36.971000,0 days 00:00:25.412000,0 days 01:37:27.714000,0 days 01:38:04.685000,0 days 01:38:30.097000,294.0,202.0,267.0,293.0,False,WET,10.0,True,Mercedes,0 days 01:37:08.551000,2020-07-11 14:23:56.170,1,,False,,False,True
0 days 01:40:00.872000,BOT,77,0 days 00:01:30.775000,24.0,2.0,,0 days 01:39:57.468000,0 days 00:00:19.168000,0 days 00:00:39.958000,0 days 00:00:31.649000,0 days 01:38:49.265000,0 days 01:39:29.223000,0 days 01:40:00.872000,291.0,185.0,,286.0,False,WET,11.0,True,Mercedes,0 days 01:38:30.097000,2020-07-11 14:25:17.716,1,,False,,False,False
0 days 01:49:08.714000,BOT,77,,25.0,3.0,0 days 01:47:28.602000,,,0 days 00:00:41.753000,0 days 00:00:30.318000,,0 days 01:48:38.443000,0 days 01:49:08.782000,227.0,196.0,259.0,203.0,False,WET,1.0,True,Mercedes,0 days 01:40:00.872000,2020-07-11 14:26:48.491,1,,False,,False,False
0 days 01:50:30.938000,BOT,77,0 days 00:01:22.224000,26.0,3.0,,,0 days 00:00:20.186000,0 days 00:00:36.721000,0 days 00:00:25.317000,0 days 01:49:28.900000,0 days 01:50:05.621000,0 days 01:50:30.938000,286.0,209.0,261.0,288.0,True,WET,2.0,True,Mercedes,0 days 01:49:08.714000,2020-07-11 14:35:56.333,1,,False,,False,True
0 days 01:51:54.243000,BOT,77,0 days 00:01:23.305000,27.0,3.0,,,0 days 00:00:19.667000,0 days 00:00:36.427000,0 days 00:00:27.211000,0 days 01:50:50.605000,0 days 01:51:27.032000,0 days 01:51:54.243000,282.0,206.0,266.0,287.0,False,WET,3.0,True,Mercedes,0 days 01:50:30.938000,2020-07-11 14:37:18.557,1,,False,,False,True
0 days 01:53:15.279000,BOT,77,0 days 00:01:21.036000,28.0,3.0,,,0 days 00:00:19.649000,0 days 00:00:36.026000,0 days 00:00:25.361000,0 days 01:52:13.892000,0 days 01:52:49.918000,0 days 01:53:15.279000,285.0,210.0,267.0,290.0,True,WET,4.0,True,Mercedes,0 days 01:51:54.243000,2020-07-11 14:38:41.862,1,,False,,False,True
0 days 01:54:40.968000,BOT,77,0 days 00:01:25.689000,29.0,3.0,,,0 days 00:00:19.840000,0 days 00:00:39.400000,0 days 00:00:26.449000,0 days 01:53:35.119000,0 days 01:54:14.519000,0 days 01:54:40.968000,268.0,199.0,265.0,217.0,False,WET,5.0,True,Mercedes,0 days 01:53:15.279000,2020-07-11 14:40:02.898,1,,False,,False,True
0 days 01:56:01.979000,BOT,77,0 days 00:01:21.011000,30.0,3.0,,,0 days 00:00:19.451000,0 days 00:00:35.910000,0 days 00:00:25.650000,0 days 01:55:00.419000,0 days 01:55:36.329000,0 days 01:56:01.979000,285.0,209.0,266.0,289.0,True,WET,6.0,True,Mercedes,0 days 01:54:40.968000,2020-07-11 14:41:28.587,1,,False,,False,True
0 days 01:57:32.021000,BOT,77,0 days 00:01:30.042000,31.0,3.0,,,0 days 00:00:22.382000,0 days 00:00:38.924000,0 days 00:00:28.736000,0 days 01:56:24.361000,0 days 01:57:03.285000,0 days 01:57:32.021000,253.0,197.0,266.0,244.0,False,WET,7.0,True,Mercedes,0 days 01:56:01.979000,2020-07-11 14:42:49.598,1,,False,,False,True
0 days 01:58:59.161000,BOT,77,0 days 00:01:27.140000,32.0,3.0,,,0 days 00:00:19.542000,0 days 00:00:38.030000,0 days 00:00:29.568000,0 days 01:57:51.563000,0 days 01:58:29.593000,0 days 01:58:59.161000,280.0,190.0,265.0,256.0,False,WET,8.0,True,Mercedes,0 days 01:57:32.021000,2020-07-11 14:44:19.640,1,,False,,False,True
0 days 02:00:19.862000,BOT,77,0 days 00:01:20.701000,33.0,3.0,,,0 days 00:00:19.566000,0 days 00:00:35.741000,0 days 00:00:25.394000,0 days 01:59:18.727000,0 days 01:59:54.468000,0 days 02:00:19.862000,284.0,214.0,260.0,292.0,True,WET,9.0,True,Mercedes,0 days 01:58:59.161000,2020-07-11 14:45:46.780,12,,False,,False,True
0 days 02:01:55.289000,BOT,77,,34.0,3.0,,0 days 02:01:55.289000,0 days 00:00:24.850000,0 days 00:00:41.885000,,0 days 02:00:44.774000,0 days 02:01:26.621000,,195.0,202.0,,204.0,False,WET,10.0,True,Mercedes,0 days 02:00:19.862000,2020-07-11 14:47:07.481,1,,False,,False,False
0 days 01:01:18.443000,OCO,31,,1.0,1.0,0 days 00:59:26.315000,,,0 days 00:00:49.209000,0 days 00:00:35.673000,,0 days 01:00:42.835000,0 days 01:01:18.692000,195.0,187.0,248.0,123.0,False,WET,1.0,True,Renault,0 days 00:59:26.315000,2020-07-11 13:46:13.934,1,,False,,False,False
0 days 01:02:44.883000,OCO,31,0 days 00:01:26.440000,2.0,1.0,,,0 days 00:00:20.656000,0 days 00:00:37.929000,0 days 00:00:27.855000,0 days 01:01:39.099000,0 days 01:02:17.028000,0 days 01:02:44.883000,282.0,204.0,253.0,266.0,True,WET,2.0,True,Renault,0 days 01:01:18.443000,2020-07-11 13:48:06.062,1,,False,,False,True
0 days 01:04:17.106000,OCO,31,0 days 00:01:32.223000,3.0,1.0,,,0 days 00:00:20.251000,0 days 00:00:42.586000,0 days 00:00:29.386000,0 days 01:03:05.134000,0 days 01:03:47.720000,0 days 01:04:17.106000,273.0,171.0,257.0,253.0,False,WET,3.0,True,Renault,0 days 01:02:44.883000,2020-07-11 13:49:32.502,1,,False,,False,True
0 days 01:05:39.379000,OCO,31,0 days 00:01:22.273000,4.0,1.0,,,0 days 00:00:19.916000,0 days 00:00:36.901000,0 days 00:00:25.456000,0 days 01:04:37.022000,0 days 01:05:13.923000,0 days 01:05:39.379000,288.0,208.0,259.0,288.0,True,WET,4.0,True,Renault,0 days 01:04:17.106000,2020-07-11 13:51:04.725,1,,False,,False,True
0 days 01:07:00.639000,OCO,31,0 days 00:01:21.260000,5.0,1.0,,,0 days 00:00:19.707000,0 days 00:00:36.128000,0 days 00:00:25.425000,0 days 01:05:59.086000,0 days 01:06:35.214000,0 days 01:07:00.639000,289.0,198.0,259.0,289.0,True,WET,5.0,True,Renault,0 days 01:05:39.379000,2020-07-11 13:52:26.998,12,,False,,False,True
0 days 01:08:27.141000,OCO,31,0 days 00:01:26.502000,6.0,1.0,,,0 days 00:00:21.058000,0 days 00:00:38.313000,0 days 00:00:27.131000,0 days 01:07:21.697000,0 days 01:08:00.010000,0 days 01:08:27.141000,262.0,202.0,260.0,246.0,False,WET,6.0,True,Renault,0 days 01:07:00.639000,2020-07-11 13:53:48.258,1,,False,,False,True
0 days 01:09:46.828000,OCO,31,0 days 00:01:19.687000,7.0,1.0,,,0 days 00:00:19.584000,0 days 00:00:35.333000,0 days 00:00:24.770000,0 days 01:08:46.725000,0 days 01:09:22.058000,0 days 01:09:46.828000,290.0,213.0,261.0,292.0,True,WET,7.0,True,Renault,0 days 01:08:27.141000,2020-07-11 13:55:14.760,1,,False,,False,True
0 days 01:11:09.528000,OCO,31,0 days 00:01:22.700000,8.0,1.0,,,0 days 00:00:19.431000,0 days 00:00:38.504000,0 days 00:00:24.765000,0 days 01:10:06.259000,0 days 01:10:44.763000,0 days 01:11:09.528000,290.0,212.0,262.0,279.0,False,WET,8.0,True,Renault,0 days 01:09:46.828000,2020-07-11 13:56:34.447,1,,False,,False,True
0 days 01:12:33.068000,OCO,31,0 days 00:01:23.540000,9.0,1.0,,0 days 01:12:29.725000,0 days 00:00:19.426000,0 days 00:00:35.251000,0 days 00:00:28.863000,0 days 01:11:28.954000,0 days 01:12:04.205000,0 days 01:12:33.068000,289.0,217.0,,289.0,False,WET,9.0,True,Renault,0 days 01:11:09.528000,2020-07-11 13:57:57.147,1,,False,,False,False
0 days 01:14:25.022000,OCO,31,0 days 00:01:51.954000,10.0,2.0,0 days 01:12:53.233000,,0 days 00:00:40.658000,0 days 00:00:41.813000,0 days 00:00:29.483000,0 days 01:13:13.726000,0 days 01:13:55.539000,0 days 01:14:25.022000,233.0,211.0,263.0,243.0,False,WET,1.0,True,Renault,0 days 01:12:33.068000,2020-07-11 13:59:20.687,1,,False,,False,False
0 days 01:15:46.785000,OCO,31,0 days 00:01:21.763000,11.0,2.0,,,0 days 00:00:20.343000,0 days 00:00:35.651000,0 days 00:00:25.769000,0 days 01:14:45.365000,0 days 01:15:21.016000,0 days 01:15:46.785000,291.0,218.0,260.0,292.0,False,WET,2.0,True,Renault,0 days 01:14:25.022000,2020-07-11 14:01:12.641,12,,False,,False,True
0 days 01:25:43.794000,OCO,31,,12.0,2.0,,0 days 01:18:59.890000,0 days 00:00:20.337000,0 days 00:00:35.201000,,0 days 01:16:07.132000,0 days 01:16:42.362000,,289.0,221.0,,291.0,False,WET,3.0,True,Renault,0 days 01:15:46.785000,2020-07-11 14:02:34.404,125,,False,,False,False
0 days 01:27:06.075000,OCO,31,,13.0,3.0,0 days 01:25:43.744000,,,0 days 00:00:37.070000,0 days 00:00:25.642000,,0 days 01:26:40.460000,0 days 01:27:06.106000,276.0,206.0,262.0,278.0,False,WET,1.0,True,Renault,0 days 01:25:43.744000,2020-07-11 14:12:31.363,1,,False,,False,False
0 days 01:28:43.209000,OCO,31,0 days 00:01:37.134000,14.0,3.0,,,0 days 00:00:19.668000,0 days 00:00:47.352000,0 days 00:00:30.114000,0 days 01:27:25.743000,0 days 01:28:13.095000,0 days 01:28:43.209000,293.0,191.0,260.0,114.0,True,WET,2.0,True,Renault,0 days 01:27:06.075000,2020-07-11 14:13:53.694,1,,False,,False,True
0 days 01:30:03.223000,OCO,31,0 days 00:01:20.014000,15.0,3.0,,,0 days 00:00:19.626000,0 days 00:00:35.809000,0 days 00:00:24.579000,0 days 01:29:02.835000,0 days 01:29:38.644000,0 days 01:30:03.223000,291.0,215.0,262.0,293.0,True,WET,3.0,True,Renault,0 days 01:28:43.209000,2020-07-11 14:15:30.828,1,,False,,False,True
0 days 01:31:22.510000,OCO,31,0 days 00:01:19.287000,16.0,3.0,,,0 days 00:00:19.322000,0 days 00:00:35.214000,0 days 00:00:24.751000,0 days 01:30:22.545000,0 days 01:30:57.759000,0 days 01:31:22.510000,287.0,216.0,262.0,287.0,True,WET,4.0,True,Renault,0 days 01:30:03.223000,2020-07-11 14:16:50.842,1,,False,,False,True
0 days 01:32:41.643000,OCO,31,0 days 00:01:19.133000,17.0,3.0,,,0 days 00:00:19.359000,0 days 00:00:35.305000,0 days 00:00:24.469000,0 days 01:31:41.869000,0 days 01:32:17.174000,0 days 01:32:41.643000,289.0,215.0,262.0,288.0,True,WET,5.0,True,Renault,0 days 01:31:22.510000,2020-07-11 14:18:10.129,1,,False,,False,True
0 days 01:34:00.407000,OCO,31,0 days 00:01:18.764000,18.0,3.0,,,0 days 00:00:19.415000,0 days 00:00:34.879000,0 days 00:00:24.470000,0 days 01:33:01.058000,0 days 01:33:35.937000,0 days 01:34:00.407000,288.0,217.0,261.0,287.0,True,WET,6.0,True,Renault,0 days 01:32:41.643000,2020-07-11 14:19:29.262,1,,False,,False,True
0 days 01:35:19.573000,OCO,31,0 days 00:01:19.166000,19.0,3.0,,,0 days 00:00:19.400000,0 days 00:00:34.988000,0 days 00:00:24.778000,0 days 01:34:19.807000,0 days 01:34:54.795000,0 days 01:35:19.573000,287.0,220.0,261.0,286.0,False,WET,7.0,True,Renault,0 days 01:34:00.407000,2020-07-11 14:20:48.026,1,,False,,False,True
0 days 01:36:42.218000,OCO,31,0 days 00:01:22.645000,20.0,3.0,,,0 days 00:00:19.357000,0 days 00:00:36.421000,0 days 00:00:26.867000,0 days 01:35:38.930000,0 days 01:36:15.351000,0 days 01:36:42.218000,287.0,198.0,264.0,288.0,False,WET,8.0,True,Renault,0 days 01:35:19.573000,2020-07-11 14:22:07.192,1,,False,,False,True
0 days 01:38:04.050000,OCO,31,0 days 00:01:21.832000,21.0,3.0,,,0 days 00:00:19.430000,0 days 00:00:36.277000,0 days 00:00:26.125000,0 days 01:37:01.648000,0 days 01:37:37.925000,0 days 01:38:04.050000,291.0,192.0,262.0,290.0,False,WET,9.0,True,Renault,0 days 01:36:42.218000,2020-07-11 14:23:29.837,1,,False,,False,True
0 days 01:39:23.647000,OCO,31,0 days 00:01:19.597000,22.0,3.0,,,0 days 00:00:19.410000,0 days 00:00:35.297000,0 days 00:00:24.890000,0 days 01:38:23.460000,0 days 01:38:58.757000,0 days 01:39:23.647000,292.0,218.0,261.0,291.0,False,WET,10.0,True,Renault,0 days 01:38:04.050000,2020-07-11 14:24:51.669,1,,False,,False,True
0 days 01:40:53.561000,OCO,31,0 days 00:01:29.914000,23.0,3.0,,0 days 01:40:50.156000,0 days 00:00:20.984000,0 days 00:00:37.428000,0 days 00:00:31.502000,0 days 01:39:44.631000,0 days 01:40:22.059000,0 days 01:40:53.561000,265.0,210.0,,266.0,False,WET,11.0,True,Renault,0 days 01:39:23.647000,2020-07-11 14:26:11.266,1,,False,,False,False
0 days 01:49:00.108000,OCO,31,,24.0,4.0,0 days 01:47:24.926000,,,0 days 00:00:38.583000,0 days 00:00:28.791000,,0 days 01:48:31.322000,0 days 01:49:00.113000,266.0,202.0,260.0,235.0,False,WET,4.0,False,Renault,0 days 01:40:53.561000,2020-07-11 14:27:41.180,1,,False,,False,False
0 days 01:50:22.919000,OCO,31,0 days 00:01:22.811000,25.0,4.0,,,0 days 00:00:20.492000,0 days 00:00:36.466000,0 days 00:00:25.853000,0 days 01:49:20.600000,0 days 01:49:57.066000,0 days 01:50:22.919000,281.0,214.0,259.0,284.0,True,WET,5.0,False,Renault,0 days 01:49:00.108000,2020-07-11 14:35:47.727,1,,False,,False,True
0 days 01:51:44.829000,OCO,31,0 days 00:01:21.910000,26.0,4.0,,,0 days 00:00:19.999000,0 days 00:00:36.191000,0 days 00:00:25.720000,0 days 01:50:42.918000,0 days 01:51:19.109000,0 days 01:51:44.829000,286.0,206.0,258.0,286.0,True,WET,6.0,False,Renault,0 days 01:50:22.919000,2020-07-11 14:37:10.538,1,,False,,False,True
0 days 01:53:06.435000,OCO,31,0 days 00:01:21.606000,27.0,4.0,,,0 days 00:00:19.702000,0 days 00:00:36.110000,0 days 00:00:25.794000,0 days 01:52:04.531000,0 days 01:52:40.641000,0 days 01:53:06.435000,285.0,211.0,259.0,287.0,True,WET,7.0,False,Renault,0 days 01:51:44.829000,2020-07-11 14:38:32.448,1,,False,,False,True
0 days 01:54:34.579000,OCO,31,0 days 00:01:28.144000,28.0,4.0,,,0 days 00:00:19.896000,0 days 00:00:36.852000,0 days 00:00:31.396000,0 days 01:53:26.331000,0 days 01:54:03.183000,0 days 01:54:34.579000,284.0,175.0,260.0,286.0,False,WET,8.0,False,Renault,0 days 01:53:06.435000,2020-07-11 14:39:54.054,1,,False,,False,True
0 days 01:55:58.583000,OCO,31,0 days 00:01:24.004000,29.0,4.0,,,0 days 00:00:19.864000,0 days 00:00:36.490000,0 days 00:00:27.650000,0 days 01:54:54.443000,0 days 01:55:30.933000,0 days 01:55:58.583000,284.0,197.0,261.0,286.0,False,WET,9.0,False,Renault,0 days 01:54:34.579000,2020-07-11 14:41:22.198,1,,False,,False,True
0 days 01:57:26.853000,OCO,31,0 days 00:01:28.270000,30.0,4.0,,,0 days 00:00:20.107000,0 days 00:00:38.529000,0 days 00:00:29.634000,0 days 01:56:18.690000,0 days 01:56:57.219000,0 days 01:57:26.853000,262.0,202.0,262.0,245.0,False,WET,10.0,False,Renault,0 days 01:55:58.583000,2020-07-11 14:42:46.202,1,,False,,False,True
0 days 01:58:47.775000,OCO,31,0 days 00:01:20.922000,31.0,4.0,,,0 days 00:00:19.502000,0 days 00:00:35.866000,0 days 00:00:25.554000,0 days 01:57:46.355000,0 days 01:58:22.221000,0 days 01:58:47.775000,285.0,208.0,263.0,289.0,True,WET,11.0,False,Renault,0 days 01:57:26.853000,2020-07-11 14:44:14.472,1,,False,,False,True
0 days 02:00:11.315000,OCO,31,0 days 00:01:23.540000,32.0,4.0,,,0 days 00:00:19.614000,0 days 00:00:35.902000,0 days 00:00:28.024000,0 days 01:59:07.389000,0 days 01:59:43.291000,0 days 02:00:11.315000,286.0,210.0,242.0,289.0,False,WET,12.0,False,Renault,0 days 01:58:47.775000,2020-07-11 14:45:35.394,12,,False,,False,True
0 days 02:01:50.598000,OCO,31,,33.0,4.0,,0 days 02:01:50.598000,0 days 00:00:25.526000,0 days 00:00:40.936000,,0 days 02:00:36.852000,0 days 02:01:17.800000,,188.0,179.0,,240.0,False,WET,13.0,False,Renault,0 days 02:00:11.315000,2020-07-11 14:46:58.934,1,,False,,False,False
0 days 01:01:20.200000,NOR,4,,1.0,1.0,0 days 00:59:30.600000,,,0 days 00:00:45.159000,0 days 00:00:33.815000,,0 days 01:00:46.539000,0 days 01:01:20.496000,212.0,172.0,242.0,214.0,False,WET,1.0,True,McLaren,0 days 00:59:30.600000,2020-07-11 13:46:18.219,1,,False,,False,False
0 days 01:02:54.954000,NOR,4,0 days 00:01:34.754000,2.0,1.0,,,0 days 00:00:22.638000,0 days 00:00:41.673000,0 days 00:00:30.443000,0 days 01:01:42.838000,0 days 01:02:24.511000,0 days 01:02:54.954000,232.0,169.0,257.0,223.0,True,WET,2.0,True,McLaren,0 days 01:01:20.200000,2020-07-11 13:48:07.819,1,,False,,False,True
0 days 01:04:20.602000,NOR,4,0 days 00:01:25.648000,3.0,1.0,,,0 days 00:00:19.988000,0 days 00:00:39.139000,0 days 00:00:26.521000,0 days 01:03:14.942000,0 days 01:03:54.081000,0 days 01:04:20.602000,284.0,193.0,258.0,270.0,True,WET,3.0,True,McLaren,0 days 01:02:54.954000,2020-07-11 13:49:42.573,1,,False,,False,True
0 days 01:05:47.924000,NOR,4,0 days 00:01:27.322000,4.0,1.0,,,0 days 00:00:19.977000,0 days 00:00:39.730000,0 days 00:00:27.615000,0 days 01:04:40.579000,0 days 01:05:20.309000,0 days 01:05:47.924000,288.0,179.0,260.0,258.0,False,WET,4.0,True,McLaren,0 days 01:04:20.602000,2020-07-11 13:51:08.221,1,,False,,False,True
0 days 01:07:09.469000,NOR,4,0 days 00:01:21.545000,5.0,1.0,,,0 days 00:00:20.086000,0 days 00:00:36.335000,0 days 00:00:25.124000,0 days 01:06:08.010000,0 days 01:06:44.345000,0 days 01:07:09.469000,285.0,210.0,262.0,290.0,True,WET,5.0,True,McLaren,0 days 01:05:47.924000,2020-07-11 13:52:35.543,12,,False,,False,True
0 days 01:08:33.415000,NOR,4,0 days 00:01:23.946000,6.0,1.0,,,0 days 00:00:20.550000,0 days 00:00:37.549000,0 days 00:00:25.847000,0 days 01:07:30.019000,0 days 01:08:07.568000,0 days 01:08:33.415000,264.0,203.0,264.0,269.0,False,WET,6.0,True,McLaren,0 days 01:07:09.469000,2020-07-11 13:53:57.088,1,,False,,False,True
0 days 01:09:55.970000,NOR,4,0 days 00:01:22.555000,7.0,1.0,,,0 days 00:00:19.886000,0 days 00:00:36.764000,0 days 00:00:25.905000,0 days 01:08:53.301000,0 days 01:09:30.065000,0 days 01:09:55.970000,285.0,210.0,263.0,291.0,False,WET,7.0,True,McLaren,0 days 01:08:33.415000,2020-07-11 13:55:21.034,1,,False,,False,True
0 days 01:11:15.098000,NOR,4,0 days 00:01:19.128000,8.0,1.0,,,0 days 00:00:19.296000,0 days 00:00:35.387000,0 days 00:00:24.445000,0 days 01:10:15.266000,0 days 01:10:50.653000,0 days 01:11:15.098000,289.0,214.0,265.0,291.0,True,WET,8.0,True,McLaren,0 days 01:09:55.970000,2020-07-11 13:56:43.589,1,,False,,False,True
0 days 01:12:39.267000,NOR,4,0 days 00:01:24.169000,9.0,1.0,,,0 days 00:00:19.599000,0 days 00:00:38.108000,0 days 00:00:26.462000,0 days 01:11:34.697000,0 days 01:12:12.805000,0 days 01:12:39.267000,269.0,203.0,264.0,251.0,False,WET,9.0,True,McLaren,0 days 01:11:15.098000,2020-07-11 13:58:02.717,1,,False,,False,True
0 days 01:13:57.771000,NOR,4,0 days 00:01:18.504000,10.0,1.0,,,0 days 00:00:19.380000,0 days 00:00:34.857000,0 days 00:00:24.267000,0 days 01:12:58.647000,0 days 01:13:33.504000,0 days 01:13:57.771000,289.0,218.0,265.0,289.0,True,WET,10.0,True,McLaren,0 days 01:12:39.267000,2020-07-11 13:59:26.886,1,,False,,False,True
0 days 01:15:20.035000,NOR,4,0 days 00:01:22.264000,11.0,1.0,,,0 days 00:00:19.163000,0 days 00:00:35.597000,0 days 00:00:27.504000,0 days 01:14:16.934000,0 days 01:14:52.531000,0 days 01:15:20.035000,291.0,197.0,264.0,292.0,False,WET,11.0,True,McLaren,0 days 01:13:57.771000,2020-07-11 14:00:45.390,1,,False,,False,True
0 days 01:16:48.571000,NOR,4,0 days 00:01:28.536000,12.0,1.0,,,0 days 00:00:21.208000,0 days 00:00:40.390000,0 days 00:00:26.938000,0 days 01:15:41.243000,0 days 01:16:21.633000,0 days 01:16:48.571000,268.0,200.0,264.0,229.0,False,WET,12.0,True,McLaren,0 days 01:15:20.035000,2020-07-11 14:02:07.654,12,,False,,False,True
0 days 01:24:40.278000,NOR,4,,13.0,1.0,,0 days 01:18:32.221000,,,,,,,,,,,False,WET,13.0,True,McLaren,0 days 01:16:48.571000,2020-07-11 14:03:36.190,251,,False,,False,False
0 days 01:26:25.955000,NOR,4,,14.0,2.0,0 days 01:24:40.163000,,,0 days 00:00:41.342000,0 days 00:00:34.348000,,0 days 01:25:51.607000,0 days 01:26:26.009000,258.0,174.0,256.0,260.0,False,WET,1.0,True,McLaren,0 days 01:24:40.163000,2020-07-11 14:11:27.782,1,,False,,False,False
0 days 01:27:48.978000,NOR,4,0 days 00:01:23.023000,15.0,2.0,,,0 days 00:00:19.711000,0 days 00:00:36.115000,0 days 00:00:27.197000,0 days 01:26:45.666000,0 days 01:27:21.781000,0 days 01:27:48.978000,286.0,207.0,262.0,289.0,True,WET,2.0,True,McLaren,0 days 01:26:25.955000,2020-07-11 14:13:13.574,1,,False,,False,True
0 days 01:29:08.242000,NOR,4,0 days 00:01:19.264000,16.0,2.0,,,0 days 00:00:19.493000,0 days 00:00:35.322000,0 days 00:00:24.449000,0 days 01:28:08.471000,0 days 01:28:43.793000,0 days 01:29:08.242000,286.0,214.0,263.0,289.0,True,WET,3.0,True,McLaren,0 days 01:27:48.978000,2020-07-11 14:14:36.597,1,,False,,False,True
0 days 01:30:27.799000,NOR,4,0 days 00:01:19.557000,17.0,2.0,,,0 days 00:00:19.300000,0 days 00:00:35.004000,0 days 00:00:25.253000,0 days 01:29:27.542000,0 days 01:30:02.546000,0 days 01:30:27.799000,287.0,218.0,261.0,290.0,False,WET,4.0,True,McLaren,0 days 01:29:08.242000,2020-07-11 14:15:55.861,1,,False,,False,True
0 days 01:31:49.540000,NOR,4,0 days 00:01:21.741000,18.0,2.0,,,0 days 00:00:20.120000,0 days 00:00:36.187000,0 days 00:00:25.434000,0 days 01:30:47.919000,0 days 01:31:24.106000,0 days 01:31:49.540000,263.0,208.0,263.0,269.0,False,WET,5.0,True,McLaren,0 days 01:30:27.799000,2020-07-11 14:17:15.418,1,,False,,False,True
0 days 01:33:07.988000,NOR,4,0 days 00:01:18.448000,19.0,2.0,,,0 days 00:00:19.309000,0 days 00:00:34.760000,0 days 00:00:24.379000,0 days 01:32:08.849000,0 days 01:32:43.609000,0 days 01:33:07.988000,290.0,216.0,265.0,291.0,True,WET,6.0,True,McLaren,0 days 01:31:49.540000,2020-07-11 14:18:37.159,1,,False,,False,True
0 days 01:34:32.365000,NOR,4,0 days 00:01:24.377000,20.0,2.0,,,0 days 00:00:19.804000,0 days 00:00:36.470000,0 days 00:00:28.103000,0 days 01:33:27.792000,0 days 01:34:04.262000,0 days 01:34:32.365000,266.0,200.0,262.0,267.0,False,WET,7.0,True,McLaren,0 days 01:33:07.988000,2020-07-11 14:19:55.607,1,,False,,False,True
0 days 01:35:54.002000,NOR,4,0 days 00:01:21.637000,21.0,2.0,,,0 days 00:00:19.214000,0 days 00:00:35.191000,0 days 00:00:27.232000,0 days 01:34:51.579000,0 days 01:35:26.770000,0 days 01:35:54.002000,288.0,210.0,263.0,289.0,False,WET,8.0,True,McLaren,0 days 01:34:32.365000,2020-07-11 14:21:19.984,1,,False,,False,True
0 days 01:37:14.175000,NOR,4,0 days 00:01:20.173000,22.0,2.0,,,0 days 00:00:19.215000,0 days 00:00:35.140000,0 days 00:00:25.818000,0 days 01:36:13.217000,0 days 01:36:48.357000,0 days 01:37:14.175000,290.0,210.0,247.0,291.0,False,WET,9.0,True,McLaren,0 days 01:35:54.002000,2020-07-11 14:22:41.621,1,,False,,False,True
0 days 01:38:50.154000,NOR,4,0 days 00:01:35.979000,23.0,2.0,,,0 days 00:00:21.327000,0 days 00:00:41.656000,0 days 00:00:32.996000,0 days 01:37:35.502000,0 days 01:38:17.158000,0 days 01:38:50.154000,268.0,198.0,262.0,222.0,False,WET,10.0,True,McLaren,0 days 01:37:14.175000,2020-07-11 14:24:01.794,1,,False,,False,True
0 days 01:40:18.004000,NOR,4,0 days 00:01:27.850000,24.0,2.0,,0 days 01:40:14.680000,0 days 00:00:20.030000,0 days 00:00:36.698000,0 days 00:00:31.122000,0 days 01:39:10.184000,0 days 01:39:46.882000,0 days 01:40:18.004000,288.0,198.0,,271.0,False,WET,11.0,True,McLaren,0 days 01:38:50.154000,2020-07-11 14:25:37.773,1,,False,,False,False
0 days 01:48:52.926000,NOR,4,,25.0,3.0,0 days 01:47:19.351000,,,0 days 00:00:40.585000,0 days 00:00:29.069000,,0 days 01:48:23.905000,0 days 01:48:52.967000,256.0,196.0,257.0,251.0,False,WET,1.0,True,McLaren,0 days 01:40:18.004000,2020-07-11 14:27:05.623,1,,False,,False,False
0 days 01:50:16.319000,NOR,4,0 days 00:01:23.393000,26.0,3.0,,,0 days 00:00:20.764000,0 days 00:00:36.581000,0 days 00:00:26.048000,0 days 01:49:13.690000,0 days 01:49:50.271000,0 days 01:50:16.319000,277.0,204.0,259.0,278.0,True,WET,2.0,True,McLaren,0 days 01:48:52.926000,2020-07-11 14:35:40.545,1,,False,,False,True
0 days 01:51:38.107000,NOR,4,0 days 00:01:21.788000,27.0,3.0,,,0 days 00:00:19.822000,0 days 00:00:36.303000,0 days 00:00:25.663000,0 days 01:50:36.141000,0 days 01:51:12.444000,0 days 01:51:38.107000,280.0,206.0,259.0,284.0,True,WET,3.0,True,McLaren,0 days 01:50:16.319000,2020-07-11 14:37:03.938,1,,False,,False,True
0 days 01:52:59.785000,NOR,4,0 days 00:01:21.678000,28.0,3.0,,,0 days 00:00:19.862000,0 days 00:00:35.862000,0 days 00:00:25.954000,0 days 01:51:57.969000,0 days 01:52:33.831000,0 days 01:52:59.785000,276.0,199.0,261.0,285.0,True,WET,4.0,True,McLaren,0 days 01:51:38.107000,2020-07-11 14:38:25.726,1,,False,,False,True
0 days 01:54:27.143000,NOR,4,0 days 00:01:27.358000,29.0,3.0,,,0 days 00:00:20.103000,0 days 00:00:38.836000,0 days 00:00:28.419000,0 days 01:53:19.888000,0 days 01:53:58.724000,0 days 01:54:27.143000,263.0,198.0,258.0,237.0,False,WET,5.0,True,McLaren,0 days 01:52:59.785000,2020-07-11 14:39:47.404,1,,True,TRACK LIMITS AT TURN 9,False,True
0 days 01:55:53.235000,NOR,4,0 days 00:01:26.092000,30.0,3.0,,,0 days 00:00:20.410000,0 days 00:00:36.962000,0 days 00:00:28.720000,0 days 01:54:47.553000,0 days 01:55:24.515000,0 days 01:55:53.235000,271.0,203.0,262.0,276.0,False,WET,6.0,True,McLaren,0 days 01:54:27.143000,2020-07-11 14:41:14.762,1,,False,,False,True
0 days 01:57:20.345000,NOR,4,0 days 00:01:27.110000,31.0,3.0,,,0 days 00:00:19.909000,0 days 00:00:38.742000,0 days 00:00:28.459000,0 days 01:56:13.144000,0 days 01:56:51.886000,0 days 01:57:20.345000,270.0,203.0,262.0,264.0,False,WET,7.0,True,McLaren,0 days 01:55:53.235000,2020-07-11 14:42:40.854,1,,False,,False,True
0 days 01:58:44.490000,NOR,4,0 days 00:01:24.145000,32.0,3.0,,,0 days 00:00:19.741000,0 days 00:00:37.451000,0 days 00:00:26.953000,0 days 01:57:40.086000,0 days 01:58:17.537000,0 days 01:58:44.490000,281.0,202.0,262.0,286.0,False,WET,8.0,True,McLaren,0 days 01:57:20.345000,2020-07-11 14:44:07.964,1,,False,,False,True
0 days 02:00:05.415000,NOR,4,0 days 00:01:20.925000,33.0,3.0,,,0 days 00:00:19.597000,0 days 00:00:35.979000,0 days 00:00:25.349000,0 days 01:59:04.087000,0 days 01:59:40.066000,0 days 02:00:05.415000,283.0,207.0,263.0,287.0,True,WET,9.0,True,McLaren,0 days 01:58:44.490000,2020-07-11 14:45:32.109,12,,False,,False,True
0 days 02:01:42.592000,NOR,4,,34.0,3.0,,0 days 02:01:42.592000,0 days 00:00:22.571000,0 days 00:00:42.652000,,0 days 02:00:28.079000,0 days 02:01:10.675000,,205.0,169.0,,184.0,False,WET,10.0,True,McLaren,0 days 02:00:05.415000,2020-07-11 14:46:53.034,1,,False,,False,False
0 days 01:01:45.535000,ALB,23,,1.0,1.0,0 days 00:59:56.606000,,,0 days 00:00:44.694000,0 days 00:00:40.441000,,0 days 01:01:05.306000,0 days 01:01:45.824000,230.0,172.0,252.0,182.0,False,WET,1.0,True,Red Bull Racing,0 days 00:59:56.606000,2020-07-11 13:46:44.225,1,,False,,False,False
0 days 01:03:11.068000,ALB,23,0 days 00:01:25.533000,2.0,1.0,,,0 days 00:00:19.984000,0 days 00:00:38.566000,0 days 00:00:26.983000,0 days 01:02:05.519000,0 days 01:02:44.085000,0 days 01:03:11.068000,286.0,194.0,259.0,284.0,True,WET,2.0,True,Red Bull Racing,0 days 01:01:45.535000,2020-07-11 13:48:33.154,1,,False,,False,True
0 days 01:04:38.187000,ALB,23,0 days 00:01:27.119000,3.0,1.0,,,0 days 00:00:19.684000,0 days 00:00:39.116000,0 days 00:00:28.319000,0 days 01:03:30.752000,0 days 01:04:09.868000,0 days 01:04:38.187000,291.0,189.0,257.0,255.0,False,WET,3.0,True,Red Bull Racing,0 days 01:03:11.068000,2020-07-11 13:49:58.687,1,,False,,False,True
0 days 01:06:01.050000,ALB,23,0 days 00:01:22.863000,4.0,1.0,,,0 days 00:00:19.569000,0 days 00:00:37.656000,0 days 00:00:25.638000,0 days 01:04:57.756000,0 days 01:05:35.412000,0 days 01:06:01.050000,291.0,205.0,263.0,260.0,True,WET,4.0,True,Red Bull Racing,0 days 01:04:38.187000,2020-07-11 13:51:25.806,1,,False,,False,True
0 days 01:07:27.528000,ALB,23,0 days 00:01:26.478000,5.0,1.0,,,0 days 00:00:19.694000,0 days 00:00:41.417000,0 days 00:00:25.367000,0 days 01:06:20.744000,0 days 01:07:02.161000,0 days 01:07:27.528000,291.0,208.0,261.0,267.0,False,WET,5.0,True,Red Bull Racing,0 days 01:06:01.050000,2020-07-11 13:52:48.669,12,,False,,False,True
0 days 01:08:48.410000,ALB,23,0 days 00:01:20.882000,6.0,1.0,,,0 days 00:00:19.589000,0 days 00:00:36.370000,0 days 00:00:24.923000,0 days 01:07:47.117000,0 days 01:08:23.487000,0 days 01:08:48.410000,289.0,214.0,265.0,293.0,True,WET,6.0,True,Red Bull Racing,0 days 01:07:27.528000,2020-07-11 13:54:15.147,1,,False,,False,True
0 days 01:10:12.597000,ALB,23,0 days 00:01:24.187000,7.0,1.0,,,0 days 00:00:19.570000,0 days 00:00:38.977000,0 days 00:00:25.640000,0 days 01:09:07.980000,0 days 01:09:46.957000,0 days 01:10:12.597000,292.0,189.0,263.0,252.0,False,WET,7.0,True,Red Bull Racing,0 days 01:08:48.410000,2020-07-11 13:55:36.029,1,,False,,False,True
0 days 01:11:35.002000,ALB,23,0 days 00:01:22.405000,8.0,1.0,,,0 days 00:00:19.731000,0 days 00:00:36.343000,0 days 00:00:26.331000,0 days 01:10:32.328000,0 days 01:11:08.671000,0 days 01:11:35.002000,292.0,201.0,262.0,293.0,False,WET,8.0,True,Red Bull Racing,0 days 01:10:12.597000,2020-07-11 13:57:00.216,1,,False,,False,True
0 days 01:12:56.053000,ALB,23,0 days 00:01:21.051000,9.0,1.0,,,0 days 00:00:19.497000,0 days 00:00:35.706000,0 days 00:00:25.848000,0 days 01:11:54.499000,0 days 01:12:30.205000,0 days 01:12:56.053000,292.0,212.0,260.0,293.0,False,WET,9.0,True,Red Bull Racing,0 days 01:11:35.002000,2020-07-11 13:58:22.621,1,,False,,False,True
0 days 01:14:20.986000,ALB,23,0 days 00:01:24.933000,10.0,1.0,,,0 days 00:00:19.385000,0 days 00:00:39.386000,0 days 00:00:26.162000,0 days 01:13:15.438000,0 days 01:13:54.824000,0 days 01:14:20.986000,293.0,199.0,265.0,246.0,False,WET,10.0,True,Red Bull Racing,0 days 01:12:56.053000,2020-07-11 13:59:43.672,1,,False,,False,True
0 days 01:15:43.659000,ALB,23,0 days 00:01:22.673000,11.0,1.0,,,0 days 00:00:19.480000,0 days 00:00:35.584000,0 days 00:00:27.609000,0 days 01:14:40.466000,0 days 01:15:16.050000,0 days 01:15:43.659000,294.0,216.0,263.0,294.0,False,WET,11.0,True,Red Bull Racing,0 days 01:14:20.986000,2020-07-11 14:01:08.605,12,,False,,False,True
0 days 01:24:44.857000,ALB,23,,12.0,1.0,,0 days 01:18:57.997000,0 days 00:00:19.203000,0 days 00:00:35.397000,,0 days 01:16:02.917000,0 days 01:16:38.352000,,295.0,215.0,,295.0,False,WET,12.0,True,Red Bull Racing,0 days 01:15:43.659000,2020-07-11 14:02:31.278,125,,False,,False,False
0 days 01:26:43.322000,ALB,23,,13.0,2.0,0 days 01:24:44.748000,,,0 days 00:00:42.085000,0 days 00:00:45.003000,,0 days 01:25:58.438000,0 days 01:26:43.402000,232.0,183.0,251.0,226.0,False,WET,1.0,True,Red Bull Racing,0 days 01:24:44.748000,2020-07-11 14:11:32.367,1,,False,,False,False
0 days 01:28:03.955000,ALB,23,0 days 00:01:20.633000,14.0,2.0,,,0 days 00:00:19.726000,0 days 00:00:35.898000,0 days 00:00:25.009000,0 days 01:27:03.048000,0 days 01:27:38.946000,0 days 01:28:03.955000,288.0,212.0,262.0,291.0,True,WET,2.0,True,Red Bull Racing,0 days 01:26:43.322000,2020-07-11 14:13:30.941,1,,False,,False,True
0 days 01:29:23.631000,ALB,23,0 days 00:01:19.676000,15.0,2.0,,,0 days 00:00:19.385000,0 days 00:00:35.752000,0 days 00:00:24.539000,0 days 01:28:23.340000,0 days 01:28:59.092000,0 days 01:29:23.631000,289.0,206.0,261.0,291.0,True,WET,3.0,True,Red Bull Racing,0 days 01:28:03.955000,2020-07-11 14:14:51.574,1,,False,,False,True
0 days 01:30:43.126000,ALB,23,0 days 00:01:19.495000,16.0,2.0,,,0 days 00:00:19.132000,0 days 00:00:35.402000,0 days 00:00:24.961000,0 days 01:29:42.763000,0 days 01:30:18.165000,0 days 01:30:43.126000,290.0,207.0,262.0,291.0,True,WET,4.0,True,Red Bull Racing,0 days 01:29:23.631000,2020-07-11 14:16:11.250,1,,False,,False,True
0 days 01:32:03.250000,ALB,23,0 days 00:01:20.124000,17.0,2.0,,,0 days 00:00:19.163000,0 days 00:00:35.432000,0 days 00:00:25.529000,0 days 01:31:02.289000,0 days 01:31:37.721000,0 days 01:32:03.250000,293.0,208.0,257.0,295.0,False,WET,5.0,True,Red Bull Racing,0 days 01:30:43.126000,2020-07-11 14:17:30.745,1,,True,TRACK LIMITS AT TURN 9,False,True
0 days 01:33:37.442000,ALB,23,0 days 00:01:34.192000,18.0,2.0,,,0 days 00:00:21.286000,0 days 00:00:43.395000,0 days 00:00:29.511000,0 days 01:32:24.536000,0 days 01:33:07.931000,0 days 01:33:37.442000,256.0,176.0,264.0,252.0,False,WET,6.0,True,Red Bull Racing,0 days 01:32:03.250000,2020-07-11 14:18:50.869,1,,False,,False,True
0 days 01:34:57.040000,ALB,23,0 days 00:01:19.598000,19.0,2.0,,,0 days 00:00:19.153000,0 days 00:00:35.210000,0 days 00:00:25.235000,0 days 01:33:56.595000,0 days 01:34:31.805000,0 days 01:34:57.040000,293.0,215.0,257.0,291.0,False,WET,7.0,True,Red Bull Racing,0 days 01:33:37.442000,2020-07-11 14:20:25.061,1,,False,,False,True
0 days 01:36:28.956000,ALB,23,0 days 00:01:31.916000,20.0,2.0,,,0 days 00:00:19.320000,0 days 00:00:37.234000,0 days 00:00:35.362000,0 days 01:35:16.360000,0 days 01:35:53.594000,0 days 01:36:28.956000,293.0,199.0,260.0,291.0,False,WET,8.0,True,Red Bull Racing,0 days 01:34:57.040000,2020-07-11 14:21:44.659,1,,False,,False,True
0 days 01:37:47.970000,ALB,23,0 days 00:01:19.014000,21.0,2.0,,,0 days 00:00:19.210000,0 days 00:00:35.054000,0 days 00:00:24.750000,0 days 01:36:48.166000,0 days 01:37:23.220000,0 days 01:37:47.970000,291.0,214.0,263.0,293.0,True,WET,9.0,True,Red Bull Racing,0 days 01:36:28.956000,2020-07-11 14:23:16.575,1,,False,,False,True
0 days 01:39:13.514000,ALB,23,0 days 00:01:25.544000,22.0,2.0,,,0 days 00:00:19.601000,0 days 00:00:39.916000,0 days 00:00:26.027000,0 days 01:38:07.571000,0 days 01:38:47.487000,0 days 01:39:13.514000,275.0,192.0,264.0,229.0,False,WET,10.0,True,Red Bull Racing,0 days 01:37:47.970000,2020-07-11 14:24:35.589,1,,False,,False,True
0 days 01:40:47.004000,ALB,23,0 days 00:01:33.490000,23.0,2.0,,0 days 01:40:43.538000,0 days 00:00:19.791000,0 days 00:00:41.071000,0 days 00:00:32.628000,0 days 01:39:33.305000,0 days 01:40:14.376000,0 days 01:40:47.004000,286.0,177.0,,210.0,False,WET,11.0,True,Red Bull Racing,0 days 01:39:13.514000,2020-07-11 14:26:01.133,1,,False,,False,False
0 days 01:49:36.961000,ALB,23,,24.0,3.0,0 days 01:48:09.734000,,,0 days 00:00:40.316000,0 days 00:00:26.996000,,0 days 01:49:09.969000,0 days 01:49:37.025000,254.0,197.0,261.0,246.0,False,WET,1.0,True,Red Bull Racing,0 days 01:40:47.004000,2020-07-11 14:27:34.623,1,,False,,False,False
0 days 01:51:00.269000,ALB,23,0 days 00:01:23.308000,25.0,3.0,,,0 days 00:00:20.054000,0 days 00:00:37.591000,0 days 00:00:25.663000,0 days 01:49:57.015000,0 days 01:50:34.606000,0 days 01:51:00.269000,285.0,207.0,261.0,285.0,True,WET,2.0,True,Red Bull Racing,0 days 01:49:36.961000,2020-07-11 14:36:24.580,1,,False,,False,True
0 days 01:52:29.035000,ALB,23,0 days 00:01:28.766000,26.0,3.0,,,0 days 00:00:19.698000,,,0 days 01:51:19.967000,,,285.0,207.0,259.0,288.0,False,WET,3.0,True,Red Bull Racing,0 days 01:51:00.269000,2020-07-11 14:37:47.888,1,,False,,False,False
0 days 01:53:51.088000,ALB,23,0 days 00:01:22.053000,27.0,3.0,,,0 days 00:00:19.739000,0 days 00:00:36.350000,0 days 00:00:25.964000,0 days 01:52:48.774000,0 days 01:53:25.124000,0 days 01:53:51.088000,284.0,210.0,260.0,288.0,True,WET,4.0,True,Red Bull Racing,0 days 01:52:29.035000,2020-07-11 14:39:16.654,1,,False,,False,True
0 days 01:55:12.339000,ALB,23,0 days 00:01:21.251000,28.0,3.0,,,0 days 00:00:19.700000,0 days 00:00:35.979000,0 days 00:00:25.572000,0 days 01:54:10.788000,0 days 01:54:46.767000,0 days 01:55:12.339000,282.0,213.0,262.0,285.0,True,WET,5.0,True,Red Bull Racing,0 days 01:53:51.088000,2020-07-11 14:40:38.707,1,,False,,False,True
0 days 01:56:38.800000,ALB,23,0 days 00:01:26.461000,29.0,3.0,,,0 days 00:00:20.999000,0 days 00:00:38.690000,0 days 00:00:26.772000,0 days 01:55:33.338000,0 days 01:56:12.028000,0 days 01:56:38.800000,252.0,190.0,263.0,251.0,False,WET,6.0,True,Red Bull Racing,0 days 01:55:12.339000,2020-07-11 14:41:59.958,1,,False,,False,True
0 days 01:57:59.811000,ALB,23,0 days 00:01:21.011000,30.0,3.0,,,0 days 00:00:19.648000,0 days 00:00:35.635000,0 days 00:00:25.728000,0 days 01:56:58.448000,0 days 01:57:34.083000,0 days 01:57:59.811000,283.0,212.0,257.0,288.0,True,WET,7.0,True,Red Bull Racing,0 days 01:56:38.800000,2020-07-11 14:43:26.419,1,,False,,False,True
0 days 02:00:03.024000,ALB,23,,31.0,3.0,,0 days 02:00:03.024000,0 days 00:00:19.525000,0 days 00:01:09.906000,,0 days 01:58:19.372000,0 days 01:59:29.372000,,283.0,45.0,,286.0,False,WET,8.0,True,Red Bull Racing,0 days 01:57:59.811000,2020-07-11 14:44:47.430,12,,False,,False,False
0 days 01:01:16.544000,GAS,10,,1.0,1.0,0 days 00:59:24.100000,,,0 days 00:00:46.573000,0 days 00:00:39.119000,,0 days 01:00:37.425000,0 days 01:01:16.839000,207.0,179.0,249.0,159.0,False,WET,1.0,True,AlphaTauri,0 days 00:59:24.100000,2020-07-11 13:46:11.719,1,,False,,False,False
0 days 01:02:44.234000,GAS,10,0 days 00:01:27.690000,2.0,1.0,,,0 days 00:00:20.612000,0 days 00:00:39.187000,0 days 00:00:27.891000,0 days 01:01:37.156000,0 days 01:02:16.343000,0 days 01:02:44.234000,261.0,202.0,255.0,257.0,True,WET,2.0,True,AlphaTauri,0 days 01:01:16.544000,2020-07-11 13:48:04.163,1,,False,,False,True
0 days 01:04:09.387000,GAS,10,0 days 00:01:25.153000,3.0,1.0,,,0 days 00:00:20.224000,0 days 00:00:38.061000,0 days 00:00:26.868000,0 days 01:03:04.458000,0 days 01:03:42.519000,0 days 01:04:09.387000,279.0,200.0,256.0,279.0,True,WET,3.0,True,AlphaTauri,0 days 01:02:44.234000,2020-07-11 13:49:31.853,1,,False,,False,True
0 days 01:05:32.954000,GAS,10,0 days 00:01:23.567000,4.0,1.0,,,0 days 00:00:19.905000,0 days 00:00:37.399000,0 days 00:00:26.263000,0 days 01:04:29.292000,0 days 01:05:06.691000,0 days 01:05:32.954000,283.0,209.0,258.0,286.0,True,WET,4.0,True,AlphaTauri,0 days 01:04:09.387000,2020-07-11 13:50:57.006,1,,False,,False,True
0 days 01:06:55.410000,GAS,10,0 days 00:01:22.456000,5.0,1.0,,,0 days 00:00:19.762000,0 days 00:00:36.612000,0 days 00:00:26.082000,0 days 01:05:52.716000,0 days 01:06:29.328000,0 days 01:06:55.410000,284.0,213.0,259.0,287.0,True,WET,5.0,True,AlphaTauri,0 days 01:05:32.954000,2020-07-11 13:52:20.573,12,,False,,False,True
0 days 01:08:32.659000,GAS,10,0 days 00:01:37.249000,6.0,1.0,,,0 days 00:00:19.852000,0 days 00:00:46.897000,0 days 00:00:30.500000,0 days 01:07:15.262000,0 days 01:08:02.159000,0 days 01:08:32.659000,269.0,183.0,262.0,157.0,False,WET,6.0,True,AlphaTauri,0 days 01:06:55.410000,2020-07-11 13:53:43.029,1,,False,,False,True
0 days 01:10:06.841000,GAS,10,0 days 00:01:34.182000,7.0,1.0,,,0 days 00:00:20.359000,0 days 00:00:43.333000,0 days 00:00:30.490000,0 days 01:08:53.018000,0 days 01:09:36.351000,0 days 01:10:06.841000,283.0,171.0,262.0,234.0,False,WET,7.0,True,AlphaTauri,0 days 01:08:32.659000,2020-07-11 13:55:20.278,1,,False,,False,True
0 days 01:11:36.872000,GAS,10,0 days 00:01:30.031000,8.0,1.0,,0 days 01:11:33.583000,0 days 00:00:19.597000,0 days 00:00:37.706000,0 days 00:00:32.728000,0 days 01:10:26.438000,0 days 01:11:04.144000,0 days 01:11:36.872000,289.0,187.0,,286.0,False,WET,8.0,True,AlphaTauri,0 days 01:10:06.841000,2020-07-11 13:56:54.460,1,,False,,False,False
0 days 01:13:42.822000,GAS,10,0 days 00:02:05.950000,9.0,2.0,0 days 01:12:09.272000,,0 days 00:00:52.127000,0 days 00:00:45.197000,0 days 00:00:28.626000,0 days 01:12:28.999000,0 days 01:13:14.196000,0 days 01:13:42.822000,243.0,186.0,262.0,256.0,False,WET,1.0,True,AlphaTauri,0 days 01:11:36.872000,2020-07-11 13:58:24.491,1,,False,,False,False
0 days 01:15:04.124000,GAS,10,0 days 00:01:21.302000,10.0,2.0,,,0 days 00:00:19.611000,0 days 00:00:36.533000,0 days 00:00:25.158000,0 days 01:14:02.433000,0 days 01:14:38.966000,0 days 01:15:04.124000,287.0,216.0,262.0,289.0,True,WET,2.0,True,AlphaTauri,0 days 01:13:42.822000,2020-07-11 14:00:30.441,1,,False,,False,True
0 days 01:16:24.316000,GAS,10,0 days 00:01:20.192000,11.0,2.0,,,0 days 00:00:19.472000,0 days 00:00:35.654000,0 days 00:00:25.066000,0 days 01:15:23.596000,0 days 01:15:59.250000,0 days 01:16:24.316000,287.0,217.0,263.0,290.0,True,WET,3.0,True,AlphaTauri,0 days 01:15:04.124000,2020-07-11 14:01:51.743,12,,False,,False,True
0 days 01:24:37.691000,GAS,10,,12.0,2.0,,0 days 01:18:04.831000,0 days 00:00:19.450000,,,0 days 01:16:43.829000,,,283.0,,,290.0,False,WET,4.0,True,AlphaTauri,0 days 01:16:24.316000,2020-07-11 14:03:11.935,125,,False,,False,False
0 days 01:26:21.458000,GAS,10,,13.0,3.0,0 days 01:24:37.691000,,,0 days 00:00:41.038000,0 days 00:00:31.852000,,0 days 01:25:49.606000,0 days 01:26:21.523000,257.0,191.0,260.0,248.0,False,WET,1.0,True,AlphaTauri,0 days 01:24:37.691000,2020-07-11 14:11:25.310,1,,False,,False,False
0 days 01:27:42.207000,GAS,10,0 days 00:01:20.749000,14.0,3.0,,,0 days 00:00:19.748000,0 days 00:00:35.987000,0 days 00:00:25.014000,0 days 01:26:41.206000,0 days 01:27:17.193000,0 days 01:27:42.207000,286.0,207.0,261.0,291.0,True,WET,2.0,True,AlphaTauri,0 days 01:26:21.458000,2020-07-11 14:13:09.077,1,,False,,False,True
0 days 01:29:02.114000,GAS,10,0 days 00:01:19.907000,15.0,3.0,,,0 days 00:00:19.403000,0 days 00:00:35.634000,0 days 00:00:24.870000,0 days 01:28:01.610000,0 days 01:28:37.244000,0 days 01:29:02.114000,287.0,218.0,264.0,290.0,True,WET,3.0,True,AlphaTauri,0 days 01:27:42.207000,2020-07-11 14:14:29.826,1,,False,,False,True
0 days 01:30:32.175000,GAS,10,0 days 00:01:30.061000,16.0,3.0,,,0 days 00:00:20.855000,0 days 00:00:38.198000,0 days 00:00:31.008000,0 days 01:29:22.969000,0 days 01:30:01.167000,0 days 01:30:32.175000,258.0,209.0,263.0,262.0,False,WET,4.0,True,AlphaTauri,0 days 01:29:02.114000,2020-07-11 14:15:49.733,1,,False,,False,True
0 days 01:31:51.681000,GAS,10,0 days 00:01:19.506000,17.0,3.0,,,0 days 00:00:19.360000,0 days 00:00:35.259000,0 days 00:00:24.887000,0 days 01:30:51.535000,0 days 01:31:26.794000,0 days 01:31:51.681000,288.0,221.0,259.0,292.0,True,WET,5.0,True,AlphaTauri,0 days 01:30:32.175000,2020-07-11 14:17:19.794,1,,False,,False,True
0 days 01:33:10.890000,GAS,10,0 days 00:01:19.209000,18.0,3.0,,,0 days 00:00:19.257000,0 days 00:00:35.373000,0 days 00:00:24.579000,0 days 01:32:10.938000,0 days 01:32:46.311000,0 days 01:33:10.890000,291.0,214.0,264.0,291.0,True,WET,6.0,True,AlphaTauri,0 days 01:31:51.681000,2020-07-11 14:18:39.300,1,,False,,False,True
0 days 01:34:40.509000,GAS,10,0 days 00:01:29.619000,19.0,3.0,,,0 days 00:00:19.244000,0 days 00:00:40.313000,0 days 00:00:30.062000,0 days 01:33:30.134000,0 days 01:34:10.447000,0 days 01:34:40.509000,293.0,173.0,263.0,257.0,False,WET,7.0,True,AlphaTauri,0 days 01:33:10.890000,2020-07-11 14:19:58.509,1,,False,,False,True
0 days 01:35:59.757000,GAS,10,0 days 00:01:19.248000,20.0,3.0,,,0 days 00:00:19.320000,0 days 00:00:35.358000,0 days 00:00:24.570000,0 days 01:34:59.829000,0 days 01:35:35.187000,0 days 01:35:59.757000,289.0,216.0,264.0,290.0,False,WET,8.0,True,AlphaTauri,0 days 01:34:40.509000,2020-07-11 14:21:28.128,1,,False,,False,True
0 days 01:37:24.652000,GAS,10,0 days 00:01:24.895000,21.0,3.0,,,0 days 00:00:20.972000,0 days 00:00:38.463000,0 days 00:00:25.460000,0 days 01:36:20.729000,0 days 01:36:59.192000,0 days 01:37:24.652000,253.0,209.0,264.0,260.0,False,WET,9.0,True,AlphaTauri,0 days 01:35:59.757000,2020-07-11 14:22:47.376,1,,False,,False,True
0 days 01:38:47.207000,GAS,10,0 days 00:01:22.555000,22.0,3.0,,,0 days 00:00:19.261000,0 days 00:00:35.523000,0 days 00:00:27.771000,0 days 01:37:43.913000,0 days 01:38:19.436000,0 days 01:38:47.207000,288.0,209.0,263.0,289.0,False,WET,10.0,True,AlphaTauri,0 days 01:37:24.652000,2020-07-11 14:24:12.271,1,,False,,False,True
0 days 01:40:05.951000,GAS,10,0 days 00:01:18.744000,23.0,3.0,,,0 days 00:00:19.269000,0 days 00:00:35.017000,0 days 00:00:24.458000,0 days 01:39:06.476000,0 days 01:39:41.493000,0 days 01:40:05.951000,287.0,204.0,264.0,289.0,True,WET,11.0,True,AlphaTauri,0 days 01:38:47.207000,2020-07-11 14:25:34.826,1,,False,,False,True
0 days 01:42:05.089000,GAS,10,0 days 00:01:59.138000,24.0,3.0,,0 days 01:42:01.705000,0 days 00:00:21.711000,0 days 00:00:44.318000,0 days 00:00:53.109000,0 days 01:40:27.662000,0 days 01:41:11.980000,0 days 01:42:05.089000,222.0,114.0,,250.0,False,WET,12.0,True,AlphaTauri,0 days 01:40:05.951000,2020-07-11 14:26:53.570,1,,False,,False,False
0 days 01:49:22.533000,GAS,10,,25.0,4.0,0 days 01:47:23.255000,,,0 days 00:00:48.840000,0 days 00:00:34.553000,,0 days 01:48:47.980000,0 days 01:49:22.591000,114.0,182.0,259.0,195.0,False,WET,5.0,False,AlphaTauri,0 days 01:42:05.089000,2020-07-11 14:28:52.708,1,,False,,False,False
0 days 01:50:46.096000,GAS,10,0 days 00:01:23.563000,26.0,4.0,,,0 days 00:00:20.134000,0 days 00:00:37.532000,0 days 00:00:25.897000,0 days 01:49:42.667000,0 days 01:50:20.199000,0 days 01:50:46.096000,269.0,203.0,259.0,265.0,True,WET,6.0,False,AlphaTauri,0 days 01:49:22.533000,2020-07-11 14:36:10.152,1,,False,,False,True
0 days 01:52:07.775000,GAS,10,0 days 00:01:21.679000,27.0,4.0,,,0 days 00:00:19.750000,0 days 00:00:36.492000,0 days 00:00:25.437000,0 days 01:51:05.846000,0 days 01:51:42.338000,0 days 01:52:07.775000,278.0,204.0,260.0,282.0,True,WET,7.0,False,AlphaTauri,0 days 01:50:46.096000,2020-07-11 14:37:33.715,1,,False,,False,True
0 days 01:54:09.364000,GAS,10,0 days 00:02:01.589000,28.0,4.0,,,0 days 00:00:19.639000,0 days 00:01:02.240000,0 days 00:00:39.710000,0 days 01:52:27.414000,0 days 01:53:29.654000,0 days 01:54:09.364000,281.0,177.0,256.0,285.0,False,WET,8.0,False,AlphaTauri,0 days 01:52:07.775000,2020-07-11 14:38:55.394,1,,False,,False,True
0 days 01:55:37.085000,GAS,10,0 days 00:01:27.721000,29.0,4.0,,,0 days 00:00:21.269000,0 days 00:00:39.013000,0 days 00:00:27.439000,0 days 01:54:30.633000,0 days 01:55:09.646000,0 days 01:55:37.085000,239.0,198.0,261.0,255.0,False,WET,9.0,False,AlphaTauri,0 days 01:54:09.364000,2020-07-11 14:40:56.983,1,,False,,False,True
0 days 01:56:58.114000,GAS,10,0 days 00:01:21.029000,30.0,4.0,,,0 days 00:00:19.518000,0 days 00:00:35.929000,0 days 00:00:25.582000,0 days 01:55:56.603000,0 days 01:56:32.532000,0 days 01:56:58.114000,282.0,211.0,262.0,285.0,True,WET,10.0,False,AlphaTauri,0 days 01:55:37.085000,2020-07-11 14:42:24.704,1,,False,,False,True
0 days 01:58:20.005000,GAS,10,0 days 00:01:21.891000,31.0,4.0,,,0 days 00:00:19.405000,0 days 00:00:35.955000,0 days 00:00:26.531000,0 days 01:57:17.519000,0 days 01:57:53.474000,0 days 01:58:20.005000,281.0,203.0,261.0,286.0,False,WET,11.0,False,AlphaTauri,0 days 01:56:58.114000,2020-07-11 14:43:45.733,1,,False,,False,True
0 days 01:59:41.033000,GAS,10,0 days 00:01:21.028000,32.0,4.0,,,0 days 00:00:19.488000,0 days 00:00:35.786000,0 days 00:00:25.754000,0 days 01:58:39.493000,0 days 01:59:15.279000,0 days 01:59:41.033000,281.0,213.0,260.0,287.0,True,WET,12.0,False,AlphaTauri,0 days 01:58:20.005000,2020-07-11 14:45:07.624,12,,False,,False,True
0 days 02:01:34.181000,GAS,10,,33.0,4.0,,0 days 02:01:34.181000,0 days 00:00:28.700000,0 days 00:00:46.980000,,0 days 02:00:09.773000,0 days 02:00:56.825000,,227.0,153.0,,176.0,False,WET,13.0,False,AlphaTauri,0 days 01:59:41.033000,2020-07-11 14:46:28.652,12,,False,,False,False
0 days 01:01:21.964000,RIC,3,,1.0,1.0,0 days 00:59:32.604000,,,0 days 00:00:44.815000,0 days 00:00:34.780000,,0 days 01:00:47.322000,0 days 01:01:22.245000,207.0,173.0,232.0,188.0,False,WET,1.0,True,Renault,0 days 00:59:32.604000,2020-07-11 13:46:20.223,1,,False,,False,False
0 days 01:02:58.073000,RIC,3,0 days 00:01:36.109000,2.0,1.0,,,0 days 00:00:21.603000,0 days 00:00:42.179000,0 days 00:00:32.327000,0 days 01:01:43.567000,0 days 01:02:25.746000,0 days 01:02:58.073000,192.0,179.0,253.0,204.0,True,WET,2.0,True,Renault,0 days 01:01:21.964000,2020-07-11 13:48:09.583,1,,False,,False,True
0 days 01:04:25.006000,RIC,3,0 days 00:01:26.933000,3.0,1.0,,,0 days 00:00:20.109000,0 days 00:00:38.689000,0 days 00:00:28.135000,0 days 01:03:18.182000,0 days 01:03:56.871000,0 days 01:04:25.006000,254.0,194.0,253.0,254.0,True,WET,3.0,True,Renault,0 days 01:02:58.073000,2020-07-11 13:49:45.692,1,,False,,False,True
0 days 01:05:49.591000,RIC,3,0 days 00:01:24.585000,4.0,1.0,,,0 days 00:00:20.173000,0 days 00:00:37.825000,0 days 00:00:26.587000,0 days 01:04:45.179000,0 days 01:05:23.004000,0 days 01:05:49.591000,289.0,205.0,261.0,258.0,True,WET,4.0,True,Renault,0 days 01:04:25.006000,2020-07-11 13:51:12.625,1,,False,,False,True
0 days 01:07:12.637000,RIC,3,0 days 00:01:23.046000,5.0,1.0,,,0 days 00:00:19.695000,0 days 00:00:37.474000,0 days 00:00:25.877000,0 days 01:06:09.286000,0 days 01:06:46.760000,0 days 01:07:12.637000,282.0,203.0,261.0,271.0,True,WET,5.0,True,Renault,0 days 01:05:49.591000,2020-07-11 13:52:37.210,12,,False,,False,True
0 days 01:08:34.773000,RIC,3,0 days 00:01:22.136000,6.0,1.0,,,0 days 00:00:19.603000,0 days 00:00:36.918000,0 days 00:00:25.615000,0 days 01:07:32.240000,0 days 01:08:09.158000,0 days 01:08:34.773000,287.0,206.0,264.0,285.0,True,WET,6.0,True,Renault,0 days 01:07:12.637000,2020-07-11 13:54:00.256,1,,False,,False,True
0 days 01:10:01.625000,RIC,3,0 days 00:01:26.852000,7.0,1.0,,,0 days 00:00:19.961000,0 days 00:00:40.448000,0 days 00:00:26.443000,0 days 01:08:54.734000,0 days 01:09:35.182000,0 days 01:10:01.625000,253.0,187.0,262.0,228.0,False,WET,7.0,True,Renault,0 days 01:08:34.773000,2020-07-11 13:55:22.392,1,,False,,False,True
0 days 01:11:22.158000,RIC,3,0 days 00:01:20.533000,8.0,1.0,,,0 days 00:00:19.505000,0 days 00:00:36.206000,0 days 00:00:24.822000,0 days 01:10:21.130000,0 days 01:10:57.336000,0 days 01:11:22.158000,291.0,213.0,261.0,291.0,True,WET,8.0,True,Renault,0 days 01:10:01.625000,2020-07-11 13:56:49.244,1,,False,,False,True
0 days 01:12:41.820000,RIC,3,0 days 00:01:19.662000,9.0,1.0,,,0 days 00:00:19.267000,0 days 00:00:35.576000,0 days 00:00:24.819000,0 days 01:11:41.425000,0 days 01:12:17.001000,0 days 01:12:41.820000,292.0,211.0,263.0,292.0,True,WET,9.0,True,Renault,0 days 01:11:22.158000,2020-07-11 13:58:09.777,1,,False,,False,True
0 days 01:14:02.303000,RIC,3,0 days 00:01:20.483000,10.0,1.0,,,0 days 00:00:19.353000,0 days 00:00:35.838000,0 days 00:00:25.292000,0 days 01:13:01.173000,0 days 01:13:37.011000,0 days 01:14:02.303000,292.0,208.0,263.0,293.0,False,WET,10.0,True,Renault,0 days 01:12:41.820000,2020-07-11 13:59:29.439,1,,False,,False,True
0 days 01:15:22.668000,RIC,3,0 days 00:01:20.365000,11.0,1.0,,,0 days 00:00:19.273000,0 days 00:00:35.323000,0 days 00:00:25.769000,0 days 01:14:21.576000,0 days 01:14:56.899000,0 days 01:15:22.668000,293.0,215.0,265.0,293.0,False,WET,11.0,True,Renault,0 days 01:14:02.303000,2020-07-11 14:00:49.922,1,,False,,False,True
0 days 01:16:45.584000,RIC,3,0 days 00:01:22.916000,12.0,1.0,,,0 days 00:00:19.307000,0 days 00:00:36.913000,0 days 00:00:26.696000,0 days 01:15:41.975000,0 days 01:16:18.888000,0 days 01:16:45.584000,280.0,198.0,265.0,288.0,False,WET,12.0,True,Renault,0 days 01:15:22.668000,2020-07-11 14:02:10.287,12,,False,,False,True
0 days 01:25:30.153000,RIC,3,,13.0,1.0,,0 days 01:18:28.275000,,,,,,,,,,,False,WET,13.0,True,Renault,0 days 01:16:45.584000,2020-07-11 14:03:33.203,251,,False,,False,False
0 days 01:27:04.508000,RIC,3,,14.0,2.0,0 days 01:25:30.037000,,,0 days 00:00:38.336000,0 days 00:00:36.272000,,0 days 01:26:28.260000,0 days 01:27:04.546000,272.0,201.0,247.0,248.0,False,WET,1.0,True,Renault,0 days 01:25:30.037000,2020-07-11 14:12:17.656,1,,False,,False,False
0 days 01:28:26.109000,RIC,3,0 days 00:01:21.601000,15.0,2.0,,,0 days 00:00:19.739000,0 days 00:00:36.414000,0 days 00:00:25.448000,0 days 01:27:24.247000,0 days 01:28:00.661000,0 days 01:28:26.109000,291.0,209.0,262.0,293.0,True,WET,2.0,True,Renault,0 days 01:27:04.508000,2020-07-11 14:13:52.127,1,,False,,False,True
0 days 01:29:45.338000,RIC,3,0 days 00:01:19.229000,16.0,2.0,,,0 days 00:00:19.327000,0 days 00:00:35.424000,0 days 00:00:24.478000,0 days 01:28:45.436000,0 days 01:29:20.860000,0 days 01:29:45.338000,291.0,214.0,262.0,293.0,True,WET,3.0,True,Renault,0 days 01:28:26.109000,2020-07-11 14:15:13.728,1,,False,,False,True
0 days 01:31:07.726000,RIC,3,0 days 00:01:22.388000,17.0,2.0,,,0 days 00:00:19.349000,0 days 00:00:36.807000,0 days 00:00:26.232000,0 days 01:30:04.687000,0 days 01:30:41.494000,0 days 01:31:07.726000,291.0,205.0,262.0,289.0,False,WET,4.0,True,Renault,0 days 01:29:45.338000,2020-07-11 14:16:32.957,1,,False,,False,True
0 days 01:32:27.455000,RIC,3,0 days 00:01:19.729000,18.0,2.0,,,0 days 00:00:19.221000,0 days 00:00:35.731000,0 days 00:00:24.777000,0 days 01:31:26.947000,0 days 01:32:02.678000,0 days 01:32:27.455000,291.0,211.0,260.0,291.0,False,WET,5.0,True,Renault,0 days 01:31:07.726000,2020-07-11 14:17:55.345,1,,False,,False,True
0 days 01:33:46.746000,RIC,3,0 days 00:01:19.291000,19.0,2.0,,,0 days 00:00:19.246000,0 days 00:00:35.246000,0 days 00:00:24.799000,0 days 01:32:46.701000,0 days 01:33:21.947000,0 days 01:33:46.746000,292.0,214.0,264.0,292.0,False,WET,6.0,True,Renault,0 days 01:32:27.455000,2020-07-11 14:19:15.074,1,,False,,False,True
0 days 01:35:11.405000,RIC,3,0 days 00:01:24.659000,20.0,2.0,,,0 days 00:00:19.251000,0 days 00:00:38.789000,0 days 00:00:26.619000,0 days 01:34:05.997000,0 days 01:34:44.786000,0 days 01:35:11.405000,295.0,191.0,262.0,265.0,False,WET,7.0,True,Renault,0 days 01:33:46.746000,2020-07-11 14:20:34.365,1,,False,,False,True
0 days 01:36:30.634000,RIC,3,0 days 00:01:19.229000,21.0,2.0,,,0 days 00:00:19.240000,0 days 00:00:35.272000,0 days 00:00:24.717000,0 days 01:35:30.645000,0 days 01:36:05.917000,0 days 01:36:30.634000,291.0,213.0,264.0,290.0,False,WET,8.0,True,Renault,0 days 01:35:11.405000,2020-07-11 14:21:59.024,1,,False,,False,True
0 days 01:37:59.454000,RIC,3,0 days 00:01:28.820000,22.0,2.0,,,0 days 00:00:19.573000,0 days 00:00:38.366000,0 days 00:00:30.881000,0 days 01:36:50.207000,0 days 01:37:28.573000,0 days 01:37:59.454000,275.0,181.0,264.0,252.0,False,WET,9.0,True,Renault,0 days 01:36:30.634000,2020-07-11 14:23:18.253,1,,False,,False,True
0 days 01:39:28.122000,RIC,3,0 days 00:01:28.668000,23.0,2.0,,0 days 01:39:24.692000,0 days 00:00:19.209000,0 days 00:00:36.413000,0 days 00:00:33.046000,0 days 01:38:18.663000,0 days 01:38:55.076000,0 days 01:39:28.122000,295.0,203.0,,289.0,False,WET,10.0,True,Renault,0 days 01:37:59.454000,2020-07-11 14:24:47.073,1,,False,,False,False
0 days 01:49:58.357000,RIC,3,,24.0,3.0,0 days 01:48:29.779000,,,0 days 00:00:40.026000,0 days 00:00:28.536000,,0 days 01:49:29.821000,0 days 01:49:58.416000,245.0,193.0,259.0,185.0,False,WET,1.0,True,Renault,0 days 01:39:28.122000,2020-07-11 14:26:15.741,1,,False,,False,False
0 days 01:51:21.596000,RIC,3,0 days 00:01:23.239000,25.0,3.0,,,0 days 00:00:19.813000,0 days 00:00:37.088000,0 days 00:00:26.338000,0 days 01:50:18.170000,0 days 01:50:55.258000,0 days 01:51:21.596000,283.0,210.0,259.0,275.0,True,WET,2.0,True,Renault,0 days 01:49:58.357000,2020-07-11 14:36:45.976,1,,False,,False,True
0 days 01:52:44.651000,RIC,3,0 days 00:01:23.055000,26.0,3.0,,,0 days 00:00:19.771000,0 days 00:00:36.462000,0 days 00:00:26.822000,0 days 01:51:41.367000,0 days 01:52:17.829000,0 days 01:52:44.651000,283.0,207.0,258.0,285.0,True,WET,3.0,True,Renault,0 days 01:51:21.596000,2020-07-11 14:38:09.215,1,,False,,False,True
0 days 01:54:07.724000,RIC,3,0 days 00:01:23.073000,27.0,3.0,,,0 days 00:00:19.711000,0 days 00:00:36.652000,0 days 00:00:26.710000,0 days 01:53:04.362000,0 days 01:53:41.014000,0 days 01:54:07.724000,276.0,208.0,261.0,271.0,False,WET,4.0,True,Renault,0 days 01:52:44.651000,2020-07-11 14:39:32.270,1,,False,,False,True
0 days 01:55:47.595000,RIC,3,0 days 00:01:39.871000,28.0,3.0,,,0 days 00:00:23.641000,0 days 00:00:46.151000,0 days 00:00:30.079000,0 days 01:54:31.365000,0 days 01:55:17.516000,0 days 01:55:47.595000,208.0,178.0,250.0,159.0,False,WET,5.0,True,Renault,0 days 01:54:07.724000,2020-07-11 14:40:55.343,1,,False,,False,True
0 days 01:57:13.758000,RIC,3,0 days 00:01:26.163000,29.0,3.0,,,0 days 00:00:19.983000,0 days 00:00:39.162000,0 days 00:00:27.018000,0 days 01:56:07.578000,0 days 01:56:46.740000,0 days 01:57:13.758000,271.0,200.0,262.0,261.0,False,WET,6.0,True,Renault,0 days 01:55:47.595000,2020-07-11 14:42:35.214,1,,False,,False,True
0 days 01:58:35.202000,RIC,3,0 days 00:01:21.444000,30.0,3.0,,,0 days 00:00:19.565000,0 days 00:00:36.227000,0 days 00:00:25.652000,0 days 01:57:33.323000,0 days 01:58:09.550000,0 days 01:58:35.202000,284.0,210.0,263.0,288.0,True,WET,7.0,True,Renault,0 days 01:57:13.758000,2020-07-11 14:44:01.377,1,,False,,False,True
0 days 01:59:56.394000,RIC,3,0 days 00:01:21.192000,31.0,3.0,,,0 days 00:00:19.496000,0 days 00:00:36.291000,0 days 00:00:25.405000,0 days 01:58:54.698000,0 days 01:59:30.989000,0 days 01:59:56.394000,286.0,213.0,262.0,287.0,True,WET,8.0,True,Renault,0 days 01:58:35.202000,2020-07-11 14:45:22.821,12,,False,,False,True
0 days 02:01:35.267000,RIC,3,,32.0,3.0,,0 days 02:01:35.267000,0 days 00:00:22.056000,0 days 00:00:41.179000,,0 days 02:00:18.514000,0 days 02:00:59.695000,,259.0,162.0,,252.0,False,WET,9.0,True,Renault,0 days 01:59:56.394000,2020-07-11 14:46:44.013,1,,False,,False,False
0 days 01:00:46.363000,VET,5,,1.0,1.0,0 days 00:59:15.536000,,,0 days 00:00:40.154000,0 days 00:00:28.843000,,0 days 01:00:17.553000,0 days 01:00:46.539000,247.0,186.0,252.0,242.0,False,WET,1.0,True,Ferrari,0 days 00:59:15.536000,2020-07-11 13:46:03.155,1,,False,,False,False
0 days 01:02:10.598000,VET,5,0 days 00:01:24.235000,2.0,1.0,,,0 days 00:00:19.942000,0 days 00:00:37.535000,0 days 00:00:26.758000,0 days 01:01:06.305000,0 days 01:01:43.840000,0 days 01:02:10.598000,280.0,194.0,257.0,277.0,True,WET,2.0,True,Ferrari,0 days 01:00:46.363000,2020-07-11 13:47:33.982,1,,False,,False,True
0 days 01:03:35.062000,VET,5,0 days 00:01:24.464000,3.0,1.0,,,0 days 00:00:19.843000,0 days 00:00:37.922000,0 days 00:00:26.699000,0 days 01:02:30.441000,0 days 01:03:08.363000,0 days 01:03:35.062000,282.0,194.0,259.0,281.0,False,WET,3.0,True,Ferrari,0 days 01:02:10.598000,2020-07-11 13:48:58.217,1,,False,,False,True
0 days 01:04:57.714000,VET,5,0 days 00:01:22.652000,4.0,1.0,,,0 days 00:00:19.804000,0 days 00:00:37.200000,0 days 00:00:25.648000,0 days 01:03:54.866000,0 days 01:04:32.066000,0 days 01:04:57.714000,284.0,199.0,262.0,284.0,True,WET,4.0,True,Ferrari,0 days 01:03:35.062000,2020-07-11 13:50:22.681,1,,False,,False,True
0 days 01:06:22.652000,VET,5,0 days 00:01:24.938000,5.0,1.0,,,0 days 00:00:19.986000,0 days 00:00:38.933000,0 days 00:00:26.019000,0 days 01:05:17.700000,0 days 01:05:56.633000,0 days 01:06:22.652000,256.0,192.0,262.0,252.0,False,WET,5.0,True,Ferrari,0 days 01:04:57.714000,2020-07-11 13:51:45.333,1,,False,,False,True
0 days 01:07:44.554000,VET,5,0 days 00:01:21.902000,6.0,1.0,,,0 days 00:00:19.676000,0 days 00:00:36.978000,0 days 00:00:25.248000,0 days 01:06:42.328000,0 days 01:07:19.306000,0 days 01:07:44.554000,285.0,209.0,262.0,279.0,True,WET,6.0,True,Ferrari,0 days 01:06:22.652000,2020-07-11 13:53:10.271,12,,False,,False,True
0 days 01:09:08.044000,VET,5,0 days 00:01:23.490000,7.0,1.0,,,0 days 00:00:19.752000,0 days 00:00:38.377000,0 days 00:00:25.361000,0 days 01:08:04.306000,0 days 01:08:42.683000,0 days 01:09:08.044000,288.0,201.0,262.0,242.0,False,WET,7.0,True,Ferrari,0 days 01:07:44.554000,2020-07-11 13:54:32.173,1,,False,,False,True
0 days 01:10:28.750000,VET,5,0 days 00:01:20.706000,8.0,1.0,,,0 days 00:00:19.621000,0 days 00:00:36.274000,0 days 00:00:24.811000,0 days 01:09:27.665000,0 days 01:10:03.939000,0 days 01:10:28.750000,285.0,213.0,262.0,282.0,True,WET,8.0,True,Ferrari,0 days 01:09:08.044000,2020-07-11 13:55:55.663,1,,False,,False,True
0 days 01:11:48.993000,VET,5,0 days 00:01:20.243000,9.0,1.0,,,0 days 00:00:19.458000,0 days 00:00:36.027000,0 days 00:00:24.758000,0 days 01:10:48.208000,0 days 01:11:24.235000,0 days 01:11:48.993000,285.0,210.0,261.0,289.0,True,WET,9.0,True,Ferrari,0 days 01:10:28.750000,2020-07-11 13:57:16.369,1,,False,,False,True
0 days 01:13:24.587000,VET,5,0 days 00:01:35.594000,10.0,1.0,,0 days 01:13:21.277000,0 days 00:00:20.554000,0 days 00:00:43.254000,0 days 00:00:31.786000,0 days 01:12:09.547000,0 days 01:12:52.801000,0 days 01:13:24.587000,260.0,189.0,,264.0,False,WET,10.0,True,Ferrari,0 days 01:11:48.993000,2020-07-11 13:58:36.612,1,,False,,False,False
0 days 01:15:28.476000,VET,5,0 days 00:02:03.889000,11.0,2.0,0 days 01:13:46.078000,,0 days 00:00:42.086000,0 days 00:00:46.558000,0 days 00:00:35.245000,0 days 01:14:06.673000,0 days 01:14:53.231000,0 days 01:15:28.476000,197.0,101.0,257.0,176.0,False,WET,1.0,True,Ferrari,0 days 01:13:24.587000,2020-07-11 14:00:12.206,12,,False,,False,False
0 days 01:16:54.898000,VET,5,0 days 00:01:26.422000,12.0,2.0,,,0 days 00:00:20.170000,0 days 00:00:36.731000,0 days 00:00:29.521000,0 days 01:15:48.646000,0 days 01:16:25.377000,0 days 01:16:54.898000,287.0,201.0,259.0,289.0,False,WET,2.0,True,Ferrari,0 days 01:15:28.476000,2020-07-11 14:02:16.095,21,,False,,False,True
0 days 01:24:14.998000,VET,5,,13.0,2.0,,0 days 01:18:41.129000,,,,,,,,,,,False,WET,3.0,True,Ferrari,0 days 01:16:54.898000,2020-07-11 14:03:42.517,251,,False,,False,False
0 days 01:25:46.983000,VET,5,,14.0,3.0,0 days 01:24:14.883000,,,0 days 00:00:38.126000,0 days 00:00:32.724000,,0 days 01:25:14.259000,0 days 01:25:47.043000,264.0,191.0,255.0,273.0,False,WET,11.0,False,Ferrari,0 days 01:24:14.883000,2020-07-11 14:11:02.502,1,,False,,False,False
0 days 01:27:08.061000,VET,5,0 days 00:01:21.078000,15.0,3.0,,,0 days 00:00:19.720000,0 days 00:00:36.167000,0 days 00:00:25.191000,0 days 01:26:06.703000,0 days 01:26:42.870000,0 days 01:27:08.061000,285.0,209.0,262.0,290.0,True,WET,12.0,False,Ferrari,0 days 01:25:46.983000,2020-07-11 14:12:34.602,1,,False,,False,True
0 days 01:28:34.655000,VET,5,0 days 00:01:26.594000,16.0,3.0,,,0 days 00:00:19.533000,0 days 00:00:38.410000,0 days 00:00:28.651000,0 days 01:27:27.594000,0 days 01:28:06.004000,0 days 01:28:34.655000,289.0,196.0,262.0,263.0,False,WET,13.0,False,Ferrari,0 days 01:27:08.061000,2020-07-11 14:13:55.680,1,,False,,False,True
0 days 01:29:54.200000,VET,5,0 days 00:01:19.545000,17.0,3.0,,,0 days 00:00:19.421000,0 days 00:00:35.372000,0 days 00:00:24.752000,0 days 01:28:54.076000,0 days 01:29:29.448000,0 days 01:29:54.200000,284.0,213.0,260.0,289.0,True,WET,14.0,False,Ferrari,0 days 01:28:34.655000,2020-07-11 14:15:22.274,1,,False,,False,True
0 days 01:31:18.496000,VET,5,0 days 00:01:24.296000,18.0,3.0,,,0 days 00:00:19.427000,0 days 00:00:35.788000,0 days 00:00:29.081000,0 days 01:30:13.627000,0 days 01:30:49.415000,0 days 01:31:18.496000,284.0,199.0,262.0,290.0,False,WET,15.0,False,Ferrari,0 days 01:29:54.200000,2020-07-11 14:16:41.819,1,,False,,False,True
0 days 01:32:43.668000,VET,5,0 days 00:01:25.172000,19.0,3.0,,0 days 01:32:40.270000,0 days 00:00:19.405000,0 days 00:00:35.646000,0 days 00:00:30.121000,0 days 01:31:37.901000,0 days 01:32:13.547000,0 days 01:32:43.668000,287.0,214.0,,290.0,False,WET,16.0,False,Ferrari,0 days 01:31:18.496000,2020-07-11 14:18:06.115,1,,False,,False,False
0 days 01:34:46.557000,VET,5,0 days 00:02:02.889000,20.0,4.0,0 days 01:33:06.412000,,0 days 00:00:43.013000,0 days 00:00:45.237000,0 days 00:00:34.639000,0 days 01:33:26.681000,0 days 01:34:11.918000,0 days 01:34:46.557000,211.0,181.0,255.0,230.0,False,WET,1.0,True,Ferrari,0 days 01:32:43.668000,2020-07-11 14:19:31.287,1,,False,,False,False
0 days 01:36:14.580000,VET,5,0 days 00:01:28.023000,21.0,4.0,,,0 days 00:00:20.747000,0 days 00:00:38.061000,0 days 00:00:29.215000,0 days 01:35:07.304000,0 days 01:35:45.365000,0 days 01:36:14.580000,284.0,202.0,257.0,277.0,False,WET,2.0,True,Ferrari,0 days 01:34:46.557000,2020-07-11 14:21:34.176,1,,False,,False,True
0 days 01:37:37.017000,VET,5,0 days 00:01:22.437000,22.0,4.0,,,0 days 00:00:19.696000,0 days 00:00:36.754000,0 days 00:00:25.987000,0 days 01:36:34.276000,0 days 01:37:11.030000,0 days 01:37:37.017000,285.0,205.0,261.0,287.0,False,WET,3.0,True,Ferrari,0 days 01:36:14.580000,2020-07-11 14:23:02.199,1,,False,,False,True
0 days 01:39:00.851000,VET,5,0 days 00:01:23.834000,23.0,4.0,,,0 days 00:00:20.098000,0 days 00:00:36.155000,0 days 00:00:27.581000,0 days 01:37:57.115000,0 days 01:38:33.270000,0 days 01:39:00.851000,286.0,210.0,260.0,288.0,False,WET,4.0,True,Ferrari,0 days 01:37:37.017000,2020-07-11 14:24:24.636,1,,False,,False,True
0 days 01:40:21.937000,VET,5,0 days 00:01:21.086000,24.0,4.0,,,0 days 00:00:19.766000,0 days 00:00:35.965000,0 days 00:00:25.355000,0 days 01:39:20.617000,0 days 01:39:56.582000,0 days 01:40:21.937000,285.0,206.0,261.0,288.0,False,WET,5.0,True,Ferrari,0 days 01:39:00.851000,2020-07-11 14:25:48.470,1,,False,,False,True
0 days 01:41:57.710000,VET,5,0 days 00:01:35.773000,25.0,4.0,,0 days 01:41:54.327000,0 days 00:00:21.634000,0 days 00:00:39.124000,0 days 00:00:35.015000,0 days 01:40:43.571000,0 days 01:41:22.695000,0 days 01:41:57.710000,255.0,190.0,,238.0,False,WET,6.0,True,Ferrari,0 days 01:40:21.937000,2020-07-11 14:27:09.556,1,,False,,False,False
0 days 01:49:46.386000,VET,5,,26.0,5.0,0 days 01:48:20.930000,,,0 days 00:00:37.819000,0 days 00:00:27.678000,,0 days 01:49:18.734000,0 days 01:49:46.418000,255.0,198.0,256.0,264.0,False,WET,4.0,False,Ferrari,0 days 01:41:57.710000,2020-07-11 14:28:45.329,1,,False,,False,False
0 days 01:51:09.696000,VET,5,0 days 00:01:23.310000,27.0,5.0,,,0 days 00:00:19.979000,0 days 00:00:36.593000,0 days 00:00:26.738000,0 days 01:50:06.365000,0 days 01:50:42.958000,0 days 01:51:09.696000,280.0,209.0,257.0,282.0,True,WET,5.0,False,Ferrari,0 days 01:49:46.386000,2020-07-11 14:36:34.005,1,,False,,False,True
0 days 01:52:40.166000,VET,5,0 days 00:01:30.470000,28.0,5.0,,,0 days 00:00:21.865000,0 days 00:00:41.083000,0 days 00:00:27.522000,0 days 01:51:31.561000,0 days 01:52:12.644000,0 days 01:52:40.166000,230.0,194.0,259.0,242.0,False,WET,6.0,False,Ferrari,0 days 01:51:09.696000,2020-07-11 14:37:57.315,1,,False,,False,True
0 days 01:54:06.986000,VET,5,0 days 00:01:26.820000,29.0,5.0,,,0 days 00:00:20.168000,0 days 00:00:36.754000,0 days 00:00:29.898000,0 days 01:53:00.334000,0 days 01:53:37.088000,0 days 01:54:06.986000,278.0,206.0,255.0,284.0,False,WET,7.0,False,Ferrari,0 days 01:52:40.166000,2020-07-11 14:39:27.785,1,,False,,False,True
0 days 01:55:29.527000,VET,5,0 days 00:01:22.541000,30.0,5.0,,,0 days 00:00:20.011000,0 days 00:00:36.622000,0 days 00:00:25.908000,0 days 01:54:26.997000,0 days 01:55:03.619000,0 days 01:55:29.527000,278.0,208.0,259.0,283.0,True,WET,8.0,False,Ferrari,0 days 01:54:06.986000,2020-07-11 14:40:54.605,1,,False,,False,True
0 days 01:56:51.235000,VET,5,0 days 00:01:21.708000,31.0,5.0,,,0 days 00:00:19.909000,0 days 00:00:36.138000,0 days 00:00:25.661000,0 days 01:55:49.436000,0 days 01:56:25.574000,0 days 01:56:51.235000,280.0,217.0,259.0,285.0,True,WET,9.0,False,Ferrari,0 days 01:55:29.527000,2020-07-11 14:42:17.146,1,,False,,False,True
0 days 01:58:12.886000,VET,5,0 days 00:01:21.651000,32.0,5.0,,,0 days 00:00:19.852000,0 days 00:00:36.154000,0 days 00:00:25.645000,0 days 01:57:11.087000,0 days 01:57:47.241000,0 days 01:58:12.886000,280.0,208.0,261.0,286.0,True,WET,10.0,False,Ferrari,0 days 01:56:51.235000,2020-07-11 14:43:38.854,1,,False,,False,True
0 days 01:59:51.144000,VET,5,,33.0,5.0,,0 days 01:59:51.144000,0 days 00:00:19.858000,0 days 00:00:36.385000,,0 days 01:58:32.755000,0 days 01:59:09.131000,,278.0,213.0,,286.0,False,WET,11.0,False,Ferrari,0 days 01:58:12.886000,2020-07-11 14:45:00.505,12,,False,,False,False
0 days 01:01:00.742000,LEC,16,,1.0,1.0,0 days 00:59:17.999000,,,0 days 00:00:45.903000,0 days 00:00:33.342000,,0 days 01:00:27.427000,0 days 01:01:01.048000,215.0,148.0,254.0,236.0,False,WET,1.0,True,Ferrari,0 days 00:59:17.999000,2020-07-11 13:46:05.618,1,,False,,False,False
0 days 01:02:25.400000,LEC,16,0 days 00:01:24.658000,2.0,1.0,,,0 days 00:00:20.036000,0 days 00:00:37.950000,0 days 00:00:26.672000,0 days 01:01:20.778000,0 days 01:01:58.728000,0 days 01:02:25.400000,278.0,207.0,258.0,286.0,True,WET,2.0,True,Ferrari,0 days 01:01:00.742000,2020-07-11 13:47:48.361,1,,False,,False,True
0 days 01:03:48.472000,LEC,16,0 days 00:01:23.072000,3.0,1.0,,,0 days 00:00:19.556000,0 days 00:00:36.797000,0 days 00:00:26.719000,0 days 01:02:44.956000,0 days 01:03:21.753000,0 days 01:03:48.472000,283.0,205.0,259.0,287.0,True,WET,3.0,True,Ferrari,0 days 01:02:25.400000,2020-07-11 13:49:13.019,1,,False,,False,True
0 days 01:05:10.329000,LEC,16,0 days 00:01:21.857000,4.0,1.0,,,0 days 00:00:19.739000,0 days 00:00:36.324000,0 days 00:00:25.794000,0 days 01:04:08.211000,0 days 01:04:44.535000,0 days 01:05:10.329000,283.0,214.0,257.0,288.0,True,WET,4.0,True,Ferrari,0 days 01:03:48.472000,2020-07-11 13:50:36.091,1,,False,,False,True
0 days 01:06:31.200000,LEC,16,0 days 00:01:20.871000,5.0,1.0,,,0 days 00:00:19.809000,0 days 00:00:35.850000,0 days 00:00:25.212000,0 days 01:05:30.138000,0 days 01:06:05.988000,0 days 01:06:31.200000,285.0,220.0,262.0,289.0,True,WET,5.0,True,Ferrari,0 days 01:05:10.329000,2020-07-11 13:51:57.948,12,,False,,False,True
0 days 01:07:56.282000,LEC,16,0 days 00:01:25.082000,6.0,1.0,,,0 days 00:00:20.415000,0 days 00:00:38.651000,0 days 00:00:26.016000,0 days 01:06:51.615000,0 days 01:07:30.266000,0 days 01:07:56.282000,243.0,208.0,262.0,231.0,False,WET,6.0,True,Ferrari,0 days 01:06:31.200000,2020-07-11 13:53:18.819,1,,False,,False,True
0 days 01:09:24.821000,LEC,16,0 days 00:01:28.539000,7.0,1.0,,,0 days 00:00:20.231000,0 days 00:00:37.274000,0 days 00:00:31.034000,0 days 01:08:16.513000,0 days 01:08:53.787000,0 days 01:09:24.821000,285.0,179.0,262.0,280.0,False,WET,7.0,True,Ferrari,0 days 01:07:56.282000,2020-07-11 13:54:43.901,1,,False,,False,True
0 days 01:11:03.602000,LEC,16,0 days 00:01:38.781000,8.0,1.0,,0 days 01:11:00.313000,0 days 00:00:19.637000,0 days 00:00:45.129000,0 days 00:00:34.015000,0 days 01:09:44.458000,0 days 01:10:29.587000,0 days 01:11:03.602000,284.0,184.0,,289.0,False,WET,8.0,True,Ferrari,0 days 01:09:24.821000,2020-07-11 13:56:12.440,1,,False,,False,False
0 days 01:13:05.924000,LEC,16,0 days 00:02:02.322000,9.0,2.0,0 days 01:11:35.636000,,0 days 00:00:52.386000,0 days 00:00:41.083000,0 days 00:00:28.853000,0 days 01:11:55.988000,0 days 01:12:37.071000,0 days 01:13:05.924000,242.0,204.0,263.0,229.0,False,WET,1.0,True,Ferrari,0 days 01:11:03.602000,2020-07-11 13:57:51.221,1,,False,,False,False
0 days 01:14:27.039000,LEC,16,0 days 00:01:21.115000,10.0,2.0,,,0 days 00:00:19.645000,0 days 00:00:36.106000,0 days 00:00:25.364000,0 days 01:13:25.569000,0 days 01:14:01.675000,0 days 01:14:27.039000,287.0,211.0,263.0,289.0,False,WET,2.0,True,Ferrari,0 days 01:13:05.924000,2020-07-11 13:59:53.543,1,,False,,False,True
0 days 01:15:51.924000,LEC,16,0 days 00:01:24.885000,11.0,2.0,,,0 days 00:00:19.555000,0 days 00:00:36.247000,0 days 00:00:29.083000,0 days 01:14:46.594000,0 days 01:15:22.841000,0 days 01:15:51.924000,289.0,216.0,264.0,293.0,False,WET,3.0,True,Ferrari,0 days 01:14:27.039000,2020-07-11 14:01:14.658,12,,False,,False,True
0 days 01:24:25.216000,LEC,16,,12.0,2.0,,0 days 01:19:04.393000,0 days 00:00:19.467000,0 days 00:00:35.774000,,0 days 01:16:11.456000,0 days 01:16:47.226000,,,222.0,,292.0,False,WET,4.0,True,Ferrari,0 days 01:15:51.924000,2020-07-11 14:02:39.543,125,,False,,False,False
0 days 01:26:09.978000,LEC,16,,13.0,3.0,0 days 01:24:25.216000,,,0 days 00:00:39.961000,0 days 00:00:28.787000,,0 days 01:25:41.227000,0 days 01:26:10.170000,254.0,205.0,261.0,236.0,False,WET,9.0,False,Ferrari,0 days 01:24:25.216000,2020-07-11 14:11:12.835,1,,False,,False,False
0 days 01:27:30.468000,LEC,16,0 days 00:01:20.490000,14.0,3.0,,,0 days 00:00:19.715000,0 days 00:00:35.759000,0 days 00:00:25.016000,0 days 01:26:29.693000,0 days 01:27:05.452000,0 days 01:27:30.468000,285.0,221.0,261.0,288.0,True,WET,10.0,False,Ferrari,0 days 01:26:09.978000,2020-07-11 14:12:57.597,1,,False,,False,True
0 days 01:28:50.438000,LEC,16,0 days 00:01:19.970000,15.0,3.0,,,0 days 00:00:19.444000,0 days 00:00:35.450000,0 days 00:00:25.076000,0 days 01:27:49.912000,0 days 01:28:25.362000,0 days 01:28:50.438000,286.0,219.0,262.0,289.0,True,WET,11.0,False,Ferrari,0 days 01:27:30.468000,2020-07-11 14:14:18.087,1,,False,,False,True
0 days 01:30:16.400000,LEC,16,0 days 00:01:25.962000,16.0,3.0,,,0 days 00:00:19.679000,0 days 00:00:35.868000,0 days 00:00:30.415000,0 days 01:29:10.117000,0 days 01:29:45.985000,0 days 01:30:16.400000,286.0,198.0,265.0,290.0,False,WET,12.0,False,Ferrari,0 days 01:28:50.438000,2020-07-11 14:15:38.057,1,,False,,False,True
0 days 01:31:36.028000,LEC,16,0 days 00:01:19.628000,17.0,3.0,,,0 days 00:00:19.400000,0 days 00:00:35.551000,0 days 00:00:24.677000,0 days 01:30:35.800000,0 days 01:31:11.351000,0 days 01:31:36.028000,288.0,213.0,263.0,290.0,True,WET,13.0,False,Ferrari,0 days 01:30:16.400000,2020-07-11 14:17:04.019,1,,False,,False,True
0 days 01:32:59.691000,LEC,16,0 days 00:01:23.663000,18.0,3.0,,,0 days 00:00:19.350000,0 days 00:00:36.134000,0 days 00:00:28.179000,0 days 01:31:55.378000,0 days 01:32:31.512000,0 days 01:32:59.691000,288.0,210.0,262.0,289.0,False,WET,14.0,False,Ferrari,0 days 01:31:36.028000,2020-07-11 14:18:23.647,1,,False,,False,True
0 days 01:34:24.275000,LEC,16,0 days 00:01:24.584000,19.0,3.0,,0 days 01:34:20.910000,0 days 00:00:19.442000,0 days 00:00:35.866000,0 days 00:00:29.276000,0 days 01:33:19.133000,0 days 01:33:54.999000,0 days 01:34:24.275000,288.0,215.0,,289.0,False,WET,15.0,False,Ferrari,0 days 01:32:59.691000,2020-07-11 14:19:47.310,1,,False,,False,False
0 days 01:36:24.651000,LEC,16,0 days 00:02:00.376000,20.0,4.0,0 days 01:34:47.494000,,0 days 00:00:43.308000,0 days 00:00:45.535000,0 days 00:00:31.533000,0 days 01:35:07.583000,0 days 01:35:53.118000,0 days 01:36:24.651000,231.0,196.0,259.0,247.0,False,WET,1.0,True,Ferrari,0 days 01:34:24.275000,2020-07-11 14:21:11.894,1,,False,,False,False
0 days 01:37:46.230000,LEC,16,0 days 00:01:21.579000,21.0,4.0,,,0 days 00:00:19.651000,0 days 00:00:36.028000,0 days 00:00:25.900000,0 days 01:36:44.302000,0 days 01:37:20.330000,0 days 01:37:46.230000,285.0,214.0,262.0,289.0,False,WET,2.0,True,Ferrari,0 days 01:36:24.651000,2020-07-11 14:23:12.270,1,,False,,False,True
0 days 01:39:06.934000,LEC,16,0 days 00:01:20.704000,22.0,4.0,,,0 days 00:00:19.412000,0 days 00:00:35.822000,0 days 00:00:25.470000,0 days 01:38:05.642000,0 days 01:38:41.464000,0 days 01:39:06.934000,287.0,207.0,263.0,290.0,False,WET,3.0,True,Ferrari,0 days 01:37:46.230000,2020-07-11 14:24:33.849,1,,False,,False,True
0 days 01:40:27.879000,LEC,16,0 days 00:01:20.945000,23.0,4.0,,,0 days 00:00:19.491000,0 days 00:00:35.785000,0 days 00:00:25.669000,0 days 01:39:26.425000,0 days 01:40:02.210000,0 days 01:40:27.879000,289.0,212.0,248.0,291.0,False,WET,4.0,True,Ferrari,0 days 01:39:06.934000,2020-07-11 14:25:54.553,1,,False,,False,True
0 days 01:42:06.272000,LEC,16,0 days 00:01:38.393000,24.0,4.0,,0 days 01:42:02.819000,0 days 00:00:21.235000,0 days 00:00:40.728000,0 days 00:00:36.430000,0 days 01:40:49.114000,0 days 01:41:29.842000,0 days 01:42:06.272000,226.0,174.0,,256.0,False,WET,5.0,True,Ferrari,0 days 01:40:27.879000,2020-07-11 14:27:15.498,1,,False,,False,False
0 days 01:01:49.902000,RUS,63,,1.0,1.0,0 days 01:00:06.251000,,,0 days 00:00:43.164000,0 days 00:00:39.579000,,0 days 01:01:10.562000,0 days 01:01:50.180000,252.0,176.0,254.0,158.0,False,WET,1.0,True,Williams,0 days 01:00:06.251000,2020-07-11 13:46:53.870,1,,False,,False,False
0 days 01:03:13.933000,RUS,63,0 days 00:01:24.031000,2.0,1.0,,,0 days 00:00:20.052000,0 days 00:00:37.749000,0 days 00:00:26.230000,0 days 01:02:09.954000,0 days 01:02:47.703000,0 days 01:03:13.933000,290.0,205.0,263.0,289.0,True,WET,2.0,True,Williams,0 days 01:01:49.902000,2020-07-11 13:48:37.521,1,,False,,False,True
0 days 01:04:41.611000,RUS,63,0 days 00:01:27.678000,3.0,1.0,,,0 days 00:00:19.741000,0 days 00:00:38.528000,0 days 00:00:29.409000,0 days 01:03:33.674000,0 days 01:04:12.202000,0 days 01:04:41.611000,292.0,153.0,262.0,292.0,False,WET,3.0,True,Williams,0 days 01:03:13.933000,2020-07-11 13:50:01.552,1,,False,,False,True
0 days 01:06:06.080000,RUS,63,0 days 00:01:24.469000,4.0,1.0,,,0 days 00:00:19.673000,0 days 00:00:37.862000,0 days 00:00:26.934000,0 days 01:05:01.284000,0 days 01:05:39.146000,0 days 01:06:06.080000,292.0,202.0,264.0,292.0,False,WET,4.0,True,Williams,0 days 01:04:41.611000,2020-07-11 13:51:29.230,1,,False,,False,True
0 days 01:07:34.698000,RUS,63,0 days 00:01:28.618000,5.0,1.0,,,0 days 00:00:21.220000,0 days 00:00:39.959000,0 days 00:00:27.439000,0 days 01:06:27.300000,0 days 01:07:07.259000,0 days 01:07:34.698000,257.0,196.0,264.0,233.0,False,WET,5.0,True,Williams,0 days 01:06:06.080000,2020-07-11 13:52:53.699,12,,False,,False,True
0 days 01:08:56.875000,RUS,63,0 days 00:01:22.177000,6.0,1.0,,,0 days 00:00:20.407000,0 days 00:00:36.443000,0 days 00:00:25.327000,0 days 01:07:55.105000,0 days 01:08:31.548000,0 days 01:08:56.875000,289.0,213.0,266.0,295.0,True,WET,6.0,True,Williams,0 days 01:07:34.698000,2020-07-11 13:54:22.317,1,,False,,False,True
0 days 01:10:25.354000,RUS,63,0 days 00:01:28.479000,7.0,1.0,,0 days 01:10:22.093000,0 days 00:00:20.810000,0 days 00:00:38.060000,0 days 00:00:29.609000,0 days 01:09:17.685000,0 days 01:09:55.745000,0 days 01:10:25.354000,264.0,206.0,,269.0,False,WET,7.0,True,Williams,0 days 01:08:56.875000,2020-07-11 13:55:44.494,1,,False,,False,False
0 days 01:12:09.663000,RUS,63,0 days 00:01:44.309000,8.0,2.0,0 days 01:10:45.221000,,0 days 00:00:39.635000,0 days 00:00:37.976000,0 days 00:00:26.698000,0 days 01:11:04.989000,0 days 01:11:42.965000,0 days 01:12:09.663000,281.0,205.0,265.0,281.0,False,WET,1.0,True,Williams,0 days 01:10:25.354000,2020-07-11 13:57:12.973,1,,False,,False,False
0 days 01:13:30.866000,RUS,63,0 days 00:01:21.203000,9.0,2.0,,,0 days 00:00:19.662000,0 days 00:00:36.616000,0 days 00:00:24.925000,0 days 01:12:29.325000,0 days 01:13:05.941000,0 days 01:13:30.866000,285.0,213.0,265.0,292.0,True,WET,2.0,True,Williams,0 days 01:12:09.663000,2020-07-11 13:58:57.282,1,,False,,False,True
0 days 01:14:51.248000,RUS,63,0 days 00:01:20.382000,10.0,2.0,,,0 days 00:00:19.755000,0 days 00:00:36.102000,0 days 00:00:24.525000,0 days 01:13:50.621000,0 days 01:14:26.723000,0 days 01:14:51.248000,290.0,215.0,265.0,294.0,True,WET,3.0,True,Williams,0 days 01:13:30.866000,2020-07-11 14:00:18.485,1,,False,,False,True
0 days 01:16:20.903000,RUS,63,0 days 00:01:29.655000,11.0,2.0,,,0 days 00:00:20.936000,0 days 00:00:40.526000,0 days 00:00:28.193000,0 days 01:15:12.184000,0 days 01:15:52.710000,0 days 01:16:20.903000,265.0,198.0,268.0,273.0,False,WET,4.0,True,Williams,0 days 01:14:51.248000,2020-07-11 14:01:38.867,12,,False,,False,True
0 days 01:25:05.512000,RUS,63,,12.0,2.0,,0 days 01:17:57.286000,0 days 00:00:19.566000,,,0 days 01:16:40.581000,,,293.0,,,221.0,False,WET,5.0,True,Williams,0 days 01:16:20.903000,2020-07-11 14:03:08.522,125,,False,,False,False
0 days 01:26:53.361000,RUS,63,,13.0,3.0,0 days 01:25:05.512000,,,0 days 00:00:43.046000,0 days 00:00:43.439000,,0 days 01:26:10.038000,0 days 01:26:53.421000,269.0,193.0,255.0,247.0,False,WET,1.0,True,Williams,0 days 01:25:05.512000,2020-07-11 14:11:53.131,1,,False,,False,False
0 days 01:28:16.536000,RUS,63,0 days 00:01:23.175000,14.0,3.0,,,0 days 00:00:21.098000,0 days 00:00:36.729000,0 days 00:00:25.348000,0 days 01:27:14.459000,0 days 01:27:51.188000,0 days 01:28:16.536000,285.0,210.0,262.0,290.0,True,WET,2.0,True,Williams,0 days 01:26:53.361000,2020-07-11 14:13:40.980,1,,False,,False,True
0 days 01:29:37.010000,RUS,63,0 days 00:01:20.474000,15.0,3.0,,,0 days 00:00:19.818000,0 days 00:00:36.013000,0 days 00:00:24.643000,0 days 01:28:36.354000,0 days 01:29:12.367000,0 days 01:29:37.010000,288.0,213.0,262.0,291.0,True,WET,3.0,True,Williams,0 days 01:28:16.536000,2020-07-11 14:15:04.155,1,,False,,False,True
0 days 01:30:57.026000,RUS,63,0 days 00:01:20.016000,16.0,3.0,,,0 days 00:00:19.790000,0 days 00:00:35.607000,0 days 00:00:24.619000,0 days 01:29:56.800000,0 days 01:30:32.407000,0 days 01:30:57.026000,289.0,209.0,265.0,293.0,True,WET,4.0,True,Williams,0 days 01:29:37.010000,2020-07-11 14:16:24.629,1,,False,,False,True
0 days 01:32:23.324000,RUS,63,0 days 00:01:26.298000,17.0,3.0,,,0 days 00:00:20.777000,0 days 00:00:39.487000,0 days 00:00:26.034000,0 days 01:31:17.803000,0 days 01:31:57.290000,0 days 01:32:23.324000,265.0,200.0,264.0,262.0,False,WET,5.0,True,Williams,0 days 01:30:57.026000,2020-07-11 14:17:44.645,1,,False,,False,True
0 days 01:33:42.960000,RUS,63,0 days 00:01:19.636000,18.0,3.0,,,0 days 00:00:19.506000,0 days 00:00:35.416000,0 days 00:00:24.714000,0 days 01:32:42.830000,0 days 01:33:18.246000,0 days 01:33:42.960000,291.0,217.0,266.0,292.0,True,WET,6.0,True,Williams,0 days 01:32:23.324000,2020-07-11 14:19:10.943,1,,False,,False,True
0 days 01:35:16.433000,RUS,63,0 days 00:01:33.473000,19.0,3.0,,0 days 01:35:13.068000,0 days 00:00:20.592000,0 days 00:00:41.916000,0 days 00:00:30.965000,0 days 01:34:03.552000,0 days 01:34:45.468000,0 days 01:35:16.433000,265.0,191.0,,266.0,False,WET,7.0,True,Williams,0 days 01:33:42.960000,2020-07-11 14:20:30.579,1,,False,,False,False
0 days 01:37:04.641000,RUS,63,0 days 00:01:48.208000,20.0,4.0,0 days 01:35:36.797000,,0 days 00:00:41.724000,0 days 00:00:39.145000,0 days 00:00:27.339000,0 days 01:35:58.157000,0 days 01:36:37.302000,0 days 01:37:04.641000,190.0,205.0,264.0,256.0,False,WET,6.0,False,Williams,0 days 01:35:16.433000,2020-07-11 14:22:04.052,1,,False,,False,False
0 days 01:38:36.769000,RUS,63,0 days 00:01:32.128000,21.0,4.0,,,0 days 00:00:20.815000,0 days 00:00:42.388000,0 days 00:00:28.925000,0 days 01:37:25.456000,0 days 01:38:07.844000,0 days 01:38:36.769000,286.0,102.0,264.0,290.0,False,WET,7.0,False,Williams,0 days 01:37:04.641000,2020-07-11 14:23:52.260,1,,False,,False,True
0 days 01:40:30.777000,RUS,63,0 days 00:01:54.008000,22.0,4.0,,0 days 01:40:03.176000,0 days 00:00:20.443000,0 days 00:00:36.879000,0 days 00:00:56.686000,0 days 01:38:57.212000,0 days 01:39:34.091000,0 days 01:40:30.777000,292.0,206.0,,281.0,False,WET,8.0,False,Williams,0 days 01:38:36.769000,2020-07-11 14:25:24.388,1,,False,,False,False
0 days 01:01:59.236000,STR,18,,1.0,1.0,0 days 01:00:29.823000,,,0 days 00:00:40.836000,0 days 00:00:28.223000,,0 days 01:01:31.014000,0 days 01:01:59.491000,251.0,195.0,257.0,244.0,False,WET,1.0,True,Racing Point,0 days 01:00:29.823000,2020-07-11 13:47:17.442,1,,False,,False,False
0 days 01:03:25.716000,STR,18,0 days 00:01:26.480000,2.0,1.0,,,0 days 00:00:20.594000,0 days 00:00:38.696000,0 days 00:00:27.190000,0 days 01:02:19.830000,0 days 01:02:58.526000,0 days 01:03:25.716000,287.0,199.0,260.0,263.0,True,WET,2.0,True,Racing Point,0 days 01:01:59.236000,2020-07-11 13:48:46.855,1,,False,,False,True
0 days 01:04:49.942000,STR,18,0 days 00:01:24.226000,3.0,1.0,,,0 days 00:00:19.945000,0 days 00:00:37.319000,0 days 00:00:26.962000,0 days 01:03:45.661000,0 days 01:04:22.980000,0 days 01:04:49.942000,289.0,208.0,261.0,291.0,True,WET,3.0,True,Racing Point,0 days 01:03:25.716000,2020-07-11 13:50:13.335,1,,False,,False,True
0 days 01:06:12.979000,STR,18,0 days 00:01:23.037000,4.0,1.0,,,0 days 00:00:19.622000,0 days 00:00:37.184000,0 days 00:00:26.231000,0 days 01:05:09.564000,0 days 01:05:46.748000,0 days 01:06:12.979000,290.0,203.0,262.0,293.0,True,WET,4.0,True,Racing Point,0 days 01:04:49.942000,2020-07-11 13:51:37.561,1,,False,,False,True
0 days 01:07:38.168000,STR,18,0 days 00:01:25.189000,5.0,1.0,,,0 days 00:00:19.456000,0 days 00:00:39.461000,0 days 00:00:26.272000,0 days 01:06:32.435000,0 days 01:07:11.896000,0 days 01:07:38.168000,283.0,190.0,263.0,224.0,False,WET,5.0,True,Racing Point,0 days 01:06:12.979000,2020-07-11 13:53:00.598,12,,False,,False,True
0 days 01:09:00.097000,STR,18,0 days 00:01:21.929000,6.0,1.0,,,0 days 00:00:19.485000,0 days 00:00:36.842000,0 days 00:00:25.602000,0 days 01:07:57.653000,0 days 01:08:34.495000,0 days 01:09:00.097000,290.0,206.0,263.0,295.0,True,WET,6.0,True,Racing Point,0 days 01:07:38.168000,2020-07-11 13:54:25.787,1,,False,,False,True
0 days 01:10:28.037000,STR,18,0 days 00:01:27.940000,7.0,1.0,,0 days 01:10:24.985000,0 days 00:00:19.504000,0 days 00:00:37.320000,0 days 00:00:31.116000,0 days 01:09:19.601000,0 days 01:09:56.921000,0 days 01:10:28.037000,292.0,197.0,,282.0,False,WET,7.0,True,Racing Point,0 days 01:09:00.097000,2020-07-11 13:55:47.716,1,,False,,False,False
0 days 01:12:15.238000,STR,18,0 days 00:01:47.201000,8.0,2.0,0 days 01:10:48.315000,,0 days 00:00:40.097000,0 days 00:00:38.948000,0 days 00:00:28.156000,0 days 01:11:08.134000,0 days 01:11:47.082000,0 days 01:12:15.238000,273.0,202.0,262.0,227.0,False,WET,1.0,True,Racing Point,0 days 01:10:28.037000,2020-07-11 13:57:15.656,1,,False,,False,False
0 days 01:13:35.626000,STR,18,0 days 00:01:20.388000,9.0,2.0,,,0 days 00:00:19.500000,0 days 00:00:35.993000,0 days 00:00:24.895000,0 days 01:12:34.738000,0 days 01:13:10.731000,0 days 01:13:35.626000,293.0,214.0,261.0,294.0,True,WET,2.0,True,Racing Point,0 days 01:12:15.238000,2020-07-11 13:59:02.857,1,,False,,False,True
0 days 01:14:55.706000,STR,18,0 days 00:01:20.080000,10.0,2.0,,,0 days 00:00:19.487000,0 days 00:00:35.796000,0 days 00:00:24.797000,0 days 01:13:55.113000,0 days 01:14:30.909000,0 days 01:14:55.706000,292.0,211.0,263.0,293.0,True,WET,3.0,True,Racing Point,0 days 01:13:35.626000,2020-07-11 14:00:23.245,1,,False,,False,True
0 days 01:16:15.403000,STR,18,0 days 00:01:19.697000,11.0,2.0,,,0 days 00:00:19.311000,0 days 00:00:35.586000,0 days 00:00:24.800000,0 days 01:15:15.017000,0 days 01:15:50.603000,0 days 01:16:15.403000,292.0,216.0,264.0,295.0,True,WET,4.0,True,Racing Point,0 days 01:14:55.706000,2020-07-11 14:01:43.325,12,,False,,False,True
0 days 01:25:23.800000,STR,18,,12.0,2.0,,0 days 01:17:54.539000,0 days 00:00:19.302000,,,0 days 01:16:34.720000,,,,,,173.0,False,WET,5.0,True,Racing Point,0 days 01:16:15.403000,2020-07-11 14:03:03.022,125,,False,,False,False
0 days 01:26:59.831000,STR,18,,13.0,3.0,0 days 01:25:23.707000,,,0 days 00:00:36.727000,0 days 00:00:39.434000,,0 days 01:26:20.400000,0 days 01:26:59.846000,270.0,207.0,257.0,274.0,False,WET,8.0,False,Racing Point,0 days 01:25:23.707000,2020-07-11 14:12:11.326,1,,False,,False,False
0 days 01:28:20.093000,STR,18,0 days 00:01:20.262000,14.0,3.0,,,0 days 00:00:19.690000,0 days 00:00:35.742000,0 days 00:00:24.830000,0 days 01:27:19.521000,0 days 01:27:55.263000,0 days 01:28:20.093000,289.0,212.0,263.0,292.0,True,WET,9.0,False,Racing Point,0 days 01:26:59.831000,2020-07-11 14:13:47.450,1,,False,,False,True
0 days 01:29:39.738000,STR,18,0 days 00:01:19.645000,15.0,3.0,,,0 days 00:00:19.279000,0 days 00:00:35.543000,0 days 00:00:24.823000,0 days 01:28:39.372000,0 days 01:29:14.915000,0 days 01:29:39.738000,290.0,210.0,264.0,294.0,True,WET,10.0,False,Racing Point,0 days 01:28:20.093000,2020-07-11 14:15:07.712,1,,False,,False,True
0 days 01:31:12.458000,STR,18,0 days 00:01:32.720000,16.0,3.0,,,0 days 00:00:21.107000,0 days 00:00:44.492000,0 days 00:00:27.121000,0 days 01:30:00.845000,0 days 01:30:45.337000,0 days 01:31:12.458000,193.0,196.0,262.0,153.0,False,WET,11.0,False,Racing Point,0 days 01:29:39.738000,2020-07-11 14:16:27.357,1,,False,,False,True
0 days 01:32:37.835000,STR,18,0 days 00:01:25.377000,17.0,3.0,,0 days 01:32:34.673000,0 days 00:00:19.605000,0 days 00:00:36.056000,0 days 00:00:29.716000,0 days 01:31:32.063000,0 days 01:32:08.119000,0 days 01:32:37.835000,290.0,212.0,,291.0,False,WET,12.0,False,Racing Point,0 days 01:31:12.458000,2020-07-11 14:18:00.077,1,,False,,False,False
0 days 01:34:36.675000,STR,18,0 days 00:01:58.840000,18.0,4.0,0 days 01:32:57.873000,,0 days 00:00:39.165000,0 days 00:00:43.753000,0 days 00:00:35.922000,0 days 01:33:17,0 days 01:34:00.753000,0 days 01:34:36.675000,290.0,199.0,256.0,141.0,False,WET,1.0,True,Racing Point,0 days 01:32:37.835000,2020-07-11 14:19:25.454,1,,False,,False,False
0 days 01:35:58.149000,STR,18,0 days 00:01:21.474000,19.0,4.0,,,0 days 00:00:19.727000,0 days 00:00:36.315000,0 days 00:00:25.432000,0 days 01:34:56.402000,0 days 01:35:32.717000,0 days 01:35:58.149000,291.0,210.0,262.0,290.0,False,WET,2.0,True,Racing Point,0 days 01:34:36.675000,2020-07-11 14:21:24.294,1,,False,,False,True
0 days 01:37:18.712000,STR,18,0 days 00:01:20.563000,20.0,4.0,,,0 days 00:00:19.443000,0 days 00:00:35.619000,0 days 00:00:25.501000,0 days 01:36:17.592000,0 days 01:36:53.211000,0 days 01:37:18.712000,291.0,210.0,264.0,292.0,False,WET,3.0,True,Racing Point,0 days 01:35:58.149000,2020-07-11 14:22:45.768,1,,False,,False,True
0 days 01:38:42.362000,STR,18,0 days 00:01:23.650000,21.0,4.0,,,0 days 00:00:19.410000,0 days 00:00:35.532000,0 days 00:00:28.708000,0 days 01:37:38.122000,0 days 01:38:13.654000,0 days 01:38:42.362000,292.0,201.0,261.0,292.0,False,WET,4.0,True,Racing Point,0 days 01:37:18.712000,2020-07-11 14:24:06.331,1,,False,,False,True
0 days 01:40:02.284000,STR,18,0 days 00:01:19.922000,22.0,4.0,,,0 days 00:00:19.247000,0 days 00:00:35.439000,0 days 00:00:25.236000,0 days 01:39:01.609000,0 days 01:39:37.048000,0 days 01:40:02.284000,292.0,213.0,263.0,293.0,False,WET,5.0,True,Racing Point,0 days 01:38:42.362000,2020-07-11 14:25:29.981,1,,False,,False,True
0 days 01:41:34.695000,STR,18,0 days 00:01:32.411000,23.0,4.0,,0 days 01:41:31.533000,0 days 00:00:21.192000,0 days 00:00:38.485000,0 days 00:00:32.734000,0 days 01:40:23.476000,0 days 01:41:01.961000,0 days 01:41:34.695000,259.0,195.0,,248.0,False,WET,6.0,True,Racing Point,0 days 01:40:02.284000,2020-07-11 14:26:49.903,1,,False,,False,False
0 days 01:01:32.324000,KVY,26,,1.0,1.0,0 days 00:59:38.997000,,,0 days 00:00:43.991000,0 days 00:00:35.953000,,0 days 01:00:56.492000,0 days 01:01:32.630000,214.0,178.0,252.0,210.0,False,WET,1.0,True,AlphaTauri,0 days 00:59:38.997000,2020-07-11 13:46:26.616,1,,False,,False,False
0 days 01:02:59.390000,KVY,26,0 days 00:01:27.066000,2.0,1.0,,,0 days 00:00:20.664000,0 days 00:00:38.275000,0 days 00:00:28.127000,0 days 01:01:52.988000,0 days 01:02:31.263000,0 days 01:02:59.390000,276.0,200.0,257.0,271.0,True,WET,2.0,True,AlphaTauri,0 days 01:01:32.324000,2020-07-11 13:48:19.943,1,,False,,False,True
0 days 01:04:27.956000,KVY,26,0 days 00:01:28.566000,3.0,1.0,,,0 days 00:00:20.580000,0 days 00:00:39.420000,0 days 00:00:28.566000,0 days 01:03:19.970000,0 days 01:03:59.390000,0 days 01:04:27.956000,268.0,175.0,257.0,245.0,False,WET,3.0,True,AlphaTauri,0 days 01:02:59.390000,2020-07-11 13:49:47.009,1,,False,,False,True
0 days 01:05:51.414000,KVY,26,0 days 00:01:23.458000,4.0,1.0,,,0 days 00:00:20.046000,0 days 00:00:37.239000,0 days 00:00:26.173000,0 days 01:04:48.002000,0 days 01:05:25.241000,0 days 01:05:51.414000,287.0,205.0,262.0,290.0,True,WET,4.0,True,AlphaTauri,0 days 01:04:27.956000,2020-07-11 13:51:15.575,1,,False,,False,True
0 days 01:07:13.958000,KVY,26,0 days 00:01:22.544000,5.0,1.0,,,0 days 00:00:19.818000,0 days 00:00:36.855000,0 days 00:00:25.871000,0 days 01:06:11.232000,0 days 01:06:48.087000,0 days 01:07:13.958000,289.0,211.0,255.0,292.0,True,WET,5.0,True,AlphaTauri,0 days 01:05:51.414000,2020-07-11 13:52:39.033,12,,False,,False,True
0 days 01:08:46.721000,KVY,26,0 days 00:01:32.763000,6.0,1.0,,,0 days 00:00:19.753000,0 days 00:00:43.031000,0 days 00:00:29.979000,0 days 01:07:33.711000,0 days 01:08:16.742000,0 days 01:08:46.721000,289.0,198.0,260.0,225.0,False,WET,6.0,True,AlphaTauri,0 days 01:07:13.958000,2020-07-11 13:54:01.577,1,,False,,False,True
0 days 01:10:07.687000,KVY,26,0 days 00:01:20.966000,7.0,1.0,,,0 days 00:00:20.342000,0 days 00:00:35.816000,0 days 00:00:24.808000,0 days 01:09:07.063000,0 days 01:09:42.879000,0 days 01:10:07.687000,285.0,211.0,262.0,290.0,True,WET,7.0,True,AlphaTauri,0 days 01:08:46.721000,2020-07-11 13:55:34.340,1,,False,,False,True
0 days 01:11:38.724000,KVY,26,0 days 00:01:31.037000,8.0,1.0,,0 days 01:11:35.147000,0 days 00:00:19.782000,0 days 00:00:38.547000,0 days 00:00:32.708000,0 days 01:10:27.469000,0 days 01:11:06.016000,0 days 01:11:38.724000,292.0,192.0,,255.0,False,WET,8.0,True,AlphaTauri,0 days 01:10:07.687000,2020-07-11 13:56:55.306,1,,False,,False,False
0 days 01:13:45.110000,KVY,26,0 days 00:02:06.386000,9.0,2.0,0 days 01:12:18.383000,,0 days 00:00:59.503000,0 days 00:00:38.323000,0 days 00:00:28.560000,0 days 01:12:38.227000,0 days 01:13:16.550000,0 days 01:13:45.110000,275.0,195.0,259.0,285.0,False,WET,1.0,True,AlphaTauri,0 days 01:11:38.724000,2020-07-11 13:58:26.343,1,,False,,False,False
0 days 01:15:06.484000,KVY,26,0 days 00:01:21.374000,10.0,2.0,,,0 days 00:00:20.131000,0 days 00:00:36.398000,0 days 00:00:24.845000,0 days 01:14:05.241000,0 days 01:14:41.639000,0 days 01:15:06.484000,287.0,207.0,262.0,289.0,False,WET,2.0,True,AlphaTauri,0 days 01:13:45.110000,2020-07-11 14:00:32.729,1,,False,,False,True
0 days 01:16:26.308000,KVY,26,0 days 00:01:19.824000,11.0,2.0,,,0 days 00:00:19.575000,0 days 00:00:35.682000,0 days 00:00:24.567000,0 days 01:15:26.059000,0 days 01:16:01.741000,0 days 01:16:26.308000,287.0,215.0,263.0,292.0,True,WET,3.0,True,AlphaTauri,0 days 01:15:06.484000,2020-07-11 14:01:54.103,12,,False,,False,True
0 days 01:24:30.867000,KVY,26,,12.0,2.0,,0 days 01:18:07.308000,0 days 00:00:19.410000,,,0 days 01:16:45.790000,,,290.0,,,292.0,False,WET,4.0,True,AlphaTauri,0 days 01:16:26.308000,2020-07-11 14:03:13.927,125,,False,,False,False
0 days 01:26:15.619000,KVY,26,,13.0,3.0,0 days 01:24:30.757000,,,0 days 00:00:39.570000,0 days 00:00:31.024000,,0 days 01:25:44.631000,0 days 01:26:15.691000,262.0,199.0,259.0,271.0,False,WET,1.0,True,AlphaTauri,0 days 01:24:30.757000,2020-07-11 14:11:18.376,1,,False,,False,False
0 days 01:27:36.838000,KVY,26,0 days 00:01:21.219000,14.0,3.0,,,0 days 00:00:19.777000,0 days 00:00:36.680000,0 days 00:00:24.762000,0 days 01:26:35.396000,0 days 01:27:12.076000,0 days 01:27:36.838000,283.0,209.0,260.0,287.0,True,WET,2.0,True,AlphaTauri,0 days 01:26:15.619000,2020-07-11 14:13:03.238,1,,False,,False,True
0 days 01:28:56.876000,KVY,26,0 days 00:01:20.038000,15.0,3.0,,,0 days 00:00:19.636000,0 days 00:00:36.005000,0 days 00:00:24.397000,0 days 01:27:56.474000,0 days 01:28:32.479000,0 days 01:28:56.876000,284.0,216.0,258.0,287.0,True,WET,3.0,True,AlphaTauri,0 days 01:27:36.838000,2020-07-11 14:14:24.457,1,,False,,False,True
0 days 01:30:17.178000,KVY,26,0 days 00:01:20.302000,16.0,3.0,,,0 days 00:00:19.547000,0 days 00:00:35.439000,0 days 00:00:25.316000,0 days 01:29:16.423000,0 days 01:29:51.862000,0 days 01:30:17.178000,285.0,216.0,260.0,288.0,False,WET,4.0,True,AlphaTauri,0 days 01:28:56.876000,2020-07-11 14:15:44.495,1,,False,,False,True
0 days 01:31:43.716000,KVY,26,0 days 00:01:26.538000,17.0,3.0,,,0 days 00:00:21.574000,0 days 00:00:39.077000,0 days 00:00:25.887000,0 days 01:30:38.752000,0 days 01:31:17.829000,0 days 01:31:43.716000,254.0,195.0,262.0,276.0,False,WET,5.0,True,AlphaTauri,0 days 01:30:17.178000,2020-07-11 14:17:04.797,1,,False,,False,True
0 days 01:33:04.173000,KVY,26,0 days 00:01:20.457000,18.0,3.0,,,0 days 00:00:19.481000,0 days 00:00:36.130000,0 days 00:00:24.846000,0 days 01:32:03.197000,0 days 01:32:39.327000,0 days 01:33:04.173000,285.0,210.0,261.0,286.0,False,WET,6.0,True,AlphaTauri,0 days 01:31:43.716000,2020-07-11 14:18:31.335,1,,False,,False,True
0 days 01:34:24.062000,KVY,26,0 days 00:01:19.889000,19.0,3.0,,,0 days 00:00:19.337000,0 days 00:00:35.740000,0 days 00:00:24.812000,0 days 01:33:23.510000,0 days 01:33:59.250000,0 days 01:34:24.062000,287.0,213.0,261.0,287.0,False,WET,7.0,True,AlphaTauri,0 days 01:33:04.173000,2020-07-11 14:19:51.792,1,,True,TRACK LIMITS AT TURN 9,False,True
0 days 01:35:43.779000,KVY,26,0 days 00:01:19.717000,20.0,3.0,,,0 days 00:00:19.444000,0 days 00:00:35.401000,0 days 00:00:24.872000,0 days 01:34:43.506000,0 days 01:35:18.907000,0 days 01:35:43.779000,286.0,212.0,258.0,287.0,True,WET,8.0,True,AlphaTauri,0 days 01:34:24.062000,2020-07-11 14:21:11.681,1,,False,,False,True
0 days 01:37:12.872000,KVY,26,0 days 00:01:29.093000,21.0,3.0,,,0 days 00:00:20.440000,0 days 00:00:42.482000,0 days 00:00:26.171000,0 days 01:36:04.219000,0 days 01:36:46.701000,0 days 01:37:12.872000,255.0,191.0,262.0,274.0,False,WET,9.0,True,AlphaTauri,0 days 01:35:43.779000,2020-07-11 14:22:31.398,1,,False,,False,True
0 days 01:38:32.657000,KVY,26,0 days 00:01:19.785000,22.0,3.0,,,0 days 00:00:19.419000,0 days 00:00:35.539000,0 days 00:00:24.827000,0 days 01:37:32.291000,0 days 01:38:07.830000,0 days 01:38:32.657000,288.0,200.0,262.0,289.0,False,WET,10.0,True,AlphaTauri,0 days 01:37:12.872000,2020-07-11 14:24:00.491,1,,False,,False,True
0 days 01:39:53.400000,KVY,26,0 days 00:01:20.743000,23.0,3.0,,,0 days 00:00:19.388000,0 days 00:00:35.478000,0 days 00:00:25.877000,0 days 01:38:52.045000,0 days 01:39:27.523000,0 days 01:39:53.400000,289.0,208.0,262.0,291.0,False,WET,11.0,True,AlphaTauri,0 days 01:38:32.657000,2020-07-11 14:25:20.276,1,,False,,False,True
0 days 01:41:20.474000,KVY,26,,24.0,3.0,,0 days 01:41:20.474000,0 days 00:00:21.381000,0 days 00:00:38.093000,,0 days 01:40:14.815000,0 days 01:40:52.883000,,250.0,197.0,,268.0,False,WET,12.0,True,AlphaTauri,0 days 01:39:53.400000,2020-07-11 14:26:41.019,1,,False,,False,False
0 days 01:01:55.542000,MAG,20,,1.0,1.0,0 days 01:00:11.326000,,,0 days 00:00:41.486000,0 days 00:00:41.857000,,0 days 01:01:13.793000,0 days 01:01:55.790000,238.0,180.0,249.0,214.0,False,WET,1.0,True,Haas F1 Team,0 days 01:00:11.326000,2020-07-11 13:46:58.945,1,,False,,False,False
0 days 01:03:20.574000,MAG,20,0 days 00:01:25.032000,2.0,1.0,,,0 days 00:00:20.949000,0 days 00:00:37.778000,0 days 00:00:26.305000,0 days 01:02:16.491000,0 days 01:02:54.269000,0 days 01:03:20.574000,276.0,198.0,257.0,279.0,True,WET,2.0,True,Haas F1 Team,0 days 01:01:55.542000,2020-07-11 13:48:43.161,1,,False,,False,True
0 days 01:04:43.758000,MAG,20,0 days 00:01:23.184000,3.0,1.0,,,0 days 00:00:20.129000,0 days 00:00:37.209000,0 days 00:00:25.846000,0 days 01:03:40.703000,0 days 01:04:17.912000,0 days 01:04:43.758000,282.0,201.0,257.0,279.0,True,WET,3.0,True,Haas F1 Team,0 days 01:03:20.574000,2020-07-11 13:50:08.193,1,,False,,False,True
0 days 01:06:07.424000,MAG,20,0 days 00:01:23.666000,4.0,1.0,,,0 days 00:00:20.036000,0 days 00:00:36.884000,0 days 00:00:26.746000,0 days 01:05:03.794000,0 days 01:05:40.678000,0 days 01:06:07.424000,283.0,206.0,255.0,280.0,False,WET,4.0,True,Haas F1 Team,0 days 01:04:43.758000,2020-07-11 13:51:31.377,1,,False,,False,True
0 days 01:07:48.090000,MAG,20,0 days 00:01:40.666000,5.0,1.0,,,0 days 00:00:20.756000,0 days 00:00:39.563000,0 days 00:00:40.347000,0 days 01:06:28.180000,0 days 01:07:07.743000,0 days 01:07:48.090000,260.0,190.0,258.0,230.0,False,WET,5.0,True,Haas F1 Team,0 days 01:06:07.424000,2020-07-11 13:52:55.043,12,,False,,False,True
0 days 01:09:09.683000,MAG,20,0 days 00:01:21.593000,6.0,1.0,,,0 days 00:00:19.956000,0 days 00:00:35.981000,0 days 00:00:25.656000,0 days 01:08:08.046000,0 days 01:08:44.027000,0 days 01:09:09.683000,286.0,209.0,254.0,287.0,True,WET,6.0,True,Haas F1 Team,0 days 01:07:48.090000,2020-07-11 13:54:35.709,1,,False,,False,True
0 days 01:11:05.221000,MAG,20,0 days 00:01:55.538000,7.0,1.0,,0 days 01:11:01.890000,0 days 00:00:19.785000,0 days 00:01:02.503000,0 days 00:00:33.250000,0 days 01:09:29.468000,0 days 01:10:31.971000,0 days 01:11:05.221000,282.0,103.0,,285.0,False,WET,7.0,True,Haas F1 Team,0 days 01:09:09.683000,2020-07-11 13:55:57.302,1,,False,,False,False
0 days 01:13:12.329000,MAG,20,0 days 00:02:07.108000,8.0,2.0,0 days 01:11:42.358000,,0 days 00:00:56.583000,0 days 00:00:38.908000,0 days 00:00:31.617000,0 days 01:12:01.804000,0 days 01:12:40.712000,0 days 01:13:12.329000,264.0,203.0,257.0,203.0,False,WET,1.0,True,Haas F1 Team,0 days 01:11:05.221000,2020-07-11 13:57:52.840,1,,False,,False,False
0 days 01:14:33.556000,MAG,20,0 days 00:01:21.227000,9.0,2.0,,,0 days 00:00:19.791000,0 days 00:00:35.929000,0 days 00:00:25.507000,0 days 01:13:32.120000,0 days 01:14:08.049000,0 days 01:14:33.556000,288.0,206.0,260.0,285.0,True,WET,2.0,True,Haas F1 Team,0 days 01:13:12.329000,2020-07-11 13:59:59.948,1,,False,,False,True
0 days 01:15:54.696000,MAG,20,0 days 00:01:21.140000,10.0,2.0,,,0 days 00:00:19.695000,0 days 00:00:36.106000,0 days 00:00:25.339000,0 days 01:14:53.251000,0 days 01:15:29.357000,0 days 01:15:54.696000,287.0,201.0,262.0,285.0,True,WET,3.0,True,Haas F1 Team,0 days 01:14:33.556000,2020-07-11 14:01:21.175,12,,False,,False,True
0 days 01:25:01.746000,MAG,20,,11.0,2.0,,0 days 01:17:24.723000,0 days 00:00:20.227000,0 days 00:00:36.548000,,0 days 01:16:15.024000,0 days 01:16:51.494000,,288.0,211.0,,257.0,False,WET,4.0,True,Haas F1 Team,0 days 01:15:54.696000,2020-07-11 14:02:42.315,125,,False,,False,False
0 days 01:26:48.345000,MAG,20,,12.0,3.0,0 days 01:25:01.746000,,,0 days 00:00:40.166000,0 days 00:00:45.989000,,0 days 01:26:02.443000,0 days 01:26:48.402000,269.0,197.0,258.0,199.0,False,WET,1.0,True,Haas F1 Team,0 days 01:25:01.746000,2020-07-11 14:11:49.365,1,,False,,False,False
0 days 01:28:09.048000,MAG,20,0 days 00:01:20.703000,13.0,3.0,,,0 days 00:00:19.703000,0 days 00:00:35.974000,0 days 00:00:25.026000,0 days 01:27:08.048000,0 days 01:27:44.022000,0 days 01:28:09.048000,282.0,211.0,257.0,286.0,True,WET,2.0,True,Haas F1 Team,0 days 01:26:48.345000,2020-07-11 14:13:35.964,1,,False,,False,True
0 days 01:29:30.326000,MAG,20,0 days 00:01:21.278000,14.0,3.0,,,0 days 00:00:19.650000,0 days 00:00:36.112000,0 days 00:00:25.516000,0 days 01:28:28.698000,0 days 01:29:04.810000,0 days 01:29:30.326000,283.0,191.0,246.0,282.0,False,WET,3.0,True,Haas F1 Team,0 days 01:28:09.048000,2020-07-11 14:14:56.667,1,,False,,False,True
0 days 01:30:50.537000,MAG,20,0 days 00:01:20.211000,15.0,3.0,,,0 days 00:00:19.747000,0 days 00:00:35.602000,0 days 00:00:24.862000,0 days 01:29:50.073000,0 days 01:30:25.675000,0 days 01:30:50.537000,284.0,208.0,259.0,281.0,True,WET,4.0,True,Haas F1 Team,0 days 01:29:30.326000,2020-07-11 14:16:17.945,1,,False,,False,True
0 days 01:32:10.854000,MAG,20,0 days 00:01:20.317000,16.0,3.0,,,0 days 00:00:19.542000,0 days 00:00:35.559000,0 days 00:00:25.216000,0 days 01:31:10.079000,0 days 01:31:45.638000,0 days 01:32:10.854000,285.0,207.0,255.0,281.0,False,WET,5.0,True,Haas F1 Team,0 days 01:30:50.537000,2020-07-11 14:17:38.156,1,,False,,False,True
0 days 01:33:31.926000,MAG,20,0 days 00:01:21.072000,17.0,3.0,,,0 days 00:00:19.656000,0 days 00:00:35.567000,0 days 00:00:25.849000,0 days 01:32:30.510000,0 days 01:33:06.077000,0 days 01:33:31.926000,284.0,201.0,258.0,282.0,False,WET,6.0,True,Haas F1 Team,0 days 01:32:10.854000,2020-07-11 14:18:58.473,1,,True,TRACK LIMITS AT TURN 9,False,True
0 days 01:34:53.224000,MAG,20,0 days 00:01:21.298000,18.0,3.0,,,0 days 00:00:19.885000,0 days 00:00:35.681000,0 days 00:00:25.732000,0 days 01:33:51.811000,0 days 01:34:27.492000,0 days 01:34:53.224000,286.0,211.0,257.0,282.0,False,WET,7.0,True,Haas F1 Team,0 days 01:33:31.926000,2020-07-11 14:20:19.545,1,,False,,False,True
0 days 01:36:35.765000,MAG,20,0 days 00:01:42.541000,19.0,3.0,,,0 days 00:00:20.568000,0 days 00:00:44.469000,0 days 00:00:37.504000,0 days 01:35:13.792000,0 days 01:35:58.261000,0 days 01:36:35.765000,252.0,157.0,257.0,274.0,False,WET,8.0,True,Haas F1 Team,0 days 01:34:53.224000,2020-07-11 14:21:40.843,1,,False,,False,True
0 days 01:37:57.266000,MAG,20,0 days 00:01:21.501000,20.0,3.0,,,0 days 00:00:19.705000,0 days 00:00:35.859000,0 days 00:00:25.937000,0 days 01:36:55.470000,0 days 01:37:31.329000,0 days 01:37:57.266000,286.0,207.0,261.0,286.0,False,WET,9.0,True,Haas F1 Team,0 days 01:36:35.765000,2020-07-11 14:23:23.384,1,,False,,False,True
0 days 01:39:17.693000,MAG,20,0 days 00:01:20.427000,21.0,3.0,,,0 days 00:00:19.482000,0 days 00:00:35.487000,0 days 00:00:25.458000,0 days 01:38:16.748000,0 days 01:38:52.235000,0 days 01:39:17.693000,286.0,205.0,262.0,286.0,False,WET,10.0,True,Haas F1 Team,0 days 01:37:57.266000,2020-07-11 14:24:44.885,1,,False,,False,True
0 days 01:40:50.189000,MAG,20,0 days 00:01:32.496000,22.0,3.0,,0 days 01:40:46.876000,0 days 00:00:20.700000,0 days 00:00:38.042000,0 days 00:00:33.754000,0 days 01:39:38.393000,0 days 01:40:16.435000,0 days 01:40:50.189000,282.0,194.0,,257.0,False,WET,11.0,True,Haas F1 Team,0 days 01:39:17.693000,2020-07-11 14:26:05.312,1,,False,,False,False
0 days 01:01:06.366000,RAI,7,,1.0,1.0,0 days 00:59:22.200000,,,0 days 00:00:43.362000,0 days 00:00:35.767000,,0 days 01:00:30.601000,0 days 01:01:06.475000,201.0,175.0,248.0,179.0,False,WET,1.0,True,Alfa Romeo Racing,0 days 00:59:22.200000,2020-07-11 13:46:09.819,1,,False,,False,False
0 days 01:02:34.086000,RAI,7,0 days 00:01:27.720000,2.0,1.0,,,0 days 00:00:20.895000,0 days 00:00:39.659000,0 days 00:00:27.166000,0 days 01:01:27.261000,0 days 01:02:06.920000,0 days 01:02:34.086000,259.0,186.0,257.0,234.0,True,WET,2.0,True,Alfa Romeo Racing,0 days 01:01:06.366000,2020-07-11 13:47:53.985,1,,False,,False,True
0 days 01:03:58.226000,RAI,7,0 days 00:01:24.140000,3.0,1.0,,,0 days 00:00:20.241000,0 days 00:00:37.713000,0 days 00:00:26.186000,0 days 01:02:54.327000,0 days 01:03:32.040000,0 days 01:03:58.226000,273.0,202.0,258.0,254.0,True,WET,3.0,True,Alfa Romeo Racing,0 days 01:02:34.086000,2020-07-11 13:49:21.705,1,,False,,False,True
0 days 01:05:21.249000,RAI,7,0 days 00:01:23.023000,4.0,1.0,,,0 days 00:00:20.007000,0 days 00:00:37.435000,0 days 00:00:25.581000,0 days 01:04:18.233000,0 days 01:04:55.668000,0 days 01:05:21.249000,277.0,205.0,259.0,278.0,True,WET,4.0,True,Alfa Romeo Racing,0 days 01:03:58.226000,2020-07-11 13:50:45.845,1,,False,,False,True
0 days 01:06:43.083000,RAI,7,0 days 00:01:21.834000,5.0,1.0,,,0 days 00:00:19.955000,0 days 00:00:36.656000,0 days 00:00:25.223000,0 days 01:05:41.204000,0 days 01:06:17.860000,0 days 01:06:43.083000,281.0,206.0,260.0,287.0,True,WET,5.0,True,Alfa Romeo Racing,0 days 01:05:21.249000,2020-07-11 13:52:08.868,12,,False,,False,True
0 days 01:08:04.455000,RAI,7,0 days 00:01:21.372000,6.0,1.0,,,0 days 00:00:19.793000,0 days 00:00:36.473000,0 days 00:00:25.106000,0 days 01:07:02.876000,0 days 01:07:39.349000,0 days 01:08:04.455000,282.0,212.0,260.0,287.0,True,WET,6.0,True,Alfa Romeo Racing,0 days 01:06:43.083000,2020-07-11 13:53:30.702,1,,False,,False,True
0 days 01:09:25.843000,RAI,7,0 days 00:01:21.388000,7.0,1.0,,,0 days 00:00:19.698000,0 days 00:00:36.248000,0 days 00:00:25.442000,0 days 01:08:24.153000,0 days 01:09:00.401000,0 days 01:09:25.843000,286.0,212.0,259.0,291.0,False,WET,7.0,True,Alfa Romeo Racing,0 days 01:08:04.455000,2020-07-11 13:54:52.074,1,,False,,False,True
0 days 01:10:56.629000,RAI,7,0 days 00:01:30.786000,8.0,1.0,,0 days 01:10:53.352000,0 days 00:00:20.563000,0 days 00:00:39.237000,0 days 00:00:30.986000,0 days 01:09:46.406000,0 days 01:10:25.643000,0 days 01:10:56.629000,253.0,189.0,,245.0,False,WET,8.0,True,Alfa Romeo Racing,0 days 01:09:25.843000,2020-07-11 13:56:13.462,1,,False,,False,False
0 days 01:13:09.042000,RAI,7,0 days 00:02:12.413000,9.0,2.0,0 days 01:11:39.455000,,0 days 00:01:03.213000,0 days 00:00:39.483000,0 days 00:00:29.717000,0 days 01:11:59.842000,0 days 01:12:39.325000,0 days 01:13:09.042000,227.0,194.0,255.0,233.0,False,WET,1.0,True,Alfa Romeo Racing,0 days 01:10:56.629000,2020-07-11 13:57:44.248,1,,False,,False,False
0 days 01:14:31.812000,RAI,7,0 days 00:01:22.770000,10.0,2.0,,,0 days 00:00:20.092000,0 days 00:00:37.236000,0 days 00:00:25.442000,0 days 01:13:29.134000,0 days 01:14:06.370000,0 days 01:14:31.812000,265.0,207.0,262.0,267.0,False,WET,2.0,True,Alfa Romeo Racing,0 days 01:13:09.042000,2020-07-11 13:59:56.661,1,,False,,False,True
0 days 01:15:53.984000,RAI,7,0 days 00:01:22.172000,11.0,2.0,,,0 days 00:00:19.524000,0 days 00:00:36.661000,0 days 00:00:25.987000,0 days 01:14:51.336000,0 days 01:15:27.997000,0 days 01:15:53.984000,284.0,212.0,263.0,290.0,False,WET,3.0,True,Alfa Romeo Racing,0 days 01:14:31.812000,2020-07-11 14:01:19.431,12,,False,,False,True
0 days 01:19:09.620000,RAI,7,,12.0,2.0,,0 days 01:19:09.620000,0 days 00:00:19.653000,0 days 00:00:36.471000,,0 days 01:16:13.735000,0 days 01:16:50.145000,,273.0,211.0,,288.0,False,WET,4.0,True,Alfa Romeo Racing,0 days 01:15:53.984000,2020-07-11 14:02:41.603,125,,False,,False,False
0 days 01:01:42.098000,PER,11,,1.0,1.0,0 days 00:59:53.677000,,,0 days 00:00:44.598000,0 days 00:00:39.222000,,0 days 01:01:02.931000,0 days 01:01:42.380000,219.0,161.0,251.0,149.0,False,WET,1.0,True,Racing Point,0 days 00:59:53.677000,2020-07-11 13:46:41.296,1,,False,,False,False
0 days 01:03:09.454000,PER,11,0 days 00:01:27.356000,2.0,1.0,,,0 days 00:00:20.882000,0 days 00:00:39.244000,0 days 00:00:27.230000,0 days 01:02:02.980000,0 days 01:02:42.224000,0 days 01:03:09.454000,257.0,199.0,260.0,252.0,True,WET,2.0,True,Racing Point,0 days 01:01:42.098000,2020-07-11 13:48:29.717,1,,False,,False,True
0 days 01:04:34.415000,PER,11,0 days 00:01:24.961000,3.0,1.0,,,0 days 00:00:20.141000,0 days 00:00:38.158000,0 days 00:00:26.662000,0 days 01:03:29.595000,0 days 01:04:07.753000,0 days 01:04:34.415000,271.0,205.0,261.0,234.0,True,WET,3.0,True,Racing Point,0 days 01:03:09.454000,2020-07-11 13:49:57.073,1,,False,,False,True
0 days 01:06:05.693000,PER,11,0 days 00:01:31.278000,4.0,1.0,,,0 days 00:00:21.728000,0 days 00:00:41.442000,0 days 00:00:28.108000,0 days 01:04:56.143000,0 days 01:05:37.585000,0 days 01:06:05.693000,240.0,196.0,260.0,231.0,False,WET,4.0,True,Racing Point,0 days 01:04:34.415000,2020-07-11 13:51:22.034,1,,False,,False,True
0 days 01:07:29.048000,PER,11,0 days 00:01:23.355000,5.0,1.0,,,0 days 00:00:20.077000,0 days 00:00:37.358000,0 days 00:00:25.920000,0 days 01:06:25.770000,0 days 01:07:03.128000,0 days 01:07:29.048000,290.0,208.0,263.0,256.0,True,WET,5.0,True,Racing Point,0 days 01:06:05.693000,2020-07-11 13:52:53.312,12,,False,,False,True
0 days 01:08:53.220000,PER,11,0 days 00:01:24.172000,6.0,1.0,,,0 days 00:00:19.957000,0 days 00:00:37.558000,0 days 00:00:26.657000,0 days 01:07:49.005000,0 days 01:08:26.563000,0 days 01:08:53.220000,287.0,210.0,264.0,278.0,False,WET,6.0,True,Racing Point,0 days 01:07:29.048000,2020-07-11 13:54:16.667,1,,False,,False,True
0 days 01:10:15.529000,PER,11,0 days 00:01:22.309000,7.0,1.0,,,0 days 00:00:19.610000,0 days 00:00:36.821000,0 days 00:00:25.878000,0 days 01:09:12.830000,0 days 01:09:49.651000,0 days 01:10:15.529000,292.0,204.0,265.0,291.0,True,WET,7.0,True,Racing Point,0 days 01:08:53.220000,2020-07-11 13:55:40.839,1,,False,,False,True
0 days 01:11:41.776000,PER,11,0 days 00:01:26.247000,8.0,1.0,,0 days 01:11:38.464000,0 days 00:00:19.613000,0 days 00:00:36.587000,0 days 00:00:30.047000,0 days 01:10:35.142000,0 days 01:11:11.729000,0 days 01:11:41.776000,294.0,215.0,,274.0,False,WET,8.0,True,Racing Point,0 days 01:10:15.529000,2020-07-11 13:57:03.148,1,,False,,False,False
0 days 01:13:26.863000,PER,11,0 days 00:01:45.087000,9.0,2.0,0 days 01:12:04.563000,,0 days 00:00:41.703000,0 days 00:00:37.822000,0 days 00:00:25.562000,0 days 01:12:23.479000,0 days 01:13:01.301000,0 days 01:13:26.863000,284.0,206.0,263.0,286.0,False,WET,1.0,True,Racing Point,0 days 01:11:41.776000,2020-07-11 13:58:29.395,1,,False,,False,False
0 days 01:14:48.470000,PER,11,0 days 00:01:21.607000,10.0,2.0,,,0 days 00:00:19.713000,0 days 00:00:36.777000,0 days 00:00:25.117000,0 days 01:13:46.576000,0 days 01:14:23.353000,0 days 01:14:48.470000,290.0,213.0,266.0,291.0,True,WET,2.0,True,Racing Point,0 days 01:13:26.863000,2020-07-11 14:00:14.482,1,,False,,False,True
0 days 01:16:10.302000,PER,11,0 days 00:01:21.832000,11.0,2.0,,,0 days 00:00:19.794000,0 days 00:00:36.291000,0 days 00:00:25.747000,0 days 01:15:08.264000,0 days 01:15:44.555000,0 days 01:16:10.302000,291.0,216.0,261.0,295.0,False,WET,3.0,True,Racing Point,0 days 01:14:48.470000,2020-07-11 14:01:36.089,12,,False,,False,True
0 days 01:17:49.397000,PER,11,,12.0,2.0,,0 days 01:17:49.397000,0 days 00:00:19.541000,,,0 days 01:16:29.878000,,,292.0,,,294.0,False,WET,4.0,True,Racing Point,0 days 01:16:10.302000,2020-07-11 14:02:57.921,125,,False,,False,False
0 days 01:01:10.892000,LAT,6,,1.0,1.0,0 days 00:59:23.331000,,,0 days 00:00:43.919000,0 days 00:00:37.972000,,0 days 01:00:33.095000,0 days 01:01:11.195000,214.0,172.0,252.0,200.0,False,WET,1.0,True,Williams,0 days 00:59:23.331000,2020-07-11 13:46:10.950,1,,False,,False,False
0 days 01:02:36.850000,LAT,6,0 days 00:01:25.958000,2.0,1.0,,,0 days 00:00:20.166000,0 days 00:00:38.965000,0 days 00:00:26.827000,0 days 01:01:31.058000,0 days 01:02:10.023000,0 days 01:02:36.850000,278.0,193.0,261.0,262.0,True,WET,2.0,True,Williams,0 days 01:01:10.892000,2020-07-11 13:47:58.511,1,,False,,False,True
0 days 01:04:00.706000,LAT,6,0 days 00:01:23.856000,3.0,1.0,,,0 days 00:00:19.687000,0 days 00:00:37.795000,0 days 00:00:26.374000,0 days 01:02:56.537000,0 days 01:03:34.332000,0 days 01:04:00.706000,278.0,202.0,263.0,286.0,True,WET,3.0,True,Williams,0 days 01:02:36.850000,2020-07-11 13:49:24.469,1,,False,,False,True
0 days 01:05:24.913000,LAT,6,0 days 00:01:24.207000,4.0,1.0,,,0 days 00:00:19.952000,0 days 00:00:37.757000,0 days 00:00:26.498000,0 days 01:04:20.658000,0 days 01:04:58.415000,0 days 01:05:24.913000,281.0,201.0,257.0,286.0,False,WET,4.0,True,Williams,0 days 01:04:00.706000,2020-07-11 13:50:48.325,1,,False,,False,True
0 days 01:06:50.572000,LAT,6,0 days 00:01:25.659000,5.0,1.0,,,0 days 00:00:19.629000,,,0 days 01:05:44.542000,,,279.0,201.0,262.0,289.0,False,WET,5.0,True,Williams,0 days 01:05:24.913000,2020-07-11 13:52:12.532,12,,False,,False,False
0 days 01:08:12.543000,LAT,6,0 days 00:01:21.971000,6.0,1.0,,,0 days 00:00:19.675000,0 days 00:00:36.709000,0 days 00:00:25.587000,0 days 01:07:10.247000,0 days 01:07:46.956000,0 days 01:08:12.543000,279.0,213.0,261.0,287.0,True,WET,6.0,True,Williams,0 days 01:06:50.572000,2020-07-11 13:53:38.191,1,,False,,False,True
0 days 01:09:42.212000,LAT,6,0 days 00:01:29.669000,7.0,1.0,,0 days 01:09:38.945000,0 days 00:00:21.025000,0 days 00:00:37.315000,0 days 00:00:31.329000,0 days 01:08:33.568000,0 days 01:09:10.883000,0 days 01:09:42.212000,289.0,207.0,,274.0,False,WET,7.0,True,Williams,0 days 01:08:12.543000,2020-07-11 13:55:00.162,1,,False,,False,False
0 days 01:11:30.628000,LAT,6,0 days 00:01:48.416000,8.0,2.0,0 days 01:10:03.235000,,0 days 00:00:41.066000,0 days 00:00:39.160000,0 days 00:00:28.190000,0 days 01:10:23.278000,0 days 01:11:02.438000,0 days 01:11:30.628000,266.0,202.0,261.0,261.0,False,WET,1.0,True,Williams,0 days 01:09:42.212000,2020-07-11 13:56:29.831,1,,False,,False,False
0 days 01:12:54.351000,LAT,6,0 days 00:01:23.723000,9.0,2.0,,,0 days 00:00:19.984000,0 days 00:00:37.293000,0 days 00:00:26.446000,0 days 01:11:50.612000,0 days 01:12:27.905000,0 days 01:12:54.351000,286.0,205.0,264.0,288.0,False,WET,2.0,True,Williams,0 days 01:11:30.628000,2020-07-11 13:58:18.247,1,,False,,False,True
0 days 01:14:17.648000,LAT,6,0 days 00:01:23.297000,10.0,2.0,,,0 days 00:00:20.012000,0 days 00:00:36.728000,0 days 00:00:26.557000,0 days 01:13:14.363000,0 days 01:13:51.091000,0 days 01:14:17.648000,286.0,211.0,264.0,293.0,False,WET,3.0,True,Williams,0 days 01:12:54.351000,2020-07-11 13:59:41.970,1,,False,,False,True
0 days 01:15:39.407000,LAT,6,0 days 00:01:21.759000,11.0,2.0,,,0 days 00:00:19.629000,0 days 00:00:36.103000,0 days 00:00:26.027000,0 days 01:14:37.277000,0 days 01:15:13.380000,0 days 01:15:39.407000,284.0,215.0,265.0,291.0,True,WET,4.0,True,Williams,0 days 01:14:17.648000,2020-07-11 14:01:05.267,12,,False,,False,True
0 days 01:18:51.694000,LAT,6,,12.0,2.0,,0 days 01:18:51.694000,0 days 00:00:19.538000,0 days 00:00:36.151000,,0 days 01:15:58.995000,0 days 01:16:35.206000,,286.0,214.0,,293.0,False,WET,5.0,True,Williams,0 days 01:15:39.407000,2020-07-11 14:02:27.026,215,,False,,False,False
0 days 01:00:49.092000,GIO,99,,1.0,1.0,0 days 00:59:17.033000,,,0 days 00:00:40.084000,0 days 00:00:29.016000,,0 days 01:00:20.083000,0 days 01:00:49.370000,240.0,200.0,257.0,225.0,False,WET,1.0,True,Alfa Romeo Racing,0 days 00:59:17.033000,2020-07-11 13:46:04.652,1,,False,,False,False
0 days 01:02:13.428000,GIO,99,0 days 00:01:24.336000,2.0,1.0,,,0 days 00:00:19.900000,0 days 00:00:37.968000,0 days 00:00:26.468000,0 days 01:01:08.992000,0 days 01:01:46.960000,0 days 01:02:13.428000,284.0,206.0,259.0,258.0,True,WET,2.0,True,Alfa Romeo Racing,0 days 01:00:49.092000,2020-07-11 13:47:36.711,1,,False,,False,True
0 days 01:03:37.256000,GIO,99,0 days 00:01:23.828000,3.0,1.0,,,0 days 00:00:19.925000,0 days 00:00:37.525000,0 days 00:00:26.378000,0 days 01:02:33.353000,0 days 01:03:10.878000,0 days 01:03:37.256000,286.0,205.0,260.0,272.0,True,WET,3.0,True,Alfa Romeo Racing,0 days 01:02:13.428000,2020-07-11 13:49:01.047,1,,False,,False,True
0 days 01:05:00.697000,GIO,99,0 days 00:01:23.441000,4.0,1.0,,,0 days 00:00:19.911000,0 days 00:00:37.538000,0 days 00:00:25.992000,0 days 01:03:57.167000,0 days 01:04:34.705000,0 days 01:05:00.697000,276.0,209.0,262.0,274.0,True,WET,4.0,True,Alfa Romeo Racing,0 days 01:03:37.256000,2020-07-11 13:50:24.875,1,,False,,False,True
0 days 01:06:26.368000,GIO,99,0 days 00:01:25.671000,5.0,1.0,,,0 days 00:00:19.689000,0 days 00:00:37.590000,0 days 00:00:28.392000,0 days 01:05:20.386000,0 days 01:05:57.976000,0 days 01:06:26.368000,289.0,208.0,261.0,287.0,False,WET,5.0,True,Alfa Romeo Racing,0 days 01:05:00.697000,2020-07-11 13:51:48.316,1,,False,,False,True
0 days 01:07:49.071000,GIO,99,0 days 00:01:22.703000,6.0,1.0,,,0 days 00:00:19.587000,0 days 00:00:36.928000,0 days 00:00:26.188000,0 days 01:06:45.955000,0 days 01:07:22.883000,0 days 01:07:49.071000,287.0,211.0,261.0,291.0,True,WET,6.0,True,Alfa Romeo Racing,0 days 01:06:26.368000,2020-07-11 13:53:13.987,12,,False,,False,True
0 days 01:09:15.372000,GIO,99,0 days 00:01:26.301000,7.0,1.0,,,0 days 00:00:20.695000,0 days 00:00:38.806000,0 days 00:00:26.800000,0 days 01:08:09.766000,0 days 01:08:48.572000,0 days 01:09:15.372000,265.0,199.0,263.0,255.0,False,WET,7.0,True,Alfa Romeo Racing,0 days 01:07:49.071000,2020-07-11 13:54:36.690,1,,False,,False,True
0 days 01:10:41.640000,GIO,99,0 days 00:01:26.268000,8.0,1.0,,0 days 01:10:38.351000,0 days 00:00:19.473000,0 days 00:00:36.700000,0 days 00:00:30.095000,0 days 01:09:34.845000,0 days 01:10:11.545000,0 days 01:10:41.640000,288.0,210.0,,288.0,False,WET,8.0,True,Alfa Romeo Racing,0 days 01:09:15.372000,2020-07-11 13:56:02.991,1,,False,,False,False
0 days 01:12:48.795000,GIO,99,0 days 00:02:07.155000,9.0,2.0,0 days 01:11:22.836000,,0 days 00:01:01.456000,0 days 00:00:38.756000,0 days 00:00:26.943000,0 days 01:11:43.096000,0 days 01:12:21.852000,0 days 01:12:48.795000,270.0,200.0,263.0,264.0,False,WET,1.0,True,Alfa Romeo Racing,0 days 01:10:41.640000,2020-07-11 13:57:29.259,1,,False,,False,False
0 days 01:14:10.626000,GIO,99,0 days 00:01:21.831000,10.0,2.0,,,0 days 00:00:19.516000,0 days 00:00:36.651000,0 days 00:00:25.664000,0 days 01:13:08.311000,0 days 01:13:44.962000,0 days 01:14:10.626000,290.0,210.0,263.0,290.0,True,WET,2.0,True,Alfa Romeo Racing,0 days 01:12:48.795000,2020-07-11 13:59:36.414,1,,False,,False,True
0 days 01:15:45.753000,GIO,99,0 days 00:01:35.127000,11.0,2.0,,,0 days 00:00:19.469000,0 days 00:00:35.963000,0 days 00:00:39.695000,0 days 01:14:30.095000,0 days 01:15:06.058000,0 days 01:15:45.753000,288.0,214.0,208.0,291.0,False,WET,3.0,True,Alfa Romeo Racing,0 days 01:14:10.626000,2020-07-11 14:00:58.245,12,,False,,False,True
0 days 01:22:27.311000,GIO,99,,12.0,2.0,,0 days 01:22:27.311000,0 days 00:00:23.624000,,,0 days 01:16:09.416000,,,201.0,,,132.0,False,WET,4.0,True,Alfa Romeo Racing,0 days 01:15:45.753000,2020-07-11 14:02:33.372,125,,False,,False,False
0 days 01:02:23.296000,GRO,8,,1.0,1.0,0 days 01:00:39.414000,0 days 01:02:19.959000,,0 days 00:00:49.014000,0 days 00:00:34.192000,,0 days 01:01:49.104000,0 days 01:02:23.531000,251.0,168.0,,228.0,False,WET,1.0,True,Haas F1 Team,0 days 01:00:39.414000,2020-07-11 13:47:27.033,1,,False,,False,False
