Time,Driver,DriverNumber,LapTime,LapNumber,Stint,PitOutTime,PitInTime,Sector1Time,Sector2Time,Sector3Time,Sector1SessionTime,Sector2SessionTime,Sector3SessionTime,SpeedI1,SpeedI2,SpeedFL,SpeedST,IsPersonalBest,Compound,TyreLife,FreshTyre,Team,LapStartTime,LapStartDate,TrackStatus,Position,Deleted,DeletedReason,FastF1Generated,IsAccurate
0 days 00:20:51.307000,BOT,77,,1.0,1.0,0 days 00:19:49.368000,,,0 days 00:00:22.686000,0 days 00:00:18.493000,,0 days 00:20:32.910000,0 days 00:20:51.678000,261.0,257.0,299.0,199.0,False,MEDIUM,1.0,True,Mercedes,0 days 00:19:49.368000,2020-12-05 17:04:49.403,1,,False,,False,False
0 days 00:21:45.914000,BOT,77,0 days 00:00:54.607000,2.0,1.0,,,0 days 00:00:19.118000,0 days 00:00:19.022000,0 days 00:00:16.467000,0 days 00:21:10.425000,0 days 00:21:29.447000,0 days 00:21:45.914000,290.0,268.0,298.0,328.0,True,MEDIUM,2.0,True,Mercedes,0 days 00:20:51.307000,2020-12-05 17:05:51.342,1,,False,,False,True
0 days 00:23:01.759000,BOT,77,0 days 00:01:15.845000,3.0,1.0,,,0 days 00:00:25.364000,0 days 00:00:29.398000,0 days 00:00:21.083000,0 days 00:22:11.278000,0 days 00:22:40.676000,0 days 00:23:01.759000,192.0,196.0,253.0,249.0,False,MEDIUM,3.0,True,Mercedes,0 days 00:21:45.914000,2020-12-05 17:06:45.949,1,,False,,False,True
0 days 00:24:17.057000,BOT,77,0 days 00:01:15.298000,4.0,1.0,,,0 days 00:00:25.146000,0 days 00:00:27.265000,0 days 00:00:22.887000,0 days 00:23:26.905000,0 days 00:23:54.170000,0 days 00:24:17.057000,225.0,220.0,302.0,236.0,False,MEDIUM,4.0,True,Mercedes,0 days 00:23:01.759000,2020-12-05 17:08:01.794,1,,False,,False,True
0 days 00:25:28.940000,BOT,77,0 days 00:01:11.883000,5.0,1.0,,0 days 00:25:27.239000,0 days 00:00:18.964000,0 days 00:00:22.318000,0 days 00:00:30.601000,0 days 00:24:36.021000,0 days 00:24:58.339000,0 days 00:25:28.940000,290.0,241.0,,330.0,False,MEDIUM,5.0,True,Mercedes,0 days 00:24:17.057000,2020-12-05 17:09:17.092,1,,False,,False,False
0 days 00:30:15.415000,BOT,77,,6.0,2.0,0 days 00:29:05.221000,,,0 days 00:00:26.847000,0 days 00:00:21.756000,,0 days 00:29:53.789000,0 days 00:30:15.655000,262.0,231.0,298.0,182.0,False,SOFT,1.0,True,Mercedes,0 days 00:25:28.940000,2020-12-05 17:10:28.975,1,,False,,False,False
0 days 00:31:09.319000,BOT,77,0 days 00:00:53.904000,7.0,2.0,,,0 days 00:00:18.709000,0 days 00:00:18.777000,0 days 00:00:16.418000,0 days 00:30:34.124000,0 days 00:30:52.901000,0 days 00:31:09.319000,293.0,274.0,299.0,327.0,True,SOFT,2.0,True,Mercedes,0 days 00:30:15.415000,2020-12-05 17:15:15.450,1,,False,,False,True
0 days 00:32:23.721000,BOT,77,0 days 00:01:14.402000,8.0,2.0,,0 days 00:32:21.979000,0 days 00:00:24.238000,0 days 00:00:27.982000,0 days 00:00:22.182000,0 days 00:31:33.557000,0 days 00:32:01.539000,0 days 00:32:23.721000,181.0,245.0,,179.0,False,SOFT,3.0,True,Mercedes,0 days 00:31:09.319000,2020-12-05 17:16:09.354,1,,False,,False,False
0 days 00:43:37.315000,BOT,77,,9.0,3.0,0 days 00:42:32.215000,,,0 days 00:00:26.832000,0 days 00:00:17.255000,,0 days 00:43:20.143000,0 days 00:43:37.373000,259.0,247.0,299.0,184.0,False,MEDIUM,1.0,True,Mercedes,0 days 00:32:23.721000,2020-12-05 17:17:23.756,1,,False,,False,False
0 days 00:44:31.118000,BOT,77,0 days 00:00:53.803000,10.0,3.0,,,0 days 00:00:18.769000,0 days 00:00:18.687000,0 days 00:00:16.347000,0 days 00:43:56.084000,0 days 00:44:14.771000,0 days 00:44:31.118000,291.0,271.0,297.0,327.0,True,MEDIUM,2.0,True,Mercedes,0 days 00:43:37.315000,2020-12-05 17:28:37.350,1,,False,,False,True
0 days 00:45:47.779000,BOT,77,0 days 00:01:16.661000,11.0,3.0,,,0 days 00:00:24.266000,0 days 00:00:28.728000,0 days 00:00:23.667000,0 days 00:44:55.384000,0 days 00:45:24.112000,0 days 00:45:47.779000,195.0,195.0,194.0,288.0,False,MEDIUM,3.0,True,Mercedes,0 days 00:44:31.118000,2020-12-05 17:29:31.153,1,,False,,False,True
0 days 00:47:02.152000,BOT,77,0 days 00:01:14.373000,12.0,3.0,,0 days 00:47:00.421000,0 days 00:00:26.607000,0 days 00:00:25.234000,0 days 00:00:22.532000,0 days 00:46:14.386000,0 days 00:46:39.620000,0 days 00:47:02.152000,268.0,248.0,,198.0,False,MEDIUM,4.0,True,Mercedes,0 days 00:45:47.779000,2020-12-05 17:30:47.814,1,,False,,False,False
0 days 00:54:22.722000,BOT,77,,13.0,4.0,0 days 00:53:15.557000,,,0 days 00:00:24.045000,0 days 00:00:21.306000,,0 days 00:54:01.478000,0 days 00:54:22.795000,270.0,239.0,301.0,163.0,False,MEDIUM,1.0,True,Mercedes,0 days 00:47:02.152000,2020-12-05 17:32:02.187,1,,False,,False,False
0 days 00:55:18.611000,BOT,77,0 days 00:00:55.889000,14.0,4.0,,,0 days 00:00:19.020000,0 days 00:00:19.112000,0 days 00:00:17.757000,0 days 00:54:41.742000,0 days 00:55:00.854000,0 days 00:55:18.611000,291.0,266.0,268.0,330.0,False,MEDIUM,2.0,True,Mercedes,0 days 00:54:22.722000,2020-12-05 17:39:22.757,1,,False,,False,True
0 days 00:56:28.472000,BOT,77,0 days 00:01:09.861000,15.0,4.0,,0 days 00:56:26.719000,0 days 00:00:22.669000,0 days 00:00:25.164000,0 days 00:00:22.028000,0 days 00:55:41.280000,0 days 00:56:06.444000,0 days 00:56:28.472000,259.0,251.0,,262.0,False,MEDIUM,3.0,True,Mercedes,0 days 00:55:18.611000,2020-12-05 17:40:18.646,1,,False,,False,False
0 days 01:04:14.464000,BOT,77,,16.0,5.0,0 days 01:03:02.398000,,,0 days 00:00:28.544000,0 days 00:00:20.886000,,0 days 01:03:53.614000,0 days 01:04:14.500000,252.0,208.0,295.0,186.0,False,SOFT,4.0,False,Mercedes,0 days 00:56:28.472000,2020-12-05 17:41:28.507,12,,False,,False,False
0 days 01:05:08.224000,BOT,77,0 days 00:00:53.760000,17.0,5.0,,,0 days 00:00:18.783000,0 days 00:00:18.610000,0 days 00:00:16.367000,0 days 01:04:33.247000,0 days 01:04:51.857000,0 days 01:05:08.224000,291.0,273.0,296.0,320.0,True,SOFT,5.0,False,Mercedes,0 days 01:04:14.464000,2020-12-05 17:49:14.499,1,,False,,False,True
0 days 01:06:16.547000,BOT,77,0 days 00:01:08.323000,18.0,5.0,,0 days 01:06:14.704000,0 days 00:00:21.641000,0 days 00:00:25.451000,0 days 00:00:21.231000,0 days 01:05:29.865000,0 days 01:05:55.316000,0 days 01:06:16.547000,257.0,245.0,,230.0,False,SOFT,6.0,False,Mercedes,0 days 01:05:08.224000,2020-12-05 17:50:08.259,1,,False,,False,False
0 days 01:08:55.752000,BOT,77,,19.0,6.0,0 days 01:07:45.377000,,,0 days 00:00:29.552000,0 days 00:00:17.993000,,0 days 01:08:37.804000,0 days 01:08:55.786000,242.0,246.0,299.0,171.0,False,SOFT,1.0,True,Mercedes,0 days 01:06:16.547000,2020-12-05 17:51:16.582,1,,False,,False,False
0 days 01:09:49.129000,BOT,77,0 days 00:00:53.377000,20.0,6.0,,,0 days 00:00:18.597000,0 days 00:00:18.474000,0 days 00:00:16.306000,0 days 01:09:14.349000,0 days 01:09:32.823000,0 days 01:09:49.129000,290.0,274.0,296.0,326.0,True,SOFT,2.0,True,Mercedes,0 days 01:08:55.752000,2020-12-05 17:53:55.787,1,,False,,False,True
0 days 01:10:54.678000,BOT,77,0 days 00:01:05.549000,21.0,6.0,,0 days 01:10:52.859000,0 days 00:00:21.367000,0 days 00:00:22.918000,0 days 00:00:21.264000,0 days 01:10:10.496000,0 days 01:10:33.414000,0 days 01:10:54.678000,255.0,244.0,,295.0,False,SOFT,3.0,True,Mercedes,0 days 01:09:49.129000,2020-12-05 17:54:49.164,1,,False,,False,False
0 days 01:14:05.752000,BOT,77,,22.0,7.0,0 days 01:12:57.305000,,,0 days 00:00:26.368000,0 days 00:00:19.221000,,0 days 01:13:46.533000,0 days 01:14:05.838000,255.0,242.0,296.0,164.0,False,SOFT,1.0,True,Mercedes,0 days 01:10:54.678000,2020-12-05 17:55:54.713,1,,False,,False,False
0 days 01:14:59.163000,BOT,77,0 days 00:00:53.411000,23.0,7.0,,,0 days 00:00:18.620000,0 days 00:00:18.552000,0 days 00:00:16.239000,0 days 01:14:24.372000,0 days 01:14:42.924000,0 days 01:14:59.163000,291.0,274.0,297.0,322.0,False,SOFT,2.0,True,Mercedes,0 days 01:14:05.752000,2020-12-05 17:59:05.787,1,,False,,False,True
0 days 01:16:12.739000,BOT,77,0 days 00:01:13.576000,24.0,7.0,,0 days 01:16:09.691000,0 days 00:00:25.097000,0 days 00:00:22.620000,0 days 00:00:25.859000,0 days 01:15:24.260000,0 days 01:15:46.880000,0 days 01:16:12.739000,180.0,228.0,,208.0,False,SOFT,3.0,True,Mercedes,0 days 01:14:59.163000,2020-12-05 17:59:59.198,1,,False,,False,False
0 days 00:21:00.882000,RUS,63,,1.0,1.0,0 days 00:19:51.950000,,,0 days 00:00:24.615000,0 days 00:00:22.666000,,0 days 00:20:38.216000,0 days 00:21:01.173000,258.0,249.0,297.0,201.0,False,MEDIUM,1.0,True,Mercedes,0 days 00:19:51.950000,2020-12-05 17:04:51.985,1,,False,,False,False
0 days 00:21:55.659000,RUS,63,0 days 00:00:54.777000,2.0,1.0,,,0 days 00:00:19.087000,0 days 00:00:19.152000,0 days 00:00:16.538000,0 days 00:21:19.969000,0 days 00:21:39.121000,0 days 00:21:55.659000,289.0,272.0,298.0,327.0,True,MEDIUM,2.0,True,Mercedes,0 days 00:21:00.882000,2020-12-05 17:06:00.917,1,,False,,False,True
0 days 00:23:12.365000,RUS,63,0 days 00:01:16.706000,3.0,1.0,,,0 days 00:00:25.185000,0 days 00:00:30.216000,0 days 00:00:21.305000,0 days 00:22:20.844000,0 days 00:22:51.060000,0 days 00:23:12.365000,229.0,231.0,256.0,243.0,False,MEDIUM,3.0,True,Mercedes,0 days 00:21:55.659000,2020-12-05 17:06:55.694,1,,False,,False,True
0 days 00:24:27.385000,RUS,63,0 days 00:01:15.020000,4.0,1.0,,,0 days 00:00:24.592000,0 days 00:00:28.453000,0 days 00:00:21.975000,0 days 00:23:36.957000,0 days 00:24:05.410000,0 days 00:24:27.385000,217.0,237.0,299.0,288.0,False,MEDIUM,4.0,True,Mercedes,0 days 00:23:12.365000,2020-12-05 17:08:12.400,1,,False,,False,True
0 days 00:25:22.257000,RUS,63,0 days 00:00:54.872000,5.0,1.0,,,0 days 00:00:19.323000,0 days 00:00:19.050000,0 days 00:00:16.499000,0 days 00:24:46.708000,0 days 00:25:05.758000,0 days 00:25:22.257000,289.0,271.0,299.0,329.0,False,MEDIUM,5.0,True,Mercedes,0 days 00:24:27.385000,2020-12-05 17:09:27.420,1,,False,,False,True
0 days 00:26:34.655000,RUS,63,0 days 00:01:12.398000,6.0,1.0,,0 days 00:26:32.950000,0 days 00:00:23.534000,0 days 00:00:27.617000,0 days 00:00:21.247000,0 days 00:25:45.791000,0 days 00:26:13.408000,0 days 00:26:34.655000,169.0,247.0,,284.0,False,MEDIUM,6.0,True,Mercedes,0 days 00:25:22.257000,2020-12-05 17:10:22.292,1,,False,,False,False
0 days 00:30:20.653000,RUS,63,,7.0,2.0,0 days 00:29:07.568000,,,0 days 00:00:27.777000,0 days 00:00:22.812000,,0 days 00:29:57.951000,0 days 00:30:20.912000,264.0,241.0,298.0,186.0,False,SOFT,1.0,True,Mercedes,0 days 00:26:34.655000,2020-12-05 17:11:34.690,1,,False,,False,False
0 days 00:31:14.813000,RUS,63,0 days 00:00:54.160000,8.0,2.0,,,0 days 00:00:18.960000,0 days 00:00:18.763000,0 days 00:00:16.437000,0 days 00:30:39.613000,0 days 00:30:58.376000,0 days 00:31:14.813000,290.0,274.0,299.0,328.0,True,SOFT,2.0,True,Mercedes,0 days 00:30:20.653000,2020-12-05 17:15:20.688,1,,False,,False,True
0 days 00:32:33.705000,RUS,63,0 days 00:01:18.892000,9.0,2.0,,0 days 00:32:31.970000,0 days 00:00:26.182000,0 days 00:00:27.544000,0 days 00:00:25.166000,0 days 00:31:40.995000,0 days 00:32:08.539000,0 days 00:32:33.705000,221.0,245.0,,165.0,False,SOFT,3.0,True,Mercedes,0 days 00:31:14.813000,2020-12-05 17:16:14.848,1,,False,,False,False
0 days 00:43:43.697000,RUS,63,,10.0,3.0,0 days 00:42:35.469000,,,0 days 00:00:23.661000,0 days 00:00:18.890000,,0 days 00:43:24.860000,0 days 00:43:43.769000,263.0,250.0,299.0,145.0,False,MEDIUM,1.0,True,Mercedes,0 days 00:32:33.705000,2020-12-05 17:17:33.740,1,,False,,False,False
0 days 00:44:37.516000,RUS,63,0 days 00:00:53.819000,11.0,3.0,,,0 days 00:00:18.805000,0 days 00:00:18.583000,0 days 00:00:16.431000,0 days 00:44:02.502000,0 days 00:44:21.085000,0 days 00:44:37.516000,292.0,275.0,298.0,327.0,True,MEDIUM,2.0,True,Mercedes,0 days 00:43:43.697000,2020-12-05 17:28:43.732,1,,False,,False,True
0 days 00:45:52.435000,RUS,63,0 days 00:01:14.919000,12.0,3.0,,,0 days 00:00:24.495000,0 days 00:00:28.305000,0 days 00:00:22.119000,0 days 00:45:02.011000,0 days 00:45:30.316000,0 days 00:45:52.435000,237.0,225.0,256.0,253.0,False,MEDIUM,3.0,True,Mercedes,0 days 00:44:37.516000,2020-12-05 17:29:37.551,1,,False,,False,True
0 days 00:47:04.654000,RUS,63,0 days 00:01:12.219000,13.0,3.0,,0 days 00:47:02.812000,0 days 00:00:25.254000,0 days 00:00:24.670000,0 days 00:00:22.295000,0 days 00:46:17.689000,0 days 00:46:42.359000,0 days 00:47:04.654000,249.0,251.0,,179.0,False,MEDIUM,4.0,True,Mercedes,0 days 00:45:52.435000,2020-12-05 17:30:52.470,1,,False,,False,False
0 days 00:54:26.281000,RUS,63,,14.0,4.0,0 days 00:53:18.168000,,,0 days 00:00:22.926000,0 days 00:00:24.162000,,0 days 00:54:02.125000,0 days 00:54:26.334000,272.0,256.0,295.0,194.0,False,MEDIUM,1.0,True,Mercedes,0 days 00:47:04.654000,2020-12-05 17:32:04.689,1,,False,,False,False
0 days 00:55:20.174000,RUS,63,0 days 00:00:53.893000,15.0,4.0,,,0 days 00:00:18.984000,0 days 00:00:18.602000,0 days 00:00:16.307000,0 days 00:54:45.265000,0 days 00:55:03.867000,0 days 00:55:20.174000,292.0,274.0,301.0,328.0,False,MEDIUM,2.0,True,Mercedes,0 days 00:54:26.281000,2020-12-05 17:39:26.316,1,,False,,False,True
0 days 00:56:29.988000,RUS,63,0 days 00:01:09.814000,16.0,4.0,,0 days 00:56:28.203000,0 days 00:00:23.538000,0 days 00:00:24.061000,0 days 00:00:22.215000,0 days 00:55:43.712000,0 days 00:56:07.773000,0 days 00:56:29.988000,260.0,250.0,,199.0,False,MEDIUM,3.0,True,Mercedes,0 days 00:55:20.174000,2020-12-05 17:40:20.209,1,,False,,False,False
0 days 01:04:19.394000,RUS,63,,17.0,5.0,0 days 01:03:05.254000,,,0 days 00:00:28.525000,0 days 00:00:23.404000,,0 days 01:03:56.071000,0 days 01:04:19.434000,265.0,245.0,297.0,200.0,False,SOFT,4.0,False,Mercedes,0 days 00:56:29.988000,2020-12-05 17:41:30.023,12,,False,,False,False
0 days 01:05:13.366000,RUS,63,0 days 00:00:53.972000,18.0,5.0,,,0 days 00:00:18.902000,0 days 00:00:18.724000,0 days 00:00:16.346000,0 days 01:04:38.296000,0 days 01:04:57.020000,0 days 01:05:13.366000,292.0,274.0,298.0,324.0,True,SOFT,5.0,False,Mercedes,0 days 01:04:19.394000,2020-12-05 17:49:19.429,1,,False,,False,True
0 days 01:06:18.318000,RUS,63,0 days 00:01:04.952000,19.0,5.0,,0 days 01:06:16.493000,0 days 00:00:22.121000,0 days 00:00:21.247000,0 days 00:00:21.584000,0 days 01:05:35.487000,0 days 01:05:56.734000,0 days 01:06:18.318000,267.0,248.0,,226.0,False,SOFT,6.0,False,Mercedes,0 days 01:05:13.366000,2020-12-05 17:50:13.401,1,,False,,False,False
0 days 01:09:01.720000,RUS,63,,20.0,6.0,0 days 01:07:47.885000,,,0 days 00:00:28.663000,0 days 00:00:21.788000,,0 days 01:08:39.932000,0 days 01:09:01.742000,259.0,247.0,299.0,161.0,False,SOFT,1.0,True,Mercedes,0 days 01:06:18.318000,2020-12-05 17:51:18.353,1,,False,,False,False
0 days 01:09:55.239000,RUS,63,0 days 00:00:53.519000,21.0,6.0,,,0 days 00:00:18.685000,0 days 00:00:18.577000,0 days 00:00:16.257000,0 days 01:09:20.405000,0 days 01:09:38.982000,0 days 01:09:55.239000,291.0,276.0,298.0,325.0,True,SOFT,2.0,True,Mercedes,0 days 01:09:01.720000,2020-12-05 17:54:01.755,1,,False,,False,True
0 days 01:10:58.688000,RUS,63,0 days 00:01:03.449000,22.0,6.0,,0 days 01:10:57.001000,0 days 00:00:20.968000,0 days 00:00:21.488000,0 days 00:00:20.993000,0 days 01:10:16.207000,0 days 01:10:37.695000,0 days 01:10:58.688000,264.0,248.0,,249.0,False,SOFT,3.0,True,Mercedes,0 days 01:09:55.239000,2020-12-05 17:54:55.274,1,,False,,False,False
0 days 01:14:12.544000,RUS,63,,23.0,7.0,0 days 01:12:58.185000,,,0 days 00:00:27.867000,0 days 00:00:23.916000,,0 days 01:13:48.633000,0 days 01:14:12.618000,268.0,243.0,297.0,163.0,False,SOFT,1.0,True,Mercedes,0 days 01:10:58.688000,2020-12-05 17:55:58.723,1,,False,,False,False
0 days 01:15:05.947000,RUS,63,0 days 00:00:53.403000,24.0,7.0,,,0 days 00:00:18.686000,0 days 00:00:18.495000,0 days 00:00:16.222000,0 days 01:14:31.230000,0 days 01:14:49.725000,0 days 01:15:05.947000,292.0,275.0,298.0,323.0,True,SOFT,2.0,True,Mercedes,0 days 01:14:12.544000,2020-12-05 17:59:12.579,1,,False,,False,True
0 days 01:16:20.767000,RUS,63,0 days 00:01:14.820000,25.0,7.0,,0 days 01:16:17.444000,0 days 00:00:27.453000,0 days 00:00:22.263000,0 days 00:00:25.104000,0 days 01:15:33.400000,0 days 01:15:55.663000,0 days 01:16:20.767000,176.0,239.0,,152.0,False,SOFT,3.0,True,Mercedes,0 days 01:15:05.947000,2020-12-05 18:00:05.982,1,,False,,False,False
0 days 00:23:25.037000,VER,33,,1.0,1.0,0 days 00:22:10.927000,,,0 days 00:00:31.083000,0 days 00:00:21.011000,,0 days 00:23:04.026000,0 days 00:23:25.274000,272.0,214.0,295.0,197.0,False,SOFT,1.0,True,Red Bull Racing,0 days 00:22:10.927000,2020-12-05 17:07:10.962,1,,False,,False,False
0 days 00:24:19.074000,VER,33,0 days 00:00:54.037000,2.0,1.0,,,0 days 00:00:18.751000,0 days 00:00:18.904000,0 days 00:00:16.382000,0 days 00:23:43.788000,0 days 00:24:02.692000,0 days 00:24:19.074000,289.0,270.0,299.0,322.0,True,SOFT,2.0,True,Red Bull Racing,0 days 00:23:25.037000,2020-12-05 17:08:25.072,1,,False,,False,True
0 days 00:25:51.970000,VER,33,0 days 00:01:32.896000,3.0,1.0,,0 days 00:25:50.239000,0 days 00:00:27.780000,0 days 00:00:40.937000,0 days 00:00:24.179000,0 days 00:24:46.854000,0 days 00:25:27.791000,0 days 00:25:51.970000,84.0,133.0,,228.0,False,SOFT,3.0,True,Red Bull Racing,0 days 00:24:19.074000,2020-12-05 17:09:19.109,1,,False,,False,False
0 days 00:43:53.327000,VER,33,,4.0,2.0,0 days 00:42:40.889000,,,0 days 00:00:23.432000,0 days 00:00:25.467000,,0 days 00:43:27.860000,0 days 00:43:53.364000,268.0,246.0,298.0,180.0,False,MEDIUM,1.0,True,Red Bull Racing,0 days 00:25:51.970000,2020-12-05 17:10:52.005,1,,False,,False,False
0 days 00:44:47.333000,VER,33,0 days 00:00:54.006000,5.0,2.0,,,0 days 00:00:18.840000,0 days 00:00:18.782000,0 days 00:00:16.384000,0 days 00:44:12.167000,0 days 00:44:30.949000,0 days 00:44:47.333000,290.0,270.0,297.0,323.0,True,MEDIUM,2.0,True,Red Bull Racing,0 days 00:43:53.327000,2020-12-05 17:28:53.362,1,,False,,False,True
0 days 00:46:14.847000,VER,33,0 days 00:01:27.514000,6.0,2.0,,,0 days 00:00:30.123000,0 days 00:00:37.549000,0 days 00:00:19.842000,0 days 00:45:17.456000,0 days 00:45:55.005000,0 days 00:46:14.847000,137.0,233.0,294.0,210.0,False,MEDIUM,3.0,True,Red Bull Racing,0 days 00:44:47.333000,2020-12-05 17:29:47.368,1,,False,,False,True
0 days 00:47:08.996000,VER,33,0 days 00:00:54.149000,7.0,2.0,,,0 days 00:00:18.928000,0 days 00:00:18.753000,0 days 00:00:16.468000,0 days 00:46:33.775000,0 days 00:46:52.528000,0 days 00:47:08.996000,290.0,270.0,294.0,319.0,False,MEDIUM,4.0,True,Red Bull Racing,0 days 00:46:14.847000,2020-12-05 17:31:14.882,1,,False,,False,True
0 days 00:48:20.224000,VER,33,0 days 00:01:11.228000,8.0,2.0,,0 days 00:48:18.481000,0 days 00:00:23.085000,0 days 00:00:25.069000,0 days 00:00:23.074000,0 days 00:47:32.081000,0 days 00:47:57.150000,0 days 00:48:20.224000,249.0,156.0,,234.0,False,MEDIUM,5.0,True,Red Bull Racing,0 days 00:47:08.996000,2020-12-05 17:32:09.031,1,,False,,False,False
0 days 00:54:18.436000,VER,33,,9.0,3.0,0 days 00:53:06.983000,,,0 days 00:00:30.908000,0 days 00:00:17.399000,,0 days 00:54:01.084000,0 days 00:54:18.545000,247.0,240.0,300.0,185.0,False,SOFT,1.0,True,Red Bull Racing,0 days 00:48:20.224000,2020-12-05 17:33:20.259,1,,False,,False,False
0 days 00:55:12.083000,VER,33,0 days 00:00:53.647000,10.0,3.0,,,0 days 00:00:18.770000,0 days 00:00:18.577000,0 days 00:00:16.300000,0 days 00:54:37.206000,0 days 00:54:55.783000,0 days 00:55:12.083000,291.0,271.0,299.0,325.0,True,SOFT,2.0,True,Red Bull Racing,0 days 00:54:18.436000,2020-12-05 17:39:18.471,1,,False,,False,True
0 days 00:56:25.562000,VER,33,0 days 00:01:13.479000,11.0,3.0,,0 days 00:56:23.928000,0 days 00:00:24.675000,0 days 00:00:25.080000,0 days 00:00:23.724000,0 days 00:55:36.758000,0 days 00:56:01.838000,0 days 00:56:25.562000,240.0,232.0,,215.0,False,SOFT,3.0,True,Red Bull Racing,0 days 00:55:12.083000,2020-12-05 17:40:12.118,1,,False,,False,False
0 days 01:04:29.444000,VER,33,,12.0,4.0,0 days 01:03:13.965000,,,0 days 00:00:28.776000,0 days 00:00:24.782000,,0 days 01:04:04.682000,0 days 01:04:29.485000,253.0,224.0,296.0,198.0,False,SOFT,1.0,True,Red Bull Racing,0 days 00:56:25.562000,2020-12-05 17:41:25.597,12,,False,,False,False
0 days 01:05:23.035000,VER,33,0 days 00:00:53.591000,13.0,4.0,,,0 days 00:00:18.656000,0 days 00:00:18.630000,0 days 00:00:16.305000,0 days 01:04:48.100000,0 days 01:05:06.730000,0 days 01:05:23.035000,289.0,272.0,294.0,320.0,True,SOFT,2.0,True,Red Bull Racing,0 days 01:04:29.444000,2020-12-05 17:49:29.479,1,,False,,False,True
0 days 01:06:34.772000,VER,33,0 days 00:01:11.737000,14.0,4.0,,0 days 01:06:32.966000,0 days 00:00:23.210000,0 days 00:00:25.906000,0 days 00:00:22.621000,0 days 01:05:46.245000,0 days 01:06:12.151000,0 days 01:06:34.772000,220.0,232.0,,214.0,False,SOFT,3.0,True,Red Bull Racing,0 days 01:05:23.035000,2020-12-05 17:50:23.070,1,,False,,False,False
0 days 01:14:16.651000,VER,33,,15.0,5.0,0 days 01:13:01.373000,,,0 days 00:00:29.118000,0 days 00:00:24.404000,,0 days 01:13:52.261000,0 days 01:14:16.695000,237.0,233.0,296.0,158.0,False,SOFT,1.0,True,Red Bull Racing,0 days 01:06:34.772000,2020-12-05 17:51:34.807,1,,False,,False,False
0 days 01:15:10.084000,VER,33,0 days 00:00:53.433000,16.0,5.0,,,0 days 00:00:18.680000,0 days 00:00:18.541000,0 days 00:00:16.212000,0 days 01:14:35.331000,0 days 01:14:53.872000,0 days 01:15:10.084000,290.0,272.0,295.0,319.0,True,SOFT,2.0,True,Red Bull Racing,0 days 01:14:16.651000,2020-12-05 17:59:16.686,1,,False,,False,True
0 days 01:16:23.265000,VER,33,0 days 00:01:13.181000,17.0,5.0,,0 days 01:16:20.213000,0 days 00:00:26.202000,0 days 00:00:24.339000,0 days 00:00:22.640000,0 days 01:15:36.286000,0 days 01:16:00.625000,0 days 01:16:23.265000,165.0,240.0,,215.0,False,SOFT,3.0,True,Red Bull Racing,0 days 01:15:10.084000,2020-12-05 18:00:10.119,1,,False,,False,False
0 days 00:20:20.152000,LEC,16,,1.0,1.0,0 days 00:19:15.737000,,,0 days 00:00:24.335000,0 days 00:00:18.640000,,0 days 00:20:01.631000,0 days 00:20:20.450000,255.0,240.0,294.0,191.0,False,SOFT,1.0,True,Ferrari,0 days 00:19:15.737000,2020-12-05 17:04:15.772,1,,False,,False,False
0 days 00:21:15.069000,LEC,16,0 days 00:00:54.917000,2.0,1.0,,,0 days 00:00:18.992000,0 days 00:00:19.150000,0 days 00:00:16.775000,0 days 00:20:39.144000,0 days 00:20:58.294000,0 days 00:21:15.069000,288.0,267.0,294.0,322.0,True,SOFT,2.0,True,Ferrari,0 days 00:20:20.152000,2020-12-05 17:05:20.187,1,,False,,False,True
0 days 00:22:38.971000,LEC,16,0 days 00:01:23.902000,3.0,1.0,,,0 days 00:00:32.943000,0 days 00:00:29.860000,0 days 00:00:21.099000,0 days 00:21:48.012000,0 days 00:22:17.872000,0 days 00:22:38.971000,143.0,213.0,252.0,139.0,False,SOFT,3.0,True,Ferrari,0 days 00:21:15.069000,2020-12-05 17:06:15.104,1,,False,,False,True
0 days 00:23:55.218000,LEC,16,0 days 00:01:16.247000,4.0,1.0,,,0 days 00:00:25.614000,0 days 00:00:30.996000,0 days 00:00:19.637000,0 days 00:23:04.585000,0 days 00:23:35.581000,0 days 00:23:55.218000,212.0,219.0,295.0,243.0,False,SOFT,4.0,True,Ferrari,0 days 00:22:38.971000,2020-12-05 17:07:39.006,1,,False,,False,True
0 days 00:24:50.184000,LEC,16,0 days 00:00:54.966000,5.0,1.0,,,0 days 00:00:19.094000,0 days 00:00:19.186000,0 days 00:00:16.686000,0 days 00:24:14.312000,0 days 00:24:33.498000,0 days 00:24:50.184000,288.0,267.0,294.0,323.0,False,SOFT,5.0,True,Ferrari,0 days 00:23:55.218000,2020-12-05 17:08:55.253,1,,False,,False,True
0 days 00:26:05.476000,LEC,16,0 days 00:01:15.292000,6.0,1.0,,0 days 00:26:03.764000,0 days 00:00:21.490000,0 days 00:00:24.171000,0 days 00:00:29.631000,0 days 00:25:11.674000,0 days 00:25:35.845000,0 days 00:26:05.476000,254.0,179.0,,286.0,False,SOFT,6.0,True,Ferrari,0 days 00:24:50.184000,2020-12-05 17:09:50.219,1,,False,,False,False
0 days 00:30:27.075000,LEC,16,,7.0,2.0,0 days 00:29:17.748000,,,0 days 00:00:25.303000,0 days 00:00:22.860000,,0 days 00:30:04.215000,0 days 00:30:27.390000,261.0,235.0,296.0,191.0,False,SOFT,1.0,True,Ferrari,0 days 00:26:05.476000,2020-12-05 17:11:05.511,1,,False,,False,False
0 days 00:31:21.324000,LEC,16,0 days 00:00:54.249000,8.0,2.0,,,0 days 00:00:18.855000,0 days 00:00:18.828000,0 days 00:00:16.566000,0 days 00:30:45.930000,0 days 00:31:04.758000,0 days 00:31:21.324000,288.0,269.0,293.0,324.0,True,SOFT,2.0,True,Ferrari,0 days 00:30:27.075000,2020-12-05 17:15:27.110,1,,False,,False,True
0 days 00:32:34.891000,LEC,16,0 days 00:01:13.567000,9.0,2.0,,0 days 00:32:33.047000,0 days 00:00:24.668000,0 days 00:00:25.677000,0 days 00:00:23.222000,0 days 00:31:45.992000,0 days 00:32:11.669000,0 days 00:32:34.891000,206.0,237.0,,222.0,False,SOFT,3.0,True,Ferrari,0 days 00:31:21.324000,2020-12-05 17:16:21.359,1,,False,,False,False
0 days 00:43:03.259000,LEC,16,,10.0,3.0,0 days 00:42:00.138000,,,0 days 00:00:22.891000,0 days 00:00:17.725000,,0 days 00:42:45.651000,0 days 00:43:03.306000,256.0,243.0,294.0,148.0,False,MEDIUM,1.0,True,Ferrari,0 days 00:32:34.891000,2020-12-05 17:17:34.926,1,,False,,False,False
0 days 00:43:57.733000,LEC,16,0 days 00:00:54.474000,11.0,3.0,,,0 days 00:00:18.935000,0 days 00:00:18.894000,0 days 00:00:16.645000,0 days 00:43:22.194000,0 days 00:43:41.088000,0 days 00:43:57.733000,288.0,269.0,301.0,319.0,True,MEDIUM,2.0,True,Ferrari,0 days 00:43:03.259000,2020-12-05 17:28:03.294,1,,False,,False,True
0 days 00:45:07.471000,LEC,16,0 days 00:01:09.738000,12.0,3.0,,0 days 00:45:05.684000,0 days 00:00:22.937000,0 days 00:00:23.627000,0 days 00:00:23.174000,0 days 00:44:20.670000,0 days 00:44:44.297000,0 days 00:45:07.471000,240.0,238.0,,254.0,False,MEDIUM,3.0,True,Ferrari,0 days 00:43:57.733000,2020-12-05 17:28:57.768,1,,False,,False,False
0 days 00:48:58.554000,LEC,16,,13.0,4.0,0 days 00:47:48.566000,,,0 days 00:00:27.791000,0 days 00:00:21.790000,,0 days 00:48:36.775000,0 days 00:48:58.576000,267.0,207.0,297.0,199.0,False,MEDIUM,1.0,True,Ferrari,0 days 00:45:07.471000,2020-12-05 17:30:07.506,1,,False,,False,False
0 days 00:49:52.558000,LEC,16,0 days 00:00:54.004000,14.0,4.0,,,0 days 00:00:18.784000,0 days 00:00:18.761000,0 days 00:00:16.459000,0 days 00:49:17.338000,0 days 00:49:36.099000,0 days 00:49:52.558000,290.0,271.0,289.0,325.0,True,MEDIUM,2.0,True,Ferrari,0 days 00:48:58.554000,2020-12-05 17:33:58.589,1,,False,,False,True
0 days 00:51:01.503000,LEC,16,0 days 00:01:08.945000,15.0,4.0,,0 days 00:50:59.707000,0 days 00:00:22.001000,0 days 00:00:24.779000,0 days 00:00:22.165000,0 days 00:50:14.559000,0 days 00:50:39.338000,0 days 00:51:01.503000,252.0,234.0,,268.0,False,MEDIUM,3.0,True,Ferrari,0 days 00:49:52.558000,2020-12-05 17:34:52.593,1,,False,,False,False
0 days 00:54:42.389000,LEC,16,,16.0,5.0,0 days 00:53:20.154000,,,0 days 00:00:27.598000,0 days 00:00:32.585000,,0 days 00:54:09.833000,0 days 00:54:42.428000,250.0,218.0,297.0,178.0,False,SOFT,1.0,True,Ferrari,0 days 00:51:01.503000,2020-12-05 17:36:01.538,1,,False,,False,False
0 days 00:55:36.214000,LEC,16,0 days 00:00:53.825000,17.0,5.0,,,0 days 00:00:18.674000,0 days 00:00:18.679000,0 days 00:00:16.472000,0 days 00:55:01.063000,0 days 00:55:19.742000,0 days 00:55:36.214000,290.0,270.0,294.0,325.0,True,SOFT,2.0,True,Ferrari,0 days 00:54:42.389000,2020-12-05 17:39:42.424,1,,False,,False,True
0 days 00:56:50.185000,LEC,16,0 days 00:01:13.971000,18.0,5.0,,0 days 00:56:48.413000,0 days 00:00:24.793000,0 days 00:00:26.303000,0 days 00:00:22.875000,0 days 00:56:01.007000,0 days 00:56:27.310000,0 days 00:56:50.185000,234.0,236.0,,220.0,False,SOFT,3.0,True,Ferrari,0 days 00:55:36.214000,2020-12-05 17:40:36.249,1,,False,,False,False
0 days 01:04:33.931000,LEC,16,,19.0,6.0,0 days 01:03:25.209000,,,0 days 00:00:26.028000,0 days 00:00:21.971000,,0 days 01:04:11.995000,0 days 01:04:33.962000,256.0,235.0,297.0,193.0,False,SOFT,1.0,True,Ferrari,0 days 00:56:50.185000,2020-12-05 17:41:50.220,12,,False,,False,False
0 days 01:05:27.544000,LEC,16,0 days 00:00:53.613000,20.0,6.0,,,0 days 00:00:18.621000,0 days 00:00:18.653000,0 days 00:00:16.339000,0 days 01:04:52.552000,0 days 01:05:11.205000,0 days 01:05:27.544000,290.0,271.0,296.0,324.0,True,SOFT,2.0,True,Ferrari,0 days 01:04:33.931000,2020-12-05 17:49:33.966,1,,False,,False,True
0 days 01:06:44.655000,LEC,16,0 days 00:01:17.111000,21.0,6.0,,0 days 01:06:42.712000,0 days 00:00:24.490000,0 days 00:00:28.723000,0 days 00:00:23.898000,0 days 01:05:52.034000,0 days 01:06:20.757000,0 days 01:06:44.655000,178.0,241.0,,232.0,False,SOFT,3.0,True,Ferrari,0 days 01:05:27.544000,2020-12-05 17:50:27.579,1,,False,,False,False
0 days 00:21:29.276000,PER,11,,1.0,1.0,0 days 00:20:10.842000,,,0 days 00:00:29.926000,0 days 00:00:20.436000,,0 days 00:21:08.939000,0 days 00:21:29.622000,143.0,114.0,299.0,134.0,False,SOFT,1.0,True,Racing Point,0 days 00:20:10.842000,2020-12-05 17:05:10.877,1,,False,,False,False
0 days 00:22:23.543000,PER,11,0 days 00:00:54.267000,2.0,1.0,,,0 days 00:00:19.071000,0 days 00:00:18.785000,0 days 00:00:16.411000,0 days 00:21:48.347000,0 days 00:22:07.132000,0 days 00:22:23.543000,289.0,272.0,296.0,329.0,True,SOFT,2.0,True,Racing Point,0 days 00:21:29.276000,2020-12-05 17:06:29.311,1,,False,,False,True
0 days 00:23:40.556000,PER,11,0 days 00:01:17.013000,3.0,1.0,,,0 days 00:00:23.982000,0 days 00:00:29.607000,0 days 00:00:23.424000,0 days 00:22:47.525000,0 days 00:23:17.132000,0 days 00:23:40.556000,154.0,169.0,160.0,306.0,False,SOFT,3.0,True,Racing Point,0 days 00:22:23.543000,2020-12-05 17:07:23.578,1,,False,,False,True
0 days 00:25:27.901000,PER,11,0 days 00:01:47.345000,4.0,1.0,,,0 days 00:00:36.848000,0 days 00:00:42.838000,0 days 00:00:27.659000,0 days 00:24:17.404000,0 days 00:25:00.242000,0 days 00:25:27.901000,94.0,154.0,292.0,150.0,False,SOFT,4.0,True,Racing Point,0 days 00:23:40.556000,2020-12-05 17:08:40.591,1,,False,,False,True
0 days 00:26:22.137000,PER,11,0 days 00:00:54.236000,5.0,1.0,,,0 days 00:00:19.006000,0 days 00:00:18.874000,0 days 00:00:16.356000,0 days 00:25:46.907000,0 days 00:26:05.781000,0 days 00:26:22.137000,290.0,271.0,297.0,322.0,True,SOFT,5.0,True,Racing Point,0 days 00:25:27.901000,2020-12-05 17:10:27.936,1,,False,,False,True
0 days 00:27:28.545000,PER,11,0 days 00:01:06.408000,6.0,1.0,,0 days 00:27:26.698000,0 days 00:00:20.716000,0 days 00:00:23.199000,0 days 00:00:22.493000,0 days 00:26:42.853000,0 days 00:27:06.052000,0 days 00:27:28.545000,256.0,244.0,,305.0,False,SOFT,6.0,True,Racing Point,0 days 00:26:22.137000,2020-12-05 17:11:22.172,1,,False,,False,False
0 days 00:46:19.047000,PER,11,,7.0,2.0,0 days 00:45:04.012000,,,0 days 00:00:30.688000,0 days 00:00:19.843000,,0 days 00:45:59.255000,0 days 00:46:19.137000,173.0,144.0,303.0,150.0,False,SOFT,1.0,True,Racing Point,0 days 00:27:28.545000,2020-12-05 17:12:28.580,1,,False,,False,False
0 days 00:47:12.834000,PER,11,0 days 00:00:53.787000,8.0,2.0,,,0 days 00:00:18.656000,0 days 00:00:18.806000,0 days 00:00:16.325000,0 days 00:46:37.703000,0 days 00:46:56.509000,0 days 00:47:12.834000,291.0,274.0,299.0,330.0,True,SOFT,2.0,True,Racing Point,0 days 00:46:19.047000,2020-12-05 17:31:19.082,1,,False,,False,True
0 days 00:48:24.326000,PER,11,0 days 00:01:11.492000,9.0,2.0,,0 days 00:48:22.565000,0 days 00:00:23.381000,0 days 00:00:25.859000,0 days 00:00:22.252000,0 days 00:47:36.215000,0 days 00:48:02.074000,0 days 00:48:24.326000,157.0,247.0,,264.0,False,SOFT,3.0,True,Racing Point,0 days 00:47:12.834000,2020-12-05 17:32:12.869,1,,False,,False,False
0 days 00:54:26.613000,PER,11,,10.0,3.0,0 days 00:52:50.376000,,,0 days 00:00:38.771000,0 days 00:00:29.421000,,0 days 00:53:57.192000,0 days 00:54:26.627000,161.0,127.0,306.0,129.0,False,SOFT,1.0,True,Racing Point,0 days 00:48:24.326000,2020-12-05 17:33:24.361,1,,False,,False,False
0 days 00:55:28.963000,PER,11,0 days 00:01:02.350000,11.0,3.0,,0 days 00:55:26.621000,0 days 00:00:19.103000,0 days 00:00:20.203000,0 days 00:00:23.044000,0 days 00:54:45.716000,0 days 00:55:05.919000,0 days 00:55:28.963000,299.0,251.0,,342.0,False,SOFT,2.0,True,Racing Point,0 days 00:54:26.613000,2020-12-05 17:39:26.648,1,,False,,False,False
0 days 01:06:55.879000,PER,11,,12.0,4.0,0 days 01:05:49.235000,,,0 days 00:00:24.672000,0 days 00:00:18.888000,,0 days 01:06:37.031000,0 days 01:06:55.953000,193.0,251.0,297.0,167.0,False,SOFT,1.0,True,Racing Point,0 days 00:55:28.963000,2020-12-05 17:40:28.998,12,,False,,False,False
0 days 01:07:49.677000,PER,11,0 days 00:00:53.798000,13.0,4.0,,,0 days 00:00:18.786000,0 days 00:00:18.733000,0 days 00:00:16.279000,0 days 01:07:14.665000,0 days 01:07:33.398000,0 days 01:07:49.677000,290.0,273.0,295.0,321.0,True,SOFT,2.0,True,Racing Point,0 days 01:06:55.879000,2020-12-05 17:51:55.914,1,,False,,False,True
0 days 01:09:01.559000,PER,11,0 days 00:01:11.882000,14.0,4.0,,0 days 01:08:59.773000,0 days 00:00:27.421000,0 days 00:00:23.466000,0 days 00:00:20.995000,0 days 01:08:17.098000,0 days 01:08:40.564000,0 days 01:09:01.559000,260.0,242.0,,104.0,False,SOFT,3.0,True,Racing Point,0 days 01:07:49.677000,2020-12-05 17:52:49.712,1,,False,,False,False
0 days 01:14:26.115000,PER,11,,15.0,5.0,0 days 01:13:00.519000,,,0 days 00:00:35.365000,0 days 00:00:27.089000,,0 days 01:13:59.051000,0 days 01:14:26.149000,190.0,246.0,298.0,175.0,False,SOFT,1.0,True,Racing Point,0 days 01:09:01.559000,2020-12-05 17:54:01.594,1,,False,,False,False
0 days 01:15:19.905000,PER,11,0 days 00:00:53.790000,16.0,5.0,,,0 days 00:00:18.733000,0 days 00:00:18.737000,0 days 00:00:16.320000,0 days 01:14:44.848000,0 days 01:15:03.585000,0 days 01:15:19.905000,292.0,272.0,298.0,326.0,True,SOFT,2.0,True,Racing Point,0 days 01:14:26.115000,2020-12-05 17:59:26.150,1,,False,,False,True
0 days 01:16:29.634000,PER,11,,17.0,5.0,,0 days 01:16:29.634000,0 days 00:00:23.562000,0 days 00:00:23.317000,,0 days 01:15:43.527000,0 days 01:16:06.801000,,247.0,231.0,,234.0,False,SOFT,3.0,True,Racing Point,0 days 01:15:19.905000,2020-12-05 18:00:19.940,1,,False,,False,False
0 days 00:20:36.914000,KVY,26,,1.0,1.0,0 days 00:19:24.495000,,,0 days 00:00:28.079000,0 days 00:00:20.994000,,0 days 00:20:15.998000,0 days 00:20:37.214000,262.0,223.0,298.0,166.0,False,MEDIUM,1.0,True,AlphaTauri,0 days 00:19:24.495000,2020-12-05 17:04:24.530,1,,False,,False,False
0 days 00:21:31.699000,KVY,26,0 days 00:00:54.785000,2.0,1.0,,,0 days 00:00:19.028000,0 days 00:00:19.122000,0 days 00:00:16.635000,0 days 00:20:55.942000,0 days 00:21:15.064000,0 days 00:21:31.699000,291.0,269.0,299.0,328.0,True,MEDIUM,2.0,True,AlphaTauri,0 days 00:20:36.914000,2020-12-05 17:05:36.949,1,,False,,False,True
0 days 00:22:50.056000,KVY,26,0 days 00:01:18.357000,3.0,1.0,,,0 days 00:00:25.399000,0 days 00:00:30.421000,0 days 00:00:22.537000,0 days 00:21:57.098000,0 days 00:22:27.519000,0 days 00:22:50.056000,225.0,203.0,225.0,251.0,False,MEDIUM,3.0,True,AlphaTauri,0 days 00:21:31.699000,2020-12-05 17:06:31.734,1,,False,,False,True
0 days 00:24:08.259000,KVY,26,0 days 00:01:18.203000,4.0,1.0,,,0 days 00:00:26.241000,0 days 00:00:29.826000,0 days 00:00:22.136000,0 days 00:23:16.297000,0 days 00:23:46.123000,0 days 00:24:08.259000,254.0,223.0,299.0,261.0,False,MEDIUM,4.0,True,AlphaTauri,0 days 00:22:50.056000,2020-12-05 17:07:50.091,1,,False,,False,True
0 days 00:25:14.011000,KVY,26,0 days 00:01:05.752000,5.0,1.0,,,0 days 00:00:20.195000,0 days 00:00:27.122000,0 days 00:00:18.435000,0 days 00:24:28.454000,0 days 00:24:55.576000,0 days 00:25:14.011000,241.0,211.0,298.0,329.0,False,MEDIUM,5.0,True,AlphaTauri,0 days 00:24:08.259000,2020-12-05 17:09:08.294,1,,False,,False,True
0 days 00:26:09.125000,KVY,26,0 days 00:00:55.114000,6.0,1.0,,,0 days 00:00:19.250000,0 days 00:00:19.291000,0 days 00:00:16.573000,0 days 00:25:33.261000,0 days 00:25:52.552000,0 days 00:26:09.125000,289.0,270.0,299.0,327.0,False,MEDIUM,6.0,True,AlphaTauri,0 days 00:25:14.011000,2020-12-05 17:10:14.046,1,,False,,False,True
0 days 00:27:25.427000,KVY,26,0 days 00:01:16.302000,7.0,1.0,,0 days 00:27:23.716000,0 days 00:00:24.223000,0 days 00:00:29.193000,0 days 00:00:22.886000,0 days 00:26:33.348000,0 days 00:27:02.541000,0 days 00:27:25.427000,234.0,221.0,,269.0,False,MEDIUM,7.0,True,AlphaTauri,0 days 00:26:09.125000,2020-12-05 17:11:09.160,1,,False,,False,False
0 days 00:30:31.728000,KVY,26,,8.0,2.0,0 days 00:29:16.997000,,,0 days 00:00:28.373000,0 days 00:00:23.671000,,0 days 00:30:08.057000,0 days 00:30:31.995000,259.0,222.0,299.0,177.0,False,SOFT,1.0,True,AlphaTauri,0 days 00:27:25.427000,2020-12-05 17:12:25.462,1,,False,,False,False
0 days 00:31:26.074000,KVY,26,0 days 00:00:54.346000,9.0,2.0,,,0 days 00:00:18.768000,0 days 00:00:19.102000,0 days 00:00:16.476000,0 days 00:30:50.496000,0 days 00:31:09.598000,0 days 00:31:26.074000,292.0,269.0,298.0,328.0,True,SOFT,2.0,True,AlphaTauri,0 days 00:30:31.728000,2020-12-05 17:15:31.763,1,,False,,False,True
0 days 00:32:35.396000,KVY,26,0 days 00:01:09.322000,10.0,2.0,,,0 days 00:00:24.199000,0 days 00:00:26.974000,0 days 00:00:18.149000,0 days 00:31:50.273000,0 days 00:32:17.247000,0 days 00:32:35.396000,247.0,238.0,299.0,253.0,False,SOFT,3.0,True,AlphaTauri,0 days 00:31:26.074000,2020-12-05 17:16:26.109,1,,False,,False,True
0 days 00:33:29.977000,KVY,26,0 days 00:00:54.581000,11.0,2.0,,,0 days 00:00:18.913000,0 days 00:00:19.070000,0 days 00:00:16.598000,0 days 00:32:54.309000,0 days 00:33:13.379000,0 days 00:33:29.977000,288.0,271.0,295.0,326.0,False,SOFT,4.0,True,AlphaTauri,0 days 00:32:35.396000,2020-12-05 17:17:35.431,1,,False,,False,True
0 days 00:34:34.307000,KVY,26,0 days 00:01:04.330000,12.0,2.0,,0 days 00:34:32.671000,0 days 00:00:20.814000,0 days 00:00:21.659000,0 days 00:00:21.857000,0 days 00:33:50.791000,0 days 00:34:12.450000,0 days 00:34:34.307000,260.0,243.0,,260.0,False,SOFT,5.0,True,AlphaTauri,0 days 00:33:29.977000,2020-12-05 17:18:30.012,1,,False,,False,False
0 days 00:43:56.741000,KVY,26,,13.0,3.0,0 days 00:42:37.603000,,,0 days 00:00:27.726000,0 days 00:00:24.469000,,0 days 00:43:32.311000,0 days 00:43:56.797000,265.0,234.0,300.0,127.0,False,SOFT,1.0,True,AlphaTauri,0 days 00:34:34.307000,2020-12-05 17:19:34.342,1,,False,,False,False
0 days 00:44:50.843000,KVY,26,0 days 00:00:54.102000,14.0,3.0,,,0 days 00:00:18.770000,0 days 00:00:18.856000,0 days 00:00:16.476000,0 days 00:44:15.511000,0 days 00:44:34.367000,0 days 00:44:50.843000,294.0,271.0,300.0,330.0,True,SOFT,2.0,True,AlphaTauri,0 days 00:43:56.741000,2020-12-05 17:28:56.776,1,,False,,False,True
0 days 00:46:06.254000,KVY,26,0 days 00:01:15.411000,15.0,3.0,,,0 days 00:00:24.973000,0 days 00:00:28.996000,0 days 00:00:21.442000,0 days 00:45:15.816000,0 days 00:45:44.812000,0 days 00:46:06.254000,248.0,193.0,253.0,220.0,False,SOFT,3.0,True,AlphaTauri,0 days 00:44:50.843000,2020-12-05 17:29:50.878,1,,False,,False,True
0 days 00:47:19.939000,KVY,26,0 days 00:01:13.685000,16.0,3.0,,,0 days 00:00:25.433000,0 days 00:00:28.544000,0 days 00:00:19.708000,0 days 00:46:31.687000,0 days 00:47:00.231000,0 days 00:47:19.939000,257.0,240.0,302.0,274.0,False,SOFT,4.0,True,AlphaTauri,0 days 00:46:06.254000,2020-12-05 17:31:06.289,1,,False,,False,True
0 days 00:48:14.332000,KVY,26,0 days 00:00:54.393000,17.0,3.0,,,0 days 00:00:18.761000,0 days 00:00:19.038000,0 days 00:00:16.594000,0 days 00:47:38.700000,0 days 00:47:57.738000,0 days 00:48:14.332000,290.0,268.0,297.0,329.0,False,SOFT,5.0,True,AlphaTauri,0 days 00:47:19.939000,2020-12-05 17:32:19.974,1,,False,,False,True
0 days 00:49:18.855000,KVY,26,0 days 00:01:04.523000,18.0,3.0,,0 days 00:49:17.105000,0 days 00:00:21.007000,0 days 00:00:21.673000,0 days 00:00:21.843000,0 days 00:48:35.339000,0 days 00:48:57.012000,0 days 00:49:18.855000,259.0,247.0,,300.0,False,SOFT,6.0,True,AlphaTauri,0 days 00:48:14.332000,2020-12-05 17:33:14.367,1,,False,,False,False
0 days 00:54:15.678000,KVY,26,,19.0,4.0,0 days 00:52:54.338000,,,0 days 00:00:28.297000,0 days 00:00:28.005000,,0 days 00:53:47.673000,0 days 00:54:15.713000,263.0,235.0,301.0,140.0,False,SOFT,1.0,True,AlphaTauri,0 days 00:49:18.855000,2020-12-05 17:34:18.890,1,,False,,False,False
0 days 00:55:09.534000,KVY,26,0 days 00:00:53.856000,20.0,4.0,,,0 days 00:00:18.642000,0 days 00:00:18.874000,0 days 00:00:16.340000,0 days 00:54:34.320000,0 days 00:54:53.194000,0 days 00:55:09.534000,293.0,270.0,301.0,329.0,True,SOFT,2.0,True,AlphaTauri,0 days 00:54:15.678000,2020-12-05 17:39:15.713,1,,False,,False,True
0 days 00:56:24.091000,KVY,26,0 days 00:01:14.557000,21.0,4.0,,0 days 00:56:21.818000,0 days 00:00:23.828000,0 days 00:00:24.922000,0 days 00:00:25.807000,0 days 00:55:33.362000,0 days 00:55:58.284000,0 days 00:56:24.091000,234.0,233.0,,265.0,False,SOFT,3.0,True,AlphaTauri,0 days 00:55:09.534000,2020-12-05 17:40:09.569,1,,False,,False,False
0 days 01:08:32.376000,KVY,26,,22.0,5.0,0 days 01:07:19.253000,,,0 days 00:00:29.543000,0 days 00:00:20.667000,,0 days 01:08:11.724000,0 days 01:08:32.421000,267.0,205.0,296.0,182.0,False,MEDIUM,1.0,True,AlphaTauri,0 days 00:56:24.091000,2020-12-05 17:41:24.126,12,,False,,False,False
0 days 01:09:34.048000,KVY,26,0 days 00:01:01.672000,23.0,5.0,,0 days 01:09:32.265000,0 days 00:00:19.403000,0 days 00:00:20.207000,0 days 00:00:22.062000,0 days 01:08:51.779000,0 days 01:09:11.986000,0 days 01:09:34.048000,274.0,265.0,,322.0,False,MEDIUM,2.0,True,AlphaTauri,0 days 01:08:32.376000,2020-12-05 17:53:32.411,1,,False,,False,False
0 days 01:14:43.723000,KVY,26,,24.0,6.0,0 days 01:13:32.144000,,,0 days 00:00:28.203000,0 days 00:00:19.548000,,0 days 01:14:24.175000,0 days 01:14:43.736000,246.0,220.0,298.0,181.0,False,SOFT,1.0,True,AlphaTauri,0 days 01:09:34.048000,2020-12-05 17:54:34.083,1,,False,,False,False
0 days 01:15:37.629000,KVY,26,0 days 00:00:53.906000,25.0,6.0,,,0 days 00:00:18.704000,0 days 00:00:18.821000,0 days 00:00:16.381000,0 days 01:15:02.427000,0 days 01:15:21.248000,0 days 01:15:37.629000,292.0,272.0,298.0,326.0,True,SOFT,2.0,True,AlphaTauri,0 days 01:14:43.723000,2020-12-05 17:59:43.758,1,,False,,False,True
0 days 01:16:51.764000,KVY,26,,26.0,6.0,,0 days 01:16:51.764000,0 days 00:00:24.926000,0 days 00:00:26.447000,,0 days 01:16:02.503000,0 days 01:16:28.959000,,220.0,222.0,,233.0,False,SOFT,3.0,True,AlphaTauri,0 days 01:15:37.629000,2020-12-05 18:00:37.664,1,,False,,False,False
0 days 00:23:29.010000,RIC,3,,1.0,1.0,0 days 00:22:14.286000,,,0 days 00:00:29.035000,0 days 00:00:20.559000,,0 days 00:23:08.540000,0 days 00:23:29.316000,241.0,228.0,299.0,123.0,False,SOFT,1.0,True,Renault,0 days 00:22:14.286000,2020-12-05 17:07:14.321,1,,False,,False,False
0 days 00:24:23.398000,RIC,3,0 days 00:00:54.388000,2.0,1.0,,,0 days 00:00:18.896000,0 days 00:00:19.058000,0 days 00:00:16.434000,0 days 00:23:47.906000,0 days 00:24:06.964000,0 days 00:24:23.398000,289.0,274.0,303.0,331.0,True,SOFT,2.0,True,Renault,0 days 00:23:29.010000,2020-12-05 17:08:29.045,1,,False,,False,True
0 days 00:25:40.417000,RIC,3,0 days 00:01:17.019000,3.0,1.0,,0 days 00:25:38.738000,0 days 00:00:29.629000,0 days 00:00:25.621000,0 days 00:00:21.769000,0 days 00:24:53.027000,0 days 00:25:18.648000,0 days 00:25:40.417000,212.0,221.0,,118.0,False,SOFT,3.0,True,Renault,0 days 00:24:23.398000,2020-12-05 17:09:23.433,1,,False,,False,False
0 days 00:45:38.210000,RIC,3,,4.0,2.0,0 days 00:44:32.987000,,,0 days 00:00:23.632000,0 days 00:00:19.334000,,0 days 00:45:18.886000,0 days 00:45:38.210000,246.0,243.0,299.0,164.0,False,MEDIUM,1.0,True,Renault,0 days 00:25:40.417000,2020-12-05 17:10:40.452,1,,False,,False,False
0 days 00:46:32.327000,RIC,3,0 days 00:00:54.117000,5.0,2.0,,,0 days 00:00:18.855000,0 days 00:00:18.865000,0 days 00:00:16.397000,0 days 00:45:57.065000,0 days 00:46:15.930000,0 days 00:46:32.327000,288.0,271.0,297.0,325.0,True,MEDIUM,2.0,True,Renault,0 days 00:45:38.210000,2020-12-05 17:30:38.245,1,,False,,False,True
0 days 00:47:45.109000,RIC,3,0 days 00:01:12.782000,6.0,2.0,,0 days 00:47:43.275000,0 days 00:00:23.979000,0 days 00:00:25.195000,0 days 00:00:23.608000,0 days 00:46:56.306000,0 days 00:47:21.501000,0 days 00:47:45.109000,235.0,221.0,,260.0,False,MEDIUM,3.0,True,Renault,0 days 00:46:32.327000,2020-12-05 17:31:32.362,1,,False,,False,False
0 days 00:54:06.065000,RIC,3,,7.0,3.0,0 days 00:52:51.829000,,,0 days 00:00:26.137000,0 days 00:00:23.003000,,0 days 00:53:43.074000,0 days 00:54:06.154000,228.0,241.0,301.0,140.0,False,SOFT,1.0,True,Renault,0 days 00:47:45.109000,2020-12-05 17:32:45.144,1,,False,,False,False
0 days 00:54:59.936000,RIC,3,0 days 00:00:53.871000,8.0,3.0,,,0 days 00:00:18.702000,0 days 00:00:18.773000,0 days 00:00:16.396000,0 days 00:54:24.767000,0 days 00:54:43.540000,0 days 00:54:59.936000,291.0,272.0,299.0,331.0,True,SOFT,2.0,True,Renault,0 days 00:54:06.065000,2020-12-05 17:39:06.100,1,,False,,False,True
0 days 00:56:14.132000,RIC,3,0 days 00:01:14.196000,9.0,3.0,,0 days 00:56:12.260000,0 days 00:00:23.894000,0 days 00:00:25.970000,0 days 00:00:24.332000,0 days 00:55:23.830000,0 days 00:55:49.800000,0 days 00:56:14.132000,249.0,220.0,,237.0,False,SOFT,3.0,True,Renault,0 days 00:54:59.936000,2020-12-05 17:39:59.971,1,,False,,False,False
0 days 01:04:37.952000,RIC,3,,10.0,4.0,0 days 01:03:31.713000,,,0 days 00:00:25.134000,0 days 00:00:18.422000,,0 days 01:04:19.611000,0 days 01:04:38.014000,259.0,244.0,300.0,176.0,False,SOFT,1.0,True,Renault,0 days 00:56:14.132000,2020-12-05 17:41:14.167,12,,False,,False,False
0 days 01:05:31.932000,RIC,3,0 days 00:00:53.980000,11.0,4.0,,,0 days 00:00:18.808000,0 days 00:00:18.892000,0 days 00:00:16.280000,0 days 01:04:56.760000,0 days 01:05:15.652000,0 days 01:05:31.932000,290.0,272.0,298.0,330.0,True,SOFT,2.0,True,Renault,0 days 01:04:37.952000,2020-12-05 17:49:37.987,1,,False,,False,True
0 days 01:06:43.549000,RIC,3,0 days 00:01:11.617000,12.0,4.0,,0 days 01:06:41.749000,0 days 00:00:22.772000,0 days 00:00:25.796000,0 days 00:00:23.049000,0 days 01:05:54.704000,0 days 01:06:20.500000,0 days 01:06:43.549000,248.0,233.0,,255.0,False,SOFT,3.0,True,Renault,0 days 01:05:31.932000,2020-12-05 17:50:31.967,1,,False,,False,False
0 days 01:14:20.154000,RIC,3,,13.0,5.0,0 days 01:13:01.151000,,,0 days 00:00:29.251000,0 days 00:00:26.902000,,0 days 01:13:53.252000,0 days 01:14:20.177000,246.0,236.0,300.0,164.0,False,SOFT,1.0,True,Renault,0 days 01:06:43.549000,2020-12-05 17:51:43.584,1,,False,,False,False
0 days 01:15:14.111000,RIC,3,0 days 00:00:53.957000,14.0,5.0,,,0 days 00:00:18.818000,0 days 00:00:18.867000,0 days 00:00:16.272000,0 days 01:14:38.972000,0 days 01:14:57.839000,0 days 01:15:14.111000,291.0,271.0,297.0,329.0,True,SOFT,2.0,True,Renault,0 days 01:14:20.154000,2020-12-05 17:59:20.189,1,,False,,False,True
0 days 01:16:24.742000,RIC,3,,15.0,5.0,,0 days 01:16:24.742000,0 days 00:00:22.788000,0 days 00:00:23.941000,,0 days 01:15:36.930000,0 days 01:16:00.846000,,239.0,225.0,,244.0,False,SOFT,3.0,True,Renault,0 days 01:15:14.111000,2020-12-05 18:00:14.146,1,,False,,False,False
0 days 00:18:23.861000,SAI,55,,1.0,1.0,0 days 00:17:20.725000,,,0 days 00:00:24.289000,0 days 00:00:19.658000,,0 days 00:18:04.356000,0 days 00:18:24.167000,272.0,201.0,295.0,209.0,False,HARD,1.0,True,McLaren,0 days 00:17:20.725000,2020-12-05 17:02:20.760,1,,False,,False,False
0 days 00:19:19.195000,SAI,55,0 days 00:00:55.334000,2.0,1.0,,,0 days 00:00:19.367000,0 days 00:00:19.327000,0 days 00:00:16.640000,0 days 00:18:43.228000,0 days 00:19:02.555000,0 days 00:19:19.195000,286.0,269.0,295.0,322.0,True,HARD,2.0,True,McLaren,0 days 00:18:23.861000,2020-12-05 17:03:23.896,1,,False,,False,True
0 days 00:20:34.976000,SAI,55,0 days 00:01:15.781000,3.0,1.0,,0 days 00:20:33.278000,0 days 00:00:24.457000,0 days 00:00:28.719000,0 days 00:00:22.605000,0 days 00:19:43.652000,0 days 00:20:12.371000,0 days 00:20:34.976000,229.0,236.0,,256.0,False,HARD,3.0,True,McLaren,0 days 00:19:19.195000,2020-12-05 17:04:19.230,1,,False,,False,False
0 days 00:25:40.064000,SAI,55,,4.0,2.0,0 days 00:24:34.008000,,,0 days 00:00:24.651000,0 days 00:00:20.178000,,0 days 00:25:20.005000,0 days 00:25:40.347000,266.0,238.0,298.0,210.0,False,SOFT,1.0,True,McLaren,0 days 00:20:34.976000,2020-12-05 17:05:35.011,1,,False,,False,False
0 days 00:26:34.514000,SAI,55,0 days 00:00:54.450000,5.0,2.0,,,0 days 00:00:18.978000,0 days 00:00:18.903000,0 days 00:00:16.569000,0 days 00:25:59.042000,0 days 00:26:17.945000,0 days 00:26:34.514000,289.0,271.0,297.0,326.0,True,SOFT,2.0,True,McLaren,0 days 00:25:40.064000,2020-12-05 17:10:40.099,1,,False,,False,True
0 days 00:27:45.047000,SAI,55,0 days 00:01:10.533000,6.0,2.0,,0 days 00:27:43.296000,0 days 00:00:23.193000,0 days 00:00:24.092000,0 days 00:00:23.248000,0 days 00:26:57.707000,0 days 00:27:21.799000,0 days 00:27:45.047000,242.0,240.0,,211.0,False,SOFT,3.0,True,McLaren,0 days 00:26:34.514000,2020-12-05 17:11:34.549,1,,False,,False,False
0 days 00:42:39.051000,SAI,55,,7.0,3.0,0 days 00:41:24.412000,,,0 days 00:00:31.609000,0 days 00:00:21.460000,,0 days 00:42:17.694000,0 days 00:42:39.083000,252.0,194.0,294.0,210.0,False,SOFT,4.0,False,McLaren,0 days 00:27:45.047000,2020-12-05 17:12:45.082,1,,False,,False,False
0 days 00:43:33.565000,SAI,55,0 days 00:00:54.514000,8.0,3.0,,,0 days 00:00:18.998000,0 days 00:00:18.959000,0 days 00:00:16.557000,0 days 00:42:58.049000,0 days 00:43:17.008000,0 days 00:43:33.565000,288.0,270.0,294.0,319.0,True,SOFT,5.0,False,McLaren,0 days 00:42:39.051000,2020-12-05 17:27:39.086,1,,False,,False,True
0 days 00:44:40.580000,SAI,55,0 days 00:01:07.015000,9.0,3.0,,0 days 00:44:38.810000,0 days 00:00:21.871000,0 days 00:00:22.651000,0 days 00:00:22.493000,0 days 00:43:55.436000,0 days 00:44:18.087000,0 days 00:44:40.580000,215.0,243.0,,265.0,False,SOFT,6.0,False,McLaren,0 days 00:43:33.565000,2020-12-05 17:28:33.600,1,,False,,False,False
0 days 00:47:45.354000,SAI,55,,10.0,4.0,0 days 00:46:43.607000,,,0 days 00:00:22.204000,0 days 00:00:20.197000,,0 days 00:47:25.210000,0 days 00:47:45.396000,272.0,248.0,305.0,212.0,False,SOFT,1.0,True,McLaren,0 days 00:44:40.580000,2020-12-05 17:29:40.615,1,,False,,False,False
0 days 00:48:39.172000,SAI,55,0 days 00:00:53.818000,11.0,4.0,,,0 days 00:00:18.566000,0 days 00:00:18.737000,0 days 00:00:16.515000,0 days 00:48:03.920000,0 days 00:48:22.657000,0 days 00:48:39.172000,289.0,271.0,295.0,330.0,True,SOFT,2.0,True,McLaren,0 days 00:47:45.354000,2020-12-05 17:32:45.389,1,,False,,False,True
0 days 00:49:49.342000,SAI,55,0 days 00:01:10.170000,12.0,4.0,,0 days 00:49:47.538000,0 days 00:00:24.248000,0 days 00:00:23.206000,0 days 00:00:22.716000,0 days 00:49:03.420000,0 days 00:49:26.626000,0 days 00:49:49.342000,245.0,239.0,,165.0,False,SOFT,3.0,True,McLaren,0 days 00:48:39.172000,2020-12-05 17:33:39.207,1,,False,,False,False
0 days 00:54:49.263000,SAI,55,,13.0,5.0,0 days 00:53:30.794000,,,0 days 00:00:25.385000,0 days 00:00:31.566000,,0 days 00:54:17.721000,0 days 00:54:49.312000,266.0,172.0,304.0,166.0,False,SOFT,1.0,True,McLaren,0 days 00:49:49.342000,2020-12-05 17:34:49.377,1,,False,,False,False
0 days 00:55:57.883000,SAI,55,0 days 00:01:08.620000,14.0,5.0,,0 days 00:55:56.065000,0 days 00:00:19.421000,0 days 00:00:25.567000,0 days 00:00:23.632000,0 days 00:55:08.684000,0 days 00:55:34.251000,0 days 00:55:57.883000,262.0,250.0,,328.0,False,SOFT,2.0,True,McLaren,0 days 00:54:49.263000,2020-12-05 17:39:49.298,1,,False,,False,False
0 days 01:05:14.368000,SAI,55,,15.0,6.0,0 days 01:04:10.440000,,,0 days 00:00:26.202000,0 days 00:00:19.139000,,0 days 01:04:55.297000,0 days 01:05:14.405000,272.0,210.0,302.0,226.0,False,SOFT,3.0,False,McLaren,0 days 00:55:57.883000,2020-12-05 17:40:57.918,12,,False,,False,False
0 days 01:06:08.510000,SAI,55,0 days 00:00:54.142000,16.0,6.0,,,0 days 00:00:18.793000,0 days 00:00:18.893000,0 days 00:00:16.456000,0 days 01:05:33.161000,0 days 01:05:52.054000,0 days 01:06:08.510000,289.0,270.0,294.0,324.0,True,SOFT,4.0,False,McLaren,0 days 01:05:14.368000,2020-12-05 17:50:14.403,1,,False,,False,True
0 days 01:07:18.010000,SAI,55,0 days 00:01:09.500000,17.0,6.0,,0 days 01:07:16.256000,0 days 00:00:22.430000,0 days 00:00:23.783000,0 days 00:00:23.287000,0 days 01:06:30.940000,0 days 01:06:54.723000,0 days 01:07:18.010000,234.0,240.0,,261.0,False,SOFT,5.0,False,McLaren,0 days 01:06:08.510000,2020-12-05 17:51:08.545,1,,False,,False,False
0 days 01:14:52.042000,SAI,55,,18.0,7.0,0 days 01:13:52.988000,,,0 days 00:00:22.659000,0 days 00:00:17.505000,,0 days 01:14:34.575000,0 days 01:14:52.042000,273.0,247.0,298.0,212.0,False,SOFT,1.0,True,McLaren,0 days 01:07:18.010000,2020-12-05 17:52:18.045,1,,False,,False,False
0 days 01:15:46.052000,SAI,55,0 days 00:00:54.010000,19.0,7.0,,,0 days 00:00:18.788000,0 days 00:00:18.811000,0 days 00:00:16.411000,0 days 01:15:10.830000,0 days 01:15:29.641000,0 days 01:15:46.052000,290.0,271.0,296.0,325.0,True,SOFT,2.0,True,McLaren,0 days 01:14:52.042000,2020-12-05 17:59:52.077,1,,False,,False,True
0 days 01:16:58.079000,SAI,55,,20.0,7.0,,0 days 01:16:58.079000,0 days 00:00:22.406000,0 days 00:00:24.460000,,0 days 01:16:08.444000,0 days 01:16:32.905000,,249.0,214.0,,256.0,False,SOFT,3.0,True,McLaren,0 days 01:15:46.052000,2020-12-05 18:00:46.087,1,,False,,False,False
0 days 00:20:08.378000,GAS,10,,1.0,1.0,0 days 00:18:59.263000,,,0 days 00:00:28.499000,0 days 00:00:18.213000,,0 days 00:19:50.216000,0 days 00:20:08.625000,268.0,229.0,294.0,171.0,False,MEDIUM,1.0,True,AlphaTauri,0 days 00:18:59.263000,2020-12-05 17:03:59.298,1,,False,,False,False
0 days 00:21:03.689000,GAS,10,0 days 00:00:55.311000,2.0,1.0,,,0 days 00:00:19.165000,0 days 00:00:19.182000,0 days 00:00:16.964000,0 days 00:20:27.543000,0 days 00:20:46.725000,0 days 00:21:03.689000,287.0,269.0,295.0,323.0,True,MEDIUM,2.0,True,AlphaTauri,0 days 00:20:08.378000,2020-12-05 17:05:08.413,1,,False,,False,True
0 days 00:22:28.328000,GAS,10,0 days 00:01:24.639000,3.0,1.0,,,0 days 00:00:28.415000,0 days 00:00:33.944000,0 days 00:00:22.280000,0 days 00:21:32.104000,0 days 00:22:06.048000,0 days 00:22:28.328000,136.0,162.0,260.0,283.0,False,MEDIUM,3.0,True,AlphaTauri,0 days 00:21:03.689000,2020-12-05 17:06:03.724,1,,False,,False,True
0 days 00:23:42.696000,GAS,10,0 days 00:01:14.368000,4.0,1.0,,,0 days 00:00:27.209000,0 days 00:00:25.199000,0 days 00:00:21.960000,0 days 00:22:55.537000,0 days 00:23:20.736000,0 days 00:23:42.696000,214.0,237.0,296.0,254.0,False,MEDIUM,4.0,True,AlphaTauri,0 days 00:22:28.328000,2020-12-05 17:07:28.363,1,,False,,False,True
0 days 00:24:38.011000,GAS,10,0 days 00:00:55.315000,5.0,1.0,,,0 days 00:00:19.348000,0 days 00:00:19.324000,0 days 00:00:16.643000,0 days 00:24:02.044000,0 days 00:24:21.368000,0 days 00:24:38.011000,286.0,269.0,296.0,326.0,False,MEDIUM,5.0,True,AlphaTauri,0 days 00:23:42.696000,2020-12-05 17:08:42.731,1,,False,,False,True
0 days 00:26:04.506000,GAS,10,0 days 00:01:26.495000,6.0,1.0,,,0 days 00:00:26.703000,0 days 00:00:35.076000,0 days 00:00:24.716000,0 days 00:25:04.714000,0 days 00:25:39.790000,0 days 00:26:04.506000,152.0,168.0,256.0,300.0,False,MEDIUM,6.0,True,AlphaTauri,0 days 00:24:38.011000,2020-12-05 17:09:38.046,1,,False,,False,True
0 days 00:27:13.568000,GAS,10,0 days 00:01:09.062000,7.0,1.0,,0 days 00:27:11.867000,0 days 00:00:24.619000,0 days 00:00:22.974000,0 days 00:00:21.469000,0 days 00:26:29.125000,0 days 00:26:52.099000,0 days 00:27:13.568000,256.0,243.0,,245.0,False,MEDIUM,7.0,True,AlphaTauri,0 days 00:26:04.506000,2020-12-05 17:11:04.541,1,,False,,False,False
0 days 00:30:03.894000,GAS,10,,8.0,2.0,0 days 00:28:49.421000,,,0 days 00:00:30.675000,0 days 00:00:20.917000,,0 days 00:29:43.016000,0 days 00:30:04.087000,258.0,228.0,296.0,171.0,False,SOFT,1.0,True,AlphaTauri,0 days 00:27:13.568000,2020-12-05 17:12:13.603,1,,False,,False,False
0 days 00:30:58.101000,GAS,10,0 days 00:00:54.207000,9.0,2.0,,,0 days 00:00:18.789000,0 days 00:00:18.897000,0 days 00:00:16.521000,0 days 00:30:22.683000,0 days 00:30:41.580000,0 days 00:30:58.101000,290.0,271.0,299.0,323.0,True,SOFT,2.0,True,AlphaTauri,0 days 00:30:03.894000,2020-12-05 17:15:03.929,1,,False,,False,True
0 days 00:32:28.555000,GAS,10,0 days 00:01:30.454000,10.0,2.0,,0 days 00:32:26.400000,0 days 00:00:27.890000,0 days 00:00:32.165000,0 days 00:00:30.399000,0 days 00:31:25.991000,0 days 00:31:58.156000,0 days 00:32:28.555000,201.0,189.0,,178.0,False,SOFT,3.0,True,AlphaTauri,0 days 00:30:58.101000,2020-12-05 17:15:58.136,1,,False,,False,False
0 days 00:43:14.343000,GAS,10,,11.0,3.0,0 days 00:41:58.808000,,,0 days 00:00:29.377000,0 days 00:00:21.771000,,0 days 00:42:52.625000,0 days 00:43:14.411000,257.0,232.0,298.0,138.0,False,SOFT,1.0,True,AlphaTauri,0 days 00:32:28.555000,2020-12-05 17:17:28.590,1,,False,,False,False
0 days 00:44:08.473000,GAS,10,0 days 00:00:54.130000,12.0,3.0,,,0 days 00:00:18.718000,0 days 00:00:18.932000,0 days 00:00:16.480000,0 days 00:43:33.061000,0 days 00:43:51.993000,0 days 00:44:08.473000,291.0,269.0,298.0,327.0,False,SOFT,2.0,True,AlphaTauri,0 days 00:43:14.343000,2020-12-05 17:28:14.378,1,,True,TRACK LIMITS AT TURN 8,False,True
0 days 00:45:38.185000,GAS,10,0 days 00:01:29.712000,13.0,3.0,,,0 days 00:00:27.871000,0 days 00:00:37.671000,0 days 00:00:24.170000,0 days 00:44:36.344000,0 days 00:45:14.015000,0 days 00:45:38.185000,143.0,159.0,229.0,252.0,True,SOFT,3.0,True,AlphaTauri,0 days 00:44:08.473000,2020-12-05 17:29:08.508,1,,False,,False,True
0 days 00:46:56.802000,GAS,10,0 days 00:01:18.617000,14.0,3.0,,,0 days 00:00:28.803000,0 days 00:00:31.683000,0 days 00:00:18.131000,0 days 00:46:06.988000,0 days 00:46:38.671000,0 days 00:46:56.802000,189.0,228.0,298.0,251.0,True,SOFT,4.0,True,AlphaTauri,0 days 00:45:38.185000,2020-12-05 17:30:38.220,1,,False,,False,True
0 days 00:47:51.100000,GAS,10,0 days 00:00:54.298000,15.0,3.0,,,0 days 00:00:18.865000,0 days 00:00:18.910000,0 days 00:00:16.523000,0 days 00:47:15.667000,0 days 00:47:34.577000,0 days 00:47:51.100000,290.0,272.0,298.0,327.0,True,SOFT,5.0,True,AlphaTauri,0 days 00:46:56.802000,2020-12-05 17:31:56.837,1,,False,,False,True
0 days 00:49:00.029000,GAS,10,0 days 00:01:08.929000,16.0,3.0,,0 days 00:48:58.309000,0 days 00:00:22.117000,0 days 00:00:24.035000,0 days 00:00:22.777000,0 days 00:48:13.217000,0 days 00:48:37.252000,0 days 00:49:00.029000,254.0,239.0,,292.0,False,SOFT,6.0,True,AlphaTauri,0 days 00:47:51.100000,2020-12-05 17:32:51.135,1,,False,,False,False
0 days 00:54:02.891000,GAS,10,,17.0,4.0,0 days 00:52:46.774000,,,0 days 00:00:29.317000,0 days 00:00:22.590000,,0 days 00:53:40.358000,0 days 00:54:02.999000,252.0,217.0,300.0,162.0,False,SOFT,1.0,True,AlphaTauri,0 days 00:49:00.029000,2020-12-05 17:34:00.064,1,,False,,False,False
0 days 00:54:56.832000,GAS,10,0 days 00:00:53.941000,18.0,4.0,,,0 days 00:00:18.659000,0 days 00:00:18.779000,0 days 00:00:16.503000,0 days 00:54:21.550000,0 days 00:54:40.329000,0 days 00:54:56.832000,291.0,271.0,300.0,327.0,True,SOFT,2.0,True,AlphaTauri,0 days 00:54:02.891000,2020-12-05 17:39:02.926,1,,False,,False,True
0 days 00:56:22.468000,GAS,10,0 days 00:01:25.636000,19.0,4.0,,0 days 00:56:20.583000,0 days 00:00:26.514000,0 days 00:00:32.889000,0 days 00:00:26.233000,0 days 00:55:23.346000,0 days 00:55:56.235000,0 days 00:56:22.468000,209.0,229.0,,291.0,False,SOFT,3.0,True,AlphaTauri,0 days 00:54:56.832000,2020-12-05 17:39:56.867,1,,False,,False,False
0 days 01:04:24.013000,GAS,10,,20.0,5.0,0 days 01:03:08.350000,,,0 days 00:00:25.632000,0 days 00:00:27.336000,,0 days 01:03:56.768000,0 days 01:04:24.116000,260.0,241.0,297.0,172.0,False,MEDIUM,1.0,True,AlphaTauri,0 days 00:56:22.468000,2020-12-05 17:41:22.503,12,,False,,False,False
0 days 01:05:18.727000,GAS,10,0 days 00:00:54.714000,21.0,5.0,,,0 days 00:00:18.860000,0 days 00:00:19.338000,0 days 00:00:16.516000,0 days 01:04:42.873000,0 days 01:05:02.211000,0 days 01:05:18.727000,292.0,270.0,298.0,327.0,True,MEDIUM,2.0,True,AlphaTauri,0 days 01:04:24.013000,2020-12-05 17:49:24.048,1,,False,,False,True
0 days 01:06:41.404000,GAS,10,0 days 00:01:22.677000,22.0,5.0,,,0 days 00:00:27.388000,0 days 00:00:33.345000,0 days 00:00:21.944000,0 days 01:05:46.115000,0 days 01:06:19.460000,0 days 01:06:41.404000,153.0,210.0,207.0,245.0,False,MEDIUM,3.0,True,AlphaTauri,0 days 01:05:18.727000,2020-12-05 17:50:18.762,1,,False,,False,True
0 days 01:07:55.273000,GAS,10,0 days 00:01:13.869000,23.0,5.0,,,0 days 00:00:26.142000,0 days 00:00:29.817000,0 days 00:00:17.910000,0 days 01:07:07.546000,0 days 01:07:37.363000,0 days 01:07:55.273000,227.0,239.0,298.0,249.0,False,MEDIUM,4.0,True,AlphaTauri,0 days 01:06:41.404000,2020-12-05 17:51:41.439,1,,False,,False,True
0 days 01:08:50.092000,GAS,10,0 days 00:00:54.819000,24.0,5.0,,,0 days 00:00:18.977000,0 days 00:00:19.312000,0 days 00:00:16.530000,0 days 01:08:14.250000,0 days 01:08:33.562000,0 days 01:08:50.092000,291.0,270.0,295.0,325.0,False,MEDIUM,5.0,True,AlphaTauri,0 days 01:07:55.273000,2020-12-05 17:52:55.308,1,,False,,False,True
0 days 01:10:00.454000,GAS,10,0 days 00:01:10.362000,25.0,5.0,,0 days 01:09:58.696000,0 days 00:00:22.215000,0 days 00:00:26.237000,0 days 00:00:21.910000,0 days 01:09:12.307000,0 days 01:09:38.544000,0 days 01:10:00.454000,181.0,188.0,,299.0,False,MEDIUM,6.0,True,AlphaTauri,0 days 01:08:50.092000,2020-12-05 17:53:50.127,1,,False,,False,False
0 days 01:14:30.978000,GAS,10,,26.0,6.0,0 days 01:13:05.367000,,,0 days 00:00:31.705000,0 days 00:00:30.357000,,0 days 01:14:00.669000,0 days 01:14:30.995000,272.0,116.0,298.0,166.0,False,SOFT,1.0,True,AlphaTauri,0 days 01:10:00.454000,2020-12-05 17:55:00.489,1,,False,,False,False
0 days 01:15:25.132000,GAS,10,0 days 00:00:54.154000,27.0,6.0,,,0 days 00:00:18.738000,0 days 00:00:18.949000,0 days 00:00:16.467000,0 days 01:14:49.716000,0 days 01:15:08.665000,0 days 01:15:25.132000,292.0,272.0,298.0,328.0,True,SOFT,2.0,True,AlphaTauri,0 days 01:14:30.978000,2020-12-05 17:59:31.013,1,,False,,False,True
0 days 01:16:38.602000,GAS,10,,28.0,6.0,,0 days 01:16:38.602000,0 days 00:00:26.809000,0 days 00:00:24.339000,,0 days 01:15:51.898000,0 days 01:16:16.274000,,160.0,244.0,,272.0,False,SOFT,3.0,True,AlphaTauri,0 days 01:15:25.132000,2020-12-05 18:00:25.167,1,,False,,False,False
0 days 00:21:21.459000,STR,18,,1.0,1.0,0 days 00:20:03.131000,,,0 days 00:00:31.059000,0 days 00:00:22.046000,,0 days 00:20:59.462000,0 days 00:21:21.712000,136.0,222.0,297.0,161.0,False,SOFT,1.0,True,Racing Point,0 days 00:20:03.131000,2020-12-05 17:05:03.166,1,,False,,False,False
0 days 00:22:16.175000,STR,18,0 days 00:00:54.716000,2.0,1.0,,,0 days 00:00:19.066000,0 days 00:00:19.089000,0 days 00:00:16.561000,0 days 00:21:40.525000,0 days 00:21:59.614000,0 days 00:22:16.175000,289.0,271.0,297.0,326.0,True,SOFT,2.0,True,Racing Point,0 days 00:21:21.459000,2020-12-05 17:06:21.494,1,,False,,False,True
0 days 00:23:39.504000,STR,18,0 days 00:01:23.329000,3.0,1.0,,,0 days 00:00:28.068000,0 days 00:00:31.441000,0 days 00:00:23.820000,0 days 00:22:44.243000,0 days 00:23:15.684000,0 days 00:23:39.504000,131.0,187.0,160.0,238.0,False,SOFT,3.0,True,Racing Point,0 days 00:22:16.175000,2020-12-05 17:07:16.210,1,,False,,False,True
0 days 00:25:01.717000,STR,18,0 days 00:01:22.213000,4.0,1.0,,,0 days 00:00:31.156000,0 days 00:00:32.325000,0 days 00:00:18.732000,0 days 00:24:10.660000,0 days 00:24:42.985000,0 days 00:25:01.717000,242.0,178.0,299.0,218.0,False,SOFT,4.0,True,Racing Point,0 days 00:23:39.504000,2020-12-05 17:08:39.539,1,,False,,False,True
0 days 00:25:56.312000,STR,18,0 days 00:00:54.595000,5.0,1.0,,,0 days 00:00:19.033000,0 days 00:00:19.001000,0 days 00:00:16.561000,0 days 00:25:20.750000,0 days 00:25:39.751000,0 days 00:25:56.312000,289.0,273.0,296.0,329.0,True,SOFT,5.0,True,Racing Point,0 days 00:25:01.717000,2020-12-05 17:10:01.752,1,,False,,False,True
0 days 00:27:06.801000,STR,18,0 days 00:01:10.489000,6.0,1.0,,0 days 00:27:05.380000,0 days 00:00:27.685000,0 days 00:00:21.666000,0 days 00:00:21.138000,0 days 00:26:23.997000,0 days 00:26:45.663000,0 days 00:27:06.801000,261.0,245.0,,95.0,False,SOFT,6.0,True,Racing Point,0 days 00:25:56.312000,2020-12-05 17:10:56.347,1,,False,,False,False
0 days 00:32:32.847000,STR,18,,7.0,2.0,0 days 00:31:19.147000,0 days 00:32:31.423000,,0 days 00:00:27.110000,0 days 00:00:24.806000,,0 days 00:32:08.041000,0 days 00:32:33.047000,248.0,247.0,,174.0,False,SOFT,1.0,True,Racing Point,0 days 00:27:06.801000,2020-12-05 17:12:06.836,1,,False,,False,False
0 days 00:46:24.162000,STR,18,,8.0,3.0,0 days 00:45:09.576000,,,0 days 00:00:32.263000,0 days 00:00:18.640000,,0 days 00:46:05.565000,0 days 00:46:24.193000,166.0,242.0,299.0,173.0,False,SOFT,1.0,True,Racing Point,0 days 00:32:32.847000,2020-12-05 17:17:32.882,1,,False,,False,False
0 days 00:47:18.002000,STR,18,0 days 00:00:53.840000,9.0,3.0,,,0 days 00:00:18.731000,0 days 00:00:18.802000,0 days 00:00:16.307000,0 days 00:46:42.893000,0 days 00:47:01.695000,0 days 00:47:18.002000,292.0,273.0,300.0,327.0,True,SOFT,2.0,True,Racing Point,0 days 00:46:24.162000,2020-12-05 17:31:24.197,1,,False,,False,True
0 days 00:48:26.546000,STR,18,0 days 00:01:08.544000,10.0,3.0,,0 days 00:48:24.712000,0 days 00:00:23.425000,0 days 00:00:22.843000,0 days 00:00:22.276000,0 days 00:47:41.427000,0 days 00:48:04.270000,0 days 00:48:26.546000,266.0,247.0,,147.0,False,SOFT,3.0,True,Racing Point,0 days 00:47:18.002000,2020-12-05 17:32:18.037,1,,False,,False,False
0 days 00:53:54.389000,STR,18,,11.0,4.0,0 days 00:52:40.975000,,,0 days 00:00:29.007000,0 days 00:00:20.069000,,0 days 00:53:34.320000,0 days 00:53:54.419000,195.0,221.0,297.0,147.0,False,SOFT,1.0,True,Racing Point,0 days 00:48:26.546000,2020-12-05 17:33:26.581,1,,False,,False,False
0 days 00:54:48.433000,STR,18,0 days 00:00:54.044000,12.0,4.0,,,0 days 00:00:18.748000,0 days 00:00:18.939000,0 days 00:00:16.357000,0 days 00:54:13.137000,0 days 00:54:32.076000,0 days 00:54:48.433000,291.0,272.0,299.0,323.0,False,SOFT,2.0,True,Racing Point,0 days 00:53:54.389000,2020-12-05 17:38:54.424,1,,False,,False,True
0 days 00:55:59.395000,STR,18,0 days 00:01:10.962000,13.0,4.0,,0 days 00:55:57.829000,0 days 00:00:26.322000,0 days 00:00:22.508000,0 days 00:00:22.132000,0 days 00:55:14.755000,0 days 00:55:37.263000,0 days 00:55:59.395000,268.0,245.0,,154.0,False,SOFT,3.0,True,Racing Point,0 days 00:54:48.433000,2020-12-05 17:39:48.468,1,,False,,False,False
0 days 01:07:04.167000,STR,18,,14.0,5.0,0 days 01:05:59.736000,,,0 days 00:00:23.961000,0 days 00:00:18.497000,,0 days 01:06:45.699000,0 days 01:07:04.212000,224.0,247.0,296.0,182.0,False,SOFT,2.0,False,Racing Point,0 days 00:55:59.395000,2020-12-05 17:40:59.430,12,,False,,False,False
0 days 01:07:58.438000,STR,18,0 days 00:00:54.271000,15.0,5.0,,,0 days 00:00:19.014000,0 days 00:00:18.894000,0 days 00:00:16.363000,0 days 01:07:23.181000,0 days 01:07:42.075000,0 days 01:07:58.438000,290.0,273.0,298.0,323.0,True,SOFT,3.0,False,Racing Point,0 days 01:07:04.167000,2020-12-05 17:52:04.202,1,,False,,False,True
0 days 01:09:09.970000,STR,18,0 days 00:01:11.532000,16.0,5.0,,0 days 01:09:08.457000,0 days 00:00:22.078000,0 days 00:00:23.826000,0 days 00:00:25.628000,0 days 01:08:20.516000,0 days 01:08:44.342000,0 days 01:09:09.970000,264.0,217.0,,237.0,False,SOFT,4.0,False,Racing Point,0 days 01:07:58.438000,2020-12-05 17:52:58.473,1,,False,,False,False
0 days 01:14:36.614000,STR,18,,17.0,6.0,0 days 01:13:08.066000,,,0 days 00:00:34.972000,0 days 00:00:32.302000,,0 days 01:14:04.375000,0 days 01:14:36.627000,273.0,178.0,296.0,164.0,False,SOFT,1.0,True,Racing Point,0 days 01:09:09.970000,2020-12-05 17:54:10.005,1,,False,,False,False
0 days 01:15:30.814000,STR,18,0 days 00:00:54.200000,18.0,6.0,,,0 days 00:00:18.834000,0 days 00:00:18.894000,0 days 00:00:16.472000,0 days 01:14:55.448000,0 days 01:15:14.342000,0 days 01:15:30.814000,292.0,272.0,297.0,325.0,True,SOFT,2.0,True,Racing Point,0 days 01:14:36.614000,2020-12-05 17:59:36.649,1,,False,,False,True
0 days 01:16:36.012000,STR,18,,19.0,6.0,,0 days 01:16:36.012000,0 days 00:00:20.409000,0 days 00:00:22.158000,,0 days 01:15:51.277000,0 days 01:16:13.386000,,266.0,246.0,,254.0,False,SOFT,3.0,True,Racing Point,0 days 01:15:30.814000,2020-12-05 18:00:30.849,1,,False,,False,False
0 days 00:20:45.213000,OCO,31,,1.0,1.0,0 days 00:19:26.669000,,,0 days 00:00:32.569000,0 days 00:00:22.157000,,0 days 00:20:23.056000,0 days 00:20:45.485000,268.0,150.0,298.0,171.0,False,SOFT,1.0,True,Renault,0 days 00:19:26.669000,2020-12-05 17:04:26.704,1,,False,,False,False
0 days 00:22:08.010000,OCO,31,0 days 00:01:22.797000,2.0,1.0,,,0 days 00:00:22.008000,0 days 00:00:36.897000,0 days 00:00:23.892000,0 days 00:21:07.221000,0 days 00:21:44.118000,0 days 00:22:08.010000,140.0,153.0,296.0,328.0,True,SOFT,2.0,True,Renault,0 days 00:20:45.213000,2020-12-05 17:05:45.248,1,,False,,False,True
0 days 00:23:03.036000,OCO,31,0 days 00:00:55.026000,3.0,1.0,,,0 days 00:00:19.256000,0 days 00:00:19.181000,0 days 00:00:16.589000,0 days 00:22:27.266000,0 days 00:22:46.447000,0 days 00:23:03.036000,286.0,269.0,298.0,326.0,True,SOFT,3.0,True,Renault,0 days 00:22:08.010000,2020-12-05 17:07:08.045,1,,False,,False,True
0 days 00:24:32.067000,OCO,31,0 days 00:01:29.031000,4.0,1.0,,0 days 00:24:30.376000,0 days 00:00:33.711000,0 days 00:00:30.541000,0 days 00:00:24.779000,0 days 00:23:36.747000,0 days 00:24:07.288000,0 days 00:24:32.067000,232.0,155.0,,94.0,False,SOFT,4.0,True,Renault,0 days 00:23:03.036000,2020-12-05 17:08:03.071,1,,False,,False,False
0 days 00:30:45.617000,OCO,31,,5.0,2.0,0 days 00:29:20.232000,,,0 days 00:00:34.057000,0 days 00:00:24.309000,,0 days 00:30:21.308000,0 days 00:30:45.868000,162.0,157.0,298.0,120.0,False,SOFT,1.0,True,Renault,0 days 00:24:32.067000,2020-12-05 17:09:32.102,1,,False,,False,False
0 days 00:31:39.926000,OCO,31,0 days 00:00:54.309000,6.0,2.0,,,0 days 00:00:18.832000,0 days 00:00:19.009000,0 days 00:00:16.468000,0 days 00:31:04.449000,0 days 00:31:23.458000,0 days 00:31:39.926000,289.0,271.0,297.0,329.0,True,SOFT,2.0,True,Renault,0 days 00:30:45.617000,2020-12-05 17:15:45.652,1,,False,,False,True
0 days 00:32:54.404000,OCO,31,0 days 00:01:14.478000,7.0,2.0,,0 days 00:32:52.669000,0 days 00:00:22.731000,0 days 00:00:26.418000,0 days 00:00:25.329000,0 days 00:32:02.657000,0 days 00:32:29.075000,0 days 00:32:54.404000,225.0,198.0,,238.0,False,SOFT,3.0,True,Renault,0 days 00:31:39.926000,2020-12-05 17:16:39.961,1,,False,,False,False
0 days 00:45:23.607000,OCO,31,,8.0,3.0,0 days 00:44:21.429000,,,0 days 00:00:23.543000,0 days 00:00:17.981000,,0 days 00:45:05.654000,0 days 00:45:23.686000,270.0,246.0,298.0,184.0,False,MEDIUM,1.0,True,Renault,0 days 00:32:54.404000,2020-12-05 17:17:54.439,1,,False,,False,False
0 days 00:46:17.854000,OCO,31,0 days 00:00:54.247000,9.0,3.0,,,0 days 00:00:18.967000,0 days 00:00:18.875000,0 days 00:00:16.405000,0 days 00:45:42.574000,0 days 00:46:01.449000,0 days 00:46:17.854000,289.0,272.0,298.0,326.0,True,MEDIUM,2.0,True,Renault,0 days 00:45:23.607000,2020-12-05 17:30:23.642,1,,False,,False,True
0 days 00:47:29.594000,OCO,31,0 days 00:01:11.740000,10.0,3.0,,0 days 00:47:27.835000,0 days 00:00:27.421000,0 days 00:00:22.576000,0 days 00:00:21.743000,0 days 00:46:45.275000,0 days 00:47:07.851000,0 days 00:47:29.594000,261.0,243.0,,146.0,False,MEDIUM,3.0,True,Renault,0 days 00:46:17.854000,2020-12-05 17:31:17.889,1,,False,,False,False
0 days 00:54:11.489000,OCO,31,,11.0,4.0,0 days 00:52:47.762000,,,0 days 00:00:28.936000,0 days 00:00:26.407000,,0 days 00:53:45.155000,0 days 00:54:11.541000,165.0,217.0,299.0,114.0,False,SOFT,1.0,True,Renault,0 days 00:47:29.594000,2020-12-05 17:32:29.629,1,,False,,False,False
0 days 00:55:05.484000,OCO,31,0 days 00:00:53.995000,12.0,4.0,,,0 days 00:00:18.726000,0 days 00:00:18.936000,0 days 00:00:16.333000,0 days 00:54:30.215000,0 days 00:54:49.151000,0 days 00:55:05.484000,291.0,272.0,299.0,329.0,True,SOFT,2.0,True,Renault,0 days 00:54:11.489000,2020-12-05 17:39:11.524,1,,False,,False,True
0 days 00:56:20.705000,OCO,31,0 days 00:01:15.221000,13.0,4.0,,0 days 00:56:18.970000,0 days 00:00:23.656000,0 days 00:00:27.567000,0 days 00:00:23.998000,0 days 00:55:29.140000,0 days 00:55:56.707000,0 days 00:56:20.705000,199.0,213.0,,202.0,False,SOFT,3.0,True,Renault,0 days 00:55:05.484000,2020-12-05 17:40:05.519,1,,False,,False,False
0 days 00:23:20.815000,ALB,23,,1.0,1.0,0 days 00:22:05.776000,,,0 days 00:00:29.918000,0 days 00:00:20.357000,,0 days 00:23:00.690000,0 days 00:23:21.170000,265.0,206.0,293.0,143.0,False,SOFT,1.0,True,Red Bull Racing,0 days 00:22:05.776000,2020-12-05 17:07:05.811,1,,False,,False,False
0 days 00:24:15.479000,ALB,23,0 days 00:00:54.664000,2.0,1.0,,,0 days 00:00:19.033000,0 days 00:00:19.025000,0 days 00:00:16.606000,0 days 00:23:39.848000,0 days 00:23:58.873000,0 days 00:24:15.479000,288.0,268.0,294.0,320.0,True,SOFT,2.0,True,Red Bull Racing,0 days 00:23:20.815000,2020-12-05 17:08:20.850,1,,False,,False,True
0 days 00:26:00.566000,ALB,23,0 days 00:01:45.087000,3.0,1.0,,,0 days 00:00:33.972000,0 days 00:00:40.533000,0 days 00:00:30.582000,0 days 00:24:49.451000,0 days 00:25:29.984000,0 days 00:26:00.566000,156.0,143.0,194.0,120.0,False,SOFT,3.0,True,Red Bull Racing,0 days 00:24:15.479000,2020-12-05 17:09:15.514,1,,False,,False,True
0 days 00:27:21.047000,ALB,23,0 days 00:01:20.481000,4.0,1.0,,,0 days 00:00:27.705000,0 days 00:00:32.888000,0 days 00:00:19.888000,0 days 00:26:28.271000,0 days 00:27:01.159000,0 days 00:27:21.047000,184.0,217.0,292.0,207.0,False,SOFT,4.0,True,Red Bull Racing,0 days 00:26:00.566000,2020-12-05 17:11:00.601,1,,False,,False,True
0 days 00:28:15.667000,ALB,23,0 days 00:00:54.620000,5.0,1.0,,,0 days 00:00:19.040000,0 days 00:00:19.002000,0 days 00:00:16.578000,0 days 00:27:40.087000,0 days 00:27:59.089000,0 days 00:28:15.667000,286.0,267.0,292.0,315.0,True,SOFT,5.0,True,Red Bull Racing,0 days 00:27:21.047000,2020-12-05 17:12:21.082,1,,False,,False,True
0 days 00:29:28.659000,ALB,23,0 days 00:01:12.992000,6.0,1.0,,0 days 00:29:26.960000,0 days 00:00:23.934000,0 days 00:00:22.613000,0 days 00:00:26.445000,0 days 00:28:39.601000,0 days 00:29:02.214000,0 days 00:29:28.659000,237.0,202.0,,186.0,False,SOFT,6.0,True,Red Bull Racing,0 days 00:28:15.667000,2020-12-05 17:13:15.702,1,,False,,False,False
0 days 00:46:50.554000,ALB,23,,7.0,2.0,0 days 00:45:41.526000,,,0 days 00:00:26.383000,0 days 00:00:18.791000,,0 days 00:46:31.799000,0 days 00:46:50.605000,237.0,226.0,294.0,167.0,False,SOFT,1.0,True,Red Bull Racing,0 days 00:29:28.659000,2020-12-05 17:14:28.694,1,,False,,False,False
0 days 00:47:44.580000,ALB,23,0 days 00:00:54.026000,8.0,2.0,,,0 days 00:00:18.879000,0 days 00:00:18.726000,0 days 00:00:16.421000,0 days 00:47:09.433000,0 days 00:47:28.159000,0 days 00:47:44.580000,287.0,269.0,293.0,318.0,True,SOFT,2.0,True,Red Bull Racing,0 days 00:46:50.554000,2020-12-05 17:31:50.589,1,,False,,False,True
0 days 00:49:02.969000,ALB,23,0 days 00:01:18.389000,9.0,2.0,,0 days 00:49:01.196000,0 days 00:00:25.477000,0 days 00:00:28.058000,0 days 00:00:24.854000,0 days 00:48:10.057000,0 days 00:48:38.115000,0 days 00:49:02.969000,208.0,232.0,,180.0,False,SOFT,3.0,True,Red Bull Racing,0 days 00:47:44.580000,2020-12-05 17:32:44.615,1,,False,,False,False
0 days 00:54:37.491000,ALB,23,,10.0,3.0,0 days 00:53:05.955000,,,0 days 00:00:34.387000,0 days 00:00:34.958000,,0 days 00:54:02.533000,0 days 00:54:37.521000,266.0,178.0,297.0,159.0,False,SOFT,1.0,True,Red Bull Racing,0 days 00:49:02.969000,2020-12-05 17:34:03.004,1,,False,,False,False
0 days 00:55:31.601000,ALB,23,0 days 00:00:54.110000,11.0,3.0,,,0 days 00:00:18.827000,0 days 00:00:18.759000,0 days 00:00:16.524000,0 days 00:54:56.318000,0 days 00:55:15.077000,0 days 00:55:31.601000,289.0,268.0,296.0,323.0,False,SOFT,2.0,True,Red Bull Racing,0 days 00:54:37.491000,2020-12-05 17:39:37.526,1,,False,,False,True
0 days 00:56:48.057000,ALB,23,0 days 00:01:16.456000,12.0,3.0,,0 days 00:56:45.374000,0 days 00:00:25.523000,0 days 00:00:24.198000,0 days 00:00:26.735000,0 days 00:55:57.124000,0 days 00:56:21.322000,0 days 00:56:48.057000,225.0,233.0,,196.0,False,SOFT,3.0,True,Red Bull Racing,0 days 00:55:31.601000,2020-12-05 17:40:31.636,1,,False,,False,False
0 days 00:20:31.178000,VET,5,,1.0,1.0,0 days 00:19:22.705000,,,0 days 00:00:27.444000,0 days 00:00:19.563000,,0 days 00:20:11.712000,0 days 00:20:31.450000,260.0,235.0,294.0,175.0,False,SOFT,1.0,True,Ferrari,0 days 00:19:22.705000,2020-12-05 17:04:22.740,1,,False,,False,False
0 days 00:21:26.112000,VET,5,0 days 00:00:54.934000,2.0,1.0,,,0 days 00:00:19.112000,0 days 00:00:19.142000,0 days 00:00:16.680000,0 days 00:20:50.290000,0 days 00:21:09.432000,0 days 00:21:26.112000,287.0,268.0,295.0,324.0,True,SOFT,2.0,True,Ferrari,0 days 00:20:31.178000,2020-12-05 17:05:31.213,1,,False,,False,True
0 days 00:22:47.075000,VET,5,0 days 00:01:20.963000,3.0,1.0,,,0 days 00:00:25.304000,0 days 00:00:32.285000,0 days 00:00:23.374000,0 days 00:21:51.416000,0 days 00:22:23.701000,0 days 00:22:47.075000,175.0,183.0,216.0,254.0,False,SOFT,3.0,True,Ferrari,0 days 00:21:26.112000,2020-12-05 17:06:26.147,1,,False,,False,True
0 days 00:24:04.243000,VET,5,0 days 00:01:17.168000,4.0,1.0,,,0 days 00:00:27.002000,0 days 00:00:29.784000,0 days 00:00:20.382000,0 days 00:23:14.077000,0 days 00:23:43.861000,0 days 00:24:04.243000,199.0,213.0,295.0,241.0,False,SOFT,4.0,True,Ferrari,0 days 00:22:47.075000,2020-12-05 17:07:47.110,1,,False,,False,True
0 days 00:24:59.456000,VET,5,0 days 00:00:55.213000,5.0,1.0,,,0 days 00:00:19.162000,0 days 00:00:19.404000,0 days 00:00:16.647000,0 days 00:24:23.405000,0 days 00:24:42.809000,0 days 00:24:59.456000,288.0,265.0,294.0,325.0,False,SOFT,5.0,True,Ferrari,0 days 00:24:04.243000,2020-12-05 17:09:04.278,1,,False,,False,True
0 days 00:26:12.273000,VET,5,0 days 00:01:12.817000,6.0,1.0,,0 days 00:26:10.568000,0 days 00:00:24.083000,0 days 00:00:26.115000,0 days 00:00:22.619000,0 days 00:25:23.539000,0 days 00:25:49.654000,0 days 00:26:12.273000,227.0,231.0,,260.0,False,SOFT,6.0,True,Ferrari,0 days 00:24:59.456000,2020-12-05 17:09:59.491,1,,False,,False,False
0 days 00:30:35.780000,VET,5,,7.0,2.0,0 days 00:29:22.660000,,,0 days 00:00:26.184000,0 days 00:00:23.176000,,0 days 00:30:12.614000,0 days 00:30:36.031000,244.0,231.0,296.0,172.0,False,SOFT,1.0,True,Ferrari,0 days 00:26:12.273000,2020-12-05 17:11:12.308,1,,False,,False,False
0 days 00:31:30.081000,VET,5,0 days 00:00:54.301000,8.0,2.0,,,0 days 00:00:18.809000,0 days 00:00:18.940000,0 days 00:00:16.552000,0 days 00:30:54.589000,0 days 00:31:13.529000,0 days 00:31:30.081000,289.0,269.0,292.0,326.0,True,SOFT,2.0,True,Ferrari,0 days 00:30:35.780000,2020-12-05 17:15:35.815,1,,False,,False,True
0 days 00:32:41.699000,VET,5,0 days 00:01:11.618000,9.0,2.0,,0 days 00:32:39.993000,0 days 00:00:22.656000,0 days 00:00:25.116000,0 days 00:00:23.846000,0 days 00:31:52.737000,0 days 00:32:17.853000,0 days 00:32:41.699000,242.0,230.0,,243.0,False,SOFT,3.0,True,Ferrari,0 days 00:31:30.081000,2020-12-05 17:16:30.116,1,,False,,False,False
0 days 00:43:08.361000,VET,5,,10.0,3.0,0 days 00:42:02.541000,,,0 days 00:00:24.404000,0 days 00:00:18.239000,,0 days 00:42:50.209000,0 days 00:43:08.410000,262.0,239.0,295.0,157.0,False,MEDIUM,1.0,True,Ferrari,0 days 00:32:41.699000,2020-12-05 17:17:41.734,1,,False,,False,False
0 days 00:44:02.866000,VET,5,0 days 00:00:54.505000,11.0,3.0,,,0 days 00:00:18.911000,0 days 00:00:19.029000,0 days 00:00:16.565000,0 days 00:43:27.272000,0 days 00:43:46.301000,0 days 00:44:02.866000,289.0,267.0,296.0,322.0,True,MEDIUM,2.0,True,Ferrari,0 days 00:43:08.361000,2020-12-05 17:28:08.396,1,,False,,False,True
0 days 00:45:13.530000,VET,5,0 days 00:01:10.664000,12.0,3.0,,0 days 00:45:11.744000,0 days 00:00:23.004000,0 days 00:00:24.593000,0 days 00:00:23.067000,0 days 00:44:25.870000,0 days 00:44:50.463000,0 days 00:45:13.530000,244.0,235.0,,233.0,False,MEDIUM,3.0,True,Ferrari,0 days 00:44:02.866000,2020-12-05 17:29:02.901,1,,False,,False,False
0 days 00:48:55.447000,VET,5,,13.0,4.0,0 days 00:47:42.809000,,,0 days 00:00:28.270000,0 days 00:00:19.941000,,0 days 00:48:35.606000,0 days 00:48:55.457000,257.0,216.0,294.0,167.0,False,MEDIUM,1.0,True,Ferrari,0 days 00:45:13.530000,2020-12-05 17:30:13.565,1,,False,,False,False
0 days 00:49:53.829000,VET,5,0 days 00:00:58.382000,14.0,4.0,,0 days 00:49:51.942000,0 days 00:00:18.854000,0 days 00:00:19.037000,0 days 00:00:20.491000,0 days 00:49:14.301000,0 days 00:49:33.338000,0 days 00:49:53.829000,288.0,265.0,,320.0,False,MEDIUM,2.0,True,Ferrari,0 days 00:48:55.447000,2020-12-05 17:33:55.482,1,,False,,False,False
0 days 00:54:32.771000,VET,5,,15.0,5.0,0 days 00:53:03.368000,,,0 days 00:00:35.377000,0 days 00:00:31.451000,,0 days 00:54:01.339000,0 days 00:54:32.853000,244.0,139.0,295.0,180.0,False,SOFT,1.0,True,Ferrari,0 days 00:49:53.829000,2020-12-05 17:34:53.864,1,,False,,False,False
0 days 00:55:26.946000,VET,5,0 days 00:00:54.175000,16.0,5.0,,,0 days 00:00:18.745000,0 days 00:00:18.992000,0 days 00:00:16.438000,0 days 00:54:51.516000,0 days 00:55:10.508000,0 days 00:55:26.946000,289.0,268.0,292.0,323.0,True,SOFT,2.0,True,Ferrari,0 days 00:54:32.771000,2020-12-05 17:39:32.806,1,,False,,False,True
0 days 00:56:41.940000,VET,5,0 days 00:01:14.994000,17.0,5.0,,0 days 00:56:40.194000,0 days 00:00:25.121000,0 days 00:00:24.595000,0 days 00:00:25.278000,0 days 00:55:52.067000,0 days 00:56:16.662000,0 days 00:56:41.940000,225.0,220.0,,185.0,False,SOFT,3.0,True,Ferrari,0 days 00:55:26.946000,2020-12-05 17:40:26.981,1,,False,,False,False
0 days 00:20:26.684000,GIO,99,,1.0,1.0,0 days 00:19:21.390000,,,0 days 00:00:24.714000,0 days 00:00:19.354000,,0 days 00:20:07.432000,0 days 00:20:26.977000,255.0,242.0,296.0,209.0,False,SOFT,1.0,True,Alfa Romeo Racing,0 days 00:19:21.390000,2020-12-05 17:04:21.425,1,,False,,False,False
0 days 00:21:22.221000,GIO,99,0 days 00:00:55.537000,2.0,1.0,,,0 days 00:00:19.227000,0 days 00:00:19.486000,0 days 00:00:16.824000,0 days 00:20:45.911000,0 days 00:21:05.397000,0 days 00:21:22.221000,288.0,266.0,301.0,327.0,True,SOFT,2.0,True,Alfa Romeo Racing,0 days 00:20:26.684000,2020-12-05 17:05:26.719,1,,False,,False,True
0 days 00:22:42.606000,GIO,99,0 days 00:01:20.385000,3.0,1.0,,,0 days 00:00:28.782000,0 days 00:00:30.518000,0 days 00:00:21.085000,0 days 00:21:51.003000,0 days 00:22:21.521000,0 days 00:22:42.606000,244.0,225.0,258.0,171.0,False,SOFT,3.0,True,Alfa Romeo Racing,0 days 00:21:22.221000,2020-12-05 17:06:22.256,1,,False,,False,True
0 days 00:23:59.498000,GIO,99,0 days 00:01:16.892000,4.0,1.0,,,0 days 00:00:25.890000,0 days 00:00:30.478000,0 days 00:00:20.524000,0 days 00:23:08.496000,0 days 00:23:38.974000,0 days 00:23:59.498000,246.0,230.0,297.0,181.0,False,SOFT,4.0,True,Alfa Romeo Racing,0 days 00:22:42.606000,2020-12-05 17:07:42.641,1,,False,,False,True
0 days 00:25:06.504000,GIO,99,0 days 00:01:07.006000,5.0,1.0,,0 days 00:25:04.869000,0 days 00:00:19.729000,0 days 00:00:22.337000,0 days 00:00:24.940000,0 days 00:24:19.227000,0 days 00:24:41.564000,0 days 00:25:06.504000,289.0,229.0,,329.0,False,SOFT,5.0,True,Alfa Romeo Racing,0 days 00:23:59.498000,2020-12-05 17:08:59.533,1,,False,,False,False
0 days 00:30:39.356000,GIO,99,,6.0,2.0,0 days 00:29:25.881000,,,0 days 00:00:27.345000,0 days 00:00:24.082000,,0 days 00:30:15.274000,0 days 00:30:39.610000,261.0,243.0,298.0,203.0,False,SOFT,1.0,True,Alfa Romeo Racing,0 days 00:25:06.504000,2020-12-05 17:10:06.539,1,,False,,False,False
0 days 00:31:33.879000,GIO,99,0 days 00:00:54.523000,7.0,2.0,,,0 days 00:00:18.871000,0 days 00:00:19.103000,0 days 00:00:16.549000,0 days 00:30:58.227000,0 days 00:31:17.330000,0 days 00:31:33.879000,291.0,269.0,295.0,330.0,True,SOFT,2.0,True,Alfa Romeo Racing,0 days 00:30:39.356000,2020-12-05 17:15:39.391,1,,False,,False,True
0 days 00:32:43.261000,GIO,99,0 days 00:01:09.382000,8.0,2.0,,0 days 00:32:41.519000,0 days 00:00:21.361000,0 days 00:00:23.095000,0 days 00:00:24.926000,0 days 00:31:55.240000,0 days 00:32:18.335000,0 days 00:32:43.261000,254.0,241.0,,263.0,False,SOFT,3.0,True,Alfa Romeo Racing,0 days 00:31:33.879000,2020-12-05 17:16:33.914,1,,False,,False,False
0 days 00:43:17.044000,GIO,99,,9.0,3.0,0 days 00:42:01.189000,,,0 days 00:00:29.782000,0 days 00:00:23.001000,,0 days 00:42:54.071000,0 days 00:43:17.118000,268.0,211.0,298.0,130.0,False,SOFT,6.0,False,Alfa Romeo Racing,0 days 00:32:43.261000,2020-12-05 17:17:43.296,1,,False,,False,False
0 days 00:44:11.973000,GIO,99,0 days 00:00:54.929000,10.0,3.0,,,0 days 00:00:19.039000,0 days 00:00:19.313000,0 days 00:00:16.577000,0 days 00:43:36.083000,0 days 00:43:55.396000,0 days 00:44:11.973000,291.0,269.0,294.0,329.0,True,SOFT,7.0,False,Alfa Romeo Racing,0 days 00:43:17.044000,2020-12-05 17:28:17.079,1,,False,,False,True
0 days 00:45:16.624000,GIO,99,0 days 00:01:04.651000,11.0,3.0,,0 days 00:45:14.825000,0 days 00:00:21.334000,0 days 00:00:21.382000,0 days 00:00:21.935000,0 days 00:44:33.307000,0 days 00:44:54.689000,0 days 00:45:16.624000,252.0,243.0,,289.0,False,SOFT,8.0,False,Alfa Romeo Racing,0 days 00:44:11.973000,2020-12-05 17:29:12.008,1,,False,,False,False
0 days 00:53:57.452000,GIO,99,,12.0,4.0,0 days 00:52:43.864000,,,0 days 00:00:29.615000,0 days 00:00:20.913000,,0 days 00:53:36.539000,0 days 00:53:57.501000,164.0,227.0,299.0,183.0,False,SOFT,1.0,True,Alfa Romeo Racing,0 days 00:45:16.624000,2020-12-05 17:30:16.659,1,,False,,False,False
0 days 00:54:51.829000,GIO,99,0 days 00:00:54.377000,13.0,4.0,,,0 days 00:00:18.838000,0 days 00:00:19.140000,0 days 00:00:16.399000,0 days 00:54:16.290000,0 days 00:54:35.430000,0 days 00:54:51.829000,291.0,269.0,298.0,327.0,True,SOFT,2.0,True,Alfa Romeo Racing,0 days 00:53:57.452000,2020-12-05 17:38:57.487,1,,False,,False,True
0 days 00:56:01.959000,GIO,99,0 days 00:01:10.130000,14.0,4.0,,0 days 00:56:00.253000,0 days 00:00:24.647000,0 days 00:00:22.750000,0 days 00:00:22.733000,0 days 00:55:16.476000,0 days 00:55:39.226000,0 days 00:56:01.959000,253.0,245.0,,311.0,False,SOFT,3.0,True,Alfa Romeo Racing,0 days 00:54:51.829000,2020-12-05 17:39:51.864,1,,False,,False,False
0 days 00:20:55.689000,NOR,4,,1.0,1.0,0 days 00:19:38.648000,,,0 days 00:00:29.898000,0 days 00:00:25.057000,,0 days 00:20:30.697000,0 days 00:20:56.069000,252.0,228.0,295.0,177.0,False,SOFT,1.0,True,McLaren,0 days 00:19:38.648000,2020-12-05 17:04:38.683,1,,False,,False,False
0 days 00:21:50.559000,NOR,4,0 days 00:00:54.870000,2.0,1.0,,,0 days 00:00:19.043000,0 days 00:00:19.105000,0 days 00:00:16.722000,0 days 00:21:14.732000,0 days 00:21:33.837000,0 days 00:21:50.559000,286.0,269.0,295.0,323.0,False,SOFT,2.0,True,McLaren,0 days 00:20:55.689000,2020-12-05 17:05:55.724,1,,True,TRACK LIMITS AT TURN 8,False,True
0 days 00:23:09.004000,NOR,4,0 days 00:01:18.445000,3.0,1.0,,,0 days 00:00:25.302000,0 days 00:00:30.539000,0 days 00:00:22.604000,0 days 00:22:15.861000,0 days 00:22:46.400000,0 days 00:23:09.004000,158.0,106.0,256.0,263.0,True,SOFT,3.0,True,McLaren,0 days 00:21:50.559000,2020-12-05 17:06:50.594,1,,False,,False,True
0 days 00:24:22.326000,NOR,4,0 days 00:01:13.322000,4.0,1.0,,,0 days 00:00:24.812000,0 days 00:00:30.403000,0 days 00:00:18.107000,0 days 00:23:33.816000,0 days 00:24:04.219000,0 days 00:24:22.326000,250.0,212.0,298.0,243.0,True,SOFT,4.0,True,McLaren,0 days 00:23:09.004000,2020-12-05 17:08:09.039,1,,False,,False,True
0 days 00:25:17.210000,NOR,4,0 days 00:00:54.884000,5.0,1.0,,,0 days 00:00:19.039000,0 days 00:00:19.200000,0 days 00:00:16.645000,0 days 00:24:41.365000,0 days 00:25:00.565000,0 days 00:25:17.210000,287.0,270.0,295.0,327.0,True,SOFT,5.0,True,McLaren,0 days 00:24:22.326000,2020-12-05 17:09:22.361,1,,False,,False,True
0 days 00:26:32.443000,NOR,4,0 days 00:01:15.233000,6.0,1.0,,0 days 00:26:30.758000,0 days 00:00:23.454000,0 days 00:00:27.975000,0 days 00:00:23.804000,0 days 00:25:40.664000,0 days 00:26:08.639000,0 days 00:26:32.443000,175.0,244.0,,267.0,False,SOFT,6.0,True,McLaren,0 days 00:25:17.210000,2020-12-05 17:10:17.245,1,,False,,False,False
0 days 00:30:55.093000,NOR,4,,7.0,2.0,0 days 00:29:34.220000,,,0 days 00:00:28.514000,0 days 00:00:28.498000,,0 days 00:30:26.660000,0 days 00:30:55.355000,254.0,217.0,295.0,141.0,False,SOFT,1.0,True,McLaren,0 days 00:26:32.443000,2020-12-05 17:11:32.478,1,,False,,False,False
0 days 00:31:49.287000,NOR,4,0 days 00:00:54.194000,8.0,2.0,,,0 days 00:00:18.764000,0 days 00:00:18.855000,0 days 00:00:16.575000,0 days 00:31:13.857000,0 days 00:31:32.712000,0 days 00:31:49.287000,287.0,270.0,289.0,322.0,True,SOFT,2.0,True,McLaren,0 days 00:30:55.093000,2020-12-05 17:15:55.128,1,,False,,False,True
0 days 00:33:01.564000,NOR,4,0 days 00:01:12.277000,9.0,2.0,,0 days 00:32:59.883000,0 days 00:00:22.268000,0 days 00:00:25.190000,0 days 00:00:24.819000,0 days 00:32:11.555000,0 days 00:32:36.745000,0 days 00:33:01.564000,248.0,241.0,,236.0,False,SOFT,3.0,True,McLaren,0 days 00:31:49.287000,2020-12-05 17:16:49.322,1,,False,,False,False
0 days 00:43:49.998000,NOR,4,,10.0,3.0,0 days 00:42:34.077000,,,0 days 00:00:26.002000,0 days 00:00:22.535000,,0 days 00:43:27.471000,0 days 00:43:50.113000,277.0,244.0,295.0,156.0,False,SOFT,4.0,False,McLaren,0 days 00:33:01.564000,2020-12-05 17:18:01.599,1,,False,,False,False
0 days 00:44:44.691000,NOR,4,0 days 00:00:54.693000,11.0,3.0,,,0 days 00:00:18.916000,0 days 00:00:19.146000,0 days 00:00:16.631000,0 days 00:44:08.914000,0 days 00:44:28.060000,0 days 00:44:44.691000,289.0,271.0,293.0,322.0,True,SOFT,5.0,False,McLaren,0 days 00:43:49.998000,2020-12-05 17:28:50.033,1,,False,,False,True
0 days 00:45:55.262000,NOR,4,0 days 00:01:10.571000,12.0,3.0,,0 days 00:45:53.466000,0 days 00:00:21.482000,0 days 00:00:25.961000,0 days 00:00:23.128000,0 days 00:45:06.173000,0 days 00:45:32.134000,0 days 00:45:55.262000,251.0,227.0,,276.0,False,SOFT,6.0,False,McLaren,0 days 00:44:44.691000,2020-12-05 17:29:44.726,1,,False,,False,False
0 days 00:53:46.044000,NOR,4,,13.0,4.0,0 days 00:52:16.413000,,,0 days 00:00:40.262000,0 days 00:00:19.757000,,0 days 00:53:26.294000,0 days 00:53:46.078000,249.0,194.0,293.0,100.0,False,SOFT,1.0,True,McLaren,0 days 00:45:55.262000,2020-12-05 17:30:55.297,1,,False,,False,False
0 days 00:54:53.848000,NOR,4,0 days 00:01:07.804000,14.0,4.0,,,0 days 00:00:20.441000,0 days 00:00:27.653000,0 days 00:00:19.710000,0 days 00:54:06.485000,0 days 00:54:34.138000,0 days 00:54:53.848000,161.0,247.0,300.0,318.0,False,SOFT,2.0,True,McLaren,0 days 00:53:46.044000,2020-12-05 17:38:46.079,1,,False,,False,True
0 days 00:55:54.868000,NOR,4,0 days 00:01:01.020000,15.0,4.0,,0 days 00:55:52.518000,0 days 00:00:18.872000,0 days 00:00:18.934000,0 days 00:00:23.214000,0 days 00:55:12.720000,0 days 00:55:31.654000,0 days 00:55:54.868000,288.0,269.0,,329.0,False,SOFT,3.0,True,McLaren,0 days 00:54:53.848000,2020-12-05 17:39:53.883,1,,False,,False,False
0 days 00:16:21.638000,MAG,20,,1.0,1.0,0 days 00:15:10.123000,,,0 days 00:00:26.251000,0 days 00:00:21.094000,,0 days 00:16:00.646000,0 days 00:16:21.940000,220.0,243.0,291.0,168.0,False,SOFT,1.0,True,Haas F1 Team,0 days 00:15:10.123000,2020-12-05 17:00:10.158,1,,False,,False,False
0 days 00:17:17.102000,MAG,20,0 days 00:00:55.464000,2.0,1.0,,,0 days 00:00:19.179000,0 days 00:00:19.322000,0 days 00:00:16.963000,0 days 00:16:40.817000,0 days 00:17:00.139000,0 days 00:17:17.102000,285.0,264.0,291.0,321.0,True,SOFT,2.0,True,Haas F1 Team,0 days 00:16:21.638000,2020-12-05 17:01:21.673,1,,False,,False,True
0 days 00:18:22.943000,MAG,20,0 days 00:01:05.841000,3.0,1.0,,0 days 00:18:21.229000,0 days 00:00:21.143000,0 days 00:00:22.526000,0 days 00:00:22.172000,0 days 00:17:38.245000,0 days 00:18:00.771000,0 days 00:18:22.943000,250.0,244.0,,312.0,False,SOFT,3.0,True,Haas F1 Team,0 days 00:17:17.102000,2020-12-05 17:02:17.137,1,,False,,False,False
0 days 00:23:45.712000,MAG,20,,4.0,2.0,0 days 00:22:35.161000,,,0 days 00:00:26.207000,0 days 00:00:23.202000,,0 days 00:23:22.580000,0 days 00:23:45.827000,252.0,218.0,305.0,191.0,False,SOFT,1.0,True,Haas F1 Team,0 days 00:18:22.943000,2020-12-05 17:03:22.978,1,,False,,False,False
0 days 00:24:40.742000,MAG,20,0 days 00:00:55.030000,5.0,2.0,,,0 days 00:00:18.868000,0 days 00:00:19.362000,0 days 00:00:16.800000,0 days 00:24:04.580000,0 days 00:24:23.942000,0 days 00:24:40.742000,286.0,266.0,290.0,329.0,True,SOFT,2.0,True,Haas F1 Team,0 days 00:23:45.712000,2020-12-05 17:08:45.747,1,,False,,False,True
0 days 00:25:47.614000,MAG,20,0 days 00:01:06.872000,6.0,2.0,,0 days 00:25:45.877000,0 days 00:00:20.887000,0 days 00:00:23.821000,0 days 00:00:22.164000,0 days 00:25:01.629000,0 days 00:25:25.450000,0 days 00:25:47.614000,253.0,242.0,,308.0,False,SOFT,3.0,True,Haas F1 Team,0 days 00:24:40.742000,2020-12-05 17:09:40.777,1,,False,,False,False
0 days 00:30:07.863000,MAG,20,,7.0,3.0,0 days 00:29:00.591000,,,0 days 00:00:24.414000,0 days 00:00:20.600000,,0 days 00:29:47.390000,0 days 00:30:08.098000,260.0,214.0,300.0,189.0,False,SOFT,1.0,True,Haas F1 Team,0 days 00:25:47.614000,2020-12-05 17:10:47.649,1,,False,,False,False
0 days 00:31:02.568000,MAG,20,0 days 00:00:54.705000,8.0,3.0,,,0 days 00:00:18.830000,0 days 00:00:19.125000,0 days 00:00:16.750000,0 days 00:30:26.693000,0 days 00:30:45.818000,0 days 00:31:02.568000,286.0,266.0,293.0,330.0,True,SOFT,2.0,True,Haas F1 Team,0 days 00:30:07.863000,2020-12-05 17:15:07.898,1,,False,,False,True
0 days 00:32:17.186000,MAG,20,0 days 00:01:14.618000,9.0,3.0,,0 days 00:32:15.434000,0 days 00:00:23.157000,0 days 00:00:27.800000,0 days 00:00:23.661000,0 days 00:31:25.725000,0 days 00:31:53.525000,0 days 00:32:17.186000,243.0,164.0,,176.0,False,SOFT,3.0,True,Haas F1 Team,0 days 00:31:02.568000,2020-12-05 17:16:02.603,1,,False,,False,False
0 days 00:16:46.713000,LAT,6,,1.0,1.0,0 days 00:15:42.448000,,,0 days 00:00:23.140000,0 days 00:00:20.549000,,0 days 00:16:26.212000,0 days 00:16:47.032000,277.0,245.0,294.0,212.0,False,SOFT,1.0,True,Williams,0 days 00:15:42.448000,2020-12-05 17:00:42.483,1,,False,,False,False
0 days 00:17:42.321000,LAT,6,0 days 00:00:55.608000,2.0,1.0,,,0 days 00:00:19.311000,0 days 00:00:19.565000,0 days 00:00:16.732000,0 days 00:17:06.024000,0 days 00:17:25.589000,0 days 00:17:42.321000,287.0,266.0,293.0,321.0,True,SOFT,2.0,True,Williams,0 days 00:16:46.713000,2020-12-05 17:01:46.748,1,,False,,False,True
0 days 00:18:57.762000,LAT,6,0 days 00:01:15.441000,3.0,1.0,,,0 days 00:00:23.607000,0 days 00:00:31.267000,0 days 00:00:20.567000,0 days 00:18:05.928000,0 days 00:18:37.195000,0 days 00:18:57.762000,251.0,237.0,264.0,293.0,False,SOFT,3.0,True,Williams,0 days 00:17:42.321000,2020-12-05 17:02:42.356,1,,False,,False,True
0 days 00:20:14.175000,LAT,6,0 days 00:01:16.413000,4.0,1.0,,,0 days 00:00:23.685000,0 days 00:00:32.363000,0 days 00:00:20.365000,0 days 00:19:21.447000,0 days 00:19:53.810000,0 days 00:20:14.175000,258.0,207.0,297.0,261.0,False,SOFT,4.0,True,Williams,0 days 00:18:57.762000,2020-12-05 17:03:57.797,1,,False,,False,True
0 days 00:21:21.716000,LAT,6,0 days 00:01:07.541000,5.0,1.0,,0 days 00:21:20.160000,0 days 00:00:20.006000,0 days 00:00:22.230000,0 days 00:00:25.305000,0 days 00:20:34.181000,0 days 00:20:56.411000,0 days 00:21:21.716000,286.0,243.0,,325.0,False,SOFT,5.0,True,Williams,0 days 00:20:14.175000,2020-12-05 17:05:14.210,1,,False,,False,False
0 days 00:25:32.633000,LAT,6,,6.0,2.0,0 days 00:24:30.376000,,,0 days 00:00:23.566000,0 days 00:00:18.695000,,0 days 00:25:14.078000,0 days 00:25:32.882000,281.0,247.0,300.0,212.0,False,SOFT,1.0,True,Williams,0 days 00:21:21.716000,2020-12-05 17:06:21.751,1,,False,,False,False
0 days 00:26:27.798000,LAT,6,0 days 00:00:55.165000,7.0,2.0,,,0 days 00:00:19.096000,0 days 00:00:19.454000,0 days 00:00:16.615000,0 days 00:25:51.729000,0 days 00:26:11.183000,0 days 00:26:27.798000,289.0,269.0,297.0,329.0,True,SOFT,2.0,True,Williams,0 days 00:25:32.633000,2020-12-05 17:10:32.668,1,,False,,False,True
0 days 00:27:38.595000,LAT,6,0 days 00:01:10.797000,8.0,2.0,,0 days 00:27:36.887000,0 days 00:00:22.325000,0 days 00:00:24.601000,0 days 00:00:23.871000,0 days 00:26:50.123000,0 days 00:27:14.724000,0 days 00:27:38.595000,258.0,241.0,,301.0,False,SOFT,3.0,True,Williams,0 days 00:26:27.798000,2020-12-05 17:11:27.833,1,,False,,False,False
0 days 00:30:59.306000,LAT,6,,9.0,3.0,0 days 00:29:46.897000,,,0 days 00:00:23.259000,0 days 00:00:28.581000,,0 days 00:30:30.846000,0 days 00:30:59.586000,280.0,246.0,303.0,210.0,False,SOFT,1.0,True,Williams,0 days 00:27:38.595000,2020-12-05 17:12:38.630,1,,False,,False,False
0 days 00:31:54.102000,LAT,6,0 days 00:00:54.796000,10.0,3.0,,,0 days 00:00:18.809000,0 days 00:00:19.272000,0 days 00:00:16.715000,0 days 00:31:18.115000,0 days 00:31:37.387000,0 days 00:31:54.102000,289.0,270.0,296.0,333.0,True,SOFT,2.0,True,Williams,0 days 00:30:59.306000,2020-12-05 17:15:59.341,1,,False,,False,True
0 days 00:33:06.355000,LAT,6,0 days 00:01:12.253000,11.0,3.0,,0 days 00:33:04.635000,0 days 00:00:22.768000,0 days 00:00:26.212000,0 days 00:00:23.273000,0 days 00:32:16.870000,0 days 00:32:43.082000,0 days 00:33:06.355000,242.0,241.0,,272.0,False,SOFT,3.0,True,Williams,0 days 00:31:54.102000,2020-12-05 17:16:54.137,1,,False,,False,False
0 days 00:16:58.467000,AIT,89,,1.0,1.0,0 days 00:15:55.579000,,,0 days 00:00:22.329000,0 days 00:00:19.221000,,0 days 00:16:39.293000,0 days 00:16:58.762000,272.0,244.0,295.0,192.0,False,SOFT,1.0,True,Williams,0 days 00:15:55.579000,2020-12-05 17:00:55.614,1,,False,,False,False
0 days 00:17:54.047000,AIT,89,0 days 00:00:55.580000,2.0,1.0,,,0 days 00:00:19.462000,0 days 00:00:19.416000,0 days 00:00:16.702000,0 days 00:17:17.929000,0 days 00:17:37.345000,0 days 00:17:54.047000,286.0,269.0,294.0,322.0,True,SOFT,2.0,True,Williams,0 days 00:16:58.467000,2020-12-05 17:01:58.502,1,,False,,False,True
0 days 00:19:02.482000,AIT,89,0 days 00:01:08.435000,3.0,1.0,,0 days 00:19:00.800000,0 days 00:00:20.949000,0 days 00:00:23.176000,0 days 00:00:24.310000,0 days 00:18:14.996000,0 days 00:18:38.172000,0 days 00:19:02.482000,257.0,234.0,,304.0,False,SOFT,3.0,True,Williams,0 days 00:17:54.047000,2020-12-05 17:02:54.082,1,,False,,False,False
0 days 00:25:42.878000,AIT,89,,4.0,2.0,0 days 00:24:37.147000,,,0 days 00:00:23.782000,0 days 00:00:21.271000,,0 days 00:25:21.697000,0 days 00:25:43.160000,273.0,234.0,301.0,204.0,False,SOFT,1.0,True,Williams,0 days 00:19:02.482000,2020-12-05 17:04:02.517,1,,False,,False,False
0 days 00:26:37.991000,AIT,89,0 days 00:00:55.113000,5.0,2.0,,,0 days 00:00:19.161000,0 days 00:00:19.379000,0 days 00:00:16.573000,0 days 00:26:02.039000,0 days 00:26:21.418000,0 days 00:26:37.991000,290.0,271.0,298.0,332.0,True,SOFT,2.0,True,Williams,0 days 00:25:42.878000,2020-12-05 17:10:42.913,1,,False,,False,True
0 days 00:27:46.200000,AIT,89,0 days 00:01:08.209000,6.0,2.0,,0 days 00:27:44.289000,0 days 00:00:21.501000,0 days 00:00:23.715000,0 days 00:00:22.993000,0 days 00:26:59.492000,0 days 00:27:23.207000,0 days 00:27:46.200000,256.0,237.0,,309.0,False,SOFT,3.0,True,Williams,0 days 00:26:37.991000,2020-12-05 17:11:38.026,1,,False,,False,False
0 days 00:31:03.422000,AIT,89,,7.0,3.0,0 days 00:29:53.023000,,,0 days 00:00:23.049000,0 days 00:00:27.077000,,0 days 00:30:36.363000,0 days 00:31:03.711000,276.0,234.0,304.0,208.0,False,SOFT,1.0,True,Williams,0 days 00:27:46.200000,2020-12-05 17:12:46.235,1,,False,,False,False
0 days 00:31:58.314000,AIT,89,0 days 00:00:54.892000,8.0,3.0,,,0 days 00:00:19.037000,0 days 00:00:19.258000,0 days 00:00:16.597000,0 days 00:31:22.459000,0 days 00:31:41.717000,0 days 00:31:58.314000,290.0,271.0,295.0,338.0,True,SOFT,2.0,True,Williams,0 days 00:31:03.422000,2020-12-05 17:16:03.457,1,,False,,False,True
0 days 00:33:14.080000,AIT,89,0 days 00:01:15.766000,9.0,3.0,,0 days 00:33:11.143000,0 days 00:00:23.085000,0 days 00:00:25.222000,0 days 00:00:27.459000,0 days 00:32:21.399000,0 days 00:32:46.621000,0 days 00:33:14.080000,231.0,202.0,,274.0,False,SOFT,3.0,True,Williams,0 days 00:31:58.314000,2020-12-05 17:16:58.349,1,,False,,False,False
0 days 00:17:14.883000,RAI,7,,1.0,1.0,0 days 00:15:52.329000,,,0 days 00:00:29.617000,0 days 00:00:27.356000,,0 days 00:16:47.586000,0 days 00:17:15.232000,126.0,240.0,298.0,160.0,False,SOFT,1.0,True,Alfa Romeo Racing,0 days 00:15:52.329000,2020-12-05 17:00:52.364,1,,False,,False,False
0 days 00:18:36.871000,RAI,7,0 days 00:01:21.988000,2.0,1.0,,,0 days 00:00:24.016000,0 days 00:00:32.929000,0 days 00:00:25.043000,0 days 00:17:38.899000,0 days 00:18:11.828000,0 days 00:18:36.871000,102.0,225.0,293.0,327.0,True,SOFT,2.0,True,Alfa Romeo Racing,0 days 00:17:14.883000,2020-12-05 17:02:14.918,1,,False,,False,True
0 days 00:19:32.363000,RAI,7,0 days 00:00:55.492000,3.0,1.0,,,0 days 00:00:19.270000,0 days 00:00:19.401000,0 days 00:00:16.821000,0 days 00:18:56.141000,0 days 00:19:15.542000,0 days 00:19:32.363000,287.0,265.0,289.0,321.0,True,SOFT,3.0,True,Alfa Romeo Racing,0 days 00:18:36.871000,2020-12-05 17:03:36.906,1,,False,,False,True
0 days 00:21:01.781000,RAI,7,0 days 00:01:29.418000,4.0,1.0,,,0 days 00:00:36.604000,0 days 00:00:29.356000,0 days 00:00:23.458000,0 days 00:20:08.967000,0 days 00:20:38.323000,0 days 00:21:01.781000,135.0,232.0,299.0,156.0,False,SOFT,4.0,True,Alfa Romeo Racing,0 days 00:19:32.363000,2020-12-05 17:04:32.398,1,,False,,False,True
0 days 00:22:08.383000,RAI,7,0 days 00:01:06.602000,5.0,1.0,,0 days 00:22:06.731000,0 days 00:00:19.470000,0 days 00:00:21.107000,0 days 00:00:26.025000,0 days 00:21:21.251000,0 days 00:21:42.358000,0 days 00:22:08.383000,290.0,155.0,,334.0,False,SOFT,5.0,True,Alfa Romeo Racing,0 days 00:21:01.781000,2020-12-05 17:06:01.816,1,,False,,False,False
0 days 00:28:27.299000,RAI,7,,6.0,2.0,0 days 00:27:08.858000,,,0 days 00:00:30.368000,0 days 00:00:22.922000,,0 days 00:28:04.412000,0 days 00:28:27.557000,256.0,242.0,294.0,168.0,False,SOFT,1.0,True,Alfa Romeo Racing,0 days 00:22:08.383000,2020-12-05 17:07:08.418,1,,False,,False,False
0 days 00:29:22.262000,RAI,7,0 days 00:00:54.963000,7.0,2.0,,,0 days 00:00:18.989000,0 days 00:00:19.210000,0 days 00:00:16.764000,0 days 00:28:46.288000,0 days 00:29:05.498000,0 days 00:29:22.262000,288.0,267.0,289.0,321.0,True,SOFT,2.0,True,Alfa Romeo Racing,0 days 00:28:27.299000,2020-12-05 17:13:27.334,1,,False,,False,True
0 days 00:30:52.514000,RAI,7,0 days 00:01:30.252000,8.0,2.0,,,0 days 00:00:33.261000,0 days 00:00:29.187000,0 days 00:00:27.804000,0 days 00:29:55.523000,0 days 00:30:24.710000,0 days 00:30:52.514000,139.0,201.0,125.0,108.0,False,SOFT,3.0,True,Alfa Romeo Racing,0 days 00:29:22.262000,2020-12-05 17:14:22.297,1,,False,,False,True
0 days 00:32:22.438000,RAI,7,0 days 00:01:29.924000,9.0,2.0,,,0 days 00:00:33.073000,0 days 00:00:35.153000,0 days 00:00:21.698000,0 days 00:31:25.587000,0 days 00:32:00.740000,0 days 00:32:22.438000,233.0,245.0,294.0,122.0,False,SOFT,4.0,True,Alfa Romeo Racing,0 days 00:30:52.514000,2020-12-05 17:15:52.549,1,,False,,False,True
0 days 00:33:17.695000,RAI,7,0 days 00:00:55.257000,10.0,2.0,,,0 days 00:00:19.179000,0 days 00:00:19.316000,0 days 00:00:16.762000,0 days 00:32:41.617000,0 days 00:33:00.933000,0 days 00:33:17.695000,287.0,265.0,291.0,321.0,False,SOFT,5.0,True,Alfa Romeo Racing,0 days 00:32:22.438000,2020-12-05 17:17:22.473,1,,False,,False,True
0 days 00:34:21.546000,RAI,7,0 days 00:01:03.851000,11.0,2.0,,0 days 00:34:19.828000,0 days 00:00:20.741000,0 days 00:00:21.596000,0 days 00:00:21.514000,0 days 00:33:38.436000,0 days 00:34:00.032000,0 days 00:34:21.546000,257.0,234.0,,298.0,False,SOFT,6.0,True,Alfa Romeo Racing,0 days 00:33:17.695000,2020-12-05 17:18:17.730,1,,False,,False,False
0 days 00:16:17.978000,FIT,51,,1.0,1.0,0 days 00:15:09.034000,,,0 days 00:00:25.376000,0 days 00:00:18.869000,,0 days 00:15:59.166000,0 days 00:16:18.061000,222.0,240.0,290.0,143.0,False,SOFT,1.0,True,Haas F1 Team,0 days 00:15:09.034000,2020-12-05 17:00:09.069,1,,False,,False,False
0 days 00:17:13.862000,FIT,51,0 days 00:00:55.884000,2.0,1.0,,,0 days 00:00:19.475000,0 days 00:00:19.558000,0 days 00:00:16.851000,0 days 00:16:37.453000,0 days 00:16:57.011000,0 days 00:17:13.862000,283.0,265.0,287.0,318.0,True,SOFT,2.0,True,Haas F1 Team,0 days 00:16:17.978000,2020-12-05 17:01:18.013,1,,False,,False,True
0 days 00:18:22.010000,FIT,51,0 days 00:01:08.148000,3.0,1.0,,0 days 00:18:20.283000,0 days 00:00:22.537000,0 days 00:00:23.218000,0 days 00:00:22.393000,0 days 00:17:36.399000,0 days 00:17:59.617000,0 days 00:18:22.010000,247.0,239.0,,268.0,False,SOFT,3.0,True,Haas F1 Team,0 days 00:17:13.862000,2020-12-05 17:02:13.897,1,,False,,False,False
0 days 00:23:45.466000,FIT,51,,4.0,2.0,0 days 00:22:33.532000,,,0 days 00:00:26.156000,0 days 00:00:23.411000,,0 days 00:23:22.105000,0 days 00:23:45.827000,237.0,205.0,292.0,155.0,False,SOFT,1.0,True,Haas F1 Team,0 days 00:18:22.010000,2020-12-05 17:03:22.045,1,,False,,False,False
0 days 00:25:04.800000,FIT,51,0 days 00:01:19.334000,5.0,2.0,,,0 days 00:00:23.519000,0 days 00:00:31.267000,0 days 00:00:24.548000,0 days 00:24:08.985000,0 days 00:24:40.252000,0 days 00:25:04.800000,205.0,166.0,294.0,227.0,False,SOFT,2.0,True,Haas F1 Team,0 days 00:23:45.466000,2020-12-05 17:08:45.501,1,,False,,False,True
0 days 00:26:00.358000,FIT,51,0 days 00:00:55.558000,6.0,2.0,,,0 days 00:00:19.370000,0 days 00:00:19.440000,0 days 00:00:16.748000,0 days 00:25:24.170000,0 days 00:25:43.610000,0 days 00:26:00.358000,285.0,265.0,292.0,326.0,True,SOFT,3.0,True,Haas F1 Team,0 days 00:25:04.800000,2020-12-05 17:10:04.835,1,,False,,False,True
0 days 00:27:15.300000,FIT,51,0 days 00:01:14.942000,7.0,2.0,,0 days 00:27:13.643000,0 days 00:00:29.207000,0 days 00:00:23.080000,0 days 00:00:22.655000,0 days 00:26:29.565000,0 days 00:26:52.645000,0 days 00:27:15.300000,243.0,245.0,,155.0,False,SOFT,4.0,True,Haas F1 Team,0 days 00:26:00.358000,2020-12-05 17:11:00.393,1,,False,,False,False
0 days 00:30:07.319000,FIT,51,,8.0,3.0,0 days 00:28:59.259000,,,0 days 00:00:24.922000,0 days 00:00:21.445000,,0 days 00:29:45.887000,0 days 00:30:07.605000,253.0,231.0,292.0,164.0,False,SOFT,1.0,True,Haas F1 Team,0 days 00:27:15.300000,2020-12-05 17:12:15.335,1,,False,,False,False
0 days 00:31:17.504000,FIT,51,0 days 00:01:10.185000,9.0,3.0,,,0 days 00:00:23.133000,0 days 00:00:28.067000,0 days 00:00:18.985000,0 days 00:30:30.452000,0 days 00:30:58.519000,0 days 00:31:17.504000,235.0,176.0,295.0,248.0,False,SOFT,2.0,True,Haas F1 Team,0 days 00:30:07.319000,2020-12-05 17:15:07.354,1,,False,,False,True
0 days 00:32:12.930000,FIT,51,0 days 00:00:55.426000,10.0,3.0,,,0 days 00:00:19.256000,0 days 00:00:19.437000,0 days 00:00:16.733000,0 days 00:31:36.760000,0 days 00:31:56.197000,0 days 00:32:12.930000,286.0,265.0,288.0,324.0,True,SOFT,3.0,True,Haas F1 Team,0 days 00:31:17.504000,2020-12-05 17:16:17.539,1,,False,,False,True
0 days 00:33:27.618000,FIT,51,0 days 00:01:14.688000,11.0,3.0,,0 days 00:33:25.921000,0 days 00:00:23.812000,0 days 00:00:27.917000,0 days 00:00:22.959000,0 days 00:32:36.742000,0 days 00:33:04.659000,0 days 00:33:27.618000,234.0,238.0,,207.0,False,SOFT,4.0,True,Haas F1 Team,0 days 00:32:12.930000,2020-12-05 17:17:12.965,1,,False,,False,False
