Time,Driver,DriverNumber,LapTime,LapNumber,Stint,PitOutTime,PitInTime,Sector1Time,Sector2Time,Sector3Time,Sector1SessionTime,Sector2SessionTime,Sector3SessionTime,SpeedI1,SpeedI2,SpeedFL,SpeedST,IsPersonalBest,Compound,TyreLife,FreshTyre,Team,LapStartTime,LapStartDate,TrackStatus,Position,Deleted,DeletedReason,FastF1Generated,IsAccurate
0 days 00:20:05.402000,BOT,77,,1.0,1.0,0 days 00:18:31.103000,,,0 days 00:00:30.552000,0 days 00:00:35.614000,,0 days 00:19:29.823000,0 days 00:20:05.712000,204.0,248.0,284.0,249.0,False,SOFT,1.0,True,Mercedes,0 days 00:18:31.103000,2020-10-31 13:03:32.244,1,,False,,False,False
0 days 00:21:24.436000,BOT,77,0 days 00:01:19.034000,2.0,1.0,,,0 days 00:00:23.846000,0 days 00:00:25.850000,0 days 00:00:29.338000,0 days 00:20:29.248000,0 days 00:20:55.098000,0 days 00:21:24.436000,231.0,266.0,261.0,263.0,True,SOFT,2.0,True,Mercedes,0 days 00:20:05.402000,2020-10-31 13:05:06.543,1,,False,,False,True
0 days 00:23:08.063000,BOT,77,0 days 00:01:43.627000,3.0,1.0,,,0 days 00:00:32.027000,0 days 00:00:33.104000,0 days 00:00:38.496000,0 days 00:21:56.463000,0 days 00:22:29.567000,0 days 00:23:08.063000,195.0,246.0,281.0,237.0,False,SOFT,3.0,True,Mercedes,0 days 00:21:24.436000,2020-10-31 13:06:25.577,1,,False,,False,True
0 days 00:24:22.689000,BOT,77,0 days 00:01:14.626000,4.0,1.0,,,0 days 00:00:23.902000,0 days 00:00:25.744000,0 days 00:00:24.980000,0 days 00:23:31.965000,0 days 00:23:57.709000,0 days 00:24:22.689000,231.0,266.0,285.0,299.0,False,SOFT,4.0,True,Mercedes,0 days 00:23:08.063000,2020-10-31 13:08:09.204,1,,True,TRACK LIMITS AT TURN 9,False,True
0 days 00:25:58.434000,BOT,77,0 days 00:01:35.745000,5.0,1.0,,0 days 00:25:54.050000,0 days 00:00:29.574000,0 days 00:00:31.029000,0 days 00:00:35.142000,0 days 00:24:52.263000,0 days 00:25:23.292000,0 days 00:25:58.434000,201.0,244.0,,262.0,False,SOFT,5.0,True,Mercedes,0 days 00:24:22.689000,2020-10-31 13:09:23.830,1,,False,,False,False
0 days 00:29:12.068000,BOT,77,,6.0,2.0,0 days 00:27:44.979000,,,0 days 00:00:30.010000,0 days 00:00:31.356000,,0 days 00:28:40.820000,0 days 00:29:12.341000,211.0,249.0,281.0,269.0,False,SOFT,1.0,True,Mercedes,0 days 00:25:58.434000,2020-10-31 13:10:59.575,1,,False,,False,False
0 days 00:30:26.702000,BOT,77,0 days 00:01:14.634000,7.0,2.0,,,0 days 00:00:23.834000,0 days 00:00:25.868000,0 days 00:00:24.932000,0 days 00:29:35.902000,0 days 00:30:01.770000,0 days 00:30:26.702000,232.0,265.0,284.0,298.0,True,SOFT,2.0,True,Mercedes,0 days 00:29:12.068000,2020-10-31 13:14:13.209,1,,False,,False,True
0 days 00:32:17.245000,BOT,77,0 days 00:01:50.543000,8.0,2.0,,,0 days 00:00:32.592000,0 days 00:00:36.404000,0 days 00:00:41.547000,0 days 00:30:59.294000,0 days 00:31:35.698000,0 days 00:32:17.245000,182.0,229.0,283.0,145.0,False,SOFT,3.0,True,Mercedes,0 days 00:30:26.702000,2020-10-31 13:15:27.843,1,,False,,False,True
0 days 00:33:31.466000,BOT,77,0 days 00:01:14.221000,9.0,2.0,,,0 days 00:00:23.788000,0 days 00:00:25.705000,0 days 00:00:24.728000,0 days 00:32:41.033000,0 days 00:33:06.738000,0 days 00:33:31.466000,228.0,265.0,286.0,298.0,True,SOFT,4.0,True,Mercedes,0 days 00:32:17.245000,2020-10-31 13:17:18.386,1,,False,,False,True
0 days 00:35:08.014000,BOT,77,0 days 00:01:36.548000,10.0,2.0,,0 days 00:35:03.571000,0 days 00:00:28.192000,0 days 00:00:30.966000,0 days 00:00:37.390000,0 days 00:33:59.658000,0 days 00:34:30.624000,0 days 00:35:08.014000,203.0,241.0,,236.0,False,SOFT,5.0,True,Mercedes,0 days 00:33:31.466000,2020-10-31 13:18:32.607,1,,False,,False,False
0 days 00:42:12.014000,BOT,77,,11.0,3.0,0 days 00:40:32.982000,,,0 days 00:00:28.874000,0 days 00:00:45.164000,,0 days 00:41:26.850000,0 days 00:42:12.041000,220.0,251.0,282.0,54.0,False,MEDIUM,1.0,True,Mercedes,0 days 00:35:08.014000,2020-10-31 13:20:09.155,1,,False,,False,False
0 days 00:43:26.599000,BOT,77,0 days 00:01:14.585000,12.0,3.0,,,0 days 00:00:24.042000,0 days 00:00:25.615000,0 days 00:00:24.928000,0 days 00:42:36.056000,0 days 00:43:01.671000,0 days 00:43:26.599000,234.0,264.0,284.0,298.0,True,MEDIUM,2.0,True,Mercedes,0 days 00:42:12.014000,2020-10-31 13:27:13.155,1,,False,,False,True
0 days 00:45:05.070000,BOT,77,0 days 00:01:38.471000,13.0,3.0,,0 days 00:45:00.533000,0 days 00:00:30.095000,0 days 00:00:30.598000,0 days 00:00:37.778000,0 days 00:43:56.694000,0 days 00:44:27.292000,0 days 00:45:05.070000,202.0,245.0,,256.0,False,MEDIUM,3.0,True,Mercedes,0 days 00:43:26.599000,2020-10-31 13:28:27.740,1,,False,,False,False
0 days 00:54:27.431000,BOT,77,,14.0,4.0,0 days 00:53:00.061000,,,0 days 00:00:29.702000,0 days 00:00:29.588000,,0 days 00:53:57.859000,0 days 00:54:27.466000,209.0,248.0,284.0,278.0,False,SOFT,1.0,True,Mercedes,0 days 00:45:05.070000,2020-10-31 13:30:06.211,12,,False,,False,False
0 days 00:55:42.721000,BOT,77,0 days 00:01:15.290000,15.0,4.0,,,0 days 00:00:23.720000,0 days 00:00:25.645000,0 days 00:00:25.925000,0 days 00:54:51.151000,0 days 00:55:16.796000,0 days 00:55:42.721000,232.0,265.0,210.0,297.0,False,SOFT,2.0,True,Mercedes,0 days 00:54:27.431000,2020-10-31 13:39:28.572,1,,False,,False,True
0 days 00:57:20.607000,BOT,77,0 days 00:01:37.886000,16.0,4.0,,0 days 00:57:16.080000,0 days 00:00:30.715000,0 days 00:00:31.979000,0 days 00:00:35.192000,0 days 00:56:13.436000,0 days 00:56:45.415000,0 days 00:57:20.607000,192.0,243.0,,283.0,False,SOFT,3.0,True,Mercedes,0 days 00:55:42.721000,2020-10-31 13:40:43.862,1,,False,,False,False
0 days 01:05:03.965000,BOT,77,,17.0,5.0,0 days 01:03:27.355000,,,0 days 00:00:29.919000,0 days 00:00:40.756000,,0 days 01:04:23.276000,0 days 01:05:04.055000,216.0,251.0,284.0,169.0,False,SOFT,1.0,True,Mercedes,0 days 00:57:20.607000,2020-10-31 13:42:21.748,1,,False,,False,False
0 days 01:06:17.777000,BOT,77,0 days 00:01:13.812000,18.0,5.0,,,0 days 00:00:23.511000,0 days 00:00:25.464000,0 days 00:00:24.837000,0 days 01:05:27.476000,0 days 01:05:52.940000,0 days 01:06:17.777000,234.0,266.0,285.0,297.0,True,SOFT,2.0,True,Mercedes,0 days 01:05:03.965000,2020-10-31 13:50:05.106,1,,False,,False,True
0 days 01:07:50.557000,BOT,77,0 days 00:01:32.780000,19.0,5.0,,0 days 01:07:46.047000,0 days 00:00:28.706000,0 days 00:00:29.879000,0 days 00:00:34.195000,0 days 01:06:46.483000,0 days 01:07:16.362000,0 days 01:07:50.557000,206.0,244.0,,272.0,False,SOFT,3.0,True,Mercedes,0 days 01:06:17.777000,2020-10-31 13:51:18.918,1,,False,,False,False
0 days 01:13:50.592000,BOT,77,,20.0,6.0,0 days 01:12:18.089000,,,0 days 00:00:30.263000,0 days 00:00:36.676000,,0 days 01:13:13.947000,0 days 01:13:50.600000,219.0,249.0,284.0,118.0,False,SOFT,1.0,True,Mercedes,0 days 01:07:50.557000,2020-10-31 13:52:51.698,1,,False,,False,False
0 days 01:15:04.201000,BOT,77,0 days 00:01:13.609000,21.0,6.0,,,0 days 00:00:23.432000,0 days 00:00:25.478000,0 days 00:00:24.699000,0 days 01:14:14.024000,0 days 01:14:39.502000,0 days 01:15:04.201000,233.0,265.0,285.0,298.0,True,SOFT,2.0,True,Mercedes,0 days 01:13:50.592000,2020-10-31 13:58:51.733,1,,False,,False,True
0 days 01:16:41.097000,BOT,77,,22.0,6.0,,0 days 01:16:41.097000,0 days 00:00:30.501000,0 days 00:00:32.822000,,0 days 01:15:34.716000,0 days 01:16:07.535000,,197.0,185.0,,207.0,False,SOFT,3.0,True,Mercedes,0 days 01:15:04.201000,2020-10-31 14:00:05.342,1,,False,,False,False
0 days 00:19:54.443000,HAM,44,,1.0,1.0,0 days 00:18:27.506000,,,0 days 00:00:30.674000,0 days 00:00:29.261000,,0 days 00:19:25.234000,0 days 00:19:54.726000,204.0,248.0,281.0,259.0,False,SOFT,1.0,True,Mercedes,0 days 00:18:27.506000,2020-10-31 13:03:28.647,1,,False,,False,False
0 days 00:21:09.587000,HAM,44,0 days 00:01:15.144000,2.0,1.0,,,0 days 00:00:24.142000,0 days 00:00:25.851000,0 days 00:00:25.151000,0 days 00:20:18.585000,0 days 00:20:44.436000,0 days 00:21:09.587000,226.0,264.0,284.0,295.0,True,SOFT,2.0,True,Mercedes,0 days 00:19:54.443000,2020-10-31 13:04:55.584,1,,False,,False,True
0 days 00:22:51.364000,HAM,44,0 days 00:01:41.777000,3.0,1.0,,,0 days 00:00:30.860000,0 days 00:00:38.950000,0 days 00:00:31.967000,0 days 00:21:40.447000,0 days 00:22:19.397000,0 days 00:22:51.364000,129.0,234.0,282.0,231.0,False,SOFT,3.0,True,Mercedes,0 days 00:21:09.587000,2020-10-31 13:06:10.728,1,,False,,False,True
0 days 00:24:05.938000,HAM,44,0 days 00:01:14.574000,4.0,1.0,,,0 days 00:00:23.715000,0 days 00:00:25.732000,0 days 00:00:25.127000,0 days 00:23:15.079000,0 days 00:23:40.811000,0 days 00:24:05.938000,230.0,264.0,283.0,296.0,True,SOFT,4.0,True,Mercedes,0 days 00:22:51.364000,2020-10-31 13:07:52.505,1,,False,,False,True
0 days 00:25:42.444000,HAM,44,0 days 00:01:36.506000,5.0,1.0,,0 days 00:25:37.145000,0 days 00:00:29.990000,0 days 00:00:32.423000,0 days 00:00:34.093000,0 days 00:24:35.928000,0 days 00:25:08.351000,0 days 00:25:42.444000,199.0,245.0,,280.0,False,SOFT,5.0,True,Mercedes,0 days 00:24:05.938000,2020-10-31 13:09:07.079,1,,False,,False,False
0 days 00:30:04.436000,HAM,44,,6.0,2.0,0 days 00:28:17.174000,,,0 days 00:00:33.600000,0 days 00:00:45.386000,,0 days 00:29:19.134000,0 days 00:30:04.717000,109.0,247.0,279.0,161.0,False,SOFT,1.0,True,Mercedes,0 days 00:25:42.444000,2020-10-31 13:10:43.585,1,,False,,False,False
0 days 00:31:18.665000,HAM,44,0 days 00:01:14.229000,7.0,2.0,,,0 days 00:00:23.767000,0 days 00:00:25.561000,0 days 00:00:24.901000,0 days 00:30:28.203000,0 days 00:30:53.764000,0 days 00:31:18.665000,233.0,264.0,283.0,296.0,True,SOFT,2.0,True,Mercedes,0 days 00:30:04.436000,2020-10-31 13:15:05.577,1,,False,,False,True
0 days 00:32:51.647000,HAM,44,0 days 00:01:32.982000,8.0,2.0,,,0 days 00:00:30.111000,0 days 00:00:32.396000,0 days 00:00:30.475000,0 days 00:31:48.776000,0 days 00:32:21.172000,0 days 00:32:51.647000,199.0,237.0,282.0,267.0,False,SOFT,3.0,True,Mercedes,0 days 00:31:18.665000,2020-10-31 13:16:19.806,1,,False,,False,True
0 days 00:34:05.968000,HAM,44,0 days 00:01:14.321000,9.0,2.0,,,0 days 00:00:23.725000,0 days 00:00:25.667000,0 days 00:00:24.929000,0 days 00:33:15.372000,0 days 00:33:41.039000,0 days 00:34:05.968000,235.0,264.0,285.0,296.0,False,SOFT,4.0,True,Mercedes,0 days 00:32:51.647000,2020-10-31 13:17:52.788,1,,True,TRACK LIMITS AT TURN 9,False,True
0 days 00:35:37.221000,HAM,44,0 days 00:01:31.253000,10.0,2.0,,0 days 00:35:32.819000,0 days 00:00:28.153000,0 days 00:00:29.578000,0 days 00:00:33.522000,0 days 00:34:34.121000,0 days 00:35:03.699000,0 days 00:35:37.221000,211.0,243.0,,251.0,False,SOFT,5.0,True,Mercedes,0 days 00:34:05.968000,2020-10-31 13:19:07.109,1,,False,,False,False
0 days 00:42:04.897000,HAM,44,,11.0,3.0,0 days 00:40:29.842000,,,0 days 00:00:29.783000,0 days 00:00:39.221000,,0 days 00:41:25.740000,0 days 00:42:04.941000,213.0,248.0,281.0,69.0,False,MEDIUM,1.0,True,Mercedes,0 days 00:35:37.221000,2020-10-31 13:20:38.362,1,,False,,False,False
0 days 00:43:19.540000,HAM,44,0 days 00:01:14.643000,12.0,3.0,,,0 days 00:00:23.893000,0 days 00:00:25.752000,0 days 00:00:24.998000,0 days 00:42:28.790000,0 days 00:42:54.542000,0 days 00:43:19.540000,236.0,263.0,284.0,296.0,True,MEDIUM,2.0,True,Mercedes,0 days 00:42:04.897000,2020-10-31 13:27:06.038,1,,False,,False,True
0 days 00:44:59.317000,HAM,44,0 days 00:01:39.777000,13.0,3.0,,0 days 00:44:54.831000,0 days 00:00:30.024000,0 days 00:00:32.267000,0 days 00:00:37.486000,0 days 00:43:49.564000,0 days 00:44:21.831000,0 days 00:44:59.317000,203.0,231.0,,228.0,False,MEDIUM,3.0,True,Mercedes,0 days 00:43:19.540000,2020-10-31 13:28:20.681,1,,False,,False,False
0 days 00:54:20.405000,HAM,44,,14.0,4.0,0 days 00:52:56.972000,,,0 days 00:00:29.489000,0 days 00:00:27.586000,,0 days 00:53:52.864000,0 days 00:54:20.440000,211.0,247.0,284.0,264.0,False,SOFT,1.0,True,Mercedes,0 days 00:44:59.317000,2020-10-31 13:30:00.458,12,,False,,False,False
0 days 00:55:36.260000,HAM,44,0 days 00:01:15.855000,15.0,4.0,,,0 days 00:00:23.582000,0 days 00:00:25.411000,0 days 00:00:26.862000,0 days 00:54:43.987000,0 days 00:55:09.398000,0 days 00:55:36.260000,234.0,264.0,156.0,296.0,False,SOFT,2.0,True,Mercedes,0 days 00:54:20.405000,2020-10-31 13:39:21.546,1,,False,,False,True
0 days 00:57:17.344000,HAM,44,0 days 00:01:41.084000,16.0,4.0,,0 days 00:57:12.762000,0 days 00:00:30.153000,0 days 00:00:33.704000,0 days 00:00:37.227000,0 days 00:56:06.413000,0 days 00:56:40.117000,0 days 00:57:17.344000,202.0,202.0,,237.0,False,SOFT,3.0,True,Mercedes,0 days 00:55:36.260000,2020-10-31 13:40:37.401,1,,False,,False,False
0 days 01:04:48.222000,HAM,44,,17.0,5.0,0 days 01:03:25.413000,,,0 days 00:00:29.306000,0 days 00:00:28.343000,,0 days 01:04:19.913000,0 days 01:04:48.226000,215.0,249.0,284.0,245.0,False,SOFT,1.0,True,Mercedes,0 days 00:57:17.344000,2020-10-31 13:42:18.485,1,,False,,False,False
0 days 01:06:02.003000,HAM,44,0 days 00:01:13.781000,18.0,5.0,,,0 days 00:00:23.595000,0 days 00:00:25.487000,0 days 00:00:24.699000,0 days 01:05:11.817000,0 days 01:05:37.304000,0 days 01:06:02.003000,234.0,264.0,283.0,296.0,True,SOFT,2.0,True,Mercedes,0 days 01:04:48.222000,2020-10-31 13:49:49.363,1,,False,,False,True
0 days 01:07:30.557000,HAM,44,0 days 00:01:28.554000,19.0,5.0,,0 days 01:07:26.002000,0 days 00:00:26.599000,0 days 00:00:28.983000,0 days 00:00:32.972000,0 days 01:06:28.602000,0 days 01:06:57.585000,0 days 01:07:30.557000,214.0,243.0,,266.0,False,SOFT,3.0,True,Mercedes,0 days 01:06:02.003000,2020-10-31 13:51:03.144,1,,False,,False,False
0 days 01:13:43.381000,HAM,44,,20.0,6.0,0 days 01:12:14.744000,,,0 days 00:00:29.688000,0 days 00:00:34.239000,,0 days 01:13:09.142000,0 days 01:13:43.404000,218.0,249.0,283.0,95.0,False,SOFT,1.0,True,Mercedes,0 days 01:07:30.557000,2020-10-31 13:52:31.698,1,,False,,False,False
0 days 01:14:57.087000,HAM,44,0 days 00:01:13.706000,21.0,6.0,,,0 days 00:00:23.488000,0 days 00:00:25.535000,0 days 00:00:24.683000,0 days 01:14:06.869000,0 days 01:14:32.404000,0 days 01:14:57.087000,236.0,264.0,285.0,297.0,True,SOFT,2.0,True,Mercedes,0 days 01:13:43.381000,2020-10-31 13:58:44.522,1,,False,,False,True
0 days 01:16:33.164000,HAM,44,,22.0,6.0,,0 days 01:16:33.164000,0 days 00:00:31.176000,0 days 00:00:32.864000,,0 days 01:15:28.255000,0 days 01:16:01.107000,,186.0,232.0,,217.0,False,SOFT,3.0,True,Mercedes,0 days 01:14:57.087000,2020-10-31 13:59:58.228,1,,False,,False,False
0 days 00:18:47.807000,VER,33,,1.0,1.0,0 days 00:17:17.774000,,,0 days 00:00:34.336000,0 days 00:00:29.127000,,0 days 00:18:18.795000,0 days 00:18:48.151000,164.0,226.0,281.0,239.0,False,SOFT,1.0,True,Red Bull Racing,0 days 00:17:17.774000,2020-10-31 13:02:18.915,1,,False,,False,False
0 days 00:20:03.280000,VER,33,0 days 00:01:15.473000,2.0,1.0,,,0 days 00:00:24.259000,0 days 00:00:25.759000,0 days 00:00:25.455000,0 days 00:19:12.066000,0 days 00:19:37.825000,0 days 00:20:03.280000,230.0,262.0,281.0,293.0,True,SOFT,2.0,True,Red Bull Racing,0 days 00:18:47.807000,2020-10-31 13:03:48.948,1,,False,,False,True
0 days 00:21:54.234000,VER,33,0 days 00:01:50.954000,3.0,1.0,,,0 days 00:00:40.241000,0 days 00:00:37.980000,0 days 00:00:32.733000,0 days 00:20:43.521000,0 days 00:21:21.501000,0 days 00:21:54.234000,198.0,148.0,283.0,259.0,False,SOFT,3.0,True,Red Bull Racing,0 days 00:20:03.280000,2020-10-31 13:05:04.421,1,,False,,False,True
0 days 00:23:09.268000,VER,33,0 days 00:01:15.034000,4.0,1.0,,,0 days 00:00:23.979000,0 days 00:00:25.724000,0 days 00:00:25.331000,0 days 00:22:18.213000,0 days 00:22:43.937000,0 days 00:23:09.268000,232.0,262.0,276.0,293.0,True,SOFT,4.0,True,Red Bull Racing,0 days 00:21:54.234000,2020-10-31 13:06:55.375,1,,False,,False,True
0 days 00:25:01.464000,VER,33,0 days 00:01:52.196000,5.0,1.0,,0 days 00:24:57.101000,0 days 00:00:39.370000,0 days 00:00:38.461000,0 days 00:00:34.365000,0 days 00:23:48.638000,0 days 00:24:27.099000,0 days 00:25:01.464000,169.0,233.0,,230.0,False,SOFT,5.0,True,Red Bull Racing,0 days 00:23:09.268000,2020-10-31 13:08:10.409,1,,False,,False,False
0 days 00:42:16.652000,VER,33,,6.0,2.0,0 days 00:40:47.350000,,,0 days 00:00:29.298000,0 days 00:00:34.864000,,0 days 00:41:41.808000,0 days 00:42:16.692000,218.0,239.0,274.0,96.0,False,MEDIUM,1.0,True,Red Bull Racing,0 days 00:25:01.464000,2020-10-31 13:10:02.605,1,,False,,False,False
0 days 00:43:46.908000,VER,33,0 days 00:01:30.256000,7.0,2.0,,0 days 00:43:42.284000,0 days 00:00:24.150000,0 days 00:00:31.743000,0 days 00:00:34.363000,0 days 00:42:40.802000,0 days 00:43:12.545000,0 days 00:43:46.908000,234.0,184.0,,264.0,False,MEDIUM,2.0,True,Red Bull Racing,0 days 00:42:16.652000,2020-10-31 13:27:17.793,1,,False,,False,False
0 days 00:53:45.219000,VER,33,,8.0,3.0,0 days 00:52:10.684000,,,0 days 00:00:29.362000,0 days 00:00:40.036000,,0 days 00:53:05.196000,0 days 00:53:45.237000,216.0,244.0,282.0,66.0,False,MEDIUM,1.0,True,Red Bull Racing,0 days 00:43:46.908000,2020-10-31 13:28:48.049,12,,False,,False,False
0 days 00:55:00.193000,VER,33,0 days 00:01:14.974000,9.0,3.0,,,0 days 00:00:24.052000,0 days 00:00:25.670000,0 days 00:00:25.252000,0 days 00:54:09.271000,0 days 00:54:34.941000,0 days 00:55:00.193000,234.0,262.0,278.0,293.0,True,MEDIUM,2.0,True,Red Bull Racing,0 days 00:53:45.219000,2020-10-31 13:38:46.360,1,,False,,False,True
0 days 00:56:40.804000,VER,33,0 days 00:01:40.611000,10.0,3.0,,0 days 00:56:36.325000,0 days 00:00:31.056000,0 days 00:00:32.414000,0 days 00:00:37.141000,0 days 00:55:31.249000,0 days 00:56:03.663000,0 days 00:56:40.804000,196.0,227.0,,201.0,False,MEDIUM,3.0,True,Red Bull Racing,0 days 00:55:00.193000,2020-10-31 13:40:01.334,1,,False,,False,False
0 days 01:05:08.310000,VER,33,,11.0,4.0,0 days 01:03:31.095000,,,0 days 00:00:29.221000,0 days 00:00:42.120000,,0 days 01:04:26.237000,0 days 01:05:08.372000,213.0,245.0,282.0,112.0,False,SOFT,1.0,True,Red Bull Racing,0 days 00:56:40.804000,2020-10-31 13:41:41.945,1,,False,,False,False
0 days 01:06:22.791000,VER,33,0 days 00:01:14.481000,12.0,4.0,,,0 days 00:00:23.874000,0 days 00:00:25.551000,0 days 00:00:25.056000,0 days 01:05:32.184000,0 days 01:05:57.735000,0 days 01:06:22.791000,238.0,264.0,283.0,293.0,True,SOFT,2.0,True,Red Bull Racing,0 days 01:05:08.310000,2020-10-31 13:50:09.451,1,,False,,False,True
0 days 01:07:52.727000,VER,33,0 days 00:01:29.936000,13.0,4.0,,0 days 01:07:48.244000,0 days 00:00:27.132000,0 days 00:00:29.628000,0 days 00:00:33.176000,0 days 01:06:49.923000,0 days 01:07:19.551000,0 days 01:07:52.727000,208.0,234.0,,239.0,False,SOFT,3.0,True,Red Bull Racing,0 days 01:06:22.791000,2020-10-31 13:51:23.932,1,,False,,False,False
0 days 01:14:07.918000,VER,33,,14.0,5.0,0 days 01:12:47.440000,,,0 days 00:00:29.086000,0 days 00:00:26.845000,,0 days 01:13:41.073000,0 days 01:14:07.956000,205.0,241.0,282.0,266.0,False,SOFT,1.0,True,Red Bull Racing,0 days 01:07:52.727000,2020-10-31 13:52:53.868,1,,False,,False,False
0 days 01:15:22.094000,VER,33,0 days 00:01:14.176000,15.0,5.0,,,0 days 00:00:23.750000,0 days 00:00:25.477000,0 days 00:00:24.949000,0 days 01:14:31.668000,0 days 01:14:57.145000,0 days 01:15:22.094000,236.0,263.0,281.0,292.0,True,SOFT,2.0,True,Red Bull Racing,0 days 01:14:07.918000,2020-10-31 13:59:09.059,1,,False,,False,True
0 days 01:16:58.877000,VER,33,,16.0,5.0,,0 days 01:16:58.877000,0 days 00:00:33.767000,0 days 00:00:31.165000,,0 days 01:15:55.897000,0 days 01:16:27.089000,,162.0,232.0,,212.0,False,SOFT,3.0,True,Red Bull Racing,0 days 01:15:22.094000,2020-10-31 14:00:23.235,1,,False,,False,False
0 days 00:17:59.178000,GAS,10,,1.0,1.0,0 days 00:16:22.277000,,,0 days 00:00:36.022000,0 days 00:00:32.007000,,0 days 00:17:27.192000,0 days 00:17:59.456000,186.0,245.0,281.0,268.0,False,SOFT,1.0,True,AlphaTauri,0 days 00:16:22.277000,2020-10-31 13:01:23.418,1,,False,,False,False
0 days 00:19:14.912000,GAS,10,0 days 00:01:15.734000,2.0,1.0,,,0 days 00:00:24.290000,0 days 00:00:26.089000,0 days 00:00:25.355000,0 days 00:18:23.468000,0 days 00:18:49.557000,0 days 00:19:14.912000,228.0,263.0,283.0,295.0,True,SOFT,2.0,True,AlphaTauri,0 days 00:17:59.178000,2020-10-31 13:03:00.319,1,,False,,False,True
0 days 00:21:05.225000,GAS,10,0 days 00:01:50.313000,3.0,1.0,,,0 days 00:00:34.230000,0 days 00:00:41.147000,0 days 00:00:34.936000,0 days 00:19:49.142000,0 days 00:20:30.289000,0 days 00:21:05.225000,167.0,227.0,282.0,264.0,False,SOFT,3.0,True,AlphaTauri,0 days 00:19:14.912000,2020-10-31 13:04:16.053,1,,False,,False,True
0 days 00:22:20.408000,GAS,10,0 days 00:01:15.183000,4.0,1.0,,,0 days 00:00:24.075000,0 days 00:00:25.844000,0 days 00:00:25.264000,0 days 00:21:29.300000,0 days 00:21:55.144000,0 days 00:22:20.408000,233.0,264.0,283.0,294.0,True,SOFT,4.0,True,AlphaTauri,0 days 00:21:05.225000,2020-10-31 13:06:06.366,1,,False,,False,True
0 days 00:23:59.163000,GAS,10,0 days 00:01:38.755000,5.0,1.0,,0 days 00:23:54.850000,0 days 00:00:29.650000,0 days 00:00:34.102000,0 days 00:00:35.003000,0 days 00:22:50.058000,0 days 00:23:24.160000,0 days 00:23:59.163000,200.0,235.0,,263.0,False,SOFT,5.0,True,AlphaTauri,0 days 00:22:20.408000,2020-10-31 13:07:21.549,1,,False,,False,False
0 days 00:41:42.983000,GAS,10,,6.0,2.0,0 days 00:40:13.438000,,,0 days 00:00:33.253000,0 days 00:00:29.351000,,0 days 00:41:13.741000,0 days 00:41:43.099000,194.0,246.0,281.0,267.0,False,SOFT,1.0,True,AlphaTauri,0 days 00:23:59.163000,2020-10-31 13:09:00.304,1,,False,,False,False
0 days 00:42:57.988000,GAS,10,0 days 00:01:15.005000,7.0,2.0,,,0 days 00:00:24.070000,0 days 00:00:25.696000,0 days 00:00:25.239000,0 days 00:42:07.053000,0 days 00:42:32.749000,0 days 00:42:57.988000,231.0,263.0,282.0,294.0,True,SOFT,2.0,True,AlphaTauri,0 days 00:41:42.983000,2020-10-31 13:26:44.124,1,,False,,False,True
0 days 00:44:47.164000,GAS,10,0 days 00:01:49.176000,8.0,2.0,,,0 days 00:00:35.207000,0 days 00:00:39.499000,0 days 00:00:34.470000,0 days 00:43:33.195000,0 days 00:44:12.694000,0 days 00:44:47.164000,159.0,228.0,281.0,174.0,False,SOFT,3.0,True,AlphaTauri,0 days 00:42:57.988000,2020-10-31 13:27:59.129,1,,False,,False,True
0 days 00:46:02.263000,GAS,10,0 days 00:01:15.099000,9.0,2.0,,,0 days 00:00:24.050000,0 days 00:00:25.790000,0 days 00:00:25.259000,0 days 00:45:11.214000,0 days 00:45:37.004000,0 days 00:46:02.263000,230.0,264.0,281.0,295.0,False,SOFT,4.0,True,AlphaTauri,0 days 00:44:47.164000,2020-10-31 13:29:48.305,1,,False,,False,True
0 days 00:47:41.608000,GAS,10,0 days 00:01:39.345000,10.0,2.0,,0 days 00:47:37.168000,0 days 00:00:30.877000,0 days 00:00:33.154000,0 days 00:00:35.314000,0 days 00:46:33.140000,0 days 00:47:06.294000,0 days 00:47:41.608000,188.0,232.0,,260.0,False,SOFT,5.0,True,AlphaTauri,0 days 00:46:02.263000,2020-10-31 13:31:03.404,12,,False,,False,False
0 days 00:51:03.932000,GAS,10,,11.0,3.0,0 days 00:49:36.031000,,,0 days 00:00:31.781000,0 days 00:00:28.406000,,0 days 00:50:35.681000,0 days 00:51:04.124000,187.0,248.0,283.0,267.0,False,SOFT,1.0,True,AlphaTauri,0 days 00:47:41.608000,2020-10-31 13:32:42.749,1,,False,,False,False
0 days 00:52:18.613000,GAS,10,0 days 00:01:14.681000,12.0,3.0,,,0 days 00:00:23.948000,0 days 00:00:25.664000,0 days 00:00:25.069000,0 days 00:51:27.880000,0 days 00:51:53.544000,0 days 00:52:18.613000,233.0,264.0,282.0,294.0,True,SOFT,2.0,True,AlphaTauri,0 days 00:51:03.932000,2020-10-31 13:36:05.073,1,,False,,False,True
0 days 00:54:06.961000,GAS,10,0 days 00:01:48.348000,13.0,3.0,,0 days 00:54:00.791000,0 days 00:00:32.793000,0 days 00:00:33.267000,0 days 00:00:42.288000,0 days 00:52:51.406000,0 days 00:53:24.673000,0 days 00:54:06.961000,155.0,232.0,,177.0,False,SOFT,3.0,True,AlphaTauri,0 days 00:52:18.613000,2020-10-31 13:37:19.754,1,,False,,False,False
0 days 01:04:53.605000,GAS,10,,14.0,4.0,0 days 01:03:21.564000,,,0 days 00:00:30.240000,0 days 00:00:34.064000,,0 days 01:04:19.586000,0 days 01:04:53.654000,201.0,248.0,284.0,131.0,False,SOFT,1.0,True,AlphaTauri,0 days 00:54:06.961000,2020-10-31 13:39:08.102,1,,False,,False,False
0 days 01:06:08.217000,GAS,10,0 days 00:01:14.612000,15.0,4.0,,,0 days 00:00:23.798000,0 days 00:00:25.644000,0 days 00:00:25.170000,0 days 01:05:17.403000,0 days 01:05:43.047000,0 days 01:06:08.217000,231.0,264.0,283.0,294.0,True,SOFT,2.0,True,AlphaTauri,0 days 01:04:53.605000,2020-10-31 13:49:54.746,1,,False,,False,True
0 days 01:07:43.473000,GAS,10,0 days 00:01:35.256000,16.0,4.0,,0 days 01:07:39.047000,0 days 00:00:30.222000,0 days 00:00:30.824000,0 days 00:00:34.210000,0 days 01:06:38.439000,0 days 01:07:09.263000,0 days 01:07:43.473000,195.0,236.0,,267.0,False,SOFT,3.0,True,AlphaTauri,0 days 01:06:08.217000,2020-10-31 13:51:09.358,1,,False,,False,False
0 days 01:13:37.028000,GAS,10,,17.0,5.0,0 days 01:12:03.857000,,,0 days 00:00:35.979000,0 days 00:00:28.868000,,0 days 01:13:08.160000,0 days 01:13:37.053000,194.0,250.0,283.0,267.0,False,SOFT,1.0,True,AlphaTauri,0 days 01:07:43.473000,2020-10-31 13:52:44.614,1,,False,,False,False
0 days 01:14:51.530000,GAS,10,0 days 00:01:14.502000,18.0,5.0,,,0 days 00:00:23.749000,0 days 00:00:25.612000,0 days 00:00:25.141000,0 days 01:14:00.777000,0 days 01:14:26.389000,0 days 01:14:51.530000,231.0,263.0,282.0,294.0,True,SOFT,2.0,True,AlphaTauri,0 days 01:13:37.028000,2020-10-31 13:58:38.169,1,,False,,False,True
0 days 01:16:30.466000,GAS,10,,19.0,5.0,,0 days 01:16:30.466000,0 days 00:00:32.158000,0 days 00:00:34.780000,,0 days 01:15:23.655000,0 days 01:15:58.512000,,175.0,229.0,,239.0,False,SOFT,3.0,True,AlphaTauri,0 days 01:14:51.530000,2020-10-31 13:59:52.671,1,,False,,False,False
0 days 00:25:45.563000,RIC,3,,1.0,1.0,0 days 00:24:18.599000,,,0 days 00:00:30.151000,0 days 00:00:30.200000,,0 days 00:25:15.363000,0 days 00:25:45.801000,198.0,243.0,278.0,273.0,False,SOFT,1.0,True,Renault,0 days 00:24:18.599000,2020-10-31 13:09:19.740,1,,False,,False,False
0 days 00:27:01.619000,RIC,3,0 days 00:01:16.056000,2.0,1.0,,,0 days 00:00:24.385000,0 days 00:00:26.233000,0 days 00:00:25.438000,0 days 00:26:09.948000,0 days 00:26:36.181000,0 days 00:27:01.619000,231.0,260.0,278.0,291.0,True,SOFT,2.0,True,Renault,0 days 00:25:45.563000,2020-10-31 13:10:46.704,1,,False,,False,True
0 days 00:28:34.913000,RIC,3,0 days 00:01:33.294000,3.0,1.0,,0 days 00:28:30.468000,0 days 00:00:27.611000,0 days 00:00:30.091000,0 days 00:00:35.592000,0 days 00:27:29.230000,0 days 00:27:59.321000,0 days 00:28:34.913000,202.0,235.0,,247.0,False,SOFT,3.0,True,Renault,0 days 00:27:01.619000,2020-10-31 13:12:02.760,1,,False,,False,False
0 days 00:32:22.394000,RIC,3,,4.0,2.0,0 days 00:30:59.191000,,,0 days 00:00:29.823000,0 days 00:00:28.706000,,0 days 00:31:53.692000,0 days 00:32:22.630000,212.0,247.0,280.0,271.0,False,SOFT,1.0,True,Renault,0 days 00:28:34.913000,2020-10-31 13:13:36.054,1,,False,,False,False
0 days 00:33:37.868000,RIC,3,0 days 00:01:15.474000,5.0,2.0,,,0 days 00:00:24.020000,0 days 00:00:26.133000,0 days 00:00:25.321000,0 days 00:32:46.414000,0 days 00:33:12.547000,0 days 00:33:37.868000,231.0,261.0,282.0,295.0,True,SOFT,2.0,True,Renault,0 days 00:32:22.394000,2020-10-31 13:17:23.535,1,,False,,False,True
0 days 00:35:17.412000,RIC,3,0 days 00:01:39.544000,6.0,2.0,,0 days 00:35:12.975000,0 days 00:00:29.606000,0 days 00:00:32.214000,0 days 00:00:37.724000,0 days 00:34:07.474000,0 days 00:34:39.688000,0 days 00:35:17.412000,192.0,231.0,,248.0,False,SOFT,3.0,True,Renault,0 days 00:33:37.868000,2020-10-31 13:18:39.009,1,,False,,False,False
0 days 00:44:20.094000,RIC,3,,7.0,3.0,0 days 00:42:52.633000,,,0 days 00:00:29.989000,0 days 00:00:28.719000,,0 days 00:43:51.407000,0 days 00:44:20.162000,205.0,247.0,282.0,273.0,False,SOFT,1.0,True,Renault,0 days 00:35:17.412000,2020-10-31 13:20:18.553,1,,False,,False,False
0 days 00:45:35.113000,RIC,3,0 days 00:01:15.019000,8.0,3.0,,,0 days 00:00:23.989000,0 days 00:00:25.902000,0 days 00:00:25.128000,0 days 00:44:44.083000,0 days 00:45:09.985000,0 days 00:45:35.113000,230.0,262.0,282.0,296.0,True,SOFT,2.0,True,Renault,0 days 00:44:20.094000,2020-10-31 13:29:21.235,1,,False,,False,True
0 days 00:47:10.607000,RIC,3,0 days 00:01:35.494000,9.0,3.0,,0 days 00:47:06.054000,0 days 00:00:28.398000,0 days 00:00:31.648000,0 days 00:00:35.448000,0 days 00:46:03.511000,0 days 00:46:35.159000,0 days 00:47:10.607000,194.0,228.0,,262.0,False,SOFT,3.0,True,Renault,0 days 00:45:35.113000,2020-10-31 13:30:36.254,12,,False,,False,False
0 days 00:54:04.425000,RIC,3,,10.0,4.0,0 days 00:52:30.913000,,,0 days 00:00:29.211000,0 days 00:00:36.911000,,0 days 00:53:27.556000,0 days 00:54:04.506000,212.0,244.0,282.0,113.0,False,SOFT,1.0,True,Renault,0 days 00:47:10.607000,2020-10-31 13:32:11.748,1,,False,,False,False
0 days 00:55:19.378000,RIC,3,0 days 00:01:14.953000,11.0,4.0,,,0 days 00:00:23.992000,0 days 00:00:25.855000,0 days 00:00:25.106000,0 days 00:54:28.417000,0 days 00:54:54.272000,0 days 00:55:19.378000,231.0,262.0,283.0,295.0,True,SOFT,2.0,True,Renault,0 days 00:54:04.425000,2020-10-31 13:39:05.566,1,,False,,False,True
0 days 00:57:02.799000,RIC,3,0 days 00:01:43.421000,12.0,4.0,,0 days 00:56:58.290000,0 days 00:00:32.026000,0 days 00:00:34.482000,0 days 00:00:36.913000,0 days 00:55:51.404000,0 days 00:56:25.886000,0 days 00:57:02.799000,169.0,223.0,,223.0,False,SOFT,3.0,True,Renault,0 days 00:55:19.378000,2020-10-31 13:40:20.519,1,,False,,False,False
0 days 01:04:57.153000,RIC,3,,13.0,5.0,0 days 01:03:29.972000,,,0 days 00:00:29.304000,0 days 00:00:32.541000,,0 days 01:04:24.649000,0 days 01:04:57.153000,214.0,248.0,282.0,219.0,False,SOFT,4.0,False,Renault,0 days 00:57:02.799000,2020-10-31 13:42:03.940,1,,False,,False,False
0 days 01:06:12.616000,RIC,3,0 days 00:01:15.463000,14.0,5.0,,,0 days 00:00:24.059000,0 days 00:00:26.080000,0 days 00:00:25.324000,0 days 01:05:21.212000,0 days 01:05:47.292000,0 days 01:06:12.616000,231.0,261.0,283.0,294.0,True,SOFT,5.0,False,Renault,0 days 01:04:57.153000,2020-10-31 13:49:58.294,1,,False,,False,True
0 days 01:07:45.047000,RIC,3,0 days 00:01:32.431000,15.0,5.0,,0 days 01:07:40.558000,0 days 00:00:27.650000,0 days 00:00:30.038000,0 days 00:00:34.743000,0 days 01:06:40.266000,0 days 01:07:10.304000,0 days 01:07:45.047000,197.0,235.0,,245.0,False,SOFT,6.0,False,Renault,0 days 01:06:12.616000,2020-10-31 13:51:13.757,1,,False,,False,False
0 days 01:13:15.513000,RIC,3,,16.0,6.0,0 days 01:11:42.877000,,,0 days 00:00:32.688000,0 days 00:00:32.259000,,0 days 01:12:43.254000,0 days 01:13:15.538000,210.0,225.0,283.0,157.0,False,SOFT,1.0,True,Renault,0 days 01:07:45.047000,2020-10-31 13:52:46.188,1,,False,,False,False
0 days 01:14:30.033000,RIC,3,0 days 00:01:14.520000,17.0,6.0,,,0 days 00:00:23.800000,0 days 00:00:25.783000,0 days 00:00:24.937000,0 days 01:13:39.313000,0 days 01:14:05.096000,0 days 01:14:30.033000,234.0,262.0,283.0,295.0,True,SOFT,2.0,True,Renault,0 days 01:13:15.513000,2020-10-31 13:58:16.654,1,,False,,False,True
0 days 01:16:08.600000,RIC,3,,18.0,6.0,,0 days 01:16:08.600000,0 days 00:00:31.561000,0 days 00:00:33.531000,,0 days 01:15:01.660000,0 days 01:15:35.149000,,183.0,221.0,,200.0,False,SOFT,3.0,True,Renault,0 days 01:14:30.033000,2020-10-31 13:59:31.174,1,,False,,False,False
0 days 00:20:29.343000,ALB,23,,1.0,1.0,0 days 00:18:53.483000,,,0 days 00:00:34.257000,0 days 00:00:33.358000,,0 days 00:19:56.068000,0 days 00:20:29.466000,181.0,234.0,278.0,193.0,False,SOFT,1.0,True,Red Bull Racing,0 days 00:18:53.483000,2020-10-31 13:03:54.624,1,,False,,False,False
0 days 00:21:46.053000,ALB,23,0 days 00:01:16.710000,2.0,1.0,,,0 days 00:00:24.720000,0 days 00:00:26.339000,0 days 00:00:25.651000,0 days 00:20:54.063000,0 days 00:21:20.402000,0 days 00:21:46.053000,225.0,261.0,280.0,291.0,True,SOFT,2.0,True,Red Bull Racing,0 days 00:20:29.343000,2020-10-31 13:05:30.484,1,,False,,False,True
0 days 00:23:39.328000,ALB,23,0 days 00:01:53.275000,3.0,1.0,,,0 days 00:00:37.824000,0 days 00:00:40.706000,0 days 00:00:34.745000,0 days 00:22:23.877000,0 days 00:23:04.583000,0 days 00:23:39.328000,188.0,161.0,279.0,143.0,False,SOFT,3.0,True,Red Bull Racing,0 days 00:21:46.053000,2020-10-31 13:06:47.194,1,,False,,False,True
0 days 00:24:54.867000,ALB,23,0 days 00:01:15.539000,4.0,1.0,,,0 days 00:00:24.378000,0 days 00:00:25.878000,0 days 00:00:25.283000,0 days 00:24:03.706000,0 days 00:24:29.584000,0 days 00:24:54.867000,232.0,264.0,280.0,292.0,False,SOFT,4.0,True,Red Bull Racing,0 days 00:23:39.328000,2020-10-31 13:08:40.469,1,,True,TRACK LIMITS AT TURN 9,False,True
0 days 00:26:29.198000,ALB,23,0 days 00:01:34.331000,5.0,1.0,,0 days 00:26:24.785000,0 days 00:00:30.563000,0 days 00:00:30.574000,0 days 00:00:33.194000,0 days 00:25:25.430000,0 days 00:25:56.004000,0 days 00:26:29.198000,193.0,238.0,,267.0,False,SOFT,5.0,True,Red Bull Racing,0 days 00:24:54.867000,2020-10-31 13:09:56.008,1,,False,,False,False
0 days 00:30:11.429000,ALB,23,,6.0,2.0,0 days 00:28:36.009000,,,0 days 00:00:34.601000,0 days 00:00:30.529000,,0 days 00:29:40.917000,0 days 00:30:11.695000,168.0,228.0,279.0,229.0,False,SOFT,1.0,True,Red Bull Racing,0 days 00:26:29.198000,2020-10-31 13:11:30.339,1,,False,,False,False
0 days 00:31:26.831000,ALB,23,0 days 00:01:15.402000,7.0,2.0,,,0 days 00:00:24.257000,0 days 00:00:25.875000,0 days 00:00:25.270000,0 days 00:30:35.686000,0 days 00:31:01.561000,0 days 00:31:26.831000,233.0,264.0,281.0,293.0,True,SOFT,2.0,True,Red Bull Racing,0 days 00:30:11.429000,2020-10-31 13:15:12.570,1,,False,,False,True
0 days 00:33:17.378000,ALB,23,0 days 00:01:50.547000,8.0,2.0,,0 days 00:33:12.985000,0 days 00:00:32.449000,0 days 00:00:40.335000,0 days 00:00:37.763000,0 days 00:31:59.280000,0 days 00:32:39.615000,0 days 00:33:17.378000,191.0,236.0,,229.0,False,SOFT,3.0,True,Red Bull Racing,0 days 00:31:26.831000,2020-10-31 13:16:27.972,1,,False,,False,False
0 days 00:42:21.275000,ALB,23,,9.0,3.0,0 days 00:40:53.251000,,,0 days 00:00:31.611000,0 days 00:00:29.906000,,0 days 00:41:51.405000,0 days 00:42:21.303000,209.0,246.0,281.0,188.0,False,MEDIUM,1.0,True,Red Bull Racing,0 days 00:33:17.378000,2020-10-31 13:18:18.519,1,,False,,False,False
0 days 00:43:36.646000,ALB,23,0 days 00:01:15.371000,10.0,3.0,,,0 days 00:00:24.153000,0 days 00:00:25.988000,0 days 00:00:25.230000,0 days 00:42:45.428000,0 days 00:43:11.416000,0 days 00:43:36.646000,231.0,260.0,280.0,293.0,True,MEDIUM,2.0,True,Red Bull Racing,0 days 00:42:21.275000,2020-10-31 13:27:22.416,1,,False,,False,True
0 days 00:45:22.014000,ALB,23,0 days 00:01:45.368000,11.0,3.0,,,0 days 00:00:36.192000,0 days 00:00:36.829000,0 days 00:00:32.347000,0 days 00:44:12.838000,0 days 00:44:49.667000,0 days 00:45:22.014000,166.0,225.0,282.0,184.0,False,MEDIUM,3.0,True,Red Bull Racing,0 days 00:43:36.646000,2020-10-31 13:28:37.787,1,,False,,False,True
0 days 00:46:57.208000,ALB,23,0 days 00:01:35.194000,12.0,3.0,,0 days 00:46:51.343000,0 days 00:00:24.045000,0 days 00:00:25.907000,0 days 00:00:45.242000,0 days 00:45:46.059000,0 days 00:46:11.966000,0 days 00:46:57.208000,232.0,264.0,,242.0,False,MEDIUM,4.0,True,Red Bull Racing,0 days 00:45:22.014000,2020-10-31 13:30:23.155,12,,False,,False,False
0 days 00:53:55.774000,ALB,23,,13.0,4.0,0 days 00:52:15.161000,,,0 days 00:00:30.444000,0 days 00:00:42.262000,,0 days 00:53:13.543000,0 days 00:53:55.843000,203.0,222.0,281.0,67.0,False,SOFT,1.0,True,Red Bull Racing,0 days 00:46:57.208000,2020-10-31 13:31:58.349,1,,False,,False,False
0 days 00:55:10.519000,ALB,23,0 days 00:01:14.745000,14.0,4.0,,,0 days 00:00:23.845000,0 days 00:00:25.760000,0 days 00:00:25.140000,0 days 00:54:19.619000,0 days 00:54:45.379000,0 days 00:55:10.519000,235.0,265.0,282.0,294.0,True,SOFT,2.0,True,Red Bull Racing,0 days 00:53:55.774000,2020-10-31 13:38:56.915,1,,False,,False,True
0 days 00:56:52.825000,ALB,23,0 days 00:01:42.306000,15.0,4.0,,0 days 00:56:48.345000,0 days 00:00:32.887000,0 days 00:00:32.177000,0 days 00:00:37.242000,0 days 00:55:43.406000,0 days 00:56:15.583000,0 days 00:56:52.825000,175.0,233.0,,205.0,False,SOFT,3.0,True,Red Bull Racing,0 days 00:55:10.519000,2020-10-31 13:40:11.660,1,,False,,False,False
0 days 01:05:19.468000,ALB,23,,16.0,5.0,0 days 01:03:46.131000,,,0 days 00:00:34.514000,0 days 00:00:29.104000,,0 days 01:04:50.445000,0 days 01:05:19.544000,183.0,242.0,281.0,250.0,False,SOFT,1.0,True,Red Bull Racing,0 days 00:56:52.825000,2020-10-31 13:41:53.966,1,,False,,False,False
0 days 01:06:34.123000,ALB,23,0 days 00:01:14.655000,17.0,5.0,,,0 days 00:00:23.928000,0 days 00:00:25.643000,0 days 00:00:25.084000,0 days 01:05:43.396000,0 days 01:06:09.039000,0 days 01:06:34.123000,235.0,264.0,282.0,292.0,False,SOFT,2.0,True,Red Bull Racing,0 days 01:05:19.468000,2020-10-31 13:50:20.609,1,,True,TRACK LIMITS AT TURN 9,False,True
0 days 01:08:13.789000,ALB,23,0 days 00:01:39.666000,18.0,5.0,,0 days 01:08:09.378000,0 days 00:00:30.537000,0 days 00:00:32.611000,0 days 00:00:36.518000,0 days 01:07:04.660000,0 days 01:07:37.271000,0 days 01:08:13.789000,187.0,220.0,,214.0,False,SOFT,3.0,True,Red Bull Racing,0 days 01:06:34.123000,2020-10-31 13:51:35.264,1,,False,,False,False
0 days 01:13:20.646000,ALB,23,,19.0,6.0,0 days 01:11:41.668000,,,0 days 00:00:36.696000,0 days 00:00:33.692000,,0 days 01:12:46.958000,0 days 01:13:20.704000,196.0,209.0,282.0,183.0,False,SOFT,1.0,True,Red Bull Racing,0 days 01:08:13.789000,2020-10-31 13:53:14.930,1,,False,,False,False
0 days 01:14:35.218000,ALB,23,0 days 00:01:14.572000,20.0,6.0,,,0 days 00:00:23.825000,0 days 00:00:25.616000,0 days 00:00:25.131000,0 days 01:13:44.471000,0 days 01:14:10.087000,0 days 01:14:35.218000,238.0,265.0,283.0,294.0,True,SOFT,2.0,True,Red Bull Racing,0 days 01:13:20.646000,2020-10-31 13:58:21.787,1,,False,,False,True
0 days 01:16:13.092000,ALB,23,,21.0,6.0,,0 days 01:16:13.092000,0 days 00:00:30.498000,0 days 00:00:33.803000,,0 days 01:15:05.675000,0 days 01:15:39.513000,,169.0,199.0,,179.0,False,SOFT,3.0,True,Red Bull Racing,0 days 01:14:35.218000,2020-10-31 13:59:36.359,1,,False,,False,False
0 days 00:18:06.019000,LEC,16,,1.0,1.0,0 days 00:16:23.797000,,,0 days 00:00:33.352000,0 days 00:00:33.746000,,0 days 00:17:32.280000,0 days 00:18:06.262000,195.0,232.0,278.0,257.0,False,SOFT,1.0,True,Ferrari,0 days 00:16:23.797000,2020-10-31 13:01:24.938,1,,False,,False,False
0 days 00:19:21.866000,LEC,16,0 days 00:01:15.847000,2.0,1.0,,,0 days 00:00:24.305000,0 days 00:00:26.090000,0 days 00:00:25.452000,0 days 00:18:30.324000,0 days 00:18:56.414000,0 days 00:19:21.866000,232.0,260.0,277.0,293.0,True,SOFT,2.0,True,Ferrari,0 days 00:18:06.019000,2020-10-31 13:03:07.160,1,,False,,False,True
0 days 00:21:16.981000,LEC,16,0 days 00:01:55.115000,3.0,1.0,,,0 days 00:00:38.758000,0 days 00:00:40.112000,0 days 00:00:36.245000,0 days 00:20:00.624000,0 days 00:20:40.736000,0 days 00:21:16.981000,147.0,228.0,281.0,126.0,False,SOFT,3.0,True,Ferrari,0 days 00:19:21.866000,2020-10-31 13:04:23.007,1,,False,,False,True
0 days 00:22:32.104000,LEC,16,0 days 00:01:15.123000,4.0,1.0,,,0 days 00:00:24.111000,0 days 00:00:25.800000,0 days 00:00:25.212000,0 days 00:21:41.092000,0 days 00:22:06.892000,0 days 00:22:32.104000,231.0,263.0,281.0,292.0,True,SOFT,4.0,True,Ferrari,0 days 00:21:16.981000,2020-10-31 13:06:18.122,1,,False,,False,True
0 days 00:24:08.301000,LEC,16,0 days 00:01:36.197000,5.0,1.0,,0 days 00:24:03.888000,0 days 00:00:30.084000,0 days 00:00:31.898000,0 days 00:00:34.215000,0 days 00:23:02.188000,0 days 00:23:34.086000,0 days 00:24:08.301000,189.0,231.0,,267.0,False,SOFT,5.0,True,Ferrari,0 days 00:22:32.104000,2020-10-31 13:07:33.245,1,,False,,False,False
0 days 00:41:52.535000,LEC,16,,6.0,2.0,0 days 00:40:17.146000,,,0 days 00:00:30.777000,0 days 00:00:37.629000,,0 days 00:41:14.944000,0 days 00:41:52.590000,201.0,236.0,275.0,126.0,False,MEDIUM,1.0,True,Ferrari,0 days 00:24:08.301000,2020-10-31 13:09:09.442,1,,False,,False,False
0 days 00:43:08.160000,LEC,16,0 days 00:01:15.625000,7.0,2.0,,,0 days 00:00:24.477000,0 days 00:00:25.855000,0 days 00:00:25.293000,0 days 00:42:17.012000,0 days 00:42:42.867000,0 days 00:43:08.160000,231.0,260.0,278.0,291.0,True,MEDIUM,2.0,True,Ferrari,0 days 00:41:52.535000,2020-10-31 13:26:53.676,1,,False,,False,True
0 days 00:44:52.898000,LEC,16,0 days 00:01:44.738000,8.0,2.0,,,0 days 00:00:34.354000,0 days 00:00:38.333000,0 days 00:00:32.051000,0 days 00:43:42.514000,0 days 00:44:20.847000,0 days 00:44:52.898000,165.0,208.0,277.0,233.0,False,MEDIUM,3.0,True,Ferrari,0 days 00:43:08.160000,2020-10-31 13:28:09.301,1,,False,,False,True
0 days 00:46:08.236000,LEC,16,0 days 00:01:15.338000,9.0,2.0,,,0 days 00:00:24.252000,0 days 00:00:25.867000,0 days 00:00:25.219000,0 days 00:45:17.150000,0 days 00:45:43.017000,0 days 00:46:08.236000,226.0,262.0,278.0,293.0,True,MEDIUM,4.0,True,Ferrari,0 days 00:44:52.898000,2020-10-31 13:29:54.039,1,,False,,False,True
0 days 00:47:45.485000,LEC,16,0 days 00:01:37.249000,10.0,2.0,,0 days 00:47:41.016000,0 days 00:00:29.572000,0 days 00:00:32.966000,0 days 00:00:34.711000,0 days 00:46:37.808000,0 days 00:47:10.774000,0 days 00:47:45.485000,184.0,237.0,,245.0,False,MEDIUM,5.0,True,Ferrari,0 days 00:46:08.236000,2020-10-31 13:31:09.377,12,,False,,False,False
0 days 00:51:37.506000,LEC,16,,11.0,3.0,0 days 00:50:06.293000,,,0 days 00:00:33.345000,0 days 00:00:30.653000,,0 days 00:51:06.853000,0 days 00:51:37.537000,193.0,233.0,278.0,187.0,False,SOFT,1.0,True,Ferrari,0 days 00:47:45.485000,2020-10-31 13:32:46.626,1,,False,,False,False
0 days 00:52:52.523000,LEC,16,0 days 00:01:15.017000,12.0,3.0,,,0 days 00:00:23.998000,0 days 00:00:25.918000,0 days 00:00:25.101000,0 days 00:52:01.504000,0 days 00:52:27.422000,0 days 00:52:52.523000,232.0,259.0,275.0,291.0,True,SOFT,2.0,True,Ferrari,0 days 00:51:37.506000,2020-10-31 13:36:38.647,1,,False,,False,True
0 days 00:54:41.008000,LEC,16,0 days 00:01:48.485000,13.0,3.0,,,0 days 00:00:35.504000,0 days 00:00:39.923000,0 days 00:00:33.058000,0 days 00:53:28.027000,0 days 00:54:07.950000,0 days 00:54:41.008000,148.0,181.0,282.0,233.0,False,SOFT,3.0,True,Ferrari,0 days 00:52:52.523000,2020-10-31 13:37:53.664,1,,False,,False,True
0 days 00:56:04.270000,LEC,16,0 days 00:01:23.262000,14.0,3.0,,0 days 00:55:59.760000,0 days 00:00:24.019000,0 days 00:00:25.934000,0 days 00:00:33.309000,0 days 00:55:05.027000,0 days 00:55:30.961000,0 days 00:56:04.270000,232.0,259.0,,217.0,False,SOFT,4.0,True,Ferrari,0 days 00:54:41.008000,2020-10-31 13:39:42.149,1,,False,,False,False
0 days 01:05:34.200000,LEC,16,,15.0,4.0,0 days 01:04:03.009000,,,0 days 00:00:32.658000,0 days 00:00:29.708000,,0 days 01:05:04.546000,0 days 01:05:34.269000,173.0,235.0,280.0,265.0,False,SOFT,1.0,True,Ferrari,0 days 00:56:04.270000,2020-10-31 13:41:05.411,1,,False,,False,False
0 days 01:06:49.012000,LEC,16,0 days 00:01:14.812000,16.0,4.0,,,0 days 00:00:23.960000,0 days 00:00:25.779000,0 days 00:00:25.073000,0 days 01:05:58.160000,0 days 01:06:23.939000,0 days 01:06:49.012000,232.0,260.0,277.0,292.0,True,SOFT,2.0,True,Ferrari,0 days 01:05:34.200000,2020-10-31 13:50:35.341,1,,False,,False,True
0 days 01:08:35.833000,LEC,16,0 days 00:01:46.821000,17.0,4.0,,0 days 01:08:31.347000,0 days 00:00:30.748000,0 days 00:00:36.458000,0 days 00:00:39.615000,0 days 01:07:19.760000,0 days 01:07:56.218000,0 days 01:08:35.833000,168.0,177.0,,150.0,False,SOFT,3.0,True,Ferrari,0 days 01:06:49.012000,2020-10-31 13:51:50.153,1,,False,,False,False
0 days 01:13:57.435000,LEC,16,,18.0,5.0,0 days 01:12:20.678000,,,0 days 00:00:32.184000,0 days 00:00:36.558000,,0 days 01:13:20.889000,0 days 01:13:57.435000,200.0,233.0,277.0,92.0,False,SOFT,1.0,True,Ferrari,0 days 01:08:35.833000,2020-10-31 13:53:36.974,1,,False,,False,False
0 days 01:15:12.051000,LEC,16,0 days 00:01:14.616000,19.0,5.0,,,0 days 00:00:23.910000,0 days 00:00:25.737000,0 days 00:00:24.969000,0 days 01:14:21.345000,0 days 01:14:47.082000,0 days 01:15:12.051000,235.0,260.0,275.0,292.0,True,SOFT,2.0,True,Ferrari,0 days 01:13:57.435000,2020-10-31 13:58:58.576,1,,False,,False,True
0 days 01:16:55.584000,LEC,16,,20.0,5.0,,0 days 01:16:55.584000,0 days 00:00:36.852000,0 days 00:00:34.359000,,0 days 01:15:48.981000,0 days 01:16:23.217000,,129.0,181.0,,175.0,False,SOFT,3.0,True,Ferrari,0 days 01:15:12.051000,2020-10-31 14:00:13.192,1,,False,,False,False
0 days 00:17:47.020000,KVY,26,,1.0,1.0,0 days 00:16:09.475000,,,0 days 00:00:31.374000,0 days 00:00:38.800000,,0 days 00:17:08.246000,0 days 00:17:47.351000,211.0,250.0,280.0,175.0,False,SOFT,1.0,True,AlphaTauri,0 days 00:16:09.475000,2020-10-31 13:01:10.616,1,,False,,False,False
0 days 00:19:02.432000,KVY,26,0 days 00:01:15.412000,2.0,1.0,,,0 days 00:00:24.056000,0 days 00:00:26.001000,0 days 00:00:25.355000,0 days 00:18:11.076000,0 days 00:18:37.077000,0 days 00:19:02.432000,229.0,264.0,284.0,295.0,True,SOFT,2.0,True,AlphaTauri,0 days 00:17:47.020000,2020-10-31 13:02:48.161,1,,False,,False,True
0 days 00:20:47.938000,KVY,26,0 days 00:01:45.506000,3.0,1.0,,,0 days 00:00:31.757000,0 days 00:00:35.203000,0 days 00:00:38.546000,0 days 00:19:34.189000,0 days 00:20:09.392000,0 days 00:20:47.938000,172.0,221.0,278.0,199.0,False,SOFT,3.0,True,AlphaTauri,0 days 00:19:02.432000,2020-10-31 13:04:03.573,1,,False,,False,True
0 days 00:22:03.840000,KVY,26,0 days 00:01:15.902000,4.0,1.0,,,0 days 00:00:24.158000,0 days 00:00:26.149000,0 days 00:00:25.595000,0 days 00:21:12.096000,0 days 00:21:38.245000,0 days 00:22:03.840000,217.0,265.0,282.0,295.0,False,SOFT,4.0,True,AlphaTauri,0 days 00:20:47.938000,2020-10-31 13:05:49.079,1,,False,,False,True
0 days 00:23:37.108000,KVY,26,0 days 00:01:33.268000,5.0,1.0,,0 days 00:23:32.734000,0 days 00:00:28.149000,0 days 00:00:31.595000,0 days 00:00:33.524000,0 days 00:22:31.989000,0 days 00:23:03.584000,0 days 00:23:37.108000,202.0,228.0,,272.0,False,SOFT,5.0,True,AlphaTauri,0 days 00:22:03.840000,2020-10-31 13:07:04.981,1,,False,,False,False
0 days 00:41:35.875000,KVY,26,,6.0,2.0,0 days 00:40:06.330000,,,0 days 00:00:32.717000,0 days 00:00:29.502000,,0 days 00:41:06.444000,0 days 00:41:35.958000,195.0,245.0,280.0,264.0,False,SOFT,1.0,True,AlphaTauri,0 days 00:23:37.108000,2020-10-31 13:08:38.249,1,,False,,False,False
0 days 00:42:51.122000,KVY,26,0 days 00:01:15.247000,7.0,2.0,,,0 days 00:00:24.123000,0 days 00:00:25.899000,0 days 00:00:25.225000,0 days 00:41:59.998000,0 days 00:42:25.897000,0 days 00:42:51.122000,231.0,263.0,281.0,294.0,True,SOFT,2.0,True,AlphaTauri,0 days 00:41:35.875000,2020-10-31 13:26:37.016,1,,False,,False,True
0 days 00:44:25.714000,KVY,26,0 days 00:01:34.592000,8.0,2.0,,,0 days 00:00:30.024000,0 days 00:00:33.445000,0 days 00:00:31.123000,0 days 00:43:21.146000,0 days 00:43:54.591000,0 days 00:44:25.714000,194.0,231.0,282.0,246.0,False,SOFT,3.0,True,AlphaTauri,0 days 00:42:51.122000,2020-10-31 13:27:52.263,1,,False,,False,True
0 days 00:45:40.877000,KVY,26,0 days 00:01:15.163000,9.0,2.0,,,0 days 00:00:23.925000,0 days 00:00:25.962000,0 days 00:00:25.276000,0 days 00:44:49.639000,0 days 00:45:15.601000,0 days 00:45:40.877000,232.0,264.0,281.0,295.0,True,SOFT,4.0,True,AlphaTauri,0 days 00:44:25.714000,2020-10-31 13:29:26.855,1,,False,,False,True
0 days 00:47:13.461000,KVY,26,0 days 00:01:32.584000,10.0,2.0,,0 days 00:47:09.034000,0 days 00:00:28.404000,0 days 00:00:29.567000,0 days 00:00:34.613000,0 days 00:46:09.281000,0 days 00:46:38.848000,0 days 00:47:13.461000,201.0,237.0,,265.0,False,SOFT,5.0,True,AlphaTauri,0 days 00:45:40.877000,2020-10-31 13:30:42.018,12,,False,,False,False
0 days 00:50:56.798000,KVY,26,,11.0,3.0,0 days 00:49:27.941000,,,0 days 00:00:31.864000,0 days 00:00:29.639000,,0 days 00:50:27.175000,0 days 00:50:56.905000,196.0,248.0,280.0,263.0,False,SOFT,1.0,True,AlphaTauri,0 days 00:47:13.461000,2020-10-31 13:32:14.602,1,,False,,False,False
0 days 00:52:11.820000,KVY,26,0 days 00:01:15.022000,12.0,3.0,,,0 days 00:00:23.980000,0 days 00:00:25.867000,0 days 00:00:25.175000,0 days 00:51:20.778000,0 days 00:51:46.645000,0 days 00:52:11.820000,232.0,264.0,281.0,291.0,True,SOFT,2.0,True,AlphaTauri,0 days 00:50:56.798000,2020-10-31 13:35:57.939,1,,False,,False,True
0 days 00:53:59.593000,KVY,26,0 days 00:01:47.773000,13.0,3.0,,,0 days 00:00:32.992000,0 days 00:00:32.677000,0 days 00:00:42.104000,0 days 00:52:44.812000,0 days 00:53:17.489000,0 days 00:53:59.593000,193.0,229.0,283.0,64.0,False,SOFT,3.0,True,AlphaTauri,0 days 00:52:11.820000,2020-10-31 13:37:12.961,1,,False,,False,True
0 days 00:55:14.879000,KVY,26,0 days 00:01:15.286000,14.0,3.0,,,0 days 00:00:23.880000,0 days 00:00:25.890000,0 days 00:00:25.516000,0 days 00:54:23.473000,0 days 00:54:49.363000,0 days 00:55:14.879000,230.0,264.0,282.0,295.0,False,SOFT,4.0,True,AlphaTauri,0 days 00:53:59.593000,2020-10-31 13:39:00.734,1,,False,,False,True
0 days 00:56:54.154000,KVY,26,0 days 00:01:39.275000,15.0,3.0,,0 days 00:56:49.610000,0 days 00:00:30.914000,0 days 00:00:31.342000,0 days 00:00:37.019000,0 days 00:55:45.793000,0 days 00:56:17.135000,0 days 00:56:54.154000,194.0,229.0,,247.0,False,SOFT,5.0,True,AlphaTauri,0 days 00:55:14.879000,2020-10-31 13:40:16.020,1,,False,,False,False
0 days 01:04:37.909000,KVY,26,,16.0,4.0,0 days 01:03:06.568000,,,0 days 00:00:32.098000,0 days 00:00:29.872000,,0 days 01:04:08.075000,0 days 01:04:37.973000,199.0,248.0,282.0,264.0,False,SOFT,1.0,True,AlphaTauri,0 days 00:56:54.154000,2020-10-31 13:41:55.295,1,,False,,False,False
0 days 01:05:52.841000,KVY,26,0 days 00:01:14.932000,17.0,4.0,,,0 days 00:00:23.813000,0 days 00:00:25.941000,0 days 00:00:25.178000,0 days 01:05:01.722000,0 days 01:05:27.663000,0 days 01:05:52.841000,232.0,263.0,283.0,294.0,True,SOFT,2.0,True,AlphaTauri,0 days 01:04:37.909000,2020-10-31 13:49:39.050,1,,False,,False,True
0 days 01:07:29.092000,KVY,26,0 days 00:01:36.251000,18.0,4.0,,0 days 01:07:24.596000,0 days 00:00:28.993000,0 days 00:00:31.429000,0 days 00:00:35.829000,0 days 01:06:21.834000,0 days 01:06:53.263000,0 days 01:07:29.092000,199.0,229.0,,236.0,False,SOFT,3.0,True,AlphaTauri,0 days 01:05:52.841000,2020-10-31 13:50:53.982,1,,False,,False,False
0 days 01:13:06.384000,KVY,26,,19.0,5.0,0 days 01:11:34.706000,,,0 days 00:00:34.096000,0 days 00:00:29.491000,,0 days 01:12:36.893000,0 days 01:13:06.419000,198.0,243.0,281.0,263.0,False,SOFT,1.0,True,AlphaTauri,0 days 01:07:29.092000,2020-10-31 13:52:30.233,1,,False,,False,False
0 days 01:14:21.080000,KVY,26,0 days 00:01:14.696000,20.0,5.0,,,0 days 00:00:23.876000,0 days 00:00:25.784000,0 days 00:00:25.036000,0 days 01:13:30.260000,0 days 01:13:56.044000,0 days 01:14:21.080000,229.0,264.0,282.0,292.0,True,SOFT,2.0,True,AlphaTauri,0 days 01:13:06.384000,2020-10-31 13:58:07.525,1,,False,,False,True
0 days 01:16:00.387000,KVY,26,,21.0,5.0,,0 days 01:16:00.387000,0 days 00:00:32.855000,0 days 00:00:33.810000,,0 days 01:14:53.894000,0 days 01:15:27.772000,,170.0,211.0,,190.0,False,SOFT,3.0,True,AlphaTauri,0 days 01:14:21.080000,2020-10-31 13:59:22.221,1,,False,,False,False
0 days 00:20:16.314000,NOR,4,,1.0,1.0,0 days 00:18:33.173000,,,0 days 00:00:30.052000,0 days 00:00:44.283000,,0 days 00:19:32.092000,0 days 00:20:16.590000,207.0,240.0,279.0,82.0,False,SOFT,1.0,True,McLaren,0 days 00:18:33.173000,2020-10-31 13:03:34.314,1,,False,,False,False
0 days 00:21:32.107000,NOR,4,0 days 00:01:15.793000,2.0,1.0,,,0 days 00:00:24.333000,0 days 00:00:26.032000,0 days 00:00:25.428000,0 days 00:20:40.647000,0 days 00:21:06.679000,0 days 00:21:32.107000,228.0,262.0,282.0,291.0,True,SOFT,2.0,True,McLaren,0 days 00:20:16.314000,2020-10-31 13:05:17.455,1,,False,,False,True
0 days 00:23:18.102000,NOR,4,0 days 00:01:45.995000,3.0,1.0,,,0 days 00:00:35.769000,0 days 00:00:39.117000,0 days 00:00:31.109000,0 days 00:22:07.876000,0 days 00:22:46.993000,0 days 00:23:18.102000,178.0,237.0,281.0,237.0,False,SOFT,3.0,True,McLaren,0 days 00:21:32.107000,2020-10-31 13:06:33.248,1,,False,,False,True
0 days 00:24:33.376000,NOR,4,0 days 00:01:15.274000,4.0,1.0,,,0 days 00:00:24.039000,0 days 00:00:25.930000,0 days 00:00:25.305000,0 days 00:23:42.141000,0 days 00:24:08.071000,0 days 00:24:33.376000,232.0,261.0,281.0,293.0,True,SOFT,4.0,True,McLaren,0 days 00:23:18.102000,2020-10-31 13:08:19.243,1,,False,,False,True
0 days 00:26:12.001000,NOR,4,0 days 00:01:38.625000,5.0,1.0,,0 days 00:26:07.440000,0 days 00:00:28.814000,0 days 00:00:31.303000,0 days 00:00:38.508000,0 days 00:25:02.190000,0 days 00:25:33.493000,0 days 00:26:12.001000,194.0,208.0,,180.0,False,SOFT,5.0,True,McLaren,0 days 00:24:33.376000,2020-10-31 13:09:34.517,1,,False,,False,False
0 days 00:44:04.777000,NOR,4,,6.0,2.0,0 days 00:42:38.630000,,,0 days 00:00:31.920000,0 days 00:00:27.747000,,0 days 00:43:37.057000,0 days 00:44:04.920000,212.0,247.0,280.0,274.0,False,SOFT,1.0,True,McLaren,0 days 00:26:12.001000,2020-10-31 13:11:13.142,1,,False,,False,False
0 days 00:45:19.828000,NOR,4,0 days 00:01:15.051000,7.0,2.0,,,0 days 00:00:24.018000,0 days 00:00:25.808000,0 days 00:00:25.225000,0 days 00:44:28.795000,0 days 00:44:54.603000,0 days 00:45:19.828000,231.0,262.0,277.0,292.0,True,SOFT,2.0,True,McLaren,0 days 00:44:04.777000,2020-10-31 13:29:05.918,1,,False,,False,True
0 days 00:47:00.487000,NOR,4,0 days 00:01:40.659000,8.0,2.0,,0 days 00:46:56.031000,0 days 00:00:30.221000,0 days 00:00:32.252000,0 days 00:00:38.186000,0 days 00:45:50.049000,0 days 00:46:22.301000,0 days 00:47:00.487000,198.0,180.0,,187.0,False,SOFT,3.0,True,McLaren,0 days 00:45:19.828000,2020-10-31 13:30:20.969,12,,False,,False,False
0 days 00:53:17.454000,NOR,4,,9.0,3.0,0 days 00:51:47.873000,,,0 days 00:00:30.924000,0 days 00:00:30.772000,,0 days 00:52:46.751000,0 days 00:53:17.551000,215.0,216.0,279.0,198.0,False,SOFT,1.0,True,McLaren,0 days 00:47:00.487000,2020-10-31 13:32:01.628,1,,False,,False,False
0 days 00:54:32.563000,NOR,4,0 days 00:01:15.109000,10.0,3.0,,,0 days 00:00:24.058000,0 days 00:00:25.724000,0 days 00:00:25.327000,0 days 00:53:41.512000,0 days 00:54:07.236000,0 days 00:54:32.563000,233.0,261.0,281.0,292.0,False,SOFT,2.0,True,McLaren,0 days 00:53:17.454000,2020-10-31 13:38:18.595,1,,False,,False,True
0 days 00:56:12.757000,NOR,4,0 days 00:01:40.194000,11.0,3.0,,0 days 00:56:08.318000,0 days 00:00:29.852000,0 days 00:00:32.940000,0 days 00:00:37.402000,0 days 00:55:02.415000,0 days 00:55:35.355000,0 days 00:56:12.757000,193.0,188.0,,180.0,False,SOFT,3.0,True,McLaren,0 days 00:54:32.563000,2020-10-31 13:39:33.704,1,,False,,False,False
0 days 01:05:27.461000,NOR,4,,12.0,4.0,0 days 01:03:57.095000,,,0 days 00:00:30.619000,0 days 00:00:31.305000,,0 days 01:04:56.156000,0 days 01:05:27.491000,201.0,228.0,280.0,159.0,False,SOFT,1.0,True,McLaren,0 days 00:56:12.757000,2020-10-31 13:41:13.898,1,,False,,False,False
0 days 01:06:42.292000,NOR,4,0 days 00:01:14.831000,13.0,4.0,,,0 days 00:00:23.790000,0 days 00:00:25.647000,0 days 00:00:25.394000,0 days 01:05:51.251000,0 days 01:06:16.898000,0 days 01:06:42.292000,235.0,262.0,280.0,292.0,True,SOFT,2.0,True,McLaren,0 days 01:05:27.461000,2020-10-31 13:50:28.602,1,,False,,False,True
0 days 01:08:21.178000,NOR,4,0 days 00:01:38.886000,14.0,4.0,,0 days 01:08:16.681000,0 days 00:00:28.375000,0 days 00:00:32.879000,0 days 00:00:37.632000,0 days 01:07:10.667000,0 days 01:07:43.546000,0 days 01:08:21.178000,206.0,198.0,,188.0,False,SOFT,3.0,True,McLaren,0 days 01:06:42.292000,2020-10-31 13:51:43.433,1,,False,,False,False
0 days 01:13:28.636000,NOR,4,,15.0,5.0,0 days 01:11:54.554000,,,0 days 00:00:34.324000,0 days 00:00:33.219000,,0 days 01:12:55.429000,0 days 01:13:28.695000,213.0,210.0,281.0,175.0,False,SOFT,4.0,False,McLaren,0 days 01:08:21.178000,2020-10-31 13:53:22.319,1,,False,,False,False
0 days 01:14:43.450000,NOR,4,0 days 00:01:14.814000,16.0,5.0,,,0 days 00:00:23.808000,0 days 00:00:25.753000,0 days 00:00:25.253000,0 days 01:13:52.444000,0 days 01:14:18.197000,0 days 01:14:43.450000,235.0,262.0,276.0,292.0,True,SOFT,5.0,False,McLaren,0 days 01:13:28.636000,2020-10-31 13:58:29.777,1,,False,,False,True
0 days 01:16:21.802000,NOR,4,,17.0,5.0,,0 days 01:16:21.802000,0 days 00:00:31.013000,0 days 00:00:32.346000,,0 days 01:15:14.513000,0 days 01:15:46.837000,,191.0,207.0,,183.0,False,SOFT,6.0,False,McLaren,0 days 01:14:43.450000,2020-10-31 13:59:44.591,1,,False,,False,False
0 days 00:21:26.452000,SAI,55,,1.0,1.0,0 days 00:19:52.296000,,,0 days 00:00:33.396000,0 days 00:00:35.143000,,0 days 00:20:51.325000,0 days 00:21:26.749000,121.0,243.0,279.0,257.0,False,SOFT,1.0,True,McLaren,0 days 00:19:52.296000,2020-10-31 13:04:53.437,1,,False,,False,False
0 days 00:23:03.955000,SAI,55,0 days 00:01:37.503000,2.0,1.0,,,0 days 00:00:27.179000,0 days 00:00:33.947000,0 days 00:00:36.377000,0 days 00:21:53.631000,0 days 00:22:27.578000,0 days 00:23:03.955000,199.0,237.0,280.0,184.0,True,SOFT,2.0,True,McLaren,0 days 00:21:26.452000,2020-10-31 13:06:27.593,1,,False,,False,True
0 days 00:24:19.792000,SAI,55,0 days 00:01:15.837000,3.0,1.0,,,0 days 00:00:24.165000,0 days 00:00:26.165000,0 days 00:00:25.507000,0 days 00:23:28.120000,0 days 00:23:54.285000,0 days 00:24:19.792000,224.0,262.0,281.0,294.0,True,SOFT,3.0,True,McLaren,0 days 00:23:03.955000,2020-10-31 13:08:05.096,1,,False,,False,True
0 days 00:25:56.313000,SAI,55,0 days 00:01:36.521000,4.0,1.0,,0 days 00:25:51.910000,0 days 00:00:28.986000,0 days 00:00:32.140000,0 days 00:00:35.395000,0 days 00:24:48.778000,0 days 00:25:20.918000,0 days 00:25:56.313000,191.0,228.0,,233.0,False,SOFT,4.0,True,McLaren,0 days 00:24:19.792000,2020-10-31 13:09:20.933,1,,False,,False,False
0 days 00:31:53.565000,SAI,55,,5.0,2.0,0 days 00:30:21.895000,,,0 days 00:00:30.419000,0 days 00:00:33.830000,,0 days 00:31:19.735000,0 days 00:31:53.804000,195.0,239.0,279.0,260.0,False,SOFT,1.0,True,McLaren,0 days 00:25:56.313000,2020-10-31 13:10:57.454,1,,False,,False,False
0 days 00:33:09.093000,SAI,55,0 days 00:01:15.528000,6.0,2.0,,,0 days 00:00:24.110000,0 days 00:00:26.041000,0 days 00:00:25.377000,0 days 00:32:17.675000,0 days 00:32:43.716000,0 days 00:33:09.093000,229.0,262.0,281.0,293.0,True,SOFT,2.0,True,McLaren,0 days 00:31:53.565000,2020-10-31 13:16:54.706,1,,False,,False,True
0 days 00:34:49.246000,SAI,55,0 days 00:01:40.153000,7.0,2.0,,0 days 00:34:44.826000,0 days 00:00:30.295000,0 days 00:00:33.087000,0 days 00:00:36.771000,0 days 00:33:39.388000,0 days 00:34:12.475000,0 days 00:34:49.246000,168.0,209.0,,214.0,False,SOFT,3.0,True,McLaren,0 days 00:33:09.093000,2020-10-31 13:18:10.234,1,,False,,False,False
0 days 00:44:31.681000,SAI,55,,8.0,3.0,0 days 00:42:58.562000,,,0 days 00:00:31.566000,0 days 00:00:33.652000,,0 days 00:43:58.054000,0 days 00:44:31.717000,195.0,239.0,279.0,269.0,False,SOFT,1.0,True,McLaren,0 days 00:34:49.246000,2020-10-31 13:19:50.387,1,,False,,False,False
0 days 00:45:47.013000,SAI,55,0 days 00:01:15.332000,9.0,3.0,,,0 days 00:00:24.017000,0 days 00:00:25.908000,0 days 00:00:25.407000,0 days 00:44:55.698000,0 days 00:45:21.606000,0 days 00:45:47.013000,231.0,263.0,279.0,294.0,True,SOFT,2.0,True,McLaren,0 days 00:44:31.681000,2020-10-31 13:29:32.822,1,,False,,False,True
0 days 00:47:27.154000,SAI,55,0 days 00:01:40.141000,10.0,3.0,,0 days 00:47:22.668000,0 days 00:00:30.886000,0 days 00:00:33.492000,0 days 00:00:35.763000,0 days 00:46:17.899000,0 days 00:46:51.391000,0 days 00:47:27.154000,193.0,224.0,,221.0,False,SOFT,3.0,True,McLaren,0 days 00:45:47.013000,2020-10-31 13:30:48.154,12,,False,,False,False
0 days 00:53:24.092000,SAI,55,,11.0,4.0,0 days 00:51:54.643000,,,0 days 00:00:32.734000,0 days 00:00:29.780000,,0 days 00:52:54.367000,0 days 00:53:24.196000,191.0,234.0,281.0,272.0,False,SOFT,1.0,True,McLaren,0 days 00:47:27.154000,2020-10-31 13:32:28.295,1,,False,,False,False
0 days 00:54:39.119000,SAI,55,0 days 00:01:15.027000,12.0,4.0,,,0 days 00:00:23.911000,0 days 00:00:25.914000,0 days 00:00:25.202000,0 days 00:53:48.003000,0 days 00:54:13.917000,0 days 00:54:39.119000,232.0,262.0,282.0,294.0,True,SOFT,2.0,True,McLaren,0 days 00:53:24.092000,2020-10-31 13:38:25.233,1,,False,,False,True
0 days 00:56:21.825000,SAI,55,0 days 00:01:42.706000,13.0,4.0,,0 days 00:56:17.353000,0 days 00:00:31.572000,0 days 00:00:33.483000,0 days 00:00:37.651000,0 days 00:55:10.691000,0 days 00:55:44.174000,0 days 00:56:21.825000,182.0,204.0,,210.0,False,SOFT,3.0,True,McLaren,0 days 00:54:39.119000,2020-10-31 13:39:40.260,1,,False,,False,False
0 days 01:04:32.134000,SAI,55,,14.0,5.0,0 days 01:03:02.528000,,,0 days 00:00:30.629000,0 days 00:00:29.624000,,0 days 01:04:02.838000,0 days 01:04:32.234000,200.0,240.0,280.0,266.0,False,SOFT,4.0,False,McLaren,0 days 00:56:21.825000,2020-10-31 13:41:22.966,1,,False,,False,False
0 days 01:05:47.829000,SAI,55,0 days 00:01:15.695000,15.0,5.0,,,0 days 00:00:24.247000,0 days 00:00:25.987000,0 days 00:00:25.461000,0 days 01:04:56.381000,0 days 01:05:22.368000,0 days 01:05:47.829000,231.0,262.0,280.0,291.0,True,SOFT,5.0,False,McLaren,0 days 01:04:32.134000,2020-10-31 13:49:33.275,1,,False,,False,True
0 days 01:07:26.914000,SAI,55,0 days 00:01:39.085000,16.0,5.0,,0 days 01:07:22.394000,0 days 00:00:30.442000,0 days 00:00:33.597000,0 days 00:00:35.046000,0 days 01:06:18.271000,0 days 01:06:51.868000,0 days 01:07:26.914000,176.0,231.0,,240.0,False,SOFT,6.0,False,McLaren,0 days 01:05:47.829000,2020-10-31 13:50:48.970,1,,False,,False,False
0 days 01:13:11.660000,SAI,55,,17.0,6.0,0 days 01:11:39.997000,,,0 days 00:00:34.049000,0 days 00:00:30.266000,,0 days 01:12:41.394000,0 days 01:13:11.739000,190.0,235.0,282.0,271.0,False,SOFT,1.0,True,McLaren,0 days 01:07:26.914000,2020-10-31 13:52:28.055,1,,False,,False,False
0 days 01:14:26.571000,SAI,55,0 days 00:01:14.911000,18.0,6.0,,,0 days 00:00:23.867000,0 days 00:00:25.766000,0 days 00:00:25.278000,0 days 01:13:35.527000,0 days 01:14:01.293000,0 days 01:14:26.571000,233.0,263.0,279.0,294.0,True,SOFT,2.0,True,McLaren,0 days 01:13:11.660000,2020-10-31 13:58:12.801,1,,False,,False,True
0 days 01:16:04.893000,SAI,55,,19.0,6.0,,0 days 01:16:04.893000,0 days 00:00:31.456000,0 days 00:00:36.037000,,0 days 01:14:58.060000,0 days 01:15:34.118000,,164.0,206.0,,220.0,False,SOFT,3.0,True,McLaren,0 days 01:14:26.571000,2020-10-31 13:59:27.712,1,,False,,False,False
0 days 00:18:13.937000,PER,11,,1.0,1.0,0 days 00:16:32.239000,,,0 days 00:00:30.295000,0 days 00:00:41.249000,,0 days 00:17:32.782000,0 days 00:18:14.239000,190.0,223.0,280.0,128.0,False,SOFT,1.0,True,Racing Point,0 days 00:16:32.239000,2020-10-31 13:01:33.380,1,,False,,False,False
0 days 00:19:30.164000,PER,11,0 days 00:01:16.227000,2.0,1.0,,,0 days 00:00:24.507000,0 days 00:00:26.201000,0 days 00:00:25.519000,0 days 00:18:38.444000,0 days 00:19:04.645000,0 days 00:19:30.164000,229.0,261.0,280.0,292.0,True,SOFT,2.0,True,Racing Point,0 days 00:18:13.937000,2020-10-31 13:03:15.078,1,,False,,False,True
0 days 00:21:22.264000,PER,11,0 days 00:01:52.100000,3.0,1.0,,,0 days 00:00:33.093000,0 days 00:00:42.448000,0 days 00:00:36.559000,0 days 00:20:03.257000,0 days 00:20:45.705000,0 days 00:21:22.264000,149.0,146.0,279.0,154.0,False,SOFT,3.0,True,Racing Point,0 days 00:19:30.164000,2020-10-31 13:04:31.305,1,,False,,False,True
0 days 00:22:38.071000,PER,11,0 days 00:01:15.807000,4.0,1.0,,,0 days 00:00:24.321000,0 days 00:00:26.162000,0 days 00:00:25.324000,0 days 00:21:46.585000,0 days 00:22:12.747000,0 days 00:22:38.071000,226.0,262.0,280.0,291.0,True,SOFT,4.0,True,Racing Point,0 days 00:21:22.264000,2020-10-31 13:06:23.405,1,,False,,False,True
0 days 00:24:13.879000,PER,11,0 days 00:01:35.808000,5.0,1.0,,0 days 00:24:09.435000,0 days 00:00:28.224000,0 days 00:00:30.431000,0 days 00:00:37.153000,0 days 00:23:06.295000,0 days 00:23:36.726000,0 days 00:24:13.879000,207.0,237.0,,240.0,False,SOFT,5.0,True,Racing Point,0 days 00:22:38.071000,2020-10-31 13:07:39.212,1,,False,,False,False
0 days 00:29:33.839000,PER,11,,6.0,2.0,0 days 00:28:06.788000,,,0 days 00:00:31.500000,0 days 00:00:29.560000,,0 days 00:29:04.399000,0 days 00:29:34.107000,204.0,244.0,277.0,215.0,False,SOFT,1.0,True,Racing Point,0 days 00:24:13.879000,2020-10-31 13:09:15.020,1,,False,,False,False
0 days 00:30:49.246000,PER,11,0 days 00:01:15.407000,7.0,2.0,,,0 days 00:00:24.213000,0 days 00:00:25.850000,0 days 00:00:25.344000,0 days 00:29:58.052000,0 days 00:30:23.902000,0 days 00:30:49.246000,234.0,260.0,277.0,291.0,True,SOFT,2.0,True,Racing Point,0 days 00:29:33.839000,2020-10-31 13:14:34.980,1,,False,,False,True
0 days 00:32:32.367000,PER,11,0 days 00:01:43.121000,8.0,2.0,,,0 days 00:00:29.177000,0 days 00:00:36.743000,0 days 00:00:37.201000,0 days 00:31:18.423000,0 days 00:31:55.166000,0 days 00:32:32.367000,194.0,161.0,278.0,195.0,False,SOFT,3.0,True,Racing Point,0 days 00:30:49.246000,2020-10-31 13:15:50.387,1,,False,,False,True
0 days 00:34:00.120000,PER,11,0 days 00:01:27.753000,9.0,2.0,,,0 days 00:00:24.192000,0 days 00:00:28.903000,0 days 00:00:34.658000,0 days 00:32:56.559000,0 days 00:33:25.462000,0 days 00:34:00.120000,232.0,233.0,255.0,230.0,False,SOFT,4.0,True,Racing Point,0 days 00:32:32.367000,2020-10-31 13:17:33.508,1,,False,,False,True
0 days 00:35:31.176000,PER,11,0 days 00:01:31.056000,10.0,2.0,,0 days 00:35:26.722000,0 days 00:00:26.834000,0 days 00:00:29.680000,0 days 00:00:34.542000,0 days 00:34:26.954000,0 days 00:34:56.634000,0 days 00:35:31.176000,211.0,244.0,,254.0,False,SOFT,5.0,True,Racing Point,0 days 00:34:00.120000,2020-10-31 13:19:01.261,1,,False,,False,False
0 days 00:45:07.537000,PER,11,,11.0,3.0,0 days 00:43:36.887000,,,0 days 00:00:32.291000,0 days 00:00:30.504000,,0 days 00:44:37.104000,0 days 00:45:07.559000,195.0,241.0,278.0,277.0,False,SOFT,1.0,True,Racing Point,0 days 00:35:31.176000,2020-10-31 13:20:32.317,1,,False,,False,False
0 days 00:46:22.680000,PER,11,0 days 00:01:15.143000,12.0,3.0,,,0 days 00:00:24.004000,0 days 00:00:25.844000,0 days 00:00:25.295000,0 days 00:45:31.541000,0 days 00:45:57.385000,0 days 00:46:22.680000,233.0,261.0,279.0,293.0,True,SOFT,2.0,True,Racing Point,0 days 00:45:07.537000,2020-10-31 13:30:08.678,12,,False,,False,True
0 days 00:47:59.762000,PER,11,0 days 00:01:37.082000,13.0,3.0,,0 days 00:47:55.212000,0 days 00:00:30.034000,0 days 00:00:31.377000,0 days 00:00:35.671000,0 days 00:46:52.714000,0 days 00:47:24.091000,0 days 00:47:59.762000,198.0,237.0,,228.0,False,SOFT,3.0,True,Racing Point,0 days 00:46:22.680000,2020-10-31 13:31:23.821,21,,False,,False,False
0 days 00:53:51.376000,PER,11,,14.0,4.0,0 days 00:52:13.761000,,,0 days 00:00:31.519000,0 days 00:00:38.426000,,0 days 00:53:12.977000,0 days 00:53:51.415000,209.0,242.0,280.0,114.0,False,SOFT,1.0,True,Racing Point,0 days 00:47:59.762000,2020-10-31 13:33:00.903,1,,False,,False,False
0 days 00:55:06.437000,PER,11,0 days 00:01:15.061000,15.0,4.0,,,0 days 00:00:24.030000,0 days 00:00:25.825000,0 days 00:00:25.206000,0 days 00:54:15.406000,0 days 00:54:41.231000,0 days 00:55:06.437000,233.0,262.0,280.0,291.0,True,SOFT,2.0,True,Racing Point,0 days 00:53:51.376000,2020-10-31 13:38:52.517,1,,False,,False,True
0 days 00:56:50.415000,PER,11,0 days 00:01:43.978000,16.0,4.0,,0 days 00:56:44.064000,0 days 00:00:29.917000,0 days 00:00:33.828000,0 days 00:00:40.233000,0 days 00:55:36.354000,0 days 00:56:10.182000,0 days 00:56:50.415000,208.0,217.0,,209.0,False,SOFT,3.0,True,Racing Point,0 days 00:55:06.437000,2020-10-31 13:40:07.578,1,,False,,False,False
0 days 00:20:09.139000,OCO,31,,1.0,1.0,0 days 00:18:36.110000,,,0 days 00:00:29.948000,0 days 00:00:36.103000,,0 days 00:19:33.146000,0 days 00:20:09.465000,208.0,251.0,279.0,274.0,False,SOFT,1.0,True,Renault,0 days 00:18:36.110000,2020-10-31 13:03:37.251,1,,False,,False,False
0 days 00:21:25.209000,OCO,31,0 days 00:01:16.070000,2.0,1.0,,,0 days 00:00:24.314000,0 days 00:00:26.148000,0 days 00:00:25.608000,0 days 00:20:33.453000,0 days 00:20:59.601000,0 days 00:21:25.209000,229.0,262.0,287.0,297.0,True,SOFT,2.0,True,Renault,0 days 00:20:09.139000,2020-10-31 13:05:10.280,1,,False,,False,True
0 days 00:23:12.247000,OCO,31,0 days 00:01:47.038000,3.0,1.0,,,0 days 00:00:35.675000,0 days 00:00:33.889000,0 days 00:00:37.474000,0 days 00:22:00.884000,0 days 00:22:34.773000,0 days 00:23:12.247000,188.0,233.0,280.0,229.0,False,SOFT,3.0,True,Renault,0 days 00:21:25.209000,2020-10-31 13:06:26.350,1,,False,,False,True
0 days 00:24:28.159000,OCO,31,0 days 00:01:15.912000,4.0,1.0,,,0 days 00:00:24.239000,0 days 00:00:26.186000,0 days 00:00:25.487000,0 days 00:23:36.486000,0 days 00:24:02.672000,0 days 00:24:28.159000,229.0,262.0,282.0,297.0,True,SOFT,4.0,True,Renault,0 days 00:23:12.247000,2020-10-31 13:08:13.388,1,,False,,False,True
0 days 00:26:04.715000,OCO,31,0 days 00:01:36.556000,5.0,1.0,,0 days 00:26:00.291000,0 days 00:00:28.166000,0 days 00:00:32.030000,0 days 00:00:36.360000,0 days 00:24:56.325000,0 days 00:25:28.355000,0 days 00:26:04.715000,201.0,227.0,,221.0,False,SOFT,5.0,True,Renault,0 days 00:24:28.159000,2020-10-31 13:09:29.300,1,,False,,False,False
0 days 00:32:11.040000,OCO,31,,6.0,2.0,0 days 00:30:40.230000,,,0 days 00:00:30.296000,0 days 00:00:34.868000,,0 days 00:31:36.270000,0 days 00:32:11.319000,212.0,238.0,281.0,167.0,False,SOFT,1.0,True,Renault,0 days 00:26:04.715000,2020-10-31 13:11:05.856,1,,False,,False,False
0 days 00:33:26.392000,OCO,31,0 days 00:01:15.352000,7.0,2.0,,,0 days 00:00:24.084000,0 days 00:00:25.957000,0 days 00:00:25.311000,0 days 00:32:35.124000,0 days 00:33:01.081000,0 days 00:33:26.392000,231.0,262.0,284.0,297.0,True,SOFT,2.0,True,Renault,0 days 00:32:11.040000,2020-10-31 13:17:12.181,1,,False,,False,True
0 days 00:35:06.354000,OCO,31,0 days 00:01:39.962000,8.0,2.0,,0 days 00:35:01.930000,0 days 00:00:28.799000,0 days 00:00:32.828000,0 days 00:00:38.335000,0 days 00:33:55.191000,0 days 00:34:28.019000,0 days 00:35:06.354000,202.0,196.0,,192.0,False,SOFT,3.0,True,Renault,0 days 00:33:26.392000,2020-10-31 13:18:27.533,1,,False,,False,False
0 days 00:42:45.183000,OCO,31,,9.0,3.0,0 days 00:41:19.135000,,,0 days 00:00:31.370000,0 days 00:00:29.321000,,0 days 00:42:16,0 days 00:42:45.250000,209.0,104.0,283.0,279.0,False,SOFT,1.0,True,Renault,0 days 00:35:06.354000,2020-10-31 13:20:07.495,1,,False,,False,False
0 days 00:44:00.384000,OCO,31,0 days 00:01:15.201000,10.0,3.0,,,0 days 00:00:24.028000,0 days 00:00:25.939000,0 days 00:00:25.234000,0 days 00:43:09.211000,0 days 00:43:35.150000,0 days 00:44:00.384000,232.0,263.0,282.0,295.0,True,SOFT,2.0,True,Renault,0 days 00:42:45.183000,2020-10-31 13:27:46.324,1,,False,,False,True
0 days 00:45:36.478000,OCO,31,0 days 00:01:36.094000,11.0,3.0,,0 days 00:45:31.993000,0 days 00:00:31.784000,0 days 00:00:29.782000,0 days 00:00:34.528000,0 days 00:44:32.168000,0 days 00:45:01.950000,0 days 00:45:36.478000,208.0,239.0,,244.0,False,SOFT,3.0,True,Renault,0 days 00:44:00.384000,2020-10-31 13:29:01.525,1,,False,,False,False
0 days 00:50:00.238000,OCO,31,,12.0,4.0,0 days 00:48:36.406000,,,0 days 00:00:29.939000,0 days 00:00:28.728000,,0 days 00:49:31.537000,0 days 00:50:00.291000,212.0,251.0,281.0,272.0,False,SOFT,1.0,True,Renault,0 days 00:45:36.478000,2020-10-31 13:30:37.619,12,,False,,False,False
0 days 00:51:15.457000,OCO,31,0 days 00:01:15.219000,13.0,4.0,,,0 days 00:00:24.103000,0 days 00:00:25.934000,0 days 00:00:25.182000,0 days 00:50:24.341000,0 days 00:50:50.275000,0 days 00:51:15.457000,232.0,264.0,285.0,297.0,False,SOFT,2.0,True,Renault,0 days 00:50:00.238000,2020-10-31 13:35:01.379,1,,False,,False,True
0 days 00:52:55.142000,OCO,31,0 days 00:01:39.685000,14.0,4.0,,0 days 00:52:50.644000,0 days 00:00:29.175000,0 days 00:00:32.568000,0 days 00:00:37.942000,0 days 00:51:44.632000,0 days 00:52:17.200000,0 days 00:52:55.142000,199.0,202.0,,206.0,False,SOFT,3.0,True,Renault,0 days 00:51:15.457000,2020-10-31 13:36:16.598,1,,False,,False,False
0 days 00:17:27.452000,RUS,63,,1.0,1.0,0 days 00:15:58.880000,,,0 days 00:00:31.895000,0 days 00:00:30.970000,,0 days 00:16:56.491000,0 days 00:17:27.773000,207.0,243.0,278.0,273.0,False,SOFT,1.0,True,Williams,0 days 00:15:58.880000,2020-10-31 13:01:00.021,1,,False,,False,False
0 days 00:18:44.167000,RUS,63,0 days 00:01:16.715000,2.0,1.0,,,0 days 00:00:24.335000,0 days 00:00:26.467000,0 days 00:00:25.913000,0 days 00:17:51.787000,0 days 00:18:18.254000,0 days 00:18:44.167000,232.0,260.0,278.0,290.0,True,SOFT,2.0,True,Williams,0 days 00:17:27.452000,2020-10-31 13:02:28.593,1,,False,,False,True
0 days 00:20:34.350000,RUS,63,0 days 00:01:50.183000,3.0,1.0,,,0 days 00:00:31.335000,0 days 00:00:40.623000,0 days 00:00:38.225000,0 days 00:19:15.502000,0 days 00:19:56.125000,0 days 00:20:34.350000,167.0,164.0,281.0,130.0,False,SOFT,3.0,True,Williams,0 days 00:18:44.167000,2020-10-31 13:03:45.308,1,,False,,False,True
0 days 00:21:50.563000,RUS,63,0 days 00:01:16.213000,4.0,1.0,,,0 days 00:00:24.099000,0 days 00:00:26.176000,0 days 00:00:25.938000,0 days 00:20:58.449000,0 days 00:21:24.625000,0 days 00:21:50.563000,233.0,262.0,281.0,294.0,True,SOFT,4.0,True,Williams,0 days 00:20:34.350000,2020-10-31 13:05:35.491,1,,False,,False,True
0 days 00:23:24.887000,RUS,63,0 days 00:01:34.324000,5.0,1.0,,0 days 00:23:20.499000,0 days 00:00:29.132000,0 days 00:00:29.846000,0 days 00:00:35.346000,0 days 00:22:19.695000,0 days 00:22:49.541000,0 days 00:23:24.887000,208.0,242.0,,277.0,False,SOFT,5.0,True,Williams,0 days 00:21:50.563000,2020-10-31 13:06:51.704,1,,False,,False,False
0 days 00:28:36.468000,RUS,63,,6.0,2.0,0 days 00:27:05.910000,,,0 days 00:00:31.022000,0 days 00:00:33.965000,,0 days 00:28:02.604000,0 days 00:28:36.712000,211.0,243.0,280.0,163.0,False,SOFT,1.0,True,Williams,0 days 00:23:24.887000,2020-10-31 13:08:26.028,1,,False,,False,False
0 days 00:29:52.430000,RUS,63,0 days 00:01:15.962000,7.0,2.0,,,0 days 00:00:23.968000,0 days 00:00:26.254000,0 days 00:00:25.740000,0 days 00:29:00.436000,0 days 00:29:26.690000,0 days 00:29:52.430000,233.0,261.0,279.0,295.0,True,SOFT,2.0,True,Williams,0 days 00:28:36.468000,2020-10-31 13:13:37.609,1,,False,,False,True
0 days 00:31:43.126000,RUS,63,0 days 00:01:50.696000,8.0,2.0,,,0 days 00:00:32.555000,0 days 00:00:42.219000,0 days 00:00:35.922000,0 days 00:30:24.985000,0 days 00:31:07.204000,0 days 00:31:43.126000,175.0,219.0,280.0,256.0,False,SOFT,3.0,True,Williams,0 days 00:29:52.430000,2020-10-31 13:14:53.571,1,,False,,False,True
0 days 00:32:58.886000,RUS,63,0 days 00:01:15.760000,9.0,2.0,,,0 days 00:00:23.902000,0 days 00:00:26.240000,0 days 00:00:25.618000,0 days 00:32:07.028000,0 days 00:32:33.268000,0 days 00:32:58.886000,233.0,261.0,281.0,294.0,True,SOFT,4.0,True,Williams,0 days 00:31:43.126000,2020-10-31 13:16:44.267,1,,False,,False,True
0 days 00:34:43.571000,RUS,63,0 days 00:01:44.685000,10.0,2.0,,0 days 00:34:39.189000,0 days 00:00:35.886000,0 days 00:00:31.978000,0 days 00:00:36.821000,0 days 00:33:34.772000,0 days 00:34:06.750000,0 days 00:34:43.571000,204.0,195.0,,196.0,False,SOFT,5.0,True,Williams,0 days 00:32:58.886000,2020-10-31 13:18:00.027,1,,False,,False,False
0 days 00:41:57.485000,RUS,63,,11.0,3.0,0 days 00:40:25.841000,,,0 days 00:00:30.029000,0 days 00:00:36.317000,,0 days 00:41:21.238000,0 days 00:41:57.518000,212.0,247.0,280.0,173.0,False,SOFT,1.0,True,Williams,0 days 00:34:43.571000,2020-10-31 13:19:44.712,1,,False,,False,False
0 days 00:43:13.037000,RUS,63,0 days 00:01:15.552000,12.0,3.0,,,0 days 00:00:23.842000,0 days 00:00:26.186000,0 days 00:00:25.524000,0 days 00:42:21.327000,0 days 00:42:47.513000,0 days 00:43:13.037000,231.0,262.0,281.0,295.0,True,SOFT,2.0,True,Williams,0 days 00:41:57.485000,2020-10-31 13:26:58.626,1,,False,,False,True
0 days 00:44:58.924000,RUS,63,0 days 00:01:45.887000,13.0,3.0,,,0 days 00:00:33.944000,0 days 00:00:39.759000,0 days 00:00:32.184000,0 days 00:43:46.981000,0 days 00:44:26.740000,0 days 00:44:58.924000,170.0,226.0,279.0,279.0,False,SOFT,3.0,True,Williams,0 days 00:43:13.037000,2020-10-31 13:28:14.178,1,,False,,False,True
0 days 00:46:14.696000,RUS,63,0 days 00:01:15.772000,14.0,3.0,,,0 days 00:00:23.920000,0 days 00:00:26.157000,0 days 00:00:25.695000,0 days 00:45:22.844000,0 days 00:45:49.001000,0 days 00:46:14.696000,231.0,263.0,281.0,295.0,False,SOFT,4.0,True,Williams,0 days 00:44:58.924000,2020-10-31 13:30:00.065,1,,False,,False,True
0 days 00:47:51.545000,RUS,63,0 days 00:01:36.849000,15.0,3.0,,0 days 00:47:47.039000,0 days 00:00:29.521000,0 days 00:00:31.158000,0 days 00:00:36.170000,0 days 00:46:44.217000,0 days 00:47:15.375000,0 days 00:47:51.545000,207.0,241.0,,273.0,False,SOFT,5.0,True,Williams,0 days 00:46:14.696000,2020-10-31 13:31:15.837,12,,False,,False,False
0 days 00:53:32.134000,RUS,63,,16.0,4.0,0 days 00:52:00.001000,,,0 days 00:00:33.013000,0 days 00:00:33.163000,,0 days 00:52:59.060000,0 days 00:53:32.197000,222.0,246.0,281.0,277.0,False,SOFT,1.0,True,Williams,0 days 00:47:51.545000,2020-10-31 13:32:52.686,1,,False,,False,False
0 days 00:54:47.457000,RUS,63,0 days 00:01:15.323000,17.0,4.0,,,0 days 00:00:23.812000,0 days 00:00:25.975000,0 days 00:00:25.536000,0 days 00:53:55.946000,0 days 00:54:21.921000,0 days 00:54:47.457000,235.0,261.0,282.0,293.0,True,SOFT,2.0,True,Williams,0 days 00:53:32.134000,2020-10-31 13:38:33.275,1,,False,,False,True
0 days 00:56:34.877000,RUS,63,0 days 00:01:47.420000,18.0,4.0,,0 days 00:56:30.047000,0 days 00:00:35.167000,0 days 00:00:31.909000,0 days 00:00:40.344000,0 days 00:55:22.624000,0 days 00:55:54.533000,0 days 00:56:34.877000,203.0,174.0,,149.0,False,SOFT,3.0,True,Williams,0 days 00:54:47.457000,2020-10-31 13:39:48.598,1,,False,,False,False
0 days 00:17:50.686000,VET,5,,1.0,1.0,0 days 00:16:15.867000,,,0 days 00:00:31.308000,0 days 00:00:35.825000,,0 days 00:17:14.957000,0 days 00:17:51.018000,197.0,238.0,280.0,214.0,False,SOFT,1.0,True,Ferrari,0 days 00:16:15.867000,2020-10-31 13:01:17.008,1,,False,,False,False
0 days 00:19:07.161000,VET,5,0 days 00:01:16.475000,2.0,1.0,,,0 days 00:00:24.518000,0 days 00:00:26.373000,0 days 00:00:25.584000,0 days 00:18:15.204000,0 days 00:18:41.577000,0 days 00:19:07.161000,230.0,261.0,282.0,295.0,True,SOFT,2.0,True,Ferrari,0 days 00:17:50.686000,2020-10-31 13:02:51.827,1,,False,,False,True
0 days 00:20:56.626000,VET,5,0 days 00:01:49.465000,3.0,1.0,,,0 days 00:00:34.174000,0 days 00:00:41.835000,0 days 00:00:33.456000,0 days 00:19:41.335000,0 days 00:20:23.170000,0 days 00:20:56.626000,158.0,206.0,279.0,194.0,False,SOFT,3.0,True,Ferrari,0 days 00:19:07.161000,2020-10-31 13:04:08.302,1,,False,,False,True
0 days 00:22:12.682000,VET,5,0 days 00:01:16.056000,4.0,1.0,,,0 days 00:00:24.286000,0 days 00:00:26.214000,0 days 00:00:25.556000,0 days 00:21:20.912000,0 days 00:21:47.126000,0 days 00:22:12.682000,227.0,258.0,281.0,294.0,True,SOFT,4.0,True,Ferrari,0 days 00:20:56.626000,2020-10-31 13:05:57.767,1,,False,,False,True
0 days 00:23:46.518000,VET,5,0 days 00:01:33.836000,5.0,1.0,,0 days 00:23:42.160000,0 days 00:00:29.395000,0 days 00:00:30.677000,0 days 00:00:33.764000,0 days 00:22:42.077000,0 days 00:23:12.754000,0 days 00:23:46.518000,200.0,237.0,,255.0,False,SOFT,5.0,True,Ferrari,0 days 00:22:12.682000,2020-10-31 13:07:13.823,1,,False,,False,False
0 days 00:29:05.044000,VET,5,,6.0,2.0,0 days 00:27:34.093000,,,0 days 00:00:32.957000,0 days 00:00:29.866000,,0 days 00:28:35.312000,0 days 00:29:05.356000,195.0,232.0,277.0,245.0,False,SOFT,1.0,True,Ferrari,0 days 00:23:46.518000,2020-10-31 13:08:47.659,1,,False,,False,False
0 days 00:30:20.747000,VET,5,0 days 00:01:15.703000,7.0,2.0,,,0 days 00:00:24.308000,0 days 00:00:26.020000,0 days 00:00:25.375000,0 days 00:29:29.352000,0 days 00:29:55.372000,0 days 00:30:20.747000,234.0,261.0,277.0,293.0,True,SOFT,2.0,True,Ferrari,0 days 00:29:05.044000,2020-10-31 13:14:06.185,1,,False,,False,True
0 days 00:32:05.989000,VET,5,0 days 00:01:45.242000,8.0,2.0,,,0 days 00:00:34.103000,0 days 00:00:38.103000,0 days 00:00:33.036000,0 days 00:30:54.850000,0 days 00:31:32.953000,0 days 00:32:05.989000,168.0,222.0,278.0,125.0,False,SOFT,3.0,True,Ferrari,0 days 00:30:20.747000,2020-10-31 13:15:21.888,1,,False,,False,True
0 days 00:33:21.560000,VET,5,0 days 00:01:15.571000,9.0,2.0,,,0 days 00:00:24.203000,0 days 00:00:26.022000,0 days 00:00:25.346000,0 days 00:32:30.192000,0 days 00:32:56.214000,0 days 00:33:21.560000,231.0,260.0,281.0,293.0,True,SOFT,4.0,True,Ferrari,0 days 00:32:05.989000,2020-10-31 13:17:07.130,1,,False,,False,True
0 days 00:35:03.486000,VET,5,0 days 00:01:41.926000,10.0,2.0,,0 days 00:34:59.122000,0 days 00:00:32.189000,0 days 00:00:32.286000,0 days 00:00:37.451000,0 days 00:33:53.749000,0 days 00:34:26.035000,0 days 00:35:03.486000,184.0,220.0,,192.0,False,SOFT,5.0,True,Ferrari,0 days 00:33:21.560000,2020-10-31 13:18:22.701,1,,False,,False,False
0 days 00:41:25.194000,VET,5,,11.0,3.0,0 days 00:40:02.216000,,,0 days 00:00:28.942000,0 days 00:00:28.379000,,0 days 00:40:56.879000,0 days 00:41:25.299000,207.0,240.0,277.0,269.0,False,MEDIUM,1.0,True,Ferrari,0 days 00:35:03.486000,2020-10-31 13:20:04.627,1,,False,,False,False
0 days 00:42:41.496000,VET,5,0 days 00:01:16.302000,12.0,3.0,,,0 days 00:00:24.458000,0 days 00:00:26.329000,0 days 00:00:25.515000,0 days 00:41:49.652000,0 days 00:42:15.981000,0 days 00:42:41.496000,231.0,260.0,280.0,291.0,True,MEDIUM,2.0,True,Ferrari,0 days 00:41:25.194000,2020-10-31 13:26:26.335,1,,False,,False,True
0 days 00:44:16.298000,VET,5,0 days 00:01:34.802000,13.0,3.0,,,0 days 00:00:33.082000,0 days 00:00:32.817000,0 days 00:00:28.903000,0 days 00:43:14.578000,0 days 00:43:47.395000,0 days 00:44:16.298000,196.0,235.0,279.0,265.0,False,MEDIUM,3.0,True,Ferrari,0 days 00:42:41.496000,2020-10-31 13:27:42.637,1,,False,,False,True
0 days 00:45:32.115000,VET,5,0 days 00:01:15.817000,14.0,3.0,,,0 days 00:00:24.241000,0 days 00:00:26.100000,0 days 00:00:25.476000,0 days 00:44:40.539000,0 days 00:45:06.639000,0 days 00:45:32.115000,232.0,261.0,278.0,296.0,True,MEDIUM,4.0,True,Ferrari,0 days 00:44:16.298000,2020-10-31 13:29:17.439,1,,False,,False,True
0 days 00:47:08.120000,VET,5,0 days 00:01:36.005000,15.0,3.0,,0 days 00:47:03.634000,0 days 00:00:29.465000,0 days 00:00:31.216000,0 days 00:00:35.324000,0 days 00:46:01.580000,0 days 00:46:32.796000,0 days 00:47:08.120000,196.0,234.0,,227.0,False,MEDIUM,5.0,True,Ferrari,0 days 00:45:32.115000,2020-10-31 13:30:33.256,12,,False,,False,False
0 days 00:51:12.087000,VET,5,,16.0,4.0,0 days 00:49:42.099000,,,0 days 00:00:32.707000,0 days 00:00:28.648000,,0 days 00:50:43.439000,0 days 00:51:12.148000,196.0,232.0,280.0,260.0,False,SOFT,1.0,True,Ferrari,0 days 00:47:08.120000,2020-10-31 13:32:09.261,1,,False,,False,False
0 days 00:52:27.472000,VET,5,0 days 00:01:15.385000,17.0,4.0,,,0 days 00:00:24.142000,0 days 00:00:26.045000,0 days 00:00:25.198000,0 days 00:51:36.229000,0 days 00:52:02.274000,0 days 00:52:27.472000,234.0,260.0,278.0,293.0,True,SOFT,2.0,True,Ferrari,0 days 00:51:12.087000,2020-10-31 13:36:13.228,1,,False,,False,True
0 days 00:54:13.515000,VET,5,0 days 00:01:46.043000,18.0,4.0,,,0 days 00:00:32.911000,0 days 00:00:36.244000,0 days 00:00:36.888000,0 days 00:53:00.383000,0 days 00:53:36.627000,0 days 00:54:13.515000,171.0,156.0,280.0,216.0,False,SOFT,3.0,True,Ferrari,0 days 00:52:27.472000,2020-10-31 13:37:28.613,1,,False,,False,True
0 days 00:55:28.789000,VET,5,0 days 00:01:15.274000,19.0,4.0,,,0 days 00:00:24.056000,0 days 00:00:25.922000,0 days 00:00:25.296000,0 days 00:54:37.571000,0 days 00:55:03.493000,0 days 00:55:28.789000,232.0,261.0,280.0,293.0,False,SOFT,4.0,True,Ferrari,0 days 00:54:13.515000,2020-10-31 13:39:14.656,1,,True,TRACK LIMITS AT TURN 15,False,True
0 days 00:57:15.958000,VET,5,0 days 00:01:47.169000,20.0,4.0,,0 days 00:57:11.467000,0 days 00:00:34.215000,0 days 00:00:34.727000,0 days 00:00:38.227000,0 days 00:56:03.004000,0 days 00:56:37.731000,0 days 00:57:15.958000,170.0,215.0,,181.0,False,SOFT,5.0,True,Ferrari,0 days 00:55:28.789000,2020-10-31 13:40:29.930,1,,False,,False,False
0 days 00:17:33.708000,STR,18,,1.0,1.0,0 days 00:16:01.296000,,,0 days 00:00:30.265000,0 days 00:00:34.480000,,0 days 00:16:59.379000,0 days 00:17:33.971000,200.0,239.0,277.0,259.0,False,SOFT,1.0,True,Racing Point,0 days 00:16:01.296000,2020-10-31 13:01:02.437,1,,False,,False,False
0 days 00:18:49.964000,STR,18,0 days 00:01:16.256000,2.0,1.0,,,0 days 00:00:24.367000,0 days 00:00:26.306000,0 days 00:00:25.583000,0 days 00:17:58.075000,0 days 00:18:24.381000,0 days 00:18:49.964000,230.0,262.0,281.0,292.0,True,SOFT,2.0,True,Racing Point,0 days 00:17:33.708000,2020-10-31 13:02:34.849,1,,False,,False,True
0 days 00:20:41.242000,STR,18,0 days 00:01:51.278000,3.0,1.0,,,0 days 00:00:31.241000,0 days 00:00:40.370000,0 days 00:00:39.667000,0 days 00:19:21.205000,0 days 00:20:01.575000,0 days 00:20:41.242000,160.0,226.0,278.0,195.0,False,SOFT,3.0,True,Racing Point,0 days 00:18:49.964000,2020-10-31 13:03:51.105,1,,False,,False,True
0 days 00:21:57.329000,STR,18,0 days 00:01:16.087000,4.0,1.0,,,0 days 00:00:24.255000,0 days 00:00:26.236000,0 days 00:00:25.596000,0 days 00:21:05.497000,0 days 00:21:31.733000,0 days 00:21:57.329000,232.0,261.0,281.0,291.0,True,SOFT,4.0,True,Racing Point,0 days 00:20:41.242000,2020-10-31 13:05:42.383,1,,False,,False,True
0 days 00:23:30.782000,STR,18,0 days 00:01:33.453000,5.0,1.0,,0 days 00:23:26.384000,0 days 00:00:28.892000,0 days 00:00:30.743000,0 days 00:00:33.818000,0 days 00:22:26.221000,0 days 00:22:56.964000,0 days 00:23:30.782000,196.0,236.0,,239.0,False,SOFT,5.0,True,Racing Point,0 days 00:21:57.329000,2020-10-31 13:06:58.470,1,,False,,False,False
0 days 00:28:20.380000,STR,18,,6.0,2.0,0 days 00:26:53.399000,,,0 days 00:00:30.168000,0 days 00:00:31.458000,,0 days 00:27:48.969000,0 days 00:28:20.613000,206.0,244.0,274.0,274.0,False,SOFT,1.0,True,Racing Point,0 days 00:23:30.782000,2020-10-31 13:08:31.923,1,,False,,False,False
0 days 00:29:36.202000,STR,18,0 days 00:01:15.822000,7.0,2.0,,,0 days 00:00:24.368000,0 days 00:00:26.098000,0 days 00:00:25.356000,0 days 00:28:44.748000,0 days 00:29:10.846000,0 days 00:29:36.202000,230.0,261.0,279.0,292.0,True,SOFT,2.0,True,Racing Point,0 days 00:28:20.380000,2020-10-31 13:13:21.521,1,,False,,False,True
0 days 00:31:21.675000,STR,18,0 days 00:01:45.473000,8.0,2.0,,,0 days 00:00:34.986000,0 days 00:00:38.703000,0 days 00:00:31.784000,0 days 00:30:11.188000,0 days 00:30:49.891000,0 days 00:31:21.675000,150.0,184.0,278.0,265.0,False,SOFT,3.0,True,Racing Point,0 days 00:29:36.202000,2020-10-31 13:14:37.343,1,,False,,False,True
0 days 00:32:37.497000,STR,18,0 days 00:01:15.822000,9.0,2.0,,,0 days 00:00:24.297000,0 days 00:00:26.174000,0 days 00:00:25.351000,0 days 00:31:45.972000,0 days 00:32:12.146000,0 days 00:32:37.497000,230.0,261.0,279.0,293.0,False,SOFT,4.0,True,Racing Point,0 days 00:31:21.675000,2020-10-31 13:16:22.816,1,,False,,False,True
0 days 00:34:14.306000,STR,18,0 days 00:01:36.809000,10.0,2.0,,0 days 00:34:09.872000,0 days 00:00:30.254000,0 days 00:00:30.738000,0 days 00:00:35.817000,0 days 00:33:07.751000,0 days 00:33:38.489000,0 days 00:34:14.306000,205.0,121.0,,272.0,False,SOFT,5.0,True,Racing Point,0 days 00:32:37.497000,2020-10-31 13:17:38.638,1,,False,,False,False
0 days 00:44:41.171000,STR,18,,11.0,3.0,0 days 00:43:08.512000,,,0 days 00:00:30.740000,0 days 00:00:35.016000,,0 days 00:44:06.197000,0 days 00:44:41.211000,181.0,245.0,277.0,176.0,False,SOFT,1.0,True,Racing Point,0 days 00:34:14.306000,2020-10-31 13:19:15.447,1,,False,,False,False
0 days 00:45:56.665000,STR,18,0 days 00:01:15.494000,12.0,3.0,,,0 days 00:00:24.127000,0 days 00:00:26.042000,0 days 00:00:25.325000,0 days 00:45:05.298000,0 days 00:45:31.340000,0 days 00:45:56.665000,230.0,262.0,278.0,292.0,True,SOFT,2.0,True,Racing Point,0 days 00:44:41.171000,2020-10-31 13:29:42.312,1,,False,,False,True
0 days 00:47:28.230000,STR,18,0 days 00:01:31.565000,13.0,3.0,,0 days 00:47:23.684000,0 days 00:00:26.798000,0 days 00:00:29.333000,0 days 00:00:35.434000,0 days 00:46:23.463000,0 days 00:46:52.796000,0 days 00:47:28.230000,213.0,237.0,,234.0,False,SOFT,3.0,True,Racing Point,0 days 00:45:56.665000,2020-10-31 13:30:57.806,12,,False,,False,False
0 days 00:53:40.793000,STR,18,,14.0,4.0,0 days 00:52:04.328000,,,0 days 00:00:30.411000,0 days 00:00:39.054000,,0 days 00:53:01.757000,0 days 00:53:40.826000,203.0,238.0,279.0,92.0,False,SOFT,1.0,True,Racing Point,0 days 00:47:28.230000,2020-10-31 13:32:29.371,1,,False,,False,False
0 days 00:54:56.945000,STR,18,0 days 00:01:16.152000,15.0,4.0,,,0 days 00:00:24.100000,0 days 00:00:26.118000,0 days 00:00:25.934000,0 days 00:54:04.893000,0 days 00:54:31.011000,0 days 00:54:56.945000,232.0,261.0,270.0,291.0,False,SOFT,2.0,True,Racing Point,0 days 00:53:40.793000,2020-10-31 13:38:41.934,1,,True,TRACK LIMITS AT TURN 15,False,True
0 days 00:56:27.212000,STR,18,0 days 00:01:30.267000,16.0,4.0,,0 days 00:56:22.795000,0 days 00:00:27.486000,0 days 00:00:30.533000,0 days 00:00:32.248000,0 days 00:55:24.431000,0 days 00:55:54.964000,0 days 00:56:27.212000,209.0,237.0,,276.0,False,SOFT,3.0,True,Racing Point,0 days 00:54:56.945000,2020-10-31 13:39:58.086,1,,False,,False,False
0 days 00:17:38.767000,GRO,8,,1.0,1.0,0 days 00:16:04.323000,,,0 days 00:00:31.040000,0 days 00:00:36.549000,,0 days 00:17:02.366000,0 days 00:17:39.048000,199.0,237.0,278.0,120.0,False,SOFT,1.0,True,Haas F1 Team,0 days 00:16:04.323000,2020-10-31 13:01:05.464,1,,False,,False,False
0 days 00:18:55.338000,GRO,8,0 days 00:01:16.571000,2.0,1.0,,,0 days 00:00:24.599000,0 days 00:00:26.227000,0 days 00:00:25.745000,0 days 00:18:03.366000,0 days 00:18:29.593000,0 days 00:18:55.338000,225.0,262.0,278.0,294.0,True,SOFT,2.0,True,Haas F1 Team,0 days 00:17:38.767000,2020-10-31 13:02:39.908,1,,False,,False,True
0 days 00:20:44.446000,GRO,8,0 days 00:01:49.108000,3.0,1.0,,,0 days 00:00:31.195000,0 days 00:00:37.288000,0 days 00:00:40.625000,0 days 00:19:26.533000,0 days 00:20:03.821000,0 days 00:20:44.446000,194.0,222.0,278.0,110.0,False,SOFT,3.0,True,Haas F1 Team,0 days 00:18:55.338000,2020-10-31 13:03:56.479,1,,False,,False,True
0 days 00:22:00.697000,GRO,8,0 days 00:01:16.251000,4.0,1.0,,,0 days 00:00:24.423000,0 days 00:00:26.176000,0 days 00:00:25.652000,0 days 00:21:08.869000,0 days 00:21:35.045000,0 days 00:22:00.697000,225.0,261.0,282.0,295.0,True,SOFT,4.0,True,Haas F1 Team,0 days 00:20:44.446000,2020-10-31 13:05:45.587,1,,False,,False,True
0 days 00:23:34.190000,GRO,8,0 days 00:01:33.493000,5.0,1.0,,0 days 00:23:29.781000,0 days 00:00:28.715000,0 days 00:00:30.820000,0 days 00:00:33.958000,0 days 00:22:29.412000,0 days 00:23:00.232000,0 days 00:23:34.190000,201.0,242.0,,262.0,False,SOFT,5.0,True,Haas F1 Team,0 days 00:22:00.697000,2020-10-31 13:07:01.838,1,,False,,False,False
0 days 00:28:30.771000,GRO,8,,6.0,2.0,0 days 00:26:58.729000,,,0 days 00:00:30.624000,0 days 00:00:35.647000,,0 days 00:27:55.245000,0 days 00:28:31.009000,205.0,241.0,278.0,158.0,False,SOFT,1.0,True,Haas F1 Team,0 days 00:23:34.190000,2020-10-31 13:08:35.331,1,,False,,False,False
0 days 00:29:46.689000,GRO,8,0 days 00:01:15.918000,7.0,2.0,,,0 days 00:00:24.313000,0 days 00:00:26.097000,0 days 00:00:25.508000,0 days 00:28:55.084000,0 days 00:29:21.181000,0 days 00:29:46.689000,229.0,261.0,279.0,295.0,True,SOFT,2.0,True,Haas F1 Team,0 days 00:28:30.771000,2020-10-31 13:13:31.912,1,,False,,False,True
0 days 00:31:37.361000,GRO,8,0 days 00:01:50.672000,8.0,2.0,,,0 days 00:00:30.731000,0 days 00:00:44.457000,0 days 00:00:35.484000,0 days 00:30:17.420000,0 days 00:31:01.877000,0 days 00:31:37.361000,172.0,103.0,279.0,215.0,False,SOFT,3.0,True,Haas F1 Team,0 days 00:29:46.689000,2020-10-31 13:14:47.830,1,,False,,False,True
0 days 00:32:53.667000,GRO,8,0 days 00:01:16.306000,9.0,2.0,,,0 days 00:00:24.260000,0 days 00:00:26.197000,0 days 00:00:25.849000,0 days 00:32:01.621000,0 days 00:32:27.818000,0 days 00:32:53.667000,225.0,261.0,280.0,295.0,False,SOFT,4.0,True,Haas F1 Team,0 days 00:31:37.361000,2020-10-31 13:16:38.502,1,,False,,False,True
0 days 00:34:34.309000,GRO,8,0 days 00:01:40.642000,10.0,2.0,,0 days 00:34:29.879000,0 days 00:00:28.357000,0 days 00:00:33.748000,0 days 00:00:38.537000,0 days 00:33:22.024000,0 days 00:33:55.772000,0 days 00:34:34.309000,178.0,165.0,,238.0,False,SOFT,5.0,True,Haas F1 Team,0 days 00:32:53.667000,2020-10-31 13:17:54.808,1,,False,,False,False
0 days 00:16:31.667000,MAG,20,,1.0,1.0,0 days 00:15:05.813000,,,0 days 00:00:29.706000,0 days 00:00:28.635000,,0 days 00:16:03.056000,0 days 00:16:31.965000,195.0,239.0,276.0,266.0,False,SOFT,1.0,True,Haas F1 Team,0 days 00:15:05.813000,2020-10-31 13:00:06.954,1,,False,,False,False
0 days 00:17:48.853000,MAG,20,0 days 00:01:17.186000,2.0,1.0,,,0 days 00:00:24.808000,0 days 00:00:26.575000,0 days 00:00:25.803000,0 days 00:16:56.475000,0 days 00:17:23.050000,0 days 00:17:48.853000,220.0,259.0,279.0,292.0,True,SOFT,2.0,True,Haas F1 Team,0 days 00:16:31.667000,2020-10-31 13:01:32.808,1,,False,,False,True
0 days 00:19:26.506000,MAG,20,0 days 00:01:37.653000,3.0,1.0,,,0 days 00:00:32.461000,0 days 00:00:34.197000,0 days 00:00:30.995000,0 days 00:18:21.314000,0 days 00:18:55.511000,0 days 00:19:26.506000,200.0,99.0,279.0,272.0,False,SOFT,3.0,True,Haas F1 Team,0 days 00:17:48.853000,2020-10-31 13:02:49.994,1,,False,,False,True
0 days 00:20:45.488000,MAG,20,0 days 00:01:18.982000,4.0,1.0,,,0 days 00:00:24.542000,0 days 00:00:26.468000,0 days 00:00:27.972000,0 days 00:19:51.048000,0 days 00:20:17.516000,0 days 00:20:45.488000,225.0,259.0,275.0,292.0,False,SOFT,4.0,True,Haas F1 Team,0 days 00:19:26.506000,2020-10-31 13:04:27.647,1,,False,,False,True
0 days 00:22:27.869000,MAG,20,0 days 00:01:42.381000,5.0,1.0,,,0 days 00:00:41.250000,0 days 00:00:33.776000,0 days 00:00:27.355000,0 days 00:21:26.738000,0 days 00:22:00.514000,0 days 00:22:27.869000,160.0,237.0,278.0,270.0,False,SOFT,5.0,True,Haas F1 Team,0 days 00:20:45.488000,2020-10-31 13:05:46.629,1,,False,,False,True
0 days 00:23:44.377000,MAG,20,0 days 00:01:16.508000,6.0,1.0,,,0 days 00:00:24.438000,0 days 00:00:26.337000,0 days 00:00:25.733000,0 days 00:22:52.307000,0 days 00:23:18.644000,0 days 00:23:44.377000,227.0,259.0,275.0,291.0,True,SOFT,6.0,True,Haas F1 Team,0 days 00:22:27.869000,2020-10-31 13:07:29.010,1,,False,,False,True
0 days 00:25:12.191000,MAG,20,0 days 00:01:27.814000,7.0,1.0,,0 days 00:25:07.777000,0 days 00:00:26.602000,0 days 00:00:29.086000,0 days 00:00:32.126000,0 days 00:24:10.979000,0 days 00:24:40.065000,0 days 00:25:12.191000,203.0,240.0,,270.0,False,SOFT,7.0,True,Haas F1 Team,0 days 00:23:44.377000,2020-10-31 13:08:45.518,1,,False,,False,False
0 days 00:28:25.599000,MAG,20,,8.0,2.0,0 days 00:26:56.473000,,,0 days 00:00:29.727000,0 days 00:00:34.559000,,0 days 00:27:51.134000,0 days 00:28:25.828000,207.0,243.0,276.0,268.0,False,SOFT,1.0,True,Haas F1 Team,0 days 00:25:12.191000,2020-10-31 13:10:13.332,1,,False,,False,False
0 days 00:29:41.538000,MAG,20,0 days 00:01:15.939000,9.0,2.0,,,0 days 00:00:24.375000,0 days 00:00:26.105000,0 days 00:00:25.459000,0 days 00:28:49.974000,0 days 00:29:16.079000,0 days 00:29:41.538000,226.0,261.0,277.0,292.0,True,SOFT,2.0,True,Haas F1 Team,0 days 00:28:25.599000,2020-10-31 13:13:26.740,1,,False,,False,True
0 days 00:31:32.699000,MAG,20,0 days 00:01:51.161000,10.0,2.0,,,0 days 00:00:32.524000,0 days 00:00:41.038000,0 days 00:00:37.599000,0 days 00:30:14.062000,0 days 00:30:55.100000,0 days 00:31:32.699000,180.0,164.0,278.0,263.0,False,SOFT,3.0,True,Haas F1 Team,0 days 00:29:41.538000,2020-10-31 13:14:42.679,1,,False,,False,True
0 days 00:32:55.253000,MAG,20,0 days 00:01:22.554000,11.0,2.0,,0 days 00:32:50.816000,0 days 00:00:24.281000,0 days 00:00:26.119000,0 days 00:00:32.154000,0 days 00:31:56.980000,0 days 00:32:23.099000,0 days 00:32:55.253000,225.0,261.0,,292.0,False,SOFT,4.0,True,Haas F1 Team,0 days 00:31:32.699000,2020-10-31 13:16:33.840,1,,False,,False,False
0 days 00:17:52.918000,RAI,7,,1.0,1.0,0 days 00:16:16.820000,,,0 days 00:00:32.116000,0 days 00:00:37.071000,,0 days 00:17:15.949000,0 days 00:17:53.206000,204.0,236.0,276.0,211.0,False,SOFT,1.0,True,Alfa Romeo Racing,0 days 00:16:16.820000,2020-10-31 13:01:17.961,1,,False,,False,False
0 days 00:19:09.427000,RAI,7,0 days 00:01:16.509000,2.0,1.0,,,0 days 00:00:24.524000,0 days 00:00:26.286000,0 days 00:00:25.699000,0 days 00:18:17.442000,0 days 00:18:43.728000,0 days 00:19:09.427000,226.0,260.0,279.0,291.0,True,SOFT,2.0,True,Alfa Romeo Racing,0 days 00:17:52.918000,2020-10-31 13:02:54.059,1,,False,,False,True
0 days 00:20:58.759000,RAI,7,0 days 00:01:49.332000,3.0,1.0,,,0 days 00:00:35.171000,0 days 00:00:39.050000,0 days 00:00:35.111000,0 days 00:19:44.598000,0 days 00:20:23.648000,0 days 00:20:58.759000,181.0,227.0,276.0,202.0,False,SOFT,3.0,True,Alfa Romeo Racing,0 days 00:19:09.427000,2020-10-31 13:04:10.568,1,,False,,False,True
0 days 00:22:14.966000,RAI,7,0 days 00:01:16.207000,4.0,1.0,,,0 days 00:00:24.251000,0 days 00:00:26.282000,0 days 00:00:25.674000,0 days 00:21:23.010000,0 days 00:21:49.292000,0 days 00:22:14.966000,231.0,261.0,279.0,290.0,False,SOFT,4.0,True,Alfa Romeo Racing,0 days 00:20:58.759000,2020-10-31 13:05:59.900,1,,True,TRACK LIMITS AT TURN 9,False,True
0 days 00:23:47.910000,RAI,7,0 days 00:01:32.944000,5.0,1.0,,0 days 00:23:43.556000,0 days 00:00:28.691000,0 days 00:00:30.345000,0 days 00:00:33.908000,0 days 00:22:43.657000,0 days 00:23:14.002000,0 days 00:23:47.910000,203.0,233.0,,271.0,False,SOFT,5.0,True,Alfa Romeo Racing,0 days 00:22:14.966000,2020-10-31 13:07:16.107,1,,False,,False,False
0 days 00:28:39.041000,RAI,7,,6.0,2.0,0 days 00:27:08.275000,,,0 days 00:00:31.732000,0 days 00:00:34.408000,,0 days 00:28:04.808000,0 days 00:28:39.279000,198.0,224.0,275.0,232.0,False,SOFT,1.0,True,Alfa Romeo Racing,0 days 00:23:47.910000,2020-10-31 13:08:49.051,1,,False,,False,False
0 days 00:29:54.994000,RAI,7,0 days 00:01:15.953000,7.0,2.0,,,0 days 00:00:24.138000,0 days 00:00:26.143000,0 days 00:00:25.672000,0 days 00:29:03.179000,0 days 00:29:29.322000,0 days 00:29:54.994000,229.0,259.0,278.0,291.0,True,SOFT,2.0,True,Alfa Romeo Racing,0 days 00:28:39.041000,2020-10-31 13:13:40.182,1,,False,,False,True
0 days 00:31:45.356000,RAI,7,0 days 00:01:50.362000,8.0,2.0,,,0 days 00:00:35.658000,0 days 00:00:39.528000,0 days 00:00:35.176000,0 days 00:30:30.652000,0 days 00:31:10.180000,0 days 00:31:45.356000,195.0,219.0,277.0,231.0,False,SOFT,3.0,True,Alfa Romeo Racing,0 days 00:29:54.994000,2020-10-31 13:14:56.135,1,,False,,False,True
0 days 00:33:01.114000,RAI,7,0 days 00:01:15.758000,9.0,2.0,,,0 days 00:00:24.160000,0 days 00:00:26.189000,0 days 00:00:25.409000,0 days 00:32:09.516000,0 days 00:32:35.705000,0 days 00:33:01.114000,229.0,259.0,280.0,291.0,False,SOFT,4.0,True,Alfa Romeo Racing,0 days 00:31:45.356000,2020-10-31 13:16:46.497,1,,True,TRACK LIMITS AT TURN 15,False,True
0 days 00:34:42.048000,RAI,7,0 days 00:01:40.934000,10.0,2.0,,0 days 00:34:37.649000,0 days 00:00:33.219000,0 days 00:00:31.460000,0 days 00:00:36.255000,0 days 00:33:34.333000,0 days 00:34:05.793000,0 days 00:34:42.048000,194.0,220.0,,196.0,False,SOFT,5.0,True,Alfa Romeo Racing,0 days 00:33:01.114000,2020-10-31 13:18:02.255,1,,False,,False,False
0 days 00:16:53.364000,LAT,6,,1.0,1.0,0 days 00:15:11.848000,,,0 days 00:00:32.954000,0 days 00:00:40.022000,,0 days 00:16:13.454000,0 days 00:16:53.656000,201.0,236.0,277.0,74.0,False,SOFT,1.0,True,Williams,0 days 00:15:11.848000,2020-10-31 13:00:12.989,1,,False,,False,False
0 days 00:18:11.194000,LAT,6,0 days 00:01:17.830000,2.0,1.0,,,0 days 00:00:24.999000,0 days 00:00:26.631000,0 days 00:00:26.200000,0 days 00:17:18.363000,0 days 00:17:44.994000,0 days 00:18:11.194000,218.0,263.0,283.0,293.0,True,SOFT,2.0,True,Williams,0 days 00:16:53.364000,2020-10-31 13:01:54.505,1,,False,,False,True
0 days 00:19:58.052000,LAT,6,0 days 00:01:46.858000,3.0,1.0,,,0 days 00:00:33.454000,0 days 00:00:39.107000,0 days 00:00:34.297000,0 days 00:18:44.648000,0 days 00:19:23.755000,0 days 00:19:58.052000,194.0,231.0,282.0,269.0,False,SOFT,3.0,True,Williams,0 days 00:18:11.194000,2020-10-31 13:03:12.335,1,,False,,False,True
0 days 00:21:15.064000,LAT,6,0 days 00:01:17.012000,4.0,1.0,,,0 days 00:00:24.303000,0 days 00:00:26.678000,0 days 00:00:26.031000,0 days 00:20:22.355000,0 days 00:20:49.033000,0 days 00:21:15.064000,231.0,262.0,283.0,296.0,True,SOFT,4.0,True,Williams,0 days 00:19:58.052000,2020-10-31 13:04:59.193,1,,False,,False,True
0 days 00:22:58.103000,LAT,6,0 days 00:01:43.039000,5.0,1.0,,,0 days 00:00:30.584000,0 days 00:00:38.415000,0 days 00:00:34.040000,0 days 00:21:45.648000,0 days 00:22:24.063000,0 days 00:22:58.103000,170.0,233.0,280.0,267.0,False,SOFT,5.0,True,Williams,0 days 00:21:15.064000,2020-10-31 13:06:16.205,1,,False,,False,True
0 days 00:24:14.502000,LAT,6,0 days 00:01:16.399000,6.0,1.0,,,0 days 00:00:24.217000,0 days 00:00:26.344000,0 days 00:00:25.838000,0 days 00:23:22.320000,0 days 00:23:48.664000,0 days 00:24:14.502000,229.0,262.0,281.0,295.0,True,SOFT,6.0,True,Williams,0 days 00:22:58.103000,2020-10-31 13:07:59.244,1,,False,,False,True
0 days 00:25:47.848000,LAT,6,0 days 00:01:33.346000,7.0,1.0,,0 days 00:25:43.513000,0 days 00:00:28.080000,0 days 00:00:30.850000,0 days 00:00:34.416000,0 days 00:24:42.582000,0 days 00:25:13.432000,0 days 00:25:47.848000,206.0,237.0,,282.0,False,SOFT,7.0,True,Williams,0 days 00:24:14.502000,2020-10-31 13:09:15.643,1,,False,,False,False
0 days 00:29:37.967000,LAT,6,,8.0,2.0,0 days 00:27:58.762000,,,0 days 00:00:34.896000,0 days 00:00:37.679000,,0 days 00:29:00.358000,0 days 00:29:38.203000,212.0,238.0,282.0,132.0,False,SOFT,1.0,True,Williams,0 days 00:25:47.848000,2020-10-31 13:10:48.989,1,,False,,False,False
0 days 00:30:53.954000,LAT,6,0 days 00:01:15.987000,9.0,2.0,,,0 days 00:00:24.110000,0 days 00:00:26.199000,0 days 00:00:25.678000,0 days 00:30:02.077000,0 days 00:30:28.276000,0 days 00:30:53.954000,230.0,262.0,281.0,295.0,True,SOFT,2.0,True,Williams,0 days 00:29:37.967000,2020-10-31 13:14:39.108,1,,False,,False,True
0 days 00:32:39.277000,LAT,6,0 days 00:01:45.323000,10.0,2.0,,,0 days 00:00:34.914000,0 days 00:00:35.686000,0 days 00:00:34.723000,0 days 00:31:28.868000,0 days 00:32:04.554000,0 days 00:32:39.277000,153.0,238.0,284.0,216.0,False,SOFT,3.0,True,Williams,0 days 00:30:53.954000,2020-10-31 13:15:55.095,1,,False,,False,True
0 days 00:33:55.421000,LAT,6,0 days 00:01:16.144000,11.0,2.0,,,0 days 00:00:24.021000,0 days 00:00:26.300000,0 days 00:00:25.823000,0 days 00:33:03.298000,0 days 00:33:29.598000,0 days 00:33:55.421000,230.0,264.0,281.0,294.0,False,SOFT,4.0,True,Williams,0 days 00:32:39.277000,2020-10-31 13:17:40.418,1,,False,,False,True
0 days 00:35:36.332000,LAT,6,0 days 00:01:40.911000,12.0,2.0,,0 days 00:35:30.714000,0 days 00:00:33.015000,0 days 00:00:31.323000,0 days 00:00:36.573000,0 days 00:34:28.436000,0 days 00:34:59.759000,0 days 00:35:36.332000,201.0,238.0,,272.0,False,SOFT,5.0,True,Williams,0 days 00:33:55.421000,2020-10-31 13:18:56.562,1,,False,,False,False
0 days 00:17:42.580000,GIO,99,,1.0,1.0,0 days 00:16:06.472000,,,0 days 00:00:31.301000,0 days 00:00:36.458000,,0 days 00:17:06.122000,0 days 00:17:42.911000,203.0,234.0,275.0,143.0,False,SOFT,1.0,True,Alfa Romeo Racing,0 days 00:16:06.472000,2020-10-31 13:01:07.613,1,,False,,False,False
0 days 00:18:59.283000,GIO,99,0 days 00:01:16.703000,2.0,1.0,,,0 days 00:00:24.632000,0 days 00:00:26.343000,0 days 00:00:25.728000,0 days 00:18:07.212000,0 days 00:18:33.555000,0 days 00:18:59.283000,226.0,260.0,280.0,290.0,True,SOFT,2.0,True,Alfa Romeo Racing,0 days 00:17:42.580000,2020-10-31 13:02:43.721,1,,False,,False,True
0 days 00:20:50.014000,GIO,99,0 days 00:01:50.731000,3.0,1.0,,,0 days 00:00:32.159000,0 days 00:00:36.080000,0 days 00:00:42.492000,0 days 00:19:31.442000,0 days 00:20:07.522000,0 days 00:20:50.014000,189.0,150.0,272.0,182.0,False,SOFT,3.0,True,Alfa Romeo Racing,0 days 00:18:59.283000,2020-10-31 13:04:00.424,1,,False,,False,True
0 days 00:22:06.386000,GIO,99,0 days 00:01:16.372000,4.0,1.0,,,0 days 00:00:24.442000,0 days 00:00:26.230000,0 days 00:00:25.700000,0 days 00:21:14.456000,0 days 00:21:40.686000,0 days 00:22:06.386000,225.0,261.0,280.0,292.0,True,SOFT,4.0,True,Alfa Romeo Racing,0 days 00:20:50.014000,2020-10-31 13:05:51.155,1,,False,,False,True
0 days 00:23:40.250000,GIO,99,0 days 00:01:33.864000,5.0,1.0,,0 days 00:23:35.857000,0 days 00:00:30.002000,0 days 00:00:30.057000,0 days 00:00:33.805000,0 days 00:22:36.388000,0 days 00:23:06.445000,0 days 00:23:40.250000,196.0,236.0,,268.0,False,SOFT,5.0,True,Alfa Romeo Racing,0 days 00:22:06.386000,2020-10-31 13:07:07.527,1,,False,,False,False
0 days 00:31:09.555000,GIO,99,,6.0,2.0,0 days 00:29:46.942000,,,0 days 00:00:29.736000,0 days 00:00:27.718000,,0 days 00:30:41.837000,0 days 00:31:09.795000,207.0,237.0,275.0,266.0,False,SOFT,1.0,True,Alfa Romeo Racing,0 days 00:23:40.250000,2020-10-31 13:08:41.391,1,,False,,False,False
0 days 00:32:25.763000,GIO,99,0 days 00:01:16.208000,7.0,2.0,,,0 days 00:00:24.200000,0 days 00:00:26.419000,0 days 00:00:25.589000,0 days 00:31:33.755000,0 days 00:32:00.174000,0 days 00:32:25.763000,229.0,259.0,279.0,291.0,True,SOFT,2.0,True,Alfa Romeo Racing,0 days 00:31:09.555000,2020-10-31 13:16:10.696,1,,False,,False,True
0 days 00:34:03.397000,GIO,99,0 days 00:01:37.634000,8.0,2.0,,0 days 00:33:59.018000,0 days 00:00:28.373000,0 days 00:00:31.996000,0 days 00:00:37.265000,0 days 00:32:54.136000,0 days 00:33:26.132000,0 days 00:34:03.397000,205.0,228.0,,226.0,False,SOFT,3.0,True,Alfa Romeo Racing,0 days 00:32:25.763000,2020-10-31 13:17:26.904,1,,False,,False,False
