Time,Driver,DriverNumber,LapTime,LapNumber,Stint,PitOutTime,PitInTime,Sector1Time,Sector2Time,Sector3Time,Sector1SessionTime,Sector2SessionTime,Sector3SessionTime,SpeedI1,SpeedI2,SpeedFL,SpeedST,IsPersonalBest,Compound,TyreLife,FreshTyre,Team,LapStartTime,LapStartDate,TrackStatus,Position,Deleted,DeletedReason,FastF1Generated,IsAccurate
0 days 00:16:38.478000,HAM,44,,1.0,1.0,0 days 00:15:06.678000,,,0 days 00:00:29.812000,0 days 00:00:29.718000,,0 days 00:16:08.774000,0 days 00:16:38.737000,270.0,226.0,258.0,,False,SOFT,1.0,True,Mercedes,0 days 00:15:06.678000,2020-07-18 13:00:06.880,1,,False,,False,False
0 days 00:17:54.059000,HAM,44,0 days 00:01:15.581000,2.0,1.0,,,0 days 00:00:27.726000,0 days 00:00:26.497000,0 days 00:00:21.358000,0 days 00:17:06.204000,0 days 00:17:32.701000,0 days 00:17:54.059000,280.0,256.0,259.0,302.0,True,SOFT,2.0,True,Mercedes,0 days 00:16:38.478000,2020-07-18 13:01:38.680,1,,False,,False,True
0 days 00:19:39.803000,HAM,44,0 days 00:01:45.744000,3.0,1.0,,,0 days 00:00:36.836000,0 days 00:00:40.288000,0 days 00:00:28.620000,0 days 00:18:30.895000,0 days 00:19:11.183000,0 days 00:19:39.803000,232.0,188.0,258.0,290.0,False,SOFT,3.0,True,Mercedes,0 days 00:17:54.059000,2020-07-18 13:02:54.261,1,,False,,False,True
0 days 00:20:55.223000,HAM,44,0 days 00:01:15.420000,4.0,1.0,,,0 days 00:00:27.809000,0 days 00:00:26.340000,0 days 00:00:21.271000,0 days 00:20:07.612000,0 days 00:20:33.952000,0 days 00:20:55.223000,280.0,256.0,258.0,303.0,True,SOFT,4.0,True,Mercedes,0 days 00:19:39.803000,2020-07-18 13:04:40.005,1,,False,,False,True
0 days 00:22:37.621000,HAM,44,0 days 00:01:42.398000,5.0,1.0,,,0 days 00:00:36.690000,0 days 00:00:41.743000,0 days 00:00:23.965000,0 days 00:21:31.913000,0 days 00:22:13.656000,0 days 00:22:37.621000,195.0,217.0,260.0,290.0,False,SOFT,5.0,True,Mercedes,0 days 00:20:55.223000,2020-07-18 13:05:55.425,1,,False,,False,True
0 days 00:23:52.987000,HAM,44,0 days 00:01:15.366000,6.0,1.0,,,0 days 00:00:27.644000,0 days 00:00:26.523000,0 days 00:00:21.199000,0 days 00:23:05.265000,0 days 00:23:31.788000,0 days 00:23:52.987000,281.0,256.0,259.0,304.0,True,SOFT,6.0,True,Mercedes,0 days 00:22:37.621000,2020-07-18 13:07:37.823,1,,False,,False,True
0 days 00:25:29.099000,HAM,44,0 days 00:01:36.112000,7.0,1.0,,0 days 00:25:27.318000,0 days 00:00:32.305000,0 days 00:00:35.122000,0 days 00:00:28.685000,0 days 00:24:25.292000,0 days 00:25:00.414000,0 days 00:25:29.099000,217.0,190.0,,288.0,False,SOFT,7.0,True,Mercedes,0 days 00:23:52.987000,2020-07-18 13:08:53.189,1,,False,,False,False
0 days 00:32:24.952000,HAM,44,,8.0,2.0,0 days 00:30:46.152000,,,0 days 00:00:30.727000,0 days 00:00:38.745000,,0 days 00:31:46.228000,0 days 00:32:25.224000,268.0,229.0,257.0,288.0,False,SOFT,8.0,False,Mercedes,0 days 00:25:29.099000,2020-07-18 13:10:29.301,1,,False,,False,False
0 days 00:33:39.859000,HAM,44,0 days 00:01:14.907000,9.0,2.0,,,0 days 00:00:27.663000,0 days 00:00:26.146000,0 days 00:00:21.098000,0 days 00:32:52.615000,0 days 00:33:18.761000,0 days 00:33:39.859000,285.0,258.0,262.0,305.0,True,SOFT,9.0,False,Mercedes,0 days 00:32:24.952000,2020-07-18 13:17:25.154,1,,False,,False,True
0 days 00:35:09.775000,HAM,44,0 days 00:01:29.916000,10.0,2.0,,0 days 00:35:07.996000,0 days 00:00:30.911000,0 days 00:00:29.547000,0 days 00:00:29.458000,0 days 00:34:10.770000,0 days 00:34:40.317000,0 days 00:35:09.775000,260.0,234.0,,273.0,False,SOFT,10.0,False,Mercedes,0 days 00:33:39.859000,2020-07-18 13:18:40.061,1,,False,,False,False
0 days 00:43:03.170000,HAM,44,,11.0,3.0,0 days 00:41:30.588000,,,0 days 00:00:29.531000,0 days 00:00:31.556000,,0 days 00:42:31.614000,0 days 00:43:03.187000,272.0,242.0,262.0,273.0,False,MEDIUM,1.0,True,Mercedes,0 days 00:35:09.775000,2020-07-18 13:20:09.977,1,,False,,False,False
0 days 00:44:17.431000,HAM,44,0 days 00:01:14.261000,12.0,3.0,,,0 days 00:00:27.276000,0 days 00:00:26.154000,0 days 00:00:20.831000,0 days 00:43:30.446000,0 days 00:43:56.600000,0 days 00:44:17.431000,284.0,260.0,264.0,306.0,True,MEDIUM,2.0,True,Mercedes,0 days 00:43:03.170000,2020-07-18 13:28:03.372,1,,False,,False,True
0 days 00:45:54.491000,HAM,44,0 days 00:01:37.060000,13.0,3.0,,0 days 00:45:52.643000,0 days 00:00:33.588000,0 days 00:00:33.522000,0 days 00:00:29.950000,0 days 00:44:51.019000,0 days 00:45:24.541000,0 days 00:45:54.491000,214.0,206.0,,266.0,False,MEDIUM,3.0,True,Mercedes,0 days 00:44:17.431000,2020-07-18 13:29:17.633,1,,False,,False,False
0 days 00:54:43.584000,HAM,44,,14.0,4.0,0 days 00:53:01.875000,,,0 days 00:00:33.148000,0 days 00:00:36.751000,,0 days 00:54:06.887000,0 days 00:54:43.642000,256.0,239.0,262.0,266.0,False,SOFT,1.0,True,Mercedes,0 days 00:45:54.491000,2020-07-18 13:30:54.693,1,,False,,False,False
0 days 00:56:00.366000,HAM,44,0 days 00:01:16.782000,15.0,4.0,,,0 days 00:00:27.194000,0 days 00:00:25.887000,0 days 00:00:23.701000,0 days 00:55:10.778000,0 days 00:55:36.665000,0 days 00:56:00.366000,283.0,260.0,193.0,307.0,False,SOFT,2.0,True,Mercedes,0 days 00:54:43.584000,2020-07-18 13:39:43.786,1,,False,,False,True
0 days 00:57:29.879000,HAM,44,0 days 00:01:29.513000,16.0,4.0,,0 days 00:57:28.067000,0 days 00:00:31.849000,0 days 00:00:31.221000,0 days 00:00:26.443000,0 days 00:56:32.215000,0 days 00:57:03.436000,0 days 00:57:29.879000,228.0,223.0,,256.0,False,SOFT,3.0,True,Mercedes,0 days 00:56:00.366000,2020-07-18 13:41:00.568,1,,False,,False,False
0 days 01:04:52.840000,HAM,44,,17.0,5.0,0 days 01:03:25.149000,,,0 days 00:00:30.797000,0 days 00:00:27.972000,,0 days 01:04:24.935000,0 days 01:04:52.927000,273.0,209.0,264.0,256.0,False,SOFT,1.0,True,Mercedes,0 days 00:57:29.879000,2020-07-18 13:42:30.081,1,,False,,False,False
0 days 01:06:06.453000,HAM,44,0 days 00:01:13.613000,18.0,5.0,,,0 days 00:00:26.934000,0 days 00:00:25.851000,0 days 00:00:20.828000,0 days 01:05:19.774000,0 days 01:05:45.625000,0 days 01:06:06.453000,284.0,261.0,264.0,308.0,True,SOFT,2.0,True,Mercedes,0 days 01:04:52.840000,2020-07-18 13:49:53.042,1,,False,,False,True
0 days 01:07:34.784000,HAM,44,0 days 00:01:28.331000,19.0,5.0,,0 days 01:07:32.946000,0 days 00:00:30.578000,0 days 00:00:30.504000,0 days 00:00:27.249000,0 days 01:06:37.031000,0 days 01:07:07.535000,0 days 01:07:34.784000,257.0,223.0,,288.0,False,SOFT,3.0,True,Mercedes,0 days 01:06:06.453000,2020-07-18 13:51:06.655,1,,False,,False,False
0 days 01:13:45.962000,HAM,44,,20.0,6.0,0 days 01:12:23.831000,,,0 days 00:00:29.997000,0 days 00:00:23.037000,,0 days 01:13:22.946000,0 days 01:13:46.020000,273.0,229.0,264.0,288.0,False,SOFT,1.0,True,Mercedes,0 days 01:07:34.784000,2020-07-18 13:52:34.986,1,,False,,False,False
0 days 01:14:59.409000,HAM,44,0 days 00:01:13.447000,21.0,6.0,,,0 days 00:00:26.958000,0 days 00:00:25.758000,0 days 00:00:20.731000,0 days 01:14:12.920000,0 days 01:14:38.678000,0 days 01:14:59.409000,284.0,262.0,265.0,306.0,True,SOFT,2.0,True,Mercedes,0 days 01:13:45.962000,2020-07-18 13:58:46.164,1,,False,,False,True
0 days 01:16:46.290000,HAM,44,0 days 00:01:46.881000,22.0,6.0,,0 days 01:16:41.774000,0 days 00:00:34.597000,0 days 00:00:36.953000,0 days 00:00:35.331000,0 days 01:15:34.006000,0 days 01:16:10.959000,0 days 01:16:46.290000,192.0,176.0,,240.0,False,SOFT,3.0,True,Mercedes,0 days 01:14:59.409000,2020-07-18 13:59:59.611,1,,False,,False,False
0 days 00:16:46.376000,BOT,77,,1.0,1.0,0 days 00:15:10.570000,,,0 days 00:00:32.648000,0 days 00:00:30.455000,,0 days 00:16:15.928000,0 days 00:16:46.655000,258.0,228.0,258.0,,False,SOFT,1.0,True,Mercedes,0 days 00:15:10.570000,2020-07-18 13:00:10.772,1,,False,,False,False
0 days 00:18:01.860000,BOT,77,0 days 00:01:15.484000,2.0,1.0,,,0 days 00:00:27.854000,0 days 00:00:26.458000,0 days 00:00:21.172000,0 days 00:17:14.230000,0 days 00:17:40.688000,0 days 00:18:01.860000,282.0,257.0,259.0,303.0,True,SOFT,2.0,True,Mercedes,0 days 00:16:46.376000,2020-07-18 13:01:46.578,1,,False,,False,True
0 days 00:19:45.622000,BOT,77,0 days 00:01:43.762000,3.0,1.0,,,0 days 00:00:34.011000,0 days 00:00:39.299000,0 days 00:00:30.452000,0 days 00:18:35.871000,0 days 00:19:15.170000,0 days 00:19:45.622000,204.0,187.0,259.0,283.0,False,SOFT,3.0,True,Mercedes,0 days 00:18:01.860000,2020-07-18 13:03:02.062,1,,False,,False,True
0 days 00:21:01.295000,BOT,77,0 days 00:01:15.673000,4.0,1.0,,,0 days 00:00:27.799000,0 days 00:00:26.533000,0 days 00:00:21.341000,0 days 00:20:13.421000,0 days 00:20:39.954000,0 days 00:21:01.295000,280.0,257.0,258.0,304.0,False,SOFT,4.0,True,Mercedes,0 days 00:19:45.622000,2020-07-18 13:04:45.824,1,,False,,False,True
0 days 00:22:43.391000,BOT,77,0 days 00:01:42.096000,5.0,1.0,,0 days 00:22:40.265000,0 days 00:00:35.031000,0 days 00:00:38.642000,0 days 00:00:28.423000,0 days 00:21:36.326000,0 days 00:22:14.968000,0 days 00:22:43.391000,108.0,216.0,,285.0,False,SOFT,5.0,True,Mercedes,0 days 00:21:01.295000,2020-07-18 13:06:01.497,1,,False,,False,False
0 days 00:32:38.860000,BOT,77,,6.0,2.0,0 days 00:30:47.307000,,,0 days 00:00:31.617000,0 days 00:00:48.789000,,0 days 00:31:50.218000,0 days 00:32:39.162000,266.0,228.0,260.0,285.0,False,SOFT,6.0,False,Mercedes,0 days 00:22:43.391000,2020-07-18 13:07:43.593,1,,False,,False,False
0 days 00:33:54.334000,BOT,77,0 days 00:01:15.474000,7.0,2.0,,,0 days 00:00:27.953000,0 days 00:00:26.376000,0 days 00:00:21.145000,0 days 00:33:06.813000,0 days 00:33:33.189000,0 days 00:33:54.334000,285.0,255.0,263.0,310.0,True,SOFT,7.0,False,Mercedes,0 days 00:32:38.860000,2020-07-18 13:17:39.062,1,,False,,False,True
0 days 00:35:28.686000,BOT,77,0 days 00:01:34.352000,8.0,2.0,,0 days 00:35:26.938000,0 days 00:00:32.137000,0 days 00:00:32.968000,0 days 00:00:29.247000,0 days 00:34:26.471000,0 days 00:34:59.439000,0 days 00:35:28.686000,230.0,228.0,,292.0,False,SOFT,8.0,False,Mercedes,0 days 00:33:54.334000,2020-07-18 13:18:54.536,1,,False,,False,False
0 days 00:43:09.399000,BOT,77,,9.0,3.0,0 days 00:41:32.680000,,,0 days 00:00:29.915000,0 days 00:00:34.439000,,0 days 00:42:34.961000,0 days 00:43:09.463000,262.0,233.0,264.0,292.0,False,MEDIUM,1.0,True,Mercedes,0 days 00:35:28.686000,2020-07-18 13:20:28.888,1,,False,,False,False
0 days 00:44:23.929000,BOT,77,0 days 00:01:14.530000,10.0,3.0,,,0 days 00:00:27.464000,0 days 00:00:26.138000,0 days 00:00:20.928000,0 days 00:43:36.863000,0 days 00:44:03.001000,0 days 00:44:23.929000,286.0,260.0,264.0,312.0,True,MEDIUM,2.0,True,Mercedes,0 days 00:43:09.399000,2020-07-18 13:28:09.601,1,,False,,False,True
0 days 00:45:58.592000,BOT,77,0 days 00:01:34.663000,11.0,3.0,,0 days 00:45:56.766000,0 days 00:00:32.042000,0 days 00:00:33.767000,0 days 00:00:28.854000,0 days 00:44:55.971000,0 days 00:45:29.738000,0 days 00:45:58.592000,228.0,224.0,,278.0,False,MEDIUM,3.0,True,Mercedes,0 days 00:44:23.929000,2020-07-18 13:29:24.131,1,,False,,False,False
0 days 00:54:49.400000,BOT,77,,12.0,4.0,0 days 00:53:03.396000,,,0 days 00:00:32.877000,0 days 00:00:41.185000,,0 days 00:54:08.252000,0 days 00:54:49.477000,252.0,228.0,259.0,278.0,False,SOFT,1.0,True,Mercedes,0 days 00:45:58.592000,2020-07-18 13:30:58.794,1,,False,,False,False
0 days 00:56:05.405000,BOT,77,0 days 00:01:16.005000,13.0,4.0,,,0 days 00:00:27.281000,0 days 00:00:25.985000,0 days 00:00:22.739000,0 days 00:55:16.681000,0 days 00:55:42.666000,0 days 00:56:05.405000,285.0,262.0,231.0,307.0,False,SOFT,2.0,True,Mercedes,0 days 00:54:49.400000,2020-07-18 13:39:49.602,1,,False,,False,True
0 days 00:57:38.177000,BOT,77,0 days 00:01:32.772000,14.0,4.0,,0 days 00:57:36.371000,0 days 00:00:32.181000,0 days 00:00:32.422000,0 days 00:00:28.169000,0 days 00:56:37.586000,0 days 00:57:10.008000,0 days 00:57:38.177000,238.0,229.0,,266.0,False,SOFT,3.0,True,Mercedes,0 days 00:56:05.405000,2020-07-18 13:41:05.607,1,,False,,False,False
0 days 01:05:06.772000,BOT,77,,15.0,5.0,0 days 01:03:27.690000,,,0 days 00:00:32.756000,0 days 00:00:35.766000,,0 days 01:04:31.038000,0 days 01:05:06.841000,263.0,223.0,264.0,266.0,False,SOFT,1.0,True,Mercedes,0 days 00:57:38.177000,2020-07-18 13:42:38.379,1,,False,,False,False
0 days 01:06:20.696000,BOT,77,0 days 00:01:13.924000,16.0,5.0,,,0 days 00:00:27.156000,0 days 00:00:25.852000,0 days 00:00:20.916000,0 days 01:05:33.928000,0 days 01:05:59.780000,0 days 01:06:20.696000,285.0,265.0,264.0,308.0,True,SOFT,2.0,True,Mercedes,0 days 01:05:06.772000,2020-07-18 13:50:06.974,1,,False,,False,True
0 days 01:07:51.777000,BOT,77,0 days 00:01:31.081000,17.0,5.0,,0 days 01:07:49.928000,0 days 00:00:31.462000,0 days 00:00:32.620000,0 days 00:00:26.999000,0 days 01:06:52.158000,0 days 01:07:24.778000,0 days 01:07:51.777000,238.0,219.0,,254.0,False,SOFT,3.0,True,Mercedes,0 days 01:06:20.696000,2020-07-18 13:51:20.898,1,,False,,False,False
0 days 01:13:59.539000,BOT,77,,18.0,6.0,0 days 01:12:26.659000,,,0 days 00:00:34.652000,0 days 00:00:27.418000,,0 days 01:13:32.121000,0 days 01:13:59.594000,255.0,213.0,265.0,254.0,False,SOFT,1.0,True,Mercedes,0 days 01:07:51.777000,2020-07-18 13:52:51.979,1,,False,,False,False
0 days 01:15:13.093000,BOT,77,0 days 00:01:13.554000,19.0,6.0,,,0 days 00:00:26.975000,0 days 00:00:25.825000,0 days 00:00:20.754000,0 days 01:14:26.514000,0 days 01:14:52.339000,0 days 01:15:13.093000,285.0,262.0,263.0,307.0,True,SOFT,2.0,True,Mercedes,0 days 01:13:59.539000,2020-07-18 13:58:59.741,1,,False,,False,True
0 days 01:16:57.754000,BOT,77,0 days 00:01:44.661000,20.0,6.0,,0 days 01:16:54.227000,0 days 00:00:33.143000,0 days 00:00:34.528000,0 days 00:00:36.990000,0 days 01:15:46.236000,0 days 01:16:20.764000,0 days 01:16:57.754000,215.0,181.0,,272.0,False,SOFT,3.0,True,Mercedes,0 days 01:15:13.093000,2020-07-18 14:00:13.295,1,,False,,False,False
0 days 00:16:55.786000,STR,18,,1.0,1.0,0 days 00:15:13.152000,,,0 days 00:00:33.768000,0 days 00:00:33.849000,,0 days 00:16:22.020000,0 days 00:16:56.056000,262.0,231.0,263.0,,False,SOFT,1.0,True,Racing Point,0 days 00:15:13.152000,2020-07-18 13:00:13.354,1,,False,,False,False
0 days 00:18:11.543000,STR,18,0 days 00:01:15.757000,2.0,1.0,,,0 days 00:00:27.501000,0 days 00:00:26.743000,0 days 00:00:21.513000,0 days 00:17:23.287000,0 days 00:17:50.030000,0 days 00:18:11.543000,287.0,259.0,263.0,311.0,True,SOFT,2.0,True,Racing Point,0 days 00:16:55.786000,2020-07-18 13:01:55.988,1,,False,,False,True
0 days 00:19:55.519000,STR,18,0 days 00:01:43.976000,3.0,1.0,,,0 days 00:00:37.160000,0 days 00:00:41.324000,0 days 00:00:25.492000,0 days 00:18:48.703000,0 days 00:19:30.027000,0 days 00:19:55.519000,170.0,215.0,264.0,298.0,False,SOFT,3.0,True,Racing Point,0 days 00:18:11.543000,2020-07-18 13:03:11.745,1,,False,,False,True
0 days 00:21:11.696000,STR,18,0 days 00:01:16.177000,4.0,1.0,,,0 days 00:00:27.601000,0 days 00:00:26.888000,0 days 00:00:21.688000,0 days 00:20:23.120000,0 days 00:20:50.008000,0 days 00:21:11.696000,286.0,255.0,263.0,311.0,False,SOFT,4.0,True,Racing Point,0 days 00:19:55.519000,2020-07-18 13:04:55.721,1,,False,,False,True
0 days 00:22:44.194000,STR,18,0 days 00:01:32.498000,5.0,1.0,,0 days 00:22:42.551000,0 days 00:00:31.911000,0 days 00:00:32.286000,0 days 00:00:28.301000,0 days 00:21:43.607000,0 days 00:22:15.893000,0 days 00:22:44.194000,236.0,227.0,,297.0,False,SOFT,5.0,True,Racing Point,0 days 00:21:11.696000,2020-07-18 13:06:11.898,1,,False,,False,False
0 days 00:29:19.744000,STR,18,,6.0,2.0,0 days 00:27:48.437000,,,0 days 00:00:35.014000,0 days 00:00:23.529000,,0 days 00:28:56.215000,0 days 00:29:19.953000,224.0,225.0,265.0,297.0,False,SOFT,1.0,True,Racing Point,0 days 00:22:44.194000,2020-07-18 13:07:44.396,1,,False,,False,False
0 days 00:30:34.639000,STR,18,0 days 00:01:14.895000,7.0,2.0,,,0 days 00:00:27.380000,0 days 00:00:26.331000,0 days 00:00:21.184000,0 days 00:29:47.124000,0 days 00:30:13.455000,0 days 00:30:34.639000,285.0,260.0,264.0,310.0,True,SOFT,2.0,True,Racing Point,0 days 00:29:19.744000,2020-07-18 13:14:19.946,1,,False,,False,True
0 days 00:32:08.342000,STR,18,0 days 00:01:33.703000,8.0,2.0,,0 days 00:32:06.602000,0 days 00:00:30.626000,0 days 00:00:31.736000,0 days 00:00:31.341000,0 days 00:31:05.265000,0 days 00:31:37.001000,0 days 00:32:08.342000,248.0,225.0,,296.0,False,SOFT,3.0,True,Racing Point,0 days 00:30:34.639000,2020-07-18 13:15:34.841,1,,False,,False,False
0 days 00:42:17.480000,STR,18,,9.0,3.0,0 days 00:40:46.135000,,,0 days 00:00:32.996000,0 days 00:00:27,,0 days 00:41:50.559000,0 days 00:42:17.502000,221.0,222.0,265.0,296.0,False,MEDIUM,1.0,True,Racing Point,0 days 00:32:08.342000,2020-07-18 13:17:08.544,1,,False,,False,False
0 days 00:43:32.776000,STR,18,0 days 00:01:15.296000,10.0,3.0,,,0 days 00:00:27.448000,0 days 00:00:26.345000,0 days 00:00:21.503000,0 days 00:42:44.928000,0 days 00:43:11.273000,0 days 00:43:32.776000,286.0,260.0,266.0,309.0,True,MEDIUM,2.0,True,Racing Point,0 days 00:42:17.480000,2020-07-18 13:27:17.682,1,,False,,False,True
0 days 00:45:14.931000,STR,18,0 days 00:01:42.155000,11.0,3.0,,,0 days 00:00:35.103000,0 days 00:00:38.971000,0 days 00:00:28.081000,0 days 00:44:07.879000,0 days 00:44:46.850000,0 days 00:45:14.931000,157.0,216.0,263.0,304.0,False,MEDIUM,3.0,True,Racing Point,0 days 00:43:32.776000,2020-07-18 13:28:32.978,1,,False,,False,True
0 days 00:46:30.325000,STR,18,0 days 00:01:15.394000,12.0,3.0,,,0 days 00:00:27.539000,0 days 00:00:26.493000,0 days 00:00:21.362000,0 days 00:45:42.470000,0 days 00:46:08.963000,0 days 00:46:30.325000,286.0,259.0,262.0,309.0,False,MEDIUM,4.0,True,Racing Point,0 days 00:45:14.931000,2020-07-18 13:30:15.133,1,,False,,False,True
0 days 00:47:57.880000,STR,18,0 days 00:01:27.555000,13.0,3.0,,0 days 00:47:55.094000,0 days 00:00:30.204000,0 days 00:00:29.510000,0 days 00:00:27.841000,0 days 00:47:00.529000,0 days 00:47:30.039000,0 days 00:47:57.880000,257.0,231.0,,292.0,False,MEDIUM,5.0,True,Racing Point,0 days 00:46:30.325000,2020-07-18 13:31:30.527,1,,False,,False,False
0 days 00:54:32.925000,STR,18,,14.0,4.0,0 days 00:52:55.840000,,,0 days 00:00:30.495000,0 days 00:00:35.811000,,0 days 00:53:57.185000,0 days 00:54:32.951000,268.0,232.0,265.0,292.0,False,MEDIUM,1.0,True,Racing Point,0 days 00:47:57.880000,2020-07-18 13:32:58.082,1,,False,,False,False
0 days 00:55:48.101000,STR,18,0 days 00:01:15.176000,15.0,4.0,,,0 days 00:00:27.368000,0 days 00:00:26.436000,0 days 00:00:21.372000,0 days 00:55:00.293000,0 days 00:55:26.729000,0 days 00:55:48.101000,288.0,261.0,263.0,313.0,True,MEDIUM,2.0,True,Racing Point,0 days 00:54:32.925000,2020-07-18 13:39:33.127,1,,False,,False,True
0 days 00:57:16.039000,STR,18,0 days 00:01:27.938000,16.0,4.0,,0 days 00:57:14.285000,0 days 00:00:29.858000,0 days 00:00:30.543000,0 days 00:00:27.537000,0 days 00:56:17.959000,0 days 00:56:48.502000,0 days 00:57:16.039000,253.0,229.0,,297.0,False,MEDIUM,3.0,True,Racing Point,0 days 00:55:48.101000,2020-07-18 13:40:48.303,1,,False,,False,False
0 days 01:04:38.655000,STR,18,,17.0,5.0,0 days 01:03:06.794000,,,0 days 00:00:34.513000,0 days 00:00:24.193000,,0 days 01:04:14.544000,0 days 01:04:38.655000,195.0,230.0,265.0,297.0,False,SOFT,1.0,True,Racing Point,0 days 00:57:16.039000,2020-07-18 13:42:16.241,1,,False,,False,False
0 days 01:05:53.326000,STR,18,0 days 00:01:14.671000,18.0,5.0,,,0 days 00:00:27.142000,0 days 00:00:26.209000,0 days 00:00:21.320000,0 days 01:05:05.797000,0 days 01:05:32.006000,0 days 01:05:53.326000,285.0,260.0,262.0,309.0,True,SOFT,2.0,True,Racing Point,0 days 01:04:38.655000,2020-07-18 13:49:38.857,1,,False,,False,True
0 days 01:07:20.544000,STR,18,0 days 00:01:27.218000,19.0,5.0,,0 days 01:07:18.776000,0 days 00:00:30.628000,0 days 00:00:30.249000,0 days 00:00:26.341000,0 days 01:06:23.954000,0 days 01:06:54.203000,0 days 01:07:20.544000,258.0,230.0,,293.0,False,SOFT,3.0,True,Racing Point,0 days 01:05:53.326000,2020-07-18 13:50:53.528,1,,False,,False,False
0 days 01:11:25.924000,STR,18,,20.0,6.0,0 days 01:09:55.395000,,,0 days 00:00:34.447000,0 days 00:00:23.293000,,0 days 01:11:02.691000,0 days 01:11:25.924000,189.0,219.0,265.0,293.0,False,SOFT,1.0,True,Racing Point,0 days 01:07:20.544000,2020-07-18 13:52:20.746,1,,False,,False,False
0 days 01:12:40.301000,STR,18,0 days 00:01:14.377000,21.0,6.0,,,0 days 00:00:27.119000,0 days 00:00:26.103000,0 days 00:00:21.155000,0 days 01:11:53.043000,0 days 01:12:19.146000,0 days 01:12:40.301000,286.0,262.0,264.0,310.0,True,SOFT,2.0,True,Racing Point,0 days 01:11:25.924000,2020-07-18 13:56:26.126,1,,False,,False,True
0 days 01:14:19.512000,STR,18,,22.0,6.0,,0 days 01:14:19.512000,0 days 00:00:31.865000,0 days 00:00:36.657000,,0 days 01:13:12.186000,0 days 01:13:48.868000,,185.0,174.0,,297.0,False,SOFT,3.0,True,Racing Point,0 days 01:12:40.301000,2020-07-18 13:57:40.503,1,,False,,False,False
0 days 00:17:07.618000,PER,11,,1.0,1.0,0 days 00:15:17.669000,,,0 days 00:00:39.160000,0 days 00:00:31.156000,,0 days 00:16:36.462000,0 days 00:17:07.872000,219.0,211.0,256.0,,False,SOFT,1.0,True,Racing Point,0 days 00:15:17.669000,2020-07-18 13:00:17.871,1,,False,,False,False
0 days 00:18:23.488000,PER,11,0 days 00:01:15.870000,2.0,1.0,,,0 days 00:00:27.890000,0 days 00:00:26.664000,0 days 00:00:21.316000,0 days 00:17:35.508000,0 days 00:18:02.172000,0 days 00:18:23.488000,287.0,258.0,265.0,309.0,True,SOFT,2.0,True,Racing Point,0 days 00:17:07.618000,2020-07-18 13:02:07.820,1,,False,,False,True
0 days 00:20:17.108000,PER,11,0 days 00:01:53.620000,3.0,1.0,,,0 days 00:00:38.620000,0 days 00:00:39.980000,0 days 00:00:35.020000,0 days 00:19:02.108000,0 days 00:19:42.088000,0 days 00:20:17.108000,214.0,129.0,263.0,299.0,False,SOFT,3.0,True,Racing Point,0 days 00:18:23.488000,2020-07-18 13:03:23.690,1,,False,,False,True
0 days 00:21:33.030000,PER,11,0 days 00:01:15.922000,4.0,1.0,,,0 days 00:00:27.775000,0 days 00:00:26.781000,0 days 00:00:21.366000,0 days 00:20:44.883000,0 days 00:21:11.664000,0 days 00:21:33.030000,285.0,256.0,261.0,309.0,False,SOFT,4.0,True,Racing Point,0 days 00:20:17.108000,2020-07-18 13:05:17.310,1,,False,,False,True
0 days 00:23:03.956000,PER,11,0 days 00:01:30.926000,5.0,1.0,,0 days 00:23:02.252000,0 days 00:00:31.238000,0 days 00:00:32.433000,0 days 00:00:27.255000,0 days 00:22:04.268000,0 days 00:22:36.701000,0 days 00:23:03.956000,253.0,217.0,,294.0,False,SOFT,5.0,True,Racing Point,0 days 00:21:33.030000,2020-07-18 13:06:33.232,1,,False,,False,False
0 days 00:28:57.503000,PER,11,,6.0,2.0,0 days 00:27:20.851000,,,0 days 00:00:35.915000,0 days 00:00:27.283000,,0 days 00:28:30.280000,0 days 00:28:57.760000,243.0,225.0,264.0,294.0,False,SOFT,1.0,True,Racing Point,0 days 00:23:03.956000,2020-07-18 13:08:04.158,1,,False,,False,False
0 days 00:30:12.184000,PER,11,0 days 00:01:14.681000,7.0,2.0,,,0 days 00:00:27.227000,0 days 00:00:26.263000,0 days 00:00:21.191000,0 days 00:29:24.730000,0 days 00:29:50.993000,0 days 00:30:12.184000,286.0,260.0,264.0,309.0,True,SOFT,2.0,True,Racing Point,0 days 00:28:57.503000,2020-07-18 13:13:57.705,1,,False,,False,True
0 days 00:31:46.152000,PER,11,0 days 00:01:33.968000,8.0,2.0,,0 days 00:31:42.902000,0 days 00:00:31.663000,0 days 00:00:32.600000,0 days 00:00:29.705000,0 days 00:30:43.847000,0 days 00:31:16.447000,0 days 00:31:46.152000,251.0,221.0,,295.0,False,SOFT,3.0,True,Racing Point,0 days 00:30:12.184000,2020-07-18 13:15:12.386,1,,False,,False,False
0 days 00:42:23.565000,PER,11,,9.0,3.0,0 days 00:40:56.671000,,,0 days 00:00:30.848000,0 days 00:00:25.256000,,0 days 00:41:58.332000,0 days 00:42:23.608000,259.0,231.0,263.0,295.0,False,MEDIUM,1.0,True,Racing Point,0 days 00:31:46.152000,2020-07-18 13:16:46.354,1,,False,,False,False
0 days 00:43:38.959000,PER,11,0 days 00:01:15.394000,10.0,3.0,,,0 days 00:00:27.482000,0 days 00:00:26.547000,0 days 00:00:21.365000,0 days 00:42:51.047000,0 days 00:43:17.594000,0 days 00:43:38.959000,285.0,255.0,265.0,309.0,True,MEDIUM,2.0,True,Racing Point,0 days 00:42:23.565000,2020-07-18 13:27:23.767,1,,False,,False,True
0 days 00:45:20.492000,PER,11,0 days 00:01:41.533000,11.0,3.0,,,0 days 00:00:32.599000,0 days 00:00:37.286000,0 days 00:00:31.648000,0 days 00:44:11.558000,0 days 00:44:48.844000,0 days 00:45:20.492000,238.0,208.0,264.0,303.0,False,MEDIUM,3.0,True,Racing Point,0 days 00:43:38.959000,2020-07-18 13:28:39.161,1,,False,,False,True
0 days 00:46:36.003000,PER,11,0 days 00:01:15.511000,12.0,3.0,,,0 days 00:00:27.536000,0 days 00:00:26.630000,0 days 00:00:21.345000,0 days 00:45:48.028000,0 days 00:46:14.658000,0 days 00:46:36.003000,286.0,260.0,263.0,310.0,False,MEDIUM,4.0,True,Racing Point,0 days 00:45:20.492000,2020-07-18 13:30:20.694,1,,False,,False,True
0 days 00:48:05.890000,PER,11,0 days 00:01:29.887000,13.0,3.0,,0 days 00:48:04.114000,0 days 00:00:31.491000,0 days 00:00:31.253000,0 days 00:00:27.143000,0 days 00:47:07.494000,0 days 00:47:38.747000,0 days 00:48:05.890000,253.0,224.0,,292.0,False,MEDIUM,5.0,True,Racing Point,0 days 00:46:36.003000,2020-07-18 13:31:36.205,1,,False,,False,False
0 days 00:53:56.415000,PER,11,,14.0,4.0,0 days 00:52:17.044000,,,0 days 00:00:34.647000,0 days 00:00:34.282000,,0 days 00:53:22.137000,0 days 00:53:56.448000,250.0,206.0,264.0,292.0,False,MEDIUM,1.0,True,Racing Point,0 days 00:48:05.890000,2020-07-18 13:33:06.092,1,,False,,False,False
0 days 00:55:14.973000,PER,11,0 days 00:01:18.558000,15.0,4.0,,,0 days 00:00:28.107000,0 days 00:00:26.848000,0 days 00:00:23.603000,0 days 00:54:24.522000,0 days 00:54:51.370000,0 days 00:55:14.973000,287.0,229.0,238.0,310.0,False,MEDIUM,2.0,True,Racing Point,0 days 00:53:56.415000,2020-07-18 13:38:56.617,1,,False,,False,True
0 days 00:56:49.649000,PER,11,0 days 00:01:34.676000,16.0,4.0,,0 days 00:56:47.853000,0 days 00:00:32.079000,0 days 00:00:34.526000,0 days 00:00:28.071000,0 days 00:55:47.052000,0 days 00:56:21.578000,0 days 00:56:49.649000,241.0,224.0,,282.0,False,MEDIUM,3.0,True,Racing Point,0 days 00:55:14.973000,2020-07-18 13:40:15.175,1,,False,,False,False
0 days 01:05:18.452000,PER,11,,17.0,5.0,0 days 01:03:34.617000,,,0 days 00:00:40.992000,0 days 00:00:32.747000,,0 days 01:04:45.742000,0 days 01:05:18.461000,262.0,231.0,266.0,282.0,False,SOFT,1.0,True,Racing Point,0 days 00:56:49.649000,2020-07-18 13:41:49.851,1,,False,,False,False
0 days 01:06:33.540000,PER,11,0 days 00:01:15.088000,18.0,5.0,,,0 days 00:00:27.124000,0 days 00:00:26.632000,0 days 00:00:21.332000,0 days 01:05:45.576000,0 days 01:06:12.208000,0 days 01:06:33.540000,287.0,259.0,264.0,313.0,False,SOFT,2.0,True,Racing Point,0 days 01:05:18.452000,2020-07-18 13:50:18.654,1,,True,TRACK LIMITS AT TURN 4,False,True
0 days 01:08:05.574000,PER,11,0 days 00:01:32.034000,19.0,5.0,,0 days 01:08:03.652000,0 days 00:00:30.942000,0 days 00:00:31.063000,0 days 00:00:30.029000,0 days 01:07:04.482000,0 days 01:07:35.545000,0 days 01:08:05.574000,243.0,223.0,,295.0,False,SOFT,3.0,True,Racing Point,0 days 01:06:33.540000,2020-07-18 13:51:33.742,1,,False,,False,False
0 days 01:11:33.974000,PER,11,,20.0,6.0,0 days 01:10:03.167000,,,0 days 00:00:34.463000,0 days 00:00:26.427000,,0 days 01:11:07.564000,0 days 01:11:33.974000,245.0,228.0,266.0,295.0,False,SOFT,1.0,True,Racing Point,0 days 01:08:05.574000,2020-07-18 13:53:05.776,1,,False,,False,False
0 days 01:12:48.519000,PER,11,0 days 00:01:14.545000,21.0,6.0,,,0 days 00:00:27.215000,0 days 00:00:26.143000,0 days 00:00:21.187000,0 days 01:12:01.189000,0 days 01:12:27.332000,0 days 01:12:48.519000,287.0,264.0,264.0,310.0,True,SOFT,2.0,True,Racing Point,0 days 01:11:33.974000,2020-07-18 13:56:34.176,1,,False,,False,True
0 days 01:14:23.894000,PER,11,,22.0,6.0,,0 days 01:14:23.894000,0 days 00:00:32.318000,0 days 00:00:34.136000,,0 days 01:13:20.823000,0 days 01:13:55.045000,,229.0,212.0,,294.0,False,SOFT,3.0,True,Racing Point,0 days 01:12:48.519000,2020-07-18 13:57:48.721,1,,False,,False,False
0 days 00:17:19.364000,VET,5,,1.0,1.0,0 days 00:15:20.265000,,,0 days 00:00:39.883000,0 days 00:00:41.490000,,0 days 00:16:37.911000,0 days 00:17:19.615000,234.0,206.0,254.0,,False,SOFT,1.0,True,Ferrari,0 days 00:15:20.265000,2020-07-18 13:00:20.467,1,,False,,False,False
0 days 00:18:35.873000,VET,5,0 days 00:01:16.509000,2.0,1.0,,,0 days 00:00:28.069000,0 days 00:00:26.934000,0 days 00:00:21.506000,0 days 00:17:47.433000,0 days 00:18:14.367000,0 days 00:18:35.873000,282.0,253.0,258.0,300.0,True,SOFT,2.0,True,Ferrari,0 days 00:17:19.364000,2020-07-18 13:02:19.566,1,,False,,False,True
0 days 00:20:22.110000,VET,5,0 days 00:01:46.237000,3.0,1.0,,,0 days 00:00:35.566000,0 days 00:00:39.738000,0 days 00:00:30.933000,0 days 00:19:11.439000,0 days 00:19:51.177000,0 days 00:20:22.110000,216.0,177.0,258.0,285.0,False,SOFT,3.0,True,Ferrari,0 days 00:18:35.873000,2020-07-18 13:03:36.075,1,,False,,False,True
0 days 00:21:38.327000,VET,5,0 days 00:01:16.217000,4.0,1.0,,,0 days 00:00:28.038000,0 days 00:00:26.749000,0 days 00:00:21.430000,0 days 00:20:50.148000,0 days 00:21:16.897000,0 days 00:21:38.327000,281.0,255.0,258.0,302.0,True,SOFT,4.0,True,Ferrari,0 days 00:20:22.110000,2020-07-18 13:05:22.312,1,,False,,False,True
0 days 00:23:28.671000,VET,5,0 days 00:01:50.344000,5.0,1.0,,,0 days 00:00:36.936000,0 days 00:00:42.852000,0 days 00:00:30.556000,0 days 00:22:15.263000,0 days 00:22:58.115000,0 days 00:23:28.671000,201.0,186.0,254.0,285.0,False,SOFT,5.0,True,Ferrari,0 days 00:21:38.327000,2020-07-18 13:06:38.529,1,,False,,False,True
0 days 00:24:53.531000,VET,5,0 days 00:01:24.860000,6.0,1.0,,0 days 00:24:51.878000,0 days 00:00:28.065000,0 days 00:00:26.926000,0 days 00:00:29.869000,0 days 00:23:56.736000,0 days 00:24:23.662000,0 days 00:24:53.531000,281.0,255.0,,301.0,False,SOFT,6.0,True,Ferrari,0 days 00:23:28.671000,2020-07-18 13:08:28.873,1,,False,,False,False
0 days 00:31:21.580000,VET,5,,7.0,2.0,0 days 00:29:40.024000,,,0 days 00:00:35.565000,0 days 00:00:33.780000,,0 days 00:30:47.912000,0 days 00:31:21.816000,248.0,213.0,257.0,301.0,False,SOFT,1.0,True,Ferrari,0 days 00:24:53.531000,2020-07-18 13:09:53.733,1,,False,,False,False
0 days 00:32:37.035000,VET,5,0 days 00:01:15.455000,8.0,2.0,,,0 days 00:00:27.716000,0 days 00:00:26.540000,0 days 00:00:21.199000,0 days 00:31:49.296000,0 days 00:32:15.836000,0 days 00:32:37.035000,280.0,256.0,259.0,298.0,True,SOFT,2.0,True,Ferrari,0 days 00:31:21.580000,2020-07-18 13:16:21.782,1,,False,,False,True
0 days 00:34:18.544000,VET,5,0 days 00:01:41.509000,9.0,2.0,,0 days 00:34:16.843000,0 days 00:00:38.651000,0 days 00:00:33.286000,0 days 00:00:29.572000,0 days 00:33:15.686000,0 days 00:33:48.972000,0 days 00:34:18.544000,244.0,213.0,,281.0,False,SOFT,3.0,True,Ferrari,0 days 00:32:37.035000,2020-07-18 13:17:37.237,1,,False,,False,False
0 days 00:43:20.703000,VET,5,,10.0,3.0,0 days 00:41:41.646000,,,0 days 00:00:34.173000,0 days 00:00:25.357000,,0 days 00:42:55.459000,0 days 00:43:20.709000,127.0,209.0,260.0,281.0,False,SOFT,1.0,True,Ferrari,0 days 00:34:18.544000,2020-07-18 13:19:18.746,1,,False,,False,False
0 days 00:44:35.834000,VET,5,0 days 00:01:15.131000,11.0,3.0,,,0 days 00:00:27.443000,0 days 00:00:26.513000,0 days 00:00:21.175000,0 days 00:43:48.146000,0 days 00:44:14.659000,0 days 00:44:35.834000,283.0,259.0,259.0,303.0,True,SOFT,2.0,True,Ferrari,0 days 00:43:20.703000,2020-07-18 13:28:20.905,1,,False,,False,True
0 days 00:46:14.006000,VET,5,0 days 00:01:38.172000,12.0,3.0,,0 days 00:46:12.209000,0 days 00:00:33.320000,0 days 00:00:34.865000,0 days 00:00:29.987000,0 days 00:45:09.154000,0 days 00:45:44.019000,0 days 00:46:14.006000,217.0,205.0,,260.0,False,SOFT,3.0,True,Ferrari,0 days 00:44:35.834000,2020-07-18 13:29:36.036,1,,False,,False,False
0 days 00:54:27.988000,VET,5,,13.0,4.0,0 days 00:52:48.397000,,,0 days 00:00:35.158000,0 days 00:00:31.888000,,0 days 00:53:56.100000,0 days 00:54:28,250.0,212.0,260.0,260.0,False,SOFT,1.0,True,Ferrari,0 days 00:46:14.006000,2020-07-18 13:31:14.208,1,,False,,False,False
0 days 00:55:49.893000,VET,5,0 days 00:01:21.905000,14.0,4.0,,0 days 00:55:48.086000,0 days 00:00:27.498000,0 days 00:00:26.490000,0 days 00:00:27.917000,0 days 00:54:55.486000,0 days 00:55:21.976000,0 days 00:55:49.893000,280.0,259.0,,302.0,False,SOFT,2.0,True,Ferrari,0 days 00:54:27.988000,2020-07-18 13:39:28.190,1,,False,,False,False
0 days 01:04:44.882000,VET,5,,15.0,5.0,0 days 01:03:09.168000,,,0 days 00:00:36.290000,0 days 00:00:26.829000,,0 days 01:04:18.061000,0 days 01:04:44.940000,242.0,226.0,259.0,302.0,False,SOFT,4.0,False,Ferrari,0 days 00:55:49.893000,2020-07-18 13:40:50.095,1,,False,,False,False
0 days 01:06:00.163000,VET,5,0 days 00:01:15.281000,16.0,5.0,,,0 days 00:00:27.572000,0 days 00:00:26.525000,0 days 00:00:21.184000,0 days 01:05:12.454000,0 days 01:05:38.979000,0 days 01:06:00.163000,279.0,258.0,259.0,300.0,True,SOFT,5.0,False,Ferrari,0 days 01:04:44.882000,2020-07-18 13:49:45.084,1,,False,,False,True
0 days 01:07:32.101000,VET,5,0 days 00:01:31.938000,17.0,5.0,,0 days 01:07:30.297000,0 days 00:00:31.695000,0 days 00:00:31.580000,0 days 00:00:28.663000,0 days 01:06:31.858000,0 days 01:07:03.438000,0 days 01:07:32.101000,238.0,212.0,,285.0,False,SOFT,6.0,False,Ferrari,0 days 01:06:00.163000,2020-07-18 13:51:00.365,1,,False,,False,False
0 days 01:10:28.742000,VET,5,,18.0,6.0,0 days 01:08:55.591000,,,0 days 00:00:34.739000,0 days 00:00:26.837000,,0 days 01:10:01.927000,0 days 01:10:28.742000,242.0,214.0,259.0,285.0,False,SOFT,1.0,True,Ferrari,0 days 01:07:32.101000,2020-07-18 13:52:32.303,1,,False,,False,False
0 days 01:11:43.516000,VET,5,0 days 00:01:14.774000,19.0,6.0,,,0 days 00:00:27.472000,0 days 00:00:26.288000,0 days 00:00:21.014000,0 days 01:10:56.214000,0 days 01:11:22.502000,0 days 01:11:43.516000,279.0,259.0,259.0,299.0,True,SOFT,2.0,True,Ferrari,0 days 01:10:28.742000,2020-07-18 13:55:28.944,1,,False,,False,True
0 days 01:13:21.034000,VET,5,,20.0,6.0,,0 days 01:13:21.034000,0 days 00:00:34.021000,0 days 00:00:34.188000,,0 days 01:12:17.573000,0 days 01:12:51.781000,,211.0,191.0,,253.0,False,SOFT,3.0,True,Ferrari,0 days 01:11:43.516000,2020-07-18 13:56:43.718,1,,False,,False,False
0 days 00:17:04.224000,LEC,16,,1.0,1.0,0 days 00:15:15.971000,,,0 days 00:00:39.981000,0 days 00:00:34.816000,,0 days 00:16:29.408000,0 days 00:17:04.537000,244.0,157.0,258.0,,False,SOFT,1.0,True,Ferrari,0 days 00:15:15.971000,2020-07-18 13:00:16.173,1,,False,,False,False
0 days 00:18:20.271000,LEC,16,0 days 00:01:16.047000,2.0,1.0,,,0 days 00:00:27.755000,0 days 00:00:26.920000,0 days 00:00:21.372000,0 days 00:17:31.979000,0 days 00:17:58.899000,0 days 00:18:20.271000,282.0,254.0,259.0,303.0,True,SOFT,2.0,True,Ferrari,0 days 00:17:04.224000,2020-07-18 13:02:04.426,1,,False,,False,True
0 days 00:20:10.172000,LEC,16,0 days 00:01:49.901000,3.0,1.0,,,0 days 00:00:38.538000,0 days 00:00:38.985000,0 days 00:00:32.378000,0 days 00:18:58.809000,0 days 00:19:37.794000,0 days 00:20:10.172000,174.0,179.0,258.0,298.0,False,SOFT,3.0,True,Ferrari,0 days 00:18:20.271000,2020-07-18 13:03:20.473,1,,False,,False,True
0 days 00:21:26.374000,LEC,16,0 days 00:01:16.202000,4.0,1.0,,,0 days 00:00:27.835000,0 days 00:00:26.805000,0 days 00:00:21.562000,0 days 00:20:38.007000,0 days 00:21:04.812000,0 days 00:21:26.374000,282.0,253.0,258.0,302.0,False,SOFT,4.0,True,Ferrari,0 days 00:20:10.172000,2020-07-18 13:05:10.374,1,,False,,False,True
0 days 00:22:59.475000,LEC,16,0 days 00:01:33.101000,5.0,1.0,,0 days 00:22:57.799000,0 days 00:00:32.245000,0 days 00:00:34.320000,0 days 00:00:26.536000,0 days 00:21:58.619000,0 days 00:22:32.939000,0 days 00:22:59.475000,208.0,224.0,,296.0,False,SOFT,5.0,True,Ferrari,0 days 00:21:26.374000,2020-07-18 13:06:26.576,1,,False,,False,False
0 days 00:32:33.306000,LEC,16,,6.0,2.0,0 days 00:30:40.524000,,,0 days 00:00:35.062000,0 days 00:00:45.687000,,0 days 00:31:47.643000,0 days 00:32:33.523000,217.0,216.0,256.0,296.0,False,SOFT,1.0,True,Ferrari,0 days 00:22:59.475000,2020-07-18 13:07:59.677,1,,False,,False,False
0 days 00:33:49.099000,LEC,16,0 days 00:01:15.793000,7.0,2.0,,,0 days 00:00:27.743000,0 days 00:00:26.891000,0 days 00:00:21.159000,0 days 00:33:01.049000,0 days 00:33:27.940000,0 days 00:33:49.099000,285.0,255.0,258.0,303.0,True,SOFT,2.0,True,Ferrari,0 days 00:32:33.306000,2020-07-18 13:17:33.508,1,,False,,False,True
0 days 00:35:24.860000,LEC,16,0 days 00:01:35.761000,8.0,2.0,,0 days 00:35:23.148000,0 days 00:00:34.609000,0 days 00:00:33.638000,0 days 00:00:27.514000,0 days 00:34:23.708000,0 days 00:34:57.346000,0 days 00:35:24.860000,222.0,216.0,,257.0,False,SOFT,3.0,True,Ferrari,0 days 00:33:49.099000,2020-07-18 13:18:49.301,1,,False,,False,False
0 days 00:43:27.489000,LEC,16,,9.0,3.0,0 days 00:41:45.864000,,,0 days 00:00:37.423000,0 days 00:00:27.217000,,0 days 00:43:00.339000,0 days 00:43:27.563000,127.0,211.0,261.0,257.0,False,SOFT,1.0,True,Ferrari,0 days 00:35:24.860000,2020-07-18 13:20:25.062,1,,False,,False,False
0 days 00:44:43.164000,LEC,16,0 days 00:01:15.675000,10.0,3.0,,,0 days 00:00:27.389000,0 days 00:00:27.051000,0 days 00:00:21.235000,0 days 00:43:54.878000,0 days 00:44:21.929000,0 days 00:44:43.164000,283.0,254.0,259.0,304.0,True,SOFT,2.0,True,Ferrari,0 days 00:43:27.489000,2020-07-18 13:28:27.691,1,,False,,False,True
0 days 00:46:14.973000,LEC,16,0 days 00:01:31.809000,11.0,3.0,,0 days 00:46:13.202000,0 days 00:00:30.332000,0 days 00:00:33.059000,0 days 00:00:28.418000,0 days 00:45:13.496000,0 days 00:45:46.555000,0 days 00:46:14.973000,239.0,218.0,,296.0,False,SOFT,3.0,True,Ferrari,0 days 00:44:43.164000,2020-07-18 13:29:43.366,1,,False,,False,False
0 days 00:54:22.669000,LEC,16,,12.0,4.0,0 days 00:52:25.469000,,,0 days 00:00:46.917000,0 days 00:00:36.728000,,0 days 00:53:46.035000,0 days 00:54:22.669000,229.0,150.0,260.0,296.0,False,SOFT,1.0,True,Ferrari,0 days 00:46:14.973000,2020-07-18 13:31:15.175,1,,False,,False,False
0 days 00:55:37.675000,LEC,16,0 days 00:01:15.006000,13.0,4.0,,,0 days 00:00:27.452000,0 days 00:00:26.425000,0 days 00:00:21.129000,0 days 00:54:50.121000,0 days 00:55:16.546000,0 days 00:55:37.675000,281.0,258.0,259.0,302.0,True,SOFT,2.0,True,Ferrari,0 days 00:54:22.669000,2020-07-18 13:39:22.871,1,,False,,False,True
0 days 00:57:21.745000,LEC,16,0 days 00:01:44.070000,14.0,4.0,,0 days 00:57:19.994000,0 days 00:00:33.840000,0 days 00:00:39.381000,0 days 00:00:30.849000,0 days 00:56:11.515000,0 days 00:56:50.896000,0 days 00:57:21.745000,214.0,194.0,,261.0,False,SOFT,3.0,True,Ferrari,0 days 00:55:37.675000,2020-07-18 13:40:37.877,1,,False,,False,False
0 days 01:04:58.318000,LEC,16,,15.0,5.0,0 days 01:03:17.991000,,,0 days 00:00:38.802000,0 days 00:00:33.140000,,0 days 01:04:25.252000,0 days 01:04:58.328000,271.0,161.0,259.0,261.0,False,SOFT,4.0,False,Ferrari,0 days 00:57:21.745000,2020-07-18 13:42:21.947,1,,False,,False,False
0 days 01:06:13.893000,LEC,16,0 days 00:01:15.575000,16.0,5.0,,,0 days 00:00:27.557000,0 days 00:00:26.665000,0 days 00:00:21.353000,0 days 01:05:25.875000,0 days 01:05:52.540000,0 days 01:06:13.893000,282.0,255.0,260.0,303.0,True,SOFT,5.0,False,Ferrari,0 days 01:04:58.318000,2020-07-18 13:49:58.520,1,,False,,False,True
0 days 01:07:41.673000,LEC,16,0 days 00:01:27.780000,17.0,5.0,,0 days 01:07:39.883000,0 days 00:00:30.923000,0 days 00:00:31.014000,0 days 00:00:25.843000,0 days 01:06:44.816000,0 days 01:07:15.830000,0 days 01:07:41.673000,251.0,225.0,,288.0,False,SOFT,6.0,False,Ferrari,0 days 01:06:13.893000,2020-07-18 13:51:14.095,1,,False,,False,False
0 days 01:10:58.264000,LEC,16,,18.0,6.0,0 days 01:09:27.482000,,,0 days 00:00:36.556000,0 days 00:00:25.213000,,0 days 01:10:33.051000,0 days 01:10:58.367000,225.0,214.0,262.0,288.0,False,SOFT,1.0,True,Ferrari,0 days 01:07:41.673000,2020-07-18 13:52:41.875,1,,False,,False,False
0 days 01:12:13.081000,LEC,16,0 days 00:01:14.817000,19.0,6.0,,,0 days 00:00:27.451000,0 days 00:00:26.245000,0 days 00:00:21.121000,0 days 01:11:25.715000,0 days 01:11:51.960000,0 days 01:12:13.081000,281.0,258.0,259.0,302.0,True,SOFT,2.0,True,Ferrari,0 days 01:10:58.264000,2020-07-18 13:55:58.466,1,,False,,False,True
0 days 01:13:51.651000,LEC,16,,20.0,6.0,,0 days 01:13:51.651000,0 days 00:00:35.443000,0 days 00:00:35.592000,,0 days 01:12:48.545000,0 days 01:13:24.199000,,194.0,211.0,,281.0,False,SOFT,3.0,True,Ferrari,0 days 01:12:13.081000,2020-07-18 13:57:13.283,1,,False,,False,False
0 days 00:16:30.967000,VER,33,,1.0,1.0,0 days 00:15:03.162000,,,0 days 00:00:32.482000,0 days 00:00:24.560000,,0 days 00:16:06.452000,0 days 00:16:31.266000,270.0,212.0,260.0,,False,SOFT,1.0,True,Red Bull Racing,0 days 00:15:03.162000,2020-07-18 13:00:03.364,1,,False,,False,False
0 days 00:17:47.103000,VER,33,0 days 00:01:16.136000,2.0,1.0,,,0 days 00:00:27.832000,0 days 00:00:26.732000,0 days 00:00:21.572000,0 days 00:16:58.799000,0 days 00:17:25.531000,0 days 00:17:47.103000,279.0,254.0,261.0,302.0,True,SOFT,2.0,True,Red Bull Racing,0 days 00:16:30.967000,2020-07-18 13:01:31.169,1,,False,,False,True
0 days 00:19:31.802000,VER,33,0 days 00:01:44.699000,3.0,1.0,,,0 days 00:00:37.808000,0 days 00:00:39.090000,0 days 00:00:27.801000,0 days 00:18:24.911000,0 days 00:19:04.001000,0 days 00:19:31.802000,175.0,196.0,222.0,294.0,False,SOFT,3.0,True,Red Bull Racing,0 days 00:17:47.103000,2020-07-18 13:02:47.305,1,,False,,False,True
0 days 00:21:08.856000,VER,33,0 days 00:01:37.054000,4.0,1.0,,,0 days 00:00:35.968000,0 days 00:00:36.536000,0 days 00:00:24.550000,0 days 00:20:07.770000,0 days 00:20:44.306000,0 days 00:21:08.856000,153.0,146.0,262.0,261.0,False,SOFT,4.0,True,Red Bull Racing,0 days 00:19:31.802000,2020-07-18 13:04:32.004,1,,False,,False,True
0 days 00:22:25.192000,VER,33,0 days 00:01:16.336000,5.0,1.0,,,0 days 00:00:27.702000,0 days 00:00:26.978000,0 days 00:00:21.656000,0 days 00:21:36.558000,0 days 00:22:03.536000,0 days 00:22:25.192000,281.0,253.0,262.0,309.0,False,SOFT,5.0,True,Red Bull Racing,0 days 00:21:08.856000,2020-07-18 13:06:09.058,1,,False,,False,True
0 days 00:24:01.054000,VER,33,0 days 00:01:35.862000,6.0,1.0,,0 days 00:23:59.353000,0 days 00:00:32.434000,0 days 00:00:36.001000,0 days 00:00:27.427000,0 days 00:22:57.626000,0 days 00:23:33.627000,0 days 00:24:01.054000,128.0,208.0,,295.0,False,SOFT,6.0,True,Red Bull Racing,0 days 00:22:25.192000,2020-07-18 13:07:25.394,1,,False,,False,False
0 days 00:32:44.421000,VER,33,,7.0,2.0,0 days 00:30:48.517000,,,0 days 00:00:32.883000,0 days 00:00:52.529000,,0 days 00:31:51.892000,0 days 00:32:44.715000,273.0,207.0,264.0,295.0,False,SOFT,1.0,True,Red Bull Racing,0 days 00:24:01.054000,2020-07-18 13:09:01.256,1,,False,,False,False
0 days 00:33:59.916000,VER,33,0 days 00:01:15.495000,8.0,2.0,,,0 days 00:00:27.728000,0 days 00:00:26.546000,0 days 00:00:21.221000,0 days 00:33:12.149000,0 days 00:33:38.695000,0 days 00:33:59.916000,282.0,256.0,260.0,310.0,True,SOFT,2.0,True,Red Bull Racing,0 days 00:32:44.421000,2020-07-18 13:17:44.623,1,,False,,False,True
0 days 00:35:30.382000,VER,33,0 days 00:01:30.466000,9.0,2.0,,0 days 00:35:28.688000,0 days 00:00:32.096000,0 days 00:00:31.581000,0 days 00:00:26.789000,0 days 00:34:32.012000,0 days 00:35:03.593000,0 days 00:35:30.382000,241.0,225.0,,291.0,False,SOFT,3.0,True,Red Bull Racing,0 days 00:33:59.916000,2020-07-18 13:19:00.118,1,,False,,False,False
0 days 00:43:14.097000,VER,33,,10.0,3.0,0 days 00:41:39.113000,,,0 days 00:00:32.676000,0 days 00:00:32.009000,,0 days 00:42:42.188000,0 days 00:43:14.177000,265.0,163.0,265.0,291.0,False,SOFT,1.0,True,Red Bull Racing,0 days 00:35:30.382000,2020-07-18 13:20:30.584,1,,False,,False,False
0 days 00:44:29.245000,VER,33,0 days 00:01:15.148000,11.0,3.0,,,0 days 00:00:27.383000,0 days 00:00:26.485000,0 days 00:00:21.280000,0 days 00:43:41.480000,0 days 00:44:07.965000,0 days 00:44:29.245000,281.0,258.0,262.0,309.0,True,SOFT,2.0,True,Red Bull Racing,0 days 00:43:14.097000,2020-07-18 13:28:14.299,1,,False,,False,True
0 days 00:46:00.352000,VER,33,0 days 00:01:31.107000,12.0,3.0,,0 days 00:45:58.585000,0 days 00:00:31.422000,0 days 00:00:31.474000,0 days 00:00:28.211000,0 days 00:45:00.667000,0 days 00:45:32.141000,0 days 00:46:00.352000,245.0,220.0,,288.0,False,SOFT,3.0,True,Red Bull Racing,0 days 00:44:29.245000,2020-07-18 13:29:29.447,1,,False,,False,False
0 days 00:54:54.239000,VER,33,,13.0,4.0,0 days 00:53:07.499000,,,0 days 00:00:33.092000,0 days 00:00:43.134000,,0 days 00:54:11.116000,0 days 00:54:54.302000,272.0,217.0,263.0,288.0,False,SOFT,1.0,True,Red Bull Racing,0 days 00:46:00.352000,2020-07-18 13:31:00.554,1,,False,,False,False
0 days 00:56:09.215000,VER,33,0 days 00:01:14.976000,14.0,4.0,,,0 days 00:00:27.338000,0 days 00:00:26.408000,0 days 00:00:21.230000,0 days 00:55:21.577000,0 days 00:55:47.985000,0 days 00:56:09.215000,282.0,258.0,261.0,308.0,True,SOFT,2.0,True,Red Bull Racing,0 days 00:54:54.239000,2020-07-18 13:39:54.441,1,,False,,False,True
0 days 00:57:43.748000,VER,33,0 days 00:01:34.533000,15.0,4.0,,0 days 00:57:41.948000,0 days 00:00:31.897000,0 days 00:00:33.426000,0 days 00:00:29.210000,0 days 00:56:41.112000,0 days 00:57:14.538000,0 days 00:57:43.748000,243.0,205.0,,292.0,False,SOFT,3.0,True,Red Bull Racing,0 days 00:56:09.215000,2020-07-18 13:41:09.417,1,,False,,False,False
0 days 01:05:33.645000,VER,33,,16.0,5.0,0 days 01:04:05.773000,,,0 days 00:00:33.149000,0 days 00:00:23.927000,,0 days 01:05:09.745000,0 days 01:05:33.717000,264.0,212.0,266.0,292.0,False,SOFT,1.0,True,Red Bull Racing,0 days 00:57:43.748000,2020-07-18 13:42:43.950,1,,False,,False,False
0 days 01:06:48.494000,VER,33,0 days 00:01:14.849000,17.0,5.0,,,0 days 00:00:27.262000,0 days 00:00:26.351000,0 days 00:00:21.236000,0 days 01:06:00.907000,0 days 01:06:27.258000,0 days 01:06:48.494000,281.0,256.0,262.0,309.0,True,SOFT,2.0,True,Red Bull Racing,0 days 01:05:33.645000,2020-07-18 13:50:33.847,1,,False,,False,True
0 days 01:08:23.181000,VER,33,0 days 00:01:34.687000,18.0,5.0,,0 days 01:08:21.407000,0 days 00:00:32.959000,0 days 00:00:33.465000,0 days 00:00:28.263000,0 days 01:07:21.453000,0 days 01:07:54.918000,0 days 01:08:23.181000,229.0,206.0,,293.0,False,SOFT,3.0,True,Red Bull Racing,0 days 01:06:48.494000,2020-07-18 13:51:48.696,1,,False,,False,False
0 days 01:14:21.883000,VER,33,,19.0,6.0,0 days 01:12:51.291000,,,0 days 00:00:34.016000,0 days 00:00:26.397000,,0 days 01:13:55.495000,0 days 01:14:21.928000,244.0,215.0,263.0,293.0,False,SOFT,4.0,False,Red Bull Racing,0 days 01:08:23.181000,2020-07-18 13:53:23.383,1,,False,,False,False
0 days 01:15:36.746000,VER,33,0 days 00:01:14.863000,20.0,6.0,,,0 days 00:00:27.289000,0 days 00:00:26.354000,0 days 00:00:21.220000,0 days 01:14:49.172000,0 days 01:15:15.526000,0 days 01:15:36.746000,281.0,257.0,257.0,306.0,False,SOFT,5.0,False,Red Bull Racing,0 days 01:14:21.883000,2020-07-18 13:59:22.085,1,,False,,False,True
0 days 01:17:06.959000,VER,33,,21.0,6.0,,0 days 01:17:06.959000,0 days 00:00:32.839000,0 days 00:00:30.912000,,0 days 01:16:09.636000,0 days 01:16:40.485000,,229.0,216.0,,287.0,False,SOFT,6.0,False,Red Bull Racing,0 days 01:15:36.746000,2020-07-18 14:00:36.948,1,,False,,False,False
0 days 00:17:24.224000,NOR,4,,1.0,1.0,0 days 00:15:22.537000,,,0 days 00:00:38.689000,0 days 00:00:45.249000,,0 days 00:16:39.048000,0 days 00:17:24.525000,250.0,206.0,256.0,,False,SOFT,1.0,True,McLaren,0 days 00:15:22.537000,2020-07-18 13:00:22.739,1,,False,,False,False
0 days 00:18:40.722000,NOR,4,0 days 00:01:16.498000,2.0,1.0,,,0 days 00:00:28.138000,0 days 00:00:26.883000,0 days 00:00:21.477000,0 days 00:17:52.362000,0 days 00:18:19.245000,0 days 00:18:40.722000,282.0,254.0,261.0,303.0,True,SOFT,2.0,True,McLaren,0 days 00:17:24.224000,2020-07-18 13:02:24.426,1,,False,,False,True
0 days 00:20:28.580000,NOR,4,0 days 00:01:47.858000,3.0,1.0,,,0 days 00:00:36.795000,0 days 00:00:38.088000,0 days 00:00:32.975000,0 days 00:19:17.517000,0 days 00:19:55.605000,0 days 00:20:28.580000,232.0,210.0,260.0,283.0,False,SOFT,3.0,True,McLaren,0 days 00:18:40.722000,2020-07-18 13:03:40.924,1,,False,,False,True
0 days 00:21:44.719000,NOR,4,0 days 00:01:16.139000,4.0,1.0,,,0 days 00:00:27.802000,0 days 00:00:26.877000,0 days 00:00:21.460000,0 days 00:20:56.382000,0 days 00:21:23.259000,0 days 00:21:44.719000,282.0,255.0,262.0,304.0,True,SOFT,4.0,True,McLaren,0 days 00:20:28.580000,2020-07-18 13:05:28.782,1,,False,,False,True
0 days 00:23:22.588000,NOR,4,0 days 00:01:37.869000,5.0,1.0,,,0 days 00:00:34.075000,0 days 00:00:39.549000,0 days 00:00:24.245000,0 days 00:22:18.794000,0 days 00:22:58.343000,0 days 00:23:22.588000,141.0,219.0,260.0,284.0,False,SOFT,5.0,True,McLaren,0 days 00:21:44.719000,2020-07-18 13:06:44.921,1,,False,,False,True
0 days 00:24:48.174000,NOR,4,0 days 00:01:25.586000,6.0,1.0,,0 days 00:24:45.715000,0 days 00:00:27.814000,0 days 00:00:30.059000,0 days 00:00:27.713000,0 days 00:23:50.402000,0 days 00:24:20.461000,0 days 00:24:48.174000,281.0,227.0,,301.0,False,SOFT,6.0,True,McLaren,0 days 00:23:22.588000,2020-07-18 13:08:22.790,1,,False,,False,False
0 days 00:31:45.894000,NOR,4,,7.0,2.0,0 days 00:29:58.546000,,,0 days 00:00:33.674000,0 days 00:00:42.310000,,0 days 00:31:03.609000,0 days 00:31:46.194000,196.0,222.0,262.0,301.0,False,SOFT,1.0,True,McLaren,0 days 00:24:48.174000,2020-07-18 13:09:48.376,1,,False,,False,False
0 days 00:33:01.338000,NOR,4,0 days 00:01:15.444000,8.0,2.0,,,0 days 00:00:27.628000,0 days 00:00:26.562000,0 days 00:00:21.254000,0 days 00:32:13.522000,0 days 00:32:40.084000,0 days 00:33:01.338000,283.0,257.0,262.0,305.0,True,SOFT,2.0,True,McLaren,0 days 00:31:45.894000,2020-07-18 13:16:46.096,1,,False,,False,True
0 days 00:34:37.060000,NOR,4,0 days 00:01:35.722000,9.0,2.0,,0 days 00:34:35.348000,0 days 00:00:32.986000,0 days 00:00:33.352000,0 days 00:00:29.384000,0 days 00:33:34.324000,0 days 00:34:07.676000,0 days 00:34:37.060000,178.0,203.0,,284.0,False,SOFT,3.0,True,McLaren,0 days 00:33:01.338000,2020-07-18 13:18:01.540,1,,False,,False,False
0 days 00:42:44.216000,NOR,4,,10.0,3.0,0 days 00:41:14.258000,,,0 days 00:00:33.701000,0 days 00:00:24.992000,,0 days 00:42:19.286000,0 days 00:42:44.298000,261.0,191.0,262.0,284.0,False,SOFT,1.0,True,McLaren,0 days 00:34:37.060000,2020-07-18 13:19:37.262,1,,False,,False,False
0 days 00:43:59.419000,NOR,4,0 days 00:01:15.203000,11.0,3.0,,,0 days 00:00:27.529000,0 days 00:00:26.500000,0 days 00:00:21.174000,0 days 00:43:11.745000,0 days 00:43:38.245000,0 days 00:43:59.419000,280.0,256.0,263.0,304.0,True,SOFT,2.0,True,McLaren,0 days 00:42:44.216000,2020-07-18 13:27:44.418,1,,False,,False,True
0 days 00:45:34.642000,NOR,4,0 days 00:01:35.223000,12.0,3.0,,0 days 00:45:32.872000,0 days 00:00:32.068000,0 days 00:00:33.549000,0 days 00:00:29.606000,0 days 00:44:31.487000,0 days 00:45:05.036000,0 days 00:45:34.642000,235.0,200.0,,281.0,False,SOFT,3.0,True,McLaren,0 days 00:43:59.419000,2020-07-18 13:28:59.621,1,,False,,False,False
0 days 00:53:51.515000,NOR,4,,13.0,4.0,0 days 00:52:13.356000,,,0 days 00:00:33.780000,0 days 00:00:30.563000,,0 days 00:53:21.027000,0 days 00:53:51.606000,251.0,204.0,261.0,281.0,False,SOFT,1.0,True,McLaren,0 days 00:45:34.642000,2020-07-18 13:30:34.844,1,,False,,False,False
0 days 00:55:06.600000,NOR,4,0 days 00:01:15.085000,14.0,4.0,,,0 days 00:00:27.507000,0 days 00:00:26.399000,0 days 00:00:21.179000,0 days 00:54:19.022000,0 days 00:54:45.421000,0 days 00:55:06.600000,278.0,258.0,262.0,302.0,True,SOFT,2.0,True,McLaren,0 days 00:53:51.515000,2020-07-18 13:38:51.717,1,,False,,False,True
0 days 00:56:46.762000,NOR,4,0 days 00:01:40.162000,15.0,4.0,,0 days 00:56:44.927000,0 days 00:00:32.742000,0 days 00:00:36.282000,0 days 00:00:31.138000,0 days 00:55:39.342000,0 days 00:56:15.624000,0 days 00:56:46.762000,194.0,192.0,,286.0,False,SOFT,3.0,True,McLaren,0 days 00:55:06.600000,2020-07-18 13:40:06.802,1,,False,,False,False
0 days 01:05:13.353000,NOR,4,,16.0,5.0,0 days 01:03:33.817000,,,0 days 00:00:36.472000,0 days 00:00:32.670000,,0 days 01:04:40.749000,0 days 01:05:13.413000,268.0,184.0,263.0,286.0,False,SOFT,1.0,True,McLaren,0 days 00:56:46.762000,2020-07-18 13:41:46.964,1,,False,,False,False
0 days 01:06:28.319000,NOR,4,0 days 00:01:14.966000,17.0,5.0,,,0 days 00:00:27.354000,0 days 00:00:26.319000,0 days 00:00:21.293000,0 days 01:05:40.707000,0 days 01:06:07.026000,0 days 01:06:28.319000,281.0,257.0,263.0,306.0,True,SOFT,2.0,True,McLaren,0 days 01:05:13.353000,2020-07-18 13:50:13.555,1,,False,,False,True
0 days 01:08:04.573000,NOR,4,0 days 00:01:36.254000,18.0,5.0,,0 days 01:08:02.776000,0 days 00:00:33.746000,0 days 00:00:32.836000,0 days 00:00:29.672000,0 days 01:07:02.065000,0 days 01:07:34.901000,0 days 01:08:04.573000,203.0,206.0,,284.0,False,SOFT,3.0,True,McLaren,0 days 01:06:28.319000,2020-07-18 13:51:28.521,1,,False,,False,False
0 days 01:14:07.315000,NOR,4,,19.0,6.0,0 days 01:12:33.082000,,,0 days 00:00:32.183000,0 days 00:00:31.769000,,0 days 01:13:35.546000,0 days 01:14:07.371000,260.0,208.0,262.0,284.0,False,SOFT,4.0,False,McLaren,0 days 01:08:04.573000,2020-07-18 13:53:04.775,1,,False,,False,False
0 days 01:15:26.940000,NOR,4,,20.0,6.0,,0 days 01:15:26.940000,0 days 00:00:27.602000,0 days 00:00:26.398000,,0 days 01:14:34.918000,0 days 01:15:01.288000,,280.0,257.0,,304.0,False,SOFT,5.0,False,McLaren,0 days 01:14:07.315000,2020-07-18 13:59:07.517,1,,False,,False,False
0 days 00:17:29.354000,SAI,55,,1.0,1.0,0 days 00:15:23.795000,,,0 days 00:00:37.003000,0 days 00:00:47.716000,,0 days 00:16:41.696000,0 days 00:17:29.647000,223.0,160.0,260.0,,False,SOFT,1.0,True,McLaren,0 days 00:15:23.795000,2020-07-18 13:00:23.997,1,,False,,False,False
0 days 00:18:45.771000,SAI,55,0 days 00:01:16.417000,2.0,1.0,,,0 days 00:00:28.018000,0 days 00:00:26.805000,0 days 00:00:21.594000,0 days 00:17:57.372000,0 days 00:18:24.177000,0 days 00:18:45.771000,283.0,255.0,262.0,305.0,True,SOFT,2.0,True,McLaren,0 days 00:17:29.354000,2020-07-18 13:02:29.556,1,,False,,False,True
0 days 00:20:32.076000,SAI,55,0 days 00:01:46.305000,3.0,1.0,,,0 days 00:00:34.959000,0 days 00:00:40.035000,0 days 00:00:31.311000,0 days 00:19:20.730000,0 days 00:20:00.765000,0 days 00:20:32.076000,210.0,206.0,261.0,293.0,False,SOFT,3.0,True,McLaren,0 days 00:18:45.771000,2020-07-18 13:03:45.973,1,,False,,False,True
0 days 00:21:48.629000,SAI,55,0 days 00:01:16.553000,4.0,1.0,,,0 days 00:00:27.838000,0 days 00:00:27.082000,0 days 00:00:21.633000,0 days 00:20:59.914000,0 days 00:21:26.996000,0 days 00:21:48.629000,284.0,255.0,261.0,306.0,False,SOFT,4.0,True,McLaren,0 days 00:20:32.076000,2020-07-18 13:05:32.278,1,,False,,False,True
0 days 00:23:33.483000,SAI,55,0 days 00:01:44.854000,5.0,1.0,,,0 days 00:00:33.557000,0 days 00:00:37.623000,0 days 00:00:33.674000,0 days 00:22:22.186000,0 days 00:22:59.809000,0 days 00:23:33.483000,219.0,171.0,262.0,293.0,False,SOFT,5.0,True,McLaren,0 days 00:21:48.629000,2020-07-18 13:06:48.831,1,,False,,False,True
0 days 00:24:49.638000,SAI,55,0 days 00:01:16.155000,6.0,1.0,,,0 days 00:00:27.690000,0 days 00:00:26.825000,0 days 00:00:21.640000,0 days 00:24:01.173000,0 days 00:24:27.998000,0 days 00:24:49.638000,285.0,255.0,260.0,306.0,True,SOFT,6.0,True,McLaren,0 days 00:23:33.483000,2020-07-18 13:08:33.685,1,,False,,False,True
0 days 00:26:20.509000,SAI,55,0 days 00:01:30.871000,7.0,1.0,,0 days 00:26:18.779000,0 days 00:00:30.461000,0 days 00:00:32.576000,0 days 00:00:27.834000,0 days 00:25:20.099000,0 days 00:25:52.675000,0 days 00:26:20.509000,247.0,216.0,,290.0,False,SOFT,7.0,True,McLaren,0 days 00:24:49.638000,2020-07-18 13:09:49.840,1,,False,,False,False
0 days 00:31:51.499000,SAI,55,,8.0,2.0,0 days 00:30:00.223000,,,0 days 00:00:36.103000,0 days 00:00:43.945000,,0 days 00:31:07.691000,0 days 00:31:51.792000,261.0,225.0,263.0,290.0,False,SOFT,1.0,True,McLaren,0 days 00:26:20.509000,2020-07-18 13:11:20.711,1,,False,,False,False
0 days 00:33:06.780000,SAI,55,0 days 00:01:15.281000,9.0,2.0,,,0 days 00:00:27.575000,0 days 00:00:26.429000,0 days 00:00:21.277000,0 days 00:32:19.074000,0 days 00:32:45.503000,0 days 00:33:06.780000,284.0,258.0,262.0,306.0,True,SOFT,2.0,True,McLaren,0 days 00:31:51.499000,2020-07-18 13:16:51.701,1,,False,,False,True
0 days 00:34:45.342000,SAI,55,0 days 00:01:38.562000,10.0,2.0,,0 days 00:34:43.633000,0 days 00:00:33.847000,0 days 00:00:34.653000,0 days 00:00:30.062000,0 days 00:33:40.627000,0 days 00:34:15.280000,0 days 00:34:45.342000,226.0,195.0,,294.0,False,SOFT,3.0,True,McLaren,0 days 00:33:06.780000,2020-07-18 13:18:06.982,1,,False,,False,False
0 days 00:42:51.188000,SAI,55,,11.0,3.0,0 days 00:41:19.664000,,,0 days 00:00:32.853000,0 days 00:00:27.870000,,0 days 00:42:23.360000,0 days 00:42:51.291000,262.0,213.0,262.0,294.0,False,SOFT,1.0,True,McLaren,0 days 00:34:45.342000,2020-07-18 13:19:45.544,1,,False,,False,False
0 days 00:44:06.455000,SAI,55,0 days 00:01:15.267000,12.0,3.0,,,0 days 00:00:27.560000,0 days 00:00:26.494000,0 days 00:00:21.213000,0 days 00:43:18.748000,0 days 00:43:45.242000,0 days 00:44:06.455000,283.0,257.0,262.0,305.0,True,SOFT,2.0,True,McLaren,0 days 00:42:51.188000,2020-07-18 13:27:51.390,1,,False,,False,True
0 days 00:45:46.155000,SAI,55,0 days 00:01:39.700000,13.0,3.0,,0 days 00:45:44.386000,0 days 00:00:33.515000,0 days 00:00:36.593000,0 days 00:00:29.592000,0 days 00:44:39.970000,0 days 00:45:16.563000,0 days 00:45:46.155000,214.0,182.0,,292.0,False,SOFT,3.0,True,McLaren,0 days 00:44:06.455000,2020-07-18 13:29:06.657,1,,False,,False,False
0 days 00:54:01.511000,SAI,55,,14.0,4.0,0 days 00:52:21.328000,,,0 days 00:00:35.012000,0 days 00:00:34.334000,,0 days 00:53:27.188000,0 days 00:54:01.576000,263.0,213.0,264.0,292.0,False,SOFT,1.0,True,McLaren,0 days 00:45:46.155000,2020-07-18 13:30:46.357,1,,False,,False,False
0 days 00:55:17.061000,SAI,55,0 days 00:01:15.550000,15.0,4.0,,,0 days 00:00:27.570000,0 days 00:00:26.361000,0 days 00:00:21.619000,0 days 00:54:29.081000,0 days 00:54:55.442000,0 days 00:55:17.061000,281.0,258.0,261.0,306.0,False,SOFT,2.0,True,McLaren,0 days 00:54:01.511000,2020-07-18 13:39:01.713,1,,False,,False,True
0 days 00:56:57.676000,SAI,55,0 days 00:01:40.615000,16.0,4.0,,0 days 00:56:55.895000,0 days 00:00:34.153000,0 days 00:00:35.880000,0 days 00:00:30.582000,0 days 00:55:51.214000,0 days 00:56:27.094000,0 days 00:56:57.676000,218.0,192.0,,296.0,False,SOFT,3.0,True,McLaren,0 days 00:55:17.061000,2020-07-18 13:40:17.263,1,,False,,False,False
0 days 01:05:28.321000,SAI,55,,17.0,5.0,0 days 01:03:45.575000,,,0 days 00:00:33.857000,0 days 00:00:35.483000,,0 days 01:04:52.885000,0 days 01:05:28.423000,258.0,212.0,264.0,296.0,False,SOFT,1.0,True,McLaren,0 days 00:56:57.676000,2020-07-18 13:41:57.878,1,,False,,False,False
0 days 01:06:43.348000,SAI,55,0 days 00:01:15.027000,18.0,5.0,,,0 days 00:00:27.406000,0 days 00:00:26.229000,0 days 00:00:21.392000,0 days 01:05:55.727000,0 days 01:06:21.956000,0 days 01:06:43.348000,282.0,258.0,260.0,306.0,True,SOFT,2.0,True,McLaren,0 days 01:05:28.321000,2020-07-18 13:50:28.523,1,,False,,False,True
0 days 01:08:21.670000,SAI,55,0 days 00:01:38.322000,19.0,5.0,,0 days 01:08:19.894000,0 days 00:00:33.914000,0 days 00:00:34.572000,0 days 00:00:29.836000,0 days 01:07:17.262000,0 days 01:07:51.834000,0 days 01:08:21.670000,236.0,202.0,,293.0,False,SOFT,3.0,True,McLaren,0 days 01:06:43.348000,2020-07-18 13:51:43.550,1,,False,,False,False
0 days 01:14:14.574000,SAI,55,,20.0,6.0,0 days 01:12:45.450000,,,0 days 00:00:32.651000,0 days 00:00:25.464000,,0 days 01:13:49.110000,0 days 01:14:14.613000,260.0,221.0,263.0,293.0,False,SOFT,4.0,False,McLaren,0 days 01:08:21.670000,2020-07-18 13:53:21.872,1,,False,,False,False
0 days 01:15:38.545000,SAI,55,,21.0,6.0,,0 days 01:15:38.545000,0 days 00:00:28.614000,0 days 00:00:28.508000,,0 days 01:14:43.251000,0 days 01:15:11.744000,,261.0,239.0,,305.0,False,SOFT,5.0,False,McLaren,0 days 01:14:14.574000,2020-07-18 13:59:14.776,1,,False,,False,False
0 days 00:17:50.597000,GAS,10,,1.0,1.0,0 days 00:16:12.600000,,,0 days 00:00:37.680000,0 days 00:00:28.579000,,0 days 00:17:22.018000,0 days 00:17:50.901000,245.0,202.0,262.0,,False,SOFT,1.0,True,AlphaTauri,0 days 00:16:12.600000,2020-07-18 13:01:12.802,1,,False,,False,False
0 days 00:19:07.430000,GAS,10,0 days 00:01:16.833000,2.0,1.0,,,0 days 00:00:27.858000,0 days 00:00:27.243000,0 days 00:00:21.732000,0 days 00:18:18.455000,0 days 00:18:45.698000,0 days 00:19:07.430000,285.0,245.0,261.0,309.0,True,SOFT,2.0,True,AlphaTauri,0 days 00:17:50.597000,2020-07-18 13:02:50.799,1,,False,,False,True
0 days 00:20:51.530000,GAS,10,0 days 00:01:44.100000,3.0,1.0,,,0 days 00:00:34.536000,0 days 00:00:41.377000,0 days 00:00:28.187000,0 days 00:19:41.966000,0 days 00:20:23.343000,0 days 00:20:51.530000,248.0,209.0,262.0,296.0,False,SOFT,3.0,True,AlphaTauri,0 days 00:19:07.430000,2020-07-18 13:04:07.632,1,,False,,False,True
0 days 00:22:07.822000,GAS,10,0 days 00:01:16.292000,4.0,1.0,,,0 days 00:00:27.743000,0 days 00:00:26.936000,0 days 00:00:21.613000,0 days 00:21:19.273000,0 days 00:21:46.209000,0 days 00:22:07.822000,283.0,255.0,260.0,307.0,True,SOFT,4.0,True,AlphaTauri,0 days 00:20:51.530000,2020-07-18 13:05:51.732,1,,False,,False,True
0 days 00:23:40.093000,GAS,10,0 days 00:01:32.271000,5.0,1.0,,0 days 00:23:38.295000,0 days 00:00:30.741000,0 days 00:00:32.756000,0 days 00:00:28.774000,0 days 00:22:38.563000,0 days 00:23:11.319000,0 days 00:23:40.093000,255.0,220.0,,296.0,False,SOFT,5.0,True,AlphaTauri,0 days 00:22:07.822000,2020-07-18 13:07:08.024,1,,False,,False,False
0 days 00:29:07.050000,GAS,10,,6.0,2.0,0 days 00:27:26.892000,,,0 days 00:00:35.862000,0 days 00:00:25.540000,,0 days 00:28:41.565000,0 days 00:29:07.348000,240.0,233.0,262.0,296.0,False,SOFT,1.0,True,AlphaTauri,0 days 00:23:40.093000,2020-07-18 13:08:40.295,1,,False,,False,False
0 days 00:30:22.817000,GAS,10,0 days 00:01:15.767000,7.0,2.0,,,0 days 00:00:27.544000,0 days 00:00:26.795000,0 days 00:00:21.428000,0 days 00:29:34.594000,0 days 00:30:01.389000,0 days 00:30:22.817000,281.0,254.0,262.0,306.0,True,SOFT,2.0,True,AlphaTauri,0 days 00:29:07.050000,2020-07-18 13:14:07.252,1,,False,,False,True
0 days 00:32:11.391000,GAS,10,0 days 00:01:48.574000,8.0,2.0,,,0 days 00:00:35.254000,0 days 00:00:37.333000,0 days 00:00:35.987000,0 days 00:30:58.071000,0 days 00:31:35.404000,0 days 00:32:11.391000,216.0,217.0,261.0,293.0,False,SOFT,3.0,True,AlphaTauri,0 days 00:30:22.817000,2020-07-18 13:15:23.019,1,,False,,False,True
0 days 00:33:38.236000,GAS,10,0 days 00:01:26.845000,9.0,2.0,,0 days 00:33:36.217000,0 days 00:00:28.049000,0 days 00:00:29.029000,0 days 00:00:29.767000,0 days 00:32:39.440000,0 days 00:33:08.469000,0 days 00:33:38.236000,284.0,229.0,,309.0,False,SOFT,4.0,True,AlphaTauri,0 days 00:32:11.391000,2020-07-18 13:17:11.593,1,,False,,False,False
0 days 00:45:35.893000,GAS,10,,10.0,3.0,0 days 00:43:59.742000,,,0 days 00:00:37.315000,0 days 00:00:27.390000,,0 days 00:45:08.543000,0 days 00:45:35.979000,260.0,209.0,261.0,309.0,False,SOFT,1.0,True,AlphaTauri,0 days 00:33:38.236000,2020-07-18 13:18:38.438,1,,False,,False,False
0 days 00:46:51.401000,GAS,10,0 days 00:01:15.508000,11.0,3.0,,,0 days 00:00:27.591000,0 days 00:00:26.626000,0 days 00:00:21.291000,0 days 00:46:03.484000,0 days 00:46:30.110000,0 days 00:46:51.401000,280.0,256.0,261.0,305.0,True,SOFT,2.0,True,AlphaTauri,0 days 00:45:35.893000,2020-07-18 13:30:36.095,1,,False,,False,True
0 days 00:48:37.276000,GAS,10,0 days 00:01:45.875000,12.0,3.0,,0 days 00:48:35.490000,0 days 00:00:33.840000,0 days 00:00:37.679000,0 days 00:00:34.356000,0 days 00:47:25.241000,0 days 00:48:02.920000,0 days 00:48:37.276000,238.0,196.0,,291.0,False,SOFT,3.0,True,AlphaTauri,0 days 00:46:51.401000,2020-07-18 13:31:51.603,1,,False,,False,False
0 days 00:54:21.066000,GAS,10,,13.0,4.0,0 days 00:52:18.524000,,,0 days 00:00:44.308000,0 days 00:00:43.882000,,0 days 00:53:37.214000,0 days 00:54:21.066000,153.0,145.0,128.0,291.0,False,SOFT,1.0,True,AlphaTauri,0 days 00:48:37.276000,2020-07-18 13:33:37.478,1,,False,,False,False
0 days 00:56:41.871000,GAS,10,0 days 00:02:20.805000,14.0,4.0,,0 days 00:56:40.077000,0 days 00:00:56.288000,0 days 00:00:48.723000,0 days 00:00:35.794000,0 days 00:55:17.354000,0 days 00:56:06.077000,0 days 00:56:41.871000,105.0,145.0,,138.0,False,SOFT,2.0,True,AlphaTauri,0 days 00:54:21.066000,2020-07-18 13:39:21.268,1,,False,,False,False
0 days 00:19:25.002000,RIC,3,,1.0,1.0,0 days 00:17:43.117000,,,0 days 00:00:37.199000,0 days 00:00:28.162000,,0 days 00:18:56.840000,0 days 00:19:25.242000,211.0,214.0,259.0,,False,SOFT,1.0,True,Renault,0 days 00:17:43.117000,2020-07-18 13:02:43.319,1,,False,,False,False
0 days 00:20:41.738000,RIC,3,0 days 00:01:16.736000,2.0,1.0,,,0 days 00:00:28.012000,0 days 00:00:27.115000,0 days 00:00:21.609000,0 days 00:19:53.014000,0 days 00:20:20.129000,0 days 00:20:41.738000,283.0,252.0,259.0,301.0,True,SOFT,2.0,True,Renault,0 days 00:19:25.002000,2020-07-18 13:04:25.204,1,,False,,False,True
0 days 00:22:30.018000,RIC,3,0 days 00:01:48.280000,3.0,1.0,,,0 days 00:00:38.008000,0 days 00:00:38.173000,0 days 00:00:32.099000,0 days 00:21:19.746000,0 days 00:21:57.919000,0 days 00:22:30.018000,114.0,201.0,259.0,290.0,False,SOFT,3.0,True,Renault,0 days 00:20:41.738000,2020-07-18 13:05:41.940,1,,False,,False,True
0 days 00:23:46.129000,RIC,3,0 days 00:01:16.111000,4.0,1.0,,,0 days 00:00:27.857000,0 days 00:00:26.831000,0 days 00:00:21.423000,0 days 00:22:57.875000,0 days 00:23:24.706000,0 days 00:23:46.129000,286.0,254.0,259.0,305.0,True,SOFT,4.0,True,Renault,0 days 00:22:30.018000,2020-07-18 13:07:30.220,1,,False,,False,True
0 days 00:25:17.826000,RIC,3,0 days 00:01:31.697000,5.0,1.0,,0 days 00:25:16.130000,0 days 00:00:31.263000,0 days 00:00:32.143000,0 days 00:00:28.291000,0 days 00:24:17.392000,0 days 00:24:49.535000,0 days 00:25:17.826000,257.0,220.0,,288.0,False,SOFT,5.0,True,Renault,0 days 00:23:46.129000,2020-07-18 13:08:46.331,1,,False,,False,False
0 days 00:32:20.134000,RIC,3,,6.0,2.0,0 days 00:30:30.355000,,,0 days 00:00:33.547000,0 days 00:00:44.057000,,0 days 00:31:36.109000,0 days 00:32:20.376000,265.0,217.0,255.0,288.0,False,SOFT,1.0,True,Renault,0 days 00:25:17.826000,2020-07-18 13:10:18.028,1,,False,,False,False
0 days 00:33:35.982000,RIC,3,0 days 00:01:15.848000,7.0,2.0,,,0 days 00:00:27.819000,0 days 00:00:26.737000,0 days 00:00:21.292000,0 days 00:32:47.953000,0 days 00:33:14.690000,0 days 00:33:35.982000,286.0,255.0,260.0,304.0,True,SOFT,2.0,True,Renault,0 days 00:32:20.134000,2020-07-18 13:17:20.336,1,,False,,False,True
0 days 00:35:08.534000,RIC,3,0 days 00:01:32.552000,8.0,2.0,,0 days 00:35:06.829000,0 days 00:00:32.235000,0 days 00:00:31.727000,0 days 00:00:28.590000,0 days 00:34:08.217000,0 days 00:34:39.944000,0 days 00:35:08.534000,259.0,225.0,,291.0,False,SOFT,3.0,True,Renault,0 days 00:33:35.982000,2020-07-18 13:18:36.184,1,,False,,False,False
0 days 00:42:55.236000,RIC,3,,9.0,3.0,0 days 00:41:26.425000,,,0 days 00:00:30.793000,0 days 00:00:27.460000,,0 days 00:42:27.798000,0 days 00:42:55.261000,265.0,228.0,263.0,291.0,False,MEDIUM,1.0,True,Renault,0 days 00:35:08.534000,2020-07-18 13:20:08.736,1,,False,,False,False
0 days 00:44:10.897000,RIC,3,0 days 00:01:15.661000,10.0,3.0,,,0 days 00:00:27.813000,0 days 00:00:26.665000,0 days 00:00:21.183000,0 days 00:43:23.049000,0 days 00:43:49.714000,0 days 00:44:10.897000,286.0,257.0,261.0,307.0,True,MEDIUM,2.0,True,Renault,0 days 00:42:55.236000,2020-07-18 13:27:55.438,1,,False,,False,True
0 days 00:45:47.772000,RIC,3,0 days 00:01:36.875000,11.0,3.0,,0 days 00:45:45.981000,0 days 00:00:32.507000,0 days 00:00:34.326000,0 days 00:00:30.042000,0 days 00:44:43.404000,0 days 00:45:17.730000,0 days 00:45:47.772000,250.0,205.0,,291.0,False,MEDIUM,3.0,True,Renault,0 days 00:44:10.897000,2020-07-18 13:29:11.099,1,,False,,False,False
0 days 00:54:05.981000,RIC,3,,12.0,4.0,0 days 00:52:19.458000,,,0 days 00:00:36.947000,0 days 00:00:36.295000,,0 days 00:53:29.715000,0 days 00:54:06.013000,224.0,221.0,262.0,291.0,False,SOFT,1.0,True,Renault,0 days 00:45:47.772000,2020-07-18 13:30:47.974,1,,False,,False,False
0 days 00:55:21.671000,RIC,3,0 days 00:01:15.690000,13.0,4.0,,,0 days 00:00:27.607000,0 days 00:00:26.546000,0 days 00:00:21.537000,0 days 00:54:33.588000,0 days 00:55:00.134000,0 days 00:55:21.671000,284.0,257.0,258.0,305.0,False,SOFT,2.0,True,Renault,0 days 00:54:05.981000,2020-07-18 13:39:06.183,1,,False,,False,True
0 days 00:56:59.728000,RIC,3,0 days 00:01:38.057000,14.0,4.0,,0 days 00:56:57.947000,0 days 00:00:34.132000,0 days 00:00:33.573000,0 days 00:00:30.352000,0 days 00:55:55.803000,0 days 00:56:29.376000,0 days 00:56:59.728000,249.0,213.0,,290.0,False,SOFT,3.0,True,Renault,0 days 00:55:21.671000,2020-07-18 13:40:21.873,1,,False,,False,False
0 days 00:17:10.052000,RUS,63,,1.0,1.0,0 days 00:15:21.389000,,,0 days 00:00:39.567000,0 days 00:00:31.944000,,0 days 00:16:38.108000,0 days 00:17:10.341000,193.0,216.0,248.0,,False,SOFT,1.0,True,Williams,0 days 00:15:21.389000,2020-07-18 13:00:21.591,1,,False,,False,False
0 days 00:18:26.930000,RUS,63,0 days 00:01:16.878000,2.0,1.0,,,0 days 00:00:28.127000,0 days 00:00:27.068000,0 days 00:00:21.683000,0 days 00:17:38.179000,0 days 00:18:05.247000,0 days 00:18:26.930000,282.0,254.0,263.0,305.0,True,SOFT,2.0,True,Williams,0 days 00:17:10.052000,2020-07-18 13:02:10.254,1,,False,,False,True
0 days 00:20:02.480000,RUS,63,0 days 00:01:35.550000,3.0,1.0,,,0 days 00:00:33.206000,0 days 00:00:35.916000,0 days 00:00:26.428000,0 days 00:19:00.136000,0 days 00:19:36.052000,0 days 00:20:02.480000,238.0,214.0,260.0,291.0,False,SOFT,3.0,True,Williams,0 days 00:18:26.930000,2020-07-18 13:03:27.132,1,,False,,False,True
0 days 00:21:18.998000,RUS,63,0 days 00:01:16.518000,4.0,1.0,,,0 days 00:00:27.843000,0 days 00:00:26.902000,0 days 00:00:21.773000,0 days 00:20:30.323000,0 days 00:20:57.225000,0 days 00:21:18.998000,282.0,255.0,260.0,306.0,True,SOFT,4.0,True,Williams,0 days 00:20:02.480000,2020-07-18 13:05:02.682,1,,False,,False,True
0 days 00:22:47.223000,RUS,63,0 days 00:01:28.225000,5.0,1.0,,0 days 00:22:45.509000,0 days 00:00:30.440000,0 days 00:00:31.337000,0 days 00:00:26.448000,0 days 00:21:49.438000,0 days 00:22:20.775000,0 days 00:22:47.223000,255.0,228.0,,285.0,False,SOFT,5.0,True,Williams,0 days 00:21:18.998000,2020-07-18 13:06:19.200,1,,False,,False,False
0 days 00:28:32.834000,RUS,63,,6.0,2.0,0 days 00:26:59.770000,,,0 days 00:00:33.573000,0 days 00:00:28.253000,,0 days 00:28:04.607000,0 days 00:28:33.132000,258.0,225.0,260.0,285.0,False,SOFT,1.0,True,Williams,0 days 00:22:47.223000,2020-07-18 13:07:47.425,1,,False,,False,False
0 days 00:29:48.419000,RUS,63,0 days 00:01:15.585000,7.0,2.0,,,0 days 00:00:27.610000,0 days 00:00:26.635000,0 days 00:00:21.340000,0 days 00:29:00.444000,0 days 00:29:27.079000,0 days 00:29:48.419000,279.0,257.0,261.0,303.0,True,SOFT,2.0,True,Williams,0 days 00:28:32.834000,2020-07-18 13:13:33.036,1,,False,,False,True
0 days 00:31:35.105000,RUS,63,0 days 00:01:46.686000,8.0,2.0,,,0 days 00:00:37.392000,0 days 00:00:36.766000,0 days 00:00:32.528000,0 days 00:30:25.811000,0 days 00:31:02.577000,0 days 00:31:35.105000,246.0,212.0,262.0,281.0,False,SOFT,3.0,True,Williams,0 days 00:29:48.419000,2020-07-18 13:14:48.621,1,,False,,False,True
0 days 00:32:57.859000,RUS,63,0 days 00:01:22.754000,9.0,2.0,,0 days 00:32:56.155000,0 days 00:00:27.606000,0 days 00:00:26.753000,0 days 00:00:28.395000,0 days 00:32:02.711000,0 days 00:32:29.464000,0 days 00:32:57.859000,282.0,254.0,,305.0,False,SOFT,4.0,True,Williams,0 days 00:31:35.105000,2020-07-18 13:16:35.307,1,,False,,False,False
0 days 00:41:51.952000,RUS,63,,10.0,3.0,0 days 00:40:11.115000,,,0 days 00:00:35.558000,0 days 00:00:33.115000,,0 days 00:41:18.944000,0 days 00:41:52.051000,248.0,216.0,261.0,305.0,False,SOFT,1.0,True,Williams,0 days 00:32:57.859000,2020-07-18 13:17:58.061,1,,False,,False,False
0 days 00:43:07.650000,RUS,63,0 days 00:01:15.698000,11.0,3.0,,,0 days 00:00:27.740000,0 days 00:00:26.579000,0 days 00:00:21.379000,0 days 00:42:19.692000,0 days 00:42:46.271000,0 days 00:43:07.650000,279.0,259.0,259.0,303.0,True,SOFT,2.0,True,Williams,0 days 00:41:51.952000,2020-07-18 13:26:52.154,1,,False,,False,True
0 days 00:44:52.338000,RUS,63,0 days 00:01:44.688000,12.0,3.0,,0 days 00:44:50.548000,0 days 00:00:34.261000,0 days 00:00:34.686000,0 days 00:00:35.741000,0 days 00:43:41.911000,0 days 00:44:16.597000,0 days 00:44:52.338000,229.0,165.0,,238.0,False,SOFT,3.0,True,Williams,0 days 00:43:07.650000,2020-07-18 13:28:07.852,1,,False,,False,False
0 days 00:54:35.656000,RUS,63,,13.0,4.0,0 days 00:52:53.592000,,,0 days 00:00:32.962000,0 days 00:00:37.891000,,0 days 00:53:57.765000,0 days 00:54:35.697000,255.0,227.0,261.0,238.0,False,SOFT,5.0,False,Williams,0 days 00:44:52.338000,2020-07-18 13:29:52.540,1,,False,,False,False
0 days 00:56:00.643000,RUS,63,0 days 00:01:24.987000,14.0,4.0,,0 days 00:55:58.823000,0 days 00:00:27.921000,0 days 00:00:29.061000,0 days 00:00:28.005000,0 days 00:55:03.577000,0 days 00:55:32.638000,0 days 00:56:00.643000,280.0,229.0,,308.0,False,SOFT,6.0,False,Williams,0 days 00:54:35.656000,2020-07-18 13:39:35.858,1,,False,,False,False
0 days 00:16:51.027000,ALB,23,,1.0,1.0,0 days 00:15:11.772000,,,0 days 00:00:34.021000,0 days 00:00:31.775000,,0 days 00:16:19.323000,0 days 00:16:51.124000,265.0,217.0,258.0,,False,SOFT,1.0,True,Red Bull Racing,0 days 00:15:11.772000,2020-07-18 13:00:11.974,1,,False,,False,False
0 days 00:18:07.710000,ALB,23,0 days 00:01:16.683000,2.0,1.0,,,0 days 00:00:28.038000,0 days 00:00:27.248000,0 days 00:00:21.397000,0 days 00:17:19.065000,0 days 00:17:46.313000,0 days 00:18:07.710000,280.0,251.0,261.0,305.0,True,SOFT,2.0,True,Red Bull Racing,0 days 00:16:51.027000,2020-07-18 13:01:51.229,1,,False,,False,True
0 days 00:19:49.610000,ALB,23,0 days 00:01:41.900000,3.0,1.0,,,0 days 00:00:35.154000,0 days 00:00:39.358000,0 days 00:00:27.388000,0 days 00:18:42.864000,0 days 00:19:22.222000,0 days 00:19:49.610000,220.0,198.0,262.0,291.0,False,SOFT,3.0,True,Red Bull Racing,0 days 00:18:07.710000,2020-07-18 13:03:07.912,1,,False,,False,True
0 days 00:21:06.038000,ALB,23,0 days 00:01:16.428000,4.0,1.0,,,0 days 00:00:27.793000,0 days 00:00:27.082000,0 days 00:00:21.553000,0 days 00:20:17.403000,0 days 00:20:44.485000,0 days 00:21:06.038000,282.0,253.0,260.0,307.0,True,SOFT,4.0,True,Red Bull Racing,0 days 00:19:49.610000,2020-07-18 13:04:49.812,1,,False,,False,True
0 days 00:22:52.633000,ALB,23,0 days 00:01:46.595000,5.0,1.0,,,0 days 00:00:38.088000,0 days 00:00:40.881000,0 days 00:00:27.626000,0 days 00:21:44.126000,0 days 00:22:25.007000,0 days 00:22:52.633000,219.0,186.0,260.0,288.0,False,SOFT,5.0,True,Red Bull Racing,0 days 00:21:06.038000,2020-07-18 13:06:06.240,1,,False,,False,True
0 days 00:24:09.304000,ALB,23,0 days 00:01:16.671000,6.0,1.0,,,0 days 00:00:27.990000,0 days 00:00:27.069000,0 days 00:00:21.612000,0 days 00:23:20.623000,0 days 00:23:47.692000,0 days 00:24:09.304000,281.0,252.0,261.0,304.0,False,SOFT,6.0,True,Red Bull Racing,0 days 00:22:52.633000,2020-07-18 13:07:52.835,1,,False,,False,True
0 days 00:25:46.813000,ALB,23,0 days 00:01:37.509000,7.0,1.0,,0 days 00:25:43.834000,0 days 00:00:34.067000,0 days 00:00:34.589000,0 days 00:00:28.853000,0 days 00:24:43.371000,0 days 00:25:17.960000,0 days 00:25:46.813000,202.0,225.0,,289.0,False,SOFT,7.0,True,Red Bull Racing,0 days 00:24:09.304000,2020-07-18 13:09:09.506,1,,False,,False,False
0 days 00:31:26.194000,ALB,23,,8.0,2.0,0 days 00:29:43.346000,,,0 days 00:00:34.206000,0 days 00:00:35.464000,,0 days 00:30:50.791000,0 days 00:31:26.468000,245.0,223.0,262.0,289.0,False,SOFT,1.0,True,Red Bull Racing,0 days 00:25:46.813000,2020-07-18 13:10:47.015,1,,False,,False,False
0 days 00:32:41.916000,ALB,23,0 days 00:01:15.722000,9.0,2.0,,,0 days 00:00:27.647000,0 days 00:00:26.770000,0 days 00:00:21.305000,0 days 00:31:53.841000,0 days 00:32:20.611000,0 days 00:32:41.916000,281.0,255.0,264.0,305.0,True,SOFT,2.0,True,Red Bull Racing,0 days 00:31:26.194000,2020-07-18 13:16:26.396,1,,False,,False,True
0 days 00:34:23.721000,ALB,23,0 days 00:01:41.805000,10.0,2.0,,0 days 00:34:21.993000,0 days 00:00:36.146000,0 days 00:00:34.409000,0 days 00:00:31.250000,0 days 00:33:18.062000,0 days 00:33:52.471000,0 days 00:34:23.721000,238.0,207.0,,267.0,False,SOFT,3.0,True,Red Bull Racing,0 days 00:32:41.916000,2020-07-18 13:17:42.118,1,,False,,False,False
0 days 00:43:31.200000,ALB,23,,11.0,3.0,0 days 00:41:52.406000,,,0 days 00:00:35.466000,0 days 00:00:29.757000,,0 days 00:43:01.492000,0 days 00:43:31.280000,262.0,167.0,263.0,267.0,False,SOFT,1.0,True,Red Bull Racing,0 days 00:34:23.721000,2020-07-18 13:19:23.923,1,,False,,False,False
0 days 00:44:46.915000,ALB,23,0 days 00:01:15.715000,12.0,3.0,,,0 days 00:00:27.586000,0 days 00:00:26.720000,0 days 00:00:21.409000,0 days 00:43:58.786000,0 days 00:44:25.506000,0 days 00:44:46.915000,283.0,256.0,262.0,308.0,True,SOFT,2.0,True,Red Bull Racing,0 days 00:43:31.200000,2020-07-18 13:28:31.402,1,,False,,False,True
0 days 00:46:24.067000,ALB,23,0 days 00:01:37.152000,13.0,3.0,,0 days 00:46:22.277000,0 days 00:00:33.634000,0 days 00:00:34.825000,0 days 00:00:28.693000,0 days 00:45:20.549000,0 days 00:45:55.374000,0 days 00:46:24.067000,234.0,201.0,,295.0,False,SOFT,3.0,True,Red Bull Racing,0 days 00:44:46.915000,2020-07-18 13:29:47.117,1,,False,,False,False
0 days 00:54:58.858000,ALB,23,,14.0,4.0,0 days 00:53:06.512000,,,0 days 00:00:34.765000,0 days 00:00:44.441000,,0 days 00:54:14.429000,0 days 00:54:58.928000,248.0,217.0,264.0,295.0,False,SOFT,1.0,True,Red Bull Racing,0 days 00:46:24.067000,2020-07-18 13:31:24.269,1,,False,,False,False
0 days 00:56:15.973000,ALB,23,0 days 00:01:17.115000,15.0,4.0,,,0 days 00:00:28.435000,0 days 00:00:27.053000,0 days 00:00:21.627000,0 days 00:55:27.293000,0 days 00:55:54.346000,0 days 00:56:15.973000,282.0,254.0,262.0,312.0,False,SOFT,2.0,True,Red Bull Racing,0 days 00:54:58.858000,2020-07-18 13:39:59.060,1,,False,,False,True
0 days 00:57:57.839000,ALB,23,0 days 00:01:41.866000,16.0,4.0,,0 days 00:57:55.846000,0 days 00:00:35.763000,0 days 00:00:34.794000,0 days 00:00:31.309000,0 days 00:56:51.736000,0 days 00:57:26.530000,0 days 00:57:57.839000,234.0,202.0,,238.0,False,SOFT,3.0,True,Red Bull Racing,0 days 00:56:15.973000,2020-07-18 13:41:16.175,1,,False,,False,False
0 days 00:19:20.610000,OCO,31,,1.0,1.0,0 days 00:17:41.004000,,,0 days 00:00:34.995000,0 days 00:00:29.264000,,0 days 00:18:51.349000,0 days 00:19:20.826000,259.0,184.0,260.0,,False,SOFT,1.0,True,Renault,0 days 00:17:41.004000,2020-07-18 13:02:41.206,1,,False,,False,False
0 days 00:20:37.097000,OCO,31,0 days 00:01:16.487000,2.0,1.0,,,0 days 00:00:27.989000,0 days 00:00:26.954000,0 days 00:00:21.544000,0 days 00:19:48.599000,0 days 00:20:15.553000,0 days 00:20:37.097000,282.0,251.0,263.0,301.0,True,SOFT,2.0,True,Renault,0 days 00:19:20.610000,2020-07-18 13:04:20.812,1,,False,,False,True
0 days 00:22:20.630000,OCO,31,0 days 00:01:43.533000,3.0,1.0,,,0 days 00:00:35.084000,0 days 00:00:39.243000,0 days 00:00:29.206000,0 days 00:21:12.181000,0 days 00:21:51.424000,0 days 00:22:20.630000,200.0,203.0,261.0,298.0,False,SOFT,3.0,True,Renault,0 days 00:20:37.097000,2020-07-18 13:05:37.299,1,,False,,False,True
0 days 00:23:36.944000,OCO,31,0 days 00:01:16.314000,4.0,1.0,,,0 days 00:00:27.792000,0 days 00:00:27.074000,0 days 00:00:21.448000,0 days 00:22:48.422000,0 days 00:23:15.496000,0 days 00:23:36.944000,281.0,252.0,261.0,302.0,True,SOFT,4.0,True,Renault,0 days 00:22:20.630000,2020-07-18 13:07:20.832,1,,False,,False,True
0 days 00:25:03.825000,OCO,31,0 days 00:01:26.881000,5.0,1.0,,0 days 00:25:02.037000,0 days 00:00:29.945000,0 days 00:00:30.425000,0 days 00:00:26.511000,0 days 00:24:06.889000,0 days 00:24:37.314000,0 days 00:25:03.825000,260.0,232.0,,293.0,False,SOFT,5.0,True,Renault,0 days 00:23:36.944000,2020-07-18 13:08:37.146,1,,False,,False,False
0 days 00:32:07.828000,OCO,31,,6.0,2.0,0 days 00:30:24.866000,,,0 days 00:00:32.504000,0 days 00:00:40.476000,,0 days 00:31:27.383000,0 days 00:32:08.036000,261.0,221.0,258.0,293.0,False,SOFT,1.0,True,Renault,0 days 00:25:03.825000,2020-07-18 13:10:04.027,1,,False,,False,False
0 days 00:33:23.547000,OCO,31,0 days 00:01:15.719000,7.0,2.0,,,0 days 00:00:27.648000,0 days 00:00:26.795000,0 days 00:00:21.276000,0 days 00:32:35.476000,0 days 00:33:02.271000,0 days 00:33:23.547000,285.0,255.0,260.0,304.0,True,SOFT,2.0,True,Renault,0 days 00:32:07.828000,2020-07-18 13:17:08.030,1,,False,,False,True
0 days 00:34:57.260000,OCO,31,0 days 00:01:33.713000,8.0,2.0,,0 days 00:34:55.548000,0 days 00:00:31.993000,0 days 00:00:32.423000,0 days 00:00:29.297000,0 days 00:33:55.540000,0 days 00:34:27.963000,0 days 00:34:57.260000,239.0,221.0,,290.0,False,SOFT,3.0,True,Renault,0 days 00:33:23.547000,2020-07-18 13:18:23.749,1,,False,,False,False
0 days 00:42:29.981000,OCO,31,,9.0,3.0,0 days 00:41:04.946000,,,0 days 00:00:30.158000,0 days 00:00:25.211000,,0 days 00:42:04.804000,0 days 00:42:29.987000,264.0,231.0,262.0,290.0,False,MEDIUM,1.0,True,Renault,0 days 00:34:57.260000,2020-07-18 13:19:57.462,1,,False,,False,False
0 days 00:43:46.047000,OCO,31,0 days 00:01:16.066000,10.0,3.0,,,0 days 00:00:28.002000,0 days 00:00:26.743000,0 days 00:00:21.321000,0 days 00:42:57.983000,0 days 00:43:24.726000,0 days 00:43:46.047000,283.0,253.0,262.0,304.0,True,MEDIUM,2.0,True,Renault,0 days 00:42:29.981000,2020-07-18 13:27:30.183,1,,False,,False,True
0 days 00:45:19.323000,OCO,31,0 days 00:01:33.276000,11.0,3.0,,0 days 00:45:16.741000,0 days 00:00:29.680000,0 days 00:00:33.895000,0 days 00:00:29.701000,0 days 00:44:15.727000,0 days 00:44:49.622000,0 days 00:45:19.323000,254.0,207.0,,292.0,False,MEDIUM,3.0,True,Renault,0 days 00:43:46.047000,2020-07-18 13:28:46.249,1,,False,,False,False
0 days 00:54:11.436000,OCO,31,,12.0,4.0,0 days 00:52:28.502000,,,0 days 00:00:31.357000,0 days 00:00:38.456000,,0 days 00:53:32.980000,0 days 00:54:11.460000,133.0,222.0,261.0,292.0,False,SOFT,1.0,True,Renault,0 days 00:45:19.323000,2020-07-18 13:30:19.525,1,,False,,False,False
0 days 00:55:27.178000,OCO,31,0 days 00:01:15.742000,13.0,4.0,,,0 days 00:00:27.712000,0 days 00:00:26.670000,0 days 00:00:21.360000,0 days 00:54:39.148000,0 days 00:55:05.818000,0 days 00:55:27.178000,282.0,255.0,260.0,305.0,True,SOFT,2.0,True,Renault,0 days 00:54:11.436000,2020-07-18 13:39:11.638,1,,False,,False,True
0 days 00:57:10.516000,OCO,31,0 days 00:01:43.338000,14.0,4.0,,0 days 00:57:08.717000,0 days 00:00:35.157000,0 days 00:00:36.831000,0 days 00:00:31.350000,0 days 00:56:02.335000,0 days 00:56:39.166000,0 days 00:57:10.516000,172.0,202.0,,295.0,False,SOFT,3.0,True,Renault,0 days 00:55:27.178000,2020-07-18 13:40:27.380,1,,False,,False,False
0 days 00:17:33.012000,LAT,6,,1.0,1.0,0 days 00:15:27.018000,,,0 days 00:00:35.297000,0 days 00:00:49.005000,,0 days 00:16:44.007000,0 days 00:17:33.293000,249.0,220.0,255.0,,False,SOFT,1.0,True,Williams,0 days 00:15:27.018000,2020-07-18 13:00:27.220,1,,False,,False,False
0 days 00:18:50.455000,LAT,6,0 days 00:01:17.443000,2.0,1.0,,,0 days 00:00:28.217000,0 days 00:00:27.479000,0 days 00:00:21.747000,0 days 00:18:01.229000,0 days 00:18:28.708000,0 days 00:18:50.455000,282.0,252.0,261.0,305.0,True,SOFT,2.0,True,Williams,0 days 00:17:33.012000,2020-07-18 13:02:33.214,1,,False,,False,True
0 days 00:20:36.254000,LAT,6,0 days 00:01:45.799000,3.0,1.0,,,0 days 00:00:36.169000,0 days 00:00:37.049000,0 days 00:00:32.581000,0 days 00:19:26.624000,0 days 00:20:03.673000,0 days 00:20:36.254000,236.0,218.0,260.0,292.0,False,SOFT,3.0,True,Williams,0 days 00:18:50.455000,2020-07-18 13:03:50.657,1,,False,,False,True
0 days 00:21:53.517000,LAT,6,0 days 00:01:17.263000,4.0,1.0,,,0 days 00:00:27.932000,0 days 00:00:27.400000,0 days 00:00:21.931000,0 days 00:21:04.186000,0 days 00:21:31.586000,0 days 00:21:53.517000,282.0,254.0,260.0,308.0,True,SOFT,4.0,True,Williams,0 days 00:20:36.254000,2020-07-18 13:05:36.456,1,,False,,False,True
0 days 00:23:34.128000,LAT,6,0 days 00:01:40.611000,5.0,1.0,,0 days 00:23:32.462000,0 days 00:00:34.100000,0 days 00:00:33.687000,0 days 00:00:32.824000,0 days 00:22:27.617000,0 days 00:23:01.304000,0 days 00:23:34.128000,125.0,216.0,,293.0,False,SOFT,5.0,True,Williams,0 days 00:21:53.517000,2020-07-18 13:06:53.719,1,,False,,False,False
0 days 00:28:49.724000,LAT,6,,6.0,2.0,0 days 00:27:16.550000,,,0 days 00:00:35.417000,0 days 00:00:26.453000,,0 days 00:28:23.271000,0 days 00:28:50.011000,259.0,213.0,258.0,293.0,False,SOFT,1.0,True,Williams,0 days 00:23:34.128000,2020-07-18 13:08:34.330,1,,False,,False,False
0 days 00:30:05.829000,LAT,6,0 days 00:01:16.105000,7.0,2.0,,,0 days 00:00:27.705000,0 days 00:00:26.852000,0 days 00:00:21.548000,0 days 00:29:17.429000,0 days 00:29:44.281000,0 days 00:30:05.829000,279.0,255.0,260.0,302.0,True,SOFT,2.0,True,Williams,0 days 00:28:49.724000,2020-07-18 13:13:49.926,1,,False,,False,True
0 days 00:32:03.368000,LAT,6,0 days 00:01:57.539000,8.0,2.0,,,0 days 00:00:34.993000,0 days 00:00:37.905000,0 days 00:00:44.641000,0 days 00:30:40.822000,0 days 00:31:18.727000,0 days 00:32:03.368000,250.0,209.0,258.0,290.0,False,SOFT,3.0,True,Williams,0 days 00:30:05.829000,2020-07-18 13:15:06.031,1,,False,,False,True
0 days 00:33:35.517000,LAT,6,0 days 00:01:32.149000,9.0,2.0,,0 days 00:33:33.813000,0 days 00:00:27.928000,0 days 00:00:33.367000,0 days 00:00:30.854000,0 days 00:32:31.296000,0 days 00:33:04.663000,0 days 00:33:35.517000,283.0,217.0,,307.0,False,SOFT,4.0,True,Williams,0 days 00:32:03.368000,2020-07-18 13:17:03.570,1,,False,,False,False
0 days 00:43:37.804000,LAT,6,,10.0,3.0,0 days 00:41:58.696000,,,0 days 00:00:36.226000,0 days 00:00:29.296000,,0 days 00:43:08.508000,0 days 00:43:37.852000,266.0,219.0,260.0,307.0,False,SOFT,1.0,True,Williams,0 days 00:33:35.517000,2020-07-18 13:18:35.719,1,,False,,False,False
0 days 00:44:54.348000,LAT,6,0 days 00:01:16.544000,11.0,3.0,,,0 days 00:00:27.843000,0 days 00:00:26.957000,0 days 00:00:21.744000,0 days 00:44:05.647000,0 days 00:44:32.604000,0 days 00:44:54.348000,279.0,256.0,260.0,306.0,True,SOFT,2.0,True,Williams,0 days 00:43:37.804000,2020-07-18 13:28:38.006,1,,False,,False,True
0 days 00:46:38.219000,LAT,6,0 days 00:01:43.871000,12.0,3.0,,0 days 00:46:33.996000,0 days 00:00:33.662000,0 days 00:00:34.706000,0 days 00:00:35.503000,0 days 00:45:28.010000,0 days 00:46:02.716000,0 days 00:46:38.219000,241.0,223.0,,292.0,False,SOFT,3.0,True,Williams,0 days 00:44:54.348000,2020-07-18 13:29:54.550,1,,False,,False,False
0 days 00:54:56.524000,LAT,6,,13.0,4.0,0 days 00:53:05.253000,,,0 days 00:00:34.944000,0 days 00:00:44.122000,,0 days 00:54:12.402000,0 days 00:54:56.562000,269.0,220.0,258.0,292.0,False,SOFT,5.0,False,Williams,0 days 00:46:38.219000,2020-07-18 13:31:38.421,1,,False,,False,False
0 days 00:56:23.700000,LAT,6,0 days 00:01:27.176000,14.0,4.0,,0 days 00:56:21.896000,0 days 00:00:27.972000,0 days 00:00:27.431000,0 days 00:00:31.773000,0 days 00:55:24.496000,0 days 00:55:51.927000,0 days 00:56:23.700000,281.0,249.0,,308.0,False,SOFT,6.0,False,Williams,0 days 00:54:56.524000,2020-07-18 13:39:56.726,1,,False,,False,False
0 days 00:17:14.353000,MAG,20,,1.0,1.0,0 days 00:15:32.265000,,,0 days 00:00:33.256000,0 days 00:00:34.524000,,0 days 00:16:39.937000,0 days 00:17:14.353000,266.0,208.0,257.0,,False,SOFT,1.0,True,Haas F1 Team,0 days 00:15:32.265000,2020-07-18 13:00:32.467,1,,False,,False,False
0 days 00:18:32.054000,MAG,20,0 days 00:01:17.701000,2.0,1.0,,,0 days 00:00:28.701000,0 days 00:00:27.239000,0 days 00:00:21.761000,0 days 00:17:43.054000,0 days 00:18:10.293000,0 days 00:18:32.054000,280.0,255.0,258.0,305.0,True,SOFT,2.0,True,Haas F1 Team,0 days 00:17:14.353000,2020-07-18 13:02:14.555,1,,False,,False,True
0 days 00:20:05.696000,MAG,20,0 days 00:01:33.642000,3.0,1.0,,0 days 00:20:04.111000,0 days 00:00:30.826000,0 days 00:00:33.828000,0 days 00:00:28.988000,0 days 00:19:02.880000,0 days 00:19:36.708000,0 days 00:20:05.696000,244.0,214.0,,297.0,False,SOFT,3.0,True,Haas F1 Team,0 days 00:18:32.054000,2020-07-18 13:03:32.256,1,,False,,False,False
0 days 00:24:14.273000,MAG,20,,4.0,2.0,0 days 00:22:47.631000,,,0 days 00:00:33.244000,0 days 00:00:24.912000,,0 days 00:23:49.462000,0 days 00:24:14.510000,265.0,245.0,261.0,297.0,False,SOFT,1.0,True,Haas F1 Team,0 days 00:20:05.696000,2020-07-18 13:05:05.898,1,,False,,False,False
0 days 00:25:30.945000,MAG,20,0 days 00:01:16.672000,5.0,2.0,,,0 days 00:00:27.933000,0 days 00:00:26.943000,0 days 00:00:21.796000,0 days 00:24:42.206000,0 days 00:25:09.149000,0 days 00:25:30.945000,279.0,255.0,257.0,305.0,True,SOFT,2.0,True,Haas F1 Team,0 days 00:24:14.273000,2020-07-18 13:09:14.475,1,,False,,False,True
0 days 00:27:01.441000,MAG,20,0 days 00:01:30.496000,6.0,2.0,,0 days 00:26:59.770000,0 days 00:00:30.958000,0 days 00:00:32.783000,0 days 00:00:26.755000,0 days 00:26:01.903000,0 days 00:26:34.686000,0 days 00:27:01.441000,252.0,218.0,,295.0,False,SOFT,3.0,True,Haas F1 Team,0 days 00:25:30.945000,2020-07-18 13:10:31.147,1,,False,,False,False
0 days 00:32:16.238000,MAG,20,,7.0,3.0,0 days 00:30:28.509000,,,0 days 00:00:30.155000,0 days 00:00:48.114000,,0 days 00:31:28.146000,0 days 00:32:16.466000,265.0,240.0,261.0,295.0,False,SOFT,1.0,True,Haas F1 Team,0 days 00:27:01.441000,2020-07-18 13:12:01.643,1,,False,,False,False
0 days 00:33:32.390000,MAG,20,0 days 00:01:16.152000,8.0,3.0,,,0 days 00:00:27.715000,0 days 00:00:26.862000,0 days 00:00:21.575000,0 days 00:32:43.953000,0 days 00:33:10.815000,0 days 00:33:32.390000,281.0,256.0,257.0,306.0,True,SOFT,2.0,True,Haas F1 Team,0 days 00:32:16.238000,2020-07-18 13:17:16.440,1,,False,,False,True
0 days 00:35:05.472000,MAG,20,0 days 00:01:33.082000,9.0,3.0,,0 days 00:35:03.682000,0 days 00:00:31.012000,0 days 00:00:33.383000,0 days 00:00:28.687000,0 days 00:34:03.402000,0 days 00:34:36.785000,0 days 00:35:05.472000,250.0,217.0,,295.0,False,SOFT,3.0,True,Haas F1 Team,0 days 00:33:32.390000,2020-07-18 13:18:32.592,1,,False,,False,False
0 days 00:17:41.479000,KVY,26,,1.0,1.0,0 days 00:15:42.459000,,,0 days 00:00:35.888000,0 days 00:00:50.438000,,0 days 00:16:51.072000,0 days 00:17:41.817000,265.0,189.0,259.0,,False,SOFT,1.0,True,AlphaTauri,0 days 00:15:42.459000,2020-07-18 13:00:42.661,1,,False,,False,False
0 days 00:18:58.645000,KVY,26,0 days 00:01:17.166000,2.0,1.0,,,0 days 00:00:27.994000,0 days 00:00:27.460000,0 days 00:00:21.712000,0 days 00:18:09.473000,0 days 00:18:36.933000,0 days 00:18:58.645000,282.0,252.0,261.0,307.0,True,SOFT,2.0,True,AlphaTauri,0 days 00:17:41.479000,2020-07-18 13:02:41.681,1,,False,,False,True
0 days 00:20:33.851000,KVY,26,0 days 00:01:35.206000,3.0,1.0,,0 days 00:20:32.135000,0 days 00:00:31.501000,0 days 00:00:34.045000,0 days 00:00:29.660000,0 days 00:19:30.146000,0 days 00:20:04.191000,0 days 00:20:33.851000,253.0,208.0,,294.0,False,SOFT,3.0,True,AlphaTauri,0 days 00:18:58.645000,2020-07-18 13:03:58.847,1,,False,,False,False
0 days 00:25:22.547000,KVY,26,,4.0,2.0,0 days 00:23:51.867000,,,0 days 00:00:32.693000,0 days 00:00:28.216000,,0 days 00:24:54.331000,0 days 00:25:22.870000,267.0,218.0,263.0,294.0,False,SOFT,1.0,True,AlphaTauri,0 days 00:20:33.851000,2020-07-18 13:05:34.053,1,,False,,False,False
0 days 00:26:38.772000,KVY,26,0 days 00:01:16.225000,5.0,2.0,,,0 days 00:00:27.730000,0 days 00:00:26.940000,0 days 00:00:21.555000,0 days 00:25:50.277000,0 days 00:26:17.217000,0 days 00:26:38.772000,281.0,254.0,260.0,307.0,True,SOFT,2.0,True,AlphaTauri,0 days 00:25:22.547000,2020-07-18 13:10:22.749,1,,False,,False,True
0 days 00:28:07.567000,KVY,26,0 days 00:01:28.795000,6.0,2.0,,0 days 00:28:05.770000,0 days 00:00:31.445000,0 days 00:00:30.650000,0 days 00:00:26.700000,0 days 00:27:10.217000,0 days 00:27:40.867000,0 days 00:28:07.567000,251.0,226.0,,287.0,False,SOFT,3.0,True,AlphaTauri,0 days 00:26:38.772000,2020-07-18 13:11:38.974,1,,False,,False,False
0 days 00:31:59.902000,KVY,26,,7.0,3.0,0 days 00:30:14.569000,,,0 days 00:00:34.030000,0 days 00:00:40.923000,,0 days 00:31:19.073000,0 days 00:32:00.187000,262.0,227.0,261.0,287.0,False,SOFT,1.0,True,AlphaTauri,0 days 00:28:07.567000,2020-07-18 13:13:07.769,1,,False,,False,False
0 days 00:33:16.106000,KVY,26,0 days 00:01:16.204000,8.0,3.0,,,0 days 00:00:27.864000,0 days 00:00:26.890000,0 days 00:00:21.450000,0 days 00:32:27.766000,0 days 00:32:54.656000,0 days 00:33:16.106000,283.0,255.0,261.0,307.0,True,SOFT,2.0,True,AlphaTauri,0 days 00:31:59.902000,2020-07-18 13:17:00.104,1,,False,,False,True
0 days 00:34:51.689000,KVY,26,0 days 00:01:35.583000,9.0,3.0,,0 days 00:34:49.686000,0 days 00:00:34.076000,0 days 00:00:33.328000,0 days 00:00:28.179000,0 days 00:33:50.182000,0 days 00:34:23.510000,0 days 00:34:51.689000,225.0,217.0,,292.0,False,SOFT,3.0,True,AlphaTauri,0 days 00:33:16.106000,2020-07-18 13:18:16.308,1,,False,,False,False
0 days 00:17:36.745000,GRO,8,,1.0,1.0,0 days 00:15:33.940000,,,0 days 00:00:37.435000,0 days 00:00:48.860000,,0 days 00:16:47.885000,0 days 00:17:36.995000,259.0,217.0,260.0,,False,SOFT,1.0,True,Haas F1 Team,0 days 00:15:33.940000,2020-07-18 13:00:34.142,1,,False,,False,False
0 days 00:18:54.366000,GRO,8,0 days 00:01:17.621000,2.0,1.0,,,0 days 00:00:28.554000,0 days 00:00:27.308000,0 days 00:00:21.759000,0 days 00:18:05.299000,0 days 00:18:32.607000,0 days 00:18:54.366000,280.0,248.0,258.0,306.0,True,SOFT,2.0,True,Haas F1 Team,0 days 00:17:36.745000,2020-07-18 13:02:36.947,1,,False,,False,True
0 days 00:20:26.289000,GRO,8,0 days 00:01:31.923000,3.0,1.0,,0 days 00:20:23.457000,0 days 00:00:30.887000,0 days 00:00:31.267000,0 days 00:00:29.769000,0 days 00:19:25.253000,0 days 00:19:56.520000,0 days 00:20:26.289000,251.0,222.0,,288.0,False,SOFT,3.0,True,Haas F1 Team,0 days 00:18:54.366000,2020-07-18 13:03:54.568,1,,False,,False,False
0 days 00:24:20.603000,GRO,8,,4.0,2.0,0 days 00:22:51.364000,,,0 days 00:00:32.392000,0 days 00:00:24.867000,,0 days 00:23:55.753000,0 days 00:24:20.649000,263.0,224.0,262.0,288.0,False,SOFT,1.0,True,Haas F1 Team,0 days 00:20:26.289000,2020-07-18 13:05:26.491,1,,False,,False,False
0 days 00:25:37.010000,GRO,8,0 days 00:01:16.407000,5.0,2.0,,,0 days 00:00:27.909000,0 days 00:00:26.970000,0 days 00:00:21.528000,0 days 00:24:48.512000,0 days 00:25:15.482000,0 days 00:25:37.010000,282.0,254.0,258.0,306.0,True,SOFT,2.0,True,Haas F1 Team,0 days 00:24:20.603000,2020-07-18 13:09:20.805,1,,False,,False,True
0 days 00:27:07.283000,GRO,8,0 days 00:01:30.273000,6.0,2.0,,0 days 00:27:05.604000,0 days 00:00:31.429000,0 days 00:00:31.856000,0 days 00:00:26.988000,0 days 00:26:08.439000,0 days 00:26:40.295000,0 days 00:27:07.283000,242.0,210.0,,287.0,False,SOFT,3.0,True,Haas F1 Team,0 days 00:25:37.010000,2020-07-18 13:10:37.212,1,,False,,False,False
0 days 00:32:29.485000,GRO,8,,7.0,3.0,0 days 00:30:33.382000,,,0 days 00:00:32.091000,0 days 00:00:53.174000,,0 days 00:31:36.350000,0 days 00:32:29.590000,264.0,232.0,254.0,287.0,False,SOFT,1.0,True,Haas F1 Team,0 days 00:27:07.283000,2020-07-18 13:12:07.485,1,,False,,False,False
0 days 00:33:59.447000,GRO,8,0 days 00:01:29.962000,8.0,3.0,,0 days 00:33:57.698000,0 days 00:00:30.180000,0 days 00:00:32.662000,0 days 00:00:27.120000,0 days 00:32:59.665000,0 days 00:33:32.327000,0 days 00:33:59.447000,249.0,156.0,,304.0,False,SOFT,2.0,True,Haas F1 Team,0 days 00:32:29.485000,2020-07-18 13:17:29.687,1,,False,,False,False
0 days 00:16:58.606000,GIO,99,,1.0,1.0,0 days 00:15:14.980000,,,0 days 00:00:34.486000,0 days 00:00:35.240000,,0 days 00:16:23.381000,0 days 00:16:58.916000,255.0,219.0,259.0,,False,SOFT,1.0,True,Alfa Romeo Racing,0 days 00:15:14.980000,2020-07-18 13:00:15.182,1,,False,,False,False
0 days 00:18:16.518000,GIO,99,0 days 00:01:17.912000,2.0,1.0,,,0 days 00:00:28.314000,0 days 00:00:27.707000,0 days 00:00:21.891000,0 days 00:17:26.920000,0 days 00:17:54.627000,0 days 00:18:16.518000,282.0,247.0,257.0,306.0,False,SOFT,2.0,True,Alfa Romeo Racing,0 days 00:16:58.606000,2020-07-18 13:01:58.808,1,,True,TRACK LIMITS AT TURN 4,False,True
0 days 00:19:59.330000,GIO,99,0 days 00:01:42.812000,3.0,1.0,,0 days 00:19:57.630000,0 days 00:00:37.082000,0 days 00:00:36.861000,0 days 00:00:28.869000,0 days 00:18:53.600000,0 days 00:19:30.461000,0 days 00:19:59.330000,205.0,213.0,,289.0,False,SOFT,3.0,True,Alfa Romeo Racing,0 days 00:18:16.518000,2020-07-18 13:03:16.720,1,,False,,False,False
0 days 00:21:59.024000,GIO,99,0 days 00:01:59.694000,4.0,2.0,0 days 00:20:24.258000,,0 days 00:00:57.617000,0 days 00:00:37.294000,0 days 00:00:24.783000,0 days 00:20:56.947000,0 days 00:21:34.241000,0 days 00:21:59.024000,228.0,206.0,261.0,289.0,False,SOFT,1.0,True,Alfa Romeo Racing,0 days 00:19:59.330000,2020-07-18 13:04:59.532,1,,False,,False,False
0 days 00:23:25.201000,GIO,99,0 days 00:01:26.177000,5.0,2.0,,,0 days 00:00:28.068000,0 days 00:00:32.706000,0 days 00:00:25.403000,0 days 00:22:27.092000,0 days 00:22:59.798000,0 days 00:23:25.201000,283.0,186.0,256.0,305.0,True,SOFT,2.0,True,Alfa Romeo Racing,0 days 00:21:59.024000,2020-07-18 13:06:59.226,1,,False,,False,True
0 days 00:25:01.808000,GIO,99,0 days 00:01:36.607000,6.0,2.0,,0 days 00:25:00.119000,0 days 00:00:32.103000,0 days 00:00:35.253000,0 days 00:00:29.251000,0 days 00:23:57.304000,0 days 00:24:32.557000,0 days 00:25:01.808000,210.0,221.0,,292.0,False,SOFT,3.0,True,Alfa Romeo Racing,0 days 00:23:25.201000,2020-07-18 13:08:25.403,1,,False,,False,False
0 days 00:26:52.791000,GIO,99,0 days 00:01:50.983000,7.0,3.0,0 days 00:25:23.223000,,0 days 00:00:52.635000,0 days 00:00:33.343000,0 days 00:00:25.005000,0 days 00:25:54.443000,0 days 00:26:27.786000,0 days 00:26:52.791000,270.0,214.0,261.0,292.0,False,SOFT,1.0,True,Alfa Romeo Racing,0 days 00:25:01.808000,2020-07-18 13:10:02.010,1,,False,,False,False
0 days 00:28:09.598000,GIO,99,0 days 00:01:16.807000,8.0,3.0,,,0 days 00:00:27.973000,0 days 00:00:27.112000,0 days 00:00:21.722000,0 days 00:27:20.764000,0 days 00:27:47.876000,0 days 00:28:09.598000,280.0,249.0,255.0,303.0,True,SOFT,2.0,True,Alfa Romeo Racing,0 days 00:26:52.791000,2020-07-18 13:11:52.993,1,,False,,False,True
0 days 00:29:40.498000,GIO,99,0 days 00:01:30.900000,9.0,3.0,,0 days 00:29:38.813000,0 days 00:00:31.091000,0 days 00:00:32.353000,0 days 00:00:27.456000,0 days 00:28:40.689000,0 days 00:29:13.042000,0 days 00:29:40.498000,248.0,220.0,,288.0,False,SOFT,3.0,True,Alfa Romeo Racing,0 days 00:28:09.598000,2020-07-18 13:13:09.800,1,,False,,False,False
0 days 00:31:55.199000,GIO,99,0 days 00:02:14.701000,10.0,4.0,0 days 00:30:02.352000,,0 days 00:00:53.730000,0 days 00:00:36.422000,0 days 00:00:44.549000,0 days 00:30:34.228000,0 days 00:31:10.650000,0 days 00:31:55.199000,274.0,203.0,259.0,288.0,False,SOFT,1.0,True,Alfa Romeo Racing,0 days 00:29:40.498000,2020-07-18 13:14:40.700,1,,False,,False,False
0 days 00:33:11.705000,GIO,99,0 days 00:01:16.506000,11.0,4.0,,,0 days 00:00:27.913000,0 days 00:00:27,0 days 00:00:21.593000,0 days 00:32:23.112000,0 days 00:32:50.112000,0 days 00:33:11.705000,284.0,252.0,257.0,306.0,True,SOFT,2.0,True,Alfa Romeo Racing,0 days 00:31:55.199000,2020-07-18 13:16:55.401,1,,False,,False,True
0 days 00:34:47.305000,GIO,99,0 days 00:01:35.600000,12.0,4.0,,0 days 00:34:45.373000,0 days 00:00:31.203000,0 days 00:00:33.298000,0 days 00:00:31.099000,0 days 00:33:42.908000,0 days 00:34:16.206000,0 days 00:34:47.305000,250.0,214.0,,291.0,False,SOFT,3.0,True,Alfa Romeo Racing,0 days 00:33:11.705000,2020-07-18 13:18:11.907,1,,False,,False,False
0 days 00:17:45.333000,RAI,7,,1.0,1.0,0 days 00:16:06.046000,,,0 days 00:00:31.646000,0 days 00:00:37.450000,,0 days 00:17:07.950000,0 days 00:17:45.635000,234.0,226.0,258.0,,False,SOFT,1.0,True,Alfa Romeo Racing,0 days 00:16:06.046000,2020-07-18 13:01:06.248,1,,False,,False,False
0 days 00:19:02.943000,RAI,7,0 days 00:01:17.610000,2.0,1.0,,,0 days 00:00:28.382000,0 days 00:00:27.306000,0 days 00:00:21.922000,0 days 00:18:13.715000,0 days 00:18:41.021000,0 days 00:19:02.943000,281.0,247.0,257.0,305.0,True,SOFT,2.0,True,Alfa Romeo Racing,0 days 00:17:45.333000,2020-07-18 13:02:45.535,1,,False,,False,True
0 days 00:20:35.340000,RAI,7,0 days 00:01:32.397000,3.0,1.0,,0 days 00:20:33.465000,0 days 00:00:30.998000,0 days 00:00:32.023000,0 days 00:00:29.376000,0 days 00:19:33.941000,0 days 00:20:05.964000,0 days 00:20:35.340000,252.0,220.0,,293.0,False,SOFT,3.0,True,Alfa Romeo Racing,0 days 00:19:02.943000,2020-07-18 13:04:03.145,1,,False,,False,False
0 days 00:22:23.886000,RAI,7,0 days 00:01:48.546000,4.0,2.0,0 days 00:20:55.856000,,0 days 00:00:49.580000,0 days 00:00:31.019000,0 days 00:00:27.947000,0 days 00:21:24.920000,0 days 00:21:55.939000,0 days 00:22:23.886000,264.0,225.0,260.0,293.0,False,SOFT,1.0,True,Alfa Romeo Racing,0 days 00:20:35.340000,2020-07-18 13:05:35.542,1,,False,,False,False
0 days 00:24:00.708000,RAI,7,0 days 00:01:36.822000,5.0,2.0,,,0 days 00:00:31.218000,0 days 00:00:39.539000,0 days 00:00:26.065000,0 days 00:22:55.104000,0 days 00:23:34.643000,0 days 00:24:00.708000,252.0,223.0,259.0,306.0,False,SOFT,2.0,True,Alfa Romeo Racing,0 days 00:22:23.886000,2020-07-18 13:07:24.088,1,,False,,False,True
0 days 00:25:17.912000,RAI,7,0 days 00:01:17.204000,6.0,2.0,,,0 days 00:00:28.073000,0 days 00:00:27.302000,0 days 00:00:21.829000,0 days 00:24:28.781000,0 days 00:24:56.083000,0 days 00:25:17.912000,284.0,248.0,257.0,303.0,True,SOFT,3.0,True,Alfa Romeo Racing,0 days 00:24:00.708000,2020-07-18 13:09:00.910,1,,False,,False,True
0 days 00:26:47.484000,RAI,7,0 days 00:01:29.572000,7.0,2.0,,0 days 00:26:45.761000,0 days 00:00:30.455000,0 days 00:00:33.348000,0 days 00:00:25.769000,0 days 00:25:48.367000,0 days 00:26:21.715000,0 days 00:26:47.484000,252.0,224.0,,289.0,False,SOFT,4.0,True,Alfa Romeo Racing,0 days 00:25:17.912000,2020-07-18 13:10:18.114,1,,False,,False,False
0 days 00:28:37.944000,RAI,7,0 days 00:01:50.460000,8.0,3.0,0 days 00:27:12.065000,,0 days 00:00:52.847000,0 days 00:00:30.553000,0 days 00:00:27.060000,0 days 00:27:40.331000,0 days 00:28:10.884000,0 days 00:28:37.944000,264.0,227.0,260.0,289.0,False,SOFT,1.0,True,Alfa Romeo Racing,0 days 00:26:47.484000,2020-07-18 13:11:47.686,1,,False,,False,False
0 days 00:29:54.558000,RAI,7,0 days 00:01:16.614000,9.0,3.0,,,0 days 00:00:27.779000,0 days 00:00:27.125000,0 days 00:00:21.710000,0 days 00:29:05.723000,0 days 00:29:32.848000,0 days 00:29:54.558000,281.0,249.0,259.0,305.0,True,SOFT,2.0,True,Alfa Romeo Racing,0 days 00:28:37.944000,2020-07-18 13:13:38.146,1,,False,,False,True
0 days 00:31:40.524000,RAI,7,0 days 00:01:45.966000,10.0,3.0,,,0 days 00:00:34.485000,0 days 00:00:33.797000,0 days 00:00:37.684000,0 days 00:30:29.043000,0 days 00:31:02.840000,0 days 00:31:40.524000,220.0,215.0,257.0,291.0,False,SOFT,3.0,True,Alfa Romeo Racing,0 days 00:29:54.558000,2020-07-18 13:14:54.760,1,,False,,False,True
0 days 00:32:57.616000,RAI,7,0 days 00:01:17.092000,11.0,3.0,,,0 days 00:00:27.757000,0 days 00:00:27.541000,0 days 00:00:21.794000,0 days 00:32:08.281000,0 days 00:32:35.822000,0 days 00:32:57.616000,283.0,249.0,257.0,304.0,False,SOFT,4.0,True,Alfa Romeo Racing,0 days 00:31:40.524000,2020-07-18 13:16:40.726,1,,False,,False,True
0 days 00:34:31.690000,RAI,7,0 days 00:01:34.074000,12.0,3.0,,0 days 00:34:29.952000,0 days 00:00:33.833000,0 days 00:00:32.498000,0 days 00:00:27.743000,0 days 00:33:31.449000,0 days 00:34:03.947000,0 days 00:34:31.690000,215.0,218.0,,289.0,False,SOFT,5.0,True,Alfa Romeo Racing,0 days 00:32:57.616000,2020-07-18 13:17:57.818,1,,False,,False,False
