Time,Driver,DriverNumber,LapTime,LapNumber,Stint,PitOutTime,PitInTime,Sector1Time,Sector2Time,Sector3Time,Sector1SessionTime,Sector2SessionTime,Sector3SessionTime,SpeedI1,SpeedI2,SpeedFL,SpeedST,IsPersonalBest,Compound,TyreLife,FreshTyre,Team,LapStartTime,LapStartDate,TrackStatus,Position,Deleted,DeletedReason,FastF1Generated,IsAccurate
0 days 00:17:13.438000,VER,33,,1.0,1.0,0 days 00:15:17.880000,,,0 days 00:00:42.860000,0 days 00:00:45.153000,,0 days 00:16:28.399000,0 days 00:17:13.705000,248.0,247.0,227.0,249.0,False,SOFT,1.0,True,Red Bull Racing,0 days 00:15:17.880000,2021-12-11 13:00:18.064,1,,False,,False,False
0 days 00:18:37.118000,VER,33,0 days 00:01:23.680000,2.0,1.0,,,0 days 00:00:17.041000,0 days 00:00:36.245000,0 days 00:00:30.394000,0 days 00:17:30.479000,0 days 00:18:06.724000,0 days 00:18:37.118000,293.0,318.0,220.0,325.0,True,SOFT,2.0,True,Red Bull Racing,0 days 00:17:13.438000,2021-12-11 13:02:13.622,1,,False,,False,True
0 days 00:20:56.346000,VER,33,0 days 00:02:19.228000,3.0,1.0,,,0 days 00:00:28.711000,0 days 00:01:00.469000,0 days 00:00:50.048000,0 days 00:19:05.829000,0 days 00:20:06.298000,0 days 00:20:56.346000,147.0,191.0,169.0,188.0,False,SOFT,3.0,True,Red Bull Racing,0 days 00:18:37.118000,2021-12-11 13:03:37.302,1,,False,,False,True
0 days 00:22:53.118000,VER,33,0 days 00:01:56.772000,4.0,1.0,,,0 days 00:00:25.483000,0 days 00:00:50.767000,0 days 00:00:40.522000,0 days 00:21:21.829000,0 days 00:22:12.596000,0 days 00:22:53.118000,190.0,237.0,228.0,231.0,False,SOFT,4.0,True,Red Bull Racing,0 days 00:20:56.346000,2021-12-11 13:05:56.530,1,,False,,False,True
0 days 00:24:16.440000,VER,33,0 days 00:01:23.322000,5.0,1.0,,,0 days 00:00:17.078000,0 days 00:00:36.043000,0 days 00:00:30.201000,0 days 00:23:10.196000,0 days 00:23:46.239000,0 days 00:24:16.440000,292.0,318.0,223.0,321.0,True,SOFT,5.0,True,Red Bull Racing,0 days 00:22:53.118000,2021-12-11 13:07:53.302,1,,False,,False,True
0 days 00:26:01.548000,VER,33,0 days 00:01:45.108000,6.0,1.0,,0 days 00:26:00.548000,0 days 00:00:18.624000,0 days 00:00:43.927000,0 days 00:00:42.557000,0 days 00:24:35.064000,0 days 00:25:18.991000,0 days 00:26:01.548000,269.0,129.0,,262.0,False,SOFT,6.0,True,Red Bull Racing,0 days 00:24:16.440000,2021-12-11 13:09:16.624,1,,False,,False,False
0 days 00:44:59.616000,VER,33,,7.0,2.0,0 days 00:43:16.296000,,,0 days 00:00:41.847000,0 days 00:00:39.790000,,0 days 00:44:19.883000,0 days 00:44:59.623000,249.0,274.0,228.0,261.0,False,MEDIUM,1.0,True,Red Bull Racing,0 days 00:43:16.296000,2021-12-11 13:28:16.480,1,,False,,False,False
0 days 00:46:22.805000,VER,33,0 days 00:01:23.189000,8.0,2.0,,,0 days 00:00:16.964000,0 days 00:00:35.919000,0 days 00:00:30.306000,0 days 00:45:16.580000,0 days 00:45:52.499000,0 days 00:46:22.805000,295.0,323.0,223.0,327.0,True,MEDIUM,2.0,True,Red Bull Racing,0 days 00:44:59.616000,2021-12-11 13:29:59.800,1,,False,,False,True
0 days 00:48:54.311000,VER,33,,9.0,2.0,,,0 days 00:00:28.572000,0 days 00:01:08.014000,0 days 00:00:54.892000,0 days 00:46:51.413000,0 days 00:47:59.422000,0 days 00:48:54.311000,160.0,195.0,226.0,178.0,False,MEDIUM,3.0,True,Red Bull Racing,0 days 00:46:22.805000,2021-12-11 13:31:22.989,1,,False,,False,False
0 days 00:50:37.467000,VER,33,0 days 00:01:43.156000,10.0,2.0,,0 days 00:50:36.302000,0 days 00:00:20.854000,0 days 00:00:39.568000,0 days 00:00:42.734000,0 days 00:49:15.165000,0 days 00:49:54.733000,0 days 00:50:37.467000,260.0,278.0,,267.0,False,MEDIUM,4.0,True,Red Bull Racing,0 days 00:48:54.311000,2021-12-11 13:33:54.495,1,,False,,False,False
0 days 00:57:27.822000,VER,33,,11.0,3.0,0 days 00:54:43.494000,,,0 days 00:00:41.642000,0 days 00:01:33.199000,,0 days 00:55:54.700000,0 days 00:57:27.849000,262.0,284.0,226.0,267.0,False,SOFT,1.0,True,Red Bull Racing,0 days 00:50:37.467000,2021-12-11 13:35:37.651,12,,False,,False,False
0 days 00:58:50.622000,VER,33,0 days 00:01:22.800000,12.0,3.0,,,0 days 00:00:17.012000,0 days 00:00:35.856000,0 days 00:00:29.932000,0 days 00:57:44.834000,0 days 00:58:20.690000,0 days 00:58:50.622000,296.0,321.0,225.0,326.0,True,SOFT,2.0,True,Red Bull Racing,0 days 00:57:27.822000,2021-12-11 13:42:28.006,1,,False,,False,True
0 days 01:00:41.571000,VER,33,0 days 00:01:50.949000,13.0,3.0,,0 days 01:00:40.555000,0 days 00:00:22.582000,0 days 00:00:45.690000,0 days 00:00:42.677000,0 days 00:59:13.204000,0 days 00:59:58.894000,0 days 01:00:41.571000,220.0,234.0,,220.0,False,SOFT,3.0,True,Red Bull Racing,0 days 00:58:50.622000,2021-12-11 13:43:50.806,1,,False,,False,False
0 days 01:07:50.822000,VER,33,,14.0,4.0,0 days 01:06:04.697000,,,0 days 00:00:43.705000,0 days 00:00:38.759000,,0 days 01:07:12.076000,0 days 01:07:50.845000,250.0,209.0,229.0,264.0,False,SOFT,1.0,True,Red Bull Racing,0 days 01:00:41.571000,2021-12-11 13:45:41.755,12,,False,,False,False
0 days 01:09:12.931000,VER,33,0 days 00:01:22.109000,15.0,4.0,,,0 days 00:00:16.853000,0 days 00:00:35.643000,0 days 00:00:29.613000,0 days 01:08:07.675000,0 days 01:08:43.318000,0 days 01:09:12.931000,295.0,324.0,225.0,324.0,True,SOFT,2.0,True,Red Bull Racing,0 days 01:07:50.822000,2021-12-11 13:52:51.006,1,,False,,False,True
0 days 01:10:57.718000,VER,33,0 days 00:01:44.787000,16.0,4.0,,0 days 01:10:56.580000,0 days 00:00:22.244000,0 days 00:00:46.876000,0 days 00:00:35.667000,0 days 01:09:35.175000,0 days 01:10:22.051000,0 days 01:10:57.718000,199.0,274.0,,252.0,False,SOFT,3.0,True,Red Bull Racing,0 days 01:09:12.931000,2021-12-11 13:54:13.115,1,,False,,False,False
0 days 01:16:55.119000,VER,33,,17.0,5.0,0 days 01:14:50.865000,,,0 days 00:00:41.637000,0 days 00:00:49.538000,,0 days 01:16:05.606000,0 days 01:16:55.153000,255.0,196.0,228.0,258.0,False,SOFT,1.0,True,Red Bull Racing,0 days 01:10:57.718000,2021-12-11 13:55:57.902,1,,False,,False,False
0 days 01:18:18.660000,VER,33,0 days 00:01:23.541000,18.0,5.0,,,0 days 00:00:16.842000,0 days 00:00:35.644000,0 days 00:00:31.055000,0 days 01:17:11.961000,0 days 01:17:47.605000,0 days 01:18:18.660000,297.0,322.0,157.0,328.0,False,SOFT,2.0,True,Red Bull Racing,0 days 01:16:55.119000,2021-12-11 14:01:55.303,1,,False,,False,True
0 days 01:20:06.851000,VER,33,0 days 00:01:48.191000,19.0,5.0,,,0 days 00:00:22.010000,0 days 00:00:46.193000,0 days 00:00:39.988000,0 days 01:18:40.670000,0 days 01:19:26.863000,0 days 01:20:06.851000,238.0,225.0,71.0,231.0,False,SOFT,3.0,True,Red Bull Racing,0 days 01:18:18.660000,2021-12-11 14:03:18.844,1,,False,,False,True
0 days 00:19:51.500000,HAM,44,,1.0,1.0,0 days 00:18:03.961000,,,0 days 00:00:46.679000,0 days 00:00:39.069000,,0 days 00:19:12.431000,0 days 00:19:51.747000,248.0,237.0,226.0,223.0,False,SOFT,1.0,True,Mercedes,0 days 00:18:03.961000,2021-12-11 13:03:04.145,1,,False,,False,False
0 days 00:21:14.766000,HAM,44,0 days 00:01:23.266000,2.0,1.0,,,0 days 00:00:17.071000,0 days 00:00:36.030000,0 days 00:00:30.165000,0 days 00:20:08.571000,0 days 00:20:44.601000,0 days 00:21:14.766000,292.0,315.0,224.0,319.0,True,SOFT,2.0,True,Mercedes,0 days 00:19:51.500000,2021-12-11 13:04:51.684,1,,False,,False,True
0 days 00:23:08.473000,HAM,44,0 days 00:01:53.707000,3.0,1.0,,0 days 00:23:07.394000,0 days 00:00:26.719000,0 days 00:00:46.209000,0 days 00:00:40.779000,0 days 00:21:41.485000,0 days 00:22:27.694000,0 days 00:23:08.473000,226.0,219.0,,226.0,False,SOFT,3.0,True,Mercedes,0 days 00:21:14.766000,2021-12-11 13:06:14.950,1,,False,,False,False
0 days 00:33:38.317000,HAM,44,,4.0,2.0,0 days 00:31:41.450000,,,0 days 00:00:46.828000,0 days 00:00:44.612000,,0 days 00:32:53.800000,0 days 00:33:38.547000,257.0,228.0,226.0,224.0,False,SOFT,4.0,False,Mercedes,0 days 00:31:41.450000,2021-12-11 13:16:41.634,1,,False,,False,False
0 days 00:35:01.162000,HAM,44,0 days 00:01:22.845000,5.0,2.0,,,0 days 00:00:16.975000,0 days 00:00:35.788000,0 days 00:00:30.082000,0 days 00:33:55.292000,0 days 00:34:31.080000,0 days 00:35:01.162000,293.0,317.0,225.0,320.0,True,SOFT,5.0,False,Mercedes,0 days 00:33:38.317000,2021-12-11 13:18:38.501,1,,False,,False,True
0 days 00:36:47.808000,HAM,44,0 days 00:01:46.646000,6.0,2.0,,0 days 00:36:46.297000,0 days 00:00:19.995000,0 days 00:00:46.528000,0 days 00:00:40.123000,0 days 00:35:21.157000,0 days 00:36:07.685000,0 days 00:36:47.808000,185.0,262.0,,224.0,False,SOFT,6.0,False,Mercedes,0 days 00:35:01.162000,2021-12-11 13:20:01.346,1,,False,,False,False
0 days 00:44:45.807000,HAM,44,,7.0,3.0,0 days 00:43:03.313000,,,0 days 00:00:44.769000,0 days 00:00:35.432000,,0 days 00:44:10.406000,0 days 00:44:45.833000,259.0,238.0,229.0,263.0,False,MEDIUM,1.0,True,Mercedes,0 days 00:36:47.808000,2021-12-11 13:21:47.992,12,,False,,False,False
0 days 00:46:08.992000,HAM,44,0 days 00:01:23.185000,8.0,3.0,,,0 days 00:00:16.924000,0 days 00:00:35.847000,0 days 00:00:30.414000,0 days 00:45:02.731000,0 days 00:45:38.578000,0 days 00:46:08.992000,294.0,316.0,225.0,320.0,True,MEDIUM,2.0,True,Mercedes,0 days 00:44:45.807000,2021-12-11 13:29:45.991,1,,False,,False,True
0 days 00:48:03.830000,HAM,44,0 days 00:01:54.838000,9.0,3.0,,0 days 00:48:02.633000,0 days 00:00:29.727000,0 days 00:00:45.692000,0 days 00:00:39.419000,0 days 00:46:38.719000,0 days 00:47:24.411000,0 days 00:48:03.830000,146.0,264.0,,268.0,False,MEDIUM,3.0,True,Mercedes,0 days 00:46:08.992000,2021-12-11 13:31:09.176,1,,False,,False,False
0 days 00:56:27.327000,HAM,44,,10.0,4.0,0 days 00:54:31.634000,,,0 days 00:00:43.355000,0 days 00:00:49.423000,,0 days 00:55:37.958000,0 days 00:56:27.336000,259.0,267.0,226.0,224.0,False,MEDIUM,1.0,True,Mercedes,0 days 00:48:03.830000,2021-12-11 13:33:04.014,12,,False,,False,False
0 days 00:57:50.472000,HAM,44,0 days 00:01:23.145000,11.0,4.0,,,0 days 00:00:16.867000,0 days 00:00:35.973000,0 days 00:00:30.305000,0 days 00:56:44.194000,0 days 00:57:20.167000,0 days 00:57:50.472000,295.0,318.0,223.0,322.0,True,MEDIUM,2.0,True,Mercedes,0 days 00:56:27.327000,2021-12-11 13:41:27.511,12,,False,,False,True
0 days 00:59:36.313000,HAM,44,0 days 00:01:45.841000,12.0,4.0,,0 days 00:59:35.135000,0 days 00:00:21.964000,0 days 00:00:43.590000,0 days 00:00:40.287000,0 days 00:58:12.436000,0 days 00:58:56.026000,0 days 00:59:36.313000,226.0,225.0,,241.0,False,MEDIUM,3.0,True,Mercedes,0 days 00:57:50.472000,2021-12-11 13:42:50.656,1,,False,,False,False
0 days 01:08:14.477000,HAM,44,,13.0,5.0,0 days 01:06:16.224000,,,0 days 00:00:47.364000,0 days 00:00:43.645000,,0 days 01:07:30.832000,0 days 01:08:14.511000,254.0,93.0,229.0,260.0,False,SOFT,1.0,True,Mercedes,0 days 00:59:36.313000,2021-12-11 13:44:36.497,12,,False,,False,False
0 days 01:09:37.137000,HAM,44,0 days 00:01:22.660000,14.0,5.0,,,0 days 00:00:16.834000,0 days 00:00:35.866000,0 days 00:00:29.960000,0 days 01:08:31.311000,0 days 01:09:07.177000,0 days 01:09:37.137000,295.0,318.0,223.0,322.0,True,SOFT,2.0,True,Mercedes,0 days 01:08:14.477000,2021-12-11 13:53:14.661,1,,False,,False,True
0 days 01:11:14.889000,HAM,44,0 days 00:01:37.752000,15.0,5.0,,0 days 01:11:13.738000,0 days 00:00:18.804000,0 days 00:00:40.231000,0 days 00:00:38.717000,0 days 01:09:55.941000,0 days 01:10:36.172000,0 days 01:11:14.889000,264.0,267.0,,280.0,False,SOFT,3.0,True,Mercedes,0 days 01:09:37.137000,2021-12-11 13:54:37.321,1,,False,,False,False
0 days 01:16:17.052000,HAM,44,,16.0,6.0,0 days 01:14:33.968000,,,0 days 00:00:43.428000,0 days 00:00:39.103000,,0 days 01:15:37.982000,0 days 01:16:17.054000,260.0,242.0,229.0,272.0,False,SOFT,1.0,True,Mercedes,0 days 01:11:14.889000,2021-12-11 13:56:15.073,1,,False,,False,False
0 days 01:17:39.532000,HAM,44,0 days 00:01:22.480000,17.0,6.0,,,0 days 00:00:16.902000,0 days 00:00:35.783000,0 days 00:00:29.795000,0 days 01:16:33.954000,0 days 01:17:09.737000,0 days 01:17:39.532000,294.0,315.0,226.0,320.0,True,SOFT,2.0,True,Mercedes,0 days 01:16:17.052000,2021-12-11 14:01:17.236,1,,False,,False,True
0 days 01:19:32.495000,HAM,44,0 days 00:01:52.963000,18.0,6.0,,,0 days 00:00:23.342000,0 days 00:00:46.665000,0 days 00:00:42.956000,0 days 01:18:02.874000,0 days 01:18:49.539000,0 days 01:19:32.495000,216.0,222.0,75.0,224.0,False,SOFT,3.0,True,Mercedes,0 days 01:17:39.532000,2021-12-11 14:02:39.716,1,,False,,False,True
0 days 01:20:46.369000,HAM,44,,19.0,6.0,,0 days 01:20:46.369000,0 days 00:00:23.342000,,,0 days 01:20:46.369000,,,216.0,222.0,,224.0,False,SOFT,4.0,True,Mercedes,0 days 01:19:32.495000,2021-12-11 14:04:32.679,1,,False,,False,False
0 days 00:20:36.650000,NOR,4,,1.0,1.0,0 days 00:18:30.228000,,,0 days 00:00:41.531000,0 days 00:00:59.791000,,0 days 00:19:36.859000,0 days 00:20:36.902000,258.0,295.0,227.0,302.0,False,SOFT,1.0,True,McLaren,0 days 00:18:30.228000,2021-12-11 13:03:30.412,1,,False,,False,False
0 days 00:22:00.530000,NOR,4,0 days 00:01:23.880000,2.0,1.0,,,0 days 00:00:17.208000,0 days 00:00:36.324000,0 days 00:00:30.348000,0 days 00:20:53.858000,0 days 00:21:30.182000,0 days 00:22:00.530000,286.0,309.0,220.0,319.0,True,SOFT,2.0,True,McLaren,0 days 00:20:36.650000,2021-12-11 13:05:36.834,1,,False,,False,True
0 days 00:24:31.842000,NOR,4,,3.0,1.0,,,0 days 00:00:28.456000,0 days 00:01:09.214000,0 days 00:00:53.592000,0 days 00:22:29.036000,0 days 00:23:38.298000,0 days 00:24:32.034000,124.0,227.0,229.0,191.0,False,SOFT,3.0,True,McLaren,0 days 00:22:00.530000,2021-12-11 13:07:00.714,1,,False,,False,False
0 days 00:25:55.395000,NOR,4,0 days 00:01:23.553000,4.0,1.0,,,0 days 00:00:17.167000,0 days 00:00:36.078000,0 days 00:00:30.308000,0 days 00:24:49.009000,0 days 00:25:25.087000,0 days 00:25:55.395000,285.0,311.0,225.0,321.0,True,SOFT,4.0,True,McLaren,0 days 00:24:31.842000,2021-12-11 13:09:32.026,1,,False,,False,True
0 days 00:43:26.223000,NOR,4,,5.0,1.0,,0 days 00:27:49.060000,0 days 00:00:19.763000,,,0 days 00:26:15.146000,,,241.0,,,321.0,False,SOFT,5.0,True,McLaren,0 days 00:25:55.395000,2021-12-11 13:10:55.579,152,,False,,False,False
0 days 00:45:22.079000,NOR,4,,6.0,2.0,0 days 00:43:26.116000,,,0 days 00:00:44.317000,0 days 00:00:41.214000,,0 days 00:44:40.872000,0 days 00:45:22.079000,264.0,253.0,228.0,295.0,False,MEDIUM,1.0,True,McLaren,0 days 00:43:26.116000,2021-12-11 13:28:26.300,1,,False,,False,False
0 days 00:46:45.808000,NOR,4,0 days 00:01:23.729000,7.0,2.0,,,0 days 00:00:17.123000,,,0 days 00:45:39.202000,,,287.0,253.0,222.0,322.0,True,MEDIUM,2.0,True,McLaren,0 days 00:45:22.079000,2021-12-11 13:30:22.263,1,,False,,False,False
0 days 00:49:06.286000,NOR,4,0 days 00:02:20.478000,8.0,2.0,,,0 days 00:00:25.368000,0 days 00:01:05.459000,0 days 00:00:49.651000,0 days 00:47:11.176000,0 days 00:48:16.635000,0 days 00:49:06.286000,245.0,247.0,230.0,193.0,False,MEDIUM,3.0,True,McLaren,0 days 00:46:45.808000,2021-12-11 13:31:45.992,1,,False,,False,True
0 days 00:50:30.142000,NOR,4,0 days 00:01:23.856000,9.0,2.0,,,0 days 00:00:17.095000,0 days 00:00:36.117000,0 days 00:00:30.644000,0 days 00:49:23.381000,0 days 00:49:59.498000,0 days 00:50:30.142000,287.0,311.0,222.0,321.0,False,MEDIUM,4.0,True,McLaren,0 days 00:49:06.286000,2021-12-11 13:34:06.470,1,,False,,False,True
0 days 00:52:16.001000,NOR,4,0 days 00:01:45.859000,10.0,2.0,,0 days 00:52:14.657000,0 days 00:00:22.380000,0 days 00:00:44.497000,0 days 00:00:38.982000,0 days 00:50:52.522000,0 days 00:51:37.019000,0 days 00:52:16.001000,239.0,200.0,,225.0,False,MEDIUM,5.0,True,McLaren,0 days 00:50:30.142000,2021-12-11 13:35:30.326,12,,False,,False,False
0 days 00:57:21.295000,NOR,4,,11.0,3.0,0 days 00:54:36.891000,,,0 days 00:00:44.569000,0 days 00:01:29.543000,,0 days 00:55:51.794000,0 days 00:57:21.306000,260.0,234.0,226.0,292.0,False,SOFT,1.0,True,McLaren,0 days 00:52:16.001000,2021-12-11 13:37:16.185,12,,False,,False,False
0 days 00:58:44.551000,NOR,4,0 days 00:01:23.256000,12.0,3.0,,,0 days 00:00:17.113000,0 days 00:00:35.906000,0 days 00:00:30.237000,0 days 00:57:38.408000,0 days 00:58:14.314000,0 days 00:58:44.551000,288.0,319.0,222.0,322.0,True,SOFT,2.0,True,McLaren,0 days 00:57:21.295000,2021-12-11 13:42:21.479,1,,False,,False,True
0 days 01:00:35.789000,NOR,4,0 days 00:01:51.238000,13.0,3.0,,0 days 01:00:34.632000,0 days 00:00:22.245000,0 days 00:00:47.676000,0 days 00:00:41.317000,0 days 00:59:06.796000,0 days 00:59:54.472000,0 days 01:00:35.789000,218.0,215.0,,186.0,False,SOFT,3.0,True,McLaren,0 days 00:58:44.551000,2021-12-11 13:43:44.735,1,,False,,False,False
0 days 01:07:57.699000,NOR,4,,14.0,4.0,0 days 01:06:09.883000,,,0 days 00:00:45.187000,0 days 00:00:37.741000,,0 days 01:07:19.980000,0 days 01:07:57.926000,263.0,276.0,230.0,286.0,False,SOFT,1.0,True,McLaren,0 days 01:00:35.789000,2021-12-11 13:45:35.973,12,,False,,False,False
0 days 01:09:21.091000,NOR,4,0 days 00:01:23.392000,15.0,4.0,,,0 days 00:00:16.979000,0 days 00:00:36.072000,0 days 00:00:30.341000,0 days 01:08:14.678000,0 days 01:08:50.750000,0 days 01:09:21.091000,288.0,317.0,221.0,320.0,True,SOFT,2.0,True,McLaren,0 days 01:07:57.699000,2021-12-11 13:52:57.883,1,,False,,False,True
0 days 01:11:09.978000,NOR,4,0 days 00:01:48.887000,16.0,4.0,,0 days 01:11:08.846000,0 days 00:00:24.356000,0 days 00:00:45.888000,0 days 00:00:38.643000,0 days 01:09:45.447000,0 days 01:10:31.335000,0 days 01:11:09.978000,232.0,208.0,,217.0,False,SOFT,3.0,True,McLaren,0 days 01:09:21.091000,2021-12-11 13:54:21.275,1,,False,,False,False
0 days 01:16:46.445000,NOR,4,,17.0,5.0,0 days 01:14:42.248000,,,0 days 00:00:46.842000,0 days 00:00:44.548000,,0 days 01:16:01.938000,0 days 01:16:46.468000,259.0,293.0,231.0,290.0,False,SOFT,1.0,True,McLaren,0 days 01:11:09.978000,2021-12-11 13:56:10.162,1,,False,,False,False
0 days 01:18:09.376000,NOR,4,0 days 00:01:22.931000,18.0,5.0,,,0 days 00:00:16.967000,0 days 00:00:35.844000,0 days 00:00:30.120000,0 days 01:17:03.412000,0 days 01:17:39.256000,0 days 01:18:09.376000,288.0,318.0,220.0,321.0,True,SOFT,2.0,True,McLaren,0 days 01:16:46.445000,2021-12-11 14:01:46.629,1,,False,,False,True
0 days 01:20:04.667000,NOR,4,0 days 00:01:55.291000,19.0,5.0,,,0 days 00:00:19.630000,0 days 00:00:50.407000,0 days 00:00:45.254000,0 days 01:18:29.006000,0 days 01:19:19.413000,0 days 01:20:04.667000,215.0,189.0,54.0,155.0,False,SOFT,3.0,True,McLaren,0 days 01:18:09.376000,2021-12-11 14:03:09.560,1,,False,,False,True
0 days 00:16:45.743000,PER,11,,1.0,1.0,0 days 00:15:07.616000,,,0 days 00:00:42.084000,0 days 00:00:34.674000,,0 days 00:16:11.087000,0 days 00:16:45.963000,266.0,248.0,225.0,249.0,False,SOFT,1.0,True,Red Bull Racing,0 days 00:15:07.616000,2021-12-11 13:00:07.800,1,,False,,False,False
0 days 00:18:09.996000,PER,11,0 days 00:01:24.253000,2.0,1.0,,,0 days 00:00:17.189000,0 days 00:00:36.379000,0 days 00:00:30.685000,0 days 00:17:02.932000,0 days 00:17:39.311000,0 days 00:18:09.996000,290.0,315.0,222.0,319.0,True,SOFT,2.0,True,Red Bull Racing,0 days 00:16:45.743000,2021-12-11 13:01:45.927,1,,False,,False,True
0 days 00:20:07.243000,PER,11,0 days 00:01:57.247000,3.0,1.0,,0 days 00:20:06.195000,0 days 00:00:23.382000,0 days 00:00:50.639000,0 days 00:00:43.226000,0 days 00:18:33.378000,0 days 00:19:24.017000,0 days 00:20:07.243000,199.0,188.0,,249.0,False,SOFT,3.0,True,Red Bull Racing,0 days 00:18:09.996000,2021-12-11 13:03:10.180,1,,False,,False,False
0 days 00:22:25.911000,PER,11,0 days 00:02:18.668000,4.0,2.0,0 days 00:20:29.148000,,0 days 00:00:44.630000,0 days 00:00:51.625000,0 days 00:00:42.413000,0 days 00:20:51.873000,0 days 00:21:43.498000,0 days 00:22:25.911000,165.0,248.0,223.0,204.0,False,SOFT,4.0,False,Red Bull Racing,0 days 00:20:07.243000,2021-12-11 13:05:07.427,1,,False,,False,False
0 days 00:23:49.488000,PER,11,0 days 00:01:23.577000,5.0,2.0,,,0 days 00:00:17.158000,0 days 00:00:36.154000,0 days 00:00:30.265000,0 days 00:22:43.069000,0 days 00:23:19.223000,0 days 00:23:49.488000,293.0,321.0,223.0,323.0,True,SOFT,5.0,False,Red Bull Racing,0 days 00:22:25.911000,2021-12-11 13:07:26.095,1,,False,,False,True
0 days 00:25:41.971000,PER,11,0 days 00:01:52.483000,6.0,2.0,,0 days 00:25:40.872000,0 days 00:00:20.550000,0 days 00:00:53.410000,0 days 00:00:38.523000,0 days 00:24:10.038000,0 days 00:25:03.448000,0 days 00:25:41.971000,253.0,213.0,,196.0,False,SOFT,6.0,False,Red Bull Racing,0 days 00:23:49.488000,2021-12-11 13:08:49.672,1,,False,,False,False
0 days 00:34:12.677000,PER,11,,7.0,3.0,0 days 00:31:54.745000,,,0 days 00:00:42.852000,0 days 00:01:11.336000,,0 days 00:33:01.437000,0 days 00:34:12.898000,241.0,224.0,224.0,256.0,False,SOFT,7.0,False,Red Bull Racing,0 days 00:31:54.745000,2021-12-11 13:16:54.929,1,,False,,False,False
0 days 00:35:36.027000,PER,11,0 days 00:01:23.350000,8.0,3.0,,,0 days 00:00:17.214000,0 days 00:00:35.981000,0 days 00:00:30.155000,0 days 00:34:29.891000,0 days 00:35:05.872000,0 days 00:35:36.027000,292.0,319.0,222.0,323.0,True,SOFT,8.0,False,Red Bull Racing,0 days 00:34:12.677000,2021-12-11 13:19:12.861,1,,False,,False,True
0 days 00:37:21.118000,PER,11,0 days 00:01:45.091000,9.0,3.0,,0 days 00:37:20.054000,0 days 00:00:21.284000,0 days 00:00:44.767000,0 days 00:00:39.040000,0 days 00:35:57.311000,0 days 00:36:42.078000,0 days 00:37:21.118000,249.0,250.0,,231.0,False,SOFT,9.0,False,Red Bull Racing,0 days 00:35:36.027000,2021-12-11 13:20:36.211,1,,False,,False,False
0 days 00:44:55.630000,PER,11,,10.0,4.0,0 days 00:43:14.429000,,,0 days 00:00:40.654000,0 days 00:00:37.562000,,0 days 00:44:18.104000,0 days 00:44:55.655000,264.0,248.0,226.0,292.0,False,MEDIUM,1.0,True,Red Bull Racing,0 days 00:37:21.118000,2021-12-11 13:22:21.302,12,,False,,False,False
0 days 00:46:19.381000,PER,11,0 days 00:01:23.751000,11.0,4.0,,,0 days 00:00:17.051000,0 days 00:00:36.101000,0 days 00:00:30.599000,0 days 00:45:12.681000,0 days 00:45:48.782000,0 days 00:46:19.381000,295.0,323.0,221.0,326.0,True,MEDIUM,2.0,True,Red Bull Racing,0 days 00:44:55.630000,2021-12-11 13:29:55.814,1,,False,,False,True
0 days 00:48:33.315000,PER,11,0 days 00:02:13.934000,12.0,4.0,,,0 days 00:00:22.633000,0 days 00:00:59.546000,0 days 00:00:51.755000,0 days 00:46:42.014000,0 days 00:47:41.560000,0 days 00:48:33.315000,214.0,155.0,226.0,157.0,False,MEDIUM,3.0,True,Red Bull Racing,0 days 00:46:19.381000,2021-12-11 13:31:19.565,1,,False,,False,True
0 days 00:49:57.109000,PER,11,0 days 00:01:23.794000,13.0,4.0,,,0 days 00:00:17.046000,0 days 00:00:36.114000,0 days 00:00:30.634000,0 days 00:48:50.361000,0 days 00:49:26.475000,0 days 00:49:57.109000,295.0,321.0,221.0,325.0,False,MEDIUM,4.0,True,Red Bull Racing,0 days 00:48:33.315000,2021-12-11 13:33:33.499,1,,False,,False,True
0 days 00:51:34.415000,PER,11,0 days 00:01:37.306000,14.0,4.0,,0 days 00:51:33.276000,0 days 00:00:19.154000,0 days 00:00:40.872000,0 days 00:00:37.280000,0 days 00:50:16.263000,0 days 00:50:57.135000,0 days 00:51:34.415000,266.0,268.0,,267.0,False,MEDIUM,5.0,True,Red Bull Racing,0 days 00:49:57.109000,2021-12-11 13:34:57.293,12,,False,,False,False
0 days 00:56:49.050000,PER,11,,15.0,5.0,0 days 00:54:41.925000,,,0 days 00:00:40.319000,0 days 00:00:56.186000,,0 days 00:55:52.883000,0 days 00:56:49.052000,254.0,272.0,222.0,283.0,False,SOFT,1.0,True,Red Bull Racing,0 days 00:51:34.415000,2021-12-11 13:36:34.599,12,,False,,False,False
0 days 00:58:12.185000,PER,11,0 days 00:01:23.135000,16.0,5.0,,,0 days 00:00:17.063000,0 days 00:00:35.696000,0 days 00:00:30.376000,0 days 00:57:06.113000,0 days 00:57:41.809000,0 days 00:58:12.185000,296.0,323.0,223.0,327.0,True,SOFT,2.0,True,Red Bull Racing,0 days 00:56:49.050000,2021-12-11 13:41:49.234,12,,False,,False,True
0 days 01:00:03.909000,PER,11,0 days 00:01:51.724000,17.0,5.0,,0 days 01:00:02.805000,0 days 00:00:23.078000,0 days 00:00:45.238000,0 days 00:00:43.408000,0 days 00:58:35.263000,0 days 00:59:20.501000,0 days 01:00:03.909000,242.0,240.0,,227.0,False,SOFT,3.0,True,Red Bull Racing,0 days 00:58:12.185000,2021-12-11 13:43:12.369,1,,False,,False,False
0 days 01:07:45.622000,PER,11,,18.0,6.0,0 days 01:06:03.465000,,,0 days 00:00:40.312000,0 days 00:00:40.103000,,0 days 01:07:05.563000,0 days 01:07:45.880000,265.0,275.0,225.0,277.0,False,SOFT,1.0,True,Red Bull Racing,0 days 01:00:03.909000,2021-12-11 13:45:04.093,12,,False,,False,False
0 days 01:09:25.800000,PER,11,0 days 00:01:40.178000,19.0,6.0,,,0 days 00:00:17.090000,0 days 00:00:39.997000,0 days 00:00:43.091000,0 days 01:08:02.712000,0 days 01:08:42.709000,0 days 01:09:25.800000,294.0,241.0,228.0,320.0,True,SOFT,2.0,True,Red Bull Racing,0 days 01:07:45.622000,2021-12-11 13:52:45.806,1,,False,,False,True
0 days 01:10:48.768000,PER,11,0 days 00:01:22.968000,20.0,6.0,,,0 days 00:00:16.978000,0 days 00:00:35.943000,0 days 00:00:30.047000,0 days 01:09:42.778000,0 days 01:10:18.721000,0 days 01:10:48.768000,294.0,317.0,224.0,327.0,True,SOFT,3.0,True,Red Bull Racing,0 days 01:09:25.800000,2021-12-11 13:54:25.984,1,,False,,False,True
0 days 01:12:35.574000,PER,11,0 days 00:01:46.806000,21.0,6.0,,0 days 01:12:34.447000,0 days 00:00:20.898000,0 days 00:00:44.122000,0 days 00:00:41.786000,0 days 01:11:09.666000,0 days 01:11:53.788000,0 days 01:12:35.574000,257.0,231.0,,245.0,False,SOFT,4.0,True,Red Bull Racing,0 days 01:10:48.768000,2021-12-11 13:55:48.952,1,,False,,False,False
0 days 01:16:50.532000,PER,11,,22.0,7.0,0 days 01:14:49.067000,,,0 days 00:00:40.555000,0 days 00:00:47.287000,,0 days 01:16:03.255000,0 days 01:16:50.532000,253.0,237.0,226.0,301.0,False,SOFT,1.0,True,Red Bull Racing,0 days 01:12:35.574000,2021-12-11 13:57:35.758,1,,False,,False,False
0 days 01:18:13.479000,PER,11,0 days 00:01:22.947000,23.0,7.0,,,0 days 00:00:16.976000,0 days 00:00:35.784000,0 days 00:00:30.187000,0 days 01:17:07.508000,0 days 01:17:43.292000,0 days 01:18:13.479000,297.0,322.0,223.0,327.0,True,SOFT,2.0,True,Red Bull Racing,0 days 01:16:50.532000,2021-12-11 14:01:50.716,1,,False,,False,True
0 days 01:20:08.344000,PER,11,0 days 00:01:54.865000,24.0,7.0,,0 days 01:20:05.824000,0 days 00:00:22.157000,0 days 00:00:49.151000,0 days 00:00:43.557000,0 days 01:18:35.636000,0 days 01:19:24.787000,0 days 01:20:08.344000,233.0,201.0,,208.0,False,SOFT,3.0,True,Red Bull Racing,0 days 01:18:13.479000,2021-12-11 14:03:13.663,1,,False,,False,False
0 days 00:18:02.448000,SAI,55,,1.0,1.0,0 days 00:16:03.697000,,,0 days 00:00:52.105000,0 days 00:00:41.077000,,0 days 00:17:21.371000,0 days 00:18:02.665000,239.0,237.0,227.0,255.0,False,MEDIUM,1.0,True,Ferrari,0 days 00:16:03.697000,2021-12-11 13:01:03.881,1,,False,,False,False
0 days 00:19:26.766000,SAI,55,0 days 00:01:24.318000,2.0,1.0,,,0 days 00:00:17.272000,0 days 00:00:36.416000,0 days 00:00:30.630000,0 days 00:18:19.720000,0 days 00:18:56.136000,0 days 00:19:26.766000,286.0,313.0,224.0,318.0,True,MEDIUM,2.0,True,Ferrari,0 days 00:18:02.448000,2021-12-11 13:03:02.632,1,,False,,False,True
0 days 00:21:55.911000,SAI,55,0 days 00:02:29.145000,3.0,1.0,,,0 days 00:00:28.533000,0 days 00:01:12.133000,0 days 00:00:48.479000,0 days 00:19:55.299000,0 days 00:21:07.432000,0 days 00:21:55.911000,95.0,98.0,224.0,173.0,False,MEDIUM,3.0,True,Ferrari,0 days 00:19:26.766000,2021-12-11 13:04:26.950,1,,False,,False,True
0 days 00:23:29.308000,SAI,55,0 days 00:01:33.397000,4.0,1.0,,0 days 00:23:27.662000,0 days 00:00:17.405000,0 days 00:00:36.332000,0 days 00:00:39.660000,0 days 00:22:13.316000,0 days 00:22:49.648000,0 days 00:23:29.308000,287.0,317.0,,320.0,False,MEDIUM,4.0,True,Ferrari,0 days 00:21:55.911000,2021-12-11 13:06:56.095,1,,False,,False,False
0 days 00:29:09.651000,SAI,55,,5.0,2.0,0 days 00:25:48.129000,0 days 00:27:59.430000,,,,,,,170.0,,,,False,SOFT,1.0,True,Ferrari,0 days 00:23:29.308000,2021-12-11 13:08:29.492,15,,False,,False,False
0 days 00:30:57.986000,SAI,55,,6.0,3.0,0 days 00:29:09.651000,,,0 days 00:00:44.970000,0 days 00:00:42.333000,,0 days 00:30:15.653000,0 days 00:30:58.241000,269.0,185.0,225.0,280.0,False,SOFT,2.0,False,Ferrari,0 days 00:29:09.651000,2021-12-11 13:14:09.835,1,,False,,False,False
0 days 00:32:21.853000,SAI,55,0 days 00:01:23.867000,7.0,3.0,,,0 days 00:00:17.248000,0 days 00:00:36.237000,0 days 00:00:30.382000,0 days 00:31:15.234000,0 days 00:31:51.471000,0 days 00:32:21.853000,286.0,315.0,224.0,317.0,True,SOFT,3.0,False,Ferrari,0 days 00:30:57.986000,2021-12-11 13:15:58.170,1,,False,,False,True
0 days 00:34:53.750000,SAI,55,,8.0,3.0,,,0 days 00:00:24.920000,0 days 00:01:02.620000,0 days 00:01:04.352000,0 days 00:32:46.818000,0 days 00:33:49.421000,0 days 00:34:53.968000,190.0,129.0,223.0,199.0,False,SOFT,4.0,False,Ferrari,0 days 00:32:21.853000,2021-12-11 13:17:22.037,1,,False,,False,False
0 days 00:36:17.374000,SAI,55,0 days 00:01:23.624000,9.0,3.0,,,0 days 00:00:17.284000,0 days 00:00:36.065000,0 days 00:00:30.275000,0 days 00:35:11.034000,0 days 00:35:47.099000,0 days 00:36:17.374000,287.0,319.0,221.0,322.0,True,SOFT,5.0,False,Ferrari,0 days 00:34:53.750000,2021-12-11 13:19:53.934,1,,False,,False,True
0 days 00:38:09.222000,SAI,55,0 days 00:01:51.848000,10.0,3.0,,0 days 00:38:08.195000,0 days 00:00:22.518000,0 days 00:00:46.208000,0 days 00:00:43.122000,0 days 00:36:39.892000,0 days 00:37:26.100000,0 days 00:38:09.222000,212.0,242.0,,222.0,False,SOFT,6.0,False,Ferrari,0 days 00:36:17.374000,2021-12-11 13:21:17.558,12,,False,,False,False
0 days 00:48:19.784000,SAI,55,,11.0,4.0,0 days 00:45:58.718000,,,0 days 00:00:55.168000,0 days 00:00:54.127000,,0 days 00:47:25.676000,0 days 00:48:19.784000,196.0,225.0,226.0,234.0,False,SOFT,1.0,True,Ferrari,0 days 00:38:09.222000,2021-12-11 13:23:09.406,21,,False,,False,False
0 days 00:49:42.958000,SAI,55,0 days 00:01:23.174000,12.0,4.0,,,0 days 00:00:17.130000,0 days 00:00:35.908000,0 days 00:00:30.136000,0 days 00:48:36.914000,0 days 00:49:12.822000,0 days 00:49:42.958000,287.0,317.0,222.0,320.0,True,SOFT,2.0,True,Ferrari,0 days 00:48:19.784000,2021-12-11 13:33:19.968,1,,False,,False,True
0 days 00:51:38.028000,SAI,55,0 days 00:01:55.070000,13.0,4.0,,0 days 00:51:36.885000,0 days 00:00:22.322000,0 days 00:00:49.283000,0 days 00:00:43.465000,0 days 00:50:05.280000,0 days 00:50:54.563000,0 days 00:51:38.028000,218.0,185.0,,212.0,False,SOFT,3.0,True,Ferrari,0 days 00:49:42.958000,2021-12-11 13:34:43.142,12,,False,,False,False
0 days 00:57:08.073000,SAI,55,,14.0,5.0,0 days 00:54:17.438000,,,0 days 00:01:00.521000,0 days 00:01:20.321000,,0 days 00:55:47.770000,0 days 00:57:08.073000,188.0,227.0,223.0,188.0,False,SOFT,1.0,True,Ferrari,0 days 00:51:38.028000,2021-12-11 13:36:38.212,12,,False,,False,False
0 days 00:58:33.214000,SAI,55,0 days 00:01:25.141000,15.0,5.0,,,0 days 00:00:17.203000,0 days 00:00:36.060000,0 days 00:00:31.878000,0 days 00:57:25.276000,0 days 00:58:01.336000,0 days 00:58:33.214000,287.0,316.0,180.0,321.0,False,SOFT,2.0,True,Ferrari,0 days 00:57:08.073000,2021-12-11 13:42:08.257,1,,False,,False,True
0 days 01:00:31.097000,SAI,55,0 days 00:01:57.883000,16.0,5.0,,0 days 01:00:29.935000,0 days 00:00:24.665000,0 days 00:00:50.345000,0 days 00:00:42.873000,0 days 00:58:57.879000,0 days 00:59:48.224000,0 days 01:00:31.097000,194.0,192.0,,192.0,False,SOFT,3.0,True,Ferrari,0 days 00:58:33.214000,2021-12-11 13:43:33.398,1,,False,,False,False
0 days 01:08:53.583000,SAI,55,,17.0,6.0,0 days 01:06:45.048000,,,0 days 00:00:50.651000,0 days 00:00:52.336000,,0 days 01:08:01.247000,0 days 01:08:53.635000,235.0,177.0,227.0,242.0,False,SOFT,1.0,True,Ferrari,0 days 01:00:31.097000,2021-12-11 13:45:31.281,12,,False,,False,False
0 days 01:10:16.799000,SAI,55,0 days 00:01:23.216000,18.0,6.0,,,0 days 00:00:17.122000,0 days 00:00:35.837000,0 days 00:00:30.257000,0 days 01:09:10.705000,0 days 01:09:46.542000,0 days 01:10:16.799000,287.0,318.0,223.0,321.0,True,SOFT,2.0,True,Ferrari,0 days 01:08:53.583000,2021-12-11 13:53:53.767,1,,False,,False,True
0 days 01:12:06.731000,SAI,55,0 days 00:01:49.932000,19.0,6.0,,0 days 01:12:05.595000,0 days 00:00:21.242000,0 days 00:00:45.622000,0 days 00:00:43.068000,0 days 01:10:38.041000,0 days 01:11:23.663000,0 days 01:12:06.731000,236.0,227.0,,227.0,False,SOFT,3.0,True,Ferrari,0 days 01:10:16.799000,2021-12-11 13:55:16.983,1,,False,,False,False
0 days 01:17:03.277000,SAI,55,,20.0,7.0,0 days 01:14:39.577000,,,0 days 00:00:53.962000,0 days 00:01:00.739000,,0 days 01:16:02.584000,0 days 01:17:03.312000,224.0,171.0,226.0,238.0,False,SOFT,1.0,True,Ferrari,0 days 01:12:06.731000,2021-12-11 13:57:06.915,1,,False,,False,False
0 days 01:18:26.269000,SAI,55,0 days 00:01:22.992000,21.0,7.0,,,0 days 00:00:17.113000,0 days 00:00:35.839000,0 days 00:00:30.040000,0 days 01:17:20.390000,0 days 01:17:56.229000,0 days 01:18:26.269000,288.0,317.0,223.0,321.0,True,SOFT,2.0,True,Ferrari,0 days 01:17:03.277000,2021-12-11 14:02:03.461,1,,False,,False,True
0 days 01:20:23.090000,SAI,55,0 days 00:01:56.821000,22.0,7.0,,0 days 01:20:20.334000,0 days 00:00:22.199000,0 days 00:00:51.628000,0 days 00:00:42.994000,0 days 01:18:48.468000,0 days 01:19:40.096000,0 days 01:20:23.090000,208.0,192.0,,201.0,False,SOFT,3.0,True,Ferrari,0 days 01:18:26.269000,2021-12-11 14:03:26.453,1,,False,,False,False
0 days 00:20:00.296000,BOT,77,,1.0,1.0,0 days 00:18:07.905000,,,0 days 00:00:46.084000,0 days 00:00:45.648000,,0 days 00:19:14.648000,0 days 00:20:00.487000,257.0,240.0,223.0,254.0,False,SOFT,1.0,True,Mercedes,0 days 00:18:07.905000,2021-12-11 13:03:08.089,1,,False,,False,False
0 days 00:21:23.663000,BOT,77,0 days 00:01:23.367000,2.0,1.0,,,0 days 00:00:17.176000,0 days 00:00:36.064000,0 days 00:00:30.127000,0 days 00:20:17.472000,0 days 00:20:53.536000,0 days 00:21:23.663000,291.0,314.0,225.0,318.0,True,SOFT,2.0,True,Mercedes,0 days 00:20:00.296000,2021-12-11 13:05:00.480,1,,False,,False,True
0 days 00:23:11.828000,BOT,77,0 days 00:01:48.165000,3.0,1.0,,0 days 00:23:10.792000,0 days 00:00:23.013000,0 days 00:00:44.594000,0 days 00:00:40.558000,0 days 00:21:46.676000,0 days 00:22:31.270000,0 days 00:23:11.828000,216.0,258.0,,248.0,False,SOFT,3.0,True,Mercedes,0 days 00:21:23.663000,2021-12-11 13:06:23.847,1,,False,,False,False
0 days 00:33:43.868000,BOT,77,,4.0,2.0,0 days 00:31:43.420000,,,0 days 00:00:47.684000,0 days 00:00:48.357000,,0 days 00:32:55.529000,0 days 00:33:44.134000,259.0,223.0,225.0,224.0,False,SOFT,4.0,False,Mercedes,0 days 00:31:43.420000,2021-12-11 13:16:43.604,1,,False,,False,False
0 days 00:35:06.985000,BOT,77,0 days 00:01:23.117000,5.0,2.0,,,0 days 00:00:17.079000,0 days 00:00:36.047000,0 days 00:00:29.991000,0 days 00:34:00.947000,0 days 00:34:36.994000,0 days 00:35:06.985000,291.0,315.0,221.0,320.0,True,SOFT,5.0,False,Mercedes,0 days 00:33:43.868000,2021-12-11 13:18:44.052,1,,False,,False,True
0 days 00:36:50.720000,BOT,77,0 days 00:01:43.735000,6.0,2.0,,0 days 00:36:49.304000,0 days 00:00:18.781000,0 days 00:00:43.412000,0 days 00:00:41.542000,0 days 00:35:25.766000,0 days 00:36:09.178000,0 days 00:36:50.720000,263.0,239.0,,253.0,False,SOFT,6.0,False,Mercedes,0 days 00:35:06.985000,2021-12-11 13:20:07.169,1,,False,,False,False
0 days 00:44:51.848000,BOT,77,,7.0,3.0,0 days 00:43:07.016000,,,0 days 00:00:42.722000,0 days 00:00:39.794000,,0 days 00:44:12.114000,0 days 00:44:51.895000,264.0,230.0,228.0,277.0,False,MEDIUM,1.0,True,Mercedes,0 days 00:36:50.720000,2021-12-11 13:21:50.904,12,,False,,False,False
0 days 00:46:15.094000,BOT,77,0 days 00:01:23.246000,8.0,3.0,,,0 days 00:00:17.025000,0 days 00:00:36.079000,0 days 00:00:30.142000,0 days 00:45:08.873000,0 days 00:45:44.952000,0 days 00:46:15.094000,292.0,316.0,224.0,320.0,True,MEDIUM,2.0,True,Mercedes,0 days 00:44:51.848000,2021-12-11 13:29:52.032,1,,False,,False,True
0 days 00:48:29.036000,BOT,77,0 days 00:02:13.942000,9.0,3.0,,,0 days 00:00:22.399000,0 days 00:00:49.647000,0 days 00:01:01.896000,0 days 00:46:37.493000,0 days 00:47:27.140000,0 days 00:48:29.036000,222.0,208.0,226.0,222.0,False,MEDIUM,3.0,True,Mercedes,0 days 00:46:15.094000,2021-12-11 13:31:15.278,1,,False,,False,True
0 days 00:49:52.375000,BOT,77,0 days 00:01:23.339000,10.0,3.0,,,0 days 00:00:17.059000,0 days 00:00:35.992000,0 days 00:00:30.288000,0 days 00:48:46.095000,0 days 00:49:22.087000,0 days 00:49:52.375000,292.0,316.0,223.0,320.0,False,MEDIUM,4.0,True,Mercedes,0 days 00:48:29.036000,2021-12-11 13:33:29.220,1,,False,,False,True
0 days 00:51:33.846000,BOT,77,0 days 00:01:41.471000,11.0,3.0,,0 days 00:51:32.461000,0 days 00:00:20.327000,0 days 00:00:41.389000,0 days 00:00:39.755000,0 days 00:50:12.702000,0 days 00:50:54.091000,0 days 00:51:33.846000,255.0,260.0,,277.0,False,MEDIUM,5.0,True,Mercedes,0 days 00:49:52.375000,2021-12-11 13:34:52.559,12,,False,,False,False
0 days 00:57:02.132000,BOT,77,,12.0,4.0,0 days 00:54:34.034000,,,0 days 00:00:46.128000,0 days 00:01:11.120000,,0 days 00:55:51.012000,0 days 00:57:02.179000,253.0,157.0,220.0,231.0,False,MEDIUM,1.0,True,Mercedes,0 days 00:51:33.846000,2021-12-11 13:36:34.030,12,,False,,False,False
0 days 00:58:25.435000,BOT,77,0 days 00:01:23.303000,13.0,4.0,,,0 days 00:00:17.211000,0 days 00:00:35.871000,0 days 00:00:30.221000,0 days 00:57:19.343000,0 days 00:57:55.214000,0 days 00:58:25.435000,293.0,317.0,223.0,322.0,False,MEDIUM,2.0,True,Mercedes,0 days 00:57:02.132000,2021-12-11 13:42:02.316,1,,False,,False,True
0 days 01:00:13.622000,BOT,77,0 days 00:01:48.187000,14.0,4.0,,0 days 01:00:12.493000,0 days 00:00:20.840000,0 days 00:00:45.278000,0 days 00:00:42.069000,0 days 00:58:46.275000,0 days 00:59:31.553000,0 days 01:00:13.622000,257.0,214.0,,209.0,False,MEDIUM,3.0,True,Mercedes,0 days 00:58:25.435000,2021-12-11 13:43:25.619,1,,False,,False,False
0 days 01:08:22.244000,BOT,77,,15.0,5.0,0 days 01:06:17.979000,,,0 days 00:00:45.834000,0 days 00:00:50.005000,,0 days 01:07:32.239000,0 days 01:08:22.277000,260.0,132.0,225.0,257.0,False,SOFT,1.0,True,Mercedes,0 days 01:00:13.622000,2021-12-11 13:45:13.806,12,,False,,False,False
0 days 01:09:45.436000,BOT,77,0 days 00:01:23.192000,16.0,5.0,,,0 days 00:00:17.024000,0 days 00:00:36.182000,0 days 00:00:29.986000,0 days 01:08:39.268000,0 days 01:09:15.450000,0 days 01:09:45.436000,291.0,316.0,225.0,320.0,True,SOFT,2.0,True,Mercedes,0 days 01:08:22.244000,2021-12-11 13:53:22.428,1,,False,,False,True
0 days 01:11:24.913000,BOT,77,0 days 00:01:39.477000,17.0,5.0,,0 days 01:11:23.782000,0 days 00:00:19.679000,0 days 00:00:40.621000,0 days 00:00:39.177000,0 days 01:10:05.115000,0 days 01:10:45.736000,0 days 01:11:24.913000,259.0,263.0,,273.0,False,SOFT,3.0,True,Mercedes,0 days 01:09:45.436000,2021-12-11 13:54:45.620,1,,False,,False,False
0 days 01:16:23.848000,BOT,77,,18.0,6.0,0 days 01:14:34.804000,,,0 days 00:00:43.599000,0 days 00:00:41.789000,,0 days 01:15:42.075000,0 days 01:16:23.848000,264.0,223.0,227.0,272.0,False,SOFT,1.0,True,Mercedes,0 days 01:11:24.913000,2021-12-11 13:56:25.097,1,,False,,False,False
0 days 01:17:46.884000,BOT,77,0 days 00:01:23.036000,19.0,6.0,,,0 days 00:00:17.044000,0 days 00:00:35.968000,0 days 00:00:30.024000,0 days 01:16:40.892000,0 days 01:17:16.860000,0 days 01:17:46.884000,293.0,315.0,225.0,320.0,True,SOFT,2.0,True,Mercedes,0 days 01:16:23.848000,2021-12-11 14:01:24.032,1,,False,,False,True
0 days 01:19:39.373000,BOT,77,0 days 00:01:52.489000,20.0,6.0,,0 days 01:19:36.912000,0 days 00:00:21.489000,0 days 00:00:48.516000,0 days 00:00:42.484000,0 days 01:18:08.373000,0 days 01:18:56.889000,0 days 01:19:39.373000,219.0,191.0,,188.0,False,SOFT,3.0,True,Mercedes,0 days 01:17:46.884000,2021-12-11 14:02:47.068,1,,False,,False,False
0 days 00:17:19.769000,LEC,16,,1.0,1.0,0 days 00:15:16.283000,,,0 days 00:00:45.989000,0 days 00:00:48.478000,,0 days 00:16:31.395000,0 days 00:17:19.977000,248.0,243.0,225.0,250.0,False,MEDIUM,1.0,True,Ferrari,0 days 00:15:16.283000,2021-12-11 13:00:16.467,1,,False,,False,False
0 days 00:18:44.514000,LEC,16,0 days 00:01:24.745000,2.0,1.0,,,0 days 00:00:17.275000,0 days 00:00:36.638000,0 days 00:00:30.832000,0 days 00:17:37.044000,0 days 00:18:13.682000,0 days 00:18:44.514000,287.0,317.0,222.0,322.0,True,MEDIUM,2.0,True,Ferrari,0 days 00:17:19.769000,2021-12-11 13:02:19.953,1,,False,,False,True
0 days 00:21:02.826000,LEC,16,0 days 00:02:18.312000,3.0,1.0,,,0 days 00:00:29.111000,0 days 00:01:04.052000,0 days 00:00:45.149000,0 days 00:19:13.625000,0 days 00:20:17.677000,0 days 00:21:02.826000,146.0,136.0,225.0,202.0,False,MEDIUM,3.0,True,Ferrari,0 days 00:18:44.514000,2021-12-11 13:03:44.698,1,,False,,False,True
0 days 00:22:27.161000,LEC,16,0 days 00:01:24.335000,4.0,1.0,,,0 days 00:00:17.294000,0 days 00:00:36.353000,0 days 00:00:30.688000,0 days 00:21:20.120000,0 days 00:21:56.473000,0 days 00:22:27.161000,287.0,316.0,222.0,321.0,True,MEDIUM,4.0,True,Ferrari,0 days 00:21:02.826000,2021-12-11 13:06:03.010,1,,False,,False,True
0 days 00:24:03.107000,LEC,16,0 days 00:01:35.946000,5.0,1.0,,0 days 00:24:02.056000,0 days 00:00:19.085000,0 days 00:00:40.323000,0 days 00:00:36.538000,0 days 00:22:46.246000,0 days 00:23:26.569000,0 days 00:24:03.107000,258.0,287.0,,284.0,False,MEDIUM,5.0,True,Ferrari,0 days 00:22:27.161000,2021-12-11 13:07:27.345,1,,False,,False,False
0 days 00:29:08.630000,LEC,16,,6.0,2.0,0 days 00:25:46.656000,0 days 00:27:47.767000,,,,,,,212.0,,,,False,SOFT,1.0,True,Ferrari,0 days 00:24:03.107000,2021-12-11 13:09:03.291,15,,False,,False,False
0 days 00:31:05.517000,LEC,16,,7.0,3.0,0 days 00:29:08.630000,,,0 days 00:00:45.865000,0 days 00:00:49.108000,,0 days 00:30:16.453000,0 days 00:31:05.702000,260.0,182.0,226.0,169.0,False,SOFT,2.0,False,Ferrari,0 days 00:29:08.630000,2021-12-11 13:14:08.814,1,,False,,False,False
0 days 00:32:29.145000,LEC,16,0 days 00:01:23.628000,8.0,3.0,,,0 days 00:00:17.237000,0 days 00:00:36.111000,0 days 00:00:30.280000,0 days 00:31:22.754000,0 days 00:31:58.865000,0 days 00:32:29.145000,287.0,316.0,224.0,320.0,True,SOFT,3.0,False,Ferrari,0 days 00:31:05.517000,2021-12-11 13:16:05.701,1,,False,,False,True
0 days 00:34:59.171000,LEC,16,,9.0,3.0,,,0 days 00:00:24.674000,0 days 00:00:59.665000,0 days 00:01:05.732000,0 days 00:32:53.897000,0 days 00:33:53.475000,0 days 00:34:59.403000,183.0,231.0,222.0,180.0,False,SOFT,4.0,False,Ferrari,0 days 00:32:29.145000,2021-12-11 13:17:29.329,1,,False,,False,False
0 days 00:36:22.638000,LEC,16,0 days 00:01:23.467000,10.0,3.0,,,0 days 00:00:17.247000,0 days 00:00:35.965000,0 days 00:00:30.255000,0 days 00:35:16.418000,0 days 00:35:52.383000,0 days 00:36:22.638000,287.0,319.0,221.0,323.0,True,SOFT,5.0,False,Ferrari,0 days 00:34:59.171000,2021-12-11 13:19:59.355,1,,False,,False,True
0 days 00:38:13.664000,LEC,16,0 days 00:01:51.026000,11.0,3.0,,0 days 00:38:12.607000,0 days 00:00:20.625000,0 days 00:00:46.867000,0 days 00:00:43.534000,0 days 00:36:43.263000,0 days 00:37:30.130000,0 days 00:38:13.664000,246.0,208.0,,177.0,False,SOFT,6.0,False,Ferrari,0 days 00:36:22.638000,2021-12-11 13:21:22.822,12,,False,,False,False
0 days 00:48:12.903000,LEC,16,,12.0,4.0,0 days 00:46:03.169000,,,0 days 00:00:49.600000,0 days 00:00:49.474000,,0 days 00:47:23.436000,0 days 00:48:12.919000,167.0,191.0,228.0,257.0,False,SOFT,1.0,True,Ferrari,0 days 00:38:13.664000,2021-12-11 13:23:13.848,21,,False,,False,False
0 days 00:49:36.105000,LEC,16,0 days 00:01:23.202000,13.0,4.0,,,0 days 00:00:17.163000,0 days 00:00:35.924000,0 days 00:00:30.115000,0 days 00:48:30.066000,0 days 00:49:05.990000,0 days 00:49:36.105000,287.0,317.0,223.0,320.0,True,SOFT,2.0,True,Ferrari,0 days 00:48:12.903000,2021-12-11 13:33:13.087,1,,False,,False,True
0 days 00:51:25.959000,LEC,16,0 days 00:01:49.854000,14.0,4.0,,0 days 00:51:24.806000,0 days 00:00:22.597000,0 days 00:00:45.894000,0 days 00:00:41.363000,0 days 00:49:58.702000,0 days 00:50:44.596000,0 days 00:51:25.959000,243.0,189.0,,218.0,False,SOFT,3.0,True,Ferrari,0 days 00:49:36.105000,2021-12-11 13:34:36.289,12,,False,,False,False
0 days 00:56:56.141000,LEC,16,,15.0,5.0,0 days 00:54:15.634000,,,0 days 00:00:53.347000,0 days 00:01:18.358000,,0 days 00:55:37.802000,0 days 00:56:56.161000,189.0,203.0,225.0,237.0,False,SOFT,1.0,True,Ferrari,0 days 00:51:25.959000,2021-12-11 13:36:26.143,12,,False,,False,False
0 days 00:58:19.425000,LEC,16,0 days 00:01:23.284000,16.0,5.0,,,0 days 00:00:17.179000,0 days 00:00:35.900000,0 days 00:00:30.205000,0 days 00:57:13.320000,0 days 00:57:49.220000,0 days 00:58:19.425000,287.0,315.0,222.0,320.0,False,SOFT,2.0,True,Ferrari,0 days 00:56:56.141000,2021-12-11 13:41:56.325,1,,True,TRACK LIMITS AT TURN 16,False,True
0 days 01:00:09.348000,LEC,16,0 days 00:01:49.923000,17.0,5.0,,0 days 01:00:08.232000,0 days 00:00:20.517000,0 days 00:00:50.230000,0 days 00:00:39.176000,0 days 00:58:39.942000,0 days 00:59:30.172000,0 days 01:00:09.348000,222.0,213.0,,179.0,False,SOFT,3.0,True,Ferrari,0 days 00:58:19.425000,2021-12-11 13:43:19.609,1,,False,,False,False
0 days 01:08:47.956000,LEC,16,,18.0,6.0,0 days 01:06:43.350000,,,0 days 00:00:47.568000,0 days 00:00:51.825000,,0 days 01:07:56.174000,0 days 01:08:47.974000,209.0,211.0,223.0,266.0,False,SOFT,1.0,True,Ferrari,0 days 01:00:09.348000,2021-12-11 13:45:09.532,12,,False,,False,False
0 days 01:10:11.326000,LEC,16,0 days 00:01:23.370000,19.0,6.0,,,0 days 00:00:17.156000,0 days 00:00:35.900000,0 days 00:00:30.314000,0 days 01:09:05.112000,0 days 01:09:41.012000,0 days 01:10:11.326000,287.0,316.0,223.0,320.0,True,SOFT,2.0,True,Ferrari,0 days 01:08:47.956000,2021-12-11 13:53:48.140,1,,False,,False,True
0 days 01:11:52.892000,LEC,16,0 days 00:01:41.566000,20.0,6.0,,0 days 01:11:51.758000,0 days 00:00:21.366000,0 days 00:00:42.388000,0 days 00:00:37.812000,0 days 01:10:32.692000,0 days 01:11:15.080000,0 days 01:11:52.892000,247.0,282.0,,239.0,False,SOFT,3.0,True,Ferrari,0 days 01:10:11.326000,2021-12-11 13:55:11.510,1,,False,,False,False
0 days 01:17:10.043000,LEC,16,,21.0,7.0,0 days 01:14:46.922000,,,0 days 00:00:55.660000,0 days 00:00:48.492000,,0 days 01:16:21.551000,0 days 01:17:10.070000,95.0,218.0,228.0,208.0,False,SOFT,1.0,True,Ferrari,0 days 01:11:52.892000,2021-12-11 13:56:53.076,1,,False,,False,False
0 days 01:18:33.165000,LEC,16,0 days 00:01:23.122000,22.0,7.0,,,0 days 00:00:17.071000,0 days 00:00:35.693000,0 days 00:00:30.358000,0 days 01:17:27.114000,0 days 01:18:02.807000,0 days 01:18:33.165000,288.0,317.0,223.0,322.0,True,SOFT,2.0,True,Ferrari,0 days 01:17:10.043000,2021-12-11 14:02:10.227,1,,False,,False,True
0 days 01:20:28.827000,LEC,16,0 days 00:01:55.662000,23.0,7.0,,0 days 01:20:26.575000,0 days 00:00:22.055000,0 days 00:00:49.959000,0 days 00:00:43.648000,0 days 01:18:55.220000,0 days 01:19:45.179000,0 days 01:20:28.827000,208.0,207.0,,192.0,False,SOFT,3.0,True,Ferrari,0 days 01:18:33.165000,2021-12-11 14:03:33.349,1,,False,,False,False
0 days 00:17:08.068000,TSU,22,,1.0,1.0,0 days 00:15:10.477000,,,0 days 00:00:49.377000,0 days 00:00:42.902000,,0 days 00:16:25.192000,0 days 00:17:08.362000,239.0,224.0,227.0,293.0,False,SOFT,1.0,True,AlphaTauri,0 days 00:15:10.477000,2021-12-11 13:00:10.661,1,,False,,False,False
0 days 00:18:32.061000,TSU,22,0 days 00:01:23.993000,2.0,1.0,,,0 days 00:00:17.177000,,,0 days 00:17:25.245000,,,288.0,224.0,219.0,322.0,True,SOFT,2.0,True,AlphaTauri,0 days 00:17:08.068000,2021-12-11 13:02:08.252,1,,False,,False,False
0 days 00:20:46.016000,TSU,22,0 days 00:02:13.955000,3.0,1.0,,,0 days 00:00:25.069000,0 days 00:00:59,0 days 00:00:49.886000,0 days 00:18:57.130000,0 days 00:19:56.130000,0 days 00:20:46.016000,162.0,159.0,137.0,191.0,False,SOFT,3.0,True,AlphaTauri,0 days 00:18:32.061000,2021-12-11 13:03:32.245,1,,False,,False,True
0 days 00:22:57.539000,TSU,22,0 days 00:02:11.523000,4.0,1.0,,,0 days 00:00:29.386000,0 days 00:00:56.059000,0 days 00:00:46.078000,0 days 00:21:15.402000,0 days 00:22:11.461000,0 days 00:22:57.539000,164.0,101.0,228.0,266.0,False,SOFT,4.0,True,AlphaTauri,0 days 00:20:46.016000,2021-12-11 13:05:46.200,1,,False,,False,True
0 days 00:24:21.286000,TSU,22,0 days 00:01:23.747000,5.0,1.0,,,0 days 00:00:17.205000,,,0 days 00:23:14.744000,,,288.0,101.0,220.0,322.0,True,SOFT,5.0,True,AlphaTauri,0 days 00:22:57.539000,2021-12-11 13:07:57.723,1,,False,,False,False
0 days 00:26:12.189000,TSU,22,0 days 00:01:50.903000,6.0,1.0,,0 days 00:26:11.139000,0 days 00:00:31.193000,0 days 00:00:42.160000,0 days 00:00:37.550000,0 days 00:24:52.479000,0 days 00:25:34.639000,0 days 00:26:12.189000,224.0,269.0,,270.0,False,SOFT,6.0,True,AlphaTauri,0 days 00:24:21.286000,2021-12-11 13:09:21.470,1,,False,,False,False
0 days 00:33:54.345000,TSU,22,,7.0,2.0,0 days 00:31:48.083000,,,0 days 00:00:45.102000,0 days 00:00:55.157000,,0 days 00:32:59.330000,0 days 00:33:54.594000,191.0,245.0,227.0,287.0,False,SOFT,1.0,True,AlphaTauri,0 days 00:31:48.083000,2021-12-11 13:16:48.267,1,,False,,False,False
0 days 00:35:17.773000,TSU,22,0 days 00:01:23.428000,8.0,2.0,,,0 days 00:00:17.176000,,,0 days 00:34:11.521000,,,288.0,245.0,220.0,322.0,True,SOFT,2.0,True,AlphaTauri,0 days 00:33:54.345000,2021-12-11 13:18:54.529,1,,False,,False,False
0 days 00:37:03.260000,TSU,22,0 days 00:01:45.487000,9.0,2.0,,0 days 00:37:02.150000,0 days 00:00:21.393000,0 days 00:00:42.659000,0 days 00:00:41.435000,0 days 00:35:39.166000,0 days 00:36:21.825000,0 days 00:37:03.260000,255.0,225.0,,253.0,False,SOFT,3.0,True,AlphaTauri,0 days 00:35:17.773000,2021-12-11 13:20:17.957,1,,False,,False,False
0 days 00:45:08.505000,TSU,22,,10.0,3.0,0 days 00:43:11.108000,,,0 days 00:00:45.429000,0 days 00:00:45.717000,,0 days 00:44:22.798000,0 days 00:45:08.529000,252.0,262.0,229.0,257.0,False,MEDIUM,1.0,True,AlphaTauri,0 days 00:37:03.260000,2021-12-11 13:22:03.444,12,,False,,False,False
0 days 00:46:31.909000,TSU,22,0 days 00:01:23.404000,11.0,3.0,,,0 days 00:00:17.076000,,,0 days 00:45:25.581000,,,289.0,262.0,220.0,324.0,True,MEDIUM,2.0,True,AlphaTauri,0 days 00:45:08.505000,2021-12-11 13:30:08.689,1,,False,,False,False
0 days 00:48:49.228000,TSU,22,0 days 00:02:17.319000,12.0,3.0,,,0 days 00:00:24.092000,0 days 00:00:52.057000,0 days 00:01:01.170000,0 days 00:46:56.001000,0 days 00:47:48.058000,0 days 00:48:49.228000,162.0,244.0,224.0,246.0,False,MEDIUM,3.0,True,AlphaTauri,0 days 00:46:31.909000,2021-12-11 13:31:32.093,1,,False,,False,True
0 days 00:50:25.016000,TSU,22,0 days 00:01:35.788000,13.0,3.0,,0 days 00:50:23.432000,0 days 00:00:17.117000,,,0 days 00:49:06.345000,,,291.0,244.0,,321.0,False,MEDIUM,4.0,True,AlphaTauri,0 days 00:48:49.228000,2021-12-11 13:33:49.412,1,,False,,False,False
0 days 00:56:31.316000,TSU,22,,14.0,4.0,0 days 00:54:20.971000,,,0 days 00:00:44.115000,0 days 00:00:52.897000,,0 days 00:55:38.466000,0 days 00:56:31.324000,231.0,224.0,225.0,251.0,False,MEDIUM,1.0,True,AlphaTauri,0 days 00:50:25.016000,2021-12-11 13:35:25.200,12,,False,,False,False
0 days 00:57:54.932000,TSU,22,0 days 00:01:23.616000,15.0,4.0,,,0 days 00:00:17.126000,0 days 00:00:35.974000,0 days 00:00:30.516000,0 days 00:56:48.442000,0 days 00:57:24.416000,0 days 00:57:54.932000,290.0,310.0,220.0,322.0,False,MEDIUM,2.0,True,AlphaTauri,0 days 00:56:31.316000,2021-12-11 13:41:31.500,12,,False,,False,True
0 days 00:59:41.948000,TSU,22,0 days 00:01:47.016000,16.0,4.0,,0 days 00:59:40.817000,0 days 00:00:21.327000,0 days 00:00:44.926000,0 days 00:00:40.763000,0 days 00:58:16.259000,0 days 00:59:01.185000,0 days 00:59:41.948000,257.0,249.0,,206.0,False,MEDIUM,3.0,True,AlphaTauri,0 days 00:57:54.932000,2021-12-11 13:42:55.116,1,,False,,False,False
0 days 01:08:06.241000,TSU,22,,17.0,5.0,0 days 01:06:11.407000,,,0 days 00:00:45.839000,0 days 00:00:40.621000,,0 days 01:07:25.644000,0 days 01:08:06.244000,212.0,257.0,226.0,286.0,False,SOFT,1.0,True,AlphaTauri,0 days 00:59:41.948000,2021-12-11 13:44:42.132,12,,False,,False,False
0 days 01:09:29.252000,TSU,22,0 days 00:01:23.011000,18.0,5.0,,,0 days 00:00:17.011000,,,0 days 01:08:23.252000,,,288.0,257.0,219.0,320.0,False,SOFT,2.0,True,AlphaTauri,0 days 01:08:06.241000,2021-12-11 13:53:06.425,1,,True,TRACK LIMITS AT TURN 16,False,False
0 days 01:11:13.949000,TSU,22,0 days 00:01:44.697000,19.0,5.0,,0 days 01:11:12.804000,0 days 00:00:22.090000,0 days 00:00:42.047000,0 days 00:00:40.560000,0 days 01:09:51.342000,0 days 01:10:33.389000,0 days 01:11:13.949000,253.0,204.0,,263.0,False,SOFT,3.0,True,AlphaTauri,0 days 01:09:29.252000,2021-12-11 13:54:29.436,1,,False,,False,False
0 days 01:16:27.641000,TSU,22,,20.0,6.0,0 days 01:14:37.275000,,,0 days 00:00:45.105000,0 days 00:00:42.183000,,0 days 01:15:45.470000,0 days 01:16:27.654000,252.0,249.0,226.0,276.0,False,SOFT,1.0,True,AlphaTauri,0 days 01:11:13.949000,2021-12-11 13:56:14.133,1,,False,,False,False
0 days 01:17:50.861000,TSU,22,0 days 00:01:23.220000,21.0,6.0,,,0 days 00:00:17.050000,0 days 00:00:36.005000,0 days 00:00:30.165000,0 days 01:16:44.691000,0 days 01:17:20.696000,0 days 01:17:50.861000,290.0,312.0,223.0,322.0,True,SOFT,2.0,True,AlphaTauri,0 days 01:16:27.641000,2021-12-11 14:01:27.825,1,,False,,False,True
0 days 01:19:46.417000,TSU,22,0 days 00:01:55.556000,22.0,6.0,,0 days 01:19:44.333000,0 days 00:00:23.783000,0 days 00:00:48.747000,0 days 00:00:43.026000,0 days 01:18:14.644000,0 days 01:19:03.391000,0 days 01:19:46.417000,223.0,197.0,,182.0,False,SOFT,3.0,True,AlphaTauri,0 days 01:17:50.861000,2021-12-11 14:02:51.045,1,,False,,False,False
0 days 00:20:13.486000,OCO,31,,1.0,1.0,0 days 00:18:20.490000,,,0 days 00:00:42.966000,0 days 00:00:47.465000,,0 days 00:19:26.157000,0 days 00:20:13.748000,253.0,257.0,218.0,264.0,False,SOFT,1.0,True,Alpine,0 days 00:18:20.490000,2021-12-11 13:03:20.674,1,,False,,False,False
0 days 00:21:37.804000,OCO,31,0 days 00:01:24.318000,2.0,1.0,,,0 days 00:00:17.285000,0 days 00:00:36.492000,0 days 00:00:30.541000,0 days 00:20:30.771000,0 days 00:21:07.263000,0 days 00:21:37.804000,291.0,317.0,221.0,323.0,True,SOFT,2.0,True,Alpine,0 days 00:20:13.486000,2021-12-11 13:05:13.670,1,,False,,False,True
0 days 00:23:44.857000,OCO,31,0 days 00:02:07.053000,3.0,1.0,,,0 days 00:00:22.943000,0 days 00:00:55.808000,0 days 00:00:48.302000,0 days 00:22:00.747000,0 days 00:22:56.555000,0 days 00:23:44.857000,181.0,181.0,223.0,159.0,False,SOFT,3.0,True,Alpine,0 days 00:21:37.804000,2021-12-11 13:06:37.988,1,,False,,False,True
0 days 00:25:08.716000,OCO,31,0 days 00:01:23.859000,4.0,1.0,,,0 days 00:00:17.209000,0 days 00:00:36.325000,0 days 00:00:30.325000,0 days 00:24:02.066000,0 days 00:24:38.391000,0 days 00:25:08.716000,291.0,317.0,221.0,324.0,True,SOFT,4.0,True,Alpine,0 days 00:23:44.857000,2021-12-11 13:08:45.041,1,,False,,False,True
0 days 00:32:28.553000,OCO,31,,5.0,1.0,,0 days 00:26:58.010000,0 days 00:00:19.250000,0 days 00:00:41.674000,,0 days 00:25:27.964000,0 days 00:26:09.733000,,264.0,215.0,,269.0,False,SOFT,5.0,True,Alpine,0 days 00:25:08.716000,2021-12-11 13:10:08.900,15,,False,,False,False
0 days 00:34:42.348000,OCO,31,,6.0,2.0,0 days 00:32:28.553000,,,0 days 00:00:39.862000,0 days 00:01:11.267000,,0 days 00:33:31.081000,0 days 00:34:42.568000,273.0,276.0,222.0,305.0,False,SOFT,6.0,False,Alpine,0 days 00:32:28.553000,2021-12-11 13:17:28.737,1,,False,,False,False
0 days 00:36:06.112000,OCO,31,0 days 00:01:23.764000,7.0,2.0,,,0 days 00:00:17.240000,0 days 00:00:36.135000,0 days 00:00:30.389000,0 days 00:34:59.588000,0 days 00:35:35.723000,0 days 00:36:06.112000,291.0,319.0,219.0,324.0,True,SOFT,7.0,False,Alpine,0 days 00:34:42.348000,2021-12-11 13:19:42.532,1,,False,,False,True
0 days 00:37:55.538000,OCO,31,0 days 00:01:49.426000,8.0,2.0,,0 days 00:37:54.484000,0 days 00:00:19.847000,0 days 00:00:46.251000,0 days 00:00:43.328000,0 days 00:36:25.959000,0 days 00:37:12.210000,0 days 00:37:55.538000,255.0,192.0,,229.0,False,SOFT,8.0,False,Alpine,0 days 00:36:06.112000,2021-12-11 13:21:06.296,1,,False,,False,False
0 days 00:47:59.843000,OCO,31,,9.0,3.0,0 days 00:46:17.557000,,,0 days 00:00:42.100000,0 days 00:00:39.278000,,0 days 00:47:20.618000,0 days 00:47:59.886000,273.0,291.0,226.0,241.0,False,SOFT,1.0,True,Alpine,0 days 00:37:55.538000,2021-12-11 13:22:55.722,12,,False,,False,False
0 days 00:49:23.426000,OCO,31,0 days 00:01:23.583000,10.0,3.0,,,0 days 00:00:17.097000,0 days 00:00:36.260000,0 days 00:00:30.226000,0 days 00:48:16.940000,0 days 00:48:53.200000,0 days 00:49:23.426000,292.0,315.0,223.0,320.0,True,SOFT,2.0,True,Alpine,0 days 00:47:59.843000,2021-12-11 13:33:00.027,1,,False,,False,True
0 days 00:51:13.519000,OCO,31,0 days 00:01:50.093000,11.0,3.0,,0 days 00:51:12.412000,0 days 00:00:19.655000,0 days 00:00:45.623000,0 days 00:00:44.815000,0 days 00:49:43.081000,0 days 00:50:28.704000,0 days 00:51:13.519000,247.0,196.0,,232.0,False,SOFT,3.0,True,Alpine,0 days 00:49:23.426000,2021-12-11 13:34:23.610,1,,False,,False,False
0 days 00:57:15.379000,OCO,31,,12.0,4.0,0 days 00:54:39.736000,,,0 days 00:00:42.570000,0 days 00:01:22.816000,,0 days 00:55:52.622000,0 days 00:57:15.379000,271.0,256.0,225.0,276.0,False,SOFT,1.0,True,Alpine,0 days 00:51:13.519000,2021-12-11 13:36:13.703,12,,False,,False,False
0 days 00:58:38.799000,OCO,31,0 days 00:01:23.420000,13.0,4.0,,,0 days 00:00:17.077000,0 days 00:00:36.074000,0 days 00:00:30.269000,0 days 00:57:32.456000,0 days 00:58:08.530000,0 days 00:58:38.799000,293.0,318.0,222.0,325.0,True,SOFT,2.0,True,Alpine,0 days 00:57:15.379000,2021-12-11 13:42:15.563,1,,False,,False,True
0 days 01:00:30.064000,OCO,31,0 days 00:01:51.265000,14.0,4.0,,0 days 01:00:28.924000,0 days 00:00:21.030000,0 days 00:00:46.326000,0 days 00:00:43.909000,0 days 00:58:59.829000,0 days 00:59:46.155000,0 days 01:00:30.064000,230.0,209.0,,232.0,False,SOFT,3.0,True,Alpine,0 days 00:58:38.799000,2021-12-11 13:43:38.983,1,,False,,False,False
0 days 01:09:01.184000,OCO,31,,15.0,5.0,0 days 01:07:00.816000,,,0 days 00:00:41.103000,0 days 00:00:57.222000,,0 days 01:08:03.970000,0 days 01:09:01.208000,267.0,252.0,226.0,304.0,False,SOFT,1.0,True,Alpine,0 days 01:00:30.064000,2021-12-11 13:45:30.248,12,,False,,False,False
0 days 01:10:24.590000,OCO,31,0 days 00:01:23.406000,16.0,5.0,,,0 days 00:00:17.061000,0 days 00:00:36.053000,0 days 00:00:30.292000,0 days 01:09:18.245000,0 days 01:09:54.298000,0 days 01:10:24.590000,293.0,318.0,223.0,324.0,True,SOFT,2.0,True,Alpine,0 days 01:09:01.184000,2021-12-11 13:54:01.368,1,,False,,False,True
0 days 01:12:18.122000,OCO,31,0 days 00:01:53.532000,17.0,5.0,,0 days 01:12:17.015000,0 days 00:00:20.623000,0 days 00:00:48.832000,0 days 00:00:44.077000,0 days 01:10:45.213000,0 days 01:11:34.045000,0 days 01:12:18.122000,211.0,190.0,,201.0,False,SOFT,3.0,True,Alpine,0 days 01:10:24.590000,2021-12-11 13:55:24.774,1,,False,,False,False
0 days 01:16:35.267000,OCO,31,,18.0,6.0,0 days 01:14:38.611000,,,0 days 00:00:44.040000,0 days 00:00:46.121000,,0 days 01:15:49.146000,0 days 01:16:35.297000,267.0,265.0,227.0,282.0,False,SOFT,1.0,True,Alpine,0 days 01:12:18.122000,2021-12-11 13:57:18.306,1,,False,,False,False
0 days 01:17:58.656000,OCO,31,0 days 00:01:23.389000,19.0,6.0,,,0 days 00:00:17.053000,0 days 00:00:36.049000,0 days 00:00:30.287000,0 days 01:16:52.320000,0 days 01:17:28.369000,0 days 01:17:58.656000,294.0,317.0,224.0,324.0,True,SOFT,2.0,True,Alpine,0 days 01:16:35.267000,2021-12-11 14:01:35.451,1,,False,,False,True
0 days 01:19:58.242000,OCO,31,0 days 00:01:59.586000,20.0,6.0,,0 days 01:19:55.506000,0 days 00:00:20.990000,0 days 00:00:48.922000,0 days 00:00:49.674000,0 days 01:18:19.646000,0 days 01:19:08.568000,0 days 01:19:58.242000,210.0,190.0,,211.0,False,SOFT,3.0,True,Alpine,0 days 01:17:58.656000,2021-12-11 14:02:58.840,1,,False,,False,False
0 days 00:20:42.128000,RIC,3,,1.0,1.0,0 days 00:18:43.066000,,,0 days 00:00:43.114000,0 days 00:00:54.012000,,0 days 00:19:48.116000,0 days 00:20:42.362000,246.0,284.0,225.0,294.0,False,SOFT,1.0,True,McLaren,0 days 00:18:43.066000,2021-12-11 13:03:43.250,1,,False,,False,False
0 days 00:22:06.243000,RIC,3,0 days 00:01:24.115000,2.0,1.0,,,0 days 00:00:17.325000,0 days 00:00:36.324000,0 days 00:00:30.466000,0 days 00:20:59.453000,0 days 00:21:35.777000,0 days 00:22:06.243000,284.0,318.0,222.0,320.0,True,SOFT,2.0,True,McLaren,0 days 00:20:42.128000,2021-12-11 13:05:42.312,1,,False,,False,True
0 days 00:24:09.410000,RIC,3,0 days 00:02:03.167000,3.0,1.0,,,0 days 00:00:23.483000,0 days 00:00:57.704000,0 days 00:00:41.980000,0 days 00:22:29.726000,0 days 00:23:27.430000,0 days 00:24:09.410000,243.0,179.0,226.0,112.0,False,SOFT,3.0,True,McLaren,0 days 00:22:06.243000,2021-12-11 13:07:06.427,1,,False,,False,True
0 days 00:25:33.239000,RIC,3,0 days 00:01:23.829000,4.0,1.0,,,0 days 00:00:17.265000,,,0 days 00:24:26.675000,,,284.0,179.0,222.0,320.0,True,SOFT,4.0,True,McLaren,0 days 00:24:09.410000,2021-12-11 13:09:09.594,1,,False,,False,False
0 days 00:32:26.057000,RIC,3,,5.0,1.0,,0 days 00:27:22.229000,0 days 00:00:19.938000,0 days 00:00:41.533000,,0 days 00:25:53.171000,0 days 00:26:34.693000,,260.0,265.0,,266.0,False,SOFT,5.0,True,McLaren,0 days 00:25:33.239000,2021-12-11 13:10:33.423,15,,False,,False,False
0 days 00:34:27.708000,RIC,3,,6.0,2.0,0 days 00:32:26.057000,,,0 days 00:00:41.324000,0 days 00:00:59.693000,,0 days 00:33:28.063000,0 days 00:34:27.964000,260.0,283.0,228.0,297.0,False,SOFT,1.0,True,McLaren,0 days 00:32:26.057000,2021-12-11 13:17:26.241,1,,False,,False,False
0 days 00:35:57.766000,RIC,3,0 days 00:01:30.058000,7.0,2.0,,0 days 00:35:56.723000,0 days 00:00:17.196000,0 days 00:00:36.068000,0 days 00:00:36.794000,0 days 00:34:44.904000,0 days 00:35:20.972000,0 days 00:35:57.766000,285.0,317.0,,319.0,False,SOFT,2.0,True,McLaren,0 days 00:34:27.708000,2021-12-11 13:19:27.892,1,,False,,False,False
0 days 00:48:38.639000,RIC,3,,8.0,3.0,0 days 00:46:47.618000,,,0 days 00:00:44.434000,0 days 00:00:44.316000,,0 days 00:47:54.366000,0 days 00:48:38.643000,252.0,292.0,228.0,276.0,False,SOFT,1.0,True,McLaren,0 days 00:35:57.766000,2021-12-11 13:20:57.950,12,,False,,False,False
0 days 00:50:02.422000,RIC,3,0 days 00:01:23.783000,9.0,3.0,,,0 days 00:00:17.168000,0 days 00:00:36.201000,0 days 00:00:30.414000,0 days 00:48:55.807000,0 days 00:49:32.008000,0 days 00:50:02.422000,285.0,318.0,222.0,320.0,True,SOFT,2.0,True,McLaren,0 days 00:48:38.639000,2021-12-11 13:33:38.823,1,,False,,False,True
0 days 00:51:42.785000,RIC,3,0 days 00:01:40.363000,10.0,3.0,,0 days 00:51:41.631000,0 days 00:00:20.609000,0 days 00:00:41.340000,0 days 00:00:38.414000,0 days 00:50:23.031000,0 days 00:51:04.371000,0 days 00:51:42.785000,254.0,285.0,,285.0,False,SOFT,3.0,True,McLaren,0 days 00:50:02.422000,2021-12-11 13:35:02.606,12,,False,,False,False
0 days 00:57:43.770000,RIC,3,,11.0,4.0,0 days 00:54:55.404000,,,0 days 00:00:42.505000,0 days 00:01:34.613000,,0 days 00:56:09.186000,0 days 00:57:43.808000,262.0,294.0,224.0,296.0,False,SOFT,1.0,True,McLaren,0 days 00:51:42.785000,2021-12-11 13:36:42.969,12,,False,,False,False
0 days 00:59:07.218000,RIC,3,0 days 00:01:23.448000,12.0,4.0,,,0 days 00:00:17.223000,0 days 00:00:35.977000,0 days 00:00:30.248000,0 days 00:58:00.993000,0 days 00:58:36.970000,0 days 00:59:07.218000,286.0,319.0,223.0,322.0,True,SOFT,2.0,True,McLaren,0 days 00:57:43.770000,2021-12-11 13:42:43.954,1,,False,,False,True
0 days 01:00:59.819000,RIC,3,0 days 00:01:52.601000,13.0,4.0,,0 days 01:00:58.684000,0 days 00:00:22.411000,0 days 00:00:44.884000,0 days 00:00:45.306000,0 days 00:59:29.629000,0 days 01:00:14.513000,0 days 01:00:59.819000,249.0,237.0,,273.0,False,SOFT,3.0,True,McLaren,0 days 00:59:07.218000,2021-12-11 13:44:07.402,12,,False,,False,False
0 days 01:08:40.098000,RIC,3,,14.0,5.0,0 days 01:06:55.291000,,,0 days 00:00:42.640000,0 days 00:00:40.452000,,0 days 01:07:59.655000,0 days 01:08:40.098000,261.0,271.0,227.0,278.0,False,SOFT,3.0,False,McLaren,0 days 01:00:59.819000,2021-12-11 13:46:00.003,21,,False,,False,False
0 days 01:10:03.587000,RIC,3,0 days 00:01:23.489000,15.0,5.0,,,0 days 00:00:17.117000,0 days 00:00:36.162000,0 days 00:00:30.210000,0 days 01:08:57.215000,0 days 01:09:33.377000,0 days 01:10:03.587000,285.0,314.0,223.0,316.0,True,SOFT,4.0,False,McLaren,0 days 01:08:40.098000,2021-12-11 13:53:40.282,1,,False,,False,True
0 days 01:11:43.237000,RIC,3,0 days 00:01:39.650000,16.0,5.0,,0 days 01:11:42.104000,0 days 00:00:18.868000,0 days 00:00:41.166000,0 days 00:00:39.616000,0 days 01:10:22.455000,0 days 01:11:03.621000,0 days 01:11:43.237000,261.0,259.0,,283.0,False,SOFT,5.0,False,McLaren,0 days 01:10:03.587000,2021-12-11 13:55:03.771,1,,False,,False,False
0 days 01:16:39.996000,RIC,3,,17.0,6.0,0 days 01:14:44.030000,,,0 days 00:00:42.978000,0 days 00:00:41.288000,,0 days 01:15:58.734000,0 days 01:16:40.008000,261.0,277.0,227.0,277.0,False,SOFT,3.0,False,McLaren,0 days 01:11:43.237000,2021-12-11 13:56:43.421,1,,False,,False,False
0 days 01:18:03.405000,RIC,3,0 days 00:01:23.409000,18.0,6.0,,,0 days 00:00:17.076000,0 days 00:00:35.980000,0 days 00:00:30.353000,0 days 01:16:57.072000,0 days 01:17:33.052000,0 days 01:18:03.405000,286.0,318.0,223.0,320.0,True,SOFT,4.0,False,McLaren,0 days 01:16:39.996000,2021-12-11 14:01:40.180,1,,False,,False,True
0 days 01:19:54.181000,RIC,3,0 days 00:01:50.776000,19.0,6.0,,0 days 01:19:52.558000,0 days 00:00:20.477000,0 days 00:00:44.478000,0 days 00:00:45.821000,0 days 01:18:23.882000,0 days 01:19:08.360000,0 days 01:19:54.181000,254.0,234.0,,212.0,False,SOFT,5.0,False,McLaren,0 days 01:18:03.405000,2021-12-11 14:03:03.589,1,,False,,False,False
0 days 00:20:27.107000,ALO,14,,1.0,1.0,0 days 00:18:21.878000,,,0 days 00:00:46.762000,0 days 00:00:55.171000,,0 days 00:19:32.088000,0 days 00:20:27.363000,257.0,237.0,223.0,255.0,False,SOFT,1.0,True,Alpine,0 days 00:18:21.878000,2021-12-11 13:03:22.062,1,,False,,False,False
0 days 00:21:51.010000,ALO,14,0 days 00:01:23.903000,2.0,1.0,,,0 days 00:00:17.218000,0 days 00:00:36.356000,0 days 00:00:30.329000,0 days 00:20:44.325000,0 days 00:21:20.681000,0 days 00:21:51.010000,291.0,318.0,221.0,324.0,True,SOFT,2.0,True,Alpine,0 days 00:20:27.107000,2021-12-11 13:05:27.291,1,,False,,False,True
0 days 00:23:59.716000,ALO,14,0 days 00:02:08.706000,3.0,1.0,,0 days 00:23:58.705000,0 days 00:00:28.200000,0 days 00:00:55.738000,0 days 00:00:44.768000,0 days 00:22:19.210000,0 days 00:23:14.948000,0 days 00:23:59.716000,141.0,202.0,,250.0,False,SOFT,3.0,True,Alpine,0 days 00:21:51.010000,2021-12-11 13:06:51.194,1,,False,,False,False
0 days 00:34:48.417000,ALO,14,,4.0,2.0,0 days 00:32:31.501000,,,0 days 00:00:45.250000,0 days 00:01:07.485000,,0 days 00:33:40.955000,0 days 00:34:48.673000,257.0,251.0,226.0,286.0,False,SOFT,4.0,False,Alpine,0 days 00:32:31.501000,2021-12-11 13:17:31.685,1,,False,,False,False
0 days 00:36:12.263000,ALO,14,0 days 00:01:23.846000,5.0,2.0,,,0 days 00:00:17.178000,0 days 00:00:36.331000,0 days 00:00:30.337000,0 days 00:35:05.595000,0 days 00:35:41.926000,0 days 00:36:12.263000,290.0,319.0,221.0,325.0,True,SOFT,5.0,False,Alpine,0 days 00:34:48.417000,2021-12-11 13:19:48.601,1,,False,,False,True
0 days 00:38:05.996000,ALO,14,0 days 00:01:53.733000,6.0,2.0,,0 days 00:38:04.958000,0 days 00:00:23.034000,0 days 00:00:45.515000,0 days 00:00:45.184000,0 days 00:36:35.297000,0 days 00:37:20.812000,0 days 00:38:05.996000,207.0,185.0,,163.0,False,SOFT,6.0,False,Alpine,0 days 00:36:12.263000,2021-12-11 13:21:12.447,1,,False,,False,False
0 days 00:48:05.515000,ALO,14,,7.0,3.0,0 days 00:46:14.316000,,,0 days 00:00:44.981000,0 days 00:00:42.947000,,0 days 00:47:22.584000,0 days 00:48:05.523000,264.0,244.0,230.0,265.0,False,SOFT,1.0,True,Alpine,0 days 00:38:05.996000,2021-12-11 13:23:06.180,12,,False,,False,False
0 days 00:49:28.975000,ALO,14,0 days 00:01:23.460000,8.0,3.0,,,0 days 00:00:17.042000,0 days 00:00:36.169000,0 days 00:00:30.249000,0 days 00:48:22.557000,0 days 00:48:58.726000,0 days 00:49:28.975000,292.0,319.0,223.0,324.0,True,SOFT,2.0,True,Alpine,0 days 00:48:05.515000,2021-12-11 13:33:05.699,1,,False,,False,True
0 days 00:51:24.447000,ALO,14,0 days 00:01:55.472000,9.0,3.0,,0 days 00:51:23.296000,0 days 00:00:22.638000,0 days 00:00:47.142000,0 days 00:00:45.692000,0 days 00:49:51.613000,0 days 00:50:38.755000,0 days 00:51:24.447000,251.0,203.0,,190.0,False,SOFT,3.0,True,Alpine,0 days 00:49:28.975000,2021-12-11 13:34:29.159,12,,False,,False,False
0 days 00:56:21.060000,ALO,14,,10.0,4.0,0 days 00:54:27.057000,,,0 days 00:00:43.011000,0 days 00:00:44.107000,,0 days 00:55:36.983000,0 days 00:56:21.097000,237.0,251.0,229.0,295.0,False,SOFT,1.0,True,Alpine,0 days 00:51:24.447000,2021-12-11 13:36:24.631,1,,False,,False,False
0 days 00:57:44.683000,ALO,14,0 days 00:01:23.623000,11.0,4.0,,,0 days 00:00:16.985000,0 days 00:00:36.280000,0 days 00:00:30.358000,0 days 00:56:38.045000,0 days 00:57:14.325000,0 days 00:57:44.683000,292.0,314.0,222.0,320.0,False,SOFT,2.0,True,Alpine,0 days 00:56:21.060000,2021-12-11 13:41:21.244,12,,False,,False,True
0 days 00:59:43.443000,ALO,14,0 days 00:01:58.760000,12.0,4.0,,0 days 00:59:42.155000,0 days 00:00:28.738000,0 days 00:00:47.966000,0 days 00:00:42.056000,0 days 00:58:13.421000,0 days 00:59:01.387000,0 days 00:59:43.443000,209.0,218.0,,186.0,False,SOFT,3.0,True,Alpine,0 days 00:57:44.683000,2021-12-11 13:42:44.867,1,,False,,False,False
0 days 00:17:24.995000,GAS,10,,1.0,1.0,0 days 00:15:14.891000,,,0 days 00:00:47.241000,0 days 00:00:52.023000,,0 days 00:16:32.989000,0 days 00:17:25.220000,217.0,258.0,220.0,293.0,False,SOFT,1.0,True,AlphaTauri,0 days 00:15:14.891000,2021-12-11 13:00:15.075,1,,False,,False,False
0 days 00:18:48.962000,GAS,10,0 days 00:01:23.967000,2.0,1.0,,,0 days 00:00:17.293000,0 days 00:00:36.222000,0 days 00:00:30.452000,0 days 00:17:42.288000,0 days 00:18:18.510000,0 days 00:18:48.962000,287.0,318.0,222.0,322.0,True,SOFT,2.0,True,AlphaTauri,0 days 00:17:24.995000,2021-12-11 13:02:25.179,1,,False,,False,True
0 days 00:21:13.488000,GAS,10,0 days 00:02:24.526000,3.0,1.0,,,0 days 00:00:26.518000,0 days 00:01:04.858000,0 days 00:00:53.150000,0 days 00:19:15.480000,0 days 00:20:20.338000,0 days 00:21:13.488000,140.0,172.0,160.0,149.0,False,SOFT,3.0,True,AlphaTauri,0 days 00:18:48.962000,2021-12-11 13:03:49.146,1,,False,,False,True
0 days 00:23:21.101000,GAS,10,0 days 00:02:07.613000,4.0,1.0,,,0 days 00:00:31.277000,0 days 00:00:47.387000,0 days 00:00:48.949000,0 days 00:21:44.765000,0 days 00:22:32.152000,0 days 00:23:21.101000,218.0,180.0,225.0,284.0,False,SOFT,4.0,True,AlphaTauri,0 days 00:21:13.488000,2021-12-11 13:06:13.672,1,,False,,False,True
0 days 00:24:44.943000,GAS,10,0 days 00:01:23.842000,5.0,1.0,,,0 days 00:00:17.267000,0 days 00:00:36.219000,0 days 00:00:30.356000,0 days 00:23:38.368000,0 days 00:24:14.587000,0 days 00:24:44.943000,287.0,318.0,222.0,321.0,False,SOFT,5.0,True,AlphaTauri,0 days 00:23:21.101000,2021-12-11 13:08:21.285,1,,True,TRACK LIMITS AT TURN 16,False,True
0 days 00:26:23.824000,GAS,10,0 days 00:01:38.881000,6.0,1.0,,0 days 00:26:22.767000,0 days 00:00:18.978000,0 days 00:00:41.324000,0 days 00:00:38.579000,0 days 00:25:03.921000,0 days 00:25:45.245000,0 days 00:26:23.824000,262.0,275.0,,275.0,False,SOFT,6.0,True,AlphaTauri,0 days 00:24:44.943000,2021-12-11 13:09:45.127,1,,False,,False,False
0 days 00:34:06.201000,GAS,10,,7.0,2.0,0 days 00:31:49.579000,,,0 days 00:00:44.274000,0 days 00:01:05.300000,,0 days 00:33:00.917000,0 days 00:34:06.433000,192.0,292.0,225.0,295.0,False,SOFT,1.0,True,AlphaTauri,0 days 00:31:49.579000,2021-12-11 13:16:49.763,1,,False,,False,False
0 days 00:35:29.690000,GAS,10,0 days 00:01:23.489000,8.0,2.0,,,0 days 00:00:17.275000,0 days 00:00:36.058000,0 days 00:00:30.156000,0 days 00:34:23.476000,0 days 00:34:59.534000,0 days 00:35:29.690000,287.0,318.0,223.0,321.0,True,SOFT,2.0,True,AlphaTauri,0 days 00:34:06.201000,2021-12-11 13:19:06.385,1,,False,,False,True
0 days 00:37:18.094000,GAS,10,0 days 00:01:48.404000,9.0,2.0,,0 days 00:37:17.034000,0 days 00:00:21.080000,0 days 00:00:44.849000,0 days 00:00:42.475000,0 days 00:35:50.770000,0 days 00:36:35.619000,0 days 00:37:18.094000,251.0,264.0,,252.0,False,SOFT,3.0,True,AlphaTauri,0 days 00:35:29.690000,2021-12-11 13:20:29.874,1,,False,,False,False
0 days 00:45:04.237000,GAS,10,,10.0,3.0,0 days 00:43:09.404000,,,0 days 00:00:45.707000,0 days 00:00:43.464000,,0 days 00:44:20.790000,0 days 00:45:04.257000,244.0,268.0,229.0,263.0,False,MEDIUM,1.0,True,AlphaTauri,0 days 00:37:18.094000,2021-12-11 13:22:18.278,12,,False,,False,False
0 days 00:46:28.652000,GAS,10,0 days 00:01:24.415000,11.0,3.0,,,0 days 00:00:17.038000,0 days 00:00:35.999000,0 days 00:00:31.378000,0 days 00:45:21.275000,0 days 00:45:57.274000,0 days 00:46:28.652000,289.0,320.0,222.0,323.0,True,MEDIUM,2.0,True,AlphaTauri,0 days 00:45:04.237000,2021-12-11 13:30:04.421,1,,False,,False,True
0 days 00:48:45.655000,GAS,10,0 days 00:02:17.003000,12.0,3.0,,,0 days 00:00:25.675000,0 days 00:00:51.244000,0 days 00:01:00.084000,0 days 00:46:54.327000,0 days 00:47:45.571000,0 days 00:48:45.655000,226.0,230.0,226.0,263.0,False,MEDIUM,3.0,True,AlphaTauri,0 days 00:46:28.652000,2021-12-11 13:31:28.836,1,,False,,False,True
0 days 00:50:29.426000,GAS,10,0 days 00:01:43.771000,13.0,3.0,,0 days 00:50:28.299000,0 days 00:00:19.684000,0 days 00:00:43.930000,0 days 00:00:40.157000,0 days 00:49:05.339000,0 days 00:49:49.269000,0 days 00:50:29.426000,207.0,273.0,,281.0,False,MEDIUM,4.0,True,AlphaTauri,0 days 00:48:45.655000,2021-12-11 13:33:45.839,1,,False,,False,False
0 days 00:56:45.377000,GAS,10,,14.0,4.0,0 days 00:54:24.539000,,,0 days 00:00:44.703000,0 days 00:01:06.983000,,0 days 00:55:38.394000,0 days 00:56:45.387000,248.0,214.0,222.0,249.0,False,MEDIUM,1.0,True,AlphaTauri,0 days 00:50:29.426000,2021-12-11 13:35:29.610,12,,False,,False,False
0 days 00:58:09.420000,GAS,10,0 days 00:01:24.043000,15.0,4.0,,,0 days 00:00:17.120000,0 days 00:00:36.453000,0 days 00:00:30.470000,0 days 00:57:02.497000,0 days 00:57:38.950000,0 days 00:58:09.420000,289.0,318.0,220.0,322.0,True,MEDIUM,2.0,True,AlphaTauri,0 days 00:56:45.377000,2021-12-11 13:41:45.561,21,,False,,False,True
0 days 01:00:04.930000,GAS,10,0 days 00:01:55.510000,16.0,4.0,,0 days 01:00:03.791000,0 days 00:00:27.439000,0 days 00:00:46.428000,0 days 00:00:41.643000,0 days 00:58:36.859000,0 days 00:59:23.287000,0 days 01:00:04.930000,199.0,220.0,,212.0,False,MEDIUM,3.0,True,AlphaTauri,0 days 00:58:09.420000,2021-12-11 13:43:09.604,1,,False,,False,False
0 days 00:17:30.498000,STR,18,,1.0,1.0,0 days 00:15:20.372000,,,0 days 00:00:47.040000,0 days 00:00:53.715000,,0 days 00:16:36.786000,0 days 00:17:30.703000,257.0,249.0,222.0,251.0,False,SOFT,1.0,True,Aston Martin,0 days 00:15:20.372000,2021-12-11 13:00:20.556,1,,False,,False,False
0 days 00:18:55.287000,STR,18,0 days 00:01:24.789000,2.0,1.0,,,0 days 00:00:17.381000,,,0 days 00:17:47.879000,,,287.0,249.0,221.0,321.0,True,SOFT,2.0,True,Aston Martin,0 days 00:17:30.498000,2021-12-11 13:02:30.682,1,,False,,False,False
0 days 00:21:18.803000,STR,18,0 days 00:02:23.516000,3.0,1.0,,,0 days 00:00:27.352000,0 days 00:00:59.139000,0 days 00:00:57.025000,0 days 00:19:22.639000,0 days 00:20:21.778000,0 days 00:21:18.803000,188.0,166.0,166.0,150.0,False,SOFT,3.0,True,Aston Martin,0 days 00:18:55.287000,2021-12-11 13:03:55.471,1,,False,,False,True
0 days 00:23:15.042000,STR,18,0 days 00:01:56.239000,4.0,1.0,,,0 days 00:00:27.128000,0 days 00:00:45.783000,0 days 00:00:43.328000,0 days 00:21:45.931000,0 days 00:22:31.714000,0 days 00:23:15.042000,223.0,216.0,221.0,285.0,False,SOFT,4.0,True,Aston Martin,0 days 00:21:18.803000,2021-12-11 13:06:18.987,1,,False,,False,True
0 days 00:24:39.406000,STR,18,0 days 00:01:24.364000,5.0,1.0,,,0 days 00:00:17.338000,,,0 days 00:23:32.380000,,,286.0,216.0,222.0,319.0,True,SOFT,5.0,True,Aston Martin,0 days 00:23:15.042000,2021-12-11 13:08:15.226,1,,False,,False,False
0 days 00:26:20.429000,STR,18,0 days 00:01:41.023000,6.0,1.0,,0 days 00:26:19.378000,0 days 00:00:19.343000,0 days 00:00:41.795000,0 days 00:00:39.885000,0 days 00:24:58.749000,0 days 00:25:40.544000,0 days 00:26:20.429000,260.0,230.0,,245.0,False,SOFT,6.0,True,Aston Martin,0 days 00:24:39.406000,2021-12-11 13:09:39.590,1,,False,,False,False
0 days 00:32:17.838000,STR,18,,7.0,2.0,0 days 00:30:24.382000,,,,,,,,225.0,230.0,147.0,244.0,False,SOFT,1.0,True,Aston Martin,0 days 00:30:24.382000,2021-12-11 13:15:24.566,1,,False,,False,False
0 days 00:34:35.185000,STR,18,0 days 00:02:17.347000,8.0,2.0,,,0 days 00:00:25.671000,0 days 00:00:45.927000,0 days 00:01:05.749000,0 days 00:32:43.509000,0 days 00:33:29.436000,0 days 00:34:35.185000,244.0,238.0,223.0,252.0,False,SOFT,2.0,True,Aston Martin,0 days 00:32:17.838000,2021-12-11 13:17:18.022,1,,False,,False,True
0 days 00:35:59.246000,STR,18,0 days 00:01:24.061000,9.0,2.0,,,0 days 00:00:17.327000,0 days 00:00:36.117000,0 days 00:00:30.617000,0 days 00:34:52.512000,0 days 00:35:28.629000,0 days 00:35:59.246000,288.0,313.0,223.0,321.0,True,SOFT,3.0,True,Aston Martin,0 days 00:34:35.185000,2021-12-11 13:19:35.369,1,,False,,False,True
0 days 00:37:42.480000,STR,18,0 days 00:01:43.234000,10.0,2.0,,0 days 00:37:41.693000,0 days 00:00:19.396000,0 days 00:00:43.017000,0 days 00:00:40.821000,0 days 00:36:18.642000,0 days 00:37:01.659000,0 days 00:37:42.480000,218.0,217.0,,250.0,False,SOFT,4.0,True,Aston Martin,0 days 00:35:59.246000,2021-12-11 13:20:59.430,1,,False,,False,False
0 days 00:45:16.801000,STR,18,,11.0,3.0,0 days 00:43:19.060000,,,0 days 00:00:43.489000,0 days 00:00:46.620000,,0 days 00:44:30.233000,0 days 00:45:16.804000,247.0,282.0,220.0,281.0,False,SOFT,5.0,False,Aston Martin,0 days 00:37:42.480000,2021-12-11 13:22:42.664,12,,False,,False,False
0 days 00:46:40.877000,STR,18,0 days 00:01:24.076000,12.0,3.0,,,0 days 00:00:17.290000,,,0 days 00:45:34.091000,,,288.0,282.0,222.0,321.0,True,SOFT,6.0,False,Aston Martin,0 days 00:45:16.801000,2021-12-11 13:30:16.985,1,,False,,False,False
0 days 00:48:24.341000,STR,18,0 days 00:01:43.464000,13.0,3.0,,0 days 00:48:23.176000,0 days 00:00:19.242000,0 days 00:00:44.524000,0 days 00:00:39.698000,0 days 00:47:00.119000,0 days 00:47:44.643000,0 days 00:48:24.341000,254.0,238.0,,235.0,False,SOFT,7.0,False,Aston Martin,0 days 00:46:40.877000,2021-12-11 13:31:41.061,1,,False,,False,False
0 days 00:54:30.941000,STR,18,,14.0,4.0,0 days 00:52:39.237000,,,0 days 00:00:44.629000,0 days 00:00:43.307000,,0 days 00:53:47.635000,0 days 00:54:30.949000,239.0,250.0,194.0,288.0,False,SOFT,1.0,True,Aston Martin,0 days 00:48:24.341000,2021-12-11 13:33:24.525,12,,False,,False,False
0 days 00:56:39.932000,STR,18,0 days 00:02:08.991000,15.0,4.0,,,0 days 00:00:22.318000,0 days 00:00:44.191000,0 days 00:01:02.482000,0 days 00:54:53.259000,0 days 00:55:37.450000,0 days 00:56:39.932000,217.0,221.0,222.0,245.0,False,SOFT,2.0,True,Aston Martin,0 days 00:54:30.941000,2021-12-11 13:39:31.125,12,,False,,False,True
0 days 00:58:03.998000,STR,18,0 days 00:01:24.066000,16.0,4.0,,,0 days 00:00:17.337000,0 days 00:00:36.132000,0 days 00:00:30.597000,0 days 00:56:57.269000,0 days 00:57:33.401000,0 days 00:58:03.998000,289.0,311.0,222.0,321.0,True,SOFT,3.0,True,Aston Martin,0 days 00:56:39.932000,2021-12-11 13:41:40.116,21,,False,,False,True
0 days 00:59:49.153000,STR,18,0 days 00:01:45.155000,17.0,4.0,,0 days 00:59:47.969000,0 days 00:00:18.763000,0 days 00:00:43.039000,0 days 00:00:43.353000,0 days 00:58:22.761000,0 days 00:59:05.800000,0 days 00:59:49.153000,262.0,201.0,,228.0,False,SOFT,4.0,True,Aston Martin,0 days 00:58:03.998000,2021-12-11 13:43:04.182,1,,False,,False,False
0 days 00:17:43.291000,GIO,99,,1.0,1.0,0 days 00:15:42.552000,,,0 days 00:00:47.681000,0 days 00:00:48.855000,,0 days 00:16:54.546000,0 days 00:17:43.574000,251.0,230.0,224.0,229.0,False,SOFT,1.0,True,Alfa Romeo Racing,0 days 00:15:42.552000,2021-12-11 13:00:42.736,1,,False,,False,False
0 days 00:19:07.925000,GIO,99,0 days 00:01:24.634000,2.0,1.0,,,0 days 00:00:17.442000,0 days 00:00:36.483000,0 days 00:00:30.709000,0 days 00:18:00.733000,0 days 00:18:37.216000,0 days 00:19:07.925000,288.0,318.0,218.0,324.0,True,SOFT,2.0,True,Alfa Romeo Racing,0 days 00:17:43.291000,2021-12-11 13:02:43.475,1,,False,,False,True
0 days 00:21:21.042000,GIO,99,0 days 00:02:13.117000,3.0,1.0,,,0 days 00:00:26.433000,0 days 00:00:57.465000,0 days 00:00:49.219000,0 days 00:19:34.358000,0 days 00:20:31.823000,0 days 00:21:21.042000,228.0,181.0,223.0,141.0,False,SOFT,3.0,True,Alfa Romeo Racing,0 days 00:19:07.925000,2021-12-11 13:04:08.109,1,,False,,False,True
0 days 00:22:45.819000,GIO,99,0 days 00:01:24.777000,4.0,1.0,,,0 days 00:00:17.441000,0 days 00:00:36.252000,0 days 00:00:31.084000,0 days 00:21:38.483000,0 days 00:22:14.735000,0 days 00:22:45.819000,288.0,322.0,219.0,322.0,False,SOFT,4.0,True,Alfa Romeo Racing,0 days 00:21:21.042000,2021-12-11 13:06:21.226,1,,False,,False,True
0 days 00:24:36.777000,GIO,99,0 days 00:01:50.958000,5.0,1.0,,0 days 00:24:35.579000,0 days 00:00:21.954000,0 days 00:00:47.849000,0 days 00:00:41.155000,0 days 00:23:07.773000,0 days 00:23:55.622000,0 days 00:24:36.777000,138.0,211.0,,259.0,False,SOFT,5.0,True,Alfa Romeo Racing,0 days 00:22:45.819000,2021-12-11 13:07:46.003,1,,False,,False,False
0 days 00:31:10.368000,GIO,99,,6.0,2.0,0 days 00:29:04.093000,,,0 days 00:00:50.682000,0 days 00:00:50.178000,,0 days 00:30:20.216000,0 days 00:31:10.567000,246.0,231.0,224.0,125.0,False,SOFT,1.0,True,Alfa Romeo Racing,0 days 00:29:04.093000,2021-12-11 13:14:04.277,1,,False,,False,False
0 days 00:32:34.486000,GIO,99,0 days 00:01:24.118000,7.0,2.0,,,0 days 00:00:17.279000,0 days 00:00:36.325000,0 days 00:00:30.514000,0 days 00:31:27.647000,0 days 00:32:03.972000,0 days 00:32:34.486000,289.0,321.0,221.0,325.0,True,SOFT,2.0,True,Alfa Romeo Racing,0 days 00:31:10.368000,2021-12-11 13:16:10.552,1,,False,,False,True
0 days 00:35:03.800000,GIO,99,0 days 00:02:29.314000,8.0,2.0,,,0 days 00:00:24.504000,0 days 00:00:59.169000,0 days 00:01:05.641000,0 days 00:32:58.990000,0 days 00:33:58.159000,0 days 00:35:03.800000,239.0,123.0,221.0,130.0,False,SOFT,3.0,True,Alfa Romeo Racing,0 days 00:32:34.486000,2021-12-11 13:17:34.670,1,,False,,False,True
0 days 00:36:53.147000,GIO,99,0 days 00:01:49.347000,9.0,2.0,,0 days 00:36:52.079000,0 days 00:00:22.675000,0 days 00:00:46.689000,0 days 00:00:39.983000,0 days 00:35:26.475000,0 days 00:36:13.164000,0 days 00:36:53.147000,137.0,244.0,,211.0,False,SOFT,4.0,True,Alfa Romeo Racing,0 days 00:35:03.800000,2021-12-11 13:20:03.984,1,,False,,False,False
0 days 00:45:38.748000,GIO,99,,10.0,3.0,0 days 00:43:51.020000,,,0 days 00:00:45.228000,0 days 00:00:39.268000,,0 days 00:44:59.513000,0 days 00:45:38.772000,245.0,264.0,226.0,200.0,False,MEDIUM,1.0,True,Alfa Romeo Racing,0 days 00:36:53.147000,2021-12-11 13:21:53.331,12,,False,,False,False
0 days 00:47:02.999000,GIO,99,0 days 00:01:24.251000,11.0,3.0,,,0 days 00:00:17.236000,0 days 00:00:36.237000,0 days 00:00:30.778000,0 days 00:45:55.984000,0 days 00:46:32.221000,0 days 00:47:02.999000,288.0,318.0,221.0,323.0,True,MEDIUM,2.0,True,Alfa Romeo Racing,0 days 00:45:38.748000,2021-12-11 13:30:38.932,1,,False,,False,True
0 days 00:49:15.906000,GIO,99,0 days 00:02:12.907000,12.0,3.0,,,0 days 00:00:25.201000,0 days 00:00:57.879000,0 days 00:00:49.827000,0 days 00:47:28.200000,0 days 00:48:26.079000,0 days 00:49:15.906000,237.0,138.0,225.0,141.0,False,MEDIUM,3.0,True,Alfa Romeo Racing,0 days 00:47:02.999000,2021-12-11 13:32:03.183,1,,False,,False,True
0 days 00:50:40.343000,GIO,99,0 days 00:01:24.437000,13.0,3.0,,,0 days 00:00:17.318000,0 days 00:00:36.201000,0 days 00:00:30.918000,0 days 00:49:33.224000,0 days 00:50:09.425000,0 days 00:50:40.343000,289.0,320.0,221.0,324.0,False,MEDIUM,4.0,True,Alfa Romeo Racing,0 days 00:49:15.906000,2021-12-11 13:34:16.090,1,,False,,False,True
0 days 00:52:21.549000,GIO,99,0 days 00:01:41.206000,14.0,3.0,,0 days 00:52:20.415000,0 days 00:00:19.223000,0 days 00:00:43.573000,0 days 00:00:38.410000,0 days 00:50:59.566000,0 days 00:51:43.139000,0 days 00:52:21.549000,261.0,244.0,,237.0,False,MEDIUM,5.0,True,Alfa Romeo Racing,0 days 00:50:40.343000,2021-12-11 13:35:40.527,12,,False,,False,False
0 days 00:57:33.312000,GIO,99,,15.0,4.0,0 days 00:54:38.139000,,,0 days 00:00:53.856000,0 days 00:01:29.942000,,0 days 00:56:03.390000,0 days 00:57:33.312000,249.0,201.0,219.0,109.0,False,SOFT,1.0,True,Alfa Romeo Racing,0 days 00:52:21.549000,2021-12-11 13:37:21.733,12,,False,,False,False
0 days 00:58:57.748000,GIO,99,0 days 00:01:24.436000,16.0,4.0,,,0 days 00:00:17.455000,0 days 00:00:36.152000,0 days 00:00:30.829000,0 days 00:57:50.767000,0 days 00:58:26.919000,0 days 00:58:57.748000,289.0,320.0,218.0,324.0,False,SOFT,2.0,True,Alfa Romeo Racing,0 days 00:57:33.312000,2021-12-11 13:42:33.496,1,,False,,False,True
0 days 01:00:45.236000,GIO,99,0 days 00:01:47.488000,17.0,4.0,,0 days 01:00:44.136000,0 days 00:00:20.755000,0 days 00:00:44.637000,0 days 00:00:42.096000,0 days 00:59:18.503000,0 days 01:00:03.140000,0 days 01:00:45.236000,255.0,225.0,,223.0,False,SOFT,3.0,True,Alfa Romeo Racing,0 days 00:58:57.748000,2021-12-11 13:43:57.932,1,,False,,False,False
0 days 00:16:54.665000,VET,5,,1.0,1.0,0 days 00:15:03.118000,,,0 days 00:00:46.296000,0 days 00:00:42.763000,,0 days 00:16:11.992000,0 days 00:16:54.892000,246.0,238.0,224.0,228.0,False,SOFT,1.0,True,Aston Martin,0 days 00:15:03.118000,2021-12-11 13:00:03.302,1,,False,,False,False
0 days 00:18:19.711000,VET,5,0 days 00:01:25.046000,2.0,1.0,,,0 days 00:00:17.414000,0 days 00:00:36.501000,0 days 00:00:31.131000,0 days 00:17:12.079000,0 days 00:17:48.580000,0 days 00:18:19.711000,285.0,318.0,222.0,319.0,True,SOFT,2.0,True,Aston Martin,0 days 00:16:54.665000,2021-12-11 13:01:54.849,1,,False,,False,True
0 days 00:20:28.591000,VET,5,0 days 00:02:08.880000,3.0,1.0,,,0 days 00:00:23.794000,0 days 00:00:50.892000,0 days 00:00:54.194000,0 days 00:18:43.505000,0 days 00:19:34.397000,0 days 00:20:28.591000,231.0,199.0,196.0,187.0,False,SOFT,3.0,True,Aston Martin,0 days 00:18:19.711000,2021-12-11 13:03:19.895,1,,False,,False,True
0 days 00:22:20.780000,VET,5,0 days 00:01:52.189000,4.0,1.0,,,0 days 00:00:21.356000,0 days 00:00:48.135000,0 days 00:00:42.698000,0 days 00:20:49.947000,0 days 00:21:38.082000,0 days 00:22:20.780000,256.0,219.0,223.0,238.0,False,SOFT,4.0,True,Aston Martin,0 days 00:20:28.591000,2021-12-11 13:05:28.775,1,,False,,False,True
0 days 00:23:45.444000,VET,5,0 days 00:01:24.664000,5.0,1.0,,,0 days 00:00:17.378000,0 days 00:00:36.291000,0 days 00:00:30.995000,0 days 00:22:38.158000,0 days 00:23:14.449000,0 days 00:23:45.444000,286.0,315.0,223.0,320.0,True,SOFT,5.0,True,Aston Martin,0 days 00:22:20.780000,2021-12-11 13:07:20.964,1,,False,,False,True
0 days 00:25:39.770000,VET,5,0 days 00:01:54.326000,6.0,1.0,,0 days 00:25:38.595000,0 days 00:00:19.882000,0 days 00:00:47.057000,0 days 00:00:47.387000,0 days 00:24:05.326000,0 days 00:24:52.383000,0 days 00:25:39.770000,260.0,260.0,,201.0,False,SOFT,6.0,True,Aston Martin,0 days 00:23:45.444000,2021-12-11 13:08:45.628,1,,False,,False,False
0 days 00:31:44.297000,VET,5,,7.0,2.0,0 days 00:29:56.154000,,,0 days 00:00:45.345000,0 days 00:00:40.182000,,0 days 00:31:04.119000,0 days 00:31:44.553000,246.0,205.0,208.0,231.0,False,SOFT,1.0,True,Aston Martin,0 days 00:29:56.154000,2021-12-11 13:14:56.338,1,,False,,False,False
0 days 00:33:30.359000,VET,5,0 days 00:01:46.062000,8.0,2.0,,,0 days 00:00:20.821000,0 days 00:00:44.114000,0 days 00:00:41.127000,0 days 00:32:05.118000,0 days 00:32:49.232000,0 days 00:33:30.359000,260.0,220.0,225.0,273.0,False,SOFT,2.0,True,Aston Martin,0 days 00:31:44.297000,2021-12-11 13:16:44.481,1,,False,,False,True
0 days 00:34:54.584000,VET,5,0 days 00:01:24.225000,9.0,2.0,,,0 days 00:00:17.257000,0 days 00:00:36.192000,0 days 00:00:30.776000,0 days 00:33:47.616000,0 days 00:34:23.808000,0 days 00:34:54.584000,288.0,315.0,222.0,319.0,True,SOFT,3.0,True,Aston Martin,0 days 00:33:30.359000,2021-12-11 13:18:30.543,1,,False,,False,True
0 days 00:36:48.790000,VET,5,0 days 00:01:54.206000,10.0,2.0,,0 days 00:36:47.178000,0 days 00:00:22.717000,0 days 00:00:49.611000,0 days 00:00:41.878000,0 days 00:35:17.301000,0 days 00:36:06.912000,0 days 00:36:48.790000,191.0,203.0,,241.0,False,SOFT,4.0,True,Aston Martin,0 days 00:34:54.584000,2021-12-11 13:19:54.768,1,,False,,False,False
0 days 00:45:23.564000,VET,5,,11.0,3.0,0 days 00:43:29.680000,,,0 days 00:00:44.416000,0 days 00:00:39.760000,,0 days 00:44:43.812000,0 days 00:45:23.580000,233.0,247.0,209.0,251.0,False,SOFT,5.0,False,Aston Martin,0 days 00:36:48.790000,2021-12-11 13:21:48.974,12,,False,,False,False
0 days 00:47:19.958000,VET,5,0 days 00:01:56.394000,12.0,3.0,,,0 days 00:00:20.396000,0 days 00:00:52.062000,0 days 00:00:43.936000,0 days 00:45:43.960000,0 days 00:46:36.022000,0 days 00:47:19.958000,259.0,226.0,225.0,258.0,True,SOFT,6.0,False,Aston Martin,0 days 00:45:23.564000,2021-12-11 13:30:23.748,1,,False,,False,True
0 days 00:48:44.263000,VET,5,0 days 00:01:24.305000,13.0,3.0,,,0 days 00:00:17.319000,,,0 days 00:47:37.277000,,,287.0,226.0,222.0,317.0,True,SOFT,7.0,False,Aston Martin,0 days 00:47:19.958000,2021-12-11 13:32:20.142,1,,False,,False,False
0 days 00:50:36.696000,VET,5,0 days 00:01:52.433000,14.0,3.0,,0 days 00:50:35.520000,0 days 00:00:24.492000,0 days 00:00:43.957000,0 days 00:00:43.984000,0 days 00:49:08.755000,0 days 00:49:52.712000,0 days 00:50:36.696000,248.0,237.0,,254.0,False,SOFT,8.0,False,Aston Martin,0 days 00:48:44.263000,2021-12-11 13:33:44.447,1,,False,,False,False
0 days 00:54:42.184000,VET,5,,15.0,4.0,0 days 00:52:51.998000,,,0 days 00:00:47.455000,0 days 00:00:40.649000,,0 days 00:54:01.535000,0 days 00:54:42.185000,253.0,221.0,211.0,216.0,False,SOFT,1.0,True,Aston Martin,0 days 00:50:36.696000,2021-12-11 13:35:36.880,12,,False,,False,False
0 days 00:56:30.244000,VET,5,,16.0,4.0,,,0 days 00:00:19.857000,0 days 00:00:47.550000,0 days 00:00:40.649000,0 days 00:55:02.079000,0 days 00:55:49.595000,0 days 00:57:35.650000,262.0,199.0,214.0,246.0,False,SOFT,2.0,True,Aston Martin,0 days 00:54:42.184000,2021-12-11 13:39:42.368,1,,False,,False,False
0 days 00:57:54.559000,VET,5,0 days 00:01:24.315000,17.0,4.0,,,0 days 00:00:17.443000,0 days 00:00:36.143000,0 days 00:00:30.729000,0 days 00:56:47.687000,0 days 00:57:23.830000,0 days 00:57:54.559000,288.0,317.0,224.0,321.0,False,SOFT,3.0,True,Aston Martin,0 days 00:56:30.244000,2021-12-11 13:41:30.428,12,,False,,False,True
0 days 00:59:45.810000,VET,5,0 days 00:01:51.251000,18.0,4.0,,0 days 01:00:54.052000,0 days 00:00:23.371000,0 days 00:00:44.525000,0 days 00:00:43.355000,0 days 00:58:17.930000,0 days 00:59:02.455000,0 days 00:59:45.810000,201.0,198.0,,212.0,False,SOFT,4.0,True,Aston Martin,0 days 00:57:54.559000,2021-12-11 13:42:54.743,1,,False,,False,False
0 days 00:20:20.409000,LAT,6,,1.0,1.0,0 days 00:18:25.619000,,,0 days 00:00:41.062000,0 days 00:00:52.176000,,0 days 00:19:28.275000,0 days 00:20:20.675000,275.0,256.0,222.0,292.0,False,SOFT,1.0,True,Williams,0 days 00:18:25.619000,2021-12-11 13:03:25.803,1,,False,,False,False
0 days 00:21:45.559000,LAT,6,0 days 00:01:25.150000,2.0,1.0,,,0 days 00:00:17.310000,0 days 00:00:36.769000,0 days 00:00:31.071000,0 days 00:20:37.719000,0 days 00:21:14.488000,0 days 00:21:45.559000,288.0,318.0,220.0,322.0,True,SOFT,2.0,True,Williams,0 days 00:20:20.409000,2021-12-11 13:05:20.593,1,,False,,False,True
0 days 00:23:56.804000,LAT,6,0 days 00:02:11.245000,3.0,1.0,,,0 days 00:00:22.918000,0 days 00:00:52.246000,0 days 00:00:56.081000,0 days 00:22:08.477000,0 days 00:23:00.723000,0 days 00:23:56.804000,244.0,192.0,225.0,201.0,False,SOFT,3.0,True,Williams,0 days 00:21:45.559000,2021-12-11 13:06:45.743,1,,False,,False,True
0 days 00:25:21.814000,LAT,6,0 days 00:01:25.010000,4.0,1.0,,,0 days 00:00:17.405000,0 days 00:00:36.777000,0 days 00:00:30.828000,0 days 00:24:14.209000,0 days 00:24:50.986000,0 days 00:25:21.814000,288.0,317.0,219.0,322.0,True,SOFT,4.0,True,Williams,0 days 00:23:56.804000,2021-12-11 13:08:56.988,1,,False,,False,True
0 days 00:31:57.654000,LAT,6,,5.0,1.0,,0 days 00:27:06.188000,0 days 00:00:20.106000,0 days 00:00:41.188000,,0 days 00:25:42.045000,0 days 00:26:23.140000,,261.0,250.0,,291.0,False,SOFT,5.0,True,Williams,0 days 00:25:21.814000,2021-12-11 13:10:21.998,15,,False,,False,False
0 days 00:34:21.154000,LAT,6,,6.0,2.0,0 days 00:31:57.654000,,,0 days 00:00:50.079000,0 days 00:00:59.528000,,0 days 00:33:21.633000,0 days 00:34:21.379000,277.0,247.0,223.0,311.0,False,SOFT,1.0,True,Williams,0 days 00:31:57.654000,2021-12-11 13:16:57.838,1,,False,,False,False
0 days 00:35:45.492000,LAT,6,0 days 00:01:24.338000,7.0,2.0,,,0 days 00:00:17.281000,0 days 00:00:36.465000,0 days 00:00:30.592000,0 days 00:34:38.435000,0 days 00:35:14.900000,0 days 00:35:45.492000,289.0,318.0,222.0,322.0,True,SOFT,2.0,True,Williams,0 days 00:34:21.154000,2021-12-11 13:19:21.338,1,,False,,False,True
0 days 00:37:35.829000,LAT,6,0 days 00:01:50.337000,8.0,2.0,,0 days 00:37:34.060000,0 days 00:00:20.580000,0 days 00:00:44.755000,0 days 00:00:45.002000,0 days 00:36:06.072000,0 days 00:36:50.827000,0 days 00:37:35.829000,254.0,237.0,,258.0,False,SOFT,3.0,True,Williams,0 days 00:35:45.492000,2021-12-11 13:20:45.676,1,,False,,False,False
0 days 00:20:05.949000,RUS,63,,1.0,1.0,0 days 00:18:14.528000,,,0 days 00:00:43.923000,0 days 00:00:45.170000,,0 days 00:19:20.907000,0 days 00:20:06.195000,264.0,188.0,223.0,292.0,False,SOFT,1.0,True,Williams,0 days 00:18:14.528000,2021-12-11 13:03:14.712,1,,False,,False,False
0 days 00:21:30.565000,RUS,63,0 days 00:01:24.616000,2.0,1.0,,,0 days 00:00:17.229000,0 days 00:00:36.401000,0 days 00:00:30.986000,0 days 00:20:23.178000,0 days 00:20:59.579000,0 days 00:21:30.565000,291.0,320.0,223.0,325.0,True,SOFT,2.0,True,Williams,0 days 00:20:05.949000,2021-12-11 13:05:06.133,1,,False,,False,True
0 days 00:23:38.532000,RUS,63,0 days 00:02:07.967000,3.0,1.0,,,0 days 00:00:27.096000,0 days 00:00:49.901000,0 days 00:00:50.970000,0 days 00:21:57.661000,0 days 00:22:47.562000,0 days 00:23:38.532000,236.0,116.0,226.0,267.0,False,SOFT,3.0,True,Williams,0 days 00:21:30.565000,2021-12-11 13:06:30.749,1,,False,,False,True
0 days 00:25:02.955000,RUS,63,0 days 00:01:24.423000,4.0,1.0,,,0 days 00:00:17.130000,0 days 00:00:36.527000,0 days 00:00:30.766000,0 days 00:23:55.662000,0 days 00:24:32.189000,0 days 00:25:02.955000,290.0,319.0,222.0,323.0,True,SOFT,4.0,True,Williams,0 days 00:23:38.532000,2021-12-11 13:08:38.716,1,,False,,False,True
0 days 00:33:12.388000,RUS,63,,5.0,1.0,,0 days 00:26:49.414000,0 days 00:00:19.948000,0 days 00:00:42.606000,,0 days 00:25:22.907000,0 days 00:26:05.516000,,261.0,225.0,,280.0,False,SOFT,5.0,True,Williams,0 days 00:25:02.955000,2021-12-11 13:10:03.139,15,,False,,False,False
0 days 00:35:09.876000,RUS,63,,6.0,2.0,0 days 00:33:12.388000,,,0 days 00:00:42.710000,0 days 00:00:53.094000,,0 days 00:34:16.792000,0 days 00:35:10.077000,271.0,228.0,225.0,308.0,False,SOFT,1.0,True,Williams,0 days 00:33:12.388000,2021-12-11 13:18:12.572,1,,False,,False,False
0 days 00:36:46.363000,RUS,63,0 days 00:01:36.487000,7.0,2.0,,0 days 00:36:45.197000,0 days 00:00:17.252000,0 days 00:00:36.775000,0 days 00:00:42.460000,0 days 00:35:27.128000,0 days 00:36:03.903000,0 days 00:36:46.363000,293.0,320.0,,325.0,False,SOFT,2.0,True,Williams,0 days 00:35:09.876000,2021-12-11 13:20:10.060,1,,False,,False,False
0 days 00:17:38.349000,RAI,7,,1.0,1.0,0 days 00:15:41.005000,,,0 days 00:00:44.707000,0 days 00:00:49.475000,,0 days 00:16:48.874000,0 days 00:17:38.579000,257.0,150.0,222.0,260.0,False,SOFT,1.0,True,Alfa Romeo Racing,0 days 00:15:41.005000,2021-12-11 13:00:41.189,1,,False,,False,False
0 days 00:19:22.955000,RAI,7,0 days 00:01:44.606000,2.0,1.0,,,0 days 00:00:17.311000,0 days 00:00:47.052000,0 days 00:00:40.243000,0 days 00:17:55.660000,0 days 00:18:42.712000,0 days 00:19:22.955000,287.0,227.0,223.0,119.0,True,SOFT,2.0,True,Alfa Romeo Racing,0 days 00:17:38.349000,2021-12-11 13:02:38.533,1,,False,,False,True
0 days 00:20:47.734000,RAI,7,0 days 00:01:24.779000,3.0,1.0,,,0 days 00:00:17.315000,0 days 00:00:36.523000,0 days 00:00:30.941000,0 days 00:19:40.270000,0 days 00:20:16.793000,0 days 00:20:47.734000,288.0,319.0,220.0,322.0,True,SOFT,3.0,True,Alfa Romeo Racing,0 days 00:19:22.955000,2021-12-11 13:04:23.139,1,,False,,False,True
0 days 00:22:39.333000,RAI,7,0 days 00:01:51.599000,4.0,1.0,,0 days 00:22:38.104000,0 days 00:00:21.119000,0 days 00:00:48.707000,0 days 00:00:41.773000,0 days 00:21:08.853000,0 days 00:21:57.560000,0 days 00:22:39.333000,251.0,210.0,,249.0,False,SOFT,4.0,True,Alfa Romeo Racing,0 days 00:20:47.734000,2021-12-11 13:05:47.918,1,,False,,False,False
0 days 00:29:42.394000,RAI,7,,5.0,2.0,0 days 00:26:27.710000,0 days 00:28:29.626000,,,,,,,,,,,False,SOFT,1.0,True,Alfa Romeo Racing,0 days 00:22:39.333000,2021-12-11 13:07:39.517,15,,False,,False,False
0 days 00:31:28.392000,RAI,7,,6.0,3.0,0 days 00:29:42.394000,,,0 days 00:00:45.355000,0 days 00:00:40.136000,,0 days 00:30:48.256000,0 days 00:31:28.635000,267.0,140.0,226.0,269.0,False,SOFT,1.0,True,Alfa Romeo Racing,0 days 00:29:42.394000,2021-12-11 13:14:42.578,1,,False,,False,False
0 days 00:32:54.276000,RAI,7,0 days 00:01:25.884000,7.0,3.0,,,0 days 00:00:17.136000,0 days 00:00:36.112000,0 days 00:00:32.636000,0 days 00:31:45.528000,0 days 00:32:21.640000,0 days 00:32:54.276000,289.0,317.0,193.0,323.0,False,SOFT,2.0,True,Alfa Romeo Racing,0 days 00:31:28.392000,2021-12-11 13:16:28.576,1,,False,,False,True
0 days 00:34:48.909000,RAI,7,0 days 00:01:54.633000,8.0,3.0,,0 days 00:34:47.904000,0 days 00:00:21.986000,0 days 00:00:44.849000,0 days 00:00:47.798000,0 days 00:33:16.262000,0 days 00:34:01.111000,0 days 00:34:48.909000,235.0,203.0,,243.0,False,SOFT,3.0,True,Alfa Romeo Racing,0 days 00:32:54.276000,2021-12-11 13:17:54.460,1,,False,,False,False
0 days 00:17:03.413000,MSC,47,,1.0,1.0,0 days 00:15:08.732000,,,0 days 00:00:47.376000,0 days 00:00:43.698000,,0 days 00:16:19.715000,0 days 00:17:03.636000,245.0,215.0,223.0,222.0,False,SOFT,1.0,True,Haas F1 Team,0 days 00:15:08.732000,2021-12-11 13:00:08.916,1,,False,,False,False
0 days 00:18:29.050000,MSC,47,0 days 00:01:25.637000,2.0,1.0,,,0 days 00:00:17.746000,0 days 00:00:36.777000,0 days 00:00:31.114000,0 days 00:17:21.159000,0 days 00:17:57.936000,0 days 00:18:29.050000,285.0,316.0,219.0,320.0,True,SOFT,2.0,True,Haas F1 Team,0 days 00:17:03.413000,2021-12-11 13:02:03.597,1,,False,,False,True
0 days 00:20:10.163000,MSC,47,0 days 00:01:41.113000,3.0,1.0,,0 days 00:20:08.974000,0 days 00:00:18.805000,0 days 00:00:42.416000,0 days 00:00:39.892000,0 days 00:18:47.855000,0 days 00:19:30.271000,0 days 00:20:10.163000,261.0,292.0,,253.0,False,SOFT,3.0,True,Haas F1 Team,0 days 00:18:29.050000,2021-12-11 13:03:29.234,1,,False,,False,False
0 days 00:24:25.500000,MSC,47,,4.0,2.0,0 days 00:22:21.744000,,,0 days 00:00:44.561000,0 days 00:00:54.742000,,0 days 00:23:30.758000,0 days 00:24:25.733000,205.0,199.0,220.0,227.0,False,SOFT,1.0,True,Haas F1 Team,0 days 00:20:10.163000,2021-12-11 13:05:10.347,1,,False,,False,False
0 days 00:25:50.736000,MSC,47,0 days 00:01:25.236000,5.0,2.0,,,0 days 00:00:17.506000,0 days 00:00:36.574000,0 days 00:00:31.156000,0 days 00:24:43.006000,0 days 00:25:19.580000,0 days 00:25:50.736000,288.0,316.0,219.0,322.0,True,SOFT,2.0,True,Haas F1 Team,0 days 00:24:25.500000,2021-12-11 13:09:25.684,1,,False,,False,True
0 days 00:31:47.108000,MSC,47,,6.0,2.0,,0 days 00:27:40.142000,0 days 00:00:18.975000,,,0 days 00:26:09.781000,,,260.0,,,289.0,False,SOFT,3.0,True,Haas F1 Team,0 days 00:25:50.736000,2021-12-11 13:10:50.920,15,,False,,False,False
0 days 00:33:49.455000,MSC,47,,7.0,3.0,0 days 00:31:47.108000,,,0 days 00:00:46.363000,0 days 00:00:52.399000,,0 days 00:32:57.142000,0 days 00:33:49.482000,246.0,218.0,220.0,216.0,False,SOFT,1.0,True,Haas F1 Team,0 days 00:31:47.108000,2021-12-11 13:16:47.292,1,,False,,False,False
0 days 00:35:14.361000,MSC,47,0 days 00:01:24.906000,8.0,3.0,,,0 days 00:00:17.419000,0 days 00:00:36.340000,0 days 00:00:31.147000,0 days 00:34:06.874000,0 days 00:34:43.214000,0 days 00:35:14.361000,289.0,319.0,219.0,324.0,True,SOFT,2.0,True,Haas F1 Team,0 days 00:33:49.455000,2021-12-11 13:18:49.639,1,,False,,False,True
0 days 00:37:01.579000,MSC,47,0 days 00:01:47.218000,9.0,3.0,,0 days 00:37:00.519000,0 days 00:00:19.740000,0 days 00:00:43.244000,0 days 00:00:44.234000,0 days 00:35:34.101000,0 days 00:36:17.345000,0 days 00:37:01.579000,258.0,221.0,,238.0,False,SOFT,3.0,True,Haas F1 Team,0 days 00:35:14.361000,2021-12-11 13:20:14.545,1,,False,,False,False
0 days 00:17:32.881000,MAZ,9,,1.0,1.0,0 days 00:15:23.264000,,,0 days 00:00:46.350000,0 days 00:00:48.904000,,0 days 00:16:43.977000,0 days 00:17:33.087000,235.0,247.0,221.0,249.0,False,SOFT,1.0,True,Haas F1 Team,0 days 00:15:23.264000,2021-12-11 13:00:23.448,1,,False,,False,False
0 days 00:18:59.343000,MAZ,9,0 days 00:01:26.462000,2.0,1.0,,,0 days 00:00:17.531000,0 days 00:00:37.099000,0 days 00:00:31.832000,0 days 00:17:50.412000,0 days 00:18:27.511000,0 days 00:18:59.343000,286.0,319.0,205.0,324.0,True,SOFT,2.0,True,Haas F1 Team,0 days 00:17:32.881000,2021-12-11 13:02:33.065,1,,False,,False,True
0 days 00:20:42.291000,MAZ,9,0 days 00:01:42.948000,3.0,1.0,,0 days 00:20:41.240000,0 days 00:00:20.686000,0 days 00:00:43.218000,0 days 00:00:39.044000,0 days 00:19:20.029000,0 days 00:20:03.247000,0 days 00:20:42.291000,250.0,268.0,,255.0,False,SOFT,3.0,True,Haas F1 Team,0 days 00:18:59.343000,2021-12-11 13:03:59.527,1,,False,,False,False
0 days 00:24:01.125000,MAZ,9,,4.0,2.0,0 days 00:22:00.601000,,,0 days 00:00:51.407000,0 days 00:00:44.141000,,0 days 00:23:16.984000,0 days 00:24:01.344000,211.0,191.0,220.0,199.0,False,SOFT,1.0,True,Haas F1 Team,0 days 00:20:42.291000,2021-12-11 13:05:42.475,1,,False,,False,False
0 days 00:25:27.022000,MAZ,9,0 days 00:01:25.897000,5.0,2.0,,,0 days 00:00:17.549000,0 days 00:00:36.741000,0 days 00:00:31.607000,0 days 00:24:18.674000,0 days 00:24:55.415000,0 days 00:25:27.022000,284.0,318.0,218.0,323.0,True,SOFT,2.0,True,Haas F1 Team,0 days 00:24:01.125000,2021-12-11 13:09:01.309,1,,False,,False,True
0 days 00:31:51.908000,MAZ,9,,6.0,2.0,,0 days 00:27:10.560000,0 days 00:00:20.578000,0 days 00:00:42.603000,,0 days 00:25:47.656000,0 days 00:26:30.219000,,253.0,250.0,,256.0,False,SOFT,3.0,True,Haas F1 Team,0 days 00:25:27.022000,2021-12-11 13:10:27.206,15,,False,,False,False
0 days 00:33:57.365000,MAZ,9,,7.0,3.0,0 days 00:31:51.908000,,,0 days 00:00:43.316000,0 days 00:00:56.336000,,0 days 00:33:01.190000,0 days 00:33:57.596000,247.0,311.0,220.0,238.0,False,SOFT,1.0,True,Haas F1 Team,0 days 00:31:51.908000,2021-12-11 13:16:52.092,1,,False,,False,False
0 days 00:35:23.050000,MAZ,9,0 days 00:01:25.685000,8.0,3.0,,,0 days 00:00:17.522000,0 days 00:00:36.868000,0 days 00:00:31.295000,0 days 00:34:14.887000,0 days 00:34:51.755000,0 days 00:35:23.050000,287.0,318.0,215.0,324.0,True,SOFT,2.0,True,Haas F1 Team,0 days 00:33:57.365000,2021-12-11 13:18:57.549,1,,False,,False,True
0 days 00:37:05.601000,MAZ,9,0 days 00:01:42.551000,9.0,3.0,,0 days 00:37:04.555000,0 days 00:00:20.828000,0 days 00:00:41.994000,0 days 00:00:39.729000,0 days 00:35:43.878000,0 days 00:36:25.872000,0 days 00:37:05.601000,250.0,275.0,,271.0,False,SOFT,3.0,True,Haas F1 Team,0 days 00:35:23.050000,2021-12-11 13:20:23.234,1,,False,,False,False
