Time,Driver,DriverNumber,LapTime,LapNumber,Stint,PitOutTime,PitInTime,Sector1Time,Sector2Time,Sector3Time,Sector1SessionTime,Sector2SessionTime,Sector3SessionTime,SpeedI1,SpeedI2,SpeedFL,SpeedST,IsPersonalBest,Compound,TyreLife,FreshTyre,Team,LapStartTime,LapStartDate,TrackStatus,Position,Deleted,DeletedReason,FastF1Generated,IsAccurate
0 days 00:18:48.759000,NOR,4,,1.0,1.0,0 days 00:16:05.242000,,,0 days 00:00:47.458000,0 days 00:01:07.388000,,0 days 00:17:41.409000,0 days 00:18:48.907000,166.0,271.0,118.0,178.0,False,INTERMEDIATE,1.0,True,McLaren,0 days 00:16:05.242000,2021-09-25 12:01:05.324,1,,False,,False,False
0 days 00:20:38.631000,NOR,4,0 days 00:01:49.872000,2.0,1.0,,,0 days 00:00:39.043000,0 days 00:00:37.466000,0 days 00:00:33.363000,0 days 00:19:27.802000,0 days 00:20:05.268000,0 days 00:20:38.631000,243.0,290.0,134.0,286.0,True,INTERMEDIATE,2.0,True,McLaren,0 days 00:18:48.759000,2021-09-25 12:03:48.841,1,,False,,False,True
0 days 00:23:09.056000,NOR,4,,3.0,1.0,,,0 days 00:00:45.969000,0 days 00:00:51.501000,0 days 00:00:52.971000,0 days 00:21:24.609000,0 days 00:22:16.085000,0 days 00:23:09.301000,194.0,253.0,123.0,216.0,False,INTERMEDIATE,3.0,True,McLaren,0 days 00:20:38.631000,2021-09-25 12:05:38.713,12,,False,,False,False
0 days 00:24:57.967000,NOR,4,0 days 00:01:48.911000,4.0,1.0,,,0 days 00:00:38.592000,0 days 00:00:37.553000,0 days 00:00:32.766000,0 days 00:23:47.648000,0 days 00:24:25.201000,0 days 00:24:57.967000,252.0,291.0,129.0,286.0,True,INTERMEDIATE,4.0,True,McLaren,0 days 00:23:09.056000,2021-09-25 12:08:09.138,1,,False,,False,True
0 days 00:27:06.100000,NOR,4,0 days 00:02:08.133000,5.0,1.0,,0 days 00:26:57.159000,0 days 00:00:43.760000,0 days 00:00:43.053000,0 days 00:00:41.320000,0 days 00:25:41.727000,0 days 00:26:24.780000,0 days 00:27:06.100000,211.0,231.0,,220.0,False,INTERMEDIATE,5.0,True,McLaren,0 days 00:24:57.967000,2021-09-25 12:09:58.049,12,,False,,False,False
0 days 00:29:42.694000,NOR,4,,6.0,2.0,0 days 00:27:30.468000,,0 days 00:01:11.021000,0 days 00:00:43.833000,0 days 00:00:41.807000,0 days 00:28:17.148000,0 days 00:29:00.926000,0 days 00:29:42.993000,187.0,192.0,136.0,220.0,False,INTERMEDIATE,1.0,True,McLaren,0 days 00:27:06.100000,2021-09-25 12:12:06.182,1,,False,,False,False
0 days 00:31:42.742000,NOR,4,0 days 00:02:00.048000,7.0,2.0,,,0 days 00:00:41.804000,0 days 00:00:40.514000,0 days 00:00:37.730000,0 days 00:30:24.498000,0 days 00:31:05.012000,0 days 00:31:42.742000,243.0,271.0,135.0,290.0,False,INTERMEDIATE,2.0,True,McLaren,0 days 00:29:42.694000,2021-09-25 12:14:42.776,12,,True,TRACK LIMITS AT TURN 2,False,True
0 days 00:33:29.980000,NOR,4,0 days 00:01:47.238000,8.0,2.0,,,0 days 00:00:38.070000,0 days 00:00:36.816000,0 days 00:00:32.352000,0 days 00:32:20.812000,0 days 00:32:57.628000,0 days 00:33:29.980000,253.0,288.0,140.0,285.0,True,INTERMEDIATE,3.0,True,McLaren,0 days 00:31:42.742000,2021-09-25 12:16:42.824,1,,False,,False,True
0 days 00:35:34.731000,NOR,4,0 days 00:02:04.751000,9.0,2.0,,0 days 00:35:26.174000,0 days 00:00:44.641000,0 days 00:00:40.647000,0 days 00:00:39.463000,0 days 00:34:14.621000,0 days 00:34:55.268000,0 days 00:35:34.731000,203.0,245.0,,211.0,False,INTERMEDIATE,4.0,True,McLaren,0 days 00:33:29.980000,2021-09-25 12:18:30.062,1,,False,,False,False
0 days 00:43:37.602000,NOR,4,,10.0,3.0,0 days 00:41:17.534000,,,0 days 00:00:46.098000,0 days 00:00:46.122000,,0 days 00:42:51.506000,0 days 00:43:37.665000,188.0,165.0,137.0,212.0,False,INTERMEDIATE,1.0,True,McLaren,0 days 00:35:34.731000,2021-09-25 12:20:34.813,1,,False,,False,False
0 days 00:45:23.856000,NOR,4,0 days 00:01:46.254000,11.0,3.0,,,0 days 00:00:37.838000,0 days 00:00:36.486000,0 days 00:00:31.930000,0 days 00:44:15.440000,0 days 00:44:51.926000,0 days 00:45:23.856000,256.0,291.0,141.0,281.0,True,INTERMEDIATE,2.0,True,McLaren,0 days 00:43:37.602000,2021-09-25 12:28:37.684,1,,False,,False,True
0 days 00:47:43.990000,NOR,4,0 days 00:02:20.134000,12.0,3.0,,,0 days 00:00:48.228000,0 days 00:00:50.261000,0 days 00:00:41.645000,0 days 00:46:12.084000,0 days 00:47:02.345000,0 days 00:47:43.990000,174.0,236.0,135.0,208.0,False,INTERMEDIATE,3.0,True,McLaren,0 days 00:45:23.856000,2021-09-25 12:30:23.938,1,,False,,False,True
0 days 00:49:41.788000,NOR,4,0 days 00:01:57.798000,13.0,3.0,,,0 days 00:00:39.541000,0 days 00:00:41.716000,0 days 00:00:36.541000,0 days 00:48:23.531000,0 days 00:49:05.247000,0 days 00:49:41.788000,238.0,212.0,144.0,294.0,False,INTERMEDIATE,4.0,True,McLaren,0 days 00:47:43.990000,2021-09-25 12:32:44.072,12,,False,,False,True
0 days 00:51:27.615000,NOR,4,0 days 00:01:45.827000,14.0,3.0,,,0 days 00:00:37.527000,0 days 00:00:36.567000,0 days 00:00:31.733000,0 days 00:50:19.315000,0 days 00:50:55.882000,0 days 00:51:27.615000,255.0,291.0,139.0,286.0,True,INTERMEDIATE,5.0,True,McLaren,0 days 00:49:41.788000,2021-09-25 12:34:41.870,1,,False,,False,True
0 days 00:53:48.349000,NOR,4,0 days 00:02:20.734000,15.0,3.0,,,0 days 00:00:48.072000,0 days 00:00:46.725000,0 days 00:00:45.937000,0 days 00:52:15.687000,0 days 00:53:02.412000,0 days 00:53:48.349000,112.0,211.0,140.0,219.0,False,INTERMEDIATE,6.0,True,McLaren,0 days 00:51:27.615000,2021-09-25 12:36:27.697,1,,False,,False,True
0 days 00:55:42.079000,NOR,4,0 days 00:01:53.730000,16.0,3.0,,0 days 00:55:33.297000,0 days 00:00:37.471000,0 days 00:00:36.951000,0 days 00:00:39.308000,0 days 00:54:25.820000,0 days 00:55:02.771000,0 days 00:55:42.079000,245.0,296.0,,296.0,False,INTERMEDIATE,7.0,True,McLaren,0 days 00:53:48.349000,2021-09-25 12:38:48.431,1,,False,,False,False
0 days 01:06:03.682000,NOR,4,,17.0,4.0,0 days 01:04:01.399000,,,0 days 00:00:38.853000,0 days 00:00:44.004000,,0 days 01:05:19.776000,0 days 01:06:03.703000,211.0,252.0,146.0,229.0,False,INTERMEDIATE,5.0,False,McLaren,0 days 00:55:42.079000,2021-09-25 12:40:42.161,1,,False,,False,False
0 days 01:07:48.388000,NOR,4,0 days 00:01:44.706000,18.0,4.0,,,0 days 00:00:37.005000,0 days 00:00:35.829000,0 days 00:00:31.872000,0 days 01:06:40.687000,0 days 01:07:16.516000,0 days 01:07:48.388000,261.0,291.0,136.0,294.0,True,INTERMEDIATE,6.0,False,McLaren,0 days 01:06:03.682000,2021-09-25 12:51:03.764,1,,False,,False,True
0 days 01:10:03.605000,NOR,4,0 days 00:02:15.217000,19.0,4.0,,0 days 01:09:53.720000,0 days 00:00:52.661000,0 days 00:00:41.057000,0 days 00:00:41.499000,0 days 01:08:41.049000,0 days 01:09:22.106000,0 days 01:10:03.605000,178.0,203.0,,218.0,False,INTERMEDIATE,7.0,False,McLaren,0 days 01:07:48.388000,2021-09-25 12:52:48.470,1,,False,,False,False
0 days 01:12:36.485000,NOR,4,,20.0,5.0,0 days 01:10:34.979000,,0 days 00:01:14.989000,0 days 00:00:40.039000,0 days 00:00:37.864000,0 days 01:11:18.624000,0 days 01:11:58.710000,0 days 01:12:36.523000,223.0,242.0,114.0,199.0,False,SOFT,1.0,True,McLaren,0 days 01:10:03.605000,2021-09-25 12:55:03.687,1,,False,,False,False
0 days 01:14:29.289000,NOR,4,0 days 00:01:52.804000,21.0,5.0,,,0 days 00:00:38.414000,0 days 00:00:39.493000,0 days 00:00:34.897000,0 days 01:13:14.899000,0 days 01:13:54.392000,0 days 01:14:29.289000,214.0,277.0,131.0,281.0,False,SOFT,2.0,True,McLaren,0 days 01:12:36.485000,2021-09-25 12:57:36.567,1,,False,,False,True
0 days 01:16:11.282000,NOR,4,0 days 00:01:41.993000,22.0,5.0,,,0 days 00:00:36.517000,0 days 00:00:34.685000,0 days 00:00:30.791000,0 days 01:15:05.806000,0 days 01:15:40.491000,0 days 01:16:11.282000,261.0,294.0,142.0,291.0,True,SOFT,3.0,True,McLaren,0 days 01:14:29.289000,2021-09-25 12:59:29.371,1,,False,,False,True
0 days 01:18:18.107000,NOR,4,,23.0,5.0,,0 days 01:18:18.107000,0 days 00:00:53.830000,0 days 00:00:39.288000,,0 days 01:17:05.145000,0 days 01:17:44.463000,,207.0,275.0,,182.0,False,SOFT,4.0,True,McLaren,0 days 01:16:11.282000,2021-09-25 13:01:11.364,12,,False,,False,False
0 days 00:17:38.917000,SAI,55,,1.0,1.0,0 days 00:15:11.574000,,,0 days 00:00:42.522000,0 days 00:00:44.175000,,0 days 00:16:54.871000,0 days 00:17:39.152000,177.0,263.0,128.0,130.0,False,INTERMEDIATE,1.0,True,Ferrari,0 days 00:15:11.574000,2021-09-25 12:00:11.656,1,,False,,False,False
0 days 00:19:30.925000,SAI,55,0 days 00:01:52.008000,2.0,1.0,,,0 days 00:00:39.667000,0 days 00:00:38.528000,0 days 00:00:33.813000,0 days 00:18:18.584000,0 days 00:18:57.112000,0 days 00:19:30.925000,232.0,293.0,144.0,264.0,True,INTERMEDIATE,2.0,True,Ferrari,0 days 00:17:38.917000,2021-09-25 12:02:38.999,1,,False,,False,True
0 days 00:21:20.661000,SAI,55,0 days 00:01:49.736000,3.0,1.0,,,0 days 00:00:38.486000,0 days 00:00:37.880000,0 days 00:00:33.370000,0 days 00:20:09.411000,0 days 00:20:47.291000,0 days 00:21:20.661000,238.0,296.0,146.0,291.0,True,INTERMEDIATE,3.0,True,Ferrari,0 days 00:19:30.925000,2021-09-25 12:04:31.007,1,,False,,False,True
0 days 00:23:19.884000,SAI,55,0 days 00:01:59.223000,4.0,1.0,,,0 days 00:00:38.432000,0 days 00:00:40.836000,0 days 00:00:39.955000,0 days 00:21:59.093000,0 days 00:22:39.929000,0 days 00:23:19.884000,223.0,291.0,137.0,281.0,False,INTERMEDIATE,4.0,True,Ferrari,0 days 00:21:20.661000,2021-09-25 12:06:20.743,12,,False,,False,True
0 days 00:25:08.924000,SAI,55,0 days 00:01:49.040000,5.0,1.0,,,0 days 00:00:38.325000,0 days 00:00:37.857000,0 days 00:00:32.858000,0 days 00:23:58.209000,0 days 00:24:36.066000,0 days 00:25:08.924000,248.0,293.0,141.0,292.0,True,INTERMEDIATE,5.0,True,Ferrari,0 days 00:23:19.884000,2021-09-25 12:08:19.966,1,,False,,False,True
0 days 00:27:11.217000,SAI,55,0 days 00:02:02.293000,6.0,1.0,,0 days 00:27:02.674000,0 days 00:00:41.542000,0 days 00:00:40.819000,0 days 00:00:39.932000,0 days 00:25:50.466000,0 days 00:26:31.285000,0 days 00:27:11.217000,212.0,263.0,,246.0,False,INTERMEDIATE,6.0,True,Ferrari,0 days 00:25:08.924000,2021-09-25 12:10:09.006,12,,False,,False,False
0 days 00:29:35.533000,SAI,55,0 days 00:02:24.316000,7.0,2.0,0 days 00:27:33.979000,,0 days 00:01:03.626000,0 days 00:00:41.857000,0 days 00:00:38.833000,0 days 00:28:14.843000,0 days 00:28:56.700000,0 days 00:29:35.533000,196.0,265.0,144.0,232.0,False,INTERMEDIATE,1.0,True,Ferrari,0 days 00:27:11.217000,2021-09-25 12:12:11.299,1,,False,,False,False
0 days 00:31:23.457000,SAI,55,0 days 00:01:47.924000,8.0,2.0,,,0 days 00:00:38.238000,0 days 00:00:37.274000,0 days 00:00:32.412000,0 days 00:30:13.771000,0 days 00:30:51.045000,0 days 00:31:23.457000,245.0,289.0,140.0,291.0,True,INTERMEDIATE,2.0,True,Ferrari,0 days 00:29:35.533000,2021-09-25 12:14:35.615,12,,False,,False,True
0 days 00:33:11.619000,SAI,55,0 days 00:01:48.162000,9.0,2.0,,,0 days 00:00:38.336000,0 days 00:00:37.224000,0 days 00:00:32.602000,0 days 00:32:01.793000,0 days 00:32:39.017000,0 days 00:33:11.619000,245.0,292.0,140.0,294.0,False,INTERMEDIATE,3.0,True,Ferrari,0 days 00:31:23.457000,2021-09-25 12:16:23.539,1,,False,,False,True
0 days 00:35:29.234000,SAI,55,0 days 00:02:17.615000,10.0,2.0,,0 days 00:35:20.079000,0 days 00:00:52.794000,0 days 00:00:43.764000,0 days 00:00:41.057000,0 days 00:34:04.413000,0 days 00:34:48.177000,0 days 00:35:29.234000,176.0,266.0,,180.0,False,INTERMEDIATE,4.0,True,Ferrari,0 days 00:33:11.619000,2021-09-25 12:18:11.701,1,,False,,False,False
0 days 00:43:22.961000,SAI,55,,11.0,3.0,0 days 00:41:05.692000,,,0 days 00:00:45.483000,0 days 00:00:38.453000,,0 days 00:42:44.531000,0 days 00:43:22.974000,172.0,204.0,143.0,211.0,False,INTERMEDIATE,1.0,True,Ferrari,0 days 00:35:29.234000,2021-09-25 12:20:29.316,1,,False,,False,False
0 days 00:45:16.293000,SAI,55,0 days 00:01:53.332000,12.0,3.0,,,0 days 00:00:38.209000,0 days 00:00:39.388000,0 days 00:00:35.735000,0 days 00:44:01.170000,0 days 00:44:40.558000,0 days 00:45:16.293000,242.0,262.0,149.0,292.0,True,INTERMEDIATE,2.0,True,Ferrari,0 days 00:43:22.961000,2021-09-25 12:28:23.043,1,,False,,False,True
0 days 00:47:03.462000,SAI,55,0 days 00:01:47.169000,13.0,3.0,,,0 days 00:00:37.981000,0 days 00:00:36.927000,0 days 00:00:32.261000,0 days 00:45:54.274000,0 days 00:46:31.201000,0 days 00:47:03.462000,249.0,290.0,139.0,292.0,True,INTERMEDIATE,3.0,True,Ferrari,0 days 00:45:16.293000,2021-09-25 12:30:16.375,1,,False,,False,True
0 days 00:49:06.406000,SAI,55,0 days 00:02:02.944000,14.0,3.0,,,0 days 00:00:47.488000,0 days 00:00:41.892000,0 days 00:00:33.564000,0 days 00:47:50.950000,0 days 00:48:32.842000,0 days 00:49:06.406000,199.0,279.0,147.0,192.0,False,INTERMEDIATE,4.0,True,Ferrari,0 days 00:47:03.462000,2021-09-25 12:32:03.544,12,,False,,False,True
0 days 00:51:01.621000,SAI,55,0 days 00:01:55.215000,15.0,3.0,,0 days 00:50:52.940000,0 days 00:00:38.067000,0 days 00:00:38.136000,0 days 00:00:39.012000,0 days 00:49:44.473000,0 days 00:50:22.609000,0 days 00:51:01.621000,249.0,278.0,,289.0,False,INTERMEDIATE,5.0,True,Ferrari,0 days 00:49:06.406000,2021-09-25 12:34:06.488,1,,False,,False,False
0 days 00:54:05.020000,SAI,55,,16.0,4.0,0 days 00:51:46.784000,,0 days 00:01:30.260000,0 days 00:00:48.666000,0 days 00:00:44.489000,0 days 00:52:31.906000,0 days 00:53:20.584000,0 days 00:54:05.067000,94.0,213.0,144.0,242.0,False,INTERMEDIATE,1.0,True,Ferrari,0 days 00:51:01.621000,2021-09-25 12:36:01.703,1,,False,,False,False
0 days 00:55:51.541000,SAI,55,0 days 00:01:46.521000,17.0,4.0,,,0 days 00:00:37.974000,0 days 00:00:36.541000,0 days 00:00:32.006000,0 days 00:54:42.994000,0 days 00:55:19.535000,0 days 00:55:51.541000,252.0,293.0,138.0,292.0,True,INTERMEDIATE,2.0,True,Ferrari,0 days 00:54:05.020000,2021-09-25 12:39:05.102,1,,False,,False,True
0 days 00:58:11.444000,SAI,55,0 days 00:02:19.903000,18.0,4.0,,0 days 00:58:02.390000,0 days 00:00:50.869000,0 days 00:00:45.919000,0 days 00:00:43.115000,0 days 00:56:42.410000,0 days 00:57:28.329000,0 days 00:58:11.444000,180.0,239.0,,156.0,False,INTERMEDIATE,3.0,True,Ferrari,0 days 00:55:51.541000,2021-09-25 12:40:51.623,1,,False,,False,False
0 days 01:06:11.177000,SAI,55,,19.0,5.0,0 days 01:04:07.192000,,,0 days 00:00:39.252000,0 days 00:00:40.991000,,0 days 01:05:30.253000,0 days 01:06:11.230000,228.0,268.0,145.0,211.0,False,INTERMEDIATE,5.0,False,Ferrari,0 days 00:58:11.444000,2021-09-25 12:43:11.526,1,,False,,False,False
0 days 01:07:57.586000,SAI,55,0 days 00:01:46.409000,20.0,5.0,,,0 days 00:00:37.414000,0 days 00:00:36.546000,0 days 00:00:32.449000,0 days 01:06:48.591000,0 days 01:07:25.137000,0 days 01:07:57.586000,252.0,290.0,133.0,291.0,True,INTERMEDIATE,6.0,False,Ferrari,0 days 01:06:11.177000,2021-09-25 12:51:11.259,1,,False,,False,True
0 days 01:09:55.229000,SAI,55,0 days 00:01:57.643000,21.0,5.0,,0 days 01:09:46.529000,0 days 00:00:38.920000,0 days 00:00:39.022000,0 days 00:00:39.701000,0 days 01:08:36.506000,0 days 01:09:15.528000,0 days 01:09:55.229000,235.0,264.0,,283.0,False,INTERMEDIATE,7.0,False,Ferrari,0 days 01:07:57.586000,2021-09-25 12:52:57.668,1,,False,,False,False
0 days 01:12:21.365000,SAI,55,0 days 00:02:26.136000,22.0,6.0,0 days 01:10:18.066000,,0 days 00:01:07.772000,0 days 00:00:40.544000,0 days 00:00:37.820000,0 days 01:11:03.001000,0 days 01:11:43.545000,0 days 01:12:21.365000,208.0,266.0,125.0,201.0,False,SOFT,1.0,True,Ferrari,0 days 01:09:55.229000,2021-09-25 12:54:55.311,1,,False,,False,False
0 days 01:14:09.070000,SAI,55,0 days 00:01:47.705000,23.0,6.0,,,0 days 00:00:38.444000,0 days 00:00:36.512000,0 days 00:00:32.749000,0 days 01:12:59.809000,0 days 01:13:36.321000,0 days 01:14:09.070000,245.0,292.0,145.0,280.0,False,SOFT,2.0,True,Ferrari,0 days 01:12:21.365000,2021-09-25 12:57:21.447,1,,False,,False,True
0 days 01:15:51.580000,SAI,55,0 days 00:01:42.510000,24.0,6.0,,,0 days 00:00:36.549000,0 days 00:00:34.793000,0 days 00:00:31.168000,0 days 01:14:45.619000,0 days 01:15:20.412000,0 days 01:15:51.580000,261.0,286.0,147.0,291.0,True,SOFT,3.0,True,Ferrari,0 days 01:14:09.070000,2021-09-25 12:59:09.152,1,,False,,False,True
0 days 01:18:10.535000,SAI,55,,25.0,6.0,,0 days 01:18:10.535000,0 days 00:00:48.915000,0 days 00:00:41.411000,,0 days 01:16:40.519000,0 days 01:17:21.968000,,179.0,260.0,,171.0,False,SOFT,4.0,True,Ferrari,0 days 01:15:51.580000,2021-09-25 13:00:51.662,12,,False,,False,False
0 days 00:18:21.886000,RUS,63,,1.0,1.0,0 days 00:16:01.292000,,,0 days 00:00:45.202000,0 days 00:00:50.033000,,0 days 00:17:31.977000,0 days 00:18:22.149000,169.0,218.0,85.0,191.0,False,INTERMEDIATE,1.0,True,Williams,0 days 00:16:01.292000,2021-09-25 12:01:01.374,1,,False,,False,False
0 days 00:20:19.522000,RUS,63,0 days 00:01:57.636000,2.0,1.0,,,0 days 00:00:40.605000,0 days 00:00:40.082000,0 days 00:00:36.949000,0 days 00:19:02.491000,0 days 00:19:42.573000,0 days 00:20:19.522000,195.0,240.0,114.0,244.0,True,INTERMEDIATE,2.0,True,Williams,0 days 00:18:21.886000,2021-09-25 12:03:21.968,1,,False,,False,True
0 days 00:22:19.425000,RUS,63,0 days 00:01:59.903000,3.0,1.0,,,0 days 00:00:39.755000,0 days 00:00:39.277000,0 days 00:00:40.871000,0 days 00:20:59.277000,0 days 00:21:38.554000,0 days 00:22:19.425000,218.0,258.0,128.0,262.0,False,INTERMEDIATE,3.0,True,Williams,0 days 00:20:19.522000,2021-09-25 12:05:19.604,12,,False,,False,True
0 days 00:24:23.996000,RUS,63,0 days 00:02:04.571000,4.0,1.0,,,0 days 00:00:43.721000,0 days 00:00:41.245000,0 days 00:00:39.605000,0 days 00:23:03.146000,0 days 00:23:44.391000,0 days 00:24:23.996000,193.0,226.0,138.0,191.0,False,INTERMEDIATE,4.0,True,Williams,0 days 00:22:19.425000,2021-09-25 12:07:19.507,1,,False,,False,True
0 days 00:26:14.599000,RUS,63,0 days 00:01:50.603000,5.0,1.0,,,0 days 00:00:38.384000,0 days 00:00:38.255000,0 days 00:00:33.964000,0 days 00:25:02.380000,0 days 00:25:40.635000,0 days 00:26:14.599000,216.0,296.0,142.0,278.0,True,INTERMEDIATE,5.0,True,Williams,0 days 00:24:23.996000,2021-09-25 12:09:24.078,1,,False,,False,True
0 days 00:28:13.806000,RUS,63,0 days 00:01:59.207000,6.0,1.0,,0 days 00:28:05.331000,0 days 00:00:40.089000,0 days 00:00:39.127000,0 days 00:00:39.991000,0 days 00:26:54.688000,0 days 00:27:33.815000,0 days 00:28:13.806000,211.0,281.0,,267.0,False,INTERMEDIATE,6.0,True,Williams,0 days 00:26:14.599000,2021-09-25 12:11:14.681,12,,False,,False,False
0 days 00:30:40.308000,RUS,63,0 days 00:02:26.502000,7.0,2.0,0 days 00:28:36.765000,,0 days 00:01:01.304000,0 days 00:00:41.970000,0 days 00:00:43.228000,0 days 00:29:15.110000,0 days 00:29:57.080000,0 days 00:30:40.308000,179.0,204.0,136.0,254.0,False,INTERMEDIATE,1.0,True,Williams,0 days 00:28:13.806000,2021-09-25 12:13:13.888,12,,False,,False,False
0 days 00:32:29.560000,RUS,63,0 days 00:01:49.252000,8.0,2.0,,,0 days 00:00:38.065000,0 days 00:00:37.682000,0 days 00:00:33.505000,0 days 00:31:18.373000,0 days 00:31:56.055000,0 days 00:32:29.560000,233.0,287.0,143.0,287.0,True,INTERMEDIATE,2.0,True,Williams,0 days 00:30:40.308000,2021-09-25 12:15:40.390,21,,False,,False,True
0 days 00:34:17.863000,RUS,63,0 days 00:01:48.303000,9.0,2.0,,,0 days 00:00:37.763000,0 days 00:00:37.431000,0 days 00:00:33.109000,0 days 00:33:07.323000,0 days 00:33:44.754000,0 days 00:34:17.863000,235.0,295.0,140.0,287.0,True,INTERMEDIATE,3.0,True,Williams,0 days 00:32:29.560000,2021-09-25 12:17:29.642,1,,False,,False,True
0 days 00:36:30.416000,RUS,63,0 days 00:02:12.553000,10.0,2.0,,0 days 00:36:21.704000,0 days 00:00:44.989000,0 days 00:00:44.749000,0 days 00:00:42.815000,0 days 00:35:02.852000,0 days 00:35:47.601000,0 days 00:36:30.416000,180.0,197.0,,167.0,False,INTERMEDIATE,4.0,True,Williams,0 days 00:34:17.863000,2021-09-25 12:19:17.945,1,,False,,False,False
0 days 00:42:24.771000,RUS,63,,11.0,3.0,0 days 00:40:11.824000,,,0 days 00:00:46.574000,0 days 00:00:39.295000,,0 days 00:41:45.531000,0 days 00:42:24.824000,101.0,183.0,137.0,142.0,False,INTERMEDIATE,1.0,True,Williams,0 days 00:36:30.416000,2021-09-25 12:21:30.498,1,,False,,False,False
0 days 00:44:18.397000,RUS,63,0 days 00:01:53.626000,12.0,3.0,,,0 days 00:00:37.921000,0 days 00:00:38.270000,0 days 00:00:37.435000,0 days 00:43:02.692000,0 days 00:43:40.962000,0 days 00:44:18.397000,231.0,268.0,148.0,290.0,True,INTERMEDIATE,2.0,True,Williams,0 days 00:42:24.771000,2021-09-25 12:27:24.853,1,,False,,False,True
0 days 00:46:06.132000,RUS,63,0 days 00:01:47.735000,13.0,3.0,,,0 days 00:00:37.557000,0 days 00:00:37.293000,0 days 00:00:32.885000,0 days 00:44:55.954000,0 days 00:45:33.247000,0 days 00:46:06.132000,240.0,296.0,140.0,300.0,True,INTERMEDIATE,3.0,True,Williams,0 days 00:44:18.397000,2021-09-25 12:29:18.479,1,,False,,False,True
0 days 00:48:10.180000,RUS,63,0 days 00:02:04.048000,14.0,3.0,,0 days 00:48:01.670000,0 days 00:00:42.020000,0 days 00:00:41.767000,0 days 00:00:40.261000,0 days 00:46:48.152000,0 days 00:47:29.919000,0 days 00:48:10.180000,186.0,210.0,,228.0,False,INTERMEDIATE,4.0,True,Williams,0 days 00:46:06.132000,2021-09-25 12:31:06.214,12,,False,,False,False
0 days 00:50:32.093000,RUS,63,0 days 00:02:21.913000,15.0,4.0,0 days 00:48:33.317000,,0 days 00:01:04.450000,0 days 00:00:41.415000,0 days 00:00:36.048000,0 days 00:49:14.630000,0 days 00:49:56.045000,0 days 00:50:32.093000,165.0,197.0,148.0,246.0,False,INTERMEDIATE,1.0,True,Williams,0 days 00:48:10.180000,2021-09-25 12:33:10.262,1,,False,,False,False
0 days 00:52:19.084000,RUS,63,0 days 00:01:46.991000,16.0,4.0,,,0 days 00:00:37.395000,0 days 00:00:36.923000,0 days 00:00:32.673000,0 days 00:51:09.488000,0 days 00:51:46.411000,0 days 00:52:19.084000,234.0,300.0,147.0,298.0,True,INTERMEDIATE,2.0,True,Williams,0 days 00:50:32.093000,2021-09-25 12:35:32.175,1,,False,,False,True
0 days 00:54:31.447000,RUS,63,0 days 00:02:12.363000,17.0,4.0,,,0 days 00:00:44.559000,0 days 00:00:46.114000,0 days 00:00:41.690000,0 days 00:53:03.643000,0 days 00:53:49.757000,0 days 00:54:31.447000,115.0,179.0,153.0,208.0,False,INTERMEDIATE,3.0,True,Williams,0 days 00:52:19.084000,2021-09-25 12:37:19.166,1,,False,,False,True
0 days 00:56:17.882000,RUS,63,0 days 00:01:46.435000,18.0,4.0,,,0 days 00:00:37.245000,0 days 00:00:36.777000,0 days 00:00:32.413000,0 days 00:55:08.692000,0 days 00:55:45.469000,0 days 00:56:17.882000,248.0,299.0,142.0,296.0,True,INTERMEDIATE,4.0,True,Williams,0 days 00:54:31.447000,2021-09-25 12:39:31.529,1,,False,,False,True
0 days 00:58:34.607000,RUS,63,0 days 00:02:16.725000,19.0,4.0,,0 days 00:58:25.751000,0 days 00:00:46.590000,0 days 00:00:44.259000,0 days 00:00:45.876000,0 days 00:57:04.472000,0 days 00:57:48.731000,0 days 00:58:34.607000,156.0,126.0,,179.0,False,INTERMEDIATE,5.0,True,Williams,0 days 00:56:17.882000,2021-09-25 12:41:17.964,1,,False,,False,False
0 days 01:06:34.239000,RUS,63,,20.0,5.0,0 days 01:04:36.780000,,,0 days 00:00:40.401000,0 days 00:00:36.515000,,0 days 01:05:57.809000,0 days 01:06:34.318000,179.0,275.0,151.0,249.0,False,INTERMEDIATE,7.0,False,Williams,0 days 00:58:34.607000,2021-09-25 12:43:34.689,1,,False,,False,False
0 days 01:08:26.985000,RUS,63,0 days 00:01:52.746000,21.0,5.0,,0 days 01:08:18.661000,0 days 00:00:37.099000,0 days 00:00:36.591000,0 days 00:00:39.056000,0 days 01:07:11.338000,0 days 01:07:47.929000,0 days 01:08:26.985000,251.0,272.0,,297.0,False,INTERMEDIATE,8.0,False,Williams,0 days 01:06:34.239000,2021-09-25 12:51:34.321,1,,False,,False,False
0 days 01:10:55.640000,RUS,63,0 days 00:02:28.655000,22.0,6.0,0 days 01:08:49.898000,,0 days 00:01:06.777000,0 days 00:00:43.441000,0 days 00:00:38.437000,0 days 01:09:33.762000,0 days 01:10:17.203000,0 days 01:10:55.640000,171.0,206.0,119.0,174.0,False,SOFT,1.0,True,Williams,0 days 01:08:26.985000,2021-09-25 12:53:27.067,1,,False,,False,False
0 days 01:12:50.670000,RUS,63,0 days 00:01:55.030000,23.0,6.0,,,0 days 00:00:38.303000,0 days 00:00:37.002000,0 days 00:00:39.725000,0 days 01:11:33.943000,0 days 01:12:10.945000,0 days 01:12:50.670000,235.0,266.0,128.0,278.0,True,SOFT,2.0,True,Williams,0 days 01:10:55.640000,2021-09-25 12:55:55.722,1,,False,,False,True
0 days 01:14:40.645000,RUS,63,0 days 00:01:49.975000,24.0,6.0,,,0 days 00:00:37.115000,0 days 00:00:37.861000,0 days 00:00:34.999000,0 days 01:13:27.785000,0 days 01:14:05.646000,0 days 01:14:40.645000,252.0,274.0,142.0,299.0,True,SOFT,3.0,True,Williams,0 days 01:12:50.670000,2021-09-25 12:57:50.752,1,,False,,False,True
0 days 01:16:23.628000,RUS,63,0 days 00:01:42.983000,25.0,6.0,,,0 days 00:00:36.308000,0 days 00:00:34.860000,0 days 00:00:31.815000,0 days 01:15:16.953000,0 days 01:15:51.813000,0 days 01:16:23.628000,261.0,302.0,151.0,301.0,True,SOFT,4.0,True,Williams,0 days 01:14:40.645000,2021-09-25 12:59:40.727,12,,False,,False,True
0 days 01:18:33.675000,RUS,63,,26.0,6.0,,0 days 01:18:33.675000,0 days 00:00:50.360000,0 days 00:00:42.774000,,0 days 01:17:14.004000,0 days 01:17:56.799000,,152.0,160.0,,191.0,False,SOFT,5.0,True,Williams,0 days 01:16:23.628000,2021-09-25 13:01:23.710,21,,False,,False,False
0 days 00:19:08.419000,HAM,44,,1.0,1.0,0 days 00:16:25.892000,,,0 days 00:00:43.129000,0 days 00:01:09.626000,,0 days 00:17:58.901000,0 days 00:19:08.691000,165.0,229.0,123.0,185.0,False,INTERMEDIATE,1.0,True,Mercedes,0 days 00:16:25.892000,2021-09-25 12:01:25.974,1,,False,,False,False
0 days 00:20:59.738000,HAM,44,0 days 00:01:51.319000,2.0,1.0,,,0 days 00:00:39.114000,0 days 00:00:38.268000,0 days 00:00:33.937000,0 days 00:19:47.533000,0 days 00:20:25.801000,0 days 00:20:59.738000,214.0,303.0,136.0,273.0,True,INTERMEDIATE,2.0,True,Mercedes,0 days 00:19:08.419000,2021-09-25 12:04:08.501,1,,False,,False,True
0 days 00:22:46.675000,HAM,44,0 days 00:01:46.937000,3.0,1.0,,,0 days 00:00:37.597000,0 days 00:00:36.971000,0 days 00:00:32.369000,0 days 00:21:37.335000,0 days 00:22:14.306000,0 days 00:22:46.675000,246.0,300.0,141.0,298.0,True,INTERMEDIATE,3.0,True,Mercedes,0 days 00:20:59.738000,2021-09-25 12:05:59.820,12,,False,,False,True
0 days 00:25:01.858000,HAM,44,0 days 00:02:15.183000,4.0,1.0,,,0 days 00:00:47.544000,0 days 00:00:52.512000,0 days 00:00:35.127000,0 days 00:23:34.219000,0 days 00:24:26.731000,0 days 00:25:01.858000,182.0,264.0,135.0,230.0,False,INTERMEDIATE,4.0,True,Mercedes,0 days 00:22:46.675000,2021-09-25 12:07:46.757,1,,False,,False,True
0 days 00:27:11.548000,HAM,44,0 days 00:02:09.690000,5.0,1.0,,,0 days 00:00:51.771000,0 days 00:00:42.107000,0 days 00:00:35.812000,0 days 00:25:53.629000,0 days 00:26:35.736000,0 days 00:27:11.548000,165.0,231.0,139.0,307.0,False,INTERMEDIATE,5.0,True,Mercedes,0 days 00:25:01.858000,2021-09-25 12:10:01.940,12,,True,TRACK LIMITS AT TURN 2,False,True
0 days 00:28:58.825000,HAM,44,0 days 00:01:47.277000,6.0,1.0,,,0 days 00:00:37.857000,0 days 00:00:36.901000,0 days 00:00:32.519000,0 days 00:27:49.405000,0 days 00:28:26.306000,0 days 00:28:58.825000,232.0,297.0,136.0,290.0,False,INTERMEDIATE,6.0,True,Mercedes,0 days 00:27:11.548000,2021-09-25 12:12:11.630,1,,False,,False,True
0 days 00:30:53.529000,HAM,44,0 days 00:01:54.704000,7.0,1.0,,,0 days 00:00:39.392000,0 days 00:00:39.081000,0 days 00:00:36.231000,0 days 00:29:38.217000,0 days 00:30:17.298000,0 days 00:30:53.529000,205.0,282.0,147.0,306.0,False,INTERMEDIATE,7.0,True,Mercedes,0 days 00:28:58.825000,2021-09-25 12:13:58.907,12,,False,,False,True
0 days 00:32:46.372000,HAM,44,0 days 00:01:52.843000,8.0,1.0,,,0 days 00:00:37.313000,0 days 00:00:37.599000,0 days 00:00:37.931000,0 days 00:31:30.842000,0 days 00:32:08.441000,0 days 00:32:46.372000,249.0,264.0,148.0,303.0,False,INTERMEDIATE,8.0,True,Mercedes,0 days 00:30:53.529000,2021-09-25 12:15:53.611,1,,False,,False,True
0 days 00:34:32.364000,HAM,44,0 days 00:01:45.992000,9.0,1.0,,,0 days 00:00:36.937000,0 days 00:00:36.679000,0 days 00:00:32.376000,0 days 00:33:23.309000,0 days 00:33:59.988000,0 days 00:34:32.364000,251.0,295.0,141.0,302.0,True,INTERMEDIATE,9.0,True,Mercedes,0 days 00:32:46.372000,2021-09-25 12:17:46.454,1,,False,,False,True
0 days 00:36:36.018000,HAM,44,0 days 00:02:03.654000,10.0,1.0,,0 days 00:36:27.006000,0 days 00:00:41.266000,0 days 00:00:41.457000,0 days 00:00:40.931000,0 days 00:35:13.630000,0 days 00:35:55.087000,0 days 00:36:36.018000,179.0,185.0,,233.0,False,INTERMEDIATE,10.0,True,Mercedes,0 days 00:34:32.364000,2021-09-25 12:19:32.446,1,,False,,False,False
0 days 00:43:57.470000,HAM,44,,11.0,2.0,0 days 00:41:38.851000,,,0 days 00:00:40.413000,0 days 00:00:53.185000,,0 days 00:43:04.354000,0 days 00:43:57.514000,173.0,272.0,122.0,210.0,False,INTERMEDIATE,1.0,True,Mercedes,0 days 00:36:36.018000,2021-09-25 12:21:36.100,1,,False,,False,False
0 days 00:45:43.566000,HAM,44,0 days 00:01:46.096000,12.0,2.0,,,0 days 00:00:37.915000,0 days 00:00:36.464000,0 days 00:00:31.717000,0 days 00:44:35.385000,0 days 00:45:11.849000,0 days 00:45:43.566000,244.0,288.0,146.0,277.0,True,INTERMEDIATE,2.0,True,Mercedes,0 days 00:43:57.470000,2021-09-25 12:28:57.552,1,,False,,False,True
0 days 00:47:36.550000,HAM,44,0 days 00:01:52.984000,13.0,2.0,,,0 days 00:00:37.618000,0 days 00:00:39.656000,0 days 00:00:35.710000,0 days 00:46:21.184000,0 days 00:47:00.840000,0 days 00:47:36.550000,205.0,274.0,146.0,301.0,False,INTERMEDIATE,3.0,True,Mercedes,0 days 00:45:43.566000,2021-09-25 12:30:43.648,1,,False,,False,True
0 days 00:49:21.956000,HAM,44,0 days 00:01:45.406000,14.0,2.0,,,0 days 00:00:36.976000,0 days 00:00:36.399000,0 days 00:00:32.031000,0 days 00:48:13.526000,0 days 00:48:49.925000,0 days 00:49:21.956000,250.0,299.0,138.0,305.0,True,INTERMEDIATE,4.0,True,Mercedes,0 days 00:47:36.550000,2021-09-25 12:32:36.632,12,,False,,False,True
0 days 00:51:16.183000,HAM,44,0 days 00:01:54.227000,15.0,2.0,,,0 days 00:00:41.091000,0 days 00:00:38.663000,0 days 00:00:34.473000,0 days 00:50:03.047000,0 days 00:50:41.710000,0 days 00:51:16.183000,208.0,280.0,152.0,231.0,False,INTERMEDIATE,5.0,True,Mercedes,0 days 00:49:21.956000,2021-09-25 12:34:22.038,1,,False,,False,True
0 days 00:53:12.010000,HAM,44,0 days 00:01:55.827000,16.0,2.0,,,0 days 00:00:37.279000,0 days 00:00:42.171000,0 days 00:00:36.377000,0 days 00:51:53.462000,0 days 00:52:35.633000,0 days 00:53:12.010000,247.0,203.0,152.0,299.0,False,INTERMEDIATE,6.0,True,Mercedes,0 days 00:51:16.183000,2021-09-25 12:36:16.265,1,,False,,False,True
0 days 00:54:57.139000,HAM,44,0 days 00:01:45.129000,17.0,2.0,,,0 days 00:00:37.094000,0 days 00:00:36.363000,0 days 00:00:31.672000,0 days 00:53:49.104000,0 days 00:54:25.467000,0 days 00:54:57.139000,255.0,297.0,139.0,298.0,True,INTERMEDIATE,7.0,True,Mercedes,0 days 00:53:12.010000,2021-09-25 12:38:12.092,1,,False,,False,True
0 days 00:56:57.079000,HAM,44,0 days 00:01:59.940000,18.0,2.0,,0 days 00:56:48.164000,0 days 00:00:39.356000,0 days 00:00:39.429000,0 days 00:00:41.155000,0 days 00:55:36.495000,0 days 00:56:15.924000,0 days 00:56:57.079000,199.0,227.0,,298.0,False,INTERMEDIATE,8.0,True,Mercedes,0 days 00:54:57.139000,2021-09-25 12:39:57.221,1,,False,,False,False
0 days 01:05:20.870000,HAM,44,,19.0,3.0,0 days 01:03:20.017000,,,0 days 00:00:41.183000,0 days 00:00:37.147000,,0 days 01:04:43.770000,0 days 01:05:20.910000,176.0,249.0,152.0,212.0,False,INTERMEDIATE,1.0,True,Mercedes,0 days 00:56:57.079000,2021-09-25 12:41:57.161,1,,False,,False,False
0 days 01:07:04.920000,HAM,44,0 days 00:01:44.050000,20.0,3.0,,,0 days 00:00:36.938000,0 days 00:00:35.656000,0 days 00:00:31.456000,0 days 01:05:57.808000,0 days 01:06:33.464000,0 days 01:07:04.920000,255.0,297.0,142.0,301.0,True,INTERMEDIATE,2.0,True,Mercedes,0 days 01:05:20.870000,2021-09-25 12:50:20.952,1,,False,,False,True
0 days 01:09:12.325000,HAM,44,0 days 00:02:07.405000,21.0,3.0,,,0 days 00:00:48.177000,0 days 00:00:44.404000,0 days 00:00:34.824000,0 days 01:07:53.097000,0 days 01:08:37.501000,0 days 01:09:12.325000,166.0,260.0,153.0,229.0,False,INTERMEDIATE,3.0,True,Mercedes,0 days 01:07:04.920000,2021-09-25 12:52:05.002,1,,False,,False,True
0 days 01:11:04.011000,HAM,44,0 days 00:01:51.686000,22.0,3.0,,0 days 01:10:54.343000,0 days 00:00:36.281000,0 days 00:00:35.890000,0 days 00:00:39.515000,0 days 01:09:48.606000,0 days 01:10:24.496000,0 days 01:11:04.011000,263.0,298.0,,302.0,False,INTERMEDIATE,4.0,True,Mercedes,0 days 01:09:12.325000,2021-09-25 12:54:12.407,1,,False,,False,False
0 days 01:14:46.639000,HAM,44,,23.0,4.0,0 days 01:12:28.951000,,,0 days 00:00:48.462000,0 days 00:00:38.167000,,0 days 01:14:08.472000,0 days 01:14:46.693000,181.0,274.0,121.0,187.0,False,SOFT,1.0,True,Mercedes,0 days 01:11:04.011000,2021-09-25 12:56:04.093,1,,False,,False,False
0 days 01:16:45.173000,HAM,44,,24.0,4.0,,0 days 01:16:45.173000,0 days 00:00:37.716000,0 days 00:00:35.769000,,0 days 01:15:24.351000,0 days 01:16:00.115000,,254.0,298.0,,298.0,False,SOFT,2.0,True,Mercedes,0 days 01:14:46.639000,2021-09-25 12:59:46.721,12,,False,,False,False
0 days 00:18:54.155000,RIC,3,,1.0,1.0,0 days 00:16:10.110000,,,0 days 00:00:44.153000,0 days 00:01:11.280000,,0 days 00:17:42.971000,0 days 00:18:54.431000,202.0,253.0,110.0,201.0,False,INTERMEDIATE,1.0,True,McLaren,0 days 00:16:10.110000,2021-09-25 12:01:10.192,1,,False,,False,False
0 days 00:20:46.957000,RIC,3,0 days 00:01:52.802000,2.0,1.0,,,0 days 00:00:39.929000,0 days 00:00:39.014000,0 days 00:00:33.859000,0 days 00:19:34.084000,0 days 00:20:13.098000,0 days 00:20:46.957000,247.0,295.0,142.0,279.0,True,INTERMEDIATE,2.0,True,McLaren,0 days 00:18:54.155000,2021-09-25 12:03:54.237,1,,False,,False,True
0 days 00:23:14.145000,RIC,3,0 days 00:02:27.188000,3.0,1.0,,,0 days 00:00:50.773000,0 days 00:00:46.856000,0 days 00:00:49.559000,0 days 00:21:37.730000,0 days 00:22:24.586000,0 days 00:23:14.145000,85.0,279.0,126.0,240.0,False,INTERMEDIATE,3.0,True,McLaren,0 days 00:20:46.957000,2021-09-25 12:05:47.039,12,,False,,False,True
0 days 00:25:03.671000,RIC,3,0 days 00:01:49.526000,4.0,1.0,,,0 days 00:00:38.652000,0 days 00:00:37.842000,0 days 00:00:33.032000,0 days 00:23:52.797000,0 days 00:24:30.639000,0 days 00:25:03.671000,237.0,292.0,141.0,276.0,True,INTERMEDIATE,4.0,True,McLaren,0 days 00:23:14.145000,2021-09-25 12:08:14.227,1,,False,,False,True
0 days 00:27:09.954000,RIC,3,0 days 00:02:06.283000,5.0,1.0,,0 days 00:27:01.289000,0 days 00:00:42.542000,0 days 00:00:41.158000,0 days 00:00:42.583000,0 days 00:25:46.213000,0 days 00:26:27.371000,0 days 00:27:09.954000,219.0,279.0,,262.0,False,INTERMEDIATE,5.0,True,McLaren,0 days 00:25:03.671000,2021-09-25 12:10:03.753,12,,False,,False,False
0 days 00:29:50.508000,RIC,3,,6.0,2.0,0 days 00:27:39.474000,,0 days 00:01:14.318000,0 days 00:00:41.826000,0 days 00:00:44.370000,0 days 00:28:24.360000,0 days 00:29:06.180000,0 days 00:29:50.761000,214.0,274.0,133.0,246.0,False,INTERMEDIATE,1.0,True,McLaren,0 days 00:27:09.954000,2021-09-25 12:12:10.036,1,,False,,False,False
0 days 00:31:38.853000,RIC,3,0 days 00:01:48.345000,7.0,2.0,,,0 days 00:00:38.701000,0 days 00:00:37.336000,0 days 00:00:32.308000,0 days 00:30:29.209000,0 days 00:31:06.545000,0 days 00:31:38.853000,237.0,292.0,140.0,291.0,True,INTERMEDIATE,2.0,True,McLaren,0 days 00:29:50.508000,2021-09-25 12:14:50.590,12,,False,,False,True
0 days 00:34:01.479000,RIC,3,0 days 00:02:22.626000,8.0,2.0,,0 days 00:33:52.637000,0 days 00:00:53.945000,0 days 00:00:44.993000,0 days 00:00:43.688000,0 days 00:32:32.798000,0 days 00:33:17.791000,0 days 00:34:01.479000,205.0,262.0,,99.0,False,INTERMEDIATE,3.0,True,McLaren,0 days 00:31:38.853000,2021-09-25 12:16:38.935,1,,False,,False,False
0 days 00:43:43.972000,RIC,3,,9.0,3.0,0 days 00:41:24.932000,,,0 days 00:00:44.425000,0 days 00:00:49.840000,,0 days 00:42:54.312000,0 days 00:43:44.018000,210.0,276.0,132.0,241.0,False,INTERMEDIATE,1.0,True,McLaren,0 days 00:34:01.479000,2021-09-25 12:19:01.561,1,,False,,False,False
0 days 00:45:31.514000,RIC,3,0 days 00:01:47.542000,10.0,3.0,,,0 days 00:00:38.129000,0 days 00:00:37.033000,0 days 00:00:32.380000,0 days 00:44:22.101000,0 days 00:44:59.134000,0 days 00:45:31.514000,252.0,288.0,139.0,285.0,True,INTERMEDIATE,2.0,True,McLaren,0 days 00:43:43.972000,2021-09-25 12:28:44.054,1,,False,,False,True
0 days 00:47:50.368000,RIC,3,0 days 00:02:18.854000,11.0,3.0,,,0 days 00:00:44.542000,0 days 00:00:47.293000,0 days 00:00:47.019000,0 days 00:46:16.056000,0 days 00:47:03.349000,0 days 00:47:50.368000,199.0,261.0,140.0,256.0,False,INTERMEDIATE,3.0,True,McLaren,0 days 00:45:31.514000,2021-09-25 12:30:31.596,1,,False,,False,True
0 days 00:49:56.011000,RIC,3,0 days 00:02:05.643000,12.0,3.0,,,0 days 00:00:47.299000,0 days 00:00:42.511000,0 days 00:00:35.833000,0 days 00:48:37.667000,0 days 00:49:20.178000,0 days 00:49:56.011000,86.0,276.0,147.0,288.0,False,INTERMEDIATE,4.0,True,McLaren,0 days 00:47:50.368000,2021-09-25 12:32:50.450,12,,False,,False,True
0 days 00:51:42.987000,RIC,3,0 days 00:01:46.976000,13.0,3.0,,,0 days 00:00:37.846000,0 days 00:00:36.914000,0 days 00:00:32.216000,0 days 00:50:33.857000,0 days 00:51:10.771000,0 days 00:51:42.987000,244.0,289.0,143.0,286.0,True,INTERMEDIATE,5.0,True,McLaren,0 days 00:49:56.011000,2021-09-25 12:34:56.093,1,,False,,False,True
0 days 00:53:56.977000,RIC,3,0 days 00:02:13.990000,14.0,3.0,,,0 days 00:00:50.103000,0 days 00:00:47.503000,0 days 00:00:36.384000,0 days 00:52:33.090000,0 days 00:53:20.593000,0 days 00:53:56.977000,153.0,267.0,151.0,253.0,False,INTERMEDIATE,6.0,True,McLaren,0 days 00:51:42.987000,2021-09-25 12:36:43.069,1,,False,,False,True
0 days 00:55:43.338000,RIC,3,0 days 00:01:46.361000,15.0,3.0,,,0 days 00:00:37.713000,0 days 00:00:36.599000,0 days 00:00:32.049000,0 days 00:54:34.690000,0 days 00:55:11.289000,0 days 00:55:43.338000,246.0,293.0,136.0,286.0,True,INTERMEDIATE,7.0,True,McLaren,0 days 00:53:56.977000,2021-09-25 12:38:57.059,1,,False,,False,True
0 days 00:57:54.726000,RIC,3,0 days 00:02:11.388000,16.0,3.0,,0 days 00:57:45.782000,0 days 00:00:46.652000,0 days 00:00:41.991000,0 days 00:00:42.745000,0 days 00:56:29.990000,0 days 00:57:11.981000,0 days 00:57:54.726000,223.0,275.0,,266.0,False,INTERMEDIATE,8.0,True,McLaren,0 days 00:55:43.338000,2021-09-25 12:40:43.420,1,,False,,False,False
0 days 01:05:57.763000,RIC,3,,17.0,4.0,0 days 01:03:38.860000,,,0 days 00:00:47.190000,0 days 00:00:39.314000,,0 days 01:05:18.464000,0 days 01:05:57.873000,195.0,146.0,142.0,248.0,False,INTERMEDIATE,1.0,True,McLaren,0 days 00:57:54.726000,2021-09-25 12:42:54.808,1,,False,,False,False
0 days 01:07:43.831000,RIC,3,0 days 00:01:46.068000,18.0,4.0,,,0 days 00:00:37.550000,0 days 00:00:36.633000,0 days 00:00:31.885000,0 days 01:06:35.313000,0 days 01:07:11.946000,0 days 01:07:43.831000,250.0,288.0,143.0,289.0,True,INTERMEDIATE,2.0,True,McLaren,0 days 01:05:57.763000,2021-09-25 12:50:57.845,1,,False,,False,True
0 days 01:10:00.734000,RIC,3,0 days 00:02:16.903000,19.0,4.0,,0 days 01:09:52.090000,0 days 00:00:52.714000,0 days 00:00:44.657000,0 days 00:00:39.532000,0 days 01:08:36.545000,0 days 01:09:21.202000,0 days 01:10:00.734000,91.0,275.0,,234.0,False,INTERMEDIATE,3.0,True,McLaren,0 days 01:07:43.831000,2021-09-25 12:52:43.913,1,,False,,False,False
0 days 01:12:31.071000,RIC,3,,20.0,5.0,0 days 01:10:24.680000,,0 days 00:01:10.974000,0 days 00:00:41.202000,0 days 00:00:38.128000,0 days 01:11:11.771000,0 days 01:11:52.958000,0 days 01:12:31.081000,208.0,274.0,123.0,190.0,False,SOFT,1.0,True,McLaren,0 days 01:10:00.734000,2021-09-25 12:55:00.816,1,,False,,False,False
0 days 01:14:22.975000,RIC,3,0 days 00:01:51.904000,21.0,5.0,,,0 days 00:00:39.152000,0 days 00:00:37.536000,0 days 00:00:35.216000,0 days 01:13:10.223000,0 days 01:13:47.759000,0 days 01:14:22.975000,236.0,269.0,137.0,243.0,False,SOFT,2.0,True,McLaren,0 days 01:12:31.071000,2021-09-25 12:57:31.153,1,,False,,False,True
0 days 01:16:07.131000,RIC,3,0 days 00:01:44.156000,22.0,5.0,,,0 days 00:00:37.170000,0 days 00:00:35.062000,0 days 00:00:31.924000,0 days 01:15:00.145000,0 days 01:15:35.207000,0 days 01:16:07.131000,260.0,293.0,145.0,287.0,True,SOFT,3.0,True,McLaren,0 days 01:14:22.975000,2021-09-25 12:59:23.057,1,,False,,False,True
0 days 01:18:13.645000,RIC,3,,23.0,5.0,,0 days 01:18:13.645000,0 days 00:00:45.746000,0 days 00:00:41.292000,,0 days 01:16:52.858000,0 days 01:17:34.171000,,218.0,280.0,,211.0,False,SOFT,4.0,True,McLaren,0 days 01:16:07.131000,2021-09-25 13:01:07.213,12,,False,,False,False
0 days 00:18:04.063000,ALO,14,,1.0,1.0,0 days 00:15:13.828000,,,0 days 00:00:47.642000,0 days 00:00:59.060000,,0 days 00:17:05.032000,0 days 00:18:04.240000,153.0,184.0,122.0,165.0,False,WET,1.0,True,Alpine,0 days 00:15:13.828000,2021-09-25 12:00:13.910,1,,False,,False,False
0 days 00:20:02.558000,ALO,14,0 days 00:01:58.495000,2.0,1.0,,,0 days 00:00:41.305000,0 days 00:00:40.267000,0 days 00:00:36.923000,0 days 00:18:45.368000,0 days 00:19:25.635000,0 days 00:20:02.558000,218.0,292.0,127.0,253.0,True,WET,2.0,True,Alpine,0 days 00:18:04.063000,2021-09-25 12:03:04.145,1,,False,,False,True
0 days 00:22:07.847000,ALO,14,0 days 00:02:05.289000,3.0,1.0,,0 days 00:21:59.218000,0 days 00:00:40.335000,0 days 00:00:40.001000,0 days 00:00:44.953000,0 days 00:20:42.893000,0 days 00:21:22.894000,0 days 00:22:07.847000,233.0,283.0,,269.0,False,WET,3.0,True,Alpine,0 days 00:20:02.558000,2021-09-25 12:05:02.640,12,,False,,False,False
0 days 00:24:38.491000,ALO,14,,4.0,2.0,0 days 00:22:31.688000,,0 days 00:01:05.526000,0 days 00:00:44.643000,0 days 00:00:40.518000,0 days 00:23:13.398000,0 days 00:23:58.026000,0 days 00:24:38.759000,214.0,237.0,137.0,235.0,False,INTERMEDIATE,1.0,True,Alpine,0 days 00:22:07.847000,2021-09-25 12:07:07.929,1,,False,,False,False
0 days 00:26:28.480000,ALO,14,0 days 00:01:49.989000,5.0,2.0,,,0 days 00:00:38.605000,0 days 00:00:37.828000,0 days 00:00:33.556000,0 days 00:25:17.096000,0 days 00:25:54.924000,0 days 00:26:28.480000,244.0,293.0,144.0,288.0,True,INTERMEDIATE,2.0,True,Alpine,0 days 00:24:38.491000,2021-09-25 12:09:38.573,1,,False,,False,True
0 days 00:28:16.470000,ALO,14,0 days 00:01:47.990000,6.0,2.0,,,0 days 00:00:38.067000,0 days 00:00:37.327000,0 days 00:00:32.596000,0 days 00:27:06.547000,0 days 00:27:43.874000,0 days 00:28:16.470000,249.0,296.0,142.0,290.0,True,INTERMEDIATE,3.0,True,Alpine,0 days 00:26:28.480000,2021-09-25 12:11:28.562,12,,False,,False,True
0 days 00:30:33.374000,ALO,14,0 days 00:02:16.904000,7.0,2.0,,,0 days 00:00:48.681000,0 days 00:00:47.468000,0 days 00:00:40.755000,0 days 00:29:05.151000,0 days 00:29:52.619000,0 days 00:30:33.374000,189.0,178.0,138.0,209.0,False,INTERMEDIATE,4.0,True,Alpine,0 days 00:28:16.470000,2021-09-25 12:13:16.552,12,,False,,False,True
0 days 00:32:41.665000,ALO,14,0 days 00:02:08.291000,8.0,2.0,,,0 days 00:00:38.173000,0 days 00:00:40.801000,0 days 00:00:49.317000,0 days 00:31:11.547000,0 days 00:31:52.348000,0 days 00:32:41.665000,247.0,182.0,141.0,290.0,False,INTERMEDIATE,5.0,True,Alpine,0 days 00:30:33.374000,2021-09-25 12:15:33.456,21,,False,,False,True
0 days 00:34:29.542000,ALO,14,0 days 00:01:47.877000,9.0,2.0,,,0 days 00:00:37.961000,0 days 00:00:37.301000,0 days 00:00:32.615000,0 days 00:33:19.626000,0 days 00:33:56.927000,0 days 00:34:29.542000,247.0,295.0,137.0,289.0,True,INTERMEDIATE,6.0,True,Alpine,0 days 00:32:41.665000,2021-09-25 12:17:41.747,1,,False,,False,True
0 days 00:36:47.452000,ALO,14,0 days 00:02:17.910000,10.0,2.0,,0 days 00:36:38.514000,0 days 00:00:47.918000,0 days 00:00:43.827000,0 days 00:00:46.165000,0 days 00:35:17.460000,0 days 00:36:01.287000,0 days 00:36:47.452000,182.0,228.0,,206.0,False,INTERMEDIATE,7.0,True,Alpine,0 days 00:34:29.542000,2021-09-25 12:19:29.624,1,,False,,False,False
0 days 00:43:31.455000,ALO,14,,11.0,3.0,0 days 00:41:08.106000,,,0 days 00:00:45.960000,0 days 00:00:48.041000,,0 days 00:42:43.447000,0 days 00:43:31.495000,190.0,236.0,139.0,212.0,False,INTERMEDIATE,1.0,True,Alpine,0 days 00:36:47.452000,2021-09-25 12:21:47.534,1,,False,,False,False
0 days 00:45:19.046000,ALO,14,0 days 00:01:47.591000,12.0,3.0,,,0 days 00:00:38.123000,0 days 00:00:37.156000,0 days 00:00:32.312000,0 days 00:44:09.578000,0 days 00:44:46.734000,0 days 00:45:19.046000,247.0,293.0,143.0,289.0,True,INTERMEDIATE,2.0,True,Alpine,0 days 00:43:31.455000,2021-09-25 12:28:31.537,1,,False,,False,True
0 days 00:47:33.207000,ALO,14,0 days 00:02:14.161000,13.0,3.0,,,0 days 00:00:48.101000,0 days 00:00:46.550000,0 days 00:00:39.510000,0 days 00:46:07.147000,0 days 00:46:53.697000,0 days 00:47:33.207000,195.0,173.0,141.0,220.0,False,INTERMEDIATE,3.0,True,Alpine,0 days 00:45:19.046000,2021-09-25 12:30:19.128,1,,False,,False,True
0 days 00:49:19.628000,ALO,14,0 days 00:01:46.421000,14.0,3.0,,,0 days 00:00:37.790000,0 days 00:00:36.704000,0 days 00:00:31.927000,0 days 00:48:10.997000,0 days 00:48:47.701000,0 days 00:49:19.628000,252.0,293.0,142.0,289.0,True,INTERMEDIATE,4.0,True,Alpine,0 days 00:47:33.207000,2021-09-25 12:32:33.289,12,,False,,False,True
0 days 00:51:36.245000,ALO,14,0 days 00:02:16.617000,15.0,3.0,,0 days 00:51:27.812000,0 days 00:00:45.350000,0 days 00:00:46.039000,0 days 00:00:45.228000,0 days 00:50:04.978000,0 days 00:50:51.017000,0 days 00:51:36.245000,193.0,243.0,,229.0,False,INTERMEDIATE,5.0,True,Alpine,0 days 00:49:19.628000,2021-09-25 12:34:19.710,1,,False,,False,False
0 days 00:54:18.293000,ALO,14,,16.0,4.0,0 days 00:52:00.355000,,0 days 00:01:07.863000,0 days 00:00:45.690000,0 days 00:00:48.504000,0 days 00:52:44.155000,0 days 00:53:29.866000,0 days 00:54:18.341000,212.0,112.0,147.0,191.0,False,INTERMEDIATE,1.0,True,Alpine,0 days 00:51:36.245000,2021-09-25 12:36:36.327,1,,False,,False,False
0 days 00:56:03.807000,ALO,14,0 days 00:01:45.514000,17.0,4.0,,,0 days 00:00:37.455000,0 days 00:00:36.273000,0 days 00:00:31.786000,0 days 00:54:55.748000,0 days 00:55:32.021000,0 days 00:56:03.807000,252.0,298.0,144.0,290.0,True,INTERMEDIATE,2.0,True,Alpine,0 days 00:54:18.293000,2021-09-25 12:39:18.375,1,,False,,False,True
0 days 00:58:17.542000,ALO,14,0 days 00:02:13.735000,18.0,4.0,,0 days 00:58:08.657000,0 days 00:00:49.185000,0 days 00:00:41.417000,0 days 00:00:43.133000,0 days 00:56:52.992000,0 days 00:57:34.409000,0 days 00:58:17.542000,210.0,238.0,,208.0,False,INTERMEDIATE,3.0,True,Alpine,0 days 00:56:03.807000,2021-09-25 12:41:03.889,1,,False,,False,False
0 days 01:06:26.001000,ALO,14,,19.0,5.0,0 days 01:04:23.342000,,,0 days 00:00:41.534000,0 days 00:00:37.327000,,0 days 01:05:48.706000,0 days 01:06:26.022000,207.0,276.0,148.0,193.0,False,INTERMEDIATE,4.0,False,Alpine,0 days 00:58:17.542000,2021-09-25 12:43:17.624,1,,False,,False,False
0 days 01:08:11.278000,ALO,14,0 days 00:01:45.277000,20.0,5.0,,,0 days 00:00:37.363000,0 days 00:00:36.025000,0 days 00:00:31.889000,0 days 01:07:03.364000,0 days 01:07:39.389000,0 days 01:08:11.278000,256.0,293.0,140.0,290.0,True,INTERMEDIATE,5.0,False,Alpine,0 days 01:06:26.001000,2021-09-25 12:51:26.083,1,,False,,False,True
0 days 01:10:15.040000,ALO,14,0 days 00:02:03.762000,21.0,5.0,,0 days 01:10:06.692000,0 days 00:00:44.863000,0 days 00:00:41.135000,0 days 00:00:37.764000,0 days 01:08:56.141000,0 days 01:09:37.276000,0 days 01:10:15.040000,202.0,274.0,,193.0,False,INTERMEDIATE,6.0,False,Alpine,0 days 01:08:11.278000,2021-09-25 12:53:11.360,1,,False,,False,False
0 days 01:12:44.019000,ALO,14,0 days 00:02:28.979000,22.0,6.0,0 days 01:10:42.432000,,0 days 00:01:11.278000,0 days 00:00:40.535000,0 days 00:00:37.166000,0 days 01:11:26.318000,0 days 01:12:06.853000,0 days 01:12:44.019000,209.0,279.0,127.0,222.0,False,SOFT,1.0,True,Alpine,0 days 01:10:15.040000,2021-09-25 12:55:15.122,1,,False,,False,False
0 days 01:14:35.763000,ALO,14,0 days 00:01:51.744000,23.0,6.0,,,0 days 00:00:38.554000,0 days 00:00:36.739000,0 days 00:00:36.451000,0 days 01:13:22.573000,0 days 01:13:59.312000,0 days 01:14:35.763000,240.0,277.0,136.0,281.0,False,SOFT,2.0,True,Alpine,0 days 01:12:44.019000,2021-09-25 12:57:44.101,1,,False,,False,True
0 days 01:16:19.967000,ALO,14,0 days 00:01:44.204000,24.0,6.0,,,0 days 00:00:36.957000,0 days 00:00:35.133000,0 days 00:00:32.114000,0 days 01:15:12.720000,0 days 01:15:47.853000,0 days 01:16:19.967000,259.0,298.0,147.0,292.0,True,SOFT,3.0,True,Alpine,0 days 01:14:35.763000,2021-09-25 12:59:35.845,12,,False,,False,True
0 days 01:18:26.037000,ALO,14,,25.0,6.0,,0 days 01:18:26.037000,0 days 00:00:50.969000,0 days 00:00:40.133000,,0 days 01:17:10.957000,0 days 01:17:51.094000,,198.0,210.0,,160.0,False,SOFT,4.0,True,Alpine,0 days 01:16:19.967000,2021-09-25 13:01:20.049,21,,False,,False,False
0 days 00:19:03.985000,BOT,77,,1.0,1.0,0 days 00:16:24.280000,,,0 days 00:00:41.995000,0 days 00:01:14.659000,,0 days 00:17:49.409000,0 days 00:19:04.236000,171.0,187.0,120.0,207.0,False,INTERMEDIATE,1.0,True,Mercedes,0 days 00:16:24.280000,2021-09-25 12:01:24.362,1,,False,,False,False
0 days 00:20:55.276000,BOT,77,0 days 00:01:51.291000,2.0,1.0,,,0 days 00:00:39.554000,0 days 00:00:38.069000,0 days 00:00:33.668000,0 days 00:19:43.539000,0 days 00:20:21.608000,0 days 00:20:55.276000,238.0,301.0,151.0,282.0,True,INTERMEDIATE,2.0,True,Mercedes,0 days 00:19:03.985000,2021-09-25 12:04:04.067,1,,False,,False,True
0 days 00:22:43.376000,BOT,77,0 days 00:01:48.100000,3.0,1.0,,,0 days 00:00:37.865000,0 days 00:00:37.344000,0 days 00:00:32.891000,0 days 00:21:33.141000,0 days 00:22:10.485000,0 days 00:22:43.376000,250.0,290.0,147.0,291.0,True,INTERMEDIATE,3.0,True,Mercedes,0 days 00:20:55.276000,2021-09-25 12:05:55.358,12,,False,,False,True
0 days 00:24:56.574000,BOT,77,0 days 00:02:13.198000,4.0,1.0,,,0 days 00:00:45.288000,0 days 00:00:41.067000,0 days 00:00:46.843000,0 days 00:23:28.664000,0 days 00:24:09.731000,0 days 00:24:56.574000,196.0,282.0,138.0,199.0,False,INTERMEDIATE,4.0,True,Mercedes,0 days 00:22:43.376000,2021-09-25 12:07:43.458,1,,False,,False,True
0 days 00:27:28.879000,BOT,77,,5.0,1.0,,,0 days 00:00:45.288000,,0 days 00:00:41.032000,0 days 00:26:47.939000,,0 days 00:27:29.119000,196.0,282.0,142.0,302.0,False,INTERMEDIATE,5.0,True,Mercedes,0 days 00:24:56.574000,2021-09-25 12:09:56.656,12,,False,,False,False
0 days 00:29:16.234000,BOT,77,0 days 00:01:47.355000,6.0,1.0,,,0 days 00:00:38.115000,0 days 00:00:36.882000,0 days 00:00:32.358000,0 days 00:28:06.994000,0 days 00:28:43.876000,0 days 00:29:16.234000,251.0,289.0,156.0,293.0,True,INTERMEDIATE,6.0,True,Mercedes,0 days 00:27:28.879000,2021-09-25 12:12:28.961,1,,False,,False,True
0 days 00:31:02.630000,BOT,77,0 days 00:01:46.396000,7.0,1.0,,,0 days 00:00:37.561000,0 days 00:00:36.727000,0 days 00:00:32.108000,0 days 00:29:53.795000,0 days 00:30:30.522000,0 days 00:31:02.630000,258.0,293.0,151.0,300.0,True,INTERMEDIATE,7.0,True,Mercedes,0 days 00:29:16.234000,2021-09-25 12:14:16.316,12,,False,,False,True
0 days 00:32:57.446000,BOT,77,0 days 00:01:54.816000,8.0,1.0,,,0 days 00:00:37.551000,0 days 00:00:40.673000,0 days 00:00:36.592000,0 days 00:31:40.181000,0 days 00:32:20.854000,0 days 00:32:57.446000,250.0,235.0,153.0,298.0,False,INTERMEDIATE,8.0,True,Mercedes,0 days 00:31:02.630000,2021-09-25 12:16:02.712,1,,False,,False,True
0 days 00:35:04.582000,BOT,77,0 days 00:02:07.136000,9.0,1.0,,0 days 00:34:55.176000,0 days 00:00:37.533000,0 days 00:00:44.498000,0 days 00:00:45.105000,0 days 00:33:34.979000,0 days 00:34:19.477000,0 days 00:35:04.582000,260.0,265.0,,302.0,False,INTERMEDIATE,9.0,True,Mercedes,0 days 00:32:57.446000,2021-09-25 12:17:57.528,1,,False,,False,False
0 days 00:43:51.336000,BOT,77,,10.0,2.0,0 days 00:41:29.077000,,,0 days 00:00:43.192000,0 days 00:00:53.793000,,0 days 00:42:57.590000,0 days 00:43:51.371000,194.0,195.0,138.0,184.0,False,INTERMEDIATE,1.0,True,Mercedes,0 days 00:35:04.582000,2021-09-25 12:20:04.664,1,,False,,False,False
0 days 00:45:53.872000,BOT,77,0 days 00:02:02.536000,11.0,2.0,,,0 days 00:00:48.522000,0 days 00:00:39.895000,0 days 00:00:34.119000,0 days 00:44:39.858000,0 days 00:45:19.753000,0 days 00:45:53.872000,202.0,279.0,146.0,299.0,False,INTERMEDIATE,2.0,True,Mercedes,0 days 00:43:51.336000,2021-09-25 12:28:51.418,1,,True,TRACK LIMITS AT TURN 2,False,True
0 days 00:47:39.378000,BOT,77,0 days 00:01:45.506000,12.0,2.0,,,0 days 00:00:37.380000,0 days 00:00:36.301000,0 days 00:00:31.825000,0 days 00:46:31.252000,0 days 00:47:07.553000,0 days 00:47:39.378000,251.0,298.0,148.0,296.0,True,INTERMEDIATE,3.0,True,Mercedes,0 days 00:45:53.872000,2021-09-25 12:30:53.954,1,,False,,False,True
0 days 00:50:02.149000,BOT,77,0 days 00:02:22.771000,13.0,2.0,,,0 days 00:01:02.430000,0 days 00:00:42.100000,0 days 00:00:38.241000,0 days 00:48:41.808000,0 days 00:49:23.908000,0 days 00:50:02.149000,176.0,275.0,148.0,103.0,False,INTERMEDIATE,4.0,True,Mercedes,0 days 00:47:39.378000,2021-09-25 12:32:39.460,12,,False,,False,True
0 days 00:51:54.516000,BOT,77,0 days 00:01:52.367000,14.0,2.0,,,0 days 00:00:37.384000,0 days 00:00:37.436000,0 days 00:00:37.547000,0 days 00:50:39.533000,0 days 00:51:16.969000,0 days 00:51:54.516000,257.0,267.0,145.0,300.0,False,INTERMEDIATE,5.0,True,Mercedes,0 days 00:50:02.149000,2021-09-25 12:35:02.231,1,,False,,False,True
0 days 00:54:11.846000,BOT,77,0 days 00:02:17.330000,15.0,2.0,,,0 days 00:00:37.473000,0 days 00:00:50.474000,0 days 00:00:49.383000,0 days 00:52:31.989000,0 days 00:53:22.463000,0 days 00:54:11.846000,259.0,257.0,146.0,300.0,False,INTERMEDIATE,6.0,True,Mercedes,0 days 00:51:54.516000,2021-09-25 12:36:54.598,1,,False,,False,True
0 days 00:55:57.152000,BOT,77,0 days 00:01:45.306000,16.0,2.0,,,0 days 00:00:37.443000,0 days 00:00:35.932000,0 days 00:00:31.931000,0 days 00:54:49.289000,0 days 00:55:25.221000,0 days 00:55:57.152000,257.0,298.0,144.0,299.0,True,INTERMEDIATE,7.0,True,Mercedes,0 days 00:54:11.846000,2021-09-25 12:39:11.928,1,,False,,False,True
0 days 00:58:09.246000,BOT,77,0 days 00:02:12.094000,17.0,2.0,,0 days 00:57:59.839000,0 days 00:00:46.268000,0 days 00:00:44.241000,0 days 00:00:41.585000,0 days 00:56:43.420000,0 days 00:57:27.661000,0 days 00:58:09.246000,158.0,263.0,,236.0,False,INTERMEDIATE,8.0,True,Mercedes,0 days 00:55:57.152000,2021-09-25 12:40:57.234,1,,False,,False,False
0 days 01:05:15.491000,BOT,77,,18.0,3.0,0 days 01:03:16.522000,,,0 days 00:00:40.493000,0 days 00:00:34.724000,,0 days 01:04:40.816000,0 days 01:05:15.491000,195.0,277.0,149.0,203.0,False,INTERMEDIATE,1.0,True,Mercedes,0 days 00:58:09.246000,2021-09-25 12:43:09.328,1,,False,,False,False
0 days 01:07:00.201000,BOT,77,0 days 00:01:44.710000,19.0,3.0,,,0 days 00:00:37.148000,0 days 00:00:36.008000,0 days 00:00:31.554000,0 days 01:05:52.639000,0 days 01:06:28.647000,0 days 01:07:00.201000,258.0,294.0,146.0,297.0,True,INTERMEDIATE,2.0,True,Mercedes,0 days 01:05:15.491000,2021-09-25 12:50:15.573,1,,False,,False,True
0 days 01:09:17.289000,BOT,77,0 days 00:02:17.088000,20.0,3.0,,,0 days 00:00:50.908000,0 days 00:00:49.140000,0 days 00:00:37.040000,0 days 01:07:51.109000,0 days 01:08:40.249000,0 days 01:09:17.289000,88.0,276.0,149.0,210.0,False,INTERMEDIATE,3.0,True,Mercedes,0 days 01:07:00.201000,2021-09-25 12:52:00.283,1,,False,,False,True
0 days 01:11:11.737000,BOT,77,0 days 00:01:54.448000,21.0,3.0,,0 days 01:11:01.549000,0 days 00:00:36.847000,0 days 00:00:36.083000,0 days 00:00:41.518000,0 days 01:09:54.136000,0 days 01:10:30.219000,0 days 01:11:11.737000,259.0,297.0,,300.0,False,INTERMEDIATE,4.0,True,Mercedes,0 days 01:09:17.289000,2021-09-25 12:54:17.371,1,,False,,False,False
0 days 01:14:15.933000,BOT,77,,22.0,4.0,0 days 01:12:10.444000,,,0 days 00:00:43.727000,0 days 00:00:38.028000,,0 days 01:13:37.929000,0 days 01:14:15.955000,204.0,253.0,133.0,214.0,False,SOFT,1.0,True,Mercedes,0 days 01:11:11.737000,2021-09-25 12:56:11.819,1,,False,,False,False
0 days 01:16:03.058000,BOT,77,0 days 00:01:47.125000,23.0,4.0,,,0 days 00:00:37.782000,0 days 00:00:36.463000,0 days 00:00:32.880000,0 days 01:14:53.715000,0 days 01:15:30.178000,0 days 01:16:03.058000,229.0,296.0,136.0,277.0,False,SOFT,2.0,True,Mercedes,0 days 01:14:15.933000,2021-09-25 12:59:16.015,1,,False,,False,True
0 days 01:18:09.475000,BOT,77,,24.0,4.0,,0 days 01:18:09.475000,0 days 00:00:48.007000,0 days 00:00:40.560000,,0 days 01:16:51.079000,0 days 01:17:31.629000,,206.0,239.0,,185.0,False,SOFT,3.0,True,Mercedes,0 days 01:16:03.058000,2021-09-25 13:01:03.140,12,,False,,False,False
0 days 00:19:13.163000,STR,18,,1.0,1.0,0 days 00:16:27.836000,,,0 days 00:00:43.313000,0 days 00:01:11.197000,,0 days 00:18:01.998000,0 days 00:19:13.377000,206.0,279.0,122.0,184.0,False,INTERMEDIATE,1.0,True,Aston Martin,0 days 00:16:27.836000,2021-09-25 12:01:27.918,1,,False,,False,False
0 days 00:21:04.299000,STR,18,0 days 00:01:51.136000,2.0,1.0,,,0 days 00:00:39.158000,0 days 00:00:38.349000,0 days 00:00:33.629000,0 days 00:19:52.321000,0 days 00:20:30.670000,0 days 00:21:04.299000,241.0,293.0,142.0,272.0,True,INTERMEDIATE,2.0,True,Aston Martin,0 days 00:19:13.163000,2021-09-25 12:04:13.245,1,,False,,False,True
0 days 00:22:53.333000,STR,18,0 days 00:01:49.034000,3.0,1.0,,,0 days 00:00:37.964000,0 days 00:00:37.713000,0 days 00:00:33.357000,0 days 00:21:42.263000,0 days 00:22:19.976000,0 days 00:22:53.333000,244.0,293.0,139.0,291.0,True,INTERMEDIATE,3.0,True,Aston Martin,0 days 00:21:04.299000,2021-09-25 12:06:04.381,12,,False,,False,True
0 days 00:25:14.830000,STR,18,0 days 00:02:21.497000,4.0,1.0,,,0 days 00:00:50.173000,0 days 00:00:55.717000,0 days 00:00:35.607000,0 days 00:23:43.506000,0 days 00:24:39.223000,0 days 00:25:14.830000,171.0,270.0,144.0,210.0,False,INTERMEDIATE,4.0,True,Aston Martin,0 days 00:22:53.333000,2021-09-25 12:07:53.415,1,,False,,False,True
0 days 00:27:25.728000,STR,18,0 days 00:02:10.898000,5.0,1.0,,0 days 00:27:17.247000,0 days 00:00:37.900000,0 days 00:00:53.203000,0 days 00:00:39.795000,0 days 00:25:52.730000,0 days 00:26:45.933000,0 days 00:27:25.728000,253.0,266.0,,298.0,False,INTERMEDIATE,5.0,True,Aston Martin,0 days 00:25:14.830000,2021-09-25 12:10:14.912,12,,False,,False,False
0 days 00:29:55.894000,STR,18,,6.0,2.0,0 days 00:27:47.926000,,0 days 00:01:00.803000,0 days 00:00:39.975000,0 days 00:00:49.367000,0 days 00:28:26.602000,0 days 00:29:06.542000,0 days 00:29:56.113000,188.0,288.0,138.0,261.0,False,INTERMEDIATE,1.0,True,Aston Martin,0 days 00:27:25.728000,2021-09-25 12:12:25.810,1,,False,,False,False
0 days 00:31:44.216000,STR,18,0 days 00:01:48.322000,7.0,2.0,,,0 days 00:00:37.886000,0 days 00:00:37.481000,0 days 00:00:32.955000,0 days 00:30:33.780000,0 days 00:31:11.261000,0 days 00:31:44.216000,239.0,290.0,138.0,298.0,True,INTERMEDIATE,2.0,True,Aston Martin,0 days 00:29:55.894000,2021-09-25 12:14:55.976,12,,False,,False,True
0 days 00:33:33.295000,STR,18,0 days 00:01:49.079000,8.0,2.0,,,0 days 00:00:39.121000,0 days 00:00:37.502000,0 days 00:00:32.456000,0 days 00:32:23.337000,0 days 00:33:00.839000,0 days 00:33:33.295000,243.0,287.0,135.0,297.0,False,INTERMEDIATE,3.0,True,Aston Martin,0 days 00:31:44.216000,2021-09-25 12:16:44.298,1,,False,,False,True
0 days 00:35:38.096000,STR,18,0 days 00:02:04.801000,9.0,2.0,,0 days 00:35:29.442000,0 days 00:00:42.798000,0 days 00:00:42.001000,0 days 00:00:40.002000,0 days 00:34:16.093000,0 days 00:34:58.094000,0 days 00:35:38.096000,192.0,280.0,,232.0,False,INTERMEDIATE,4.0,True,Aston Martin,0 days 00:33:33.295000,2021-09-25 12:18:33.377,1,,False,,False,False
0 days 00:42:54.161000,STR,18,,10.0,3.0,0 days 00:40:58.559000,,,0 days 00:00:39.027000,0 days 00:00:37.462000,,0 days 00:42:16.777000,0 days 00:42:54.312000,227.0,208.0,146.0,243.0,False,INTERMEDIATE,1.0,True,Aston Martin,0 days 00:35:38.096000,2021-09-25 12:20:38.178,1,,False,,False,False
0 days 00:44:41.275000,STR,18,0 days 00:01:47.114000,11.0,3.0,,,0 days 00:00:37.700000,0 days 00:00:36.812000,0 days 00:00:32.602000,0 days 00:43:31.861000,0 days 00:44:08.673000,0 days 00:44:41.275000,251.0,287.0,138.0,298.0,True,INTERMEDIATE,2.0,True,Aston Martin,0 days 00:42:54.161000,2021-09-25 12:27:54.243,1,,False,,False,True
0 days 00:46:57.025000,STR,18,0 days 00:02:15.750000,12.0,3.0,,,0 days 00:00:47.903000,0 days 00:00:50.537000,0 days 00:00:37.310000,0 days 00:45:29.178000,0 days 00:46:19.715000,0 days 00:46:57.025000,167.0,109.0,147.0,201.0,False,INTERMEDIATE,3.0,True,Aston Martin,0 days 00:44:41.275000,2021-09-25 12:29:41.357,1,,False,,False,True
0 days 00:48:43.464000,STR,18,0 days 00:01:46.439000,13.0,3.0,,,0 days 00:00:37.386000,0 days 00:00:36.947000,0 days 00:00:32.106000,0 days 00:47:34.411000,0 days 00:48:11.358000,0 days 00:48:43.464000,255.0,289.0,137.0,297.0,True,INTERMEDIATE,4.0,True,Aston Martin,0 days 00:46:57.025000,2021-09-25 12:31:57.107,12,,False,,False,True
0 days 00:51:01.921000,STR,18,0 days 00:02:18.457000,14.0,3.0,,,0 days 00:00:50.124000,0 days 00:00:50.251000,0 days 00:00:38.082000,0 days 00:49:33.588000,0 days 00:50:23.839000,0 days 00:51:01.921000,148.0,266.0,150.0,240.0,False,INTERMEDIATE,5.0,True,Aston Martin,0 days 00:48:43.464000,2021-09-25 12:33:43.546,1,,False,,False,True
0 days 00:52:48.281000,STR,18,0 days 00:01:46.360000,15.0,3.0,,,0 days 00:00:37.469000,0 days 00:00:36.762000,0 days 00:00:32.129000,0 days 00:51:39.390000,0 days 00:52:16.152000,0 days 00:52:48.281000,253.0,291.0,136.0,296.0,True,INTERMEDIATE,6.0,True,Aston Martin,0 days 00:51:01.921000,2021-09-25 12:36:02.003,1,,False,,False,True
0 days 01:03:34.766000,STR,18,,16.0,3.0,,0 days 00:54:39.991000,0 days 00:00:38.435000,0 days 00:00:38.347000,,0 days 00:53:26.738000,0 days 00:54:05.195000,,251.0,270.0,,276.0,False,INTERMEDIATE,7.0,True,Aston Martin,0 days 00:52:48.281000,2021-09-25 12:37:48.363,1,,False,,False,False
0 days 01:05:38.812000,STR,18,,17.0,4.0,0 days 01:03:34.653000,,,0 days 00:00:39.429000,0 days 00:00:41.340000,,0 days 01:04:57.537000,0 days 01:05:38.893000,201.0,283.0,156.0,197.0,False,INTERMEDIATE,1.0,True,Aston Martin,0 days 01:03:34.766000,2021-09-25 12:48:34.848,1,,False,,False,False
0 days 01:07:24.227000,STR,18,0 days 00:01:45.415000,18.0,4.0,,,0 days 00:00:36.936000,0 days 00:00:36.231000,0 days 00:00:32.248000,0 days 01:06:15.748000,0 days 01:06:51.979000,0 days 01:07:24.227000,257.0,297.0,136.0,298.0,True,INTERMEDIATE,2.0,True,Aston Martin,0 days 01:05:38.812000,2021-09-25 12:50:38.894,1,,False,,False,True
0 days 01:09:25.830000,STR,18,0 days 00:02:01.603000,19.0,4.0,,0 days 01:09:17.438000,0 days 00:00:41.612000,0 days 00:00:39.678000,0 days 00:00:40.313000,0 days 01:08:05.839000,0 days 01:08:45.517000,0 days 01:09:25.830000,211.0,282.0,,199.0,False,INTERMEDIATE,3.0,True,Aston Martin,0 days 01:07:24.227000,2021-09-25 12:52:24.309,1,,False,,False,False
0 days 01:11:55.662000,STR,18,0 days 00:02:29.832000,20.0,5.0,0 days 01:09:48.064000,,0 days 00:01:07.961000,0 days 00:00:42.822000,0 days 00:00:39.049000,0 days 01:10:33.791000,0 days 01:11:16.613000,0 days 01:11:55.662000,201.0,277.0,118.0,189.0,False,SOFT,1.0,True,Aston Martin,0 days 01:09:25.830000,2021-09-25 12:54:25.912,1,,False,,False,False
0 days 01:13:57.871000,STR,18,0 days 00:02:02.209000,21.0,5.0,,,0 days 00:00:40.367000,0 days 00:00:38.706000,0 days 00:00:43.136000,0 days 01:12:36.029000,0 days 01:13:14.735000,0 days 01:13:57.871000,224.0,292.0,132.0,281.0,False,SOFT,2.0,True,Aston Martin,0 days 01:11:55.662000,2021-09-25 12:56:55.744,1,,False,,False,True
0 days 01:15:42.827000,STR,18,0 days 00:01:44.956000,22.0,5.0,,,0 days 00:00:37.261000,0 days 00:00:35.410000,0 days 00:00:32.285000,0 days 01:14:35.132000,0 days 01:15:10.542000,0 days 01:15:42.827000,254.0,300.0,138.0,294.0,True,SOFT,3.0,True,Aston Martin,0 days 01:13:57.871000,2021-09-25 12:58:57.953,1,,False,,False,True
0 days 01:17:34.533000,STR,18,,23.0,5.0,,0 days 01:17:34.533000,0 days 00:00:40.163000,0 days 00:00:39.343000,,0 days 01:16:23.047000,0 days 01:17:02.372000,,223.0,278.0,,219.0,False,SOFT,4.0,True,Aston Martin,0 days 01:15:42.827000,2021-09-25 13:00:42.909,12,,False,,False,False
0 days 00:18:34.450000,PER,11,,1.0,1.0,0 days 00:15:51.273000,,,0 days 00:00:45.035000,0 days 00:01:13.954000,,0 days 00:17:20.601000,0 days 00:18:34.677000,205.0,96.0,108.0,225.0,False,INTERMEDIATE,1.0,True,Red Bull Racing,0 days 00:15:51.273000,2021-09-25 12:00:51.355,1,,False,,False,False
0 days 00:20:28.135000,PER,11,0 days 00:01:53.685000,2.0,1.0,,,0 days 00:00:40.328000,0 days 00:00:38.498000,0 days 00:00:34.859000,0 days 00:19:14.778000,0 days 00:19:53.276000,0 days 00:20:28.135000,236.0,300.0,141.0,253.0,True,INTERMEDIATE,2.0,True,Red Bull Racing,0 days 00:18:34.450000,2021-09-25 12:03:34.532,1,,False,,False,True
0 days 00:22:20.414000,PER,11,0 days 00:01:52.279000,3.0,1.0,,,0 days 00:00:38.471000,0 days 00:00:37.966000,0 days 00:00:35.842000,0 days 00:21:06.606000,0 days 00:21:44.572000,0 days 00:22:20.414000,235.0,302.0,118.0,284.0,True,INTERMEDIATE,3.0,True,Red Bull Racing,0 days 00:20:28.135000,2021-09-25 12:05:28.217,12,,False,,False,True
0 days 00:24:18.076000,PER,11,0 days 00:01:57.662000,4.0,1.0,,,0 days 00:00:38.240000,0 days 00:00:39.935000,0 days 00:00:39.487000,0 days 00:22:58.654000,0 days 00:23:38.589000,0 days 00:24:18.076000,241.0,268.0,141.0,275.0,False,INTERMEDIATE,4.0,True,Red Bull Racing,0 days 00:22:20.414000,2021-09-25 12:07:20.496,1,,False,,False,True
0 days 00:26:06.651000,PER,11,0 days 00:01:48.575000,5.0,1.0,,,0 days 00:00:37.743000,0 days 00:00:37.288000,0 days 00:00:33.544000,0 days 00:24:55.819000,0 days 00:25:33.107000,0 days 00:26:06.651000,249.0,301.0,137.0,285.0,True,INTERMEDIATE,5.0,True,Red Bull Racing,0 days 00:24:18.076000,2021-09-25 12:09:18.158,1,,False,,False,True
0 days 00:27:53.106000,PER,11,0 days 00:01:46.455000,6.0,1.0,,,0 days 00:00:37.453000,0 days 00:00:36.853000,0 days 00:00:32.149000,0 days 00:26:44.104000,0 days 00:27:20.957000,0 days 00:27:53.106000,252.0,296.0,144.0,297.0,True,INTERMEDIATE,6.0,True,Red Bull Racing,0 days 00:26:06.651000,2021-09-25 12:11:06.733,12,,False,,False,True
0 days 00:30:09.825000,PER,11,0 days 00:02:16.719000,7.0,1.0,,,0 days 00:00:44.878000,0 days 00:00:43.445000,0 days 00:00:48.396000,0 days 00:28:37.984000,0 days 00:29:21.429000,0 days 00:30:09.825000,184.0,272.0,145.0,217.0,False,INTERMEDIATE,7.0,True,Red Bull Racing,0 days 00:27:53.106000,2021-09-25 12:12:53.188,1,,False,,False,True
0 days 00:32:51.328000,PER,11,,8.0,1.0,,,0 days 00:00:59.344000,0 days 00:00:49.687000,0 days 00:00:52.464000,0 days 00:31:09.248000,0 days 00:31:58.864000,0 days 00:32:51.576000,205.0,275.0,115.0,301.0,False,INTERMEDIATE,8.0,True,Red Bull Racing,0 days 00:30:09.825000,2021-09-25 12:15:09.907,12,,False,,False,False
0 days 00:35:00.882000,PER,11,0 days 00:02:09.554000,9.0,1.0,,0 days 00:34:51.149000,0 days 00:00:42.699000,0 days 00:00:43.604000,0 days 00:00:43.251000,0 days 00:33:34.027000,0 days 00:34:17.631000,0 days 00:35:00.882000,129.0,271.0,,212.0,False,INTERMEDIATE,9.0,True,Red Bull Racing,0 days 00:32:51.328000,2021-09-25 12:17:51.410,1,,False,,False,False
0 days 00:44:12.841000,PER,11,,10.0,2.0,0 days 00:42:01.412000,,,0 days 00:00:46.382000,0 days 00:00:38.833000,,0 days 00:43:34.039000,0 days 00:44:12.891000,184.0,113.0,133.0,177.0,False,INTERMEDIATE,1.0,True,Red Bull Racing,0 days 00:35:00.882000,2021-09-25 12:20:00.964,1,,False,,False,False
0 days 00:45:59.966000,PER,11,0 days 00:01:47.125000,11.0,2.0,,,0 days 00:00:38.127000,0 days 00:00:36.951000,0 days 00:00:32.047000,0 days 00:44:50.968000,0 days 00:45:27.919000,0 days 00:45:59.966000,252.0,298.0,143.0,292.0,True,INTERMEDIATE,2.0,True,Red Bull Racing,0 days 00:44:12.841000,2021-09-25 12:29:12.923,1,,False,,False,True
0 days 00:47:59.831000,PER,11,0 days 00:01:59.865000,12.0,2.0,,,0 days 00:00:40.409000,0 days 00:00:41.962000,0 days 00:00:37.494000,0 days 00:46:40.375000,0 days 00:47:22.337000,0 days 00:47:59.831000,230.0,270.0,150.0,263.0,False,INTERMEDIATE,3.0,True,Red Bull Racing,0 days 00:45:59.966000,2021-09-25 12:31:00.048,1,,False,,False,True
0 days 00:49:46.355000,PER,11,0 days 00:01:46.524000,13.0,2.0,,,0 days 00:00:37.668000,0 days 00:00:36.951000,0 days 00:00:31.905000,0 days 00:48:37.499000,0 days 00:49:14.450000,0 days 00:49:46.355000,254.0,298.0,145.0,285.0,True,INTERMEDIATE,4.0,True,Red Bull Racing,0 days 00:47:59.831000,2021-09-25 12:32:59.913,12,,False,,False,True
0 days 00:52:00.373000,PER,11,0 days 00:02:14.018000,14.0,2.0,,,0 days 00:00:43.566000,0 days 00:00:47.575000,0 days 00:00:42.877000,0 days 00:50:29.921000,0 days 00:51:17.496000,0 days 00:52:00.373000,193.0,188.0,144.0,211.0,False,INTERMEDIATE,5.0,True,Red Bull Racing,0 days 00:49:46.355000,2021-09-25 12:34:46.437,1,,False,,False,True
0 days 00:53:46.207000,PER,11,0 days 00:01:45.834000,15.0,2.0,,,0 days 00:00:37.342000,0 days 00:00:36.540000,0 days 00:00:31.952000,0 days 00:52:37.715000,0 days 00:53:14.255000,0 days 00:53:46.207000,253.0,300.0,137.0,299.0,True,INTERMEDIATE,6.0,True,Red Bull Racing,0 days 00:52:00.373000,2021-09-25 12:37:00.455,1,,False,,False,True
0 days 00:55:33.939000,PER,11,0 days 00:01:47.732000,16.0,2.0,,,0 days 00:00:37.554000,0 days 00:00:37.768000,0 days 00:00:32.410000,0 days 00:54:23.761000,0 days 00:55:01.529000,0 days 00:55:33.939000,250.0,299.0,140.0,299.0,False,INTERMEDIATE,7.0,True,Red Bull Racing,0 days 00:53:46.207000,2021-09-25 12:38:46.289,1,,False,,False,True
0 days 00:57:37.586000,PER,11,0 days 00:02:03.647000,17.0,2.0,,0 days 00:57:28.526000,0 days 00:00:43.098000,0 days 00:00:41.069000,0 days 00:00:39.480000,0 days 00:56:17.037000,0 days 00:56:58.106000,0 days 00:57:37.586000,206.0,271.0,,224.0,False,INTERMEDIATE,8.0,True,Red Bull Racing,0 days 00:55:33.939000,2021-09-25 12:40:34.021,1,,False,,False,False
0 days 01:05:30.502000,PER,11,,18.0,3.0,0 days 01:03:30.151000,,,0 days 00:00:40.956000,0 days 00:00:36.621000,,0 days 01:04:53.925000,0 days 01:05:30.576000,221.0,280.0,142.0,230.0,False,INTERMEDIATE,1.0,True,Red Bull Racing,0 days 00:57:37.586000,2021-09-25 12:42:37.668,1,,False,,False,False
0 days 01:07:22.659000,PER,11,0 days 00:01:52.157000,19.0,3.0,,,0 days 00:00:39.520000,0 days 00:00:38.747000,0 days 00:00:33.890000,0 days 01:06:10.022000,0 days 01:06:48.769000,0 days 01:07:22.659000,212.0,273.0,148.0,304.0,True,INTERMEDIATE,2.0,True,Red Bull Racing,0 days 01:05:30.502000,2021-09-25 12:50:30.584,1,,False,,False,True
0 days 01:09:07.996000,PER,11,0 days 00:01:45.337000,20.0,3.0,,,0 days 00:00:37.106000,0 days 00:00:36.166000,0 days 00:00:32.065000,0 days 01:07:59.765000,0 days 01:08:35.931000,0 days 01:09:07.996000,252.0,299.0,139.0,302.0,True,INTERMEDIATE,3.0,True,Red Bull Racing,0 days 01:07:22.659000,2021-09-25 12:52:22.741,1,,False,,False,True
0 days 01:11:13.826000,PER,11,0 days 00:02:05.830000,21.0,3.0,,0 days 01:11:04.665000,0 days 00:00:43.445000,0 days 00:00:42.564000,0 days 00:00:39.821000,0 days 01:09:51.441000,0 days 01:10:34.005000,0 days 01:11:13.826000,215.0,272.0,,258.0,False,INTERMEDIATE,4.0,True,Red Bull Racing,0 days 01:09:07.996000,2021-09-25 12:54:08.078,1,,False,,False,False
0 days 01:13:47.897000,PER,11,,22.0,4.0,0 days 01:11:36.489000,,0 days 00:01:09.605000,0 days 00:00:46.503000,0 days 00:00:37.944000,0 days 01:12:23.450000,0 days 01:13:10.003000,0 days 01:13:47.945000,195.0,287.0,125.0,193.0,False,SOFT,1.0,True,Red Bull Racing,0 days 01:11:13.826000,2021-09-25 12:56:13.908,1,,False,,False,False
0 days 01:15:47.540000,PER,11,0 days 00:01:59.643000,23.0,4.0,,,0 days 00:00:37.859000,0 days 00:00:42.400000,0 days 00:00:39.384000,0 days 01:14:25.756000,0 days 01:15:08.156000,0 days 01:15:47.540000,230.0,298.0,109.0,282.0,False,SOFT,2.0,True,Red Bull Racing,0 days 01:13:47.897000,2021-09-25 12:58:47.979,1,,False,,False,True
0 days 01:18:01.366000,PER,11,,24.0,4.0,,0 days 01:18:01.366000,0 days 00:00:51.140000,0 days 00:00:46.461000,,0 days 01:16:38.734000,0 days 01:17:25.174000,,169.0,268.0,,198.0,False,SOFT,3.0,True,Red Bull Racing,0 days 01:15:47.540000,2021-09-25 13:00:47.622,12,,False,,False,False
0 days 00:18:29.254000,OCO,31,,1.0,1.0,0 days 00:15:41.883000,,,0 days 00:00:47.526000,0 days 00:01:12.901000,,0 days 00:17:16.464000,0 days 00:18:29.381000,196.0,214.0,110.0,210.0,False,INTERMEDIATE,1.0,True,Alpine,0 days 00:15:41.883000,2021-09-25 12:00:41.965,1,,False,,False,False
0 days 00:20:22.587000,OCO,31,0 days 00:01:53.333000,2.0,1.0,,,0 days 00:00:40.508000,0 days 00:00:38.689000,0 days 00:00:34.136000,0 days 00:19:09.762000,0 days 00:19:48.451000,0 days 00:20:22.587000,228.0,298.0,138.0,261.0,True,INTERMEDIATE,2.0,True,Alpine,0 days 00:18:29.254000,2021-09-25 12:03:29.336,1,,False,,False,True
0 days 00:22:36.603000,OCO,31,0 days 00:02:14.016000,3.0,1.0,,,0 days 00:00:38.777000,0 days 00:00:40.674000,0 days 00:00:54.565000,0 days 00:21:01.364000,0 days 00:21:42.038000,0 days 00:22:36.603000,220.0,208.0,135.0,286.0,False,INTERMEDIATE,3.0,True,Alpine,0 days 00:20:22.587000,2021-09-25 12:05:22.669,12,,False,,False,True
0 days 00:24:25.741000,OCO,31,0 days 00:01:49.138000,4.0,1.0,,,0 days 00:00:38.519000,0 days 00:00:37.760000,0 days 00:00:32.859000,0 days 00:23:15.122000,0 days 00:23:52.882000,0 days 00:24:25.741000,243.0,296.0,140.0,290.0,True,INTERMEDIATE,4.0,True,Alpine,0 days 00:22:36.603000,2021-09-25 12:07:36.685,1,,False,,False,True
0 days 00:26:16.178000,OCO,31,0 days 00:01:50.437000,5.0,1.0,,,0 days 00:00:38.275000,0 days 00:00:37.767000,0 days 00:00:34.395000,0 days 00:25:04.016000,0 days 00:25:41.783000,0 days 00:26:16.178000,244.0,295.0,135.0,285.0,False,INTERMEDIATE,5.0,True,Alpine,0 days 00:24:25.741000,2021-09-25 12:09:25.823,1,,False,,False,True
0 days 00:28:14.480000,OCO,31,0 days 00:01:58.302000,6.0,1.0,,,0 days 00:00:42.493000,0 days 00:00:40.026000,0 days 00:00:35.783000,0 days 00:26:58.671000,0 days 00:27:38.697000,0 days 00:28:14.480000,211.0,276.0,142.0,249.0,False,INTERMEDIATE,6.0,True,Alpine,0 days 00:26:16.178000,2021-09-25 12:11:16.260,12,,False,,False,True
0 days 00:30:03.436000,OCO,31,0 days 00:01:48.956000,7.0,1.0,,,0 days 00:00:38.093000,0 days 00:00:37.985000,0 days 00:00:32.878000,0 days 00:28:52.573000,0 days 00:29:30.558000,0 days 00:30:03.436000,250.0,293.0,138.0,290.0,True,INTERMEDIATE,7.0,True,Alpine,0 days 00:28:14.480000,2021-09-25 12:13:14.562,1,,False,,False,True
0 days 00:32:01.876000,OCO,31,0 days 00:01:58.440000,8.0,1.0,,,0 days 00:00:39.683000,0 days 00:00:41.192000,0 days 00:00:37.565000,0 days 00:30:43.119000,0 days 00:31:24.311000,0 days 00:32:01.876000,211.0,270.0,146.0,291.0,False,INTERMEDIATE,8.0,True,Alpine,0 days 00:30:03.436000,2021-09-25 12:15:03.518,12,,False,,False,True
0 days 00:33:49.975000,OCO,31,0 days 00:01:48.099000,9.0,1.0,,,0 days 00:00:37.995000,0 days 00:00:37.286000,0 days 00:00:32.818000,0 days 00:32:39.871000,0 days 00:33:17.157000,0 days 00:33:49.975000,247.0,293.0,139.0,288.0,True,INTERMEDIATE,9.0,True,Alpine,0 days 00:32:01.876000,2021-09-25 12:17:01.958,1,,False,,False,True
0 days 00:35:57.293000,OCO,31,0 days 00:02:07.318000,10.0,1.0,,0 days 00:35:47.626000,0 days 00:00:42.528000,0 days 00:00:41.962000,0 days 00:00:42.828000,0 days 00:34:32.503000,0 days 00:35:14.465000,0 days 00:35:57.293000,209.0,217.0,,254.0,False,INTERMEDIATE,10.0,True,Alpine,0 days 00:33:49.975000,2021-09-25 12:18:50.057,1,,False,,False,False
0 days 00:42:42.379000,OCO,31,,11.0,2.0,0 days 00:40:33.460000,,,0 days 00:00:42.571000,0 days 00:00:41.152000,,0 days 00:42:01.311000,0 days 00:42:42.408000,199.0,275.0,133.0,228.0,False,INTERMEDIATE,1.0,True,Alpine,0 days 00:35:57.293000,2021-09-25 12:20:57.375,1,,False,,False,False
0 days 00:44:29.531000,OCO,31,0 days 00:01:47.152000,12.0,2.0,,,0 days 00:00:38.001000,0 days 00:00:36.810000,0 days 00:00:32.341000,0 days 00:43:20.380000,0 days 00:43:57.190000,0 days 00:44:29.531000,251.0,294.0,146.0,291.0,True,INTERMEDIATE,2.0,True,Alpine,0 days 00:42:42.379000,2021-09-25 12:27:42.461,1,,False,,False,True
0 days 00:46:29.867000,OCO,31,0 days 00:02:00.336000,13.0,2.0,,,0 days 00:00:43.105000,0 days 00:00:41.877000,0 days 00:00:35.354000,0 days 00:45:12.636000,0 days 00:45:54.513000,0 days 00:46:29.867000,208.0,275.0,145.0,260.0,False,INTERMEDIATE,3.0,True,Alpine,0 days 00:44:29.531000,2021-09-25 12:29:29.613,1,,False,,False,True
0 days 00:48:16.535000,OCO,31,0 days 00:01:46.668000,14.0,2.0,,,0 days 00:00:37.701000,0 days 00:00:36.825000,0 days 00:00:32.142000,0 days 00:47:07.568000,0 days 00:47:44.393000,0 days 00:48:16.535000,247.0,295.0,140.0,290.0,True,INTERMEDIATE,4.0,True,Alpine,0 days 00:46:29.867000,2021-09-25 12:31:29.949,12,,False,,False,True
0 days 00:50:23.592000,OCO,31,0 days 00:02:07.057000,15.0,2.0,,0 days 00:50:14.652000,0 days 00:00:41.862000,0 days 00:00:43.751000,0 days 00:00:41.444000,0 days 00:48:58.397000,0 days 00:49:42.148000,0 days 00:50:23.592000,207.0,269.0,,246.0,False,INTERMEDIATE,5.0,True,Alpine,0 days 00:48:16.535000,2021-09-25 12:33:16.617,1,,False,,False,False
0 days 00:53:29.646000,OCO,31,,16.0,3.0,0 days 00:51:33.517000,,,0 days 00:00:39.475000,0 days 00:00:34.451000,,0 days 00:52:55.298000,0 days 00:53:29.716000,221.0,279.0,147.0,211.0,False,INTERMEDIATE,1.0,True,Alpine,0 days 00:50:23.592000,2021-09-25 12:35:23.674,1,,False,,False,False
0 days 00:55:15.716000,OCO,31,0 days 00:01:46.070000,17.0,3.0,,,0 days 00:00:37.657000,0 days 00:00:36.338000,0 days 00:00:32.075000,0 days 00:54:07.303000,0 days 00:54:43.641000,0 days 00:55:15.716000,249.0,295.0,142.0,294.0,True,INTERMEDIATE,2.0,True,Alpine,0 days 00:53:29.646000,2021-09-25 12:38:29.728,1,,False,,False,True
0 days 00:57:21.108000,OCO,31,0 days 00:02:05.392000,18.0,3.0,,0 days 00:57:12.100000,0 days 00:00:42.732000,0 days 00:00:41.077000,0 days 00:00:41.583000,0 days 00:55:58.448000,0 days 00:56:39.525000,0 days 00:57:21.108000,212.0,226.0,,233.0,False,INTERMEDIATE,3.0,True,Alpine,0 days 00:55:15.716000,2021-09-25 12:40:15.798,1,,False,,False,False
0 days 01:05:28.508000,OCO,31,,19.0,4.0,0 days 01:03:27.971000,,,0 days 00:00:40.684000,0 days 00:00:35.771000,,0 days 01:04:52.798000,0 days 01:05:28.524000,228.0,282.0,145.0,234.0,False,INTERMEDIATE,4.0,False,Alpine,0 days 00:57:21.108000,2021-09-25 12:42:21.190,1,,False,,False,False
0 days 01:07:14.373000,OCO,31,0 days 00:01:45.865000,20.0,4.0,,,0 days 00:00:37.355000,0 days 00:00:36.342000,0 days 00:00:32.168000,0 days 01:06:05.863000,0 days 01:06:42.205000,0 days 01:07:14.373000,252.0,295.0,142.0,288.0,True,INTERMEDIATE,5.0,False,Alpine,0 days 01:05:28.508000,2021-09-25 12:50:28.590,1,,False,,False,True
0 days 01:09:01.620000,OCO,31,0 days 00:01:47.247000,21.0,4.0,,,0 days 00:00:37.726000,0 days 00:00:36.917000,0 days 00:00:32.604000,0 days 01:07:52.099000,0 days 01:08:29.016000,0 days 01:09:01.620000,249.0,292.0,133.0,292.0,False,INTERMEDIATE,6.0,False,Alpine,0 days 01:07:14.373000,2021-09-25 12:52:14.455,1,,False,,False,True
0 days 01:11:06.396000,OCO,31,0 days 00:02:04.776000,22.0,4.0,,0 days 01:10:57.593000,0 days 00:00:41.601000,0 days 00:00:40.406000,0 days 00:00:42.769000,0 days 01:09:43.221000,0 days 01:10:23.627000,0 days 01:11:06.396000,203.0,213.0,,261.0,False,INTERMEDIATE,7.0,False,Alpine,0 days 01:09:01.620000,2021-09-25 12:54:01.702,1,,False,,False,False
0 days 01:13:38.774000,OCO,31,,23.0,5.0,0 days 01:11:30.275000,,0 days 00:01:14.826000,0 days 00:00:39.757000,0 days 00:00:37.796000,0 days 01:12:21.221000,0 days 01:13:00.999000,0 days 01:13:38.809000,213.0,275.0,123.0,213.0,False,SOFT,1.0,True,Alpine,0 days 01:11:06.396000,2021-09-25 12:56:06.478,1,,False,,False,False
0 days 01:15:26.546000,OCO,31,0 days 00:01:47.772000,24.0,5.0,,,0 days 00:00:39.018000,0 days 00:00:35.979000,0 days 00:00:32.775000,0 days 01:14:17.792000,0 days 01:14:53.771000,0 days 01:15:26.546000,233.0,295.0,142.0,250.0,False,SOFT,2.0,True,Alpine,0 days 01:13:38.774000,2021-09-25 12:58:38.856,1,,False,,False,True
0 days 01:17:29.187000,OCO,31,,25.0,5.0,,0 days 01:17:29.187000,0 days 00:00:43.782000,0 days 00:00:42.838000,,0 days 01:16:10.337000,0 days 01:16:53.198000,,198.0,220.0,,208.0,False,SOFT,3.0,True,Alpine,0 days 01:15:26.546000,2021-09-25 13:00:26.628,12,,False,,False,False
0 days 00:18:41.856000,VET,5,,1.0,1.0,0 days 00:16:16.802000,,,0 days 00:00:44.004000,0 days 00:00:57.204000,,0 days 00:17:44.724000,0 days 00:18:42.089000,203.0,228.0,124.0,194.0,False,INTERMEDIATE,1.0,True,Aston Martin,0 days 00:16:16.802000,2021-09-25 12:01:16.884,1,,False,,False,False
0 days 00:20:34.239000,VET,5,0 days 00:01:52.383000,2.0,1.0,,,0 days 00:00:40.793000,0 days 00:00:37.908000,0 days 00:00:33.682000,0 days 00:19:22.649000,0 days 00:20:00.557000,0 days 00:20:34.239000,235.0,297.0,144.0,293.0,True,INTERMEDIATE,2.0,True,Aston Martin,0 days 00:18:41.856000,2021-09-25 12:03:41.938,1,,False,,False,True
0 days 00:22:24.218000,VET,5,0 days 00:01:49.979000,3.0,1.0,,,0 days 00:00:38.277000,0 days 00:00:38.111000,0 days 00:00:33.591000,0 days 00:21:12.516000,0 days 00:21:50.627000,0 days 00:22:24.218000,238.0,293.0,139.0,294.0,True,INTERMEDIATE,3.0,True,Aston Martin,0 days 00:20:34.239000,2021-09-25 12:05:34.321,12,,False,,False,True
0 days 00:24:44.374000,VET,5,0 days 00:02:20.156000,4.0,1.0,,,0 days 00:00:39.568000,0 days 00:00:42.549000,0 days 00:00:58.039000,0 days 00:23:03.786000,0 days 00:23:46.335000,0 days 00:24:44.374000,183.0,227.0,134.0,293.0,False,INTERMEDIATE,4.0,True,Aston Martin,0 days 00:22:24.218000,2021-09-25 12:07:24.300,1,,False,,False,True
0 days 00:26:32.948000,VET,5,0 days 00:01:48.574000,5.0,1.0,,,0 days 00:00:38.318000,0 days 00:00:37.567000,0 days 00:00:32.689000,0 days 00:25:22.692000,0 days 00:26:00.259000,0 days 00:26:32.948000,252.0,292.0,141.0,296.0,True,INTERMEDIATE,5.0,True,Aston Martin,0 days 00:24:44.374000,2021-09-25 12:09:44.456,12,,False,,False,True
0 days 00:28:30.602000,VET,5,0 days 00:01:57.654000,6.0,1.0,,,0 days 00:00:42.685000,0 days 00:00:39.102000,0 days 00:00:35.867000,0 days 00:27:15.633000,0 days 00:27:54.735000,0 days 00:28:30.602000,212.0,278.0,150.0,227.0,False,INTERMEDIATE,6.0,True,Aston Martin,0 days 00:26:32.948000,2021-09-25 12:11:33.030,21,,False,,False,True
0 days 00:30:18.665000,VET,5,0 days 00:01:48.063000,7.0,1.0,,,0 days 00:00:37.806000,0 days 00:00:37.219000,0 days 00:00:33.038000,0 days 00:29:08.408000,0 days 00:29:45.627000,0 days 00:30:18.665000,251.0,292.0,140.0,297.0,True,INTERMEDIATE,7.0,True,Aston Martin,0 days 00:28:30.602000,2021-09-25 12:13:30.684,1,,False,,False,True
0 days 00:32:22.665000,VET,5,0 days 00:02:04,8.0,1.0,,,0 days 00:00:43.957000,0 days 00:00:40.046000,0 days 00:00:39.997000,0 days 00:31:02.622000,0 days 00:31:42.668000,0 days 00:32:22.665000,217.0,280.0,147.0,230.0,False,INTERMEDIATE,8.0,True,Aston Martin,0 days 00:30:18.665000,2021-09-25 12:15:18.747,12,,False,,False,True
0 days 00:34:09.870000,VET,5,0 days 00:01:47.205000,9.0,1.0,,,0 days 00:00:37.696000,0 days 00:00:36.930000,0 days 00:00:32.579000,0 days 00:33:00.361000,0 days 00:33:37.291000,0 days 00:34:09.870000,255.0,289.0,143.0,296.0,True,INTERMEDIATE,9.0,True,Aston Martin,0 days 00:32:22.665000,2021-09-25 12:17:22.747,1,,False,,False,True
0 days 00:36:11.761000,VET,5,0 days 00:02:01.891000,10.0,1.0,,0 days 00:36:02.970000,0 days 00:00:41.713000,0 days 00:00:39.488000,0 days 00:00:40.690000,0 days 00:34:51.583000,0 days 00:35:31.071000,0 days 00:36:11.761000,225.0,213.0,,266.0,False,INTERMEDIATE,10.0,True,Aston Martin,0 days 00:34:09.870000,2021-09-25 12:19:09.952,1,,False,,False,False
0 days 00:43:15.248000,VET,5,,11.0,2.0,0 days 00:41:11.806000,,,0 days 00:00:42.485000,0 days 00:00:35.146000,,0 days 00:42:40.132000,0 days 00:43:15.262000,207.0,239.0,143.0,223.0,False,INTERMEDIATE,1.0,True,Aston Martin,0 days 00:36:11.761000,2021-09-25 12:21:11.843,1,,False,,False,False
0 days 00:45:06.257000,VET,5,0 days 00:01:51.009000,12.0,2.0,,,0 days 00:00:39.006000,0 days 00:00:37.165000,0 days 00:00:34.838000,0 days 00:43:54.254000,0 days 00:44:31.419000,0 days 00:45:06.257000,243.0,288.0,142.0,298.0,True,INTERMEDIATE,2.0,True,Aston Martin,0 days 00:43:15.248000,2021-09-25 12:28:15.330,1,,False,,False,True
0 days 00:46:53.057000,VET,5,0 days 00:01:46.800000,13.0,2.0,,,0 days 00:00:37.789000,0 days 00:00:36.849000,0 days 00:00:32.162000,0 days 00:45:44.046000,0 days 00:46:20.895000,0 days 00:46:53.057000,245.0,287.0,143.0,297.0,True,INTERMEDIATE,3.0,True,Aston Martin,0 days 00:45:06.257000,2021-09-25 12:30:06.339,1,,False,,False,True
0 days 00:48:54.945000,VET,5,0 days 00:02:01.888000,14.0,2.0,,,0 days 00:00:46.129000,0 days 00:00:40.567000,0 days 00:00:35.192000,0 days 00:47:39.186000,0 days 00:48:19.753000,0 days 00:48:54.945000,187.0,279.0,149.0,142.0,False,INTERMEDIATE,4.0,True,Aston Martin,0 days 00:46:53.057000,2021-09-25 12:31:53.139,12,,False,,False,True
0 days 00:50:41.518000,VET,5,0 days 00:01:46.573000,15.0,2.0,,,0 days 00:00:37.766000,0 days 00:00:36.714000,0 days 00:00:32.093000,0 days 00:49:32.711000,0 days 00:50:09.425000,0 days 00:50:41.518000,243.0,292.0,143.0,297.0,True,INTERMEDIATE,5.0,True,Aston Martin,0 days 00:48:54.945000,2021-09-25 12:33:55.027,1,,False,,False,True
0 days 00:52:55.101000,VET,5,0 days 00:02:13.583000,16.0,2.0,,,0 days 00:00:44.238000,0 days 00:00:50.359000,0 days 00:00:38.986000,0 days 00:51:25.756000,0 days 00:52:16.115000,0 days 00:52:55.101000,200.0,155.0,144.0,246.0,False,INTERMEDIATE,6.0,True,Aston Martin,0 days 00:50:41.518000,2021-09-25 12:35:41.600,1,,False,,False,True
0 days 00:54:41.976000,VET,5,0 days 00:01:46.875000,17.0,2.0,,,0 days 00:00:37.632000,0 days 00:00:37.051000,0 days 00:00:32.192000,0 days 00:53:32.733000,0 days 00:54:09.784000,0 days 00:54:41.976000,249.0,297.0,142.0,295.0,False,INTERMEDIATE,7.0,True,Aston Martin,0 days 00:52:55.101000,2021-09-25 12:37:55.183,1,,False,,False,True
0 days 00:57:03.274000,VET,5,0 days 00:02:21.298000,18.0,2.0,,0 days 00:56:54.245000,0 days 00:00:57.675000,0 days 00:00:40.731000,0 days 00:00:42.892000,0 days 00:55:39.651000,0 days 00:56:20.382000,0 days 00:57:03.274000,190.0,268.0,,174.0,False,INTERMEDIATE,8.0,True,Aston Martin,0 days 00:54:41.976000,2021-09-25 12:39:42.058,1,,False,,False,False
0 days 00:17:08.209000,GAS,10,,1.0,1.0,0 days 00:15:03.229000,,,0 days 00:00:40.464000,0 days 00:00:40.685000,,0 days 00:16:27.613000,0 days 00:17:08.462000,203.0,268.0,139.0,209.0,False,INTERMEDIATE,1.0,True,AlphaTauri,0 days 00:15:03.229000,2021-09-25 12:00:03.311,1,,False,,False,False
0 days 00:18:59.728000,GAS,10,0 days 00:01:51.519000,2.0,1.0,,,0 days 00:00:40.226000,0 days 00:00:37.767000,0 days 00:00:33.526000,0 days 00:17:48.435000,0 days 00:18:26.202000,0 days 00:18:59.728000,219.0,297.0,142.0,275.0,True,INTERMEDIATE,2.0,True,AlphaTauri,0 days 00:17:08.209000,2021-09-25 12:02:08.291,1,,False,,False,True
0 days 00:20:48.946000,GAS,10,0 days 00:01:49.218000,3.0,1.0,,,0 days 00:00:38.810000,0 days 00:00:37.308000,0 days 00:00:33.100000,0 days 00:19:38.538000,0 days 00:20:15.846000,0 days 00:20:48.946000,228.0,304.0,143.0,288.0,True,INTERMEDIATE,3.0,True,AlphaTauri,0 days 00:18:59.728000,2021-09-25 12:03:59.810,1,,False,,False,True
0 days 00:22:59.249000,GAS,10,0 days 00:02:10.303000,4.0,1.0,,,0 days 00:00:39.754000,0 days 00:00:48.151000,0 days 00:00:42.398000,0 days 00:21:28.700000,0 days 00:22:16.851000,0 days 00:22:59.249000,159.0,254.0,136.0,226.0,False,INTERMEDIATE,4.0,True,AlphaTauri,0 days 00:20:48.946000,2021-09-25 12:05:49.028,12,,False,,False,True
0 days 00:24:47.425000,GAS,10,0 days 00:01:48.176000,5.0,1.0,,,0 days 00:00:38.119000,0 days 00:00:37.476000,0 days 00:00:32.581000,0 days 00:23:37.368000,0 days 00:24:14.844000,0 days 00:24:47.425000,239.0,299.0,140.0,287.0,True,INTERMEDIATE,5.0,True,AlphaTauri,0 days 00:22:59.249000,2021-09-25 12:07:59.331,1,,False,,False,True
0 days 00:26:36.370000,GAS,10,0 days 00:01:48.945000,6.0,1.0,,,0 days 00:00:38.216000,0 days 00:00:37.376000,0 days 00:00:33.353000,0 days 00:25:25.641000,0 days 00:26:03.017000,0 days 00:26:36.370000,236.0,301.0,135.0,299.0,False,INTERMEDIATE,6.0,True,AlphaTauri,0 days 00:24:47.425000,2021-09-25 12:09:47.507,12,,False,,False,True
0 days 00:28:48.270000,GAS,10,0 days 00:02:11.900000,7.0,1.0,,,0 days 00:00:49.503000,0 days 00:00:46.392000,0 days 00:00:36.005000,0 days 00:27:25.873000,0 days 00:28:12.265000,0 days 00:28:48.270000,157.0,275.0,141.0,238.0,False,INTERMEDIATE,7.0,True,AlphaTauri,0 days 00:26:36.370000,2021-09-25 12:11:36.452,1,,False,,False,True
0 days 00:30:36.098000,GAS,10,0 days 00:01:47.828000,8.0,1.0,,,0 days 00:00:37.927000,0 days 00:00:37.143000,0 days 00:00:32.758000,0 days 00:29:26.197000,0 days 00:30:03.340000,0 days 00:30:36.098000,240.0,297.0,136.0,293.0,True,INTERMEDIATE,8.0,True,AlphaTauri,0 days 00:28:48.270000,2021-09-25 12:13:48.352,12,,False,,False,True
0 days 00:33:23.027000,GAS,10,0 days 00:02:46.929000,9.0,1.0,,0 days 00:32:25.010000,0 days 00:00:38.149000,0 days 00:00:38.253000,0 days 00:01:30.527000,0 days 00:31:14.247000,0 days 00:31:52.500000,0 days 00:33:23.027000,241.0,276.0,,294.0,False,INTERMEDIATE,9.0,True,AlphaTauri,0 days 00:30:36.098000,2021-09-25 12:15:36.180,21,,False,,False,False
0 days 00:42:18.533000,GAS,10,,10.0,2.0,0 days 00:40:06.083000,,,0 days 00:00:43.396000,0 days 00:00:38.491000,,0 days 00:41:40.143000,0 days 00:42:18.843000,200.0,272.0,131.0,234.0,False,INTERMEDIATE,1.0,True,AlphaTauri,0 days 00:33:23.027000,2021-09-25 12:18:23.109,1,,False,,False,False
0 days 00:44:05.204000,GAS,10,0 days 00:01:46.671000,11.0,2.0,,,0 days 00:00:38.084000,0 days 00:00:36.693000,0 days 00:00:31.894000,0 days 00:42:56.617000,0 days 00:43:33.310000,0 days 00:44:05.204000,246.0,297.0,140.0,292.0,True,INTERMEDIATE,2.0,True,AlphaTauri,0 days 00:42:18.533000,2021-09-25 12:27:18.615,1,,False,,False,True
0 days 00:46:18.701000,GAS,10,0 days 00:02:13.497000,12.0,2.0,,,0 days 00:00:47.565000,0 days 00:00:50.107000,0 days 00:00:35.825000,0 days 00:44:52.769000,0 days 00:45:42.876000,0 days 00:46:18.701000,180.0,274.0,148.0,255.0,False,INTERMEDIATE,3.0,True,AlphaTauri,0 days 00:44:05.204000,2021-09-25 12:29:05.286,1,,False,,False,True
0 days 00:48:05.676000,GAS,10,0 days 00:01:46.975000,13.0,2.0,,,0 days 00:00:37.546000,0 days 00:00:36.801000,0 days 00:00:32.628000,0 days 00:46:56.247000,0 days 00:47:33.048000,0 days 00:48:05.676000,251.0,299.0,138.0,295.0,False,INTERMEDIATE,4.0,True,AlphaTauri,0 days 00:46:18.701000,2021-09-25 12:31:18.783,1,,False,,False,True
0 days 00:50:17.798000,GAS,10,0 days 00:02:12.122000,14.0,2.0,,,0 days 00:00:47.503000,0 days 00:00:48.252000,0 days 00:00:36.367000,0 days 00:48:53.179000,0 days 00:49:41.431000,0 days 00:50:17.798000,184.0,278.0,146.0,263.0,False,INTERMEDIATE,5.0,True,AlphaTauri,0 days 00:48:05.676000,2021-09-25 12:33:05.758,12,,False,,False,True
0 days 00:52:04.732000,GAS,10,0 days 00:01:46.934000,15.0,2.0,,,0 days 00:00:37.411000,0 days 00:00:37.097000,0 days 00:00:32.426000,0 days 00:50:55.209000,0 days 00:51:32.306000,0 days 00:52:04.732000,260.0,297.0,135.0,299.0,False,INTERMEDIATE,6.0,True,AlphaTauri,0 days 00:50:17.798000,2021-09-25 12:35:17.880,1,,False,,False,True
0 days 00:54:25.327000,GAS,10,0 days 00:02:20.595000,16.0,2.0,,,0 days 00:00:50.856000,0 days 00:00:48.737000,0 days 00:00:41.002000,0 days 00:52:55.588000,0 days 00:53:44.325000,0 days 00:54:25.327000,168.0,266.0,145.0,211.0,False,INTERMEDIATE,7.0,True,AlphaTauri,0 days 00:52:04.732000,2021-09-25 12:37:04.814,1,,False,,False,True
0 days 00:56:11.968000,GAS,10,0 days 00:01:46.641000,17.0,2.0,,,0 days 00:00:37.614000,0 days 00:00:36.726000,0 days 00:00:32.301000,0 days 00:55:02.941000,0 days 00:55:39.667000,0 days 00:56:11.968000,249.0,299.0,136.0,298.0,True,INTERMEDIATE,8.0,True,AlphaTauri,0 days 00:54:25.327000,2021-09-25 12:39:25.409,1,,False,,False,True
0 days 00:58:27.538000,GAS,10,0 days 00:02:15.570000,18.0,2.0,,0 days 00:58:18.238000,0 days 00:00:55.235000,0 days 00:00:40.877000,0 days 00:00:39.458000,0 days 00:57:07.203000,0 days 00:57:48.080000,0 days 00:58:27.538000,215.0,277.0,,126.0,False,INTERMEDIATE,9.0,True,AlphaTauri,0 days 00:56:11.968000,2021-09-25 12:41:12.050,1,,False,,False,False
0 days 00:17:18.966000,TSU,22,,1.0,1.0,0 days 00:15:05.722000,,,0 days 00:00:43.441000,0 days 00:00:39.086000,,0 days 00:16:40.007000,0 days 00:17:19.244000,169.0,177.0,133.0,147.0,False,INTERMEDIATE,1.0,True,AlphaTauri,0 days 00:15:05.722000,2021-09-25 12:00:05.804,1,,False,,False,False
0 days 00:19:14.019000,TSU,22,0 days 00:01:55.053000,2.0,1.0,,,0 days 00:00:40.796000,0 days 00:00:39.415000,0 days 00:00:34.842000,0 days 00:17:59.762000,0 days 00:18:39.177000,0 days 00:19:14.019000,207.0,288.0,138.0,241.0,True,INTERMEDIATE,2.0,True,AlphaTauri,0 days 00:17:18.966000,2021-09-25 12:02:19.048,1,,False,,False,True
0 days 00:21:10.560000,TSU,22,0 days 00:01:56.541000,3.0,1.0,,,0 days 00:00:40.667000,0 days 00:00:39.284000,0 days 00:00:36.590000,0 days 00:19:54.686000,0 days 00:20:33.970000,0 days 00:21:10.560000,206.0,299.0,139.0,229.0,False,INTERMEDIATE,3.0,True,AlphaTauri,0 days 00:19:14.019000,2021-09-25 12:04:14.101,1,,False,,False,True
0 days 00:23:01.317000,TSU,22,0 days 00:01:50.757000,4.0,1.0,,,0 days 00:00:38.821000,0 days 00:00:38.191000,0 days 00:00:33.745000,0 days 00:21:49.381000,0 days 00:22:27.572000,0 days 00:23:01.317000,232.0,302.0,136.0,271.0,True,INTERMEDIATE,4.0,True,AlphaTauri,0 days 00:21:10.560000,2021-09-25 12:06:10.642,12,,False,,False,True
0 days 00:24:51.469000,TSU,22,0 days 00:01:50.152000,5.0,1.0,,,0 days 00:00:38.723000,0 days 00:00:38.231000,0 days 00:00:33.198000,0 days 00:23:40.040000,0 days 00:24:18.271000,0 days 00:24:51.469000,238.0,301.0,143.0,287.0,True,INTERMEDIATE,5.0,True,AlphaTauri,0 days 00:23:01.317000,2021-09-25 12:08:01.399,1,,False,,False,True
0 days 00:26:52.092000,TSU,22,0 days 00:02:00.623000,6.0,1.0,,,0 days 00:00:38.389000,0 days 00:00:45.066000,0 days 00:00:37.168000,0 days 00:25:29.858000,0 days 00:26:14.924000,0 days 00:26:52.092000,252.0,255.0,141.0,296.0,False,INTERMEDIATE,6.0,True,AlphaTauri,0 days 00:24:51.469000,2021-09-25 12:09:51.551,12,,False,,False,True
0 days 00:28:41.258000,TSU,22,0 days 00:01:49.166000,7.0,1.0,,,0 days 00:00:38.285000,0 days 00:00:37.951000,0 days 00:00:32.930000,0 days 00:27:30.377000,0 days 00:28:08.328000,0 days 00:28:41.258000,234.0,295.0,136.0,289.0,True,INTERMEDIATE,7.0,True,AlphaTauri,0 days 00:26:52.092000,2021-09-25 12:11:52.174,1,,False,,False,True
0 days 00:30:59.120000,TSU,22,0 days 00:02:17.862000,8.0,1.0,,,0 days 00:00:41.949000,0 days 00:00:51.243000,0 days 00:00:44.670000,0 days 00:29:23.207000,0 days 00:30:14.450000,0 days 00:30:59.120000,181.0,179.0,141.0,289.0,False,INTERMEDIATE,8.0,True,AlphaTauri,0 days 00:28:41.258000,2021-09-25 12:13:41.340,12,,False,,False,True
0 days 00:32:49.914000,TSU,22,0 days 00:01:50.794000,9.0,1.0,,,0 days 00:00:38.161000,0 days 00:00:37.514000,0 days 00:00:35.119000,0 days 00:31:37.281000,0 days 00:32:14.795000,0 days 00:32:49.914000,237.0,298.0,141.0,296.0,False,INTERMEDIATE,9.0,True,AlphaTauri,0 days 00:30:59.120000,2021-09-25 12:15:59.202,1,,False,,False,True
0 days 00:34:38.768000,TSU,22,0 days 00:01:48.854000,10.0,1.0,,,0 days 00:00:37.871000,0 days 00:00:37.635000,0 days 00:00:33.348000,0 days 00:33:27.785000,0 days 00:34:05.420000,0 days 00:34:38.768000,241.0,300.0,136.0,295.0,True,INTERMEDIATE,10.0,True,AlphaTauri,0 days 00:32:49.914000,2021-09-25 12:17:49.996,1,,False,,False,True
0 days 00:36:50.171000,TSU,22,0 days 00:02:11.403000,11.0,1.0,,0 days 00:36:41.645000,0 days 00:00:44.614000,0 days 00:00:42.023000,0 days 00:00:44.766000,0 days 00:35:23.382000,0 days 00:36:05.405000,0 days 00:36:50.171000,195.0,212.0,,195.0,False,INTERMEDIATE,11.0,True,AlphaTauri,0 days 00:34:38.768000,2021-09-25 12:19:38.850,1,,False,,False,False
0 days 00:42:32.119000,TSU,22,,12.0,2.0,0 days 00:40:16.739000,,,0 days 00:00:45.240000,0 days 00:00:42.841000,,0 days 00:41:49.361000,0 days 00:42:32.189000,198.0,158.0,133.0,248.0,False,INTERMEDIATE,1.0,True,AlphaTauri,0 days 00:36:50.171000,2021-09-25 12:21:50.253,1,,False,,False,False
0 days 00:44:20.542000,TSU,22,0 days 00:01:48.423000,13.0,2.0,,,0 days 00:00:38.538000,0 days 00:00:37.366000,0 days 00:00:32.519000,0 days 00:43:10.657000,0 days 00:43:48.023000,0 days 00:44:20.542000,232.0,296.0,144.0,290.0,True,INTERMEDIATE,2.0,True,AlphaTauri,0 days 00:42:32.119000,2021-09-25 12:27:32.201,1,,False,,False,True
0 days 00:46:08.702000,TSU,22,0 days 00:01:48.160000,14.0,2.0,,,0 days 00:00:37.834000,0 days 00:00:37.531000,0 days 00:00:32.795000,0 days 00:44:58.376000,0 days 00:45:35.907000,0 days 00:46:08.702000,243.0,300.0,141.0,301.0,True,INTERMEDIATE,3.0,True,AlphaTauri,0 days 00:44:20.542000,2021-09-25 12:29:20.624,1,,False,,False,True
0 days 00:48:25.345000,TSU,22,0 days 00:02:16.643000,15.0,2.0,,,0 days 00:00:52.211000,0 days 00:00:46.847000,0 days 00:00:37.585000,0 days 00:47:00.913000,0 days 00:47:47.760000,0 days 00:48:25.345000,168.0,186.0,147.0,196.0,False,INTERMEDIATE,4.0,True,AlphaTauri,0 days 00:46:08.702000,2021-09-25 12:31:08.784,12,,False,,False,True
0 days 00:50:12.745000,TSU,22,0 days 00:01:47.400000,16.0,2.0,,,0 days 00:00:37.788000,0 days 00:00:37.252000,0 days 00:00:32.360000,0 days 00:49:03.133000,0 days 00:49:40.385000,0 days 00:50:12.745000,241.0,296.0,135.0,298.0,True,INTERMEDIATE,5.0,True,AlphaTauri,0 days 00:48:25.345000,2021-09-25 12:33:25.427,1,,False,,False,True
0 days 00:52:22.766000,TSU,22,0 days 00:02:10.021000,17.0,2.0,,0 days 00:52:14.493000,0 days 00:00:51.443000,0 days 00:00:40.090000,0 days 00:00:38.488000,0 days 00:51:04.188000,0 days 00:51:44.278000,0 days 00:52:22.766000,196.0,274.0,,120.0,False,INTERMEDIATE,6.0,True,AlphaTauri,0 days 00:50:12.745000,2021-09-25 12:35:12.827,1,,False,,False,False
0 days 00:54:46.901000,TSU,22,0 days 00:02:24.135000,18.0,3.0,0 days 00:52:45.677000,,0 days 00:01:07.426000,0 days 00:00:41.002000,0 days 00:00:35.707000,0 days 00:53:30.192000,0 days 00:54:11.194000,0 days 00:54:46.901000,223.0,267.0,152.0,144.0,False,INTERMEDIATE,1.0,True,AlphaTauri,0 days 00:52:22.766000,2021-09-25 12:37:22.848,1,,False,,False,False
0 days 00:56:33.652000,TSU,22,0 days 00:01:46.751000,19.0,3.0,,,0 days 00:00:37.552000,0 days 00:00:36.845000,0 days 00:00:32.354000,0 days 00:55:24.453000,0 days 00:56:01.298000,0 days 00:56:33.652000,235.0,298.0,139.0,297.0,True,INTERMEDIATE,2.0,True,AlphaTauri,0 days 00:54:46.901000,2021-09-25 12:39:46.983,1,,False,,False,True
0 days 00:58:42.182000,TSU,22,,20.0,3.0,,0 days 00:58:42.182000,0 days 00:00:50.563000,0 days 00:00:45.326000,,0 days 00:57:24.272000,0 days 00:58:09.714000,,132.0,240.0,,158.0,False,INTERMEDIATE,3.0,True,AlphaTauri,0 days 00:56:33.652000,2021-09-25 12:41:33.734,1,,False,,False,False
0 days 00:18:09.345000,LAT,6,,1.0,1.0,0 days 00:15:14.597000,,,0 days 00:00:46.683000,0 days 00:01:01.967000,,0 days 00:17:07.405000,0 days 00:18:09.448000,150.0,199.0,119.0,173.0,False,INTERMEDIATE,1.0,True,Williams,0 days 00:15:14.597000,2021-09-25 12:00:14.679,1,,False,,False,False
0 days 00:20:05.769000,LAT,6,0 days 00:01:56.424000,2.0,1.0,,,0 days 00:00:40.592000,0 days 00:00:39.958000,0 days 00:00:35.874000,0 days 00:18:49.937000,0 days 00:19:29.895000,0 days 00:20:05.769000,212.0,302.0,142.0,271.0,True,INTERMEDIATE,2.0,True,Williams,0 days 00:18:09.345000,2021-09-25 12:03:09.427,1,,False,,False,True
0 days 00:22:07.676000,LAT,6,0 days 00:02:01.907000,3.0,1.0,,,0 days 00:00:38.834000,0 days 00:00:39.559000,0 days 00:00:43.514000,0 days 00:20:44.603000,0 days 00:21:24.162000,0 days 00:22:07.676000,221.0,192.0,134.0,290.0,False,INTERMEDIATE,3.0,True,Williams,0 days 00:20:05.769000,2021-09-25 12:05:05.851,12,,False,,False,True
0 days 00:23:58.040000,LAT,6,0 days 00:01:50.364000,4.0,1.0,,,0 days 00:00:38.456000,0 days 00:00:38.140000,0 days 00:00:33.768000,0 days 00:22:46.132000,0 days 00:23:24.272000,0 days 00:23:58.040000,240.0,292.0,148.0,291.0,True,INTERMEDIATE,4.0,True,Williams,0 days 00:22:07.676000,2021-09-25 12:07:07.758,1,,False,,False,True
0 days 00:25:46.292000,LAT,6,0 days 00:01:48.252000,5.0,1.0,,,0 days 00:00:37.753000,0 days 00:00:37.512000,0 days 00:00:32.987000,0 days 00:24:35.793000,0 days 00:25:13.305000,0 days 00:25:46.292000,242.0,297.0,143.0,300.0,True,INTERMEDIATE,5.0,True,Williams,0 days 00:23:58.040000,2021-09-25 12:08:58.122,1,,False,,False,True
0 days 00:27:47.363000,LAT,6,0 days 00:02:01.071000,6.0,1.0,,0 days 00:27:38.809000,0 days 00:00:41.171000,0 days 00:00:39.953000,0 days 00:00:39.947000,0 days 00:26:27.463000,0 days 00:27:07.416000,0 days 00:27:47.363000,223.0,283.0,,231.0,False,INTERMEDIATE,6.0,True,Williams,0 days 00:25:46.292000,2021-09-25 12:10:46.374,12,,False,,False,False
0 days 00:30:17.711000,LAT,6,,7.0,2.0,0 days 00:28:11.339000,,0 days 00:01:10.520000,0 days 00:00:43.563000,0 days 00:00:36.195000,0 days 00:28:57.953000,0 days 00:29:41.525000,0 days 00:30:17.862000,172.0,283.0,135.0,231.0,False,INTERMEDIATE,1.0,True,Williams,0 days 00:27:47.363000,2021-09-25 12:12:47.445,1,,False,,False,False
0 days 00:32:15.714000,LAT,6,0 days 00:01:58.003000,8.0,2.0,,,0 days 00:00:40.677000,0 days 00:00:40.600000,0 days 00:00:36.726000,0 days 00:30:58.388000,0 days 00:31:38.988000,0 days 00:32:15.714000,202.0,281.0,146.0,263.0,False,INTERMEDIATE,2.0,True,Williams,0 days 00:30:17.711000,2021-09-25 12:15:17.793,12,,False,,False,True
0 days 00:34:47.167000,LAT,6,,9.0,2.0,,,0 days 00:00:50.864000,0 days 00:00:52.053000,0 days 00:00:48.655000,0 days 00:33:06.525000,0 days 00:33:58.608000,0 days 00:34:47.425000,60.0,191.0,101.0,304.0,False,INTERMEDIATE,3.0,True,Williams,0 days 00:32:15.714000,2021-09-25 12:17:15.796,1,,False,,False,False
0 days 00:37:14.798000,LAT,6,0 days 00:02:27.631000,10.0,2.0,,0 days 00:37:06.328000,0 days 00:00:50.053000,0 days 00:00:50.901000,0 days 00:00:46.677000,0 days 00:35:37.220000,0 days 00:36:28.121000,0 days 00:37:14.798000,108.0,171.0,,84.0,False,INTERMEDIATE,4.0,True,Williams,0 days 00:34:47.167000,2021-09-25 12:19:47.249,1,,False,,False,False
0 days 00:45:39.675000,LAT,6,,11.0,3.0,0 days 00:43:05.773000,0 days 00:45:31.077000,,0 days 00:00:54.717000,0 days 00:00:50.823000,,0 days 00:44:48.879000,0 days 00:45:39.675000,75.0,251.0,,137.0,False,INTERMEDIATE,7.0,False,Williams,0 days 00:37:14.798000,2021-09-25 12:22:14.880,1,,False,,False,False
0 days 00:54:29.963000,LAT,6,,12.0,4.0,0 days 00:51:18.721000,0 days 00:53:32.968000,,0 days 00:00:47.534000,0 days 00:01:35.710000,,0 days 00:52:54.253000,0 days 00:54:30.277000,125.0,211.0,,143.0,False,INTERMEDIATE,8.0,False,Williams,0 days 00:45:39.675000,2021-09-25 12:30:39.757,12,,False,,False,False
0 days 00:17:58.499000,LEC,16,,1.0,1.0,0 days 00:15:14.597000,,,0 days 00:00:47.375000,0 days 00:00:55.077000,,0 days 00:17:03.447000,0 days 00:17:58.724000,156.0,178.0,129.0,169.0,False,INTERMEDIATE,1.0,True,Ferrari,0 days 00:15:14.597000,2021-09-25 12:00:14.679,1,,False,,False,False
0 days 00:19:48.791000,LEC,16,0 days 00:01:50.292000,2.0,1.0,,,0 days 00:00:38.899000,0 days 00:00:37.959000,0 days 00:00:33.434000,0 days 00:18:37.398000,0 days 00:19:15.357000,0 days 00:19:48.791000,244.0,293.0,136.0,285.0,True,INTERMEDIATE,2.0,True,Ferrari,0 days 00:17:58.499000,2021-09-25 12:02:58.581,1,,False,,False,True
0 days 00:21:41.109000,LEC,16,0 days 00:01:52.318000,3.0,1.0,,,0 days 00:00:38.134000,0 days 00:00:37.614000,0 days 00:00:36.570000,0 days 00:20:26.925000,0 days 00:21:04.539000,0 days 00:21:41.109000,246.0,300.0,150.0,286.0,False,INTERMEDIATE,3.0,True,Ferrari,0 days 00:19:48.791000,2021-09-25 12:04:48.873,12,,False,,False,True
0 days 00:23:29.847000,LEC,16,0 days 00:01:48.738000,4.0,1.0,,,0 days 00:00:38.618000,0 days 00:00:37.303000,0 days 00:00:32.817000,0 days 00:22:19.727000,0 days 00:22:57.030000,0 days 00:23:29.847000,251.0,292.0,125.0,288.0,True,INTERMEDIATE,4.0,True,Ferrari,0 days 00:21:41.109000,2021-09-25 12:06:41.191,21,,False,,False,True
0 days 00:25:28.267000,LEC,16,0 days 00:01:58.420000,5.0,1.0,,,0 days 00:00:38.343000,0 days 00:00:37.739000,0 days 00:00:42.338000,0 days 00:24:08.190000,0 days 00:24:45.929000,0 days 00:25:28.267000,241.0,297.0,148.0,291.0,False,INTERMEDIATE,5.0,True,Ferrari,0 days 00:23:29.847000,2021-09-25 12:08:29.929,1,,False,,False,True
0 days 00:27:17.016000,LEC,16,0 days 00:01:48.749000,6.0,1.0,,,0 days 00:00:38.090000,0 days 00:00:37.677000,0 days 00:00:32.982000,0 days 00:26:06.357000,0 days 00:26:44.034000,0 days 00:27:17.016000,257.0,293.0,140.0,291.0,False,INTERMEDIATE,6.0,True,Ferrari,0 days 00:25:28.267000,2021-09-25 12:10:28.349,12,,False,,False,True
0 days 00:29:05.742000,LEC,16,0 days 00:01:48.726000,7.0,1.0,,,0 days 00:00:38.369000,0 days 00:00:37.482000,0 days 00:00:32.875000,0 days 00:27:55.385000,0 days 00:28:32.867000,0 days 00:29:05.742000,253.0,290.0,138.0,283.0,True,INTERMEDIATE,7.0,True,Ferrari,0 days 00:27:17.016000,2021-09-25 12:12:17.098,1,,False,,False,True
0 days 00:31:17.121000,LEC,16,0 days 00:02:11.379000,8.0,1.0,,,0 days 00:00:46.147000,0 days 00:00:47.891000,0 days 00:00:37.341000,0 days 00:29:51.889000,0 days 00:30:39.780000,0 days 00:31:17.121000,126.0,211.0,138.0,287.0,False,INTERMEDIATE,8.0,True,Ferrari,0 days 00:29:05.742000,2021-09-25 12:14:05.824,12,,False,,False,True
0 days 00:33:05.591000,LEC,16,0 days 00:01:48.470000,9.0,1.0,,,0 days 00:00:38.436000,0 days 00:00:37.449000,0 days 00:00:32.585000,0 days 00:31:55.557000,0 days 00:32:33.006000,0 days 00:33:05.591000,253.0,292.0,133.0,295.0,True,INTERMEDIATE,9.0,True,Ferrari,0 days 00:31:17.121000,2021-09-25 12:16:17.203,1,,False,,False,True
0 days 00:35:20.940000,LEC,16,0 days 00:02:15.349000,10.0,1.0,,0 days 00:35:11.535000,0 days 00:00:50.432000,0 days 00:00:42.455000,0 days 00:00:42.462000,0 days 00:33:56.023000,0 days 00:34:38.478000,0 days 00:35:20.940000,185.0,268.0,,180.0,False,INTERMEDIATE,10.0,True,Ferrari,0 days 00:33:05.591000,2021-09-25 12:18:05.673,1,,False,,False,False
0 days 00:17:28.667000,RAI,7,,1.0,1.0,0 days 00:15:10.024000,,,0 days 00:00:45.825000,0 days 00:00:40.750000,,0 days 00:16:48.056000,0 days 00:17:28.884000,154.0,254.0,126.0,169.0,False,INTERMEDIATE,1.0,True,Alfa Romeo Racing,0 days 00:15:10.024000,2021-09-25 12:00:10.106,1,,False,,False,False
0 days 00:19:23.815000,RAI,7,0 days 00:01:55.148000,2.0,1.0,,,0 days 00:00:40.668000,0 days 00:00:39.372000,0 days 00:00:35.108000,0 days 00:18:09.335000,0 days 00:18:48.707000,0 days 00:19:23.815000,233.0,290.0,125.0,280.0,True,INTERMEDIATE,2.0,True,Alfa Romeo Racing,0 days 00:17:28.667000,2021-09-25 12:02:28.749,1,,False,,False,True
0 days 00:21:16.550000,RAI,7,0 days 00:01:52.735000,3.0,1.0,,,0 days 00:00:39.862000,0 days 00:00:38.625000,0 days 00:00:34.248000,0 days 00:20:03.677000,0 days 00:20:42.302000,0 days 00:21:16.550000,219.0,296.0,140.0,286.0,True,INTERMEDIATE,3.0,True,Alfa Romeo Racing,0 days 00:19:23.815000,2021-09-25 12:04:23.897,1,,False,,False,True
0 days 00:23:26.082000,RAI,7,0 days 00:02:09.532000,4.0,1.0,,,0 days 00:00:45.120000,0 days 00:00:43.215000,0 days 00:00:41.197000,0 days 00:22:01.670000,0 days 00:22:44.885000,0 days 00:23:26.082000,180.0,270.0,138.0,266.0,False,INTERMEDIATE,4.0,True,Alfa Romeo Racing,0 days 00:21:16.550000,2021-09-25 12:06:16.632,12,,False,,False,True
0 days 00:25:17.618000,RAI,7,0 days 00:01:51.536000,5.0,1.0,,,0 days 00:00:39.454000,0 days 00:00:38.451000,0 days 00:00:33.631000,0 days 00:24:05.536000,0 days 00:24:43.987000,0 days 00:25:17.618000,245.0,293.0,137.0,292.0,True,INTERMEDIATE,5.0,True,Alfa Romeo Racing,0 days 00:23:26.082000,2021-09-25 12:08:26.164,1,,False,,False,True
0 days 00:27:19.372000,RAI,7,0 days 00:02:01.754000,6.0,1.0,,0 days 00:27:10.754000,0 days 00:00:41.160000,0 days 00:00:40.963000,0 days 00:00:39.631000,0 days 00:25:58.778000,0 days 00:26:39.741000,0 days 00:27:19.372000,221.0,269.0,,259.0,False,INTERMEDIATE,6.0,True,Alfa Romeo Racing,0 days 00:25:17.618000,2021-09-25 12:10:17.700,12,,False,,False,False
0 days 00:30:01.122000,RAI,7,,7.0,2.0,0 days 00:27:50.160000,,0 days 00:01:18.206000,0 days 00:00:42.169000,0 days 00:00:41.413000,0 days 00:28:37.582000,0 days 00:29:19.734000,0 days 00:30:01.376000,196.0,268.0,137.0,105.0,False,INTERMEDIATE,1.0,True,Alfa Romeo Racing,0 days 00:27:19.372000,2021-09-25 12:12:19.454,1,,False,,False,False
0 days 00:31:51.681000,RAI,7,0 days 00:01:50.559000,8.0,2.0,,,0 days 00:00:39.113000,0 days 00:00:37.981000,0 days 00:00:33.465000,0 days 00:30:40.235000,0 days 00:31:18.216000,0 days 00:31:51.681000,249.0,291.0,138.0,292.0,True,INTERMEDIATE,2.0,True,Alfa Romeo Racing,0 days 00:30:01.122000,2021-09-25 12:15:01.204,12,,False,,False,True
0 days 00:33:41.267000,RAI,7,0 days 00:01:49.586000,9.0,2.0,,,0 days 00:00:38.456000,0 days 00:00:37.917000,0 days 00:00:33.213000,0 days 00:32:30.137000,0 days 00:33:08.054000,0 days 00:33:41.267000,245.0,281.0,135.0,292.0,True,INTERMEDIATE,3.0,True,Alfa Romeo Racing,0 days 00:31:51.681000,2021-09-25 12:16:51.763,1,,False,,False,True
0 days 00:35:51.444000,RAI,7,0 days 00:02:10.177000,10.0,2.0,,0 days 00:35:41.859000,0 days 00:00:45.068000,0 days 00:00:43.404000,0 days 00:00:41.705000,0 days 00:34:26.335000,0 days 00:35:09.739000,0 days 00:35:51.444000,180.0,243.0,,257.0,False,INTERMEDIATE,4.0,True,Alfa Romeo Racing,0 days 00:33:41.267000,2021-09-25 12:18:41.349,1,,False,,False,False
0 days 00:18:17.672000,MSC,47,,1.0,1.0,0 days 00:15:30.337000,,,0 days 00:00:46.471000,0 days 00:01:05.585000,,0 days 00:17:12.679000,0 days 00:18:17.848000,153.0,200.0,121.0,160.0,False,INTERMEDIATE,1.0,True,Haas F1 Team,0 days 00:15:30.337000,2021-09-25 12:00:30.419,1,,False,,False,False
0 days 00:20:18.089000,MSC,47,0 days 00:02:00.417000,2.0,1.0,,,0 days 00:00:41.778000,0 days 00:00:41.658000,0 days 00:00:36.981000,0 days 00:18:59.450000,0 days 00:19:41.108000,0 days 00:20:18.089000,204.0,283.0,126.0,268.0,True,INTERMEDIATE,2.0,True,Haas F1 Team,0 days 00:18:17.672000,2021-09-25 12:03:17.754,1,,False,,False,True
0 days 00:22:21.466000,MSC,47,0 days 00:02:03.377000,3.0,1.0,,,0 days 00:00:41.743000,0 days 00:00:40.517000,0 days 00:00:41.117000,0 days 00:20:59.832000,0 days 00:21:40.349000,0 days 00:22:21.466000,168.0,284.0,127.0,286.0,False,INTERMEDIATE,3.0,True,Haas F1 Team,0 days 00:20:18.089000,2021-09-25 12:05:18.171,12,,False,,False,True
0 days 00:24:24.248000,MSC,47,0 days 00:02:02.782000,4.0,1.0,,0 days 00:24:15.391000,0 days 00:00:40.937000,0 days 00:00:39.248000,0 days 00:00:42.597000,0 days 00:23:02.403000,0 days 00:23:41.651000,0 days 00:24:24.248000,216.0,296.0,,232.0,False,INTERMEDIATE,4.0,True,Haas F1 Team,0 days 00:22:21.466000,2021-09-25 12:07:21.548,1,,False,,False,False
0 days 00:26:58.458000,MSC,47,,5.0,2.0,0 days 00:24:50.910000,,0 days 00:01:09.910000,0 days 00:00:41.796000,0 days 00:00:42.582000,0 days 00:25:34.223000,0 days 00:26:16.017000,0 days 00:26:58.712000,203.0,268.0,132.0,210.0,False,INTERMEDIATE,1.0,True,Haas F1 Team,0 days 00:24:24.248000,2021-09-25 12:09:24.330,12,,False,,False,False
0 days 00:28:50.574000,MSC,47,0 days 00:01:52.116000,6.0,2.0,,,0 days 00:00:38.948000,0 days 00:00:38.874000,0 days 00:00:34.294000,0 days 00:27:37.406000,0 days 00:28:16.280000,0 days 00:28:50.574000,227.0,296.0,133.0,279.0,True,INTERMEDIATE,2.0,True,Haas F1 Team,0 days 00:26:58.458000,2021-09-25 12:11:58.540,1,,False,,False,True
0 days 00:30:41.450000,MSC,47,0 days 00:01:50.876000,7.0,2.0,,,0 days 00:00:38.769000,0 days 00:00:38.360000,0 days 00:00:33.747000,0 days 00:29:29.343000,0 days 00:30:07.703000,0 days 00:30:41.450000,219.0,296.0,136.0,276.0,True,INTERMEDIATE,3.0,True,Haas F1 Team,0 days 00:28:50.574000,2021-09-25 12:13:50.656,12,,False,,False,True
0 days 00:32:36.496000,MSC,47,0 days 00:01:55.046000,8.0,2.0,,,0 days 00:00:40.275000,0 days 00:00:39.684000,0 days 00:00:35.087000,0 days 00:31:21.725000,0 days 00:32:01.409000,0 days 00:32:36.496000,214.0,280.0,138.0,266.0,False,INTERMEDIATE,4.0,True,Haas F1 Team,0 days 00:30:41.450000,2021-09-25 12:15:41.532,1,,False,,False,True
0 days 00:34:26.326000,MSC,47,0 days 00:01:49.830000,9.0,2.0,,,0 days 00:00:38.233000,0 days 00:00:37.993000,0 days 00:00:33.604000,0 days 00:33:14.729000,0 days 00:33:52.722000,0 days 00:34:26.326000,239.0,295.0,133.0,289.0,True,INTERMEDIATE,5.0,True,Haas F1 Team,0 days 00:32:36.496000,2021-09-25 12:17:36.578,1,,False,,False,True
0 days 00:36:32.917000,MSC,47,0 days 00:02:06.591000,10.0,2.0,,0 days 00:36:24.404000,0 days 00:00:44.324000,0 days 00:00:40.627000,0 days 00:00:41.640000,0 days 00:35:10.650000,0 days 00:35:51.277000,0 days 00:36:32.917000,214.0,275.0,,208.0,False,INTERMEDIATE,6.0,True,Haas F1 Team,0 days 00:34:26.326000,2021-09-25 12:19:26.408,1,,False,,False,False
0 days 00:17:47.409000,GIO,99,,1.0,1.0,0 days 00:15:12.836000,,,0 days 00:00:45.533000,0 days 00:00:46.428000,,0 days 00:17:01.027000,0 days 00:17:47.621000,167.0,197.0,116.0,155.0,False,INTERMEDIATE,1.0,True,Alfa Romeo Racing,0 days 00:15:12.836000,2021-09-25 12:00:12.918,1,,False,,False,False
0 days 00:19:45.404000,GIO,99,0 days 00:01:57.995000,2.0,1.0,,,0 days 00:00:41.855000,0 days 00:00:40.338000,0 days 00:00:35.802000,0 days 00:18:29.264000,0 days 00:19:09.602000,0 days 00:19:45.404000,204.0,257.0,127.0,254.0,True,INTERMEDIATE,2.0,True,Alfa Romeo Racing,0 days 00:17:47.409000,2021-09-25 12:02:47.491,1,,False,,False,True
0 days 00:22:09.343000,GIO,99,0 days 00:02:23.939000,3.0,1.0,,,0 days 00:00:39.596000,0 days 00:00:38.802000,0 days 00:01:05.541000,0 days 00:20:25,0 days 00:21:03.802000,0 days 00:22:09.343000,224.0,295.0,129.0,262.0,False,INTERMEDIATE,3.0,True,Alfa Romeo Racing,0 days 00:19:45.404000,2021-09-25 12:04:45.486,12,,False,,False,True
0 days 00:24:22.463000,GIO,99,0 days 00:02:13.120000,4.0,1.0,,0 days 00:24:13.899000,0 days 00:00:44.321000,0 days 00:00:43.052000,0 days 00:00:45.747000,0 days 00:22:53.664000,0 days 00:23:36.716000,0 days 00:24:22.463000,171.0,200.0,,188.0,False,INTERMEDIATE,4.0,True,Alfa Romeo Racing,0 days 00:22:09.343000,2021-09-25 12:07:09.425,1,,False,,False,False
0 days 00:27:04.358000,GIO,99,,5.0,2.0,0 days 00:24:47.941000,,0 days 00:01:09.173000,0 days 00:00:45.322000,0 days 00:00:47.419000,0 days 00:25:31.735000,0 days 00:26:16.939000,0 days 00:27:04.611000,178.0,122.0,133.0,197.0,False,INTERMEDIATE,1.0,True,Alfa Romeo Racing,0 days 00:24:22.463000,2021-09-25 12:09:22.545,12,,False,,False,False
0 days 00:28:57.701000,GIO,99,0 days 00:01:53.343000,6.0,2.0,,,0 days 00:00:40.812000,0 days 00:00:38.844000,0 days 00:00:33.687000,0 days 00:27:45.170000,0 days 00:28:24.014000,0 days 00:28:57.701000,232.0,294.0,144.0,275.0,True,INTERMEDIATE,2.0,True,Alfa Romeo Racing,0 days 00:27:04.358000,2021-09-25 12:12:04.440,1,,False,,False,True
0 days 00:31:08.358000,GIO,99,0 days 00:02:10.657000,7.0,2.0,,,0 days 00:00:44.842000,0 days 00:00:45.092000,0 days 00:00:40.723000,0 days 00:29:42.543000,0 days 00:30:27.635000,0 days 00:31:08.358000,177.0,237.0,133.0,160.0,False,INTERMEDIATE,3.0,True,Alfa Romeo Racing,0 days 00:28:57.701000,2021-09-25 12:13:57.783,12,,False,,False,True
0 days 00:32:59.381000,GIO,99,0 days 00:01:51.023000,8.0,2.0,,,0 days 00:00:39.191000,0 days 00:00:38.202000,0 days 00:00:33.630000,0 days 00:31:47.549000,0 days 00:32:25.751000,0 days 00:32:59.381000,232.0,296.0,138.0,279.0,True,INTERMEDIATE,4.0,True,Alfa Romeo Racing,0 days 00:31:08.358000,2021-09-25 12:16:08.440,1,,False,,False,True
0 days 00:36:03.408000,GIO,99,0 days 00:03:04.027000,9.0,2.0,,0 days 00:35:10.330000,0 days 00:00:48.105000,0 days 00:00:46.128000,0 days 00:01:29.794000,0 days 00:33:47.486000,0 days 00:34:33.614000,0 days 00:36:03.408000,155.0,173.0,,148.0,False,INTERMEDIATE,5.0,True,Alfa Romeo Racing,0 days 00:32:59.381000,2021-09-25 12:17:59.463,1,,False,,False,False
0 days 00:18:13.548000,MAZ,9,,1.0,1.0,0 days 00:15:24.073000,,,0 days 00:00:46.019000,0 days 00:01:03.329000,,0 days 00:17:10.306000,0 days 00:18:13.788000,159.0,229.0,113.0,173.0,False,INTERMEDIATE,1.0,True,Haas F1 Team,0 days 00:15:24.073000,2021-09-25 12:00:24.155,1,,False,,False,False
0 days 00:20:15.964000,MAZ,9,0 days 00:02:02.416000,2.0,1.0,,,0 days 00:00:43.816000,0 days 00:00:41.125000,0 days 00:00:37.475000,0 days 00:18:57.364000,0 days 00:19:38.489000,0 days 00:20:15.964000,202.0,289.0,133.0,254.0,True,INTERMEDIATE,2.0,True,Haas F1 Team,0 days 00:18:13.548000,2021-09-25 12:03:13.630,1,,False,,False,True
0 days 00:22:15.662000,MAZ,9,0 days 00:01:59.698000,3.0,1.0,,,0 days 00:00:41.527000,0 days 00:00:39.894000,0 days 00:00:38.277000,0 days 00:20:57.491000,0 days 00:21:37.385000,0 days 00:22:15.662000,214.0,296.0,125.0,247.0,True,INTERMEDIATE,3.0,True,Haas F1 Team,0 days 00:20:15.964000,2021-09-25 12:05:16.046,12,,False,,False,True
0 days 00:24:12.099000,MAZ,9,0 days 00:01:56.437000,4.0,1.0,,,0 days 00:00:40.870000,0 days 00:00:40.003000,0 days 00:00:35.564000,0 days 00:22:56.532000,0 days 00:23:36.535000,0 days 00:24:12.099000,206.0,281.0,138.0,249.0,True,INTERMEDIATE,4.0,True,Haas F1 Team,0 days 00:22:15.662000,2021-09-25 12:07:15.744,1,,False,,False,True
0 days 00:26:06.280000,MAZ,9,0 days 00:01:54.181000,5.0,1.0,,,0 days 00:00:39.988000,0 days 00:00:39.158000,0 days 00:00:35.035000,0 days 00:24:52.087000,0 days 00:25:31.245000,0 days 00:26:06.280000,225.0,293.0,141.0,276.0,True,INTERMEDIATE,5.0,True,Haas F1 Team,0 days 00:24:12.099000,2021-09-25 12:09:12.181,1,,False,,False,True
0 days 00:28:08.603000,MAZ,9,0 days 00:02:02.323000,6.0,1.0,,0 days 00:27:59.571000,0 days 00:00:41.540000,0 days 00:00:40.042000,0 days 00:00:40.741000,0 days 00:26:47.820000,0 days 00:27:27.862000,0 days 00:28:08.603000,211.0,284.0,,253.0,False,INTERMEDIATE,6.0,True,Haas F1 Team,0 days 00:26:06.280000,2021-09-25 12:11:06.362,12,,False,,False,False
0 days 00:30:48.560000,MAZ,9,,7.0,2.0,0 days 00:28:46.180000,,0 days 00:01:24.466000,0 days 00:00:39.942000,0 days 00:00:35.542000,0 days 00:29:33.169000,0 days 00:30:13.038000,0 days 00:30:48.778000,207.0,294.0,137.0,246.0,False,INTERMEDIATE,1.0,True,Haas F1 Team,0 days 00:28:08.603000,2021-09-25 12:13:08.685,12,,False,,False,False
0 days 00:32:50.865000,MAZ,9,0 days 00:02:02.305000,8.0,2.0,,,0 days 00:00:40.650000,0 days 00:00:38.939000,0 days 00:00:42.716000,0 days 00:31:29.210000,0 days 00:32:08.149000,0 days 00:32:50.865000,233.0,296.0,131.0,266.0,False,INTERMEDIATE,2.0,True,Haas F1 Team,0 days 00:30:48.560000,2021-09-25 12:15:48.642,1,,False,,False,True
0 days 00:34:44.629000,MAZ,9,0 days 00:01:53.764000,9.0,2.0,,,0 days 00:00:39.912000,0 days 00:00:38.853000,0 days 00:00:34.999000,0 days 00:33:30.777000,0 days 00:34:09.630000,0 days 00:34:44.629000,223.0,297.0,141.0,239.0,True,INTERMEDIATE,3.0,True,Haas F1 Team,0 days 00:32:50.865000,2021-09-25 12:17:50.947,1,,False,,False,True
0 days 00:36:56.681000,MAZ,9,0 days 00:02:12.052000,10.0,2.0,,0 days 00:36:47.810000,0 days 00:00:47.268000,0 days 00:00:43.579000,0 days 00:00:41.205000,0 days 00:35:31.897000,0 days 00:36:15.476000,0 days 00:36:56.681000,183.0,264.0,,204.0,False,INTERMEDIATE,4.0,True,Haas F1 Team,0 days 00:34:44.629000,2021-09-25 12:19:44.711,1,,False,,False,False
0 days 00:19:21.164000,VER,33,,1.0,1.0,0 days 00:16:37.630000,,,0 days 00:00:45.319000,0 days 00:01:15.565000,,0 days 00:18:05.621000,0 days 00:19:21.408000,200.0,253.0,121.0,210.0,False,INTERMEDIATE,1.0,True,Red Bull Racing,0 days 00:16:37.630000,2021-09-25 12:01:37.712,1,,False,,False,False
0 days 00:21:20.686000,VER,33,0 days 00:01:59.522000,2.0,1.0,,0 days 00:21:10.821000,0 days 00:00:38.599000,0 days 00:00:38.060000,0 days 00:00:42.863000,0 days 00:19:59.763000,0 days 00:20:37.823000,0 days 00:21:20.686000,252.0,305.0,,274.0,False,INTERMEDIATE,2.0,True,Red Bull Racing,0 days 00:19:21.164000,2021-09-25 12:04:21.246,1,,False,,False,False
