Time,Driver,DriverNumber,LapTime,LapNumber,Stint,PitOutTime,PitInTime,Sector1Time,Sector2Time,Sector3Time,Sector1SessionTime,Sector2SessionTime,Sector3SessionTime,SpeedI1,SpeedI2,SpeedFL,SpeedST,IsPersonalBest,Compound,TyreLife,FreshTyre,Team,LapStartTime,LapStartDate,TrackStatus,Position,Deleted,DeletedReason,FastF1Generated,IsAccurate
0 days 00:21:51.109000,HAM,44,,1.0,1.0,0 days 00:20:18.818000,,,0 days 00:00:51.690000,0 days 00:00:17.924000,,0 days 00:21:33.314000,0 days 00:21:51.356000,258.0,184.0,311.0,,False,SOFT,1.0,True,Mercedes,0 days 00:20:18.818000,2021-11-12 19:05:18.827,1,,False,,False,False
0 days 00:22:59.933000,HAM,44,0 days 00:01:08.824000,2.0,1.0,,,0 days 00:00:17.846000,0 days 00:00:34.796000,0 days 00:00:16.182000,0 days 00:22:08.955000,0 days 00:22:43.751000,0 days 00:22:59.933000,317.0,264.0,311.0,314.0,True,SOFT,2.0,True,Mercedes,0 days 00:21:51.109000,2021-11-12 19:06:51.118,1,,False,,False,True
0 days 00:25:07.299000,HAM,44,0 days 00:02:07.366000,3.0,1.0,,,0 days 00:00:35.021000,0 days 00:01:09.169000,0 days 00:00:23.176000,0 days 00:23:34.954000,0 days 00:24:44.123000,0 days 00:25:07.299000,139.0,185.0,255.0,226.0,False,SOFT,3.0,True,Mercedes,0 days 00:22:59.933000,2021-11-12 19:07:59.942,1,,False,,False,True
0 days 00:26:43.096000,HAM,44,0 days 00:01:35.797000,4.0,1.0,,,0 days 00:00:26.489000,0 days 00:00:52.006000,0 days 00:00:17.302000,0 days 00:25:33.788000,0 days 00:26:25.794000,0 days 00:26:43.096000,277.0,202.0,315.0,241.0,False,SOFT,4.0,True,Mercedes,0 days 00:25:07.299000,2021-11-12 19:10:07.308,1,,False,,False,True
0 days 00:27:51.829000,HAM,44,0 days 00:01:08.733000,5.0,1.0,,,0 days 00:00:17.680000,0 days 00:00:34.968000,0 days 00:00:16.085000,0 days 00:27:00.776000,0 days 00:27:35.744000,0 days 00:27:51.829000,319.0,265.0,319.0,319.0,True,SOFT,5.0,True,Mercedes,0 days 00:26:43.096000,2021-11-12 19:11:43.105,1,,False,,False,True
0 days 00:29:15.538000,HAM,44,0 days 00:01:23.709000,6.0,1.0,,0 days 00:29:12.665000,0 days 00:00:20.818000,0 days 00:00:39.624000,0 days 00:00:23.267000,0 days 00:28:12.647000,0 days 00:28:52.271000,0 days 00:29:15.538000,287.0,219.0,,269.0,False,SOFT,6.0,True,Mercedes,0 days 00:27:51.829000,2021-11-12 19:12:51.838,1,,False,,False,False
0 days 00:32:50.568000,HAM,44,,7.0,2.0,0 days 00:31:05.873000,,,0 days 00:00:59.852000,0 days 00:00:18.565000,,0 days 00:32:32.044000,0 days 00:32:50.814000,179.0,59.0,322.0,269.0,False,SOFT,7.0,False,Mercedes,0 days 00:29:15.538000,2021-11-12 19:14:15.547,1,,False,,False,False
0 days 00:34:01.085000,HAM,44,0 days 00:01:10.517000,8.0,2.0,,,0 days 00:00:17.630000,0 days 00:00:35.139000,0 days 00:00:17.748000,0 days 00:33:08.198000,0 days 00:33:43.337000,0 days 00:34:01.085000,323.0,266.0,289.0,327.0,False,SOFT,8.0,False,Mercedes,0 days 00:32:50.568000,2021-11-12 19:17:50.577,1,,False,,False,True
0 days 00:35:32.728000,HAM,44,0 days 00:01:31.643000,9.0,2.0,,0 days 00:35:29.824000,0 days 00:00:23.224000,0 days 00:00:41.789000,0 days 00:00:26.630000,0 days 00:34:24.309000,0 days 00:35:06.098000,0 days 00:35:32.728000,290.0,217.0,,218.0,False,SOFT,9.0,False,Mercedes,0 days 00:34:01.085000,2021-11-12 19:19:01.094,1,,False,,False,False
0 days 00:45:01.498000,HAM,44,,10.0,3.0,0 days 00:43:26.496000,,,0 days 00:00:52.423000,0 days 00:00:17.795000,,0 days 00:44:43.786000,0 days 00:45:01.534000,194.0,201.0,314.0,218.0,False,SOFT,1.0,True,Mercedes,0 days 00:35:32.728000,2021-11-12 19:20:32.737,1,,False,,False,False
0 days 00:46:10.157000,HAM,44,0 days 00:01:08.659000,11.0,3.0,,,0 days 00:00:17.645000,0 days 00:00:34.932000,0 days 00:00:16.082000,0 days 00:45:19.143000,0 days 00:45:54.075000,0 days 00:46:10.157000,319.0,264.0,318.0,318.0,False,SOFT,2.0,True,Mercedes,0 days 00:45:01.498000,2021-11-12 19:30:01.507,1,,True,TRACK LIMITS AT TURN 4,False,True
0 days 00:48:02.123000,HAM,44,0 days 00:01:51.966000,12.0,3.0,,,0 days 00:00:30.878000,0 days 00:01:03.464000,0 days 00:00:17.624000,0 days 00:46:41.035000,0 days 00:47:44.499000,0 days 00:48:02.123000,161.0,124.0,315.0,263.0,True,SOFT,3.0,True,Mercedes,0 days 00:46:10.157000,2021-11-12 19:31:10.166,1,,False,,False,True
0 days 00:49:10.509000,HAM,44,0 days 00:01:08.386000,13.0,3.0,,,0 days 00:00:17.675000,0 days 00:00:34.659000,0 days 00:00:16.052000,0 days 00:48:19.798000,0 days 00:48:54.457000,0 days 00:49:10.509000,319.0,266.0,316.0,318.0,True,SOFT,4.0,True,Mercedes,0 days 00:48:02.123000,2021-11-12 19:33:02.132,1,,False,,False,True
0 days 00:50:30.775000,HAM,44,0 days 00:01:20.266000,14.0,3.0,,0 days 00:50:27.918000,0 days 00:00:19.558000,0 days 00:00:40.026000,0 days 00:00:20.682000,0 days 00:49:30.067000,0 days 00:50:10.093000,0 days 00:50:30.775000,287.0,243.0,,303.0,False,SOFT,5.0,True,Mercedes,0 days 00:49:10.509000,2021-11-12 19:34:10.518,1,,False,,False,False
0 days 00:54:29.288000,HAM,44,,15.0,4.0,0 days 00:52:37.074000,,,0 days 00:00:52.747000,0 days 00:00:20.183000,,0 days 00:54:09.205000,0 days 00:54:29.325000,271.0,52.0,319.0,303.0,False,SOFT,1.0,True,Mercedes,0 days 00:50:30.775000,2021-11-12 19:35:30.784,1,,False,,False,False
0 days 00:55:37.356000,HAM,44,0 days 00:01:08.068000,16.0,4.0,,,0 days 00:00:17.465000,0 days 00:00:34.571000,0 days 00:00:16.032000,0 days 00:54:46.753000,0 days 00:55:21.324000,0 days 00:55:37.356000,323.0,267.0,323.0,324.0,True,SOFT,2.0,True,Mercedes,0 days 00:54:29.288000,2021-11-12 19:39:29.297,1,,False,,False,True
0 days 00:57:08.124000,HAM,44,0 days 00:01:30.768000,17.0,4.0,,0 days 00:57:05.235000,0 days 00:00:22.160000,0 days 00:00:44.898000,0 days 00:00:23.710000,0 days 00:55:59.516000,0 days 00:56:44.414000,0 days 00:57:08.124000,288.0,219.0,,254.0,False,SOFT,3.0,True,Mercedes,0 days 00:55:37.356000,2021-11-12 19:40:37.365,1,,False,,False,False
0 days 01:07:48.100000,HAM,44,,18.0,5.0,0 days 01:06:10.913000,,,0 days 00:00:45.329000,0 days 00:00:18.244000,,0 days 01:07:29.862000,0 days 01:07:48.124000,268.0,181.0,318.0,254.0,False,SOFT,1.0,True,Mercedes,0 days 00:57:08.124000,2021-11-12 19:42:08.133,1,,False,,False,False
0 days 01:08:56.207000,HAM,44,0 days 00:01:08.107000,19.0,5.0,,,0 days 00:00:17.461000,0 days 00:00:34.604000,0 days 00:00:16.042000,0 days 01:08:05.561000,0 days 01:08:40.165000,0 days 01:08:56.207000,323.0,267.0,322.0,322.0,True,SOFT,2.0,True,Mercedes,0 days 01:07:48.100000,2021-11-12 19:52:48.109,1,,False,,False,True
0 days 01:10:32,HAM,44,0 days 00:01:35.793000,20.0,5.0,,0 days 01:10:29.117000,0 days 00:00:22.347000,0 days 00:00:45.001000,0 days 00:00:28.445000,0 days 01:09:18.554000,0 days 01:10:03.555000,0 days 01:10:32,220.0,148.0,,288.0,False,SOFT,3.0,True,Mercedes,0 days 01:08:56.207000,2021-11-12 19:53:56.216,1,,False,,False,False
0 days 01:14:21.849000,HAM,44,,21.0,6.0,0 days 01:12:50.638000,,,0 days 00:00:45.995000,0 days 00:00:16.905000,,0 days 01:14:04.964000,0 days 01:14:21.877000,269.0,225.0,317.0,288.0,False,SOFT,1.0,True,Mercedes,0 days 01:10:32,2021-11-12 19:55:32.009,1,,False,,False,False
0 days 01:15:29.783000,HAM,44,0 days 00:01:07.934000,22.0,6.0,,,0 days 00:00:17.498000,0 days 00:00:34.445000,0 days 00:00:15.991000,0 days 01:14:39.347000,0 days 01:15:13.792000,0 days 01:15:29.783000,322.0,265.0,321.0,322.0,True,SOFT,2.0,True,Mercedes,0 days 01:14:21.849000,2021-11-12 19:59:21.858,1,,False,,False,True
0 days 01:17:10.175000,HAM,44,0 days 00:01:40.392000,23.0,6.0,,0 days 01:17:05.296000,0 days 00:00:26.619000,0 days 00:00:43.483000,0 days 00:00:30.290000,0 days 01:15:56.402000,0 days 01:16:39.885000,0 days 01:17:10.175000,197.0,177.0,,243.0,False,SOFT,3.0,True,Mercedes,0 days 01:15:29.783000,2021-11-12 20:00:29.792,1,,False,,False,False
0 days 00:19:16.140000,VER,33,,1.0,1.0,0 days 00:17:47.486000,,,0 days 00:00:53.129000,0 days 00:00:17.202000,,0 days 00:18:59.057000,0 days 00:19:16.420000,286.0,227.0,309.0,,False,SOFT,1.0,True,Red Bull Racing,0 days 00:17:47.486000,2021-11-12 19:02:47.495,1,,False,,False,False
0 days 00:20:25.469000,VER,33,0 days 00:01:09.329000,2.0,1.0,,,0 days 00:00:17.882000,0 days 00:00:35.159000,0 days 00:00:16.288000,0 days 00:19:34.022000,0 days 00:20:09.181000,0 days 00:20:25.469000,316.0,263.0,312.0,313.0,True,SOFT,2.0,True,Red Bull Racing,0 days 00:19:16.140000,2021-11-12 19:04:16.149,1,,False,,False,True
0 days 00:22:12.234000,VER,33,0 days 00:01:46.765000,3.0,1.0,,,0 days 00:00:29.137000,0 days 00:01:00.251000,0 days 00:00:17.377000,0 days 00:20:54.606000,0 days 00:21:54.857000,0 days 00:22:12.234000,179.0,222.0,311.0,272.0,False,SOFT,3.0,True,Red Bull Racing,0 days 00:20:25.469000,2021-11-12 19:05:25.478,1,,False,,False,True
0 days 00:23:21.772000,VER,33,0 days 00:01:09.538000,4.0,1.0,,,0 days 00:00:17.847000,0 days 00:00:35.295000,0 days 00:00:16.396000,0 days 00:22:30.081000,0 days 00:23:05.376000,0 days 00:23:21.772000,317.0,262.0,311.0,315.0,False,SOFT,4.0,True,Red Bull Racing,0 days 00:22:12.234000,2021-11-12 19:07:12.243,1,,False,,False,True
0 days 00:24:51.456000,VER,33,0 days 00:01:29.684000,5.0,1.0,,0 days 00:24:48.639000,0 days 00:00:21.765000,0 days 00:00:45.284000,0 days 00:00:22.635000,0 days 00:23:43.537000,0 days 00:24:28.821000,0 days 00:24:51.456000,261.0,217.0,,258.0,False,SOFT,5.0,True,Red Bull Racing,0 days 00:23:21.772000,2021-11-12 19:08:21.781,1,,False,,False,False
0 days 00:45:29.103000,VER,33,,6.0,2.0,0 days 00:43:39.323000,,,0 days 00:01:08.425000,0 days 00:00:17.196000,,0 days 00:45:11.907000,0 days 00:45:29.177000,291.0,198.0,312.0,258.0,False,SOFT,1.0,True,Red Bull Racing,0 days 00:24:51.456000,2021-11-12 19:09:51.465,1,,False,,False,False
0 days 00:46:37.670000,VER,33,0 days 00:01:08.567000,7.0,2.0,,,0 days 00:00:17.655000,0 days 00:00:34.753000,0 days 00:00:16.159000,0 days 00:45:46.758000,0 days 00:46:21.511000,0 days 00:46:37.670000,317.0,264.0,315.0,317.0,True,SOFT,2.0,True,Red Bull Racing,0 days 00:45:29.103000,2021-11-12 19:30:29.112,1,,False,,False,True
0 days 00:48:06.699000,VER,33,0 days 00:01:29.029000,8.0,2.0,,0 days 00:48:03.751000,0 days 00:00:20.681000,0 days 00:00:44.087000,0 days 00:00:24.261000,0 days 00:46:58.351000,0 days 00:47:42.438000,0 days 00:48:06.699000,271.0,194.0,,280.0,False,SOFT,3.0,True,Red Bull Racing,0 days 00:46:37.670000,2021-11-12 19:31:37.679,1,,False,,False,False
0 days 00:54:26.192000,VER,33,,9.0,3.0,0 days 00:52:33.086000,,,0 days 00:00:50.658000,0 days 00:00:20.904000,,0 days 00:54:05.288000,0 days 00:54:26.283000,259.0,121.0,312.0,280.0,False,SOFT,1.0,True,Red Bull Racing,0 days 00:48:06.699000,2021-11-12 19:33:06.708,1,,False,,False,False
0 days 00:55:34.691000,VER,33,0 days 00:01:08.499000,10.0,3.0,,,0 days 00:00:17.701000,0 days 00:00:34.666000,0 days 00:00:16.132000,0 days 00:54:43.893000,0 days 00:55:18.559000,0 days 00:55:34.691000,318.0,264.0,315.0,316.0,True,SOFT,2.0,True,Red Bull Racing,0 days 00:54:26.192000,2021-11-12 19:39:26.201,1,,False,,False,True
0 days 00:57:06.386000,VER,33,0 days 00:01:31.695000,11.0,3.0,,0 days 00:57:03.435000,0 days 00:00:21.735000,0 days 00:00:43.972000,0 days 00:00:25.988000,0 days 00:55:56.426000,0 days 00:56:40.398000,0 days 00:57:06.386000,215.0,177.0,,269.0,False,SOFT,3.0,True,Red Bull Racing,0 days 00:55:34.691000,2021-11-12 19:40:34.700,1,,False,,False,False
0 days 01:07:55.938000,VER,33,,12.0,4.0,0 days 01:06:13.888000,,,0 days 00:00:46.113000,0 days 00:00:16.872000,,0 days 01:07:39.066000,0 days 01:07:56.258000,259.0,234.0,314.0,269.0,False,SOFT,1.0,True,Red Bull Racing,0 days 00:57:06.386000,2021-11-12 19:42:06.395,1,,False,,False,False
0 days 01:09:04.310000,VER,33,0 days 00:01:08.372000,13.0,4.0,,,0 days 00:00:17.521000,0 days 00:00:34.696000,0 days 00:00:16.155000,0 days 01:08:13.459000,0 days 01:08:48.155000,0 days 01:09:04.310000,320.0,265.0,316.0,318.0,True,SOFT,2.0,True,Red Bull Racing,0 days 01:07:55.938000,2021-11-12 19:52:55.947,1,,False,,False,True
0 days 01:10:33.566000,VER,33,0 days 00:01:29.256000,14.0,4.0,,0 days 01:10:30.578000,0 days 00:00:20.175000,0 days 00:00:40.677000,0 days 00:00:28.404000,0 days 01:09:24.485000,0 days 01:10:05.162000,0 days 01:10:33.566000,276.0,163.0,,276.0,False,SOFT,3.0,True,Red Bull Racing,0 days 01:09:04.310000,2021-11-12 19:54:04.319,1,,False,,False,False
0 days 01:14:10.617000,VER,33,,15.0,5.0,0 days 01:12:38.230000,,,0 days 00:00:46.929000,0 days 00:00:16.647000,,0 days 01:13:54.075000,0 days 01:14:10.680000,260.0,240.0,312.0,276.0,False,SOFT,1.0,True,Red Bull Racing,0 days 01:10:33.566000,2021-11-12 19:55:33.575,1,,False,,False,False
0 days 01:15:19.262000,VER,33,0 days 00:01:08.645000,16.0,5.0,,,0 days 00:00:17.736000,0 days 00:00:34.646000,0 days 00:00:16.263000,0 days 01:14:28.353000,0 days 01:15:02.999000,0 days 01:15:19.262000,318.0,263.0,313.0,316.0,False,SOFT,2.0,True,Red Bull Racing,0 days 01:14:10.617000,2021-11-12 19:59:10.626,1,,False,,False,True
0 days 01:16:51.588000,VER,33,0 days 00:01:32.326000,17.0,5.0,,0 days 01:16:47.802000,0 days 00:00:25.048000,0 days 00:00:41.577000,0 days 00:00:25.701000,0 days 01:15:44.310000,0 days 01:16:25.887000,0 days 01:16:51.588000,258.0,218.0,,237.0,False,SOFT,3.0,True,Red Bull Racing,0 days 01:15:19.262000,2021-11-12 20:00:19.271,1,,False,,False,False
0 days 00:22:03.901000,BOT,77,,1.0,1.0,0 days 00:20:22.189000,,,0 days 00:00:59.132000,0 days 00:00:20.390000,,0 days 00:21:43.521000,0 days 00:22:04.130000,264.0,99.0,310.0,,False,SOFT,1.0,True,Mercedes,0 days 00:20:22.189000,2021-11-12 19:05:22.198,1,,False,,False,False
0 days 00:23:13.280000,BOT,77,0 days 00:01:09.379000,2.0,1.0,,,0 days 00:00:18.019000,0 days 00:00:35.173000,0 days 00:00:16.187000,0 days 00:22:21.920000,0 days 00:22:57.093000,0 days 00:23:13.280000,317.0,263.0,314.0,317.0,True,SOFT,2.0,True,Mercedes,0 days 00:22:03.901000,2021-11-12 19:07:03.910,1,,False,,False,True
0 days 00:25:13.353000,BOT,77,0 days 00:02:00.073000,3.0,1.0,,,0 days 00:00:25.540000,0 days 00:01:09.579000,0 days 00:00:24.954000,0 days 00:23:38.820000,0 days 00:24:48.399000,0 days 00:25:13.353000,179.0,79.0,264.0,245.0,False,SOFT,3.0,True,Mercedes,0 days 00:23:13.280000,2021-11-12 19:08:13.289,1,,False,,False,True
0 days 00:26:57.489000,BOT,77,0 days 00:01:44.136000,4.0,1.0,,,0 days 00:00:27.858000,0 days 00:00:58.860000,0 days 00:00:17.418000,0 days 00:25:41.211000,0 days 00:26:40.071000,0 days 00:26:57.489000,284.0,221.0,312.0,116.0,False,SOFT,4.0,True,Mercedes,0 days 00:25:13.353000,2021-11-12 19:10:13.362,1,,False,,False,True
0 days 00:28:06.727000,BOT,77,0 days 00:01:09.238000,5.0,1.0,,,0 days 00:00:17.952000,0 days 00:00:35.115000,0 days 00:00:16.171000,0 days 00:27:15.441000,0 days 00:27:50.556000,0 days 00:28:06.727000,315.0,264.0,315.0,317.0,True,SOFT,5.0,True,Mercedes,0 days 00:26:57.489000,2021-11-12 19:11:57.498,1,,False,,False,True
0 days 00:29:36.076000,BOT,77,0 days 00:01:29.349000,6.0,1.0,,0 days 00:29:33.172000,0 days 00:00:22.250000,0 days 00:00:42.336000,0 days 00:00:24.763000,0 days 00:28:28.977000,0 days 00:29:11.313000,0 days 00:29:36.076000,219.0,169.0,,272.0,False,SOFT,6.0,True,Mercedes,0 days 00:28:06.727000,2021-11-12 19:13:06.736,1,,False,,False,False
0 days 00:32:56.214000,BOT,77,,7.0,2.0,0 days 00:31:18.375000,,,0 days 00:01:01.758000,0 days 00:00:17.440000,,0 days 00:32:38.860000,0 days 00:32:56.441000,280.0,121.0,315.0,272.0,False,SOFT,7.0,False,Mercedes,0 days 00:29:36.076000,2021-11-12 19:14:36.085,1,,False,,False,False
0 days 00:34:05.254000,BOT,77,0 days 00:01:09.040000,8.0,2.0,,,0 days 00:00:17.774000,0 days 00:00:35.068000,0 days 00:00:16.198000,0 days 00:33:13.988000,0 days 00:33:49.056000,0 days 00:34:05.254000,322.0,265.0,319.0,321.0,True,SOFT,8.0,False,Mercedes,0 days 00:32:56.214000,2021-11-12 19:17:56.223,1,,False,,False,True
0 days 00:35:37.043000,BOT,77,0 days 00:01:31.789000,9.0,2.0,,0 days 00:35:34.045000,0 days 00:00:21.208000,0 days 00:00:44.240000,0 days 00:00:26.341000,0 days 00:34:26.462000,0 days 00:35:10.702000,0 days 00:35:37.043000,289.0,201.0,,268.0,False,SOFT,9.0,False,Mercedes,0 days 00:34:05.254000,2021-11-12 19:19:05.263,1,,False,,False,False
0 days 00:45:13.799000,BOT,77,,10.0,3.0,0 days 00:43:27.365000,,,0 days 00:00:57.798000,0 days 00:00:23.074000,,0 days 00:44:50.762000,0 days 00:45:13.828000,241.0,117.0,309.0,268.0,False,SOFT,1.0,True,Mercedes,0 days 00:35:37.043000,2021-11-12 19:20:37.052,1,,False,,False,False
0 days 00:46:22.772000,BOT,77,0 days 00:01:08.973000,11.0,3.0,,,0 days 00:00:17.928000,0 days 00:00:34.837000,0 days 00:00:16.208000,0 days 00:45:31.727000,0 days 00:46:06.564000,0 days 00:46:22.772000,318.0,266.0,320.0,317.0,True,SOFT,2.0,True,Mercedes,0 days 00:45:13.799000,2021-11-12 19:30:13.808,1,,False,,False,True
0 days 00:48:12.264000,BOT,77,0 days 00:01:49.492000,12.0,3.0,,,0 days 00:00:23.639000,0 days 00:01:06.812000,0 days 00:00:19.041000,0 days 00:46:46.411000,0 days 00:47:53.223000,0 days 00:48:12.264000,231.0,162.0,312.0,295.0,False,SOFT,3.0,True,Mercedes,0 days 00:46:22.772000,2021-11-12 19:31:22.781,1,,False,,False,True
0 days 00:49:20.963000,BOT,77,0 days 00:01:08.699000,13.0,3.0,,,0 days 00:00:17.825000,0 days 00:00:34.813000,0 days 00:00:16.061000,0 days 00:48:30.089000,0 days 00:49:04.902000,0 days 00:49:20.963000,317.0,265.0,318.0,317.0,True,SOFT,4.0,True,Mercedes,0 days 00:48:12.264000,2021-11-12 19:33:12.273,1,,False,,False,True
0 days 00:50:45.773000,BOT,77,0 days 00:01:24.810000,14.0,3.0,,0 days 00:50:42.708000,0 days 00:00:21.104000,0 days 00:00:40.058000,0 days 00:00:23.648000,0 days 00:49:42.067000,0 days 00:50:22.125000,0 days 00:50:45.773000,286.0,237.0,,266.0,False,SOFT,5.0,True,Mercedes,0 days 00:49:20.963000,2021-11-12 19:34:20.972,1,,False,,False,False
0 days 00:54:36.763000,BOT,77,,15.0,4.0,0 days 00:52:38.917000,,,0 days 00:00:55.807000,0 days 00:00:22.911000,,0 days 00:54:13.936000,0 days 00:54:36.880000,268.0,27.0,315.0,266.0,False,SOFT,1.0,True,Mercedes,0 days 00:50:45.773000,2021-11-12 19:35:45.782,1,,False,,False,False
0 days 00:55:45.189000,BOT,77,0 days 00:01:08.426000,16.0,4.0,,,0 days 00:00:17.663000,0 days 00:00:34.670000,0 days 00:00:16.093000,0 days 00:54:54.426000,0 days 00:55:29.096000,0 days 00:55:45.189000,318.0,265.0,318.0,321.0,True,SOFT,2.0,True,Mercedes,0 days 00:54:36.763000,2021-11-12 19:39:36.772,1,,False,,False,True
0 days 00:57:13.156000,BOT,77,0 days 00:01:27.967000,17.0,4.0,,0 days 00:57:10.051000,0 days 00:00:20.400000,0 days 00:00:41.710000,0 days 00:00:25.857000,0 days 00:56:05.589000,0 days 00:56:47.299000,0 days 00:57:13.156000,289.0,216.0,,270.0,False,SOFT,3.0,True,Mercedes,0 days 00:55:45.189000,2021-11-12 19:40:45.198,1,,False,,False,False
0 days 01:07:52.787000,BOT,77,,18.0,5.0,0 days 01:06:12.164000,,,0 days 00:00:47.289000,0 days 00:00:17.506000,,0 days 01:07:35.355000,0 days 01:07:52.813000,261.0,223.0,315.0,270.0,False,SOFT,1.0,True,Mercedes,0 days 00:57:13.156000,2021-11-12 19:42:13.165,1,,False,,False,False
0 days 01:09:01.256000,BOT,77,0 days 00:01:08.469000,19.0,5.0,,,0 days 00:00:17.709000,0 days 00:00:34.666000,0 days 00:00:16.094000,0 days 01:08:10.496000,0 days 01:08:45.162000,0 days 01:09:01.256000,319.0,266.0,318.0,319.0,True,SOFT,2.0,True,Mercedes,0 days 01:07:52.787000,2021-11-12 19:52:52.796,1,,False,,False,True
0 days 01:10:32.843000,BOT,77,0 days 00:01:31.587000,20.0,5.0,,0 days 01:10:29.795000,0 days 00:00:20.758000,0 days 00:00:42.746000,0 days 00:00:28.083000,0 days 01:09:22.014000,0 days 01:10:04.760000,0 days 01:10:32.843000,291.0,172.0,,281.0,False,SOFT,3.0,True,Mercedes,0 days 01:09:01.256000,2021-11-12 19:54:01.265,1,,False,,False,False
0 days 01:14:26.755000,BOT,77,,21.0,6.0,0 days 01:12:52.706000,,,0 days 00:00:47.313000,0 days 00:00:16.829000,,0 days 01:14:09.973000,0 days 01:14:26.765000,266.0,233.0,316.0,281.0,False,SOFT,1.0,True,Mercedes,0 days 01:10:32.843000,2021-11-12 19:55:32.852,1,,False,,False,False
0 days 01:15:35.282000,BOT,77,0 days 00:01:08.527000,22.0,6.0,,,0 days 00:00:17.606000,0 days 00:00:34.869000,0 days 00:00:16.052000,0 days 01:14:44.361000,0 days 01:15:19.230000,0 days 01:15:35.282000,319.0,265.0,319.0,322.0,False,SOFT,2.0,True,Mercedes,0 days 01:14:26.755000,2021-11-12 19:59:26.764,1,,False,,False,True
0 days 01:17:11.940000,BOT,77,0 days 00:01:36.658000,23.0,6.0,,0 days 01:17:06.621000,0 days 00:00:23.789000,0 days 00:00:42.875000,0 days 00:00:29.994000,0 days 01:15:59.071000,0 days 01:16:41.946000,0 days 01:17:11.940000,196.0,172.0,,280.0,False,SOFT,3.0,True,Mercedes,0 days 01:15:35.282000,2021-11-12 20:00:35.291,1,,False,,False,False
0 days 00:19:24.127000,PER,11,,1.0,1.0,0 days 00:17:53.074000,,,0 days 00:00:54.231000,0 days 00:00:17.785000,,0 days 00:19:06.367000,0 days 00:19:24.398000,286.0,228.0,309.0,,False,SOFT,1.0,True,Red Bull Racing,0 days 00:17:53.074000,2021-11-12 19:02:53.083,1,,False,,False,False
0 days 00:20:33.718000,PER,11,0 days 00:01:09.591000,2.0,1.0,,,0 days 00:00:18.101000,0 days 00:00:35.123000,0 days 00:00:16.367000,0 days 00:19:42.228000,0 days 00:20:17.351000,0 days 00:20:33.718000,316.0,262.0,311.0,313.0,True,SOFT,2.0,True,Red Bull Racing,0 days 00:19:24.127000,2021-11-12 19:04:24.136,1,,False,,False,True
0 days 00:22:20.586000,PER,11,0 days 00:01:46.868000,3.0,1.0,,,0 days 00:00:28.346000,0 days 00:01:00.632000,0 days 00:00:17.890000,0 days 00:21:02.064000,0 days 00:22:02.696000,0 days 00:22:20.586000,153.0,226.0,311.0,244.0,False,SOFT,3.0,True,Red Bull Racing,0 days 00:20:33.718000,2021-11-12 19:05:33.727,1,,False,,False,True
0 days 00:23:30.162000,PER,11,0 days 00:01:09.576000,4.0,1.0,,,0 days 00:00:18.010000,0 days 00:00:35.241000,0 days 00:00:16.325000,0 days 00:22:38.596000,0 days 00:23:13.837000,0 days 00:23:30.162000,317.0,262.0,316.0,315.0,True,SOFT,4.0,True,Red Bull Racing,0 days 00:22:20.586000,2021-11-12 19:07:20.595,1,,False,,False,True
0 days 00:25:14.235000,PER,11,0 days 00:01:44.073000,5.0,1.0,,,0 days 00:00:27.598000,0 days 00:00:58.832000,0 days 00:00:17.643000,0 days 00:23:57.760000,0 days 00:24:56.592000,0 days 00:25:14.235000,184.0,230.0,316.0,260.0,False,SOFT,5.0,True,Red Bull Racing,0 days 00:23:30.162000,2021-11-12 19:08:30.171,1,,False,,False,True
0 days 00:26:23.772000,PER,11,0 days 00:01:09.537000,6.0,1.0,,,0 days 00:00:17.931000,0 days 00:00:35.246000,0 days 00:00:16.360000,0 days 00:25:32.166000,0 days 00:26:07.412000,0 days 00:26:23.772000,317.0,263.0,313.0,318.0,True,SOFT,6.0,True,Red Bull Racing,0 days 00:25:14.235000,2021-11-12 19:10:14.244,1,,False,,False,True
0 days 00:27:52.528000,PER,11,0 days 00:01:28.756000,7.0,1.0,,0 days 00:27:48.879000,0 days 00:00:23.408000,0 days 00:00:41.164000,0 days 00:00:24.184000,0 days 00:26:47.180000,0 days 00:27:28.344000,0 days 00:27:52.528000,142.0,239.0,,269.0,False,SOFT,7.0,True,Red Bull Racing,0 days 00:26:23.772000,2021-11-12 19:11:23.781,1,,False,,False,False
0 days 00:32:37.565000,PER,11,,8.0,2.0,0 days 00:30:45.200000,,,0 days 00:01:11.952000,0 days 00:00:18.095000,,0 days 00:32:19.579000,0 days 00:32:37.806000,269.0,185.0,312.0,269.0,False,SOFT,1.0,True,Red Bull Racing,0 days 00:27:52.528000,2021-11-12 19:12:52.537,1,,False,,False,False
0 days 00:33:46.737000,PER,11,0 days 00:01:09.172000,9.0,2.0,,,0 days 00:00:17.844000,0 days 00:00:34.908000,0 days 00:00:16.420000,0 days 00:32:55.409000,0 days 00:33:30.317000,0 days 00:33:46.737000,318.0,263.0,300.0,317.0,True,SOFT,2.0,True,Red Bull Racing,0 days 00:32:37.565000,2021-11-12 19:17:37.574,1,,False,,False,True
0 days 00:35:21.012000,PER,11,0 days 00:01:34.275000,10.0,2.0,,0 days 00:35:18.137000,0 days 00:00:25.650000,0 days 00:00:43.167000,0 days 00:00:25.458000,0 days 00:34:12.387000,0 days 00:34:55.554000,0 days 00:35:21.012000,240.0,218.0,,233.0,False,SOFT,3.0,True,Red Bull Racing,0 days 00:33:46.737000,2021-11-12 19:18:46.746,1,,False,,False,False
0 days 00:45:47.745000,PER,11,,11.0,3.0,0 days 00:43:50.198000,,,0 days 00:01:00.659000,0 days 00:00:18.845000,,0 days 00:45:28.963000,0 days 00:45:47.811000,270.0,201.0,312.0,233.0,False,SOFT,4.0,False,Red Bull Racing,0 days 00:35:21.012000,2021-11-12 19:20:21.021,1,,False,,False,False
0 days 00:46:56.876000,PER,11,0 days 00:01:09.131000,12.0,3.0,,,0 days 00:00:17.820000,0 days 00:00:35.013000,0 days 00:00:16.298000,0 days 00:46:05.565000,0 days 00:46:40.578000,0 days 00:46:56.876000,317.0,262.0,315.0,316.0,True,SOFT,5.0,False,Red Bull Racing,0 days 00:45:47.745000,2021-11-12 19:30:47.754,1,,False,,False,True
0 days 00:48:26.697000,PER,11,0 days 00:01:29.821000,13.0,3.0,,0 days 00:48:23.701000,0 days 00:00:22.595000,0 days 00:00:42.286000,0 days 00:00:24.940000,0 days 00:47:19.471000,0 days 00:48:01.757000,0 days 00:48:26.697000,255.0,227.0,,264.0,False,SOFT,6.0,False,Red Bull Racing,0 days 00:46:56.876000,2021-11-12 19:31:56.885,1,,False,,False,False
0 days 00:54:07.066000,PER,11,,14.0,4.0,0 days 00:52:10.878000,,,0 days 00:00:58.617000,0 days 00:00:17.857000,,0 days 00:53:49.209000,0 days 00:54:07.115000,274.0,219.0,313.0,264.0,False,SOFT,1.0,True,Red Bull Racing,0 days 00:48:26.697000,2021-11-12 19:33:26.706,1,,False,,False,False
0 days 00:55:16.039000,PER,11,0 days 00:01:08.973000,15.0,4.0,,,0 days 00:00:17.816000,0 days 00:00:34.885000,0 days 00:00:16.272000,0 days 00:54:24.882000,0 days 00:54:59.767000,0 days 00:55:16.039000,318.0,264.0,315.0,316.0,True,SOFT,2.0,True,Red Bull Racing,0 days 00:54:07.066000,2021-11-12 19:39:07.075,1,,False,,False,True
0 days 00:56:53.681000,PER,11,0 days 00:01:37.642000,16.0,4.0,,0 days 00:56:50.425000,0 days 00:00:24.371000,0 days 00:00:45.907000,0 days 00:00:27.364000,0 days 00:55:40.410000,0 days 00:56:26.317000,0 days 00:56:53.681000,168.0,214.0,,253.0,False,SOFT,3.0,True,Red Bull Racing,0 days 00:55:16.039000,2021-11-12 19:40:16.048,1,,False,,False,False
0 days 01:07:43.825000,PER,11,,17.0,5.0,0 days 01:06:07.879000,,,0 days 00:00:49.752000,0 days 00:00:17.562000,,0 days 01:07:26.287000,0 days 01:07:43.828000,275.0,222.0,314.0,253.0,False,SOFT,1.0,True,Red Bull Racing,0 days 00:56:53.681000,2021-11-12 19:41:53.690,1,,False,,False,False
0 days 01:08:52.663000,PER,11,0 days 00:01:08.838000,18.0,5.0,,,0 days 00:00:17.715000,0 days 00:00:34.897000,0 days 00:00:16.226000,0 days 01:08:01.540000,0 days 01:08:36.437000,0 days 01:08:52.663000,320.0,264.0,316.0,316.0,True,SOFT,2.0,True,Red Bull Racing,0 days 01:07:43.825000,2021-11-12 19:52:43.834,1,,False,,False,True
0 days 01:10:23.652000,PER,11,0 days 00:01:30.989000,19.0,5.0,,0 days 01:10:19.970000,0 days 00:00:21.979000,0 days 00:00:41.547000,0 days 00:00:27.463000,0 days 01:09:14.642000,0 days 01:09:56.189000,0 days 01:10:23.652000,277.0,232.0,,250.0,False,SOFT,3.0,True,Red Bull Racing,0 days 01:08:52.663000,2021-11-12 19:53:52.672,1,,False,,False,False
0 days 01:14:15.829000,PER,11,,20.0,6.0,0 days 01:12:43.606000,,,0 days 00:00:47.674000,0 days 00:00:17.071000,,0 days 01:13:58.764000,0 days 01:14:15.843000,272.0,233.0,314.0,250.0,False,SOFT,1.0,True,Red Bull Racing,0 days 01:10:23.652000,2021-11-12 19:55:23.661,1,,False,,False,False
0 days 01:15:24.312000,PER,11,0 days 00:01:08.483000,21.0,6.0,,,0 days 00:00:17.651000,0 days 00:00:34.677000,0 days 00:00:16.155000,0 days 01:14:33.480000,0 days 01:15:08.157000,0 days 01:15:24.312000,320.0,263.0,315.0,318.0,True,SOFT,2.0,True,Red Bull Racing,0 days 01:14:15.829000,2021-11-12 19:59:15.838,1,,False,,False,True
0 days 01:16:54.587000,PER,11,,22.0,6.0,,0 days 01:16:54.587000,0 days 00:00:25.957000,0 days 00:00:42.013000,,0 days 01:15:50.270000,0 days 01:16:32.295000,,232.0,228.0,,240.0,False,SOFT,3.0,True,Red Bull Racing,0 days 01:15:24.312000,2021-11-12 20:00:24.321,1,,False,,False,False
0 days 00:16:57.865000,GAS,10,,1.0,1.0,0 days 00:15:15.759000,,,0 days 00:00:59.957000,0 days 00:00:20.333000,,0 days 00:16:37.654000,0 days 00:16:58.121000,266.0,212.0,314.0,,False,SOFT,7.0,False,AlphaTauri,0 days 00:15:15.759000,2021-11-12 19:00:15.768,1,,False,,False,False
0 days 00:18:07.927000,GAS,10,0 days 00:01:10.062000,2.0,1.0,,,0 days 00:00:18.138000,0 days 00:00:35.503000,0 days 00:00:16.421000,0 days 00:17:16.003000,0 days 00:17:51.506000,0 days 00:18:07.927000,318.0,264.0,316.0,317.0,True,SOFT,8.0,False,AlphaTauri,0 days 00:16:57.865000,2021-11-12 19:01:57.874,1,,False,,False,True
0 days 00:19:35.095000,GAS,10,0 days 00:01:27.168000,3.0,1.0,,0 days 00:19:32.250000,0 days 00:00:20.902000,0 days 00:00:42.380000,0 days 00:00:23.886000,0 days 00:18:28.829000,0 days 00:19:11.209000,0 days 00:19:35.095000,279.0,204.0,,278.0,False,SOFT,9.0,False,AlphaTauri,0 days 00:18:07.927000,2021-11-12 19:03:07.936,1,,False,,False,False
0 days 00:23:56.267000,GAS,10,,4.0,2.0,0 days 00:22:30.246000,,,0 days 00:00:45.950000,0 days 00:00:17.301000,,0 days 00:23:39.076000,0 days 00:23:56.557000,278.0,240.0,312.0,278.0,False,SOFT,1.0,True,AlphaTauri,0 days 00:19:35.095000,2021-11-12 19:04:35.104,1,,False,,False,False
0 days 00:25:05.614000,GAS,10,0 days 00:01:09.347000,5.0,2.0,,,0 days 00:00:17.926000,0 days 00:00:35.167000,0 days 00:00:16.254000,0 days 00:24:14.193000,0 days 00:24:49.360000,0 days 00:25:05.614000,320.0,265.0,315.0,316.0,True,SOFT,2.0,True,AlphaTauri,0 days 00:23:56.267000,2021-11-12 19:08:56.276,1,,False,,False,True
0 days 00:26:41.398000,GAS,10,0 days 00:01:35.784000,6.0,2.0,,0 days 00:26:38.525000,0 days 00:00:20.823000,0 days 00:00:49.734000,0 days 00:00:25.227000,0 days 00:25:26.437000,0 days 00:26:16.171000,0 days 00:26:41.398000,274.0,226.0,,282.0,False,SOFT,3.0,True,AlphaTauri,0 days 00:25:05.614000,2021-11-12 19:10:05.623,1,,False,,False,False
0 days 00:45:19.802000,GAS,10,,7.0,3.0,0 days 00:43:33.506000,,,0 days 00:01:02.002000,0 days 00:00:20.689000,,0 days 00:44:59.113000,0 days 00:45:19.845000,282.0,102.0,313.0,282.0,False,SOFT,1.0,True,AlphaTauri,0 days 00:26:41.398000,2021-11-12 19:11:41.407,1,,False,,False,False
0 days 00:46:28.705000,GAS,10,0 days 00:01:08.903000,8.0,3.0,,,0 days 00:00:17.814000,0 days 00:00:34.884000,0 days 00:00:16.205000,0 days 00:45:37.616000,0 days 00:46:12.500000,0 days 00:46:28.705000,320.0,267.0,315.0,317.0,True,SOFT,2.0,True,AlphaTauri,0 days 00:45:19.802000,2021-11-12 19:30:19.811,1,,False,,False,True
0 days 00:48:03.028000,GAS,10,0 days 00:01:34.323000,9.0,3.0,,0 days 00:48:00.076000,0 days 00:00:21.208000,0 days 00:00:48.775000,0 days 00:00:24.340000,0 days 00:46:49.913000,0 days 00:47:38.688000,0 days 00:48:03.028000,278.0,205.0,,276.0,False,SOFT,3.0,True,AlphaTauri,0 days 00:46:28.705000,2021-11-12 19:31:28.714,1,,False,,False,False
0 days 00:53:35.446000,GAS,10,,10.0,4.0,0 days 00:51:56.336000,,,0 days 00:00:52.253000,0 days 00:00:17.878000,,0 days 00:53:17.665000,0 days 00:53:35.511000,278.0,238.0,306.0,276.0,False,SOFT,1.0,True,AlphaTauri,0 days 00:48:03.028000,2021-11-12 19:33:03.037,1,,False,,False,False
0 days 00:54:44.496000,GAS,10,0 days 00:01:09.050000,11.0,4.0,,,0 days 00:00:17.887000,0 days 00:00:34.889000,0 days 00:00:16.274000,0 days 00:53:53.333000,0 days 00:54:28.222000,0 days 00:54:44.496000,318.0,264.0,320.0,313.0,False,SOFT,2.0,True,AlphaTauri,0 days 00:53:35.446000,2021-11-12 19:38:35.455,1,,False,,False,True
0 days 00:56:17.339000,GAS,10,0 days 00:01:32.843000,12.0,4.0,,0 days 00:56:14.373000,0 days 00:00:23.377000,0 days 00:00:46.528000,0 days 00:00:22.938000,0 days 00:55:07.873000,0 days 00:55:54.401000,0 days 00:56:17.339000,262.0,228.0,,290.0,False,SOFT,3.0,True,AlphaTauri,0 days 00:54:44.496000,2021-11-12 19:39:44.505,1,,False,,False,False
0 days 01:07:39.812000,GAS,10,,13.0,5.0,0 days 01:06:03.817000,,,0 days 00:00:54.844000,0 days 00:00:17.274000,,0 days 01:07:22.551000,0 days 01:07:39.860000,276.0,234.0,313.0,290.0,False,SOFT,1.0,True,AlphaTauri,0 days 00:56:17.339000,2021-11-12 19:41:17.348,1,,False,,False,False
0 days 01:08:48.777000,GAS,10,0 days 00:01:08.965000,14.0,5.0,,,0 days 00:00:17.723000,0 days 00:00:35.014000,0 days 00:00:16.228000,0 days 01:07:57.535000,0 days 01:08:32.549000,0 days 01:08:48.777000,320.0,265.0,316.0,316.0,True,SOFT,2.0,True,AlphaTauri,0 days 01:07:39.812000,2021-11-12 19:52:39.821,1,,False,,False,True
0 days 01:10:20.564000,GAS,10,0 days 00:01:31.787000,15.0,5.0,,0 days 01:10:17.377000,0 days 00:00:20.874000,0 days 00:00:44.867000,0 days 00:00:26.046000,0 days 01:09:09.651000,0 days 01:09:54.518000,0 days 01:10:20.564000,277.0,210.0,,284.0,False,SOFT,3.0,True,AlphaTauri,0 days 01:08:48.777000,2021-11-12 19:53:48.786,1,,False,,False,False
0 days 01:14:07.245000,GAS,10,,16.0,6.0,0 days 01:12:34.314000,,,0 days 00:00:51.241000,0 days 00:00:17.202000,,0 days 01:13:50.043000,0 days 01:14:07.627000,280.0,237.0,313.0,284.0,False,SOFT,1.0,True,AlphaTauri,0 days 01:10:20.564000,2021-11-12 19:55:20.573,1,,False,,False,False
0 days 01:15:16.022000,GAS,10,0 days 00:01:08.777000,17.0,6.0,,,0 days 00:00:17.709000,0 days 00:00:34.894000,0 days 00:00:16.174000,0 days 01:14:24.954000,0 days 01:14:59.848000,0 days 01:15:16.022000,320.0,265.0,315.0,317.0,True,SOFT,2.0,True,AlphaTauri,0 days 01:14:07.245000,2021-11-12 19:59:07.254,1,,False,,False,True
0 days 01:16:46.286000,GAS,10,,18.0,6.0,,0 days 01:16:46.286000,0 days 00:00:25.105000,0 days 00:00:43.852000,,0 days 01:15:41.279000,0 days 01:16:25.015000,,265.0,227.0,,279.0,False,SOFT,3.0,True,AlphaTauri,0 days 01:15:16.022000,2021-11-12 20:00:16.031,1,,False,,False,False
0 days 00:16:45.646000,SAI,55,,1.0,1.0,0 days 00:15:10.752000,,,0 days 00:00:51.386000,0 days 00:00:20.456000,,0 days 00:16:25.248000,0 days 00:16:45.835000,262.0,139.0,315.0,,False,SOFT,8.0,False,Ferrari,0 days 00:15:10.752000,2021-11-12 19:00:10.761,1,,False,,False,False
0 days 00:17:56.133000,SAI,55,0 days 00:01:10.487000,2.0,1.0,,,0 days 00:00:18.188000,0 days 00:00:35.825000,0 days 00:00:16.474000,0 days 00:17:03.834000,0 days 00:17:39.659000,0 days 00:17:56.133000,319.0,264.0,312.0,318.0,True,SOFT,9.0,False,Ferrari,0 days 00:16:45.646000,2021-11-12 19:01:45.655,1,,False,,False,True
0 days 00:19:37.057000,SAI,55,0 days 00:01:40.924000,3.0,1.0,,,0 days 00:00:23.366000,0 days 00:00:59.107000,0 days 00:00:18.451000,0 days 00:18:19.499000,0 days 00:19:18.606000,0 days 00:19:37.057000,240.0,164.0,316.0,257.0,False,SOFT,10.0,False,Ferrari,0 days 00:17:56.133000,2021-11-12 19:02:56.142,1,,False,,False,True
0 days 00:20:53.449000,SAI,55,0 days 00:01:16.392000,4.0,1.0,,0 days 00:20:50.493000,0 days 00:00:18.050000,0 days 00:00:35.871000,0 days 00:00:22.471000,0 days 00:19:55.107000,0 days 00:20:30.978000,0 days 00:20:53.449000,322.0,262.0,,319.0,False,SOFT,11.0,False,Ferrari,0 days 00:19:37.057000,2021-11-12 19:04:37.066,1,,False,,False,False
0 days 00:24:24.962000,SAI,55,,5.0,2.0,0 days 00:22:43.931000,,,0 days 00:00:49.534000,0 days 00:00:27.803000,,0 days 00:23:57.159000,0 days 00:24:25.246000,271.0,135.0,316.0,319.0,False,SOFT,1.0,True,Ferrari,0 days 00:20:53.449000,2021-11-12 19:05:53.458,1,,False,,False,False
0 days 00:25:34.008000,SAI,55,0 days 00:01:09.046000,6.0,2.0,,,0 days 00:00:17.712000,0 days 00:00:35.071000,0 days 00:00:16.263000,0 days 00:24:42.674000,0 days 00:25:17.745000,0 days 00:25:34.008000,323.0,265.0,316.0,321.0,True,SOFT,2.0,True,Ferrari,0 days 00:24:24.962000,2021-11-12 19:09:24.971,1,,False,,False,True
0 days 00:27:05.584000,SAI,55,0 days 00:01:31.576000,7.0,2.0,,0 days 00:27:02.698000,0 days 00:00:22.284000,0 days 00:00:45.853000,0 days 00:00:23.439000,0 days 00:25:56.292000,0 days 00:26:42.145000,0 days 00:27:05.584000,240.0,194.0,,265.0,False,SOFT,3.0,True,Ferrari,0 days 00:25:34.008000,2021-11-12 19:10:34.017,1,,False,,False,False
0 days 00:46:14.797000,SAI,55,,8.0,3.0,0 days 00:44:31.777000,,,0 days 00:00:56.659000,0 days 00:00:19.909000,,0 days 00:45:54.981000,0 days 00:46:14.865000,276.0,54.0,317.0,265.0,False,SOFT,1.0,True,Ferrari,0 days 00:27:05.584000,2021-11-12 19:12:05.593,1,,False,,False,False
0 days 00:47:23.828000,SAI,55,0 days 00:01:09.031000,9.0,3.0,,,0 days 00:00:17.760000,0 days 00:00:34.951000,0 days 00:00:16.320000,0 days 00:46:32.557000,0 days 00:47:07.508000,0 days 00:47:23.828000,322.0,266.0,315.0,322.0,True,SOFT,2.0,True,Ferrari,0 days 00:46:14.797000,2021-11-12 19:31:14.806,1,,False,,False,True
0 days 00:48:58.842000,SAI,55,0 days 00:01:35.014000,10.0,3.0,,0 days 00:48:55.607000,0 days 00:00:23.407000,0 days 00:00:45.864000,0 days 00:00:25.743000,0 days 00:47:47.235000,0 days 00:48:33.099000,0 days 00:48:58.842000,242.0,181.0,,254.0,False,SOFT,3.0,True,Ferrari,0 days 00:47:23.828000,2021-11-12 19:32:23.837,1,,False,,False,False
0 days 00:54:13.492000,SAI,55,,11.0,4.0,0 days 00:52:13.494000,,,0 days 00:00:56.187000,0 days 00:00:19.436000,,0 days 00:53:54.085000,0 days 00:54:13.504000,276.0,190.0,317.0,254.0,False,SOFT,1.0,True,Ferrari,0 days 00:48:58.842000,2021-11-12 19:33:58.851,1,,False,,False,False
0 days 00:55:22.544000,SAI,55,0 days 00:01:09.052000,12.0,4.0,,,0 days 00:00:17.656000,0 days 00:00:35.139000,0 days 00:00:16.257000,0 days 00:54:31.148000,0 days 00:55:06.287000,0 days 00:55:22.544000,323.0,267.0,316.0,321.0,False,SOFT,2.0,True,Ferrari,0 days 00:54:13.492000,2021-11-12 19:39:13.501,1,,False,,False,True
0 days 00:57:01.062000,SAI,55,0 days 00:01:38.518000,13.0,4.0,,0 days 00:56:58.064000,0 days 00:00:27.467000,0 days 00:00:46.952000,0 days 00:00:24.099000,0 days 00:55:50.011000,0 days 00:56:36.963000,0 days 00:57:01.062000,215.0,184.0,,258.0,False,SOFT,3.0,True,Ferrari,0 days 00:55:22.544000,2021-11-12 19:40:22.553,1,,False,,False,False
0 days 01:07:26.584000,SAI,55,,14.0,5.0,0 days 01:05:49.706000,,,0 days 00:00:50.767000,0 days 00:00:17.156000,,0 days 01:07:09.461000,0 days 01:07:26.612000,258.0,226.0,314.0,258.0,False,SOFT,1.0,True,Ferrari,0 days 00:57:01.062000,2021-11-12 19:42:01.071,1,,False,,False,False
0 days 01:08:35.570000,SAI,55,0 days 00:01:08.986000,15.0,5.0,,,0 days 00:00:17.722000,0 days 00:00:35.036000,0 days 00:00:16.228000,0 days 01:07:44.306000,0 days 01:08:19.342000,0 days 01:08:35.570000,320.0,265.0,311.0,315.0,True,SOFT,2.0,True,Ferrari,0 days 01:07:26.584000,2021-11-12 19:52:26.593,1,,False,,False,True
0 days 01:10:08.633000,SAI,55,0 days 00:01:33.063000,16.0,5.0,,0 days 01:10:05.606000,0 days 00:00:22.758000,0 days 00:00:44.820000,0 days 00:00:25.485000,0 days 01:08:58.328000,0 days 01:09:43.148000,0 days 01:10:08.633000,242.0,192.0,,258.0,False,SOFT,3.0,True,Ferrari,0 days 01:08:35.570000,2021-11-12 19:53:35.579,1,,False,,False,False
0 days 01:13:58.278000,SAI,55,,17.0,6.0,0 days 01:12:28.522000,,,0 days 00:00:47.691000,0 days 00:00:17.504000,,0 days 01:13:40.781000,0 days 01:13:58.278000,267.0,220.0,315.0,258.0,False,SOFT,1.0,True,Ferrari,0 days 01:10:08.633000,2021-11-12 19:55:08.642,1,,False,,False,False
0 days 01:15:07.104000,SAI,55,0 days 00:01:08.826000,18.0,6.0,,,0 days 00:00:17.627000,0 days 00:00:34.967000,0 days 00:00:16.232000,0 days 01:14:15.905000,0 days 01:14:50.872000,0 days 01:15:07.104000,321.0,266.0,315.0,319.0,True,SOFT,2.0,True,Ferrari,0 days 01:13:58.278000,2021-11-12 19:58:58.287,1,,False,,False,True
0 days 01:16:48.332000,SAI,55,0 days 00:01:41.228000,19.0,6.0,,0 days 01:16:40.719000,0 days 00:00:23.511000,0 days 00:00:45.435000,0 days 00:00:32.282000,0 days 01:15:30.615000,0 days 01:16:16.050000,0 days 01:16:48.332000,211.0,201.0,,281.0,False,SOFT,3.0,True,Ferrari,0 days 01:15:07.104000,2021-11-12 20:00:07.113,1,,False,,False,False
0 days 00:16:38.754000,LEC,16,,1.0,1.0,0 days 00:15:11.909000,,,0 days 00:00:46.255000,0 days 00:00:18.003000,,0 days 00:16:20.855000,0 days 00:16:39.042000,224.0,190.0,315.0,,False,SOFT,8.0,False,Ferrari,0 days 00:15:11.909000,2021-11-12 19:00:11.918,1,,False,,False,False
0 days 00:17:49.534000,LEC,16,0 days 00:01:10.780000,2.0,1.0,,,0 days 00:00:18.247000,0 days 00:00:36.068000,0 days 00:00:16.465000,0 days 00:16:57.001000,0 days 00:17:33.069000,0 days 00:17:49.534000,318.0,265.0,310.0,317.0,True,SOFT,9.0,False,Ferrari,0 days 00:16:38.754000,2021-11-12 19:01:38.763,1,,False,,False,True
0 days 00:19:28.821000,LEC,16,0 days 00:01:39.287000,3.0,1.0,,,0 days 00:00:26.757000,0 days 00:00:54.355000,0 days 00:00:18.175000,0 days 00:18:16.291000,0 days 00:19:10.646000,0 days 00:19:28.821000,210.0,190.0,317.0,244.0,False,SOFT,10.0,False,Ferrari,0 days 00:17:49.534000,2021-11-12 19:02:49.543,1,,False,,False,True
0 days 00:20:42.827000,LEC,16,0 days 00:01:14.006000,4.0,1.0,,0 days 00:20:39.895000,0 days 00:00:17.972000,0 days 00:00:35.888000,0 days 00:00:20.146000,0 days 00:19:46.793000,0 days 00:20:22.681000,0 days 00:20:42.827000,323.0,266.0,,322.0,False,SOFT,11.0,False,Ferrari,0 days 00:19:28.821000,2021-11-12 19:04:28.830,1,,False,,False,False
0 days 00:24:13.155000,LEC,16,,5.0,2.0,0 days 00:22:41.506000,,,0 days 00:00:50.109000,0 days 00:00:17.670000,,0 days 00:23:55.520000,0 days 00:24:13.352000,164.0,212.0,316.0,322.0,False,SOFT,1.0,True,Ferrari,0 days 00:20:42.827000,2021-11-12 19:05:42.836,1,,False,,False,False
0 days 00:25:22.290000,LEC,16,0 days 00:01:09.135000,6.0,2.0,,,0 days 00:00:17.828000,0 days 00:00:35.097000,0 days 00:00:16.210000,0 days 00:24:30.983000,0 days 00:25:06.080000,0 days 00:25:22.290000,322.0,267.0,320.0,320.0,False,SOFT,2.0,True,Ferrari,0 days 00:24:13.155000,2021-11-12 19:09:13.164,1,,True,TRACK LIMITS AT TURN 4,False,True
0 days 00:26:55.129000,LEC,16,0 days 00:01:32.839000,7.0,2.0,,0 days 00:26:52.217000,0 days 00:00:24.614000,0 days 00:00:45.959000,0 days 00:00:22.266000,0 days 00:25:46.904000,0 days 00:26:32.863000,0 days 00:26:55.129000,243.0,219.0,,262.0,False,SOFT,3.0,True,Ferrari,0 days 00:25:22.290000,2021-11-12 19:10:22.299,1,,False,,False,False
0 days 00:30:26.342000,LEC,16,,8.0,3.0,0 days 00:28:52.818000,,,0 days 00:00:54.772000,0 days 00:00:17.296000,,0 days 00:30:09.067000,0 days 00:30:26.560000,251.0,215.0,316.0,262.0,False,SOFT,1.0,True,Ferrari,0 days 00:26:55.129000,2021-11-12 19:11:55.138,1,,False,,False,False
0 days 00:31:35.497000,LEC,16,0 days 00:01:09.155000,9.0,3.0,,,0 days 00:00:17.783000,0 days 00:00:35.197000,0 days 00:00:16.175000,0 days 00:30:44.125000,0 days 00:31:19.322000,0 days 00:31:35.497000,321.0,268.0,316.0,319.0,True,SOFT,2.0,True,Ferrari,0 days 00:30:26.342000,2021-11-12 19:15:26.351,1,,False,,False,True
0 days 00:33:08.814000,LEC,16,0 days 00:01:33.317000,10.0,3.0,,0 days 00:33:05.614000,0 days 00:00:23.325000,0 days 00:00:47.142000,0 days 00:00:22.850000,0 days 00:31:58.822000,0 days 00:32:45.964000,0 days 00:33:08.814000,240.0,130.0,,306.0,False,SOFT,3.0,True,Ferrari,0 days 00:31:35.497000,2021-11-12 19:16:35.506,1,,False,,False,False
0 days 00:46:07.515000,LEC,16,,11.0,4.0,0 days 00:44:21.736000,,,0 days 00:01:02.258000,0 days 00:00:19.081000,,0 days 00:45:48.434000,0 days 00:46:07.539000,221.0,88.0,316.0,306.0,False,SOFT,1.0,True,Ferrari,0 days 00:33:08.814000,2021-11-12 19:18:08.823,1,,False,,False,False
0 days 00:47:16.454000,LEC,16,0 days 00:01:08.939000,12.0,4.0,,,0 days 00:00:17.746000,0 days 00:00:34.966000,0 days 00:00:16.227000,0 days 00:46:25.261000,0 days 00:47:00.227000,0 days 00:47:16.454000,322.0,267.0,315.0,321.0,True,SOFT,2.0,True,Ferrari,0 days 00:46:07.515000,2021-11-12 19:31:07.524,1,,False,,False,True
0 days 00:48:48.722000,LEC,16,0 days 00:01:32.268000,13.0,4.0,,0 days 00:48:45.731000,0 days 00:00:23.187000,0 days 00:00:47.364000,0 days 00:00:21.717000,0 days 00:47:39.641000,0 days 00:48:27.005000,0 days 00:48:48.722000,245.0,237.0,,255.0,False,SOFT,3.0,True,Ferrari,0 days 00:47:16.454000,2021-11-12 19:32:16.463,1,,False,,False,False
0 days 00:53:55.133000,LEC,16,,14.0,5.0,0 days 00:52:06.652000,,,0 days 00:00:57.109000,0 days 00:00:17.784000,,0 days 00:53:37.378000,0 days 00:53:55.147000,261.0,104.0,315.0,255.0,False,SOFT,1.0,True,Ferrari,0 days 00:48:48.722000,2021-11-12 19:33:48.731,1,,False,,False,False
0 days 00:55:03.992000,LEC,16,0 days 00:01:08.859000,15.0,5.0,,,0 days 00:00:17.646000,0 days 00:00:34.936000,0 days 00:00:16.277000,0 days 00:54:12.779000,0 days 00:54:47.715000,0 days 00:55:03.992000,323.0,266.0,316.0,320.0,True,SOFT,2.0,True,Ferrari,0 days 00:53:55.133000,2021-11-12 19:38:55.142,1,,False,,False,True
0 days 00:56:35.604000,LEC,16,0 days 00:01:31.612000,16.0,5.0,,0 days 00:56:32.609000,0 days 00:00:25.069000,0 days 00:00:43.699000,0 days 00:00:22.844000,0 days 00:55:29.061000,0 days 00:56:12.760000,0 days 00:56:35.604000,220.0,226.0,,273.0,False,SOFT,3.0,True,Ferrari,0 days 00:55:03.992000,2021-11-12 19:40:04.001,1,,False,,False,False
0 days 01:06:51.031000,LEC,16,,17.0,6.0,0 days 01:05:30.318000,,,0 days 00:00:43.158000,0 days 00:00:16.957000,,0 days 01:06:34.182000,0 days 01:06:51.045000,255.0,224.0,314.0,273.0,False,SOFT,4.0,False,Ferrari,0 days 00:56:35.604000,2021-11-12 19:41:35.613,1,,False,,False,False
0 days 01:08:00.434000,LEC,16,0 days 00:01:09.403000,18.0,6.0,,,0 days 00:00:17.867000,0 days 00:00:35.278000,0 days 00:00:16.258000,0 days 01:07:08.898000,0 days 01:07:44.176000,0 days 01:08:00.434000,322.0,265.0,318.0,316.0,True,SOFT,5.0,False,Ferrari,0 days 01:06:51.031000,2021-11-12 19:51:51.040,1,,False,,False,True
0 days 01:09:30.626000,LEC,16,0 days 00:01:30.192000,19.0,6.0,,0 days 01:09:27.633000,0 days 00:00:27.567000,0 days 00:00:40.404000,0 days 00:00:22.221000,0 days 01:08:28.001000,0 days 01:09:08.405000,0 days 01:09:30.626000,220.0,242.0,,315.0,False,SOFT,6.0,False,Ferrari,0 days 01:08:00.434000,2021-11-12 19:53:00.443,1,,False,,False,False
0 days 01:13:50.228000,LEC,16,,20.0,7.0,0 days 01:12:22.184000,,,0 days 00:00:48.748000,0 days 00:00:16.956000,,0 days 01:13:33.286000,0 days 01:13:50.268000,232.0,204.0,315.0,315.0,False,SOFT,1.0,True,Ferrari,0 days 01:09:30.626000,2021-11-12 19:54:30.635,1,,False,,False,False
0 days 01:14:59.188000,LEC,16,0 days 00:01:08.960000,21.0,7.0,,,0 days 00:00:17.666000,0 days 00:00:35.030000,0 days 00:00:16.264000,0 days 01:14:07.894000,0 days 01:14:42.924000,0 days 01:14:59.188000,321.0,265.0,314.0,319.0,True,SOFT,2.0,True,Ferrari,0 days 01:13:50.228000,2021-11-12 19:58:50.237,1,,False,,False,True
0 days 01:16:36.774000,LEC,16,0 days 00:01:37.586000,22.0,7.0,,0 days 01:16:32.686000,0 days 00:00:24.882000,0 days 00:00:43.184000,0 days 00:00:29.520000,0 days 01:15:24.070000,0 days 01:16:07.254000,0 days 01:16:36.774000,209.0,178.0,,250.0,False,SOFT,3.0,True,Ferrari,0 days 01:14:59.188000,2021-11-12 19:59:59.197,1,,False,,False,False
0 days 00:18:56.797000,NOR,4,,1.0,1.0,0 days 00:17:29.226000,,,0 days 00:00:48.589000,0 days 00:00:17.647000,,0 days 00:18:39.254000,0 days 00:18:56.842000,268.0,199.0,313.0,,False,SOFT,1.0,True,McLaren,0 days 00:17:29.226000,2021-11-12 19:02:29.235,1,,False,,False,False
0 days 00:20:06.334000,NOR,4,0 days 00:01:09.537000,2.0,1.0,,,0 days 00:00:17.968000,0 days 00:00:35.343000,0 days 00:00:16.226000,0 days 00:19:14.765000,0 days 00:19:50.108000,0 days 00:20:06.334000,320.0,264.0,325.0,316.0,True,SOFT,2.0,True,McLaren,0 days 00:18:56.797000,2021-11-12 19:03:56.806,1,,False,,False,True
0 days 00:21:58.245000,NOR,4,0 days 00:01:51.911000,3.0,1.0,,,0 days 00:00:26.070000,0 days 00:01:04.953000,0 days 00:00:20.888000,0 days 00:20:32.404000,0 days 00:21:37.357000,0 days 00:21:58.245000,113.0,184.0,314.0,296.0,False,SOFT,3.0,True,McLaren,0 days 00:20:06.334000,2021-11-12 19:05:06.343,1,,False,,False,True
0 days 00:23:08.117000,NOR,4,0 days 00:01:09.872000,4.0,1.0,,,0 days 00:00:18.031000,0 days 00:00:35.553000,0 days 00:00:16.288000,0 days 00:22:16.276000,0 days 00:22:51.829000,0 days 00:23:08.117000,320.0,264.0,311.0,319.0,False,SOFT,4.0,True,McLaren,0 days 00:21:58.245000,2021-11-12 19:06:58.254,1,,False,,False,True
0 days 00:24:35.663000,NOR,4,0 days 00:01:27.546000,5.0,1.0,,0 days 00:24:32.813000,0 days 00:00:20.582000,0 days 00:00:44.698000,0 days 00:00:22.266000,0 days 00:23:28.699000,0 days 00:24:13.397000,0 days 00:24:35.663000,242.0,200.0,,290.0,False,SOFT,5.0,True,McLaren,0 days 00:23:08.117000,2021-11-12 19:08:08.126,1,,False,,False,False
0 days 00:29:10.227000,NOR,4,,6.0,2.0,0 days 00:27:45.636000,,,0 days 00:00:47.348000,0 days 00:00:17.698000,,0 days 00:28:52.685000,0 days 00:29:10.528000,277.0,146.0,314.0,290.0,False,SOFT,1.0,True,McLaren,0 days 00:24:35.663000,2021-11-12 19:09:35.672,1,,False,,False,False
0 days 00:30:19.592000,NOR,4,0 days 00:01:09.365000,7.0,2.0,,,0 days 00:00:17.889000,0 days 00:00:35.280000,0 days 00:00:16.196000,0 days 00:29:28.116000,0 days 00:30:03.396000,0 days 00:30:19.592000,320.0,266.0,312.0,316.0,True,SOFT,2.0,True,McLaren,0 days 00:29:10.227000,2021-11-12 19:14:10.236,1,,False,,False,True
0 days 00:32:30.461000,NOR,4,0 days 00:02:10.869000,8.0,2.0,,,0 days 00:00:27.329000,0 days 00:01:25.987000,0 days 00:00:17.553000,0 days 00:30:46.921000,0 days 00:32:12.908000,0 days 00:32:30.461000,254.0,168.0,314.0,284.0,False,SOFT,3.0,True,McLaren,0 days 00:30:19.592000,2021-11-12 19:15:19.601,1,,False,,False,True
0 days 00:33:39.891000,NOR,4,0 days 00:01:09.430000,9.0,2.0,,,0 days 00:00:17.842000,0 days 00:00:35.426000,0 days 00:00:16.162000,0 days 00:32:48.303000,0 days 00:33:23.729000,0 days 00:33:39.891000,322.0,264.0,315.0,320.0,False,SOFT,4.0,True,McLaren,0 days 00:32:30.461000,2021-11-12 19:17:30.470,1,,False,,False,True
0 days 00:35:11.355000,NOR,4,0 days 00:01:31.464000,10.0,2.0,,0 days 00:35:08.518000,0 days 00:00:22.118000,0 days 00:00:45.682000,0 days 00:00:23.664000,0 days 00:34:02.009000,0 days 00:34:47.691000,0 days 00:35:11.355000,222.0,190.0,,286.0,False,SOFT,5.0,True,McLaren,0 days 00:33:39.891000,2021-11-12 19:18:39.900,1,,False,,False,False
0 days 00:45:24.708000,NOR,4,,11.0,3.0,0 days 00:43:38.136000,,,0 days 00:01:03.796000,0 days 00:00:17.937000,,0 days 00:45:06.798000,0 days 00:45:24.743000,277.0,132.0,315.0,286.0,False,SOFT,1.0,True,McLaren,0 days 00:35:11.355000,2021-11-12 19:20:11.364,1,,False,,False,False
0 days 00:46:33.900000,NOR,4,0 days 00:01:09.192000,12.0,3.0,,,0 days 00:00:17.757000,0 days 00:00:35.235000,0 days 00:00:16.200000,0 days 00:45:42.465000,0 days 00:46:17.700000,0 days 00:46:33.900000,320.0,266.0,317.0,319.0,True,SOFT,2.0,True,McLaren,0 days 00:45:24.708000,2021-11-12 19:30:24.717,1,,False,,False,True
0 days 00:48:05.415000,NOR,4,0 days 00:01:31.515000,13.0,3.0,,0 days 00:48:02.316000,0 days 00:00:21.873000,0 days 00:00:45.608000,0 days 00:00:24.034000,0 days 00:46:55.773000,0 days 00:47:41.381000,0 days 00:48:05.415000,236.0,179.0,,292.0,False,SOFT,3.0,True,McLaren,0 days 00:46:33.900000,2021-11-12 19:31:33.909,1,,False,,False,False
0 days 00:54:21.879000,NOR,4,,14.0,4.0,0 days 00:52:23.824000,,,0 days 00:00:56.865000,0 days 00:00:17.117000,,0 days 00:54:04.838000,0 days 00:54:21.907000,276.0,178.0,316.0,292.0,False,SOFT,1.0,True,McLaren,0 days 00:48:05.415000,2021-11-12 19:33:05.424,1,,False,,False,False
0 days 00:55:30.909000,NOR,4,0 days 00:01:09.030000,15.0,4.0,,,0 days 00:00:17.707000,0 days 00:00:35.192000,0 days 00:00:16.131000,0 days 00:54:39.586000,0 days 00:55:14.778000,0 days 00:55:30.909000,322.0,265.0,317.0,320.0,True,SOFT,2.0,True,McLaren,0 days 00:54:21.879000,2021-11-12 19:39:21.888,1,,False,,False,True
0 days 00:57:04.971000,NOR,4,0 days 00:01:34.062000,16.0,4.0,,0 days 00:57:01.983000,0 days 00:00:24.762000,0 days 00:00:44.328000,0 days 00:00:24.972000,0 days 00:55:55.671000,0 days 00:56:39.999000,0 days 00:57:04.971000,226.0,171.0,,284.0,False,SOFT,3.0,True,McLaren,0 days 00:55:30.909000,2021-11-12 19:40:30.918,1,,False,,False,False
0 days 01:08:03.936000,NOR,4,,17.0,5.0,0 days 01:06:17.257000,,,0 days 00:00:52.377000,0 days 00:00:16.671000,,0 days 01:07:47.306000,0 days 01:08:03.969000,274.0,243.0,318.0,284.0,False,SOFT,1.0,True,McLaren,0 days 00:57:04.971000,2021-11-12 19:42:04.980,1,,False,,False,False
0 days 01:09:13.030000,NOR,4,0 days 00:01:09.094000,18.0,5.0,,,0 days 00:00:17.702000,0 days 00:00:35.245000,0 days 00:00:16.147000,0 days 01:08:21.638000,0 days 01:08:56.883000,0 days 01:09:13.030000,320.0,266.0,317.0,322.0,True,SOFT,2.0,True,McLaren,0 days 01:08:03.936000,2021-11-12 19:53:03.945,1,,False,,False,True
0 days 01:10:38.957000,NOR,4,0 days 00:01:25.927000,19.0,5.0,,0 days 01:10:35.978000,0 days 00:00:22.145000,0 days 00:00:40.546000,0 days 00:00:23.236000,0 days 01:09:35.175000,0 days 01:10:15.721000,0 days 01:10:38.957000,252.0,199.0,,291.0,False,SOFT,3.0,True,McLaren,0 days 01:09:13.030000,2021-11-12 19:54:13.039,1,,False,,False,False
0 days 01:14:31.388000,NOR,4,,20.0,6.0,0 days 01:12:59.894000,,,0 days 00:00:48.729000,0 days 00:00:16.751000,,0 days 01:14:14.661000,0 days 01:14:31.449000,276.0,224.0,317.0,291.0,False,SOFT,1.0,True,McLaren,0 days 01:10:38.957000,2021-11-12 19:55:38.966,1,,False,,False,False
0 days 01:15:40.368000,NOR,4,0 days 00:01:08.980000,21.0,6.0,,,0 days 00:00:17.637000,0 days 00:00:35.192000,0 days 00:00:16.151000,0 days 01:14:49.025000,0 days 01:15:24.217000,0 days 01:15:40.368000,322.0,264.0,320.0,322.0,True,SOFT,2.0,True,McLaren,0 days 01:14:31.388000,2021-11-12 19:59:31.397,1,,False,,False,True
0 days 01:17:08.889000,NOR,4,,22.0,6.0,,0 days 01:17:08.889000,0 days 00:00:22.755000,0 days 00:00:43.830000,,0 days 01:16:03.142000,0 days 01:16:46.907000,,232.0,214.0,,283.0,False,SOFT,3.0,True,McLaren,0 days 01:15:40.368000,2021-11-12 20:00:40.377,1,,False,,False,False
0 days 00:19:42.333000,RIC,3,,1.0,1.0,0 days 00:18:10.839000,,,0 days 00:00:49.553000,0 days 00:00:19.969000,,0 days 00:19:22.401000,0 days 00:19:42.431000,262.0,128.0,313.0,,False,SOFT,1.0,True,McLaren,0 days 00:18:10.839000,2021-11-12 19:03:10.848,1,,False,,False,False
0 days 00:20:52.007000,RIC,3,0 days 00:01:09.674000,2.0,1.0,,,0 days 00:00:17.988000,0 days 00:00:35.404000,0 days 00:00:16.282000,0 days 00:20:00.321000,0 days 00:20:35.725000,0 days 00:20:52.007000,319.0,262.0,312.0,315.0,True,SOFT,2.0,True,McLaren,0 days 00:19:42.333000,2021-11-12 19:04:42.342,1,,False,,False,True
0 days 00:22:32.617000,RIC,3,0 days 00:01:40.610000,3.0,1.0,,,0 days 00:00:27.817000,0 days 00:00:54.938000,0 days 00:00:17.855000,0 days 00:21:19.824000,0 days 00:22:14.762000,0 days 00:22:32.617000,263.0,216.0,311.0,274.0,False,SOFT,3.0,True,McLaren,0 days 00:20:52.007000,2021-11-12 19:05:52.016,1,,False,,False,True
0 days 00:23:48.713000,RIC,3,0 days 00:01:16.096000,4.0,1.0,,0 days 00:23:45.604000,0 days 00:00:17.961000,0 days 00:00:35.501000,0 days 00:00:22.634000,0 days 00:22:50.578000,0 days 00:23:26.079000,0 days 00:23:48.713000,319.0,263.0,,314.0,False,SOFT,4.0,True,McLaren,0 days 00:22:32.617000,2021-11-12 19:07:32.626,1,,False,,False,False
0 days 00:26:39.889000,RIC,3,,5.0,2.0,0 days 00:25:19.110000,0 days 00:26:36.878000,,0 days 00:00:39.997000,0 days 00:00:22.666000,,0 days 00:26:17.223000,0 days 00:26:40,269.0,202.0,,314.0,False,SOFT,5.0,False,McLaren,0 days 00:23:48.713000,2021-11-12 19:08:48.722,1,,False,,False,False
0 days 00:29:56.305000,RIC,3,,6.0,3.0,0 days 00:28:27.965000,,,0 days 00:00:49.867000,0 days 00:00:17.502000,,0 days 00:29:38.878000,0 days 00:29:56.567000,270.0,226.0,310.0,314.0,False,SOFT,1.0,True,McLaren,0 days 00:26:39.889000,2021-11-12 19:11:39.898,1,,False,,False,False
0 days 00:31:05.924000,RIC,3,0 days 00:01:09.619000,7.0,3.0,,,0 days 00:00:17.930000,0 days 00:00:35.394000,0 days 00:00:16.295000,0 days 00:30:14.235000,0 days 00:30:49.629000,0 days 00:31:05.924000,316.0,264.0,314.0,313.0,True,SOFT,2.0,True,McLaren,0 days 00:29:56.305000,2021-11-12 19:14:56.314,1,,False,,False,True
0 days 00:32:47.217000,RIC,3,0 days 00:01:41.293000,8.0,3.0,,,0 days 00:00:26.488000,0 days 00:00:56.107000,0 days 00:00:18.698000,0 days 00:31:32.412000,0 days 00:32:28.519000,0 days 00:32:47.217000,197.0,120.0,314.0,282.0,False,SOFT,3.0,True,McLaren,0 days 00:31:05.924000,2021-11-12 19:16:05.933,1,,False,,False,True
0 days 00:33:56.591000,RIC,3,0 days 00:01:09.374000,9.0,3.0,,,0 days 00:00:17.778000,0 days 00:00:35.322000,0 days 00:00:16.274000,0 days 00:33:04.995000,0 days 00:33:40.317000,0 days 00:33:56.591000,321.0,264.0,318.0,320.0,True,SOFT,4.0,True,McLaren,0 days 00:32:47.217000,2021-11-12 19:17:47.226,1,,False,,False,True
0 days 00:35:27.643000,RIC,3,0 days 00:01:31.052000,10.0,3.0,,0 days 00:35:24.771000,0 days 00:00:22.240000,0 days 00:00:44.337000,0 days 00:00:24.475000,0 days 00:34:18.831000,0 days 00:35:03.168000,0 days 00:35:27.643000,290.0,210.0,,302.0,False,SOFT,5.0,True,McLaren,0 days 00:33:56.591000,2021-11-12 19:18:56.600,1,,False,,False,False
0 days 00:45:51.346000,RIC,3,,11.0,4.0,0 days 00:43:54.282000,,,0 days 00:00:57.125000,0 days 00:00:17.688000,,0 days 00:45:33.707000,0 days 00:45:51.389000,269.0,140.0,315.0,302.0,False,SOFT,1.0,True,McLaren,0 days 00:35:27.643000,2021-11-12 19:20:27.652,1,,False,,False,False
0 days 00:47:00.467000,RIC,3,0 days 00:01:09.121000,12.0,4.0,,,0 days 00:00:17.796000,0 days 00:00:35.133000,0 days 00:00:16.192000,0 days 00:46:09.142000,0 days 00:46:44.275000,0 days 00:47:00.467000,320.0,262.0,318.0,319.0,True,SOFT,2.0,True,McLaren,0 days 00:45:51.346000,2021-11-12 19:30:51.355,1,,False,,False,True
0 days 00:48:31.217000,RIC,3,0 days 00:01:30.750000,13.0,4.0,,0 days 00:48:28.254000,0 days 00:00:21.873000,0 days 00:00:44.902000,0 days 00:00:23.975000,0 days 00:47:22.340000,0 days 00:48:07.242000,0 days 00:48:31.217000,285.0,217.0,,295.0,False,SOFT,3.0,True,McLaren,0 days 00:47:00.467000,2021-11-12 19:32:00.476,1,,False,,False,False
0 days 00:54:17.448000,RIC,3,,14.0,5.0,0 days 00:52:16.551000,,,0 days 00:00:55.586000,0 days 00:00:17.447000,,0 days 00:54:00.131000,0 days 00:54:17.532000,275.0,141.0,315.0,295.0,False,SOFT,1.0,True,McLaren,0 days 00:48:31.217000,2021-11-12 19:33:31.226,1,,False,,False,False
0 days 00:55:26.541000,RIC,3,0 days 00:01:09.093000,15.0,5.0,,,0 days 00:00:17.685000,0 days 00:00:35.214000,0 days 00:00:16.194000,0 days 00:54:35.133000,0 days 00:55:10.347000,0 days 00:55:26.541000,320.0,264.0,316.0,318.0,True,SOFT,2.0,True,McLaren,0 days 00:54:17.448000,2021-11-12 19:39:17.457,1,,False,,False,True
0 days 00:57:03.597000,RIC,3,0 days 00:01:37.056000,16.0,5.0,,0 days 00:57:00.679000,0 days 00:00:25.803000,0 days 00:00:46.097000,0 days 00:00:25.156000,0 days 00:55:52.344000,0 days 00:56:38.441000,0 days 00:57:03.597000,285.0,221.0,,307.0,False,SOFT,3.0,True,McLaren,0 days 00:55:26.541000,2021-11-12 19:40:26.550,1,,False,,False,False
0 days 01:08:09.159000,RIC,3,,17.0,6.0,0 days 01:06:23.129000,,,0 days 00:00:47.972000,0 days 00:00:17.089000,,0 days 01:07:52.070000,0 days 01:08:09.390000,273.0,237.0,315.0,307.0,False,SOFT,1.0,True,McLaren,0 days 00:57:03.597000,2021-11-12 19:42:03.606,1,,False,,False,False
0 days 01:09:18.359000,RIC,3,0 days 00:01:09.200000,18.0,6.0,,,0 days 00:00:17.784000,0 days 00:00:35.193000,0 days 00:00:16.223000,0 days 01:08:26.943000,0 days 01:09:02.136000,0 days 01:09:18.359000,318.0,263.0,316.0,318.0,True,SOFT,2.0,True,McLaren,0 days 01:08:09.159000,2021-11-12 19:53:09.168,1,,False,,False,True
0 days 01:10:42.524000,RIC,3,0 days 00:01:24.165000,19.0,6.0,,0 days 01:10:39.600000,0 days 00:00:21.021000,0 days 00:00:40.515000,0 days 00:00:22.629000,0 days 01:09:39.380000,0 days 01:10:19.895000,0 days 01:10:42.524000,291.0,230.0,,295.0,False,SOFT,3.0,True,McLaren,0 days 01:09:18.359000,2021-11-12 19:54:18.368,1,,False,,False,False
0 days 01:14:35.592000,RIC,3,,20.0,7.0,0 days 01:13:03.680000,,,0 days 00:00:49,0 days 00:00:16.908000,,0 days 01:14:18.696000,0 days 01:14:35.640000,274.0,236.0,314.0,295.0,False,SOFT,1.0,True,McLaren,0 days 01:10:42.524000,2021-11-12 19:55:42.533,1,,False,,False,False
0 days 01:15:44.631000,RIC,3,0 days 00:01:09.039000,21.0,7.0,,,0 days 00:00:17.722000,0 days 00:00:35.103000,0 days 00:00:16.214000,0 days 01:14:53.314000,0 days 01:15:28.417000,0 days 01:15:44.631000,320.0,263.0,318.0,319.0,True,SOFT,2.0,True,McLaren,0 days 01:14:35.592000,2021-11-12 19:59:35.601,1,,False,,False,True
0 days 01:17:11.617000,RIC,3,,22.0,7.0,,0 days 01:17:11.617000,0 days 00:00:22.336000,0 days 00:00:41.289000,,0 days 01:16:07.017000,0 days 01:16:48.245000,,283.0,209.0,,309.0,False,SOFT,3.0,True,McLaren,0 days 01:15:44.631000,2021-11-12 20:00:44.640,1,,False,,False,False
0 days 00:24:18.308000,ALO,14,,1.0,1.0,0 days 00:22:52.881000,,,0 days 00:00:43.804000,0 days 00:00:22.207000,,0 days 00:23:56.141000,0 days 00:24:18.560000,273.0,159.0,318.0,,False,SOFT,1.0,True,Alpine,0 days 00:22:52.881000,2021-11-12 19:07:52.890,1,,False,,False,False
0 days 00:25:27.817000,ALO,14,0 days 00:01:09.509000,2.0,1.0,,,0 days 00:00:17.900000,0 days 00:00:35.360000,0 days 00:00:16.249000,0 days 00:24:36.208000,0 days 00:25:11.568000,0 days 00:25:27.817000,321.0,265.0,320.0,324.0,True,SOFT,2.0,True,Alpine,0 days 00:24:18.308000,2021-11-12 19:09:18.317,1,,False,,False,True
0 days 00:27:07.375000,ALO,14,0 days 00:01:39.558000,3.0,1.0,,,0 days 00:00:25.144000,0 days 00:00:56.638000,0 days 00:00:17.776000,0 days 00:25:52.961000,0 days 00:26:49.599000,0 days 00:27:07.375000,225.0,194.0,320.0,252.0,False,SOFT,3.0,True,Alpine,0 days 00:25:27.817000,2021-11-12 19:10:27.826,1,,False,,False,True
0 days 00:28:24.230000,ALO,14,0 days 00:01:16.855000,4.0,1.0,,0 days 00:28:21.644000,0 days 00:00:17.966000,0 days 00:00:35.591000,0 days 00:00:23.298000,0 days 00:27:25.341000,0 days 00:28:00.932000,0 days 00:28:24.230000,321.0,264.0,,326.0,False,SOFT,4.0,True,Alpine,0 days 00:27:07.375000,2021-11-12 19:12:07.384,1,,False,,False,False
0 days 00:32:04.125000,ALO,14,,5.0,2.0,0 days 00:30:25.105000,,,0 days 00:00:58.622000,0 days 00:00:19.880000,,0 days 00:31:44.284000,0 days 00:32:04.359000,274.0,159.0,318.0,326.0,False,SOFT,1.0,True,Alpine,0 days 00:28:24.230000,2021-11-12 19:13:24.239,1,,False,,False,False
0 days 00:33:13.516000,ALO,14,0 days 00:01:09.391000,6.0,2.0,,,0 days 00:00:17.963000,0 days 00:00:35.196000,0 days 00:00:16.232000,0 days 00:32:22.088000,0 days 00:32:57.284000,0 days 00:33:13.516000,322.0,265.0,320.0,322.0,True,SOFT,2.0,True,Alpine,0 days 00:32:04.125000,2021-11-12 19:17:04.134,1,,False,,False,True
0 days 00:34:50.963000,ALO,14,0 days 00:01:37.447000,7.0,2.0,,0 days 00:34:48.378000,0 days 00:00:25.270000,0 days 00:00:45.299000,0 days 00:00:26.878000,0 days 00:33:38.786000,0 days 00:34:24.085000,0 days 00:34:50.963000,228.0,158.0,,242.0,False,SOFT,3.0,True,Alpine,0 days 00:33:13.516000,2021-11-12 19:18:13.525,1,,False,,False,False
0 days 00:46:19.928000,ALO,14,,8.0,3.0,0 days 00:44:50.961000,,,0 days 00:00:52.047000,0 days 00:00:19.617000,,0 days 00:46:00.311000,0 days 00:46:19.981000,285.0,43.0,321.0,242.0,False,SOFT,1.0,True,Alpine,0 days 00:34:50.963000,2021-11-12 19:19:50.972,1,,False,,False,False
0 days 00:47:29.065000,ALO,14,0 days 00:01:09.137000,9.0,3.0,,,0 days 00:00:17.770000,0 days 00:00:35.051000,0 days 00:00:16.316000,0 days 00:46:37.698000,0 days 00:47:12.749000,0 days 00:47:29.065000,322.0,266.0,319.0,328.0,True,SOFT,2.0,True,Alpine,0 days 00:46:19.928000,2021-11-12 19:31:19.937,1,,False,,False,True
0 days 00:49:01.424000,ALO,14,0 days 00:01:32.359000,10.0,3.0,,0 days 00:48:58.512000,0 days 00:00:24.565000,0 days 00:00:42.457000,0 days 00:00:25.337000,0 days 00:47:53.630000,0 days 00:48:36.087000,0 days 00:49:01.424000,238.0,205.0,,255.0,False,SOFT,3.0,True,Alpine,0 days 00:47:29.065000,2021-11-12 19:32:29.074,1,,False,,False,False
0 days 00:53:22.375000,ALO,14,,11.0,4.0,0 days 00:51:52.053000,,,0 days 00:00:49.212000,0 days 00:00:17.688000,,0 days 00:53:04.708000,0 days 00:53:22.396000,267.0,219.0,316.0,255.0,False,SOFT,1.0,True,Alpine,0 days 00:49:01.424000,2021-11-12 19:34:01.433,1,,False,,False,False
0 days 00:54:31.764000,ALO,14,0 days 00:01:09.389000,12.0,4.0,,,0 days 00:00:17.829000,0 days 00:00:35.255000,0 days 00:00:16.305000,0 days 00:53:40.204000,0 days 00:54:15.459000,0 days 00:54:31.764000,320.0,264.0,321.0,321.0,False,SOFT,2.0,True,Alpine,0 days 00:53:22.375000,2021-11-12 19:38:22.384,1,,False,,False,True
0 days 00:56:12.968000,ALO,14,0 days 00:01:41.204000,13.0,4.0,,0 days 00:56:10.299000,0 days 00:00:29.599000,0 days 00:00:46.534000,0 days 00:00:25.071000,0 days 00:55:01.363000,0 days 00:55:47.897000,0 days 00:56:12.968000,203.0,197.0,,226.0,False,SOFT,3.0,True,Alpine,0 days 00:54:31.764000,2021-11-12 19:39:31.773,1,,False,,False,False
0 days 01:07:31.441000,ALO,14,,14.0,5.0,0 days 01:05:54.556000,,,0 days 00:00:52.812000,0 days 00:00:18.372000,,0 days 01:07:13.103000,0 days 01:07:31.734000,266.0,209.0,319.0,226.0,False,SOFT,1.0,True,Alpine,0 days 00:56:12.968000,2021-11-12 19:41:12.977,1,,False,,False,False
0 days 01:08:40.621000,ALO,14,0 days 00:01:09.180000,15.0,5.0,,,0 days 00:00:17.763000,0 days 00:00:35.096000,0 days 00:00:16.321000,0 days 01:07:49.204000,0 days 01:08:24.300000,0 days 01:08:40.621000,322.0,266.0,319.0,323.0,True,SOFT,2.0,True,Alpine,0 days 01:07:31.441000,2021-11-12 19:52:31.450,1,,False,,False,True
0 days 01:10:19.050000,ALO,14,0 days 00:01:38.429000,16.0,5.0,,0 days 01:10:16.101000,0 days 00:00:27.700000,0 days 00:00:43.195000,0 days 00:00:27.534000,0 days 01:09:08.321000,0 days 01:09:51.516000,0 days 01:10:19.050000,221.0,158.0,,249.0,False,SOFT,3.0,True,Alpine,0 days 01:08:40.621000,2021-11-12 19:53:40.630,1,,False,,False,False
0 days 01:13:38.566000,ALO,14,,17.0,6.0,0 days 01:12:16.702000,,,0 days 00:00:45.148000,0 days 00:00:17.757000,,0 days 01:13:20.825000,0 days 01:13:38.575000,282.0,191.0,316.0,249.0,False,SOFT,1.0,True,Alpine,0 days 01:10:19.050000,2021-11-12 19:55:19.059,1,,False,,False,False
0 days 01:14:47.679000,ALO,14,0 days 00:01:09.113000,18.0,6.0,,,0 days 00:00:17.748000,0 days 00:00:35.131000,0 days 00:00:16.234000,0 days 01:13:56.314000,0 days 01:14:31.445000,0 days 01:14:47.679000,320.0,264.0,317.0,321.0,True,SOFT,2.0,True,Alpine,0 days 01:13:38.566000,2021-11-12 19:58:38.575,1,,False,,False,True
0 days 01:16:32.282000,ALO,14,0 days 00:01:44.603000,19.0,6.0,,0 days 01:16:28.075000,0 days 00:00:27.659000,0 days 00:00:45.507000,0 days 00:00:31.437000,0 days 01:15:15.338000,0 days 01:16:00.845000,0 days 01:16:32.282000,198.0,156.0,,231.0,False,SOFT,3.0,True,Alpine,0 days 01:14:47.679000,2021-11-12 19:59:47.688,1,,False,,False,False
0 days 00:23:36.854000,OCO,31,,1.0,1.0,0 days 00:22:04.333000,,,0 days 00:00:54.302000,0 days 00:00:18.555000,,0 days 00:23:18.314000,0 days 00:23:37.099000,277.0,146.0,314.0,,False,SOFT,1.0,True,Alpine,0 days 00:22:04.333000,2021-11-12 19:07:04.342,1,,False,,False,False
0 days 00:24:46.779000,OCO,31,0 days 00:01:09.925000,2.0,1.0,,,0 days 00:00:18.050000,0 days 00:00:35.522000,0 days 00:00:16.353000,0 days 00:23:54.904000,0 days 00:24:30.426000,0 days 00:24:46.779000,319.0,265.0,319.0,320.0,True,SOFT,2.0,True,Alpine,0 days 00:23:36.854000,2021-11-12 19:08:36.863,1,,False,,False,True
0 days 00:26:30.202000,OCO,31,0 days 00:01:43.423000,3.0,1.0,,,0 days 00:00:27.749000,0 days 00:00:58.579000,0 days 00:00:17.095000,0 days 00:25:14.528000,0 days 00:26:13.107000,0 days 00:26:30.202000,157.0,231.0,317.0,255.0,False,SOFT,3.0,True,Alpine,0 days 00:24:46.779000,2021-11-12 19:09:46.788,1,,False,,False,True
0 days 00:27:39.997000,OCO,31,0 days 00:01:09.795000,4.0,1.0,,,0 days 00:00:17.894000,0 days 00:00:35.545000,0 days 00:00:16.356000,0 days 00:26:48.096000,0 days 00:27:23.641000,0 days 00:27:39.997000,319.0,263.0,317.0,323.0,True,SOFT,4.0,True,Alpine,0 days 00:26:30.202000,2021-11-12 19:11:30.211,1,,False,,False,True
0 days 00:29:04.874000,OCO,31,0 days 00:01:24.877000,5.0,1.0,,0 days 00:29:02.005000,0 days 00:00:20.726000,0 days 00:00:41.120000,0 days 00:00:23.031000,0 days 00:28:00.723000,0 days 00:28:41.843000,0 days 00:29:04.874000,285.0,227.0,,238.0,False,SOFT,5.0,True,Alpine,0 days 00:27:39.997000,2021-11-12 19:12:40.006,1,,False,,False,False
0 days 00:32:42.888000,OCO,31,,6.0,2.0,0 days 00:30:51.055000,,,0 days 00:01:13.444000,0 days 00:00:17.574000,,0 days 00:32:25.411000,0 days 00:32:43.102000,268.0,153.0,317.0,238.0,False,SOFT,1.0,True,Alpine,0 days 00:29:04.874000,2021-11-12 19:14:04.883,1,,False,,False,False
0 days 00:33:52.318000,OCO,31,0 days 00:01:09.430000,7.0,2.0,,,0 days 00:00:17.944000,0 days 00:00:35.197000,0 days 00:00:16.289000,0 days 00:33:00.832000,0 days 00:33:36.029000,0 days 00:33:52.318000,321.0,265.0,318.0,324.0,True,SOFT,2.0,True,Alpine,0 days 00:32:42.888000,2021-11-12 19:17:42.897,1,,False,,False,True
0 days 00:35:24.553000,OCO,31,0 days 00:01:32.235000,8.0,2.0,,0 days 00:35:21.693000,0 days 00:00:23.761000,0 days 00:00:44.437000,0 days 00:00:24.037000,0 days 00:34:16.079000,0 days 00:35:00.516000,0 days 00:35:24.553000,245.0,215.0,,246.0,False,SOFT,3.0,True,Alpine,0 days 00:33:52.318000,2021-11-12 19:18:52.327,1,,False,,False,False
0 days 00:45:06.795000,OCO,31,,9.0,3.0,0 days 00:43:36.232000,,,0 days 00:00:49.350000,0 days 00:00:17.213000,,0 days 00:44:49.620000,0 days 00:45:06.839000,283.0,229.0,315.0,246.0,False,SOFT,1.0,True,Alpine,0 days 00:35:24.553000,2021-11-12 19:20:24.562,1,,False,,False,False
0 days 00:46:16.046000,OCO,31,0 days 00:01:09.251000,10.0,3.0,,,0 days 00:00:17.843000,0 days 00:00:35.136000,0 days 00:00:16.272000,0 days 00:45:24.638000,0 days 00:45:59.774000,0 days 00:46:16.046000,320.0,265.0,325.0,321.0,True,SOFT,2.0,True,Alpine,0 days 00:45:06.795000,2021-11-12 19:30:06.804,1,,False,,False,True
0 days 00:47:49.442000,OCO,31,0 days 00:01:33.396000,11.0,3.0,,0 days 00:47:46.153000,0 days 00:00:23.927000,0 days 00:00:43.918000,0 days 00:00:25.551000,0 days 00:46:39.973000,0 days 00:47:23.891000,0 days 00:47:49.442000,254.0,204.0,,279.0,False,SOFT,3.0,True,Alpine,0 days 00:46:16.046000,2021-11-12 19:31:16.055,1,,False,,False,False
0 days 00:53:46.979000,OCO,31,,12.0,4.0,0 days 00:52:01.002000,,,0 days 00:00:51.139000,0 days 00:00:17.580000,,0 days 00:53:29.407000,0 days 00:53:46.989000,276.0,190.0,315.0,279.0,False,SOFT,1.0,True,Alpine,0 days 00:47:49.442000,2021-11-12 19:32:49.451,1,,False,,False,False
0 days 00:54:56.168000,OCO,31,0 days 00:01:09.189000,13.0,4.0,,,0 days 00:00:17.738000,0 days 00:00:35.165000,0 days 00:00:16.286000,0 days 00:54:04.717000,0 days 00:54:39.882000,0 days 00:54:56.168000,321.0,264.0,318.0,323.0,True,SOFT,2.0,True,Alpine,0 days 00:53:46.979000,2021-11-12 19:38:46.988,1,,False,,False,True
0 days 00:56:31.566000,OCO,31,0 days 00:01:35.398000,14.0,4.0,,0 days 00:56:28.562000,0 days 00:00:23.159000,0 days 00:00:45.574000,0 days 00:00:26.665000,0 days 00:55:19.327000,0 days 00:56:04.901000,0 days 00:56:31.566000,238.0,206.0,,284.0,False,SOFT,3.0,True,Alpine,0 days 00:54:56.168000,2021-11-12 19:39:56.177,1,,False,,False,False
0 days 00:19:09.926000,VET,5,,1.0,1.0,0 days 00:17:37.541000,,,0 days 00:00:51.270000,0 days 00:00:17.764000,,0 days 00:18:52.204000,0 days 00:19:10.175000,252.0,215.0,309.0,,False,SOFT,1.0,True,Aston Martin,0 days 00:17:37.541000,2021-11-12 19:02:37.550,1,,False,,False,False
0 days 00:20:20.074000,VET,5,0 days 00:01:10.148000,2.0,1.0,,,0 days 00:00:18.100000,0 days 00:00:35.668000,0 days 00:00:16.380000,0 days 00:19:28.026000,0 days 00:20:03.694000,0 days 00:20:20.074000,317.0,262.0,311.0,313.0,True,SOFT,2.0,True,Aston Martin,0 days 00:19:09.926000,2021-11-12 19:04:09.935,1,,False,,False,True
0 days 00:22:08.033000,VET,5,0 days 00:01:47.959000,3.0,1.0,,,0 days 00:00:25.664000,0 days 00:00:58.335000,0 days 00:00:23.960000,0 days 00:20:45.738000,0 days 00:21:44.073000,0 days 00:22:08.033000,181.0,102.0,261.0,245.0,False,SOFT,3.0,True,Aston Martin,0 days 00:20:20.074000,2021-11-12 19:05:20.083,1,,False,,False,True
0 days 00:23:46.798000,VET,5,0 days 00:01:38.765000,4.0,1.0,,,0 days 00:00:24.483000,0 days 00:00:55.765000,0 days 00:00:18.517000,0 days 00:22:32.516000,0 days 00:23:28.281000,0 days 00:23:46.798000,223.0,196.0,309.0,265.0,False,SOFT,4.0,True,Aston Martin,0 days 00:22:08.033000,2021-11-12 19:07:08.042,1,,False,,False,True
0 days 00:24:56.768000,VET,5,0 days 00:01:09.970000,5.0,1.0,,,0 days 00:00:18.117000,0 days 00:00:35.529000,0 days 00:00:16.324000,0 days 00:24:04.915000,0 days 00:24:40.444000,0 days 00:24:56.768000,317.0,263.0,313.0,313.0,True,SOFT,5.0,True,Aston Martin,0 days 00:23:46.798000,2021-11-12 19:08:46.807,1,,False,,False,True
0 days 00:26:23.574000,VET,5,0 days 00:01:26.806000,6.0,1.0,,0 days 00:26:20.661000,0 days 00:00:21.989000,0 days 00:00:42.644000,0 days 00:00:22.173000,0 days 00:25:18.757000,0 days 00:26:01.401000,0 days 00:26:23.574000,261.0,231.0,,249.0,False,SOFT,6.0,True,Aston Martin,0 days 00:24:56.768000,2021-11-12 19:09:56.777,1,,False,,False,False
0 days 00:31:47.543000,VET,5,,7.0,2.0,0 days 00:30:04.855000,,,0 days 00:00:55.596000,0 days 00:00:19.413000,,0 days 00:31:28.130000,0 days 00:31:47.762000,189.0,190.0,312.0,249.0,False,SOFT,1.0,True,Aston Martin,0 days 00:26:23.574000,2021-11-12 19:11:23.583,1,,False,,False,False
0 days 00:32:56.994000,VET,5,0 days 00:01:09.451000,8.0,2.0,,,0 days 00:00:17.949000,0 days 00:00:35.270000,0 days 00:00:16.232000,0 days 00:32:05.492000,0 days 00:32:40.762000,0 days 00:32:56.994000,318.0,262.0,321.0,315.0,True,SOFT,2.0,True,Aston Martin,0 days 00:31:47.543000,2021-11-12 19:16:47.552,1,,False,,False,True
0 days 00:34:27.513000,VET,5,0 days 00:01:30.519000,9.0,2.0,,0 days 00:34:24.604000,0 days 00:00:22.339000,0 days 00:00:43.370000,0 days 00:00:24.810000,0 days 00:33:19.333000,0 days 00:34:02.703000,0 days 00:34:27.513000,266.0,221.0,,256.0,False,SOFT,3.0,True,Aston Martin,0 days 00:32:56.994000,2021-11-12 19:17:57.003,1,,False,,False,False
0 days 00:45:43.227000,VET,5,,10.0,3.0,0 days 00:43:46.920000,,,0 days 00:01:01.877000,0 days 00:00:17.938000,,0 days 00:45:25.331000,0 days 00:45:43.279000,179.0,217.0,311.0,256.0,False,SOFT,1.0,True,Aston Martin,0 days 00:34:27.513000,2021-11-12 19:19:27.522,1,,False,,False,False
0 days 00:46:52.713000,VET,5,0 days 00:01:09.486000,11.0,3.0,,,0 days 00:00:17.998000,0 days 00:00:35.239000,0 days 00:00:16.249000,0 days 00:46:01.225000,0 days 00:46:36.464000,0 days 00:46:52.713000,318.0,261.0,311.0,316.0,True,SOFT,2.0,True,Aston Martin,0 days 00:45:43.227000,2021-11-12 19:30:43.236,1,,False,,False,True
0 days 00:48:24.310000,VET,5,0 days 00:01:31.597000,12.0,3.0,,0 days 00:48:21.334000,0 days 00:00:22.108000,0 days 00:00:44.697000,0 days 00:00:24.792000,0 days 00:47:14.821000,0 days 00:47:59.518000,0 days 00:48:24.310000,254.0,215.0,,259.0,False,SOFT,3.0,True,Aston Martin,0 days 00:46:52.713000,2021-11-12 19:31:52.722,1,,False,,False,False
0 days 00:54:02.434000,VET,5,,13.0,4.0,0 days 00:52:05.291000,,,0 days 00:00:54.600000,0 days 00:00:18.393000,,0 days 00:53:44.109000,0 days 00:54:02.490000,179.0,214.0,311.0,259.0,False,SOFT,1.0,True,Aston Martin,0 days 00:48:24.310000,2021-11-12 19:33:24.319,1,,False,,False,False
0 days 00:55:11.833000,VET,5,0 days 00:01:09.399000,14.0,4.0,,,0 days 00:00:17.834000,0 days 00:00:35.238000,0 days 00:00:16.327000,0 days 00:54:20.268000,0 days 00:54:55.506000,0 days 00:55:11.833000,317.0,262.0,314.0,315.0,True,SOFT,2.0,True,Aston Martin,0 days 00:54:02.434000,2021-11-12 19:39:02.443,1,,False,,False,True
0 days 00:56:50.566000,VET,5,0 days 00:01:38.733000,15.0,4.0,,0 days 00:56:47.582000,0 days 00:00:26.100000,0 days 00:00:46.181000,0 days 00:00:26.452000,0 days 00:55:37.933000,0 days 00:56:24.114000,0 days 00:56:50.566000,210.0,186.0,,251.0,False,SOFT,3.0,True,Aston Martin,0 days 00:55:11.833000,2021-11-12 19:40:11.842,1,,False,,False,False
0 days 00:24:05.726000,TSU,22,,1.0,1.0,0 days 00:22:33.947000,,,0 days 00:00:49.058000,0 days 00:00:17.573000,,0 days 00:23:48.266000,0 days 00:24:06.046000,271.0,207.0,312.0,,False,SOFT,1.0,True,AlphaTauri,0 days 00:22:33.947000,2021-11-12 19:07:33.956,1,,False,,False,False
0 days 00:25:15.076000,TSU,22,0 days 00:01:09.350000,2.0,1.0,,,0 days 00:00:17.971000,0 days 00:00:35.159000,0 days 00:00:16.220000,0 days 00:24:23.697000,0 days 00:24:58.856000,0 days 00:25:15.076000,319.0,265.0,327.0,316.0,True,SOFT,2.0,True,AlphaTauri,0 days 00:24:05.726000,2021-11-12 19:09:05.735,1,,False,,False,True
0 days 00:26:53.337000,TSU,22,0 days 00:01:38.261000,3.0,1.0,,0 days 00:26:50.497000,0 days 00:00:29.304000,0 days 00:00:46.631000,0 days 00:00:22.326000,0 days 00:25:44.380000,0 days 00:26:31.011000,0 days 00:26:53.337000,268.0,232.0,,163.0,False,SOFT,3.0,True,AlphaTauri,0 days 00:25:15.076000,2021-11-12 19:10:15.085,1,,False,,False,False
0 days 00:45:35.919000,TSU,22,,4.0,2.0,0 days 00:43:43.156000,,,0 days 00:01:03.138000,0 days 00:00:17.536000,,0 days 00:45:18.476000,0 days 00:45:36.020000,271.0,209.0,314.0,163.0,False,SOFT,1.0,True,AlphaTauri,0 days 00:26:53.337000,2021-11-12 19:11:53.346,1,,False,,False,False
0 days 00:46:45.402000,TSU,22,0 days 00:01:09.483000,5.0,2.0,,,0 days 00:00:17.924000,0 days 00:00:35.310000,0 days 00:00:16.249000,0 days 00:45:53.843000,0 days 00:46:29.153000,0 days 00:46:45.402000,319.0,265.0,317.0,319.0,True,SOFT,2.0,True,AlphaTauri,0 days 00:45:35.919000,2021-11-12 19:30:35.928,1,,False,,False,True
0 days 00:48:18.508000,TSU,22,0 days 00:01:33.106000,6.0,2.0,,0 days 00:48:15.580000,0 days 00:00:24.137000,0 days 00:00:46.003000,0 days 00:00:22.966000,0 days 00:47:09.539000,0 days 00:47:55.542000,0 days 00:48:18.508000,272.0,216.0,,268.0,False,SOFT,3.0,True,AlphaTauri,0 days 00:46:45.402000,2021-11-12 19:31:45.411,1,,False,,False,False
0 days 00:53:40.827000,TSU,22,,7.0,3.0,0 days 00:51:59.009000,,,0 days 00:00:49.753000,0 days 00:00:17.902000,,0 days 00:53:22.931000,0 days 00:53:40.884000,272.0,146.0,313.0,268.0,False,SOFT,1.0,True,AlphaTauri,0 days 00:48:18.508000,2021-11-12 19:33:18.517,1,,False,,False,False
0 days 00:54:50.342000,TSU,22,0 days 00:01:09.515000,8.0,3.0,,,0 days 00:00:17.964000,0 days 00:00:35.145000,0 days 00:00:16.406000,0 days 00:53:58.791000,0 days 00:54:33.936000,0 days 00:54:50.342000,320.0,264.0,314.0,318.0,False,SOFT,2.0,True,AlphaTauri,0 days 00:53:40.827000,2021-11-12 19:38:40.836,1,,False,,False,True
0 days 00:56:23.916000,TSU,22,0 days 00:01:33.574000,9.0,3.0,,0 days 00:56:20.709000,0 days 00:00:25.867000,0 days 00:00:44.384000,0 days 00:00:23.323000,0 days 00:55:16.209000,0 days 00:56:00.593000,0 days 00:56:23.916000,255.0,220.0,,258.0,False,SOFT,3.0,True,AlphaTauri,0 days 00:54:50.342000,2021-11-12 19:39:50.351,1,,False,,False,False
0 days 00:18:59.403000,RAI,7,,1.0,1.0,0 days 00:17:32.264000,,,0 days 00:00:51.387000,0 days 00:00:17.063000,,0 days 00:18:42.469000,0 days 00:18:59.654000,283.0,225.0,321.0,,False,SOFT,1.0,True,Alfa Romeo Racing,0 days 00:17:32.264000,2021-11-12 19:02:32.273,1,,False,,False,False
0 days 00:20:09.623000,RAI,7,0 days 00:01:10.220000,2.0,1.0,,,0 days 00:00:18.098000,0 days 00:00:35.823000,0 days 00:00:16.299000,0 days 00:19:17.501000,0 days 00:19:53.324000,0 days 00:20:09.623000,325.0,265.0,323.0,327.0,True,SOFT,2.0,True,Alfa Romeo Racing,0 days 00:18:59.403000,2021-11-12 19:03:59.412,1,,False,,False,True
0 days 00:21:35.387000,RAI,7,0 days 00:01:25.764000,3.0,1.0,,0 days 00:21:32.518000,0 days 00:00:21.302000,0 days 00:00:41.309000,0 days 00:00:23.153000,0 days 00:20:30.925000,0 days 00:21:12.234000,0 days 00:21:35.387000,281.0,233.0,,259.0,False,SOFT,3.0,True,Alfa Romeo Racing,0 days 00:20:09.623000,2021-11-12 19:05:09.632,1,,False,,False,False
0 days 00:25:18.261000,RAI,7,,4.0,2.0,0 days 00:23:53.527000,,,0 days 00:00:45.623000,0 days 00:00:17.105000,,0 days 00:25:01.156000,0 days 00:25:18.511000,255.0,229.0,324.0,259.0,False,SOFT,1.0,True,Alfa Romeo Racing,0 days 00:21:35.387000,2021-11-12 19:06:35.396,1,,False,,False,False
0 days 00:26:28.075000,RAI,7,0 days 00:01:09.814000,5.0,2.0,,,0 days 00:00:17.829000,0 days 00:00:35.749000,0 days 00:00:16.236000,0 days 00:25:36.090000,0 days 00:26:11.839000,0 days 00:26:28.075000,327.0,268.0,322.0,329.0,True,SOFT,2.0,True,Alfa Romeo Racing,0 days 00:25:18.261000,2021-11-12 19:10:18.270,1,,False,,False,True
0 days 00:27:54.881000,RAI,7,0 days 00:01:26.806000,6.0,2.0,,0 days 00:27:50.407000,0 days 00:00:21.454000,0 days 00:00:40.261000,0 days 00:00:25.091000,0 days 00:26:49.529000,0 days 00:27:29.790000,0 days 00:27:54.881000,240.0,236.0,,288.0,False,SOFT,3.0,True,Alfa Romeo Racing,0 days 00:26:28.075000,2021-11-12 19:11:28.084,1,,False,,False,False
0 days 00:32:23.014000,RAI,7,,7.0,3.0,0 days 00:30:41.059000,,,0 days 00:01:03.203000,0 days 00:00:18.556000,,0 days 00:32:04.536000,0 days 00:32:23.254000,269.0,53.0,322.0,288.0,False,SOFT,1.0,True,Alfa Romeo Racing,0 days 00:27:54.881000,2021-11-12 19:12:54.890,1,,False,,False,False
0 days 00:33:32.612000,RAI,7,0 days 00:01:09.598000,8.0,3.0,,,0 days 00:00:17.773000,0 days 00:00:35.557000,0 days 00:00:16.268000,0 days 00:32:40.787000,0 days 00:33:16.344000,0 days 00:33:32.612000,327.0,267.0,325.0,329.0,True,SOFT,2.0,True,Alfa Romeo Racing,0 days 00:32:23.014000,2021-11-12 19:17:23.023,1,,False,,False,True
0 days 00:35:05.003000,RAI,7,0 days 00:01:32.391000,9.0,3.0,,0 days 00:35:02.135000,0 days 00:00:23.136000,0 days 00:00:44.344000,0 days 00:00:24.911000,0 days 00:33:55.748000,0 days 00:34:40.092000,0 days 00:35:05.003000,252.0,192.0,,263.0,False,SOFT,3.0,True,Alfa Romeo Racing,0 days 00:33:32.612000,2021-11-12 19:18:32.621,1,,False,,False,False
0 days 00:45:59.864000,RAI,7,,10.0,4.0,0 days 00:44:24.783000,,,0 days 00:00:55.819000,0 days 00:00:18.138000,,0 days 00:45:41.726000,0 days 00:45:59.939000,272.0,150.0,321.0,263.0,False,SOFT,4.0,False,Alfa Romeo Racing,0 days 00:35:05.003000,2021-11-12 19:20:05.012,1,,False,,False,False
0 days 00:47:09.933000,RAI,7,0 days 00:01:10.069000,11.0,4.0,,,0 days 00:00:17.983000,0 days 00:00:35.682000,0 days 00:00:16.404000,0 days 00:46:17.847000,0 days 00:46:53.529000,0 days 00:47:09.933000,325.0,267.0,321.0,327.0,True,SOFT,5.0,False,Alfa Romeo Racing,0 days 00:45:59.864000,2021-11-12 19:30:59.873,1,,False,,False,True
0 days 00:48:34.920000,RAI,7,0 days 00:01:24.987000,12.0,4.0,,0 days 00:48:31.949000,0 days 00:00:20.284000,0 days 00:00:40.622000,0 days 00:00:24.081000,0 days 00:47:30.217000,0 days 00:48:10.839000,0 days 00:48:34.920000,281.0,241.0,,310.0,False,SOFT,6.0,False,Alfa Romeo Racing,0 days 00:47:09.933000,2021-11-12 19:32:09.942,1,,False,,False,False
0 days 00:54:42.752000,RAI,7,,13.0,5.0,0 days 00:52:58.141000,,,0 days 00:00:59.082000,0 days 00:00:19.705000,,0 days 00:54:23.120000,0 days 00:54:42.790000,176.0,80.0,323.0,310.0,False,SOFT,1.0,True,Alfa Romeo Racing,0 days 00:48:34.920000,2021-11-12 19:33:34.929,1,,False,,False,False
0 days 00:55:52.255000,RAI,7,0 days 00:01:09.503000,14.0,5.0,,,0 days 00:00:17.807000,0 days 00:00:35.416000,0 days 00:00:16.280000,0 days 00:55:00.559000,0 days 00:55:35.975000,0 days 00:55:52.255000,325.0,266.0,321.0,330.0,True,SOFT,2.0,True,Alfa Romeo Racing,0 days 00:54:42.752000,2021-11-12 19:39:42.761,1,,False,,False,True
0 days 00:57:23.038000,RAI,7,0 days 00:01:30.783000,15.0,5.0,,0 days 00:57:19.939000,0 days 00:00:23.583000,0 days 00:00:42.412000,0 days 00:00:24.788000,0 days 00:56:15.838000,0 days 00:56:58.250000,0 days 00:57:23.038000,237.0,203.0,,247.0,False,SOFT,3.0,True,Alfa Romeo Racing,0 days 00:55:52.255000,2021-11-12 19:40:52.264,1,,False,,False,False
0 days 00:18:51.520000,GIO,99,,1.0,1.0,0 days 00:17:26.530000,,,0 days 00:00:47.744000,0 days 00:00:17.620000,,0 days 00:18:33.909000,0 days 00:18:51.759000,217.0,190.0,319.0,,False,SOFT,1.0,True,Alfa Romeo Racing,0 days 00:17:26.530000,2021-11-12 19:02:26.539,1,,False,,False,False
0 days 00:20:02.018000,GIO,99,0 days 00:01:10.498000,2.0,1.0,,,0 days 00:00:18.069000,0 days 00:00:36.185000,0 days 00:00:16.244000,0 days 00:19:09.589000,0 days 00:19:45.774000,0 days 00:20:02.018000,324.0,266.0,321.0,324.0,True,SOFT,2.0,True,Alfa Romeo Racing,0 days 00:18:51.520000,2021-11-12 19:03:51.529,1,,False,,False,True
0 days 00:21:32.933000,GIO,99,0 days 00:01:30.915000,3.0,1.0,,0 days 00:21:29.848000,0 days 00:00:23.642000,0 days 00:00:43.870000,0 days 00:00:23.403000,0 days 00:20:25.660000,0 days 00:21:09.530000,0 days 00:21:32.933000,256.0,230.0,,249.0,False,SOFT,3.0,True,Alfa Romeo Racing,0 days 00:20:02.018000,2021-11-12 19:05:02.027,1,,False,,False,False
0 days 00:26:03.636000,GIO,99,,4.0,2.0,0 days 00:24:22.376000,,,0 days 00:00:58.347000,0 days 00:00:17.916000,,0 days 00:25:45.866000,0 days 00:26:03.870000,107.0,155.0,320.0,249.0,False,SOFT,1.0,True,Alfa Romeo Racing,0 days 00:21:32.933000,2021-11-12 19:06:32.942,1,,False,,False,False
0 days 00:27:13.703000,GIO,99,0 days 00:01:10.067000,5.0,2.0,,,0 days 00:00:17.975000,0 days 00:00:35.852000,0 days 00:00:16.240000,0 days 00:26:21.611000,0 days 00:26:57.463000,0 days 00:27:13.703000,325.0,268.0,322.0,325.0,False,SOFT,2.0,True,Alfa Romeo Racing,0 days 00:26:03.636000,2021-11-12 19:11:03.645,1,,True,TRACK LIMITS AT TURN 4,False,True
0 days 00:28:40.832000,GIO,99,0 days 00:01:27.129000,6.0,2.0,,0 days 00:28:37.940000,0 days 00:00:21.900000,0 days 00:00:43.064000,0 days 00:00:22.165000,0 days 00:27:35.603000,0 days 00:28:18.667000,0 days 00:28:40.832000,275.0,237.0,,244.0,False,SOFT,3.0,True,Alfa Romeo Racing,0 days 00:27:13.703000,2021-11-12 19:12:13.712,1,,False,,False,False
0 days 00:32:20.105000,GIO,99,,7.0,3.0,0 days 00:30:38.045000,,,0 days 00:01:02.636000,0 days 00:00:19.273000,,0 days 00:32:00.842000,0 days 00:32:20.343000,191.0,39.0,321.0,244.0,False,SOFT,1.0,True,Alfa Romeo Racing,0 days 00:28:40.832000,2021-11-12 19:13:40.841,1,,False,,False,False
0 days 00:33:29.447000,GIO,99,0 days 00:01:09.342000,8.0,3.0,,,0 days 00:00:17.689000,0 days 00:00:35.502000,0 days 00:00:16.151000,0 days 00:32:37.794000,0 days 00:33:13.296000,0 days 00:33:29.447000,327.0,269.0,323.0,328.0,True,SOFT,2.0,True,Alfa Romeo Racing,0 days 00:32:20.105000,2021-11-12 19:17:20.114,1,,False,,False,True
0 days 00:35:01.377000,GIO,99,0 days 00:01:31.930000,9.0,3.0,,0 days 00:34:58.470000,0 days 00:00:21.703000,0 days 00:00:45.495000,0 days 00:00:24.732000,0 days 00:33:51.150000,0 days 00:34:36.645000,0 days 00:35:01.377000,240.0,218.0,,277.0,False,SOFT,3.0,True,Alfa Romeo Racing,0 days 00:33:29.447000,2021-11-12 19:18:29.456,1,,False,,False,False
0 days 00:45:57.066000,GIO,99,,10.0,4.0,0 days 00:44:18.606000,,,0 days 00:01:00.500000,0 days 00:00:18.092000,,0 days 00:45:38.989000,0 days 00:45:57.095000,199.0,136.0,320.0,277.0,False,SOFT,4.0,False,Alfa Romeo Racing,0 days 00:35:01.377000,2021-11-12 19:20:01.386,1,,False,,False,False
0 days 00:47:07.293000,GIO,99,0 days 00:01:10.227000,11.0,4.0,,,0 days 00:00:17.946000,0 days 00:00:35.903000,0 days 00:00:16.378000,0 days 00:46:15.012000,0 days 00:46:50.915000,0 days 00:47:07.293000,325.0,267.0,322.0,326.0,True,SOFT,5.0,False,Alfa Romeo Racing,0 days 00:45:57.066000,2021-11-12 19:30:57.075,1,,False,,False,True
0 days 00:48:33.045000,GIO,99,0 days 00:01:25.752000,12.0,4.0,,0 days 00:48:30.081000,0 days 00:00:22.149000,0 days 00:00:40.349000,0 days 00:00:23.254000,0 days 00:47:29.442000,0 days 00:48:09.791000,0 days 00:48:33.045000,255.0,232.0,,294.0,False,SOFT,6.0,False,Alfa Romeo Racing,0 days 00:47:07.293000,2021-11-12 19:32:07.302,1,,False,,False,False
0 days 00:54:40.416000,GIO,99,,13.0,5.0,0 days 00:52:53.908000,,,0 days 00:00:59.882000,0 days 00:00:19.233000,,0 days 00:54:21.194000,0 days 00:54:40.470000,224.0,91.0,322.0,294.0,False,SOFT,1.0,True,Alfa Romeo Racing,0 days 00:48:33.045000,2021-11-12 19:33:33.054,1,,False,,False,False
0 days 00:56:10.481000,GIO,99,0 days 00:01:30.065000,14.0,5.0,,0 days 00:56:07.490000,0 days 00:00:19.335000,0 days 00:00:47.134000,0 days 00:00:23.596000,0 days 00:54:59.751000,0 days 00:55:46.885000,0 days 00:56:10.481000,202.0,232.0,,328.0,False,SOFT,2.0,True,Alfa Romeo Racing,0 days 00:54:40.416000,2021-11-12 19:39:40.425,1,,False,,False,False
0 days 00:18:46.976000,STR,18,,1.0,1.0,0 days 00:17:27.662000,,,0 days 00:00:42.862000,0 days 00:00:17.563000,,0 days 00:18:29.551000,0 days 00:18:47.220000,263.0,207.0,311.0,,False,SOFT,1.0,True,Aston Martin,0 days 00:17:27.662000,2021-11-12 19:02:27.671,1,,False,,False,False
0 days 00:19:56.932000,STR,18,0 days 00:01:09.956000,2.0,1.0,,,0 days 00:00:18.069000,0 days 00:00:35.521000,0 days 00:00:16.366000,0 days 00:19:05.045000,0 days 00:19:40.566000,0 days 00:19:56.932000,318.0,262.0,316.0,315.0,True,SOFT,2.0,True,Aston Martin,0 days 00:18:46.976000,2021-11-12 19:03:46.985,1,,False,,False,True
0 days 00:21:54.756000,STR,18,0 days 00:01:57.824000,3.0,1.0,,,0 days 00:00:30.159000,0 days 00:01:08.130000,0 days 00:00:19.535000,0 days 00:20:27.091000,0 days 00:21:35.221000,0 days 00:21:54.756000,141.0,142.0,288.0,263.0,False,SOFT,3.0,True,Aston Martin,0 days 00:19:56.932000,2021-11-12 19:04:56.941,1,,False,,False,True
0 days 00:23:28.047000,STR,18,0 days 00:01:33.291000,4.0,1.0,,,0 days 00:00:22.926000,0 days 00:00:53.035000,0 days 00:00:17.330000,0 days 00:22:17.682000,0 days 00:23:10.717000,0 days 00:23:28.047000,284.0,222.0,312.0,272.0,False,SOFT,4.0,True,Aston Martin,0 days 00:21:54.756000,2021-11-12 19:06:54.765,1,,False,,False,True
0 days 00:24:38.071000,STR,18,0 days 00:01:10.024000,5.0,1.0,,,0 days 00:00:18.084000,0 days 00:00:35.614000,0 days 00:00:16.326000,0 days 00:23:46.131000,0 days 00:24:21.745000,0 days 00:24:38.071000,321.0,261.0,321.0,315.0,False,SOFT,5.0,True,Aston Martin,0 days 00:23:28.047000,2021-11-12 19:08:28.056,1,,False,,False,True
0 days 00:26:07.346000,STR,18,0 days 00:01:29.275000,6.0,1.0,,0 days 00:26:04.513000,0 days 00:00:20.067000,0 days 00:00:45.317000,0 days 00:00:23.891000,0 days 00:24:58.138000,0 days 00:25:43.455000,0 days 00:26:07.346000,289.0,211.0,,279.0,False,SOFT,6.0,True,Aston Martin,0 days 00:24:38.071000,2021-11-12 19:09:38.080,1,,False,,False,False
0 days 00:32:12.066000,STR,18,,7.0,2.0,0 days 00:30:42.774000,,,0 days 00:00:43.635000,0 days 00:00:26.274000,,0 days 00:31:45.792000,0 days 00:32:12.329000,278.0,97.0,314.0,279.0,False,SOFT,1.0,True,Aston Martin,0 days 00:26:07.346000,2021-11-12 19:11:07.355,1,,False,,False,False
0 days 00:33:21.729000,STR,18,0 days 00:01:09.663000,8.0,2.0,,,0 days 00:00:18.075000,0 days 00:00:35.292000,0 days 00:00:16.296000,0 days 00:32:30.141000,0 days 00:33:05.433000,0 days 00:33:21.729000,319.0,264.0,317.0,318.0,True,SOFT,2.0,True,Aston Martin,0 days 00:32:12.066000,2021-11-12 19:17:12.075,1,,False,,False,True
0 days 00:34:58.131000,STR,18,0 days 00:01:36.402000,9.0,2.0,,0 days 00:34:55.057000,0 days 00:00:20.762000,0 days 00:00:44.751000,0 days 00:00:30.889000,0 days 00:33:42.491000,0 days 00:34:27.242000,0 days 00:34:58.131000,254.0,151.0,,278.0,False,SOFT,3.0,True,Aston Martin,0 days 00:33:21.729000,2021-11-12 19:18:21.738,1,,False,,False,False
0 days 00:17:23.422000,LAT,6,,1.0,1.0,0 days 00:16:01.940000,,,0 days 00:00:42.675000,0 days 00:00:18.348000,,0 days 00:17:05.074000,0 days 00:17:23.682000,286.0,188.0,311.0,,False,SOFT,1.0,True,Williams,0 days 00:16:01.940000,2021-11-12 19:01:01.949,1,,False,,False,False
0 days 00:18:34.668000,LAT,6,0 days 00:01:11.246000,2.0,1.0,,,0 days 00:00:18.441000,0 days 00:00:36.192000,0 days 00:00:16.613000,0 days 00:17:41.863000,0 days 00:18:18.055000,0 days 00:18:34.668000,315.0,261.0,312.0,316.0,True,SOFT,2.0,True,Williams,0 days 00:17:23.422000,2021-11-12 19:02:23.431,1,,False,,False,True
0 days 00:20:05.481000,LAT,6,0 days 00:01:30.813000,3.0,1.0,,0 days 00:20:01.929000,0 days 00:00:22.042000,0 days 00:00:44.329000,0 days 00:00:24.442000,0 days 00:18:56.710000,0 days 00:19:41.039000,0 days 00:20:05.481000,277.0,98.0,,262.0,False,SOFT,3.0,True,Williams,0 days 00:18:34.668000,2021-11-12 19:03:34.677,1,,False,,False,False
0 days 00:24:29.951000,LAT,6,,4.0,2.0,0 days 00:22:46.438000,,,0 days 00:00:57.963000,0 days 00:00:20.649000,,0 days 00:24:09.302000,0 days 00:24:30.219000,291.0,54.0,314.0,262.0,False,SOFT,1.0,True,Williams,0 days 00:20:05.481000,2021-11-12 19:05:05.490,1,,False,,False,False
0 days 00:25:39.958000,LAT,6,0 days 00:01:10.007000,5.0,2.0,,,0 days 00:00:18.204000,0 days 00:00:35.524000,0 days 00:00:16.279000,0 days 00:24:48.155000,0 days 00:25:23.679000,0 days 00:25:39.958000,319.0,263.0,315.0,319.0,True,SOFT,2.0,True,Williams,0 days 00:24:29.951000,2021-11-12 19:09:29.960,1,,False,,False,True
0 days 00:27:14.158000,LAT,6,0 days 00:01:34.200000,6.0,2.0,,0 days 00:27:11.331000,0 days 00:00:21.968000,0 days 00:00:47.907000,0 days 00:00:24.325000,0 days 00:26:01.926000,0 days 00:26:49.833000,0 days 00:27:14.158000,288.0,160.0,,272.0,False,SOFT,3.0,True,Williams,0 days 00:25:39.958000,2021-11-12 19:10:39.967,1,,False,,False,False
0 days 00:31:52.134000,LAT,6,,7.0,3.0,0 days 00:30:15.202000,,,0 days 00:00:55.390000,0 days 00:00:18.459000,,0 days 00:31:33.744000,0 days 00:31:52.335000,290.0,200.0,314.0,272.0,False,SOFT,1.0,True,Williams,0 days 00:27:14.158000,2021-11-12 19:12:14.167,1,,False,,False,False
0 days 00:33:02.031000,LAT,6,0 days 00:01:09.897000,8.0,3.0,,,0 days 00:00:17.981000,0 days 00:00:35.524000,0 days 00:00:16.392000,0 days 00:32:10.115000,0 days 00:32:45.639000,0 days 00:33:02.031000,318.0,263.0,320.0,319.0,True,SOFT,2.0,True,Williams,0 days 00:31:52.134000,2021-11-12 19:16:52.143,1,,False,,False,True
0 days 00:34:32.314000,LAT,6,0 days 00:01:30.283000,9.0,3.0,,0 days 00:34:29.384000,0 days 00:00:22.943000,0 days 00:00:45.018000,0 days 00:00:22.322000,0 days 00:33:24.974000,0 days 00:34:09.992000,0 days 00:34:32.314000,289.0,231.0,,301.0,False,SOFT,3.0,True,Williams,0 days 00:33:02.031000,2021-11-12 19:18:02.040,1,,False,,False,False
0 days 00:16:28.681000,RUS,63,,1.0,1.0,0 days 00:15:04.431000,0 days 00:16:25.786000,,0 days 00:00:41.270000,0 days 00:00:22.550000,,0 days 00:16:06.131000,0 days 00:16:28.887000,198.0,231.0,,,False,SOFT,11.0,False,Williams,0 days 00:15:04.431000,2021-11-12 19:00:04.440,1,,False,,False,False
0 days 00:19:47.701000,RUS,63,,2.0,2.0,0 days 00:18:14.760000,,,0 days 00:00:50.440000,0 days 00:00:20.899000,,0 days 00:19:26.877000,0 days 00:19:47.961000,206.0,169.0,317.0,,False,SOFT,1.0,True,Williams,0 days 00:16:28.681000,2021-11-12 19:01:28.690,1,,False,,False,False
0 days 00:20:58.096000,RUS,63,0 days 00:01:10.395000,3.0,2.0,,,0 days 00:00:18.033000,0 days 00:00:35.939000,0 days 00:00:16.423000,0 days 00:20:05.734000,0 days 00:20:41.673000,0 days 00:20:58.096000,320.0,262.0,314.0,322.0,True,SOFT,2.0,True,Williams,0 days 00:19:47.701000,2021-11-12 19:04:47.710,1,,False,,False,True
0 days 00:22:40.759000,RUS,63,0 days 00:01:42.663000,4.0,2.0,,,0 days 00:00:27.516000,0 days 00:00:55.082000,0 days 00:00:20.065000,0 days 00:21:25.612000,0 days 00:22:20.694000,0 days 00:22:40.759000,201.0,185.0,293.0,213.0,False,SOFT,3.0,True,Williams,0 days 00:20:58.096000,2021-11-12 19:05:58.105,1,,False,,False,True
0 days 00:24:35.491000,RUS,63,0 days 00:01:54.732000,5.0,2.0,,,0 days 00:00:25.052000,0 days 00:01:08.926000,0 days 00:00:20.754000,0 days 00:23:05.811000,0 days 00:24:14.737000,0 days 00:24:35.491000,282.0,146.0,318.0,219.0,False,SOFT,4.0,True,Williams,0 days 00:22:40.759000,2021-11-12 19:07:40.768,1,,False,,False,True
0 days 00:25:45.682000,RUS,63,0 days 00:01:10.191000,6.0,2.0,,,0 days 00:00:18.067000,0 days 00:00:35.832000,0 days 00:00:16.292000,0 days 00:24:53.558000,0 days 00:25:29.390000,0 days 00:25:45.682000,322.0,263.0,317.0,322.0,True,SOFT,5.0,True,Williams,0 days 00:24:35.491000,2021-11-12 19:09:35.500,1,,False,,False,True
0 days 00:27:17.018000,RUS,63,0 days 00:01:31.336000,7.0,2.0,,0 days 00:27:14.157000,0 days 00:00:20.198000,0 days 00:00:44.729000,0 days 00:00:26.409000,0 days 00:26:05.880000,0 days 00:26:50.609000,0 days 00:27:17.018000,292.0,133.0,,287.0,False,SOFT,6.0,True,Williams,0 days 00:25:45.682000,2021-11-12 19:10:45.691,1,,False,,False,False
0 days 00:31:39.154000,RUS,63,,8.0,3.0,0 days 00:29:58.660000,,,0 days 00:00:53.168000,0 days 00:00:21.094000,,0 days 00:31:18.060000,0 days 00:31:39.426000,286.0,107.0,316.0,287.0,False,SOFT,1.0,True,Williams,0 days 00:27:17.018000,2021-11-12 19:12:17.027,1,,False,,False,False
0 days 00:32:49.107000,RUS,63,0 days 00:01:09.953000,9.0,3.0,,,0 days 00:00:18.037000,0 days 00:00:35.539000,0 days 00:00:16.377000,0 days 00:31:57.191000,0 days 00:32:32.730000,0 days 00:32:49.107000,318.0,263.0,321.0,320.0,True,SOFT,2.0,True,Williams,0 days 00:31:39.154000,2021-11-12 19:16:39.163,1,,False,,False,True
0 days 00:34:25.936000,RUS,63,0 days 00:01:36.829000,10.0,3.0,,0 days 00:34:23.049000,0 days 00:00:24.476000,0 days 00:00:45.347000,0 days 00:00:27.006000,0 days 00:33:13.583000,0 days 00:33:58.930000,0 days 00:34:25.936000,192.0,187.0,,135.0,False,SOFT,3.0,True,Williams,0 days 00:32:49.107000,2021-11-12 19:17:49.116,1,,False,,False,False
0 days 00:17:03.724000,MSC,47,,1.0,1.0,0 days 00:15:18.688000,,,0 days 00:01:01.884000,0 days 00:00:18.003000,,0 days 00:16:45.835000,0 days 00:17:03.970000,266.0,209.0,314.0,,False,SOFT,1.0,True,Haas F1 Team,0 days 00:15:18.688000,2021-11-12 19:00:18.697,1,,False,,False,False
0 days 00:18:14.569000,MSC,47,0 days 00:01:10.845000,2.0,1.0,,,0 days 00:00:18.207000,0 days 00:00:36.105000,0 days 00:00:16.533000,0 days 00:17:21.931000,0 days 00:17:58.036000,0 days 00:18:14.569000,318.0,264.0,309.0,318.0,True,SOFT,2.0,True,Haas F1 Team,0 days 00:17:03.724000,2021-11-12 19:02:03.733,1,,False,,False,True
0 days 00:20:05.589000,MSC,47,0 days 00:01:51.020000,3.0,1.0,,,0 days 00:00:24.363000,0 days 00:01:04.689000,0 days 00:00:21.968000,0 days 00:18:38.932000,0 days 00:19:43.621000,0 days 00:20:05.589000,265.0,105.0,315.0,298.0,False,SOFT,3.0,True,Haas F1 Team,0 days 00:18:14.569000,2021-11-12 19:03:14.578,1,,False,,False,True
0 days 00:21:16.598000,MSC,47,0 days 00:01:11.009000,4.0,1.0,,,0 days 00:00:18.162000,0 days 00:00:36.276000,0 days 00:00:16.571000,0 days 00:20:23.751000,0 days 00:21:00.027000,0 days 00:21:16.598000,318.0,263.0,311.0,319.0,False,SOFT,4.0,True,Haas F1 Team,0 days 00:20:05.589000,2021-11-12 19:05:05.598,1,,False,,False,True
0 days 00:22:39.663000,MSC,47,0 days 00:01:23.065000,5.0,1.0,,0 days 00:22:36.751000,0 days 00:00:20.812000,0 days 00:00:39.676000,0 days 00:00:22.577000,0 days 00:21:37.410000,0 days 00:22:17.086000,0 days 00:22:39.663000,285.0,235.0,,303.0,False,SOFT,5.0,True,Haas F1 Team,0 days 00:21:16.598000,2021-11-12 19:06:16.607,1,,False,,False,False
0 days 00:25:58.371000,MSC,47,,6.0,2.0,0 days 00:24:18.736000,,,0 days 00:00:57.121000,0 days 00:00:18.048000,,0 days 00:25:40.323000,0 days 00:25:58.608000,278.0,206.0,315.0,303.0,False,SOFT,1.0,True,Haas F1 Team,0 days 00:22:39.663000,2021-11-12 19:07:39.672,1,,False,,False,False
0 days 00:27:08.700000,MSC,47,0 days 00:01:10.329000,7.0,2.0,,,0 days 00:00:17.969000,0 days 00:00:35.847000,0 days 00:00:16.513000,0 days 00:26:16.340000,0 days 00:26:52.187000,0 days 00:27:08.700000,321.0,265.0,319.0,318.0,True,SOFT,2.0,True,Haas F1 Team,0 days 00:25:58.371000,2021-11-12 19:10:58.380,1,,False,,False,True
0 days 00:28:32.323000,MSC,47,0 days 00:01:23.623000,8.0,2.0,,0 days 00:28:29.449000,0 days 00:00:20.991000,0 days 00:00:39.843000,0 days 00:00:22.789000,0 days 00:27:29.691000,0 days 00:28:09.534000,0 days 00:28:32.323000,285.0,230.0,,318.0,False,SOFT,3.0,True,Haas F1 Team,0 days 00:27:08.700000,2021-11-12 19:12:08.709,1,,False,,False,False
0 days 00:31:56.311000,MSC,47,,9.0,3.0,0 days 00:30:18.559000,,,0 days 00:00:58.621000,0 days 00:00:18.050000,,0 days 00:31:38.405000,0 days 00:31:56.557000,286.0,127.0,316.0,318.0,False,SOFT,1.0,True,Haas F1 Team,0 days 00:28:32.323000,2021-11-12 19:13:32.332,1,,False,,False,False
0 days 00:33:06.269000,MSC,47,0 days 00:01:09.958000,10.0,3.0,,,0 days 00:00:17.920000,0 days 00:00:35.536000,0 days 00:00:16.502000,0 days 00:32:14.231000,0 days 00:32:49.767000,0 days 00:33:06.269000,321.0,265.0,314.0,318.0,False,SOFT,2.0,True,Haas F1 Team,0 days 00:31:56.311000,2021-11-12 19:16:56.320,1,,True,TRACK LIMITS AT TURN 4,False,True
0 days 00:34:38.444000,MSC,47,0 days 00:01:32.175000,11.0,3.0,,0 days 00:34:35.261000,0 days 00:00:22.080000,0 days 00:00:44.021000,0 days 00:00:26.074000,0 days 00:33:28.349000,0 days 00:34:12.370000,0 days 00:34:38.444000,286.0,205.0,,294.0,False,SOFT,3.0,True,Haas F1 Team,0 days 00:33:06.269000,2021-11-12 19:18:06.278,1,,False,,False,False
0 days 00:16:50.732000,MAZ,9,,1.0,1.0,0 days 00:15:13.337000,,,0 days 00:00:55.701000,0 days 00:00:18.205000,,0 days 00:16:32.534000,0 days 00:16:50.947000,227.0,191.0,315.0,,False,SOFT,1.0,True,Haas F1 Team,0 days 00:15:13.337000,2021-11-12 19:00:13.346,1,,False,,False,False
0 days 00:18:02.039000,MAZ,9,0 days 00:01:11.307000,2.0,1.0,,,0 days 00:00:18.406000,0 days 00:00:36.248000,0 days 00:00:16.653000,0 days 00:17:09.138000,0 days 00:17:45.386000,0 days 00:18:02.039000,319.0,262.0,311.0,318.0,True,SOFT,2.0,True,Haas F1 Team,0 days 00:16:50.732000,2021-11-12 19:01:50.741,1,,False,,False,True
0 days 00:19:51.978000,MAZ,9,0 days 00:01:49.939000,3.0,1.0,,,0 days 00:00:30.326000,0 days 00:01:02.374000,0 days 00:00:17.239000,0 days 00:18:32.365000,0 days 00:19:34.739000,0 days 00:19:51.978000,162.0,214.0,314.0,247.0,False,SOFT,3.0,True,Haas F1 Team,0 days 00:18:02.039000,2021-11-12 19:03:02.048,1,,False,,False,True
0 days 00:21:10.328000,MAZ,9,0 days 00:01:18.350000,4.0,1.0,,0 days 00:21:07.272000,0 days 00:00:18.191000,0 days 00:00:36.179000,0 days 00:00:23.980000,0 days 00:20:10.169000,0 days 00:20:46.348000,0 days 00:21:10.328000,320.0,261.0,,319.0,False,SOFT,4.0,True,Haas F1 Team,0 days 00:19:51.978000,2021-11-12 19:04:51.987,1,,False,,False,False
0 days 00:25:53.022000,MAZ,9,,5.0,2.0,0 days 00:24:15.646000,,,0 days 00:00:57.646000,0 days 00:00:18.012000,,0 days 00:25:35.018000,0 days 00:25:53.103000,261.0,202.0,315.0,319.0,False,SOFT,1.0,True,Haas F1 Team,0 days 00:21:10.328000,2021-11-12 19:06:10.337,1,,False,,False,False
0 days 00:27:03.611000,MAZ,9,0 days 00:01:10.589000,6.0,2.0,,,0 days 00:00:18.231000,0 days 00:00:35.825000,0 days 00:00:16.533000,0 days 00:26:11.253000,0 days 00:26:47.078000,0 days 00:27:03.611000,320.0,263.0,314.0,318.0,True,SOFT,2.0,True,Haas F1 Team,0 days 00:25:53.022000,2021-11-12 19:10:53.031,1,,False,,False,True
0 days 00:28:30.345000,MAZ,9,0 days 00:01:26.734000,7.0,2.0,,0 days 00:28:27.448000,0 days 00:00:20.988000,0 days 00:00:42.931000,0 days 00:00:22.815000,0 days 00:27:24.599000,0 days 00:28:07.530000,0 days 00:28:30.345000,180.0,239.0,,275.0,False,SOFT,3.0,True,Haas F1 Team,0 days 00:27:03.611000,2021-11-12 19:12:03.620,1,,False,,False,False
0 days 00:32:15.023000,MAZ,9,,8.0,3.0,0 days 00:30:28.346000,,,0 days 00:00:59.806000,0 days 00:00:24.078000,,0 days 00:31:50.977000,0 days 00:32:15.276000,185.0,37.0,316.0,275.0,False,SOFT,1.0,True,Haas F1 Team,0 days 00:28:30.345000,2021-11-12 19:13:30.354,1,,False,,False,False
0 days 00:33:25.654000,MAZ,9,0 days 00:01:10.631000,9.0,3.0,,,0 days 00:00:17.907000,0 days 00:00:36.115000,0 days 00:00:16.609000,0 days 00:32:32.930000,0 days 00:33:09.045000,0 days 00:33:25.654000,323.0,260.0,315.0,321.0,False,SOFT,2.0,True,Haas F1 Team,0 days 00:32:15.023000,2021-11-12 19:17:15.032,1,,False,,False,True
0 days 00:34:59.422000,MAZ,9,0 days 00:01:33.768000,10.0,3.0,,0 days 00:34:56.490000,0 days 00:00:23.835000,0 days 00:00:44.034000,0 days 00:00:25.899000,0 days 00:33:49.489000,0 days 00:34:33.523000,0 days 00:34:59.422000,266.0,230.0,,255.0,False,SOFT,3.0,True,Haas F1 Team,0 days 00:33:25.654000,2021-11-12 19:18:25.663,1,,False,,False,False
