Time,Driver,DriverNumber,LapTime,LapNumber,Stint,PitOutTime,PitInTime,Sector1Time,Sector2Time,Sector3Time,Sector1SessionTime,Sector2SessionTime,Sector3SessionTime,SpeedI1,SpeedI2,SpeedFL,SpeedST,IsPersonalBest,Compound,TyreLife,FreshTyre,Team,LapStartTime,LapStartDate,TrackStatus,Position,Deleted,DeletedReason,FastF1Generated,IsAccurate
0 days 00:18:52.602000,HAM,44,,1.0,1.0,0 days 00:16:47.716000,,,0 days 00:00:42.886000,0 days 00:00:43.613000,,0 days 00:18:09.006000,0 days 00:18:52.844000,269.0,144.0,307.0,187.0,False,SOFT,1.0,True,Mercedes,0 days 00:16:47.716000,2021-12-04 17:01:47.728,1,,False,,False,False
0 days 00:20:55.013000,HAM,44,0 days 00:02:02.411000,2.0,1.0,,,0 days 00:00:44.539000,0 days 00:00:35.030000,0 days 00:00:42.842000,0 days 00:19:37.141000,0 days 00:20:12.171000,0 days 00:20:55.013000,264.0,254.0,304.0,214.0,True,SOFT,2.0,True,Mercedes,0 days 00:18:52.602000,2021-12-04 17:03:52.614,1,,False,,False,True
0 days 00:22:23.479000,HAM,44,0 days 00:01:28.466000,3.0,1.0,,,0 days 00:00:32.365000,0 days 00:00:28.171000,0 days 00:00:27.930000,0 days 00:21:27.378000,0 days 00:21:55.549000,0 days 00:22:23.479000,296.0,320.0,307.0,321.0,True,SOFT,3.0,True,Mercedes,0 days 00:20:55.013000,2021-12-04 17:05:55.025,1,,False,,False,True
0 days 00:24:55.614000,HAM,44,,4.0,1.0,,,0 days 00:01:07.267000,0 days 00:00:47.974000,0 days 00:00:36.947000,0 days 00:23:30.733000,0 days 00:24:18.771000,0 days 00:24:55.892000,134.0,221.0,304.0,225.0,False,SOFT,4.0,True,Mercedes,0 days 00:22:23.479000,2021-12-04 17:07:23.491,1,,False,,False,False
0 days 00:26:51.197000,HAM,44,0 days 00:01:55.583000,5.0,1.0,,0 days 00:26:49.002000,0 days 00:00:32.514000,0 days 00:00:47.767000,0 days 00:00:35.302000,0 days 00:25:28.128000,0 days 00:26:15.895000,0 days 00:26:51.197000,273.0,280.0,,287.0,False,SOFT,5.0,True,Mercedes,0 days 00:24:55.614000,2021-12-04 17:09:55.626,1,,False,,False,False
0 days 00:31:12.621000,HAM,44,,6.0,2.0,0 days 00:29:18.554000,,,0 days 00:00:35.434000,0 days 00:00:32.412000,,0 days 00:30:40.214000,0 days 00:31:12.858000,262.0,275.0,304.0,283.0,False,SOFT,6.0,False,Mercedes,0 days 00:26:51.197000,2021-12-04 17:11:51.209,1,,False,,False,False
0 days 00:33:38.752000,HAM,44,0 days 00:02:26.131000,7.0,2.0,,0 days 00:33:04.958000,0 days 00:00:42.001000,0 days 00:00:33.217000,0 days 00:01:10.913000,0 days 00:31:54.622000,0 days 00:32:27.839000,0 days 00:33:38.752000,257.0,249.0,,273.0,False,SOFT,7.0,False,Mercedes,0 days 00:31:12.621000,2021-12-04 17:16:12.633,1,,False,,False,False
0 days 00:42:28.448000,HAM,44,,8.0,3.0,0 days 00:40:38.935000,,,0 days 00:00:32.357000,0 days 00:00:34.310000,,0 days 00:41:54.147000,0 days 00:42:28.507000,273.0,278.0,293.0,202.0,False,MEDIUM,1.0,True,Mercedes,0 days 00:33:38.752000,2021-12-04 17:18:38.764,1,,False,,False,False
0 days 00:44:06.178000,HAM,44,0 days 00:01:37.730000,9.0,3.0,,,0 days 00:00:35.675000,0 days 00:00:30.585000,0 days 00:00:31.470000,0 days 00:43:04.123000,0 days 00:43:34.708000,0 days 00:44:06.178000,277.0,301.0,306.0,198.0,True,MEDIUM,2.0,True,Mercedes,0 days 00:42:28.448000,2021-12-04 17:27:28.460,1,,False,,False,True
0 days 00:45:34.893000,HAM,44,0 days 00:01:28.715000,10.0,3.0,,,0 days 00:00:32.519000,0 days 00:00:28.401000,0 days 00:00:27.795000,0 days 00:44:38.697000,0 days 00:45:07.098000,0 days 00:45:34.893000,298.0,318.0,307.0,322.0,True,MEDIUM,3.0,True,Mercedes,0 days 00:44:06.178000,2021-12-04 17:29:06.190,1,,False,,False,True
0 days 00:47:51.806000,HAM,44,0 days 00:02:16.913000,11.0,3.0,,,0 days 00:00:54.198000,0 days 00:00:46.366000,0 days 00:00:36.349000,0 days 00:46:29.091000,0 days 00:47:15.457000,0 days 00:47:51.806000,258.0,178.0,305.0,274.0,False,MEDIUM,4.0,True,Mercedes,0 days 00:45:34.893000,2021-12-04 17:30:34.905,12,,False,,False,True
0 days 00:49:19.874000,HAM,44,0 days 00:01:28.068000,12.0,3.0,,,0 days 00:00:32.312000,0 days 00:00:28.111000,0 days 00:00:27.645000,0 days 00:48:24.118000,0 days 00:48:52.229000,0 days 00:49:19.874000,299.0,322.0,307.0,322.0,True,MEDIUM,5.0,True,Mercedes,0 days 00:47:51.806000,2021-12-04 17:32:51.818,1,,False,,False,True
0 days 00:51:30.231000,HAM,44,0 days 00:02:10.357000,13.0,3.0,,,0 days 00:00:55.472000,0 days 00:00:44.249000,0 days 00:00:30.636000,0 days 00:50:15.346000,0 days 00:50:59.595000,0 days 00:51:30.231000,241.0,187.0,305.0,305.0,False,MEDIUM,6.0,True,Mercedes,0 days 00:49:19.874000,2021-12-04 17:34:19.886,1,,False,,False,True
0 days 00:53:16.500000,HAM,44,0 days 00:01:46.269000,14.0,3.0,,,0 days 00:00:36.785000,0 days 00:00:33.681000,0 days 00:00:35.803000,0 days 00:52:07.016000,0 days 00:52:40.697000,0 days 00:53:16.500000,274.0,305.0,305.0,257.0,False,MEDIUM,7.0,True,Mercedes,0 days 00:51:30.231000,2021-12-04 17:36:30.243,1,,False,,False,True
0 days 00:54:44.212000,HAM,44,0 days 00:01:27.712000,15.0,3.0,,,0 days 00:00:32.153000,0 days 00:00:27.953000,0 days 00:00:27.606000,0 days 00:53:48.653000,0 days 00:54:16.606000,0 days 00:54:44.212000,298.0,323.0,310.0,326.0,True,MEDIUM,8.0,True,Mercedes,0 days 00:53:16.500000,2021-12-04 17:38:16.512,1,,False,,False,True
0 days 00:56:39.073000,HAM,44,0 days 00:01:54.861000,16.0,3.0,,0 days 00:56:38.040000,0 days 00:00:39.356000,0 days 00:00:37.845000,0 days 00:00:37.660000,0 days 00:55:23.568000,0 days 00:56:01.413000,0 days 00:56:39.073000,230.0,223.0,,247.0,False,MEDIUM,9.0,True,Mercedes,0 days 00:54:44.212000,2021-12-04 17:39:44.224,12,,False,,False,False
0 days 01:04:59.342000,HAM,44,,17.0,4.0,0 days 01:03:11.353000,,,0 days 00:00:32.269000,0 days 00:00:37.263000,,0 days 01:04:22.081000,0 days 01:04:59.992000,276.0,172.0,304.0,131.0,False,SOFT,1.0,True,Mercedes,0 days 00:56:39.073000,2021-12-04 17:41:39.085,1,,False,,False,False
0 days 01:06:47.446000,HAM,44,0 days 00:01:48.104000,18.0,4.0,,,0 days 00:00:34.855000,0 days 00:00:41.637000,0 days 00:00:31.612000,0 days 01:05:34.197000,0 days 01:06:15.834000,0 days 01:06:47.446000,193.0,139.0,306.0,295.0,True,SOFT,2.0,True,Mercedes,0 days 01:04:59.342000,2021-12-04 17:49:59.354,1,,False,,False,True
0 days 01:08:15.481000,HAM,44,0 days 00:01:28.035000,19.0,4.0,,,0 days 00:00:32.224000,0 days 00:00:28.017000,0 days 00:00:27.794000,0 days 01:07:19.670000,0 days 01:07:47.687000,0 days 01:08:15.481000,296.0,322.0,306.0,325.0,True,SOFT,3.0,True,Mercedes,0 days 01:06:47.446000,2021-12-04 17:51:47.458,1,,False,,False,True
0 days 01:10:02.800000,HAM,44,0 days 00:01:47.319000,20.0,4.0,,0 days 01:10:01.622000,0 days 00:00:39.367000,0 days 00:00:32.708000,0 days 00:00:35.244000,0 days 01:08:54.848000,0 days 01:09:27.556000,0 days 01:10:02.800000,268.0,294.0,,296.0,False,SOFT,4.0,True,Mercedes,0 days 01:08:15.481000,2021-12-04 17:53:15.493,1,,False,,False,False
0 days 01:12:12.172000,HAM,44,0 days 00:02:09.372000,21.0,5.0,0 days 01:10:27.353000,,0 days 00:01:07.446000,0 days 00:00:31.972000,0 days 00:00:29.954000,0 days 01:11:10.246000,0 days 01:11:42.218000,0 days 01:12:12.172000,264.0,297.0,305.0,293.0,False,SOFT,1.0,True,Mercedes,0 days 01:10:02.800000,2021-12-04 17:55:02.812,1,,False,,False,False
0 days 01:13:39.683000,HAM,44,0 days 00:01:27.511000,22.0,5.0,,,0 days 00:00:32.007000,0 days 00:00:27.985000,0 days 00:00:27.519000,0 days 01:12:44.179000,0 days 01:13:12.164000,0 days 01:13:39.683000,299.0,322.0,307.0,324.0,True,SOFT,2.0,True,Mercedes,0 days 01:12:12.172000,2021-12-04 17:57:12.184,1,,False,,False,True
0 days 01:15:45.229000,HAM,44,0 days 00:02:05.546000,23.0,5.0,,0 days 01:15:42.972000,0 days 00:00:46.353000,0 days 00:00:38.488000,0 days 00:00:40.705000,0 days 01:14:26.036000,0 days 01:15:04.524000,0 days 01:15:45.229000,228.0,297.0,,205.0,False,SOFT,3.0,True,Mercedes,0 days 01:13:39.683000,2021-12-04 17:58:39.695,12,,False,,False,False
0 days 00:18:47.106000,BOT,77,,1.0,1.0,0 days 00:16:43.395000,,,0 days 00:00:30.989000,0 days 00:00:57.201000,,0 days 00:17:49.935000,0 days 00:18:47.367000,267.0,297.0,305.0,120.0,False,SOFT,1.0,True,Mercedes,0 days 00:16:43.395000,2021-12-04 17:01:43.407,1,,False,,False,False
0 days 00:20:16.375000,BOT,77,0 days 00:01:29.269000,2.0,1.0,,,0 days 00:00:32.910000,0 days 00:00:28.327000,0 days 00:00:28.032000,0 days 00:19:20.016000,0 days 00:19:48.343000,0 days 00:20:16.375000,295.0,316.0,305.0,319.0,True,SOFT,2.0,True,Mercedes,0 days 00:18:47.106000,2021-12-04 17:03:47.118,1,,False,,False,True
0 days 00:22:12.054000,BOT,77,0 days 00:01:55.679000,3.0,1.0,,,0 days 00:00:43.671000,0 days 00:00:34.850000,0 days 00:00:37.158000,0 days 00:21:00.046000,0 days 00:21:34.896000,0 days 00:22:12.054000,256.0,269.0,303.0,284.0,False,SOFT,3.0,True,Mercedes,0 days 00:20:16.375000,2021-12-04 17:05:16.387,1,,False,,False,True
0 days 00:23:40.580000,BOT,77,0 days 00:01:28.526000,4.0,1.0,,,0 days 00:00:32.501000,0 days 00:00:28.155000,0 days 00:00:27.870000,0 days 00:22:44.555000,0 days 00:23:12.710000,0 days 00:23:40.580000,297.0,318.0,308.0,321.0,True,SOFT,4.0,True,Mercedes,0 days 00:22:12.054000,2021-12-04 17:07:12.066,1,,False,,False,True
0 days 00:25:49.468000,BOT,77,0 days 00:02:08.888000,5.0,1.0,,,0 days 00:00:45.013000,0 days 00:00:48.544000,0 days 00:00:35.331000,0 days 00:24:25.593000,0 days 00:25:14.137000,0 days 00:25:49.468000,199.0,184.0,301.0,286.0,False,SOFT,5.0,True,Mercedes,0 days 00:23:40.580000,2021-12-04 17:08:40.592,1,,False,,False,True
0 days 00:27:17.525000,BOT,77,0 days 00:01:28.057000,6.0,1.0,,,0 days 00:00:32.173000,0 days 00:00:28.111000,0 days 00:00:27.773000,0 days 00:26:21.641000,0 days 00:26:49.752000,0 days 00:27:17.525000,296.0,315.0,306.0,319.0,True,SOFT,6.0,True,Mercedes,0 days 00:25:49.468000,2021-12-04 17:10:49.480,1,,False,,False,True
0 days 00:29:23.592000,BOT,77,0 days 00:02:06.067000,7.0,1.0,,,0 days 00:00:46.309000,0 days 00:00:42.646000,0 days 00:00:37.112000,0 days 00:28:03.834000,0 days 00:28:46.480000,0 days 00:29:23.592000,246.0,255.0,306.0,215.0,False,SOFT,7.0,True,Mercedes,0 days 00:27:17.525000,2021-12-04 17:12:17.537,1,,False,,False,True
0 days 00:30:51.930000,BOT,77,0 days 00:01:28.338000,8.0,1.0,,,0 days 00:00:32.265000,0 days 00:00:28.017000,0 days 00:00:28.056000,0 days 00:29:55.857000,0 days 00:30:23.874000,0 days 00:30:51.930000,298.0,319.0,308.0,323.0,False,SOFT,8.0,True,Mercedes,0 days 00:29:23.592000,2021-12-04 17:14:23.604,1,,False,,False,True
0 days 00:32:32.898000,BOT,77,0 days 00:01:40.968000,9.0,1.0,,0 days 00:33:03.805000,0 days 00:00:39.851000,0 days 00:00:33.061000,0 days 00:00:28.056000,0 days 00:31:31.781000,0 days 00:32:04.842000,0 days 00:32:32.898000,259.0,250.0,308.0,158.0,False,SOFT,9.0,True,Mercedes,0 days 00:30:51.930000,2021-12-04 17:15:51.942,1,,False,,False,False
0 days 00:42:30.947000,BOT,77,,10.0,2.0,0 days 00:40:28.694000,,,0 days 00:00:35.064000,0 days 00:00:42.519000,,0 days 00:41:48.461000,0 days 00:42:30.973000,260.0,252.0,304.0,206.0,False,MEDIUM,1.0,True,Mercedes,0 days 00:32:32.898000,2021-12-04 17:17:32.910,1,,False,,False,False
0 days 00:44:28.944000,BOT,77,0 days 00:01:57.997000,11.0,2.0,,,0 days 00:00:41.500000,0 days 00:00:42.477000,0 days 00:00:34.020000,0 days 00:43:12.447000,0 days 00:43:54.924000,0 days 00:44:28.944000,266.0,232.0,303.0,288.0,True,MEDIUM,2.0,True,Mercedes,0 days 00:42:30.947000,2021-12-04 17:27:30.959,1,,False,,False,True
0 days 00:45:57.174000,BOT,77,0 days 00:01:28.230000,12.0,2.0,,,0 days 00:00:32.338000,0 days 00:00:28.100000,0 days 00:00:27.792000,0 days 00:45:01.282000,0 days 00:45:29.382000,0 days 00:45:57.174000,297.0,319.0,308.0,321.0,True,MEDIUM,3.0,True,Mercedes,0 days 00:44:28.944000,2021-12-04 17:29:28.956,1,,False,,False,True
0 days 00:48:03.366000,BOT,77,0 days 00:02:06.192000,13.0,2.0,,,0 days 00:00:45.716000,0 days 00:00:43.553000,0 days 00:00:36.923000,0 days 00:46:42.890000,0 days 00:47:26.443000,0 days 00:48:03.366000,210.0,282.0,299.0,253.0,False,MEDIUM,4.0,True,Mercedes,0 days 00:45:57.174000,2021-12-04 17:30:57.186,12,,False,,False,True
0 days 00:50:06.161000,BOT,77,0 days 00:02:02.795000,14.0,2.0,,,0 days 00:00:35.497000,0 days 00:00:41.967000,0 days 00:00:45.331000,0 days 00:48:38.863000,0 days 00:49:20.830000,0 days 00:50:06.161000,273.0,240.0,302.0,283.0,False,MEDIUM,5.0,True,Mercedes,0 days 00:48:03.366000,2021-12-04 17:33:03.378,1,,False,,False,True
0 days 00:51:34.215000,BOT,77,0 days 00:01:28.054000,15.0,2.0,,,0 days 00:00:32.278000,0 days 00:00:28.109000,0 days 00:00:27.667000,0 days 00:50:38.439000,0 days 00:51:06.548000,0 days 00:51:34.215000,295.0,317.0,309.0,324.0,True,MEDIUM,6.0,True,Mercedes,0 days 00:50:06.161000,2021-12-04 17:35:06.173,1,,False,,False,True
0 days 00:53:39.305000,BOT,77,0 days 00:02:05.090000,16.0,2.0,,0 days 00:53:37.578000,0 days 00:00:42.750000,0 days 00:00:41.894000,0 days 00:00:40.446000,0 days 00:52:16.965000,0 days 00:52:58.859000,0 days 00:53:39.305000,254.0,212.0,,269.0,False,MEDIUM,7.0,True,Mercedes,0 days 00:51:34.215000,2021-12-04 17:36:34.227,1,,False,,False,False
0 days 01:04:50.641000,BOT,77,,17.0,3.0,0 days 01:03:08.596000,,,0 days 00:00:31.599000,0 days 00:00:30.651000,,0 days 01:04:20.059000,0 days 01:04:50.930000,259.0,295.0,299.0,289.0,False,SOFT,1.0,True,Mercedes,0 days 00:53:39.305000,2021-12-04 17:38:39.317,12,,False,,False,False
0 days 01:06:18.784000,BOT,77,0 days 00:01:28.143000,18.0,3.0,,,0 days 00:00:32.174000,0 days 00:00:28.119000,0 days 00:00:27.850000,0 days 01:05:22.815000,0 days 01:05:50.934000,0 days 01:06:18.784000,294.0,313.0,302.0,316.0,True,SOFT,2.0,True,Mercedes,0 days 01:04:50.641000,2021-12-04 17:49:50.653,1,,False,,False,True
0 days 01:08:17.061000,BOT,77,0 days 00:01:58.277000,19.0,3.0,,,0 days 00:00:44.279000,0 days 00:00:37.868000,0 days 00:00:36.130000,0 days 01:07:03.063000,0 days 01:07:40.931000,0 days 01:08:17.061000,236.0,293.0,307.0,280.0,False,SOFT,3.0,True,Mercedes,0 days 01:06:18.784000,2021-12-04 17:51:18.796,1,,False,,False,True
0 days 01:09:45.035000,BOT,77,0 days 00:01:27.974000,20.0,3.0,,,0 days 00:00:32.098000,0 days 00:00:28.056000,0 days 00:00:27.820000,0 days 01:08:49.159000,0 days 01:09:17.215000,0 days 01:09:45.035000,295.0,317.0,305.0,319.0,True,SOFT,4.0,True,Mercedes,0 days 01:08:17.061000,2021-12-04 17:53:17.073,1,,False,,False,True
0 days 01:11:31.519000,BOT,77,0 days 00:01:46.484000,21.0,3.0,,0 days 01:11:30.397000,0 days 00:00:38.658000,0 days 00:00:31.718000,0 days 00:00:36.108000,0 days 01:10:23.693000,0 days 01:10:55.411000,0 days 01:11:31.519000,263.0,294.0,,285.0,False,SOFT,5.0,True,Mercedes,0 days 01:09:45.035000,2021-12-04 17:54:45.047,1,,False,,False,False
0 days 01:13:56.526000,BOT,77,0 days 00:02:25.007000,22.0,4.0,0 days 01:11:51.891000,,0 days 00:01:11.145000,0 days 00:00:34.873000,0 days 00:00:38.989000,0 days 01:12:42.664000,0 days 01:13:17.537000,0 days 01:13:56.526000,260.0,290.0,302.0,247.0,False,SOFT,1.0,True,Mercedes,0 days 01:11:31.519000,2021-12-04 17:56:31.531,1,,False,,False,False
0 days 01:15:24.148000,BOT,77,0 days 00:01:27.622000,23.0,4.0,,,0 days 00:00:31.998000,0 days 00:00:28.001000,0 days 00:00:27.623000,0 days 01:14:28.524000,0 days 01:14:56.525000,0 days 01:15:24.148000,298.0,318.0,307.0,321.0,True,SOFT,2.0,True,Mercedes,0 days 01:13:56.526000,2021-12-04 17:58:56.538,1,,False,,False,True
0 days 01:17:26.466000,BOT,77,0 days 00:02:02.318000,24.0,4.0,,,0 days 00:00:41.234000,0 days 00:00:37.990000,0 days 00:00:43.094000,0 days 01:16:05.382000,0 days 01:16:43.372000,0 days 01:17:26.466000,226.0,200.0,84.0,240.0,False,SOFT,3.0,True,Mercedes,0 days 01:15:24.148000,2021-12-04 18:00:24.160,12,,False,,False,True
0 days 00:18:17.220000,VER,33,,1.0,1.0,0 days 00:15:41.716000,,,0 days 00:00:34.820000,0 days 00:01:03.914000,,0 days 00:17:13.306000,0 days 00:18:17.546000,280.0,184.0,306.0,52.0,False,SOFT,1.0,True,Red Bull Racing,0 days 00:15:41.716000,2021-12-04 17:00:41.728,1,,False,,False,False
0 days 00:19:45.879000,VER,33,0 days 00:01:28.659000,2.0,1.0,,,0 days 00:00:32.484000,0 days 00:00:28.198000,0 days 00:00:27.977000,0 days 00:18:49.704000,0 days 00:19:17.902000,0 days 00:19:45.879000,294.0,317.0,311.0,322.0,True,SOFT,2.0,True,Red Bull Racing,0 days 00:18:17.220000,2021-12-04 17:03:17.232,1,,False,,False,True
0 days 00:22:25.716000,VER,33,,3.0,1.0,,,0 days 00:00:56.376000,0 days 00:00:50.243000,0 days 00:00:53.228000,0 days 00:20:42.358000,0 days 00:21:32.540000,0 days 00:22:25.987000,130.0,152.0,218.0,111.0,False,SOFT,3.0,True,Red Bull Racing,0 days 00:19:45.879000,2021-12-04 17:04:45.891,1,,False,,False,False
0 days 00:24:49.206000,VER,33,0 days 00:02:23.490000,4.0,1.0,,,0 days 00:01:00.725000,0 days 00:00:48.142000,0 days 00:00:34.623000,0 days 00:23:26.441000,0 days 00:24:14.583000,0 days 00:24:49.206000,178.0,186.0,305.0,269.0,False,SOFT,4.0,True,Red Bull Racing,0 days 00:22:25.716000,2021-12-04 17:07:25.728,1,,False,,False,True
0 days 00:26:17.491000,VER,33,0 days 00:01:28.285000,5.0,1.0,,,0 days 00:00:32.419000,0 days 00:00:28.157000,0 days 00:00:27.709000,0 days 00:25:21.625000,0 days 00:25:49.782000,0 days 00:26:17.491000,295.0,311.0,307.0,316.0,True,SOFT,5.0,True,Red Bull Racing,0 days 00:24:49.206000,2021-12-04 17:09:49.218,1,,False,,False,True
0 days 00:28:56.116000,VER,33,,6.0,1.0,,,0 days 00:00:40.301000,0 days 00:01:01.992000,0 days 00:00:56.287000,0 days 00:26:57.845000,0 days 00:27:59.954000,0 days 00:28:56.339000,178.0,135.0,196.0,151.0,False,SOFT,6.0,True,Red Bull Racing,0 days 00:26:17.491000,2021-12-04 17:11:17.503,1,,False,,False,False
0 days 00:31:18.181000,VER,33,0 days 00:02:22.065000,7.0,1.0,,,0 days 00:00:57.109000,0 days 00:00:49.575000,0 days 00:00:35.381000,0 days 00:29:53.225000,0 days 00:30:42.800000,0 days 00:31:18.181000,141.0,211.0,307.0,220.0,False,SOFT,7.0,True,Red Bull Racing,0 days 00:28:56.116000,2021-12-04 17:13:56.128,1,,False,,False,True
0 days 00:32:55.317000,VER,33,0 days 00:01:37.136000,8.0,1.0,,0 days 00:32:54.027000,0 days 00:00:31.925000,0 days 00:00:28.059000,0 days 00:00:37.152000,0 days 00:31:50.106000,0 days 00:32:18.165000,0 days 00:32:55.317000,297.0,312.0,,316.0,False,SOFT,8.0,True,Red Bull Racing,0 days 00:31:18.181000,2021-12-04 17:16:18.193,1,,False,,False,False
0 days 00:41:57.513000,VER,33,,9.0,2.0,0 days 00:40:09.948000,,,0 days 00:00:30.937000,0 days 00:00:36.098000,,0 days 00:41:21.568000,0 days 00:41:57.566000,281.0,286.0,308.0,222.0,False,MEDIUM,1.0,True,Red Bull Racing,0 days 00:32:55.317000,2021-12-04 17:17:55.329,1,,False,,False,False
0 days 00:43:25.466000,VER,33,0 days 00:01:27.953000,10.0,2.0,,,0 days 00:00:32.289000,0 days 00:00:28.041000,0 days 00:00:27.623000,0 days 00:42:29.802000,0 days 00:42:57.843000,0 days 00:43:25.466000,296.0,317.0,310.0,323.0,True,MEDIUM,2.0,True,Red Bull Racing,0 days 00:41:57.513000,2021-12-04 17:26:57.525,1,,False,,False,True
0 days 00:45:48.784000,VER,33,0 days 00:02:23.318000,11.0,2.0,,,0 days 00:00:50.692000,0 days 00:00:55.586000,0 days 00:00:37.040000,0 days 00:44:16.158000,0 days 00:45:11.744000,0 days 00:45:48.784000,189.0,240.0,306.0,203.0,False,MEDIUM,3.0,True,Red Bull Racing,0 days 00:43:25.466000,2021-12-04 17:28:25.478,1,,False,,False,True
0 days 00:47:39.081000,VER,33,0 days 00:01:50.297000,12.0,2.0,,0 days 00:47:37.646000,0 days 00:00:32.782000,0 days 00:00:37.989000,0 days 00:00:39.526000,0 days 00:46:21.566000,0 days 00:46:59.555000,0 days 00:47:39.081000,200.0,161.0,,176.0,False,MEDIUM,4.0,True,Red Bull Racing,0 days 00:45:48.784000,2021-12-04 17:30:48.796,12,,False,,False,False
0 days 00:54:15.304000,VER,33,,13.0,3.0,0 days 00:52:26.603000,,,0 days 00:00:33.394000,0 days 00:00:37.078000,,0 days 00:53:38.226000,0 days 00:54:15.385000,269.0,198.0,309.0,223.0,False,SOFT,1.0,True,Red Bull Racing,0 days 00:47:39.081000,2021-12-04 17:32:39.093,1,,False,,False,False
0 days 00:56:02.064000,VER,33,0 days 00:01:46.760000,14.0,3.0,,0 days 00:56:00.968000,0 days 00:00:32.204000,0 days 00:00:33.594000,0 days 00:00:40.962000,0 days 00:54:47.508000,0 days 00:55:21.102000,0 days 00:56:02.064000,298.0,275.0,,188.0,False,SOFT,2.0,True,Red Bull Racing,0 days 00:54:15.304000,2021-12-04 17:39:15.316,12,,False,,False,False
0 days 01:07:43.030000,VER,33,,15.0,4.0,0 days 01:05:55.948000,,,0 days 00:00:34.391000,0 days 00:00:35.245000,,0 days 01:07:07.809000,0 days 01:07:43.069000,272.0,258.0,304.0,242.0,False,SOFT,1.0,True,Red Bull Racing,0 days 00:56:02.064000,2021-12-04 17:41:02.076,1,,False,,False,False
0 days 01:09:10.683000,VER,33,0 days 00:01:27.653000,16.0,4.0,,,0 days 00:00:31.955000,0 days 00:00:28.014000,0 days 00:00:27.684000,0 days 01:08:14.985000,0 days 01:08:42.999000,0 days 01:09:10.683000,296.0,311.0,300.0,316.0,True,SOFT,2.0,True,Red Bull Racing,0 days 01:07:43.030000,2021-12-04 17:52:43.042,1,,False,,False,True
0 days 01:10:53.756000,VER,33,0 days 00:01:43.073000,17.0,4.0,,0 days 01:10:52.614000,0 days 00:00:39.374000,0 days 00:00:30.878000,0 days 00:00:32.821000,0 days 01:09:50.057000,0 days 01:10:20.935000,0 days 01:10:53.756000,266.0,283.0,,288.0,False,SOFT,3.0,True,Red Bull Racing,0 days 01:09:10.683000,2021-12-04 17:54:10.695,1,,False,,False,False
0 days 01:14:15.667000,VER,33,,18.0,5.0,0 days 01:12:17.968000,,,0 days 00:00:33.492000,0 days 00:00:47.176000,,0 days 01:13:28.491000,0 days 01:14:15.707000,271.0,283.0,308.0,249.0,False,SOFT,1.0,True,Red Bull Racing,0 days 01:10:53.756000,2021-12-04 17:55:53.768,1,,False,,False,False
0 days 01:16:02.681000,VER,33,,19.0,5.0,,0 days 01:18:09.028000,0 days 00:00:31.900000,0 days 00:00:27.848000,0 days 00:00:47.176000,0 days 01:14:47.689000,0 days 01:15:15.505000,0 days 01:18:09.028000,298.0,319.0,,325.0,False,SOFT,2.0,True,Red Bull Racing,0 days 01:14:15.667000,2021-12-04 17:59:15.679,12,,False,,False,False
0 days 00:18:32.875000,LEC,16,,1.0,1.0,0 days 00:15:56.093000,,,0 days 00:00:38.724000,0 days 00:00:55.028000,,0 days 00:17:37.847000,0 days 00:18:33.149000,255.0,263.0,307.0,92.0,False,SOFT,1.0,True,Ferrari,0 days 00:15:56.093000,2021-12-04 17:00:56.105,1,,False,,False,False
0 days 00:20:02.526000,LEC,16,0 days 00:01:29.651000,2.0,1.0,,,0 days 00:00:32.575000,0 days 00:00:28.832000,0 days 00:00:28.244000,0 days 00:19:05.450000,0 days 00:19:34.282000,0 days 00:20:02.526000,293.0,319.0,301.0,320.0,True,SOFT,2.0,True,Ferrari,0 days 00:18:32.875000,2021-12-04 17:03:32.887,1,,False,,False,True
0 days 00:22:33.702000,LEC,16,,3.0,1.0,,,0 days 00:00:55.934000,0 days 00:00:52.391000,0 days 00:00:42.877000,0 days 00:20:58.440000,0 days 00:21:50.910000,0 days 00:22:33.986000,175.0,246.0,305.0,180.0,False,SOFT,3.0,True,Ferrari,0 days 00:20:02.526000,2021-12-04 17:05:02.538,1,,False,,False,False
0 days 00:24:02.256000,LEC,16,0 days 00:01:28.554000,4.0,1.0,,,0 days 00:00:32.261000,0 days 00:00:28.339000,0 days 00:00:27.954000,0 days 00:23:05.963000,0 days 00:23:34.302000,0 days 00:24:02.256000,294.0,319.0,300.0,322.0,True,SOFT,4.0,True,Ferrari,0 days 00:22:33.702000,2021-12-04 17:07:33.714,1,,False,,False,True
0 days 00:25:53.873000,LEC,16,0 days 00:01:51.617000,5.0,1.0,,0 days 00:25:52.856000,0 days 00:00:44.245000,0 days 00:00:32.412000,0 days 00:00:34.960000,0 days 00:24:46.501000,0 days 00:25:18.913000,0 days 00:25:53.873000,257.0,286.0,,293.0,False,SOFT,5.0,True,Ferrari,0 days 00:24:02.256000,2021-12-04 17:09:02.268,1,,False,,False,False
0 days 00:29:50.011000,LEC,16,,6.0,2.0,0 days 00:27:48.098000,,,0 days 00:00:39.584000,0 days 00:00:35.294000,,0 days 00:29:14.740000,0 days 00:29:50.315000,141.0,286.0,284.0,282.0,False,SOFT,1.0,True,Ferrari,0 days 00:25:53.873000,2021-12-04 17:10:53.885,1,,False,,False,False
0 days 00:32:05.139000,LEC,16,0 days 00:02:15.128000,7.0,2.0,,,0 days 00:00:41.743000,0 days 00:00:41.989000,0 days 00:00:51.396000,0 days 00:30:31.754000,0 days 00:31:13.743000,0 days 00:32:05.139000,124.0,249.0,305.0,105.0,False,SOFT,2.0,True,Ferrari,0 days 00:29:50.011000,2021-12-04 17:14:50.023,1,,False,,False,True
0 days 00:33:33.449000,LEC,16,0 days 00:01:28.310000,8.0,2.0,,,0 days 00:00:32.048000,0 days 00:00:28.409000,0 days 00:00:27.853000,0 days 00:32:37.187000,0 days 00:33:05.596000,0 days 00:33:33.449000,293.0,317.0,306.0,320.0,True,SOFT,3.0,True,Ferrari,0 days 00:32:05.139000,2021-12-04 17:17:05.151,1,,False,,False,True
0 days 00:35:32.585000,LEC,16,0 days 00:01:59.136000,9.0,2.0,,0 days 00:35:31.554000,0 days 00:00:42.522000,0 days 00:00:34.418000,0 days 00:00:42.196000,0 days 00:34:15.971000,0 days 00:34:50.389000,0 days 00:35:32.585000,255.0,222.0,,179.0,False,SOFT,4.0,True,Ferrari,0 days 00:33:33.449000,2021-12-04 17:18:33.461,1,,False,,False,False
0 days 00:42:12.488000,LEC,16,,10.0,3.0,0 days 00:40:14.283000,,,0 days 00:00:35.923000,0 days 00:00:34.948000,,0 days 00:41:37.570000,0 days 00:42:12.542000,266.0,232.0,306.0,229.0,False,MEDIUM,1.0,True,Ferrari,0 days 00:35:32.585000,2021-12-04 17:20:32.597,1,,False,,False,False
0 days 00:43:41.100000,LEC,16,0 days 00:01:28.612000,11.0,3.0,,,0 days 00:00:32.503000,0 days 00:00:28.355000,0 days 00:00:27.754000,0 days 00:42:44.991000,0 days 00:43:13.346000,0 days 00:43:41.100000,292.0,318.0,307.0,322.0,True,MEDIUM,2.0,True,Ferrari,0 days 00:42:12.488000,2021-12-04 17:27:12.500,1,,False,,False,True
0 days 00:46:04.957000,LEC,16,0 days 00:02:23.857000,12.0,3.0,,,0 days 00:00:56.778000,0 days 00:00:42.781000,0 days 00:00:44.298000,0 days 00:44:37.878000,0 days 00:45:20.659000,0 days 00:46:04.957000,131.0,222.0,307.0,239.0,False,MEDIUM,3.0,True,Ferrari,0 days 00:43:41.100000,2021-12-04 17:28:41.112,1,,False,,False,True
0 days 00:47:33.416000,LEC,16,0 days 00:01:28.459000,13.0,3.0,,,0 days 00:00:32.241000,0 days 00:00:28.366000,0 days 00:00:27.852000,0 days 00:46:37.198000,0 days 00:47:05.564000,0 days 00:47:33.416000,294.0,319.0,306.0,323.0,True,MEDIUM,4.0,True,Ferrari,0 days 00:46:04.957000,2021-12-04 17:31:04.969,12,,False,,False,True
0 days 00:49:32.686000,LEC,16,0 days 00:01:59.270000,14.0,3.0,,0 days 00:49:31.577000,0 days 00:00:43.464000,0 days 00:00:40.822000,0 days 00:00:34.984000,0 days 00:48:16.880000,0 days 00:48:57.702000,0 days 00:49:32.686000,179.0,281.0,,296.0,False,MEDIUM,5.0,True,Ferrari,0 days 00:47:33.416000,2021-12-04 17:32:33.428,1,,False,,False,False
0 days 00:53:03.459000,LEC,16,,15.0,4.0,0 days 00:51:10.645000,,,0 days 00:00:36.459000,0 days 00:00:35.876000,,0 days 00:52:27.590000,0 days 00:53:03.493000,261.0,231.0,303.0,233.0,False,MEDIUM,1.0,True,Ferrari,0 days 00:49:32.686000,2021-12-04 17:34:32.698,1,,False,,False,False
0 days 00:54:31.954000,LEC,16,0 days 00:01:28.495000,16.0,4.0,,,0 days 00:00:32.482000,0 days 00:00:28.316000,0 days 00:00:27.697000,0 days 00:53:35.941000,0 days 00:54:04.257000,0 days 00:54:31.954000,292.0,317.0,309.0,321.0,False,MEDIUM,2.0,True,Ferrari,0 days 00:53:03.459000,2021-12-04 17:38:03.471,1,,False,,False,True
0 days 00:56:28.481000,LEC,16,0 days 00:01:56.527000,17.0,4.0,,0 days 00:56:27.366000,0 days 00:00:45.203000,0 days 00:00:35.401000,0 days 00:00:35.923000,0 days 00:55:17.157000,0 days 00:55:52.558000,0 days 00:56:28.481000,256.0,262.0,,288.0,False,MEDIUM,3.0,True,Ferrari,0 days 00:54:31.954000,2021-12-04 17:39:31.966,12,,False,,False,False
0 days 01:05:14.902000,LEC,16,,18.0,5.0,0 days 01:03:02.433000,,,0 days 00:00:39.377000,0 days 00:00:45.992000,,0 days 01:04:28.949000,0 days 01:05:14.947000,203.0,239.0,305.0,87.0,False,SOFT,1.0,True,Ferrari,0 days 00:56:28.481000,2021-12-04 17:41:28.493,1,,False,,False,False
0 days 01:06:43.383000,LEC,16,0 days 00:01:28.481000,19.0,5.0,,,0 days 00:00:32.213000,0 days 00:00:28.337000,0 days 00:00:27.931000,0 days 01:05:47.115000,0 days 01:06:15.452000,0 days 01:06:43.383000,293.0,318.0,303.0,320.0,True,SOFT,2.0,True,Ferrari,0 days 01:05:14.902000,2021-12-04 17:50:14.914,1,,False,,False,True
0 days 01:08:29.984000,LEC,16,0 days 00:01:46.601000,20.0,5.0,,0 days 01:08:28.868000,0 days 00:00:41.241000,0 days 00:00:31.645000,0 days 00:00:33.715000,0 days 01:07:24.624000,0 days 01:07:56.269000,0 days 01:08:29.984000,262.0,281.0,,288.0,False,SOFT,3.0,True,Ferrari,0 days 01:06:43.383000,2021-12-04 17:51:43.395,1,,False,,False,False
0 days 01:12:02.745000,LEC,16,,21.0,6.0,0 days 01:09:54.550000,,,0 days 00:00:43.137000,0 days 00:00:35.237000,,0 days 01:11:27.532000,0 days 01:12:02.786000,112.0,220.0,278.0,288.0,False,SOFT,1.0,True,Ferrari,0 days 01:08:29.984000,2021-12-04 17:53:29.996,1,,False,,False,False
0 days 01:14:08.367000,LEC,16,0 days 00:02:05.622000,22.0,6.0,,,0 days 00:00:40.210000,0 days 00:00:42.829000,0 days 00:00:42.583000,0 days 01:12:42.955000,0 days 01:13:25.784000,0 days 01:14:08.367000,214.0,208.0,306.0,226.0,False,SOFT,2.0,True,Ferrari,0 days 01:12:02.745000,2021-12-04 17:57:02.757,1,,False,,False,True
0 days 01:15:36.421000,LEC,16,0 days 00:01:28.054000,23.0,6.0,,,0 days 00:00:32.114000,0 days 00:00:28.243000,0 days 00:00:27.697000,0 days 01:14:40.481000,0 days 01:15:08.724000,0 days 01:15:36.421000,294.0,321.0,307.0,326.0,True,SOFT,3.0,True,Ferrari,0 days 01:14:08.367000,2021-12-04 17:59:08.379,1,,False,,False,True
0 days 01:17:45.128000,LEC,16,0 days 00:02:08.707000,24.0,6.0,,0 days 01:17:42.696000,0 days 00:00:44.638000,0 days 00:00:37.006000,0 days 00:00:47.063000,0 days 01:16:21.059000,0 days 01:16:58.065000,0 days 01:17:45.128000,209.0,209.0,,209.0,False,SOFT,4.0,True,Ferrari,0 days 01:15:36.421000,2021-12-04 18:00:36.433,12,,False,,False,False
0 days 00:18:02.224000,PER,11,,1.0,1.0,0 days 00:15:31.852000,,,0 days 00:00:39.667000,0 days 00:00:56.545000,,0 days 00:17:05.734000,0 days 00:18:02.531000,275.0,292.0,306.0,61.0,False,SOFT,1.0,True,Red Bull Racing,0 days 00:15:31.852000,2021-12-04 17:00:31.864,1,,False,,False,False
0 days 00:19:50.124000,PER,11,0 days 00:01:47.900000,2.0,1.0,,,0 days 00:00:36.290000,0 days 00:00:38.614000,0 days 00:00:32.996000,0 days 00:18:38.514000,0 days 00:19:17.128000,0 days 00:19:50.124000,260.0,171.0,307.0,282.0,True,SOFT,2.0,True,Red Bull Racing,0 days 00:18:02.224000,2021-12-04 17:03:02.236,1,,False,,False,True
0 days 00:21:19.163000,PER,11,0 days 00:01:29.039000,3.0,1.0,,,0 days 00:00:32.484000,0 days 00:00:28.413000,0 days 00:00:28.142000,0 days 00:20:22.608000,0 days 00:20:51.021000,0 days 00:21:19.163000,293.0,317.0,311.0,314.0,True,SOFT,3.0,True,Red Bull Racing,0 days 00:19:50.124000,2021-12-04 17:04:50.136,1,,False,,False,True
0 days 00:23:35.674000,PER,11,0 days 00:02:16.511000,4.0,1.0,,,0 days 00:00:49.515000,0 days 00:00:45.879000,0 days 00:00:41.117000,0 days 00:22:08.678000,0 days 00:22:54.557000,0 days 00:23:35.674000,181.0,196.0,267.0,194.0,False,SOFT,4.0,True,Red Bull Racing,0 days 00:21:19.163000,2021-12-04 17:06:19.175,1,,False,,False,True
0 days 00:25:22.920000,PER,11,0 days 00:01:47.246000,5.0,1.0,,,0 days 00:00:41.150000,0 days 00:00:34.888000,0 days 00:00:31.208000,0 days 00:24:16.824000,0 days 00:24:51.712000,0 days 00:25:22.920000,215.0,277.0,306.0,281.0,False,SOFT,5.0,True,Red Bull Racing,0 days 00:23:35.674000,2021-12-04 17:08:35.686,1,,False,,False,True
0 days 00:26:51.386000,PER,11,0 days 00:01:28.466000,6.0,1.0,,,0 days 00:00:32.191000,0 days 00:00:28.266000,0 days 00:00:28.009000,0 days 00:25:55.111000,0 days 00:26:23.377000,0 days 00:26:51.386000,295.0,315.0,306.0,319.0,True,SOFT,6.0,True,Red Bull Racing,0 days 00:25:22.920000,2021-12-04 17:10:22.932,1,,False,,False,True
0 days 00:29:16.357000,PER,11,0 days 00:02:24.971000,7.0,1.0,,,0 days 00:00:46.246000,0 days 00:00:47.147000,0 days 00:00:51.578000,0 days 00:27:37.632000,0 days 00:28:24.779000,0 days 00:29:16.357000,191.0,216.0,304.0,133.0,False,SOFT,7.0,True,Red Bull Racing,0 days 00:26:51.386000,2021-12-04 17:11:51.398,1,,False,,False,True
0 days 00:30:44.378000,PER,11,0 days 00:01:28.021000,8.0,1.0,,,0 days 00:00:32.065000,0 days 00:00:28.098000,0 days 00:00:27.858000,0 days 00:29:48.422000,0 days 00:30:16.520000,0 days 00:30:44.378000,297.0,319.0,306.0,322.0,True,SOFT,8.0,True,Red Bull Racing,0 days 00:29:16.357000,2021-12-04 17:14:16.369,1,,False,,False,True
0 days 00:32:51.021000,PER,11,0 days 00:02:06.643000,9.0,1.0,,0 days 00:32:49.566000,0 days 00:00:41.148000,0 days 00:00:34.687000,0 days 00:00:50.808000,0 days 00:31:25.526000,0 days 00:32:00.213000,0 days 00:32:51.021000,255.0,268.0,,150.0,False,SOFT,9.0,True,Red Bull Racing,0 days 00:30:44.378000,2021-12-04 17:15:44.390,1,,False,,False,False
0 days 00:41:52.379000,PER,11,,10.0,2.0,0 days 00:40:05.681000,,,0 days 00:00:36.853000,0 days 00:00:32.777000,,0 days 00:41:19.924000,0 days 00:41:52.487000,283.0,290.0,306.0,236.0,False,MEDIUM,1.0,True,Red Bull Racing,0 days 00:32:51.021000,2021-12-04 17:17:51.033,1,,False,,False,False
0 days 00:43:21.240000,PER,11,0 days 00:01:28.861000,11.0,2.0,,,0 days 00:00:32.460000,0 days 00:00:28.392000,0 days 00:00:28.009000,0 days 00:42:24.839000,0 days 00:42:53.231000,0 days 00:43:21.240000,293.0,314.0,307.0,316.0,True,MEDIUM,2.0,True,Red Bull Racing,0 days 00:41:52.379000,2021-12-04 17:26:52.391,1,,False,,False,True
0 days 00:45:09.327000,PER,11,0 days 00:01:48.087000,12.0,2.0,,,0 days 00:00:41.111000,0 days 00:00:34.139000,0 days 00:00:32.837000,0 days 00:44:02.351000,0 days 00:44:36.490000,0 days 00:45:09.327000,250.0,279.0,305.0,272.0,False,MEDIUM,3.0,True,Red Bull Racing,0 days 00:43:21.240000,2021-12-04 17:28:21.252,1,,False,,False,True
0 days 00:46:37.502000,PER,11,0 days 00:01:28.175000,13.0,2.0,,,0 days 00:00:32.214000,0 days 00:00:28.180000,0 days 00:00:27.781000,0 days 00:45:41.541000,0 days 00:46:09.721000,0 days 00:46:37.502000,294.0,315.0,307.0,318.0,True,MEDIUM,4.0,True,Red Bull Racing,0 days 00:45:09.327000,2021-12-04 17:30:09.339,1,,False,,False,True
0 days 00:48:47.349000,PER,11,0 days 00:02:09.847000,14.0,2.0,,,0 days 00:00:49.209000,0 days 00:00:42.004000,0 days 00:00:38.634000,0 days 00:47:26.711000,0 days 00:48:08.715000,0 days 00:48:47.349000,188.0,237.0,304.0,192.0,False,MEDIUM,5.0,True,Red Bull Racing,0 days 00:46:37.502000,2021-12-04 17:31:37.514,12,,False,,False,True
0 days 00:50:15.295000,PER,11,0 days 00:01:27.946000,15.0,2.0,,,0 days 00:00:31.989000,0 days 00:00:28.131000,0 days 00:00:27.826000,0 days 00:49:19.338000,0 days 00:49:47.469000,0 days 00:50:15.295000,296.0,313.0,309.0,316.0,True,MEDIUM,6.0,True,Red Bull Racing,0 days 00:48:47.349000,2021-12-04 17:33:47.361,1,,False,,False,True
0 days 00:52:15.593000,PER,11,0 days 00:02:00.298000,16.0,2.0,,0 days 00:52:14.490000,0 days 00:00:46.542000,0 days 00:00:36.582000,0 days 00:00:37.174000,0 days 00:51:01.837000,0 days 00:51:38.419000,0 days 00:52:15.593000,126.0,280.0,,270.0,False,MEDIUM,7.0,True,Red Bull Racing,0 days 00:50:15.295000,2021-12-04 17:35:15.307,1,,False,,False,False
0 days 00:56:16.153000,PER,11,,17.0,3.0,0 days 00:54:37.475000,,,0 days 00:00:30.421000,0 days 00:00:34.337000,,0 days 00:55:41.836000,0 days 00:56:16.156000,279.0,295.0,306.0,219.0,False,SOFT,1.0,True,Red Bull Racing,0 days 00:52:15.593000,2021-12-04 17:37:15.605,12,,False,,False,False
0 days 00:57:53.325000,PER,11,0 days 00:01:37.172000,18.0,3.0,,0 days 00:57:51.935000,0 days 00:00:31.921000,0 days 00:00:28.118000,0 days 00:00:37.133000,0 days 00:56:48.074000,0 days 00:57:16.192000,0 days 00:57:53.325000,294.0,312.0,,282.0,False,SOFT,2.0,True,Red Bull Racing,0 days 00:56:16.153000,2021-12-04 17:41:16.165,1,,False,,False,False
0 days 01:07:57.168000,PER,11,,19.0,4.0,0 days 01:06:18.391000,,,0 days 00:00:31.270000,0 days 00:00:33.638000,,0 days 01:07:23.587000,0 days 01:07:57.206000,272.0,292.0,307.0,202.0,False,SOFT,1.0,True,Red Bull Racing,0 days 00:57:53.325000,2021-12-04 17:42:53.337,1,,False,,False,False
0 days 01:09:25.296000,PER,11,0 days 00:01:28.128000,20.0,4.0,,,0 days 00:00:32.102000,0 days 00:00:28.224000,0 days 00:00:27.802000,0 days 01:08:29.270000,0 days 01:08:57.494000,0 days 01:09:25.296000,297.0,314.0,309.0,318.0,True,SOFT,2.0,True,Red Bull Racing,0 days 01:07:57.168000,2021-12-04 17:52:57.180,1,,False,,False,True
0 days 01:11:27.027000,PER,11,0 days 00:02:01.731000,21.0,4.0,,,0 days 00:00:49.855000,0 days 00:00:38.724000,0 days 00:00:33.152000,0 days 01:10:15.151000,0 days 01:10:53.875000,0 days 01:11:27.027000,194.0,277.0,306.0,282.0,False,SOFT,3.0,True,Red Bull Racing,0 days 01:09:25.296000,2021-12-04 17:54:25.308,1,,False,,False,True
0 days 01:12:55.150000,PER,11,0 days 00:01:28.123000,22.0,4.0,,,0 days 00:00:32.062000,0 days 00:00:28.153000,0 days 00:00:27.908000,0 days 01:11:59.089000,0 days 01:12:27.242000,0 days 01:12:55.150000,296.0,313.0,301.0,315.0,True,SOFT,4.0,True,Red Bull Racing,0 days 01:11:27.027000,2021-12-04 17:56:27.039,1,,False,,False,True
0 days 01:14:53.589000,PER,11,0 days 00:01:58.439000,23.0,4.0,,0 days 01:14:51.574000,0 days 00:00:44.384000,0 days 00:00:33.577000,0 days 00:00:40.478000,0 days 01:13:39.534000,0 days 01:14:13.111000,0 days 01:14:53.589000,238.0,274.0,,277.0,False,SOFT,5.0,True,Red Bull Racing,0 days 01:12:55.150000,2021-12-04 17:57:55.162,1,,False,,False,False
0 days 00:17:25.375000,GAS,10,,1.0,1.0,0 days 00:15:15.922000,,,0 days 00:00:35.071000,0 days 00:00:44.874000,,0 days 00:16:40.588000,0 days 00:17:25.641000,271.0,279.0,303.0,203.0,False,SOFT,1.0,True,AlphaTauri,0 days 00:15:15.922000,2021-12-04 17:00:15.934,1,,False,,False,False
0 days 00:18:55.049000,GAS,10,0 days 00:01:29.674000,2.0,1.0,,,0 days 00:00:32.851000,0 days 00:00:28.768000,0 days 00:00:28.055000,0 days 00:17:58.226000,0 days 00:18:26.994000,0 days 00:18:55.049000,289.0,313.0,311.0,316.0,True,SOFT,2.0,True,AlphaTauri,0 days 00:17:25.375000,2021-12-04 17:02:25.387,1,,False,,False,True
0 days 00:21:15.765000,GAS,10,0 days 00:02:20.716000,3.0,1.0,,,0 days 00:00:57.888000,0 days 00:00:38.392000,0 days 00:00:44.436000,0 days 00:19:52.937000,0 days 00:20:31.329000,0 days 00:21:15.765000,231.0,247.0,303.0,247.0,False,SOFT,3.0,True,AlphaTauri,0 days 00:18:55.049000,2021-12-04 17:03:55.061,1,,False,,False,True
0 days 00:22:44.657000,GAS,10,0 days 00:01:28.892000,4.0,1.0,,,0 days 00:00:32.417000,0 days 00:00:28.404000,0 days 00:00:28.071000,0 days 00:21:48.182000,0 days 00:22:16.586000,0 days 00:22:44.657000,290.0,314.0,310.0,317.0,True,SOFT,4.0,True,AlphaTauri,0 days 00:21:15.765000,2021-12-04 17:06:15.777,1,,False,,False,True
0 days 00:24:34.531000,GAS,10,0 days 00:01:49.874000,5.0,1.0,,0 days 00:24:33.521000,0 days 00:00:40.223000,0 days 00:00:33.578000,0 days 00:00:36.073000,0 days 00:23:24.880000,0 days 00:23:58.458000,0 days 00:24:34.531000,258.0,277.0,,279.0,False,SOFT,5.0,True,AlphaTauri,0 days 00:22:44.657000,2021-12-04 17:07:44.669,1,,False,,False,False
0 days 00:28:18.180000,GAS,10,,6.0,2.0,0 days 00:26:21.793000,,,0 days 00:00:38.543000,0 days 00:00:33.184000,,0 days 00:27:45.005000,0 days 00:28:18.472000,147.0,268.0,303.0,275.0,False,SOFT,1.0,True,AlphaTauri,0 days 00:24:34.531000,2021-12-04 17:09:34.543,1,,False,,False,False
0 days 00:29:46.975000,GAS,10,0 days 00:01:28.795000,7.0,2.0,,,0 days 00:00:32.331000,0 days 00:00:28.440000,0 days 00:00:28.024000,0 days 00:28:50.511000,0 days 00:29:18.951000,0 days 00:29:46.975000,291.0,314.0,305.0,316.0,True,SOFT,2.0,True,AlphaTauri,0 days 00:28:18.180000,2021-12-04 17:13:18.192,1,,False,,False,True
0 days 00:32:16.691000,GAS,10,0 days 00:02:29.716000,8.0,2.0,,,0 days 00:00:53.270000,0 days 00:00:34.026000,0 days 00:01:02.420000,0 days 00:30:40.245000,0 days 00:31:14.271000,0 days 00:32:16.691000,255.0,246.0,302.0,137.0,False,SOFT,3.0,True,AlphaTauri,0 days 00:29:46.975000,2021-12-04 17:14:46.987,1,,False,,False,True
0 days 00:33:45.092000,GAS,10,0 days 00:01:28.401000,9.0,2.0,,,0 days 00:00:32.192000,0 days 00:00:28.353000,0 days 00:00:27.856000,0 days 00:32:48.883000,0 days 00:33:17.236000,0 days 00:33:45.092000,291.0,314.0,307.0,318.0,True,SOFT,4.0,True,AlphaTauri,0 days 00:32:16.691000,2021-12-04 17:17:16.703,1,,False,,False,True
0 days 00:35:42.679000,GAS,10,0 days 00:01:57.587000,10.0,2.0,,0 days 00:35:41.657000,0 days 00:00:44.630000,0 days 00:00:36.102000,0 days 00:00:36.855000,0 days 00:34:29.722000,0 days 00:35:05.824000,0 days 00:35:42.679000,254.0,263.0,,277.0,False,SOFT,5.0,True,AlphaTauri,0 days 00:33:45.092000,2021-12-04 17:18:45.104,1,,False,,False,False
0 days 00:41:46.856000,GAS,10,,11.0,3.0,0 days 00:40:03.324000,,,0 days 00:00:32.134000,0 days 00:00:32.118000,,0 days 00:41:14.749000,0 days 00:41:46.886000,271.0,270.0,301.0,271.0,False,MEDIUM,1.0,True,AlphaTauri,0 days 00:35:42.679000,2021-12-04 17:20:42.691,1,,False,,False,False
0 days 00:43:20.951000,GAS,10,0 days 00:01:34.095000,12.0,3.0,,0 days 00:43:19.835000,0 days 00:00:32.790000,0 days 00:00:28.987000,0 days 00:00:32.318000,0 days 00:42:19.646000,0 days 00:42:48.633000,0 days 00:43:20.951000,286.0,293.0,,312.0,False,MEDIUM,2.0,True,AlphaTauri,0 days 00:41:46.856000,2021-12-04 17:26:46.868,1,,False,,False,False
0 days 00:45:53.603000,GAS,10,,13.0,4.0,0 days 00:43:55.421000,,0 days 00:01:15.841000,0 days 00:00:35.542000,0 days 00:00:41.289000,0 days 00:44:36.802000,0 days 00:45:12.320000,0 days 00:45:53.643000,254.0,280.0,304.0,250.0,False,MEDIUM,1.0,True,AlphaTauri,0 days 00:43:20.951000,2021-12-04 17:28:20.963,1,,False,,False,False
0 days 00:47:22.617000,GAS,10,0 days 00:01:29.014000,14.0,4.0,,,0 days 00:00:32.517000,0 days 00:00:28.570000,0 days 00:00:27.927000,0 days 00:46:26.120000,0 days 00:46:54.690000,0 days 00:47:22.617000,289.0,309.0,304.0,314.0,True,MEDIUM,2.0,True,AlphaTauri,0 days 00:45:53.603000,2021-12-04 17:30:53.615,12,,False,,False,True
0 days 00:49:21.505000,GAS,10,0 days 00:01:58.888000,15.0,4.0,,,0 days 00:00:45.036000,0 days 00:00:40.010000,0 days 00:00:33.842000,0 days 00:48:07.653000,0 days 00:48:47.663000,0 days 00:49:21.505000,244.0,272.0,306.0,257.0,False,MEDIUM,3.0,True,AlphaTauri,0 days 00:47:22.617000,2021-12-04 17:32:22.629,1,,False,,False,True
0 days 00:50:49.823000,GAS,10,0 days 00:01:28.318000,16.0,4.0,,,0 days 00:00:32.204000,0 days 00:00:28.311000,0 days 00:00:27.803000,0 days 00:49:53.709000,0 days 00:50:22.020000,0 days 00:50:49.823000,288.0,312.0,307.0,316.0,True,MEDIUM,4.0,True,AlphaTauri,0 days 00:49:21.505000,2021-12-04 17:34:21.517,1,,False,,False,True
0 days 00:53:09.516000,GAS,10,0 days 00:02:19.693000,17.0,4.0,,,0 days 00:00:52.051000,0 days 00:00:47.524000,0 days 00:00:40.118000,0 days 00:51:41.874000,0 days 00:52:29.398000,0 days 00:53:09.516000,215.0,249.0,302.0,264.0,False,MEDIUM,5.0,True,AlphaTauri,0 days 00:50:49.823000,2021-12-04 17:35:49.835,1,,False,,False,True
0 days 00:54:37.830000,GAS,10,0 days 00:01:28.314000,18.0,4.0,,,0 days 00:00:32.212000,0 days 00:00:28.202000,0 days 00:00:27.900000,0 days 00:53:41.728000,0 days 00:54:09.930000,0 days 00:54:37.830000,290.0,314.0,309.0,321.0,True,MEDIUM,6.0,True,AlphaTauri,0 days 00:53:09.516000,2021-12-04 17:38:09.528,1,,False,,False,True
0 days 00:56:35.801000,GAS,10,0 days 00:01:57.971000,19.0,4.0,,0 days 00:56:34.588000,0 days 00:00:46.332000,0 days 00:00:34.288000,0 days 00:00:37.351000,0 days 00:55:24.162000,0 days 00:55:58.450000,0 days 00:56:35.801000,262.0,271.0,,277.0,False,MEDIUM,7.0,True,AlphaTauri,0 days 00:54:37.830000,2021-12-04 17:39:37.842,12,,False,,False,False
0 days 01:05:04.256000,GAS,10,,20.0,5.0,0 days 01:03:15.475000,,,0 days 00:00:32.100000,0 days 00:00:34.737000,,0 days 01:04:29.530000,0 days 01:05:04.309000,271.0,281.0,304.0,290.0,False,SOFT,1.0,True,AlphaTauri,0 days 00:56:35.801000,2021-12-04 17:41:35.813,1,,False,,False,False
0 days 01:06:42.268000,GAS,10,0 days 00:01:38.012000,21.0,5.0,,0 days 01:06:41.158000,0 days 00:00:33.123000,0 days 00:00:30.033000,0 days 00:00:34.856000,0 days 01:05:37.379000,0 days 01:06:07.412000,0 days 01:06:42.268000,287.0,276.0,,276.0,False,SOFT,2.0,True,AlphaTauri,0 days 01:05:04.256000,2021-12-04 17:50:04.268,1,,False,,False,False
0 days 01:10:03.729000,GAS,10,,22.0,6.0,0 days 01:08:11.007000,,,0 days 00:00:35.010000,0 days 00:00:34.967000,,0 days 01:09:28.772000,0 days 01:10:03.790000,270.0,288.0,303.0,281.0,False,SOFT,1.0,True,AlphaTauri,0 days 01:06:42.268000,2021-12-04 17:51:42.280,1,,False,,False,False
0 days 01:11:31.854000,GAS,10,0 days 00:01:28.125000,23.0,6.0,,,0 days 00:00:32.112000,0 days 00:00:28.205000,0 days 00:00:27.808000,0 days 01:10:35.841000,0 days 01:11:04.046000,0 days 01:11:31.854000,290.0,313.0,301.0,320.0,True,SOFT,2.0,True,AlphaTauri,0 days 01:10:03.729000,2021-12-04 17:55:03.741,1,,False,,False,True
0 days 01:13:41.727000,GAS,10,0 days 00:02:09.873000,24.0,6.0,,,0 days 00:00:57.044000,0 days 00:00:38.522000,0 days 00:00:34.307000,0 days 01:12:28.898000,0 days 01:13:07.420000,0 days 01:13:41.727000,201.0,257.0,305.0,264.0,False,SOFT,3.0,True,AlphaTauri,0 days 01:11:31.854000,2021-12-04 17:56:31.866,1,,False,,False,True
0 days 01:15:10.333000,GAS,10,0 days 00:01:28.606000,25.0,6.0,,,0 days 00:00:32.117000,0 days 00:00:28.509000,0 days 00:00:27.980000,0 days 01:14:13.844000,0 days 01:14:42.353000,0 days 01:15:10.333000,290.0,310.0,305.0,315.0,False,SOFT,4.0,True,AlphaTauri,0 days 01:13:41.727000,2021-12-04 17:58:41.739,1,,False,,False,True
0 days 01:17:27.356000,GAS,10,0 days 00:02:17.023000,26.0,6.0,,0 days 01:17:24.752000,0 days 00:00:45.059000,0 days 00:00:34.707000,0 days 00:00:57.257000,0 days 01:15:55.392000,0 days 01:16:30.099000,0 days 01:17:27.356000,253.0,261.0,,172.0,False,SOFT,5.0,True,AlphaTauri,0 days 01:15:10.333000,2021-12-04 18:00:10.345,12,,False,,False,False
0 days 00:17:56.315000,NOR,4,,1.0,1.0,0 days 00:15:29.242000,,,0 days 00:00:31.594000,0 days 00:00:59.541000,,0 days 00:16:56.774000,0 days 00:17:56.608000,269.0,294.0,303.0,50.0,False,SOFT,1.0,True,McLaren,0 days 00:15:29.242000,2021-12-04 17:00:29.254,1,,False,,False,False
0 days 00:19:25.451000,NOR,4,0 days 00:01:29.136000,2.0,1.0,,,0 days 00:00:32.526000,0 days 00:00:28.619000,0 days 00:00:27.991000,0 days 00:18:28.841000,0 days 00:18:57.460000,0 days 00:19:25.451000,292.0,313.0,307.0,317.0,True,SOFT,2.0,True,McLaren,0 days 00:17:56.315000,2021-12-04 17:02:56.327,1,,False,,False,True
0 days 00:21:59.814000,NOR,4,,3.0,1.0,,,0 days 00:00:58.055000,0 days 00:00:50.948000,0 days 00:00:45.398000,0 days 00:20:23.562000,0 days 00:21:14.430000,0 days 00:22:00.110000,75.0,257.0,302.0,174.0,False,SOFT,3.0,True,McLaren,0 days 00:19:25.451000,2021-12-04 17:04:25.463,1,,False,,False,False
0 days 00:23:28.388000,NOR,4,0 days 00:01:28.574000,4.0,1.0,,,0 days 00:00:32.238000,0 days 00:00:28.360000,0 days 00:00:27.976000,0 days 00:22:32.052000,0 days 00:23:00.412000,0 days 00:23:28.388000,294.0,314.0,307.0,318.0,True,SOFT,4.0,True,McLaren,0 days 00:21:59.814000,2021-12-04 17:06:59.826,1,,False,,False,True
0 days 00:25:20.094000,NOR,4,0 days 00:01:51.706000,5.0,1.0,,0 days 00:25:19.038000,0 days 00:00:38.661000,0 days 00:00:34.553000,0 days 00:00:38.492000,0 days 00:24:07.049000,0 days 00:24:41.602000,0 days 00:25:20.094000,207.0,240.0,,205.0,False,SOFT,5.0,True,McLaren,0 days 00:23:28.388000,2021-12-04 17:08:28.400,1,,False,,False,False
0 days 00:28:58.788000,NOR,4,,6.0,2.0,0 days 00:26:57.976000,,,0 days 00:00:33.282000,0 days 00:00:47.505000,,0 days 00:28:11.369000,0 days 00:28:59.039000,278.0,232.0,306.0,233.0,False,SOFT,1.0,True,McLaren,0 days 00:25:20.094000,2021-12-04 17:10:20.106,1,,False,,False,False
0 days 00:30:27.126000,NOR,4,0 days 00:01:28.338000,7.0,2.0,,,0 days 00:00:32.164000,0 days 00:00:28.358000,0 days 00:00:27.816000,0 days 00:29:30.952000,0 days 00:29:59.310000,0 days 00:30:27.126000,294.0,315.0,307.0,319.0,True,SOFT,2.0,True,McLaren,0 days 00:28:58.788000,2021-12-04 17:13:58.800,1,,False,,False,True
0 days 00:32:46.302000,NOR,4,0 days 00:02:19.176000,8.0,2.0,,0 days 00:32:44.565000,0 days 00:00:48.130000,0 days 00:00:37.334000,0 days 00:00:53.712000,0 days 00:31:15.256000,0 days 00:31:52.590000,0 days 00:32:46.302000,108.0,262.0,,104.0,False,SOFT,3.0,True,McLaren,0 days 00:30:27.126000,2021-12-04 17:15:27.138,1,,False,,False,False
0 days 00:42:26.966000,NOR,4,,9.0,3.0,0 days 00:40:23.121000,,,0 days 00:00:32.674000,0 days 00:00:43.967000,,0 days 00:41:43.293000,0 days 00:42:26.975000,271.0,307.0,304.0,204.0,False,MEDIUM,1.0,True,McLaren,0 days 00:32:46.302000,2021-12-04 17:17:46.314,1,,False,,False,False
0 days 00:43:56.102000,NOR,4,0 days 00:01:29.136000,10.0,3.0,,,0 days 00:00:32.692000,0 days 00:00:28.572000,0 days 00:00:27.872000,0 days 00:42:59.658000,0 days 00:43:28.230000,0 days 00:43:56.102000,292.0,315.0,308.0,321.0,False,MEDIUM,2.0,True,McLaren,0 days 00:42:26.966000,2021-12-04 17:27:26.978,1,,False,,False,True
0 days 00:46:30.334000,NOR,4,,11.0,3.0,,,0 days 00:00:52.126000,0 days 00:00:48.620000,0 days 00:00:53.519000,0 days 00:44:48.230000,0 days 00:45:36.867000,0 days 00:46:30.432000,85.0,219.0,302.0,164.0,False,MEDIUM,3.0,True,McLaren,0 days 00:43:56.102000,2021-12-04 17:28:56.114,1,,False,,False,False
0 days 00:48:34.745000,NOR,4,0 days 00:02:04.411000,12.0,3.0,,0 days 00:48:33.617000,0 days 00:00:36.531000,0 days 00:00:46.607000,0 days 00:00:41.273000,0 days 00:47:06.865000,0 days 00:47:53.472000,0 days 00:48:34.745000,196.0,256.0,,181.0,False,MEDIUM,4.0,True,McLaren,0 days 00:46:30.334000,2021-12-04 17:31:30.346,12,,False,,False,False
0 days 00:50:43.607000,NOR,4,0 days 00:02:08.862000,13.0,4.0,0 days 00:48:59.413000,,0 days 00:01:03.064000,0 days 00:00:32.190000,0 days 00:00:33.608000,0 days 00:49:37.809000,0 days 00:50:09.999000,0 days 00:50:43.607000,275.0,296.0,305.0,281.0,False,SOFT,1.0,True,McLaren,0 days 00:48:34.745000,2021-12-04 17:33:34.757,1,,False,,False,False
0 days 00:52:11.951000,NOR,4,0 days 00:01:28.344000,14.0,4.0,,,0 days 00:00:32.155000,0 days 00:00:28.291000,0 days 00:00:27.898000,0 days 00:51:15.762000,0 days 00:51:44.053000,0 days 00:52:11.951000,293.0,315.0,311.0,323.0,True,SOFT,2.0,True,McLaren,0 days 00:50:43.607000,2021-12-04 17:35:43.619,1,,False,,False,True
0 days 00:54:34.105000,NOR,4,0 days 00:02:22.154000,15.0,4.0,,,0 days 00:00:52.118000,0 days 00:00:49.390000,0 days 00:00:40.646000,0 days 00:53:04.069000,0 days 00:53:53.459000,0 days 00:54:34.105000,248.0,192.0,306.0,120.0,False,SOFT,3.0,True,McLaren,0 days 00:52:11.951000,2021-12-04 17:37:11.963,1,,False,,False,True
0 days 00:56:14.523000,NOR,4,0 days 00:01:40.418000,16.0,4.0,,0 days 00:56:13.431000,0 days 00:00:32.165000,0 days 00:00:29.706000,0 days 00:00:38.547000,0 days 00:55:06.270000,0 days 00:55:35.976000,0 days 00:56:14.523000,294.0,263.0,,196.0,False,SOFT,4.0,True,McLaren,0 days 00:54:34.105000,2021-12-04 17:39:34.117,12,,False,,False,False
0 days 01:07:49.370000,NOR,4,,17.0,5.0,0 days 01:06:02.649000,,,0 days 00:00:31.803000,0 days 00:00:40.575000,,0 days 01:07:08.823000,0 days 01:07:49.423000,274.0,300.0,304.0,225.0,False,SOFT,1.0,True,McLaren,0 days 00:56:14.523000,2021-12-04 17:41:14.535,1,,False,,False,False
0 days 01:09:17.550000,NOR,4,0 days 00:01:28.180000,18.0,5.0,,,0 days 00:00:32.122000,0 days 00:00:28.263000,0 days 00:00:27.795000,0 days 01:08:21.492000,0 days 01:08:49.755000,0 days 01:09:17.550000,293.0,312.0,303.0,315.0,True,SOFT,2.0,True,McLaren,0 days 01:07:49.370000,2021-12-04 17:52:49.382,1,,False,,False,True
0 days 01:11:22.377000,NOR,4,0 days 00:02:04.827000,19.0,5.0,,,0 days 00:00:46.759000,0 days 00:00:38.690000,0 days 00:00:39.378000,0 days 01:10:04.309000,0 days 01:10:42.999000,0 days 01:11:22.377000,241.0,208.0,275.0,230.0,False,SOFT,3.0,True,McLaren,0 days 01:09:17.550000,2021-12-04 17:54:17.562,1,,False,,False,True
0 days 01:13:18.318000,NOR,4,0 days 00:01:55.941000,20.0,5.0,,,0 days 00:00:45.183000,0 days 00:00:35.662000,0 days 00:00:35.096000,0 days 01:12:07.560000,0 days 01:12:43.222000,0 days 01:13:18.318000,263.0,251.0,303.0,230.0,False,SOFT,4.0,True,McLaren,0 days 01:11:22.377000,2021-12-04 17:56:22.389,1,,False,,False,True
0 days 01:14:59.421000,NOR,4,0 days 00:01:41.103000,21.0,5.0,,0 days 01:14:57.397000,0 days 00:00:32.072000,0 days 00:00:28.293000,0 days 00:00:40.738000,0 days 01:13:50.390000,0 days 01:14:18.683000,0 days 01:14:59.421000,293.0,314.0,,236.0,False,SOFT,5.0,True,McLaren,0 days 01:13:18.318000,2021-12-04 17:58:18.330,1,,False,,False,False
0 days 00:17:31.673000,TSU,22,,1.0,1.0,0 days 00:15:18.835000,,,0 days 00:00:33.013000,0 days 00:00:47.052000,,0 days 00:16:44.683000,0 days 00:17:31.981000,273.0,287.0,303.0,94.0,False,SOFT,1.0,True,AlphaTauri,0 days 00:15:18.835000,2021-12-04 17:00:18.847,1,,False,,False,False
0 days 00:19:02.514000,TSU,22,0 days 00:01:30.841000,2.0,1.0,,,0 days 00:00:33.834000,0 days 00:00:28.651000,0 days 00:00:28.356000,0 days 00:18:05.507000,0 days 00:18:34.158000,0 days 00:19:02.514000,289.0,310.0,306.0,314.0,True,SOFT,2.0,True,AlphaTauri,0 days 00:17:31.673000,2021-12-04 17:02:31.685,1,,False,,False,True
0 days 00:21:28.120000,TSU,22,0 days 00:02:25.606000,3.0,1.0,,,0 days 00:00:58.286000,0 days 00:00:44.223000,0 days 00:00:43.097000,0 days 00:20:00.800000,0 days 00:20:45.023000,0 days 00:21:28.120000,226.0,216.0,304.0,226.0,False,SOFT,3.0,True,AlphaTauri,0 days 00:19:02.514000,2021-12-04 17:04:02.526,1,,False,,False,True
0 days 00:22:56.997000,TSU,22,0 days 00:01:28.877000,4.0,1.0,,,0 days 00:00:32.312000,0 days 00:00:28.414000,0 days 00:00:28.151000,0 days 00:22:00.432000,0 days 00:22:28.846000,0 days 00:22:56.997000,291.0,312.0,306.0,318.0,True,SOFT,4.0,True,AlphaTauri,0 days 00:21:28.120000,2021-12-04 17:06:28.132,1,,False,,False,True
0 days 00:24:44.167000,TSU,22,0 days 00:01:47.170000,5.0,1.0,,0 days 00:24:43.110000,0 days 00:00:38.374000,0 days 00:00:32.646000,0 days 00:00:36.150000,0 days 00:23:35.371000,0 days 00:24:08.017000,0 days 00:24:44.167000,262.0,290.0,,282.0,False,SOFT,5.0,True,AlphaTauri,0 days 00:22:56.997000,2021-12-04 17:07:57.009,1,,False,,False,False
0 days 00:28:35.850000,TSU,22,,6.0,2.0,0 days 00:26:39.243000,,,0 days 00:00:32.490000,0 days 00:00:40.424000,,0 days 00:27:55.426000,0 days 00:28:36.112000,270.0,278.0,303.0,199.0,False,SOFT,1.0,True,AlphaTauri,0 days 00:24:44.167000,2021-12-04 17:09:44.179,1,,False,,False,False
0 days 00:30:04.587000,TSU,22,0 days 00:01:28.737000,7.0,2.0,,,0 days 00:00:32.368000,0 days 00:00:28.394000,0 days 00:00:27.975000,0 days 00:29:08.218000,0 days 00:29:36.612000,0 days 00:30:04.587000,291.0,313.0,309.0,317.0,True,SOFT,2.0,True,AlphaTauri,0 days 00:28:35.850000,2021-12-04 17:13:35.862,1,,False,,False,True
0 days 00:32:28.772000,TSU,22,0 days 00:02:24.185000,8.0,2.0,,,0 days 00:00:51.326000,0 days 00:00:36.028000,0 days 00:00:56.831000,0 days 00:30:55.913000,0 days 00:31:31.941000,0 days 00:32:28.772000,249.0,285.0,304.0,230.0,False,SOFT,3.0,True,AlphaTauri,0 days 00:30:04.587000,2021-12-04 17:15:04.599,1,,False,,False,True
0 days 00:33:57.275000,TSU,22,0 days 00:01:28.503000,9.0,2.0,,,0 days 00:00:32.137000,0 days 00:00:28.350000,0 days 00:00:28.016000,0 days 00:33:00.909000,0 days 00:33:29.259000,0 days 00:33:57.275000,292.0,314.0,307.0,317.0,True,SOFT,4.0,True,AlphaTauri,0 days 00:32:28.772000,2021-12-04 17:17:28.784,1,,False,,False,True
0 days 00:35:56.957000,TSU,22,0 days 00:01:59.682000,10.0,2.0,,0 days 00:35:55.866000,0 days 00:00:44.016000,0 days 00:00:35.099000,0 days 00:00:40.567000,0 days 00:34:41.291000,0 days 00:35:16.390000,0 days 00:35:56.957000,255.0,271.0,,266.0,False,SOFT,5.0,True,AlphaTauri,0 days 00:33:57.275000,2021-12-04 17:18:57.287,1,,False,,False,False
0 days 00:42:02.900000,TSU,22,,11.0,3.0,0 days 00:40:09.202000,,,0 days 00:00:32.249000,0 days 00:00:40.396000,,0 days 00:41:22.504000,0 days 00:42:02.937000,274.0,286.0,303.0,213.0,False,MEDIUM,1.0,True,AlphaTauri,0 days 00:35:56.957000,2021-12-04 17:20:56.969,1,,False,,False,False
0 days 00:43:36.275000,TSU,22,0 days 00:01:33.375000,12.0,3.0,,0 days 00:43:34.877000,0 days 00:00:32.668000,0 days 00:00:28.607000,0 days 00:00:32.100000,0 days 00:42:35.568000,0 days 00:43:04.175000,0 days 00:43:36.275000,290.0,312.0,,317.0,False,MEDIUM,2.0,True,AlphaTauri,0 days 00:42:02.900000,2021-12-04 17:27:02.912,1,,False,,False,False
0 days 00:46:45.791000,TSU,22,,13.0,4.0,0 days 00:44:48.424000,,,0 days 00:00:32.577000,0 days 00:00:45.385000,,0 days 00:46:00.423000,0 days 00:46:45.842000,261.0,291.0,306.0,176.0,False,MEDIUM,1.0,True,AlphaTauri,0 days 00:43:36.275000,2021-12-04 17:28:36.287,1,,False,,False,False
0 days 00:48:14.747000,TSU,22,0 days 00:01:28.956000,14.0,4.0,,,0 days 00:00:32.321000,0 days 00:00:28.540000,0 days 00:00:28.095000,0 days 00:47:18.112000,0 days 00:47:46.652000,0 days 00:48:14.747000,291.0,309.0,302.0,313.0,True,MEDIUM,2.0,True,AlphaTauri,0 days 00:46:45.791000,2021-12-04 17:31:45.803,12,,False,,False,True
0 days 00:50:32.341000,TSU,22,0 days 00:02:17.594000,15.0,4.0,,,0 days 00:00:55.631000,0 days 00:00:42.772000,0 days 00:00:39.191000,0 days 00:49:10.378000,0 days 00:49:53.150000,0 days 00:50:32.341000,243.0,270.0,302.0,222.0,False,MEDIUM,3.0,True,AlphaTauri,0 days 00:48:14.747000,2021-12-04 17:33:14.759,1,,False,,False,True
0 days 00:52:00.563000,TSU,22,0 days 00:01:28.222000,16.0,4.0,,,0 days 00:00:32.058000,0 days 00:00:28.299000,0 days 00:00:27.865000,0 days 00:51:04.399000,0 days 00:51:32.698000,0 days 00:52:00.563000,292.0,312.0,305.0,318.0,True,MEDIUM,4.0,True,AlphaTauri,0 days 00:50:32.341000,2021-12-04 17:35:32.353,1,,False,,False,True
0 days 00:54:27.864000,TSU,22,0 days 00:02:27.301000,17.0,4.0,,,0 days 00:01:05.260000,0 days 00:00:42.107000,0 days 00:00:39.934000,0 days 00:53:05.823000,0 days 00:53:47.930000,0 days 00:54:27.864000,237.0,227.0,301.0,137.0,False,MEDIUM,5.0,True,AlphaTauri,0 days 00:52:00.563000,2021-12-04 17:37:00.575,1,,False,,False,True
0 days 00:55:56.576000,TSU,22,0 days 00:01:28.712000,18.0,4.0,,,0 days 00:00:32.136000,0 days 00:00:28.455000,0 days 00:00:28.121000,0 days 00:55:00,0 days 00:55:28.455000,0 days 00:55:56.576000,291.0,312.0,304.0,317.0,False,MEDIUM,6.0,True,AlphaTauri,0 days 00:54:27.864000,2021-12-04 17:39:27.876,12,,False,,False,True
0 days 00:57:55.926000,TSU,22,0 days 00:01:59.350000,19.0,4.0,,0 days 00:57:54.696000,0 days 00:00:41.858000,0 days 00:00:40.088000,0 days 00:00:37.404000,0 days 00:56:38.434000,0 days 00:57:18.522000,0 days 00:57:55.926000,253.0,263.0,,288.0,False,MEDIUM,7.0,True,AlphaTauri,0 days 00:55:56.576000,2021-12-04 17:40:56.588,1,,False,,False,False
0 days 01:05:24.498000,TSU,22,,20.0,5.0,0 days 01:03:18.120000,,,0 days 00:00:32.737000,0 days 00:00:47.516000,,0 days 01:04:37.027000,0 days 01:05:24.600000,270.0,278.0,302.0,51.0,False,SOFT,1.0,True,AlphaTauri,0 days 00:57:55.926000,2021-12-04 17:42:55.938,1,,False,,False,False
0 days 01:06:52.940000,TSU,22,0 days 00:01:28.442000,21.0,5.0,,,0 days 00:00:32.176000,0 days 00:00:28.323000,0 days 00:00:27.943000,0 days 01:05:56.674000,0 days 01:06:24.997000,0 days 01:06:52.940000,290.0,310.0,306.0,317.0,True,SOFT,2.0,True,AlphaTauri,0 days 01:05:24.498000,2021-12-04 17:50:24.510,1,,False,,False,True
0 days 01:08:41.228000,TSU,22,0 days 00:01:48.288000,22.0,5.0,,0 days 01:08:40.122000,0 days 00:00:39.954000,0 days 00:00:32.862000,0 days 00:00:35.472000,0 days 01:07:32.894000,0 days 01:08:05.756000,0 days 01:08:41.228000,256.0,272.0,,292.0,False,SOFT,3.0,True,AlphaTauri,0 days 01:06:52.940000,2021-12-04 17:51:52.952,1,,False,,False,False
0 days 01:10:57.227000,TSU,22,0 days 00:02:15.999000,23.0,6.0,0 days 01:09:06.277000,,0 days 00:01:08.598000,0 days 00:00:34.195000,0 days 00:00:33.206000,0 days 01:09:49.826000,0 days 01:10:24.021000,0 days 01:10:57.227000,266.0,280.0,302.0,271.0,False,SOFT,1.0,True,AlphaTauri,0 days 01:08:41.228000,2021-12-04 17:53:41.240,1,,False,,False,False
0 days 01:13:03.509000,TSU,22,0 days 00:02:06.282000,24.0,6.0,,,0 days 00:00:41.624000,0 days 00:00:49.784000,0 days 00:00:34.874000,0 days 01:11:38.851000,0 days 01:12:28.635000,0 days 01:13:03.509000,191.0,196.0,303.0,271.0,False,SOFT,2.0,True,AlphaTauri,0 days 01:10:57.227000,2021-12-04 17:55:57.239,1,,False,,False,True
0 days 01:14:31.959000,TSU,22,0 days 00:01:28.450000,25.0,6.0,,,0 days 00:00:32.085000,0 days 00:00:28.391000,0 days 00:00:27.974000,0 days 01:13:35.594000,0 days 01:14:03.985000,0 days 01:14:31.959000,289.0,308.0,300.0,314.0,False,SOFT,3.0,True,AlphaTauri,0 days 01:13:03.509000,2021-12-04 17:58:03.521,1,,False,,False,True
0 days 01:16:44.310000,TSU,22,0 days 00:02:12.351000,26.0,6.0,,0 days 01:16:42.235000,0 days 00:00:53.098000,0 days 00:00:33.310000,0 days 00:00:45.943000,0 days 01:15:25.057000,0 days 01:15:58.367000,0 days 01:16:44.310000,252.0,270.0,,236.0,False,SOFT,4.0,True,AlphaTauri,0 days 01:14:31.959000,2021-12-04 17:59:31.971,12,,False,,False,False
0 days 00:17:45.013000,OCO,31,,1.0,1.0,0 days 00:15:23.454000,,,0 days 00:00:33.175000,0 days 00:00:58.078000,,0 days 00:16:46.978000,0 days 00:17:45.262000,270.0,299.0,304.0,74.0,False,SOFT,1.0,True,Alpine,0 days 00:15:23.454000,2021-12-04 17:00:23.466,1,,False,,False,False
0 days 00:19:14.521000,OCO,31,0 days 00:01:29.508000,2.0,1.0,,,0 days 00:00:32.724000,0 days 00:00:28.601000,0 days 00:00:28.183000,0 days 00:18:17.737000,0 days 00:18:46.338000,0 days 00:19:14.521000,293.0,314.0,304.0,320.0,True,SOFT,2.0,True,Alpine,0 days 00:17:45.013000,2021-12-04 17:02:45.025,1,,False,,False,True
0 days 00:21:39.334000,OCO,31,0 days 00:02:24.813000,3.0,1.0,,,0 days 00:00:49.696000,0 days 00:00:47.630000,0 days 00:00:47.487000,0 days 00:20:04.217000,0 days 00:20:51.847000,0 days 00:21:39.334000,245.0,186.0,305.0,117.0,False,SOFT,3.0,True,Alpine,0 days 00:19:14.521000,2021-12-04 17:04:14.533,1,,False,,False,True
0 days 00:23:08.251000,OCO,31,0 days 00:01:28.917000,4.0,1.0,,,0 days 00:00:32.357000,0 days 00:00:28.411000,0 days 00:00:28.149000,0 days 00:22:11.691000,0 days 00:22:40.102000,0 days 00:23:08.251000,294.0,315.0,299.0,321.0,True,SOFT,4.0,True,Alpine,0 days 00:21:39.334000,2021-12-04 17:06:39.346,1,,False,,False,True
0 days 00:25:03.302000,OCO,31,0 days 00:01:55.051000,5.0,1.0,,0 days 00:25:02.264000,0 days 00:00:41.997000,0 days 00:00:33.882000,0 days 00:00:39.172000,0 days 00:23:50.248000,0 days 00:24:24.130000,0 days 00:25:03.302000,250.0,250.0,,256.0,False,SOFT,5.0,True,Alpine,0 days 00:23:08.251000,2021-12-04 17:08:08.263,1,,False,,False,False
0 days 00:29:10.674000,OCO,31,,6.0,2.0,0 days 00:27:11.142000,,,0 days 00:00:31.860000,0 days 00:00:49.965000,,0 days 00:28:20.825000,0 days 00:29:10.955000,274.0,302.0,306.0,104.0,False,SOFT,1.0,True,Alpine,0 days 00:25:03.302000,2021-12-04 17:10:03.314,1,,False,,False,False
0 days 00:30:39.933000,OCO,31,0 days 00:01:29.259000,7.0,2.0,,,0 days 00:00:32.569000,0 days 00:00:28.628000,0 days 00:00:28.062000,0 days 00:29:43.243000,0 days 00:30:11.871000,0 days 00:30:39.933000,290.0,315.0,305.0,321.0,False,SOFT,2.0,True,Alpine,0 days 00:29:10.674000,2021-12-04 17:14:10.686,1,,False,,False,True
0 days 00:32:33.483000,OCO,31,0 days 00:01:53.550000,8.0,2.0,,,0 days 00:00:38.121000,0 days 00:00:34.948000,0 days 00:00:40.481000,0 days 00:31:18.054000,0 days 00:31:53.002000,0 days 00:32:33.483000,261.0,263.0,304.0,246.0,False,SOFT,3.0,True,Alpine,0 days 00:30:39.933000,2021-12-04 17:15:39.945,1,,False,,False,True
0 days 00:34:02.235000,OCO,31,0 days 00:01:28.752000,9.0,2.0,,,0 days 00:00:32.305000,0 days 00:00:28.367000,0 days 00:00:28.080000,0 days 00:33:05.788000,0 days 00:33:34.155000,0 days 00:34:02.235000,295.0,314.0,306.0,322.0,True,SOFT,4.0,True,Alpine,0 days 00:32:33.483000,2021-12-04 17:17:33.495,1,,False,,False,True
0 days 00:36:02.476000,OCO,31,0 days 00:02:00.241000,10.0,2.0,,0 days 00:36:01.452000,0 days 00:00:42.705000,0 days 00:00:37.151000,0 days 00:00:40.385000,0 days 00:34:44.940000,0 days 00:35:22.091000,0 days 00:36:02.476000,231.0,227.0,,232.0,False,SOFT,5.0,True,Alpine,0 days 00:34:02.235000,2021-12-04 17:19:02.247,1,,False,,False,False
0 days 00:46:19.130000,OCO,31,,11.0,3.0,0 days 00:44:35.308000,,,0 days 00:00:31.316000,0 days 00:00:37.346000,,0 days 00:45:41.831000,0 days 00:46:19.166000,273.0,298.0,306.0,236.0,False,MEDIUM,1.0,True,Alpine,0 days 00:36:02.476000,2021-12-04 17:21:02.488,1,,False,,False,False
0 days 00:47:53.584000,OCO,31,0 days 00:01:34.454000,12.0,3.0,,,0 days 00:00:32.481000,0 days 00:00:28.574000,0 days 00:00:33.399000,0 days 00:46:51.611000,0 days 00:47:20.185000,0 days 00:47:53.584000,293.0,315.0,243.0,183.0,True,MEDIUM,2.0,True,Alpine,0 days 00:46:19.130000,2021-12-04 17:31:19.142,12,,False,,False,True
0 days 00:49:52.868000,OCO,31,0 days 00:01:59.284000,13.0,3.0,,,0 days 00:00:47.487000,0 days 00:00:35.087000,0 days 00:00:36.710000,0 days 00:48:41.071000,0 days 00:49:16.158000,0 days 00:49:52.868000,228.0,296.0,305.0,228.0,False,MEDIUM,3.0,True,Alpine,0 days 00:47:53.584000,2021-12-04 17:32:53.596,1,,False,,False,True
0 days 00:51:21.518000,OCO,31,0 days 00:01:28.650000,14.0,3.0,,,0 days 00:00:32.301000,0 days 00:00:28.363000,0 days 00:00:27.986000,0 days 00:50:25.169000,0 days 00:50:53.532000,0 days 00:51:21.518000,294.0,312.0,301.0,321.0,True,MEDIUM,4.0,True,Alpine,0 days 00:49:52.868000,2021-12-04 17:34:52.880,1,,False,,False,True
0 days 00:53:30.080000,OCO,31,0 days 00:02:08.562000,15.0,3.0,,,0 days 00:00:49.219000,0 days 00:00:43.131000,0 days 00:00:36.212000,0 days 00:52:10.737000,0 days 00:52:53.868000,0 days 00:53:30.080000,231.0,178.0,305.0,189.0,False,MEDIUM,5.0,True,Alpine,0 days 00:51:21.518000,2021-12-04 17:36:21.530,1,,False,,False,True
0 days 00:54:58.654000,OCO,31,0 days 00:01:28.574000,16.0,3.0,,,0 days 00:00:32.246000,0 days 00:00:28.340000,0 days 00:00:27.988000,0 days 00:54:02.326000,0 days 00:54:30.666000,0 days 00:54:58.654000,293.0,315.0,303.0,323.0,True,MEDIUM,6.0,True,Alpine,0 days 00:53:30.080000,2021-12-04 17:38:30.092,1,,False,,False,True
0 days 00:56:58.892000,OCO,31,0 days 00:02:00.238000,17.0,3.0,,0 days 00:56:57.757000,0 days 00:00:41.793000,0 days 00:00:37.912000,0 days 00:00:40.533000,0 days 00:55:40.447000,0 days 00:56:18.359000,0 days 00:56:58.892000,206.0,221.0,,229.0,False,MEDIUM,7.0,True,Alpine,0 days 00:54:58.654000,2021-12-04 17:39:58.666,12,,False,,False,False
0 days 01:10:18.107000,OCO,31,,18.0,4.0,0 days 01:08:38.282000,,,0 days 00:00:31.649000,0 days 00:00:32.090000,,0 days 01:09:46.018000,0 days 01:10:18.164000,270.0,297.0,307.0,296.0,False,SOFT,1.0,True,Alpine,0 days 00:56:58.892000,2021-12-04 17:41:58.904,1,,False,,False,False
0 days 01:11:46.923000,OCO,31,0 days 00:01:28.816000,19.0,4.0,,,0 days 00:00:32.338000,0 days 00:00:28.494000,0 days 00:00:27.984000,0 days 01:10:50.445000,0 days 01:11:18.939000,0 days 01:11:46.923000,294.0,313.0,304.0,321.0,True,SOFT,2.0,True,Alpine,0 days 01:10:18.107000,2021-12-04 17:55:18.119,1,,False,,False,True
0 days 01:13:48.745000,OCO,31,0 days 00:02:01.822000,20.0,4.0,,,0 days 00:00:44.471000,0 days 00:00:42.447000,0 days 00:00:34.904000,0 days 01:12:31.394000,0 days 01:13:13.841000,0 days 01:13:48.745000,241.0,252.0,307.0,250.0,False,SOFT,3.0,True,Alpine,0 days 01:11:46.923000,2021-12-04 17:56:46.935,1,,False,,False,True
0 days 01:15:17.392000,OCO,31,0 days 00:01:28.647000,21.0,4.0,,,0 days 00:00:32.325000,0 days 00:00:28.362000,0 days 00:00:27.960000,0 days 01:14:21.070000,0 days 01:14:49.432000,0 days 01:15:17.392000,294.0,314.0,304.0,321.0,True,SOFT,4.0,True,Alpine,0 days 01:13:48.745000,2021-12-04 17:58:48.757,1,,False,,False,True
0 days 01:17:29.926000,OCO,31,0 days 00:02:12.534000,22.0,4.0,,0 days 01:17:27.487000,0 days 00:00:42.711000,0 days 00:00:38.290000,0 days 00:00:51.533000,0 days 01:16:00.103000,0 days 01:16:38.393000,0 days 01:17:29.926000,237.0,214.0,,224.0,False,SOFT,5.0,True,Alpine,0 days 01:15:17.392000,2021-12-04 18:00:17.404,12,,False,,False,False
0 days 00:17:19.611000,GIO,99,,1.0,1.0,0 days 00:15:11.969000,,,0 days 00:00:37.726000,0 days 00:00:41.023000,,0 days 00:16:38.614000,0 days 00:17:19.872000,265.0,257.0,306.0,228.0,False,SOFT,1.0,True,Alfa Romeo Racing,0 days 00:15:11.969000,2021-12-04 17:00:11.981,1,,False,,False,False
0 days 00:18:49.245000,GIO,99,0 days 00:01:29.634000,2.0,1.0,,,0 days 00:00:32.738000,0 days 00:00:28.573000,0 days 00:00:28.323000,0 days 00:17:52.349000,0 days 00:18:20.922000,0 days 00:18:49.245000,290.0,321.0,313.0,323.0,True,SOFT,2.0,True,Alfa Romeo Racing,0 days 00:17:19.611000,2021-12-04 17:02:19.623,1,,False,,False,True
0 days 00:21:20.368000,GIO,99,,3.0,1.0,,,0 days 00:01:00.684000,0 days 00:00:43.670000,0 days 00:00:46.799000,0 days 00:19:49.965000,0 days 00:20:33.569000,0 days 00:21:20.664000,241.0,227.0,313.0,143.0,False,SOFT,3.0,True,Alfa Romeo Racing,0 days 00:18:49.245000,2021-12-04 17:03:49.257,1,,False,,False,False
0 days 00:22:49.313000,GIO,99,0 days 00:01:28.945000,4.0,1.0,,,0 days 00:00:32.381000,0 days 00:00:28.422000,0 days 00:00:28.142000,0 days 00:21:52.749000,0 days 00:22:21.171000,0 days 00:22:49.313000,290.0,322.0,309.0,322.0,True,SOFT,4.0,True,Alfa Romeo Racing,0 days 00:21:20.368000,2021-12-04 17:06:20.380,1,,False,,False,True
0 days 00:24:36.603000,GIO,99,0 days 00:01:47.290000,5.0,1.0,,0 days 00:24:35.574000,0 days 00:00:37.978000,0 days 00:00:32.401000,0 days 00:00:36.911000,0 days 00:23:27.291000,0 days 00:23:59.692000,0 days 00:24:36.603000,263.0,278.0,,277.0,False,SOFT,5.0,True,Alfa Romeo Racing,0 days 00:22:49.313000,2021-12-04 17:07:49.325,1,,False,,False,False
0 days 00:28:29.274000,GIO,99,,6.0,2.0,0 days 00:26:30.404000,,,0 days 00:00:39.617000,0 days 00:00:37.250000,,0 days 00:27:52.025000,0 days 00:28:29.512000,264.0,187.0,307.0,246.0,False,SOFT,1.0,True,Alfa Romeo Racing,0 days 00:24:36.603000,2021-12-04 17:09:36.615,1,,False,,False,False
0 days 00:29:58.389000,GIO,99,0 days 00:01:29.115000,7.0,2.0,,,0 days 00:00:32.538000,0 days 00:00:28.532000,0 days 00:00:28.045000,0 days 00:29:01.812000,0 days 00:29:30.344000,0 days 00:29:58.389000,290.0,320.0,311.0,323.0,False,SOFT,2.0,True,Alfa Romeo Racing,0 days 00:28:29.274000,2021-12-04 17:13:29.286,1,,False,,False,True
0 days 00:32:36.819000,GIO,99,,8.0,2.0,,,0 days 00:00:57.896000,0 days 00:00:36.641000,0 days 00:01:03.893000,0 days 00:30:56.385000,0 days 00:31:32.999000,0 days 00:32:37.053000,252.0,234.0,307.0,75.0,False,SOFT,3.0,True,Alfa Romeo Racing,0 days 00:29:58.389000,2021-12-04 17:14:58.401,1,,False,,False,False
0 days 00:34:05.718000,GIO,99,0 days 00:01:28.899000,9.0,2.0,,,0 days 00:00:32.430000,0 days 00:00:28.385000,0 days 00:00:28.084000,0 days 00:33:09.249000,0 days 00:33:37.634000,0 days 00:34:05.718000,291.0,323.0,310.0,325.0,True,SOFT,4.0,True,Alfa Romeo Racing,0 days 00:32:36.819000,2021-12-04 17:17:36.831,1,,False,,False,True
0 days 00:36:04.615000,GIO,99,0 days 00:01:58.897000,10.0,2.0,,0 days 00:36:03.558000,0 days 00:00:41.215000,0 days 00:00:36.380000,0 days 00:00:41.302000,0 days 00:34:46.933000,0 days 00:35:23.313000,0 days 00:36:04.615000,257.0,231.0,,215.0,False,SOFT,5.0,True,Alfa Romeo Racing,0 days 00:34:05.718000,2021-12-04 17:19:05.730,1,,False,,False,False
0 days 00:45:58.214000,GIO,99,,11.0,3.0,0 days 00:43:52.457000,,,0 days 00:00:37.619000,0 days 00:00:38.790000,,0 days 00:45:19.488000,0 days 00:45:58.277000,217.0,248.0,314.0,223.0,False,MEDIUM,1.0,True,Alfa Romeo Racing,0 days 00:36:04.615000,2021-12-04 17:21:04.627,1,,False,,False,False
0 days 00:47:27.746000,GIO,99,0 days 00:01:29.532000,12.0,3.0,,,0 days 00:00:32.990000,0 days 00:00:28.564000,0 days 00:00:27.978000,0 days 00:46:31.204000,0 days 00:46:59.768000,0 days 00:47:27.746000,291.0,322.0,308.0,323.0,True,MEDIUM,2.0,True,Alfa Romeo Racing,0 days 00:45:58.214000,2021-12-04 17:30:58.226,12,,False,,False,True
0 days 00:49:45.490000,GIO,99,0 days 00:02:17.744000,13.0,3.0,,,0 days 00:00:55.131000,0 days 00:00:43.853000,0 days 00:00:38.760000,0 days 00:48:22.877000,0 days 00:49:06.730000,0 days 00:49:45.490000,114.0,176.0,306.0,208.0,False,MEDIUM,3.0,True,Alfa Romeo Racing,0 days 00:47:27.746000,2021-12-04 17:32:27.758,1,,False,,False,True
0 days 00:51:14.106000,GIO,99,0 days 00:01:28.616000,14.0,3.0,,,0 days 00:00:32.319000,0 days 00:00:28.387000,0 days 00:00:27.910000,0 days 00:50:17.809000,0 days 00:50:46.196000,0 days 00:51:14.106000,292.0,317.0,306.0,321.0,True,MEDIUM,4.0,True,Alfa Romeo Racing,0 days 00:49:45.490000,2021-12-04 17:34:45.502,1,,False,,False,True
0 days 00:53:54.439000,GIO,99,,15.0,3.0,,,0 days 00:00:54.205000,0 days 00:00:58.615000,0 days 00:00:47.486000,0 days 00:52:08.421000,0 days 00:53:06.954000,0 days 00:53:54.463000,129.0,203.0,307.0,91.0,False,MEDIUM,5.0,True,Alfa Romeo Racing,0 days 00:51:14.106000,2021-12-04 17:36:14.118,1,,False,,False,False
0 days 00:55:33.962000,GIO,99,0 days 00:01:39.523000,16.0,3.0,,0 days 00:55:32.838000,0 days 00:00:32.215000,0 days 00:00:28.682000,0 days 00:00:38.626000,0 days 00:54:26.654000,0 days 00:54:55.336000,0 days 00:55:33.962000,291.0,303.0,,272.0,False,MEDIUM,6.0,True,Alfa Romeo Racing,0 days 00:53:54.439000,2021-12-04 17:38:54.451,12,,False,,False,False
0 days 01:10:11.285000,GIO,99,,17.0,4.0,0 days 01:08:12.975000,,,0 days 00:00:38.105000,0 days 00:00:35.847000,,0 days 01:09:35.475000,0 days 01:10:11.360000,259.0,228.0,307.0,266.0,False,SOFT,1.0,True,Alfa Romeo Racing,0 days 00:55:33.962000,2021-12-04 17:40:33.974,1,,False,,False,False
0 days 01:11:40.336000,GIO,99,0 days 00:01:29.051000,18.0,4.0,,,0 days 00:00:32.531000,0 days 00:00:28.529000,0 days 00:00:27.991000,0 days 01:10:43.816000,0 days 01:11:12.345000,0 days 01:11:40.336000,289.0,319.0,308.0,324.0,True,SOFT,2.0,True,Alfa Romeo Racing,0 days 01:10:11.285000,2021-12-04 17:55:11.297,1,,False,,False,True
0 days 01:14:00.554000,GIO,99,0 days 00:02:20.218000,19.0,4.0,,,0 days 00:00:54.144000,0 days 00:00:46.960000,0 days 00:00:39.114000,0 days 01:12:34.480000,0 days 01:13:21.440000,0 days 01:14:00.554000,249.0,192.0,309.0,233.0,False,SOFT,3.0,True,Alfa Romeo Racing,0 days 01:11:40.336000,2021-12-04 17:56:40.348,1,,False,,False,True
0 days 01:15:29.308000,GIO,99,0 days 00:01:28.754000,20.0,4.0,,,0 days 00:00:32.350000,0 days 00:00:28.445000,0 days 00:00:27.959000,0 days 01:14:32.904000,0 days 01:15:01.349000,0 days 01:15:29.308000,293.0,322.0,309.0,326.0,True,SOFT,4.0,True,Alfa Romeo Racing,0 days 01:14:00.554000,2021-12-04 17:59:00.566,1,,False,,False,True
0 days 01:17:38.679000,GIO,99,0 days 00:02:09.371000,21.0,4.0,,0 days 01:17:35.720000,0 days 00:00:43.546000,0 days 00:00:34.752000,0 days 00:00:51.073000,0 days 01:16:12.854000,0 days 01:16:47.606000,0 days 01:17:38.679000,253.0,250.0,,231.0,False,SOFT,5.0,True,Alfa Romeo Racing,0 days 01:15:29.308000,2021-12-04 18:00:29.320,12,,False,,False,False
0 days 00:18:07.914000,RIC,3,,1.0,1.0,0 days 00:15:39.542000,,,0 days 00:00:32.615000,0 days 00:00:57.894000,,0 days 00:17:10.082000,0 days 00:18:08.247000,276.0,301.0,305.0,51.0,False,SOFT,1.0,True,McLaren,0 days 00:15:39.542000,2021-12-04 17:00:39.554,1,,False,,False,False
0 days 00:19:37.311000,RIC,3,0 days 00:01:29.397000,2.0,1.0,,,0 days 00:00:32.548000,0 days 00:00:28.712000,0 days 00:00:28.137000,0 days 00:18:40.462000,0 days 00:19:09.174000,0 days 00:19:37.311000,297.0,312.0,306.0,315.0,True,SOFT,2.0,True,McLaren,0 days 00:18:07.914000,2021-12-04 17:03:07.926,1,,False,,False,True
0 days 00:22:05.247000,RIC,3,0 days 00:02:27.936000,3.0,1.0,,,0 days 00:00:50.364000,0 days 00:00:50.600000,0 days 00:00:46.972000,0 days 00:20:27.675000,0 days 00:21:18.275000,0 days 00:22:05.247000,183.0,189.0,303.0,173.0,False,SOFT,3.0,True,McLaren,0 days 00:19:37.311000,2021-12-04 17:04:37.323,1,,False,,False,True
0 days 00:23:33.875000,RIC,3,0 days 00:01:28.628000,4.0,1.0,,,0 days 00:00:32.282000,0 days 00:00:28.352000,0 days 00:00:27.994000,0 days 00:22:37.529000,0 days 00:23:05.881000,0 days 00:23:33.875000,298.0,316.0,307.0,319.0,True,SOFT,4.0,True,McLaren,0 days 00:22:05.247000,2021-12-04 17:07:05.259,1,,False,,False,True
0 days 00:25:28.456000,RIC,3,0 days 00:01:54.581000,5.0,1.0,,0 days 00:25:26.795000,0 days 00:00:44.238000,0 days 00:00:34.219000,0 days 00:00:36.124000,0 days 00:24:18.113000,0 days 00:24:52.332000,0 days 00:25:28.456000,268.0,277.0,,275.0,False,SOFT,5.0,True,McLaren,0 days 00:23:33.875000,2021-12-04 17:08:33.887,1,,False,,False,False
0 days 00:30:01.328000,RIC,3,,6.0,2.0,0 days 00:28:08.936000,,,0 days 00:00:38.125000,0 days 00:00:38.421000,,0 days 00:29:22.913000,0 days 00:30:01.641000,273.0,266.0,290.0,185.0,False,SOFT,1.0,True,McLaren,0 days 00:25:28.456000,2021-12-04 17:10:28.468,1,,False,,False,False
0 days 00:32:10.516000,RIC,3,0 days 00:02:09.188000,7.0,2.0,,,0 days 00:00:39.224000,0 days 00:00:33.397000,0 days 00:00:56.567000,0 days 00:30:40.552000,0 days 00:31:13.949000,0 days 00:32:10.516000,274.0,240.0,306.0,100.0,False,SOFT,2.0,True,McLaren,0 days 00:30:01.328000,2021-12-04 17:15:01.340,1,,False,,False,True
0 days 00:33:38.732000,RIC,3,0 days 00:01:28.216000,8.0,2.0,,,0 days 00:00:32.186000,0 days 00:00:28.219000,0 days 00:00:27.811000,0 days 00:32:42.702000,0 days 00:33:10.921000,0 days 00:33:38.732000,297.0,314.0,306.0,318.0,True,SOFT,3.0,True,McLaren,0 days 00:32:10.516000,2021-12-04 17:17:10.528,1,,False,,False,True
0 days 00:35:35.827000,RIC,3,0 days 00:01:57.095000,9.0,2.0,,0 days 00:35:34.778000,0 days 00:00:42.859000,0 days 00:00:33.970000,0 days 00:00:40.266000,0 days 00:34:21.591000,0 days 00:34:55.561000,0 days 00:35:35.827000,262.0,258.0,,280.0,False,SOFT,4.0,True,McLaren,0 days 00:33:38.732000,2021-12-04 17:18:38.744,1,,False,,False,False
0 days 00:42:35.850000,RIC,3,,10.0,3.0,0 days 00:40:32.055000,,,0 days 00:00:34.788000,0 days 00:00:45.810000,,0 days 00:41:50.351000,0 days 00:42:35.907000,273.0,248.0,306.0,171.0,False,MEDIUM,1.0,True,McLaren,0 days 00:35:35.827000,2021-12-04 17:20:35.839,1,,False,,False,False
0 days 00:44:16.414000,RIC,3,0 days 00:01:40.564000,11.0,3.0,,,0 days 00:00:35.792000,0 days 00:00:34.570000,0 days 00:00:30.202000,0 days 00:43:11.642000,0 days 00:43:46.212000,0 days 00:44:16.414000,275.0,304.0,308.0,295.0,True,MEDIUM,2.0,True,McLaren,0 days 00:42:35.850000,2021-12-04 17:27:35.862,1,,False,,False,True
0 days 00:45:45.243000,RIC,3,0 days 00:01:28.829000,12.0,3.0,,,0 days 00:00:32.492000,0 days 00:00:28.426000,0 days 00:00:27.911000,0 days 00:44:48.906000,0 days 00:45:17.332000,0 days 00:45:45.243000,297.0,316.0,305.0,320.0,True,MEDIUM,3.0,True,McLaren,0 days 00:44:16.414000,2021-12-04 17:29:16.426,1,,False,,False,True
0 days 00:47:56.842000,RIC,3,0 days 00:02:11.599000,13.0,3.0,,,0 days 00:00:44.899000,0 days 00:00:51.201000,0 days 00:00:35.499000,0 days 00:46:30.142000,0 days 00:47:21.343000,0 days 00:47:56.842000,205.0,232.0,280.0,281.0,False,MEDIUM,4.0,True,McLaren,0 days 00:45:45.243000,2021-12-04 17:30:45.255,12,,False,,False,True
0 days 00:49:57.874000,RIC,3,0 days 00:02:01.032000,14.0,3.0,,,0 days 00:00:44.959000,0 days 00:00:36.358000,0 days 00:00:39.715000,0 days 00:48:41.801000,0 days 00:49:18.159000,0 days 00:49:57.874000,271.0,268.0,306.0,172.0,False,MEDIUM,5.0,True,McLaren,0 days 00:47:56.842000,2021-12-04 17:32:56.854,1,,False,,False,True
0 days 00:51:26.542000,RIC,3,0 days 00:01:28.668000,15.0,3.0,,,0 days 00:00:32.298000,0 days 00:00:28.321000,0 days 00:00:28.049000,0 days 00:50:30.172000,0 days 00:50:58.493000,0 days 00:51:26.542000,296.0,315.0,305.0,317.0,True,MEDIUM,6.0,True,McLaren,0 days 00:49:57.874000,2021-12-04 17:34:57.886,1,,False,,False,True
0 days 00:53:21.373000,RIC,3,0 days 00:01:54.831000,16.0,3.0,,,0 days 00:00:42.096000,0 days 00:00:32.031000,0 days 00:00:40.704000,0 days 00:52:08.638000,0 days 00:52:40.669000,0 days 00:53:21.373000,267.0,270.0,305.0,186.0,False,MEDIUM,7.0,True,McLaren,0 days 00:51:26.542000,2021-12-04 17:36:26.554,1,,False,,False,True
0 days 00:55:00.541000,RIC,3,0 days 00:01:39.168000,17.0,3.0,,0 days 00:54:59.411000,0 days 00:00:32.654000,0 days 00:00:30.877000,0 days 00:00:35.637000,0 days 00:53:54.027000,0 days 00:54:24.904000,0 days 00:55:00.541000,295.0,264.0,,300.0,False,MEDIUM,8.0,True,McLaren,0 days 00:53:21.373000,2021-12-04 17:38:21.385,12,,False,,False,False
0 days 00:17:48.571000,RAI,7,,1.0,1.0,0 days 00:15:25.383000,,,0 days 00:00:34.410000,0 days 00:00:58.979000,,0 days 00:16:49.753000,0 days 00:17:48.867000,272.0,294.0,307.0,118.0,False,SOFT,1.0,True,Alfa Romeo Racing,0 days 00:15:25.383000,2021-12-04 17:00:25.395,1,,False,,False,False
0 days 00:19:18.490000,RAI,7,0 days 00:01:29.919000,2.0,1.0,,,0 days 00:00:33.046000,0 days 00:00:28.784000,0 days 00:00:28.089000,0 days 00:18:21.617000,0 days 00:18:50.401000,0 days 00:19:18.490000,286.0,320.0,309.0,322.0,True,SOFT,2.0,True,Alfa Romeo Racing,0 days 00:17:48.571000,2021-12-04 17:02:48.583,1,,False,,False,True
0 days 00:21:43.339000,RAI,7,0 days 00:02:24.849000,3.0,1.0,,,0 days 00:00:52.063000,0 days 00:00:48.207000,0 days 00:00:44.579000,0 days 00:20:10.553000,0 days 00:20:58.760000,0 days 00:21:43.339000,148.0,235.0,309.0,155.0,False,SOFT,3.0,True,Alfa Romeo Racing,0 days 00:19:18.490000,2021-12-04 17:04:18.502,1,,False,,False,True
0 days 00:23:12.444000,RAI,7,0 days 00:01:29.105000,4.0,1.0,,,0 days 00:00:32.643000,0 days 00:00:28.449000,0 days 00:00:28.013000,0 days 00:22:15.982000,0 days 00:22:44.431000,0 days 00:23:12.444000,290.0,321.0,309.0,323.0,True,SOFT,4.0,True,Alfa Romeo Racing,0 days 00:21:43.339000,2021-12-04 17:06:43.351,1,,False,,False,True
0 days 00:25:01.620000,RAI,7,0 days 00:01:49.176000,5.0,1.0,,0 days 00:25:00.562000,0 days 00:00:38.192000,0 days 00:00:33.862000,0 days 00:00:37.122000,0 days 00:23:50.636000,0 days 00:24:24.498000,0 days 00:25:01.620000,255.0,237.0,,277.0,False,SOFT,5.0,True,Alfa Romeo Racing,0 days 00:23:12.444000,2021-12-04 17:08:12.456,1,,False,,False,False
0 days 00:28:38.681000,RAI,7,,6.0,2.0,0 days 00:26:51.442000,,,0 days 00:00:32.031000,0 days 00:00:39.834000,,0 days 00:27:58.847000,0 days 00:28:38.915000,274.0,272.0,310.0,239.0,False,SOFT,1.0,True,Alfa Romeo Racing,0 days 00:25:01.620000,2021-12-04 17:10:01.632,1,,False,,False,False
0 days 00:30:07.537000,RAI,7,0 days 00:01:28.856000,7.0,2.0,,,0 days 00:00:32.495000,0 days 00:00:28.433000,0 days 00:00:27.928000,0 days 00:29:11.176000,0 days 00:29:39.609000,0 days 00:30:07.537000,292.0,322.0,311.0,326.0,True,SOFT,2.0,True,Alfa Romeo Racing,0 days 00:28:38.681000,2021-12-04 17:13:38.693,1,,False,,False,True
0 days 00:32:39.563000,RAI,7,,8.0,2.0,,,0 days 00:00:49.364000,0 days 00:00:36.760000,0 days 00:01:05.952000,0 days 00:30:57.034000,0 days 00:31:33.611000,0 days 00:32:39.888000,251.0,161.0,304.0,77.0,False,SOFT,3.0,True,Alfa Romeo Racing,0 days 00:30:07.537000,2021-12-04 17:15:07.549,1,,False,,False,False
0 days 00:34:09.136000,RAI,7,0 days 00:01:29.573000,9.0,2.0,,,0 days 00:00:32.710000,0 days 00:00:28.644000,0 days 00:00:28.219000,0 days 00:33:12.273000,0 days 00:33:40.917000,0 days 00:34:09.136000,290.0,320.0,305.0,324.0,False,SOFT,4.0,True,Alfa Romeo Racing,0 days 00:32:39.563000,2021-12-04 17:17:39.575,1,,False,,False,True
0 days 00:36:08.463000,RAI,7,0 days 00:01:59.327000,10.0,2.0,,0 days 00:36:06.958000,0 days 00:00:43.695000,0 days 00:00:33.844000,0 days 00:00:41.788000,0 days 00:34:52.831000,0 days 00:35:26.675000,0 days 00:36:08.463000,255.0,256.0,,276.0,False,SOFT,5.0,True,Alfa Romeo Racing,0 days 00:34:09.136000,2021-12-04 17:19:09.148,1,,False,,False,False
0 days 00:42:48.527000,RAI,7,,11.0,3.0,0 days 00:41:01.719000,,,0 days 00:00:32.024000,0 days 00:00:39.842000,,0 days 00:42:08.685000,0 days 00:42:48.567000,272.0,280.0,306.0,139.0,False,MEDIUM,1.0,True,Alfa Romeo Racing,0 days 00:36:08.463000,2021-12-04 17:21:08.475,1,,False,,False,False
0 days 00:44:17.847000,RAI,7,0 days 00:01:29.320000,12.0,3.0,,,0 days 00:00:32.817000,0 days 00:00:28.549000,0 days 00:00:27.954000,0 days 00:43:21.344000,0 days 00:43:49.893000,0 days 00:44:17.847000,290.0,320.0,313.0,325.0,True,MEDIUM,2.0,True,Alfa Romeo Racing,0 days 00:42:48.527000,2021-12-04 17:27:48.539,1,,False,,False,True
0 days 00:46:13.624000,RAI,7,0 days 00:01:55.777000,13.0,3.0,,,0 days 00:00:40.234000,0 days 00:00:40.798000,0 days 00:00:34.745000,0 days 00:44:58.081000,0 days 00:45:38.879000,0 days 00:46:13.624000,92.0,256.0,306.0,274.0,False,MEDIUM,3.0,True,Alfa Romeo Racing,0 days 00:44:17.847000,2021-12-04 17:29:17.859,1,,False,,False,True
0 days 00:47:42.509000,RAI,7,0 days 00:01:28.885000,14.0,3.0,,,0 days 00:00:32.453000,0 days 00:00:28.434000,0 days 00:00:27.998000,0 days 00:46:46.077000,0 days 00:47:14.511000,0 days 00:47:42.509000,290.0,318.0,306.0,322.0,True,MEDIUM,4.0,True,Alfa Romeo Racing,0 days 00:46:13.624000,2021-12-04 17:31:13.636,12,,False,,False,True
0 days 00:49:31.816000,RAI,7,0 days 00:01:49.307000,15.0,3.0,,0 days 00:49:30.562000,0 days 00:00:36.831000,0 days 00:00:36.422000,0 days 00:00:36.054000,0 days 00:48:19.340000,0 days 00:48:55.762000,0 days 00:49:31.816000,254.0,290.0,,292.0,False,MEDIUM,5.0,True,Alfa Romeo Racing,0 days 00:47:42.509000,2021-12-04 17:32:42.521,1,,False,,False,False
0 days 00:53:33.500000,RAI,7,,16.0,4.0,0 days 00:51:46.463000,,,0 days 00:00:32.946000,0 days 00:00:38.391000,,0 days 00:52:55.109000,0 days 00:53:33.584000,273.0,185.0,307.0,138.0,False,SOFT,1.0,True,Alfa Romeo Racing,0 days 00:49:31.816000,2021-12-04 17:34:31.828,1,,False,,False,False
0 days 00:55:02.793000,RAI,7,0 days 00:01:29.293000,17.0,4.0,,,0 days 00:00:32.416000,0 days 00:00:28.823000,0 days 00:00:28.054000,0 days 00:54:05.916000,0 days 00:54:34.739000,0 days 00:55:02.793000,290.0,321.0,309.0,324.0,False,SOFT,2.0,True,Alfa Romeo Racing,0 days 00:53:33.500000,2021-12-04 17:38:33.512,12,,False,,False,True
0 days 00:56:57.802000,RAI,7,0 days 00:01:55.009000,18.0,4.0,,0 days 00:56:56.723000,0 days 00:00:41.622000,0 days 00:00:34.465000,0 days 00:00:38.922000,0 days 00:55:44.415000,0 days 00:56:18.880000,0 days 00:56:57.802000,256.0,209.0,,278.0,False,SOFT,3.0,True,Alfa Romeo Racing,0 days 00:55:02.793000,2021-12-04 17:40:02.805,21,,False,,False,False
0 days 00:18:12.684000,ALO,14,,1.0,1.0,0 days 00:16:05.194000,,,0 days 00:00:34.302000,0 days 00:00:43.708000,,0 days 00:17:29.045000,0 days 00:18:12.902000,268.0,262.0,306.0,182.0,False,SOFT,1.0,True,Alpine,0 days 00:16:05.194000,2021-12-04 17:01:05.206,1,,False,,False,False
0 days 00:19:42.335000,ALO,14,0 days 00:01:29.651000,2.0,1.0,,,0 days 00:00:32.654000,0 days 00:00:28.674000,0 days 00:00:28.323000,0 days 00:18:45.338000,0 days 00:19:14.012000,0 days 00:19:42.335000,291.0,312.0,300.0,317.0,True,SOFT,2.0,True,Alpine,0 days 00:18:12.684000,2021-12-04 17:03:12.696,1,,False,,False,True
0 days 00:21:52.471000,ALO,14,0 days 00:02:10.136000,3.0,1.0,,,0 days 00:00:44.203000,0 days 00:00:41.522000,0 days 00:00:44.411000,0 days 00:20:26.538000,0 days 00:21:08.060000,0 days 00:21:52.471000,254.0,199.0,305.0,142.0,False,SOFT,3.0,True,Alpine,0 days 00:19:42.335000,2021-12-04 17:04:42.347,1,,False,,False,True
0 days 00:23:21.566000,ALO,14,0 days 00:01:29.095000,4.0,1.0,,,0 days 00:00:32.424000,0 days 00:00:28.468000,0 days 00:00:28.203000,0 days 00:22:24.895000,0 days 00:22:53.363000,0 days 00:23:21.566000,292.0,311.0,299.0,315.0,True,SOFT,4.0,True,Alpine,0 days 00:21:52.471000,2021-12-04 17:06:52.483,1,,False,,False,True
0 days 00:25:09.326000,ALO,14,0 days 00:01:47.760000,5.0,1.0,,0 days 00:25:08.195000,0 days 00:00:37.475000,0 days 00:00:32.359000,0 days 00:00:37.926000,0 days 00:23:59.041000,0 days 00:24:31.400000,0 days 00:25:09.326000,256.0,246.0,,248.0,False,SOFT,5.0,True,Alpine,0 days 00:23:21.566000,2021-12-04 17:08:21.578,1,,False,,False,False
0 days 00:29:04.892000,ALO,14,,6.0,2.0,0 days 00:27:08.582000,,,0 days 00:00:32.208000,0 days 00:00:45.946000,,0 days 00:28:18.968000,0 days 00:29:05.134000,271.0,295.0,308.0,127.0,False,SOFT,1.0,True,Alpine,0 days 00:25:09.326000,2021-12-04 17:10:09.338,1,,False,,False,False
0 days 00:30:34.059000,ALO,14,0 days 00:01:29.167000,7.0,2.0,,,0 days 00:00:32.512000,0 days 00:00:28.551000,0 days 00:00:28.104000,0 days 00:29:37.404000,0 days 00:30:05.955000,0 days 00:30:34.059000,290.0,311.0,304.0,317.0,False,SOFT,2.0,True,Alpine,0 days 00:29:04.892000,2021-12-04 17:14:04.904,1,,False,,False,True
0 days 00:32:42.746000,ALO,14,0 days 00:02:08.687000,8.0,2.0,,,0 days 00:00:39.533000,0 days 00:00:34.525000,0 days 00:00:54.629000,0 days 00:31:13.592000,0 days 00:31:48.117000,0 days 00:32:42.746000,261.0,247.0,302.0,78.0,False,SOFT,3.0,True,Alpine,0 days 00:30:34.059000,2021-12-04 17:15:34.071,1,,False,,False,True
0 days 00:34:11.690000,ALO,14,0 days 00:01:28.944000,9.0,2.0,,,0 days 00:00:32.487000,0 days 00:00:28.384000,0 days 00:00:28.073000,0 days 00:33:15.233000,0 days 00:33:43.617000,0 days 00:34:11.690000,292.0,315.0,307.0,322.0,True,SOFT,4.0,True,Alpine,0 days 00:32:42.746000,2021-12-04 17:17:42.758,1,,False,,False,True
0 days 00:36:09.560000,ALO,14,0 days 00:01:57.870000,10.0,2.0,,0 days 00:36:07.961000,0 days 00:00:42.793000,0 days 00:00:34.347000,0 days 00:00:40.730000,0 days 00:34:54.483000,0 days 00:35:28.830000,0 days 00:36:09.560000,248.0,232.0,,213.0,False,SOFT,5.0,True,Alpine,0 days 00:34:11.690000,2021-12-04 17:19:11.702,1,,False,,False,False
0 days 00:46:38.884000,ALO,14,,11.0,3.0,0 days 00:44:44.951000,,,0 days 00:00:32.766000,0 days 00:00:44.675000,,0 days 00:45:54.229000,0 days 00:46:38.909000,270.0,293.0,312.0,259.0,False,MEDIUM,1.0,True,Alpine,0 days 00:36:09.560000,2021-12-04 17:21:09.572,1,,False,,False,False
0 days 00:48:23.119000,ALO,14,0 days 00:01:44.235000,12.0,3.0,,,0 days 00:00:33.737000,0 days 00:00:37.473000,0 days 00:00:33.025000,0 days 00:47:12.621000,0 days 00:47:50.094000,0 days 00:48:23.119000,276.0,297.0,305.0,295.0,True,MEDIUM,2.0,True,Alpine,0 days 00:46:38.884000,2021-12-04 17:31:38.896,12,,False,,False,True
0 days 00:50:12.822000,ALO,14,0 days 00:01:49.703000,13.0,3.0,,,0 days 00:00:38.614000,0 days 00:00:32.863000,0 days 00:00:38.226000,0 days 00:49:01.733000,0 days 00:49:34.596000,0 days 00:50:12.822000,273.0,271.0,307.0,203.0,False,MEDIUM,3.0,True,Alpine,0 days 00:48:23.119000,2021-12-04 17:33:23.131,1,,False,,False,True
0 days 00:52:02.810000,ALO,14,0 days 00:01:49.988000,14.0,3.0,,,0 days 00:00:32.817000,0 days 00:00:39.100000,0 days 00:00:38.071000,0 days 00:50:45.639000,0 days 00:51:24.739000,0 days 00:52:02.810000,285.0,281.0,293.0,226.0,False,MEDIUM,4.0,True,Alpine,0 days 00:50:12.822000,2021-12-04 17:35:12.834,1,,False,,False,True
0 days 00:53:47.667000,ALO,14,0 days 00:01:44.857000,15.0,3.0,,,0 days 00:00:35.790000,0 days 00:00:32.353000,0 days 00:00:36.714000,0 days 00:52:38.600000,0 days 00:53:10.953000,0 days 00:53:47.667000,272.0,293.0,305.0,197.0,False,MEDIUM,5.0,True,Alpine,0 days 00:52:02.810000,2021-12-04 17:37:02.822,1,,False,,False,True
0 days 00:55:16.587000,ALO,14,0 days 00:01:28.920000,16.0,3.0,,,0 days 00:00:32.470000,0 days 00:00:28.434000,0 days 00:00:28.016000,0 days 00:54:20.137000,0 days 00:54:48.571000,0 days 00:55:16.587000,290.0,310.0,303.0,317.0,True,MEDIUM,6.0,True,Alpine,0 days 00:53:47.667000,2021-12-04 17:38:47.679,12,,False,,False,True
0 days 00:57:18.455000,ALO,14,0 days 00:02:01.868000,17.0,3.0,,0 days 00:57:16.647000,0 days 00:00:40.740000,0 days 00:00:36.317000,0 days 00:00:44.811000,0 days 00:55:57.327000,0 days 00:56:33.644000,0 days 00:57:18.455000,228.0,208.0,,174.0,False,MEDIUM,7.0,True,Alpine,0 days 00:55:16.587000,2021-12-04 17:40:16.599,1,,False,,False,False
0 days 00:16:57.789000,RUS,63,,1.0,1.0,0 days 00:15:03.027000,,,0 days 00:00:34.912000,0 days 00:00:38.884000,,0 days 00:16:18.905000,0 days 00:16:58.326000,274.0,288.0,299.0,247.0,False,SOFT,1.0,True,Williams,0 days 00:15:03.027000,2021-12-04 17:00:03.039,1,,False,,False,False
0 days 00:18:28.753000,RUS,63,0 days 00:01:30.964000,2.0,1.0,,,0 days 00:00:33.204000,0 days 00:00:29.052000,0 days 00:00:28.708000,0 days 00:17:30.993000,0 days 00:18:00.045000,0 days 00:18:28.753000,293.0,310.0,306.0,314.0,True,SOFT,2.0,True,Williams,0 days 00:16:57.789000,2021-12-04 17:01:57.801,1,,False,,False,True
0 days 00:20:46.039000,RUS,63,0 days 00:02:17.286000,3.0,1.0,,,0 days 00:00:48.952000,0 days 00:00:48.220000,0 days 00:00:40.114000,0 days 00:19:17.705000,0 days 00:20:05.925000,0 days 00:20:46.039000,149.0,120.0,302.0,293.0,False,SOFT,3.0,True,Williams,0 days 00:18:28.753000,2021-12-04 17:03:28.765,1,,False,,False,True
0 days 00:22:15.840000,RUS,63,0 days 00:01:29.801000,4.0,1.0,,,0 days 00:00:32.865000,0 days 00:00:28.614000,0 days 00:00:28.322000,0 days 00:21:18.904000,0 days 00:21:47.518000,0 days 00:22:15.840000,293.0,311.0,307.0,316.0,True,SOFT,4.0,True,Williams,0 days 00:20:46.039000,2021-12-04 17:05:46.051,1,,False,,False,True
0 days 00:24:02.608000,RUS,63,0 days 00:01:46.768000,5.0,1.0,,0 days 00:24:01.551000,0 days 00:00:39.510000,0 days 00:00:33.356000,0 days 00:00:33.902000,0 days 00:22:55.350000,0 days 00:23:28.706000,0 days 00:24:02.608000,260.0,298.0,,302.0,False,SOFT,5.0,True,Williams,0 days 00:22:15.840000,2021-12-04 17:07:15.852,1,,False,,False,False
0 days 00:27:52.779000,RUS,63,,6.0,2.0,0 days 00:25:44.155000,,,0 days 00:00:42.636000,0 days 00:00:39.733000,,0 days 00:27:13.107000,0 days 00:27:53.070000,273.0,136.0,302.0,292.0,False,SOFT,1.0,True,Williams,0 days 00:24:02.608000,2021-12-04 17:09:02.620,1,,False,,False,False
0 days 00:29:21.956000,RUS,63,0 days 00:01:29.177000,7.0,2.0,,,0 days 00:00:32.492000,0 days 00:00:28.543000,0 days 00:00:28.142000,0 days 00:28:25.271000,0 days 00:28:53.814000,0 days 00:29:21.956000,292.0,309.0,304.0,315.0,True,SOFT,2.0,True,Williams,0 days 00:27:52.779000,2021-12-04 17:12:52.791,1,,False,,False,True
0 days 00:31:48.506000,RUS,63,0 days 00:02:26.550000,8.0,2.0,,,0 days 00:00:55.437000,0 days 00:00:49.848000,0 days 00:00:41.265000,0 days 00:30:17.393000,0 days 00:31:07.241000,0 days 00:31:48.506000,248.0,265.0,302.0,283.0,False,SOFT,3.0,True,Williams,0 days 00:29:21.956000,2021-12-04 17:14:21.968,1,,False,,False,True
0 days 00:33:17.432000,RUS,63,0 days 00:01:28.926000,9.0,2.0,,,0 days 00:00:32.326000,0 days 00:00:28.473000,0 days 00:00:28.127000,0 days 00:32:20.832000,0 days 00:32:49.305000,0 days 00:33:17.432000,293.0,308.0,302.0,314.0,True,SOFT,4.0,True,Williams,0 days 00:31:48.506000,2021-12-04 17:16:48.518,1,,False,,False,True
0 days 00:35:13.747000,RUS,63,0 days 00:01:56.315000,10.0,2.0,,0 days 00:35:12.730000,0 days 00:00:43.198000,0 days 00:00:35.049000,0 days 00:00:38.068000,0 days 00:34:00.630000,0 days 00:34:35.679000,0 days 00:35:13.747000,265.0,278.0,,304.0,False,SOFT,5.0,True,Williams,0 days 00:33:17.432000,2021-12-04 17:18:17.444,1,,False,,False,False
0 days 00:42:42.515000,RUS,63,,11.0,3.0,0 days 00:40:37.991000,,,0 days 00:00:33.232000,0 days 00:00:49.103000,,0 days 00:41:53.421000,0 days 00:42:42.597000,277.0,294.0,304.0,190.0,False,SOFT,1.0,True,Williams,0 days 00:35:13.747000,2021-12-04 17:20:13.759,1,,False,,False,False
0 days 00:44:11.775000,RUS,63,0 days 00:01:29.260000,12.0,3.0,,,0 days 00:00:32.523000,0 days 00:00:28.559000,0 days 00:00:28.178000,0 days 00:43:15.038000,0 days 00:43:43.597000,0 days 00:44:11.775000,294.0,311.0,305.0,316.0,True,SOFT,2.0,True,Williams,0 days 00:42:42.515000,2021-12-04 17:27:42.527,1,,False,,False,True
0 days 00:46:12.395000,RUS,63,0 days 00:02:00.620000,13.0,3.0,,0 days 00:46:10.802000,0 days 00:00:41.415000,0 days 00:00:37.147000,0 days 00:00:42.058000,0 days 00:44:53.190000,0 days 00:45:30.337000,0 days 00:46:12.395000,264.0,228.0,,256.0,False,SOFT,3.0,True,Williams,0 days 00:44:11.775000,2021-12-04 17:29:11.787,1,,False,,False,False
0 days 00:50:22.524000,RUS,63,,14.0,4.0,0 days 00:48:34.527000,,,0 days 00:00:37.796000,0 days 00:00:33.219000,,0 days 00:49:49.308000,0 days 00:50:22.605000,284.0,299.0,304.0,302.0,False,MEDIUM,1.0,True,Williams,0 days 00:46:12.395000,2021-12-04 17:31:12.407,12,,False,,False,False
0 days 00:51:51.578000,RUS,63,0 days 00:01:29.054000,15.0,4.0,,,0 days 00:00:32.552000,0 days 00:00:28.457000,0 days 00:00:28.045000,0 days 00:50:55.076000,0 days 00:51:23.533000,0 days 00:51:51.578000,293.0,310.0,302.0,315.0,True,MEDIUM,2.0,True,Williams,0 days 00:50:22.524000,2021-12-04 17:35:22.536,1,,False,,False,True
0 days 00:54:09.926000,RUS,63,0 days 00:02:18.348000,16.0,4.0,,,0 days 00:00:50.611000,0 days 00:00:43.821000,0 days 00:00:43.916000,0 days 00:52:42.189000,0 days 00:53:26.010000,0 days 00:54:09.926000,257.0,185.0,305.0,277.0,False,MEDIUM,3.0,True,Williams,0 days 00:51:51.578000,2021-12-04 17:36:51.590,1,,False,,False,True
0 days 00:55:57.650000,RUS,63,0 days 00:01:47.724000,17.0,4.0,,0 days 00:55:56.512000,0 days 00:00:32.297000,0 days 00:00:34.723000,0 days 00:00:40.704000,0 days 00:54:42.223000,0 days 00:55:16.946000,0 days 00:55:57.650000,294.0,222.0,,298.0,False,MEDIUM,4.0,True,Williams,0 days 00:54:09.926000,2021-12-04 17:39:09.938,12,,False,,False,False
0 days 00:18:38.211000,SAI,55,,1.0,1.0,0 days 00:15:59.956000,,,0 days 00:00:36.989000,0 days 00:00:59.755000,,0 days 00:17:38.472000,0 days 00:18:38.433000,257.0,245.0,311.0,86.0,False,SOFT,1.0,True,Ferrari,0 days 00:15:59.956000,2021-12-04 17:00:59.968,1,,False,,False,False
0 days 00:20:07.389000,SAI,55,0 days 00:01:29.178000,2.0,1.0,,,0 days 00:00:32.555000,0 days 00:00:28.637000,0 days 00:00:27.986000,0 days 00:19:10.766000,0 days 00:19:39.403000,0 days 00:20:07.389000,293.0,320.0,301.0,322.0,True,SOFT,2.0,True,Ferrari,0 days 00:18:38.211000,2021-12-04 17:03:38.223,1,,False,,False,True
0 days 00:22:42.171000,SAI,55,,3.0,1.0,,,0 days 00:00:54.444000,0 days 00:00:54.675000,0 days 00:00:45.758000,0 days 00:21:01.905000,0 days 00:21:56.541000,0 days 00:22:42.446000,93.0,197.0,310.0,183.0,False,SOFT,3.0,True,Ferrari,0 days 00:20:07.389000,2021-12-04 17:05:07.401,1,,False,,False,False
0 days 00:24:10.501000,SAI,55,0 days 00:01:28.330000,4.0,1.0,,,0 days 00:00:32.145000,0 days 00:00:28.361000,0 days 00:00:27.824000,0 days 00:23:14.316000,0 days 00:23:42.677000,0 days 00:24:10.501000,294.0,317.0,301.0,320.0,True,SOFT,4.0,True,Ferrari,0 days 00:22:42.171000,2021-12-04 17:07:42.183,1,,False,,False,True
0 days 00:26:11.550000,SAI,55,0 days 00:02:01.049000,5.0,1.0,,0 days 00:26:10.479000,0 days 00:00:44.415000,0 days 00:00:36.568000,0 days 00:00:40.066000,0 days 00:24:54.916000,0 days 00:25:31.484000,0 days 00:26:11.550000,231.0,223.0,,239.0,False,SOFT,5.0,True,Ferrari,0 days 00:24:10.501000,2021-12-04 17:09:10.513,1,,False,,False,False
0 days 00:29:56.012000,SAI,55,,6.0,2.0,0 days 00:27:50.217000,,,0 days 00:00:43.579000,0 days 00:00:34.340000,,0 days 00:29:21.728000,0 days 00:29:56.248000,135.0,227.0,283.0,268.0,False,SOFT,1.0,True,Ferrari,0 days 00:26:11.550000,2021-12-04 17:11:11.562,1,,False,,False,False
0 days 00:32:23.281000,SAI,55,0 days 00:02:27.269000,7.0,2.0,,,0 days 00:00:45.460000,0 days 00:00:33.509000,0 days 00:01:08.300000,0 days 00:30:41.472000,0 days 00:31:14.981000,0 days 00:32:23.281000,275.0,195.0,305.0,93.0,False,SOFT,2.0,True,Ferrari,0 days 00:29:56.012000,2021-12-04 17:14:56.024,1,,False,,False,True
0 days 00:33:51.518000,SAI,55,0 days 00:01:28.237000,8.0,2.0,,,0 days 00:00:32.114000,0 days 00:00:28.317000,0 days 00:00:27.806000,0 days 00:32:55.395000,0 days 00:33:23.712000,0 days 00:33:51.518000,294.0,319.0,307.0,321.0,True,SOFT,3.0,True,Ferrari,0 days 00:32:23.281000,2021-12-04 17:17:23.293,1,,False,,False,True
0 days 00:35:52.143000,SAI,55,0 days 00:02:00.625000,9.0,2.0,,0 days 00:35:51.067000,0 days 00:00:44.236000,0 days 00:00:37.847000,0 days 00:00:38.542000,0 days 00:34:35.754000,0 days 00:35:13.601000,0 days 00:35:52.143000,215.0,219.0,,278.0,False,SOFT,4.0,True,Ferrari,0 days 00:33:51.518000,2021-12-04 17:18:51.530,1,,False,,False,False
0 days 00:42:20.704000,SAI,55,,10.0,3.0,0 days 00:40:17.227000,,,0 days 00:00:32.799000,0 days 00:00:38.568000,,0 days 00:41:42.142000,0 days 00:42:20.743000,268.0,294.0,306.0,233.0,False,MEDIUM,1.0,True,Ferrari,0 days 00:35:52.143000,2021-12-04 17:20:52.155,1,,False,,False,False
0 days 00:43:51.062000,SAI,55,0 days 00:01:30.358000,11.0,3.0,,,0 days 00:00:33.278000,0 days 00:00:28.836000,0 days 00:00:28.244000,0 days 00:42:53.982000,0 days 00:43:22.818000,0 days 00:43:51.062000,291.0,318.0,295.0,321.0,False,MEDIUM,2.0,True,Ferrari,0 days 00:42:20.704000,2021-12-04 17:27:20.716,1,,True,TRACK LIMITS AT TURN 4,False,True
0 days 00:46:24.714000,SAI,55,,12.0,3.0,,,0 days 00:00:50.283000,0 days 00:00:52.310000,0 days 00:00:51.102000,0 days 00:44:41.356000,0 days 00:45:33.635000,0 days 00:46:24.783000,181.0,202.0,306.0,218.0,False,MEDIUM,3.0,True,Ferrari,0 days 00:43:51.062000,2021-12-04 17:28:51.074,1,,False,,False,False
0 days 00:48:36.742000,SAI,55,0 days 00:02:12.028000,13.0,3.0,,0 days 00:48:35.772000,0 days 00:00:41.034000,0 days 00:00:46.214000,0 days 00:00:44.780000,0 days 00:47:05.748000,0 days 00:47:51.962000,0 days 00:48:36.742000,145.0,206.0,,203.0,False,MEDIUM,4.0,True,Ferrari,0 days 00:46:24.714000,2021-12-04 17:31:24.726,12,,False,,False,False
0 days 00:52:10.167000,SAI,55,,14.0,4.0,0 days 00:50:09.810000,,,0 days 00:00:43.687000,0 days 00:00:32.585000,,0 days 00:51:37.637000,0 days 00:52:10.206000,214.0,288.0,282.0,279.0,False,MEDIUM,1.0,True,Ferrari,0 days 00:48:36.742000,2021-12-04 17:33:36.754,1,,False,,False,False
0 days 00:54:03.819000,SAI,55,0 days 00:01:53.652000,15.0,4.0,,,0 days 00:00:33.736000,0 days 00:00:38.870000,0 days 00:00:41.046000,0 days 00:52:43.903000,0 days 00:53:22.773000,0 days 00:54:03.819000,279.0,252.0,306.0,268.0,True,MEDIUM,2.0,True,Ferrari,0 days 00:52:10.167000,2021-12-04 17:37:10.179,1,,False,,False,True
0 days 00:56:05.721000,SAI,55,0 days 00:02:01.902000,16.0,4.0,,0 days 00:56:04.475000,0 days 00:00:32.396000,0 days 00:00:43.187000,0 days 00:00:46.319000,0 days 00:54:36.215000,0 days 00:55:19.402000,0 days 00:56:05.721000,284.0,168.0,,185.0,False,MEDIUM,3.0,True,Ferrari,0 days 00:54:03.819000,2021-12-04 17:39:03.831,12,,False,,False,False
0 days 00:17:06.053000,LAT,6,,1.0,1.0,0 days 00:15:08.979000,,,0 days 00:00:31.633000,0 days 00:00:42.483000,,0 days 00:16:23.586000,0 days 00:17:06.333000,277.0,291.0,298.0,206.0,False,SOFT,1.0,True,Williams,0 days 00:15:08.979000,2021-12-04 17:00:08.991,1,,False,,False,False
0 days 00:18:36.543000,LAT,6,0 days 00:01:30.490000,2.0,1.0,,,0 days 00:00:33.132000,0 days 00:00:28.906000,0 days 00:00:28.452000,0 days 00:17:39.185000,0 days 00:18:08.091000,0 days 00:18:36.543000,290.0,309.0,304.0,313.0,True,SOFT,2.0,True,Williams,0 days 00:17:06.053000,2021-12-04 17:02:06.065,1,,False,,False,True
0 days 00:21:03.702000,LAT,6,0 days 00:02:27.159000,3.0,1.0,,,0 days 00:00:44.659000,0 days 00:00:50.499000,0 days 00:00:52.001000,0 days 00:19:21.202000,0 days 00:20:11.701000,0 days 00:21:03.702000,190.0,290.0,299.0,93.0,False,SOFT,3.0,True,Williams,0 days 00:18:36.543000,2021-12-04 17:03:36.555,1,,False,,False,True
0 days 00:23:00.780000,LAT,6,0 days 00:01:57.078000,4.0,1.0,,0 days 00:22:59.085000,0 days 00:00:35.151000,0 days 00:00:43.266000,0 days 00:00:38.661000,0 days 00:21:38.853000,0 days 00:22:22.119000,0 days 00:23:00.780000,264.0,223.0,,301.0,False,SOFT,4.0,True,Williams,0 days 00:21:03.702000,2021-12-04 17:06:03.714,1,,False,,False,False
0 days 00:28:05.630000,LAT,6,,5.0,2.0,0 days 00:25:57.259000,,,0 days 00:00:36.635000,0 days 00:00:50.360000,,0 days 00:27:15.420000,0 days 00:28:05.950000,275.0,288.0,299.0,148.0,False,SOFT,1.0,True,Williams,0 days 00:23:00.780000,2021-12-04 17:08:00.792,1,,False,,False,False
0 days 00:29:35.290000,LAT,6,0 days 00:01:29.660000,6.0,2.0,,,0 days 00:00:32.586000,0 days 00:00:28.793000,0 days 00:00:28.281000,0 days 00:28:38.216000,0 days 00:29:07.009000,0 days 00:29:35.290000,289.0,308.0,301.0,313.0,True,SOFT,2.0,True,Williams,0 days 00:28:05.630000,2021-12-04 17:13:05.642,1,,False,,False,True
0 days 00:31:54.550000,LAT,6,0 days 00:02:19.260000,7.0,2.0,,,0 days 00:00:46.630000,0 days 00:00:50.253000,0 days 00:00:42.377000,0 days 00:30:21.920000,0 days 00:31:12.173000,0 days 00:31:54.550000,114.0,179.0,301.0,150.0,False,SOFT,3.0,True,Williams,0 days 00:29:35.290000,2021-12-04 17:14:35.302,1,,False,,False,True
0 days 00:33:23.727000,LAT,6,0 days 00:01:29.177000,8.0,2.0,,,0 days 00:00:32.573000,0 days 00:00:28.478000,0 days 00:00:28.126000,0 days 00:32:27.123000,0 days 00:32:55.601000,0 days 00:33:23.727000,291.0,310.0,301.0,315.0,True,SOFT,4.0,True,Williams,0 days 00:31:54.550000,2021-12-04 17:16:54.562,1,,False,,False,True
0 days 00:35:19.376000,LAT,6,0 days 00:01:55.649000,9.0,2.0,,0 days 00:35:18.343000,0 days 00:00:45.219000,0 days 00:00:33.323000,0 days 00:00:37.107000,0 days 00:34:08.946000,0 days 00:34:42.269000,0 days 00:35:19.376000,258.0,279.0,,298.0,False,SOFT,5.0,True,Williams,0 days 00:33:23.727000,2021-12-04 17:18:23.739,1,,False,,False,False
0 days 00:17:14.374000,VET,5,,1.0,1.0,0 days 00:15:09.854000,,,0 days 00:00:32.358000,0 days 00:00:48.436000,,0 days 00:16:26.045000,0 days 00:17:14.624000,267.0,280.0,299.0,168.0,False,SOFT,1.0,True,Aston Martin,0 days 00:15:09.854000,2021-12-04 17:00:09.866,1,,False,,False,False
0 days 00:18:44.763000,VET,5,0 days 00:01:30.389000,2.0,1.0,,,0 days 00:00:33.191000,0 days 00:00:28.949000,0 days 00:00:28.249000,0 days 00:17:47.565000,0 days 00:18:16.514000,0 days 00:18:44.763000,288.0,310.0,304.0,317.0,True,SOFT,2.0,True,Aston Martin,0 days 00:17:14.374000,2021-12-04 17:02:14.386,1,,False,,False,True
0 days 00:21:10.866000,VET,5,0 days 00:02:26.103000,3.0,1.0,,,0 days 00:00:52.719000,0 days 00:00:39.707000,0 days 00:00:53.677000,0 days 00:19:37.482000,0 days 00:20:17.189000,0 days 00:21:10.866000,263.0,154.0,297.0,54.0,False,SOFT,3.0,True,Aston Martin,0 days 00:18:44.763000,2021-12-04 17:03:44.775,1,,False,,False,True
0 days 00:22:40.712000,VET,5,0 days 00:01:29.846000,4.0,1.0,,,0 days 00:00:32.825000,0 days 00:00:28.897000,0 days 00:00:28.124000,0 days 00:21:43.691000,0 days 00:22:12.588000,0 days 00:22:40.712000,289.0,307.0,302.0,313.0,True,SOFT,4.0,True,Aston Martin,0 days 00:21:10.866000,2021-12-04 17:06:10.878,1,,False,,False,True
0 days 00:24:28.493000,VET,5,0 days 00:01:47.781000,5.0,1.0,,0 days 00:24:26.613000,0 days 00:00:40.102000,0 days 00:00:32.887000,0 days 00:00:34.792000,0 days 00:23:20.814000,0 days 00:23:53.701000,0 days 00:24:28.493000,262.0,283.0,,299.0,False,SOFT,5.0,True,Aston Martin,0 days 00:22:40.712000,2021-12-04 17:07:40.724,1,,False,,False,False
0 days 00:28:51.620000,VET,5,,6.0,2.0,0 days 00:27:05.707000,,,0 days 00:00:30.915000,0 days 00:00:40.871000,,0 days 00:28:10.880000,0 days 00:28:51.861000,275.0,302.0,301.0,220.0,False,SOFT,1.0,True,Aston Martin,0 days 00:24:28.493000,2021-12-04 17:09:28.505,1,,False,,False,False
0 days 00:30:21.240000,VET,5,0 days 00:01:29.620000,7.0,2.0,,,0 days 00:00:32.635000,0 days 00:00:28.699000,0 days 00:00:28.286000,0 days 00:29:24.255000,0 days 00:29:52.954000,0 days 00:30:21.240000,290.0,314.0,304.0,319.0,True,SOFT,2.0,True,Aston Martin,0 days 00:28:51.620000,2021-12-04 17:13:51.632,1,,False,,False,True
0 days 00:32:49.996000,VET,5,0 days 00:02:28.756000,8.0,2.0,,,0 days 00:00:44.500000,0 days 00:00:40.727000,0 days 00:01:03.529000,0 days 00:31:05.740000,0 days 00:31:46.467000,0 days 00:32:49.996000,259.0,201.0,283.0,140.0,False,SOFT,3.0,True,Aston Martin,0 days 00:30:21.240000,2021-12-04 17:15:21.252,1,,False,,False,True
0 days 00:34:19.194000,VET,5,0 days 00:01:29.198000,9.0,2.0,,,0 days 00:00:32.743000,0 days 00:00:28.432000,0 days 00:00:28.023000,0 days 00:33:22.739000,0 days 00:33:51.171000,0 days 00:34:19.194000,291.0,315.0,302.0,320.0,True,SOFT,4.0,True,Aston Martin,0 days 00:32:49.996000,2021-12-04 17:17:50.008,1,,False,,False,True
0 days 00:36:20.036000,VET,5,0 days 00:02:00.842000,10.0,2.0,,0 days 00:36:18.695000,0 days 00:00:43.301000,0 days 00:00:35.949000,0 days 00:00:41.592000,0 days 00:35:02.495000,0 days 00:35:38.444000,0 days 00:36:20.036000,252.0,195.0,,224.0,False,SOFT,5.0,True,Aston Martin,0 days 00:34:19.194000,2021-12-04 17:19:19.206,1,,False,,False,False
0 days 00:17:38.534000,STR,18,,1.0,1.0,0 days 00:15:20.384000,,,0 days 00:00:34.168000,0 days 00:00:52.239000,,0 days 00:16:46.332000,0 days 00:17:38.799000,213.0,226.0,300.0,63.0,False,SOFT,1.0,True,Aston Martin,0 days 00:15:20.384000,2021-12-04 17:00:20.396,1,,False,,False,False
0 days 00:19:08.781000,STR,18,0 days 00:01:30.247000,2.0,1.0,,,0 days 00:00:33.017000,0 days 00:00:28.992000,0 days 00:00:28.238000,0 days 00:18:11.551000,0 days 00:18:40.543000,0 days 00:19:08.781000,286.0,309.0,302.0,315.0,True,SOFT,2.0,True,Aston Martin,0 days 00:17:38.534000,2021-12-04 17:02:38.546,1,,False,,False,True
0 days 00:21:33.791000,STR,18,0 days 00:02:25.010000,3.0,1.0,,,0 days 00:00:54.016000,0 days 00:00:43.663000,0 days 00:00:47.331000,0 days 00:20:02.797000,0 days 00:20:46.460000,0 days 00:21:33.791000,250.0,215.0,299.0,141.0,False,SOFT,3.0,True,Aston Martin,0 days 00:19:08.781000,2021-12-04 17:04:08.793,1,,False,,False,True
0 days 00:23:03.714000,STR,18,0 days 00:01:29.923000,4.0,1.0,,,0 days 00:00:32.771000,0 days 00:00:28.875000,0 days 00:00:28.277000,0 days 00:22:06.562000,0 days 00:22:35.437000,0 days 00:23:03.714000,287.0,309.0,301.0,314.0,True,SOFT,4.0,True,Aston Martin,0 days 00:21:33.791000,2021-12-04 17:06:33.803,1,,False,,False,True
0 days 00:25:06.998000,STR,18,0 days 00:02:03.284000,5.0,1.0,,0 days 00:25:05.894000,0 days 00:00:48.114000,0 days 00:00:33.569000,0 days 00:00:41.601000,0 days 00:23:51.828000,0 days 00:24:25.397000,0 days 00:25:06.998000,260.0,225.0,,206.0,False,SOFT,5.0,True,Aston Martin,0 days 00:23:03.714000,2021-12-04 17:08:03.726,1,,False,,False,False
0 days 00:28:46.921000,STR,18,,6.0,2.0,0 days 00:26:47.778000,,,0 days 00:00:35.936000,0 days 00:00:47.599000,,0 days 00:27:59.450000,0 days 00:28:47.184000,272.0,255.0,302.0,197.0,False,SOFT,1.0,True,Aston Martin,0 days 00:25:06.998000,2021-12-04 17:10:07.010,1,,False,,False,False
0 days 00:30:16.289000,STR,18,0 days 00:01:29.368000,7.0,2.0,,,0 days 00:00:32.467000,0 days 00:00:28.734000,0 days 00:00:28.167000,0 days 00:29:19.388000,0 days 00:29:48.122000,0 days 00:30:16.289000,288.0,310.0,301.0,315.0,True,SOFT,2.0,True,Aston Martin,0 days 00:28:46.921000,2021-12-04 17:13:46.933,1,,False,,False,True
0 days 00:32:43.072000,STR,18,0 days 00:02:26.783000,8.0,2.0,,,0 days 00:00:49.135000,0 days 00:00:35.609000,0 days 00:01:02.039000,0 days 00:31:05.424000,0 days 00:31:41.033000,0 days 00:32:43.072000,248.0,209.0,306.0,123.0,False,SOFT,3.0,True,Aston Martin,0 days 00:30:16.289000,2021-12-04 17:15:16.301,1,,False,,False,True
0 days 00:34:30.779000,STR,18,0 days 00:01:47.707000,9.0,2.0,,0 days 00:34:29.407000,0 days 00:00:35.185000,0 days 00:00:31.862000,0 days 00:00:40.660000,0 days 00:33:18.257000,0 days 00:33:50.119000,0 days 00:34:30.779000,287.0,270.0,,310.0,False,SOFT,4.0,True,Aston Martin,0 days 00:32:43.072000,2021-12-04 17:17:43.084,1,,False,,False,False
0 days 00:18:24.483000,MSC,47,,1.0,1.0,0 days 00:15:44.409000,,,0 days 00:00:39.663000,0 days 00:00:55.638000,,0 days 00:17:28.937000,0 days 00:18:24.713000,271.0,236.0,305.0,95.0,False,SOFT,1.0,True,Haas F1 Team,0 days 00:15:44.409000,2021-12-04 17:00:44.421,1,,False,,False,False
0 days 00:19:55.004000,MSC,47,0 days 00:01:30.521000,2.0,1.0,,,0 days 00:00:33.367000,0 days 00:00:28.845000,0 days 00:00:28.309000,0 days 00:18:57.850000,0 days 00:19:26.695000,0 days 00:19:55.004000,289.0,317.0,306.0,321.0,True,SOFT,2.0,True,Haas F1 Team,0 days 00:18:24.483000,2021-12-04 17:03:24.495,1,,False,,False,True
0 days 00:21:39.752000,MSC,47,0 days 00:01:44.748000,3.0,1.0,,0 days 00:21:38.708000,0 days 00:00:35.405000,0 days 00:00:32.639000,0 days 00:00:36.704000,0 days 00:20:30.409000,0 days 00:21:03.048000,0 days 00:21:39.752000,265.0,294.0,,235.0,False,SOFT,3.0,True,Haas F1 Team,0 days 00:19:55.004000,2021-12-04 17:04:55.016,1,,False,,False,False
0 days 00:25:09.877000,MSC,47,,4.0,2.0,0 days 00:23:04.248000,,,0 days 00:00:38.133000,0 days 00:00:40.549000,,0 days 00:24:29.328000,0 days 00:25:10.144000,196.0,218.0,306.0,239.0,False,SOFT,1.0,True,Haas F1 Team,0 days 00:21:39.752000,2021-12-04 17:06:39.764,1,,False,,False,False
0 days 00:26:39.649000,MSC,47,0 days 00:01:29.772000,5.0,2.0,,,0 days 00:00:32.714000,0 days 00:00:28.758000,0 days 00:00:28.300000,0 days 00:25:42.591000,0 days 00:26:11.349000,0 days 00:26:39.649000,290.0,314.0,302.0,317.0,True,SOFT,2.0,True,Haas F1 Team,0 days 00:25:09.877000,2021-12-04 17:10:09.889,1,,False,,False,True
0 days 00:28:22.286000,MSC,47,0 days 00:01:42.637000,6.0,2.0,,0 days 00:28:21.264000,0 days 00:00:35.331000,0 days 00:00:32.732000,0 days 00:00:34.574000,0 days 00:27:14.980000,0 days 00:27:47.712000,0 days 00:28:22.286000,264.0,292.0,,293.0,False,SOFT,3.0,True,Haas F1 Team,0 days 00:26:39.649000,2021-12-04 17:11:39.661,1,,False,,False,False
0 days 00:32:54.123000,MSC,47,,7.0,3.0,0 days 00:30:11.934000,,,0 days 00:00:40.940000,0 days 00:01:06.905000,,0 days 00:31:47.353000,0 days 00:32:54.409000,240.0,232.0,304.0,112.0,False,SOFT,1.0,True,Haas F1 Team,0 days 00:28:22.286000,2021-12-04 17:13:22.298,1,,False,,False,False
0 days 00:34:23.587000,MSC,47,0 days 00:01:29.464000,8.0,3.0,,,0 days 00:00:32.531000,0 days 00:00:28.693000,0 days 00:00:28.240000,0 days 00:33:26.654000,0 days 00:33:55.347000,0 days 00:34:23.587000,292.0,318.0,302.0,323.0,True,SOFT,2.0,True,Haas F1 Team,0 days 00:32:54.123000,2021-12-04 17:17:54.135,1,,False,,False,True
0 days 00:36:21.713000,MSC,47,0 days 00:01:58.126000,9.0,3.0,,0 days 00:36:19.894000,0 days 00:00:43.803000,0 days 00:00:34.039000,0 days 00:00:40.284000,0 days 00:35:07.390000,0 days 00:35:41.429000,0 days 00:36:21.713000,259.0,191.0,,233.0,False,SOFT,3.0,True,Haas F1 Team,0 days 00:34:23.587000,2021-12-04 17:19:23.599,1,,False,,False,False
0 days 00:18:19.875000,MAZ,9,,1.0,1.0,0 days 00:15:35.959000,,,0 days 00:00:38.810000,0 days 00:01:03.873000,,0 days 00:17:16.091000,0 days 00:18:20.110000,271.0,262.0,307.0,66.0,False,SOFT,1.0,True,Haas F1 Team,0 days 00:15:35.959000,2021-12-04 17:00:35.971,1,,False,,False,False
0 days 00:19:51.317000,MAZ,9,0 days 00:01:31.442000,2.0,1.0,,,0 days 00:00:33.657000,0 days 00:00:29.272000,0 days 00:00:28.513000,0 days 00:18:53.532000,0 days 00:19:22.804000,0 days 00:19:51.317000,289.0,318.0,313.0,325.0,True,SOFT,2.0,True,Haas F1 Team,0 days 00:18:19.875000,2021-12-04 17:03:19.887,1,,False,,False,True
0 days 00:21:38.373000,MAZ,9,0 days 00:01:47.056000,3.0,1.0,,0 days 00:21:37.317000,0 days 00:00:37.151000,0 days 00:00:33.233000,0 days 00:00:36.672000,0 days 00:20:28.468000,0 days 00:21:01.701000,0 days 00:21:38.373000,261.0,291.0,,222.0,False,SOFT,3.0,True,Haas F1 Team,0 days 00:19:51.317000,2021-12-04 17:04:51.329,1,,False,,False,False
0 days 00:25:00.155000,MAZ,9,,4.0,2.0,0 days 00:22:59.593000,,,0 days 00:00:39.726000,0 days 00:00:39.789000,,0 days 00:24:20.448000,0 days 00:25:00.372000,268.0,204.0,307.0,214.0,False,SOFT,1.0,True,Haas F1 Team,0 days 00:21:38.373000,2021-12-04 17:06:38.385,1,,False,,False,False
0 days 00:26:30.628000,MAZ,9,0 days 00:01:30.473000,5.0,2.0,,,0 days 00:00:33.334000,0 days 00:00:28.799000,0 days 00:00:28.340000,0 days 00:25:33.489000,0 days 00:26:02.288000,0 days 00:26:30.628000,288.0,314.0,302.0,319.0,True,SOFT,2.0,True,Haas F1 Team,0 days 00:25:00.155000,2021-12-04 17:10:00.167,1,,False,,False,True
0 days 00:28:15.089000,MAZ,9,0 days 00:01:44.461000,6.0,2.0,,0 days 00:28:14.033000,0 days 00:00:36.697000,0 days 00:00:33.098000,0 days 00:00:34.666000,0 days 00:27:07.325000,0 days 00:27:40.423000,0 days 00:28:15.089000,259.0,288.0,,292.0,False,SOFT,3.0,True,Haas F1 Team,0 days 00:26:30.628000,2021-12-04 17:11:30.640,1,,False,,False,False
0 days 00:32:50.160000,MAZ,9,,7.0,3.0,0 days 00:30:10.105000,,,0 days 00:00:38.146000,0 days 00:01:12.580000,,0 days 00:31:37.580000,0 days 00:32:50.301000,223.0,168.0,280.0,61.0,False,SOFT,1.0,True,Haas F1 Team,0 days 00:28:15.089000,2021-12-04 17:13:15.101,1,,False,,False,False
0 days 00:34:52.616000,MAZ,9,0 days 00:02:02.456000,8.0,3.0,,0 days 00:34:51.498000,0 days 00:00:51.908000,0 days 00:00:34.542000,0 days 00:00:36.006000,0 days 00:33:42.068000,0 days 00:34:16.610000,0 days 00:34:52.616000,254.0,288.0,,291.0,False,SOFT,2.0,True,Haas F1 Team,0 days 00:32:50.160000,2021-12-04 17:17:50.172,1,,False,,False,False
