Time,Driver,DriverNumber,LapTime,LapNumber,Stint,PitOutTime,PitInTime,Sector1Time,Sector2Time,Sector3Time,Sector1SessionTime,Sector2SessionTime,Sector3SessionTime,SpeedI1,SpeedI2,SpeedFL,SpeedST,IsPersonalBest,Compound,TyreLife,FreshTyre,Team,LapStartTime,LapStartDate,TrackStatus,Position,Deleted,DeletedReason,FastF1Generated,IsAccurate
0 days 00:31:36.687000,VER,33,,1.0,1.0,0 days 00:28:37.153000,,,0 days 00:01:13.742000,0 days 00:01:09.771000,,0 days 00:30:26.916000,0 days 00:31:36.931000,202.0,167.0,205.0,211.0,False,WET,1.0,True,Red Bull Racing,0 days 00:28:37.153000,2021-08-28 13:13:39.126,12,,False,,False,False
0 days 00:33:44.261000,VER,33,0 days 00:02:07.574000,2.0,1.0,,,0 days 00:00:34.872000,0 days 00:00:59.113000,0 days 00:00:33.589000,0 days 00:32:11.559000,0 days 00:33:10.672000,0 days 00:33:44.261000,292.0,156.0,203.0,270.0,True,WET,2.0,True,Red Bull Racing,0 days 00:31:36.687000,2021-08-28 13:16:38.660,1,,False,,False,True
0 days 00:35:57.705000,VER,33,0 days 00:02:13.444000,3.0,1.0,,0 days 00:35:53.896000,0 days 00:00:34.422000,0 days 00:00:59.745000,0 days 00:00:39.277000,0 days 00:34:18.683000,0 days 00:35:18.428000,0 days 00:35:57.705000,295.0,164.0,,273.0,False,WET,3.0,True,Red Bull Racing,0 days 00:33:44.261000,2021-08-28 13:18:46.234,1,,False,,False,False
0 days 00:38:41.352000,VER,33,,4.0,2.0,0 days 00:36:19.196000,,0 days 00:00:51.544000,0 days 00:01:00.513000,0 days 00:00:51.614000,0 days 00:36:49.225000,0 days 00:37:49.795000,0 days 00:38:41.626000,273.0,177.0,214.0,255.0,False,INTERMEDIATE,1.0,True,Red Bull Racing,0 days 00:35:57.705000,2021-08-28 13:20:59.678,1,,False,,False,False
0 days 00:40:40.958000,VER,33,0 days 00:01:59.606000,5.0,2.0,,,0 days 00:00:33.337000,0 days 00:00:54.775000,0 days 00:00:31.494000,0 days 00:39:14.689000,0 days 00:40:09.464000,0 days 00:40:40.958000,309.0,179.0,214.0,279.0,True,INTERMEDIATE,2.0,True,Red Bull Racing,0 days 00:38:41.352000,2021-08-28 13:23:43.325,1,,False,,False,True
0 days 00:43:12.754000,VER,33,,6.0,2.0,,,0 days 00:00:36.329000,0 days 00:01:05.642000,0 days 00:00:49.869000,0 days 00:41:17.335000,0 days 00:42:22.885000,0 days 00:43:13.027000,262.0,175.0,215.0,247.0,False,INTERMEDIATE,3.0,True,Red Bull Racing,0 days 00:40:40.958000,2021-08-28 13:25:42.931,1,,False,,False,False
0 days 00:45:11.471000,VER,33,0 days 00:01:58.717000,7.0,2.0,,,0 days 00:00:33.113000,0 days 00:00:54.063000,0 days 00:00:31.541000,0 days 00:43:45.867000,0 days 00:44:39.930000,0 days 00:45:11.471000,309.0,167.0,214.0,291.0,True,INTERMEDIATE,4.0,True,Red Bull Racing,0 days 00:43:12.754000,2021-08-28 13:28:14.727,1,,False,,False,True
0 days 00:47:32.134000,VER,33,0 days 00:02:20.663000,8.0,2.0,,0 days 00:47:28.399000,0 days 00:00:38.041000,0 days 00:01:00.358000,0 days 00:00:42.264000,0 days 00:45:49.512000,0 days 00:46:49.870000,0 days 00:47:32.134000,257.0,157.0,,230.0,False,INTERMEDIATE,5.0,True,Red Bull Racing,0 days 00:45:11.471000,2021-08-28 13:30:13.444,1,,False,,False,False
0 days 00:55:50.111000,VER,33,,9.0,3.0,0 days 00:53:17.001000,,,0 days 00:01:00.900000,0 days 00:00:55.573000,,0 days 00:54:54.571000,0 days 00:55:50.129000,264.0,117.0,219.0,263.0,False,INTERMEDIATE,1.0,True,Red Bull Racing,0 days 00:47:32.134000,2021-08-28 13:32:34.107,1,,False,,False,False
0 days 00:57:47.482000,VER,33,0 days 00:01:57.371000,10.0,3.0,,,0 days 00:00:32.756000,0 days 00:00:53.646000,0 days 00:00:30.969000,0 days 00:56:22.867000,0 days 00:57:16.513000,0 days 00:57:47.482000,309.0,179.0,215.0,299.0,True,INTERMEDIATE,2.0,True,Red Bull Racing,0 days 00:55:50.111000,2021-08-28 13:40:52.084,1,,False,,False,True
0 days 01:00:31.824000,VER,33,,11.0,3.0,,,0 days 00:00:43.772000,0 days 00:01:13.565000,0 days 00:00:47.024000,0 days 00:58:31.272000,0 days 00:59:44.800000,0 days 01:00:31.857000,218.0,129.0,215.0,178.0,False,INTERMEDIATE,3.0,True,Red Bull Racing,0 days 00:57:47.482000,2021-08-28 13:42:49.455,1,,False,,False,False
0 days 01:02:28.383000,VER,33,0 days 00:01:56.559000,12.0,3.0,,,0 days 00:00:32.796000,0 days 00:00:52.662000,0 days 00:00:31.101000,0 days 01:01:04.620000,0 days 01:01:57.282000,0 days 01:02:28.383000,310.0,182.0,214.0,301.0,True,INTERMEDIATE,4.0,True,Red Bull Racing,0 days 01:00:31.824000,2021-08-28 13:45:33.797,1,,False,,False,True
0 days 01:05:06.921000,VER,33,,13.0,3.0,,,0 days 00:00:41.217000,0 days 00:01:14.056000,0 days 00:00:43.249000,0 days 01:03:09.630000,0 days 01:04:23.757000,0 days 01:05:06.967000,206.0,159.0,219.0,205.0,False,INTERMEDIATE,5.0,True,Red Bull Racing,0 days 01:02:28.383000,2021-08-28 13:47:30.356,1,,False,,False,False
0 days 01:07:14.064000,VER,33,0 days 00:02:07.143000,14.0,3.0,,0 days 01:07:10.208000,0 days 00:00:32.880000,0 days 00:00:54.049000,0 days 00:00:40.214000,0 days 01:05:39.801000,0 days 01:06:33.850000,0 days 01:07:14.064000,310.0,150.0,,300.0,False,INTERMEDIATE,6.0,True,Red Bull Racing,0 days 01:05:06.921000,2021-08-28 13:50:08.894,1,,False,,False,False
0 days 02:01:18.696000,VER,33,,15.0,4.0,0 days 01:16:51.688000,0 days 01:19:26.472000,,,,,,,227.0,,,214.0,False,WET,1.0,True,Red Bull Racing,0 days 01:07:14.064000,2021-08-28 13:52:16.037,125,,False,,False,False
0 days 02:03:34.845000,VER,33,,16.0,5.0,0 days 02:01:18.696000,,,0 days 00:01:00.793000,0 days 00:00:42.313000,,0 days 02:02:52.602000,0 days 02:03:34.880000,262.0,98.0,209.0,225.0,False,INTERMEDIATE,1.0,True,Red Bull Racing,0 days 02:01:18.696000,2021-08-28 14:46:20.669,1,,False,,False,False
0 days 02:05:37.370000,VER,33,0 days 00:02:02.525000,17.0,5.0,,,0 days 00:00:33.754000,0 days 00:00:56.925000,0 days 00:00:31.846000,0 days 02:04:08.599000,0 days 02:05:05.524000,0 days 02:05:37.370000,300.0,174.0,213.0,276.0,True,INTERMEDIATE,2.0,True,Red Bull Racing,0 days 02:03:34.845000,2021-08-28 14:48:36.818,1,,False,,False,True
0 days 02:08:18.802000,VER,33,,18.0,5.0,,,0 days 00:00:41.957000,0 days 00:01:11.558000,0 days 00:00:47.931000,0 days 02:06:19.313000,0 days 02:07:30.895000,0 days 02:08:18.864000,221.0,171.0,212.0,190.0,False,INTERMEDIATE,3.0,True,Red Bull Racing,0 days 02:05:37.370000,2021-08-28 14:50:39.343,1,,False,,False,False
0 days 02:10:18.567000,VER,33,0 days 00:01:59.765000,19.0,5.0,,,0 days 00:00:33.605000,0 days 00:00:54.747000,0 days 00:00:31.413000,0 days 02:08:52.407000,0 days 02:09:47.154000,0 days 02:10:18.567000,305.0,169.0,214.0,283.0,True,INTERMEDIATE,4.0,True,Red Bull Racing,0 days 02:08:18.802000,2021-08-28 14:53:20.775,1,,False,,False,True
0 days 02:12:52.363000,VER,33,,20.0,5.0,,0 days 02:12:52.363000,0 days 00:00:43.154000,0 days 00:01:10.397000,,0 days 02:11:01.723000,0 days 02:12:12.146000,,212.0,146.0,,201.0,False,INTERMEDIATE,5.0,True,Red Bull Racing,0 days 02:10:18.567000,2021-08-28 14:55:20.540,1,,False,,False,False
0 days 00:29:33.309000,RUS,63,,1.0,1.0,0 days 00:27:02.257000,,,0 days 00:01:09.820000,0 days 00:00:43.664000,,0 days 00:28:49.838000,0 days 00:29:33.629000,193.0,160.0,205.0,205.0,False,INTERMEDIATE,1.0,True,Williams,0 days 00:27:02.257000,2021-08-28 13:12:04.230,1,,False,,False,False
0 days 00:31:45.036000,RUS,63,0 days 00:02:11.727000,2.0,1.0,,,0 days 00:00:34.984000,0 days 00:01:00.115000,0 days 00:00:36.628000,0 days 00:30:08.293000,0 days 00:31:08.408000,0 days 00:31:45.036000,280.0,164.0,211.0,258.0,True,INTERMEDIATE,2.0,True,Williams,0 days 00:29:33.309000,2021-08-28 13:14:35.282,12,,False,,False,True
0 days 00:33:47.104000,RUS,63,0 days 00:02:02.068000,3.0,1.0,,,0 days 00:00:33.767000,0 days 00:00:56.177000,0 days 00:00:32.124000,0 days 00:32:18.803000,0 days 00:33:14.980000,0 days 00:33:47.104000,305.0,179.0,213.0,279.0,True,INTERMEDIATE,3.0,True,Williams,0 days 00:31:45.036000,2021-08-28 13:16:47.009,1,,False,,False,True
0 days 00:36:03.639000,RUS,63,0 days 00:02:16.535000,4.0,1.0,,0 days 00:35:59.875000,0 days 00:00:36.500000,0 days 00:01:00.757000,0 days 00:00:39.278000,0 days 00:34:23.604000,0 days 00:35:24.361000,0 days 00:36:03.639000,250.0,175.0,,245.0,False,INTERMEDIATE,4.0,True,Williams,0 days 00:33:47.104000,2021-08-28 13:18:49.077,1,,False,,False,False
0 days 00:38:33.689000,RUS,63,,5.0,2.0,0 days 00:36:25.056000,,0 days 00:00:51.313000,0 days 00:01:01.724000,0 days 00:00:37.079000,0 days 00:36:54.939000,0 days 00:37:56.610000,0 days 00:38:33.963000,226.0,175.0,215.0,260.0,False,INTERMEDIATE,1.0,True,Williams,0 days 00:36:03.639000,2021-08-28 13:21:05.612,1,,False,,False,False
0 days 00:40:33.724000,RUS,63,0 days 00:02:00.035000,6.0,2.0,,,0 days 00:00:33.257000,0 days 00:00:54.894000,0 days 00:00:31.884000,0 days 00:39:06.946000,0 days 00:40:01.840000,0 days 00:40:33.724000,310.0,177.0,213.0,292.0,True,INTERMEDIATE,2.0,True,Williams,0 days 00:38:33.689000,2021-08-28 13:23:35.662,1,,False,,False,True
0 days 00:42:55.870000,RUS,63,0 days 00:02:22.146000,7.0,2.0,,,0 days 00:00:36.911000,0 days 00:01:02.332000,0 days 00:00:42.903000,0 days 00:41:10.635000,0 days 00:42:12.967000,0 days 00:42:55.870000,262.0,175.0,218.0,253.0,False,INTERMEDIATE,3.0,True,Williams,0 days 00:40:33.724000,2021-08-28 13:25:35.697,1,,False,,False,True
0 days 00:44:55.734000,RUS,63,0 days 00:01:59.864000,8.0,2.0,,,0 days 00:00:33.241000,0 days 00:00:54.749000,0 days 00:00:31.874000,0 days 00:43:29.111000,0 days 00:44:23.860000,0 days 00:44:55.734000,311.0,176.0,213.0,298.0,True,INTERMEDIATE,4.0,True,Williams,0 days 00:42:55.870000,2021-08-28 13:27:57.843,1,,False,,False,True
0 days 00:47:22.530000,RUS,63,0 days 00:02:26.796000,9.0,2.0,,0 days 00:47:18.882000,0 days 00:00:37.428000,0 days 00:01:05.764000,0 days 00:00:43.604000,0 days 00:45:33.162000,0 days 00:46:38.926000,0 days 00:47:22.530000,225.0,158.0,,249.0,False,INTERMEDIATE,5.0,True,Williams,0 days 00:44:55.734000,2021-08-28 13:29:57.707,1,,False,,False,False
0 days 00:54:30.527000,RUS,63,,10.0,3.0,0 days 00:52:10.918000,,,0 days 00:01:04.460000,0 days 00:00:40.327000,,0 days 00:53:50.289000,0 days 00:54:30.611000,217.0,163.0,209.0,223.0,False,INTERMEDIATE,1.0,True,Williams,0 days 00:47:22.530000,2021-08-28 13:32:24.503,1,,False,,False,False
0 days 00:56:29.495000,RUS,63,0 days 00:01:58.968000,11.0,3.0,,,0 days 00:00:33.153000,0 days 00:00:54.095000,0 days 00:00:31.720000,0 days 00:55:03.680000,0 days 00:55:57.775000,0 days 00:56:29.495000,312.0,184.0,212.0,302.0,True,INTERMEDIATE,2.0,True,Williams,0 days 00:54:30.527000,2021-08-28 13:39:32.500,1,,False,,False,True
0 days 00:58:57.376000,RUS,63,0 days 00:02:27.881000,12.0,3.0,,,0 days 00:00:39.968000,0 days 00:01:07.276000,0 days 00:00:40.637000,0 days 00:57:09.463000,0 days 00:58:16.739000,0 days 00:58:57.376000,247.0,154.0,216.0,228.0,False,INTERMEDIATE,3.0,True,Williams,0 days 00:56:29.495000,2021-08-28 13:41:31.468,1,,False,,False,True
0 days 01:00:55.675000,RUS,63,0 days 00:01:58.299000,13.0,3.0,,,0 days 00:00:32.798000,0 days 00:00:53.973000,0 days 00:00:31.528000,0 days 00:59:30.174000,0 days 01:00:24.147000,0 days 01:00:55.675000,311.0,180.0,211.0,305.0,True,INTERMEDIATE,4.0,True,Williams,0 days 00:58:57.376000,2021-08-28 13:43:59.349,1,,False,,False,True
0 days 01:03:14.595000,RUS,63,0 days 00:02:18.920000,14.0,3.0,,0 days 01:03:10.818000,0 days 00:00:35.589000,0 days 00:01:00.179000,0 days 00:00:43.152000,0 days 01:01:31.264000,0 days 01:02:31.443000,0 days 01:03:14.595000,260.0,174.0,,277.0,False,INTERMEDIATE,5.0,True,Williams,0 days 01:00:55.675000,2021-08-28 13:45:57.648,1,,False,,False,False
0 days 01:05:47.977000,RUS,63,,15.0,4.0,0 days 01:03:35.646000,,0 days 00:00:53.168000,0 days 00:01:03.107000,0 days 00:00:37.063000,0 days 01:04:07.851000,0 days 01:05:10.988000,0 days 01:05:47.977000,194.0,172.0,219.0,215.0,False,INTERMEDIATE,6.0,False,Williams,0 days 01:03:14.595000,2021-08-28 13:48:16.568,1,,False,,False,False
0 days 01:07:44.927000,RUS,63,0 days 00:01:56.950000,16.0,4.0,,,0 days 00:00:32.419000,0 days 00:00:53.209000,0 days 00:00:31.322000,0 days 01:06:20.396000,0 days 01:07:13.605000,0 days 01:07:44.927000,315.0,187.0,213.0,308.0,True,INTERMEDIATE,7.0,False,Williams,0 days 01:05:47.977000,2021-08-28 13:50:49.950,1,,False,,False,True
0 days 01:10:17.059000,RUS,63,0 days 00:02:32.132000,17.0,4.0,,0 days 01:10:13.243000,0 days 00:00:39.362000,0 days 00:01:07.062000,0 days 00:00:45.708000,0 days 01:08:24.289000,0 days 01:09:31.351000,0 days 01:10:17.059000,278.0,150.0,,256.0,False,INTERMEDIATE,8.0,False,Williams,0 days 01:07:44.927000,2021-08-28 13:52:46.900,1,,False,,False,False
0 days 01:17:17.554000,RUS,63,,18.0,5.0,0 days 01:15:01.007000,,,0 days 00:01:06.795000,0 days 00:00:36.473000,,0 days 01:16:41.081000,0 days 01:17:17.647000,232.0,164.0,203.0,218.0,False,WET,1.0,True,Williams,0 days 01:10:17.059000,2021-08-28 13:55:19.032,1,,False,,False,False
0 days 02:00:32.800000,RUS,63,,19.0,5.0,,0 days 01:20:05.352000,0 days 00:00:36.951000,,,0 days 01:17:54.549000,,,188.0,,,247.0,False,WET,2.0,True,Williams,0 days 01:17:17.554000,2021-08-28 14:02:19.527,125,,False,,False,False
0 days 02:02:54.081000,RUS,63,,20.0,6.0,0 days 02:00:32.682000,0 days 02:02:50.259000,,0 days 00:01:06.121000,0 days 00:00:42.689000,,0 days 02:02:11.393000,0 days 02:02:54.081000,233.0,162.0,,213.0,False,WET,3.0,False,Williams,0 days 02:00:32.682000,2021-08-28 14:45:34.655,1,,False,,False,False
0 days 02:05:33.426000,RUS,63,,21.0,7.0,0 days 02:03:14.319000,,0 days 00:00:50.948000,0 days 00:01:07.019000,0 days 00:00:41.395000,0 days 02:03:45.038000,0 days 02:04:52.055000,0 days 02:05:33.471000,286.0,174.0,211.0,240.0,False,INTERMEDIATE,5.0,False,Williams,0 days 02:02:54.081000,2021-08-28 14:47:56.054,1,,False,,False,False
0 days 02:07:41.485000,RUS,63,0 days 00:02:08.059000,22.0,7.0,,,0 days 00:00:34.585000,0 days 00:00:58.939000,0 days 00:00:34.535000,0 days 02:06:08.011000,0 days 02:07:06.950000,0 days 02:07:41.485000,289.0,174.0,218.0,263.0,True,INTERMEDIATE,6.0,False,Williams,0 days 02:05:33.426000,2021-08-28 14:50:35.399,1,,False,,False,True
0 days 02:09:41.571000,RUS,63,0 days 00:02:00.086000,23.0,7.0,,,0 days 00:00:33.348000,0 days 00:00:55.016000,0 days 00:00:31.722000,0 days 02:08:14.833000,0 days 02:09:09.849000,0 days 02:09:41.571000,303.0,185.0,213.0,287.0,True,INTERMEDIATE,7.0,False,Williams,0 days 02:07:41.485000,2021-08-28 14:52:43.458,1,,False,,False,True
0 days 02:12:23.869000,RUS,63,,24.0,7.0,,0 days 02:12:23.869000,0 days 00:00:42.139000,0 days 00:01:09.553000,,0 days 02:10:23.729000,0 days 02:11:33.279000,,206.0,170.0,,245.0,False,INTERMEDIATE,8.0,False,Williams,0 days 02:09:41.571000,2021-08-28 14:54:43.544,1,,False,,False,False
0 days 00:30:19.328000,HAM,44,,1.0,1.0,0 days 00:27:25.935000,,,0 days 00:01:09.258000,0 days 00:01:07.707000,,0 days 00:29:11.695000,0 days 00:30:19.542000,212.0,147.0,204.0,213.0,False,WET,1.0,True,Mercedes,0 days 00:27:25.935000,2021-08-28 13:12:27.908,1,,False,,False,False
0 days 00:32:30.316000,HAM,44,0 days 00:02:10.988000,2.0,1.0,,,0 days 00:00:35.359000,0 days 00:01:02.064000,0 days 00:00:33.565000,0 days 00:30:54.687000,0 days 00:31:56.751000,0 days 00:32:30.316000,292.0,168.0,203.0,264.0,True,WET,2.0,True,Mercedes,0 days 00:30:19.328000,2021-08-28 13:15:21.301,12,,False,,False,True
0 days 00:34:39.467000,HAM,44,0 days 00:02:09.151000,3.0,1.0,,,0 days 00:00:34.545000,0 days 00:01:01.090000,0 days 00:00:33.516000,0 days 00:33:04.861000,0 days 00:34:05.951000,0 days 00:34:39.467000,290.0,167.0,202.0,282.0,True,WET,3.0,True,Mercedes,0 days 00:32:30.316000,2021-08-28 13:17:32.289,1,,False,,False,True
0 days 00:36:58.835000,HAM,44,0 days 00:02:19.368000,4.0,1.0,,0 days 00:36:54.374000,0 days 00:00:35.800000,0 days 00:01:03.247000,0 days 00:00:40.321000,0 days 00:35:15.267000,0 days 00:36:18.514000,0 days 00:36:58.835000,254.0,155.0,,263.0,False,WET,4.0,True,Mercedes,0 days 00:34:39.467000,2021-08-28 13:19:41.440,1,,False,,False,False
0 days 00:39:34.002000,HAM,44,,5.0,2.0,0 days 00:37:28.829000,,0 days 00:01:00.450000,0 days 00:01:00.482000,0 days 00:00:34.234000,0 days 00:37:59.288000,0 days 00:38:59.773000,0 days 00:39:34.256000,266.0,169.0,215.0,254.0,False,INTERMEDIATE,1.0,True,Mercedes,0 days 00:36:58.835000,2021-08-28 13:22:00.808,1,,False,,False,False
0 days 00:41:34.563000,HAM,44,0 days 00:02:00.561000,6.0,2.0,,,0 days 00:00:33.070000,0 days 00:00:55.916000,0 days 00:00:31.575000,0 days 00:40:07.072000,0 days 00:41:02.988000,0 days 00:41:34.563000,298.0,182.0,206.0,291.0,True,INTERMEDIATE,2.0,True,Mercedes,0 days 00:39:34.002000,2021-08-28 13:24:35.975,1,,False,,False,True
0 days 00:43:33.781000,HAM,44,0 days 00:01:59.218000,7.0,2.0,,,0 days 00:00:32.841000,0 days 00:00:54.757000,0 days 00:00:31.620000,0 days 00:42:07.404000,0 days 00:43:02.161000,0 days 00:43:33.781000,303.0,174.0,215.0,296.0,True,INTERMEDIATE,3.0,True,Mercedes,0 days 00:41:34.563000,2021-08-28 13:26:36.536,1,,False,,False,True
0 days 00:45:51.835000,HAM,44,0 days 00:02:18.054000,8.0,2.0,,0 days 00:45:47.451000,0 days 00:00:32.897000,0 days 00:01:01.567000,0 days 00:00:43.590000,0 days 00:44:06.678000,0 days 00:45:08.245000,0 days 00:45:51.835000,291.0,170.0,,289.0,False,INTERMEDIATE,4.0,True,Mercedes,0 days 00:43:33.781000,2021-08-28 13:28:35.754,1,,False,,False,False
0 days 00:54:35.325000,HAM,44,,9.0,3.0,0 days 00:52:15.689000,0 days 00:54:31.022000,,0 days 00:01:04.162000,0 days 00:00:43.592000,,0 days 00:53:51.733000,0 days 00:54:35.387000,186.0,161.0,,241.0,False,INTERMEDIATE,5.0,False,Mercedes,0 days 00:45:51.835000,2021-08-28 13:30:53.808,1,,False,,False,False
0 days 00:57:05.174000,HAM,44,0 days 00:02:29.849000,10.0,4.0,0 days 00:54:55.280000,,0 days 00:00:50.151000,0 days 00:01:02.526000,0 days 00:00:37.172000,0 days 00:55:25.476000,0 days 00:56:28.002000,0 days 00:57:05.174000,265.0,175.0,219.0,257.0,False,INTERMEDIATE,1.0,True,Mercedes,0 days 00:54:35.325000,2021-08-28 13:39:37.298,1,,False,,False,False
0 days 00:59:14.109000,HAM,44,0 days 00:02:08.935000,11.0,4.0,,,0 days 00:00:32.553000,0 days 00:00:56.441000,0 days 00:00:39.941000,0 days 00:57:37.727000,0 days 00:58:34.168000,0 days 00:59:14.109000,313.0,170.0,221.0,304.0,True,INTERMEDIATE,2.0,True,Mercedes,0 days 00:57:05.174000,2021-08-28 13:42:07.147,1,,False,,False,True
0 days 01:01:12.648000,HAM,44,0 days 00:01:58.539000,12.0,4.0,,,0 days 00:00:32.650000,0 days 00:00:54.593000,0 days 00:00:31.296000,0 days 00:59:46.759000,0 days 01:00:41.352000,0 days 01:01:12.648000,303.0,183.0,207.0,302.0,True,INTERMEDIATE,3.0,True,Mercedes,0 days 00:59:14.109000,2021-08-28 13:44:16.082,1,,False,,False,True
0 days 01:03:23.154000,HAM,44,0 days 00:02:10.506000,13.0,4.0,,0 days 01:03:18.772000,0 days 00:00:32.957000,0 days 00:00:58.413000,0 days 00:00:39.136000,0 days 01:01:45.605000,0 days 01:02:44.018000,0 days 01:03:23.154000,263.0,169.0,,300.0,False,INTERMEDIATE,4.0,True,Mercedes,0 days 01:01:12.648000,2021-08-28 13:46:14.621,1,,False,,False,False
0 days 01:06:00.038000,HAM,44,,14.0,5.0,0 days 01:03:43.226000,,0 days 00:00:50.035000,0 days 00:01:02.593000,0 days 00:00:44.250000,0 days 01:04:13.241000,0 days 01:05:15.799000,0 days 01:06:00.081000,231.0,177.0,219.0,271.0,False,INTERMEDIATE,1.0,True,Mercedes,0 days 01:03:23.154000,2021-08-28 13:48:25.127,1,,False,,False,False
0 days 01:07:56.267000,HAM,44,0 days 00:01:56.229000,15.0,5.0,,,0 days 00:00:32.257000,0 days 00:00:52.989000,0 days 00:00:30.983000,0 days 01:06:32.295000,0 days 01:07:25.284000,0 days 01:07:56.267000,310.0,188.0,217.0,307.0,True,INTERMEDIATE,2.0,True,Mercedes,0 days 01:06:00.038000,2021-08-28 13:51:02.011,1,,False,,False,True
0 days 01:10:12.662000,HAM,44,0 days 00:02:16.395000,16.0,5.0,,0 days 01:10:08.176000,0 days 00:00:35.751000,0 days 00:00:59.868000,0 days 00:00:40.776000,0 days 01:08:32.018000,0 days 01:09:31.886000,0 days 01:10:12.662000,266.0,174.0,,271.0,False,INTERMEDIATE,3.0,True,Mercedes,0 days 01:07:56.267000,2021-08-28 13:52:58.240,1,,False,,False,False
0 days 02:00:54.694000,HAM,44,,17.0,6.0,0 days 01:17:08.254000,0 days 01:19:52.560000,,,,,,,208.0,,,215.0,False,WET,1.0,True,Mercedes,0 days 01:10:12.662000,2021-08-28 13:55:14.635,125,,False,,False,False
0 days 02:03:06.045000,HAM,44,,18.0,7.0,0 days 02:00:54.577000,,,0 days 00:01:03.060000,0 days 00:00:35.304000,,0 days 02:02:30.741000,0 days 02:03:06.326000,199.0,172.0,214.0,208.0,False,INTERMEDIATE,1.0,True,Mercedes,0 days 02:00:54.577000,2021-08-28 14:45:56.550,1,,False,,False,False
0 days 02:05:07.597000,HAM,44,0 days 00:02:01.552000,19.0,7.0,,,0 days 00:00:34.018000,0 days 00:00:56.100000,0 days 00:00:31.434000,0 days 02:03:40.063000,0 days 02:04:36.163000,0 days 02:05:07.597000,300.0,182.0,213.0,270.0,True,INTERMEDIATE,2.0,True,Mercedes,0 days 02:03:06.045000,2021-08-28 14:48:08.018,1,,False,,False,True
0 days 02:07:51.088000,HAM,44,,20.0,7.0,,,0 days 00:00:41.394000,0 days 00:01:11.844000,0 days 00:00:50.231000,0 days 02:05:49.013000,0 days 02:07:00.870000,0 days 02:07:51.101000,193.0,166.0,209.0,167.0,False,INTERMEDIATE,3.0,True,Mercedes,0 days 02:05:07.597000,2021-08-28 14:50:09.570,1,,False,,False,False
0 days 02:09:51.187000,HAM,44,0 days 00:02:00.099000,21.0,7.0,,,0 days 00:00:33.842000,0 days 00:00:54.926000,0 days 00:00:31.331000,0 days 02:08:24.930000,0 days 02:09:19.856000,0 days 02:09:51.187000,296.0,182.0,216.0,282.0,True,INTERMEDIATE,4.0,True,Mercedes,0 days 02:07:51.088000,2021-08-28 14:52:53.061,1,,False,,False,True
0 days 02:12:27.845000,HAM,44,,22.0,7.0,,0 days 02:12:27.845000,0 days 00:00:39.829000,0 days 00:01:03.777000,,0 days 02:10:31.010000,0 days 02:11:34.766000,,213.0,162.0,,230.0,False,INTERMEDIATE,5.0,True,Mercedes,0 days 02:09:51.187000,2021-08-28 14:54:53.160,1,,False,,False,False
0 days 00:30:48.999000,RIC,3,,1.0,1.0,0 days 00:27:58.448000,,,0 days 00:01:04.401000,0 days 00:01:07.277000,,0 days 00:29:41.849000,0 days 00:30:49.258000,249.0,158.0,197.0,211.0,False,WET,1.0,True,McLaren,0 days 00:27:58.448000,2021-08-28 13:13:00.421,12,,False,,False,False
0 days 00:33:00.089000,RIC,3,0 days 00:02:11.090000,2.0,1.0,,,0 days 00:00:35.782000,0 days 00:01:00.937000,0 days 00:00:34.371000,0 days 00:31:24.781000,0 days 00:32:25.718000,0 days 00:33:00.089000,280.0,166.0,200.0,252.0,True,WET,2.0,True,McLaren,0 days 00:30:48.999000,2021-08-28 13:15:50.972,21,,False,,False,True
0 days 00:35:31.406000,RIC,3,,3.0,1.0,,0 days 00:35:27.368000,0 days 00:00:39.441000,0 days 00:01:11.234000,0 days 00:00:40.611000,0 days 00:33:39.561000,0 days 00:34:50.803000,0 days 00:35:31.602000,271.0,153.0,,201.0,False,WET,3.0,True,McLaren,0 days 00:33:00.089000,2021-08-28 13:18:02.062,1,,False,,False,False
0 days 00:38:13.502000,RIC,3,,4.0,2.0,0 days 00:35:55.429000,,0 days 00:00:56.200000,0 days 00:01:04.294000,0 days 00:00:41.579000,0 days 00:36:27.740000,0 days 00:37:32.005000,0 days 00:38:13.710000,262.0,145.0,209.0,236.0,False,INTERMEDIATE,1.0,True,McLaren,0 days 00:35:31.406000,2021-08-28 13:20:33.379,1,,False,,False,False
0 days 00:40:15.471000,RIC,3,0 days 00:02:01.969000,5.0,2.0,,,0 days 00:00:33.638000,0 days 00:00:56.638000,0 days 00:00:31.693000,0 days 00:38:47.140000,0 days 00:39:43.778000,0 days 00:40:15.471000,303.0,185.0,214.0,284.0,True,INTERMEDIATE,2.0,True,McLaren,0 days 00:38:13.502000,2021-08-28 13:23:15.475,1,,False,,False,True
0 days 00:43:03.034000,RIC,3,,6.0,2.0,,,0 days 00:00:42.256000,0 days 00:01:16.816000,0 days 00:00:48.568000,0 days 00:40:57.793000,0 days 00:42:14.531000,0 days 00:43:03.315000,208.0,152.0,204.0,184.0,False,INTERMEDIATE,3.0,True,McLaren,0 days 00:40:15.471000,2021-08-28 13:25:17.444,1,,False,,False,False
0 days 00:45:04.617000,RIC,3,0 days 00:02:01.583000,7.0,2.0,,,0 days 00:00:33.659000,0 days 00:00:56.169000,0 days 00:00:31.755000,0 days 00:43:36.693000,0 days 00:44:32.862000,0 days 00:45:04.617000,304.0,179.0,214.0,289.0,True,INTERMEDIATE,4.0,True,McLaren,0 days 00:43:03.034000,2021-08-28 13:28:05.007,1,,False,,False,True
0 days 00:47:28.160000,RIC,3,0 days 00:02:23.543000,8.0,2.0,,0 days 00:47:24.442000,0 days 00:00:39.666000,0 days 00:01:03.557000,0 days 00:00:40.320000,0 days 00:45:44.283000,0 days 00:46:47.840000,0 days 00:47:28.160000,283.0,170.0,,227.0,False,INTERMEDIATE,5.0,True,McLaren,0 days 00:45:04.617000,2021-08-28 13:30:06.590,1,,False,,False,False
0 days 00:55:10.531000,RIC,3,,9.0,3.0,0 days 00:52:44.114000,,,0 days 00:01:08.916000,0 days 00:00:39.204000,,0 days 00:54:31.364000,0 days 00:55:10.588000,279.0,148.0,216.0,259.0,False,INTERMEDIATE,1.0,True,McLaren,0 days 00:47:28.160000,2021-08-28 13:32:30.133,1,,False,,False,False
0 days 00:57:09.524000,RIC,3,0 days 00:01:58.993000,10.0,3.0,,,0 days 00:00:32.857000,0 days 00:00:55.039000,0 days 00:00:31.097000,0 days 00:55:43.388000,0 days 00:56:38.427000,0 days 00:57:09.524000,308.0,185.0,217.0,302.0,True,INTERMEDIATE,2.0,True,McLaren,0 days 00:55:10.531000,2021-08-28 13:40:12.504,1,,False,,False,True
0 days 00:59:46.969000,RIC,3,,11.0,3.0,,,0 days 00:00:43.156000,0 days 00:01:13.818000,0 days 00:00:40.451000,0 days 00:57:52.733000,0 days 00:59:06.605000,0 days 00:59:46.985000,181.0,147.0,218.0,167.0,False,INTERMEDIATE,3.0,True,McLaren,0 days 00:57:09.524000,2021-08-28 13:42:11.497,1,,False,,False,False
0 days 01:01:45.051000,RIC,3,0 days 00:01:58.082000,12.0,3.0,,,0 days 00:00:32.805000,0 days 00:00:54.053000,0 days 00:00:31.224000,0 days 01:00:19.774000,0 days 01:01:13.827000,0 days 01:01:45.051000,305.0,187.0,214.0,307.0,True,INTERMEDIATE,4.0,True,McLaren,0 days 00:59:46.969000,2021-08-28 13:44:48.942,1,,False,,False,True
0 days 01:04:04.070000,RIC,3,0 days 00:02:19.019000,13.0,3.0,,0 days 01:04:00.217000,0 days 00:00:36.437000,0 days 00:01:01.999000,0 days 00:00:40.583000,0 days 01:02:21.488000,0 days 01:03:23.487000,0 days 01:04:04.070000,282.0,160.0,,252.0,False,INTERMEDIATE,5.0,True,McLaren,0 days 01:01:45.051000,2021-08-28 13:46:47.024,1,,False,,False,False
0 days 01:06:44.234000,RIC,3,,14.0,4.0,0 days 01:04:25.703000,,0 days 00:00:52.732000,0 days 00:01:03.114000,0 days 00:00:44.304000,0 days 01:04:56.837000,0 days 01:05:59.930000,0 days 01:06:44.258000,274.0,165.0,218.0,240.0,False,INTERMEDIATE,1.0,True,McLaren,0 days 01:04:04.070000,2021-08-28 13:49:06.043,1,,False,,False,False
0 days 01:08:41.361000,RIC,3,0 days 00:01:57.127000,15.0,4.0,,,0 days 00:00:32.532000,0 days 00:00:53.521000,0 days 00:00:31.074000,0 days 01:07:16.766000,0 days 01:08:10.287000,0 days 01:08:41.361000,314.0,185.0,218.0,308.0,True,INTERMEDIATE,2.0,True,McLaren,0 days 01:06:44.234000,2021-08-28 13:51:46.207,1,,False,,False,True
0 days 01:11:18.898000,RIC,3,0 days 00:02:37.537000,16.0,4.0,,0 days 01:11:15.043000,0 days 00:00:41.821000,0 days 00:01:10.582000,0 days 00:00:45.134000,0 days 01:09:23.182000,0 days 01:10:33.764000,0 days 01:11:18.898000,257.0,149.0,,193.0,False,INTERMEDIATE,3.0,True,McLaren,0 days 01:08:41.361000,2021-08-28 13:53:43.334,1,,False,,False,False
0 days 02:02:14.380000,RIC,3,,17.0,5.0,0 days 01:15:52.088000,0 days 01:18:29.757000,,0 days 00:01:12.262000,,,0 days 01:17:42.739000,,201.0,142.0,,205.0,False,WET,1.0,True,McLaren,0 days 01:11:18.898000,2021-08-28 13:56:20.871,125,,False,,False,False
0 days 02:04:29.248000,RIC,3,,18.0,6.0,0 days 02:02:14.270000,,,0 days 00:01:05.330000,0 days 00:00:36.716000,,0 days 02:03:52.539000,0 days 02:04:29.276000,232.0,164.0,213.0,213.0,False,INTERMEDIATE,1.0,True,McLaren,0 days 02:02:14.270000,2021-08-28 14:47:16.243,1,,False,,False,False
0 days 02:06:33.318000,RIC,3,0 days 00:02:04.070000,19.0,6.0,,,0 days 00:00:34.449000,0 days 00:00:57.921000,0 days 00:00:31.700000,0 days 02:05:03.697000,0 days 02:06:01.618000,0 days 02:06:33.318000,291.0,184.0,215.0,259.0,True,INTERMEDIATE,2.0,True,McLaren,0 days 02:04:29.248000,2021-08-28 14:49:31.221,1,,False,,False,True
0 days 02:08:46.822000,RIC,3,0 days 00:02:13.504000,20.0,6.0,,,0 days 00:00:36.667000,0 days 00:01:00.833000,0 days 00:00:36.004000,0 days 02:07:09.985000,0 days 02:08:10.818000,0 days 02:08:46.822000,277.0,167.0,218.0,242.0,False,INTERMEDIATE,3.0,True,McLaren,0 days 02:06:33.318000,2021-08-28 14:51:35.291,1,,False,,False,True
0 days 02:10:47.686000,RIC,3,0 days 00:02:00.864000,21.0,6.0,,,0 days 00:00:33.522000,0 days 00:00:55.985000,0 days 00:00:31.357000,0 days 02:09:20.344000,0 days 02:10:16.329000,0 days 02:10:47.686000,304.0,188.0,215.0,281.0,True,INTERMEDIATE,4.0,True,McLaren,0 days 02:08:46.822000,2021-08-28 14:53:48.795,1,,False,,False,True
0 days 02:13:10.974000,RIC,3,,22.0,6.0,,0 days 02:13:10.974000,0 days 00:00:42.147000,0 days 00:01:05.002000,,0 days 02:11:29.873000,0 days 02:12:34.865000,,253.0,160.0,,215.0,False,INTERMEDIATE,5.0,True,McLaren,0 days 02:10:47.686000,2021-08-28 14:55:49.659,1,,False,,False,False
0 days 00:30:43.693000,VET,5,,1.0,1.0,0 days 00:27:47.843000,,,0 days 00:01:07.282000,0 days 00:01:12.833000,,0 days 00:29:30.895000,0 days 00:30:43.923000,219.0,157.0,193.0,219.0,False,WET,1.0,True,Aston Martin,0 days 00:27:47.843000,2021-08-28 13:12:49.816,1,,False,,False,False
0 days 00:32:59.084000,VET,5,0 days 00:02:15.391000,2.0,1.0,,,0 days 00:00:35.916000,0 days 00:01:02.436000,0 days 00:00:37.039000,0 days 00:31:19.609000,0 days 00:32:22.045000,0 days 00:32:59.084000,292.0,165.0,209.0,219.0,True,WET,2.0,True,Aston Martin,0 days 00:30:43.693000,2021-08-28 13:15:45.666,12,,False,,False,True
0 days 00:35:08.232000,VET,5,0 days 00:02:09.148000,3.0,1.0,,,0 days 00:00:35.157000,0 days 00:01:00.613000,0 days 00:00:33.378000,0 days 00:33:34.241000,0 days 00:34:34.854000,0 days 00:35:08.232000,275.0,166.0,203.0,254.0,True,WET,3.0,True,Aston Martin,0 days 00:32:59.084000,2021-08-28 13:18:01.057,1,,False,,False,True
0 days 00:37:28.989000,VET,5,0 days 00:02:20.757000,4.0,1.0,,0 days 00:37:25.206000,0 days 00:00:37.857000,0 days 00:01:02.237000,0 days 00:00:40.663000,0 days 00:35:46.089000,0 days 00:36:48.326000,0 days 00:37:28.989000,271.0,167.0,,241.0,False,WET,4.0,True,Aston Martin,0 days 00:35:08.232000,2021-08-28 13:20:10.205,1,,False,,False,False
0 days 00:40:03.696000,VET,5,,5.0,2.0,0 days 00:37:49.620000,,0 days 00:00:51.389000,0 days 00:01:05.910000,0 days 00:00:37.432000,0 days 00:38:20.461000,0 days 00:39:26.265000,0 days 00:40:03.931000,266.0,171.0,216.0,219.0,False,INTERMEDIATE,1.0,True,Aston Martin,0 days 00:37:28.989000,2021-08-28 13:22:30.962,1,,False,,False,False
0 days 00:42:21.904000,VET,5,0 days 00:02:18.208000,6.0,2.0,,,0 days 00:00:33.614000,0 days 00:01:02.821000,0 days 00:00:41.773000,0 days 00:40:37.310000,0 days 00:41:40.131000,0 days 00:42:21.904000,291.0,161.0,217.0,276.0,False,INTERMEDIATE,2.0,True,Aston Martin,0 days 00:40:03.696000,2021-08-28 13:25:05.669,1,,False,,False,True
0 days 00:44:23.315000,VET,5,0 days 00:02:01.411000,7.0,2.0,,,0 days 00:00:33.160000,0 days 00:00:56.402000,0 days 00:00:31.849000,0 days 00:42:55.064000,0 days 00:43:51.466000,0 days 00:44:23.315000,299.0,183.0,213.0,286.0,True,INTERMEDIATE,3.0,True,Aston Martin,0 days 00:42:21.904000,2021-08-28 13:27:23.877,1,,False,,False,True
0 days 00:46:23.490000,VET,5,0 days 00:02:00.175000,8.0,2.0,,,0 days 00:00:33.193000,0 days 00:00:55.336000,0 days 00:00:31.646000,0 days 00:44:56.508000,0 days 00:45:51.844000,0 days 00:46:23.490000,302.0,186.0,215.0,290.0,True,INTERMEDIATE,4.0,True,Aston Martin,0 days 00:44:23.315000,2021-08-28 13:29:25.288,1,,False,,False,True
0 days 00:48:48.277000,VET,5,0 days 00:02:24.787000,9.0,2.0,,0 days 00:48:44.500000,0 days 00:00:38.748000,0 days 00:01:02.600000,0 days 00:00:43.439000,0 days 00:47:02.238000,0 days 00:48:04.838000,0 days 00:48:48.277000,226.0,165.0,,225.0,False,INTERMEDIATE,5.0,True,Aston Martin,0 days 00:46:23.490000,2021-08-28 13:31:25.463,1,,False,,False,False
0 days 00:55:32.403000,VET,5,,10.0,3.0,0 days 00:53:00.482000,,,0 days 00:01:06.298000,0 days 00:00:46.923000,,0 days 00:54:45.487000,0 days 00:55:32.423000,251.0,158.0,218.0,225.0,False,INTERMEDIATE,1.0,True,Aston Martin,0 days 00:48:48.277000,2021-08-28 13:33:50.250,1,,False,,False,False
0 days 00:57:30.269000,VET,5,0 days 00:01:57.866000,11.0,3.0,,,0 days 00:00:32.774000,0 days 00:00:53.892000,0 days 00:00:31.200000,0 days 00:56:05.177000,0 days 00:56:59.069000,0 days 00:57:30.269000,306.0,181.0,214.0,300.0,True,INTERMEDIATE,2.0,True,Aston Martin,0 days 00:55:32.403000,2021-08-28 13:40:34.376,1,,False,,False,True
0 days 01:00:05.856000,VET,5,,12.0,3.0,,,0 days 00:00:41.223000,0 days 00:01:12.809000,0 days 00:00:41.568000,0 days 00:58:11.494000,0 days 00:59:24.319000,0 days 01:00:05.895000,199.0,131.0,221.0,184.0,False,INTERMEDIATE,3.0,True,Aston Martin,0 days 00:57:30.269000,2021-08-28 13:42:32.242,1,,False,,False,False
0 days 01:02:11.907000,VET,5,0 days 00:02:06.051000,13.0,3.0,,0 days 01:02:08.078000,0 days 00:00:32.771000,0 days 00:00:53.612000,0 days 00:00:39.668000,0 days 01:00:38.627000,0 days 01:01:32.239000,0 days 01:02:11.907000,304.0,180.0,,305.0,False,INTERMEDIATE,4.0,True,Aston Martin,0 days 01:00:05.856000,2021-08-28 13:45:07.829,1,,False,,False,False
0 days 01:04:51.446000,VET,5,,14.0,4.0,0 days 01:02:35.526000,,0 days 00:00:58.489000,0 days 00:01:03.630000,0 days 00:00:37.407000,0 days 01:03:10.415000,0 days 01:04:14.058000,0 days 01:04:51.457000,244.0,163.0,219.0,206.0,False,INTERMEDIATE,1.0,True,Aston Martin,0 days 01:02:11.907000,2021-08-28 13:47:13.880,1,,False,,False,False
0 days 01:06:48.260000,VET,5,0 days 00:01:56.814000,15.0,4.0,,,0 days 00:00:32.343000,0 days 00:00:53.247000,0 days 00:00:31.224000,0 days 01:05:23.789000,0 days 01:06:17.036000,0 days 01:06:48.260000,309.0,187.0,218.0,299.0,True,INTERMEDIATE,2.0,True,Aston Martin,0 days 01:04:51.446000,2021-08-28 13:49:53.419,1,,False,,False,True
0 days 01:09:19.650000,VET,5,0 days 00:02:31.390000,16.0,4.0,,0 days 01:09:15.870000,0 days 00:00:43.295000,0 days 00:01:08.627000,0 days 00:00:39.468000,0 days 01:07:31.555000,0 days 01:08:40.182000,0 days 01:09:19.650000,128.0,165.0,,237.0,False,INTERMEDIATE,3.0,True,Aston Martin,0 days 01:06:48.260000,2021-08-28 13:51:50.233,1,,False,,False,False
0 days 01:17:50.595000,VET,5,,17.0,5.0,0 days 01:15:30.661000,,,0 days 00:01:07.150000,0 days 00:00:39.981000,,0 days 01:17:10.614000,0 days 01:17:50.621000,224.0,163.0,201.0,208.0,False,WET,1.0,True,Aston Martin,0 days 01:09:19.650000,2021-08-28 13:54:21.623,1,,False,,False,False
0 days 02:01:07.275000,VET,5,,18.0,5.0,,0 days 01:20:56.952000,,,,,,,,,,,False,WET,2.0,True,Aston Martin,0 days 01:17:50.595000,2021-08-28 14:02:52.568,125,,False,,False,False
0 days 02:03:25.309000,VET,5,,19.0,6.0,0 days 02:01:07.175000,,,0 days 00:01:04.124000,0 days 00:00:41.636000,,0 days 02:02:43.802000,0 days 02:03:25.316000,229.0,168.0,213.0,214.0,False,INTERMEDIATE,1.0,True,Aston Martin,0 days 02:01:07.175000,2021-08-28 14:46:09.148,1,,False,,False,False
0 days 02:05:28.630000,VET,5,0 days 00:02:03.321000,20.0,6.0,,,0 days 00:00:34.321000,0 days 00:00:57.022000,0 days 00:00:31.978000,0 days 02:03:59.630000,0 days 02:04:56.652000,0 days 02:05:28.630000,297.0,176.0,214.0,262.0,True,INTERMEDIATE,2.0,True,Aston Martin,0 days 02:03:25.309000,2021-08-28 14:48:27.282,1,,False,,False,True
0 days 02:08:08.754000,VET,5,,21.0,6.0,,,0 days 00:00:43.128000,0 days 00:01:08.556000,0 days 00:00:48.437000,0 days 02:06:11.812000,0 days 02:07:20.638000,0 days 02:08:08.754000,259.0,42.0,214.0,230.0,False,INTERMEDIATE,3.0,True,Aston Martin,0 days 02:05:28.630000,2021-08-28 14:50:30.603,1,,False,,False,False
0 days 02:10:09.689000,VET,5,0 days 00:02:00.935000,22.0,6.0,,,0 days 00:00:33.584000,0 days 00:00:55.871000,0 days 00:00:31.480000,0 days 02:08:42.338000,0 days 02:09:38.209000,0 days 02:10:09.689000,302.0,174.0,216.0,279.0,True,INTERMEDIATE,4.0,True,Aston Martin,0 days 02:08:08.754000,2021-08-28 14:53:10.727,1,,False,,False,True
0 days 02:12:34.352000,VET,5,,23.0,6.0,,0 days 02:12:34.352000,0 days 00:00:38.371000,0 days 00:01:04.897000,,0 days 02:10:48.074000,0 days 02:11:52.982000,,243.0,162.0,,225.0,False,INTERMEDIATE,5.0,True,Aston Martin,0 days 02:10:09.689000,2021-08-28 14:55:11.662,1,,False,,False,False
0 days 00:30:09.117000,GAS,10,,1.0,1.0,0 days 00:27:20.855000,,,0 days 00:01:12.470000,0 days 00:00:58.785000,,0 days 00:29:10.358000,0 days 00:30:09.375000,234.0,149.0,196.0,212.0,False,WET,1.0,True,AlphaTauri,0 days 00:27:20.855000,2021-08-28 13:12:22.828,1,,False,,False,False
0 days 00:32:19.998000,GAS,10,0 days 00:02:10.881000,2.0,1.0,,,0 days 00:00:35.508000,0 days 00:01:01.503000,0 days 00:00:33.870000,0 days 00:30:44.625000,0 days 00:31:46.128000,0 days 00:32:19.998000,290.0,158.0,199.0,264.0,True,WET,2.0,True,AlphaTauri,0 days 00:30:09.117000,2021-08-28 13:15:11.090,12,,False,,False,True
0 days 00:34:29.829000,GAS,10,0 days 00:02:09.831000,3.0,1.0,,,0 days 00:00:34.847000,0 days 00:01:01.230000,0 days 00:00:33.754000,0 days 00:32:54.845000,0 days 00:33:56.075000,0 days 00:34:29.829000,296.0,156.0,199.0,276.0,True,WET,3.0,True,AlphaTauri,0 days 00:32:19.998000,2021-08-28 13:17:21.971,1,,False,,False,True
0 days 00:36:49.328000,GAS,10,0 days 00:02:19.499000,4.0,1.0,,0 days 00:36:45.583000,0 days 00:00:34.472000,0 days 00:01:02.768000,0 days 00:00:42.259000,0 days 00:35:04.301000,0 days 00:36:07.069000,0 days 00:36:49.328000,299.0,139.0,,275.0,False,WET,4.0,True,AlphaTauri,0 days 00:34:29.829000,2021-08-28 13:19:31.802,1,,False,,False,False
0 days 00:39:45.256000,GAS,10,,5.0,2.0,0 days 00:37:38.812000,,0 days 00:01:20.380000,0 days 00:01:00.072000,0 days 00:00:35.461000,0 days 00:38:09.740000,0 days 00:39:09.847000,0 days 00:39:45.480000,270.0,166.0,210.0,231.0,False,INTERMEDIATE,1.0,True,AlphaTauri,0 days 00:36:49.328000,2021-08-28 13:21:51.301,1,,False,,False,False
0 days 00:41:46.371000,GAS,10,0 days 00:02:01.115000,6.0,2.0,,,0 days 00:00:33.247000,0 days 00:00:56.187000,0 days 00:00:31.681000,0 days 00:40:18.503000,0 days 00:41:14.690000,0 days 00:41:46.371000,306.0,175.0,211.0,293.0,True,INTERMEDIATE,2.0,True,AlphaTauri,0 days 00:39:45.256000,2021-08-28 13:24:47.229,1,,False,,False,True
0 days 00:43:46.758000,GAS,10,0 days 00:02:00.387000,7.0,2.0,,,0 days 00:00:32.858000,0 days 00:00:55.404000,0 days 00:00:32.125000,0 days 00:42:19.229000,0 days 00:43:14.633000,0 days 00:43:46.758000,307.0,179.0,209.0,297.0,True,INTERMEDIATE,3.0,True,AlphaTauri,0 days 00:41:46.371000,2021-08-28 13:26:48.344,1,,False,,False,True
0 days 00:45:48.351000,GAS,10,0 days 00:02:01.593000,8.0,2.0,,,0 days 00:00:33.099000,0 days 00:00:56.131000,0 days 00:00:32.363000,0 days 00:44:19.857000,0 days 00:45:15.988000,0 days 00:45:48.351000,307.0,169.0,205.0,301.0,False,INTERMEDIATE,4.0,True,AlphaTauri,0 days 00:43:46.758000,2021-08-28 13:28:48.731,1,,False,,False,True
0 days 00:48:10.708000,GAS,10,0 days 00:02:22.357000,9.0,2.0,,0 days 00:48:06.557000,0 days 00:00:37.574000,0 days 00:01:03.626000,0 days 00:00:41.157000,0 days 00:46:25.925000,0 days 00:47:29.551000,0 days 00:48:10.708000,259.0,161.0,,237.0,False,INTERMEDIATE,5.0,True,AlphaTauri,0 days 00:45:48.351000,2021-08-28 13:30:50.324,1,,False,,False,False
0 days 00:54:50.584000,GAS,10,,10.0,3.0,0 days 00:52:32.041000,,,0 days 00:01:02.331000,0 days 00:00:42.023000,,0 days 00:54:08.625000,0 days 00:54:50.643000,281.0,105.0,213.0,259.0,False,INTERMEDIATE,1.0,True,AlphaTauri,0 days 00:48:10.708000,2021-08-28 13:33:12.681,1,,False,,False,False
0 days 00:56:48.520000,GAS,10,0 days 00:01:57.936000,11.0,3.0,,,0 days 00:00:32.870000,0 days 00:00:53.822000,0 days 00:00:31.244000,0 days 00:55:23.454000,0 days 00:56:17.276000,0 days 00:56:48.520000,314.0,181.0,213.0,303.0,True,INTERMEDIATE,2.0,True,AlphaTauri,0 days 00:54:50.584000,2021-08-28 13:39:52.557,1,,False,,False,True
0 days 00:59:07.091000,GAS,10,0 days 00:02:18.571000,12.0,3.0,,,0 days 00:00:38.133000,0 days 00:01:04.471000,0 days 00:00:35.967000,0 days 00:57:26.653000,0 days 00:58:31.124000,0 days 00:59:07.091000,264.0,163.0,219.0,213.0,False,INTERMEDIATE,3.0,True,AlphaTauri,0 days 00:56:48.520000,2021-08-28 13:41:50.493,1,,False,,False,True
0 days 01:01:05.406000,GAS,10,0 days 00:01:58.315000,13.0,3.0,,,0 days 00:00:32.558000,0 days 00:00:54.117000,0 days 00:00:31.640000,0 days 00:59:39.649000,0 days 01:00:33.766000,0 days 01:01:05.406000,314.0,179.0,208.0,303.0,False,INTERMEDIATE,4.0,True,AlphaTauri,0 days 00:59:07.091000,2021-08-28 13:44:09.064,1,,False,,False,True
0 days 01:03:20.169000,GAS,10,0 days 00:02:14.763000,14.0,3.0,,0 days 01:03:16.366000,0 days 00:00:36.306000,0 days 00:00:58.677000,0 days 00:00:39.780000,0 days 01:01:41.712000,0 days 01:02:40.389000,0 days 01:03:20.169000,281.0,172.0,,257.0,False,INTERMEDIATE,5.0,True,AlphaTauri,0 days 01:01:05.406000,2021-08-28 13:46:07.379,1,,False,,False,False
0 days 01:06:06.913000,GAS,10,,15.0,4.0,0 days 01:03:42.283000,,0 days 00:00:52.870000,0 days 00:01:06.627000,0 days 00:00:47.247000,0 days 01:04:13.102000,0 days 01:05:19.764000,0 days 01:06:06.969000,246.0,173.0,217.0,257.0,False,INTERMEDIATE,1.0,True,AlphaTauri,0 days 01:03:20.169000,2021-08-28 13:48:22.142,1,,False,,False,False
0 days 01:08:03.353000,GAS,10,0 days 00:01:56.440000,16.0,4.0,,,0 days 00:00:32.334000,0 days 00:00:52.657000,0 days 00:00:31.449000,0 days 01:06:39.247000,0 days 01:07:31.904000,0 days 01:08:03.353000,316.0,183.0,210.0,306.0,True,INTERMEDIATE,2.0,True,AlphaTauri,0 days 01:06:06.913000,2021-08-28 13:51:08.886,1,,False,,False,True
0 days 01:10:35.521000,GAS,10,0 days 00:02:32.168000,17.0,4.0,,0 days 01:10:31.582000,0 days 00:00:39.514000,0 days 00:01:09.124000,0 days 00:00:43.530000,0 days 01:08:42.867000,0 days 01:09:51.991000,0 days 01:10:35.521000,259.0,148.0,,211.0,False,INTERMEDIATE,3.0,True,AlphaTauri,0 days 01:08:03.353000,2021-08-28 13:53:05.326,1,,False,,False,False
0 days 01:17:46.933000,GAS,10,,18.0,5.0,0 days 01:15:16.780000,0 days 01:17:43.130000,,0 days 00:01:12.026000,0 days 00:00:42.800000,,0 days 01:17:04.133000,0 days 01:17:46.971000,207.0,161.0,,212.0,False,INTERMEDIATE,1.0,True,AlphaTauri,0 days 01:10:35.521000,2021-08-28 13:55:37.494,1,,False,,False,False
0 days 02:04:06.929000,GAS,10,,19.0,6.0,0 days 02:01:54.841000,,,0 days 00:01:04.489000,0 days 00:00:35.702000,,0 days 02:03:31.228000,0 days 02:04:06.980000,268.0,161.0,209.0,223.0,False,INTERMEDIATE,2.0,False,AlphaTauri,0 days 02:01:54.841000,2021-08-28 14:46:56.814,1,,False,,False,False
0 days 02:06:10.730000,GAS,10,0 days 00:02:03.801000,20.0,6.0,,,0 days 00:00:34.340000,0 days 00:00:57.584000,0 days 00:00:31.877000,0 days 02:04:41.269000,0 days 02:05:38.853000,0 days 02:06:10.730000,296.0,171.0,211.0,259.0,True,INTERMEDIATE,3.0,False,AlphaTauri,0 days 02:04:06.929000,2021-08-28 14:49:08.902,1,,False,,False,True
0 days 02:08:30.188000,GAS,10,0 days 00:02:19.458000,21.0,6.0,,,0 days 00:00:37.963000,0 days 00:01:05.376000,0 days 00:00:36.119000,0 days 02:06:48.693000,0 days 02:07:54.069000,0 days 02:08:30.188000,253.0,159.0,211.0,210.0,False,INTERMEDIATE,4.0,False,AlphaTauri,0 days 02:06:10.730000,2021-08-28 14:51:12.703,1,,False,,False,True
0 days 02:10:31.352000,GAS,10,0 days 00:02:01.164000,22.0,6.0,,,0 days 00:00:33.560000,0 days 00:00:56.179000,0 days 00:00:31.425000,0 days 02:09:03.748000,0 days 02:09:59.927000,0 days 02:10:31.352000,309.0,172.0,213.0,285.0,True,INTERMEDIATE,5.0,False,AlphaTauri,0 days 02:08:30.188000,2021-08-28 14:53:32.161,1,,False,,False,True
0 days 02:13:04.645000,GAS,10,,23.0,6.0,,0 days 02:13:04.645000,0 days 00:00:43.127000,0 days 00:01:09.398000,,0 days 02:11:14.530000,0 days 02:12:23.954000,,230.0,146.0,,213.0,False,INTERMEDIATE,6.0,False,AlphaTauri,0 days 02:10:31.352000,2021-08-28 14:55:33.325,1,,False,,False,False
0 days 00:30:59.449000,PER,11,,1.0,1.0,0 days 00:28:18.096000,,,0 days 00:01:06.525000,0 days 00:00:59.638000,,0 days 00:29:59.824000,0 days 00:30:59.673000,240.0,157.0,201.0,229.0,False,WET,1.0,True,Red Bull Racing,0 days 00:28:18.096000,2021-08-28 13:13:20.069,12,,False,,False,False
0 days 00:33:09.584000,PER,11,0 days 00:02:10.135000,2.0,1.0,,,0 days 00:00:35.297000,0 days 00:01:00.820000,0 days 00:00:34.018000,0 days 00:31:34.746000,0 days 00:32:35.566000,0 days 00:33:09.584000,287.0,167.0,206.0,262.0,True,WET,2.0,True,Red Bull Racing,0 days 00:30:59.449000,2021-08-28 13:16:01.422,21,,False,,False,True
0 days 00:35:27.068000,PER,11,0 days 00:02:17.484000,3.0,1.0,,0 days 00:35:23.265000,0 days 00:00:34.909000,0 days 00:01:01.889000,0 days 00:00:40.686000,0 days 00:33:44.493000,0 days 00:34:46.382000,0 days 00:35:27.068000,278.0,167.0,,264.0,False,WET,3.0,True,Red Bull Racing,0 days 00:33:09.584000,2021-08-28 13:18:11.557,1,,False,,False,False
0 days 00:38:07.260000,PER,11,,4.0,2.0,0 days 00:35:49.129000,,0 days 00:00:56.536000,0 days 00:01:01.606000,0 days 00:00:42.069000,0 days 00:36:23.626000,0 days 00:37:25.192000,0 days 00:38:07.507000,220.0,170.0,210.0,223.0,False,INTERMEDIATE,1.0,True,Red Bull Racing,0 days 00:35:27.068000,2021-08-28 13:20:29.041,1,,False,,False,False
0 days 00:40:09.298000,PER,11,0 days 00:02:02.038000,5.0,2.0,,,0 days 00:00:33.839000,0 days 00:00:55.853000,0 days 00:00:32.346000,0 days 00:38:41.099000,0 days 00:39:36.952000,0 days 00:40:09.298000,304.0,181.0,214.0,275.0,True,INTERMEDIATE,2.0,True,Red Bull Racing,0 days 00:38:07.260000,2021-08-28 13:23:09.233,1,,False,,False,True
0 days 00:42:09.837000,PER,11,0 days 00:02:00.539000,6.0,2.0,,,0 days 00:00:33.485000,0 days 00:00:55.369000,0 days 00:00:31.685000,0 days 00:40:42.783000,0 days 00:41:38.152000,0 days 00:42:09.837000,307.0,181.0,216.0,285.0,True,INTERMEDIATE,3.0,True,Red Bull Racing,0 days 00:40:09.298000,2021-08-28 13:25:11.271,1,,False,,False,True
0 days 00:44:32.644000,PER,11,0 days 00:02:22.807000,7.0,2.0,,,0 days 00:00:36.817000,0 days 00:01:07.252000,0 days 00:00:38.738000,0 days 00:42:46.654000,0 days 00:43:53.906000,0 days 00:44:32.644000,280.0,150.0,209.0,241.0,False,INTERMEDIATE,4.0,True,Red Bull Racing,0 days 00:42:09.837000,2021-08-28 13:27:11.810,1,,False,,False,True
0 days 00:46:31.978000,PER,11,0 days 00:01:59.334000,8.0,2.0,,,0 days 00:00:33.419000,0 days 00:00:54.528000,0 days 00:00:31.387000,0 days 00:45:06.063000,0 days 00:46:00.591000,0 days 00:46:31.978000,312.0,178.0,214.0,289.0,True,INTERMEDIATE,5.0,True,Red Bull Racing,0 days 00:44:32.644000,2021-08-28 13:29:34.617,1,,False,,False,True
0 days 00:48:54.481000,PER,11,0 days 00:02:22.503000,9.0,2.0,,0 days 00:48:50.505000,0 days 00:00:38.121000,0 days 00:00:59.797000,0 days 00:00:44.585000,0 days 00:47:10.099000,0 days 00:48:09.896000,0 days 00:48:54.481000,252.0,179.0,,233.0,False,INTERMEDIATE,6.0,True,Red Bull Racing,0 days 00:46:31.978000,2021-08-28 13:31:33.951,1,,False,,False,False
0 days 00:55:58.118000,PER,11,,10.0,3.0,0 days 00:53:20.807000,,,0 days 00:01:03.051000,0 days 00:00:58.849000,,0 days 00:54:59.269000,0 days 00:55:58.165000,267.0,104.0,211.0,231.0,False,INTERMEDIATE,1.0,True,Red Bull Racing,0 days 00:48:54.481000,2021-08-28 13:33:56.454,1,,False,,False,False
0 days 00:57:56.236000,PER,11,0 days 00:01:58.118000,11.0,3.0,,,0 days 00:00:33.429000,0 days 00:00:53.579000,0 days 00:00:31.110000,0 days 00:56:31.547000,0 days 00:57:25.126000,0 days 00:57:56.236000,310.0,180.0,216.0,284.0,True,INTERMEDIATE,2.0,True,Red Bull Racing,0 days 00:55:58.118000,2021-08-28 13:41:00.091,1,,False,,False,True
0 days 01:00:40.163000,PER,11,,12.0,3.0,,,0 days 00:00:39.019000,0 days 00:01:10.936000,0 days 00:00:53.983000,0 days 00:58:35.255000,0 days 00:59:46.241000,0 days 01:00:40.173000,136.0,161.0,216.0,197.0,False,INTERMEDIATE,3.0,True,Red Bull Racing,0 days 00:57:56.236000,2021-08-28 13:42:58.209,1,,False,,False,False
0 days 01:02:37.372000,PER,11,0 days 00:01:57.209000,13.0,3.0,,,0 days 00:00:33.153000,0 days 00:00:52.910000,0 days 00:00:31.146000,0 days 01:01:13.316000,0 days 01:02:06.226000,0 days 01:02:37.372000,311.0,190.0,214.0,290.0,True,INTERMEDIATE,4.0,True,Red Bull Racing,0 days 01:00:40.163000,2021-08-28 13:45:42.136,1,,False,,False,True
0 days 01:05:14.220000,PER,11,,14.0,3.0,,,0 days 00:00:39.574000,0 days 00:01:10.783000,0 days 00:00:46.530000,0 days 01:03:16.948000,0 days 01:04:27.788000,0 days 01:05:14.266000,231.0,141.0,217.0,237.0,False,INTERMEDIATE,5.0,True,Red Bull Racing,0 days 01:02:37.372000,2021-08-28 13:47:39.345,1,,False,,False,False
0 days 01:07:11.106000,PER,11,0 days 00:01:56.886000,15.0,3.0,,,0 days 00:00:32.939000,0 days 00:00:52.598000,0 days 00:00:31.349000,0 days 01:05:47.159000,0 days 01:06:39.757000,0 days 01:07:11.106000,312.0,184.0,213.0,292.0,True,INTERMEDIATE,6.0,True,Red Bull Racing,0 days 01:05:14.220000,2021-08-28 13:50:16.193,1,,False,,False,True
0 days 01:09:32.607000,PER,11,0 days 00:02:21.501000,16.0,3.0,,0 days 01:09:28.752000,0 days 00:00:38.492000,0 days 00:00:59.196000,0 days 00:00:43.813000,0 days 01:07:49.598000,0 days 01:08:48.794000,0 days 01:09:32.607000,264.0,163.0,,238.0,False,INTERMEDIATE,7.0,True,Red Bull Racing,0 days 01:07:11.106000,2021-08-28 13:52:13.079,1,,False,,False,False
0 days 02:01:21.344000,PER,11,,17.0,4.0,0 days 01:17:26.775000,0 days 01:20:09.524000,,,,,,,,,,211.0,False,WET,1.0,True,Red Bull Racing,0 days 01:09:32.607000,2021-08-28 13:54:34.580,125,,False,,False,False
0 days 02:03:46.580000,PER,11,,18.0,5.0,0 days 02:01:21.344000,,,0 days 00:01:04.588000,0 days 00:00:44.198000,,0 days 02:03:02.404000,0 days 02:03:46.643000,220.0,169.0,212.0,212.0,False,INTERMEDIATE,1.0,True,Red Bull Racing,0 days 02:01:21.344000,2021-08-28 14:46:23.317,1,,False,,False,False
0 days 02:05:50.593000,PER,11,0 days 00:02:04.013000,19.0,5.0,,,0 days 00:00:34.540000,0 days 00:00:57.341000,0 days 00:00:32.132000,0 days 02:04:21.120000,0 days 02:05:18.461000,0 days 02:05:50.593000,297.0,178.0,217.0,256.0,True,INTERMEDIATE,2.0,True,Red Bull Racing,0 days 02:03:46.580000,2021-08-28 14:48:48.553,1,,False,,False,True
0 days 02:07:52.705000,PER,11,0 days 00:02:02.112000,20.0,5.0,,,0 days 00:00:33.971000,0 days 00:00:56.197000,0 days 00:00:31.944000,0 days 02:06:24.564000,0 days 02:07:20.761000,0 days 02:07:52.705000,300.0,182.0,215.0,267.0,True,INTERMEDIATE,3.0,True,Red Bull Racing,0 days 02:05:50.593000,2021-08-28 14:50:52.566,1,,False,,False,True
0 days 02:09:55.104000,PER,11,0 days 00:02:02.399000,21.0,5.0,,,0 days 00:00:34.031000,0 days 00:00:56.388000,0 days 00:00:31.980000,0 days 02:08:26.736000,0 days 02:09:23.124000,0 days 02:09:55.104000,300.0,183.0,217.0,270.0,False,INTERMEDIATE,4.0,True,Red Bull Racing,0 days 02:07:52.705000,2021-08-28 14:52:54.678,1,,False,,False,True
0 days 02:12:32.907000,PER,11,,22.0,5.0,,0 days 02:12:32.907000,0 days 00:00:43.202000,0 days 00:01:10.993000,,0 days 02:10:38.344000,0 days 02:11:49.396000,,216.0,145.0,,214.0,False,INTERMEDIATE,5.0,True,Red Bull Racing,0 days 02:09:55.104000,2021-08-28 14:54:57.077,1,,False,,False,False
0 days 00:30:27.097000,BOT,77,,1.0,1.0,0 days 00:27:27.350000,,,0 days 00:01:10.120000,0 days 00:01:12.410000,,0 days 00:29:14.800000,0 days 00:30:27.355000,232.0,148.0,198.0,210.0,False,WET,1.0,True,Mercedes,0 days 00:27:27.350000,2021-08-28 13:12:29.323,1,,False,,False,False
0 days 00:32:39.407000,BOT,77,0 days 00:02:12.310000,2.0,1.0,,,0 days 00:00:35.530000,0 days 00:01:02.677000,0 days 00:00:34.103000,0 days 00:31:02.627000,0 days 00:32:05.304000,0 days 00:32:39.407000,292.0,168.0,202.0,244.0,True,WET,2.0,True,Mercedes,0 days 00:30:27.097000,2021-08-28 13:15:29.070,12,,False,,False,True
0 days 00:34:47.924000,BOT,77,0 days 00:02:08.517000,3.0,1.0,,,0 days 00:00:34.975000,0 days 00:00:59.951000,0 days 00:00:33.591000,0 days 00:33:14.382000,0 days 00:34:14.333000,0 days 00:34:47.924000,284.0,163.0,204.0,262.0,True,WET,3.0,True,Mercedes,0 days 00:32:39.407000,2021-08-28 13:17:41.380,1,,False,,False,True
0 days 00:37:10.809000,BOT,77,0 days 00:02:22.885000,4.0,1.0,,0 days 00:37:05.364000,0 days 00:00:36.598000,0 days 00:01:03.096000,0 days 00:00:43.191000,0 days 00:35:24.522000,0 days 00:36:27.618000,0 days 00:37:10.809000,268.0,162.0,,246.0,False,WET,4.0,True,Mercedes,0 days 00:34:47.924000,2021-08-28 13:19:49.897,1,,False,,False,False
0 days 00:39:53.999000,BOT,77,,5.0,2.0,0 days 00:37:44.950000,,0 days 00:01:05.997000,0 days 00:01:01.840000,0 days 00:00:35.372000,0 days 00:38:16.787000,0 days 00:39:18.656000,0 days 00:39:54.280000,253.0,173.0,211.0,235.0,False,INTERMEDIATE,1.0,True,Mercedes,0 days 00:37:10.809000,2021-08-28 13:22:12.782,1,,False,,False,False
0 days 00:41:55.645000,BOT,77,0 days 00:02:01.646000,6.0,2.0,,,0 days 00:00:33.629000,0 days 00:00:56.004000,0 days 00:00:32.013000,0 days 00:40:27.628000,0 days 00:41:23.632000,0 days 00:41:55.645000,306.0,183.0,213.0,279.0,True,INTERMEDIATE,2.0,True,Mercedes,0 days 00:39:53.999000,2021-08-28 13:24:55.972,1,,False,,False,True
0 days 00:43:55.515000,BOT,77,0 days 00:01:59.870000,7.0,2.0,,,0 days 00:00:33.231000,0 days 00:00:55.008000,0 days 00:00:31.631000,0 days 00:42:28.876000,0 days 00:43:23.884000,0 days 00:43:55.515000,302.0,180.0,213.0,281.0,True,INTERMEDIATE,3.0,True,Mercedes,0 days 00:41:55.645000,2021-08-28 13:26:57.618,1,,False,,False,True
0 days 00:46:10.238000,BOT,77,0 days 00:02:14.723000,8.0,2.0,,0 days 00:46:05.467000,0 days 00:00:33.223000,0 days 00:00:59.088000,0 days 00:00:42.412000,0 days 00:44:28.738000,0 days 00:45:27.826000,0 days 00:46:10.238000,302.0,175.0,,285.0,False,INTERMEDIATE,4.0,True,Mercedes,0 days 00:43:55.515000,2021-08-28 13:28:57.488,1,,False,,False,False
0 days 00:54:39.986000,BOT,77,,9.0,3.0,0 days 00:52:17.584000,0 days 00:54:32.705000,,0 days 00:01:02.565000,0 days 00:00:46.367000,,0 days 00:53:53.648000,0 days 00:54:40.314000,271.0,167.0,,236.0,False,INTERMEDIATE,5.0,False,Mercedes,0 days 00:46:10.238000,2021-08-28 13:31:12.211,1,,False,,False,False
0 days 00:57:07.885000,BOT,77,0 days 00:02:27.899000,10.0,4.0,0 days 00:55:02.345000,,0 days 00:00:54.027000,0 days 00:00:58.688000,0 days 00:00:35.184000,0 days 00:55:34.013000,0 days 00:56:32.701000,0 days 00:57:07.885000,294.0,174.0,218.0,249.0,False,INTERMEDIATE,1.0,True,Mercedes,0 days 00:54:39.986000,2021-08-28 13:39:41.959,1,,False,,False,False
0 days 00:59:19.465000,BOT,77,0 days 00:02:11.580000,11.0,4.0,,,0 days 00:00:32.957000,0 days 00:00:58.659000,0 days 00:00:39.964000,0 days 00:57:40.842000,0 days 00:58:39.501000,0 days 00:59:19.465000,315.0,173.0,219.0,287.0,True,INTERMEDIATE,2.0,True,Mercedes,0 days 00:57:07.885000,2021-08-28 13:42:09.858,1,,False,,False,True
0 days 01:01:18.232000,BOT,77,0 days 00:01:58.767000,12.0,4.0,,,0 days 00:00:32.814000,0 days 00:00:54.581000,0 days 00:00:31.372000,0 days 00:59:52.279000,0 days 01:00:46.860000,0 days 01:01:18.232000,313.0,185.0,206.0,290.0,True,INTERMEDIATE,3.0,True,Mercedes,0 days 00:59:19.465000,2021-08-28 13:44:21.438,1,,False,,False,True
0 days 01:03:30.775000,BOT,77,0 days 00:02:12.543000,13.0,4.0,,0 days 01:03:26.271000,0 days 00:00:33.202000,0 days 00:01:00.676000,0 days 00:00:38.665000,0 days 01:01:51.434000,0 days 01:02:52.110000,0 days 01:03:30.775000,302.0,178.0,,282.0,False,INTERMEDIATE,4.0,True,Mercedes,0 days 01:01:18.232000,2021-08-28 13:46:20.205,1,,False,,False,False
0 days 01:06:14.154000,BOT,77,,14.0,5.0,0 days 01:03:50.224000,,0 days 00:00:49.507000,0 days 00:01:00.619000,0 days 00:00:53.270000,0 days 01:04:20.329000,0 days 01:05:20.911000,0 days 01:06:14.198000,299.0,161.0,220.0,248.0,False,INTERMEDIATE,1.0,True,Mercedes,0 days 01:03:30.775000,2021-08-28 13:48:32.748,1,,False,,False,False
0 days 01:08:10.449000,BOT,77,0 days 00:01:56.295000,15.0,5.0,,,0 days 00:00:32.390000,0 days 00:00:52.764000,0 days 00:00:31.141000,0 days 01:06:46.544000,0 days 01:07:39.308000,0 days 01:08:10.449000,320.0,186.0,217.0,297.0,True,INTERMEDIATE,2.0,True,Mercedes,0 days 01:06:14.154000,2021-08-28 13:51:16.127,1,,False,,False,True
0 days 01:10:41.085000,BOT,77,0 days 00:02:30.636000,16.0,5.0,,0 days 01:10:35.740000,0 days 00:00:35.911000,0 days 00:01:07.220000,0 days 00:00:47.505000,0 days 01:08:46.360000,0 days 01:09:53.580000,0 days 01:10:41.085000,256.0,148.0,,263.0,False,INTERMEDIATE,3.0,True,Mercedes,0 days 01:08:10.449000,2021-08-28 13:53:12.422,1,,False,,False,False
0 days 02:00:56.728000,BOT,77,,17.0,6.0,0 days 01:17:03.385000,0 days 01:19:40.702000,,,,,,,218.0,,,231.0,False,WET,1.0,True,Mercedes,0 days 01:10:41.085000,2021-08-28 13:55:43.058,125,,False,,False,False
0 days 02:03:16.527000,BOT,77,,18.0,7.0,0 days 02:00:56.620000,,,0 days 00:01:03.540000,0 days 00:00:41.085000,,0 days 02:02:35.535000,0 days 02:03:16.537000,232.0,166.0,214.0,200.0,False,INTERMEDIATE,1.0,True,Mercedes,0 days 02:00:56.620000,2021-08-28 14:45:58.593,1,,False,,False,False
0 days 02:05:19.620000,BOT,77,0 days 00:02:03.093000,19.0,7.0,,,0 days 00:00:34.313000,0 days 00:00:56.995000,0 days 00:00:31.785000,0 days 02:03:50.840000,0 days 02:04:47.835000,0 days 02:05:19.620000,295.0,185.0,213.0,259.0,True,INTERMEDIATE,2.0,True,Mercedes,0 days 02:03:16.527000,2021-08-28 14:48:18.500,1,,False,,False,True
0 days 02:08:01.491000,BOT,77,,20.0,7.0,,,0 days 00:00:37.091000,0 days 00:01:05.896000,0 days 00:00:58.902000,0 days 02:05:56.722000,0 days 02:07:02.589000,0 days 02:08:01.509000,271.0,162.0,204.0,223.0,False,INTERMEDIATE,3.0,True,Mercedes,0 days 02:05:19.620000,2021-08-28 14:50:21.593,1,,False,,False,False
0 days 02:10:03.993000,BOT,77,0 days 00:02:02.502000,21.0,7.0,,,0 days 00:00:34.280000,0 days 00:00:55.917000,0 days 00:00:32.305000,0 days 02:08:35.771000,0 days 02:09:31.688000,0 days 02:10:03.993000,309.0,185.0,213.0,270.0,True,INTERMEDIATE,4.0,True,Mercedes,0 days 02:08:01.491000,2021-08-28 14:53:03.464,1,,False,,False,True
0 days 02:12:36.489000,BOT,77,,22.0,7.0,,0 days 02:12:36.489000,0 days 00:00:42.185000,0 days 00:01:04.058000,,0 days 02:10:46.185000,0 days 02:11:50.247000,,191.0,147.0,,211.0,False,INTERMEDIATE,5.0,True,Mercedes,0 days 02:10:03.993000,2021-08-28 14:55:05.966,1,,False,,False,False
0 days 00:31:16.402000,OCO,31,,1.0,1.0,0 days 00:28:27.587000,,,0 days 00:01:13.341000,0 days 00:00:53.492000,,0 days 00:30:22.969000,0 days 00:31:16.627000,200.0,150.0,198.0,206.0,False,WET,1.0,True,Alpine,0 days 00:28:27.587000,2021-08-28 13:13:29.560,12,,False,,False,False
0 days 00:33:32.406000,OCO,31,0 days 00:02:16.004000,2.0,1.0,,0 days 00:33:28.652000,0 days 00:00:35.354000,0 days 00:01:02.270000,0 days 00:00:38.380000,0 days 00:31:51.756000,0 days 00:32:54.026000,0 days 00:33:32.406000,278.0,163.0,,263.0,False,WET,2.0,True,Alpine,0 days 00:31:16.402000,2021-08-28 13:16:18.375,1,,False,,False,False
0 days 00:36:11.656000,OCO,31,,3.0,2.0,0 days 00:33:52.176000,,0 days 00:00:52.652000,0 days 00:01:01.401000,0 days 00:00:45.225000,0 days 00:34:25.135000,0 days 00:35:26.563000,0 days 00:36:11.874000,235.0,163.0,207.0,231.0,False,INTERMEDIATE,1.0,True,Alpine,0 days 00:33:32.406000,2021-08-28 13:18:34.379,1,,False,,False,False
0 days 00:38:15.306000,OCO,31,0 days 00:02:03.650000,4.0,2.0,,,0 days 00:00:33.759000,0 days 00:00:57.374000,0 days 00:00:32.517000,0 days 00:36:45.415000,0 days 00:37:42.789000,0 days 00:38:15.306000,301.0,181.0,208.0,282.0,True,INTERMEDIATE,2.0,True,Alpine,0 days 00:36:11.656000,2021-08-28 13:21:13.629,1,,False,,False,True
0 days 00:40:23.018000,OCO,31,0 days 00:02:07.712000,5.0,2.0,,,0 days 00:00:33.705000,0 days 00:00:58.532000,0 days 00:00:35.475000,0 days 00:38:49.011000,0 days 00:39:47.543000,0 days 00:40:23.018000,298.0,170.0,213.0,283.0,False,INTERMEDIATE,3.0,True,Alpine,0 days 00:38:15.306000,2021-08-28 13:23:17.279,1,,False,,False,True
0 days 00:42:24.842000,OCO,31,0 days 00:02:01.824000,6.0,2.0,,,0 days 00:00:33.389000,0 days 00:00:56.283000,0 days 00:00:32.152000,0 days 00:40:56.407000,0 days 00:41:52.690000,0 days 00:42:24.842000,303.0,178.0,210.0,289.0,True,INTERMEDIATE,4.0,True,Alpine,0 days 00:40:23.018000,2021-08-28 13:25:24.991,1,,False,,False,True
0 days 00:44:28.038000,OCO,31,0 days 00:02:03.196000,7.0,2.0,,,0 days 00:00:33.354000,0 days 00:00:56.925000,0 days 00:00:32.917000,0 days 00:42:58.196000,0 days 00:43:55.121000,0 days 00:44:28.038000,301.0,168.0,210.0,293.0,False,INTERMEDIATE,5.0,True,Alpine,0 days 00:42:24.842000,2021-08-28 13:27:26.815,1,,False,,False,True
0 days 00:46:36.105000,OCO,31,0 days 00:02:08.067000,8.0,2.0,,0 days 00:46:32.352000,0 days 00:00:33.627000,0 days 00:00:56.563000,0 days 00:00:37.877000,0 days 00:45:01.665000,0 days 00:45:58.228000,0 days 00:46:36.105000,299.0,178.0,,292.0,False,INTERMEDIATE,6.0,True,Alpine,0 days 00:44:28.038000,2021-08-28 13:29:30.011,1,,False,,False,False
0 days 00:54:56.468000,OCO,31,,9.0,3.0,0 days 00:52:36.080000,,,0 days 00:00:59.861000,0 days 00:00:42.167000,,0 days 00:54:14.363000,0 days 00:54:56.480000,267.0,165.0,214.0,241.0,False,INTERMEDIATE,1.0,True,Alpine,0 days 00:46:36.105000,2021-08-28 13:31:38.078,1,,False,,False,False
0 days 00:56:56.494000,OCO,31,0 days 00:02:00.026000,10.0,3.0,,,0 days 00:00:33.195000,0 days 00:00:55.244000,0 days 00:00:31.587000,0 days 00:55:29.663000,0 days 00:56:24.907000,0 days 00:56:56.494000,310.0,182.0,210.0,297.0,True,INTERMEDIATE,2.0,True,Alpine,0 days 00:54:56.468000,2021-08-28 13:39:58.441,1,,False,,False,True
0 days 00:59:25.602000,OCO,31,0 days 00:02:29.108000,11.0,3.0,,,0 days 00:00:40.829000,0 days 00:01:03.681000,0 days 00:00:44.598000,0 days 00:57:37.323000,0 days 00:58:41.004000,0 days 00:59:25.602000,99.0,170.0,215.0,245.0,False,INTERMEDIATE,3.0,True,Alpine,0 days 00:56:56.494000,2021-08-28 13:41:58.467,1,,False,,False,True
0 days 01:01:25.274000,OCO,31,0 days 00:01:59.672000,12.0,3.0,,,0 days 00:00:32.965000,0 days 00:00:54.715000,0 days 00:00:31.992000,0 days 00:59:58.567000,0 days 01:00:53.282000,0 days 01:01:25.274000,309.0,183.0,208.0,299.0,True,INTERMEDIATE,4.0,True,Alpine,0 days 00:59:25.602000,2021-08-28 13:44:27.575,1,,False,,False,True
0 days 01:03:38.367000,OCO,31,0 days 00:02:13.093000,13.0,3.0,,0 days 01:03:34.527000,0 days 00:00:36.320000,0 days 00:00:58.990000,0 days 00:00:37.783000,0 days 01:02:01.594000,0 days 01:03:00.584000,0 days 01:03:38.367000,273.0,173.0,,251.0,False,INTERMEDIATE,5.0,True,Alpine,0 days 01:01:25.274000,2021-08-28 13:46:27.247,1,,False,,False,False
0 days 01:06:21.311000,OCO,31,,14.0,4.0,0 days 01:04:16.051000,,0 days 00:01:07.515000,0 days 00:01:00.124000,0 days 00:00:35.304000,0 days 01:04:45.883000,0 days 01:05:46.013000,0 days 01:06:21.333000,283.0,169.0,217.0,264.0,False,INTERMEDIATE,1.0,True,Alpine,0 days 01:03:38.367000,2021-08-28 13:48:40.340,1,,False,,False,False
0 days 01:08:18.665000,OCO,31,0 days 00:01:57.354000,15.0,4.0,,,0 days 00:00:32.603000,0 days 00:00:53.233000,0 days 00:00:31.518000,0 days 01:06:53.914000,0 days 01:07:47.147000,0 days 01:08:18.665000,314.0,184.0,211.0,302.0,True,INTERMEDIATE,2.0,True,Alpine,0 days 01:06:21.311000,2021-08-28 13:51:23.284,1,,False,,False,True
0 days 01:10:42.045000,OCO,31,0 days 00:02:23.380000,16.0,4.0,,0 days 01:10:37.967000,0 days 00:00:37.020000,0 days 00:01:02.473000,0 days 00:00:43.887000,0 days 01:08:55.685000,0 days 01:09:58.158000,0 days 01:10:42.045000,267.0,167.0,,243.0,False,INTERMEDIATE,3.0,True,Alpine,0 days 01:08:18.665000,2021-08-28 13:53:20.638,1,,False,,False,False
0 days 02:00:00.562000,OCO,31,,17.0,5.0,0 days 01:15:44.796000,0 days 01:21:14.881000,,0 days 00:01:10.757000,,,0 days 01:17:28.380000,,207.0,151.0,,226.0,False,WET,1.0,True,Alpine,0 days 01:10:42.045000,2021-08-28 13:55:44.018,125,,False,,False,False
0 days 02:02:15.851000,OCO,31,,18.0,6.0,0 days 02:00:00.456000,0 days 02:02:12.042000,,0 days 00:01:02.517000,0 days 00:00:39.956000,,0 days 02:01:35.981000,0 days 02:02:15.851000,265.0,164.0,,235.0,False,WET,1.0,True,Alpine,0 days 02:00:00.456000,2021-08-28 14:45:02.429,1,,False,,False,False
0 days 02:04:42.491000,OCO,31,0 days 00:02:26.640000,19.0,7.0,0 days 02:02:35.305000,,0 days 00:00:50.561000,0 days 00:01:01.837000,0 days 00:00:34.242000,0 days 02:03:06.412000,0 days 02:04:08.249000,0 days 02:04:42.491000,263.0,168.0,212.0,232.0,False,INTERMEDIATE,1.0,True,Alpine,0 days 02:02:15.851000,2021-08-28 14:47:17.824,1,,False,,False,False
0 days 02:06:47.564000,OCO,31,0 days 00:02:05.073000,20.0,7.0,,,0 days 00:00:34.242000,0 days 00:00:58.496000,0 days 00:00:32.335000,0 days 02:05:16.733000,0 days 02:06:15.229000,0 days 02:06:47.564000,293.0,174.0,209.0,268.0,True,INTERMEDIATE,2.0,True,Alpine,0 days 02:04:42.491000,2021-08-28 14:49:44.464,1,,False,,False,True
0 days 02:08:51.517000,OCO,31,0 days 00:02:03.953000,21.0,7.0,,,0 days 00:00:33.935000,0 days 00:00:57.565000,0 days 00:00:32.453000,0 days 02:07:21.499000,0 days 02:08:19.064000,0 days 02:08:51.517000,287.0,175.0,210.0,282.0,True,INTERMEDIATE,3.0,True,Alpine,0 days 02:06:47.564000,2021-08-28 14:51:49.537,1,,False,,False,True
0 days 02:10:55.030000,OCO,31,0 days 00:02:03.513000,22.0,7.0,,,0 days 00:00:33.974000,0 days 00:00:57.200000,0 days 00:00:32.339000,0 days 02:09:25.491000,0 days 02:10:22.691000,0 days 02:10:55.030000,288.0,176.0,209.0,281.0,True,INTERMEDIATE,4.0,True,Alpine,0 days 02:08:51.517000,2021-08-28 14:53:53.490,1,,False,,False,True
0 days 02:13:14.415000,OCO,31,,23.0,7.0,,0 days 02:13:14.415000,0 days 00:00:40.355000,0 days 00:01:02.013000,,0 days 02:11:35.451000,0 days 02:12:37.439000,,228.0,159.0,,235.0,False,INTERMEDIATE,5.0,True,Alpine,0 days 02:10:55.030000,2021-08-28 14:55:57.003,1,,False,,False,False
0 days 00:29:44.311000,NOR,4,,1.0,1.0,0 days 00:27:07.520000,,,0 days 00:01:09.268000,0 days 00:00:44.875000,,0 days 00:28:59.469000,0 days 00:29:44.563000,199.0,150.0,203.0,206.0,False,WET,1.0,True,McLaren,0 days 00:27:07.520000,2021-08-28 13:12:09.493,1,,False,,False,False
0 days 00:32:00.437000,NOR,4,0 days 00:02:16.126000,2.0,1.0,,,0 days 00:00:35.270000,0 days 00:01:02.392000,0 days 00:00:38.464000,0 days 00:30:19.581000,0 days 00:31:21.973000,0 days 00:32:00.437000,292.0,161.0,204.0,269.0,True,WET,2.0,True,McLaren,0 days 00:29:44.311000,2021-08-28 13:14:46.284,12,,False,,False,True
0 days 00:34:07.217000,NOR,4,0 days 00:02:06.780000,3.0,1.0,,,0 days 00:00:34.269000,0 days 00:00:59.400000,0 days 00:00:33.111000,0 days 00:32:34.706000,0 days 00:33:34.106000,0 days 00:34:07.217000,296.0,155.0,200.0,283.0,True,WET,3.0,True,McLaren,0 days 00:32:00.437000,2021-08-28 13:17:02.410,1,,False,,False,True
0 days 00:36:23.869000,NOR,4,0 days 00:02:16.652000,4.0,1.0,,0 days 00:36:20.161000,0 days 00:00:35.960000,0 days 00:01:01.217000,0 days 00:00:39.475000,0 days 00:34:43.177000,0 days 00:35:44.394000,0 days 00:36:23.869000,269.0,146.0,,268.0,False,WET,4.0,True,McLaren,0 days 00:34:07.217000,2021-08-28 13:19:09.190,1,,False,,False,False
0 days 00:38:53.359000,NOR,4,0 days 00:02:29.490000,5.0,2.0,0 days 00:36:45.305000,,0 days 00:00:52.817000,0 days 00:01:01.879000,0 days 00:00:34.794000,0 days 00:37:16.686000,0 days 00:38:18.565000,0 days 00:38:53.359000,259.0,161.0,213.0,239.0,False,INTERMEDIATE,1.0,True,McLaren,0 days 00:36:23.869000,2021-08-28 13:21:25.842,1,,False,,False,False
0 days 00:40:52.135000,NOR,4,0 days 00:01:58.776000,6.0,2.0,,,0 days 00:00:32.880000,0 days 00:00:54.682000,0 days 00:00:31.214000,0 days 00:39:26.239000,0 days 00:40:20.921000,0 days 00:40:52.135000,306.0,173.0,215.0,305.0,True,INTERMEDIATE,2.0,True,McLaren,0 days 00:38:53.359000,2021-08-28 13:23:55.332,1,,False,,False,True
0 days 00:43:22.053000,NOR,4,0 days 00:02:29.918000,7.0,2.0,,,0 days 00:00:38.048000,0 days 00:01:06.338000,0 days 00:00:45.532000,0 days 00:41:30.183000,0 days 00:42:36.521000,0 days 00:43:22.053000,229.0,139.0,217.0,226.0,False,INTERMEDIATE,3.0,True,McLaren,0 days 00:40:52.135000,2021-08-28 13:25:54.108,1,,False,,False,True
0 days 00:45:20.354000,NOR,4,0 days 00:01:58.301000,8.0,2.0,,,0 days 00:00:32.775000,0 days 00:00:54.206000,0 days 00:00:31.320000,0 days 00:43:54.828000,0 days 00:44:49.034000,0 days 00:45:20.354000,304.0,176.0,206.0,306.0,True,INTERMEDIATE,4.0,True,McLaren,0 days 00:43:22.053000,2021-08-28 13:28:24.026,1,,False,,False,True
0 days 00:47:39.444000,NOR,4,0 days 00:02:19.090000,9.0,2.0,,0 days 00:47:35.730000,0 days 00:00:37.684000,0 days 00:01:00.784000,0 days 00:00:40.622000,0 days 00:45:58.038000,0 days 00:46:58.822000,0 days 00:47:39.444000,216.0,171.0,,242.0,False,INTERMEDIATE,5.0,True,McLaren,0 days 00:45:20.354000,2021-08-28 13:30:22.327,1,,False,,False,False
0 days 00:54:26.211000,NOR,4,,10.0,3.0,0 days 00:52:07.323000,,,0 days 00:01:02.451000,0 days 00:00:39.302000,,0 days 00:53:47.012000,0 days 00:54:26.274000,238.0,166.0,213.0,212.0,False,INTERMEDIATE,1.0,True,McLaren,0 days 00:47:39.444000,2021-08-28 13:32:41.417,1,,False,,False,False
0 days 00:56:23.446000,NOR,4,0 days 00:01:57.235000,11.0,3.0,,,0 days 00:00:32.741000,0 days 00:00:53.296000,0 days 00:00:31.198000,0 days 00:54:58.952000,0 days 00:55:52.248000,0 days 00:56:23.446000,307.0,166.0,211.0,305.0,True,INTERMEDIATE,2.0,True,McLaren,0 days 00:54:26.211000,2021-08-28 13:39:28.184,1,,False,,False,True
0 days 00:58:52.665000,NOR,4,0 days 00:02:29.219000,12.0,3.0,,,0 days 00:00:37.811000,0 days 00:01:10.897000,0 days 00:00:40.511000,0 days 00:57:01.257000,0 days 00:58:12.154000,0 days 00:58:52.665000,214.0,121.0,220.0,249.0,False,INTERMEDIATE,3.0,True,McLaren,0 days 00:56:23.446000,2021-08-28 13:41:25.419,1,,False,,False,True
0 days 01:00:49.706000,NOR,4,0 days 00:01:57.041000,13.0,3.0,,,0 days 00:00:32.854000,0 days 00:00:52.857000,0 days 00:00:31.330000,0 days 00:59:25.519000,0 days 01:00:18.376000,0 days 01:00:49.706000,302.0,180.0,207.0,305.0,True,INTERMEDIATE,4.0,True,McLaren,0 days 00:58:52.665000,2021-08-28 13:43:54.638,1,,False,,False,True
0 days 01:03:04.787000,NOR,4,0 days 00:02:15.081000,14.0,3.0,,0 days 01:03:01.018000,0 days 00:00:37.056000,0 days 00:00:59.242000,0 days 00:00:38.783000,0 days 01:01:26.762000,0 days 01:02:26.004000,0 days 01:03:04.787000,237.0,171.0,,247.0,False,INTERMEDIATE,5.0,True,McLaren,0 days 01:00:49.706000,2021-08-28 13:45:51.679,1,,False,,False,False
0 days 01:05:44.294000,NOR,4,,15.0,4.0,0 days 01:03:27.164000,,0 days 00:00:58.736000,0 days 00:01:03.057000,0 days 00:00:37.698000,0 days 01:04:03.580000,0 days 01:05:06.596000,0 days 01:05:44.338000,242.0,177.0,222.0,206.0,False,INTERMEDIATE,1.0,True,McLaren,0 days 01:03:04.787000,2021-08-28 13:48:06.760,1,,False,,False,False
0 days 01:07:40.319000,NOR,4,0 days 00:01:56.025000,16.0,4.0,,,0 days 00:00:32.846000,0 days 00:00:52.116000,0 days 00:00:31.063000,0 days 01:06:17.140000,0 days 01:07:09.256000,0 days 01:07:40.319000,308.0,183.0,214.0,307.0,True,INTERMEDIATE,2.0,True,McLaren,0 days 01:05:44.294000,2021-08-28 13:50:46.267,1,,False,,False,True
0 days 01:10:06.552000,NOR,4,0 days 00:02:26.233000,17.0,4.0,,0 days 01:10:02.493000,0 days 00:00:37.628000,0 days 00:01:04.713000,0 days 00:00:43.892000,0 days 01:08:17.947000,0 days 01:09:22.660000,0 days 01:10:06.552000,223.0,156.0,,235.0,False,INTERMEDIATE,3.0,True,McLaren,0 days 01:07:40.319000,2021-08-28 13:52:42.292,1,,False,,False,False
0 days 01:17:29.107000,NOR,4,,18.0,5.0,0 days 01:15:08.657000,,,0 days 00:01:07.076000,0 days 00:00:34.898000,,0 days 01:16:54.209000,0 days 01:17:29.206000,229.0,164.0,208.0,209.0,False,WET,1.0,True,McLaren,0 days 01:10:06.552000,2021-08-28 13:55:08.525,1,,False,,False,False
0 days 01:57:23.217000,NOR,4,,19.0,5.0,,0 days 01:57:23.217000,,,,,,,,,,176.0,False,WET,2.0,True,McLaren,0 days 01:17:29.107000,2021-08-28 14:02:31.080,125,,False,,False,False
0 days 00:31:05.067000,LEC,16,,1.0,1.0,0 days 00:28:23.304000,,,0 days 00:01:07.620000,0 days 00:00:53.255000,,0 days 00:30:11.812000,0 days 00:31:05.290000,219.0,156.0,199.0,203.0,False,WET,1.0,True,Ferrari,0 days 00:28:23.304000,2021-08-28 13:13:25.277,12,,False,,False,False
0 days 00:33:15.644000,LEC,16,0 days 00:02:10.577000,2.0,1.0,,,0 days 00:00:35.392000,0 days 00:01:01.257000,0 days 00:00:33.928000,0 days 00:31:40.459000,0 days 00:32:41.716000,0 days 00:33:15.644000,292.0,154.0,196.0,258.0,True,WET,2.0,True,Ferrari,0 days 00:31:05.067000,2021-08-28 13:16:07.040,21,,False,,False,True
0 days 00:35:36.444000,LEC,16,0 days 00:02:20.800000,3.0,1.0,,0 days 00:35:31.255000,0 days 00:00:34.946000,0 days 00:01:02.572000,0 days 00:00:43.282000,0 days 00:33:50.590000,0 days 00:34:53.162000,0 days 00:35:36.444000,284.0,162.0,,266.0,False,WET,3.0,True,Ferrari,0 days 00:33:15.644000,2021-08-28 13:18:17.617,1,,False,,False,False
0 days 00:38:25.502000,LEC,16,,4.0,2.0,0 days 00:35:57.376000,,0 days 00:00:53.833000,0 days 00:01:04.994000,0 days 00:00:50.250000,0 days 00:36:30.274000,0 days 00:37:35.273000,0 days 00:38:25.769000,202.0,160.0,214.0,220.0,False,INTERMEDIATE,1.0,True,Ferrari,0 days 00:35:36.444000,2021-08-28 13:20:38.417,1,,False,,False,False
0 days 00:40:26.987000,LEC,16,0 days 00:02:01.485000,5.0,2.0,,,0 days 00:00:33.512000,0 days 00:00:56.250000,0 days 00:00:31.723000,0 days 00:38:59.014000,0 days 00:39:55.264000,0 days 00:40:26.987000,307.0,179.0,214.0,275.0,True,INTERMEDIATE,2.0,True,Ferrari,0 days 00:38:25.502000,2021-08-28 13:23:27.475,1,,False,,False,True
0 days 00:42:43.217000,LEC,16,0 days 00:02:16.230000,6.0,2.0,,,0 days 00:00:37.202000,0 days 00:01:02.306000,0 days 00:00:36.722000,0 days 00:41:04.189000,0 days 00:42:06.495000,0 days 00:42:43.217000,196.0,178.0,214.0,253.0,False,INTERMEDIATE,3.0,True,Ferrari,0 days 00:40:26.987000,2021-08-28 13:25:28.960,1,,False,,False,True
0 days 00:44:43.945000,LEC,16,0 days 00:02:00.728000,7.0,2.0,,,0 days 00:00:33.223000,0 days 00:00:55.794000,0 days 00:00:31.711000,0 days 00:43:16.440000,0 days 00:44:12.234000,0 days 00:44:43.945000,308.0,172.0,214.0,287.0,True,INTERMEDIATE,4.0,True,Ferrari,0 days 00:42:43.217000,2021-08-28 13:27:45.190,1,,False,,False,True
0 days 00:46:52.202000,LEC,16,0 days 00:02:08.257000,8.0,2.0,,0 days 00:46:48.466000,0 days 00:00:33.276000,0 days 00:00:56.114000,0 days 00:00:38.867000,0 days 00:45:17.221000,0 days 00:46:13.335000,0 days 00:46:52.202000,303.0,159.0,,284.0,False,INTERMEDIATE,5.0,True,Ferrari,0 days 00:44:43.945000,2021-08-28 13:29:45.918,1,,False,,False,False
0 days 00:55:18.678000,LEC,16,,9.0,3.0,0 days 00:52:47.063000,,,0 days 00:01:08.215000,0 days 00:00:44.070000,,0 days 00:54:34.621000,0 days 00:55:18.749000,220.0,167.0,218.0,225.0,False,INTERMEDIATE,1.0,True,Ferrari,0 days 00:46:52.202000,2021-08-28 13:31:54.175,1,,False,,False,False
0 days 00:57:17.444000,LEC,16,0 days 00:01:58.766000,10.0,3.0,,,0 days 00:00:33.002000,0 days 00:00:54.526000,0 days 00:00:31.238000,0 days 00:55:51.680000,0 days 00:56:46.206000,0 days 00:57:17.444000,308.0,180.0,213.0,294.0,True,INTERMEDIATE,2.0,True,Ferrari,0 days 00:55:18.678000,2021-08-28 13:40:20.651,1,,False,,False,True
0 days 00:59:34.674000,LEC,16,0 days 00:02:17.230000,11.0,3.0,,0 days 00:59:30.839000,0 days 00:00:33.312000,0 days 00:01:03.488000,0 days 00:00:40.430000,0 days 00:57:50.756000,0 days 00:58:54.244000,0 days 00:59:34.674000,306.0,174.0,,288.0,False,INTERMEDIATE,3.0,True,Ferrari,0 days 00:57:17.444000,2021-08-28 13:42:19.417,1,,False,,False,False
0 days 01:02:19.248000,LEC,16,,12.0,4.0,0 days 00:59:55.562000,,0 days 00:00:52.492000,0 days 00:01:07.894000,0 days 00:00:44.169000,0 days 01:00:27.193000,0 days 01:01:35.090000,0 days 01:02:19.253000,280.0,157.0,218.0,243.0,False,INTERMEDIATE,1.0,True,Ferrari,0 days 00:59:34.674000,2021-08-28 13:44:36.647,1,,False,,False,False
0 days 01:04:16.969000,LEC,16,0 days 00:01:57.721000,13.0,4.0,,,0 days 00:00:32.822000,0 days 00:00:53.684000,0 days 00:00:31.215000,0 days 01:02:52.070000,0 days 01:03:45.754000,0 days 01:04:16.969000,306.0,182.0,214.0,299.0,True,INTERMEDIATE,2.0,True,Ferrari,0 days 01:02:19.248000,2021-08-28 13:47:21.221,1,,False,,False,True
0 days 01:06:36.759000,LEC,16,0 days 00:02:19.790000,14.0,4.0,,,0 days 00:00:37.985000,0 days 00:01:04.051000,0 days 00:00:37.754000,0 days 01:04:54.954000,0 days 01:05:59.005000,0 days 01:06:36.759000,234.0,169.0,220.0,239.0,False,INTERMEDIATE,3.0,True,Ferrari,0 days 01:04:16.969000,2021-08-28 13:49:18.942,1,,False,,False,True
0 days 01:08:35.572000,LEC,16,0 days 00:01:58.813000,15.0,4.0,,,0 days 00:00:32.595000,0 days 00:00:53.735000,0 days 00:00:32.483000,0 days 01:07:09.354000,0 days 01:08:03.089000,0 days 01:08:35.572000,310.0,179.0,202.0,301.0,False,INTERMEDIATE,4.0,True,Ferrari,0 days 01:06:36.759000,2021-08-28 13:51:38.732,1,,False,,False,True
0 days 01:11:11.280000,LEC,16,,16.0,4.0,,0 days 01:11:11.280000,0 days 00:00:46.280000,0 days 00:01:08.810000,,0 days 01:09:21.873000,0 days 01:10:30.668000,,222.0,149.0,,188.0,False,INTERMEDIATE,5.0,True,Ferrari,0 days 01:08:35.572000,2021-08-28 13:53:37.545,1,,False,,False,False
0 days 00:29:23.374000,LAT,6,,1.0,1.0,0 days 00:27:00.871000,,,0 days 00:01:07.291000,0 days 00:00:41.880000,,0 days 00:28:41.494000,0 days 00:29:23.536000,229.0,157.0,195.0,209.0,False,INTERMEDIATE,1.0,True,Williams,0 days 00:27:00.871000,2021-08-28 13:12:02.844,1,,False,,False,False
0 days 00:31:54.273000,LAT,6,,2.0,1.0,,,0 days 00:00:35.264000,0 days 00:01:19.304000,0 days 00:00:36.438000,0 days 00:29:58.601000,0 days 00:31:17.847000,0 days 00:31:54.529000,291.0,155.0,204.0,243.0,False,INTERMEDIATE,2.0,True,Williams,0 days 00:29:23.374000,2021-08-28 13:14:25.347,12,,False,,False,False
0 days 00:33:59.292000,LAT,6,0 days 00:02:05.019000,3.0,1.0,,,0 days 00:00:34.754000,0 days 00:00:57.524000,0 days 00:00:32.741000,0 days 00:32:29.027000,0 days 00:33:26.551000,0 days 00:33:59.292000,295.0,179.0,209.0,255.0,True,INTERMEDIATE,3.0,True,Williams,0 days 00:31:54.273000,2021-08-28 13:16:56.246,1,,False,,False,True
0 days 00:36:02.029000,LAT,6,0 days 00:02:02.737000,4.0,1.0,,,0 days 00:00:34.019000,0 days 00:00:56.489000,0 days 00:00:32.229000,0 days 00:34:33.311000,0 days 00:35:29.800000,0 days 00:36:02.029000,292.0,183.0,213.0,270.0,True,INTERMEDIATE,4.0,True,Williams,0 days 00:33:59.292000,2021-08-28 13:19:01.265,1,,False,,False,True
0 days 00:38:18.668000,LAT,6,0 days 00:02:16.639000,5.0,1.0,,0 days 00:38:14.955000,0 days 00:00:36.394000,0 days 00:01:00.902000,0 days 00:00:39.343000,0 days 00:36:38.423000,0 days 00:37:39.325000,0 days 00:38:18.668000,224.0,177.0,,243.0,False,INTERMEDIATE,5.0,True,Williams,0 days 00:36:02.029000,2021-08-28 13:21:04.002,1,,False,,False,False
0 days 00:40:49.669000,LAT,6,,6.0,2.0,0 days 00:38:39.991000,,0 days 00:00:51.948000,0 days 00:01:04.947000,0 days 00:00:34.145000,0 days 00:39:10.719000,0 days 00:40:15.697000,0 days 00:40:49.931000,247.0,174.0,214.0,246.0,False,INTERMEDIATE,1.0,True,Williams,0 days 00:38:18.668000,2021-08-28 13:23:20.641,1,,False,,False,False
0 days 00:42:50.635000,LAT,6,0 days 00:02:00.966000,7.0,2.0,,,0 days 00:00:33.468000,0 days 00:00:55.653000,0 days 00:00:31.845000,0 days 00:41:23.137000,0 days 00:42:18.790000,0 days 00:42:50.635000,303.0,185.0,211.0,281.0,True,INTERMEDIATE,2.0,True,Williams,0 days 00:40:49.669000,2021-08-28 13:25:51.642,1,,False,,False,True
0 days 00:44:52.482000,LAT,6,0 days 00:02:01.847000,8.0,2.0,,,0 days 00:00:33.685000,0 days 00:00:56.079000,0 days 00:00:32.083000,0 days 00:43:24.320000,0 days 00:44:20.399000,0 days 00:44:52.482000,294.0,186.0,214.0,283.0,False,INTERMEDIATE,3.0,True,Williams,0 days 00:42:50.635000,2021-08-28 13:27:52.608,1,,False,,False,True
0 days 00:47:16.257000,LAT,6,0 days 00:02:23.775000,9.0,2.0,,0 days 00:47:12.545000,0 days 00:00:33.503000,0 days 00:01:04.574000,0 days 00:00:45.698000,0 days 00:45:25.985000,0 days 00:46:30.559000,0 days 00:47:16.257000,295.0,163.0,,291.0,False,INTERMEDIATE,4.0,True,Williams,0 days 00:44:52.482000,2021-08-28 13:29:54.455,1,,False,,False,False
0 days 00:54:13.585000,LAT,6,,10.0,3.0,0 days 00:52:00.973000,,,0 days 00:01:03.747000,0 days 00:00:36.804000,,0 days 00:53:36.856000,0 days 00:54:13.701000,219.0,175.0,215.0,237.0,False,INTERMEDIATE,1.0,True,Williams,0 days 00:47:16.257000,2021-08-28 13:32:18.230,1,,False,,False,False
0 days 00:56:12.947000,LAT,6,0 days 00:01:59.362000,11.0,3.0,,,0 days 00:00:33.309000,0 days 00:00:54.513000,0 days 00:00:31.540000,0 days 00:54:46.894000,0 days 00:55:41.407000,0 days 00:56:12.947000,307.0,186.0,203.0,291.0,True,INTERMEDIATE,2.0,True,Williams,0 days 00:54:13.585000,2021-08-28 13:39:15.558,1,,False,,False,True
0 days 00:58:33.915000,LAT,6,0 days 00:02:20.968000,12.0,3.0,,,0 days 00:00:37.048000,0 days 00:01:05.069000,0 days 00:00:38.851000,0 days 00:56:49.995000,0 days 00:57:55.064000,0 days 00:58:33.915000,182.0,171.0,217.0,272.0,False,INTERMEDIATE,3.0,True,Williams,0 days 00:56:12.947000,2021-08-28 13:41:14.920,1,,False,,False,True
0 days 01:00:34.052000,LAT,6,0 days 00:02:00.137000,13.0,3.0,,,0 days 00:00:33.034000,0 days 00:00:54.768000,0 days 00:00:32.335000,0 days 00:59:06.949000,0 days 01:00:01.717000,0 days 01:00:34.052000,304.0,186.0,196.0,303.0,False,INTERMEDIATE,4.0,True,Williams,0 days 00:58:33.915000,2021-08-28 13:43:35.888,1,,False,,False,True
0 days 01:02:55.224000,LAT,6,0 days 00:02:21.172000,14.0,3.0,,0 days 01:02:51.435000,0 days 00:00:36.548000,0 days 00:01:04.281000,0 days 00:00:40.343000,0 days 01:01:10.600000,0 days 01:02:14.881000,0 days 01:02:55.224000,279.0,172.0,,260.0,False,INTERMEDIATE,5.0,True,Williams,0 days 01:00:34.052000,2021-08-28 13:45:36.025,1,,False,,False,False
0 days 01:05:32.833000,LAT,6,,15.0,4.0,0 days 01:03:18.498000,,0 days 00:00:55.992000,0 days 00:01:03.199000,0 days 00:00:38.398000,0 days 01:03:51.289000,0 days 01:04:54.520000,0 days 01:05:32.903000,263.0,167.0,218.0,228.0,False,INTERMEDIATE,1.0,True,Williams,0 days 01:02:55.224000,2021-08-28 13:47:57.197,1,,False,,False,False
0 days 01:07:30.889000,LAT,6,0 days 00:01:58.056000,16.0,4.0,,,0 days 00:00:32.643000,0 days 00:00:53.542000,0 days 00:00:31.871000,0 days 01:06:05.476000,0 days 01:06:59.018000,0 days 01:07:30.889000,309.0,173.0,207.0,305.0,True,INTERMEDIATE,2.0,True,Williams,0 days 01:05:32.833000,2021-08-28 13:50:34.806,1,,False,,False,True
0 days 01:10:03.841000,LAT,6,0 days 00:02:32.952000,17.0,4.0,,0 days 01:10:00.040000,0 days 00:00:39.523000,0 days 00:01:09.620000,0 days 00:00:43.809000,0 days 01:08:10.412000,0 days 01:09:20.032000,0 days 01:10:03.841000,179.0,168.0,,226.0,False,INTERMEDIATE,3.0,True,Williams,0 days 01:07:30.889000,2021-08-28 13:52:32.862,1,,False,,False,False
0 days 00:30:54.242000,SAI,55,,1.0,1.0,0 days 00:28:15.844000,,,0 days 00:01:04.075000,0 days 00:00:59.404000,,0 days 00:29:54.839000,0 days 00:30:54.433000,249.0,160.0,203.0,248.0,False,WET,1.0,True,Ferrari,0 days 00:28:15.844000,2021-08-28 13:13:17.817,12,,False,,False,False
0 days 00:33:06.236000,SAI,55,0 days 00:02:11.994000,2.0,1.0,,,0 days 00:00:35.339000,0 days 00:01:02.640000,0 days 00:00:34.015000,0 days 00:31:29.581000,0 days 00:32:32.221000,0 days 00:33:06.236000,290.0,167.0,209.0,265.0,True,WET,2.0,True,Ferrari,0 days 00:30:54.242000,2021-08-28 13:15:56.215,21,,False,,False,True
0 days 00:35:21.275000,SAI,55,0 days 00:02:15.039000,3.0,1.0,,0 days 00:35:17.469000,0 days 00:00:34.659000,0 days 00:01:01.588000,0 days 00:00:38.792000,0 days 00:33:40.895000,0 days 00:34:42.483000,0 days 00:35:21.275000,288.0,164.0,,271.0,False,WET,3.0,True,Ferrari,0 days 00:33:06.236000,2021-08-28 13:18:08.209,1,,False,,False,False
0 days 00:37:53.638000,SAI,55,,4.0,2.0,0 days 00:35:43.269000,,0 days 00:00:54.994000,0 days 00:01:01.886000,0 days 00:00:35.517000,0 days 00:36:16.242000,0 days 00:37:18.220000,0 days 00:37:53.890000,291.0,164.0,215.0,256.0,False,INTERMEDIATE,1.0,True,Ferrari,0 days 00:35:21.275000,2021-08-28 13:20:23.248,1,,False,,False,False
0 days 00:39:55.695000,SAI,55,0 days 00:02:02.057000,5.0,2.0,,,0 days 00:00:33.365000,0 days 00:00:56.619000,0 days 00:00:32.073000,0 days 00:38:27.003000,0 days 00:39:23.622000,0 days 00:39:55.695000,297.0,175.0,212.0,289.0,True,INTERMEDIATE,2.0,True,Ferrari,0 days 00:37:53.638000,2021-08-28 13:22:55.611,1,,False,,False,True
0 days 00:42:04.555000,SAI,55,0 days 00:02:08.860000,6.0,2.0,,,0 days 00:00:33.894000,0 days 00:01:00.817000,0 days 00:00:34.149000,0 days 00:40:29.589000,0 days 00:41:30.406000,0 days 00:42:04.555000,266.0,171.0,217.0,272.0,False,INTERMEDIATE,3.0,True,Ferrari,0 days 00:39:55.695000,2021-08-28 13:24:57.668,1,,False,,False,True
0 days 00:44:05.739000,SAI,55,0 days 00:02:01.184000,7.0,2.0,,,0 days 00:00:33.030000,0 days 00:00:56.311000,0 days 00:00:31.843000,0 days 00:42:37.585000,0 days 00:43:33.896000,0 days 00:44:05.739000,305.0,175.0,210.0,297.0,True,INTERMEDIATE,4.0,True,Ferrari,0 days 00:42:04.555000,2021-08-28 13:27:06.528,1,,False,,False,True
0 days 00:46:14.144000,SAI,55,0 days 00:02:08.405000,8.0,2.0,,0 days 00:46:10.367000,0 days 00:00:33.390000,0 days 00:00:56.582000,0 days 00:00:38.433000,0 days 00:44:39.129000,0 days 00:45:35.711000,0 days 00:46:14.144000,294.0,177.0,,296.0,False,INTERMEDIATE,5.0,True,Ferrari,0 days 00:44:05.739000,2021-08-28 13:29:07.712,1,,False,,False,False
0 days 00:54:40.616000,SAI,55,,9.0,3.0,0 days 00:52:21.190000,,,0 days 00:01:00.745000,0 days 00:00:38.517000,,0 days 00:54:02.166000,0 days 00:54:40.661000,264.0,145.0,221.0,250.0,False,INTERMEDIATE,1.0,True,Ferrari,0 days 00:46:14.144000,2021-08-28 13:31:16.117,1,,False,,False,False
0 days 00:56:39.795000,SAI,55,0 days 00:01:59.179000,10.0,3.0,,,0 days 00:00:32.888000,0 days 00:00:54.979000,0 days 00:00:31.312000,0 days 00:55:13.504000,0 days 00:56:08.483000,0 days 00:56:39.795000,304.0,182.0,206.0,302.0,True,INTERMEDIATE,2.0,True,Ferrari,0 days 00:54:40.616000,2021-08-28 13:39:42.589,1,,False,,False,True
0 days 00:58:58.816000,SAI,55,0 days 00:02:19.021000,11.0,3.0,,0 days 00:58:54.995000,0 days 00:00:39.335000,0 days 00:01:00.051000,0 days 00:00:39.635000,0 days 00:57:19.130000,0 days 00:58:19.181000,0 days 00:58:58.816000,248.0,170.0,,232.0,False,INTERMEDIATE,3.0,True,Ferrari,0 days 00:56:39.795000,2021-08-28 13:41:41.768,1,,False,,False,False
0 days 01:01:23.783000,SAI,55,0 days 00:02:24.967000,12.0,4.0,0 days 00:59:18.383000,,0 days 00:00:50.323000,0 days 00:01:00.976000,0 days 00:00:33.668000,0 days 00:59:49.139000,0 days 01:00:50.115000,0 days 01:01:23.783000,268.0,166.0,218.0,259.0,False,INTERMEDIATE,1.0,True,Ferrari,0 days 00:58:58.816000,2021-08-28 13:44:00.789,1,,False,,False,False
0 days 01:03:21.920000,SAI,55,0 days 00:01:58.137000,13.0,4.0,,,0 days 00:00:32.531000,0 days 00:00:54.170000,0 days 00:00:31.436000,0 days 01:01:56.314000,0 days 01:02:50.484000,0 days 01:03:21.920000,312.0,185.0,201.0,304.0,True,INTERMEDIATE,2.0,True,Ferrari,0 days 01:01:23.783000,2021-08-28 13:46:25.756,1,,False,,False,True
0 days 01:05:53.139000,SAI,55,,14.0,4.0,,,0 days 00:00:42.716000,0 days 00:01:08.827000,0 days 00:00:39.681000,0 days 01:04:04.657000,0 days 01:05:13.494000,0 days 01:05:53.190000,198.0,159.0,218.0,236.0,False,INTERMEDIATE,3.0,True,Ferrari,0 days 01:03:21.920000,2021-08-28 13:48:23.893,1,,False,,False,False
0 days 01:07:59.676000,SAI,55,0 days 00:02:06.537000,15.0,4.0,,0 days 01:07:55.832000,0 days 00:00:32.859000,0 days 00:00:54.500000,0 days 00:00:39.178000,0 days 01:06:25.998000,0 days 01:07:20.498000,0 days 01:07:59.676000,310.0,176.0,,303.0,False,INTERMEDIATE,4.0,True,Ferrari,0 days 01:05:53.139000,2021-08-28 13:50:55.112,1,,False,,False,False
0 days 00:31:09.419000,ALO,14,,1.0,1.0,0 days 00:28:25.576000,,,0 days 00:01:11.118000,0 days 00:00:51.651000,,0 days 00:30:17.821000,0 days 00:31:09.675000,214.0,156.0,195.0,188.0,False,WET,1.0,True,Alpine,0 days 00:28:25.576000,2021-08-28 13:13:27.549,12,,False,,False,False
0 days 00:33:20.533000,ALO,14,0 days 00:02:11.114000,2.0,1.0,,,0 days 00:00:35.521000,0 days 00:01:01.506000,0 days 00:00:34.087000,0 days 00:31:44.940000,0 days 00:32:46.446000,0 days 00:33:20.533000,288.0,166.0,207.0,254.0,True,WET,2.0,True,Alpine,0 days 00:31:09.419000,2021-08-28 13:16:11.392,1,,False,,False,True
0 days 00:35:30.148000,ALO,14,0 days 00:02:09.615000,3.0,1.0,,,0 days 00:00:34.813000,0 days 00:01:00.750000,0 days 00:00:34.052000,0 days 00:33:55.346000,0 days 00:34:56.096000,0 days 00:35:30.148000,292.0,166.0,202.0,266.0,True,WET,3.0,True,Alpine,0 days 00:33:20.533000,2021-08-28 13:18:22.506,1,,False,,False,True
0 days 00:37:52.162000,ALO,14,0 days 00:02:22.014000,4.0,1.0,,0 days 00:37:47.989000,0 days 00:00:37.827000,0 days 00:01:02.962000,0 days 00:00:41.225000,0 days 00:36:07.975000,0 days 00:37:10.937000,0 days 00:37:52.162000,257.0,160.0,,244.0,False,WET,4.0,True,Alpine,0 days 00:35:30.148000,2021-08-28 13:20:32.121,1,,False,,False,False
0 days 00:40:26.175000,ALO,14,,5.0,2.0,0 days 00:38:13.710000,,0 days 00:00:52.048000,0 days 00:01:06.581000,0 days 00:00:35.395000,0 days 00:38:44.232000,0 days 00:39:50.780000,0 days 00:40:26.422000,269.0,163.0,212.0,245.0,False,INTERMEDIATE,1.0,True,Alpine,0 days 00:37:52.162000,2021-08-28 13:22:54.135,1,,False,,False,False
0 days 00:42:28.873000,ALO,14,0 days 00:02:02.698000,6.0,2.0,,,0 days 00:00:33.607000,0 days 00:00:56.900000,0 days 00:00:32.191000,0 days 00:40:59.782000,0 days 00:41:56.682000,0 days 00:42:28.873000,293.0,173.0,211.0,281.0,True,INTERMEDIATE,2.0,True,Alpine,0 days 00:40:26.175000,2021-08-28 13:25:28.148,1,,False,,False,True
0 days 00:44:30.526000,ALO,14,0 days 00:02:01.653000,7.0,2.0,,,0 days 00:00:33.246000,0 days 00:00:56.098000,0 days 00:00:32.309000,0 days 00:43:02.119000,0 days 00:43:58.217000,0 days 00:44:30.526000,307.0,178.0,210.0,288.0,True,INTERMEDIATE,3.0,True,Alpine,0 days 00:42:28.873000,2021-08-28 13:27:30.846,1,,False,,False,True
0 days 00:47:01.913000,ALO,14,0 days 00:02:31.387000,8.0,2.0,,0 days 00:46:58.177000,0 days 00:00:38.702000,0 days 00:01:08.821000,0 days 00:00:43.864000,0 days 00:45:09.228000,0 days 00:46:18.049000,0 days 00:47:01.913000,207.0,139.0,,257.0,False,INTERMEDIATE,4.0,True,Alpine,0 days 00:44:30.526000,2021-08-28 13:29:32.499,1,,False,,False,False
0 days 00:55:25.981000,ALO,14,,9.0,3.0,0 days 00:52:55.919000,,,0 days 00:01:08.677000,0 days 00:00:44.430000,,0 days 00:54:41.551000,0 days 00:55:26.089000,281.0,142.0,214.0,220.0,False,INTERMEDIATE,1.0,True,Alpine,0 days 00:47:01.913000,2021-08-28 13:32:03.886,1,,False,,False,False
0 days 00:57:26.363000,ALO,14,0 days 00:02:00.382000,10.0,3.0,,,0 days 00:00:33.211000,0 days 00:00:54.767000,0 days 00:00:32.404000,0 days 00:55:59.192000,0 days 00:56:53.959000,0 days 00:57:26.363000,307.0,173.0,213.0,294.0,True,INTERMEDIATE,2.0,True,Alpine,0 days 00:55:25.981000,2021-08-28 13:40:27.954,1,,False,,False,True
0 days 00:59:58.282000,ALO,14,,11.0,3.0,,,0 days 00:00:44.606000,0 days 00:01:08.575000,0 days 00:00:38.769000,0 days 00:58:10.987000,0 days 00:59:19.581000,0 days 00:59:58.306000,240.0,150.0,217.0,193.0,False,INTERMEDIATE,3.0,True,Alpine,0 days 00:57:26.363000,2021-08-28 13:42:28.336,1,,False,,False,False
0 days 01:01:57.957000,ALO,14,0 days 00:01:59.675000,12.0,3.0,,,0 days 00:00:33.064000,0 days 00:00:54.653000,0 days 00:00:31.958000,0 days 01:00:31.346000,0 days 01:01:25.999000,0 days 01:01:57.957000,309.0,185.0,207.0,298.0,True,INTERMEDIATE,4.0,True,Alpine,0 days 00:59:58.282000,2021-08-28 13:45:00.255,1,,False,,False,True
0 days 01:04:27.077000,ALO,14,0 days 00:02:29.120000,13.0,3.0,,0 days 01:04:23.230000,0 days 00:00:38.689000,0 days 00:01:05.667000,0 days 00:00:44.764000,0 days 01:02:36.646000,0 days 01:03:42.313000,0 days 01:04:27.077000,239.0,132.0,,228.0,False,INTERMEDIATE,5.0,True,Alpine,0 days 01:01:57.957000,2021-08-28 13:46:59.930,1,,False,,False,False
0 days 01:06:55.409000,ALO,14,0 days 00:02:28.332000,14.0,4.0,0 days 01:04:50.985000,,0 days 00:00:56.006000,0 days 00:00:59.506000,0 days 00:00:32.820000,0 days 01:05:23.083000,0 days 01:06:22.589000,0 days 01:06:55.409000,196.0,174.0,217.0,248.0,False,INTERMEDIATE,1.0,True,Alpine,0 days 01:04:27.077000,2021-08-28 13:49:29.050,1,,False,,False,False
0 days 01:08:53.614000,ALO,14,0 days 00:01:58.205000,15.0,4.0,,,0 days 00:00:32.717000,0 days 00:00:53.614000,0 days 00:00:31.874000,0 days 01:07:28.126000,0 days 01:08:21.740000,0 days 01:08:53.614000,310.0,183.0,209.0,301.0,True,INTERMEDIATE,2.0,True,Alpine,0 days 01:06:55.409000,2021-08-28 13:51:57.382,1,,False,,False,True
0 days 01:11:25.270000,ALO,14,0 days 00:02:31.656000,16.0,4.0,,0 days 01:11:21.436000,0 days 00:00:43.177000,0 days 00:01:06.391000,0 days 00:00:42.088000,0 days 01:09:36.791000,0 days 01:10:43.182000,0 days 01:11:25.270000,221.0,161.0,,197.0,False,INTERMEDIATE,3.0,True,Alpine,0 days 01:08:53.614000,2021-08-28 13:53:55.587,1,,False,,False,False
0 days 00:31:24.646000,STR,18,,1.0,1.0,0 days 00:28:30.344000,,,0 days 00:01:11.985000,0 days 00:01:00.031000,,0 days 00:30:24.618000,0 days 00:31:24.894000,227.0,142.0,192.0,195.0,False,WET,1.0,True,Aston Martin,0 days 00:28:30.344000,2021-08-28 13:13:32.317,12,,False,,False,False
0 days 00:33:35.784000,STR,18,0 days 00:02:11.138000,2.0,1.0,,,0 days 00:00:36.040000,0 days 00:01:01.406000,0 days 00:00:33.692000,0 days 00:32:00.686000,0 days 00:33:02.092000,0 days 00:33:35.784000,292.0,150.0,202.0,242.0,True,WET,2.0,True,Aston Martin,0 days 00:31:24.646000,2021-08-28 13:16:26.619,1,,False,,False,True
0 days 00:35:44.350000,STR,18,0 days 00:02:08.566000,3.0,1.0,,,0 days 00:00:34.738000,0 days 00:01:00.354000,0 days 00:00:33.474000,0 days 00:34:10.522000,0 days 00:35:10.876000,0 days 00:35:44.350000,288.0,170.0,204.0,268.0,True,WET,3.0,True,Aston Martin,0 days 00:33:35.784000,2021-08-28 13:18:37.757,1,,False,,False,True
0 days 00:38:03.302000,STR,18,0 days 00:02:18.952000,4.0,1.0,,0 days 00:37:59.856000,0 days 00:00:36.933000,0 days 00:01:02.184000,0 days 00:00:39.835000,0 days 00:36:21.283000,0 days 00:37:23.467000,0 days 00:38:03.302000,279.0,151.0,,235.0,False,WET,4.0,True,Aston Martin,0 days 00:35:44.350000,2021-08-28 13:20:46.323,1,,False,,False,False
0 days 00:40:32.107000,STR,18,0 days 00:02:28.805000,5.0,2.0,0 days 00:38:23.846000,,0 days 00:00:50.874000,0 days 00:00:59.300000,0 days 00:00:38.631000,0 days 00:38:54.176000,0 days 00:39:53.476000,0 days 00:40:32.107000,286.0,169.0,211.0,250.0,False,INTERMEDIATE,1.0,True,Aston Martin,0 days 00:38:03.302000,2021-08-28 13:23:05.275,1,,False,,False,False
0 days 00:42:33.793000,STR,18,0 days 00:02:01.686000,6.0,2.0,,,0 days 00:00:33.477000,0 days 00:00:56.395000,0 days 00:00:31.814000,0 days 00:41:05.584000,0 days 00:42:01.979000,0 days 00:42:33.793000,301.0,181.0,213.0,274.0,True,INTERMEDIATE,2.0,True,Aston Martin,0 days 00:40:32.107000,2021-08-28 13:25:34.080,1,,False,,False,True
0 days 00:44:35.631000,STR,18,0 days 00:02:01.838000,7.0,2.0,,,0 days 00:00:33.352000,0 days 00:00:55.980000,0 days 00:00:32.506000,0 days 00:43:07.145000,0 days 00:44:03.125000,0 days 00:44:35.631000,299.0,171.0,214.0,283.0,False,INTERMEDIATE,3.0,True,Aston Martin,0 days 00:42:33.793000,2021-08-28 13:27:35.766,1,,False,,False,True
0 days 00:46:37.228000,STR,18,0 days 00:02:01.597000,8.0,2.0,,,0 days 00:00:33.625000,0 days 00:00:56.163000,0 days 00:00:31.809000,0 days 00:45:09.256000,0 days 00:46:05.419000,0 days 00:46:37.228000,305.0,175.0,211.0,277.0,True,INTERMEDIATE,4.0,True,Aston Martin,0 days 00:44:35.631000,2021-08-28 13:29:37.604,1,,False,,False,True
0 days 00:48:58.325000,STR,18,0 days 00:02:21.097000,9.0,2.0,,0 days 00:48:54.653000,0 days 00:00:37.982000,0 days 00:01:01.281000,0 days 00:00:41.834000,0 days 00:47:15.210000,0 days 00:48:16.491000,0 days 00:48:58.325000,238.0,164.0,,237.0,False,INTERMEDIATE,5.0,True,Aston Martin,0 days 00:46:37.228000,2021-08-28 13:31:39.201,1,,False,,False,False
0 days 00:55:40.874000,STR,18,,10.0,3.0,0 days 00:53:04.750000,,,0 days 00:01:03.718000,0 days 00:00:53.242000,,0 days 00:54:47.933000,0 days 00:55:40.888000,231.0,104.0,210.0,225.0,False,INTERMEDIATE,1.0,True,Aston Martin,0 days 00:48:58.325000,2021-08-28 13:34:00.298,1,,False,,False,False
0 days 00:57:39.666000,STR,18,0 days 00:01:58.792000,11.0,3.0,,,0 days 00:00:33.367000,0 days 00:00:54.354000,0 days 00:00:31.071000,0 days 00:56:14.241000,0 days 00:57:08.595000,0 days 00:57:39.666000,308.0,179.0,216.0,292.0,True,INTERMEDIATE,2.0,True,Aston Martin,0 days 00:55:40.874000,2021-08-28 13:40:42.847,1,,False,,False,True
0 days 01:00:24.283000,STR,18,,12.0,3.0,,,0 days 00:00:42.673000,0 days 00:01:18.621000,0 days 00:00:43.341000,0 days 00:58:22.333000,0 days 00:59:40.942000,0 days 01:00:24.320000,209.0,148.0,212.0,187.0,False,INTERMEDIATE,3.0,True,Aston Martin,0 days 00:57:39.666000,2021-08-28 13:42:41.639,1,,False,,False,False
0 days 01:02:22.514000,STR,18,0 days 00:01:58.231000,13.0,3.0,,,0 days 00:00:33.158000,0 days 00:00:53.683000,0 days 00:00:31.390000,0 days 01:00:57.441000,0 days 01:01:51.124000,0 days 01:02:22.514000,304.0,182.0,215.0,290.0,True,INTERMEDIATE,4.0,True,Aston Martin,0 days 01:00:24.283000,2021-08-28 13:45:26.256,1,,False,,False,True
0 days 01:04:34.717000,STR,18,0 days 00:02:12.203000,14.0,3.0,,0 days 01:04:31.227000,0 days 00:00:35.664000,0 days 00:00:58.745000,0 days 00:00:37.794000,0 days 01:02:58.178000,0 days 01:03:56.923000,0 days 01:04:34.717000,283.0,177.0,,271.0,False,INTERMEDIATE,5.0,True,Aston Martin,0 days 01:02:22.514000,2021-08-28 13:47:24.487,1,,False,,False,False
0 days 01:06:59.502000,STR,18,0 days 00:02:24.785000,15.0,4.0,0 days 01:04:54.747000,,0 days 00:00:49.571000,0 days 00:00:58.851000,0 days 00:00:36.363000,0 days 01:05:24.288000,0 days 01:06:23.139000,0 days 01:06:59.502000,226.0,180.0,203.0,270.0,False,INTERMEDIATE,1.0,True,Aston Martin,0 days 01:04:34.717000,2021-08-28 13:49:36.690,1,,False,,False,False
0 days 01:09:09.736000,STR,18,0 days 00:02:10.234000,16.0,4.0,,0 days 01:09:06.202000,0 days 00:00:34.296000,0 days 00:00:56.955000,0 days 00:00:38.983000,0 days 01:07:33.798000,0 days 01:08:30.753000,0 days 01:09:09.736000,283.0,180.0,,276.0,False,INTERMEDIATE,2.0,True,Aston Martin,0 days 01:06:59.502000,2021-08-28 13:52:01.475,1,,False,,False,False
0 days 00:30:02.249000,GIO,99,,1.0,1.0,0 days 00:27:20.083000,,,0 days 00:01:10.372000,0 days 00:00:55.238000,,0 days 00:29:07.073000,0 days 00:30:02.564000,208.0,155.0,187.0,208.0,False,WET,1.0,True,Alfa Romeo Racing,0 days 00:27:20.083000,2021-08-28 13:12:22.056,1,,False,,False,False
0 days 00:32:14.363000,GIO,99,0 days 00:02:12.114000,2.0,1.0,,,0 days 00:00:36.052000,0 days 00:01:02.101000,0 days 00:00:33.961000,0 days 00:30:38.301000,0 days 00:31:40.402000,0 days 00:32:14.363000,242.0,160.0,201.0,261.0,True,WET,2.0,True,Alfa Romeo Racing,0 days 00:30:02.249000,2021-08-28 13:15:04.222,12,,False,,False,True
0 days 00:34:25.421000,GIO,99,0 days 00:02:11.058000,3.0,1.0,,,0 days 00:00:35.037000,0 days 00:01:02.077000,0 days 00:00:33.944000,0 days 00:32:49.400000,0 days 00:33:51.477000,0 days 00:34:25.421000,255.0,146.0,198.0,275.0,True,WET,3.0,True,Alfa Romeo Racing,0 days 00:32:14.363000,2021-08-28 13:17:16.336,1,,False,,False,True
0 days 00:36:51.150000,GIO,99,0 days 00:02:25.729000,4.0,1.0,,0 days 00:36:47.343000,0 days 00:00:35.219000,0 days 00:01:07.834000,0 days 00:00:42.676000,0 days 00:35:00.640000,0 days 00:36:08.474000,0 days 00:36:51.150000,263.0,155.0,,269.0,False,WET,4.0,True,Alfa Romeo Racing,0 days 00:34:25.421000,2021-08-28 13:19:27.394,1,,False,,False,False
0 days 00:39:23.087000,GIO,99,,5.0,2.0,0 days 00:37:12.209000,,0 days 00:00:51.470000,0 days 00:01:01.668000,0 days 00:00:38.816000,0 days 00:37:42.714000,0 days 00:38:44.271000,0 days 00:39:23.321000,257.0,165.0,214.0,259.0,False,INTERMEDIATE,1.0,True,Alfa Romeo Racing,0 days 00:36:51.150000,2021-08-28 13:21:53.123,1,,False,,False,False
0 days 00:41:26.275000,GIO,99,0 days 00:02:03.188000,6.0,2.0,,,0 days 00:00:33.928000,0 days 00:00:57.233000,0 days 00:00:32.027000,0 days 00:39:57.015000,0 days 00:40:54.248000,0 days 00:41:26.275000,294.0,171.0,213.0,286.0,True,INTERMEDIATE,2.0,True,Alfa Romeo Racing,0 days 00:39:23.087000,2021-08-28 13:24:25.060,1,,False,,False,True
0 days 00:43:41.188000,GIO,99,0 days 00:02:14.913000,7.0,2.0,,,0 days 00:00:33.410000,0 days 00:00:58.427000,0 days 00:00:43.076000,0 days 00:41:59.685000,0 days 00:42:58.112000,0 days 00:43:41.188000,283.0,161.0,216.0,293.0,False,INTERMEDIATE,3.0,True,Alfa Romeo Racing,0 days 00:41:26.275000,2021-08-28 13:26:28.248,1,,False,,False,True
0 days 00:45:43.494000,GIO,99,0 days 00:02:02.306000,8.0,2.0,,,0 days 00:00:33.354000,0 days 00:00:56.986000,0 days 00:00:31.966000,0 days 00:44:14.542000,0 days 00:45:11.528000,0 days 00:45:43.494000,296.0,168.0,202.0,294.0,True,INTERMEDIATE,4.0,True,Alfa Romeo Racing,0 days 00:43:41.188000,2021-08-28 13:28:43.161,1,,False,,False,True
0 days 00:48:03.122000,GIO,99,,9.0,2.0,,0 days 00:48:03.122000,0 days 00:00:38.934000,0 days 00:01:03.201000,,0 days 00:46:22.539000,0 days 00:47:25.600000,,237.0,167.0,,219.0,False,INTERMEDIATE,5.0,True,Alfa Romeo Racing,0 days 00:45:43.494000,2021-08-28 13:30:45.467,1,,False,,False,False
0 days 00:29:56.505000,TSU,22,,1.0,1.0,0 days 00:27:16.260000,,,0 days 00:01:09.883000,0 days 00:00:52.190000,,0 days 00:29:04.328000,0 days 00:29:56.862000,204.0,156.0,190.0,222.0,False,WET,1.0,True,AlphaTauri,0 days 00:27:16.260000,2021-08-28 13:12:18.233,1,,False,,False,False
0 days 00:32:08.454000,TSU,22,0 days 00:02:11.949000,2.0,1.0,,,0 days 00:00:35.449000,0 days 00:01:01.951000,0 days 00:00:34.549000,0 days 00:30:31.954000,0 days 00:31:33.905000,0 days 00:32:08.454000,278.0,158.0,199.0,255.0,True,WET,2.0,True,AlphaTauri,0 days 00:29:56.505000,2021-08-28 13:14:58.478,12,,False,,False,True
0 days 00:34:19.050000,TSU,22,0 days 00:02:10.596000,3.0,1.0,,,0 days 00:00:34.980000,0 days 00:01:01.657000,0 days 00:00:33.959000,0 days 00:32:43.434000,0 days 00:33:45.091000,0 days 00:34:19.050000,270.0,168.0,201.0,262.0,True,WET,3.0,True,AlphaTauri,0 days 00:32:08.454000,2021-08-28 13:17:10.427,1,,False,,False,True
0 days 00:36:37.544000,TSU,22,0 days 00:02:18.494000,4.0,1.0,,0 days 00:36:33.785000,0 days 00:00:34.761000,0 days 00:01:03.652000,0 days 00:00:40.081000,0 days 00:34:53.811000,0 days 00:35:57.463000,0 days 00:36:37.544000,281.0,153.0,,270.0,False,WET,4.0,True,AlphaTauri,0 days 00:34:19.050000,2021-08-28 13:19:21.023,1,,False,,False,False
0 days 00:39:09.584000,TSU,22,,5.0,2.0,0 days 00:36:58.311000,,0 days 00:00:52.007000,0 days 00:01:02.223000,0 days 00:00:37.847000,0 days 00:37:29.526000,0 days 00:38:31.832000,0 days 00:39:09.863000,280.0,171.0,209.0,243.0,False,INTERMEDIATE,1.0,True,AlphaTauri,0 days 00:36:37.544000,2021-08-28 13:21:39.517,1,,False,,False,False
0 days 00:41:13.177000,TSU,22,0 days 00:02:03.593000,6.0,2.0,,,0 days 00:00:33.866000,0 days 00:00:57.502000,0 days 00:00:32.225000,0 days 00:39:43.450000,0 days 00:40:40.952000,0 days 00:41:13.177000,294.0,181.0,213.0,277.0,True,INTERMEDIATE,2.0,True,AlphaTauri,0 days 00:39:09.584000,2021-08-28 13:24:11.557,1,,False,,False,True
0 days 00:43:27.853000,TSU,22,0 days 00:02:14.676000,7.0,2.0,,,0 days 00:00:33.290000,0 days 00:01:03.145000,0 days 00:00:38.241000,0 days 00:41:46.467000,0 days 00:42:49.612000,0 days 00:43:27.853000,309.0,163.0,215.0,285.0,False,INTERMEDIATE,3.0,True,AlphaTauri,0 days 00:41:13.177000,2021-08-28 13:26:15.150,1,,False,,False,True
0 days 00:45:30.266000,TSU,22,0 days 00:02:02.413000,8.0,2.0,,,0 days 00:00:33.828000,0 days 00:00:56.510000,0 days 00:00:32.075000,0 days 00:44:01.681000,0 days 00:44:58.191000,0 days 00:45:30.266000,286.0,180.0,214.0,286.0,True,INTERMEDIATE,4.0,True,AlphaTauri,0 days 00:43:27.853000,2021-08-28 13:28:29.826,1,,False,,False,True
0 days 00:47:58.211000,TSU,22,0 days 00:02:27.945000,9.0,2.0,,0 days 00:47:53.909000,0 days 00:00:41.780000,0 days 00:01:04.558000,0 days 00:00:41.607000,0 days 00:46:12.046000,0 days 00:47:16.604000,0 days 00:47:58.211000,247.0,162.0,,196.0,False,INTERMEDIATE,5.0,True,AlphaTauri,0 days 00:45:30.266000,2021-08-28 13:30:32.239,1,,False,,False,False
0 days 00:30:31.448000,MSC,47,,1.0,1.0,0 days 00:27:28.632000,,,0 days 00:01:11.417000,0 days 00:01:12.065000,,0 days 00:29:19.383000,0 days 00:30:31.684000,187.0,151.0,196.0,196.0,False,WET,1.0,True,Haas F1 Team,0 days 00:27:28.632000,2021-08-28 13:12:30.605,1,,False,,False,False
0 days 00:32:46.091000,MSC,47,0 days 00:02:14.643000,2.0,1.0,,,0 days 00:00:36.550000,0 days 00:01:03.808000,0 days 00:00:34.285000,0 days 00:31:07.998000,0 days 00:32:11.806000,0 days 00:32:46.091000,258.0,158.0,199.0,253.0,True,WET,2.0,True,Haas F1 Team,0 days 00:30:31.448000,2021-08-28 13:15:33.421,12,,False,,False,True
0 days 00:35:16.744000,MSC,47,,3.0,1.0,,0 days 00:35:12.968000,0 days 00:00:37.454000,0 days 00:01:03.257000,0 days 00:00:49.939000,0 days 00:33:23.548000,0 days 00:34:26.818000,0 days 00:35:16.949000,270.0,156.0,,246.0,False,WET,3.0,True,Haas F1 Team,0 days 00:32:46.091000,2021-08-28 13:17:48.064,1,,False,,False,False
0 days 00:37:56.061000,MSC,47,,4.0,2.0,0 days 00:35:38.788000,,0 days 00:00:54.524000,0 days 00:01:08.380000,0 days 00:00:36.436000,0 days 00:36:11.296000,0 days 00:37:19.625000,0 days 00:37:56.319000,233.0,150.0,204.0,225.0,False,INTERMEDIATE,1.0,True,Haas F1 Team,0 days 00:35:16.744000,2021-08-28 13:20:18.717,1,,False,,False,False
0 days 00:40:01.902000,MSC,47,0 days 00:02:05.841000,5.0,2.0,,,0 days 00:00:34.612000,0 days 00:00:58.670000,0 days 00:00:32.559000,0 days 00:38:30.673000,0 days 00:39:29.343000,0 days 00:40:01.902000,295.0,168.0,211.0,268.0,True,INTERMEDIATE,2.0,True,Haas F1 Team,0 days 00:37:56.061000,2021-08-28 13:22:58.034,1,,False,,False,True
0 days 00:42:06.212000,MSC,47,0 days 00:02:04.310000,6.0,2.0,,,0 days 00:00:34.261000,0 days 00:00:57.282000,0 days 00:00:32.767000,0 days 00:40:36.163000,0 days 00:41:33.445000,0 days 00:42:06.212000,302.0,170.0,211.0,278.0,True,INTERMEDIATE,3.0,True,Haas F1 Team,0 days 00:40:01.902000,2021-08-28 13:25:03.875,1,,False,,False,True
0 days 00:44:10.185000,MSC,47,0 days 00:02:03.973000,7.0,2.0,,,0 days 00:00:33.815000,0 days 00:00:57.560000,0 days 00:00:32.598000,0 days 00:42:40.027000,0 days 00:43:37.587000,0 days 00:44:10.185000,294.0,167.0,210.0,284.0,True,INTERMEDIATE,4.0,True,Haas F1 Team,0 days 00:42:06.212000,2021-08-28 13:27:08.185,1,,False,,False,True
0 days 00:46:15.114000,MSC,47,0 days 00:02:04.929000,8.0,2.0,,,0 days 00:00:34.293000,0 days 00:00:57.848000,0 days 00:00:32.788000,0 days 00:44:44.478000,0 days 00:45:42.326000,0 days 00:46:15.114000,294.0,177.0,210.0,283.0,False,INTERMEDIATE,5.0,True,Haas F1 Team,0 days 00:44:10.185000,2021-08-28 13:29:12.158,1,,False,,False,True
0 days 00:48:37.156000,MSC,47,0 days 00:02:22.042000,9.0,2.0,,0 days 00:48:33.392000,0 days 00:00:40.329000,0 days 00:01:01.605000,0 days 00:00:40.108000,0 days 00:46:55.443000,0 days 00:47:57.048000,0 days 00:48:37.156000,250.0,165.0,,217.0,False,INTERMEDIATE,6.0,True,Haas F1 Team,0 days 00:46:15.114000,2021-08-28 13:31:17.087,1,,False,,False,False
0 days 00:29:49.359000,RAI,7,,1.0,1.0,0 days 00:27:12.113000,,,0 days 00:01:09.448000,0 days 00:00:47.773000,,0 days 00:29:01.586000,0 days 00:29:49.603000,180.0,157.0,189.0,201.0,False,WET,1.0,True,Alfa Romeo Racing,0 days 00:27:12.113000,2021-08-28 13:12:14.086,1,,False,,False,False
0 days 00:32:02.894000,RAI,7,0 days 00:02:13.535000,2.0,1.0,,,0 days 00:00:36.730000,0 days 00:01:02.065000,0 days 00:00:34.740000,0 days 00:30:26.089000,0 days 00:31:28.154000,0 days 00:32:02.894000,282.0,155.0,194.0,234.0,True,WET,2.0,True,Alfa Romeo Racing,0 days 00:29:49.359000,2021-08-28 13:14:51.332,12,,False,,False,True
0 days 00:34:16.676000,RAI,7,0 days 00:02:13.782000,3.0,1.0,,,0 days 00:00:36.064000,0 days 00:01:02.740000,0 days 00:00:34.978000,0 days 00:32:38.958000,0 days 00:33:41.698000,0 days 00:34:16.676000,283.0,150.0,187.0,246.0,False,WET,3.0,True,Alfa Romeo Racing,0 days 00:32:02.894000,2021-08-28 13:17:04.867,1,,False,,False,True
0 days 00:36:40.414000,RAI,7,0 days 00:02:23.738000,4.0,1.0,,0 days 00:36:36.690000,0 days 00:00:35.973000,0 days 00:01:06.917000,0 days 00:00:40.848000,0 days 00:34:52.649000,0 days 00:35:59.566000,0 days 00:36:40.414000,294.0,160.0,,252.0,False,WET,4.0,True,Alfa Romeo Racing,0 days 00:34:16.676000,2021-08-28 13:19:18.649,1,,False,,False,False
0 days 00:39:16.915000,RAI,7,,5.0,2.0,0 days 00:37:01.090000,,0 days 00:00:52.057000,0 days 00:01:04.077000,0 days 00:00:40.329000,0 days 00:37:32.580000,0 days 00:38:36.625000,0 days 00:39:17.131000,271.0,167.0,204.0,226.0,False,INTERMEDIATE,1.0,True,Alfa Romeo Racing,0 days 00:36:40.414000,2021-08-28 13:21:42.387,1,,False,,False,False
0 days 00:41:22.155000,RAI,7,0 days 00:02:05.240000,6.0,2.0,,,0 days 00:00:34.855000,0 days 00:00:58.004000,0 days 00:00:32.381000,0 days 00:39:51.770000,0 days 00:40:49.774000,0 days 00:41:22.155000,298.0,173.0,207.0,256.0,True,INTERMEDIATE,2.0,True,Alfa Romeo Racing,0 days 00:39:16.915000,2021-08-28 13:24:18.888,1,,False,,False,True
0 days 00:43:31.663000,RAI,7,0 days 00:02:09.508000,7.0,2.0,,,0 days 00:00:35.052000,0 days 00:00:58.744000,0 days 00:00:35.712000,0 days 00:41:57.207000,0 days 00:42:55.951000,0 days 00:43:31.663000,301.0,168.0,217.0,260.0,False,INTERMEDIATE,3.0,True,Alfa Romeo Racing,0 days 00:41:22.155000,2021-08-28 13:26:24.128,1,,False,,False,True
0 days 00:45:36.115000,RAI,7,0 days 00:02:04.452000,8.0,2.0,,,0 days 00:00:33.936000,0 days 00:00:58.157000,0 days 00:00:32.359000,0 days 00:44:05.599000,0 days 00:45:03.756000,0 days 00:45:36.115000,285.0,164.0,206.0,274.0,True,INTERMEDIATE,4.0,True,Alfa Romeo Racing,0 days 00:43:31.663000,2021-08-28 13:28:33.636,1,,False,,False,True
0 days 00:47:59.036000,RAI,7,0 days 00:02:22.921000,9.0,2.0,,0 days 00:47:55.286000,0 days 00:00:39.067000,0 days 00:01:02.982000,0 days 00:00:40.872000,0 days 00:46:15.182000,0 days 00:47:18.164000,0 days 00:47:59.036000,265.0,163.0,,214.0,False,INTERMEDIATE,5.0,True,Alfa Romeo Racing,0 days 00:45:36.115000,2021-08-28 13:30:38.088,1,,False,,False,False
0 days 00:30:37.231000,MAZ,9,,1.0,1.0,0 days 00:27:32.846000,,,0 days 00:01:10.027000,0 days 00:01:13.597000,,0 days 00:29:23.664000,0 days 00:30:37.473000,236.0,140.0,184.0,193.0,False,WET,1.0,True,Haas F1 Team,0 days 00:27:32.846000,2021-08-28 13:12:34.819,1,,False,,False,False
0 days 00:32:53.052000,MAZ,9,0 days 00:02:15.821000,2.0,1.0,,,0 days 00:00:37.430000,0 days 00:01:03.647000,0 days 00:00:34.744000,0 days 00:31:14.661000,0 days 00:32:18.308000,0 days 00:32:53.052000,259.0,159.0,196.0,231.0,True,WET,2.0,True,Haas F1 Team,0 days 00:30:37.231000,2021-08-28 13:15:39.204,12,,False,,False,True
0 days 00:35:04.422000,MAZ,9,0 days 00:02:11.370000,3.0,1.0,,,0 days 00:00:35.655000,0 days 00:01:01.398000,0 days 00:00:34.317000,0 days 00:33:28.707000,0 days 00:34:30.105000,0 days 00:35:04.422000,291.0,162.0,195.0,256.0,True,WET,3.0,True,Haas F1 Team,0 days 00:32:53.052000,2021-08-28 13:17:55.025,1,,False,,False,True
0 days 00:37:26.694000,MAZ,9,0 days 00:02:22.272000,4.0,1.0,,0 days 00:37:22.954000,0 days 00:00:38.012000,0 days 00:01:03.451000,0 days 00:00:40.809000,0 days 00:35:42.434000,0 days 00:36:45.885000,0 days 00:37:26.694000,262.0,138.0,,236.0,False,WET,4.0,True,Haas F1 Team,0 days 00:35:04.422000,2021-08-28 13:20:06.395,1,,False,,False,False
0 days 00:40:11.472000,MAZ,9,,5.0,2.0,0 days 00:37:48.692000,,0 days 00:00:53.336000,0 days 00:01:06.256000,0 days 00:00:45.179000,0 days 00:38:20.050000,0 days 00:39:26.661000,0 days 00:40:11.716000,260.0,81.0,206.0,227.0,False,INTERMEDIATE,1.0,True,Haas F1 Team,0 days 00:37:26.694000,2021-08-28 13:22:28.667,1,,False,,False,False
0 days 00:42:16.411000,MAZ,9,0 days 00:02:04.939000,6.0,2.0,,,0 days 00:00:34.790000,0 days 00:00:57.521000,0 days 00:00:32.628000,0 days 00:40:46.262000,0 days 00:41:43.783000,0 days 00:42:16.411000,293.0,164.0,207.0,259.0,True,INTERMEDIATE,2.0,True,Haas F1 Team,0 days 00:40:11.472000,2021-08-28 13:25:13.445,1,,False,,False,True
0 days 00:44:37.737000,MAZ,9,0 days 00:02:21.326000,7.0,2.0,,,0 days 00:00:33.855000,0 days 00:01:02.606000,0 days 00:00:44.865000,0 days 00:42:50.266000,0 days 00:43:52.872000,0 days 00:44:37.737000,302.0,150.0,199.0,278.0,False,INTERMEDIATE,3.0,True,Haas F1 Team,0 days 00:42:16.411000,2021-08-28 13:27:18.384,1,,False,,False,True
0 days 00:47:04.819000,MAZ,9,0 days 00:02:27.082000,8.0,2.0,,0 days 00:47:00.604000,0 days 00:00:35.655000,0 days 00:01:06.643000,0 days 00:00:44.784000,0 days 00:45:13.392000,0 days 00:46:20.035000,0 days 00:47:04.819000,298.0,146.0,,245.0,False,INTERMEDIATE,4.0,True,Haas F1 Team,0 days 00:44:37.737000,2021-08-28 13:29:39.710,1,,False,,False,False
