Time,Driver,DriverNumber,LapTime,LapNumber,Stint,PitOutTime,PitInTime,Sector1Time,Sector2Time,Sector3Time,Sector1SessionTime,Sector2SessionTime,Sector3SessionTime,SpeedI1,SpeedI2,SpeedFL,SpeedST,IsPersonalBest,Compound,TyreLife,FreshTyre,Team,LapStartTime,LapStartDate,TrackStatus,Position,Deleted,DeletedReason,FastF1Generated,IsAccurate
0 days 00:15:19.601000,RUS,63,,1.0,1.0,0 days 00:13:30.333000,,,0 days 00:00:43.698000,0 days 00:00:31.100000,,0 days 00:14:48.654000,0 days 00:15:19.647000,286.0,237.0,236.0,256.0,False,INTERMEDIATE,1.0,True,Mercedes,0 days 00:13:30.333000,2024-07-06 14:00:43.342,1,,False,,False,False
0 days 00:16:57.401000,RUS,63,0 days 00:01:37.800000,2.0,1.0,,,0 days 00:00:30.831000,0 days 00:00:39.784000,0 days 00:00:27.185000,0 days 00:15:50.432000,0 days 00:16:30.216000,0 days 00:16:57.401000,291.0,246.0,232.0,298.0,True,INTERMEDIATE,2.0,True,Mercedes,0 days 00:15:19.601000,2024-07-06 14:02:32.610,1,,False,,False,True
0 days 00:19:04.796000,RUS,63,0 days 00:02:07.395000,3.0,1.0,,,0 days 00:00:42.237000,0 days 00:00:53.886000,0 days 00:00:31.272000,0 days 00:17:39.638000,0 days 00:18:33.524000,0 days 00:19:04.796000,215.0,179.0,236.0,278.0,False,INTERMEDIATE,3.0,True,Mercedes,0 days 00:16:57.401000,2024-07-06 14:04:10.410,1,,False,,False,True
0 days 00:20:42.011000,RUS,63,0 days 00:01:37.215000,4.0,1.0,,,0 days 00:00:30.704000,0 days 00:00:39.456000,0 days 00:00:27.055000,0 days 00:19:35.500000,0 days 00:20:14.956000,0 days 00:20:42.011000,293.0,247.0,230.0,299.0,True,INTERMEDIATE,4.0,True,Mercedes,0 days 00:19:04.796000,2024-07-06 14:06:17.805,1,,False,,False,True
0 days 00:22:29.979000,RUS,63,0 days 00:01:47.968000,5.0,1.0,,0 days 00:22:24.033000,0 days 00:00:35.889000,0 days 00:00:44.201000,0 days 00:00:27.878000,0 days 00:21:17.900000,0 days 00:22:02.101000,0 days 00:22:29.979000,267.0,230.0,,283.0,False,INTERMEDIATE,5.0,True,Mercedes,0 days 00:20:42.011000,2024-07-06 14:07:55.020,1,,False,,False,False
0 days 00:33:04.674000,RUS,63,,6.0,2.0,0 days 00:23:04.104000,0 days 00:25:04.455000,,,,,,,,,,,False,SOFT,1.0,True,Mercedes,0 days 00:22:29.979000,2024-07-06 14:09:42.988,125,,False,,False,False
0 days 00:34:52.470000,RUS,63,,7.0,3.0,0 days 00:33:04.674000,,,0 days 00:00:42.067000,0 days 00:00:28.051000,,0 days 00:34:24.477000,0 days 00:34:52.631000,283.0,230.0,241.0,272.0,False,SOFT,1.0,True,Mercedes,0 days 00:33:04.674000,2024-07-06 14:20:17.683,1,,False,,False,False
0 days 00:36:29.463000,RUS,63,0 days 00:01:36.993000,8.0,3.0,,,0 days 00:00:29.055000,0 days 00:00:42.133000,0 days 00:00:25.805000,0 days 00:35:21.525000,0 days 00:36:03.658000,0 days 00:36:29.463000,283.0,254.0,248.0,294.0,False,SOFT,2.0,True,Mercedes,0 days 00:34:52.470000,2024-07-06 14:22:05.479,1,,True,TRACK LIMITS AT TURN 9 LAP 9 ,False,True
0 days 00:38:02.103000,RUS,63,0 days 00:01:32.640000,9.0,3.0,,,0 days 00:00:29.677000,0 days 00:00:37.805000,0 days 00:00:25.158000,0 days 00:36:59.140000,0 days 00:37:36.945000,0 days 00:38:02.103000,288.0,257.0,249.0,297.0,True,SOFT,3.0,True,Mercedes,0 days 00:36:29.463000,2024-07-06 14:23:42.472,1,,False,,False,True
0 days 00:39:32.209000,RUS,63,0 days 00:01:30.106000,10.0,3.0,,,0 days 00:00:28.970000,0 days 00:00:36.277000,0 days 00:00:24.859000,0 days 00:38:31.073000,0 days 00:39:07.350000,0 days 00:39:32.209000,291.0,262.0,251.0,300.0,True,SOFT,4.0,True,Mercedes,0 days 00:38:02.103000,2024-07-06 14:25:15.112,1,,False,,False,True
0 days 00:41:15.041000,RUS,63,0 days 00:01:42.832000,11.0,3.0,,0 days 00:41:09.032000,0 days 00:00:34.563000,0 days 00:00:41.238000,0 days 00:00:27.031000,0 days 00:40:06.772000,0 days 00:40:48.010000,0 days 00:41:15.041000,267.0,251.0,,283.0,False,SOFT,5.0,True,Mercedes,0 days 00:39:32.209000,2024-07-06 14:26:45.218,1,,False,,False,False
0 days 00:50:28.495000,RUS,63,,12.0,4.0,0 days 00:48:33.777000,,,0 days 00:00:44.146000,0 days 00:00:33.037000,,0 days 00:49:55.517000,0 days 00:50:28.539000,293.0,247.0,248.0,192.0,False,SOFT,6.0,False,Mercedes,0 days 00:41:15.041000,2024-07-06 14:28:28.050,1,,False,,False,False
0 days 00:51:58.266000,RUS,63,0 days 00:01:29.771000,13.0,4.0,,,0 days 00:00:28.526000,0 days 00:00:36.502000,0 days 00:00:24.743000,0 days 00:50:57.021000,0 days 00:51:33.523000,0 days 00:51:58.266000,307.0,262.0,250.0,310.0,True,SOFT,7.0,False,Mercedes,0 days 00:50:28.495000,2024-07-06 14:37:41.504,1,,False,,False,True
0 days 00:53:26.371000,RUS,63,0 days 00:01:28.105000,14.0,4.0,,,0 days 00:00:28.401000,0 days 00:00:35.690000,0 days 00:00:24.014000,0 days 00:52:26.667000,0 days 00:53:02.357000,0 days 00:53:26.371000,312.0,264.0,251.0,320.0,True,SOFT,8.0,False,Mercedes,0 days 00:51:58.266000,2024-07-06 14:39:11.275,1,,False,,False,True
0 days 00:55:01.754000,RUS,63,0 days 00:01:35.383000,15.0,4.0,,0 days 00:54:55.482000,0 days 00:00:29.921000,0 days 00:00:39.910000,0 days 00:00:25.552000,0 days 00:53:56.292000,0 days 00:54:36.202000,0 days 00:55:01.754000,284.0,252.0,,306.0,False,SOFT,9.0,False,Mercedes,0 days 00:53:26.371000,2024-07-06 14:40:39.380,1,,False,,False,False
0 days 00:57:56.634000,RUS,63,,16.0,5.0,0 days 00:56:17.073000,,,0 days 00:00:42.605000,0 days 00:00:28.337000,,0 days 00:57:28.358000,0 days 00:57:56.939000,296.0,227.0,253.0,300.0,False,SOFT,1.0,True,Mercedes,0 days 00:55:01.754000,2024-07-06 14:42:14.763,1,,False,,False,False
0 days 00:59:23.400000,RUS,63,0 days 00:01:26.766000,17.0,5.0,,,0 days 00:00:28.063000,0 days 00:00:35.087000,0 days 00:00:23.616000,0 days 00:58:24.697000,0 days 00:58:59.784000,0 days 00:59:23.400000,312.0,267.0,252.0,321.0,True,SOFT,2.0,True,Mercedes,0 days 00:57:56.634000,2024-07-06 14:45:09.643,1,,False,,False,True
0 days 01:01:30.011000,RUS,63,0 days 00:02:06.611000,18.0,5.0,,,0 days 00:00:42.161000,0 days 00:00:49.677000,0 days 00:00:34.773000,0 days 01:00:05.561000,0 days 01:00:55.238000,0 days 01:01:30.011000,240.0,230.0,253.0,303.0,False,SOFT,3.0,True,Mercedes,0 days 00:59:23.400000,2024-07-06 14:46:36.409,1,,False,,False,True
0 days 01:02:56.734000,RUS,63,0 days 00:01:26.723000,19.0,5.0,,,0 days 00:00:28.267000,0 days 00:00:35.016000,0 days 00:00:23.440000,0 days 01:01:58.278000,0 days 01:02:33.294000,0 days 01:02:56.734000,312.0,266.0,253.0,321.0,True,SOFT,4.0,True,Mercedes,0 days 01:01:30.011000,2024-07-06 14:48:43.020,1,,False,,False,True
0 days 01:04:43.700000,RUS,63,0 days 00:01:46.966000,20.0,5.0,,0 days 01:04:37.748000,0 days 00:00:33.082000,0 days 00:00:44.725000,0 days 00:00:29.159000,0 days 01:03:29.816000,0 days 01:04:14.541000,0 days 01:04:43.700000,276.0,246.0,,270.0,False,SOFT,5.0,True,Mercedes,0 days 01:02:56.734000,2024-07-06 14:50:09.743,1,,False,,False,False
0 days 01:13:59.218000,RUS,63,,21.0,6.0,0 days 01:12:11.157000,,,0 days 00:00:46.123000,0 days 00:00:27.961000,,0 days 01:13:31.359000,0 days 01:13:59.690000,288.0,239.0,255.0,288.0,False,SOFT,1.0,True,Mercedes,0 days 01:04:43.700000,2024-07-06 14:51:56.709,1,,False,,False,False
0 days 01:15:25.242000,RUS,63,0 days 00:01:26.024000,22.0,6.0,,,0 days 00:00:27.994000,0 days 00:00:34.640000,0 days 00:00:23.390000,0 days 01:14:27.212000,0 days 01:15:01.852000,0 days 01:15:25.242000,313.0,269.0,252.0,321.0,True,SOFT,2.0,True,Mercedes,0 days 01:13:59.218000,2024-07-06 15:01:12.227,1,,False,,False,True
0 days 01:17:12.986000,RUS,63,0 days 00:01:47.744000,23.0,6.0,,0 days 01:17:06.992000,0 days 00:00:35.608000,0 days 00:00:45.112000,0 days 00:00:27.024000,0 days 01:16:00.850000,0 days 01:16:45.962000,0 days 01:17:12.986000,278.0,243.0,,303.0,False,SOFT,3.0,True,Mercedes,0 days 01:15:25.242000,2024-07-06 15:02:38.251,1,,False,,False,False
0 days 01:21:35.888000,RUS,63,,24.0,7.0,0 days 01:19:42.872000,,,0 days 00:00:43.834000,0 days 00:00:26.566000,,0 days 01:21:09.343000,0 days 01:21:36.126000,294.0,240.0,256.0,303.0,False,SOFT,1.0,True,Mercedes,0 days 01:17:12.986000,2024-07-06 15:04:25.995,1,,False,,False,False
0 days 01:23:01.707000,RUS,63,0 days 00:01:25.819000,25.0,7.0,,,0 days 00:00:28.016000,0 days 00:00:34.508000,0 days 00:00:23.295000,0 days 01:22:03.904000,0 days 01:22:38.412000,0 days 01:23:01.707000,314.0,269.0,252.0,323.0,True,SOFT,2.0,True,Mercedes,0 days 01:21:35.888000,2024-07-06 15:08:48.897,1,,False,,False,True
0 days 01:24:55.397000,RUS,63,,26.0,7.0,,0 days 01:24:55.397000,0 days 00:00:40.333000,0 days 00:00:46.264000,,0 days 01:23:41.983000,0 days 01:24:28.298000,,219.0,214.0,,219.0,False,SOFT,3.0,True,Mercedes,0 days 01:23:01.707000,2024-07-06 15:10:14.716,1,,False,,False,False
0 days 00:15:14.333000,HAM,44,,1.0,1.0,0 days 00:13:27.607000,,,0 days 00:00:44.887000,0 days 00:00:29.152000,,0 days 00:14:45.181000,0 days 00:15:14.442000,278.0,232.0,230.0,281.0,False,INTERMEDIATE,1.0,True,Mercedes,0 days 00:13:27.607000,2024-07-06 14:00:40.616,1,,False,,False,False
0 days 00:16:52.092000,HAM,44,0 days 00:01:37.759000,2.0,1.0,,,0 days 00:00:31.107000,0 days 00:00:39.548000,0 days 00:00:27.104000,0 days 00:15:45.440000,0 days 00:16:24.988000,0 days 00:16:52.092000,291.0,238.0,231.0,298.0,True,INTERMEDIATE,2.0,True,Mercedes,0 days 00:15:14.333000,2024-07-06 14:02:27.342,1,,False,,False,True
0 days 00:18:54.855000,HAM,44,0 days 00:02:02.763000,3.0,1.0,,,0 days 00:00:40.701000,0 days 00:00:51.275000,0 days 00:00:30.787000,0 days 00:17:32.793000,0 days 00:18:24.068000,0 days 00:18:54.855000,200.0,226.0,232.0,257.0,False,INTERMEDIATE,3.0,True,Mercedes,0 days 00:16:52.092000,2024-07-06 14:04:05.101,1,,False,,False,True
0 days 00:20:31.989000,HAM,44,0 days 00:01:37.134000,4.0,1.0,,,0 days 00:00:30.696000,0 days 00:00:39.352000,0 days 00:00:27.086000,0 days 00:19:25.551000,0 days 00:20:04.903000,0 days 00:20:31.989000,292.0,246.0,234.0,298.0,True,INTERMEDIATE,4.0,True,Mercedes,0 days 00:18:54.855000,2024-07-06 14:06:07.864,1,,False,,False,True
0 days 00:22:18.453000,HAM,44,0 days 00:01:46.464000,5.0,1.0,,0 days 00:22:12.579000,0 days 00:00:33.450000,0 days 00:00:43.515000,0 days 00:00:29.499000,0 days 00:21:05.439000,0 days 00:21:48.954000,0 days 00:22:18.453000,262.0,234.0,,275.0,False,INTERMEDIATE,5.0,True,Mercedes,0 days 00:20:31.989000,2024-07-06 14:07:44.998,1,,False,,False,False
0 days 00:32:54.328000,HAM,44,,6.0,2.0,0 days 00:22:52.793000,0 days 00:24:51.705000,,,,,,,,,,,False,SOFT,1.0,True,Mercedes,0 days 00:22:18.453000,2024-07-06 14:09:31.462,125,,False,,False,False
0 days 00:34:38.597000,HAM,44,,7.0,3.0,0 days 00:32:54.328000,,,0 days 00:00:40.935000,0 days 00:00:27.964000,,0 days 00:34:10.741000,0 days 00:34:38.738000,283.0,244.0,235.0,286.0,False,SOFT,1.0,True,Mercedes,0 days 00:32:54.328000,2024-07-06 14:20:07.337,1,,False,,False,False
0 days 00:36:10.795000,HAM,44,0 days 00:01:32.198000,8.0,3.0,,,0 days 00:00:29.571000,0 days 00:00:37.473000,0 days 00:00:25.154000,0 days 00:35:08.168000,0 days 00:35:45.641000,0 days 00:36:10.795000,283.0,259.0,246.0,290.0,True,SOFT,2.0,True,Mercedes,0 days 00:34:38.597000,2024-07-06 14:21:51.606,1,,False,,False,True
0 days 00:37:53.234000,HAM,44,0 days 00:01:42.439000,9.0,3.0,,,0 days 00:00:31.081000,0 days 00:00:42.332000,0 days 00:00:29.026000,0 days 00:36:41.876000,0 days 00:37:24.208000,0 days 00:37:53.234000,282.0,241.0,243.0,285.0,False,SOFT,3.0,True,Mercedes,0 days 00:36:10.795000,2024-07-06 14:23:23.804,1,,False,,False,True
0 days 00:39:22.781000,HAM,44,0 days 00:01:29.547000,10.0,3.0,,,0 days 00:00:28.925000,0 days 00:00:35.670000,0 days 00:00:24.952000,0 days 00:38:22.159000,0 days 00:38:57.829000,0 days 00:39:22.781000,292.0,262.0,243.0,300.0,True,SOFT,4.0,True,Mercedes,0 days 00:37:53.234000,2024-07-06 14:25:06.243,1,,False,,False,True
0 days 00:41:05.600000,HAM,44,0 days 00:01:42.819000,11.0,3.0,,0 days 00:40:59.663000,0 days 00:00:32.216000,0 days 00:00:41.326000,0 days 00:00:29.277000,0 days 00:39:54.997000,0 days 00:40:36.323000,0 days 00:41:05.600000,266.0,243.0,,280.0,False,SOFT,5.0,True,Mercedes,0 days 00:39:22.781000,2024-07-06 14:26:35.790,1,,False,,False,False
0 days 00:50:13.695000,HAM,44,,12.0,4.0,0 days 00:48:24.766000,,,0 days 00:00:39.638000,0 days 00:00:26.365000,,0 days 00:49:47.437000,0 days 00:50:13.761000,147.0,245.0,250.0,301.0,False,SOFT,6.0,False,Mercedes,0 days 00:41:05.600000,2024-07-06 14:28:18.609,1,,False,,False,False
0 days 00:51:41.980000,HAM,44,0 days 00:01:28.285000,13.0,4.0,,,0 days 00:00:28.412000,0 days 00:00:35.730000,0 days 00:00:24.143000,0 days 00:50:42.107000,0 days 00:51:17.837000,0 days 00:51:41.980000,304.0,265.0,251.0,309.0,True,SOFT,7.0,False,Mercedes,0 days 00:50:13.695000,2024-07-06 14:37:26.704,1,,False,,False,True
0 days 00:53:09.529000,HAM,44,0 days 00:01:27.549000,14.0,4.0,,,0 days 00:00:28.504000,0 days 00:00:35.321000,0 days 00:00:23.724000,0 days 00:52:10.484000,0 days 00:52:45.805000,0 days 00:53:09.529000,293.0,262.0,251.0,319.0,True,SOFT,8.0,False,Mercedes,0 days 00:51:41.980000,2024-07-06 14:38:54.989,1,,False,,False,True
0 days 00:54:46.219000,HAM,44,0 days 00:01:36.690000,15.0,4.0,,0 days 00:54:40.314000,0 days 00:00:31.354000,0 days 00:00:39.502000,0 days 00:00:25.834000,0 days 00:53:40.883000,0 days 00:54:20.385000,0 days 00:54:46.219000,270.0,246.0,,303.0,False,SOFT,9.0,False,Mercedes,0 days 00:53:09.529000,2024-07-06 14:40:22.538,1,,False,,False,False
0 days 00:58:07.786000,HAM,44,,16.0,5.0,0 days 00:56:22.349000,,,0 days 00:00:39.147000,0 days 00:00:32.406000,,0 days 00:57:35.431000,0 days 00:58:08.053000,305.0,247.0,253.0,156.0,False,SOFT,1.0,True,Mercedes,0 days 00:54:46.219000,2024-07-06 14:41:59.228,1,,False,,False,False
0 days 00:59:34.556000,HAM,44,0 days 00:01:26.770000,17.0,5.0,,,0 days 00:00:28.224000,0 days 00:00:34.921000,0 days 00:00:23.625000,0 days 00:58:36.010000,0 days 00:59:10.931000,0 days 00:59:34.556000,311.0,266.0,250.0,320.0,True,SOFT,2.0,True,Mercedes,0 days 00:58:07.786000,2024-07-06 14:45:20.795,1,,False,,False,True
0 days 01:01:41.850000,HAM,44,0 days 00:02:07.294000,18.0,5.0,,,0 days 00:00:35.282000,0 days 00:00:53.260000,0 days 00:00:38.752000,0 days 01:00:09.838000,0 days 01:01:03.098000,0 days 01:01:41.850000,216.0,233.0,248.0,282.0,False,SOFT,3.0,True,Mercedes,0 days 00:59:34.556000,2024-07-06 14:46:47.565,1,,False,,False,True
0 days 01:03:17.726000,HAM,44,0 days 00:01:35.876000,19.0,5.0,,0 days 01:03:11.804000,0 days 00:00:28.374000,0 days 00:00:39.110000,0 days 00:00:28.392000,0 days 01:02:10.224000,0 days 01:02:49.334000,0 days 01:03:17.726000,316.0,217.0,,256.0,False,SOFT,4.0,True,Mercedes,0 days 01:01:41.850000,2024-07-06 14:48:54.859,1,,False,,False,False
0 days 01:13:51.271000,HAM,44,,20.0,6.0,0 days 01:11:56.239000,,,0 days 00:00:42.938000,0 days 00:00:28.231000,,0 days 01:13:23.224000,0 days 01:13:51.333000,277.0,243.0,254.0,302.0,False,SOFT,1.0,True,Mercedes,0 days 01:03:17.726000,2024-07-06 14:50:30.735,1,,False,,False,False
0 days 01:15:17.467000,HAM,44,0 days 00:01:26.196000,21.0,6.0,,,0 days 00:00:27.918000,0 days 00:00:34.844000,0 days 00:00:23.434000,0 days 01:14:19.189000,0 days 01:14:54.033000,0 days 01:15:17.467000,312.0,266.0,251.0,320.0,True,SOFT,2.0,True,Mercedes,0 days 01:13:51.271000,2024-07-06 15:01:04.280,1,,False,,False,True
0 days 01:16:53.487000,HAM,44,0 days 00:01:36.020000,22.0,6.0,,0 days 01:16:47.625000,0 days 00:00:31.508000,0 days 00:00:38.992000,0 days 00:00:25.520000,0 days 01:15:48.975000,0 days 01:16:27.967000,0 days 01:16:53.487000,268.0,253.0,,305.0,False,SOFT,3.0,True,Mercedes,0 days 01:15:17.467000,2024-07-06 15:02:30.476,1,,False,,False,False
0 days 01:21:24.187000,HAM,44,,23.0,7.0,0 days 01:19:30.098000,,,0 days 00:00:43.203000,0 days 00:00:26.227000,,0 days 01:20:57.960000,0 days 01:21:24.369000,258.0,246.0,255.0,304.0,False,SOFT,1.0,True,Mercedes,0 days 01:16:53.487000,2024-07-06 15:04:06.496,1,,False,,False,False
0 days 01:22:50.177000,HAM,44,0 days 00:01:25.990000,24.0,7.0,,,0 days 00:00:27.990000,0 days 00:00:34.618000,0 days 00:00:23.382000,0 days 01:21:52.177000,0 days 01:22:26.795000,0 days 01:22:50.177000,312.0,269.0,249.0,322.0,True,SOFT,2.0,True,Mercedes,0 days 01:21:24.187000,2024-07-06 15:08:37.196,1,,False,,False,True
0 days 01:24:38.231000,HAM,44,,25.0,7.0,,0 days 01:24:38.231000,0 days 00:00:36.618000,0 days 00:00:47.403000,,0 days 01:23:26.926000,0 days 01:24:14.316000,,210.0,214.0,,240.0,False,SOFT,3.0,True,Mercedes,0 days 01:22:50.177000,2024-07-06 15:10:03.186,1,,False,,False,False
0 days 00:16:34.152000,NOR,4,,1.0,1.0,0 days 00:14:34.536000,,,0 days 00:00:46.187000,0 days 00:00:37.196000,,0 days 00:15:57.124000,0 days 00:16:34.194000,273.0,237.0,223.0,283.0,False,INTERMEDIATE,1.0,True,McLaren,0 days 00:14:34.536000,2024-07-06 14:01:47.545,1,,False,,False,False
0 days 00:18:11.759000,NOR,4,0 days 00:01:37.607000,2.0,1.0,,,0 days 00:00:30.973000,0 days 00:00:39.707000,0 days 00:00:26.927000,0 days 00:17:05.125000,0 days 00:17:44.832000,0 days 00:18:11.759000,286.0,245.0,235.0,290.0,True,INTERMEDIATE,2.0,True,McLaren,0 days 00:16:34.152000,2024-07-06 14:03:47.161,1,,False,,False,True
0 days 00:20:13.702000,NOR,4,0 days 00:02:01.943000,3.0,1.0,,,0 days 00:00:42.663000,0 days 00:00:46.823000,0 days 00:00:32.457000,0 days 00:18:54.422000,0 days 00:19:41.245000,0 days 00:20:13.702000,116.0,235.0,234.0,284.0,False,INTERMEDIATE,3.0,True,McLaren,0 days 00:18:11.759000,2024-07-06 14:05:24.768,1,,False,,False,True
0 days 00:22:09.072000,NOR,4,0 days 00:01:55.370000,4.0,1.0,,,0 days 00:00:33.095000,0 days 00:00:52.286000,0 days 00:00:29.989000,0 days 00:20:46.797000,0 days 00:21:39.083000,0 days 00:22:09.072000,242.0,206.0,237.0,281.0,False,INTERMEDIATE,4.0,True,McLaren,0 days 00:20:13.702000,2024-07-06 14:07:26.711,1,,True,TRACK LIMITS AT TURN 3 LAP 5 ,False,True
0 days 00:32:37.903000,NOR,4,,5.0,1.0,,0 days 00:23:53.004000,0 days 00:00:31.157000,,,0 days 00:22:40.383000,,,293.0,,,,False,INTERMEDIATE,5.0,True,McLaren,0 days 00:22:09.072000,2024-07-06 14:09:22.081,125,,False,,False,False
0 days 00:34:18.281000,NOR,4,,6.0,2.0,0 days 00:32:37.903000,,,0 days 00:00:40.631000,0 days 00:00:28.129000,,0 days 00:33:50.239000,0 days 00:34:18.446000,266.0,243.0,214.0,283.0,False,SOFT,1.0,True,McLaren,0 days 00:32:37.903000,2024-07-06 14:19:50.912,1,,False,,False,False
0 days 00:35:49.877000,NOR,4,0 days 00:01:31.596000,7.0,2.0,,,0 days 00:00:29.155000,0 days 00:00:37.040000,0 days 00:00:25.401000,0 days 00:34:47.436000,0 days 00:35:24.476000,0 days 00:35:49.877000,283.0,259.0,244.0,296.0,True,SOFT,2.0,True,McLaren,0 days 00:34:18.281000,2024-07-06 14:21:31.290,1,,False,,False,True
0 days 00:37:37.109000,NOR,4,0 days 00:01:47.232000,8.0,2.0,,,0 days 00:00:29.048000,0 days 00:00:47.043000,0 days 00:00:31.141000,0 days 00:36:18.925000,0 days 00:37:05.968000,0 days 00:37:37.109000,289.0,216.0,218.0,283.0,False,SOFT,3.0,True,McLaren,0 days 00:35:49.877000,2024-07-06 14:23:02.886,1,,False,,False,True
0 days 00:39:14.666000,NOR,4,0 days 00:01:37.557000,9.0,2.0,,0 days 00:39:08.211000,0 days 00:00:30.114000,0 days 00:00:39.653000,0 days 00:00:27.790000,0 days 00:38:07.223000,0 days 00:38:46.876000,0 days 00:39:14.666000,293.0,231.0,,274.0,False,SOFT,4.0,True,McLaren,0 days 00:37:37.109000,2024-07-06 14:24:50.118,1,,False,,False,False
0 days 00:50:33.484000,NOR,4,,10.0,3.0,0 days 00:48:45.073000,,,0 days 00:00:42.709000,0 days 00:00:31.639000,,0 days 00:50:01.948000,0 days 00:50:33.484000,289.0,248.0,252.0,302.0,False,SOFT,5.0,False,McLaren,0 days 00:39:14.666000,2024-07-06 14:26:27.675,1,,False,,False,False
0 days 00:52:00.916000,NOR,4,0 days 00:01:27.432000,11.0,3.0,,,0 days 00:00:28.150000,0 days 00:00:35.364000,0 days 00:00:23.918000,0 days 00:51:01.634000,0 days 00:51:36.998000,0 days 00:52:00.916000,312.0,267.0,252.0,318.0,True,SOFT,6.0,False,McLaren,0 days 00:50:33.484000,2024-07-06 14:37:46.493,1,,False,,False,True
0 days 00:53:46.203000,NOR,4,0 days 00:01:45.287000,12.0,3.0,,0 days 00:53:39.205000,0 days 00:00:32.726000,0 days 00:00:43.200000,0 days 00:00:29.361000,0 days 00:52:33.642000,0 days 00:53:16.842000,0 days 00:53:46.203000,161.0,249.0,,244.0,False,SOFT,7.0,False,McLaren,0 days 00:52:00.916000,2024-07-06 14:39:13.925,1,,False,,False,False
0 days 00:56:25.804000,NOR,4,,13.0,4.0,0 days 00:54:42.510000,,0 days 00:01:33.029000,0 days 00:00:40.932000,0 days 00:00:25.646000,0 days 00:55:19.505000,0 days 00:56:00.178000,0 days 00:56:26.055000,250.0,251.0,254.0,301.0,False,SOFT,1.0,True,McLaren,0 days 00:53:46.203000,2024-07-06 14:40:59.212,1,,False,,False,False
0 days 00:58:14.860000,NOR,4,0 days 00:01:49.056000,14.0,4.0,,,0 days 00:00:29.933000,0 days 00:00:45.696000,0 days 00:00:33.427000,0 days 00:56:55.737000,0 days 00:57:41.433000,0 days 00:58:14.860000,246.0,205.0,253.0,193.0,False,SOFT,2.0,True,McLaren,0 days 00:56:25.804000,2024-07-06 14:43:38.813,1,,False,,False,True
0 days 00:59:41.419000,NOR,4,0 days 00:01:26.559000,15.0,4.0,,,0 days 00:00:28.113000,0 days 00:00:34.813000,0 days 00:00:23.633000,0 days 00:58:42.973000,0 days 00:59:17.786000,0 days 00:59:41.419000,309.0,267.0,252.0,320.0,True,SOFT,3.0,True,McLaren,0 days 00:58:14.860000,2024-07-06 14:45:27.869,1,,False,,False,True
0 days 01:01:43.159000,NOR,4,0 days 00:02:01.740000,16.0,4.0,,,0 days 00:00:34.029000,0 days 00:00:50.473000,0 days 00:00:37.238000,0 days 01:00:15.448000,0 days 01:01:05.921000,0 days 01:01:43.159000,194.0,230.0,204.0,240.0,False,SOFT,4.0,True,McLaren,0 days 00:59:41.419000,2024-07-06 14:46:54.428,1,,False,,False,True
0 days 01:03:22.521000,NOR,4,0 days 00:01:39.362000,17.0,4.0,,0 days 01:03:16.470000,0 days 00:00:30.372000,0 days 00:00:41.295000,0 days 00:00:27.695000,0 days 01:02:13.531000,0 days 01:02:54.826000,0 days 01:03:22.521000,259.0,238.0,,269.0,False,SOFT,5.0,True,McLaren,0 days 01:01:43.159000,2024-07-06 14:48:56.168,1,,False,,False,False
0 days 01:13:08.661000,NOR,4,,18.0,5.0,0 days 01:11:26.109000,,,0 days 00:00:41.628000,0 days 00:00:26.077000,,0 days 01:12:42.693000,0 days 01:13:08.691000,288.0,245.0,256.0,300.0,False,SOFT,1.0,True,McLaren,0 days 01:03:22.521000,2024-07-06 14:50:35.530,1,,False,,False,False
0 days 01:14:34.691000,NOR,4,0 days 00:01:26.030000,19.0,5.0,,,0 days 00:00:28.025000,0 days 00:00:34.567000,0 days 00:00:23.438000,0 days 01:13:36.686000,0 days 01:14:11.253000,0 days 01:14:34.691000,307.0,268.0,254.0,317.0,True,SOFT,2.0,True,McLaren,0 days 01:13:08.661000,2024-07-06 15:00:21.670,1,,False,,False,True
0 days 01:16:17.802000,NOR,4,0 days 00:01:43.111000,20.0,5.0,,0 days 01:16:11.637000,0 days 00:00:30.953000,0 days 00:00:41.205000,0 days 00:00:30.953000,0 days 01:15:05.644000,0 days 01:15:46.849000,0 days 01:16:17.802000,258.0,227.0,,217.0,False,SOFT,3.0,True,McLaren,0 days 01:14:34.691000,2024-07-06 15:01:47.700,1,,False,,False,False
0 days 01:21:29.049000,NOR,4,,21.0,6.0,0 days 01:19:40.945000,,,0 days 00:00:43.235000,0 days 00:00:27.256000,,0 days 01:21:01.799000,0 days 01:21:29.252000,270.0,228.0,257.0,286.0,False,SOFT,1.0,True,McLaren,0 days 01:16:17.802000,2024-07-06 15:03:30.811,1,,False,,False,False
0 days 01:22:51.860000,NOR,4,,22.0,6.0,,0 days 01:22:51.860000,0 days 00:00:28.068000,0 days 00:00:34.714000,,0 days 01:21:57.068000,0 days 01:22:31.849000,,309.0,239.0,,310.0,False,SOFT,2.0,True,McLaren,0 days 01:21:29.049000,2024-07-06 15:08:42.058,1,,False,,False,False
0 days 00:15:26.957000,VER,1,,1.0,1.0,0 days 00:13:37.696000,,,0 days 00:00:43.008000,0 days 00:00:32.225000,,0 days 00:14:54.901000,0 days 00:15:26.957000,279.0,232.0,210.0,256.0,False,INTERMEDIATE,1.0,True,Red Bull Racing,0 days 00:13:37.696000,2024-07-06 14:00:50.705,1,,False,,False,False
0 days 00:17:04.475000,VER,1,0 days 00:01:37.518000,2.0,1.0,,,0 days 00:00:31.362000,0 days 00:00:39.005000,0 days 00:00:27.151000,0 days 00:15:58.319000,0 days 00:16:37.324000,0 days 00:17:04.475000,289.0,243.0,221.0,296.0,True,INTERMEDIATE,2.0,True,Red Bull Racing,0 days 00:15:26.957000,2024-07-06 14:02:39.966,1,,False,,False,True
0 days 00:19:12.441000,VER,1,0 days 00:02:07.966000,3.0,1.0,,,0 days 00:00:38.475000,0 days 00:00:54.234000,0 days 00:00:35.257000,0 days 00:17:42.950000,0 days 00:18:37.184000,0 days 00:19:12.441000,259.0,215.0,240.0,112.0,False,INTERMEDIATE,3.0,True,Red Bull Racing,0 days 00:17:04.475000,2024-07-06 14:04:17.484,1,,False,,False,True
0 days 00:20:49.861000,VER,1,0 days 00:01:37.420000,4.0,1.0,,,0 days 00:00:30.778000,0 days 00:00:39.251000,0 days 00:00:27.391000,0 days 00:19:43.219000,0 days 00:20:22.470000,0 days 00:20:49.861000,291.0,245.0,222.0,295.0,True,INTERMEDIATE,4.0,True,Red Bull Racing,0 days 00:19:12.441000,2024-07-06 14:06:25.450,1,,False,,False,True
0 days 00:22:34.084000,VER,1,0 days 00:01:44.223000,5.0,1.0,,0 days 00:22:27.490000,0 days 00:00:33.331000,0 days 00:00:42.340000,0 days 00:00:28.552000,0 days 00:21:23.192000,0 days 00:22:05.532000,0 days 00:22:34.084000,265.0,229.0,,275.0,False,INTERMEDIATE,5.0,True,Red Bull Racing,0 days 00:20:49.861000,2024-07-06 14:08:02.870,1,,False,,False,False
0 days 00:35:00.044000,VER,1,,6.0,2.0,0 days 00:33:17.106000,,,0 days 00:00:38.222000,0 days 00:00:26.815000,,0 days 00:34:33.314000,0 days 00:35:00.266000,275.0,239.0,241.0,276.0,False,SOFT,1.0,True,Red Bull Racing,0 days 00:33:17.106000,2024-07-06 14:20:30.115,1,,False,,False,False
0 days 00:36:49.968000,VER,1,0 days 00:01:49.924000,7.0,2.0,,,0 days 00:00:28.859000,0 days 00:00:46.887000,0 days 00:00:34.178000,0 days 00:35:28.903000,0 days 00:36:15.790000,0 days 00:36:49.968000,291.0,227.0,238.0,275.0,False,SOFT,2.0,True,Red Bull Racing,0 days 00:35:00.044000,2024-07-06 14:22:13.053,1,,True,TRACK LIMITS AT TURN 9 LAP 8 ,False,True
0 days 00:38:21.800000,VER,1,0 days 00:01:31.832000,8.0,2.0,,,0 days 00:00:29.197000,0 days 00:00:36.987000,0 days 00:00:25.648000,0 days 00:37:19.165000,0 days 00:37:56.152000,0 days 00:38:21.800000,292.0,256.0,236.0,301.0,True,SOFT,3.0,True,Red Bull Racing,0 days 00:36:49.968000,2024-07-06 14:24:02.977,1,,False,,False,True
0 days 00:39:53.142000,VER,1,0 days 00:01:31.342000,9.0,2.0,,,0 days 00:00:29.053000,0 days 00:00:36.706000,0 days 00:00:25.583000,0 days 00:38:50.853000,0 days 00:39:27.559000,0 days 00:39:53.142000,294.0,259.0,203.0,300.0,True,SOFT,4.0,True,Red Bull Racing,0 days 00:38:21.800000,2024-07-06 14:25:34.809,1,,False,,False,True
0 days 00:41:41.606000,VER,1,0 days 00:01:48.464000,10.0,2.0,,0 days 00:41:35.613000,0 days 00:00:34.812000,0 days 00:00:43.770000,0 days 00:00:29.882000,0 days 00:40:27.954000,0 days 00:41:11.724000,0 days 00:41:41.606000,254.0,228.0,,262.0,False,SOFT,5.0,True,Red Bull Racing,0 days 00:39:53.142000,2024-07-06 14:27:06.151,1,,False,,False,False
0 days 00:49:59.136000,VER,1,,11.0,3.0,0 days 00:48:11.726000,,,0 days 00:00:39.712000,0 days 00:00:26.846000,,0 days 00:49:32.446000,0 days 00:50:00.290000,276.0,232.0,253.0,271.0,False,SOFT,1.0,True,Red Bull Racing,0 days 00:41:41.606000,2024-07-06 14:28:54.615,1,,False,,False,False
0 days 00:51:26.935000,VER,1,0 days 00:01:27.799000,12.0,3.0,,,0 days 00:00:28.249000,0 days 00:00:35.432000,0 days 00:00:24.118000,0 days 00:50:27.385000,0 days 00:51:02.817000,0 days 00:51:26.935000,314.0,261.0,250.0,321.0,True,SOFT,2.0,True,Red Bull Racing,0 days 00:49:59.136000,2024-07-06 14:37:12.145,1,,False,,False,True
0 days 00:53:22.426000,VER,1,0 days 00:01:55.491000,13.0,3.0,,,0 days 00:00:40.851000,0 days 00:00:46.535000,0 days 00:00:28.105000,0 days 00:52:07.786000,0 days 00:52:54.321000,0 days 00:53:22.426000,244.0,239.0,252.0,284.0,False,SOFT,3.0,True,Red Bull Racing,0 days 00:51:26.935000,2024-07-06 14:38:39.944,1,,False,,False,True
0 days 00:54:49.792000,VER,1,0 days 00:01:27.366000,14.0,3.0,,,0 days 00:00:28.269000,0 days 00:00:35.290000,0 days 00:00:23.807000,0 days 00:53:50.695000,0 days 00:54:25.985000,0 days 00:54:49.792000,313.0,264.0,250.0,322.0,True,SOFT,4.0,True,Red Bull Racing,0 days 00:53:22.426000,2024-07-06 14:40:35.435,1,,False,,False,True
0 days 00:56:27.115000,VER,1,0 days 00:01:37.323000,15.0,3.0,,0 days 00:56:21.237000,0 days 00:00:31.347000,0 days 00:00:39.654000,0 days 00:00:26.322000,0 days 00:55:21.139000,0 days 00:56:00.793000,0 days 00:56:27.115000,270.0,242.0,,282.0,False,SOFT,5.0,True,Red Bull Racing,0 days 00:54:49.792000,2024-07-06 14:42:02.801,1,,False,,False,False
0 days 01:01:18.723000,VER,1,,16.0,4.0,0 days 00:59:32.502000,,,0 days 00:00:41.516000,0 days 00:00:28.751000,,0 days 01:00:50.047000,0 days 01:01:18.838000,286.0,238.0,255.0,278.0,False,SOFT,1.0,True,Red Bull Racing,0 days 00:56:27.115000,2024-07-06 14:43:40.124,1,,False,,False,False
0 days 01:02:45.519000,VER,1,0 days 00:01:26.796000,17.0,4.0,,,0 days 00:00:28.138000,0 days 00:00:35.077000,0 days 00:00:23.581000,0 days 01:01:46.861000,0 days 01:02:21.938000,0 days 01:02:45.519000,313.0,262.0,252.0,320.0,True,SOFT,2.0,True,Red Bull Racing,0 days 01:01:18.723000,2024-07-06 14:48:31.732,1,,False,,False,True
0 days 01:04:32.195000,VER,1,0 days 00:01:46.676000,18.0,4.0,,0 days 01:04:26.250000,0 days 00:00:34.419000,0 days 00:00:43.534000,0 days 00:00:28.723000,0 days 01:03:19.938000,0 days 01:04:03.472000,0 days 01:04:32.195000,233.0,231.0,,254.0,False,SOFT,3.0,True,Red Bull Racing,0 days 01:02:45.519000,2024-07-06 14:49:58.528,1,,False,,False,False
0 days 01:12:47.708000,VER,1,,19.0,5.0,0 days 01:10:59.990000,,,0 days 00:00:44.411000,0 days 00:00:28.155000,,0 days 01:12:19.553000,0 days 01:12:47.781000,266.0,233.0,256.0,275.0,False,SOFT,1.0,True,Red Bull Racing,0 days 01:04:32.195000,2024-07-06 14:51:45.204,1,,False,,False,False
0 days 01:14:14.058000,VER,1,0 days 00:01:26.350000,20.0,5.0,,,0 days 00:00:28.036000,0 days 00:00:34.712000,0 days 00:00:23.602000,0 days 01:13:15.744000,0 days 01:13:50.456000,0 days 01:14:14.058000,313.0,262.0,252.0,321.0,True,SOFT,2.0,True,Red Bull Racing,0 days 01:12:47.708000,2024-07-06 15:00:00.717,1,,False,,False,True
0 days 01:15:58.059000,VER,1,0 days 00:01:44.001000,21.0,5.0,,0 days 01:15:52.121000,0 days 00:00:31.835000,0 days 00:00:43.224000,0 days 00:00:28.942000,0 days 01:14:45.893000,0 days 01:15:29.117000,0 days 01:15:58.059000,263.0,227.0,,234.0,False,SOFT,3.0,True,Red Bull Racing,0 days 01:14:14.058000,2024-07-06 15:01:27.067,1,,False,,False,False
0 days 01:21:12.572000,VER,1,,22.0,6.0,0 days 01:19:21.918000,,,0 days 00:00:43.015000,0 days 00:00:27.805000,,0 days 01:20:44.817000,0 days 01:21:12.835000,272.0,237.0,256.0,264.0,False,SOFT,1.0,True,Red Bull Racing,0 days 01:15:58.059000,2024-07-06 15:03:11.068,1,,False,,False,False
0 days 01:22:38.775000,VER,1,0 days 00:01:26.203000,23.0,6.0,,,0 days 00:00:28.136000,0 days 00:00:34.587000,0 days 00:00:23.480000,0 days 01:21:40.708000,0 days 01:22:15.295000,0 days 01:22:38.775000,313.0,264.0,252.0,322.0,True,SOFT,2.0,True,Red Bull Racing,0 days 01:21:12.572000,2024-07-06 15:08:25.581,1,,False,,False,True
0 days 01:24:26.769000,VER,1,,24.0,6.0,,0 days 01:24:26.769000,0 days 00:00:38.393000,0 days 00:00:44.234000,,0 days 01:23:17.315000,0 days 01:24:01.496000,,214.0,227.0,,214.0,False,SOFT,3.0,True,Red Bull Racing,0 days 01:22:38.775000,2024-07-06 15:09:51.784,1,,False,,False,False
0 days 00:16:27.102000,PIA,81,,1.0,1.0,0 days 00:14:23.899000,,,0 days 00:00:49.061000,0 days 00:00:34.947000,,0 days 00:15:52.248000,0 days 00:16:27.102000,272.0,237.0,215.0,169.0,False,INTERMEDIATE,1.0,True,McLaren,0 days 00:14:23.899000,2024-07-06 14:01:36.908,1,,False,,False,False
0 days 00:18:05.386000,PIA,81,0 days 00:01:38.284000,2.0,1.0,,,0 days 00:00:31.134000,0 days 00:00:39.802000,0 days 00:00:27.348000,0 days 00:16:58.236000,0 days 00:17:38.038000,0 days 00:18:05.386000,284.0,244.0,226.0,291.0,True,INTERMEDIATE,2.0,True,McLaren,0 days 00:16:27.102000,2024-07-06 14:03:40.111,1,,False,,False,True
0 days 00:20:09.745000,PIA,81,0 days 00:02:04.359000,3.0,1.0,,,0 days 00:00:39.297000,0 days 00:00:46.515000,0 days 00:00:38.547000,0 days 00:18:44.683000,0 days 00:19:31.198000,0 days 00:20:09.745000,239.0,227.0,227.0,125.0,False,INTERMEDIATE,3.0,True,McLaren,0 days 00:18:05.386000,2024-07-06 14:05:18.395,1,,False,,False,True
0 days 00:21:47.117000,PIA,81,0 days 00:01:37.372000,4.0,1.0,,,0 days 00:00:30.856000,0 days 00:00:39.327000,0 days 00:00:27.189000,0 days 00:20:40.601000,0 days 00:21:19.928000,0 days 00:21:47.117000,291.0,240.0,233.0,297.0,True,INTERMEDIATE,4.0,True,McLaren,0 days 00:20:09.745000,2024-07-06 14:07:22.754,1,,False,,False,True
0 days 00:32:25.723000,PIA,81,,5.0,1.0,,0 days 00:23:34.342000,0 days 00:00:35.335000,0 days 00:00:44.337000,,0 days 00:22:22.528000,0 days 00:23:06.916000,,264.0,234.0,,283.0,False,INTERMEDIATE,5.0,True,McLaren,0 days 00:21:47.117000,2024-07-06 14:09:00.126,125,,False,,False,False
0 days 00:34:11.703000,PIA,81,,6.0,2.0,0 days 00:32:25.723000,,,0 days 00:00:39.970000,0 days 00:00:33.267000,,0 days 00:33:38.436000,0 days 00:34:11.967000,282.0,245.0,239.0,282.0,False,SOFT,1.0,True,McLaren,0 days 00:32:25.723000,2024-07-06 14:19:38.732,1,,False,,False,False
0 days 00:35:42.598000,PIA,81,0 days 00:01:30.895000,7.0,2.0,,,0 days 00:00:29.200000,0 days 00:00:36.417000,0 days 00:00:25.278000,0 days 00:34:40.903000,0 days 00:35:17.320000,0 days 00:35:42.598000,286.0,260.0,246.0,292.0,True,SOFT,2.0,True,McLaren,0 days 00:34:11.703000,2024-07-06 14:21:24.712,1,,False,,False,True
0 days 00:37:19.653000,PIA,81,0 days 00:01:37.055000,8.0,2.0,,,0 days 00:00:29.124000,0 days 00:00:41.096000,0 days 00:00:26.835000,0 days 00:36:11.722000,0 days 00:36:52.818000,0 days 00:37:19.653000,292.0,243.0,236.0,300.0,False,SOFT,3.0,True,McLaren,0 days 00:35:42.598000,2024-07-06 14:22:55.607,1,,False,,False,True
0 days 00:38:52.826000,PIA,81,0 days 00:01:33.173000,9.0,2.0,,0 days 00:38:46.861000,0 days 00:00:29.385000,0 days 00:00:36.908000,0 days 00:00:26.880000,0 days 00:37:49.038000,0 days 00:38:25.946000,0 days 00:38:52.826000,285.0,257.0,,296.0,False,SOFT,4.0,True,McLaren,0 days 00:37:19.653000,2024-07-06 14:24:32.662,1,,False,,False,False
0 days 00:49:39.834000,PIA,81,,10.0,3.0,0 days 00:47:53.940000,,,0 days 00:00:41.105000,0 days 00:00:27.826000,,0 days 00:49:12.155000,0 days 00:49:39.836000,292.0,236.0,250.0,300.0,False,SOFT,5.0,False,McLaren,0 days 00:38:52.826000,2024-07-06 14:26:05.835,1,,False,,False,False
0 days 00:51:07.465000,PIA,81,0 days 00:01:27.631000,11.0,3.0,,,0 days 00:00:28.298000,0 days 00:00:35.208000,0 days 00:00:24.125000,0 days 00:50:08.132000,0 days 00:50:43.340000,0 days 00:51:07.465000,310.0,265.0,251.0,319.0,True,SOFT,6.0,False,McLaren,0 days 00:49:39.834000,2024-07-06 14:36:52.843,1,,False,,False,True
0 days 00:52:52.368000,PIA,81,0 days 00:01:44.903000,12.0,3.0,,0 days 00:52:46.301000,0 days 00:00:34.604000,0 days 00:00:42.307000,0 days 00:00:27.992000,0 days 00:51:42.069000,0 days 00:52:24.376000,0 days 00:52:52.368000,245.0,233.0,,284.0,False,SOFT,7.0,False,McLaren,0 days 00:51:07.465000,2024-07-06 14:38:20.474,1,,False,,False,False
0 days 00:55:08.248000,PIA,81,0 days 00:02:15.880000,13.0,4.0,0 days 00:53:18.264000,,0 days 00:01:04.084000,0 days 00:00:43.621000,0 days 00:00:28.175000,0 days 00:53:56.452000,0 days 00:54:40.073000,0 days 00:55:08.248000,219.0,233.0,249.0,300.0,False,SOFT,1.0,True,McLaren,0 days 00:52:52.368000,2024-07-06 14:40:05.377,1,,False,,False,False
0 days 00:56:35.193000,PIA,81,0 days 00:01:26.945000,14.0,4.0,,,0 days 00:00:28.189000,0 days 00:00:34.927000,0 days 00:00:23.829000,0 days 00:55:36.437000,0 days 00:56:11.364000,0 days 00:56:35.193000,309.0,269.0,252.0,318.0,True,SOFT,2.0,True,McLaren,0 days 00:55:08.248000,2024-07-06 14:42:21.257,1,,False,,False,True
0 days 00:58:34.042000,PIA,81,0 days 00:01:58.849000,15.0,4.0,,,0 days 00:00:37.706000,0 days 00:00:46.658000,0 days 00:00:34.485000,0 days 00:57:12.899000,0 days 00:57:59.557000,0 days 00:58:34.042000,236.0,207.0,178.0,264.0,False,SOFT,3.0,True,McLaren,0 days 00:56:35.193000,2024-07-06 14:43:48.202,1,,False,,False,True
0 days 01:00:32.843000,PIA,81,0 days 00:01:58.801000,16.0,4.0,,,0 days 00:00:39.895000,0 days 00:00:45.448000,0 days 00:00:33.458000,0 days 00:59:13.937000,0 days 00:59:59.385000,0 days 01:00:32.843000,254.0,225.0,251.0,296.0,False,SOFT,4.0,True,McLaren,0 days 00:58:34.042000,2024-07-06 14:45:47.051,1,,False,,False,True
0 days 01:01:59.576000,PIA,81,0 days 00:01:26.733000,17.0,4.0,,,0 days 00:00:28.178000,0 days 00:00:34.913000,0 days 00:00:23.642000,0 days 01:01:01.021000,0 days 01:01:35.934000,0 days 01:01:59.576000,308.0,266.0,253.0,320.0,True,SOFT,5.0,True,McLaren,0 days 01:00:32.843000,2024-07-06 14:47:45.852,1,,False,,False,True
0 days 01:03:46.437000,PIA,81,0 days 00:01:46.861000,18.0,4.0,,0 days 01:03:40.427000,0 days 00:00:34.385000,0 days 00:00:43.488000,0 days 00:00:28.988000,0 days 01:02:33.961000,0 days 01:03:17.449000,0 days 01:03:46.437000,234.0,219.0,,245.0,False,SOFT,6.0,True,McLaren,0 days 01:01:59.576000,2024-07-06 14:49:12.585,1,,False,,False,False
0 days 01:12:56.348000,PIA,81,,19.0,5.0,0 days 01:11:04.419000,,,0 days 00:00:41.606000,0 days 00:00:29.999000,,0 days 01:12:26.465000,0 days 01:12:56.348000,292.0,227.0,255.0,300.0,False,SOFT,1.0,True,McLaren,0 days 01:03:46.437000,2024-07-06 14:50:59.446,1,,False,,False,False
0 days 01:14:22.585000,PIA,81,0 days 00:01:26.237000,20.0,5.0,,,0 days 00:00:28.043000,0 days 00:00:34.701000,0 days 00:00:23.493000,0 days 01:13:24.391000,0 days 01:13:59.092000,0 days 01:14:22.585000,309.0,270.0,254.0,321.0,True,SOFT,2.0,True,McLaren,0 days 01:12:56.348000,2024-07-06 15:00:09.357,1,,False,,False,True
0 days 01:16:14.759000,PIA,81,0 days 00:01:52.174000,21.0,5.0,,0 days 01:16:08.720000,0 days 00:00:35.483000,0 days 00:00:44,0 days 00:00:32.691000,0 days 01:14:58.068000,0 days 01:15:42.068000,0 days 01:16:14.759000,240.0,215.0,,221.0,False,SOFT,3.0,True,McLaren,0 days 01:14:22.585000,2024-07-06 15:01:35.594,1,,False,,False,False
0 days 01:21:40.196000,PIA,81,,22.0,6.0,0 days 01:19:49.992000,,,0 days 00:00:37.699000,0 days 00:00:28.043000,,0 days 01:21:12.247000,0 days 01:21:40.380000,298.0,251.0,257.0,310.0,False,SOFT,1.0,True,McLaren,0 days 01:16:14.759000,2024-07-06 15:03:27.768,1,,False,,False,False
0 days 01:23:07.239000,PIA,81,0 days 00:01:27.043000,23.0,6.0,,,0 days 00:00:28.096000,0 days 00:00:35.140000,0 days 00:00:23.807000,0 days 01:22:08.292000,0 days 01:22:43.432000,0 days 01:23:07.239000,318.0,268.0,254.0,332.0,False,SOFT,2.0,True,McLaren,0 days 01:21:40.196000,2024-07-06 15:08:53.205,1,,False,,False,True
0 days 01:24:59.045000,PIA,81,,24.0,6.0,,0 days 01:24:59.045000,0 days 00:00:42.076000,0 days 00:00:44.318000,,0 days 01:23:49.355000,0 days 01:24:33.751000,,234.0,215.0,,226.0,False,SOFT,3.0,True,McLaren,0 days 01:23:07.239000,2024-07-06 15:10:20.248,1,,False,,False,False
0 days 00:33:51.527000,HUL,27,,1.0,1.0,0 days 00:32:05.309000,,,0 days 00:00:43.290000,0 days 00:00:28.956000,,0 days 00:33:22.691000,0 days 00:33:51.714000,270.0,228.0,238.0,278.0,False,SOFT,1.0,True,Haas F1 Team,0 days 00:32:05.309000,2024-07-06 14:19:18.318,1,,False,,False,False
0 days 00:35:23.456000,HUL,27,0 days 00:01:31.929000,2.0,1.0,,,0 days 00:00:29.532000,0 days 00:00:37.039000,0 days 00:00:25.358000,0 days 00:34:21.059000,0 days 00:34:58.098000,0 days 00:35:23.456000,295.0,256.0,248.0,302.0,True,SOFT,2.0,True,Haas F1 Team,0 days 00:33:51.527000,2024-07-06 14:21:04.536,1,,False,,False,True
0 days 00:37:27.803000,HUL,27,0 days 00:02:04.347000,3.0,1.0,,0 days 00:37:21.282000,0 days 00:00:32.406000,0 days 00:00:56.099000,0 days 00:00:35.842000,0 days 00:35:55.862000,0 days 00:36:51.961000,0 days 00:37:27.803000,269.0,195.0,,213.0,False,SOFT,3.0,True,Haas F1 Team,0 days 00:35:23.456000,2024-07-06 14:22:36.465,1,,False,,False,False
0 days 00:49:17.600000,HUL,27,,4.0,2.0,0 days 00:47:34.020000,,,0 days 00:00:40.493000,0 days 00:00:26.399000,,0 days 00:48:51.209000,0 days 00:49:17.632000,282.0,243.0,252.0,286.0,False,SOFT,1.0,True,Haas F1 Team,0 days 00:37:27.803000,2024-07-06 14:24:40.812,1,,False,,False,False
0 days 00:50:45.318000,HUL,27,0 days 00:01:27.718000,5.0,2.0,,,0 days 00:00:28.412000,0 days 00:00:35.434000,0 days 00:00:23.872000,0 days 00:49:46.012000,0 days 00:50:21.446000,0 days 00:50:45.318000,315.0,265.0,253.0,323.0,True,SOFT,2.0,True,Haas F1 Team,0 days 00:49:17.600000,2024-07-06 14:36:30.609,1,,False,,False,True
0 days 00:52:21.441000,HUL,27,0 days 00:01:36.123000,6.0,2.0,,0 days 00:52:15.533000,0 days 00:00:30.843000,0 days 00:00:39.857000,0 days 00:00:25.423000,0 days 00:51:16.161000,0 days 00:51:56.018000,0 days 00:52:21.441000,291.0,241.0,,300.0,False,SOFT,3.0,True,Haas F1 Team,0 days 00:50:45.318000,2024-07-06 14:37:58.327,1,,False,,False,False
0 days 00:57:03.370000,HUL,27,,7.0,3.0,0 days 00:55:20.248000,,,0 days 00:00:43.461000,0 days 00:00:29.151000,,0 days 00:56:34.229000,0 days 00:57:03.506000,278.0,234.0,252.0,253.0,False,SOFT,1.0,True,Haas F1 Team,0 days 00:52:21.441000,2024-07-06 14:39:34.450,1,,False,,False,False
0 days 00:58:30.217000,HUL,27,0 days 00:01:26.847000,8.0,3.0,,,0 days 00:00:28.059000,0 days 00:00:35.073000,0 days 00:00:23.715000,0 days 00:57:31.429000,0 days 00:58:06.502000,0 days 00:58:30.217000,314.0,262.0,253.0,322.0,True,SOFT,2.0,True,Haas F1 Team,0 days 00:57:03.370000,2024-07-06 14:44:16.379,1,,False,,False,True
0 days 01:00:24.650000,HUL,27,0 days 00:01:54.433000,9.0,3.0,,,0 days 00:00:36.761000,0 days 00:00:46.557000,0 days 00:00:31.115000,0 days 00:59:06.978000,0 days 00:59:53.535000,0 days 01:00:24.650000,231.0,207.0,252.0,252.0,False,SOFT,3.0,True,Haas F1 Team,0 days 00:58:30.217000,2024-07-06 14:45:43.226,1,,False,,False,True
0 days 01:01:51.723000,HUL,27,0 days 00:01:27.073000,10.0,3.0,,,0 days 00:00:28.252000,0 days 00:00:35.163000,0 days 00:00:23.658000,0 days 01:00:52.902000,0 days 01:01:28.065000,0 days 01:01:51.723000,313.0,264.0,253.0,324.0,False,SOFT,4.0,True,Haas F1 Team,0 days 01:00:24.650000,2024-07-06 14:47:37.659,1,,False,,False,True
0 days 01:03:31.677000,HUL,27,0 days 00:01:39.954000,11.0,3.0,,0 days 01:03:25.672000,0 days 00:00:31.745000,0 days 00:00:41.403000,0 days 00:00:26.806000,0 days 01:02:23.468000,0 days 01:03:04.871000,0 days 01:03:31.677000,267.0,236.0,,293.0,False,SOFT,5.0,True,Haas F1 Team,0 days 01:01:51.723000,2024-07-06 14:49:04.732,1,,False,,False,False
0 days 01:13:44.618000,HUL,27,,12.0,4.0,0 days 01:11:44.645000,,,0 days 00:00:46.256000,0 days 00:00:28.936000,,0 days 01:13:15.763000,0 days 01:13:44.711000,227.0,230.0,254.0,247.0,False,SOFT,1.0,True,Haas F1 Team,0 days 01:03:31.677000,2024-07-06 14:50:44.686,1,,False,,False,False
0 days 01:15:11.019000,HUL,27,0 days 00:01:26.401000,13.0,4.0,,,0 days 00:00:28.040000,0 days 00:00:34.899000,0 days 00:00:23.462000,0 days 01:14:12.658000,0 days 01:14:47.557000,0 days 01:15:11.019000,313.0,267.0,254.0,323.0,True,SOFT,2.0,True,Haas F1 Team,0 days 01:13:44.618000,2024-07-06 15:00:57.627,1,,False,,False,True
0 days 01:16:45.265000,HUL,27,0 days 00:01:34.246000,14.0,4.0,,0 days 01:16:39.268000,0 days 00:00:30.171000,0 days 00:00:38.559000,0 days 00:00:25.516000,0 days 01:15:41.190000,0 days 01:16:19.749000,0 days 01:16:45.265000,288.0,245.0,,298.0,False,SOFT,3.0,True,Haas F1 Team,0 days 01:15:11.019000,2024-07-06 15:02:24.028,1,,False,,False,False
0 days 01:21:03.716000,HUL,27,,15.0,5.0,0 days 01:19:04.605000,,,0 days 00:00:44.673000,0 days 00:00:30.422000,,0 days 01:20:33.294000,0 days 01:21:03.891000,230.0,196.0,255.0,247.0,False,SOFT,1.0,True,Haas F1 Team,0 days 01:16:45.265000,2024-07-06 15:03:58.274,1,,False,,False,False
0 days 01:22:30.054000,HUL,27,0 days 00:01:26.338000,16.0,5.0,,,0 days 00:00:27.886000,0 days 00:00:34.783000,0 days 00:00:23.669000,0 days 01:21:31.602000,0 days 01:22:06.385000,0 days 01:22:30.054000,315.0,261.0,253.0,324.0,True,SOFT,2.0,True,Haas F1 Team,0 days 01:21:03.716000,2024-07-06 15:08:16.725,1,,False,,False,True
0 days 01:24:16.777000,HUL,27,,17.0,5.0,,0 days 01:24:16.777000,0 days 00:00:34.447000,0 days 00:00:47.733000,,0 days 01:23:04.497000,0 days 01:23:52.241000,,253.0,218.0,,204.0,False,SOFT,3.0,True,Haas F1 Team,0 days 01:22:30.054000,2024-07-06 15:09:43.063,1,,False,,False,False
0 days 00:16:02.591000,SAI,55,,1.0,1.0,0 days 00:13:51.680000,,,0 days 00:00:45.573000,0 days 00:00:37.729000,,0 days 00:15:24.929000,0 days 00:16:02.591000,268.0,229.0,222.0,281.0,False,INTERMEDIATE,1.0,True,Ferrari,0 days 00:13:51.680000,2024-07-06 14:01:04.689,1,,False,,False,False
0 days 00:17:45.825000,SAI,55,0 days 00:01:43.234000,2.0,1.0,,,0 days 00:00:31.356000,0 days 00:00:42.883000,0 days 00:00:28.995000,0 days 00:16:33.947000,0 days 00:17:16.830000,0 days 00:17:45.825000,290.0,227.0,235.0,282.0,True,INTERMEDIATE,2.0,True,Ferrari,0 days 00:16:02.591000,2024-07-06 14:03:15.600,1,,False,,False,True
0 days 00:19:24.336000,SAI,55,0 days 00:01:38.511000,3.0,1.0,,,0 days 00:00:31.118000,0 days 00:00:39.998000,0 days 00:00:27.395000,0 days 00:18:16.943000,0 days 00:18:56.941000,0 days 00:19:24.336000,291.0,244.0,230.0,297.0,True,INTERMEDIATE,3.0,True,Ferrari,0 days 00:17:45.825000,2024-07-06 14:04:58.834,1,,False,,False,True
0 days 00:21:23.402000,SAI,55,0 days 00:01:59.066000,4.0,1.0,,0 days 00:21:16.902000,0 days 00:00:41.850000,0 days 00:00:48.106000,0 days 00:00:29.110000,0 days 00:20:06.186000,0 days 00:20:54.292000,0 days 00:21:23.402000,116.0,222.0,,275.0,False,INTERMEDIATE,4.0,True,Ferrari,0 days 00:19:24.336000,2024-07-06 14:06:37.345,1,,False,,False,False
0 days 00:33:24.163000,SAI,55,,5.0,2.0,0 days 00:22:16.695000,0 days 00:24:14.665000,0 days 00:01:26.824000,,,0 days 00:22:50.364000,,,276.0,,,,False,SOFT,1.0,True,Ferrari,0 days 00:21:23.402000,2024-07-06 14:08:36.411,125,,False,,False,False
0 days 00:35:16.065000,SAI,55,,6.0,3.0,0 days 00:33:24.163000,,,0 days 00:00:40.672000,0 days 00:00:32.669000,,0 days 00:34:43.439000,0 days 00:35:16.279000,273.0,239.0,225.0,141.0,False,SOFT,1.0,True,Ferrari,0 days 00:33:24.163000,2024-07-06 14:20:37.172,1,,False,,False,False
0 days 00:36:51.967000,SAI,55,0 days 00:01:35.902000,7.0,3.0,,,0 days 00:00:29.320000,0 days 00:00:40.159000,0 days 00:00:26.423000,0 days 00:35:45.385000,0 days 00:36:25.544000,0 days 00:36:51.967000,287.0,251.0,239.0,299.0,False,SOFT,2.0,True,Ferrari,0 days 00:35:16.065000,2024-07-06 14:22:29.074,1,,True,TRACK LIMITS AT TURN 9 LAP 8 ,False,True
0 days 00:38:23.464000,SAI,55,0 days 00:01:31.497000,8.0,3.0,,,0 days 00:00:29.163000,0 days 00:00:37.111000,0 days 00:00:25.223000,0 days 00:37:21.130000,0 days 00:37:58.241000,0 days 00:38:23.464000,294.0,260.0,244.0,295.0,True,SOFT,3.0,True,Ferrari,0 days 00:36:51.967000,2024-07-06 14:24:04.976,1,,False,,False,True
0 days 00:39:54.021000,SAI,55,0 days 00:01:30.557000,9.0,3.0,,,0 days 00:00:29.127000,0 days 00:00:36.345000,0 days 00:00:25.085000,0 days 00:38:52.591000,0 days 00:39:28.936000,0 days 00:39:54.021000,288.0,262.0,245.0,299.0,True,SOFT,4.0,True,Ferrari,0 days 00:38:23.464000,2024-07-06 14:25:36.473,1,,False,,False,True
0 days 00:41:43.710000,SAI,55,0 days 00:01:49.689000,10.0,3.0,,0 days 00:41:37.411000,0 days 00:00:37.995000,0 days 00:00:42.404000,0 days 00:00:29.290000,0 days 00:40:32.016000,0 days 00:41:14.420000,0 days 00:41:43.710000,227.0,235.0,,272.0,False,SOFT,5.0,True,Ferrari,0 days 00:39:54.021000,2024-07-06 14:27:07.030,1,,False,,False,False
0 days 00:50:05.999000,SAI,55,,11.0,4.0,0 days 00:48:14.068000,,,0 days 00:00:39.090000,0 days 00:00:29.594000,,0 days 00:49:36.461000,0 days 00:50:06.065000,290.0,243.0,243.0,297.0,False,SOFT,2.0,False,Ferrari,0 days 00:41:43.710000,2024-07-06 14:28:56.719,1,,False,,False,False
0 days 00:51:33.539000,SAI,55,0 days 00:01:27.540000,12.0,4.0,,,0 days 00:00:28.195000,0 days 00:00:35.372000,0 days 00:00:23.973000,0 days 00:50:34.194000,0 days 00:51:09.566000,0 days 00:51:33.539000,314.0,267.0,252.0,321.0,True,SOFT,3.0,False,Ferrari,0 days 00:50:05.999000,2024-07-06 14:37:19.008,1,,False,,False,True
0 days 00:53:31.525000,SAI,55,0 days 00:01:57.986000,13.0,4.0,,,0 days 00:00:41.290000,0 days 00:00:46.128000,0 days 00:00:30.568000,0 days 00:52:14.829000,0 days 00:53:00.957000,0 days 00:53:31.525000,236.0,217.0,252.0,246.0,False,SOFT,4.0,False,Ferrari,0 days 00:51:33.539000,2024-07-06 14:38:46.548,1,,False,,False,True
0 days 00:54:58.674000,SAI,55,0 days 00:01:27.149000,14.0,4.0,,,0 days 00:00:28.244000,0 days 00:00:35.194000,0 days 00:00:23.711000,0 days 00:53:59.769000,0 days 00:54:34.963000,0 days 00:54:58.674000,316.0,267.0,252.0,322.0,True,SOFT,5.0,False,Ferrari,0 days 00:53:31.525000,2024-07-06 14:40:44.534,1,,False,,False,True
0 days 00:56:38.290000,SAI,55,0 days 00:01:39.616000,15.0,4.0,,0 days 00:56:32.044000,0 days 00:00:31.624000,0 days 00:00:38.861000,0 days 00:00:29.131000,0 days 00:55:30.298000,0 days 00:56:09.159000,0 days 00:56:38.290000,267.0,245.0,,206.0,False,SOFT,6.0,False,Ferrari,0 days 00:54:58.674000,2024-07-06 14:42:11.683,1,,False,,False,False
0 days 01:00:46.390000,SAI,55,,16.0,5.0,0 days 00:58:52.093000,,,0 days 00:00:41.006000,0 days 00:00:37.952000,,0 days 01:00:08.578000,0 days 01:00:46.648000,291.0,229.0,254.0,298.0,False,SOFT,1.0,True,Ferrari,0 days 00:56:38.290000,2024-07-06 14:43:51.299,1,,False,,False,False
0 days 01:02:13.233000,SAI,55,0 days 00:01:26.843000,17.0,5.0,,,0 days 00:00:28.107000,0 days 00:00:35.040000,0 days 00:00:23.696000,0 days 01:01:14.497000,0 days 01:01:49.537000,0 days 01:02:13.233000,313.0,263.0,253.0,323.0,True,SOFT,2.0,True,Ferrari,0 days 01:00:46.390000,2024-07-06 14:47:59.399,1,,False,,False,True
0 days 01:03:58.925000,SAI,55,0 days 00:01:45.692000,18.0,5.0,,0 days 01:03:52.822000,0 days 00:00:36.625000,0 days 00:00:41.972000,0 days 00:00:27.095000,0 days 01:02:49.858000,0 days 01:03:31.830000,0 days 01:03:58.925000,254.0,226.0,,272.0,False,SOFT,3.0,True,Ferrari,0 days 01:02:13.233000,2024-07-06 14:49:26.242,1,,False,,False,False
0 days 01:13:18.467000,SAI,55,,19.0,6.0,0 days 01:11:31.539000,,,0 days 00:00:42.824000,0 days 00:00:27.110000,,0 days 01:12:51.459000,0 days 01:13:18.558000,291.0,192.0,255.0,294.0,False,SOFT,1.0,True,Ferrari,0 days 01:03:58.925000,2024-07-06 14:51:11.934,1,,False,,False,False
0 days 01:14:44.976000,SAI,55,0 days 00:01:26.509000,20.0,6.0,,,0 days 00:00:28.009000,0 days 00:00:34.891000,0 days 00:00:23.609000,0 days 01:13:46.476000,0 days 01:14:21.367000,0 days 01:14:44.976000,313.0,265.0,254.0,321.0,True,SOFT,2.0,True,Ferrari,0 days 01:13:18.467000,2024-07-06 15:00:31.476,1,,False,,False,True
0 days 01:16:29.895000,SAI,55,0 days 00:01:44.919000,21.0,6.0,,0 days 01:16:23.813000,0 days 00:00:34.776000,0 days 00:00:43.487000,0 days 00:00:26.656000,0 days 01:15:19.752000,0 days 01:16:03.239000,0 days 01:16:29.895000,246.0,236.0,,279.0,False,SOFT,3.0,True,Ferrari,0 days 01:14:44.976000,2024-07-06 15:01:57.985,1,,False,,False,False
0 days 01:21:39.706000,SAI,55,,22.0,7.0,0 days 01:19:53.756000,,,0 days 00:00:38.574000,0 days 00:00:28.824000,,0 days 01:21:10.976000,0 days 01:21:39.818000,293.0,255.0,255.0,303.0,False,SOFT,1.0,True,Ferrari,0 days 01:16:29.895000,2024-07-06 15:03:42.904,1,,False,,False,False
0 days 01:23:06.455000,SAI,55,0 days 00:01:26.749000,23.0,7.0,,,0 days 00:00:28.314000,0 days 00:00:34.897000,0 days 00:00:23.538000,0 days 01:22:08.020000,0 days 01:22:42.917000,0 days 01:23:06.455000,316.0,264.0,253.0,324.0,False,SOFT,2.0,True,Ferrari,0 days 01:21:39.706000,2024-07-06 15:08:52.715,1,,False,,False,True
0 days 01:24:56.311000,SAI,55,,24.0,7.0,,0 days 01:24:56.311000,0 days 00:00:38.040000,0 days 00:00:46.613000,,0 days 01:23:44.740000,0 days 01:24:31.289000,,208.0,210.0,,209.0,False,SOFT,3.0,True,Ferrari,0 days 01:23:06.455000,2024-07-06 15:10:19.464,1,,False,,False,False
0 days 00:15:37.952000,STR,18,,1.0,1.0,0 days 00:13:41.843000,,,0 days 00:00:43.258000,0 days 00:00:37.384000,,0 days 00:15:00.735000,0 days 00:15:37.952000,263.0,240.0,229.0,126.0,False,INTERMEDIATE,1.0,True,Aston Martin,0 days 00:13:41.843000,2024-07-06 14:00:54.852,1,,False,,False,False
0 days 00:17:17.579000,STR,18,0 days 00:01:39.627000,2.0,1.0,,,0 days 00:00:31.123000,0 days 00:00:40.705000,0 days 00:00:27.799000,0 days 00:16:09.075000,0 days 00:16:49.780000,0 days 00:17:17.579000,288.0,241.0,226.0,298.0,True,INTERMEDIATE,2.0,True,Aston Martin,0 days 00:15:37.952000,2024-07-06 14:02:50.961,1,,False,,False,True
0 days 00:19:28.863000,STR,18,0 days 00:02:11.284000,3.0,1.0,,,0 days 00:00:43.798000,0 days 00:00:51.338000,0 days 00:00:36.148000,0 days 00:18:01.377000,0 days 00:18:52.715000,0 days 00:19:28.863000,218.0,219.0,226.0,279.0,False,INTERMEDIATE,3.0,True,Aston Martin,0 days 00:17:17.579000,2024-07-06 14:04:30.588,1,,False,,False,True
0 days 00:21:07.145000,STR,18,0 days 00:01:38.282000,4.0,1.0,,,0 days 00:00:30.873000,0 days 00:00:39.777000,0 days 00:00:27.632000,0 days 00:19:59.736000,0 days 00:20:39.513000,0 days 00:21:07.145000,292.0,242.0,228.0,299.0,True,INTERMEDIATE,4.0,True,Aston Martin,0 days 00:19:28.863000,2024-07-06 14:06:41.872,1,,False,,False,True
0 days 00:22:54.176000,STR,18,0 days 00:01:47.031000,5.0,1.0,0 days 00:23:19.043000,0 days 00:25:25.942000,0 days 00:00:34.422000,0 days 00:00:44.220000,0 days 00:00:28.389000,0 days 00:21:41.567000,0 days 00:22:25.787000,0 days 00:22:54.176000,264.0,231.0,,281.0,False,INTERMEDIATE,5.0,True,Aston Martin,0 days 00:21:07.145000,2024-07-06 14:08:20.154,1,,False,,False,False
0 days 00:33:59.586000,STR,18,,6.0,2.0,0 days 00:32:08.459000,,,0 days 00:00:42.785000,0 days 00:00:30.910000,,0 days 00:33:30.326000,0 days 00:33:59.807000,282.0,235.0,218.0,283.0,False,SOFT,1.0,True,Aston Martin,0 days 00:32:08.459000,2024-07-06 14:19:21.468,1,,False,,False,False
0 days 00:35:37.349000,STR,18,0 days 00:01:37.763000,7.0,2.0,,,0 days 00:00:29.798000,0 days 00:00:40.037000,0 days 00:00:27.928000,0 days 00:34:29.384000,0 days 00:35:09.421000,0 days 00:35:37.349000,287.0,251.0,237.0,295.0,True,SOFT,2.0,True,Aston Martin,0 days 00:33:59.586000,2024-07-06 14:21:12.595,1,,False,,False,True
0 days 00:37:14.730000,STR,18,0 days 00:01:37.381000,8.0,2.0,,,0 days 00:00:29.252000,0 days 00:00:41.857000,0 days 00:00:26.272000,0 days 00:36:06.601000,0 days 00:36:48.458000,0 days 00:37:14.730000,296.0,238.0,239.0,300.0,True,SOFT,3.0,True,Aston Martin,0 days 00:35:37.349000,2024-07-06 14:22:50.358,1,,False,,False,True
0 days 00:38:46.140000,STR,18,0 days 00:01:31.410000,9.0,2.0,,,0 days 00:00:29.063000,0 days 00:00:37.150000,0 days 00:00:25.197000,0 days 00:37:43.793000,0 days 00:38:20.943000,0 days 00:38:46.140000,286.0,256.0,249.0,295.0,True,SOFT,4.0,True,Aston Martin,0 days 00:37:14.730000,2024-07-06 14:24:27.739,1,,False,,False,True
0 days 00:40:35.830000,STR,18,0 days 00:01:49.690000,10.0,2.0,,0 days 00:40:29.647000,0 days 00:00:29.142000,0 days 00:00:47.705000,0 days 00:00:32.843000,0 days 00:39:15.282000,0 days 00:40:02.987000,0 days 00:40:35.830000,231.0,224.0,,272.0,False,SOFT,5.0,True,Aston Martin,0 days 00:38:46.140000,2024-07-06 14:25:59.149,1,,False,,False,False
0 days 00:49:02.230000,STR,18,,11.0,3.0,0 days 00:47:15.715000,,,0 days 00:00:41.905000,0 days 00:00:28.041000,,0 days 00:48:34.316000,0 days 00:49:02.230000,268.0,242.0,250.0,303.0,False,SOFT,1.0,True,Aston Martin,0 days 00:40:35.830000,2024-07-06 14:27:48.839,1,,False,,False,False
0 days 00:50:30.390000,STR,18,0 days 00:01:28.160000,12.0,3.0,,,0 days 00:00:28.182000,0 days 00:00:35.735000,0 days 00:00:24.243000,0 days 00:49:30.412000,0 days 00:50:06.147000,0 days 00:50:30.390000,313.0,266.0,251.0,325.0,True,SOFT,2.0,True,Aston Martin,0 days 00:49:02.230000,2024-07-06 14:36:15.239,1,,False,,False,True
0 days 00:52:33.216000,STR,18,0 days 00:02:02.826000,13.0,3.0,,,0 days 00:00:42.577000,0 days 00:00:47.557000,0 days 00:00:32.692000,0 days 00:51:12.967000,0 days 00:52:00.524000,0 days 00:52:33.216000,222.0,233.0,251.0,158.0,False,SOFT,3.0,True,Aston Martin,0 days 00:50:30.390000,2024-07-06 14:37:43.399,1,,False,,False,True
0 days 00:54:00.772000,STR,18,0 days 00:01:27.556000,14.0,3.0,,,0 days 00:00:28.124000,0 days 00:00:35.434000,0 days 00:00:23.998000,0 days 00:53:01.340000,0 days 00:53:36.774000,0 days 00:54:00.772000,315.0,265.0,251.0,325.0,True,SOFT,4.0,True,Aston Martin,0 days 00:52:33.216000,2024-07-06 14:39:46.225,1,,False,,False,True
0 days 00:55:37.385000,STR,18,0 days 00:01:36.613000,15.0,3.0,,0 days 00:55:31.457000,0 days 00:00:31.369000,0 days 00:00:40.123000,0 days 00:00:25.121000,0 days 00:54:32.141000,0 days 00:55:12.264000,0 days 00:55:37.385000,260.0,249.0,,306.0,False,SOFT,5.0,True,Aston Martin,0 days 00:54:00.772000,2024-07-06 14:41:13.781,1,,False,,False,False
0 days 01:01:35.575000,STR,18,,16.0,4.0,0 days 00:59:20.465000,,,0 days 00:00:42.521000,0 days 00:00:38.679000,,0 days 01:00:57.085000,0 days 01:01:35.813000,203.0,246.0,250.0,252.0,False,SOFT,2.0,False,Aston Martin,0 days 00:55:37.385000,2024-07-06 14:42:50.394,1,,False,,False,False
0 days 01:03:02.513000,STR,18,0 days 00:01:26.938000,17.0,4.0,,,0 days 00:00:28.158000,0 days 00:00:35.029000,0 days 00:00:23.751000,0 days 01:02:03.733000,0 days 01:02:38.762000,0 days 01:03:02.513000,313.0,266.0,252.0,324.0,True,SOFT,3.0,False,Aston Martin,0 days 01:01:35.575000,2024-07-06 14:48:48.584,1,,False,,False,True
0 days 01:04:54.946000,STR,18,0 days 00:01:52.433000,18.0,4.0,,0 days 01:04:49.040000,0 days 00:00:33.469000,0 days 00:00:49.141000,0 days 00:00:29.823000,0 days 01:03:35.982000,0 days 01:04:25.123000,0 days 01:04:54.946000,255.0,231.0,,194.0,False,SOFT,4.0,False,Aston Martin,0 days 01:03:02.513000,2024-07-06 14:50:15.522,1,,False,,False,False
0 days 01:13:28.172000,STR,18,,19.0,5.0,0 days 01:11:37.324000,,,0 days 00:00:41.853000,0 days 00:00:28.058000,,0 days 01:13:00.148000,0 days 01:13:28.250000,270.0,241.0,251.0,293.0,False,SOFT,5.0,False,Aston Martin,0 days 01:04:54.946000,2024-07-06 14:52:07.955,1,,False,,False,False
0 days 01:14:54.970000,STR,18,0 days 00:01:26.798000,20.0,5.0,,,0 days 00:00:28.052000,0 days 00:00:35.204000,0 days 00:00:23.542000,0 days 01:13:56.224000,0 days 01:14:31.428000,0 days 01:14:54.970000,310.0,268.0,252.0,323.0,True,SOFT,6.0,False,Aston Martin,0 days 01:13:28.172000,2024-07-06 15:00:41.181,1,,False,,False,True
0 days 01:16:47.359000,STR,18,0 days 00:01:52.389000,21.0,5.0,,0 days 01:16:41.359000,0 days 00:00:32.872000,0 days 00:00:47.925000,0 days 00:00:31.592000,0 days 01:15:27.842000,0 days 01:16:15.767000,0 days 01:16:47.359000,199.0,232.0,,183.0,False,SOFT,7.0,False,Aston Martin,0 days 01:14:54.970000,2024-07-06 15:02:07.979,1,,False,,False,False
0 days 01:20:53.746000,STR,18,,22.0,6.0,0 days 01:19:00.073000,,,0 days 00:00:44.209000,0 days 00:00:30.258000,,0 days 01:20:23.696000,0 days 01:20:53.957000,254.0,240.0,253.0,255.0,False,SOFT,1.0,True,Aston Martin,0 days 01:16:47.359000,2024-07-06 15:04:00.368,1,,False,,False,False
0 days 01:22:20.331000,STR,18,0 days 00:01:26.585000,23.0,6.0,,,0 days 00:00:27.892000,0 days 00:00:34.941000,0 days 00:00:23.752000,0 days 01:21:21.638000,0 days 01:21:56.579000,0 days 01:22:20.331000,312.0,257.0,252.0,324.0,True,SOFT,2.0,True,Aston Martin,0 days 01:20:53.746000,2024-07-06 15:08:06.755,1,,False,,False,True
0 days 01:24:08.594000,STR,18,,24.0,6.0,,0 days 01:24:08.594000,0 days 00:00:33.973000,0 days 00:00:48.449000,,0 days 01:22:54.379000,0 days 01:23:42.926000,,218.0,229.0,,186.0,False,SOFT,3.0,True,Aston Martin,0 days 01:22:20.331000,2024-07-06 15:09:33.340,1,,False,,False,False
0 days 00:16:37.902000,ALB,23,,1.0,1.0,0 days 00:14:39.973000,,,0 days 00:00:47.465000,0 days 00:00:33.466000,,0 days 00:16:04.625000,0 days 00:16:37.902000,280.0,237.0,227.0,299.0,False,INTERMEDIATE,1.0,True,Williams,0 days 00:14:39.973000,2024-07-06 14:01:52.982,1,,False,,False,False
0 days 00:18:15.950000,ALB,23,0 days 00:01:38.048000,2.0,1.0,,,0 days 00:00:31.184000,0 days 00:00:39.702000,0 days 00:00:27.162000,0 days 00:17:09.086000,0 days 00:17:48.788000,0 days 00:18:15.950000,286.0,246.0,227.0,296.0,True,INTERMEDIATE,2.0,True,Williams,0 days 00:16:37.902000,2024-07-06 14:03:50.911,1,,False,,False,True
0 days 00:20:19.842000,ALB,23,0 days 00:02:03.892000,3.0,1.0,,,0 days 00:00:36.852000,0 days 00:00:52.069000,0 days 00:00:34.971000,0 days 00:18:52.802000,0 days 00:19:44.871000,0 days 00:20:19.842000,133.0,209.0,226.0,168.0,False,INTERMEDIATE,3.0,True,Williams,0 days 00:18:15.950000,2024-07-06 14:05:28.959,1,,False,,False,True
0 days 00:22:13.244000,ALB,23,0 days 00:01:53.402000,4.0,1.0,,0 days 00:22:06.633000,0 days 00:00:31.217000,0 days 00:00:49.795000,0 days 00:00:32.390000,0 days 00:20:51.059000,0 days 00:21:40.854000,0 days 00:22:13.244000,284.0,198.0,,238.0,False,INTERMEDIATE,4.0,True,Williams,0 days 00:20:19.842000,2024-07-06 14:07:32.851,1,,False,,False,False
0 days 00:33:38.128000,ALB,23,,5.0,2.0,0 days 00:22:46.844000,0 days 00:24:49.822000,,,,,,,,,,,False,SOFT,1.0,True,Williams,0 days 00:22:13.244000,2024-07-06 14:09:26.253,125,,False,,False,False
0 days 00:35:41.438000,ALB,23,,6.0,3.0,0 days 00:33:38.128000,,,0 days 00:00:44.779000,0 days 00:00:37.816000,,0 days 00:35:03.739000,0 days 00:35:41.744000,289.0,240.0,223.0,239.0,False,SOFT,1.0,True,Williams,0 days 00:33:38.128000,2024-07-06 14:20:51.137,1,,False,,False,False
0 days 00:37:23.489000,ALB,23,0 days 00:01:42.051000,7.0,3.0,,,0 days 00:00:29.675000,0 days 00:00:42.504000,0 days 00:00:29.872000,0 days 00:36:11.113000,0 days 00:36:53.617000,0 days 00:37:23.489000,286.0,237.0,236.0,297.0,False,SOFT,2.0,True,Williams,0 days 00:35:41.438000,2024-07-06 14:22:54.447,1,,True,TRACK LIMITS AT TURN 9 LAP 8 ,False,True
0 days 00:38:54.624000,ALB,23,0 days 00:01:31.135000,8.0,3.0,,,0 days 00:00:29.294000,0 days 00:00:36.646000,0 days 00:00:25.195000,0 days 00:37:52.783000,0 days 00:38:29.429000,0 days 00:38:54.624000,294.0,257.0,236.0,304.0,True,SOFT,3.0,True,Williams,0 days 00:37:23.489000,2024-07-06 14:24:36.498,1,,False,,False,True
0 days 00:40:47.931000,ALB,23,0 days 00:01:53.307000,9.0,3.0,,0 days 00:40:41.764000,0 days 00:00:32.831000,0 days 00:00:49.725000,0 days 00:00:30.751000,0 days 00:39:27.455000,0 days 00:40:17.180000,0 days 00:40:47.931000,264.0,230.0,,285.0,False,SOFT,4.0,True,Williams,0 days 00:38:54.624000,2024-07-06 14:26:07.633,1,,False,,False,False
0 days 00:48:38.983000,ALB,23,,10.0,4.0,0 days 00:46:53.458000,,,0 days 00:00:42.933000,0 days 00:00:29.088000,,0 days 00:48:09.968000,0 days 00:48:39.057000,284.0,235.0,251.0,281.0,False,SOFT,2.0,False,Williams,0 days 00:40:47.931000,2024-07-06 14:28:00.940,1,,False,,False,False
0 days 00:50:06.966000,ALB,23,0 days 00:01:27.983000,11.0,4.0,,,0 days 00:00:28.283000,0 days 00:00:35.534000,0 days 00:00:24.166000,0 days 00:49:07.266000,0 days 00:49:42.800000,0 days 00:50:06.966000,303.0,263.0,251.0,320.0,True,SOFT,3.0,False,Williams,0 days 00:48:38.983000,2024-07-06 14:35:51.992,1,,False,,False,True
0 days 00:52:06.245000,ALB,23,0 days 00:01:59.279000,12.0,4.0,,,0 days 00:00:40.478000,0 days 00:00:51.394000,0 days 00:00:27.407000,0 days 00:50:47.444000,0 days 00:51:38.838000,0 days 00:52:06.245000,251.0,223.0,252.0,286.0,False,SOFT,4.0,False,Williams,0 days 00:50:06.966000,2024-07-06 14:37:19.975,1,,False,,False,True
0 days 00:53:33.798000,ALB,23,0 days 00:01:27.553000,13.0,4.0,,,0 days 00:00:28.263000,0 days 00:00:35.408000,0 days 00:00:23.882000,0 days 00:52:34.508000,0 days 00:53:09.916000,0 days 00:53:33.798000,314.0,265.0,252.0,323.0,True,SOFT,5.0,False,Williams,0 days 00:52:06.245000,2024-07-06 14:39:19.254,1,,False,,False,True
0 days 00:55:10.655000,ALB,23,0 days 00:01:36.857000,14.0,4.0,,0 days 00:55:04.632000,0 days 00:00:30.535000,0 days 00:00:39.481000,0 days 00:00:26.841000,0 days 00:54:04.333000,0 days 00:54:43.814000,0 days 00:55:10.655000,273.0,242.0,,287.0,False,SOFT,6.0,False,Williams,0 days 00:53:33.798000,2024-07-06 14:40:46.807,1,,False,,False,False
0 days 00:59:32.925000,ALB,23,,15.0,5.0,0 days 00:57:46.143000,,,0 days 00:00:47.823000,0 days 00:00:26.315000,,0 days 00:59:06.661000,0 days 00:59:33.178000,291.0,234.0,254.0,287.0,False,SOFT,1.0,True,Williams,0 days 00:55:10.655000,2024-07-06 14:42:23.664,1,,False,,False,False
0 days 01:00:59.858000,ALB,23,0 days 00:01:26.933000,16.0,5.0,,,0 days 00:00:28.306000,0 days 00:00:34.874000,0 days 00:00:23.753000,0 days 01:00:01.231000,0 days 01:00:36.105000,0 days 01:00:59.858000,312.0,263.0,252.0,324.0,True,SOFT,2.0,True,Williams,0 days 00:59:32.925000,2024-07-06 14:46:45.934,1,,False,,False,True
0 days 01:02:54.309000,ALB,23,0 days 00:01:54.451000,17.0,5.0,,0 days 01:02:48.415000,0 days 00:00:37.643000,0 days 00:00:48.368000,0 days 00:00:28.440000,0 days 01:01:37.501000,0 days 01:02:25.869000,0 days 01:02:54.309000,125.0,236.0,,232.0,False,SOFT,3.0,True,Williams,0 days 01:00:59.858000,2024-07-06 14:48:12.867,1,,False,,False,False
0 days 01:12:39.262000,ALB,23,,18.0,6.0,0 days 01:10:52.772000,,,0 days 00:00:45.732000,0 days 00:00:27.896000,,0 days 01:12:11.460000,0 days 01:12:39.281000,290.0,224.0,253.0,283.0,False,SOFT,5.0,False,Williams,0 days 01:02:54.309000,2024-07-06 14:50:07.318,1,,False,,False,False
0 days 01:14:06.270000,ALB,23,0 days 00:01:27.008000,19.0,6.0,,,0 days 00:00:28.274000,0 days 00:00:35.010000,0 days 00:00:23.724000,0 days 01:13:07.536000,0 days 01:13:42.546000,0 days 01:14:06.270000,312.0,263.0,252.0,322.0,True,SOFT,6.0,False,Williams,0 days 01:12:39.262000,2024-07-06 14:59:52.271,1,,False,,False,True
0 days 01:16:00.395000,ALB,23,0 days 00:01:54.125000,20.0,6.0,,0 days 01:15:54.521000,0 days 00:00:32.567000,0 days 00:00:50.671000,0 days 00:00:30.887000,0 days 01:14:38.837000,0 days 01:15:29.508000,0 days 01:16:00.395000,264.0,173.0,,208.0,False,SOFT,7.0,False,Williams,0 days 01:14:06.270000,2024-07-06 15:01:19.279,1,,False,,False,False
0 days 01:20:45.271000,ALB,23,,21.0,7.0,0 days 01:18:57.469000,,,0 days 00:00:46.029000,0 days 00:00:28.461000,,0 days 01:20:16.810000,0 days 01:20:45.574000,286.0,207.0,255.0,300.0,False,SOFT,1.0,True,Williams,0 days 01:16:00.395000,2024-07-06 15:03:13.404,1,,False,,False,False
0 days 01:22:11.911000,ALB,23,0 days 00:01:26.640000,22.0,7.0,,,0 days 00:00:28.004000,0 days 00:00:34.999000,0 days 00:00:23.637000,0 days 01:21:13.275000,0 days 01:21:48.274000,0 days 01:22:11.911000,313.0,266.0,253.0,324.0,True,SOFT,2.0,True,Williams,0 days 01:20:45.271000,2024-07-06 15:07:58.280,1,,False,,False,True
0 days 01:24:01.237000,ALB,23,,23.0,7.0,,0 days 01:24:01.237000,0 days 00:00:33.646000,0 days 00:00:52.866000,,0 days 01:22:45.694000,0 days 01:23:38.494000,,240.0,191.0,,262.0,False,SOFT,3.0,True,Williams,0 days 01:22:11.911000,2024-07-06 15:09:24.920,1,,False,,False,False
0 days 00:15:31.172000,ALO,14,,1.0,1.0,0 days 00:13:34.939000,,,0 days 00:00:45.397000,0 days 00:00:34.701000,,0 days 00:14:56.563000,0 days 00:15:31.172000,277.0,237.0,227.0,143.0,False,INTERMEDIATE,1.0,True,Aston Martin,0 days 00:13:34.939000,2024-07-06 14:00:47.948,1,,False,,False,False
0 days 00:17:10.858000,ALO,14,0 days 00:01:39.686000,2.0,1.0,,,0 days 00:00:31.296000,0 days 00:00:40.352000,0 days 00:00:28.038000,0 days 00:16:02.468000,0 days 00:16:42.820000,0 days 00:17:10.858000,288.0,242.0,224.0,297.0,True,INTERMEDIATE,2.0,True,Aston Martin,0 days 00:15:31.172000,2024-07-06 14:02:44.181,1,,False,,False,True
0 days 00:19:18.070000,ALO,14,0 days 00:02:07.212000,3.0,1.0,,,0 days 00:00:40.811000,0 days 00:00:50.620000,0 days 00:00:35.781000,0 days 00:17:51.669000,0 days 00:18:42.289000,0 days 00:19:18.070000,254.0,222.0,234.0,280.0,False,INTERMEDIATE,3.0,True,Aston Martin,0 days 00:17:10.858000,2024-07-06 14:04:23.867,1,,False,,False,True
0 days 00:20:56.426000,ALO,14,0 days 00:01:38.356000,4.0,1.0,,,0 days 00:00:30.878000,0 days 00:00:39.769000,0 days 00:00:27.709000,0 days 00:19:48.948000,0 days 00:20:28.717000,0 days 00:20:56.426000,291.0,246.0,224.0,299.0,True,INTERMEDIATE,4.0,True,Aston Martin,0 days 00:19:18.070000,2024-07-06 14:06:31.079,1,,False,,False,True
0 days 00:22:42.209000,ALO,14,0 days 00:01:45.783000,5.0,1.0,,0 days 00:22:36.105000,0 days 00:00:33.239000,0 days 00:00:42.979000,0 days 00:00:29.565000,0 days 00:21:29.665000,0 days 00:22:12.644000,0 days 00:22:42.209000,264.0,230.0,,281.0,False,INTERMEDIATE,5.0,True,Aston Martin,0 days 00:20:56.426000,2024-07-06 14:08:09.435,1,,False,,False,False
0 days 00:32:16.802000,ALO,14,,6.0,2.0,0 days 00:23:10.032000,0 days 00:25:17.215000,,,,,,,,,,,False,SOFT,1.0,True,Aston Martin,0 days 00:22:42.209000,2024-07-06 14:09:55.218,125,,False,,False,False
0 days 00:34:05.865000,ALO,14,,7.0,3.0,0 days 00:32:16.802000,,,0 days 00:00:41.921000,0 days 00:00:31.114000,,0 days 00:33:34.816000,0 days 00:34:06.179000,274.0,239.0,234.0,281.0,False,SOFT,1.0,True,Aston Martin,0 days 00:32:16.802000,2024-07-06 14:19:29.811,1,,False,,False,False
0 days 00:35:38.217000,ALO,14,0 days 00:01:32.352000,8.0,3.0,,,0 days 00:00:29.348000,0 days 00:00:36.942000,0 days 00:00:26.062000,0 days 00:34:35.213000,0 days 00:35:12.155000,0 days 00:35:38.217000,289.0,259.0,232.0,297.0,True,SOFT,2.0,True,Aston Martin,0 days 00:34:05.865000,2024-07-06 14:21:18.874,1,,False,,False,True
0 days 00:37:46.299000,ALO,14,0 days 00:02:08.082000,9.0,3.0,,,0 days 00:00:35.902000,0 days 00:00:54.655000,0 days 00:00:37.525000,0 days 00:36:14.119000,0 days 00:37:08.774000,0 days 00:37:46.299000,186.0,224.0,231.0,282.0,False,SOFT,3.0,True,Aston Martin,0 days 00:35:38.217000,2024-07-06 14:22:51.226,1,,True,TRACK LIMITS AT TURN 4 LAP 10 ,False,True
0 days 00:39:17.563000,ALO,14,0 days 00:01:31.264000,10.0,3.0,,,0 days 00:00:29.224000,0 days 00:00:36.835000,0 days 00:00:25.205000,0 days 00:38:15.523000,0 days 00:38:52.358000,0 days 00:39:17.563000,292.0,260.0,249.0,303.0,True,SOFT,4.0,True,Aston Martin,0 days 00:37:46.299000,2024-07-06 14:24:59.308,1,,False,,False,True
0 days 00:41:04.531000,ALO,14,0 days 00:01:46.968000,11.0,3.0,,0 days 00:40:58.466000,0 days 00:00:35.062000,0 days 00:00:41.867000,0 days 00:00:30.039000,0 days 00:39:52.625000,0 days 00:40:34.492000,0 days 00:41:04.531000,264.0,237.0,,250.0,False,SOFT,5.0,True,Aston Martin,0 days 00:39:17.563000,2024-07-06 14:26:30.572,1,,False,,False,False
0 days 00:49:08.225000,ALO,14,,12.0,4.0,0 days 00:47:23.351000,,,0 days 00:00:39.258000,0 days 00:00:28.224000,,0 days 00:48:40.058000,0 days 00:49:08.225000,291.0,247.0,251.0,304.0,False,SOFT,1.0,True,Aston Martin,0 days 00:41:04.531000,2024-07-06 14:28:17.540,1,,False,,False,False
0 days 00:50:35.877000,ALO,14,0 days 00:01:27.652000,13.0,4.0,,,0 days 00:00:28.113000,0 days 00:00:35.421000,0 days 00:00:24.118000,0 days 00:49:36.338000,0 days 00:50:11.759000,0 days 00:50:35.877000,313.0,265.0,252.0,323.0,True,SOFT,2.0,True,Aston Martin,0 days 00:49:08.225000,2024-07-06 14:36:21.234,1,,False,,False,True
0 days 00:52:39.496000,ALO,14,0 days 00:02:03.619000,14.0,4.0,,,0 days 00:00:38.553000,0 days 00:00:54.070000,0 days 00:00:30.996000,0 days 00:51:14.430000,0 days 00:52:08.500000,0 days 00:52:39.496000,238.0,224.0,251.0,301.0,False,SOFT,3.0,True,Aston Martin,0 days 00:50:35.877000,2024-07-06 14:37:48.886,1,,False,,False,True
0 days 00:54:06.775000,ALO,14,0 days 00:01:27.279000,15.0,4.0,,,0 days 00:00:28.260000,0 days 00:00:35.143000,0 days 00:00:23.876000,0 days 00:53:07.756000,0 days 00:53:42.899000,0 days 00:54:06.775000,315.0,264.0,252.0,325.0,True,SOFT,4.0,True,Aston Martin,0 days 00:52:39.496000,2024-07-06 14:39:52.505,1,,False,,False,True
0 days 00:55:45.212000,ALO,14,0 days 00:01:38.437000,16.0,4.0,,0 days 00:55:39.323000,0 days 00:00:31.758000,0 days 00:00:40.198000,0 days 00:00:26.481000,0 days 00:54:38.533000,0 days 00:55:18.731000,0 days 00:55:45.212000,244.0,249.0,,287.0,False,SOFT,5.0,True,Aston Martin,0 days 00:54:06.775000,2024-07-06 14:41:19.784,1,,False,,False,False
0 days 01:01:02.979000,ALO,14,,17.0,5.0,0 days 00:59:11.373000,,,0 days 00:00:38.587000,0 days 00:00:33.543000,,0 days 01:00:29.486000,0 days 01:01:03.226000,305.0,247.0,255.0,306.0,False,SOFT,2.0,False,Aston Martin,0 days 00:55:45.212000,2024-07-06 14:42:58.221,1,,False,,False,False
0 days 01:02:29.709000,ALO,14,0 days 00:01:26.730000,18.0,5.0,,,0 days 00:00:28.136000,0 days 00:00:34.915000,0 days 00:00:23.679000,0 days 01:01:31.115000,0 days 01:02:06.030000,0 days 01:02:29.709000,314.0,265.0,252.0,323.0,True,SOFT,3.0,False,Aston Martin,0 days 01:01:02.979000,2024-07-06 14:48:15.988,1,,False,,False,True
0 days 01:04:22.559000,ALO,14,0 days 00:01:52.850000,19.0,5.0,,0 days 01:04:16.496000,0 days 00:00:34.691000,0 days 00:00:46.431000,0 days 00:00:31.728000,0 days 01:03:04.400000,0 days 01:03:50.831000,0 days 01:04:22.559000,227.0,232.0,,207.0,False,SOFT,4.0,False,Aston Martin,0 days 01:02:29.709000,2024-07-06 14:49:42.718,1,,False,,False,False
0 days 01:13:01.726000,ALO,14,,20.0,6.0,0 days 01:11:08.865000,,,0 days 00:00:39.213000,0 days 00:00:30.085000,,0 days 01:12:31.806000,0 days 01:13:01.726000,296.0,242.0,254.0,304.0,False,SOFT,5.0,False,Aston Martin,0 days 01:04:22.559000,2024-07-06 14:51:35.568,1,,False,,False,False
0 days 01:14:28.643000,ALO,14,0 days 00:01:26.917000,21.0,6.0,,,0 days 00:00:28.248000,0 days 00:00:35.038000,0 days 00:00:23.631000,0 days 01:13:29.974000,0 days 01:14:05.012000,0 days 01:14:28.643000,314.0,266.0,252.0,323.0,True,SOFT,6.0,False,Aston Martin,0 days 01:13:01.726000,2024-07-06 15:00:14.735,1,,False,,False,True
0 days 01:16:08.702000,ALO,14,0 days 00:01:40.059000,22.0,6.0,,0 days 01:16:02.764000,0 days 00:00:31.171000,0 days 00:00:40.689000,0 days 00:00:28.199000,0 days 01:14:59.814000,0 days 01:15:40.503000,0 days 01:16:08.702000,254.0,244.0,,280.0,False,SOFT,7.0,False,Aston Martin,0 days 01:14:28.643000,2024-07-06 15:01:41.652,1,,False,,False,False
0 days 01:21:43.731000,ALO,14,,23.0,7.0,0 days 01:19:57.851000,,,0 days 00:00:38.124000,0 days 00:00:32.602000,,0 days 01:21:11.129000,0 days 01:21:43.926000,298.0,256.0,233.0,320.0,False,SOFT,1.0,True,Aston Martin,0 days 01:16:08.702000,2024-07-06 15:03:21.711,1,,False,,False,False
0 days 01:23:09.134000,ALO,14,,24.0,7.0,,0 days 01:23:09.134000,0 days 00:00:28.288000,0 days 00:00:37.453000,,0 days 01:22:12.172000,0 days 01:22:49.556000,,316.0,244.0,,301.0,False,SOFT,2.0,True,Aston Martin,0 days 01:21:43.731000,2024-07-06 15:08:56.740,1,,False,,False,False
0 days 00:15:56.472000,LEC,16,,1.0,1.0,0 days 00:13:48.988000,,,0 days 00:00:46.168000,0 days 00:00:35.044000,,0 days 00:15:21.555000,0 days 00:15:56.577000,240.0,226.0,218.0,277.0,False,INTERMEDIATE,1.0,True,Ferrari,0 days 00:13:48.988000,2024-07-06 14:01:01.997,1,,False,,False,False
0 days 00:17:34.511000,LEC,16,0 days 00:01:38.039000,2.0,1.0,,,0 days 00:00:31.008000,0 days 00:00:39.715000,0 days 00:00:27.316000,0 days 00:16:27.480000,0 days 00:17:07.195000,0 days 00:17:34.511000,290.0,244.0,227.0,291.0,True,INTERMEDIATE,2.0,True,Ferrari,0 days 00:15:56.472000,2024-07-06 14:03:09.481,1,,False,,False,True
0 days 00:19:32.739000,LEC,16,0 days 00:01:58.228000,3.0,1.0,,0 days 00:19:26.610000,0 days 00:00:35.160000,0 days 00:00:52.516000,0 days 00:00:30.552000,0 days 00:18:09.671000,0 days 00:19:02.187000,0 days 00:19:32.739000,225.0,221.0,,275.0,False,INTERMEDIATE,3.0,True,Ferrari,0 days 00:17:34.511000,2024-07-06 14:04:47.520,1,,False,,False,False
0 days 00:21:52.961000,LEC,16,0 days 00:02:20.222000,4.0,2.0,0 days 00:19:56.941000,,0 days 00:00:58.786000,0 days 00:00:47.052000,0 days 00:00:34.384000,0 days 00:20:31.525000,0 days 00:21:18.577000,0 days 00:21:52.961000,270.0,226.0,188.0,245.0,False,SOFT,1.0,True,Ferrari,0 days 00:19:32.739000,2024-07-06 14:06:45.748,1,,False,,False,False
0 days 00:33:28.637000,LEC,16,,5.0,2.0,,0 days 00:25:47.359000,0 days 00:00:31.044000,0 days 00:00:40.196000,,0 days 00:22:24.177000,0 days 00:23:04.339000,,293.0,248.0,,292.0,False,SOFT,2.0,True,Ferrari,0 days 00:21:52.961000,2024-07-06 14:09:05.970,125,,False,,False,False
0 days 00:35:30.186000,LEC,16,,6.0,3.0,0 days 00:33:28.637000,,,0 days 00:00:44.863000,0 days 00:00:34.199000,,0 days 00:34:56.143000,0 days 00:35:30.475000,270.0,234.0,225.0,286.0,False,SOFT,1.0,True,Ferrari,0 days 00:33:28.637000,2024-07-06 14:20:41.646,1,,False,,False,False
0 days 00:37:06.362000,LEC,16,0 days 00:01:36.176000,7.0,3.0,,,0 days 00:00:29.272000,0 days 00:00:39.903000,0 days 00:00:27.001000,0 days 00:35:59.458000,0 days 00:36:39.361000,0 days 00:37:06.362000,296.0,251.0,221.0,300.0,True,SOFT,2.0,True,Ferrari,0 days 00:35:30.186000,2024-07-06 14:22:43.195,1,,False,,False,True
0 days 00:38:38.955000,LEC,16,0 days 00:01:32.593000,8.0,3.0,,,0 days 00:00:29.645000,0 days 00:00:37.379000,0 days 00:00:25.569000,0 days 00:37:36.007000,0 days 00:38:13.386000,0 days 00:38:38.955000,282.0,259.0,231.0,300.0,True,SOFT,3.0,True,Ferrari,0 days 00:37:06.362000,2024-07-06 14:24:19.371,1,,False,,False,True
0 days 00:40:09.451000,LEC,16,0 days 00:01:30.496000,9.0,3.0,,,0 days 00:00:29.112000,0 days 00:00:36.265000,0 days 00:00:25.119000,0 days 00:39:08.067000,0 days 00:39:44.332000,0 days 00:40:09.451000,291.0,261.0,239.0,296.0,True,SOFT,4.0,True,Ferrari,0 days 00:38:38.955000,2024-07-06 14:25:51.964,1,,False,,False,True
0 days 00:41:56.137000,LEC,16,0 days 00:01:46.686000,10.0,3.0,,0 days 00:41:49.919000,0 days 00:00:34.039000,0 days 00:00:44.300000,0 days 00:00:28.347000,0 days 00:40:43.490000,0 days 00:41:27.790000,0 days 00:41:56.137000,265.0,233.0,,281.0,False,SOFT,5.0,True,Ferrari,0 days 00:40:09.451000,2024-07-06 14:27:22.460,1,,False,,False,False
0 days 00:49:48.897000,LEC,16,,11.0,4.0,0 days 00:48:02.219000,,,0 days 00:00:40.104000,0 days 00:00:27.656000,,0 days 00:49:21.260000,0 days 00:49:48.984000,287.0,243.0,238.0,298.0,False,SOFT,3.0,False,Ferrari,0 days 00:41:56.137000,2024-07-06 14:29:09.146,1,,False,,False,False
0 days 00:51:17.476000,LEC,16,0 days 00:01:28.579000,12.0,4.0,,,0 days 00:00:28.570000,0 days 00:00:35.784000,0 days 00:00:24.225000,0 days 00:50:17.467000,0 days 00:50:53.251000,0 days 00:51:17.476000,312.0,263.0,248.0,318.0,True,SOFT,4.0,False,Ferrari,0 days 00:49:48.897000,2024-07-06 14:37:01.906,1,,False,,False,True
0 days 00:53:07.339000,LEC,16,0 days 00:01:49.863000,13.0,4.0,,,0 days 00:00:28.686000,0 days 00:00:48.479000,0 days 00:00:32.698000,0 days 00:51:46.162000,0 days 00:52:34.641000,0 days 00:53:07.339000,276.0,182.0,248.0,203.0,False,SOFT,5.0,False,Ferrari,0 days 00:51:17.476000,2024-07-06 14:38:30.485,1,,False,,False,True
0 days 00:54:35.006000,LEC,16,0 days 00:01:27.667000,14.0,4.0,,,0 days 00:00:28.344000,0 days 00:00:35.440000,0 days 00:00:23.883000,0 days 00:53:35.683000,0 days 00:54:11.123000,0 days 00:54:35.006000,313.0,263.0,252.0,321.0,True,SOFT,6.0,False,Ferrari,0 days 00:53:07.339000,2024-07-06 14:40:20.348,1,,False,,False,True
0 days 00:56:12.195000,LEC,16,0 days 00:01:37.189000,15.0,4.0,,0 days 00:56:05.666000,0 days 00:00:30.417000,0 days 00:00:39.506000,0 days 00:00:27.266000,0 days 00:55:05.423000,0 days 00:55:44.929000,0 days 00:56:12.195000,285.0,243.0,,297.0,False,SOFT,7.0,False,Ferrari,0 days 00:54:35.006000,2024-07-06 14:41:48.015,1,,False,,False,False
0 days 01:00:39.976000,LEC,16,,16.0,5.0,0 days 00:58:47.559000,,,0 days 00:00:41.547000,0 days 00:00:38.483000,,0 days 01:00:01.589000,0 days 01:00:40.107000,271.0,239.0,254.0,209.0,False,SOFT,1.0,True,Ferrari,0 days 00:56:12.195000,2024-07-06 14:43:25.204,1,,False,,False,False
0 days 01:02:07.073000,LEC,16,0 days 00:01:27.097000,17.0,5.0,,,0 days 00:00:28.117000,0 days 00:00:35.160000,0 days 00:00:23.820000,0 days 01:01:08.093000,0 days 01:01:43.253000,0 days 01:02:07.073000,312.0,254.0,254.0,321.0,True,SOFT,2.0,True,Ferrari,0 days 01:00:39.976000,2024-07-06 14:47:52.985,1,,False,,False,True
0 days 01:03:51.683000,LEC,16,0 days 00:01:44.610000,18.0,5.0,,0 days 01:03:45.301000,0 days 00:00:34.341000,0 days 00:00:41.646000,0 days 00:00:28.623000,0 days 01:02:41.414000,0 days 01:03:23.060000,0 days 01:03:51.683000,270.0,242.0,,271.0,False,SOFT,3.0,True,Ferrari,0 days 01:02:07.073000,2024-07-06 14:49:20.082,1,,False,,False,False
0 days 00:14:36.276000,SAR,2,,1.0,1.0,0 days 00:12:48.702000,,,0 days 00:00:44.542000,0 days 00:00:29.916000,,0 days 00:14:06.393000,0 days 00:14:36.306000,284.0,239.0,222.0,298.0,False,INTERMEDIATE,1.0,True,Williams,0 days 00:12:48.702000,2024-07-06 14:00:01.711,1,,False,,False,False
0 days 00:16:16.491000,SAR,2,0 days 00:01:40.215000,2.0,1.0,,,0 days 00:00:31.693000,0 days 00:00:40.367000,0 days 00:00:28.155000,0 days 00:15:07.969000,0 days 00:15:48.336000,0 days 00:16:16.491000,283.0,242.0,227.0,293.0,True,INTERMEDIATE,2.0,True,Williams,0 days 00:14:36.276000,2024-07-06 14:01:49.285,1,,False,,False,True
0 days 00:18:23.239000,SAR,2,0 days 00:02:06.748000,3.0,1.0,,,0 days 00:00:31.829000,0 days 00:00:56.903000,0 days 00:00:38.016000,0 days 00:16:48.320000,0 days 00:17:45.223000,0 days 00:18:23.239000,285.0,155.0,225.0,188.0,False,INTERMEDIATE,3.0,True,Williams,0 days 00:16:16.491000,2024-07-06 14:03:29.500,1,,False,,False,True
0 days 00:20:03.105000,SAR,2,0 days 00:01:39.866000,4.0,1.0,,,0 days 00:00:31.579000,0 days 00:00:40.412000,0 days 00:00:27.875000,0 days 00:18:54.818000,0 days 00:19:35.230000,0 days 00:20:03.105000,292.0,241.0,221.0,301.0,True,INTERMEDIATE,4.0,True,Williams,0 days 00:18:23.239000,2024-07-06 14:05:36.248,1,,False,,False,True
0 days 00:22:10.781000,SAR,2,0 days 00:02:07.676000,5.0,1.0,,0 days 00:22:04.827000,0 days 00:00:41.551000,0 days 00:00:55.789000,0 days 00:00:30.336000,0 days 00:20:44.656000,0 days 00:21:40.445000,0 days 00:22:10.781000,261.0,208.0,,245.0,False,INTERMEDIATE,5.0,True,Williams,0 days 00:20:03.105000,2024-07-06 14:07:16.114,1,,False,,False,False
0 days 00:33:46.348000,SAR,2,,6.0,2.0,0 days 00:22:37.235000,0 days 00:24:33.888000,0 days 00:00:59.773000,,,0 days 00:23:10.560000,,,286.0,,,,False,SOFT,1.0,True,Williams,0 days 00:22:10.781000,2024-07-06 14:09:23.790,125,,False,,False,False
0 days 00:35:47.925000,SAR,2,,7.0,3.0,0 days 00:33:46.348000,,,0 days 00:00:48.413000,0 days 00:00:32.593000,,0 days 00:35:15.417000,0 days 00:35:48.154000,276.0,243.0,214.0,275.0,False,SOFT,1.0,True,Williams,0 days 00:33:46.348000,2024-07-06 14:20:59.357,1,,False,,False,False
0 days 00:37:33.056000,SAR,2,0 days 00:01:45.131000,8.0,3.0,,,0 days 00:00:30.146000,0 days 00:00:44.065000,0 days 00:00:30.920000,0 days 00:36:18.071000,0 days 00:37:02.136000,0 days 00:37:33.056000,285.0,241.0,226.0,300.0,False,SOFT,2.0,True,Williams,0 days 00:35:47.925000,2024-07-06 14:23:00.934,1,,False,,False,True
0 days 00:39:04.664000,SAR,2,0 days 00:01:31.608000,9.0,3.0,,,0 days 00:00:29.300000,0 days 00:00:36.866000,0 days 00:00:25.442000,0 days 00:38:02.356000,0 days 00:38:39.222000,0 days 00:39:04.664000,286.0,256.0,241.0,296.0,True,SOFT,3.0,True,Williams,0 days 00:37:33.056000,2024-07-06 14:24:46.065,1,,False,,False,True
0 days 00:40:45.665000,SAR,2,0 days 00:01:41.001000,10.0,3.0,,0 days 00:40:39.548000,0 days 00:00:28.870000,0 days 00:00:41.789000,0 days 00:00:30.342000,0 days 00:39:33.534000,0 days 00:40:15.323000,0 days 00:40:45.665000,290.0,219.0,,274.0,False,SOFT,4.0,True,Williams,0 days 00:39:04.664000,2024-07-06 14:26:17.673,1,,False,,False,False
0 days 00:48:48.884000,SAR,2,,11.0,4.0,0 days 00:46:59.797000,,,0 days 00:00:43.704000,0 days 00:00:28.649000,,0 days 00:48:20.334000,0 days 00:48:48.973000,285.0,244.0,241.0,301.0,False,SOFT,1.0,True,Williams,0 days 00:40:45.665000,2024-07-06 14:27:58.674,1,,False,,False,False
0 days 00:50:18.315000,SAR,2,0 days 00:01:29.431000,12.0,4.0,,,0 days 00:00:28.507000,0 days 00:00:36.225000,0 days 00:00:24.699000,0 days 00:49:17.391000,0 days 00:49:53.616000,0 days 00:50:18.315000,302.0,261.0,250.0,315.0,True,SOFT,2.0,True,Williams,0 days 00:48:48.884000,2024-07-06 14:36:01.893,1,,False,,False,True
0 days 00:52:14.759000,SAR,2,0 days 00:01:56.444000,13.0,4.0,,,0 days 00:00:35.033000,0 days 00:00:47.650000,0 days 00:00:33.761000,0 days 00:50:53.348000,0 days 00:51:40.998000,0 days 00:52:14.759000,267.0,234.0,250.0,119.0,False,SOFT,3.0,True,Williams,0 days 00:50:18.315000,2024-07-06 14:37:31.324,1,,False,,False,True
0 days 00:53:42.721000,SAR,2,0 days 00:01:27.962000,14.0,4.0,,,0 days 00:00:28.325000,0 days 00:00:35.587000,0 days 00:00:24.050000,0 days 00:52:43.084000,0 days 00:53:18.671000,0 days 00:53:42.721000,314.0,262.0,251.0,323.0,True,SOFT,4.0,True,Williams,0 days 00:52:14.759000,2024-07-06 14:39:27.768,1,,False,,False,True
0 days 00:55:19.165000,SAR,2,0 days 00:01:36.444000,15.0,4.0,,0 days 00:55:13.210000,0 days 00:00:30.482000,0 days 00:00:39.272000,0 days 00:00:26.690000,0 days 00:54:13.203000,0 days 00:54:52.475000,0 days 00:55:19.165000,268.0,244.0,,287.0,False,SOFT,5.0,True,Williams,0 days 00:53:42.721000,2024-07-06 14:40:55.730,1,,False,,False,False
0 days 00:57:43.717000,SAR,2,0 days 00:02:24.552000,16.0,5.0,0 days 00:55:59.542000,,0 days 00:01:12.414000,0 days 00:00:44.339000,0 days 00:00:27.799000,0 days 00:56:31.579000,0 days 00:57:15.918000,0 days 00:57:43.717000,290.0,237.0,253.0,281.0,False,SOFT,2.0,False,Williams,0 days 00:55:19.165000,2024-07-06 14:42:32.174,1,,False,,False,False
0 days 00:59:10.892000,SAR,2,0 days 00:01:27.175000,17.0,5.0,,,0 days 00:00:28.251000,0 days 00:00:35.129000,0 days 00:00:23.795000,0 days 00:58:11.968000,0 days 00:58:47.097000,0 days 00:59:10.892000,311.0,263.0,251.0,322.0,True,SOFT,3.0,False,Williams,0 days 00:57:43.717000,2024-07-06 14:44:56.726,1,,False,,False,True
0 days 01:01:09.786000,SAR,2,0 days 00:01:58.894000,18.0,5.0,,,0 days 00:00:34.505000,0 days 00:00:48.135000,0 days 00:00:36.254000,0 days 00:59:45.397000,0 days 01:00:33.532000,0 days 01:01:09.786000,229.0,149.0,252.0,259.0,False,SOFT,4.0,False,Williams,0 days 00:59:10.892000,2024-07-06 14:46:23.901,1,,False,,False,True
0 days 01:02:37.872000,SAR,2,0 days 00:01:28.086000,19.0,5.0,,,0 days 00:00:28.654000,0 days 00:00:35.477000,0 days 00:00:23.955000,0 days 01:01:38.440000,0 days 01:02:13.917000,0 days 01:02:37.872000,313.0,263.0,251.0,322.0,False,SOFT,5.0,False,Williams,0 days 01:01:09.786000,2024-07-06 14:48:22.795,1,,False,,False,True
0 days 01:04:29.012000,SAR,2,0 days 00:01:51.140000,20.0,5.0,,0 days 01:04:22.474000,0 days 00:00:35.082000,0 days 00:00:45.272000,0 days 00:00:30.786000,0 days 01:03:12.954000,0 days 01:03:58.226000,0 days 01:04:29.012000,235.0,229.0,,266.0,False,SOFT,6.0,False,Williams,0 days 01:02:37.872000,2024-07-06 14:49:50.881,1,,False,,False,False
0 days 00:16:20.867000,TSU,22,,1.0,1.0,0 days 00:14:17.734000,,,0 days 00:00:43.318000,0 days 00:00:40.658000,,0 days 00:15:40.216000,0 days 00:16:20.955000,273.0,233.0,215.0,253.0,False,INTERMEDIATE,1.0,True,RB,0 days 00:14:17.734000,2024-07-06 14:01:30.743,1,,False,,False,False
0 days 00:17:59.480000,TSU,22,0 days 00:01:38.613000,2.0,1.0,,,0 days 00:00:31.532000,0 days 00:00:39.672000,0 days 00:00:27.409000,0 days 00:16:52.399000,0 days 00:17:32.071000,0 days 00:17:59.480000,292.0,245.0,232.0,297.0,True,INTERMEDIATE,2.0,True,RB,0 days 00:16:20.867000,2024-07-06 14:03:33.876,1,,False,,False,True
0 days 00:20:05.117000,TSU,22,0 days 00:02:05.637000,3.0,1.0,,,0 days 00:00:41.130000,0 days 00:00:49.627000,0 days 00:00:34.880000,0 days 00:18:40.610000,0 days 00:19:30.237000,0 days 00:20:05.117000,223.0,231.0,228.0,275.0,False,INTERMEDIATE,3.0,True,RB,0 days 00:17:59.480000,2024-07-06 14:05:12.489,1,,False,,False,True
0 days 00:21:43.854000,TSU,22,0 days 00:01:38.737000,4.0,1.0,,0 days 00:21:37.838000,0 days 00:00:30.964000,0 days 00:00:40.207000,0 days 00:00:27.566000,0 days 00:20:36.081000,0 days 00:21:16.288000,0 days 00:21:43.854000,292.0,246.0,,296.0,False,INTERMEDIATE,4.0,True,RB,0 days 00:20:05.117000,2024-07-06 14:07:18.126,1,,False,,False,False
0 days 00:33:52.092000,TSU,22,,5.0,2.0,0 days 00:22:12.317000,0 days 00:24:06.444000,0 days 00:00:59.877000,,,0 days 00:22:43.757000,,,277.0,,,,False,SOFT,1.0,True,RB,0 days 00:21:43.854000,2024-07-06 14:08:56.863,125,,False,,False,False
0 days 00:35:45.624000,TSU,22,,6.0,3.0,0 days 00:33:52.092000,,,0 days 00:00:41.752000,0 days 00:00:38.947000,,0 days 00:35:06.691000,0 days 00:35:45.822000,277.0,239.0,200.0,103.0,False,SOFT,1.0,True,RB,0 days 00:33:52.092000,2024-07-06 14:21:05.101,1,,False,,False,False
0 days 00:37:28.210000,TSU,22,0 days 00:01:42.586000,7.0,3.0,,,0 days 00:00:29.817000,0 days 00:00:41.872000,0 days 00:00:30.897000,0 days 00:36:15.441000,0 days 00:36:57.313000,0 days 00:37:28.210000,296.0,245.0,233.0,301.0,False,SOFT,2.0,True,RB,0 days 00:35:45.624000,2024-07-06 14:22:58.633,1,,True,TRACK LIMITS AT TURN 9 LAP 8 ,False,True
0 days 00:39:01.423000,TSU,22,0 days 00:01:33.213000,8.0,3.0,,,0 days 00:00:29.381000,0 days 00:00:37.819000,0 days 00:00:26.013000,0 days 00:37:57.591000,0 days 00:38:35.410000,0 days 00:39:01.423000,294.0,255.0,244.0,300.0,True,SOFT,3.0,True,RB,0 days 00:37:28.210000,2024-07-06 14:24:41.219,1,,False,,False,True
0 days 00:40:32.417000,TSU,22,0 days 00:01:30.994000,9.0,3.0,,,0 days 00:00:28.754000,0 days 00:00:36.798000,0 days 00:00:25.442000,0 days 00:39:30.177000,0 days 00:40:06.975000,0 days 00:40:32.417000,295.0,260.0,244.0,303.0,True,SOFT,4.0,True,RB,0 days 00:39:01.423000,2024-07-06 14:26:14.432,1,,False,,False,True
0 days 00:42:15.984000,TSU,22,0 days 00:01:43.567000,10.0,3.0,,0 days 00:42:09.964000,0 days 00:00:33.970000,0 days 00:00:41.297000,0 days 00:00:28.300000,0 days 00:41:06.387000,0 days 00:41:47.684000,0 days 00:42:15.984000,266.0,242.0,,275.0,False,SOFT,5.0,True,RB,0 days 00:40:32.417000,2024-07-06 14:27:45.426,1,,False,,False,False
0 days 00:49:30.410000,TSU,22,,11.0,4.0,0 days 00:47:44.499000,,,0 days 00:00:39.860000,0 days 00:00:27.473000,,0 days 00:49:03.048000,0 days 00:49:30.410000,282.0,248.0,249.0,285.0,False,SOFT,1.0,True,RB,0 days 00:42:15.984000,2024-07-06 14:29:28.993,1,,False,,False,False
0 days 00:50:59.250000,TSU,22,0 days 00:01:28.840000,12.0,4.0,,,0 days 00:00:28.268000,0 days 00:00:36.128000,0 days 00:00:24.444000,0 days 00:49:58.678000,0 days 00:50:34.806000,0 days 00:50:59.250000,314.0,264.0,249.0,322.0,True,SOFT,2.0,True,RB,0 days 00:49:30.410000,2024-07-06 14:36:43.419,1,,False,,False,True
0 days 00:52:27.591000,TSU,22,0 days 00:01:28.341000,13.0,4.0,,,0 days 00:00:28.290000,0 days 00:00:35.829000,0 days 00:00:24.222000,0 days 00:51:27.540000,0 days 00:52:03.369000,0 days 00:52:27.591000,315.0,264.0,251.0,325.0,True,SOFT,3.0,True,RB,0 days 00:50:59.250000,2024-07-06 14:38:12.259,1,,False,,False,True
0 days 00:54:04.571000,TSU,22,0 days 00:01:36.980000,14.0,4.0,,0 days 00:53:58.394000,0 days 00:00:28.483000,0 days 00:00:39.595000,0 days 00:00:28.902000,0 days 00:52:56.074000,0 days 00:53:35.669000,0 days 00:54:04.571000,305.0,193.0,,280.0,False,SOFT,4.0,True,RB,0 days 00:52:27.591000,2024-07-06 14:39:40.600,1,,False,,False,False
0 days 01:00:52.948000,TSU,22,,15.0,5.0,0 days 00:59:01.500000,,,0 days 00:00:39.594000,0 days 00:00:28.965000,,0 days 01:00:23.991000,0 days 01:00:53.141000,279.0,230.0,254.0,290.0,False,SOFT,1.0,True,RB,0 days 00:54:04.571000,2024-07-06 14:41:17.580,1,,False,,False,False
0 days 01:02:20.217000,TSU,22,0 days 00:01:27.269000,16.0,5.0,,,0 days 00:00:28.115000,0 days 00:00:35.163000,0 days 00:00:23.991000,0 days 01:01:21.063000,0 days 01:01:56.226000,0 days 01:02:20.217000,314.0,265.0,252.0,323.0,True,SOFT,2.0,True,RB,0 days 01:00:52.948000,2024-07-06 14:48:05.957,1,,False,,False,True
0 days 01:04:14.458000,TSU,22,0 days 00:01:54.241000,17.0,5.0,,0 days 01:04:07.694000,0 days 00:00:35.412000,0 days 00:00:47.368000,0 days 00:00:31.461000,0 days 01:02:55.629000,0 days 01:03:42.997000,0 days 01:04:14.458000,215.0,204.0,,229.0,False,SOFT,3.0,True,RB,0 days 01:02:20.217000,2024-07-06 14:49:33.226,1,,False,,False,False
0 days 00:14:50.537000,ZHO,24,,1.0,1.0,0 days 00:12:57.513000,,,0 days 00:00:46.304000,0 days 00:00:30.180000,,0 days 00:14:20.426000,0 days 00:14:50.641000,251.0,227.0,227.0,274.0,False,INTERMEDIATE,1.0,True,Kick Sauber,0 days 00:12:57.513000,2024-07-06 14:00:10.522,1,,False,,False,False
0 days 00:16:29.905000,ZHO,24,0 days 00:01:39.368000,2.0,1.0,,,0 days 00:00:31.340000,0 days 00:00:40.387000,0 days 00:00:27.641000,0 days 00:15:21.877000,0 days 00:16:02.264000,0 days 00:16:29.905000,290.0,240.0,235.0,294.0,True,INTERMEDIATE,2.0,True,Kick Sauber,0 days 00:14:50.537000,2024-07-06 14:02:03.546,1,,False,,False,True
0 days 00:18:44.043000,ZHO,24,0 days 00:02:14.138000,3.0,1.0,,,0 days 00:00:43.377000,0 days 00:00:57.941000,0 days 00:00:32.820000,0 days 00:17:13.282000,0 days 00:18:11.223000,0 days 00:18:44.043000,203.0,200.0,233.0,269.0,False,INTERMEDIATE,3.0,True,Kick Sauber,0 days 00:16:29.905000,2024-07-06 14:03:42.914,1,,False,,False,True
0 days 00:20:22.881000,ZHO,24,0 days 00:01:38.838000,4.0,1.0,,,0 days 00:00:31.061000,0 days 00:00:40.009000,0 days 00:00:27.768000,0 days 00:19:15.104000,0 days 00:19:55.113000,0 days 00:20:22.881000,290.0,242.0,227.0,295.0,True,INTERMEDIATE,4.0,True,Kick Sauber,0 days 00:18:44.043000,2024-07-06 14:05:57.052,1,,False,,False,True
0 days 00:22:19.755000,ZHO,24,0 days 00:01:56.874000,5.0,1.0,,0 days 00:22:13.882000,0 days 00:00:38.359000,0 days 00:00:46.240000,0 days 00:00:32.275000,0 days 00:21:01.240000,0 days 00:21:47.480000,0 days 00:22:19.755000,265.0,218.0,,227.0,False,INTERMEDIATE,5.0,True,Kick Sauber,0 days 00:20:22.881000,2024-07-06 14:07:35.890,1,,False,,False,False
0 days 00:31:54.117000,ZHO,24,,6.0,2.0,0 days 00:23:01.070000,0 days 00:25:08.436000,,,,,,,,,,,False,SOFT,1.0,True,Kick Sauber,0 days 00:22:19.755000,2024-07-06 14:09:32.764,125,,False,,False,False
0 days 00:33:38.764000,ZHO,24,,7.0,3.0,0 days 00:31:54.117000,,,0 days 00:00:42.177000,0 days 00:00:28.823000,,0 days 00:33:10.089000,0 days 00:33:39.001000,275.0,233.0,230.0,277.0,False,SOFT,1.0,True,Kick Sauber,0 days 00:31:54.117000,2024-07-06 14:19:07.126,1,,False,,False,False
0 days 00:35:11.763000,ZHO,24,0 days 00:01:32.999000,8.0,3.0,,,0 days 00:00:29.534000,0 days 00:00:37.456000,0 days 00:00:26.009000,0 days 00:34:08.298000,0 days 00:34:45.754000,0 days 00:35:11.763000,290.0,254.0,226.0,295.0,True,SOFT,2.0,True,Kick Sauber,0 days 00:33:38.764000,2024-07-06 14:20:51.773,1,,False,,False,True
0 days 00:36:56.140000,ZHO,24,0 days 00:01:44.377000,9.0,3.0,,,0 days 00:00:29.367000,0 days 00:00:45.056000,0 days 00:00:29.954000,0 days 00:35:41.130000,0 days 00:36:26.186000,0 days 00:36:56.140000,290.0,221.0,201.0,281.0,False,SOFT,3.0,True,Kick Sauber,0 days 00:35:11.763000,2024-07-06 14:22:24.772,1,,True,TRACK LIMITS AT TURN 9 LAP 10 ,False,True
0 days 00:38:43.357000,ZHO,24,0 days 00:01:47.217000,10.0,3.0,,,0 days 00:00:33.274000,0 days 00:00:43.258000,0 days 00:00:30.685000,0 days 00:37:29.414000,0 days 00:38:12.672000,0 days 00:38:43.357000,265.0,190.0,234.0,270.0,False,SOFT,4.0,True,Kick Sauber,0 days 00:36:56.140000,2024-07-06 14:24:09.149,1,,False,,False,True
0 days 00:40:14.547000,ZHO,24,0 days 00:01:31.190000,11.0,3.0,,,0 days 00:00:29.035000,0 days 00:00:36.652000,0 days 00:00:25.503000,0 days 00:39:12.392000,0 days 00:39:49.044000,0 days 00:40:14.547000,290.0,258.0,238.0,297.0,True,SOFT,5.0,True,Kick Sauber,0 days 00:38:43.357000,2024-07-06 14:25:56.366,1,,False,,False,True
0 days 00:42:03.033000,ZHO,24,0 days 00:01:48.486000,12.0,3.0,,0 days 00:41:56.564000,0 days 00:00:32.929000,0 days 00:00:44.997000,0 days 00:00:30.560000,0 days 00:40:47.476000,0 days 00:41:32.473000,0 days 00:42:03.033000,233.0,226.0,,276.0,False,SOFT,6.0,True,Kick Sauber,0 days 00:40:14.547000,2024-07-06 14:27:27.556,1,,False,,False,False
0 days 00:48:54.007000,ZHO,24,,13.0,4.0,0 days 00:47:04.436000,,,0 days 00:00:42.841000,0 days 00:00:30.389000,,0 days 00:48:23.684000,0 days 00:48:54.095000,273.0,219.0,245.0,289.0,False,SOFT,1.0,True,Kick Sauber,0 days 00:42:03.033000,2024-07-06 14:29:16.042,1,,False,,False,False
0 days 00:50:23.017000,ZHO,24,0 days 00:01:29.010000,14.0,4.0,,,0 days 00:00:28.326000,0 days 00:00:36.074000,0 days 00:00:24.610000,0 days 00:49:22.333000,0 days 00:49:58.407000,0 days 00:50:23.017000,312.0,262.0,250.0,319.0,True,SOFT,2.0,True,Kick Sauber,0 days 00:48:54.007000,2024-07-06 14:36:07.016,1,,False,,False,True
0 days 00:52:19.148000,ZHO,24,0 days 00:01:56.131000,15.0,4.0,,,0 days 00:00:39.226000,0 days 00:00:45.246000,0 days 00:00:31.659000,0 days 00:51:02.243000,0 days 00:51:47.489000,0 days 00:52:19.148000,262.0,236.0,250.0,201.0,False,SOFT,3.0,True,Kick Sauber,0 days 00:50:23.017000,2024-07-06 14:37:36.026,1,,False,,False,True
0 days 00:53:47.579000,ZHO,24,0 days 00:01:28.431000,16.0,4.0,,,0 days 00:00:28.310000,0 days 00:00:35.818000,0 days 00:00:24.303000,0 days 00:52:47.458000,0 days 00:53:23.276000,0 days 00:53:47.579000,313.0,261.0,251.0,320.0,True,SOFT,4.0,True,Kick Sauber,0 days 00:52:19.148000,2024-07-06 14:39:32.157,1,,False,,False,True
0 days 00:55:26.636000,ZHO,24,0 days 00:01:39.057000,17.0,4.0,,0 days 00:55:20.658000,0 days 00:00:30.846000,0 days 00:00:41.014000,0 days 00:00:27.197000,0 days 00:54:18.425000,0 days 00:54:59.439000,0 days 00:55:26.636000,285.0,234.0,,291.0,False,SOFT,5.0,True,Kick Sauber,0 days 00:53:47.579000,2024-07-06 14:41:00.588,1,,False,,False,False
0 days 00:58:00.817000,ZHO,24,,18.0,5.0,0 days 00:56:15.635000,,0 days 00:01:20.499000,0 days 00:00:43.381000,0 days 00:00:30.319000,0 days 00:56:47.253000,0 days 00:57:30.566000,0 days 00:58:01.066000,290.0,220.0,251.0,290.0,False,SOFT,1.0,True,Kick Sauber,0 days 00:55:26.636000,2024-07-06 14:42:39.645,1,,False,,False,False
0 days 00:59:28.684000,ZHO,24,0 days 00:01:27.867000,19.0,5.0,,,0 days 00:00:28.252000,0 days 00:00:35.594000,0 days 00:00:24.021000,0 days 00:58:29.069000,0 days 00:59:04.663000,0 days 00:59:28.684000,309.0,263.0,251.0,320.0,True,SOFT,2.0,True,Kick Sauber,0 days 00:58:00.817000,2024-07-06 14:45:13.826,1,,False,,False,True
0 days 01:01:38.559000,ZHO,24,0 days 00:02:09.875000,20.0,5.0,,,0 days 00:00:40.830000,0 days 00:00:47.225000,0 days 00:00:41.820000,0 days 01:00:09.514000,0 days 01:00:56.739000,0 days 01:01:38.559000,225.0,231.0,251.0,209.0,False,SOFT,3.0,True,Kick Sauber,0 days 00:59:28.684000,2024-07-06 14:46:41.693,1,,False,,False,True
0 days 01:03:06.480000,ZHO,24,0 days 00:01:27.921000,21.0,5.0,,,0 days 00:00:28.412000,0 days 00:00:35.502000,0 days 00:00:24.007000,0 days 01:02:06.971000,0 days 01:02:42.473000,0 days 01:03:06.480000,312.0,262.0,252.0,319.0,False,SOFT,4.0,True,Kick Sauber,0 days 01:01:38.559000,2024-07-06 14:48:51.568,1,,False,,False,True
0 days 01:05:02.025000,ZHO,24,0 days 00:01:55.545000,22.0,5.0,,0 days 01:04:55.800000,0 days 00:00:33.691000,0 days 00:00:49.347000,0 days 00:00:32.507000,0 days 01:03:40.171000,0 days 01:04:29.518000,0 days 01:05:02.025000,275.0,203.0,,273.0,False,SOFT,5.0,True,Kick Sauber,0 days 01:03:06.480000,2024-07-06 14:50:19.489,1,,False,,False,False
0 days 00:16:06.558000,RIC,3,,1.0,1.0,0 days 00:13:58.922000,,,0 days 00:00:46.183000,0 days 00:00:37.322000,,0 days 00:15:29.359000,0 days 00:16:06.617000,272.0,212.0,213.0,269.0,False,INTERMEDIATE,1.0,True,RB,0 days 00:13:58.922000,2024-07-06 14:01:11.931,1,,False,,False,False
0 days 00:17:47.157000,RIC,3,0 days 00:01:40.599000,2.0,1.0,,,0 days 00:00:31.605000,0 days 00:00:40.976000,0 days 00:00:28.018000,0 days 00:16:38.163000,0 days 00:17:19.139000,0 days 00:17:47.157000,287.0,243.0,225.0,295.0,True,INTERMEDIATE,2.0,True,RB,0 days 00:16:06.558000,2024-07-06 14:03:19.567,1,,False,,False,True
0 days 00:19:51.473000,RIC,3,0 days 00:02:04.316000,3.0,1.0,,,0 days 00:00:35.957000,0 days 00:00:55.390000,0 days 00:00:32.969000,0 days 00:18:23.114000,0 days 00:19:18.504000,0 days 00:19:51.473000,212.0,186.0,226.0,258.0,False,INTERMEDIATE,3.0,True,RB,0 days 00:17:47.157000,2024-07-06 14:05:00.166,1,,False,,False,True
0 days 00:21:38.478000,RIC,3,0 days 00:01:47.005000,4.0,1.0,,0 days 00:21:31.042000,0 days 00:00:31.276000,0 days 00:00:42.813000,0 days 00:00:32.916000,0 days 00:20:22.749000,0 days 00:21:05.562000,0 days 00:21:38.478000,291.0,222.0,,258.0,False,INTERMEDIATE,4.0,True,RB,0 days 00:19:51.473000,2024-07-06 14:07:04.482,1,,False,,False,False
0 days 00:33:21.835000,RIC,3,,5.0,2.0,0 days 00:22:04.332000,0 days 00:24:12.052000,0 days 00:01:05.194000,,,0 days 00:22:43.703000,,,279.0,,,,False,SOFT,1.0,True,RB,0 days 00:21:38.478000,2024-07-06 14:08:51.487,125,,False,,False,False
0 days 00:35:09.074000,RIC,3,,6.0,3.0,0 days 00:33:21.835000,,,0 days 00:00:41.860000,0 days 00:00:27.307000,,0 days 00:34:41.885000,0 days 00:35:09.380000,239.0,252.0,235.0,300.0,False,SOFT,1.0,True,RB,0 days 00:33:21.835000,2024-07-06 14:20:34.844,1,,False,,False,False
0 days 00:36:45.307000,RIC,3,0 days 00:01:36.233000,7.0,3.0,,,0 days 00:00:29.447000,0 days 00:00:40.780000,0 days 00:00:26.006000,0 days 00:35:38.521000,0 days 00:36:19.301000,0 days 00:36:45.307000,289.0,254.0,241.0,301.0,True,SOFT,2.0,True,RB,0 days 00:35:09.074000,2024-07-06 14:22:22.083,1,,False,,False,True
0 days 00:38:20.352000,RIC,3,0 days 00:01:35.045000,8.0,3.0,,,0 days 00:00:30.108000,0 days 00:00:39.099000,0 days 00:00:25.838000,0 days 00:37:15.415000,0 days 00:37:54.514000,0 days 00:38:20.352000,294.0,255.0,242.0,299.0,True,SOFT,3.0,True,RB,0 days 00:36:45.307000,2024-07-06 14:23:58.316,1,,False,,False,True
0 days 00:39:51.643000,RIC,3,0 days 00:01:31.291000,9.0,3.0,,,0 days 00:00:29.133000,0 days 00:00:37.045000,0 days 00:00:25.113000,0 days 00:38:49.485000,0 days 00:39:26.530000,0 days 00:39:51.643000,294.0,260.0,248.0,302.0,True,SOFT,4.0,True,RB,0 days 00:38:20.352000,2024-07-06 14:25:33.361,1,,False,,False,True
0 days 00:41:39.957000,RIC,3,0 days 00:01:48.314000,10.0,3.0,,0 days 00:41:33.958000,0 days 00:00:35.831000,0 days 00:00:43.789000,0 days 00:00:28.694000,0 days 00:40:27.474000,0 days 00:41:11.263000,0 days 00:41:39.957000,259.0,232.0,,268.0,False,SOFT,5.0,True,RB,0 days 00:39:51.643000,2024-07-06 14:27:04.652,1,,False,,False,False
0 days 00:50:40.649000,RIC,3,,11.0,4.0,0 days 00:48:51.457000,,,0 days 00:00:42.392000,0 days 00:00:32.153000,,0 days 00:50:08.660000,0 days 00:50:40.649000,294.0,245.0,245.0,140.0,False,SOFT,1.0,True,RB,0 days 00:41:39.957000,2024-07-06 14:28:52.966,1,,False,,False,False
0 days 00:52:09.664000,RIC,3,0 days 00:01:29.015000,12.0,4.0,,,0 days 00:00:28.491000,0 days 00:00:36.111000,0 days 00:00:24.413000,0 days 00:51:09.140000,0 days 00:51:45.251000,0 days 00:52:09.664000,313.0,265.0,250.0,323.0,True,SOFT,2.0,True,RB,0 days 00:50:40.649000,2024-07-06 14:37:53.658,1,,False,,False,True
0 days 00:53:38.260000,RIC,3,0 days 00:01:28.596000,13.0,4.0,,,0 days 00:00:28.338000,0 days 00:00:35.969000,0 days 00:00:24.289000,0 days 00:52:38.002000,0 days 00:53:13.971000,0 days 00:53:38.260000,314.0,265.0,249.0,323.0,True,SOFT,3.0,True,RB,0 days 00:52:09.664000,2024-07-06 14:39:22.673,1,,False,,False,True
0 days 00:55:16.744000,RIC,3,0 days 00:01:38.484000,14.0,4.0,,0 days 00:55:10.797000,0 days 00:00:31.758000,0 days 00:00:39.522000,0 days 00:00:27.204000,0 days 00:54:10.018000,0 days 00:54:49.540000,0 days 00:55:16.744000,290.0,247.0,,295.0,False,SOFT,4.0,True,RB,0 days 00:53:38.260000,2024-07-06 14:40:51.269,1,,False,,False,False
0 days 00:59:47.593000,RIC,3,,15.0,5.0,0 days 00:57:58.017000,,,0 days 00:00:44.395000,0 days 00:00:31.437000,,0 days 00:59:16.156000,0 days 00:59:47.830000,295.0,228.0,210.0,200.0,False,SOFT,2.0,False,RB,0 days 00:55:16.744000,2024-07-06 14:42:29.753,1,,False,,False,False
0 days 01:01:40.647000,RIC,3,0 days 00:01:53.054000,16.0,5.0,,,0 days 00:00:33.701000,0 days 00:00:42.198000,0 days 00:00:37.155000,0 days 01:00:21.294000,0 days 01:01:03.492000,0 days 01:01:40.647000,300.0,241.0,240.0,229.0,False,SOFT,3.0,False,RB,0 days 00:59:47.593000,2024-07-06 14:47:00.602,1,,False,,False,True
0 days 01:03:08.596000,RIC,3,0 days 00:01:27.949000,17.0,5.0,,,0 days 00:00:28.418000,0 days 00:00:35.594000,0 days 00:00:23.937000,0 days 01:02:09.065000,0 days 01:02:44.659000,0 days 01:03:08.596000,315.0,264.0,251.0,324.0,True,SOFT,4.0,False,RB,0 days 01:01:40.647000,2024-07-06 14:48:53.656,1,,False,,False,True
0 days 01:05:04.917000,RIC,3,0 days 00:01:56.321000,18.0,5.0,,0 days 01:04:58.920000,0 days 00:00:37.602000,0 days 00:00:45.006000,0 days 00:00:33.713000,0 days 01:03:46.198000,0 days 01:04:31.204000,0 days 01:05:04.917000,261.0,204.0,,288.0,False,SOFT,5.0,False,RB,0 days 01:03:08.596000,2024-07-06 14:50:21.605,1,,False,,False,False
0 days 00:14:42.195000,BOT,77,,1.0,1.0,0 days 00:12:53.052000,,,0 days 00:00:45.701000,0 days 00:00:29.979000,,0 days 00:14:12.265000,0 days 00:14:42.204000,264.0,224.0,230.0,274.0,False,INTERMEDIATE,1.0,True,Kick Sauber,0 days 00:12:53.052000,2024-07-06 14:00:06.061,1,,False,,False,False
0 days 00:16:21.913000,BOT,77,0 days 00:01:39.718000,2.0,1.0,,,0 days 00:00:31.424000,0 days 00:00:40.681000,0 days 00:00:27.613000,0 days 00:15:13.619000,0 days 00:15:54.300000,0 days 00:16:21.913000,291.0,240.0,232.0,297.0,True,INTERMEDIATE,2.0,True,Kick Sauber,0 days 00:14:42.195000,2024-07-06 14:01:55.204,1,,False,,False,True
0 days 00:18:26.912000,BOT,77,0 days 00:02:04.999000,3.0,1.0,,,0 days 00:00:38.252000,0 days 00:00:51.374000,0 days 00:00:35.373000,0 days 00:17:00.165000,0 days 00:17:51.539000,0 days 00:18:26.912000,230.0,224.0,236.0,273.0,False,INTERMEDIATE,3.0,True,Kick Sauber,0 days 00:16:21.913000,2024-07-06 14:03:34.922,1,,False,,False,True
0 days 00:20:09.230000,BOT,77,0 days 00:01:42.318000,4.0,1.0,,0 days 00:20:03.322000,0 days 00:00:31.245000,0 days 00:00:41.104000,0 days 00:00:29.969000,0 days 00:18:58.157000,0 days 00:19:39.261000,0 days 00:20:09.230000,291.0,239.0,,283.0,False,INTERMEDIATE,4.0,True,Kick Sauber,0 days 00:18:26.912000,2024-07-06 14:05:39.921,1,,False,,False,False
0 days 00:22:47.496000,BOT,77,,5.0,2.0,0 days 00:21:02.148000,,0 days 00:01:23.211000,0 days 00:00:44.495000,0 days 00:00:30.485000,0 days 00:21:32.575000,0 days 00:22:17.075000,0 days 00:22:47.553000,267.0,226.0,204.0,276.0,False,SOFT,1.0,True,Kick Sauber,0 days 00:20:09.230000,2024-07-06 14:07:22.239,1,,False,,False,False
0 days 00:31:50.308000,BOT,77,,6.0,2.0,,0 days 00:24:46.536000,,,,,,,,,,,False,SOFT,2.0,True,Kick Sauber,0 days 00:22:47.496000,2024-07-06 14:10:00.505,125,,False,,False,False
0 days 00:33:30.519000,BOT,77,,7.0,3.0,0 days 00:31:50.308000,,,0 days 00:00:41.913000,0 days 00:00:27.540000,,0 days 00:33:03.031000,0 days 00:33:30.632000,275.0,236.0,237.0,273.0,False,SOFT,1.0,True,Kick Sauber,0 days 00:31:50.308000,2024-07-06 14:19:03.317,1,,False,,False,False
0 days 00:35:02.950000,BOT,77,0 days 00:01:32.431000,8.0,3.0,,,0 days 00:00:29.149000,0 days 00:00:37.552000,0 days 00:00:25.730000,0 days 00:33:59.668000,0 days 00:34:37.220000,0 days 00:35:02.950000,290.0,256.0,248.0,294.0,True,SOFT,2.0,True,Kick Sauber,0 days 00:33:30.519000,2024-07-06 14:20:43.528,1,,False,,False,True
0 days 00:36:42.749000,BOT,77,0 days 00:01:39.799000,9.0,3.0,,,0 days 00:00:29.205000,0 days 00:00:42.182000,0 days 00:00:28.412000,0 days 00:35:32.155000,0 days 00:36:14.337000,0 days 00:36:42.749000,291.0,225.0,230.0,274.0,False,SOFT,3.0,True,Kick Sauber,0 days 00:35:02.950000,2024-07-06 14:22:15.959,1,,False,,False,True
0 days 00:38:33.045000,BOT,77,0 days 00:01:50.296000,10.0,3.0,,,0 days 00:00:30.573000,0 days 00:00:49.082000,0 days 00:00:30.641000,0 days 00:37:13.322000,0 days 00:38:02.404000,0 days 00:38:33.045000,281.0,223.0,225.0,275.0,False,SOFT,4.0,True,Kick Sauber,0 days 00:36:42.749000,2024-07-06 14:23:55.758,1,,False,,False,True
0 days 00:40:09.320000,BOT,77,0 days 00:01:36.275000,11.0,3.0,,0 days 00:40:03.331000,0 days 00:00:30.030000,0 days 00:00:38.003000,0 days 00:00:28.242000,0 days 00:39:03.075000,0 days 00:39:41.078000,0 days 00:40:09.320000,291.0,254.0,,283.0,False,SOFT,5.0,True,Kick Sauber,0 days 00:38:33.045000,2024-07-06 14:25:46.054,1,,False,,False,False
0 days 00:20:26.677000,MAG,20,,1.0,1.0,0 days 00:18:30.029000,,,0 days 00:00:45.208000,0 days 00:00:39.826000,,0 days 00:19:46.957000,0 days 00:20:27.019000,268.0,206.0,222.0,257.0,False,INTERMEDIATE,1.0,True,Haas F1 Team,0 days 00:18:30.029000,2024-07-06 14:05:43.038,1,,False,,False,False
0 days 00:22:04.482000,MAG,20,0 days 00:01:37.805000,2.0,1.0,,,0 days 00:00:30.918000,0 days 00:00:39.562000,0 days 00:00:27.325000,0 days 00:20:57.595000,0 days 00:21:37.157000,0 days 00:22:04.482000,285.0,245.0,231.0,289.0,True,INTERMEDIATE,2.0,True,Haas F1 Team,0 days 00:20:26.677000,2024-07-06 14:07:39.686,1,,False,,False,True
0 days 00:31:56.208000,MAG,20,,3.0,1.0,,0 days 00:23:50.776000,0 days 00:00:31.719000,,,0 days 00:22:36.323000,,,283.0,,,,False,INTERMEDIATE,3.0,True,Haas F1 Team,0 days 00:22:04.482000,2024-07-06 14:09:17.491,125,,False,,False,False
0 days 00:33:44.040000,MAG,20,,4.0,2.0,0 days 00:31:56.208000,,,0 days 00:00:42.682000,0 days 00:00:32.717000,,0 days 00:33:11.339000,0 days 00:33:44.187000,274.0,233.0,224.0,275.0,False,SOFT,1.0,True,Haas F1 Team,0 days 00:31:56.208000,2024-07-06 14:19:09.217,1,,False,,False,False
0 days 00:35:16.945000,MAG,20,0 days 00:01:32.905000,5.0,2.0,,,0 days 00:00:29.587000,0 days 00:00:37.446000,0 days 00:00:25.872000,0 days 00:34:13.627000,0 days 00:34:51.073000,0 days 00:35:16.945000,294.0,257.0,229.0,293.0,True,SOFT,2.0,True,Haas F1 Team,0 days 00:33:44.040000,2024-07-06 14:20:57.049,1,,False,,False,True
0 days 00:37:18.653000,MAG,20,0 days 00:02:01.708000,6.0,2.0,,0 days 00:37:12.385000,0 days 00:00:29.356000,0 days 00:00:59.634000,0 days 00:00:32.718000,0 days 00:35:46.301000,0 days 00:36:45.935000,0 days 00:37:18.653000,296.0,183.0,,167.0,False,SOFT,3.0,True,Haas F1 Team,0 days 00:35:16.945000,2024-07-06 14:22:29.954,1,,False,,False,False
0 days 00:15:00.441000,OCO,31,,1.0,1.0,0 days 00:13:01.865000,,,0 days 00:00:45.990000,0 days 00:00:31.466000,,0 days 00:14:29.058000,0 days 00:15:00.482000,255.0,220.0,227.0,266.0,False,INTERMEDIATE,1.0,True,Alpine,0 days 00:13:01.865000,2024-07-06 14:00:14.874,1,,False,,False,False
0 days 00:16:39.519000,OCO,31,0 days 00:01:39.078000,2.0,1.0,,,0 days 00:00:31.351000,0 days 00:00:40.189000,0 days 00:00:27.538000,0 days 00:15:31.792000,0 days 00:16:11.981000,0 days 00:16:39.519000,287.0,243.0,231.0,292.0,True,INTERMEDIATE,2.0,True,Alpine,0 days 00:15:00.441000,2024-07-06 14:02:13.450,1,,False,,False,True
0 days 00:18:36.741000,OCO,31,0 days 00:01:57.222000,3.0,1.0,,,0 days 00:00:38.187000,0 days 00:00:48.457000,0 days 00:00:30.578000,0 days 00:17:17.706000,0 days 00:18:06.163000,0 days 00:18:36.741000,255.0,221.0,227.0,270.0,False,INTERMEDIATE,3.0,True,Alpine,0 days 00:16:39.519000,2024-07-06 14:03:52.528,1,,False,,False,True
0 days 00:20:16.651000,OCO,31,0 days 00:01:39.910000,4.0,1.0,,,0 days 00:00:31.337000,0 days 00:00:40.453000,0 days 00:00:28.120000,0 days 00:19:08.078000,0 days 00:19:48.531000,0 days 00:20:16.651000,288.0,239.0,225.0,292.0,False,INTERMEDIATE,4.0,True,Alpine,0 days 00:18:36.741000,2024-07-06 14:05:49.750,1,,False,,False,True
0 days 00:22:14.698000,OCO,31,0 days 00:01:58.047000,5.0,1.0,,0 days 00:22:08.024000,0 days 00:00:36.887000,0 days 00:00:47.799000,0 days 00:00:33.361000,0 days 00:20:53.538000,0 days 00:21:41.337000,0 days 00:22:14.698000,261.0,221.0,,238.0,False,INTERMEDIATE,5.0,True,Alpine,0 days 00:20:16.651000,2024-07-06 14:07:29.660,1,,False,,False,False
0 days 00:32:44.252000,OCO,31,,6.0,2.0,0 days 00:22:41.157000,0 days 00:24:41.200000,0 days 00:00:59.588000,,,0 days 00:23:14.317000,,,270.0,,,,False,SOFT,1.0,True,Alpine,0 days 00:22:14.698000,2024-07-06 14:09:27.707,125,,False,,False,False
0 days 00:34:29.832000,OCO,31,,7.0,3.0,0 days 00:32:44.252000,,,0 days 00:00:41.751000,0 days 00:00:28.494000,,0 days 00:34:01.356000,0 days 00:34:30.128000,266.0,232.0,221.0,282.0,False,SOFT,1.0,True,Alpine,0 days 00:32:44.252000,2024-07-06 14:19:57.261,1,,False,,False,False
0 days 00:36:06.246000,OCO,31,0 days 00:01:36.414000,8.0,3.0,,,0 days 00:00:29.752000,0 days 00:00:38.313000,0 days 00:00:28.349000,0 days 00:34:59.584000,0 days 00:35:37.897000,0 days 00:36:06.246000,275.0,254.0,236.0,276.0,True,SOFT,2.0,True,Alpine,0 days 00:34:29.832000,2024-07-06 14:21:42.841,1,,False,,False,True
0 days 00:37:40.803000,OCO,31,0 days 00:01:34.557000,9.0,3.0,,,0 days 00:00:30.569000,0 days 00:00:38.201000,0 days 00:00:25.787000,0 days 00:36:36.815000,0 days 00:37:15.016000,0 days 00:37:40.803000,287.0,253.0,244.0,295.0,True,SOFT,3.0,True,Alpine,0 days 00:36:06.246000,2024-07-06 14:23:19.255,1,,False,,False,True
0 days 00:39:17.001000,OCO,31,0 days 00:01:36.198000,10.0,3.0,,,0 days 00:00:30.668000,0 days 00:00:39.781000,0 days 00:00:25.749000,0 days 00:38:11.471000,0 days 00:38:51.252000,0 days 00:39:17.001000,262.0,234.0,237.0,291.0,False,SOFT,4.0,True,Alpine,0 days 00:37:40.803000,2024-07-06 14:24:53.812,1,,False,,False,True
0 days 00:41:02.924000,OCO,31,0 days 00:01:45.923000,11.0,3.0,,0 days 00:40:56.941000,0 days 00:00:30.081000,0 days 00:00:46.596000,0 days 00:00:29.246000,0 days 00:39:47.082000,0 days 00:40:33.678000,0 days 00:41:02.924000,262.0,232.0,,263.0,False,SOFT,5.0,True,Alpine,0 days 00:39:17.001000,2024-07-06 14:26:30.010,1,,False,,False,False
0 days 00:16:12.405000,PER,11,,1.0,1.0,0 days 00:14:09.743000,,,0 days 00:00:45.638000,0 days 00:00:39.824000,,0 days 00:15:32.761000,0 days 00:16:12.405000,261.0,198.0,228.0,235.0,False,INTERMEDIATE,1.0,True,Red Bull Racing,0 days 00:14:09.743000,2024-07-06 14:01:22.752,1,,False,,False,False
0 days 00:17:50.753000,PER,11,0 days 00:01:38.348000,2.0,1.0,,,0 days 00:00:31.119000,0 days 00:00:39.482000,0 days 00:00:27.747000,0 days 00:16:43.524000,0 days 00:17:23.006000,0 days 00:17:50.753000,294.0,246.0,222.0,297.0,True,INTERMEDIATE,2.0,True,Red Bull Racing,0 days 00:16:12.405000,2024-07-06 14:03:25.414,1,,False,,False,True
0 days 00:19:56.930000,PER,11,0 days 00:02:06.177000,3.0,1.0,,,0 days 00:00:38.657000,0 days 00:00:54.032000,0 days 00:00:33.488000,0 days 00:18:29.410000,0 days 00:19:23.442000,0 days 00:19:56.930000,204.0,185.0,222.0,258.0,False,INTERMEDIATE,3.0,True,Red Bull Racing,0 days 00:17:50.753000,2024-07-06 14:05:03.762,1,,False,,False,True
0 days 00:21:37.471000,PER,11,0 days 00:01:40.541000,4.0,1.0,,0 days 00:21:29.670000,0 days 00:00:31.109000,0 days 00:00:39.336000,0 days 00:00:30.096000,0 days 00:20:28.039000,0 days 00:21:07.375000,0 days 00:21:37.471000,292.0,245.0,,299.0,False,INTERMEDIATE,4.0,True,Red Bull Racing,0 days 00:19:56.930000,2024-07-06 14:07:09.939,1,,False,,False,False
0 days 00:29:24.568000,PER,11,,5.0,2.0,0 days 00:22:05.164000,0 days 00:29:24.568000,0 days 00:01:02.666000,0 days 00:00:39.336000,,0 days 00:22:40.381000,0 days 00:29:24.568000,,160.0,,,299.0,False,SOFT,1.0,True,Red Bull Racing,0 days 00:21:37.471000,2024-07-06 14:08:50.480,125,,False,,False,False
0 days 00:15:45.281000,GAS,10,,1.0,1.0,0 days 00:13:46.180000,,,0 days 00:00:44.796000,0 days 00:00:37.400000,,0 days 00:15:08.021000,0 days 00:15:45.281000,276.0,222.0,230.0,268.0,False,INTERMEDIATE,1.0,True,Alpine,0 days 00:13:46.180000,2024-07-06 14:00:59.189,1,,False,,False,False
0 days 00:17:25.085000,GAS,10,0 days 00:01:39.804000,2.0,1.0,,,0 days 00:00:31.617000,0 days 00:00:40.506000,0 days 00:00:27.681000,0 days 00:16:16.898000,0 days 00:16:57.404000,0 days 00:17:25.085000,284.0,241.0,229.0,292.0,True,INTERMEDIATE,2.0,True,Alpine,0 days 00:15:45.281000,2024-07-06 14:02:58.290,1,,False,,False,True
0 days 00:19:35.717000,GAS,10,0 days 00:02:10.632000,3.0,1.0,,,0 days 00:00:40.313000,0 days 00:00:56.259000,0 days 00:00:34.060000,0 days 00:18:05.398000,0 days 00:19:01.657000,0 days 00:19:35.717000,193.0,218.0,228.0,267.0,False,INTERMEDIATE,3.0,True,Alpine,0 days 00:17:25.085000,2024-07-06 14:04:38.094,1,,False,,False,True
0 days 00:21:16.246000,GAS,10,0 days 00:01:40.529000,4.0,1.0,,,0 days 00:00:31.454000,0 days 00:00:41.095000,0 days 00:00:27.980000,0 days 00:20:07.171000,0 days 00:20:48.266000,0 days 00:21:16.246000,288.0,239.0,228.0,292.0,False,INTERMEDIATE,4.0,True,Alpine,0 days 00:19:35.717000,2024-07-06 14:06:48.726,1,,False,,False,True
0 days 00:23:09.948000,GAS,10,0 days 00:01:53.702000,5.0,1.0,,0 days 00:23:03.706000,0 days 00:00:38.031000,0 days 00:00:46.440000,0 days 00:00:29.231000,0 days 00:21:54.277000,0 days 00:22:40.717000,0 days 00:23:09.948000,257.0,223.0,,268.0,False,INTERMEDIATE,5.0,True,Alpine,0 days 00:21:16.246000,2024-07-06 14:08:29.255,12,,False,,False,False
0 days 00:35:34.730000,GAS,10,,6.0,2.0,0 days 00:33:35.261000,,,0 days 00:00:47.254000,0 days 00:00:33.793000,,0 days 00:35:00.953000,0 days 00:35:34.958000,226.0,217.0,223.0,266.0,False,SOFT,1.0,True,Alpine,0 days 00:33:35.261000,2024-07-06 14:20:48.270,1,,False,,False,False
0 days 00:37:23.032000,GAS,10,0 days 00:01:48.302000,7.0,2.0,,0 days 00:37:16.597000,0 days 00:00:30.327000,0 days 00:00:45.321000,0 days 00:00:32.654000,0 days 00:36:05.057000,0 days 00:36:50.378000,0 days 00:37:23.032000,287.0,220.0,,292.0,False,SOFT,2.0,True,Alpine,0 days 00:35:34.730000,2024-07-06 14:22:47.739,1,,False,,False,False
