Time,Driver,DriverNumber,LapTime,LapNumber,Stint,PitOutTime,PitInTime,Sector1Time,Sector2Time,Sector3Time,Sector1SessionTime,Sector2SessionTime,Sector3SessionTime,SpeedI1,SpeedI2,SpeedFL,SpeedST,IsPersonalBest,Compound,TyreLife,FreshTyre,Team,LapStartTime,LapStartDate,TrackStatus,Position,Deleted,DeletedReason,FastF1Generated,IsAccurate
0 days 00:16:06.031000,PIA,81,,1.0,1.0,0 days 00:14:20.016000,,,0 days 00:00:35.764000,0 days 00:00:31.537000,,0 days 00:15:34.494000,0 days 00:16:06.060000,225.0,229.0,284.0,92.0,False,SOFT,7.0,False,McLaren,0 days 00:14:20.016000,2025-11-29 18:02:43.713,1,,False,,False,False
0 days 00:17:26.770000,PIA,81,0 days 00:01:20.739000,2.0,1.0,,,0 days 00:00:29.734000,0 days 00:00:27.306000,0 days 00:00:23.699000,0 days 00:16:35.765000,0 days 00:17:03.071000,0 days 00:17:26.770000,257.0,290.0,285.0,324.0,True,SOFT,8.0,False,McLaren,0 days 00:16:06.031000,2025-11-29 18:04:29.728,1,,False,,False,True
0 days 00:19:10.980000,PIA,81,0 days 00:01:44.210000,3.0,1.0,,0 days 00:19:06.773000,0 days 00:00:38.770000,0 days 00:00:31.806000,0 days 00:00:33.634000,0 days 00:18:05.540000,0 days 00:18:37.346000,0 days 00:19:10.980000,212.0,250.0,,190.0,False,SOFT,9.0,False,McLaren,0 days 00:17:26.770000,2025-11-29 18:05:50.467,1,,False,,False,False
0 days 00:22:58.389000,PIA,81,,4.0,2.0,0 days 00:21:21.227000,,,0 days 00:00:30.175000,0 days 00:00:32.666000,,0 days 00:22:25.723000,0 days 00:22:58.552000,230.0,267.0,285.0,107.0,False,SOFT,1.0,True,McLaren,0 days 00:19:10.980000,2025-11-29 18:07:34.677,1,,False,,False,False
0 days 00:24:18.623000,PIA,81,0 days 00:01:20.234000,5.0,2.0,,,0 days 00:00:29.557000,0 days 00:00:27.151000,0 days 00:00:23.526000,0 days 00:23:27.946000,0 days 00:23:55.097000,0 days 00:24:18.623000,259.0,290.0,286.0,325.0,True,SOFT,2.0,True,McLaren,0 days 00:22:58.389000,2025-11-29 18:11:22.086,1,,False,,False,True
0 days 00:26:15.519000,PIA,81,0 days 00:01:56.896000,6.0,2.0,,0 days 00:26:11.307000,0 days 00:00:47.635000,0 days 00:00:33.729000,0 days 00:00:35.532000,0 days 00:25:06.258000,0 days 00:25:39.987000,0 days 00:26:15.519000,194.0,234.0,,103.0,False,SOFT,3.0,True,McLaren,0 days 00:24:18.623000,2025-11-29 18:12:42.320,1,,False,,False,False
0 days 00:43:03.560000,PIA,81,,7.0,3.0,0 days 00:41:21.372000,,,0 days 00:00:30.368000,0 days 00:00:30.691000,,0 days 00:42:32.999000,0 days 00:43:03.560000,227.0,277.0,285.0,79.0,False,SOFT,4.0,False,McLaren,0 days 00:26:15.519000,2025-11-29 18:14:39.216,12,,False,,False,False
0 days 00:44:23.210000,PIA,81,0 days 00:01:19.650000,8.0,3.0,,,0 days 00:00:29.236000,0 days 00:00:27.116000,0 days 00:00:23.298000,0 days 00:43:32.796000,0 days 00:43:59.912000,0 days 00:44:23.210000,261.0,290.0,285.0,323.0,True,SOFT,5.0,False,McLaren,0 days 00:43:03.560000,2025-11-29 18:31:27.257,1,,False,,False,True
0 days 00:46:08.436000,PIA,81,0 days 00:01:45.226000,9.0,3.0,,0 days 00:46:04.366000,0 days 00:00:40.134000,0 days 00:00:31.409000,0 days 00:00:33.683000,0 days 00:45:03.344000,0 days 00:45:34.753000,0 days 00:46:08.436000,213.0,255.0,,185.0,False,SOFT,6.0,False,McLaren,0 days 00:44:23.210000,2025-11-29 18:32:46.907,1,,False,,False,False
0 days 00:49:59.975000,PIA,81,,10.0,4.0,0 days 00:48:30.048000,,,0 days 00:00:29.366000,0 days 00:00:28.090000,,0 days 00:49:32.001000,0 days 00:50:00.233000,235.0,277.0,286.0,111.0,False,SOFT,1.0,True,McLaren,0 days 00:46:08.436000,2025-11-29 18:34:32.133,1,,False,,False,False
0 days 00:51:19.843000,PIA,81,0 days 00:01:19.868000,11.0,4.0,,,0 days 00:00:29.303000,0 days 00:00:27.127000,0 days 00:00:23.438000,0 days 00:50:29.278000,0 days 00:50:56.405000,0 days 00:51:19.843000,259.0,291.0,288.0,323.0,False,SOFT,2.0,True,McLaren,0 days 00:49:59.975000,2025-11-29 18:38:23.672,1,,False,,False,True
0 days 00:53:19.486000,PIA,81,0 days 00:01:59.643000,12.0,4.0,,0 days 00:53:15.309000,0 days 00:00:45.940000,0 days 00:00:40.078000,0 days 00:00:33.625000,0 days 00:52:05.783000,0 days 00:52:45.861000,0 days 00:53:19.486000,211.0,202.0,,107.0,False,SOFT,3.0,True,McLaren,0 days 00:51:19.843000,2025-11-29 18:39:43.540,1,,False,,False,False
0 days 01:02:48.868000,PIA,81,,13.0,5.0,0 days 01:01:08.758000,,,0 days 00:00:30.014000,0 days 00:00:34.093000,,0 days 01:02:14.914000,0 days 01:02:48.868000,229.0,275.0,285.0,86.0,False,SOFT,1.0,True,McLaren,0 days 00:53:19.486000,2025-11-29 18:41:43.183,1,,False,,False,False
0 days 01:04:08.398000,PIA,81,0 days 00:01:19.530000,14.0,5.0,,,0 days 00:00:29.306000,0 days 00:00:26.967000,0 days 00:00:23.257000,0 days 01:03:18.174000,0 days 01:03:45.141000,0 days 01:04:08.398000,259.0,291.0,286.0,324.0,True,SOFT,2.0,True,McLaren,0 days 01:02:48.868000,2025-11-29 18:51:12.565,1,,False,,False,True
0 days 01:06:00.870000,PIA,81,0 days 00:01:52.472000,15.0,5.0,,0 days 01:05:56.795000,0 days 00:00:38.753000,0 days 00:00:39.566000,0 days 00:00:34.153000,0 days 01:04:47.151000,0 days 01:05:26.717000,0 days 01:06:00.870000,213.0,166.0,,199.0,False,SOFT,3.0,True,McLaren,0 days 01:04:08.398000,2025-11-29 18:52:32.095,1,,False,,False,False
0 days 01:15:55.227000,PIA,81,,16.0,6.0,0 days 01:14:17.666000,,,0 days 00:00:29.914000,0 days 00:00:33.415000,,0 days 01:15:21.933000,0 days 01:15:55.574000,227.0,280.0,285.0,95.0,False,SOFT,1.0,True,McLaren,0 days 01:14:17.666000,2025-11-29 19:02:41.363,1,,False,,False,False
0 days 01:17:14.614000,PIA,81,0 days 00:01:19.387000,17.0,6.0,,,0 days 00:00:29.209000,0 days 00:00:26.919000,0 days 00:00:23.259000,0 days 01:16:24.436000,0 days 01:16:51.355000,0 days 01:17:14.614000,262.0,291.0,285.0,325.0,True,SOFT,2.0,True,McLaren,0 days 01:15:55.227000,2025-11-29 19:04:18.924,1,,False,,False,True
0 days 01:19:09.153000,PIA,81,0 days 00:01:54.539000,18.0,6.0,,0 days 01:19:03.944000,0 days 00:00:40.520000,0 days 00:00:34.743000,0 days 00:00:39.276000,0 days 01:17:55.134000,0 days 01:18:29.877000,0 days 01:19:09.153000,189.0,198.0,,181.0,False,SOFT,3.0,True,McLaren,0 days 01:17:14.614000,2025-11-29 19:05:38.311,1,,False,,False,False
0 days 00:15:35.495000,NOR,4,,1.0,1.0,0 days 00:14:02.250000,,,0 days 00:00:30.230000,0 days 00:00:26.204000,,0 days 00:15:09.448000,0 days 00:15:35.495000,231.0,266.0,282.0,104.0,False,SOFT,7.0,False,McLaren,0 days 00:14:02.250000,2025-11-29 18:02:25.947,1,,False,,False,False
0 days 00:16:56.960000,NOR,4,0 days 00:01:21.465000,2.0,1.0,,,0 days 00:00:29.859000,0 days 00:00:27.703000,0 days 00:00:23.903000,0 days 00:16:05.354000,0 days 00:16:33.057000,0 days 00:16:56.960000,254.0,289.0,283.0,324.0,True,SOFT,8.0,False,McLaren,0 days 00:15:35.495000,2025-11-29 18:03:59.192,1,,False,,False,True
0 days 00:18:40.363000,NOR,4,0 days 00:01:43.403000,3.0,1.0,,0 days 00:18:36.255000,0 days 00:00:35.105000,0 days 00:00:31.634000,0 days 00:00:36.664000,0 days 00:17:32.065000,0 days 00:18:03.699000,0 days 00:18:40.363000,216.0,148.0,,234.0,False,SOFT,9.0,False,McLaren,0 days 00:16:56.960000,2025-11-29 18:05:20.657,1,,False,,False,False
0 days 00:22:42.903000,NOR,4,,4.0,2.0,0 days 00:20:59.383000,,,0 days 00:00:29.509000,0 days 00:00:30.588000,,0 days 00:22:12.380000,0 days 00:22:43.130000,235.0,270.0,279.0,102.0,False,SOFT,1.0,True,McLaren,0 days 00:18:40.363000,2025-11-29 18:07:04.060,1,,False,,False,False
0 days 00:24:03.060000,NOR,4,0 days 00:01:20.157000,5.0,2.0,,,0 days 00:00:29.569000,0 days 00:00:27.095000,0 days 00:00:23.493000,0 days 00:23:12.472000,0 days 00:23:39.567000,0 days 00:24:03.060000,258.0,290.0,286.0,323.0,True,SOFT,2.0,True,McLaren,0 days 00:22:42.903000,2025-11-29 18:11:06.600,1,,False,,False,True
0 days 00:26:00.334000,NOR,4,0 days 00:01:57.274000,6.0,2.0,,0 days 00:25:56.682000,0 days 00:00:44.397000,0 days 00:00:36.502000,0 days 00:00:36.375000,0 days 00:24:47.457000,0 days 00:25:23.959000,0 days 00:26:00.334000,165.0,239.0,,145.0,False,SOFT,3.0,True,McLaren,0 days 00:24:03.060000,2025-11-29 18:12:26.757,1,,False,,False,False
0 days 00:43:19.214000,NOR,4,,7.0,3.0,0 days 00:41:38.044000,,,0 days 00:00:30.151000,0 days 00:00:31.615000,,0 days 00:42:47.749000,0 days 00:43:19.214000,229.0,263.0,286.0,103.0,False,SOFT,4.0,False,McLaren,0 days 00:26:00.334000,2025-11-29 18:14:24.031,12,,False,,False,False
0 days 00:44:39.360000,NOR,4,0 days 00:01:20.146000,8.0,3.0,,,0 days 00:00:29.298000,0 days 00:00:27.345000,0 days 00:00:23.503000,0 days 00:43:48.512000,0 days 00:44:15.857000,0 days 00:44:39.360000,258.0,289.0,285.0,324.0,False,SOFT,5.0,False,McLaren,0 days 00:43:19.214000,2025-11-29 18:31:42.911,1,,True,TRACK LIMITS AT TURN 10 LAP 9 ,False,True
0 days 00:46:17.926000,NOR,4,0 days 00:01:38.566000,9.0,3.0,,0 days 00:46:13.835000,0 days 00:00:36.514000,0 days 00:00:30.131000,0 days 00:00:31.921000,0 days 00:45:15.874000,0 days 00:45:46.005000,0 days 00:46:17.926000,214.0,266.0,,231.0,False,SOFT,6.0,False,McLaren,0 days 00:44:39.360000,2025-11-29 18:33:03.057,1,,False,,False,False
0 days 00:49:43.536000,NOR,4,,10.0,4.0,0 days 00:48:17.361000,,,0 days 00:00:29.625000,0 days 00:00:25.239000,,0 days 00:49:18.311000,0 days 00:49:43.773000,227.0,270.0,285.0,134.0,False,SOFT,1.0,True,McLaren,0 days 00:46:17.926000,2025-11-29 18:34:41.623,1,,False,,False,False
0 days 00:51:03.397000,NOR,4,0 days 00:01:19.861000,11.0,4.0,,,0 days 00:00:29.367000,0 days 00:00:27.104000,0 days 00:00:23.390000,0 days 00:50:12.903000,0 days 00:50:40.007000,0 days 00:51:03.397000,257.0,290.0,285.0,321.0,True,SOFT,2.0,True,McLaren,0 days 00:49:43.536000,2025-11-29 18:38:07.233,1,,False,,False,True
0 days 00:53:01.964000,NOR,4,0 days 00:01:58.567000,12.0,4.0,,0 days 00:52:57.856000,0 days 00:00:43.049000,0 days 00:00:38.936000,0 days 00:00:36.582000,0 days 00:51:46.446000,0 days 00:52:25.382000,0 days 00:53:01.964000,212.0,184.0,,109.0,False,SOFT,3.0,True,McLaren,0 days 00:51:03.397000,2025-11-29 18:39:27.094,1,,False,,False,False
0 days 01:02:19.326000,NOR,4,,13.0,5.0,0 days 01:00:45.102000,,,0 days 00:00:30.089000,0 days 00:00:30.423000,,0 days 01:01:48.977000,0 days 01:02:19.352000,230.0,268.0,287.0,105.0,False,SOFT,1.0,True,McLaren,0 days 00:53:01.964000,2025-11-29 18:41:25.661,1,,False,,False,False
0 days 01:03:38.821000,NOR,4,0 days 00:01:19.495000,14.0,5.0,,,0 days 00:00:29.212000,0 days 00:00:26.978000,0 days 00:00:23.305000,0 days 01:02:48.538000,0 days 01:03:15.516000,0 days 01:03:38.821000,259.0,291.0,285.0,323.0,True,SOFT,2.0,True,McLaren,0 days 01:02:19.326000,2025-11-29 18:50:43.023,1,,False,,False,True
0 days 01:05:26.448000,NOR,4,0 days 00:01:47.627000,15.0,5.0,,0 days 01:05:22.218000,0 days 00:00:43.452000,0 days 00:00:31.343000,0 days 00:00:32.832000,0 days 01:04:22.273000,0 days 01:04:53.616000,0 days 01:05:26.448000,192.0,264.0,,162.0,False,SOFT,3.0,True,McLaren,0 days 01:03:38.821000,2025-11-29 18:52:02.518,1,,False,,False,False
0 days 01:15:19.205000,NOR,4,,16.0,6.0,0 days 01:13:40.336000,,,0 days 00:00:30.007000,0 days 00:00:35.222000,,0 days 01:14:44.042000,0 days 01:15:19.417000,229.0,170.0,285.0,100.0,False,SOFT,1.0,True,McLaren,0 days 01:13:40.336000,2025-11-29 19:02:04.033,1,,False,,False,False
0 days 01:17:26.224000,NOR,4,0 days 00:02:07.019000,17.0,6.0,,0 days 01:17:16.333000,0 days 00:00:31.868000,0 days 00:00:48.570000,0 days 00:00:46.581000,0 days 01:15:51.073000,0 days 01:16:39.643000,0 days 01:17:26.224000,196.0,49.0,,320.0,False,SOFT,2.0,True,McLaren,0 days 01:15:19.205000,2025-11-29 19:03:42.902,1,,False,,False,False
0 days 00:15:14.286000,VER,1,,1.0,1.0,0 days 00:13:42.406000,,,0 days 00:00:31.375000,0 days 00:00:25.458000,,0 days 00:14:48.891000,0 days 00:15:14.291000,118.0,276.0,286.0,108.0,False,SOFT,4.0,False,Red Bull Racing,0 days 00:13:42.406000,2025-11-29 18:02:06.103,1,,False,,False,False
0 days 00:16:35.270000,VER,1,0 days 00:01:20.984000,2.0,1.0,,,0 days 00:00:29.705000,0 days 00:00:27.532000,0 days 00:00:23.747000,0 days 00:15:43.991000,0 days 00:16:11.523000,0 days 00:16:35.270000,256.0,289.0,283.0,327.0,True,SOFT,5.0,False,Red Bull Racing,0 days 00:15:14.286000,2025-11-29 18:03:37.983,1,,False,,False,True
0 days 00:18:16.397000,VER,1,0 days 00:01:41.127000,3.0,1.0,,0 days 00:18:12.380000,0 days 00:00:39.340000,0 days 00:00:30.157000,0 days 00:00:31.630000,0 days 00:17:14.610000,0 days 00:17:44.767000,0 days 00:18:16.397000,234.0,259.0,,260.0,False,SOFT,6.0,False,Red Bull Racing,0 days 00:16:35.270000,2025-11-29 18:04:58.967,1,,False,,False,False
0 days 00:21:54.971000,VER,1,,4.0,2.0,0 days 00:20:24.273000,,,0 days 00:00:32.951000,0 days 00:00:24.918000,,0 days 00:21:30.156000,0 days 00:21:55.195000,241.0,256.0,288.0,140.0,False,SOFT,1.0,True,Red Bull Racing,0 days 00:18:16.397000,2025-11-29 18:06:40.094,1,,False,,False,False
0 days 00:23:15.505000,VER,1,0 days 00:01:20.534000,5.0,2.0,,,0 days 00:00:29.622000,0 days 00:00:27.411000,0 days 00:00:23.501000,0 days 00:22:24.593000,0 days 00:22:52.004000,0 days 00:23:15.505000,256.0,289.0,284.0,325.0,True,SOFT,2.0,True,Red Bull Racing,0 days 00:21:54.971000,2025-11-29 18:10:18.668,1,,False,,False,True
0 days 00:25:27.710000,VER,1,0 days 00:02:12.205000,6.0,2.0,,,0 days 00:01:04.644000,0 days 00:00:37.732000,0 days 00:00:29.829000,0 days 00:24:20.149000,0 days 00:24:57.881000,0 days 00:25:27.710000,159.0,260.0,85.0,73.0,False,SOFT,3.0,True,Red Bull Racing,0 days 00:23:15.505000,2025-11-29 18:11:39.202,1,,False,,False,True
0 days 00:27:28.148000,VER,1,0 days 00:02:00.438000,7.0,2.0,,,0 days 00:00:58.235000,0 days 00:00:35.004000,0 days 00:00:27.199000,0 days 00:26:25.945000,0 days 00:27:00.949000,0 days 00:27:28.148000,193.0,248.0,285.0,91.0,False,SOFT,4.0,True,Red Bull Racing,0 days 00:25:27.710000,2025-11-29 18:13:51.407,1,,False,,False,True
0 days 00:28:48.620000,VER,1,0 days 00:01:20.472000,8.0,2.0,,,0 days 00:00:29.462000,0 days 00:00:27.315000,0 days 00:00:23.695000,0 days 00:27:57.610000,0 days 00:28:24.925000,0 days 00:28:48.620000,257.0,289.0,285.0,324.0,True,SOFT,5.0,True,Red Bull Racing,0 days 00:27:28.148000,2025-11-29 18:15:51.845,1,,False,,False,True
0 days 00:30:39.369000,VER,1,0 days 00:01:50.749000,9.0,2.0,,0 days 00:30:35.267000,0 days 00:00:40.522000,0 days 00:00:36.742000,0 days 00:00:33.485000,0 days 00:29:29.142000,0 days 00:30:05.884000,0 days 00:30:39.369000,191.0,255.0,,231.0,False,SOFT,6.0,True,Red Bull Racing,0 days 00:28:48.620000,2025-11-29 18:17:12.317,1,,False,,False,False
0 days 00:39:24.897000,VER,1,,10.0,3.0,0 days 00:37:57.669000,,,0 days 00:00:29.097000,0 days 00:00:26.592000,,0 days 00:38:58.375000,0 days 00:39:24.897000,243.0,268.0,261.0,143.0,False,SOFT,1.0,True,Red Bull Racing,0 days 00:30:39.369000,2025-11-29 18:19:03.066,12,,False,,False,False
0 days 00:41:05.293000,VER,1,0 days 00:01:40.396000,11.0,3.0,,,0 days 00:00:34.377000,0 days 00:00:36.295000,0 days 00:00:29.724000,0 days 00:39:59.274000,0 days 00:40:35.569000,0 days 00:41:05.293000,204.0,211.0,287.0,303.0,True,SOFT,2.0,True,Red Bull Racing,0 days 00:39:24.897000,2025-11-29 18:27:48.594,1,,False,,False,True
0 days 00:42:25.435000,VER,1,0 days 00:01:20.142000,12.0,3.0,,,0 days 00:00:29.376000,0 days 00:00:27.186000,0 days 00:00:23.580000,0 days 00:41:34.669000,0 days 00:42:01.855000,0 days 00:42:25.435000,257.0,289.0,277.0,327.0,True,SOFT,3.0,True,Red Bull Racing,0 days 00:41:05.293000,2025-11-29 18:29:28.990,1,,False,,False,True
0 days 00:44:34.325000,VER,1,0 days 00:02:08.890000,13.0,3.0,,,0 days 00:01:00.931000,0 days 00:00:35.868000,0 days 00:00:32.091000,0 days 00:43:26.366000,0 days 00:44:02.234000,0 days 00:44:34.325000,208.0,253.0,90.0,85.0,False,SOFT,4.0,True,Red Bull Racing,0 days 00:42:25.435000,2025-11-29 18:30:49.132,1,,False,,False,True
0 days 00:46:37.041000,VER,1,0 days 00:02:02.716000,14.0,3.0,,,0 days 00:01:00.818000,0 days 00:00:34.440000,0 days 00:00:27.458000,0 days 00:45:35.143000,0 days 00:46:09.583000,0 days 00:46:37.041000,166.0,247.0,286.0,102.0,False,SOFT,5.0,True,Red Bull Racing,0 days 00:44:34.325000,2025-11-29 18:32:58.022,1,,False,,False,True
0 days 00:47:57.026000,VER,1,0 days 00:01:19.985000,15.0,3.0,,,0 days 00:00:29.321000,0 days 00:00:27.214000,0 days 00:00:23.450000,0 days 00:47:06.362000,0 days 00:47:33.576000,0 days 00:47:57.026000,257.0,288.0,284.0,324.0,True,SOFT,6.0,True,Red Bull Racing,0 days 00:46:37.041000,2025-11-29 18:35:00.738,1,,False,,False,True
0 days 00:49:39.965000,VER,1,0 days 00:01:42.939000,16.0,3.0,,0 days 00:49:35.941000,0 days 00:00:35.726000,0 days 00:00:33.136000,0 days 00:00:34.077000,0 days 00:48:32.752000,0 days 00:49:05.888000,0 days 00:49:39.965000,207.0,252.0,,261.0,False,SOFT,7.0,True,Red Bull Racing,0 days 00:47:57.026000,2025-11-29 18:36:20.723,1,,False,,False,False
0 days 01:02:12.673000,VER,1,,17.0,4.0,0 days 01:00:38.930000,,,0 days 00:00:31.468000,0 days 00:00:28.028000,,0 days 01:01:44.742000,0 days 01:02:12.805000,231.0,266.0,258.0,139.0,False,SOFT,1.0,True,Red Bull Racing,0 days 00:49:39.965000,2025-11-29 18:38:03.662,1,,False,,False,False
0 days 01:03:45.008000,VER,1,0 days 00:01:32.335000,18.0,4.0,,,0 days 00:00:35.401000,0 days 00:00:30.374000,0 days 00:00:26.560000,0 days 01:02:48.074000,0 days 01:03:18.448000,0 days 01:03:45.008000,129.0,269.0,287.0,296.0,True,SOFT,2.0,True,Red Bull Racing,0 days 01:02:12.673000,2025-11-29 18:50:36.370,1,,False,,False,True
0 days 01:05:04.957000,VER,1,0 days 00:01:19.949000,19.0,4.0,,,0 days 00:00:29.337000,0 days 00:00:27.182000,0 days 00:00:23.430000,0 days 01:04:14.345000,0 days 01:04:41.527000,0 days 01:05:04.957000,257.0,289.0,284.0,325.0,True,SOFT,3.0,True,Red Bull Racing,0 days 01:03:45.008000,2025-11-29 18:52:08.705,1,,False,,False,True
0 days 01:06:44.274000,VER,1,0 days 00:01:39.317000,20.0,4.0,,0 days 01:06:40.280000,0 days 00:00:36.030000,0 days 00:00:30.899000,0 days 00:00:32.388000,0 days 01:05:40.987000,0 days 01:06:11.886000,0 days 01:06:44.274000,221.0,262.0,,259.0,False,SOFT,4.0,True,Red Bull Racing,0 days 01:05:04.957000,2025-11-29 18:53:28.654,1,,False,,False,False
0 days 01:16:09.854000,VER,1,,21.0,5.0,0 days 01:14:40.948000,,,0 days 00:00:28.284000,0 days 00:00:30.397000,,0 days 01:15:39.464000,0 days 01:16:09.995000,250.0,198.0,287.0,142.0,False,SOFT,1.0,True,Red Bull Racing,0 days 01:14:40.948000,2025-11-29 19:03:04.645,1,,False,,False,False
0 days 01:17:29.505000,VER,1,0 days 00:01:19.651000,22.0,5.0,,,0 days 00:00:29.160000,0 days 00:00:27.064000,0 days 00:00:23.427000,0 days 01:16:39.014000,0 days 01:17:06.078000,0 days 01:17:29.505000,258.0,289.0,284.0,327.0,True,SOFT,2.0,True,Red Bull Racing,0 days 01:16:09.854000,2025-11-29 19:04:33.551,1,,False,,False,True
0 days 01:19:33.775000,VER,1,0 days 00:02:04.270000,23.0,5.0,,0 days 01:19:25.431000,0 days 00:00:46.189000,0 days 00:00:35.592000,0 days 00:00:42.489000,0 days 01:18:15.694000,0 days 01:18:51.286000,0 days 01:19:33.775000,194.0,192.0,,133.0,False,SOFT,3.0,True,Red Bull Racing,0 days 01:17:29.505000,2025-11-29 19:05:53.202,1,,False,,False,False
0 days 00:14:17.439000,RUS,63,,1.0,1.0,0 days 00:12:42.572000,,,0 days 00:00:30.398000,0 days 00:00:25.675000,,0 days 00:13:51.828000,0 days 00:14:17.469000,228.0,281.0,276.0,67.0,False,SOFT,7.0,False,Mercedes,0 days 00:12:42.572000,2025-11-29 18:01:06.269,1,,False,,False,False
0 days 00:15:55.107000,RUS,63,0 days 00:01:37.668000,2.0,1.0,,,0 days 00:00:33.517000,0 days 00:00:35.628000,0 days 00:00:28.523000,0 days 00:14:50.956000,0 days 00:15:26.584000,0 days 00:15:55.107000,222.0,192.0,283.0,306.0,True,SOFT,8.0,False,Mercedes,0 days 00:14:17.439000,2025-11-29 18:02:41.136,1,,False,,False,True
0 days 00:17:16.014000,RUS,63,0 days 00:01:20.907000,3.0,1.0,,,0 days 00:00:29.759000,0 days 00:00:27.436000,0 days 00:00:23.712000,0 days 00:16:24.866000,0 days 00:16:52.302000,0 days 00:17:16.014000,255.0,290.0,285.0,326.0,True,SOFT,9.0,False,Mercedes,0 days 00:15:55.107000,2025-11-29 18:04:18.804,1,,False,,False,True
0 days 00:18:51.790000,RUS,63,0 days 00:01:35.776000,4.0,1.0,,0 days 00:18:47.630000,0 days 00:00:34.995000,0 days 00:00:29.988000,0 days 00:00:30.793000,0 days 00:17:51.009000,0 days 00:18:20.997000,0 days 00:18:51.790000,232.0,267.0,,218.0,False,SOFT,10.0,False,Mercedes,0 days 00:17:16.014000,2025-11-29 18:05:39.711,1,,False,,False,False
0 days 00:22:20.905000,RUS,63,,5.0,2.0,0 days 00:20:35.555000,,,0 days 00:00:32.110000,0 days 00:00:30.690000,,0 days 00:21:50.282000,0 days 00:22:21.364000,204.0,265.0,252.0,80.0,False,SOFT,1.0,True,Mercedes,0 days 00:18:51.790000,2025-11-29 18:07:15.487,1,,False,,False,False
0 days 00:23:59.217000,RUS,63,0 days 00:01:38.312000,6.0,2.0,,,0 days 00:00:38.343000,0 days 00:00:34.039000,0 days 00:00:25.930000,0 days 00:22:59.248000,0 days 00:23:33.287000,0 days 00:23:59.217000,228.0,270.0,286.0,289.0,False,SOFT,2.0,True,Mercedes,0 days 00:22:20.905000,2025-11-29 18:10:44.602,1,,False,,False,True
0 days 00:25:19.594000,RUS,63,0 days 00:01:20.377000,7.0,2.0,,,0 days 00:00:29.561000,0 days 00:00:27.277000,0 days 00:00:23.539000,0 days 00:24:28.778000,0 days 00:24:56.055000,0 days 00:25:19.594000,258.0,290.0,285.0,325.0,True,SOFT,3.0,True,Mercedes,0 days 00:23:59.217000,2025-11-29 18:12:22.914,1,,False,,False,True
0 days 00:27:18.957000,RUS,63,0 days 00:01:59.363000,8.0,2.0,,,0 days 00:00:50.714000,0 days 00:00:35.774000,0 days 00:00:32.875000,0 days 00:26:10.308000,0 days 00:26:46.082000,0 days 00:27:18.957000,203.0,258.0,98.0,119.0,False,SOFT,4.0,True,Mercedes,0 days 00:25:19.594000,2025-11-29 18:13:43.291,1,,False,,False,True
0 days 00:29:19.430000,RUS,63,0 days 00:02:00.473000,9.0,2.0,,,0 days 00:00:54.984000,0 days 00:00:38.228000,0 days 00:00:27.261000,0 days 00:28:13.941000,0 days 00:28:52.169000,0 days 00:29:19.430000,208.0,214.0,286.0,90.0,False,SOFT,5.0,True,Mercedes,0 days 00:27:18.957000,2025-11-29 18:15:42.654,1,,False,,False,True
0 days 00:30:39.504000,RUS,63,0 days 00:01:20.074000,10.0,2.0,,,0 days 00:00:29.310000,0 days 00:00:27.226000,0 days 00:00:23.538000,0 days 00:29:48.740000,0 days 00:30:15.966000,0 days 00:30:39.504000,259.0,290.0,285.0,327.0,True,SOFT,6.0,True,Mercedes,0 days 00:29:19.430000,2025-11-29 18:17:43.127,1,,False,,False,True
0 days 00:32:24.389000,RUS,63,0 days 00:01:44.885000,11.0,2.0,,0 days 00:32:20.897000,0 days 00:00:36.893000,0 days 00:00:32.862000,0 days 00:00:35.130000,0 days 00:31:16.397000,0 days 00:31:49.259000,0 days 00:32:24.389000,205.0,245.0,,264.0,False,SOFT,7.0,True,Mercedes,0 days 00:30:39.504000,2025-11-29 18:19:03.201,1,,False,,False,False
0 days 00:44:15.679000,RUS,63,,12.0,3.0,0 days 00:42:30.718000,,,0 days 00:00:34.907000,0 days 00:00:31.906000,,0 days 00:43:43.804000,0 days 00:44:15.679000,209.0,133.0,264.0,125.0,False,SOFT,1.0,True,Mercedes,0 days 00:32:24.389000,2025-11-29 18:20:48.086,12,,False,,False,False
0 days 00:45:47.987000,RUS,63,0 days 00:01:32.308000,13.0,3.0,,,0 days 00:00:35.647000,0 days 00:00:30.404000,0 days 00:00:26.257000,0 days 00:44:51.326000,0 days 00:45:21.730000,0 days 00:45:47.987000,224.0,271.0,286.0,288.0,True,SOFT,2.0,True,Mercedes,0 days 00:44:15.679000,2025-11-29 18:32:39.376,1,,False,,False,True
0 days 00:47:08.173000,RUS,63,0 days 00:01:20.186000,14.0,3.0,,,0 days 00:00:29.381000,0 days 00:00:27.260000,0 days 00:00:23.545000,0 days 00:46:17.368000,0 days 00:46:44.628000,0 days 00:47:08.173000,258.0,291.0,286.0,325.0,True,SOFT,3.0,True,Mercedes,0 days 00:45:47.987000,2025-11-29 18:34:11.684,1,,False,,False,True
0 days 00:49:19.572000,RUS,63,0 days 00:02:11.399000,15.0,3.0,,,0 days 00:00:59.192000,0 days 00:00:35.934000,0 days 00:00:36.273000,0 days 00:48:07.365000,0 days 00:48:43.299000,0 days 00:49:19.572000,196.0,255.0,69.0,52.0,False,SOFT,4.0,True,Mercedes,0 days 00:47:08.173000,2025-11-29 18:35:31.870,1,,False,,False,True
0 days 00:51:33.975000,RUS,63,0 days 00:02:14.403000,16.0,3.0,,,0 days 00:01:03.348000,0 days 00:00:42.443000,0 days 00:00:28.612000,0 days 00:50:22.920000,0 days 00:51:05.363000,0 days 00:51:33.975000,157.0,158.0,285.0,103.0,False,SOFT,5.0,True,Mercedes,0 days 00:49:19.572000,2025-11-29 18:37:43.269,1,,False,,False,True
0 days 00:52:54.015000,RUS,63,0 days 00:01:20.040000,17.0,3.0,,,0 days 00:00:29.337000,0 days 00:00:27.210000,0 days 00:00:23.493000,0 days 00:52:03.312000,0 days 00:52:30.522000,0 days 00:52:54.015000,259.0,291.0,286.0,327.0,False,SOFT,6.0,True,Mercedes,0 days 00:51:33.975000,2025-11-29 18:39:57.672,1,,True,TRACK LIMITS AT TURN 10 LAP 18 ,False,True
0 days 00:54:41.787000,RUS,63,0 days 00:01:47.772000,18.0,3.0,,0 days 00:54:37.692000,0 days 00:00:38.700000,0 days 00:00:33.590000,0 days 00:00:35.482000,0 days 00:53:32.715000,0 days 00:54:06.305000,0 days 00:54:41.787000,207.0,252.0,,262.0,False,SOFT,7.0,True,Mercedes,0 days 00:52:54.015000,2025-11-29 18:41:17.712,1,,False,,False,False
0 days 01:02:25.804000,RUS,63,,19.0,4.0,0 days 01:00:53.727000,,,0 days 00:00:30.324000,0 days 00:00:27.210000,,0 days 01:01:58.649000,0 days 01:02:25.899000,231.0,281.0,265.0,135.0,False,SOFT,1.0,True,Mercedes,0 days 00:54:41.787000,2025-11-29 18:43:05.484,1,,False,,False,False
0 days 01:04:04.938000,RUS,63,0 days 00:01:39.134000,20.0,4.0,,,0 days 00:00:37.916000,0 days 00:00:34.655000,0 days 00:00:26.563000,0 days 01:03:03.720000,0 days 01:03:38.375000,0 days 01:04:04.938000,228.0,217.0,286.0,290.0,True,SOFT,2.0,True,Mercedes,0 days 01:02:25.804000,2025-11-29 18:50:49.501,1,,False,,False,True
0 days 01:05:24.780000,RUS,63,0 days 00:01:19.842000,21.0,4.0,,,0 days 00:00:29.214000,0 days 00:00:27.162000,0 days 00:00:23.466000,0 days 01:04:34.152000,0 days 01:05:01.314000,0 days 01:05:24.780000,259.0,291.0,285.0,327.0,True,SOFT,3.0,True,Mercedes,0 days 01:04:04.938000,2025-11-29 18:52:28.635,1,,False,,False,True
0 days 01:07:01.026000,RUS,63,0 days 00:01:36.246000,22.0,4.0,,0 days 01:06:56.936000,0 days 00:00:32.837000,0 days 00:00:30.791000,0 days 00:00:32.618000,0 days 01:05:57.617000,0 days 01:06:28.408000,0 days 01:07:01.026000,229.0,271.0,,292.0,False,SOFT,4.0,True,Mercedes,0 days 01:05:24.780000,2025-11-29 18:53:48.477,1,,False,,False,False
0 days 01:15:14.818000,RUS,63,,23.0,5.0,0 days 01:13:26.023000,,,0 days 00:00:35.164000,0 days 00:00:36.298000,,0 days 01:14:38.605000,0 days 01:15:14.980000,193.0,221.0,167.0,125.0,False,SOFT,1.0,True,Mercedes,0 days 01:13:26.023000,2025-11-29 19:01:49.720,1,,False,,False,False
0 days 01:16:54.543000,RUS,63,0 days 00:01:39.725000,24.0,5.0,,,0 days 00:00:37.964000,0 days 00:00:36.135000,0 days 00:00:25.626000,0 days 01:15:52.782000,0 days 01:16:28.917000,0 days 01:16:54.543000,234.0,141.0,288.0,249.0,False,SOFT,2.0,True,Mercedes,0 days 01:15:14.818000,2025-11-29 19:03:38.515,1,,False,,False,True
0 days 01:18:14.205000,RUS,63,0 days 00:01:19.662000,25.0,5.0,,,0 days 00:00:29.246000,0 days 00:00:26.987000,0 days 00:00:23.429000,0 days 01:17:23.789000,0 days 01:17:50.776000,0 days 01:18:14.205000,258.0,292.0,285.0,325.0,True,SOFT,3.0,True,Mercedes,0 days 01:16:54.543000,2025-11-29 19:05:18.240,1,,False,,False,True
0 days 01:20:10.696000,RUS,63,,26.0,5.0,,0 days 01:20:10.696000,0 days 00:00:45.094000,0 days 00:00:35.529000,,0 days 01:18:59.431000,0 days 01:19:34.884000,,178.0,201.0,,163.0,False,SOFT,4.0,True,Mercedes,0 days 01:18:14.205000,2025-11-29 19:06:37.902,1,,False,,False,False
0 days 00:14:14.322000,ANT,12,,1.0,1.0,0 days 00:12:40.119000,,,0 days 00:00:31.009000,0 days 00:00:27.272000,,0 days 00:13:47.094000,0 days 00:14:14.422000,227.0,267.0,262.0,128.0,False,SOFT,7.0,False,Mercedes,0 days 00:12:40.119000,2025-11-29 18:01:03.816,1,,False,,False,False
0 days 00:15:48.373000,ANT,12,0 days 00:01:34.051000,2.0,1.0,,,0 days 00:00:33.753000,0 days 00:00:33.588000,0 days 00:00:26.710000,0 days 00:14:48.075000,0 days 00:15:21.663000,0 days 00:15:48.373000,230.0,240.0,286.0,288.0,True,SOFT,8.0,False,Mercedes,0 days 00:14:14.322000,2025-11-29 18:02:38.019,1,,False,,False,True
0 days 00:17:09.758000,ANT,12,0 days 00:01:21.385000,3.0,1.0,,,0 days 00:00:29.870000,0 days 00:00:27.515000,0 days 00:00:24,0 days 00:16:18.243000,0 days 00:16:45.758000,0 days 00:17:09.758000,253.0,291.0,286.0,326.0,True,SOFT,9.0,False,Mercedes,0 days 00:15:48.373000,2025-11-29 18:04:12.070,1,,False,,False,True
0 days 00:18:57.915000,ANT,12,0 days 00:01:48.157000,4.0,1.0,,0 days 00:18:46.458000,0 days 00:00:39.826000,0 days 00:00:30.107000,0 days 00:00:38.224000,0 days 00:17:49.584000,0 days 00:18:19.691000,0 days 00:18:57.915000,226.0,267.0,,205.0,False,SOFT,10.0,False,Mercedes,0 days 00:17:09.758000,2025-11-29 18:05:33.455,1,,False,,False,False
0 days 00:23:03.344000,ANT,12,,5.0,2.0,0 days 00:21:27.952000,,,0 days 00:00:30.433000,0 days 00:00:30.906000,,0 days 00:22:32.489000,0 days 00:23:03.536000,233.0,268.0,285.0,121.0,False,SOFT,1.0,True,Mercedes,0 days 00:18:57.915000,2025-11-29 18:07:21.612,1,,False,,False,False
0 days 00:24:23.920000,ANT,12,0 days 00:01:20.576000,6.0,2.0,,,0 days 00:00:29.476000,0 days 00:00:27.319000,0 days 00:00:23.781000,0 days 00:23:32.820000,0 days 00:24:00.139000,0 days 00:24:23.920000,255.0,291.0,286.0,328.0,True,SOFT,2.0,True,Mercedes,0 days 00:23:03.344000,2025-11-29 18:11:27.041,1,,False,,False,True
0 days 00:26:29.485000,ANT,12,0 days 00:02:05.565000,7.0,2.0,,,0 days 00:00:50.588000,0 days 00:00:38.300000,0 days 00:00:36.677000,0 days 00:25:14.508000,0 days 00:25:52.808000,0 days 00:26:29.485000,190.0,223.0,86.0,85.0,False,SOFT,3.0,True,Mercedes,0 days 00:24:23.920000,2025-11-29 18:12:47.617,1,,False,,False,True
0 days 00:28:39.680000,ANT,12,0 days 00:02:10.195000,8.0,2.0,,,0 days 00:01:06.440000,0 days 00:00:35.212000,0 days 00:00:28.543000,0 days 00:27:35.925000,0 days 00:28:11.137000,0 days 00:28:39.680000,186.0,249.0,285.0,80.0,False,SOFT,4.0,True,Mercedes,0 days 00:26:29.485000,2025-11-29 18:14:53.182,1,,False,,False,True
0 days 00:30:00.135000,ANT,12,0 days 00:01:20.455000,9.0,2.0,,,0 days 00:00:29.508000,0 days 00:00:27.193000,0 days 00:00:23.754000,0 days 00:29:09.188000,0 days 00:29:36.381000,0 days 00:30:00.135000,256.0,291.0,285.0,327.0,False,SOFT,5.0,True,Mercedes,0 days 00:28:39.680000,2025-11-29 18:17:03.377,1,,True,TRACK LIMITS AT TURN 10 LAP 10 ,False,True
0 days 00:31:48.432000,ANT,12,0 days 00:01:48.297000,10.0,2.0,,0 days 00:31:44.371000,0 days 00:00:41.837000,0 days 00:00:31.335000,0 days 00:00:35.125000,0 days 00:30:41.972000,0 days 00:31:13.307000,0 days 00:31:48.432000,210.0,263.0,,203.0,False,SOFT,6.0,True,Mercedes,0 days 00:30:00.135000,2025-11-29 18:18:23.832,1,,False,,False,False
0 days 00:45:07.463000,ANT,12,,11.0,3.0,0 days 00:43:32.245000,,,0 days 00:00:33.514000,0 days 00:00:26.521000,,0 days 00:44:41.023000,0 days 00:45:07.695000,230.0,269.0,285.0,97.0,False,SOFT,1.0,True,Mercedes,0 days 00:31:48.432000,2025-11-29 18:20:12.129,12,,False,,False,False
0 days 00:46:27.913000,ANT,12,0 days 00:01:20.450000,12.0,3.0,,,0 days 00:00:29.403000,0 days 00:00:27.295000,0 days 00:00:23.752000,0 days 00:45:36.866000,0 days 00:46:04.161000,0 days 00:46:27.913000,256.0,290.0,286.0,325.0,True,SOFT,2.0,True,Mercedes,0 days 00:45:07.463000,2025-11-29 18:33:31.160,1,,False,,False,True
0 days 00:48:36.446000,ANT,12,0 days 00:02:08.533000,13.0,3.0,,0 days 00:48:32.298000,0 days 00:00:52.926000,0 days 00:00:36.770000,0 days 00:00:38.837000,0 days 00:47:20.839000,0 days 00:47:57.609000,0 days 00:48:36.446000,180.0,213.0,,68.0,False,SOFT,3.0,True,Mercedes,0 days 00:46:27.913000,2025-11-29 18:34:51.610,1,,False,,False,False
0 days 00:51:23.447000,ANT,12,,14.0,4.0,0 days 00:49:46.971000,,,0 days 00:00:32.251000,0 days 00:00:28.116000,,0 days 00:50:55.409000,0 days 00:51:23.675000,235.0,79.0,287.0,118.0,False,SOFT,1.0,True,Mercedes,0 days 00:48:36.446000,2025-11-29 18:37:00.143,1,,False,,False,False
0 days 00:52:43.531000,ANT,12,0 days 00:01:20.084000,15.0,4.0,,,0 days 00:00:29.279000,0 days 00:00:27.142000,0 days 00:00:23.663000,0 days 00:51:52.726000,0 days 00:52:19.868000,0 days 00:52:43.531000,256.0,291.0,285.0,328.0,True,SOFT,2.0,True,Mercedes,0 days 00:51:23.447000,2025-11-29 18:39:47.144,1,,False,,False,True
0 days 00:54:34.627000,ANT,12,0 days 00:01:51.096000,16.0,4.0,,0 days 00:54:30.556000,0 days 00:00:39.101000,0 days 00:00:33.860000,0 days 00:00:38.135000,0 days 00:53:22.632000,0 days 00:53:56.492000,0 days 00:54:34.627000,197.0,254.0,,226.0,False,SOFT,3.0,True,Mercedes,0 days 00:52:43.531000,2025-11-29 18:41:07.228,1,,False,,False,False
0 days 01:04:24.071000,ANT,12,,17.0,5.0,0 days 01:02:42.321000,,,0 days 00:00:34.091000,0 days 00:00:26.380000,,0 days 01:03:57.711000,0 days 01:04:24.071000,232.0,165.0,286.0,73.0,False,SOFT,4.0,False,Mercedes,0 days 00:54:34.627000,2025-11-29 18:42:58.324,1,,False,,False,False
0 days 01:05:44.246000,ANT,12,0 days 00:01:20.175000,18.0,5.0,,,0 days 00:00:29.392000,0 days 00:00:27.115000,0 days 00:00:23.668000,0 days 01:04:53.463000,0 days 01:05:20.578000,0 days 01:05:44.246000,256.0,292.0,285.0,326.0,True,SOFT,5.0,False,Mercedes,0 days 01:04:24.071000,2025-11-29 18:52:47.768,1,,False,,False,True
0 days 01:14:54.073000,ANT,12,,19.0,5.0,,0 days 01:07:21.921000,0 days 00:00:36.674000,0 days 00:00:30.102000,,0 days 01:06:21.045000,0 days 01:06:51.061000,,222.0,270.0,,205.0,False,SOFT,6.0,False,Mercedes,0 days 01:05:44.246000,2025-11-29 18:54:07.943,152,,False,,False,False
0 days 01:16:22.917000,ANT,12,,20.0,6.0,0 days 01:14:54.073000,,,0 days 00:00:30.075000,0 days 00:00:25.889000,,0 days 01:15:57.089000,0 days 01:16:23.120000,232.0,269.0,286.0,135.0,False,SOFT,1.0,True,Mercedes,0 days 01:14:54.073000,2025-11-29 19:03:17.770,1,,False,,False,False
0 days 01:17:42.763000,ANT,12,0 days 00:01:19.846000,21.0,6.0,,,0 days 00:00:29.331000,0 days 00:00:26.954000,0 days 00:00:23.561000,0 days 01:16:52.248000,0 days 01:17:19.202000,0 days 01:17:42.763000,258.0,292.0,284.0,325.0,True,SOFT,2.0,True,Mercedes,0 days 01:16:22.917000,2025-11-29 19:04:46.614,1,,False,,False,True
0 days 01:19:29.299000,ANT,12,,22.0,6.0,,0 days 01:19:29.299000,0 days 00:00:38.907000,0 days 00:00:33.939000,,0 days 01:18:21.660000,0 days 01:18:55.607000,,205.0,252.0,,175.0,False,SOFT,3.0,True,Mercedes,0 days 01:17:42.763000,2025-11-29 19:06:06.460,1,,False,,False,False
0 days 00:14:04.338000,HAD,6,,1.0,1.0,0 days 00:12:35.103000,,,0 days 00:00:29.589000,0 days 00:00:25.772000,,0 days 00:13:38.625000,0 days 00:14:04.469000,231.0,261.0,281.0,143.0,False,SOFT,7.0,False,Racing Bulls,0 days 00:12:35.103000,2025-11-29 18:00:58.800,1,,False,,False,False
0 days 00:15:25.744000,HAD,6,0 days 00:01:21.406000,2.0,1.0,,,0 days 00:00:30.096000,0 days 00:00:27.522000,0 days 00:00:23.788000,0 days 00:14:34.434000,0 days 00:15:01.956000,0 days 00:15:25.744000,252.0,287.0,282.0,322.0,True,SOFT,8.0,False,Racing Bulls,0 days 00:14:04.338000,2025-11-29 18:02:28.035,1,,False,,False,True
0 days 00:17:24.133000,HAD,6,0 days 00:01:58.389000,3.0,1.0,,0 days 00:17:10.155000,0 days 00:00:35.840000,0 days 00:00:35.951000,0 days 00:00:46.598000,0 days 00:16:01.584000,0 days 00:16:37.535000,0 days 00:17:24.133000,227.0,260.0,,228.0,False,SOFT,9.0,False,Racing Bulls,0 days 00:15:25.744000,2025-11-29 18:03:49.441,1,,False,,False,False
0 days 00:19:47.062000,HAD,6,0 days 00:02:22.929000,4.0,2.0,0 days 00:18:15.052000,,0 days 00:01:24.386000,0 days 00:00:29.894000,0 days 00:00:28.649000,0 days 00:18:48.519000,0 days 00:19:18.413000,0 days 00:19:47.062000,232.0,223.0,282.0,136.0,False,SOFT,1.0,True,Racing Bulls,0 days 00:17:24.133000,2025-11-29 18:05:47.830,1,,False,,False,False
0 days 00:21:07.665000,HAD,6,0 days 00:01:20.603000,5.0,2.0,,,0 days 00:00:29.689000,0 days 00:00:27.234000,0 days 00:00:23.680000,0 days 00:20:16.751000,0 days 00:20:43.985000,0 days 00:21:07.665000,254.0,287.0,283.0,321.0,True,SOFT,2.0,True,Racing Bulls,0 days 00:19:47.062000,2025-11-29 18:08:10.759,1,,False,,False,True
0 days 00:22:47.360000,HAD,6,0 days 00:01:39.695000,6.0,2.0,,0 days 00:22:43.333000,0 days 00:00:34.802000,0 days 00:00:31.751000,0 days 00:00:33.142000,0 days 00:21:42.467000,0 days 00:22:14.218000,0 days 00:22:47.360000,217.0,275.0,,251.0,False,SOFT,3.0,True,Racing Bulls,0 days 00:21:07.665000,2025-11-29 18:09:31.362,1,,False,,False,False
0 days 00:27:34.151000,HAD,6,,7.0,3.0,0 days 00:25:46.775000,,,0 days 00:00:35.444000,0 days 00:00:31.775000,,0 days 00:27:02.456000,0 days 00:27:34.315000,193.0,231.0,283.0,84.0,False,SOFT,4.0,False,Racing Bulls,0 days 00:22:47.360000,2025-11-29 18:11:11.057,1,,False,,False,False
0 days 00:28:54.930000,HAD,6,0 days 00:01:20.779000,8.0,3.0,,,0 days 00:00:29.746000,0 days 00:00:27.294000,0 days 00:00:23.739000,0 days 00:28:03.897000,0 days 00:28:31.191000,0 days 00:28:54.930000,253.0,287.0,281.0,322.0,False,SOFT,5.0,False,Racing Bulls,0 days 00:27:34.151000,2025-11-29 18:15:57.848,1,,True,TRACK LIMITS AT TURN 10 LAP 9 ,False,True
0 days 00:30:48.775000,HAD,6,0 days 00:01:53.845000,9.0,3.0,,0 days 00:30:44.705000,0 days 00:00:39.585000,0 days 00:00:34.489000,0 days 00:00:39.771000,0 days 00:29:34.515000,0 days 00:30:09.004000,0 days 00:30:48.775000,122.0,250.0,,249.0,False,SOFT,6.0,False,Racing Bulls,0 days 00:28:54.930000,2025-11-29 18:17:18.627,1,,False,,False,False
0 days 00:43:11.654000,HAD,6,,10.0,4.0,0 days 00:41:30.982000,,,0 days 00:00:31.958000,0 days 00:00:26.120000,,0 days 00:42:45.609000,0 days 00:43:11.654000,204.0,273.0,283.0,96.0,False,SOFT,1.0,True,Racing Bulls,0 days 00:30:48.775000,2025-11-29 18:19:12.472,12,,False,,False,False
0 days 00:44:32.004000,HAD,6,0 days 00:01:20.350000,11.0,4.0,,,0 days 00:00:29.538000,0 days 00:00:27.195000,0 days 00:00:23.617000,0 days 00:43:41.192000,0 days 00:44:08.387000,0 days 00:44:32.004000,255.0,287.0,283.0,322.0,True,SOFT,2.0,True,Racing Bulls,0 days 00:43:11.654000,2025-11-29 18:31:35.351,1,,False,,False,True
0 days 00:46:13.852000,HAD,6,0 days 00:01:41.848000,12.0,4.0,,0 days 00:46:09.726000,0 days 00:00:35.176000,0 days 00:00:32.473000,0 days 00:00:34.199000,0 days 00:45:07.180000,0 days 00:45:39.653000,0 days 00:46:13.852000,221.0,268.0,,279.0,False,SOFT,3.0,True,Racing Bulls,0 days 00:44:32.004000,2025-11-29 18:32:55.701,1,,False,,False,False
0 days 00:51:10.396000,HAD,6,,13.0,5.0,0 days 00:49:33.911000,,,0 days 00:00:30.619000,0 days 00:00:25.650000,,0 days 00:50:44.746000,0 days 00:51:10.565000,153.0,273.0,284.0,120.0,False,SOFT,1.0,True,Racing Bulls,0 days 00:46:13.852000,2025-11-29 18:34:37.549,1,,False,,False,False
0 days 00:52:30.750000,HAD,6,0 days 00:01:20.354000,14.0,5.0,,,0 days 00:00:29.489000,0 days 00:00:27.293000,0 days 00:00:23.572000,0 days 00:51:39.885000,0 days 00:52:07.178000,0 days 00:52:30.750000,254.0,287.0,283.0,323.0,False,SOFT,2.0,True,Racing Bulls,0 days 00:51:10.396000,2025-11-29 18:39:34.093,1,,False,,False,True
0 days 00:54:20.315000,HAD,6,0 days 00:01:49.565000,15.0,5.0,,0 days 00:54:16.202000,0 days 00:00:38.281000,0 days 00:00:31.466000,0 days 00:00:39.818000,0 days 00:53:09.031000,0 days 00:53:40.497000,0 days 00:54:20.315000,215.0,256.0,,255.0,False,SOFT,3.0,True,Racing Bulls,0 days 00:52:30.750000,2025-11-29 18:40:54.447,1,,False,,False,False
0 days 01:02:37.901000,HAD,6,,16.0,6.0,0 days 01:01:02.414000,,,0 days 00:00:33.657000,0 days 00:00:26.376000,,0 days 01:02:11.571000,0 days 01:02:37.930000,216.0,267.0,283.0,123.0,False,SOFT,1.0,True,Racing Bulls,0 days 00:54:20.315000,2025-11-29 18:42:44.012,1,,False,,False,False
0 days 01:03:58.015000,HAD,6,0 days 00:01:20.114000,17.0,6.0,,,0 days 00:00:29.473000,0 days 00:00:27.125000,0 days 00:00:23.516000,0 days 01:03:07.374000,0 days 01:03:34.499000,0 days 01:03:58.015000,256.0,287.0,283.0,323.0,True,SOFT,2.0,True,Racing Bulls,0 days 01:02:37.901000,2025-11-29 18:51:01.598,1,,False,,False,True
0 days 01:05:37.182000,HAD,6,0 days 00:01:39.167000,18.0,6.0,,0 days 01:05:33.062000,0 days 00:00:33.592000,0 days 00:00:32.705000,0 days 00:00:32.870000,0 days 01:04:31.607000,0 days 01:05:04.312000,0 days 01:05:37.182000,221.0,259.0,,306.0,False,SOFT,3.0,True,Racing Bulls,0 days 01:03:58.015000,2025-11-29 18:52:21.712,1,,False,,False,False
0 days 01:15:43.980000,HAD,6,,19.0,7.0,0 days 01:14:05.726000,,,0 days 00:00:35.555000,0 days 00:00:26.300000,,0 days 01:15:17.683000,0 days 01:15:44.073000,205.0,266.0,283.0,123.0,False,SOFT,1.0,True,Racing Bulls,0 days 01:14:05.726000,2025-11-29 19:02:29.423,1,,False,,False,False
0 days 01:17:22.318000,HAD,6,,20.0,7.0,,0 days 01:17:22.318000,0 days 00:00:29.524000,0 days 00:00:29.969000,,0 days 01:16:13.511000,0 days 01:16:43.449000,,255.0,242.0,,321.0,False,SOFT,2.0,True,Racing Bulls,0 days 01:15:43.980000,2025-11-29 19:04:07.677,1,,False,,False,False
0 days 00:13:10.961000,SAI,55,,1.0,1.0,0 days 00:11:40.269000,,,0 days 00:00:30.860000,0 days 00:00:25.805000,,0 days 00:12:45.197000,0 days 00:13:11.025000,229.0,274.0,280.0,130.0,False,SOFT,7.0,False,Williams,0 days 00:11:40.269000,2025-11-29 18:00:03.966,1,,False,,False,False
0 days 00:14:33.315000,SAI,55,0 days 00:01:22.354000,2.0,1.0,,,0 days 00:00:30.450000,0 days 00:00:27.844000,0 days 00:00:24.060000,0 days 00:13:41.411000,0 days 00:14:09.255000,0 days 00:14:33.315000,248.0,287.0,283.0,317.0,True,SOFT,8.0,False,Williams,0 days 00:13:10.961000,2025-11-29 18:01:34.658,1,,False,,False,True
0 days 00:16:36.593000,SAI,55,0 days 00:02:03.278000,3.0,1.0,,,0 days 00:00:53.899000,0 days 00:00:40.321000,0 days 00:00:29.058000,0 days 00:15:27.214000,0 days 00:16:07.535000,0 days 00:16:36.593000,170.0,234.0,284.0,86.0,False,SOFT,9.0,False,Williams,0 days 00:14:33.315000,2025-11-29 18:02:57.012,1,,False,,False,True
0 days 00:17:58.342000,SAI,55,0 days 00:01:21.749000,4.0,1.0,,,0 days 00:00:30.025000,0 days 00:00:27.658000,0 days 00:00:24.066000,0 days 00:17:06.618000,0 days 00:17:34.276000,0 days 00:17:58.342000,249.0,288.0,282.0,324.0,True,SOFT,10.0,False,Williams,0 days 00:16:36.593000,2025-11-29 18:05:00.290,1,,False,,False,True
0 days 00:19:51.117000,SAI,55,0 days 00:01:52.775000,5.0,1.0,,0 days 00:19:38.808000,0 days 00:00:39.858000,0 days 00:00:32.120000,0 days 00:00:40.797000,0 days 00:18:38.200000,0 days 00:19:10.320000,0 days 00:19:51.117000,195.0,254.0,,214.0,False,SOFT,11.0,False,Williams,0 days 00:17:58.342000,2025-11-29 18:06:22.039,1,,False,,False,False
0 days 00:22:31.843000,SAI,55,,6.0,2.0,0 days 00:20:49.836000,,,0 days 00:00:31.623000,0 days 00:00:26.614000,,0 days 00:22:05.360000,0 days 00:22:32.161000,229.0,277.0,283.0,89.0,False,SOFT,1.0,True,Williams,0 days 00:19:51.117000,2025-11-29 18:08:14.814,1,,False,,False,False
0 days 00:23:52.583000,SAI,55,0 days 00:01:20.740000,7.0,2.0,,,0 days 00:00:29.659000,0 days 00:00:27.428000,0 days 00:00:23.653000,0 days 00:23:01.502000,0 days 00:23:28.930000,0 days 00:23:52.583000,252.0,289.0,285.0,326.0,True,SOFT,2.0,True,Williams,0 days 00:22:31.843000,2025-11-29 18:10:55.540,1,,False,,False,True
0 days 00:25:59.717000,SAI,55,0 days 00:02:07.134000,8.0,2.0,,,0 days 00:00:57.731000,0 days 00:00:36.637000,0 days 00:00:32.766000,0 days 00:24:50.314000,0 days 00:25:26.951000,0 days 00:25:59.717000,194.0,188.0,174.0,70.0,False,SOFT,3.0,True,Williams,0 days 00:23:52.583000,2025-11-29 18:12:16.280,1,,False,,False,True
0 days 00:28:12.235000,SAI,55,0 days 00:02:12.518000,9.0,2.0,,,0 days 00:00:59.832000,0 days 00:00:39.780000,0 days 00:00:32.906000,0 days 00:26:59.549000,0 days 00:27:39.329000,0 days 00:28:12.235000,207.0,222.0,286.0,67.0,False,SOFT,4.0,True,Williams,0 days 00:25:59.717000,2025-11-29 18:14:23.414,1,,False,,False,True
0 days 00:29:32.755000,SAI,55,0 days 00:01:20.520000,10.0,2.0,,,0 days 00:00:29.669000,0 days 00:00:27.252000,0 days 00:00:23.599000,0 days 00:28:41.904000,0 days 00:29:09.156000,0 days 00:29:32.755000,252.0,289.0,285.0,324.0,True,SOFT,5.0,True,Williams,0 days 00:28:12.235000,2025-11-29 18:16:35.932,1,,False,,False,True
0 days 00:31:22.332000,SAI,55,0 days 00:01:49.577000,11.0,2.0,,0 days 00:31:18.207000,0 days 00:00:41.511000,0 days 00:00:34.019000,0 days 00:00:34.047000,0 days 00:30:14.266000,0 days 00:30:48.285000,0 days 00:31:22.332000,201.0,220.0,,156.0,False,SOFT,6.0,True,Williams,0 days 00:29:32.755000,2025-11-29 18:17:56.452,1,,False,,False,False
0 days 00:39:19.075000,SAI,55,,12.0,3.0,0 days 00:37:48.809000,,,0 days 00:00:30.551000,0 days 00:00:25.588000,,0 days 00:38:53.899000,0 days 00:39:19.131000,236.0,272.0,285.0,127.0,False,SOFT,7.0,False,Williams,0 days 00:31:22.332000,2025-11-29 18:19:46.029,12,,False,,False,False
0 days 00:40:48.262000,SAI,55,0 days 00:01:29.187000,13.0,3.0,,0 days 00:40:44.200000,0 days 00:00:29.732000,0 days 00:00:27.581000,0 days 00:00:31.874000,0 days 00:39:48.807000,0 days 00:40:16.388000,0 days 00:40:48.262000,252.0,268.0,,321.0,False,SOFT,8.0,False,Williams,0 days 00:39:19.075000,2025-11-29 18:27:42.772,1,,False,,False,False
0 days 00:43:31.749000,SAI,55,,14.0,4.0,0 days 00:41:59.294000,,,0 days 00:00:33.020000,0 days 00:00:26.384000,,0 days 00:43:05.420000,0 days 00:43:32.010000,232.0,273.0,285.0,126.0,False,SOFT,1.0,True,Williams,0 days 00:40:48.262000,2025-11-29 18:29:11.959,1,,False,,False,False
0 days 00:44:52,SAI,55,0 days 00:01:20.251000,15.0,4.0,,,0 days 00:00:29.546000,0 days 00:00:27.164000,0 days 00:00:23.541000,0 days 00:44:01.295000,0 days 00:44:28.459000,0 days 00:44:52,252.0,289.0,284.0,324.0,True,SOFT,2.0,True,Williams,0 days 00:43:31.749000,2025-11-29 18:31:55.446,1,,False,,False,True
0 days 00:46:43.799000,SAI,55,0 days 00:01:51.799000,16.0,4.0,,0 days 00:46:39.726000,0 days 00:00:46.398000,0 days 00:00:32.359000,0 days 00:00:33.042000,0 days 00:45:38.398000,0 days 00:46:10.757000,0 days 00:46:43.799000,87.0,258.0,,116.0,False,SOFT,3.0,True,Williams,0 days 00:44:52,2025-11-29 18:33:15.697,1,,False,,False,False
0 days 00:50:44.230000,SAI,55,,17.0,5.0,0 days 00:49:04.555000,,,0 days 00:00:31.937000,0 days 00:00:24.816000,,0 days 00:50:19.512000,0 days 00:50:44.450000,233.0,273.0,285.0,54.0,False,SOFT,1.0,True,Williams,0 days 00:46:43.799000,2025-11-29 18:35:07.496,1,,False,,False,False
0 days 00:52:04.669000,SAI,55,0 days 00:01:20.439000,18.0,5.0,,,0 days 00:00:29.693000,0 days 00:00:27.212000,0 days 00:00:23.534000,0 days 00:51:13.923000,0 days 00:51:41.135000,0 days 00:52:04.669000,249.0,289.0,284.0,320.0,False,SOFT,2.0,True,Williams,0 days 00:50:44.230000,2025-11-29 18:39:07.927,1,,False,,False,True
0 days 00:53:59.103000,SAI,55,0 days 00:01:54.434000,19.0,5.0,,0 days 00:53:54.833000,0 days 00:00:47.714000,0 days 00:00:32.332000,0 days 00:00:34.388000,0 days 00:52:52.383000,0 days 00:53:24.715000,0 days 00:53:59.103000,194.0,244.0,,155.0,False,SOFT,3.0,True,Williams,0 days 00:52:04.669000,2025-11-29 18:40:28.366,1,,False,,False,False
0 days 01:03:34.739000,SAI,55,,20.0,6.0,0 days 01:01:57.664000,,,0 days 00:00:30.270000,0 days 00:00:24.995000,,0 days 01:03:09.805000,0 days 01:03:34.758000,237.0,276.0,285.0,104.0,False,SOFT,4.0,False,Williams,0 days 00:53:59.103000,2025-11-29 18:42:22.800,1,,False,,False,False
0 days 01:04:55.446000,SAI,55,0 days 00:01:20.707000,21.0,6.0,,,0 days 00:00:29.816000,0 days 00:00:27.274000,0 days 00:00:23.617000,0 days 01:04:04.555000,0 days 01:04:31.829000,0 days 01:04:55.446000,254.0,289.0,284.0,321.0,True,SOFT,5.0,False,Williams,0 days 01:03:34.739000,2025-11-29 18:51:58.436,1,,False,,False,True
0 days 01:06:41.130000,SAI,55,0 days 00:01:45.684000,22.0,6.0,,0 days 01:06:36.905000,0 days 00:00:36.025000,0 days 00:00:33.089000,0 days 00:00:36.570000,0 days 01:05:31.471000,0 days 01:06:04.560000,0 days 01:06:41.130000,217.0,252.0,,247.0,False,SOFT,6.0,False,Williams,0 days 01:04:55.446000,2025-11-29 18:53:19.143,1,,False,,False,False
0 days 01:16:35.793000,SAI,55,,23.0,7.0,0 days 01:15:07.870000,,,0 days 00:00:31.979000,0 days 00:00:25.445000,,0 days 01:16:10.417000,0 days 01:16:36.074000,234.0,273.0,285.0,163.0,False,SOFT,1.0,True,Williams,0 days 01:15:07.870000,2025-11-29 19:03:31.567,1,,False,,False,False
0 days 01:17:56.080000,SAI,55,0 days 00:01:20.287000,24.0,7.0,,,0 days 00:00:29.573000,0 days 00:00:27.178000,0 days 00:00:23.536000,0 days 01:17:05.366000,0 days 01:17:32.544000,0 days 01:17:56.080000,253.0,289.0,285.0,323.0,True,SOFT,2.0,True,Williams,0 days 01:16:35.793000,2025-11-29 19:04:59.490,1,,False,,False,True
0 days 01:19:53.061000,SAI,55,,25.0,7.0,,0 days 01:19:53.061000,0 days 00:00:47.118000,0 days 00:00:35.907000,,0 days 01:18:43.282000,0 days 01:19:19.149000,,177.0,187.0,,107.0,False,SOFT,3.0,True,Williams,0 days 01:17:56.080000,2025-11-29 19:06:19.777,1,,False,,False,False
0 days 00:14:41.828000,ALO,14,,1.0,1.0,0 days 00:13:05.275000,,,0 days 00:00:30.741000,0 days 00:00:27.910000,,0 days 00:14:14,0 days 00:14:41.828000,230.0,266.0,283.0,101.0,False,SOFT,1.0,True,Aston Martin,0 days 00:13:05.275000,2025-11-29 18:01:28.972,1,,False,,False,False
0 days 00:16:02.808000,ALO,14,0 days 00:01:20.980000,2.0,1.0,,,0 days 00:00:29.884000,0 days 00:00:27.409000,0 days 00:00:23.687000,0 days 00:15:11.712000,0 days 00:15:39.121000,0 days 00:16:02.808000,253.0,286.0,280.0,323.0,True,SOFT,2.0,True,Aston Martin,0 days 00:14:41.828000,2025-11-29 18:03:05.525,1,,False,,False,True
0 days 00:17:58.871000,ALO,14,0 days 00:01:56.063000,3.0,1.0,,,0 days 00:00:50.032000,0 days 00:00:36.553000,0 days 00:00:29.478000,0 days 00:16:52.840000,0 days 00:17:29.393000,0 days 00:17:58.871000,192.0,255.0,285.0,122.0,False,SOFT,3.0,True,Aston Martin,0 days 00:16:02.808000,2025-11-29 18:04:26.505,1,,False,,False,True
0 days 00:19:19.765000,ALO,14,0 days 00:01:20.894000,4.0,1.0,,,0 days 00:00:29.629000,0 days 00:00:27.443000,0 days 00:00:23.822000,0 days 00:18:28.500000,0 days 00:18:55.943000,0 days 00:19:19.765000,254.0,286.0,281.0,324.0,True,SOFT,4.0,True,Aston Martin,0 days 00:17:58.871000,2025-11-29 18:06:22.568,1,,False,,False,True
0 days 00:21:01.673000,ALO,14,0 days 00:01:41.908000,5.0,1.0,,0 days 00:20:57.602000,0 days 00:00:34.548000,0 days 00:00:33.774000,0 days 00:00:33.586000,0 days 00:19:54.313000,0 days 00:20:28.087000,0 days 00:21:01.673000,213.0,260.0,,252.0,False,SOFT,5.0,True,Aston Martin,0 days 00:19:19.765000,2025-11-29 18:07:43.462,1,,False,,False,False
0 days 00:25:28.187000,ALO,14,,6.0,2.0,0 days 00:23:53.786000,,,0 days 00:00:31.443000,0 days 00:00:29.161000,,0 days 00:24:59.122000,0 days 00:25:28.275000,98.0,264.0,282.0,150.0,False,SOFT,1.0,True,Aston Martin,0 days 00:21:01.673000,2025-11-29 18:09:25.370,1,,False,,False,False
0 days 00:26:48.785000,ALO,14,0 days 00:01:20.598000,7.0,2.0,,,0 days 00:00:29.509000,0 days 00:00:27.398000,0 days 00:00:23.691000,0 days 00:25:57.696000,0 days 00:26:25.094000,0 days 00:26:48.785000,256.0,286.0,278.0,321.0,True,SOFT,2.0,True,Aston Martin,0 days 00:25:28.187000,2025-11-29 18:13:51.884,1,,False,,False,True
0 days 00:28:55.753000,ALO,14,0 days 00:02:06.968000,8.0,2.0,,,0 days 00:00:56.871000,0 days 00:00:37.473000,0 days 00:00:32.624000,0 days 00:27:45.656000,0 days 00:28:23.129000,0 days 00:28:55.753000,203.0,242.0,285.0,59.0,False,SOFT,3.0,True,Aston Martin,0 days 00:26:48.785000,2025-11-29 18:15:12.482,1,,False,,False,True
0 days 00:30:43.858000,ALO,14,0 days 00:01:48.105000,9.0,2.0,,0 days 00:30:39.986000,0 days 00:00:33.157000,0 days 00:00:37.231000,0 days 00:00:37.717000,0 days 00:29:28.910000,0 days 00:30:06.141000,0 days 00:30:43.858000,178.0,231.0,,328.0,False,SOFT,4.0,True,Aston Martin,0 days 00:28:55.753000,2025-11-29 18:17:19.450,1,,False,,False,False
0 days 00:43:23.807000,ALO,14,,10.0,3.0,0 days 00:41:53.669000,,,0 days 00:00:29.362000,0 days 00:00:29.129000,,0 days 00:42:54.781000,0 days 00:43:23.807000,223.0,262.0,284.0,154.0,False,SOFT,1.0,True,Aston Martin,0 days 00:30:43.858000,2025-11-29 18:19:07.555,12,,False,,False,False
0 days 00:44:44.231000,ALO,14,0 days 00:01:20.424000,11.0,3.0,,,0 days 00:00:29.437000,0 days 00:00:27.360000,0 days 00:00:23.627000,0 days 00:43:53.244000,0 days 00:44:20.604000,0 days 00:44:44.231000,255.0,287.0,281.0,325.0,True,SOFT,2.0,True,Aston Martin,0 days 00:43:23.807000,2025-11-29 18:31:47.504,1,,False,,False,True
0 days 00:46:32.443000,ALO,14,0 days 00:01:48.212000,12.0,3.0,,0 days 00:46:28.319000,0 days 00:00:38.306000,0 days 00:00:31.938000,0 days 00:00:37.968000,0 days 00:45:22.537000,0 days 00:45:54.475000,0 days 00:46:32.443000,183.0,255.0,,222.0,False,SOFT,3.0,True,Aston Martin,0 days 00:44:44.231000,2025-11-29 18:33:07.928,1,,False,,False,False
0 days 00:51:03.992000,ALO,14,,13.0,4.0,0 days 00:49:29.532000,,,0 days 00:00:29.312000,0 days 00:00:30.960000,,0 days 00:50:33.137000,0 days 00:51:04.222000,230.0,262.0,285.0,140.0,False,SOFT,1.0,True,Aston Martin,0 days 00:46:32.443000,2025-11-29 18:34:56.140,1,,False,,False,False
0 days 00:52:24.211000,ALO,14,0 days 00:01:20.219000,14.0,4.0,,,0 days 00:00:29.500000,0 days 00:00:27.170000,0 days 00:00:23.549000,0 days 00:51:33.492000,0 days 00:52:00.662000,0 days 00:52:24.211000,254.0,287.0,281.0,322.0,True,SOFT,2.0,True,Aston Martin,0 days 00:51:03.992000,2025-11-29 18:39:27.689,1,,False,,False,True
0 days 00:54:17.868000,ALO,14,0 days 00:01:53.657000,15.0,4.0,,0 days 00:54:13.842000,0 days 00:00:41.474000,0 days 00:00:33.720000,0 days 00:00:38.463000,0 days 00:53:05.685000,0 days 00:53:39.405000,0 days 00:54:17.868000,172.0,231.0,,149.0,False,SOFT,3.0,True,Aston Martin,0 days 00:52:24.211000,2025-11-29 18:40:47.908,1,,False,,False,False
0 days 01:04:29.532000,ALO,14,,16.0,5.0,0 days 01:02:55.633000,,,0 days 00:00:29.614000,0 days 00:00:25.579000,,0 days 01:04:03.993000,0 days 01:04:29.561000,229.0,273.0,283.0,106.0,False,SOFT,4.0,False,Aston Martin,0 days 00:54:17.868000,2025-11-29 18:42:41.565,1,,False,,False,False
0 days 01:05:50.084000,ALO,14,0 days 00:01:20.552000,17.0,5.0,,,0 days 00:00:29.472000,0 days 00:00:27.452000,0 days 00:00:23.628000,0 days 01:04:59.004000,0 days 01:05:26.456000,0 days 01:05:50.084000,257.0,288.0,280.0,324.0,True,SOFT,5.0,False,Aston Martin,0 days 01:04:29.532000,2025-11-29 18:52:53.229,1,,False,,False,True
0 days 01:13:59.039000,ALO,14,,18.0,5.0,,0 days 01:07:28.265000,0 days 00:00:34.492000,0 days 00:00:30.895000,,0 days 01:06:24.624000,0 days 01:06:55.514000,,232.0,258.0,,233.0,False,SOFT,6.0,False,Aston Martin,0 days 01:05:50.084000,2025-11-29 18:54:13.781,152,,False,,False,False
0 days 01:15:32.015000,ALO,14,,19.0,6.0,0 days 01:13:59.039000,,,0 days 00:00:32.910000,0 days 00:00:27.568000,,0 days 01:15:04.542000,0 days 01:15:32.183000,228.0,261.0,283.0,138.0,False,SOFT,4.0,False,Aston Martin,0 days 01:13:59.039000,2025-11-29 19:02:22.736,1,,False,,False,False
0 days 01:16:52.433000,ALO,14,0 days 00:01:20.418000,20.0,6.0,,,0 days 00:00:29.358000,0 days 00:00:27.432000,0 days 00:00:23.628000,0 days 01:16:01.373000,0 days 01:16:28.805000,0 days 01:16:52.433000,257.0,287.0,280.0,323.0,True,SOFT,5.0,False,Aston Martin,0 days 01:15:32.015000,2025-11-29 19:03:55.712,1,,False,,False,True
0 days 01:18:57.908000,ALO,14,,21.0,6.0,,0 days 01:18:57.908000,0 days 00:00:50.159000,0 days 00:00:33.658000,,0 days 01:17:42.596000,0 days 01:18:16.254000,,156.0,214.0,,70.0,False,SOFT,6.0,False,Aston Martin,0 days 01:16:52.433000,2025-11-29 19:05:16.130,1,,False,,False,False
0 days 00:15:08.026000,GAS,10,,1.0,1.0,0 days 00:13:23.954000,,,0 days 00:00:35.797000,0 days 00:00:26.740000,,0 days 00:14:41.422000,0 days 00:15:08.026000,220.0,245.0,282.0,92.0,False,SOFT,1.0,True,Alpine,0 days 00:13:23.954000,2025-11-29 18:01:47.651,1,,False,,False,False
0 days 00:16:30.086000,GAS,10,0 days 00:01:22.060000,2.0,1.0,,,0 days 00:00:30.339000,0 days 00:00:27.841000,0 days 00:00:23.880000,0 days 00:15:38.365000,0 days 00:16:06.206000,0 days 00:16:30.086000,250.0,286.0,279.0,325.0,True,SOFT,2.0,True,Alpine,0 days 00:15:08.026000,2025-11-29 18:03:31.723,1,,False,,False,True
0 days 00:18:15.432000,GAS,10,0 days 00:01:45.346000,3.0,1.0,,0 days 00:18:11.396000,0 days 00:00:39.128000,0 days 00:00:32.766000,0 days 00:00:33.452000,0 days 00:17:09.214000,0 days 00:17:41.980000,0 days 00:18:15.432000,225.0,248.0,,305.0,False,SOFT,3.0,True,Alpine,0 days 00:16:30.086000,2025-11-29 18:04:53.783,1,,False,,False,False
0 days 00:20:17.616000,GAS,10,0 days 00:02:02.184000,4.0,2.0,0 days 00:18:42.958000,,0 days 00:01:00.935000,0 days 00:00:32.404000,0 days 00:00:28.845000,0 days 00:19:16.367000,0 days 00:19:48.771000,0 days 00:20:17.616000,214.0,262.0,283.0,142.0,False,SOFT,1.0,True,Alpine,0 days 00:18:15.432000,2025-11-29 18:06:39.129,1,,False,,False,False
0 days 00:21:38.297000,GAS,10,0 days 00:01:20.681000,5.0,2.0,,,0 days 00:00:29.772000,0 days 00:00:27.194000,0 days 00:00:23.715000,0 days 00:20:47.388000,0 days 00:21:14.582000,0 days 00:21:38.297000,254.0,287.0,279.0,323.0,True,SOFT,2.0,True,Alpine,0 days 00:20:17.616000,2025-11-29 18:08:41.313,1,,False,,False,True
0 days 00:23:38.361000,GAS,10,0 days 00:02:00.064000,6.0,2.0,,0 days 00:23:24.114000,0 days 00:00:38.079000,0 days 00:00:36.804000,0 days 00:00:45.181000,0 days 00:22:16.376000,0 days 00:22:53.180000,0 days 00:23:38.361000,219.0,232.0,,244.0,False,SOFT,3.0,True,Alpine,0 days 00:21:38.297000,2025-11-29 18:10:01.994,1,,False,,False,False
0 days 00:28:33.647000,GAS,10,,7.0,3.0,0 days 00:26:53.303000,,,0 days 00:00:30.859000,0 days 00:00:33.587000,,0 days 00:28:00.190000,0 days 00:28:33.847000,223.0,263.0,284.0,122.0,False,SOFT,1.0,True,Alpine,0 days 00:23:38.361000,2025-11-29 18:12:02.058,1,,False,,False,False
0 days 00:29:54.160000,GAS,10,0 days 00:01:20.513000,8.0,3.0,,,0 days 00:00:29.541000,0 days 00:00:27.299000,0 days 00:00:23.673000,0 days 00:29:03.188000,0 days 00:29:30.487000,0 days 00:29:54.160000,256.0,287.0,282.0,326.0,False,SOFT,2.0,True,Alpine,0 days 00:28:33.647000,2025-11-29 18:16:57.344,1,,True,TRACK LIMITS AT TURN 8 LAP 9 ,False,True
0 days 00:31:43.223000,GAS,10,0 days 00:01:49.063000,9.0,3.0,,0 days 00:31:39.074000,0 days 00:00:39.353000,0 days 00:00:34.233000,0 days 00:00:35.477000,0 days 00:30:33.513000,0 days 00:31:07.746000,0 days 00:31:43.223000,206.0,242.0,,268.0,False,SOFT,3.0,True,Alpine,0 days 00:29:54.160000,2025-11-29 18:18:17.857,1,,False,,False,False
0 days 00:43:40.691000,GAS,10,,10.0,4.0,0 days 00:42:08.044000,,,0 days 00:00:32.998000,0 days 00:00:26.394000,,0 days 00:43:14.457000,0 days 00:43:40.829000,228.0,241.0,284.0,138.0,False,SOFT,1.0,True,Alpine,0 days 00:31:43.223000,2025-11-29 18:20:06.920,12,,False,,False,False
0 days 00:45:01.133000,GAS,10,0 days 00:01:20.442000,11.0,4.0,,,0 days 00:00:29.487000,0 days 00:00:27.370000,0 days 00:00:23.585000,0 days 00:44:10.178000,0 days 00:44:37.548000,0 days 00:45:01.133000,254.0,287.0,283.0,325.0,True,SOFT,2.0,True,Alpine,0 days 00:43:40.691000,2025-11-29 18:32:04.388,1,,False,,False,True
0 days 00:46:54.710000,GAS,10,0 days 00:01:53.577000,12.0,4.0,,0 days 00:46:52.179000,0 days 00:00:44.051000,0 days 00:00:32.457000,0 days 00:00:37.069000,0 days 00:45:45.184000,0 days 00:46:17.641000,0 days 00:46:54.710000,213.0,259.0,,191.0,False,SOFT,3.0,True,Alpine,0 days 00:45:01.133000,2025-11-29 18:33:24.830,1,,False,,False,False
0 days 00:51:18.753000,GAS,10,,13.0,5.0,0 days 00:49:41.802000,,,0 days 00:00:34.495000,0 days 00:00:26.537000,,0 days 00:50:52.222000,0 days 00:51:18.956000,227.0,238.0,284.0,125.0,False,SOFT,1.0,True,Alpine,0 days 00:46:54.710000,2025-11-29 18:35:18.407,1,,False,,False,False
0 days 00:52:39.077000,GAS,10,0 days 00:01:20.324000,14.0,5.0,,,0 days 00:00:29.495000,0 days 00:00:27.210000,0 days 00:00:23.619000,0 days 00:51:48.248000,0 days 00:52:15.458000,0 days 00:52:39.077000,256.0,287.0,283.0,325.0,True,SOFT,2.0,True,Alpine,0 days 00:51:18.753000,2025-11-29 18:39:42.450,1,,False,,False,True
0 days 00:54:32.923000,GAS,10,0 days 00:01:53.846000,15.0,5.0,,0 days 00:54:28.831000,0 days 00:00:38.094000,0 days 00:00:36.805000,0 days 00:00:38.947000,0 days 00:53:17.171000,0 days 00:53:53.976000,0 days 00:54:32.923000,193.0,205.0,,280.0,False,SOFT,3.0,True,Alpine,0 days 00:52:39.077000,2025-11-29 18:41:02.774,1,,False,,False,False
0 days 01:03:00.671000,GAS,10,,16.0,6.0,0 days 01:01:29.852000,,,0 days 00:00:31.097000,0 days 00:00:26.442000,,0 days 01:02:34.274000,0 days 01:03:00.805000,218.0,264.0,284.0,129.0,False,SOFT,4.0,False,Alpine,0 days 00:54:32.923000,2025-11-29 18:42:56.620,1,,False,,False,False
0 days 01:04:21.415000,GAS,10,0 days 00:01:20.744000,17.0,6.0,,,0 days 00:00:29.563000,0 days 00:00:27.318000,0 days 00:00:23.863000,0 days 01:03:30.234000,0 days 01:03:57.552000,0 days 01:04:21.415000,255.0,287.0,280.0,324.0,True,SOFT,5.0,False,Alpine,0 days 01:03:00.671000,2025-11-29 18:51:24.368,1,,False,,False,True
0 days 01:06:12.929000,GAS,10,0 days 00:01:51.514000,18.0,6.0,,0 days 01:06:08.842000,0 days 00:00:43.137000,0 days 00:00:31.831000,0 days 00:00:36.546000,0 days 01:05:04.552000,0 days 01:05:36.383000,0 days 01:06:12.929000,216.0,256.0,,179.0,False,SOFT,6.0,False,Alpine,0 days 01:04:21.415000,2025-11-29 18:52:45.112,1,,False,,False,False
0 days 01:16:02.683000,GAS,10,,19.0,7.0,0 days 01:14:31.860000,,,0 days 00:00:31.205000,0 days 00:00:27.224000,,0 days 01:15:35.527000,0 days 01:16:02.855000,216.0,263.0,284.0,144.0,False,SOFT,4.0,False,Alpine,0 days 01:14:31.860000,2025-11-29 19:02:55.557,1,,False,,False,False
0 days 01:17:23.160000,GAS,10,0 days 00:01:20.477000,20.0,7.0,,,0 days 00:00:29.551000,0 days 00:00:27.243000,0 days 00:00:23.683000,0 days 01:16:32.234000,0 days 01:16:59.477000,0 days 01:17:23.160000,256.0,287.0,283.0,325.0,True,SOFT,5.0,False,Alpine,0 days 01:16:02.683000,2025-11-29 19:04:26.380,1,,False,,False,True
0 days 01:19:12.338000,GAS,10,,21.0,7.0,,0 days 01:19:12.338000,0 days 00:00:41.014000,0 days 00:00:32.378000,,0 days 01:18:04.167000,0 days 01:18:36.521000,,220.0,203.0,,305.0,False,SOFT,6.0,False,Alpine,0 days 01:17:23.160000,2025-11-29 19:05:46.857,1,,False,,False,False
0 days 00:14:35.485000,LEC,16,,1.0,1.0,0 days 00:12:58.806000,,,0 days 00:00:34.058000,0 days 00:00:25.362000,,0 days 00:14:10.172000,0 days 00:14:35.547000,231.0,244.0,285.0,106.0,False,SOFT,7.0,False,Ferrari,0 days 00:12:58.806000,2025-11-29 18:01:22.503,1,,False,,False,False
0 days 00:15:57.409000,LEC,16,0 days 00:01:21.924000,2.0,1.0,,,0 days 00:00:30.255000,0 days 00:00:27.620000,0 days 00:00:24.049000,0 days 00:15:05.740000,0 days 00:15:33.360000,0 days 00:15:57.409000,253.0,289.0,284.0,321.0,True,SOFT,8.0,False,Ferrari,0 days 00:14:35.485000,2025-11-29 18:02:59.182,1,,False,,False,True
0 days 00:17:32.908000,LEC,16,0 days 00:01:35.499000,3.0,1.0,,0 days 00:17:28.795000,0 days 00:00:33.352000,0 days 00:00:29.494000,0 days 00:00:32.653000,0 days 00:16:30.761000,0 days 00:17:00.255000,0 days 00:17:32.908000,235.0,264.0,,290.0,False,SOFT,9.0,False,Ferrari,0 days 00:15:57.409000,2025-11-29 18:04:21.106,1,,False,,False,False
0 days 00:19:28.084000,LEC,16,0 days 00:01:55.176000,4.0,2.0,0 days 00:17:59.952000,,0 days 00:00:59.816000,0 days 00:00:30.075000,0 days 00:00:25.285000,0 days 00:18:32.724000,0 days 00:19:02.799000,0 days 00:19:28.084000,235.0,262.0,285.0,122.0,False,SOFT,1.0,True,Ferrari,0 days 00:17:32.908000,2025-11-29 18:05:56.605,1,,False,,False,False
0 days 00:20:49.102000,LEC,16,0 days 00:01:21.018000,5.0,2.0,,,0 days 00:00:29.798000,0 days 00:00:27.484000,0 days 00:00:23.736000,0 days 00:19:57.882000,0 days 00:20:25.366000,0 days 00:20:49.102000,257.0,290.0,283.0,323.0,True,SOFT,2.0,True,Ferrari,0 days 00:19:28.084000,2025-11-29 18:07:51.781,1,,False,,False,True
0 days 00:22:42.758000,LEC,16,0 days 00:01:53.656000,6.0,2.0,,0 days 00:22:38.614000,0 days 00:00:38.344000,0 days 00:00:38.193000,0 days 00:00:37.119000,0 days 00:21:27.446000,0 days 00:22:05.639000,0 days 00:22:42.758000,166.0,216.0,,309.0,False,SOFT,3.0,True,Ferrari,0 days 00:20:49.102000,2025-11-29 18:09:12.799,1,,False,,False,False
0 days 00:26:50.033000,LEC,16,,7.0,3.0,0 days 00:25:12.681000,,,0 days 00:00:32.030000,0 days 00:00:30.005000,,0 days 00:26:20.054000,0 days 00:26:50.287000,220.0,263.0,287.0,130.0,False,SOFT,1.0,True,Ferrari,0 days 00:22:42.758000,2025-11-29 18:11:06.455,1,,False,,False,False
0 days 00:28:10.597000,LEC,16,0 days 00:01:20.564000,8.0,3.0,,,0 days 00:00:29.580000,0 days 00:00:27.347000,0 days 00:00:23.637000,0 days 00:27:19.613000,0 days 00:27:46.960000,0 days 00:28:10.597000,258.0,289.0,282.0,320.0,True,SOFT,2.0,True,Ferrari,0 days 00:26:50.033000,2025-11-29 18:15:13.730,1,,False,,False,True
0 days 00:30:08.022000,LEC,16,0 days 00:01:57.425000,9.0,3.0,,0 days 00:30:03.913000,0 days 00:00:42.613000,0 days 00:00:38.940000,0 days 00:00:35.872000,0 days 00:28:53.210000,0 days 00:29:32.150000,0 days 00:30:08.022000,214.0,246.0,,241.0,False,SOFT,3.0,True,Ferrari,0 days 00:28:10.597000,2025-11-29 18:16:34.294,1,,False,,False,False
0 days 00:39:59.127000,LEC,16,,10.0,4.0,0 days 00:38:23.318000,,,0 days 00:00:30.932000,0 days 00:00:26.716000,,0 days 00:39:32.491000,0 days 00:39:59.160000,228.0,263.0,284.0,72.0,False,SOFT,4.0,False,Ferrari,0 days 00:30:08.022000,2025-11-29 18:18:31.719,12,,False,,False,False
0 days 00:41:19.919000,LEC,16,0 days 00:01:20.792000,11.0,4.0,,,0 days 00:00:29.672000,0 days 00:00:27.395000,0 days 00:00:23.725000,0 days 00:40:28.799000,0 days 00:40:56.194000,0 days 00:41:19.919000,259.0,289.0,284.0,321.0,True,SOFT,5.0,False,Ferrari,0 days 00:39:59.127000,2025-11-29 18:28:22.824,1,,False,,False,True
0 days 00:42:54.532000,LEC,16,0 days 00:01:34.613000,12.0,4.0,,0 days 00:42:50.359000,0 days 00:00:32.715000,0 days 00:00:29.955000,0 days 00:00:31.943000,0 days 00:41:52.634000,0 days 00:42:22.589000,0 days 00:42:54.532000,235.0,264.0,,303.0,False,SOFT,6.0,False,Ferrari,0 days 00:41:19.919000,2025-11-29 18:29:43.616,1,,False,,False,False
0 days 00:45:01.981000,LEC,16,0 days 00:02:07.449000,13.0,5.0,0 days 00:43:22.276000,,0 days 00:01:05.460000,0 days 00:00:32.726000,0 days 00:00:29.263000,0 days 00:43:59.992000,0 days 00:44:32.718000,0 days 00:45:01.981000,99.0,266.0,287.0,74.0,False,SOFT,1.0,True,Ferrari,0 days 00:42:54.532000,2025-11-29 18:31:18.229,1,,False,,False,False
0 days 00:46:22.811000,LEC,16,0 days 00:01:20.830000,14.0,5.0,,,0 days 00:00:29.542000,0 days 00:00:27.626000,0 days 00:00:23.662000,0 days 00:45:31.523000,0 days 00:45:59.149000,0 days 00:46:22.811000,253.0,290.0,281.0,322.0,False,SOFT,2.0,True,Ferrari,0 days 00:45:01.981000,2025-11-29 18:33:25.678,1,,False,,False,True
0 days 00:48:05.390000,LEC,16,0 days 00:01:42.579000,15.0,5.0,,0 days 00:48:01.251000,0 days 00:00:33.605000,0 days 00:00:32.494000,0 days 00:00:36.480000,0 days 00:46:56.416000,0 days 00:47:28.910000,0 days 00:48:05.390000,215.0,260.0,,301.0,False,SOFT,3.0,True,Ferrari,0 days 00:46:22.811000,2025-11-29 18:34:46.508,1,,False,,False,False
0 days 00:51:47.465000,LEC,16,,16.0,6.0,0 days 00:50:04.637000,,,0 days 00:00:33.098000,0 days 00:00:26.122000,,0 days 00:51:21.425000,0 days 00:51:47.715000,214.0,235.0,285.0,65.0,False,SOFT,1.0,True,Ferrari,0 days 00:48:05.390000,2025-11-29 18:36:29.087,1,,False,,False,False
0 days 00:53:07.808000,LEC,16,0 days 00:01:20.343000,17.0,6.0,,,0 days 00:00:29.520000,0 days 00:00:27.318000,0 days 00:00:23.505000,0 days 00:52:16.985000,0 days 00:52:44.303000,0 days 00:53:07.808000,259.0,290.0,285.0,324.0,True,SOFT,2.0,True,Ferrari,0 days 00:51:47.465000,2025-11-29 18:40:11.162,1,,False,,False,True
0 days 00:55:04.137000,LEC,16,0 days 00:01:56.329000,18.0,6.0,,0 days 00:54:59.946000,0 days 00:00:36.894000,0 days 00:00:39.108000,0 days 00:00:40.327000,0 days 00:53:44.702000,0 days 00:54:23.810000,0 days 00:55:04.137000,186.0,208.0,,245.0,False,SOFT,3.0,True,Ferrari,0 days 00:53:07.808000,2025-11-29 18:41:31.505,1,,False,,False,False
0 days 01:02:31.393000,LEC,16,,19.0,7.0,0 days 01:00:51.242000,,,0 days 00:00:31.072000,0 days 00:00:31.482000,,0 days 01:01:59.945000,0 days 01:02:31.430000,216.0,266.0,285.0,97.0,False,SOFT,4.0,False,Ferrari,0 days 00:55:04.137000,2025-11-29 18:43:27.834,1,,False,,False,False
0 days 01:04:10.140000,LEC,16,0 days 00:01:38.747000,20.0,7.0,,0 days 01:04:05.899000,0 days 00:00:29.709000,0 days 00:00:27.286000,0 days 00:00:41.752000,0 days 01:03:01.102000,0 days 01:03:28.388000,0 days 01:04:10.140000,258.0,290.0,,322.0,False,SOFT,5.0,False,Ferrari,0 days 01:02:31.393000,2025-11-29 18:50:55.090,1,,False,,False,False
0 days 01:15:25.841000,LEC,16,,21.0,8.0,0 days 01:13:47.429000,,,0 days 00:00:31.191000,0 days 00:00:29.317000,,0 days 01:14:56.558000,0 days 01:15:26.511000,224.0,263.0,285.0,90.0,False,SOFT,4.0,False,Ferrari,0 days 01:13:47.429000,2025-11-29 19:02:11.126,1,,False,,False,False
0 days 01:16:46.402000,LEC,16,0 days 00:01:20.561000,22.0,8.0,,,0 days 00:00:29.633000,0 days 00:00:27.367000,0 days 00:00:23.561000,0 days 01:15:55.474000,0 days 01:16:22.841000,0 days 01:16:46.402000,259.0,290.0,284.0,321.0,True,SOFT,5.0,False,Ferrari,0 days 01:15:25.841000,2025-11-29 19:03:49.538,1,,False,,False,True
0 days 01:18:38.736000,LEC,16,,23.0,8.0,,0 days 01:18:38.736000,0 days 00:00:41.707000,0 days 00:00:34.383000,,0 days 01:17:28.286000,0 days 01:18:02.549000,,189.0,197.0,,171.0,False,SOFT,6.0,False,Ferrari,0 days 01:16:46.402000,2025-11-29 19:05:10.099,1,,False,,False,False
0 days 00:13:18.391000,HUL,27,,1.0,1.0,0 days 00:11:46.066000,,,0 days 00:00:30.114000,0 days 00:00:25.922000,,0 days 00:12:52.556000,0 days 00:13:18.391000,225.0,264.0,280.0,101.0,False,SOFT,1.0,True,Kick Sauber,0 days 00:11:46.066000,2025-11-29 18:00:09.763,1,,False,,False,False
0 days 00:14:40.831000,HUL,27,0 days 00:01:22.440000,2.0,1.0,,,0 days 00:00:30.489000,0 days 00:00:27.798000,0 days 00:00:24.153000,0 days 00:13:48.880000,0 days 00:14:16.678000,0 days 00:14:40.831000,249.0,287.0,282.0,320.0,True,SOFT,2.0,True,Kick Sauber,0 days 00:13:18.391000,2025-11-29 18:01:42.088,1,,False,,False,True
0 days 00:16:43.071000,HUL,27,0 days 00:02:02.240000,3.0,1.0,,,0 days 00:00:47.358000,0 days 00:00:43.113000,0 days 00:00:31.769000,0 days 00:15:28.189000,0 days 00:16:11.302000,0 days 00:16:43.071000,198.0,199.0,283.0,119.0,False,SOFT,3.0,True,Kick Sauber,0 days 00:14:40.831000,2025-11-29 18:03:04.528,1,,False,,False,True
0 days 00:18:04.661000,HUL,27,0 days 00:01:21.590000,4.0,1.0,,,0 days 00:00:30.076000,0 days 00:00:27.614000,0 days 00:00:23.900000,0 days 00:17:13.147000,0 days 00:17:40.761000,0 days 00:18:04.661000,251.0,286.0,281.0,325.0,True,SOFT,4.0,True,Kick Sauber,0 days 00:16:43.071000,2025-11-29 18:05:06.768,1,,False,,False,True
0 days 00:19:43.835000,HUL,27,0 days 00:01:39.174000,5.0,1.0,,0 days 00:19:39.793000,0 days 00:00:34.058000,0 days 00:00:32.224000,0 days 00:00:32.892000,0 days 00:18:38.719000,0 days 00:19:10.943000,0 days 00:19:43.835000,205.0,263.0,,307.0,False,SOFT,5.0,True,Kick Sauber,0 days 00:18:04.661000,2025-11-29 18:06:28.358,1,,False,,False,False
0 days 00:22:48.837000,HUL,27,,6.0,2.0,0 days 00:21:15.508000,,,0 days 00:00:30.137000,0 days 00:00:32.365000,,0 days 00:22:16.583000,0 days 00:22:49.005000,231.0,264.0,282.0,160.0,False,SOFT,1.0,True,Kick Sauber,0 days 00:19:43.835000,2025-11-29 18:08:07.532,1,,False,,False,False
0 days 00:24:09.644000,HUL,27,0 days 00:01:20.807000,7.0,2.0,,,0 days 00:00:29.756000,0 days 00:00:27.365000,0 days 00:00:23.686000,0 days 00:23:18.593000,0 days 00:23:45.958000,0 days 00:24:09.644000,253.0,286.0,280.0,324.0,True,SOFT,2.0,True,Kick Sauber,0 days 00:22:48.837000,2025-11-29 18:11:12.534,1,,False,,False,True
0 days 00:26:06.507000,HUL,27,0 days 00:01:56.863000,8.0,2.0,,0 days 00:26:02.400000,0 days 00:00:44.496000,0 days 00:00:35.462000,0 days 00:00:36.905000,0 days 00:24:54.140000,0 days 00:25:29.602000,0 days 00:26:06.507000,197.0,222.0,,160.0,False,SOFT,3.0,True,Kick Sauber,0 days 00:24:09.644000,2025-11-29 18:12:33.341,1,,False,,False,False
0 days 00:28:05.234000,HUL,27,0 days 00:01:58.727000,9.0,3.0,0 days 00:26:25.207000,,0 days 00:00:52.220000,0 days 00:00:36.327000,0 days 00:00:30.180000,0 days 00:26:58.727000,0 days 00:27:35.054000,0 days 00:28:05.234000,211.0,210.0,282.0,159.0,False,SOFT,4.0,False,Kick Sauber,0 days 00:26:06.507000,2025-11-29 18:14:30.204,1,,False,,False,False
0 days 00:29:25.864000,HUL,27,0 days 00:01:20.630000,10.0,3.0,,,0 days 00:00:29.657000,0 days 00:00:27.276000,0 days 00:00:23.697000,0 days 00:28:34.891000,0 days 00:29:02.167000,0 days 00:29:25.864000,254.0,286.0,280.0,323.0,True,SOFT,5.0,False,Kick Sauber,0 days 00:28:05.234000,2025-11-29 18:16:28.931,1,,False,,False,True
0 days 00:31:15.291000,HUL,27,0 days 00:01:49.427000,11.0,3.0,,0 days 00:31:11.174000,0 days 00:00:37.761000,0 days 00:00:33.053000,0 days 00:00:38.613000,0 days 00:30:03.625000,0 days 00:30:36.678000,0 days 00:31:15.291000,191.0,243.0,,226.0,False,SOFT,6.0,False,Kick Sauber,0 days 00:29:25.864000,2025-11-29 18:17:49.561,1,,False,,False,False
0 days 00:39:34.106000,HUL,27,,12.0,4.0,0 days 00:38:05.969000,,,0 days 00:00:30.001000,0 days 00:00:27.131000,,0 days 00:39:06.975000,0 days 00:39:34.225000,227.0,266.0,283.0,173.0,False,SOFT,6.0,False,Kick Sauber,0 days 00:31:15.291000,2025-11-29 18:19:38.988,12,,False,,False,False
0 days 00:40:54.901000,HUL,27,0 days 00:01:20.795000,13.0,4.0,,,0 days 00:00:29.638000,0 days 00:00:27.359000,0 days 00:00:23.798000,0 days 00:40:03.744000,0 days 00:40:31.103000,0 days 00:40:54.901000,255.0,286.0,281.0,322.0,True,SOFT,7.0,False,Kick Sauber,0 days 00:39:34.106000,2025-11-29 18:27:57.803,1,,False,,False,True
0 days 00:42:42.838000,HUL,27,0 days 00:01:47.937000,14.0,4.0,,0 days 00:42:30.718000,0 days 00:00:32.770000,0 days 00:00:34.102000,0 days 00:00:41.065000,0 days 00:41:27.671000,0 days 00:42:01.773000,0 days 00:42:42.838000,234.0,198.0,,302.0,False,SOFT,8.0,False,Kick Sauber,0 days 00:40:54.901000,2025-11-29 18:29:18.598,1,,False,,False,False
0 days 00:46:00.900000,HUL,27,,15.0,5.0,0 days 00:44:27.757000,,,0 days 00:00:30.344000,0 days 00:00:30.988000,,0 days 00:45:30.061000,0 days 00:46:01.164000,231.0,176.0,283.0,146.0,False,SOFT,1.0,True,Kick Sauber,0 days 00:42:42.838000,2025-11-29 18:31:06.535,1,,False,,False,False
0 days 00:47:21.319000,HUL,27,0 days 00:01:20.419000,16.0,5.0,,,0 days 00:00:29.578000,0 days 00:00:27.212000,0 days 00:00:23.629000,0 days 00:46:30.478000,0 days 00:46:57.690000,0 days 00:47:21.319000,254.0,286.0,282.0,322.0,True,SOFT,2.0,True,Kick Sauber,0 days 00:46:00.900000,2025-11-29 18:34:24.597,1,,False,,False,True
0 days 00:49:20.330000,HUL,27,0 days 00:01:59.011000,17.0,5.0,,0 days 00:49:16.233000,0 days 00:00:45.198000,0 days 00:00:36.939000,0 days 00:00:36.874000,0 days 00:48:06.517000,0 days 00:48:43.456000,0 days 00:49:20.330000,185.0,220.0,,162.0,False,SOFT,3.0,True,Kick Sauber,0 days 00:47:21.319000,2025-11-29 18:35:45.016,1,,False,,False,False
0 days 00:51:57.643000,HUL,27,,18.0,6.0,0 days 00:50:18.996000,,0 days 00:01:37.828000,0 days 00:00:31.402000,0 days 00:00:28.097000,0 days 00:50:58.175000,0 days 00:51:29.659000,0 days 00:51:57.943000,223.0,259.0,282.0,100.0,False,SOFT,4.0,False,Kick Sauber,0 days 00:49:20.330000,2025-11-29 18:37:44.027,1,,False,,False,False
0 days 00:53:17.996000,HUL,27,0 days 00:01:20.353000,19.0,6.0,,,0 days 00:00:29.545000,0 days 00:00:27.140000,0 days 00:00:23.668000,0 days 00:52:27.188000,0 days 00:52:54.328000,0 days 00:53:17.996000,254.0,286.0,282.0,322.0,True,SOFT,5.0,False,Kick Sauber,0 days 00:51:57.643000,2025-11-29 18:40:21.340,1,,False,,False,True
0 days 00:55:13.142000,HUL,27,0 days 00:01:55.146000,20.0,6.0,,0 days 00:55:09.043000,0 days 00:00:40.244000,0 days 00:00:37.084000,0 days 00:00:37.818000,0 days 00:53:58.240000,0 days 00:54:35.324000,0 days 00:55:13.142000,172.0,209.0,,212.0,False,SOFT,6.0,False,Kick Sauber,0 days 00:53:17.996000,2025-11-29 18:41:41.693,1,,False,,False,False
0 days 00:13:56.822000,LAW,30,,1.0,1.0,0 days 00:12:24.181000,,,0 days 00:00:29.773000,0 days 00:00:25.705000,,0 days 00:13:31.257000,0 days 00:13:56.860000,238.0,262.0,279.0,82.0,False,SOFT,1.0,True,Racing Bulls,0 days 00:12:24.181000,2025-11-29 18:00:47.878,1,,False,,False,False
0 days 00:15:18.503000,LAW,30,0 days 00:01:21.681000,2.0,1.0,,,0 days 00:00:30.069000,0 days 00:00:27.765000,0 days 00:00:23.847000,0 days 00:14:26.891000,0 days 00:14:54.656000,0 days 00:15:18.503000,253.0,287.0,282.0,321.0,True,SOFT,2.0,True,Racing Bulls,0 days 00:13:56.822000,2025-11-29 18:02:20.519,1,,False,,False,True
0 days 00:17:09.327000,LAW,30,0 days 00:01:50.824000,3.0,1.0,,0 days 00:17:05.275000,0 days 00:00:41.264000,0 days 00:00:35.467000,0 days 00:00:34.093000,0 days 00:15:59.767000,0 days 00:16:35.234000,0 days 00:17:09.327000,213.0,266.0,,154.0,False,SOFT,3.0,True,Racing Bulls,0 days 00:15:18.503000,2025-11-29 18:03:42.200,1,,False,,False,False
0 days 00:19:13.055000,LAW,30,0 days 00:02:03.728000,4.0,2.0,0 days 00:17:36.465000,,0 days 00:01:03.952000,0 days 00:00:33.760000,0 days 00:00:26.016000,0 days 00:18:13.279000,0 days 00:18:47.039000,0 days 00:19:13.055000,215.0,272.0,284.0,137.0,False,SOFT,1.0,True,Racing Bulls,0 days 00:17:09.327000,2025-11-29 18:05:33.024,1,,False,,False,False
0 days 00:20:34.086000,LAW,30,0 days 00:01:21.031000,5.0,2.0,,,0 days 00:00:29.872000,0 days 00:00:27.386000,0 days 00:00:23.773000,0 days 00:19:42.927000,0 days 00:20:10.313000,0 days 00:20:34.086000,255.0,287.0,283.0,322.0,True,SOFT,2.0,True,Racing Bulls,0 days 00:19:13.055000,2025-11-29 18:07:36.752,1,,False,,False,True
0 days 00:22:20.989000,LAW,30,0 days 00:01:46.903000,6.0,2.0,,0 days 00:22:09.338000,0 days 00:00:33.202000,0 days 00:00:33.817000,0 days 00:00:39.884000,0 days 00:21:07.288000,0 days 00:21:41.105000,0 days 00:22:20.989000,214.0,265.0,,316.0,False,SOFT,3.0,True,Racing Bulls,0 days 00:20:34.086000,2025-11-29 18:08:57.783,1,,False,,False,False
0 days 00:27:47.183000,LAW,30,,7.0,3.0,0 days 00:25:52.682000,,,0 days 00:00:35.757000,0 days 00:00:35.940000,,0 days 00:27:11.347000,0 days 00:27:47.347000,219.0,237.0,283.0,61.0,False,SOFT,1.0,True,Racing Bulls,0 days 00:22:20.989000,2025-11-29 18:10:44.686,1,,False,,False,False
0 days 00:29:07.722000,LAW,30,0 days 00:01:20.539000,8.0,3.0,,,0 days 00:00:29.638000,0 days 00:00:27.297000,0 days 00:00:23.604000,0 days 00:28:16.821000,0 days 00:28:44.118000,0 days 00:29:07.722000,257.0,287.0,284.0,323.0,True,SOFT,2.0,True,Racing Bulls,0 days 00:27:47.183000,2025-11-29 18:16:10.880,1,,False,,False,True
0 days 00:31:02.284000,LAW,30,0 days 00:01:54.562000,9.0,3.0,,0 days 00:30:58.220000,0 days 00:00:36.309000,0 days 00:00:36.304000,0 days 00:00:41.949000,0 days 00:29:44.031000,0 days 00:30:20.335000,0 days 00:31:02.284000,206.0,231.0,,304.0,False,SOFT,3.0,True,Racing Bulls,0 days 00:29:07.722000,2025-11-29 18:17:31.419,1,,False,,False,False
0 days 00:42:46.953000,LAW,30,,10.0,4.0,0 days 00:41:08.357000,,,0 days 00:00:33.130000,0 days 00:00:27.136000,,0 days 00:42:19.955000,0 days 00:42:46.953000,212.0,264.0,282.0,106.0,False,SOFT,1.0,True,Racing Bulls,0 days 00:31:02.284000,2025-11-29 18:19:25.981,12,,False,,False,False
0 days 00:44:07.537000,LAW,30,0 days 00:01:20.584000,11.0,4.0,,,0 days 00:00:29.720000,0 days 00:00:27.275000,0 days 00:00:23.589000,0 days 00:43:16.673000,0 days 00:43:43.948000,0 days 00:44:07.537000,257.0,287.0,282.0,318.0,True,SOFT,2.0,True,Racing Bulls,0 days 00:42:46.953000,2025-11-29 18:31:10.650,1,,False,,False,True
0 days 00:45:52.020000,LAW,30,0 days 00:01:44.483000,12.0,4.0,,0 days 00:45:47.889000,0 days 00:00:36.406000,0 days 00:00:33.154000,0 days 00:00:34.923000,0 days 00:44:43.943000,0 days 00:45:17.097000,0 days 00:45:52.020000,211.0,238.0,,301.0,False,SOFT,3.0,True,Racing Bulls,0 days 00:44:07.537000,2025-11-29 18:32:31.234,1,,False,,False,False
0 days 00:51:40.876000,LAW,30,,13.0,5.0,0 days 00:49:58.544000,,,0 days 00:00:36.405000,0 days 00:00:26.931000,,0 days 00:51:14.065000,0 days 00:51:41.175000,213.0,258.0,283.0,102.0,False,SOFT,1.0,True,Racing Bulls,0 days 00:45:52.020000,2025-11-29 18:34:15.717,1,,False,,False,False
0 days 00:53:01.309000,LAW,30,0 days 00:01:20.433000,14.0,5.0,,,0 days 00:00:29.602000,0 days 00:00:27.235000,0 days 00:00:23.596000,0 days 00:52:10.478000,0 days 00:52:37.713000,0 days 00:53:01.309000,256.0,287.0,282.0,323.0,True,SOFT,2.0,True,Racing Bulls,0 days 00:51:40.876000,2025-11-29 18:40:04.573,1,,False,,False,True
0 days 00:54:55.715000,LAW,30,0 days 00:01:54.406000,15.0,5.0,,0 days 00:54:51.696000,0 days 00:00:38.786000,0 days 00:00:34.848000,0 days 00:00:40.772000,0 days 00:53:40.095000,0 days 00:54:14.943000,0 days 00:54:55.715000,178.0,207.0,,302.0,False,SOFT,3.0,True,Racing Bulls,0 days 00:53:01.309000,2025-11-29 18:41:25.006,1,,False,,False,False
0 days 00:13:48.382000,BEA,87,,1.0,1.0,0 days 00:12:15.994000,,,0 days 00:00:30.105000,0 days 00:00:25.478000,,0 days 00:13:23.188000,0 days 00:13:48.469000,227.0,259.0,283.0,88.0,False,SOFT,1.0,True,Haas F1 Team,0 days 00:12:15.994000,2025-11-29 18:00:39.691,1,,False,,False,False
0 days 00:15:10.026000,BEA,87,0 days 00:01:21.644000,2.0,1.0,,,0 days 00:00:30.235000,0 days 00:00:27.453000,0 days 00:00:23.956000,0 days 00:14:18.617000,0 days 00:14:46.070000,0 days 00:15:10.026000,251.0,288.0,282.0,321.0,True,SOFT,2.0,True,Haas F1 Team,0 days 00:13:48.382000,2025-11-29 18:02:12.079,1,,False,,False,True
0 days 00:17:17.768000,BEA,87,0 days 00:02:07.742000,3.0,1.0,,,0 days 00:00:58.705000,0 days 00:00:35.195000,0 days 00:00:33.842000,0 days 00:16:08.731000,0 days 00:16:43.926000,0 days 00:17:17.768000,198.0,257.0,282.0,103.0,False,SOFT,3.0,True,Haas F1 Team,0 days 00:15:10.026000,2025-11-29 18:03:33.723,1,,False,,False,True
0 days 00:18:38.919000,BEA,87,0 days 00:01:21.151000,4.0,1.0,,,0 days 00:00:29.826000,0 days 00:00:27.406000,0 days 00:00:23.919000,0 days 00:17:47.594000,0 days 00:18:15,0 days 00:18:38.919000,254.0,287.0,276.0,323.0,True,SOFT,4.0,True,Haas F1 Team,0 days 00:17:17.768000,2025-11-29 18:05:41.465,1,,False,,False,True
0 days 00:20:12.168000,BEA,87,0 days 00:01:33.249000,5.0,1.0,,0 days 00:20:08.013000,0 days 00:00:32.188000,0 days 00:00:29.726000,0 days 00:00:31.335000,0 days 00:19:11.107000,0 days 00:19:40.833000,0 days 00:20:12.168000,237.0,263.0,,300.0,False,SOFT,5.0,True,Haas F1 Team,0 days 00:18:38.919000,2025-11-29 18:07:02.616,1,,False,,False,False
0 days 00:23:24.682000,BEA,87,,6.0,2.0,0 days 00:21:49.782000,,,0 days 00:00:31.113000,0 days 00:00:27.118000,,0 days 00:22:57.739000,0 days 00:23:24.974000,228.0,262.0,283.0,114.0,False,SOFT,1.0,True,Haas F1 Team,0 days 00:20:12.168000,2025-11-29 18:08:35.865,1,,False,,False,False
0 days 00:24:45.367000,BEA,87,0 days 00:01:20.685000,7.0,2.0,,,0 days 00:00:29.666000,0 days 00:00:27.287000,0 days 00:00:23.732000,0 days 00:23:54.348000,0 days 00:24:21.635000,0 days 00:24:45.367000,255.0,288.0,282.0,323.0,True,SOFT,2.0,True,Haas F1 Team,0 days 00:23:24.682000,2025-11-29 18:11:48.379,1,,False,,False,True
0 days 00:26:58.517000,BEA,87,0 days 00:02:13.150000,8.0,2.0,,,0 days 00:01:01.680000,0 days 00:00:38.117000,0 days 00:00:33.353000,0 days 00:25:47.047000,0 days 00:26:25.164000,0 days 00:26:58.517000,187.0,231.0,83.0,53.0,False,SOFT,3.0,True,Haas F1 Team,0 days 00:24:45.367000,2025-11-29 18:13:09.064,1,,False,,False,True
0 days 00:29:05.782000,BEA,87,0 days 00:02:07.265000,9.0,2.0,,,0 days 00:01:02.846000,0 days 00:00:34.995000,0 days 00:00:29.424000,0 days 00:28:01.363000,0 days 00:28:36.358000,0 days 00:29:05.782000,204.0,260.0,282.0,97.0,False,SOFT,4.0,True,Haas F1 Team,0 days 00:26:58.517000,2025-11-29 18:15:22.214,1,,False,,False,True
0 days 00:30:26.330000,BEA,87,0 days 00:01:20.548000,10.0,2.0,,,0 days 00:00:29.532000,0 days 00:00:27.289000,0 days 00:00:23.727000,0 days 00:29:35.314000,0 days 00:30:02.603000,0 days 00:30:26.330000,255.0,287.0,280.0,324.0,True,SOFT,5.0,True,Haas F1 Team,0 days 00:29:05.782000,2025-11-29 18:17:29.479,1,,False,,False,True
0 days 00:32:07.051000,BEA,87,0 days 00:01:40.721000,11.0,2.0,,0 days 00:32:02.938000,0 days 00:00:36.488000,0 days 00:00:30.673000,0 days 00:00:33.560000,0 days 00:31:02.818000,0 days 00:31:33.491000,0 days 00:32:07.051000,218.0,261.0,,258.0,False,SOFT,6.0,True,Haas F1 Team,0 days 00:30:26.330000,2025-11-29 18:18:50.027,1,,False,,False,False
0 days 00:39:42.147000,BEA,87,,12.0,3.0,0 days 00:38:12.583000,,,0 days 00:00:30.124000,0 days 00:00:25.867000,,0 days 00:39:16.381000,0 days 00:39:42.147000,229.0,264.0,284.0,139.0,False,SOFT,1.0,True,Haas F1 Team,0 days 00:32:07.051000,2025-11-29 18:20:30.748,12,,False,,False,False
0 days 00:41:02.585000,BEA,87,0 days 00:01:20.438000,13.0,3.0,,,0 days 00:00:29.517000,0 days 00:00:27.233000,0 days 00:00:23.688000,0 days 00:40:11.664000,0 days 00:40:38.897000,0 days 00:41:02.585000,254.0,288.0,283.0,322.0,True,SOFT,2.0,True,Haas F1 Team,0 days 00:39:42.147000,2025-11-29 18:28:05.844,1,,False,,False,True
0 days 00:42:42.050000,BEA,87,0 days 00:01:39.465000,14.0,3.0,,0 days 00:42:37.953000,0 days 00:00:35.871000,0 days 00:00:30.539000,0 days 00:00:33.055000,0 days 00:41:38.456000,0 days 00:42:08.995000,0 days 00:42:42.050000,232.0,263.0,,227.0,False,SOFT,3.0,True,Haas F1 Team,0 days 00:41:02.585000,2025-11-29 18:29:26.282,1,,False,,False,False
0 days 00:45:43.423000,BEA,87,,15.0,4.0,0 days 00:44:08.148000,,,0 days 00:00:31.112000,0 days 00:00:26.644000,,0 days 00:45:16.795000,0 days 00:45:43.530000,221.0,262.0,282.0,101.0,False,SOFT,1.0,True,Haas F1 Team,0 days 00:42:42.050000,2025-11-29 18:31:05.747,1,,False,,False,False
0 days 00:47:04.211000,BEA,87,0 days 00:01:20.788000,16.0,4.0,,,0 days 00:00:29.615000,0 days 00:00:27.308000,0 days 00:00:23.865000,0 days 00:46:13.038000,0 days 00:46:40.346000,0 days 00:47:04.211000,252.0,287.0,282.0,318.0,False,SOFT,2.0,True,Haas F1 Team,0 days 00:45:43.423000,2025-11-29 18:34:07.120,1,,True,TRACK LIMITS AT TURN 15 LAP 17 ,False,True
0 days 00:49:17.739000,BEA,87,0 days 00:02:13.528000,17.0,4.0,,,0 days 00:01:01.273000,0 days 00:00:36.892000,0 days 00:00:35.363000,0 days 00:48:05.484000,0 days 00:48:42.376000,0 days 00:49:17.739000,190.0,251.0,77.0,59.0,False,SOFT,3.0,True,Haas F1 Team,0 days 00:47:04.211000,2025-11-29 18:35:27.908,1,,False,,False,True
0 days 00:51:28.712000,BEA,87,0 days 00:02:10.973000,18.0,4.0,,,0 days 00:01:04.368000,0 days 00:00:38.199000,0 days 00:00:28.406000,0 days 00:50:22.107000,0 days 00:51:00.306000,0 days 00:51:28.712000,198.0,234.0,283.0,65.0,False,SOFT,4.0,True,Haas F1 Team,0 days 00:49:17.739000,2025-11-29 18:37:41.436,1,,False,,False,True
0 days 00:52:49.493000,BEA,87,0 days 00:01:20.781000,19.0,4.0,,,0 days 00:00:29.601000,0 days 00:00:27.384000,0 days 00:00:23.796000,0 days 00:51:58.313000,0 days 00:52:25.697000,0 days 00:52:49.493000,254.0,288.0,282.0,322.0,False,SOFT,5.0,True,Haas F1 Team,0 days 00:51:28.712000,2025-11-29 18:39:52.409,1,,False,,False,True
0 days 00:54:45.148000,BEA,87,0 days 00:01:55.655000,20.0,4.0,,0 days 00:54:33.155000,0 days 00:00:38.560000,0 days 00:00:31.319000,0 days 00:00:45.776000,0 days 00:53:28.053000,0 days 00:53:59.372000,0 days 00:54:45.148000,218.0,260.0,,255.0,False,SOFT,6.0,True,Haas F1 Team,0 days 00:52:49.493000,2025-11-29 18:41:13.190,1,,False,,False,False
0 days 00:13:31.820000,BOR,5,,1.0,1.0,0 days 00:12:01.353000,,,0 days 00:00:29.716000,0 days 00:00:26.336000,,0 days 00:13:05.572000,0 days 00:13:31.933000,226.0,264.0,281.0,137.0,False,SOFT,1.0,True,Kick Sauber,0 days 00:12:01.353000,2025-11-29 18:00:25.050,1,,False,,False,False
0 days 00:14:53.765000,BOR,5,0 days 00:01:21.945000,2.0,1.0,,,0 days 00:00:30.195000,0 days 00:00:27.784000,0 days 00:00:23.966000,0 days 00:14:02.015000,0 days 00:14:29.799000,0 days 00:14:53.765000,252.0,286.0,280.0,322.0,True,SOFT,2.0,True,Kick Sauber,0 days 00:13:31.820000,2025-11-29 18:01:55.517,1,,False,,False,True
0 days 00:17:06.957000,BOR,5,0 days 00:02:13.192000,3.0,1.0,,,0 days 00:01:01.496000,0 days 00:00:39.290000,0 days 00:00:32.406000,0 days 00:15:55.261000,0 days 00:16:34.551000,0 days 00:17:06.957000,123.0,247.0,281.0,49.0,False,SOFT,3.0,True,Kick Sauber,0 days 00:14:53.765000,2025-11-29 18:03:17.462,1,,False,,False,True
0 days 00:18:28.342000,BOR,5,0 days 00:01:21.385000,4.0,1.0,,,0 days 00:00:29.781000,0 days 00:00:27.742000,0 days 00:00:23.862000,0 days 00:17:36.738000,0 days 00:18:04.480000,0 days 00:18:28.342000,252.0,287.0,280.0,322.0,True,SOFT,4.0,True,Kick Sauber,0 days 00:17:06.957000,2025-11-29 18:05:30.654,1,,False,,False,True
0 days 00:20:20.454000,BOR,5,0 days 00:01:52.112000,5.0,1.0,,0 days 00:20:16.367000,0 days 00:00:37.901000,0 days 00:00:34.534000,0 days 00:00:39.677000,0 days 00:19:06.243000,0 days 00:19:40.777000,0 days 00:20:20.454000,172.0,189.0,,255.0,False,SOFT,5.0,True,Kick Sauber,0 days 00:18:28.342000,2025-11-29 18:06:52.039,1,,False,,False,False
0 days 00:23:08.624000,BOR,5,,6.0,2.0,0 days 00:21:35.531000,,,0 days 00:00:29.796000,0 days 00:00:30.755000,,0 days 00:22:38.005000,0 days 00:23:08.880000,230.0,267.0,281.0,150.0,False,SOFT,1.0,True,Kick Sauber,0 days 00:20:20.454000,2025-11-29 18:08:44.151,1,,False,,False,False
0 days 00:24:29.569000,BOR,5,0 days 00:01:20.945000,7.0,2.0,,,0 days 00:00:29.655000,0 days 00:00:27.539000,0 days 00:00:23.751000,0 days 00:23:38.279000,0 days 00:24:05.818000,0 days 00:24:29.569000,254.0,287.0,280.0,325.0,True,SOFT,2.0,True,Kick Sauber,0 days 00:23:08.624000,2025-11-29 18:11:32.321,1,,False,,False,True
0 days 00:26:37.932000,BOR,5,0 days 00:02:08.363000,8.0,2.0,,0 days 00:26:33.856000,0 days 00:00:55.186000,0 days 00:00:33.861000,0 days 00:00:39.316000,0 days 00:25:24.755000,0 days 00:25:58.616000,0 days 00:26:37.932000,187.0,229.0,,81.0,False,SOFT,3.0,True,Kick Sauber,0 days 00:24:29.569000,2025-11-29 18:12:53.266,1,,False,,False,False
0 days 00:28:50.802000,BOR,5,0 days 00:02:12.870000,9.0,3.0,0 days 00:27:03.768000,,0 days 00:01:08.989000,0 days 00:00:32.610000,0 days 00:00:31.271000,0 days 00:27:46.921000,0 days 00:28:19.531000,0 days 00:28:50.802000,208.0,249.0,283.0,63.0,False,SOFT,4.0,False,Kick Sauber,0 days 00:26:37.932000,2025-11-29 18:15:01.629,1,,False,,False,False
0 days 00:30:11.455000,BOR,5,0 days 00:01:20.653000,10.0,3.0,,,0 days 00:00:29.469000,0 days 00:00:27.482000,0 days 00:00:23.702000,0 days 00:29:20.271000,0 days 00:29:47.753000,0 days 00:30:11.455000,257.0,286.0,281.0,325.0,True,SOFT,5.0,False,Kick Sauber,0 days 00:28:50.802000,2025-11-29 18:17:14.499,1,,False,,False,True
0 days 00:32:04.843000,BOR,5,0 days 00:01:53.388000,11.0,3.0,,0 days 00:32:00.773000,0 days 00:00:40.890000,0 days 00:00:33.159000,0 days 00:00:39.339000,0 days 00:30:52.345000,0 days 00:31:25.504000,0 days 00:32:04.843000,214.0,202.0,,167.0,False,SOFT,6.0,False,Kick Sauber,0 days 00:30:11.455000,2025-11-29 18:18:35.152,1,,False,,False,False
0 days 00:39:48.870000,BOR,5,,12.0,4.0,0 days 00:38:20.146000,,,0 days 00:00:29.948000,0 days 00:00:26.551000,,0 days 00:39:22.319000,0 days 00:39:48.928000,229.0,266.0,281.0,143.0,False,SOFT,6.0,False,Kick Sauber,0 days 00:32:04.843000,2025-11-29 18:20:28.540,12,,False,,False,False
0 days 00:41:09.904000,BOR,5,0 days 00:01:21.034000,13.0,4.0,,,0 days 00:00:29.685000,0 days 00:00:27.555000,0 days 00:00:23.794000,0 days 00:40:18.555000,0 days 00:40:46.110000,0 days 00:41:09.904000,252.0,286.0,279.0,322.0,True,SOFT,7.0,False,Kick Sauber,0 days 00:39:48.870000,2025-11-29 18:28:12.567,1,,False,,False,True
0 days 00:43:05.445000,BOR,5,0 days 00:01:55.541000,14.0,4.0,,0 days 00:43:01.279000,0 days 00:00:45.511000,0 days 00:00:32.387000,0 days 00:00:37.643000,0 days 00:41:55.415000,0 days 00:42:27.802000,0 days 00:43:05.445000,219.0,257.0,,159.0,False,SOFT,8.0,False,Kick Sauber,0 days 00:41:09.904000,2025-11-29 18:29:33.601,1,,False,,False,False
0 days 00:45:53.533000,BOR,5,,15.0,5.0,0 days 00:44:18.617000,,,0 days 00:00:30.417000,0 days 00:00:31.268000,,0 days 00:45:22.295000,0 days 00:45:53.655000,229.0,270.0,282.0,107.0,False,SOFT,1.0,True,Kick Sauber,0 days 00:43:05.445000,2025-11-29 18:31:29.142,1,,False,,False,False
0 days 00:47:14.179000,BOR,5,0 days 00:01:20.646000,16.0,5.0,,,0 days 00:00:29.492000,0 days 00:00:27.476000,0 days 00:00:23.678000,0 days 00:46:23.025000,0 days 00:46:50.501000,0 days 00:47:14.179000,256.0,286.0,282.0,322.0,True,SOFT,2.0,True,Kick Sauber,0 days 00:45:53.533000,2025-11-29 18:34:17.230,1,,False,,False,True
0 days 00:49:26.520000,BOR,5,0 days 00:02:12.341000,17.0,5.0,,0 days 00:49:22.377000,0 days 00:00:56.447000,0 days 00:00:36.318000,0 days 00:00:39.576000,0 days 00:48:10.626000,0 days 00:48:46.944000,0 days 00:49:26.520000,182.0,223.0,,44.0,False,SOFT,3.0,True,Kick Sauber,0 days 00:47:14.179000,2025-11-29 18:35:37.876,1,,False,,False,False
0 days 00:52:05.436000,BOR,5,,18.0,6.0,0 days 00:50:26.512000,,0 days 00:01:37.555000,0 days 00:00:30.860000,0 days 00:00:30.542000,0 days 00:51:04.425000,0 days 00:51:34.894000,0 days 00:52:05.640000,225.0,260.0,283.0,88.0,False,SOFT,4.0,False,Kick Sauber,0 days 00:49:26.520000,2025-11-29 18:37:50.217,1,,False,,False,False
0 days 00:53:25.970000,BOR,5,0 days 00:01:20.534000,19.0,6.0,,,0 days 00:00:29.570000,0 days 00:00:27.354000,0 days 00:00:23.610000,0 days 00:52:35.006000,0 days 00:53:02.360000,0 days 00:53:25.970000,255.0,286.0,282.0,323.0,True,SOFT,5.0,False,Kick Sauber,0 days 00:52:05.436000,2025-11-29 18:40:29.133,1,,False,,False,True
0 days 00:55:24.960000,BOR,5,0 days 00:01:58.990000,20.0,6.0,,0 days 00:55:21.955000,0 days 00:00:47.215000,0 days 00:00:32.078000,0 days 00:00:39.697000,0 days 00:54:13.185000,0 days 00:54:45.263000,0 days 00:55:24.960000,204.0,250.0,,124.0,False,SOFT,6.0,False,Kick Sauber,0 days 00:53:25.970000,2025-11-29 18:41:49.667,1,,False,,False,False
0 days 00:13:25.215000,ALB,23,,1.0,1.0,0 days 00:11:53.593000,,,0 days 00:00:30.713000,0 days 00:00:25.672000,,0 days 00:12:59.634000,0 days 00:13:25.226000,233.0,264.0,281.0,107.0,False,SOFT,6.0,False,Williams,0 days 00:11:53.593000,2025-11-29 18:00:17.290,1,,False,,False,False
0 days 00:14:47.600000,ALB,23,0 days 00:01:22.385000,2.0,1.0,,,0 days 00:00:30.280000,0 days 00:00:27.770000,0 days 00:00:24.335000,0 days 00:13:55.495000,0 days 00:14:23.265000,0 days 00:14:47.600000,250.0,287.0,282.0,321.0,False,SOFT,7.0,False,Williams,0 days 00:13:25.215000,2025-11-29 18:01:48.912,1,,True,TRACK LIMITS AT TURN 15 LAP 3 ,False,True
0 days 00:16:57.593000,ALB,23,0 days 00:02:09.993000,3.0,1.0,,,0 days 00:01:00.188000,0 days 00:00:39.115000,0 days 00:00:30.690000,0 days 00:15:47.788000,0 days 00:16:26.903000,0 days 00:16:57.593000,199.0,254.0,285.0,78.0,True,SOFT,8.0,False,Williams,0 days 00:14:47.600000,2025-11-29 18:03:11.297,1,,False,,False,True
0 days 00:18:19.302000,ALB,23,0 days 00:01:21.709000,4.0,1.0,,,0 days 00:00:30.007000,0 days 00:00:27.758000,0 days 00:00:23.944000,0 days 00:17:27.600000,0 days 00:17:55.358000,0 days 00:18:19.302000,251.0,288.0,283.0,325.0,True,SOFT,9.0,False,Williams,0 days 00:16:57.593000,2025-11-29 18:05:21.290,1,,False,,False,True
0 days 00:20:01.459000,ALB,23,0 days 00:01:42.157000,5.0,1.0,,0 days 00:19:56.612000,0 days 00:00:37.055000,0 days 00:00:32.350000,0 days 00:00:32.752000,0 days 00:18:56.357000,0 days 00:19:28.707000,0 days 00:20:01.459000,203.0,267.0,,249.0,False,SOFT,10.0,False,Williams,0 days 00:18:19.302000,2025-11-29 18:06:42.999,1,,False,,False,False
0 days 00:22:25.334000,ALB,23,0 days 00:02:23.875000,6.0,2.0,0 days 00:20:44.961000,,0 days 00:01:23.788000,0 days 00:00:30.918000,0 days 00:00:29.169000,0 days 00:21:25.247000,0 days 00:21:56.165000,0 days 00:22:25.334000,223.0,267.0,282.0,76.0,False,SOFT,1.0,True,Williams,0 days 00:20:01.459000,2025-11-29 18:08:25.156,1,,False,,False,False
0 days 00:23:46.266000,ALB,23,0 days 00:01:20.932000,7.0,2.0,,,0 days 00:00:29.761000,0 days 00:00:27.404000,0 days 00:00:23.767000,0 days 00:22:55.095000,0 days 00:23:22.499000,0 days 00:23:46.266000,253.0,288.0,283.0,323.0,True,SOFT,2.0,True,Williams,0 days 00:22:25.334000,2025-11-29 18:10:49.031,1,,False,,False,True
0 days 00:25:47.762000,ALB,23,0 days 00:02:01.496000,8.0,2.0,,,0 days 00:00:56.634000,0 days 00:00:35.359000,0 days 00:00:29.503000,0 days 00:24:42.900000,0 days 00:25:18.259000,0 days 00:25:47.762000,177.0,251.0,264.0,86.0,False,SOFT,3.0,True,Williams,0 days 00:23:46.266000,2025-11-29 18:12:09.963,1,,False,,False,True
0 days 00:27:55.037000,ALB,23,0 days 00:02:07.275000,9.0,2.0,,,0 days 00:01:05.488000,0 days 00:00:33.727000,0 days 00:00:28.060000,0 days 00:26:53.250000,0 days 00:27:26.977000,0 days 00:27:55.037000,192.0,265.0,285.0,50.0,False,SOFT,4.0,True,Williams,0 days 00:25:47.762000,2025-11-29 18:14:11.459,1,,False,,False,True
0 days 00:29:15.666000,ALB,23,0 days 00:01:20.629000,10.0,2.0,,,0 days 00:00:29.613000,0 days 00:00:27.334000,0 days 00:00:23.682000,0 days 00:28:24.650000,0 days 00:28:51.984000,0 days 00:29:15.666000,255.0,288.0,284.0,325.0,True,SOFT,5.0,True,Williams,0 days 00:27:55.037000,2025-11-29 18:16:18.734,1,,False,,False,True
0 days 00:31:06.720000,ALB,23,0 days 00:01:51.054000,11.0,2.0,,0 days 00:31:02.595000,0 days 00:00:43.370000,0 days 00:00:31.564000,0 days 00:00:36.120000,0 days 00:29:59.036000,0 days 00:30:30.600000,0 days 00:31:06.720000,202.0,225.0,,155.0,False,SOFT,6.0,True,Williams,0 days 00:29:15.666000,2025-11-29 18:17:39.363,1,,False,,False,False
0 days 00:39:10.447000,ALB,23,,12.0,3.0,0 days 00:37:41.747000,,,0 days 00:00:30.130000,0 days 00:00:25.176000,,0 days 00:38:45.271000,0 days 00:39:10.491000,235.0,277.0,282.0,123.0,False,SOFT,7.0,False,Williams,0 days 00:31:06.720000,2025-11-29 18:19:30.417,12,,False,,False,False
0 days 00:40:39.121000,ALB,23,0 days 00:01:28.674000,13.0,3.0,,0 days 00:40:35.075000,0 days 00:00:29.790000,0 days 00:00:27.554000,0 days 00:00:31.330000,0 days 00:39:40.237000,0 days 00:40:07.791000,0 days 00:40:39.121000,251.0,266.0,,318.0,False,SOFT,8.0,False,Williams,0 days 00:39:10.447000,2025-11-29 18:27:34.144,1,,False,,False,False
0 days 00:42:53.123000,ALB,23,0 days 00:02:14.002000,14.0,4.0,0 days 00:41:15.622000,,0 days 00:01:14.758000,0 days 00:00:30.397000,0 days 00:00:28.847000,0 days 00:41:53.879000,0 days 00:42:24.276000,0 days 00:42:53.123000,234.0,270.0,284.0,68.0,False,SOFT,1.0,True,Williams,0 days 00:40:39.121000,2025-11-29 18:29:02.818,1,,False,,False,False
0 days 00:44:13.752000,ALB,23,0 days 00:01:20.629000,15.0,4.0,,,0 days 00:00:29.732000,0 days 00:00:27.209000,0 days 00:00:23.688000,0 days 00:43:22.855000,0 days 00:43:50.064000,0 days 00:44:13.752000,252.0,289.0,284.0,322.0,False,SOFT,2.0,True,Williams,0 days 00:42:53.123000,2025-11-29 18:31:16.820,1,,False,,False,True
0 days 00:46:06.504000,ALB,23,0 days 00:01:52.752000,16.0,4.0,,0 days 00:45:55.780000,0 days 00:00:43.062000,0 days 00:00:31.242000,0 days 00:00:38.448000,0 days 00:44:56.814000,0 days 00:45:28.056000,0 days 00:46:06.504000,203.0,263.0,,217.0,False,SOFT,3.0,True,Williams,0 days 00:44:13.752000,2025-11-29 18:32:37.449,1,,False,,False,False
0 days 00:50:51.015000,ALB,23,,17.0,5.0,0 days 00:49:19.245000,,,0 days 00:00:31.068000,0 days 00:00:25.058000,,0 days 00:50:26.465000,0 days 00:50:51.255000,242.0,268.0,285.0,98.0,False,SOFT,1.0,True,Williams,0 days 00:46:06.504000,2025-11-29 18:34:30.201,1,,False,,False,False
0 days 00:52:11.705000,ALB,23,0 days 00:01:20.690000,18.0,5.0,,,0 days 00:00:29.798000,0 days 00:00:27.260000,0 days 00:00:23.632000,0 days 00:51:20.813000,0 days 00:51:48.073000,0 days 00:52:11.705000,251.0,289.0,284.0,323.0,False,SOFT,2.0,True,Williams,0 days 00:50:51.015000,2025-11-29 18:39:14.712,1,,False,,False,True
0 days 00:54:10.154000,ALB,23,0 days 00:01:58.449000,19.0,5.0,,0 days 00:54:05.982000,0 days 00:00:49.775000,0 days 00:00:31.325000,0 days 00:00:37.349000,0 days 00:53:01.480000,0 days 00:53:32.805000,0 days 00:54:10.154000,210.0,225.0,,100.0,False,SOFT,3.0,True,Williams,0 days 00:52:11.705000,2025-11-29 18:40:35.402,1,,False,,False,False
0 days 00:15:26.604000,TSU,22,,1.0,1.0,0 days 00:13:52.453000,,,0 days 00:00:31.995000,0 days 00:00:30.052000,,0 days 00:14:56.921000,0 days 00:15:26.604000,193.0,269.0,286.0,155.0,False,SOFT,7.0,False,Red Bull Racing,0 days 00:13:52.453000,2025-11-29 18:02:16.150,1,,False,,False,False
0 days 00:16:47.954000,TSU,22,0 days 00:01:21.350000,2.0,1.0,,,0 days 00:00:29.939000,0 days 00:00:27.610000,0 days 00:00:23.801000,0 days 00:15:56.543000,0 days 00:16:24.153000,0 days 00:16:47.954000,253.0,289.0,284.0,326.0,True,SOFT,8.0,False,Red Bull Racing,0 days 00:15:26.604000,2025-11-29 18:03:50.301,1,,False,,False,True
0 days 00:18:28.180000,TSU,22,0 days 00:01:40.226000,3.0,1.0,,0 days 00:18:24.161000,0 days 00:00:33.894000,0 days 00:00:33.492000,0 days 00:00:32.840000,0 days 00:17:21.848000,0 days 00:17:55.340000,0 days 00:18:28.180000,221.0,153.0,,294.0,False,SOFT,9.0,False,Red Bull Racing,0 days 00:16:47.954000,2025-11-29 18:05:11.651,1,,False,,False,False
0 days 00:22:12.096000,TSU,22,,4.0,2.0,0 days 00:20:30.148000,,,0 days 00:00:33.435000,0 days 00:00:30.295000,,0 days 00:21:41.927000,0 days 00:22:12.380000,237.0,270.0,283.0,83.0,False,SOFT,1.0,True,Red Bull Racing,0 days 00:18:28.180000,2025-11-29 18:06:51.877,1,,False,,False,False
0 days 00:23:33.146000,TSU,22,0 days 00:01:21.050000,5.0,2.0,,,0 days 00:00:29.776000,0 days 00:00:27.532000,0 days 00:00:23.742000,0 days 00:22:41.872000,0 days 00:23:09.404000,0 days 00:23:33.146000,253.0,288.0,284.0,323.0,True,SOFT,2.0,True,Red Bull Racing,0 days 00:22:12.096000,2025-11-29 18:10:35.793,1,,False,,False,True
0 days 00:25:32.784000,TSU,22,0 days 00:01:59.638000,6.0,2.0,,,0 days 00:00:52.557000,0 days 00:00:35.920000,0 days 00:00:31.161000,0 days 00:24:25.703000,0 days 00:25:01.623000,0 days 00:25:32.784000,191.0,245.0,169.0,83.0,False,SOFT,3.0,True,Red Bull Racing,0 days 00:23:33.146000,2025-11-29 18:11:56.843,1,,False,,False,True
0 days 00:27:40.647000,TSU,22,0 days 00:02:07.863000,7.0,2.0,,,0 days 00:00:57.709000,0 days 00:00:34.578000,0 days 00:00:35.576000,0 days 00:26:30.493000,0 days 00:27:05.071000,0 days 00:27:40.647000,196.0,217.0,285.0,108.0,False,SOFT,4.0,True,Red Bull Racing,0 days 00:25:32.784000,2025-11-29 18:13:56.481,1,,False,,False,True
0 days 00:29:01.408000,TSU,22,0 days 00:01:20.761000,8.0,2.0,,,0 days 00:00:29.660000,0 days 00:00:27.464000,0 days 00:00:23.637000,0 days 00:28:10.307000,0 days 00:28:37.771000,0 days 00:29:01.408000,253.0,290.0,285.0,325.0,True,SOFT,5.0,True,Red Bull Racing,0 days 00:27:40.647000,2025-11-29 18:16:04.344,1,,False,,False,True
0 days 00:31:01.353000,TSU,22,0 days 00:01:59.945000,9.0,2.0,,0 days 00:30:49.002000,0 days 00:00:40.611000,0 days 00:00:34.210000,0 days 00:00:45.124000,0 days 00:29:42.019000,0 days 00:30:16.229000,0 days 00:31:01.353000,210.0,219.0,,214.0,False,SOFT,6.0,True,Red Bull Racing,0 days 00:29:01.408000,2025-11-29 18:17:25.105,1,,False,,False,False
0 days 00:13:42.207000,OCO,31,,1.0,1.0,0 days 00:12:08.525000,,,0 days 00:00:30.699000,0 days 00:00:27.172000,,0 days 00:13:15.157000,0 days 00:13:42.266000,221.0,260.0,282.0,91.0,False,SOFT,1.0,True,Haas F1 Team,0 days 00:12:08.525000,2025-11-29 18:00:32.222,1,,False,,False,False
0 days 00:15:04.277000,OCO,31,0 days 00:01:22.070000,2.0,1.0,,,0 days 00:00:30.408000,0 days 00:00:27.545000,0 days 00:00:24.117000,0 days 00:14:12.615000,0 days 00:14:40.160000,0 days 00:15:04.277000,250.0,288.0,283.0,320.0,True,SOFT,2.0,True,Haas F1 Team,0 days 00:13:42.207000,2025-11-29 18:02:05.904,1,,False,,False,True
0 days 00:17:12.082000,OCO,31,0 days 00:02:07.805000,3.0,1.0,,,0 days 00:00:54.638000,0 days 00:00:36.800000,0 days 00:00:36.367000,0 days 00:15:58.915000,0 days 00:16:35.715000,0 days 00:17:12.082000,217.0,192.0,283.0,73.0,False,SOFT,3.0,True,Haas F1 Team,0 days 00:15:04.277000,2025-11-29 18:03:27.974,1,,False,,False,True
0 days 00:18:33.880000,OCO,31,0 days 00:01:21.798000,4.0,1.0,,,0 days 00:00:30.063000,0 days 00:00:27.538000,0 days 00:00:24.197000,0 days 00:17:42.145000,0 days 00:18:09.683000,0 days 00:18:33.880000,252.0,289.0,282.0,324.0,False,SOFT,4.0,True,Haas F1 Team,0 days 00:17:12.082000,2025-11-29 18:05:35.779,1,,True,TRACK LIMITS AT TURN 15 LAP 5 ,False,True
0 days 00:20:11.135000,OCO,31,0 days 00:01:37.255000,5.0,1.0,,0 days 00:20:07.072000,0 days 00:00:35.302000,0 days 00:00:31.140000,0 days 00:00:30.813000,0 days 00:19:09.182000,0 days 00:19:40.322000,0 days 00:20:11.135000,231.0,262.0,,241.0,False,SOFT,5.0,True,Haas F1 Team,0 days 00:18:33.880000,2025-11-29 18:06:57.577,1,,False,,False,False
0 days 00:23:17.932000,OCO,31,,6.0,2.0,0 days 00:21:39.843000,,,0 days 00:00:32.024000,0 days 00:00:29.244000,,0 days 00:22:48.849000,0 days 00:23:18.114000,221.0,262.0,284.0,97.0,False,SOFT,1.0,True,Haas F1 Team,0 days 00:20:11.135000,2025-11-29 18:08:34.832,1,,False,,False,False
0 days 00:24:39.107000,OCO,31,0 days 00:01:21.175000,7.0,2.0,,,0 days 00:00:29.870000,0 days 00:00:27.454000,0 days 00:00:23.851000,0 days 00:23:47.802000,0 days 00:24:15.256000,0 days 00:24:39.107000,253.0,288.0,282.0,323.0,True,SOFT,2.0,True,Haas F1 Team,0 days 00:23:17.932000,2025-11-29 18:11:41.629,1,,False,,False,True
0 days 00:26:38.394000,OCO,31,0 days 00:01:59.287000,8.0,2.0,,,0 days 00:00:49.330000,0 days 00:00:36.293000,0 days 00:00:33.664000,0 days 00:25:28.437000,0 days 00:26:04.730000,0 days 00:26:38.394000,203.0,198.0,218.0,87.0,False,SOFT,3.0,True,Haas F1 Team,0 days 00:24:39.107000,2025-11-29 18:13:02.804,1,,False,,False,True
0 days 00:28:46.372000,OCO,31,0 days 00:02:07.978000,9.0,2.0,,,0 days 00:01:01.531000,0 days 00:00:36.244000,0 days 00:00:30.203000,0 days 00:27:39.925000,0 days 00:28:16.169000,0 days 00:28:46.372000,207.0,222.0,283.0,80.0,False,SOFT,4.0,True,Haas F1 Team,0 days 00:26:38.394000,2025-11-29 18:15:02.091,1,,False,,False,True
0 days 00:30:07.236000,OCO,31,0 days 00:01:20.864000,10.0,2.0,,,0 days 00:00:29.717000,0 days 00:00:27.419000,0 days 00:00:23.728000,0 days 00:29:16.089000,0 days 00:29:43.508000,0 days 00:30:07.236000,249.0,288.0,283.0,323.0,True,SOFT,5.0,True,Haas F1 Team,0 days 00:28:46.372000,2025-11-29 18:17:10.069,1,,False,,False,True
0 days 00:32:05.119000,OCO,31,0 days 00:01:57.883000,11.0,2.0,,0 days 00:31:51.400000,0 days 00:00:37.712000,0 days 00:00:32.784000,0 days 00:00:47.387000,0 days 00:30:44.948000,0 days 00:31:17.732000,0 days 00:32:05.119000,218.0,229.0,,212.0,False,SOFT,6.0,True,Haas F1 Team,0 days 00:30:07.236000,2025-11-29 18:18:30.933,1,,False,,False,False
0 days 00:15:01.252000,HAM,44,,1.0,1.0,0 days 00:13:15.316000,,,0 days 00:00:35.104000,0 days 00:00:28.036000,,0 days 00:14:33.313000,0 days 00:15:01.260000,216.0,264.0,281.0,123.0,False,SOFT,8.0,False,Ferrari,0 days 00:13:15.316000,2025-11-29 18:01:39.013,1,,False,,False,False
0 days 00:16:23.500000,HAM,44,0 days 00:01:22.248000,2.0,1.0,,,0 days 00:00:30.442000,0 days 00:00:27.691000,0 days 00:00:24.115000,0 days 00:15:31.694000,0 days 00:15:59.385000,0 days 00:16:23.500000,252.0,289.0,277.0,319.0,True,SOFT,9.0,False,Ferrari,0 days 00:15:01.252000,2025-11-29 18:03:24.949,1,,False,,False,True
0 days 00:18:11.515000,HAM,44,0 days 00:01:48.015000,3.0,1.0,,0 days 00:18:00.911000,0 days 00:00:35.766000,0 days 00:00:30.984000,0 days 00:00:41.265000,0 days 00:16:59.266000,0 days 00:17:30.250000,0 days 00:18:11.515000,225.0,265.0,,248.0,False,SOFT,10.0,False,Ferrari,0 days 00:16:23.500000,2025-11-29 18:04:47.197,1,,False,,False,False
0 days 00:20:32.344000,HAM,44,0 days 00:02:20.829000,4.0,2.0,0 days 00:18:58.204000,,0 days 00:01:20.057000,0 days 00:00:33.184000,0 days 00:00:27.588000,0 days 00:19:31.572000,0 days 00:20:04.756000,0 days 00:20:32.344000,217.0,262.0,283.0,145.0,False,SOFT,1.0,True,Ferrari,0 days 00:18:11.515000,2025-11-29 18:06:35.212,1,,False,,False,False
0 days 00:21:53.262000,HAM,44,0 days 00:01:20.918000,5.0,2.0,,,0 days 00:00:29.788000,0 days 00:00:27.270000,0 days 00:00:23.860000,0 days 00:21:02.132000,0 days 00:21:29.402000,0 days 00:21:53.262000,256.0,289.0,283.0,321.0,True,SOFT,2.0,True,Ferrari,0 days 00:20:32.344000,2025-11-29 18:08:56.041,1,,False,,False,True
0 days 00:23:34.054000,HAM,44,0 days 00:01:40.792000,6.0,2.0,,0 days 00:23:29.942000,0 days 00:00:39.797000,0 days 00:00:30.227000,0 days 00:00:30.768000,0 days 00:22:33.059000,0 days 00:23:03.286000,0 days 00:23:34.054000,231.0,264.0,,173.0,False,SOFT,3.0,True,Ferrari,0 days 00:21:53.262000,2025-11-29 18:10:16.959,1,,False,,False,False
0 days 00:26:54.449000,HAM,44,,7.0,3.0,0 days 00:25:22.166000,,,0 days 00:00:32.431000,0 days 00:00:26.547000,,0 days 00:26:27.928000,0 days 00:26:54.596000,226.0,267.0,284.0,114.0,False,SOFT,1.0,True,Ferrari,0 days 00:23:34.054000,2025-11-29 18:11:57.751,1,,False,,False,False
0 days 00:28:15.356000,HAM,44,0 days 00:01:20.907000,8.0,3.0,,,0 days 00:00:29.774000,0 days 00:00:27.389000,0 days 00:00:23.744000,0 days 00:27:24.223000,0 days 00:27:51.612000,0 days 00:28:15.356000,255.0,290.0,283.0,323.0,True,SOFT,2.0,True,Ferrari,0 days 00:26:54.449000,2025-11-29 18:15:18.146,1,,False,,False,True
0 days 00:30:21.495000,HAM,44,0 days 00:02:06.139000,9.0,3.0,,0 days 00:30:17.298000,0 days 00:00:51.337000,0 days 00:00:37.314000,0 days 00:00:37.488000,0 days 00:29:06.693000,0 days 00:29:44.007000,0 days 00:30:21.495000,211.0,186.0,,86.0,False,SOFT,3.0,True,Ferrari,0 days 00:28:15.356000,2025-11-29 18:16:39.053,1,,False,,False,False
0 days 00:14:23.120000,STR,18,,1.0,1.0,0 days 00:12:52.087000,,,0 days 00:00:30.375000,0 days 00:00:26.995000,,0 days 00:13:56.719000,0 days 00:14:23.219000,229.0,264.0,280.0,132.0,False,SOFT,1.0,True,Aston Martin,0 days 00:12:52.087000,2025-11-29 18:01:15.784,1,,False,,False,False
0 days 00:15:45.276000,STR,18,0 days 00:01:22.156000,2.0,1.0,,,0 days 00:00:30.387000,0 days 00:00:27.723000,0 days 00:00:24.046000,0 days 00:14:53.507000,0 days 00:15:21.230000,0 days 00:15:45.276000,248.0,286.0,281.0,322.0,True,SOFT,2.0,True,Aston Martin,0 days 00:14:23.120000,2025-11-29 18:02:46.817,1,,False,,False,True
0 days 00:17:46.174000,STR,18,0 days 00:02:00.898000,3.0,1.0,,,0 days 00:00:53.777000,0 days 00:00:37.359000,0 days 00:00:29.762000,0 days 00:16:39.053000,0 days 00:17:16.412000,0 days 00:17:46.174000,179.0,233.0,280.0,152.0,False,SOFT,3.0,True,Aston Martin,0 days 00:15:45.276000,2025-11-29 18:04:08.973,1,,False,,False,True
0 days 00:19:07.563000,STR,18,0 days 00:01:21.389000,4.0,1.0,,,0 days 00:00:30.003000,0 days 00:00:27.594000,0 days 00:00:23.792000,0 days 00:18:16.177000,0 days 00:18:43.771000,0 days 00:19:07.563000,252.0,287.0,281.0,322.0,True,SOFT,4.0,True,Aston Martin,0 days 00:17:46.174000,2025-11-29 18:06:09.871,1,,False,,False,True
0 days 00:20:54.528000,STR,18,0 days 00:01:46.965000,5.0,1.0,,0 days 00:20:43.914000,0 days 00:00:38.917000,0 days 00:00:30.515000,0 days 00:00:37.533000,0 days 00:19:46.480000,0 days 00:20:16.995000,0 days 00:20:54.528000,218.0,264.0,,258.0,False,SOFT,5.0,True,Aston Martin,0 days 00:19:07.563000,2025-11-29 18:07:31.260,1,,False,,False,False
0 days 00:24:51.214000,STR,18,,6.0,2.0,0 days 00:23:17.645000,,,0 days 00:00:33.732000,0 days 00:00:26.014000,,0 days 00:24:25.239000,0 days 00:24:51.459000,221.0,266.0,281.0,163.0,False,SOFT,1.0,True,Aston Martin,0 days 00:20:54.528000,2025-11-29 18:09:18.225,1,,False,,False,False
0 days 00:26:12.463000,STR,18,0 days 00:01:21.249000,7.0,2.0,,,0 days 00:00:29.921000,0 days 00:00:27.496000,0 days 00:00:23.832000,0 days 00:25:21.135000,0 days 00:25:48.631000,0 days 00:26:12.463000,253.0,286.0,281.0,322.0,True,SOFT,2.0,True,Aston Martin,0 days 00:24:51.214000,2025-11-29 18:13:14.911,1,,False,,False,True
0 days 00:28:20.255000,STR,18,0 days 00:02:07.792000,8.0,2.0,,,0 days 00:00:45.779000,0 days 00:00:50.023000,0 days 00:00:31.990000,0 days 00:26:58.242000,0 days 00:27:48.265000,0 days 00:28:20.255000,156.0,62.0,282.0,196.0,False,SOFT,3.0,True,Aston Martin,0 days 00:26:12.463000,2025-11-29 18:14:36.160,1,,False,,False,True
0 days 00:29:41.313000,STR,18,0 days 00:01:21.058000,9.0,2.0,,,0 days 00:00:29.782000,0 days 00:00:27.505000,0 days 00:00:23.771000,0 days 00:28:50.037000,0 days 00:29:17.542000,0 days 00:29:41.313000,253.0,286.0,281.0,325.0,True,SOFT,4.0,True,Aston Martin,0 days 00:28:20.255000,2025-11-29 18:16:43.952,1,,False,,False,True
0 days 00:31:25.940000,STR,18,0 days 00:01:44.627000,10.0,2.0,,0 days 00:31:21.885000,0 days 00:00:39.382000,0 days 00:00:31.103000,0 days 00:00:34.142000,0 days 00:30:20.695000,0 days 00:30:51.798000,0 days 00:31:25.940000,194.0,238.0,,268.0,False,SOFT,5.0,True,Aston Martin,0 days 00:29:41.313000,2025-11-29 18:18:05.010,1,,False,,False,False
0 days 00:15:19.921000,COL,43,,1.0,1.0,0 days 00:13:30.260000,,,0 days 00:00:39.092000,0 days 00:00:31.036000,,0 days 00:14:48.953000,0 days 00:15:19.948000,154.0,263.0,284.0,71.0,False,SOFT,1.0,True,Alpine,0 days 00:13:30.260000,2025-11-29 18:01:53.957,1,,False,,False,False
0 days 00:16:42.001000,COL,43,0 days 00:01:22.080000,2.0,1.0,,,0 days 00:00:30.225000,0 days 00:00:27.743000,0 days 00:00:24.112000,0 days 00:15:50.146000,0 days 00:16:17.889000,0 days 00:16:42.001000,251.0,286.0,282.0,326.0,False,SOFT,2.0,True,Alpine,0 days 00:15:19.921000,2025-11-29 18:03:43.618,1,,True,TRACK LIMITS AT TURN 15 LAP 3 ,False,True
0 days 00:18:28.985000,COL,43,0 days 00:01:46.984000,3.0,1.0,,0 days 00:18:24.833000,0 days 00:00:40.208000,0 days 00:00:31.480000,0 days 00:00:35.296000,0 days 00:17:22.209000,0 days 00:17:53.689000,0 days 00:18:28.985000,225.0,117.0,,219.0,False,SOFT,3.0,True,Alpine,0 days 00:16:42.001000,2025-11-29 18:05:05.698,1,,False,,False,False
0 days 00:20:41.986000,COL,43,0 days 00:02:13.001000,4.0,2.0,0 days 00:19:08.320000,,0 days 00:01:15.730000,0 days 00:00:30.343000,0 days 00:00:26.928000,0 days 00:19:44.715000,0 days 00:20:15.058000,0 days 00:20:41.986000,234.0,262.0,283.0,136.0,False,SOFT,1.0,True,Alpine,0 days 00:18:28.985000,2025-11-29 18:06:52.682,1,,False,,False,False
0 days 00:22:04.364000,COL,43,0 days 00:01:22.378000,5.0,2.0,,,0 days 00:00:30.101000,0 days 00:00:28.395000,0 days 00:00:23.882000,0 days 00:21:12.087000,0 days 00:21:40.482000,0 days 00:22:04.364000,231.0,286.0,283.0,325.0,True,SOFT,2.0,True,Alpine,0 days 00:20:41.986000,2025-11-29 18:09:05.683,1,,False,,False,True
0 days 00:23:46.574000,COL,43,0 days 00:01:42.210000,6.0,2.0,,0 days 00:23:42.489000,0 days 00:00:39.925000,0 days 00:00:30.811000,0 days 00:00:31.474000,0 days 00:22:44.289000,0 days 00:23:15.100000,0 days 00:23:46.574000,221.0,261.0,,193.0,False,SOFT,3.0,True,Alpine,0 days 00:22:04.364000,2025-11-29 18:10:28.061,1,,False,,False,False
0 days 00:28:26.913000,COL,43,,7.0,3.0,0 days 00:26:43.512000,,,0 days 00:00:32.773000,0 days 00:00:32.652000,,0 days 00:27:54.472000,0 days 00:28:27.128000,236.0,264.0,283.0,118.0,False,SOFT,1.0,True,Alpine,0 days 00:23:46.574000,2025-11-29 18:12:10.271,1,,False,,False,False
0 days 00:29:48.050000,COL,43,0 days 00:01:21.137000,8.0,3.0,,,0 days 00:00:29.965000,0 days 00:00:27.492000,0 days 00:00:23.680000,0 days 00:28:56.878000,0 days 00:29:24.370000,0 days 00:29:48.050000,252.0,287.0,279.0,326.0,True,SOFT,2.0,True,Alpine,0 days 00:28:26.913000,2025-11-29 18:16:50.610,1,,False,,False,True
0 days 00:31:33.725000,COL,43,0 days 00:01:45.675000,9.0,3.0,,0 days 00:31:29.587000,0 days 00:00:38.467000,0 days 00:00:33.463000,0 days 00:00:33.745000,0 days 00:30:26.517000,0 days 00:30:59.980000,0 days 00:31:33.725000,218.0,258.0,,220.0,False,SOFT,3.0,True,Alpine,0 days 00:29:48.050000,2025-11-29 18:18:11.747,1,,False,,False,False
