Time,Driver,DriverNumber,LapTime,LapNumber,Stint,PitOutTime,PitInTime,Sector1Time,Sector2Time,Sector3Time,Sector1SessionTime,Sector2SessionTime,Sector3SessionTime,SpeedI1,SpeedI2,SpeedFL,SpeedST,IsPersonalBest,Compound,TyreLife,FreshTyre,Team,LapStartTime,LapStartDate,TrackStatus,Position,Deleted,DeletedReason,FastF1Generated,IsAccurate
0 days 00:18:29.424000,NOR,4,,1.0,1.0,0 days 00:15:48.601000,0 days 00:18:26.047000,,0 days 00:00:48.911000,0 days 00:01:02.335000,,0 days 00:17:27.089000,0 days 00:18:29.584000,116.0,151.0,,203.0,False,INTERMEDIATE,1.0,True,McLaren,0 days 00:15:48.601000,2025-11-22 04:00:55.891,12,,False,,False,False
0 days 00:21:05.897000,NOR,4,,2.0,2.0,0 days 00:18:53.465000,,0 days 00:01:03.459000,0 days 00:00:44.297000,0 days 00:00:48.742000,0 days 00:19:32.859000,0 days 00:20:17.184000,0 days 00:21:05.992000,124.0,164.0,210.0,184.0,False,WET,1.0,True,McLaren,0 days 00:18:29.424000,2025-11-22 04:03:36.714,12,,False,,False,False
0 days 00:23:08.949000,NOR,4,0 days 00:02:03.052000,3.0,2.0,,,0 days 00:00:36.169000,0 days 00:00:42.309000,0 days 00:00:44.574000,0 days 00:21:42.066000,0 days 00:22:24.375000,0 days 00:23:08.949000,130.0,170.0,213.0,201.0,True,WET,2.0,True,McLaren,0 days 00:21:05.897000,2025-11-22 04:06:13.187,1,,False,,False,True
0 days 00:25:11.735000,NOR,4,0 days 00:02:02.786000,4.0,2.0,,,0 days 00:00:35.068000,0 days 00:00:41.605000,0 days 00:00:46.113000,0 days 00:23:44.017000,0 days 00:24:25.622000,0 days 00:25:11.735000,135.0,169.0,236.0,152.0,True,WET,3.0,True,McLaren,0 days 00:23:08.949000,2025-11-22 04:08:16.239,12,,False,,False,True
0 days 00:27:09.377000,NOR,4,0 days 00:01:57.642000,5.0,2.0,,,0 days 00:00:33.842000,0 days 00:00:40.548000,0 days 00:00:43.252000,0 days 00:25:45.577000,0 days 00:26:26.125000,0 days 00:27:09.377000,137.0,182.0,249.0,216.0,True,WET,4.0,True,McLaren,0 days 00:25:11.735000,2025-11-22 04:10:19.025,12,,False,,False,True
0 days 00:29:05.454000,NOR,4,0 days 00:01:56.077000,6.0,2.0,,,0 days 00:00:33.578000,0 days 00:00:39.998000,0 days 00:00:42.501000,0 days 00:27:42.955000,0 days 00:28:22.953000,0 days 00:29:05.454000,141.0,179.0,258.0,221.0,True,WET,5.0,True,McLaren,0 days 00:27:09.377000,2025-11-22 04:12:16.667,21,,False,,False,True
0 days 00:31:00.927000,NOR,4,0 days 00:01:55.473000,7.0,2.0,,,0 days 00:00:32.964000,0 days 00:00:39.404000,0 days 00:00:43.105000,0 days 00:29:38.418000,0 days 00:30:17.822000,0 days 00:31:00.927000,144.0,178.0,259.0,211.0,True,WET,6.0,True,McLaren,0 days 00:29:05.454000,2025-11-22 04:14:12.744,1,,False,,False,True
0 days 00:33:07.849000,NOR,4,0 days 00:02:06.922000,8.0,2.0,,0 days 00:33:04.146000,0 days 00:00:33.015000,0 days 00:00:39.556000,0 days 00:00:54.351000,0 days 00:31:33.942000,0 days 00:32:13.498000,0 days 00:33:07.849000,143.0,176.0,,183.0,False,WET,7.0,True,McLaren,0 days 00:31:00.927000,2025-11-22 04:16:08.217,12,,False,,False,False
0 days 00:47:55.067000,NOR,4,,9.0,3.0,0 days 00:45:55.865000,,,0 days 00:00:41.500000,0 days 00:00:41.984000,,0 days 00:47:13.266000,0 days 00:47:55.103000,131.0,173.0,265.0,223.0,False,WET,1.0,True,McLaren,0 days 00:33:07.849000,2025-11-22 04:18:15.139,12,,False,,False,False
0 days 00:49:48.369000,NOR,4,0 days 00:01:53.302000,10.0,3.0,,,0 days 00:00:32.712000,0 days 00:00:38.589000,0 days 00:00:42.001000,0 days 00:48:27.779000,0 days 00:49:06.368000,0 days 00:49:48.369000,141.0,185.0,268.0,250.0,True,WET,2.0,True,McLaren,0 days 00:47:55.067000,2025-11-22 04:33:02.357,1,,False,,False,True
0 days 00:51:57.721000,NOR,4,0 days 00:02:09.352000,11.0,3.0,,,0 days 00:00:36.810000,0 days 00:00:43.469000,0 days 00:00:49.073000,0 days 00:50:25.179000,0 days 00:51:08.648000,0 days 00:51:57.721000,97.0,179.0,277.0,104.0,False,WET,3.0,True,McLaren,0 days 00:49:48.369000,2025-11-22 04:34:55.659,12,,False,,False,True
0 days 00:53:50.629000,NOR,4,0 days 00:01:52.908000,12.0,3.0,,,0 days 00:00:32.342000,0 days 00:00:39.055000,0 days 00:00:41.511000,0 days 00:52:30.063000,0 days 00:53:09.118000,0 days 00:53:50.629000,142.0,177.0,284.0,228.0,True,WET,4.0,True,McLaren,0 days 00:51:57.721000,2025-11-22 04:37:05.011,1,,False,,False,True
0 days 00:55:42.766000,NOR,4,0 days 00:01:52.137000,13.0,3.0,,,0 days 00:00:32.047000,0 days 00:00:38.573000,0 days 00:00:41.517000,0 days 00:54:22.676000,0 days 00:55:01.249000,0 days 00:55:42.766000,143.0,180.0,287.0,237.0,True,WET,5.0,True,McLaren,0 days 00:53:50.629000,2025-11-22 04:38:57.919,12,,False,,False,True
0 days 00:58:01.240000,NOR,4,0 days 00:02:18.474000,14.0,3.0,,,0 days 00:00:38.854000,0 days 00:00:41.781000,0 days 00:00:57.839000,0 days 00:56:21.620000,0 days 00:57:03.401000,0 days 00:58:01.240000,133.0,178.0,295.0,48.0,False,WET,6.0,True,McLaren,0 days 00:55:42.766000,2025-11-22 04:40:50.056,21,,False,,False,True
0 days 00:59:52.619000,NOR,4,0 days 00:01:51.379000,15.0,3.0,,,0 days 00:00:31.847000,0 days 00:00:38.390000,0 days 00:00:41.142000,0 days 00:58:33.087000,0 days 00:59:11.477000,0 days 00:59:52.619000,147.0,177.0,290.0,243.0,True,WET,7.0,True,McLaren,0 days 00:58:01.240000,2025-11-22 04:43:08.530,1,,False,,False,True
0 days 01:01:44.049000,NOR,4,0 days 00:01:51.430000,16.0,3.0,,,0 days 00:00:31.942000,0 days 00:00:38.291000,0 days 00:00:41.197000,0 days 01:00:24.561000,0 days 01:01:02.852000,0 days 01:01:44.049000,144.0,179.0,299.0,239.0,False,WET,8.0,True,McLaren,0 days 00:59:52.619000,2025-11-22 04:44:59.909,12,,False,,False,True
0 days 01:03:57.838000,NOR,4,0 days 00:02:13.789000,17.0,3.0,,0 days 01:03:54.802000,0 days 00:00:38.274000,0 days 00:00:42.057000,0 days 00:00:53.458000,0 days 01:02:22.323000,0 days 01:03:04.380000,0 days 01:03:57.838000,128.0,171.0,,189.0,False,WET,9.0,True,McLaren,0 days 01:01:44.049000,2025-11-22 04:46:51.339,1,,False,,False,False
0 days 01:10:59.628000,NOR,4,,18.0,4.0,0 days 01:08:59.509000,,,0 days 00:00:41.017000,0 days 00:00:41.216000,,0 days 01:10:18.456000,0 days 01:10:59.671000,120.0,171.0,286.0,231.0,False,INTERMEDIATE,1.0,True,McLaren,0 days 01:03:57.838000,2025-11-22 04:49:05.128,12,,False,,False,False
0 days 01:12:54.923000,NOR,4,0 days 00:01:55.295000,19.0,4.0,,,0 days 00:00:32.478000,0 days 00:00:38.572000,0 days 00:00:44.245000,0 days 01:11:32.106000,0 days 01:12:10.678000,0 days 01:12:54.923000,137.0,188.0,298.0,206.0,True,INTERMEDIATE,2.0,True,McLaren,0 days 01:10:59.628000,2025-11-22 04:56:06.918,1,,False,,False,True
0 days 01:14:44.529000,NOR,4,0 days 00:01:49.606000,20.0,4.0,,,0 days 00:00:31.415000,0 days 00:00:37.369000,0 days 00:00:40.822000,0 days 01:13:26.338000,0 days 01:14:03.707000,0 days 01:14:44.529000,143.0,194.0,301.0,271.0,True,INTERMEDIATE,3.0,True,McLaren,0 days 01:12:54.923000,2025-11-22 04:58:02.213,1,,False,,False,True
0 days 01:16:39.908000,NOR,4,0 days 00:01:55.379000,21.0,4.0,,,0 days 00:00:33.654000,0 days 00:00:39.970000,0 days 00:00:41.755000,0 days 01:15:18.183000,0 days 01:15:58.153000,0 days 01:16:39.908000,140.0,179.0,307.0,251.0,False,INTERMEDIATE,4.0,True,McLaren,0 days 01:14:44.529000,2025-11-22 04:59:51.819,12,,False,,False,True
0 days 01:18:28.292000,NOR,4,0 days 00:01:48.384000,22.0,4.0,,,0 days 00:00:30.788000,0 days 00:00:37.212000,0 days 00:00:40.384000,0 days 01:17:10.696000,0 days 01:17:47.908000,0 days 01:18:28.292000,147.0,194.0,313.0,262.0,True,INTERMEDIATE,5.0,True,McLaren,0 days 01:16:39.908000,2025-11-22 05:01:47.198,1,,False,,False,True
0 days 01:20:26.659000,NOR,4,0 days 00:01:58.367000,23.0,4.0,,,0 days 00:00:35.725000,0 days 00:00:40.602000,0 days 00:00:42.040000,0 days 01:19:04.017000,0 days 01:19:44.619000,0 days 01:20:26.659000,131.0,186.0,314.0,222.0,False,INTERMEDIATE,6.0,True,McLaren,0 days 01:18:28.292000,2025-11-22 05:03:35.582,1,,False,,False,True
0 days 01:22:14.593000,NOR,4,0 days 00:01:47.934000,24.0,4.0,,,0 days 00:00:30.430000,0 days 00:00:36.842000,0 days 00:00:40.662000,0 days 01:20:57.089000,0 days 01:21:33.931000,0 days 01:22:14.593000,154.0,194.0,313.0,256.0,True,INTERMEDIATE,7.0,True,McLaren,0 days 01:20:26.659000,2025-11-22 05:05:33.949,12,,False,,False,True
0 days 01:24:43.229000,NOR,4,0 days 00:02:28.636000,25.0,4.0,,0 days 01:24:38.635000,0 days 00:00:45.656000,0 days 00:00:47.029000,0 days 00:00:55.951000,0 days 01:23:00.249000,0 days 01:23:47.278000,0 days 01:24:43.229000,116.0,141.0,,187.0,False,INTERMEDIATE,8.0,True,McLaren,0 days 01:22:14.593000,2025-11-22 05:07:21.883,1,,False,,False,False
0 days 00:18:55.625000,VER,1,,1.0,1.0,0 days 00:16:20.259000,0 days 00:18:52.368000,,0 days 00:00:48.291000,0 days 00:01:07.356000,,0 days 00:17:48.269000,0 days 00:18:55.798000,119.0,158.0,,173.0,False,INTERMEDIATE,1.0,True,Red Bull Racing,0 days 00:16:20.259000,2025-11-22 04:01:27.549,12,,False,,False,False
0 days 00:21:45.540000,VER,1,,2.0,2.0,0 days 00:19:17.711000,,0 days 00:01:04.418000,0 days 00:00:47.152000,0 days 00:00:58.512000,0 days 00:19:59.932000,0 days 00:20:47.166000,0 days 00:21:45.707000,125.0,162.0,215.0,124.0,False,WET,1.0,True,Red Bull Racing,0 days 00:18:55.625000,2025-11-22 04:04:02.915,12,,False,,False,False
0 days 00:23:56.178000,VER,1,0 days 00:02:10.638000,3.0,2.0,,,0 days 00:00:39.443000,0 days 00:00:42.383000,0 days 00:00:48.812000,0 days 00:22:24.983000,0 days 00:23:07.366000,0 days 00:23:56.178000,137.0,177.0,245.0,171.0,False,WET,2.0,True,Red Bull Racing,0 days 00:21:45.540000,2025-11-22 04:06:52.830,1,,True,TRACK LIMITS AT TURN 1 LAP 4 ,False,True
0 days 00:26:08.685000,VER,1,0 days 00:02:12.507000,4.0,2.0,,,0 days 00:00:34.558000,0 days 00:00:47.230000,0 days 00:00:50.719000,0 days 00:24:30.736000,0 days 00:25:17.966000,0 days 00:26:08.685000,141.0,180.0,250.0,186.0,False,WET,3.0,True,Red Bull Racing,0 days 00:23:56.178000,2025-11-22 04:09:03.468,12,,True,TRACK LIMITS AT TURN 8 LAP 5 ,False,True
0 days 00:28:06.095000,VER,1,0 days 00:01:57.410000,5.0,2.0,,,0 days 00:00:33.799000,0 days 00:00:40.604000,0 days 00:00:43.007000,0 days 00:26:42.484000,0 days 00:27:23.088000,0 days 00:28:06.095000,141.0,184.0,267.0,192.0,True,WET,4.0,True,Red Bull Racing,0 days 00:26:08.685000,2025-11-22 04:11:15.975,12,,False,,False,True
0 days 00:30:01.159000,VER,1,0 days 00:01:55.064000,6.0,2.0,,,0 days 00:00:33.162000,0 days 00:00:39.570000,0 days 00:00:42.332000,0 days 00:28:39.257000,0 days 00:29:18.827000,0 days 00:30:01.159000,142.0,184.0,274.0,207.0,True,WET,5.0,True,Red Bull Racing,0 days 00:28:06.095000,2025-11-22 04:13:13.385,21,,False,,False,True
0 days 00:31:55.623000,VER,1,0 days 00:01:54.464000,7.0,2.0,,,0 days 00:00:32.972000,0 days 00:00:39.436000,0 days 00:00:42.056000,0 days 00:30:34.131000,0 days 00:31:13.567000,0 days 00:31:55.623000,145.0,181.0,282.0,209.0,True,WET,6.0,True,Red Bull Racing,0 days 00:30:01.159000,2025-11-22 04:15:08.449,12,,False,,False,True
0 days 00:33:49.081000,VER,1,0 days 00:01:53.458000,8.0,2.0,,,0 days 00:00:32.701000,0 days 00:00:38.597000,0 days 00:00:42.160000,0 days 00:32:28.324000,0 days 00:33:06.921000,0 days 00:33:49.081000,146.0,189.0,286.0,213.0,True,WET,7.0,True,Red Bull Racing,0 days 00:31:55.623000,2025-11-22 04:17:02.913,21,,False,,False,True
0 days 00:36:05.778000,VER,1,0 days 00:02:16.697000,9.0,2.0,,0 days 00:36:02.686000,0 days 00:00:38.412000,0 days 00:00:42.434000,0 days 00:00:55.851000,0 days 00:34:27.493000,0 days 00:35:09.927000,0 days 00:36:05.778000,131.0,160.0,,182.0,False,WET,8.0,True,Red Bull Racing,0 days 00:33:49.081000,2025-11-22 04:18:56.371,12,,False,,False,False
0 days 00:48:55.568000,VER,1,,10.0,3.0,0 days 00:46:41.872000,,,0 days 00:00:42.844000,0 days 00:00:51.773000,,0 days 00:48:03.958000,0 days 00:48:55.679000,127.0,175.0,266.0,180.0,False,WET,1.0,True,Red Bull Racing,0 days 00:36:05.778000,2025-11-22 04:21:13.068,12,,False,,False,False
0 days 00:50:49.403000,VER,1,0 days 00:01:53.835000,11.0,3.0,,,0 days 00:00:33.029000,0 days 00:00:39.144000,0 days 00:00:41.662000,0 days 00:49:28.597000,0 days 00:50:07.741000,0 days 00:50:49.403000,144.0,183.0,286.0,217.0,True,WET,2.0,True,Red Bull Racing,0 days 00:48:55.568000,2025-11-22 04:34:02.858,1,,False,,False,True
0 days 00:52:42.096000,VER,1,0 days 00:01:52.693000,12.0,3.0,,,0 days 00:00:32.412000,0 days 00:00:38.761000,0 days 00:00:41.520000,0 days 00:51:21.815000,0 days 00:52:00.576000,0 days 00:52:42.096000,147.0,185.0,290.0,228.0,True,WET,3.0,True,Red Bull Racing,0 days 00:50:49.403000,2025-11-22 04:35:56.693,12,,False,,False,True
0 days 00:54:49.078000,VER,1,0 days 00:02:06.982000,13.0,3.0,,,0 days 00:00:36.790000,0 days 00:00:46.920000,0 days 00:00:43.272000,0 days 00:53:18.886000,0 days 00:54:05.806000,0 days 00:54:49.078000,132.0,175.0,293.0,214.0,False,WET,4.0,True,Red Bull Racing,0 days 00:52:42.096000,2025-11-22 04:37:49.386,1,,False,,False,True
0 days 00:56:40.671000,VER,1,0 days 00:01:51.593000,14.0,3.0,,,0 days 00:00:31.989000,0 days 00:00:38.380000,0 days 00:00:41.224000,0 days 00:55:21.067000,0 days 00:55:59.447000,0 days 00:56:40.671000,147.0,188.0,284.0,222.0,True,WET,5.0,True,Red Bull Racing,0 days 00:54:49.078000,2025-11-22 04:39:56.368,12,,False,,False,True
0 days 00:58:54.529000,VER,1,0 days 00:02:13.858000,15.0,3.0,,,0 days 00:00:41.909000,0 days 00:00:47.071000,0 days 00:00:44.878000,0 days 00:57:22.580000,0 days 00:58:09.651000,0 days 00:58:54.529000,123.0,173.0,297.0,223.0,False,WET,6.0,True,Red Bull Racing,0 days 00:56:40.671000,2025-11-22 04:41:47.961,1,,False,,False,True
0 days 01:00:48.509000,VER,1,0 days 00:01:53.980000,16.0,3.0,,,0 days 00:00:31.773000,0 days 00:00:38.126000,0 days 00:00:44.081000,0 days 00:59:26.302000,0 days 01:00:04.428000,0 days 01:00:48.509000,150.0,187.0,292.0,256.0,False,WET,7.0,True,Red Bull Racing,0 days 00:58:54.529000,2025-11-22 04:44:01.819,1,,False,,False,True
0 days 01:02:49.224000,VER,1,0 days 00:02:00.715000,17.0,3.0,,0 days 01:02:46.280000,0 days 00:00:31.969000,0 days 00:00:38.239000,0 days 00:00:50.507000,0 days 01:01:20.478000,0 days 01:01:58.717000,0 days 01:02:49.224000,145.0,187.0,,210.0,False,WET,8.0,True,Red Bull Racing,0 days 01:00:48.509000,2025-11-22 04:45:55.799,12,,False,,False,False
0 days 01:11:51.749000,VER,1,,18.0,4.0,0 days 01:09:43.871000,,,0 days 00:00:41.811000,0 days 00:00:48.818000,,0 days 01:11:02.962000,0 days 01:11:51.847000,128.0,177.0,280.0,196.0,False,INTERMEDIATE,1.0,True,Red Bull Racing,0 days 01:02:49.224000,2025-11-22 04:47:56.514,12,,False,,False,False
0 days 01:13:44.456000,VER,1,0 days 00:01:52.707000,19.0,4.0,,,0 days 00:00:32.840000,0 days 00:00:39.074000,0 days 00:00:40.793000,0 days 01:12:24.589000,0 days 01:13:03.663000,0 days 01:13:44.456000,139.0,194.0,287.0,233.0,True,INTERMEDIATE,2.0,True,Red Bull Racing,0 days 01:11:51.749000,2025-11-22 04:56:59.039,1,,False,,False,True
0 days 01:15:35.588000,VER,1,0 days 00:01:51.132000,20.0,4.0,,,0 days 00:00:31.810000,0 days 00:00:38.772000,0 days 00:00:40.550000,0 days 01:14:16.266000,0 days 01:14:55.038000,0 days 01:15:35.588000,148.0,194.0,297.0,244.0,True,INTERMEDIATE,3.0,True,Red Bull Racing,0 days 01:13:44.456000,2025-11-22 04:58:51.746,12,,False,,False,True
0 days 01:17:24.809000,VER,1,0 days 00:01:49.221000,21.0,4.0,,,0 days 00:00:31.205000,0 days 00:00:37.815000,0 days 00:00:40.201000,0 days 01:16:06.793000,0 days 01:16:44.608000,0 days 01:17:24.809000,152.0,194.0,306.0,249.0,True,INTERMEDIATE,4.0,True,Red Bull Racing,0 days 01:15:35.588000,2025-11-22 05:00:42.878,1,,False,,False,True
0 days 01:19:21.152000,VER,1,0 days 00:01:56.343000,22.0,4.0,,,0 days 00:00:30.983000,0 days 00:00:40.861000,0 days 00:00:44.499000,0 days 01:17:55.792000,0 days 01:18:36.653000,0 days 01:19:21.152000,149.0,175.0,310.0,167.0,False,INTERMEDIATE,5.0,True,Red Bull Racing,0 days 01:17:24.809000,2025-11-22 05:02:32.099,1,,False,,False,True
0 days 01:21:09.409000,VER,1,0 days 00:01:48.257000,23.0,4.0,,,0 days 00:00:30.863000,0 days 00:00:37.391000,0 days 00:00:40.003000,0 days 01:19:52.015000,0 days 01:20:29.406000,0 days 01:21:09.409000,146.0,196.0,311.0,258.0,True,INTERMEDIATE,6.0,True,Red Bull Racing,0 days 01:19:21.152000,2025-11-22 05:04:28.442,1,,False,,False,True
0 days 01:23:27.139000,VER,1,0 days 00:02:17.730000,24.0,4.0,,0 days 01:23:22.040000,0 days 00:00:39.489000,0 days 00:00:42.879000,0 days 00:00:55.362000,0 days 01:21:48.898000,0 days 01:22:31.777000,0 days 01:23:27.139000,119.0,187.0,,188.0,False,INTERMEDIATE,7.0,True,Red Bull Racing,0 days 01:21:09.409000,2025-11-22 05:06:16.699,12,,False,,False,False
0 days 00:18:35.559000,SAI,55,,1.0,1.0,0 days 00:16:06.865000,,,0 days 00:00:52.750000,0 days 00:00:56.238000,,0 days 00:17:39.321000,0 days 00:18:35.560000,118.0,147.0,212.0,131.0,False,INTERMEDIATE,1.0,True,Williams,0 days 00:16:06.865000,2025-11-22 04:01:14.155,12,,False,,False,False
0 days 00:20:53.138000,SAI,55,0 days 00:02:17.579000,2.0,1.0,,0 days 00:20:50.154000,0 days 00:00:38.715000,0 days 00:00:45.664000,0 days 00:00:53.200000,0 days 00:19:14.274000,0 days 00:19:59.938000,0 days 00:20:53.138000,118.0,162.0,,195.0,False,INTERMEDIATE,2.0,True,Williams,0 days 00:18:35.559000,2025-11-22 04:03:42.849,12,,False,,False,False
0 days 00:23:36.956000,SAI,55,,3.0,2.0,0 days 00:21:13.298000,,0 days 00:00:53.592000,0 days 00:00:46.609000,0 days 00:01:03.637000,0 days 00:21:46.803000,0 days 00:22:33.468000,0 days 00:23:37.139000,132.0,124.0,251.0,183.0,False,WET,1.0,False,Williams,0 days 00:20:53.138000,2025-11-22 04:06:00.428,1,,False,,False,False
0 days 00:25:53.741000,SAI,55,0 days 00:02:16.785000,4.0,2.0,,,0 days 00:00:40.220000,0 days 00:00:47.064000,0 days 00:00:49.501000,0 days 00:24:17.176000,0 days 00:25:04.240000,0 days 00:25:53.741000,119.0,119.0,271.0,216.0,False,WET,2.0,False,Williams,0 days 00:23:36.956000,2025-11-22 04:08:44.246,12,,True,TRACK LIMITS AT TURN 5 LAP 5 ,False,True
0 days 00:27:49.400000,SAI,55,0 days 00:01:55.659000,5.0,2.0,,,0 days 00:00:33.783000,0 days 00:00:39.727000,0 days 00:00:42.149000,0 days 00:26:27.524000,0 days 00:27:07.251000,0 days 00:27:49.400000,141.0,185.0,279.0,228.0,True,WET,3.0,False,Williams,0 days 00:25:53.741000,2025-11-22 04:11:01.031,12,,False,,False,True
0 days 00:29:44.644000,SAI,55,0 days 00:01:55.244000,6.0,2.0,,,0 days 00:00:33.464000,0 days 00:00:39.698000,0 days 00:00:42.082000,0 days 00:28:22.864000,0 days 00:29:02.562000,0 days 00:29:44.644000,143.0,183.0,281.0,236.0,True,WET,4.0,False,Williams,0 days 00:27:49.400000,2025-11-22 04:12:56.690,12,,False,,False,True
0 days 00:31:39.517000,SAI,55,0 days 00:01:54.873000,7.0,2.0,,,0 days 00:00:33.368000,0 days 00:00:39.185000,0 days 00:00:42.320000,0 days 00:30:18.012000,0 days 00:30:57.197000,0 days 00:31:39.517000,143.0,185.0,270.0,209.0,True,WET,5.0,False,Williams,0 days 00:29:44.644000,2025-11-22 04:14:51.934,1,,False,,False,True
0 days 00:33:41.867000,SAI,55,0 days 00:02:02.350000,8.0,2.0,,,0 days 00:00:34.556000,0 days 00:00:40.579000,0 days 00:00:47.215000,0 days 00:32:14.073000,0 days 00:32:54.652000,0 days 00:33:41.867000,138.0,182.0,275.0,211.0,False,WET,6.0,False,Williams,0 days 00:31:39.517000,2025-11-22 04:16:46.807,12,,False,,False,True
0 days 00:35:58.559000,SAI,55,0 days 00:02:16.692000,9.0,2.0,,0 days 00:35:55.454000,0 days 00:00:37.199000,0 days 00:00:45.868000,0 days 00:00:53.625000,0 days 00:34:19.066000,0 days 00:35:04.934000,0 days 00:35:58.559000,125.0,166.0,,221.0,False,WET,7.0,False,Williams,0 days 00:33:41.867000,2025-11-22 04:18:49.157,12,,False,,False,False
0 days 00:49:16.645000,SAI,55,,10.0,3.0,0 days 00:47:04.452000,,,0 days 00:00:44.244000,0 days 00:00:48.017000,,0 days 00:48:28.673000,0 days 00:49:16.645000,118.0,172.0,296.0,202.0,False,WET,1.0,True,Williams,0 days 00:35:58.559000,2025-11-22 04:21:05.849,12,,False,,False,False
0 days 00:51:10.525000,SAI,55,0 days 00:01:53.880000,11.0,3.0,,,0 days 00:00:33.052000,0 days 00:00:39.521000,0 days 00:00:41.307000,0 days 00:49:49.697000,0 days 00:50:29.218000,0 days 00:51:10.525000,145.0,185.0,303.0,225.0,True,WET,2.0,True,Williams,0 days 00:49:16.645000,2025-11-22 04:34:23.935,1,,False,,False,True
0 days 00:53:03.295000,SAI,55,0 days 00:01:52.770000,12.0,3.0,,,0 days 00:00:32.539000,0 days 00:00:39.250000,0 days 00:00:40.981000,0 days 00:51:43.064000,0 days 00:52:22.314000,0 days 00:53:03.295000,143.0,187.0,305.0,236.0,True,WET,3.0,True,Williams,0 days 00:51:10.525000,2025-11-22 04:36:17.815,12,,False,,False,True
0 days 00:55:36.604000,SAI,55,,13.0,3.0,,,0 days 00:00:40.886000,0 days 00:00:56.436000,0 days 00:00:55.996000,0 days 00:53:44.275000,0 days 00:54:40.693000,0 days 00:55:36.726000,119.0,124.0,302.0,180.0,False,WET,4.0,True,Williams,0 days 00:53:03.295000,2025-11-22 04:38:10.585,1,,False,,False,False
0 days 00:57:28.125000,SAI,55,0 days 00:01:51.521000,14.0,3.0,,,0 days 00:00:32.030000,0 days 00:00:38.602000,0 days 00:00:40.889000,0 days 00:56:08.634000,0 days 00:56:47.236000,0 days 00:57:28.125000,143.0,186.0,310.0,244.0,True,WET,5.0,True,Williams,0 days 00:55:36.604000,2025-11-22 04:40:43.894,12,,False,,False,True
0 days 01:00:02.131000,SAI,55,,15.0,3.0,,,0 days 00:00:46.285000,0 days 00:00:59.460000,0 days 00:00:48.263000,0 days 00:58:14.408000,0 days 00:59:13.876000,0 days 01:00:02.333000,118.0,113.0,306.0,196.0,False,WET,6.0,True,Williams,0 days 00:57:28.125000,2025-11-22 04:42:35.415,1,,False,,False,False
0 days 01:01:53.275000,SAI,55,0 days 00:01:51.144000,16.0,3.0,,,0 days 00:00:31.982000,0 days 00:00:38.615000,0 days 00:00:40.547000,0 days 01:00:34.113000,0 days 01:01:12.728000,0 days 01:01:53.275000,142.0,186.0,307.0,256.0,True,WET,7.0,True,Williams,0 days 01:00:02.131000,2025-11-22 04:45:09.421,12,,False,,False,True
0 days 01:04:10.741000,SAI,55,0 days 00:02:17.466000,17.0,3.0,,0 days 01:04:07.675000,0 days 00:00:39.672000,0 days 00:00:44.111000,0 days 00:00:53.683000,0 days 01:02:32.947000,0 days 01:03:17.058000,0 days 01:04:10.741000,129.0,167.0,,216.0,False,WET,8.0,True,Williams,0 days 01:01:53.275000,2025-11-22 04:47:00.565,1,,False,,False,False
0 days 01:11:32.245000,SAI,55,,18.0,4.0,0 days 01:09:22.080000,,,0 days 00:00:50.516000,0 days 00:00:41.340000,,0 days 01:10:51.037000,0 days 01:11:32.294000,119.0,172.0,308.0,231.0,False,INTERMEDIATE,1.0,True,Williams,0 days 01:04:10.741000,2025-11-22 04:49:18.031,12,,False,,False,False
0 days 01:13:23.125000,SAI,55,0 days 00:01:50.880000,19.0,4.0,,,0 days 00:00:32.025000,0 days 00:00:38.519000,0 days 00:00:40.336000,0 days 01:12:04.270000,0 days 01:12:42.789000,0 days 01:13:23.125000,144.0,192.0,315.0,242.0,True,INTERMEDIATE,2.0,True,Williams,0 days 01:11:32.245000,2025-11-22 04:56:39.535,1,,False,,False,True
0 days 01:15:12.381000,SAI,55,0 days 00:01:49.256000,20.0,4.0,,,0 days 00:00:31.331000,0 days 00:00:37.927000,0 days 00:00:39.998000,0 days 01:13:54.456000,0 days 01:14:32.383000,0 days 01:15:12.381000,145.0,193.0,314.0,261.0,True,INTERMEDIATE,3.0,True,Williams,0 days 01:13:23.125000,2025-11-22 04:58:30.415,1,,False,,False,True
0 days 01:17:14.515000,SAI,55,0 days 00:02:02.134000,21.0,4.0,,,0 days 00:00:35.502000,0 days 00:00:42.482000,0 days 00:00:44.150000,0 days 01:15:47.883000,0 days 01:16:30.365000,0 days 01:17:14.515000,136.0,170.0,313.0,190.0,False,INTERMEDIATE,4.0,True,Williams,0 days 01:15:12.381000,2025-11-22 05:00:19.671,12,,False,,False,True
0 days 01:19:14.174000,SAI,55,0 days 00:01:59.659000,22.0,4.0,,,0 days 00:00:31.975000,0 days 00:00:40.153000,0 days 00:00:47.531000,0 days 01:17:46.490000,0 days 01:18:26.643000,0 days 01:19:14.174000,143.0,184.0,314.0,156.0,False,INTERMEDIATE,5.0,True,Williams,0 days 01:17:14.515000,2025-11-22 05:02:21.805,1,,False,,False,True
0 days 01:21:02.470000,SAI,55,0 days 00:01:48.296000,23.0,4.0,,,0 days 00:00:30.894000,0 days 00:00:37.608000,0 days 00:00:39.794000,0 days 01:19:45.068000,0 days 01:20:22.676000,0 days 01:21:02.470000,151.0,191.0,316.0,255.0,True,INTERMEDIATE,6.0,True,Williams,0 days 01:19:14.174000,2025-11-22 05:04:21.464,1,,False,,False,True
0 days 01:23:23.068000,SAI,55,0 days 00:02:20.598000,24.0,4.0,,0 days 01:23:17.282000,0 days 00:00:38.389000,0 days 00:00:43.152000,0 days 00:00:59.057000,0 days 01:21:40.859000,0 days 01:22:24.011000,0 days 01:23:23.068000,119.0,172.0,,196.0,False,INTERMEDIATE,7.0,True,Williams,0 days 01:21:02.470000,2025-11-22 05:06:09.760,12,,False,,False,False
0 days 00:18:43.365000,RUS,63,,1.0,1.0,0 days 00:16:15.541000,0 days 00:18:40.165000,,0 days 00:00:52.727000,0 days 00:00:59.674000,,0 days 00:17:43.691000,0 days 00:18:43.382000,118.0,125.0,,172.0,False,INTERMEDIATE,1.0,True,Mercedes,0 days 00:16:15.541000,2025-11-22 04:01:22.831,12,,False,,False,False
0 days 00:21:33.910000,RUS,63,,2.0,2.0,0 days 00:19:11.437000,,0 days 00:01:04.691000,0 days 00:00:52.676000,0 days 00:00:53.368000,0 days 00:19:47.894000,0 days 00:20:40.615000,0 days 00:21:33.910000,129.0,136.0,222.0,150.0,False,WET,1.0,True,Mercedes,0 days 00:18:43.365000,2025-11-22 04:03:50.655,12,,False,,False,False
0 days 00:23:34.678000,RUS,63,0 days 00:02:00.768000,3.0,2.0,,,0 days 00:00:35.492000,0 days 00:00:42.159000,0 days 00:00:43.117000,0 days 00:22:09.402000,0 days 00:22:51.561000,0 days 00:23:34.678000,139.0,171.0,251.0,200.0,True,WET,2.0,True,Mercedes,0 days 00:21:33.910000,2025-11-22 04:06:41.200,1,,False,,False,True
0 days 00:25:32.529000,RUS,63,0 days 00:01:57.851000,4.0,2.0,,,0 days 00:00:33.615000,0 days 00:00:41.539000,0 days 00:00:42.697000,0 days 00:24:08.293000,0 days 00:24:49.832000,0 days 00:25:32.529000,139.0,175.0,271.0,199.0,True,WET,3.0,True,Mercedes,0 days 00:23:34.678000,2025-11-22 04:08:41.968,12,,False,,False,True
0 days 00:27:34.450000,RUS,63,0 days 00:02:01.921000,5.0,2.0,,,0 days 00:00:36.205000,0 days 00:00:41.266000,0 days 00:00:44.450000,0 days 00:26:08.734000,0 days 00:26:50,0 days 00:27:34.450000,126.0,156.0,280.0,197.0,False,WET,4.0,True,Mercedes,0 days 00:25:32.529000,2025-11-22 04:10:39.819,21,,True,DOUBLE YELLOW AT TURN 14,False,True
0 days 00:29:30.172000,RUS,63,0 days 00:01:55.722000,6.0,2.0,,,0 days 00:00:33.142000,0 days 00:00:40.104000,0 days 00:00:42.476000,0 days 00:28:07.592000,0 days 00:28:47.696000,0 days 00:29:30.172000,141.0,182.0,287.0,227.0,True,WET,5.0,True,Mercedes,0 days 00:27:34.450000,2025-11-22 04:12:41.740,12,,False,,False,True
0 days 00:31:28.878000,RUS,63,0 days 00:01:58.706000,7.0,2.0,,,0 days 00:00:33.049000,0 days 00:00:41.631000,0 days 00:00:44.026000,0 days 00:30:03.221000,0 days 00:30:44.852000,0 days 00:31:28.878000,144.0,173.0,299.0,173.0,False,WET,6.0,True,Mercedes,0 days 00:29:30.172000,2025-11-22 04:14:37.462,1,,False,,False,True
0 days 00:33:22.022000,RUS,63,0 days 00:01:53.144000,8.0,2.0,,,0 days 00:00:32.474000,0 days 00:00:39.483000,0 days 00:00:41.187000,0 days 00:32:01.352000,0 days 00:32:40.835000,0 days 00:33:22.022000,145.0,178.0,297.0,234.0,True,WET,7.0,True,Mercedes,0 days 00:31:28.878000,2025-11-22 04:16:36.168,12,,False,,False,True
0 days 00:35:51.644000,RUS,63,0 days 00:02:29.622000,9.0,2.0,,0 days 00:35:46.532000,0 days 00:00:38.433000,0 days 00:00:43.082000,0 days 00:01:08.107000,0 days 00:34:00.455000,0 days 00:34:43.537000,0 days 00:35:51.644000,131.0,171.0,,172.0,False,WET,8.0,True,Mercedes,0 days 00:33:22.022000,2025-11-22 04:18:29.312,21,,False,,False,False
0 days 00:48:11.367000,RUS,63,,10.0,3.0,0 days 00:46:05.972000,,,0 days 00:00:41.699000,0 days 00:00:44.893000,,0 days 00:47:26.666000,0 days 00:48:11.480000,132.0,172.0,284.0,145.0,False,WET,9.0,False,Mercedes,0 days 00:35:51.644000,2025-11-22 04:20:58.934,12,,False,,False,False
0 days 00:50:04.809000,RUS,63,0 days 00:01:53.442000,11.0,3.0,,,0 days 00:00:32.496000,0 days 00:00:39.451000,0 days 00:00:41.495000,0 days 00:48:43.863000,0 days 00:49:23.314000,0 days 00:50:04.809000,146.0,174.0,291.0,253.0,True,WET,10.0,False,Mercedes,0 days 00:48:11.367000,2025-11-22 04:33:18.657,1,,False,,False,True
0 days 00:52:06.254000,RUS,63,0 days 00:02:01.445000,12.0,3.0,,,0 days 00:00:32.288000,0 days 00:00:47.299000,0 days 00:00:41.858000,0 days 00:50:37.097000,0 days 00:51:24.396000,0 days 00:52:06.254000,147.0,146.0,296.0,229.0,False,WET,11.0,False,Mercedes,0 days 00:50:04.809000,2025-11-22 04:35:12.099,12,,True,TRACK LIMITS AT TURN 12 LAP 13 ,False,True
0 days 00:54:00.175000,RUS,63,0 days 00:01:53.921000,13.0,3.0,,,0 days 00:00:32.427000,0 days 00:00:40.248000,0 days 00:00:41.246000,0 days 00:52:38.681000,0 days 00:53:18.929000,0 days 00:54:00.175000,145.0,182.0,302.0,235.0,False,WET,12.0,False,Mercedes,0 days 00:52:06.254000,2025-11-22 04:37:13.544,1,,False,,False,True
0 days 00:56:00.718000,RUS,63,0 days 00:02:00.543000,14.0,3.0,,,0 days 00:00:32.030000,0 days 00:00:39.148000,0 days 00:00:49.365000,0 days 00:54:32.205000,0 days 00:55:11.353000,0 days 00:56:00.718000,147.0,181.0,302.0,251.0,False,WET,13.0,False,Mercedes,0 days 00:54:00.175000,2025-11-22 04:39:07.465,12,,True,TRACK LIMITS AT TURN 14 LAP 15 ,False,True
0 days 00:57:52.472000,RUS,63,0 days 00:01:51.754000,15.0,3.0,,,0 days 00:00:31.865000,0 days 00:00:39.161000,0 days 00:00:40.728000,0 days 00:56:32.583000,0 days 00:57:11.744000,0 days 00:57:52.472000,148.0,185.0,308.0,236.0,True,WET,14.0,False,Mercedes,0 days 00:56:00.718000,2025-11-22 04:41:08.008,1,,False,,False,True
0 days 00:59:46.380000,RUS,63,0 days 00:01:53.908000,16.0,3.0,,,0 days 00:00:31.858000,0 days 00:00:40.012000,0 days 00:00:42.038000,0 days 00:58:24.330000,0 days 00:59:04.342000,0 days 00:59:46.380000,147.0,181.0,307.0,228.0,False,WET,15.0,False,Mercedes,0 days 00:57:52.472000,2025-11-22 04:42:59.762,1,,False,,False,True
0 days 01:01:37.315000,RUS,63,0 days 00:01:50.935000,17.0,3.0,,,0 days 00:00:31.812000,0 days 00:00:38.683000,0 days 00:00:40.440000,0 days 01:00:18.192000,0 days 01:00:56.875000,0 days 01:01:37.315000,145.0,180.0,311.0,244.0,True,WET,16.0,False,Mercedes,0 days 00:59:46.380000,2025-11-22 04:44:53.670,12,,False,,False,True
0 days 01:03:50.867000,RUS,63,0 days 00:02:13.552000,18.0,3.0,,0 days 01:03:47.903000,0 days 00:00:37.803000,0 days 00:00:43.392000,0 days 00:00:52.357000,0 days 01:02:15.118000,0 days 01:02:58.510000,0 days 01:03:50.867000,133.0,176.0,,182.0,False,WET,17.0,False,Mercedes,0 days 01:01:37.315000,2025-11-22 04:46:44.605,21,,False,,False,False
0 days 01:12:29.310000,RUS,63,,19.0,4.0,0 days 01:10:36.304000,,,0 days 00:00:41.051000,0 days 00:00:41.365000,,0 days 01:11:48.039000,0 days 01:12:29.411000,134.0,180.0,282.0,237.0,False,INTERMEDIATE,1.0,True,Mercedes,0 days 01:03:50.867000,2025-11-22 04:48:58.157,12,,False,,False,False
0 days 01:14:22.661000,RUS,63,0 days 00:01:53.351000,20.0,4.0,,,0 days 00:00:33.244000,0 days 00:00:39.285000,0 days 00:00:40.822000,0 days 01:13:02.554000,0 days 01:13:41.839000,0 days 01:14:22.661000,140.0,182.0,308.0,237.0,True,INTERMEDIATE,2.0,True,Mercedes,0 days 01:12:29.310000,2025-11-22 04:57:36.600,1,,False,,False,True
0 days 01:16:12.919000,RUS,63,0 days 00:01:50.258000,21.0,4.0,,,0 days 00:00:31.536000,0 days 00:00:38.422000,0 days 00:00:40.300000,0 days 01:14:54.197000,0 days 01:15:32.619000,0 days 01:16:12.919000,148.0,191.0,313.0,268.0,True,INTERMEDIATE,3.0,True,Mercedes,0 days 01:14:22.661000,2025-11-22 04:59:29.951,12,,False,,False,True
0 days 01:18:10.523000,RUS,63,0 days 00:01:57.604000,22.0,4.0,,,0 days 00:00:31.116000,0 days 00:00:42.205000,0 days 00:00:44.283000,0 days 01:16:44.035000,0 days 01:17:26.240000,0 days 01:18:10.523000,151.0,141.0,313.0,258.0,False,INTERMEDIATE,4.0,True,Mercedes,0 days 01:16:12.919000,2025-11-22 05:01:20.209,1,,True,TRACK LIMITS AT TURN 12 LAP 23 ,False,True
0 days 01:20:00.424000,RUS,63,0 days 00:01:49.901000,23.0,4.0,,,0 days 00:00:30.922000,0 days 00:00:38.622000,0 days 00:00:40.357000,0 days 01:18:41.445000,0 days 01:19:20.067000,0 days 01:20:00.424000,151.0,187.0,314.0,285.0,True,INTERMEDIATE,5.0,True,Mercedes,0 days 01:18:10.523000,2025-11-22 05:03:17.813,1,,False,,False,True
0 days 01:21:49.227000,RUS,63,0 days 00:01:48.803000,24.0,4.0,,,0 days 00:00:30.787000,0 days 00:00:38.216000,0 days 00:00:39.800000,0 days 01:20:31.211000,0 days 01:21:09.427000,0 days 01:21:49.227000,154.0,194.0,315.0,244.0,True,INTERMEDIATE,6.0,True,Mercedes,0 days 01:20:00.424000,2025-11-22 05:05:07.714,12,,False,,False,True
0 days 01:24:16.497000,RUS,63,,25.0,4.0,,0 days 01:24:16.497000,0 days 00:00:45.804000,0 days 00:00:47.254000,,0 days 01:22:35.158000,0 days 01:23:22.353000,,105.0,150.0,,161.0,False,INTERMEDIATE,7.0,True,Mercedes,0 days 01:21:49.227000,2025-11-22 05:06:56.517,12,,False,,False,False
0 days 00:19:21.797000,PIA,81,,1.0,1.0,0 days 00:17:07.485000,,,0 days 00:00:46.331000,0 days 00:00:45.499000,,0 days 00:18:36.408000,0 days 00:19:21.965000,120.0,161.0,221.0,182.0,False,WET,1.0,True,McLaren,0 days 00:17:07.485000,2025-11-22 04:02:14.775,12,,False,,False,False
0 days 00:21:36.165000,PIA,81,0 days 00:02:14.368000,2.0,1.0,,,0 days 00:00:36.135000,0 days 00:00:44.639000,0 days 00:00:53.594000,0 days 00:19:57.932000,0 days 00:20:42.571000,0 days 00:21:36.165000,128.0,161.0,231.0,139.0,True,WET,2.0,True,McLaren,0 days 00:19:21.797000,2025-11-22 04:04:29.087,12,,False,,False,True
0 days 00:23:47.733000,PIA,81,0 days 00:02:11.568000,3.0,1.0,,,0 days 00:00:35.462000,0 days 00:00:42.175000,0 days 00:00:53.931000,0 days 00:22:11.627000,0 days 00:22:53.802000,0 days 00:23:47.733000,133.0,172.0,255.0,114.0,True,WET,3.0,True,McLaren,0 days 00:21:36.165000,2025-11-22 04:06:43.455,1,,False,,False,True
0 days 00:26:00.766000,PIA,81,0 days 00:02:13.033000,4.0,1.0,,,0 days 00:00:34.593000,0 days 00:00:40.516000,0 days 00:00:57.924000,0 days 00:24:22.326000,0 days 00:25:02.842000,0 days 00:26:00.766000,136.0,180.0,260.0,65.0,False,WET,4.0,True,McLaren,0 days 00:23:47.733000,2025-11-22 04:08:55.023,12,,True,DOUBLE YELLOW AT TURN 12,False,True
0 days 00:27:57.094000,PIA,81,0 days 00:01:56.328000,5.0,1.0,,,0 days 00:00:33.678000,0 days 00:00:40.031000,0 days 00:00:42.619000,0 days 00:26:34.444000,0 days 00:27:14.475000,0 days 00:27:57.094000,141.0,177.0,270.0,219.0,True,WET,5.0,True,McLaren,0 days 00:26:00.766000,2025-11-22 04:11:08.056,12,,False,,False,True
0 days 00:29:53.780000,PIA,81,0 days 00:01:56.686000,6.0,1.0,,,0 days 00:00:33.438000,0 days 00:00:40.480000,0 days 00:00:42.768000,0 days 00:28:30.532000,0 days 00:29:11.012000,0 days 00:29:53.780000,144.0,173.0,270.0,233.0,False,WET,6.0,True,McLaren,0 days 00:27:57.094000,2025-11-22 04:13:04.384,12,,False,,False,True
0 days 00:31:48.324000,PIA,81,0 days 00:01:54.544000,7.0,1.0,,,0 days 00:00:33.208000,0 days 00:00:39.574000,0 days 00:00:41.762000,0 days 00:30:26.988000,0 days 00:31:06.562000,0 days 00:31:48.324000,143.0,182.0,279.0,232.0,True,WET,7.0,True,McLaren,0 days 00:29:53.780000,2025-11-22 04:15:01.070,1,,False,,False,True
0 days 00:33:56.886000,PIA,81,0 days 00:02:08.562000,8.0,1.0,,0 days 00:33:53.403000,0 days 00:00:32.953000,0 days 00:00:39.517000,0 days 00:00:56.092000,0 days 00:32:21.277000,0 days 00:33:00.794000,0 days 00:33:56.886000,143.0,179.0,,198.0,False,WET,8.0,True,McLaren,0 days 00:31:48.324000,2025-11-22 04:16:55.614,12,,False,,False,False
0 days 00:49:39.726000,PIA,81,,9.0,2.0,0 days 00:47:32.256000,,,0 days 00:00:41.742000,0 days 00:00:50.281000,,0 days 00:48:49.490000,0 days 00:49:39.726000,128.0,172.0,281.0,85.0,False,WET,1.0,True,McLaren,0 days 00:33:56.886000,2025-11-22 04:19:04.176,12,,False,,False,False
0 days 00:51:34.707000,PIA,81,0 days 00:01:54.981000,10.0,2.0,,,0 days 00:00:32.459000,0 days 00:00:40.729000,0 days 00:00:41.793000,0 days 00:50:12.185000,0 days 00:50:52.914000,0 days 00:51:34.707000,142.0,157.0,287.0,225.0,True,WET,2.0,True,McLaren,0 days 00:49:39.726000,2025-11-22 04:34:47.016,12,,False,,False,True
0 days 00:53:27.387000,PIA,81,0 days 00:01:52.680000,11.0,2.0,,,0 days 00:00:32.352000,0 days 00:00:39.129000,0 days 00:00:41.199000,0 days 00:52:07.059000,0 days 00:52:46.188000,0 days 00:53:27.387000,146.0,177.0,294.0,243.0,True,WET,3.0,True,McLaren,0 days 00:51:34.707000,2025-11-22 04:36:41.997,1,,False,,False,True
0 days 00:55:40.547000,PIA,81,0 days 00:02:13.160000,12.0,2.0,,,0 days 00:00:39.616000,0 days 00:00:49.494000,0 days 00:00:44.050000,0 days 00:54:07.003000,0 days 00:54:56.497000,0 days 00:55:40.547000,73.0,160.0,289.0,202.0,False,WET,4.0,True,McLaren,0 days 00:53:27.387000,2025-11-22 04:38:34.677,12,,False,,False,True
0 days 00:57:49.105000,PIA,81,0 days 00:02:08.558000,13.0,2.0,,,0 days 00:00:33.115000,0 days 00:00:45.584000,0 days 00:00:49.859000,0 days 00:56:13.662000,0 days 00:56:59.246000,0 days 00:57:49.105000,141.0,162.0,295.0,84.0,False,WET,5.0,True,McLaren,0 days 00:55:40.547000,2025-11-22 04:40:47.837,21,,False,,False,True
0 days 00:59:41.586000,PIA,81,0 days 00:01:52.481000,14.0,2.0,,,0 days 00:00:32.041000,0 days 00:00:39.303000,0 days 00:00:41.137000,0 days 00:58:21.146000,0 days 00:59:00.449000,0 days 00:59:41.586000,142.0,179.0,300.0,240.0,True,WET,6.0,True,McLaren,0 days 00:57:49.105000,2025-11-22 04:42:56.395,1,,False,,False,True
0 days 01:01:33.712000,PIA,81,0 days 00:01:52.126000,15.0,2.0,,,0 days 00:00:32.132000,0 days 00:00:39.056000,0 days 00:00:40.938000,0 days 01:00:13.718000,0 days 01:00:52.774000,0 days 01:01:33.712000,148.0,183.0,299.0,262.0,True,WET,7.0,True,McLaren,0 days 00:59:41.586000,2025-11-22 04:44:48.876,12,,False,,False,True
0 days 01:03:48.890000,PIA,81,0 days 00:02:15.178000,16.0,2.0,,0 days 01:03:45.860000,0 days 00:00:40.779000,0 days 00:00:43.101000,0 days 00:00:51.298000,0 days 01:02:14.491000,0 days 01:02:57.592000,0 days 01:03:48.890000,132.0,167.0,,185.0,False,WET,8.0,True,McLaren,0 days 01:01:33.712000,2025-11-22 04:46:41.002,21,,False,,False,False
0 days 01:11:09.022000,PIA,81,,17.0,3.0,0 days 01:09:05.004000,,,0 days 00:00:44.048000,0 days 00:00:41.812000,,0 days 01:10:27.388000,0 days 01:11:09.165000,125.0,167.0,301.0,212.0,False,INTERMEDIATE,1.0,True,McLaren,0 days 01:03:48.890000,2025-11-22 04:48:56.180,12,,False,,False,False
0 days 01:13:01.307000,PIA,81,0 days 00:01:52.285000,18.0,3.0,,,0 days 00:00:32.501000,0 days 00:00:38.883000,0 days 00:00:40.901000,0 days 01:11:41.523000,0 days 01:12:20.406000,0 days 01:13:01.307000,140.0,184.0,309.0,235.0,True,INTERMEDIATE,2.0,True,McLaren,0 days 01:11:09.022000,2025-11-22 04:56:16.312,1,,False,,False,True
0 days 01:14:50.443000,PIA,81,0 days 00:01:49.136000,19.0,3.0,,,0 days 00:00:31.274000,0 days 00:00:37.719000,0 days 00:00:40.143000,0 days 01:13:32.581000,0 days 01:14:10.300000,0 days 01:14:50.443000,145.0,192.0,313.0,262.0,True,INTERMEDIATE,3.0,True,McLaren,0 days 01:13:01.307000,2025-11-22 04:58:08.597,1,,False,,False,True
0 days 01:17:04.352000,PIA,81,0 days 00:02:13.909000,20.0,3.0,,,0 days 00:00:42.468000,0 days 00:00:46.791000,0 days 00:00:44.650000,0 days 01:15:32.911000,0 days 01:16:19.702000,0 days 01:17:04.352000,119.0,172.0,316.0,219.0,False,INTERMEDIATE,4.0,True,McLaren,0 days 01:14:50.443000,2025-11-22 04:59:57.733,12,,True,TRACK LIMITS AT TURN 5 LAP 21 ,False,True
0 days 01:18:53.313000,PIA,81,0 days 00:01:48.961000,21.0,3.0,,,0 days 00:00:30.975000,0 days 00:00:37.889000,0 days 00:00:40.097000,0 days 01:17:35.327000,0 days 01:18:13.216000,0 days 01:18:53.313000,147.0,195.0,314.0,274.0,True,INTERMEDIATE,5.0,True,McLaren,0 days 01:17:04.352000,2025-11-22 05:02:11.642,1,,False,,False,True
0 days 01:20:47.772000,PIA,81,0 days 00:01:54.459000,22.0,3.0,,,0 days 00:00:34.471000,0 days 00:00:39.217000,0 days 00:00:40.771000,0 days 01:19:27.784000,0 days 01:20:07.001000,0 days 01:20:47.772000,138.0,189.0,314.0,236.0,False,INTERMEDIATE,6.0,True,McLaren,0 days 01:18:53.313000,2025-11-22 05:04:00.603,1,,False,,False,True
0 days 01:23:07.912000,PIA,81,,23.0,3.0,,0 days 01:23:07.912000,0 days 00:00:30.839000,0 days 00:00:51.147000,,0 days 01:21:18.707000,0 days 01:22:09.896000,,151.0,132.0,,185.0,False,INTERMEDIATE,7.0,True,McLaren,0 days 01:20:47.772000,2025-11-22 05:05:55.062,12,,False,,False,False
0 days 00:18:17.687000,LAW,30,,1.0,1.0,0 days 00:15:40.664000,0 days 00:18:14.049000,,0 days 00:00:49.869000,0 days 00:00:57.574000,,0 days 00:17:20.113000,0 days 00:18:17.906000,119.0,147.0,,175.0,False,INTERMEDIATE,1.0,True,Racing Bulls,0 days 00:15:40.664000,2025-11-22 04:00:47.954,12,,False,,False,False
0 days 00:20:48.696000,LAW,30,,2.0,2.0,0 days 00:18:40.556000,,0 days 00:01:00.552000,0 days 00:00:45.262000,0 days 00:00:45.252000,0 days 00:19:18.329000,0 days 00:20:03.599000,0 days 00:20:48.813000,124.0,161.0,248.0,180.0,False,WET,1.0,True,Racing Bulls,0 days 00:18:17.687000,2025-11-22 04:03:24.977,12,,False,,False,False
0 days 00:22:51.103000,LAW,30,0 days 00:02:02.407000,3.0,2.0,,,0 days 00:00:35.955000,0 days 00:00:42.809000,0 days 00:00:43.643000,0 days 00:21:24.651000,0 days 00:22:07.460000,0 days 00:22:51.103000,137.0,166.0,259.0,200.0,True,WET,2.0,True,Racing Bulls,0 days 00:20:48.696000,2025-11-22 04:05:55.986,1,,False,,False,True
0 days 00:24:51.599000,LAW,30,0 days 00:02:00.496000,4.0,2.0,,,0 days 00:00:35.643000,0 days 00:00:41.355000,0 days 00:00:43.498000,0 days 00:23:26.746000,0 days 00:24:08.101000,0 days 00:24:51.599000,138.0,176.0,273.0,202.0,True,WET,3.0,True,Racing Bulls,0 days 00:22:51.103000,2025-11-22 04:07:58.393,12,,False,,False,True
0 days 00:26:49.787000,LAW,30,0 days 00:01:58.188000,5.0,2.0,,,0 days 00:00:34.882000,0 days 00:00:40.895000,0 days 00:00:42.411000,0 days 00:25:26.481000,0 days 00:26:07.376000,0 days 00:26:49.787000,137.0,175.0,282.0,212.0,True,WET,4.0,True,Racing Bulls,0 days 00:24:51.599000,2025-11-22 04:09:58.889,12,,False,,False,True
0 days 00:28:50.627000,LAW,30,0 days 00:02:00.840000,6.0,2.0,,,0 days 00:00:37.729000,0 days 00:00:40.705000,0 days 00:00:42.406000,0 days 00:27:27.516000,0 days 00:28:08.221000,0 days 00:28:50.627000,141.0,179.0,288.0,212.0,False,WET,5.0,True,Racing Bulls,0 days 00:26:49.787000,2025-11-22 04:11:57.077,12,,False,,False,True
0 days 00:30:46.374000,LAW,30,0 days 00:01:55.747000,7.0,2.0,,,0 days 00:00:33.823000,0 days 00:00:40.149000,0 days 00:00:41.775000,0 days 00:29:24.450000,0 days 00:30:04.599000,0 days 00:30:46.374000,137.0,185.0,291.0,230.0,True,WET,6.0,True,Racing Bulls,0 days 00:28:50.627000,2025-11-22 04:13:57.917,1,,False,,False,True
0 days 00:32:41.202000,LAW,30,0 days 00:01:54.828000,8.0,2.0,,,0 days 00:00:33.359000,0 days 00:00:39.555000,0 days 00:00:41.914000,0 days 00:31:19.733000,0 days 00:31:59.288000,0 days 00:32:41.202000,135.0,186.0,291.0,221.0,True,WET,7.0,True,Racing Bulls,0 days 00:30:46.374000,2025-11-22 04:15:53.664,12,,False,,False,True
0 days 00:34:45.826000,LAW,30,0 days 00:02:04.624000,9.0,2.0,,0 days 00:34:42.451000,0 days 00:00:33.166000,0 days 00:00:39.165000,0 days 00:00:52.293000,0 days 00:33:14.368000,0 days 00:33:53.533000,0 days 00:34:45.826000,143.0,180.0,,249.0,False,WET,8.0,True,Racing Bulls,0 days 00:32:41.202000,2025-11-22 04:17:48.492,12,,False,,False,False
0 days 00:48:35.930000,LAW,30,,10.0,3.0,0 days 00:46:25.090000,,,0 days 00:00:46.205000,0 days 00:00:42.302000,,0 days 00:47:53.628000,0 days 00:48:36.059000,109.0,166.0,292.0,208.0,False,WET,1.0,True,Racing Bulls,0 days 00:34:45.826000,2025-11-22 04:19:53.116,12,,False,,False,False
0 days 00:50:29.699000,LAW,30,0 days 00:01:53.769000,11.0,3.0,,,0 days 00:00:33.025000,0 days 00:00:39.451000,0 days 00:00:41.293000,0 days 00:49:08.955000,0 days 00:49:48.406000,0 days 00:50:29.699000,142.0,185.0,298.0,232.0,True,WET,2.0,True,Racing Bulls,0 days 00:48:35.930000,2025-11-22 04:33:43.220,1,,False,,False,True
0 days 00:52:30.905000,LAW,30,0 days 00:02:01.206000,12.0,3.0,,,0 days 00:00:32.712000,0 days 00:00:39.615000,0 days 00:00:48.879000,0 days 00:51:02.411000,0 days 00:51:42.026000,0 days 00:52:30.905000,141.0,175.0,303.0,158.0,False,WET,3.0,True,Racing Bulls,0 days 00:50:29.699000,2025-11-22 04:35:36.989,12,,False,,False,True
0 days 00:54:23.024000,LAW,30,0 days 00:01:52.119000,13.0,3.0,,,0 days 00:00:32.310000,0 days 00:00:38.750000,0 days 00:00:41.059000,0 days 00:53:03.215000,0 days 00:53:41.965000,0 days 00:54:23.024000,143.0,184.0,287.0,241.0,True,WET,4.0,True,Racing Bulls,0 days 00:52:30.905000,2025-11-22 04:37:38.195,1,,False,,False,True
0 days 00:56:35.908000,LAW,30,0 days 00:02:12.884000,14.0,3.0,,,0 days 00:00:39.270000,0 days 00:00:47.824000,0 days 00:00:45.790000,0 days 00:55:02.294000,0 days 00:55:50.118000,0 days 00:56:35.908000,128.0,137.0,305.0,187.0,False,WET,5.0,True,Racing Bulls,0 days 00:54:23.024000,2025-11-22 04:39:30.314,12,,False,,False,True
0 days 00:58:27.846000,LAW,30,0 days 00:01:51.938000,15.0,3.0,,,0 days 00:00:32.248000,0 days 00:00:38.816000,0 days 00:00:40.874000,0 days 00:57:08.156000,0 days 00:57:46.972000,0 days 00:58:27.846000,144.0,182.0,310.0,231.0,True,WET,6.0,True,Racing Bulls,0 days 00:56:35.908000,2025-11-22 04:41:43.198,1,,False,,False,True
0 days 01:00:35.427000,LAW,30,0 days 00:02:07.581000,16.0,3.0,,,0 days 00:00:35.610000,0 days 00:00:46.274000,0 days 00:00:45.697000,0 days 00:59:03.456000,0 days 00:59:49.730000,0 days 01:00:35.427000,126.0,149.0,310.0,212.0,False,WET,7.0,True,Racing Bulls,0 days 00:58:27.846000,2025-11-22 04:43:35.136,1,,False,,False,True
0 days 01:02:27.048000,LAW,30,0 days 00:01:51.621000,17.0,3.0,,,0 days 00:00:32.028000,0 days 00:00:38.870000,0 days 00:00:40.723000,0 days 01:01:07.455000,0 days 01:01:46.325000,0 days 01:02:27.048000,150.0,187.0,311.0,230.0,True,WET,8.0,True,Racing Bulls,0 days 01:00:35.427000,2025-11-22 04:45:42.717,12,,False,,False,True
0 days 01:04:41.974000,LAW,30,0 days 00:02:14.926000,18.0,3.0,,0 days 01:04:38.826000,0 days 00:00:37.773000,0 days 00:00:43.363000,0 days 00:00:53.790000,0 days 01:03:04.821000,0 days 01:03:48.184000,0 days 01:04:41.974000,131.0,175.0,,182.0,False,WET,9.0,True,Racing Bulls,0 days 01:02:27.048000,2025-11-22 04:47:34.338,1,,False,,False,False
0 days 01:11:24.405000,LAW,30,,19.0,4.0,0 days 01:09:16.659000,,,0 days 00:00:42.872000,0 days 00:00:41.755000,,0 days 01:10:42.794000,0 days 01:11:24.409000,124.0,168.0,308.0,208.0,False,INTERMEDIATE,1.0,True,Racing Bulls,0 days 01:04:41.974000,2025-11-22 04:49:49.264,12,,False,,False,False
0 days 01:13:16.479000,LAW,30,0 days 00:01:52.074000,20.0,4.0,,,0 days 00:00:32.485000,0 days 00:00:38.877000,0 days 00:00:40.712000,0 days 01:11:56.890000,0 days 01:12:35.767000,0 days 01:13:16.479000,141.0,186.0,311.0,230.0,True,INTERMEDIATE,2.0,True,Racing Bulls,0 days 01:11:24.405000,2025-11-22 04:56:31.695,1,,False,,False,True
0 days 01:15:06.625000,LAW,30,0 days 00:01:50.146000,21.0,4.0,,,0 days 00:00:31.846000,0 days 00:00:38.067000,0 days 00:00:40.233000,0 days 01:13:48.325000,0 days 01:14:26.392000,0 days 01:15:06.625000,139.0,182.0,315.0,267.0,True,INTERMEDIATE,3.0,True,Racing Bulls,0 days 01:13:16.479000,2025-11-22 04:58:23.769,1,,False,,False,True
0 days 01:16:55.992000,LAW,30,0 days 00:01:49.367000,22.0,4.0,,,0 days 00:00:31.479000,0 days 00:00:37.920000,0 days 00:00:39.968000,0 days 01:15:38.104000,0 days 01:16:16.024000,0 days 01:16:55.992000,149.0,192.0,316.0,253.0,True,INTERMEDIATE,4.0,True,Racing Bulls,0 days 01:15:06.625000,2025-11-22 05:00:13.915,12,,False,,False,True
0 days 01:19:06.393000,LAW,30,0 days 00:02:10.401000,23.0,4.0,,,0 days 00:00:41.669000,0 days 00:00:42.363000,0 days 00:00:46.369000,0 days 01:17:37.661000,0 days 01:18:20.024000,0 days 01:19:06.393000,128.0,173.0,316.0,180.0,False,INTERMEDIATE,5.0,True,Racing Bulls,0 days 01:16:55.992000,2025-11-22 05:02:03.282,1,,False,,False,True
0 days 01:20:55.455000,LAW,30,0 days 00:01:49.062000,24.0,4.0,,,0 days 00:00:31.385000,0 days 00:00:37.593000,0 days 00:00:40.084000,0 days 01:19:37.778000,0 days 01:20:15.371000,0 days 01:20:55.455000,149.0,192.0,318.0,247.0,True,INTERMEDIATE,6.0,True,Racing Bulls,0 days 01:19:06.393000,2025-11-22 05:04:13.683,1,,False,,False,True
0 days 01:23:15.620000,LAW,30,,25.0,4.0,,0 days 01:23:15.620000,0 days 00:00:37.764000,0 days 00:00:42.905000,,0 days 01:21:33.413000,0 days 01:22:16.280000,,134.0,178.0,,152.0,False,INTERMEDIATE,7.0,True,Racing Bulls,0 days 01:20:55.455000,2025-11-22 05:06:02.745,12,,False,,False,False
0 days 00:17:04.829000,ALO,14,,1.0,1.0,0 days 00:14:56.326000,,,0 days 00:00:46.480000,0 days 00:00:46.301000,,0 days 00:16:18.565000,0 days 00:17:04.906000,128.0,163.0,206.0,184.0,False,WET,1.0,True,Aston Martin,0 days 00:14:56.326000,2025-11-22 04:00:03.616,1,,False,,False,False
0 days 00:19:08.078000,ALO,14,0 days 00:02:03.249000,2.0,1.0,,,0 days 00:00:36.045000,0 days 00:00:42.250000,0 days 00:00:44.954000,0 days 00:17:40.874000,0 days 00:18:23.124000,0 days 00:19:08.078000,134.0,177.0,223.0,197.0,True,WET,2.0,True,Aston Martin,0 days 00:17:04.829000,2025-11-22 04:02:12.119,12,,False,,False,True
0 days 00:21:08.825000,ALO,14,0 days 00:02:00.747000,3.0,1.0,,,0 days 00:00:34.971000,0 days 00:00:41.544000,0 days 00:00:44.232000,0 days 00:19:43.049000,0 days 00:20:24.593000,0 days 00:21:08.825000,135.0,180.0,221.0,207.0,True,WET,3.0,True,Aston Martin,0 days 00:19:08.078000,2025-11-22 04:04:15.368,12,,False,,False,True
0 days 00:23:15.268000,ALO,14,0 days 00:02:06.443000,4.0,1.0,,,0 days 00:00:35.084000,0 days 00:00:43.453000,0 days 00:00:47.906000,0 days 00:21:43.909000,0 days 00:22:27.362000,0 days 00:23:15.268000,138.0,170.0,244.0,139.0,False,WET,4.0,True,Aston Martin,0 days 00:21:08.825000,2025-11-22 04:06:16.115,1,,False,,False,True
0 days 00:25:12.937000,ALO,14,0 days 00:01:57.669000,5.0,1.0,,,0 days 00:00:33.905000,0 days 00:00:40.370000,0 days 00:00:43.394000,0 days 00:23:49.173000,0 days 00:24:29.543000,0 days 00:25:12.937000,140.0,181.0,252.0,205.0,True,WET,5.0,True,Aston Martin,0 days 00:23:15.268000,2025-11-22 04:08:22.558,12,,False,,False,True
0 days 00:27:21.588000,ALO,14,0 days 00:02:08.651000,6.0,1.0,,,0 days 00:00:36.454000,0 days 00:00:43.058000,0 days 00:00:49.139000,0 days 00:25:49.391000,0 days 00:26:32.449000,0 days 00:27:21.588000,136.0,178.0,233.0,162.0,False,WET,6.0,True,Aston Martin,0 days 00:25:12.937000,2025-11-22 04:10:20.227,12,,True,DOUBLE YELLOW AT TURN 16,False,True
0 days 00:29:17.385000,ALO,14,0 days 00:01:55.797000,7.0,1.0,,,0 days 00:00:33.429000,0 days 00:00:39.599000,0 days 00:00:42.769000,0 days 00:27:55.017000,0 days 00:28:34.616000,0 days 00:29:17.385000,143.0,186.0,256.0,207.0,True,WET,7.0,True,Aston Martin,0 days 00:27:21.588000,2025-11-22 04:12:28.878,12,,False,,False,True
0 days 00:31:21.762000,ALO,14,0 days 00:02:04.377000,8.0,1.0,,,0 days 00:00:37.462000,0 days 00:00:42.181000,0 days 00:00:44.734000,0 days 00:29:54.847000,0 days 00:30:37.028000,0 days 00:31:21.762000,129.0,155.0,272.0,187.0,False,WET,8.0,True,Aston Martin,0 days 00:29:17.385000,2025-11-22 04:14:24.675,1,,False,,False,True
0 days 00:33:15.501000,ALO,14,0 days 00:01:53.739000,9.0,1.0,,,0 days 00:00:32.787000,0 days 00:00:39.307000,0 days 00:00:41.645000,0 days 00:31:54.549000,0 days 00:32:33.856000,0 days 00:33:15.501000,145.0,186.0,272.0,227.0,True,WET,9.0,True,Aston Martin,0 days 00:31:21.762000,2025-11-22 04:16:29.052,12,,False,,False,True
0 days 00:35:47.239000,ALO,14,0 days 00:02:31.738000,10.0,1.0,,0 days 00:35:42.853000,0 days 00:00:37.330000,0 days 00:00:45.372000,0 days 00:01:09.036000,0 days 00:33:52.831000,0 days 00:34:38.203000,0 days 00:35:47.239000,137.0,167.0,,145.0,False,WET,10.0,True,Aston Martin,0 days 00:33:15.501000,2025-11-22 04:18:22.791,21,,False,,False,False
0 days 00:49:02.395000,ALO,14,,11.0,2.0,0 days 00:46:50.911000,,,0 days 00:00:42.899000,0 days 00:00:48.237000,,0 days 00:48:14.249000,0 days 00:49:02.466000,126.0,166.0,268.0,128.0,False,WET,11.0,False,Aston Martin,0 days 00:35:47.239000,2025-11-22 04:20:54.529,12,,False,,False,False
0 days 00:50:56.246000,ALO,14,0 days 00:01:53.851000,12.0,2.0,,,0 days 00:00:33.136000,0 days 00:00:39.091000,0 days 00:00:41.624000,0 days 00:49:35.531000,0 days 00:50:14.622000,0 days 00:50:56.246000,144.0,181.0,284.0,231.0,True,WET,12.0,False,Aston Martin,0 days 00:49:02.395000,2025-11-22 04:34:09.685,1,,False,,False,True
0 days 00:52:49.117000,ALO,14,0 days 00:01:52.871000,13.0,2.0,,,0 days 00:00:32.609000,0 days 00:00:38.658000,0 days 00:00:41.604000,0 days 00:51:28.855000,0 days 00:52:07.513000,0 days 00:52:49.117000,145.0,181.0,291.0,237.0,True,WET,13.0,False,Aston Martin,0 days 00:50:56.246000,2025-11-22 04:36:03.536,12,,False,,False,True
0 days 00:55:05.858000,ALO,14,0 days 00:02:16.741000,14.0,2.0,,,0 days 00:00:37.319000,0 days 00:00:44.896000,0 days 00:00:54.526000,0 days 00:53:26.436000,0 days 00:54:11.332000,0 days 00:55:05.858000,130.0,142.0,278.0,124.0,False,WET,14.0,False,Aston Martin,0 days 00:52:49.117000,2025-11-22 04:37:56.407,1,,False,,False,True
0 days 00:57:04.431000,ALO,14,0 days 00:01:58.573000,15.0,2.0,,,0 days 00:00:32.109000,0 days 00:00:42.027000,0 days 00:00:44.437000,0 days 00:55:37.967000,0 days 00:56:19.994000,0 days 00:57:04.431000,147.0,169.0,282.0,202.0,False,WET,15.0,False,Aston Martin,0 days 00:55:05.858000,2025-11-22 04:40:13.148,12,,False,,False,True
0 days 00:58:56.296000,ALO,14,0 days 00:01:51.865000,16.0,2.0,,,0 days 00:00:31.980000,0 days 00:00:38.903000,0 days 00:00:40.982000,0 days 00:57:36.411000,0 days 00:58:15.314000,0 days 00:58:56.296000,144.0,180.0,297.0,242.0,True,WET,16.0,False,Aston Martin,0 days 00:57:04.431000,2025-11-22 04:42:11.721,1,,False,,False,True
0 days 01:00:52.584000,ALO,14,0 days 00:01:56.288000,17.0,2.0,,,0 days 00:00:34.455000,0 days 00:00:39.942000,0 days 00:00:41.891000,0 days 00:59:30.751000,0 days 01:00:10.693000,0 days 01:00:52.584000,147.0,187.0,290.0,225.0,False,WET,17.0,False,Aston Martin,0 days 00:58:56.296000,2025-11-22 04:44:03.586,1,,False,,False,True
0 days 01:02:59.228000,ALO,14,0 days 00:02:06.644000,18.0,2.0,,0 days 01:02:56.284000,0 days 00:00:32.088000,0 days 00:00:41.123000,0 days 00:00:53.433000,0 days 01:01:24.672000,0 days 01:02:05.795000,0 days 01:02:59.228000,146.0,171.0,,179.0,False,WET,18.0,False,Aston Martin,0 days 01:00:52.584000,2025-11-22 04:45:59.874,12,,False,,False,False
0 days 01:11:42.118000,ALO,14,,19.0,3.0,0 days 01:09:30.337000,,,0 days 00:00:43.848000,0 days 00:00:46.668000,,0 days 01:10:55.578000,0 days 01:11:42.138000,125.0,166.0,281.0,183.0,False,INTERMEDIATE,1.0,True,Aston Martin,0 days 01:02:59.228000,2025-11-22 04:48:06.518,12,,False,,False,False
0 days 01:13:38.356000,ALO,14,0 days 00:01:56.238000,20.0,3.0,,,0 days 00:00:33.437000,0 days 00:00:40.546000,0 days 00:00:42.255000,0 days 01:12:15.555000,0 days 01:12:56.101000,0 days 01:13:38.356000,139.0,179.0,295.0,233.0,True,INTERMEDIATE,2.0,True,Aston Martin,0 days 01:11:42.118000,2025-11-22 04:56:49.408,1,,False,,False,True
0 days 01:15:29.490000,ALO,14,0 days 00:01:51.134000,21.0,3.0,,,0 days 00:00:31.910000,0 days 00:00:38.561000,0 days 00:00:40.663000,0 days 01:14:10.266000,0 days 01:14:48.827000,0 days 01:15:29.490000,144.0,184.0,304.0,241.0,True,INTERMEDIATE,3.0,True,Aston Martin,0 days 01:13:38.356000,2025-11-22 04:58:45.646,12,,False,,False,True
0 days 01:17:19.837000,ALO,14,0 days 00:01:50.347000,22.0,3.0,,,0 days 00:00:31.544000,0 days 00:00:37.998000,0 days 00:00:40.805000,0 days 01:16:01.034000,0 days 01:16:39.032000,0 days 01:17:19.837000,153.0,195.0,310.0,243.0,True,INTERMEDIATE,4.0,True,Aston Martin,0 days 01:15:29.490000,2025-11-22 05:00:36.780,1,,False,,False,True
0 days 01:19:29.192000,ALO,14,0 days 00:02:09.355000,23.0,3.0,,,0 days 00:00:35.165000,0 days 00:00:43.572000,0 days 00:00:50.618000,0 days 01:17:55.002000,0 days 01:18:38.574000,0 days 01:19:29.192000,120.0,178.0,303.0,109.0,False,INTERMEDIATE,5.0,True,Aston Martin,0 days 01:17:19.837000,2025-11-22 05:02:27.127,1,,False,,False,True
0 days 01:21:18.658000,ALO,14,0 days 00:01:49.466000,24.0,3.0,,,0 days 00:00:31.379000,0 days 00:00:37.563000,0 days 00:00:40.524000,0 days 01:20:00.571000,0 days 01:20:38.134000,0 days 01:21:18.658000,145.0,193.0,310.0,232.0,True,INTERMEDIATE,6.0,True,Aston Martin,0 days 01:19:29.192000,2025-11-22 05:04:36.482,1,,False,,False,True
0 days 01:23:33.582000,ALO,14,,25.0,3.0,,0 days 01:23:33.582000,0 days 00:00:36.754000,0 days 00:00:44.241000,,0 days 01:21:55.523000,0 days 01:22:39.778000,,135.0,170.0,,165.0,False,INTERMEDIATE,7.0,True,Aston Martin,0 days 01:21:18.658000,2025-11-22 05:06:25.948,12,,False,,False,False
0 days 00:18:26.698000,HAD,6,,1.0,1.0,0 days 00:15:33.601000,0 days 00:18:23.603000,,0 days 00:00:50.287000,0 days 00:01:10.788000,,0 days 00:17:15.910000,0 days 00:18:26.840000,105.0,154.0,,169.0,False,INTERMEDIATE,1.0,True,Racing Bulls,0 days 00:15:33.601000,2025-11-22 04:00:40.891,12,,False,,False,False
0 days 00:20:59.347000,HAD,6,,2.0,2.0,0 days 00:18:49.353000,,0 days 00:00:58.452000,0 days 00:00:45.048000,0 days 00:00:49.233000,0 days 00:19:25.215000,0 days 00:20:10.283000,0 days 00:20:59.347000,126.0,160.0,213.0,127.0,False,WET,1.0,True,Racing Bulls,0 days 00:18:26.698000,2025-11-22 04:03:33.988,21,,False,,False,False
0 days 00:23:07.202000,HAD,6,0 days 00:02:07.855000,3.0,2.0,,,0 days 00:00:35.720000,0 days 00:00:42.105000,0 days 00:00:50.030000,0 days 00:21:35.067000,0 days 00:22:17.172000,0 days 00:23:07.202000,135.0,169.0,235.0,125.0,True,WET,2.0,True,Racing Bulls,0 days 00:20:59.347000,2025-11-22 04:06:06.637,1,,False,,False,True
0 days 00:25:08.099000,HAD,6,0 days 00:02:00.897000,4.0,2.0,,,0 days 00:00:34.693000,0 days 00:00:41.831000,0 days 00:00:44.373000,0 days 00:23:41.895000,0 days 00:24:23.726000,0 days 00:25:08.099000,134.0,172.0,225.0,199.0,True,WET,3.0,True,Racing Bulls,0 days 00:23:07.202000,2025-11-22 04:08:14.492,12,,False,,False,True
0 days 00:27:10.702000,HAD,6,0 days 00:02:02.603000,5.0,2.0,,,0 days 00:00:35.020000,0 days 00:00:41.279000,0 days 00:00:46.304000,0 days 00:25:43.119000,0 days 00:26:24.398000,0 days 00:27:10.702000,138.0,171.0,246.0,202.0,False,WET,4.0,True,Racing Bulls,0 days 00:25:08.099000,2025-11-22 04:10:15.389,12,,False,,False,True
0 days 00:29:08.150000,HAD,6,0 days 00:01:57.448000,6.0,2.0,,,0 days 00:00:33.928000,0 days 00:00:41.078000,0 days 00:00:42.442000,0 days 00:27:44.630000,0 days 00:28:25.708000,0 days 00:29:08.150000,137.0,173.0,256.0,224.0,True,WET,5.0,True,Racing Bulls,0 days 00:27:10.702000,2025-11-22 04:12:17.992,21,,False,,False,True
0 days 00:31:03.800000,HAD,6,0 days 00:01:55.650000,7.0,2.0,,,0 days 00:00:33.309000,0 days 00:00:40.018000,0 days 00:00:42.323000,0 days 00:29:41.459000,0 days 00:30:21.477000,0 days 00:31:03.800000,142.0,180.0,271.0,207.0,True,WET,6.0,True,Racing Bulls,0 days 00:29:08.150000,2025-11-22 04:14:15.440,1,,False,,False,True
0 days 00:32:59.413000,HAD,6,0 days 00:01:55.613000,8.0,2.0,,,0 days 00:00:33.038000,0 days 00:00:40.248000,0 days 00:00:42.327000,0 days 00:31:36.838000,0 days 00:32:17.086000,0 days 00:32:59.413000,142.0,179.0,279.0,212.0,True,WET,7.0,True,Racing Bulls,0 days 00:31:03.800000,2025-11-22 04:16:11.090,12,,False,,False,True
0 days 00:35:44.897000,HAD,6,0 days 00:02:45.484000,9.0,2.0,,0 days 00:35:40.596000,0 days 00:00:45.727000,0 days 00:00:49.846000,0 days 00:01:09.911000,0 days 00:33:45.140000,0 days 00:34:34.986000,0 days 00:35:44.897000,113.0,135.0,,143.0,False,WET,8.0,True,Racing Bulls,0 days 00:32:59.413000,2025-11-22 04:18:06.703,12,,False,,False,False
0 days 00:48:19.467000,HAD,6,,10.0,3.0,0 days 00:46:09.821000,,,0 days 00:00:42.716000,0 days 00:00:42.546000,,0 days 00:47:36.972000,0 days 00:48:19.472000,124.0,174.0,280.0,208.0,False,WET,1.0,True,Racing Bulls,0 days 00:35:44.897000,2025-11-22 04:20:52.187,12,,False,,False,False
0 days 00:50:13.749000,HAD,6,0 days 00:01:54.282000,11.0,3.0,,,0 days 00:00:33.288000,0 days 00:00:39.364000,0 days 00:00:41.630000,0 days 00:48:52.755000,0 days 00:49:32.119000,0 days 00:50:13.749000,137.0,183.0,287.0,221.0,True,WET,2.0,True,Racing Bulls,0 days 00:48:19.467000,2025-11-22 04:33:26.757,1,,False,,False,True
0 days 00:52:07.507000,HAD,6,0 days 00:01:53.758000,12.0,3.0,,,0 days 00:00:32.663000,0 days 00:00:39.699000,0 days 00:00:41.396000,0 days 00:50:46.412000,0 days 00:51:26.111000,0 days 00:52:07.507000,136.0,180.0,295.0,228.0,True,WET,3.0,True,Racing Bulls,0 days 00:50:13.749000,2025-11-22 04:35:21.039,12,,False,,False,True
0 days 00:54:16.240000,HAD,6,0 days 00:02:08.733000,13.0,3.0,,,0 days 00:00:37.360000,0 days 00:00:42.905000,0 days 00:00:48.468000,0 days 00:52:44.867000,0 days 00:53:27.772000,0 days 00:54:16.240000,125.0,156.0,298.0,132.0,False,WET,4.0,True,Racing Bulls,0 days 00:52:07.507000,2025-11-22 04:37:14.797,1,,False,,False,True
0 days 00:56:08.280000,HAD,6,0 days 00:01:52.040000,14.0,3.0,,,0 days 00:00:32.026000,0 days 00:00:38.780000,0 days 00:00:41.234000,0 days 00:54:48.266000,0 days 00:55:27.046000,0 days 00:56:08.280000,144.0,181.0,308.0,238.0,True,WET,5.0,True,Racing Bulls,0 days 00:54:16.240000,2025-11-22 04:39:23.530,12,,False,,False,True
0 days 00:58:07.052000,HAD,6,0 days 00:01:58.772000,15.0,3.0,,,0 days 00:00:32.107000,0 days 00:00:41.097000,0 days 00:00:45.568000,0 days 00:56:40.387000,0 days 00:57:21.484000,0 days 00:58:07.052000,142.0,160.0,229.0,212.0,False,WET,6.0,True,Racing Bulls,0 days 00:56:08.280000,2025-11-22 04:41:15.570,1,,False,,False,True
0 days 01:00:14.498000,HAD,6,0 days 00:02:07.446000,16.0,3.0,,,0 days 00:00:39.156000,0 days 00:00:42.695000,0 days 00:00:45.595000,0 days 00:58:46.208000,0 days 00:59:28.903000,0 days 01:00:14.498000,126.0,160.0,310.0,203.0,False,WET,7.0,True,Racing Bulls,0 days 00:58:07.052000,2025-11-22 04:43:14.342,1,,False,,False,True
0 days 01:02:05.618000,HAD,6,0 days 00:01:51.120000,17.0,3.0,,,0 days 00:00:31.836000,0 days 00:00:38.525000,0 days 00:00:40.759000,0 days 01:00:46.334000,0 days 01:01:24.859000,0 days 01:02:05.618000,150.0,183.0,311.0,238.0,True,WET,8.0,True,Racing Bulls,0 days 01:00:14.498000,2025-11-22 04:45:21.788,12,,False,,False,True
0 days 01:04:22.657000,HAD,6,0 days 00:02:17.039000,18.0,3.0,,0 days 01:04:19.751000,0 days 00:00:37.436000,0 days 00:00:45.147000,0 days 00:00:54.456000,0 days 01:02:43.054000,0 days 01:03:28.201000,0 days 01:04:22.657000,114.0,157.0,,218.0,False,WET,9.0,True,Racing Bulls,0 days 01:02:05.618000,2025-11-22 04:47:12.908,1,,False,,False,False
0 days 01:11:16.446000,HAD,6,,19.0,4.0,0 days 01:09:10.379000,,,0 days 00:00:43.131000,0 days 00:00:41.444000,,0 days 01:10:35.100000,0 days 01:11:16.446000,127.0,173.0,310.0,226.0,False,INTERMEDIATE,1.0,True,Racing Bulls,0 days 01:04:22.657000,2025-11-22 04:49:29.947,12,,False,,False,False
0 days 01:13:07.792000,HAD,6,0 days 00:01:51.346000,20.0,4.0,,,0 days 00:00:32.079000,0 days 00:00:38.688000,0 days 00:00:40.579000,0 days 01:11:48.525000,0 days 01:12:27.213000,0 days 01:13:07.792000,135.0,183.0,314.0,245.0,True,INTERMEDIATE,2.0,True,Racing Bulls,0 days 01:11:16.446000,2025-11-22 04:56:23.736,1,,False,,False,True
0 days 01:14:59.340000,HAD,6,0 days 00:01:51.548000,21.0,4.0,,,0 days 00:00:31.896000,0 days 00:00:39.138000,0 days 00:00:40.514000,0 days 01:13:39.688000,0 days 01:14:18.826000,0 days 01:14:59.340000,144.0,171.0,315.0,260.0,False,INTERMEDIATE,3.0,True,Racing Bulls,0 days 01:13:07.792000,2025-11-22 04:58:15.082,1,,True,TRACK LIMITS AT TURN 8 LAP 22 ,False,True
0 days 01:16:49.384000,HAD,6,0 days 00:01:50.044000,22.0,4.0,,,0 days 00:00:31.271000,0 days 00:00:38.649000,0 days 00:00:40.124000,0 days 01:15:30.611000,0 days 01:16:09.260000,0 days 01:16:49.384000,145.0,187.0,313.0,260.0,True,INTERMEDIATE,4.0,True,Racing Bulls,0 days 01:14:59.340000,2025-11-22 05:00:06.630,12,,False,,False,True
0 days 01:19:00.546000,HAD,6,0 days 00:02:11.162000,23.0,4.0,,,0 days 00:00:40.121000,0 days 00:00:46.295000,0 days 00:00:44.746000,0 days 01:17:29.505000,0 days 01:18:15.800000,0 days 01:19:00.546000,129.0,164.0,312.0,203.0,False,INTERMEDIATE,5.0,True,Racing Bulls,0 days 01:16:49.384000,2025-11-22 05:01:56.674,1,,False,,False,True
0 days 01:20:50.100000,HAD,6,0 days 00:01:49.554000,24.0,4.0,,,0 days 00:00:31.151000,0 days 00:00:38.325000,0 days 00:00:40.078000,0 days 01:19:31.697000,0 days 01:20:10.022000,0 days 01:20:50.100000,144.0,190.0,317.0,267.0,True,INTERMEDIATE,6.0,True,Racing Bulls,0 days 01:19:00.546000,2025-11-22 05:04:07.836,1,,False,,False,True
0 days 01:23:03.318000,HAD,6,,25.0,4.0,,0 days 01:23:03.318000,0 days 00:00:30.846000,0 days 00:00:43.403000,,0 days 01:21:20.952000,0 days 01:22:04.339000,,151.0,94.0,,193.0,False,INTERMEDIATE,7.0,True,Racing Bulls,0 days 01:20:50.100000,2025-11-22 05:05:57.390,12,,False,,False,False
0 days 00:18:02.093000,LEC,16,,1.0,1.0,0 days 00:15:29.746000,,,0 days 00:00:47.935000,0 days 00:00:53.681000,,0 days 00:17:08.429000,0 days 00:18:02.093000,115.0,151.0,185.0,139.0,False,INTERMEDIATE,1.0,True,Ferrari,0 days 00:15:29.746000,2025-11-22 04:00:37.036,12,,False,,False,False
0 days 00:20:29.759000,LEC,16,0 days 00:02:27.666000,2.0,1.0,,0 days 00:20:25.800000,0 days 00:00:40.699000,0 days 00:00:47.852000,0 days 00:00:59.115000,0 days 00:18:42.792000,0 days 00:19:30.644000,0 days 00:20:29.759000,113.0,152.0,,190.0,False,INTERMEDIATE,2.0,True,Ferrari,0 days 00:18:02.093000,2025-11-22 04:03:09.383,12,,False,,False,False
0 days 00:23:04.435000,LEC,16,,3.0,2.0,0 days 00:20:53.123000,,0 days 00:00:58.783000,0 days 00:00:46.010000,0 days 00:00:49.938000,0 days 00:21:28.576000,0 days 00:22:14.574000,0 days 00:23:04.712000,128.0,146.0,222.0,208.0,False,WET,1.0,True,Ferrari,0 days 00:20:29.759000,2025-11-22 04:05:37.049,21,,False,,False,False
0 days 00:25:07.645000,LEC,16,0 days 00:02:03.210000,4.0,2.0,,,0 days 00:00:34.147000,0 days 00:00:41.033000,0 days 00:00:48.030000,0 days 00:23:38.582000,0 days 00:24:19.615000,0 days 00:25:07.645000,136.0,176.0,241.0,268.0,False,WET,2.0,True,Ferrari,0 days 00:23:04.435000,2025-11-22 04:08:11.725,12,,True,TRACK LIMITS AT TURN 14 LAP 5 ,False,True
0 days 00:27:32.225000,LEC,16,0 days 00:02:24.580000,5.0,2.0,,,0 days 00:00:33.757000,0 days 00:00:40.247000,0 days 00:01:10.576000,0 days 00:25:41.402000,0 days 00:26:21.649000,0 days 00:27:32.225000,140.0,177.0,249.0,206.0,True,WET,3.0,True,Ferrari,0 days 00:25:07.645000,2025-11-22 04:10:14.935,12,,False,,False,True
0 days 00:29:28.769000,LEC,16,0 days 00:01:56.544000,6.0,2.0,,,0 days 00:00:33.389000,0 days 00:00:40.244000,0 days 00:00:42.911000,0 days 00:28:05.614000,0 days 00:28:45.858000,0 days 00:29:28.769000,137.0,184.0,253.0,228.0,True,WET,4.0,True,Ferrari,0 days 00:27:32.225000,2025-11-22 04:12:39.515,12,,False,,False,True
0 days 00:31:23.625000,LEC,16,0 days 00:01:54.856000,7.0,2.0,,,0 days 00:00:33.031000,0 days 00:00:39.417000,0 days 00:00:42.408000,0 days 00:30:01.800000,0 days 00:30:41.217000,0 days 00:31:23.625000,142.0,184.0,276.0,218.0,True,WET,5.0,True,Ferrari,0 days 00:29:28.769000,2025-11-22 04:14:36.059,1,,False,,False,True
0 days 00:33:18.439000,LEC,16,0 days 00:01:54.814000,8.0,2.0,,,0 days 00:00:32.908000,0 days 00:00:39.314000,0 days 00:00:42.592000,0 days 00:31:56.533000,0 days 00:32:35.847000,0 days 00:33:18.439000,142.0,184.0,281.0,209.0,True,WET,6.0,True,Ferrari,0 days 00:31:23.625000,2025-11-22 04:16:30.915,12,,False,,False,True
0 days 00:35:49.305000,LEC,16,0 days 00:02:30.866000,9.0,2.0,,0 days 00:35:44.901000,0 days 00:00:39.914000,0 days 00:00:44.309000,0 days 00:01:06.643000,0 days 00:33:58.353000,0 days 00:34:42.662000,0 days 00:35:49.305000,123.0,168.0,,151.0,False,WET,7.0,True,Ferrari,0 days 00:33:18.439000,2025-11-22 04:18:25.729,21,,False,,False,False
0 days 00:49:09.348000,LEC,16,,10.0,3.0,0 days 00:46:56.274000,,,0 days 00:00:42.546000,0 days 00:00:47.019000,,0 days 00:48:22.489000,0 days 00:49:09.382000,130.0,167.0,244.0,196.0,False,WET,1.0,True,Ferrari,0 days 00:35:49.305000,2025-11-22 04:20:56.595,12,,False,,False,False
0 days 00:51:06.946000,LEC,16,0 days 00:01:57.598000,11.0,3.0,,,0 days 00:00:33.105000,0 days 00:00:40.598000,0 days 00:00:43.895000,0 days 00:49:42.453000,0 days 00:50:23.051000,0 days 00:51:06.946000,141.0,176.0,270.0,223.0,True,WET,2.0,True,Ferrari,0 days 00:49:09.348000,2025-11-22 04:34:16.638,1,,False,,False,True
0 days 00:53:00.292000,LEC,16,0 days 00:01:53.346000,12.0,3.0,,,0 days 00:00:32.275000,0 days 00:00:39.228000,0 days 00:00:41.843000,0 days 00:51:39.221000,0 days 00:52:18.449000,0 days 00:53:00.292000,141.0,182.0,273.0,237.0,True,WET,3.0,True,Ferrari,0 days 00:51:06.946000,2025-11-22 04:36:14.236,12,,False,,False,True
0 days 00:54:53.759000,LEC,16,0 days 00:01:53.467000,13.0,3.0,,,0 days 00:00:31.929000,0 days 00:00:39.367000,0 days 00:00:42.171000,0 days 00:53:32.221000,0 days 00:54:11.588000,0 days 00:54:53.759000,149.0,178.0,262.0,249.0,False,WET,4.0,True,Ferrari,0 days 00:53:00.292000,2025-11-22 04:38:07.582,1,,False,,False,True
0 days 00:57:09.529000,LEC,16,0 days 00:02:15.770000,14.0,3.0,,,0 days 00:00:38.243000,0 days 00:00:48.803000,0 days 00:00:48.724000,0 days 00:55:32.002000,0 days 00:56:20.805000,0 days 00:57:09.529000,125.0,172.0,278.0,135.0,False,WET,5.0,True,Ferrari,0 days 00:54:53.759000,2025-11-22 04:40:01.049,12,,False,,False,True
0 days 00:59:01.481000,LEC,16,0 days 00:01:51.952000,15.0,3.0,,,0 days 00:00:31.492000,0 days 00:00:39.143000,0 days 00:00:41.317000,0 days 00:57:41.021000,0 days 00:58:20.164000,0 days 00:59:01.481000,144.0,185.0,289.0,256.0,True,WET,6.0,True,Ferrari,0 days 00:57:09.529000,2025-11-22 04:42:16.819,1,,False,,False,True
0 days 01:00:57.089000,LEC,16,0 days 00:01:55.608000,16.0,3.0,,,0 days 00:00:32.081000,0 days 00:00:41.174000,0 days 00:00:42.353000,0 days 00:59:33.562000,0 days 01:00:14.736000,0 days 01:00:57.089000,141.0,179.0,268.0,258.0,False,WET,7.0,True,Ferrari,0 days 00:59:01.481000,2025-11-22 04:44:08.771,1,,True,TRACK LIMITS AT TURN 8 LAP 17 ,False,True
0 days 01:03:13.075000,LEC,16,0 days 00:02:15.986000,17.0,3.0,,0 days 01:03:09.260000,0 days 00:00:37.119000,0 days 00:00:44.508000,0 days 00:00:54.359000,0 days 01:01:34.208000,0 days 01:02:18.716000,0 days 01:03:13.075000,131.0,171.0,,218.0,False,WET,8.0,True,Ferrari,0 days 01:00:57.089000,2025-11-22 04:46:04.379,12,,False,,False,False
0 days 01:10:53.348000,LEC,16,,18.0,4.0,0 days 01:08:55.284000,,,0 days 00:00:42.099000,0 days 00:00:43.261000,,0 days 01:10:10.105000,0 days 01:10:53.394000,130.0,174.0,267.0,232.0,False,INTERMEDIATE,1.0,True,Ferrari,0 days 01:03:13.075000,2025-11-22 04:48:20.365,12,,False,,False,False
0 days 01:12:45.408000,LEC,16,0 days 00:01:52.060000,19.0,4.0,,,0 days 00:00:32.216000,0 days 00:00:38.935000,0 days 00:00:40.909000,0 days 01:11:25.564000,0 days 01:12:04.499000,0 days 01:12:45.408000,140.0,189.0,290.0,254.0,True,INTERMEDIATE,2.0,True,Ferrari,0 days 01:10:53.348000,2025-11-22 04:56:00.638,1,,False,,False,True
0 days 01:14:43.292000,LEC,16,0 days 00:01:57.884000,20.0,4.0,,,0 days 00:00:31.424000,0 days 00:00:38.239000,0 days 00:00:48.221000,0 days 01:13:16.832000,0 days 01:13:55.071000,0 days 01:14:43.292000,148.0,194.0,266.0,303.0,False,INTERMEDIATE,3.0,True,Ferrari,0 days 01:12:45.408000,2025-11-22 04:57:52.698,1,,True,TRACK LIMITS AT TURN 14 LAP 21 ,False,True
0 days 01:16:46.625000,LEC,16,0 days 00:02:03.333000,21.0,4.0,,,0 days 00:00:36.124000,0 days 00:00:40.706000,0 days 00:00:46.503000,0 days 01:15:19.416000,0 days 01:16:00.122000,0 days 01:16:46.625000,139.0,178.0,296.0,174.0,False,INTERMEDIATE,4.0,True,Ferrari,0 days 01:14:43.292000,2025-11-22 04:59:50.582,12,,False,,False,True
0 days 01:18:36.497000,LEC,16,0 days 00:01:49.872000,22.0,4.0,,,0 days 00:00:30.789000,0 days 00:00:38.302000,0 days 00:00:40.781000,0 days 01:17:17.414000,0 days 01:17:55.716000,0 days 01:18:36.497000,151.0,196.0,303.0,240.0,True,INTERMEDIATE,5.0,True,Ferrari,0 days 01:16:46.625000,2025-11-22 05:01:53.915,1,,False,,False,True
0 days 01:20:33.770000,LEC,16,0 days 00:01:57.273000,23.0,4.0,,,0 days 00:00:34.061000,0 days 00:00:39.796000,0 days 00:00:43.416000,0 days 01:19:10.558000,0 days 01:19:50.354000,0 days 01:20:33.770000,145.0,183.0,306.0,201.0,False,INTERMEDIATE,6.0,True,Ferrari,0 days 01:18:36.497000,2025-11-22 05:03:43.787,1,,False,,False,True
0 days 01:22:49.908000,LEC,16,,24.0,4.0,,0 days 01:22:49.908000,0 days 00:00:30.873000,0 days 00:00:48.888000,,0 days 01:21:04.704000,0 days 01:21:53.711000,,148.0,128.0,,217.0,False,INTERMEDIATE,7.0,True,Ferrari,0 days 01:20:33.770000,2025-11-22 05:05:41.060,12,,False,,False,False
0 days 00:17:33.110000,GAS,10,,1.0,1.0,0 days 00:15:02.964000,0 days 00:17:29.049000,,0 days 00:00:52.269000,0 days 00:01:01.761000,,0 days 00:16:31.349000,0 days 00:17:33.249000,113.0,149.0,,169.0,False,INTERMEDIATE,1.0,True,Alpine,0 days 00:15:02.964000,2025-11-22 04:00:10.254,1,,False,,False,False
0 days 00:20:22.757000,GAS,10,,2.0,2.0,0 days 00:18:07.482000,,0 days 00:01:12.364000,0 days 00:00:47.996000,0 days 00:00:49.491000,0 days 00:18:45.476000,0 days 00:19:33.460000,0 days 00:20:22.765000,121.0,146.0,203.0,138.0,False,WET,1.0,True,Alpine,0 days 00:17:33.110000,2025-11-22 04:02:40.400,12,,False,,False,False
0 days 00:22:25.406000,GAS,10,0 days 00:02:02.649000,3.0,2.0,,,0 days 00:00:35.866000,0 days 00:00:42.846000,0 days 00:00:43.937000,0 days 00:20:58.623000,0 days 00:21:41.469000,0 days 00:22:25.406000,132.0,171.0,230.0,218.0,True,WET,2.0,True,Alpine,0 days 00:20:22.757000,2025-11-22 04:05:30.047,12,,False,,False,True
0 days 00:24:24.295000,GAS,10,0 days 00:01:58.889000,4.0,2.0,,,0 days 00:00:34.259000,0 days 00:00:41.309000,0 days 00:00:43.321000,0 days 00:22:59.665000,0 days 00:23:40.974000,0 days 00:24:24.295000,137.0,174.0,244.0,234.0,True,WET,3.0,True,Alpine,0 days 00:22:25.406000,2025-11-22 04:07:32.696,12,,False,,False,True
0 days 00:26:22.275000,GAS,10,0 days 00:01:57.980000,5.0,2.0,,,0 days 00:00:34.373000,0 days 00:00:40.675000,0 days 00:00:42.932000,0 days 00:24:58.668000,0 days 00:25:39.343000,0 days 00:26:22.275000,137.0,175.0,247.0,231.0,True,WET,4.0,True,Alpine,0 days 00:24:24.295000,2025-11-22 04:09:31.585,12,,False,,False,True
0 days 00:28:34.163000,GAS,10,0 days 00:02:11.888000,6.0,2.0,,,0 days 00:00:33.279000,0 days 00:00:40.491000,0 days 00:00:58.118000,0 days 00:26:55.554000,0 days 00:27:36.045000,0 days 00:28:34.163000,141.0,175.0,258.0,232.0,False,WET,5.0,True,Alpine,0 days 00:26:22.275000,2025-11-22 04:11:29.565,12,,True,TRACK LIMITS AT TURN 14 LAP 7 ,False,True
0 days 00:30:29.844000,GAS,10,0 days 00:01:55.681000,7.0,2.0,,,0 days 00:00:33.083000,0 days 00:00:39.989000,0 days 00:00:42.609000,0 days 00:29:07.246000,0 days 00:29:47.235000,0 days 00:30:29.844000,140.0,176.0,267.0,214.0,True,WET,6.0,True,Alpine,0 days 00:28:34.163000,2025-11-22 04:13:41.453,1,,False,,False,True
0 days 00:32:27.813000,GAS,10,0 days 00:01:57.969000,8.0,2.0,,,0 days 00:00:32.948000,0 days 00:00:39.891000,0 days 00:00:45.130000,0 days 00:31:02.792000,0 days 00:31:42.683000,0 days 00:32:27.813000,140.0,177.0,276.0,200.0,False,WET,7.0,True,Alpine,0 days 00:30:29.844000,2025-11-22 04:15:37.134,12,,False,,False,True
0 days 00:34:22.245000,GAS,10,0 days 00:01:54.432000,9.0,2.0,,,0 days 00:00:32.818000,0 days 00:00:39.587000,0 days 00:00:42.027000,0 days 00:33:00.631000,0 days 00:33:40.218000,0 days 00:34:22.245000,131.0,170.0,268.0,234.0,True,WET,8.0,True,Alpine,0 days 00:32:27.813000,2025-11-22 04:17:35.103,21,,False,,False,True
0 days 00:36:40.401000,GAS,10,0 days 00:02:18.156000,10.0,2.0,,0 days 00:36:36.818000,0 days 00:00:40.633000,0 days 00:00:44.055000,0 days 00:00:53.468000,0 days 00:35:02.878000,0 days 00:35:46.933000,0 days 00:36:40.401000,117.0,173.0,,222.0,False,WET,9.0,True,Alpine,0 days 00:34:22.245000,2025-11-22 04:19:29.535,21,,False,,False,False
0 days 00:48:45.263000,GAS,10,,11.0,3.0,0 days 00:46:32.820000,,,0 days 00:00:43.698000,0 days 00:00:49.749000,,0 days 00:47:55.536000,0 days 00:48:45.421000,125.0,166.0,275.0,89.0,False,WET,1.0,True,Alpine,0 days 00:36:40.401000,2025-11-22 04:21:47.691,12,,False,,False,False
0 days 00:50:39.428000,GAS,10,0 days 00:01:54.165000,12.0,3.0,,,0 days 00:00:32.856000,0 days 00:00:39.477000,0 days 00:00:41.832000,0 days 00:49:18.119000,0 days 00:49:57.596000,0 days 00:50:39.428000,138.0,174.0,275.0,240.0,True,WET,2.0,True,Alpine,0 days 00:48:45.263000,2025-11-22 04:33:52.553,1,,False,,False,True
0 days 00:52:33.224000,GAS,10,0 days 00:01:53.796000,13.0,3.0,,,0 days 00:00:32.630000,0 days 00:00:39.735000,0 days 00:00:41.431000,0 days 00:51:12.058000,0 days 00:51:51.793000,0 days 00:52:33.224000,142.0,167.0,281.0,239.0,True,WET,3.0,True,Alpine,0 days 00:50:39.428000,2025-11-22 04:35:46.718,12,,False,,False,True
0 days 00:54:37.679000,GAS,10,0 days 00:02:04.455000,14.0,3.0,,,0 days 00:00:33.573000,0 days 00:00:46.049000,0 days 00:00:44.833000,0 days 00:53:06.797000,0 days 00:53:52.846000,0 days 00:54:37.679000,128.0,157.0,282.0,205.0,False,WET,4.0,True,Alpine,0 days 00:52:33.224000,2025-11-22 04:37:40.514,1,,False,,False,True
0 days 00:56:39.502000,GAS,10,0 days 00:02:01.823000,15.0,3.0,,,0 days 00:00:35.450000,0 days 00:00:43.087000,0 days 00:00:43.286000,0 days 00:55:13.129000,0 days 00:55:56.216000,0 days 00:56:39.502000,122.0,164.0,298.0,214.0,False,WET,5.0,True,Alpine,0 days 00:54:37.679000,2025-11-22 04:39:44.969,12,,False,,False,True
0 days 00:58:32.308000,GAS,10,0 days 00:01:52.806000,16.0,3.0,,,0 days 00:00:32.010000,0 days 00:00:39.644000,0 days 00:00:41.152000,0 days 00:57:11.512000,0 days 00:57:51.156000,0 days 00:58:32.308000,143.0,173.0,307.0,244.0,True,WET,6.0,True,Alpine,0 days 00:56:39.502000,2025-11-22 04:41:46.792,1,,False,,False,True
0 days 01:00:41.324000,GAS,10,0 days 00:02:09.016000,17.0,3.0,,,0 days 00:00:36.199000,0 days 00:00:44.804000,0 days 00:00:48.013000,0 days 00:59:08.507000,0 days 00:59:53.311000,0 days 01:00:41.324000,125.0,157.0,310.0,145.0,False,WET,7.0,True,Alpine,0 days 00:58:32.308000,2025-11-22 04:43:39.598,1,,False,,False,True
0 days 01:02:33.084000,GAS,10,0 days 00:01:51.760000,18.0,3.0,,,0 days 00:00:31.827000,0 days 00:00:38.785000,0 days 00:00:41.148000,0 days 01:01:13.151000,0 days 01:01:51.936000,0 days 01:02:33.084000,138.0,179.0,308.0,233.0,True,WET,8.0,True,Alpine,0 days 01:00:41.324000,2025-11-22 04:45:48.614,12,,False,,False,True
0 days 01:04:51.043000,GAS,10,0 days 00:02:17.959000,19.0,3.0,,0 days 01:04:47.955000,0 days 00:00:39.172000,0 days 00:00:43.201000,0 days 00:00:55.586000,0 days 01:03:12.256000,0 days 01:03:55.457000,0 days 01:04:51.043000,119.0,161.0,,192.0,False,WET,9.0,True,Alpine,0 days 01:02:33.084000,2025-11-22 04:47:40.374,1,,False,,False,False
0 days 01:11:58.794000,GAS,10,,20.0,4.0,0 days 01:09:53.694000,,,0 days 00:00:43.612000,0 days 00:00:44.436000,,0 days 01:11:14.397000,0 days 01:11:58.794000,124.0,166.0,267.0,206.0,False,INTERMEDIATE,1.0,True,Alpine,0 days 01:04:51.043000,2025-11-22 04:49:58.333,12,,False,,False,False
0 days 01:13:55.336000,GAS,10,0 days 00:01:56.542000,21.0,4.0,,,0 days 00:00:34.619000,0 days 00:00:40.515000,0 days 00:00:41.408000,0 days 01:12:33.413000,0 days 01:13:13.928000,0 days 01:13:55.336000,132.0,177.0,282.0,254.0,True,INTERMEDIATE,2.0,True,Alpine,0 days 01:11:58.794000,2025-11-22 04:57:06.084,1,,False,,False,True
0 days 01:15:47.442000,GAS,10,0 days 00:01:52.106000,22.0,4.0,,,0 days 00:00:32.193000,0 days 00:00:38.869000,0 days 00:00:41.044000,0 days 01:14:27.529000,0 days 01:15:06.398000,0 days 01:15:47.442000,142.0,181.0,294.0,230.0,True,INTERMEDIATE,3.0,True,Alpine,0 days 01:13:55.336000,2025-11-22 04:59:02.626,12,,False,,False,True
0 days 01:17:38.982000,GAS,10,0 days 00:01:51.540000,23.0,4.0,,,0 days 00:00:32.126000,0 days 00:00:38.721000,0 days 00:00:40.693000,0 days 01:16:19.568000,0 days 01:16:58.289000,0 days 01:17:38.982000,144.0,185.0,300.0,245.0,True,INTERMEDIATE,4.0,True,Alpine,0 days 01:15:47.442000,2025-11-22 05:00:54.732,1,,False,,False,True
0 days 01:19:39.283000,GAS,10,0 days 00:02:00.301000,24.0,4.0,,,0 days 00:00:36.214000,0 days 00:00:41.209000,0 days 00:00:42.878000,0 days 01:18:15.196000,0 days 01:18:56.405000,0 days 01:19:39.283000,123.0,176.0,313.0,228.0,False,INTERMEDIATE,5.0,True,Alpine,0 days 01:17:38.982000,2025-11-22 05:02:46.272,1,,False,,False,True
0 days 01:21:57.008000,GAS,10,,25.0,4.0,,0 days 01:21:57.008000,0 days 00:00:44.102000,0 days 00:00:43.495000,,0 days 01:20:23.584000,0 days 01:21:07.004000,,122.0,140.0,,199.0,False,INTERMEDIATE,6.0,True,Alpine,0 days 01:19:39.283000,2025-11-22 05:04:46.573,12,,False,,False,False
0 days 00:18:32.355000,HUL,27,,1.0,1.0,0 days 00:16:08.681000,,,0 days 00:00:50.150000,0 days 00:00:52.951000,,0 days 00:17:39.523000,0 days 00:18:32.428000,122.0,144.0,206.0,132.0,False,WET,1.0,True,Kick Sauber,0 days 00:16:08.681000,2025-11-22 04:01:15.971,12,,False,,False,False
0 days 00:20:37.996000,HUL,27,0 days 00:02:05.641000,2.0,1.0,,,0 days 00:00:37.019000,0 days 00:00:43.548000,0 days 00:00:45.074000,0 days 00:19:09.374000,0 days 00:19:52.922000,0 days 00:20:37.996000,133.0,169.0,217.0,196.0,True,WET,2.0,True,Kick Sauber,0 days 00:18:32.355000,2025-11-22 04:03:39.645,12,,False,,False,True
0 days 00:22:42.405000,HUL,27,0 days 00:02:04.409000,3.0,1.0,,,0 days 00:00:36.585000,0 days 00:00:43.102000,0 days 00:00:44.722000,0 days 00:21:14.581000,0 days 00:21:57.683000,0 days 00:22:42.405000,136.0,170.0,219.0,200.0,True,WET,3.0,True,Kick Sauber,0 days 00:20:37.996000,2025-11-22 04:05:45.286,1,,False,,False,True
0 days 00:24:43.865000,HUL,27,0 days 00:02:01.460000,4.0,1.0,,,0 days 00:00:36.253000,0 days 00:00:41.982000,0 days 00:00:43.225000,0 days 00:23:18.658000,0 days 00:24:00.640000,0 days 00:24:43.865000,136.0,179.0,248.0,208.0,True,WET,4.0,True,Kick Sauber,0 days 00:22:42.405000,2025-11-22 04:07:49.695,12,,False,,False,True
0 days 00:26:45.425000,HUL,27,0 days 00:02:01.560000,5.0,1.0,,,0 days 00:00:36.901000,0 days 00:00:41.435000,0 days 00:00:43.224000,0 days 00:25:20.766000,0 days 00:26:02.201000,0 days 00:26:45.425000,142.0,182.0,254.0,206.0,False,WET,5.0,True,Kick Sauber,0 days 00:24:43.865000,2025-11-22 04:09:51.155,21,,True,TRACK LIMITS AT TURN 1 LAP 6 ,False,True
0 days 00:28:44.283000,HUL,27,0 days 00:01:58.858000,6.0,1.0,,,0 days 00:00:33.908000,0 days 00:00:40.935000,0 days 00:00:44.015000,0 days 00:27:19.333000,0 days 00:28:00.268000,0 days 00:28:44.283000,142.0,182.0,259.0,209.0,True,WET,6.0,True,Kick Sauber,0 days 00:26:45.425000,2025-11-22 04:11:52.715,12,,False,,False,True
0 days 00:30:40.447000,HUL,27,0 days 00:01:56.164000,7.0,1.0,,,0 days 00:00:33.428000,0 days 00:00:40.125000,0 days 00:00:42.611000,0 days 00:29:17.711000,0 days 00:29:57.836000,0 days 00:30:40.447000,142.0,182.0,264.0,220.0,True,WET,7.0,True,Kick Sauber,0 days 00:28:44.283000,2025-11-22 04:13:51.573,1,,False,,False,True
0 days 00:32:35.653000,HUL,27,0 days 00:01:55.206000,8.0,1.0,,,0 days 00:00:33,0 days 00:00:39.698000,0 days 00:00:42.508000,0 days 00:31:13.447000,0 days 00:31:53.145000,0 days 00:32:35.653000,143.0,183.0,280.0,205.0,True,WET,8.0,True,Kick Sauber,0 days 00:30:40.447000,2025-11-22 04:15:47.737,12,,False,,False,True
0 days 00:34:30.208000,HUL,27,0 days 00:01:54.555000,9.0,1.0,,,0 days 00:00:32.701000,0 days 00:00:39.534000,0 days 00:00:42.320000,0 days 00:33:08.354000,0 days 00:33:47.888000,0 days 00:34:30.208000,143.0,178.0,275.0,225.0,True,WET,9.0,True,Kick Sauber,0 days 00:32:35.653000,2025-11-22 04:17:42.943,12,,False,,False,True
0 days 00:36:43.975000,HUL,27,0 days 00:02:13.767000,10.0,1.0,,0 days 00:36:41.054000,0 days 00:00:37.225000,0 days 00:00:44.168000,0 days 00:00:52.374000,0 days 00:35:07.433000,0 days 00:35:51.601000,0 days 00:36:43.975000,136.0,170.0,,203.0,False,WET,10.0,True,Kick Sauber,0 days 00:34:30.208000,2025-11-22 04:19:37.498,1,,False,,False,False
0 days 00:49:44.645000,HUL,27,,11.0,2.0,0 days 00:47:39.222000,,,0 days 00:00:43.398000,0 days 00:00:49.082000,,0 days 00:48:55.679000,0 days 00:49:44.705000,132.0,169.0,269.0,106.0,False,WET,11.0,False,Kick Sauber,0 days 00:36:43.975000,2025-11-22 04:21:51.265,12,,False,,False,False
0 days 00:51:39.660000,HUL,27,0 days 00:01:55.015000,12.0,2.0,,,0 days 00:00:33.640000,0 days 00:00:39.689000,0 days 00:00:41.686000,0 days 00:50:18.285000,0 days 00:50:57.974000,0 days 00:51:39.660000,144.0,179.0,279.0,228.0,True,WET,12.0,False,Kick Sauber,0 days 00:49:44.645000,2025-11-22 04:34:51.935,12,,False,,False,True
0 days 00:53:36.532000,HUL,27,0 days 00:01:56.872000,13.0,2.0,,,0 days 00:00:32.414000,0 days 00:00:39.030000,0 days 00:00:45.428000,0 days 00:52:12.074000,0 days 00:52:51.104000,0 days 00:53:36.532000,143.0,183.0,277.0,238.0,False,WET,13.0,False,Kick Sauber,0 days 00:51:39.660000,2025-11-22 04:36:46.950,1,,True,TRACK LIMITS AT TURN 14 LAP 14 ,False,True
0 days 00:55:30.153000,HUL,27,0 days 00:01:53.621000,14.0,2.0,,,0 days 00:00:32.603000,0 days 00:00:39,0 days 00:00:42.018000,0 days 00:54:09.135000,0 days 00:54:48.135000,0 days 00:55:30.153000,145.0,181.0,289.0,222.0,True,WET,14.0,False,Kick Sauber,0 days 00:53:36.532000,2025-11-22 04:38:43.822,1,,False,,False,True
0 days 00:57:40.427000,HUL,27,0 days 00:02:10.274000,15.0,2.0,,,0 days 00:00:40.636000,0 days 00:00:46.021000,0 days 00:00:43.617000,0 days 00:56:10.789000,0 days 00:56:56.810000,0 days 00:57:40.427000,127.0,182.0,289.0,202.0,False,WET,15.0,False,Kick Sauber,0 days 00:55:30.153000,2025-11-22 04:40:37.443,12,,False,,False,True
0 days 00:59:33.208000,HUL,27,0 days 00:01:52.781000,16.0,2.0,,,0 days 00:00:32.418000,0 days 00:00:39.063000,0 days 00:00:41.300000,0 days 00:58:12.845000,0 days 00:58:51.908000,0 days 00:59:33.208000,145.0,184.0,296.0,238.0,True,WET,16.0,False,Kick Sauber,0 days 00:57:40.427000,2025-11-22 04:42:47.717,1,,False,,False,True
0 days 01:01:26.003000,HUL,27,0 days 00:01:52.795000,17.0,2.0,,,0 days 00:00:32.224000,0 days 00:00:38.502000,0 days 00:00:42.069000,0 days 01:00:05.432000,0 days 01:00:43.934000,0 days 01:01:26.003000,146.0,184.0,294.0,233.0,False,WET,17.0,False,Kick Sauber,0 days 00:59:33.208000,2025-11-22 04:44:40.498,1,,False,,False,True
0 days 01:03:43.242000,HUL,27,0 days 00:02:17.239000,18.0,2.0,,0 days 01:03:38.470000,0 days 00:00:42.617000,0 days 00:00:42.161000,0 days 00:00:52.461000,0 days 01:02:08.620000,0 days 01:02:50.781000,0 days 01:03:43.242000,139.0,169.0,,221.0,False,WET,18.0,False,Kick Sauber,0 days 01:01:26.003000,2025-11-22 04:46:33.293,12,,False,,False,False
0 days 00:17:12.043000,STR,18,,1.0,1.0,0 days 00:14:59.949000,,,0 days 00:00:47.985000,0 days 00:00:48.793000,,0 days 00:16:23.267000,0 days 00:17:12.064000,125.0,154.0,208.0,118.0,False,WET,1.0,True,Aston Martin,0 days 00:14:59.949000,2025-11-22 04:00:07.239,1,,False,,False,False
0 days 00:19:16.837000,STR,18,0 days 00:02:04.794000,2.0,1.0,,,0 days 00:00:35.878000,0 days 00:00:41.882000,0 days 00:00:47.034000,0 days 00:17:47.921000,0 days 00:18:29.803000,0 days 00:19:16.837000,139.0,173.0,233.0,245.0,False,WET,2.0,True,Aston Martin,0 days 00:17:12.043000,2025-11-22 04:02:19.333,12,,True,TRACK LIMITS AT TURN 14 LAP 3 ,False,True
0 days 00:21:16.904000,STR,18,0 days 00:02:00.067000,3.0,1.0,,,0 days 00:00:35.023000,0 days 00:00:41.100000,0 days 00:00:43.944000,0 days 00:19:51.860000,0 days 00:20:32.960000,0 days 00:21:16.904000,135.0,172.0,231.0,232.0,True,WET,3.0,True,Aston Martin,0 days 00:19:16.837000,2025-11-22 04:04:24.127,12,,False,,False,True
0 days 00:23:42.845000,STR,18,0 days 00:02:25.941000,4.0,1.0,,,0 days 00:00:34.668000,0 days 00:00:44.070000,0 days 00:01:07.203000,0 days 00:21:51.572000,0 days 00:22:35.642000,0 days 00:23:42.845000,136.0,165.0,250.0,68.0,False,WET,4.0,True,Aston Martin,0 days 00:21:16.904000,2025-11-22 04:06:24.194,1,,False,,False,True
0 days 00:25:47.192000,STR,18,0 days 00:02:04.347000,5.0,1.0,,,0 days 00:00:34.183000,0 days 00:00:40.054000,0 days 00:00:50.110000,0 days 00:24:17.028000,0 days 00:24:57.082000,0 days 00:25:47.192000,134.0,184.0,266.0,226.0,False,WET,5.0,True,Aston Martin,0 days 00:23:42.845000,2025-11-22 04:08:50.135,12,,True,DOUBLE YELLOW AT TURN 12,False,True
0 days 00:27:43.777000,STR,18,0 days 00:01:56.585000,6.0,1.0,,,0 days 00:00:33.259000,0 days 00:00:39.866000,0 days 00:00:43.460000,0 days 00:26:20.451000,0 days 00:27:00.317000,0 days 00:27:43.777000,135.0,183.0,274.0,244.0,True,WET,6.0,True,Aston Martin,0 days 00:25:47.192000,2025-11-22 04:10:54.482,12,,False,,False,True
0 days 00:29:48.994000,STR,18,0 days 00:02:05.217000,7.0,1.0,,,0 days 00:00:33.322000,0 days 00:00:48.352000,0 days 00:00:43.543000,0 days 00:28:17.099000,0 days 00:29:05.451000,0 days 00:29:48.994000,143.0,172.0,275.0,208.0,False,WET,7.0,True,Aston Martin,0 days 00:27:43.777000,2025-11-22 04:12:51.067,12,,False,,False,True
0 days 00:31:43.410000,STR,18,0 days 00:01:54.416000,8.0,1.0,,,0 days 00:00:33.007000,0 days 00:00:39.456000,0 days 00:00:41.953000,0 days 00:30:22.001000,0 days 00:31:01.457000,0 days 00:31:43.410000,145.0,184.0,290.0,221.0,True,WET,8.0,True,Aston Martin,0 days 00:29:48.994000,2025-11-22 04:14:56.284,1,,False,,False,True
0 days 00:33:38.782000,STR,18,0 days 00:01:55.372000,9.0,1.0,,,0 days 00:00:32.759000,0 days 00:00:39.580000,0 days 00:00:43.033000,0 days 00:32:16.169000,0 days 00:32:55.749000,0 days 00:33:38.782000,132.0,184.0,286.0,205.0,False,WET,9.0,True,Aston Martin,0 days 00:31:43.410000,2025-11-22 04:16:50.700,12,,False,,False,True
0 days 00:36:08.066000,STR,18,0 days 00:02:29.284000,10.0,1.0,,0 days 00:36:04.970000,0 days 00:00:42.230000,0 days 00:00:48.682000,0 days 00:00:58.372000,0 days 00:34:21.012000,0 days 00:35:09.694000,0 days 00:36:08.066000,116.0,133.0,,166.0,False,WET,10.0,True,Aston Martin,0 days 00:33:38.782000,2025-11-22 04:18:46.072,12,,False,,False,False
0 days 00:48:00.840000,STR,18,,11.0,2.0,0 days 00:45:59.831000,,,0 days 00:00:42.583000,0 days 00:00:42.543000,,0 days 00:47:18.306000,0 days 00:48:00.892000,129.0,177.0,276.0,226.0,False,WET,1.0,True,Aston Martin,0 days 00:36:08.066000,2025-11-22 04:21:15.356,12,,False,,False,False
0 days 00:49:54.562000,STR,18,0 days 00:01:53.722000,12.0,2.0,,,0 days 00:00:32.736000,0 days 00:00:39.395000,0 days 00:00:41.591000,0 days 00:48:33.576000,0 days 00:49:12.971000,0 days 00:49:54.562000,141.0,183.0,289.0,237.0,True,WET,2.0,True,Aston Martin,0 days 00:48:00.840000,2025-11-22 04:33:08.130,1,,False,,False,True
0 days 00:51:47.412000,STR,18,0 days 00:01:52.850000,13.0,2.0,,,0 days 00:00:32.300000,0 days 00:00:38.944000,0 days 00:00:41.606000,0 days 00:50:26.862000,0 days 00:51:05.806000,0 days 00:51:47.412000,144.0,183.0,298.0,242.0,True,WET,3.0,True,Aston Martin,0 days 00:49:54.562000,2025-11-22 04:35:01.852,12,,False,,False,True
0 days 00:54:18.553000,STR,18,,14.0,2.0,,0 days 00:54:15.374000,0 days 00:00:44.311000,0 days 00:00:51.651000,0 days 00:00:55.044000,0 days 00:52:31.858000,0 days 00:53:23.511000,0 days 00:54:18.606000,123.0,146.0,,176.0,False,WET,4.0,True,Aston Martin,0 days 00:51:47.412000,2025-11-22 04:36:54.702,1,,False,,False,False
0 days 00:57:23.923000,STR,18,,15.0,3.0,0 days 00:54:48.817000,,0 days 00:01:14.245000,0 days 00:00:49.370000,0 days 00:01:01.906000,0 days 00:55:32.647000,0 days 00:56:22.718000,0 days 00:57:24.111000,121.0,161.0,253.0,165.0,False,INTERMEDIATE,1.0,True,Aston Martin,0 days 00:54:18.553000,2025-11-22 04:39:25.843,12,,False,,False,False
0 days 00:59:20.178000,STR,18,0 days 00:01:56.255000,16.0,3.0,,,0 days 00:00:34.728000,0 days 00:00:40.150000,0 days 00:00:41.377000,0 days 00:57:58.651000,0 days 00:58:38.801000,0 days 00:59:20.178000,134.0,179.0,299.0,240.0,False,INTERMEDIATE,2.0,True,Aston Martin,0 days 00:57:23.923000,2025-11-22 04:42:31.213,1,,False,,False,True
0 days 01:01:13.395000,STR,18,0 days 00:01:53.217000,17.0,3.0,,,0 days 00:00:33.280000,0 days 00:00:39.084000,0 days 00:00:40.853000,0 days 00:59:53.458000,0 days 01:00:32.542000,0 days 01:01:13.395000,140.0,194.0,304.0,256.0,False,INTERMEDIATE,3.0,True,Aston Martin,0 days 00:59:20.178000,2025-11-22 04:44:27.468,1,,True,TRACK LIMITS AT TURN 1 LAP 18 ,False,True
0 days 01:03:30.536000,STR,18,0 days 00:02:17.141000,18.0,3.0,,0 days 01:03:27.658000,0 days 00:00:36.898000,0 days 00:00:43.241000,0 days 00:00:57.002000,0 days 01:01:50.293000,0 days 01:02:33.534000,0 days 01:03:30.536000,134.0,175.0,,173.0,False,INTERMEDIATE,4.0,True,Aston Martin,0 days 01:01:13.395000,2025-11-22 04:46:20.685,12,,False,,False,False
0 days 00:17:42.641000,OCO,31,,1.0,1.0,0 days 00:15:09.984000,0 days 00:17:39.476000,,0 days 00:00:49.880000,0 days 00:01:01.659000,,0 days 00:16:40.982000,0 days 00:17:42.829000,117.0,151.0,,171.0,False,INTERMEDIATE,1.0,True,Haas F1 Team,0 days 00:15:09.984000,2025-11-22 04:00:17.274,1,,False,,False,False
0 days 00:20:27.555000,OCO,31,,2.0,2.0,0 days 00:18:11.142000,,0 days 00:01:05.893000,0 days 00:00:46.884000,0 days 00:00:52.179000,0 days 00:18:48.530000,0 days 00:19:35.467000,0 days 00:20:27.696000,122.0,160.0,213.0,138.0,False,WET,1.0,True,Haas F1 Team,0 days 00:17:42.641000,2025-11-22 04:02:49.931,12,,False,,False,False
0 days 00:22:31.654000,OCO,31,0 days 00:02:04.099000,3.0,2.0,,,0 days 00:00:36.763000,0 days 00:00:43.045000,0 days 00:00:44.291000,0 days 00:21:04.318000,0 days 00:21:47.363000,0 days 00:22:31.654000,134.0,176.0,241.0,195.0,True,WET,2.0,True,Haas F1 Team,0 days 00:20:27.555000,2025-11-22 04:05:34.845,12,,False,,False,True
0 days 00:24:34.369000,OCO,31,0 days 00:02:02.715000,4.0,2.0,,,0 days 00:00:34.977000,0 days 00:00:41.692000,0 days 00:00:46.046000,0 days 00:23:06.631000,0 days 00:23:48.323000,0 days 00:24:34.369000,135.0,179.0,265.0,216.0,False,WET,3.0,True,Haas F1 Team,0 days 00:22:31.654000,2025-11-22 04:07:38.944,12,,True,TRACK LIMITS AT TURN 14 LAP 5 ,False,True
0 days 00:26:31.493000,OCO,31,0 days 00:01:57.124000,5.0,2.0,,,0 days 00:00:33.978000,0 days 00:00:40.269000,0 days 00:00:42.877000,0 days 00:25:08.347000,0 days 00:25:48.616000,0 days 00:26:31.493000,138.0,183.0,263.0,199.0,True,WET,4.0,True,Haas F1 Team,0 days 00:24:34.369000,2025-11-22 04:09:41.659,21,,False,,False,True
0 days 00:28:27.967000,OCO,31,0 days 00:01:56.474000,6.0,2.0,,,0 days 00:00:33.810000,0 days 00:00:40.338000,0 days 00:00:42.326000,0 days 00:27:05.303000,0 days 00:27:45.641000,0 days 00:28:27.967000,142.0,184.0,273.0,232.0,True,WET,5.0,True,Haas F1 Team,0 days 00:26:31.493000,2025-11-22 04:11:38.783,12,,False,,False,True
0 days 00:30:23.785000,OCO,31,0 days 00:01:55.818000,7.0,2.0,,,0 days 00:00:33.513000,0 days 00:00:40.307000,0 days 00:00:41.998000,0 days 00:29:01.480000,0 days 00:29:41.787000,0 days 00:30:23.785000,145.0,180.0,273.0,216.0,True,WET,6.0,True,Haas F1 Team,0 days 00:28:27.967000,2025-11-22 04:13:35.257,1,,False,,False,True
0 days 00:32:18.420000,OCO,31,0 days 00:01:54.635000,8.0,2.0,,,0 days 00:00:33.144000,0 days 00:00:39.578000,0 days 00:00:41.913000,0 days 00:30:56.929000,0 days 00:31:36.507000,0 days 00:32:18.420000,145.0,188.0,289.0,222.0,True,WET,7.0,True,Haas F1 Team,0 days 00:30:23.785000,2025-11-22 04:15:31.075,12,,False,,False,True
0 days 00:34:21.701000,OCO,31,0 days 00:02:03.281000,9.0,2.0,,0 days 00:34:18.764000,0 days 00:00:32.766000,0 days 00:00:39.384000,0 days 00:00:51.131000,0 days 00:32:51.186000,0 days 00:33:30.570000,0 days 00:34:21.701000,145.0,185.0,,216.0,False,WET,8.0,True,Haas F1 Team,0 days 00:32:18.420000,2025-11-22 04:17:25.710,21,,False,,False,False
0 days 00:49:33.326000,OCO,31,,10.0,3.0,0 days 00:47:14.256000,,,0 days 00:00:48.090000,0 days 00:00:50.160000,,0 days 00:48:43.312000,0 days 00:49:33.454000,129.0,96.0,271.0,122.0,False,WET,1.0,True,Haas F1 Team,0 days 00:34:21.701000,2025-11-22 04:19:28.991,21,,False,,False,False
0 days 00:51:28.066000,OCO,31,0 days 00:01:54.740000,11.0,3.0,,,0 days 00:00:33.668000,0 days 00:00:39.609000,0 days 00:00:41.463000,0 days 00:50:06.994000,0 days 00:50:46.603000,0 days 00:51:28.066000,141.0,178.0,297.0,225.0,True,WET,2.0,True,Haas F1 Team,0 days 00:49:33.326000,2025-11-22 04:34:40.616,12,,False,,False,True
0 days 00:53:21.598000,OCO,31,0 days 00:01:53.532000,12.0,3.0,,,0 days 00:00:32.874000,0 days 00:00:39.443000,0 days 00:00:41.215000,0 days 00:52:00.940000,0 days 00:52:40.383000,0 days 00:53:21.598000,146.0,184.0,300.0,229.0,True,WET,3.0,True,Haas F1 Team,0 days 00:51:28.066000,2025-11-22 04:36:35.356,1,,False,,False,True
0 days 00:55:17.078000,OCO,31,0 days 00:01:55.480000,13.0,3.0,,,0 days 00:00:32.633000,0 days 00:00:39.461000,0 days 00:00:43.386000,0 days 00:53:54.231000,0 days 00:54:33.692000,0 days 00:55:17.078000,146.0,180.0,301.0,233.0,False,WET,4.0,True,Haas F1 Team,0 days 00:53:21.598000,2025-11-22 04:38:28.888,1,,False,,False,True
0 days 00:57:10.065000,OCO,31,0 days 00:01:52.987000,14.0,3.0,,,0 days 00:00:32.601000,0 days 00:00:39.310000,0 days 00:00:41.076000,0 days 00:55:49.679000,0 days 00:56:28.989000,0 days 00:57:10.065000,147.0,180.0,301.0,226.0,True,WET,5.0,True,Haas F1 Team,0 days 00:55:17.078000,2025-11-22 04:40:24.368,12,,False,,False,True
0 days 00:59:07.607000,OCO,31,0 days 00:01:57.542000,15.0,3.0,,,0 days 00:00:33.438000,0 days 00:00:41.174000,0 days 00:00:42.930000,0 days 00:57:43.503000,0 days 00:58:24.677000,0 days 00:59:07.607000,146.0,168.0,312.0,203.0,False,WET,6.0,True,Haas F1 Team,0 days 00:57:10.065000,2025-11-22 04:42:17.355,1,,False,,False,True
0 days 01:01:01.133000,OCO,31,0 days 00:01:53.526000,16.0,3.0,,,0 days 00:00:33.216000,0 days 00:00:39.033000,0 days 00:00:41.277000,0 days 00:59:40.823000,0 days 01:00:19.856000,0 days 01:01:01.133000,146.0,182.0,308.0,248.0,False,WET,7.0,True,Haas F1 Team,0 days 00:59:07.607000,2025-11-22 04:44:14.897,1,,False,,False,True
0 days 01:03:15.740000,OCO,31,0 days 00:02:14.607000,17.0,3.0,,0 days 01:03:12.217000,0 days 00:00:37.999000,0 days 00:00:42.704000,0 days 00:00:53.904000,0 days 01:01:39.132000,0 days 01:02:21.836000,0 days 01:03:15.740000,133.0,173.0,,207.0,False,WET,8.0,True,Haas F1 Team,0 days 01:01:01.133000,2025-11-22 04:46:08.423,12,,False,,False,False
0 days 00:17:38.659000,BEA,87,,1.0,1.0,0 days 00:15:05.058000,0 days 00:17:35.627000,,0 days 00:00:51.018000,0 days 00:01:02.487000,,0 days 00:16:36.172000,0 days 00:17:38.784000,116.0,151.0,,172.0,False,INTERMEDIATE,1.0,True,Haas F1 Team,0 days 00:15:05.058000,2025-11-22 04:00:12.348,1,,False,,False,False
0 days 00:20:14.200000,BEA,87,,2.0,2.0,0 days 00:18:02.659000,,0 days 00:00:59.595000,0 days 00:00:46.175000,0 days 00:00:49.763000,0 days 00:18:38.399000,0 days 00:19:24.582000,0 days 00:20:14.200000,125.0,160.0,187.0,214.0,False,WET,1.0,True,Haas F1 Team,0 days 00:17:38.659000,2025-11-22 04:02:45.949,12,,False,,False,False
0 days 00:22:19.387000,BEA,87,0 days 00:02:05.187000,3.0,2.0,,,0 days 00:00:36.935000,0 days 00:00:43.690000,0 days 00:00:44.562000,0 days 00:20:51.135000,0 days 00:21:34.825000,0 days 00:22:19.387000,133.0,168.0,219.0,237.0,True,WET,2.0,True,Haas F1 Team,0 days 00:20:14.200000,2025-11-22 04:05:21.490,12,,False,,False,True
0 days 00:24:18.402000,BEA,87,0 days 00:01:59.015000,4.0,2.0,,,0 days 00:00:34.945000,0 days 00:00:40.863000,0 days 00:00:43.207000,0 days 00:22:54.332000,0 days 00:23:35.195000,0 days 00:24:18.402000,140.0,173.0,245.0,255.0,True,WET,3.0,True,Haas F1 Team,0 days 00:22:19.387000,2025-11-22 04:07:26.677,12,,False,,False,True
0 days 00:26:18.128000,BEA,87,0 days 00:01:59.726000,5.0,2.0,,,0 days 00:00:34.781000,0 days 00:00:40.703000,0 days 00:00:44.242000,0 days 00:24:53.183000,0 days 00:25:33.886000,0 days 00:26:18.128000,133.0,177.0,261.0,233.0,False,WET,4.0,True,Haas F1 Team,0 days 00:24:18.402000,2025-11-22 04:09:25.692,12,,False,,False,True
0 days 00:28:14.552000,BEA,87,0 days 00:01:56.424000,6.0,2.0,,,0 days 00:00:33.680000,0 days 00:00:39.883000,0 days 00:00:42.861000,0 days 00:26:51.808000,0 days 00:27:31.691000,0 days 00:28:14.552000,140.0,177.0,276.0,245.0,True,WET,5.0,True,Haas F1 Team,0 days 00:26:18.128000,2025-11-22 04:11:25.418,12,,False,,False,True
0 days 00:30:10.568000,BEA,87,0 days 00:01:56.016000,7.0,2.0,,,0 days 00:00:33.123000,0 days 00:00:39.924000,0 days 00:00:42.969000,0 days 00:28:47.675000,0 days 00:29:27.599000,0 days 00:30:10.568000,141.0,175.0,290.0,240.0,True,WET,6.0,True,Haas F1 Team,0 days 00:28:14.552000,2025-11-22 04:13:21.842,1,,False,,False,True
0 days 00:32:50.534000,BEA,87,,8.0,2.0,,,0 days 00:00:33.105000,0 days 00:00:39.318000,0 days 00:01:27.607000,0 days 00:30:43.771000,0 days 00:31:22.959000,0 days 00:32:50.751000,141.0,175.0,253.0,272.0,False,WET,7.0,True,Haas F1 Team,0 days 00:30:10.568000,2025-11-22 04:15:17.858,12,,False,,False,False
0 days 00:35:33.194000,BEA,87,0 days 00:02:42.660000,9.0,2.0,,0 days 00:35:29.687000,0 days 00:00:39.780000,0 days 00:00:51.482000,0 days 00:01:11.398000,0 days 00:33:30.314000,0 days 00:34:21.796000,0 days 00:35:33.194000,78.0,132.0,,142.0,False,WET,8.0,True,Haas F1 Team,0 days 00:32:50.534000,2025-11-22 04:17:57.824,12,,False,,False,False
0 days 00:49:27.121000,BEA,87,,10.0,3.0,0 days 00:47:11.294000,,,0 days 00:00:47.275000,0 days 00:00:51.450000,,0 days 00:48:35.791000,0 days 00:49:27.257000,131.0,158.0,260.0,188.0,False,WET,1.0,True,Haas F1 Team,0 days 00:35:33.194000,2025-11-22 04:20:40.484,12,,False,,False,False
0 days 00:51:23.073000,BEA,87,0 days 00:01:55.952000,11.0,3.0,,,0 days 00:00:33.886000,0 days 00:00:40.384000,0 days 00:00:41.682000,0 days 00:50:01.007000,0 days 00:50:41.391000,0 days 00:51:23.073000,141.0,173.0,291.0,210.0,True,WET,2.0,True,Haas F1 Team,0 days 00:49:27.121000,2025-11-22 04:34:34.411,12,,False,,False,True
0 days 00:53:16.589000,BEA,87,0 days 00:01:53.516000,12.0,3.0,,,0 days 00:00:32.595000,0 days 00:00:39.516000,0 days 00:00:41.405000,0 days 00:51:55.668000,0 days 00:52:35.184000,0 days 00:53:16.589000,136.0,177.0,293.0,219.0,True,WET,3.0,True,Haas F1 Team,0 days 00:51:23.073000,2025-11-22 04:36:30.363,1,,False,,False,True
0 days 00:55:24.098000,BEA,87,0 days 00:02:07.509000,13.0,3.0,,,0 days 00:00:32.583000,0 days 00:00:42.156000,0 days 00:00:52.770000,0 days 00:53:49.172000,0 days 00:54:31.328000,0 days 00:55:24.098000,142.0,164.0,299.0,110.0,False,WET,4.0,True,Haas F1 Team,0 days 00:53:16.589000,2025-11-22 04:38:23.879,1,,False,,False,True
0 days 00:57:18.129000,BEA,87,0 days 00:01:54.031000,14.0,3.0,,,0 days 00:00:32.544000,0 days 00:00:39.120000,0 days 00:00:42.367000,0 days 00:55:56.642000,0 days 00:56:35.762000,0 days 00:57:18.129000,141.0,177.0,306.0,230.0,False,WET,5.0,True,Haas F1 Team,0 days 00:55:24.098000,2025-11-22 04:40:31.388,12,,False,,False,True
0 days 00:59:12.252000,BEA,87,0 days 00:01:54.123000,15.0,3.0,,,0 days 00:00:32.521000,0 days 00:00:39.321000,0 days 00:00:42.281000,0 days 00:57:50.650000,0 days 00:58:29.971000,0 days 00:59:12.252000,138.0,173.0,311.0,227.0,False,WET,6.0,True,Haas F1 Team,0 days 00:57:18.129000,2025-11-22 04:42:25.419,1,,False,,False,True
0 days 01:01:05.346000,BEA,87,0 days 00:01:53.094000,16.0,3.0,,,0 days 00:00:32.373000,0 days 00:00:39.244000,0 days 00:00:41.477000,0 days 00:59:44.625000,0 days 01:00:23.869000,0 days 01:01:05.346000,140.0,179.0,300.0,210.0,True,WET,7.0,True,Haas F1 Team,0 days 00:59:12.252000,2025-11-22 04:44:19.542,1,,False,,False,True
0 days 01:03:27.367000,BEA,87,0 days 00:02:22.021000,17.0,3.0,,0 days 01:03:24.430000,0 days 00:00:40.231000,0 days 00:00:46.505000,0 days 00:00:55.285000,0 days 01:01:45.577000,0 days 01:02:32.082000,0 days 01:03:27.367000,124.0,159.0,,201.0,False,WET,8.0,True,Haas F1 Team,0 days 01:01:05.346000,2025-11-22 04:46:12.636,12,,False,,False,False
0 days 00:17:50.695000,COL,43,,1.0,1.0,0 days 00:15:16.958000,0 days 00:17:47.492000,,0 days 00:00:49.854000,0 days 00:01:00.246000,,0 days 00:16:50.449000,0 days 00:17:50.829000,108.0,140.0,,158.0,False,INTERMEDIATE,1.0,True,Alpine,0 days 00:15:16.958000,2025-11-22 04:00:24.248,12,,False,,False,False
0 days 00:20:30.420000,COL,43,,2.0,2.0,0 days 00:18:17.946000,,0 days 00:01:04.878000,0 days 00:00:46.951000,0 days 00:00:48.037000,0 days 00:18:55.665000,0 days 00:19:42.519000,0 days 00:20:30.447000,122.0,146.0,216.0,159.0,False,WET,1.0,True,Alpine,0 days 00:17:50.695000,2025-11-22 04:02:57.985,21,,False,,False,False
0 days 00:22:38.702000,COL,43,0 days 00:02:08.282000,3.0,2.0,,,0 days 00:00:37.189000,0 days 00:00:43.599000,0 days 00:00:47.494000,0 days 00:21:07.609000,0 days 00:21:51.208000,0 days 00:22:38.702000,131.0,164.0,243.0,161.0,True,WET,2.0,True,Alpine,0 days 00:20:30.420000,2025-11-22 04:05:37.710,21,,False,,False,True
0 days 00:24:40.628000,COL,43,0 days 00:02:01.926000,4.0,2.0,,,0 days 00:00:35.198000,0 days 00:00:42.030000,0 days 00:00:44.698000,0 days 00:23:13.900000,0 days 00:23:55.930000,0 days 00:24:40.628000,135.0,167.0,250.0,181.0,True,WET,3.0,True,Alpine,0 days 00:22:38.702000,2025-11-22 04:07:45.992,12,,False,,False,True
0 days 00:26:40.145000,COL,43,0 days 00:01:59.517000,5.0,2.0,,,0 days 00:00:34.171000,0 days 00:00:41.552000,0 days 00:00:43.794000,0 days 00:25:14.799000,0 days 00:25:56.351000,0 days 00:26:40.145000,139.0,174.0,251.0,210.0,True,WET,4.0,True,Alpine,0 days 00:24:40.628000,2025-11-22 04:09:47.918,21,,False,,False,True
0 days 00:28:37.468000,COL,43,0 days 00:01:57.323000,6.0,2.0,,,0 days 00:00:33.772000,0 days 00:00:40.821000,0 days 00:00:42.730000,0 days 00:27:13.917000,0 days 00:27:54.738000,0 days 00:28:37.468000,142.0,172.0,263.0,215.0,True,WET,5.0,True,Alpine,0 days 00:26:40.145000,2025-11-22 04:11:47.435,12,,False,,False,True
0 days 00:30:36.251000,COL,43,0 days 00:01:58.783000,7.0,2.0,,,0 days 00:00:33.695000,0 days 00:00:40.685000,0 days 00:00:44.403000,0 days 00:29:11.163000,0 days 00:29:51.848000,0 days 00:30:36.251000,143.0,175.0,274.0,236.0,False,WET,6.0,True,Alpine,0 days 00:28:37.468000,2025-11-22 04:13:44.758,1,,False,,False,True
0 days 00:32:31.098000,COL,43,0 days 00:01:54.847000,8.0,2.0,,,0 days 00:00:33.133000,0 days 00:00:39.671000,0 days 00:00:42.043000,0 days 00:31:09.384000,0 days 00:31:49.055000,0 days 00:32:31.098000,144.0,178.0,282.0,226.0,True,WET,7.0,True,Alpine,0 days 00:30:36.251000,2025-11-22 04:15:43.541,12,,False,,False,True
0 days 00:34:51.328000,COL,43,0 days 00:02:20.230000,9.0,2.0,,0 days 00:34:48.303000,0 days 00:00:32.964000,0 days 00:00:39.733000,0 days 00:01:07.533000,0 days 00:33:04.062000,0 days 00:33:43.795000,0 days 00:34:51.328000,136.0,174.0,,237.0,False,WET,8.0,True,Alpine,0 days 00:32:31.098000,2025-11-22 04:17:38.388,21,,False,,False,False
0 days 00:48:30.574000,COL,43,,10.0,3.0,0 days 00:46:18.436000,,,0 days 00:00:44.444000,0 days 00:00:44.146000,,0 days 00:47:46.525000,0 days 00:48:30.712000,127.0,164.0,276.0,211.0,False,WET,1.0,True,Alpine,0 days 00:34:51.328000,2025-11-22 04:19:58.618,12,,False,,False,False
0 days 00:50:26.456000,COL,43,0 days 00:01:55.882000,11.0,3.0,,,0 days 00:00:33.467000,0 days 00:00:40.032000,0 days 00:00:42.383000,0 days 00:49:04.041000,0 days 00:49:44.073000,0 days 00:50:26.456000,142.0,178.0,286.0,218.0,True,WET,2.0,True,Alpine,0 days 00:48:30.574000,2025-11-22 04:33:37.864,1,,False,,False,True
0 days 00:52:21.081000,COL,43,0 days 00:01:54.625000,12.0,3.0,,,0 days 00:00:32.759000,0 days 00:00:39.786000,0 days 00:00:42.080000,0 days 00:50:59.215000,0 days 00:51:39.001000,0 days 00:52:21.081000,144.0,173.0,289.0,231.0,True,WET,3.0,True,Alpine,0 days 00:50:26.456000,2025-11-22 04:35:33.746,12,,False,,False,True
0 days 00:54:22.037000,COL,43,0 days 00:02:00.956000,13.0,3.0,,,0 days 00:00:33.005000,0 days 00:00:39.846000,0 days 00:00:48.105000,0 days 00:52:54.086000,0 days 00:53:33.932000,0 days 00:54:22.037000,141.0,171.0,304.0,167.0,False,WET,4.0,True,Alpine,0 days 00:52:21.081000,2025-11-22 04:37:28.371,1,,False,,False,True
0 days 00:56:15.720000,COL,43,0 days 00:01:53.683000,14.0,3.0,,,0 days 00:00:32.639000,0 days 00:00:39.106000,0 days 00:00:41.938000,0 days 00:54:54.676000,0 days 00:55:33.782000,0 days 00:56:15.720000,141.0,177.0,301.0,230.0,True,WET,5.0,True,Alpine,0 days 00:54:22.037000,2025-11-22 04:39:29.327,12,,False,,False,True
0 days 00:58:25.337000,COL,43,0 days 00:02:09.617000,15.0,3.0,,,0 days 00:00:38.195000,0 days 00:00:46.147000,0 days 00:00:45.275000,0 days 00:56:53.915000,0 days 00:57:40.062000,0 days 00:58:25.337000,119.0,153.0,307.0,136.0,False,WET,6.0,True,Alpine,0 days 00:56:15.720000,2025-11-22 04:41:23.010,1,,False,,False,True
0 days 01:00:21.431000,COL,43,0 days 00:01:56.094000,16.0,3.0,,,0 days 00:00:31.896000,0 days 00:00:38.998000,0 days 00:00:45.200000,0 days 00:58:57.233000,0 days 00:59:36.231000,0 days 01:00:21.431000,144.0,172.0,295.0,228.0,False,WET,7.0,True,Alpine,0 days 00:58:25.337000,2025-11-22 04:43:32.627,1,,False,,False,True
0 days 01:02:56.823000,COL,43,0 days 00:02:35.392000,17.0,3.0,,0 days 01:02:53.426000,0 days 00:00:32.404000,0 days 00:00:52.299000,0 days 00:01:10.689000,0 days 01:00:53.835000,0 days 01:01:46.134000,0 days 01:02:56.823000,142.0,112.0,,91.0,False,WET,8.0,True,Alpine,0 days 01:00:21.431000,2025-11-22 04:45:28.721,12,,False,,False,False
0 days 00:17:54.160000,ALB,23,,1.0,1.0,0 days 00:15:23.758000,,,0 days 00:00:53.717000,0 days 00:00:51.251000,,0 days 00:17:03.134000,0 days 00:17:54.160000,122.0,123.0,179.0,200.0,False,INTERMEDIATE,1.0,True,Williams,0 days 00:15:23.758000,2025-11-22 04:00:31.048,12,,False,,False,False
0 days 00:20:15.400000,ALB,23,0 days 00:02:21.240000,2.0,1.0,,0 days 00:20:12.077000,0 days 00:00:39.284000,0 days 00:00:46.602000,0 days 00:00:55.354000,0 days 00:18:33.444000,0 days 00:19:20.046000,0 days 00:20:15.400000,124.0,158.0,,199.0,False,INTERMEDIATE,2.0,True,Williams,0 days 00:17:54.160000,2025-11-22 04:03:01.450,21,,False,,False,False
0 days 00:22:56.976000,ALB,23,,3.0,2.0,0 days 00:20:37.365000,,0 days 00:00:57.746000,0 days 00:00:51.230000,0 days 00:00:52.557000,0 days 00:21:13.374000,0 days 00:22:04.547000,0 days 00:22:57.169000,127.0,108.0,242.0,215.0,False,WET,1.0,True,Williams,0 days 00:20:15.400000,2025-11-22 04:05:22.690,12,,False,,False,False
0 days 00:24:57.210000,ALB,23,0 days 00:02:00.234000,4.0,2.0,,,0 days 00:00:34.426000,0 days 00:00:41.475000,0 days 00:00:44.333000,0 days 00:23:31.402000,0 days 00:24:12.877000,0 days 00:24:57.210000,138.0,179.0,234.0,189.0,True,WET,2.0,True,Williams,0 days 00:22:56.976000,2025-11-22 04:08:04.266,12,,False,,False,True
0 days 00:26:55.842000,ALB,23,0 days 00:01:58.632000,5.0,2.0,,,0 days 00:00:34.568000,0 days 00:00:40.284000,0 days 00:00:43.780000,0 days 00:25:31.778000,0 days 00:26:12.062000,0 days 00:26:55.842000,140.0,178.0,253.0,234.0,True,WET,3.0,True,Williams,0 days 00:24:57.210000,2025-11-22 04:10:04.500,12,,False,,False,True
0 days 00:28:52.062000,ALB,23,0 days 00:01:56.220000,6.0,2.0,,,0 days 00:00:33.523000,0 days 00:00:40.194000,0 days 00:00:42.503000,0 days 00:27:29.365000,0 days 00:28:09.559000,0 days 00:28:52.062000,143.0,183.0,266.0,206.0,True,WET,4.0,True,Williams,0 days 00:26:55.842000,2025-11-22 04:12:03.132,12,,False,,False,True
0 days 00:30:52.174000,ALB,23,0 days 00:02:00.112000,7.0,2.0,,,0 days 00:00:33.303000,0 days 00:00:40.354000,0 days 00:00:46.455000,0 days 00:29:25.365000,0 days 00:30:05.719000,0 days 00:30:52.174000,141.0,187.0,281.0,189.0,False,WET,5.0,True,Williams,0 days 00:28:52.062000,2025-11-22 04:13:59.352,1,,False,,False,True
0 days 00:32:57.376000,ALB,23,0 days 00:02:05.202000,8.0,2.0,,0 days 00:32:54.395000,0 days 00:00:32.318000,0 days 00:00:39.564000,0 days 00:00:53.320000,0 days 00:31:24.492000,0 days 00:32:04.056000,0 days 00:32:57.376000,146.0,183.0,,205.0,False,WET,6.0,True,Williams,0 days 00:30:52.174000,2025-11-22 04:15:59.464,12,,False,,False,False
0 days 00:18:50.627000,ANT,12,,1.0,1.0,0 days 00:16:17.349000,0 days 00:18:47.432000,,0 days 00:00:50.634000,0 days 00:01:05.312000,,0 days 00:17:45.315000,0 days 00:18:50.750000,112.0,129.0,,163.0,False,INTERMEDIATE,1.0,True,Mercedes,0 days 00:16:17.349000,2025-11-22 04:01:24.639,12,,False,,False,False
0 days 00:21:25.534000,ANT,12,,2.0,2.0,0 days 00:19:16.324000,,0 days 00:01:01.201000,0 days 00:00:47.496000,0 days 00:00:46.326000,0 days 00:19:51.765000,0 days 00:20:39.365000,0 days 00:21:25.561000,116.0,155.0,190.0,207.0,False,WET,1.0,True,Mercedes,0 days 00:18:50.627000,2025-11-22 04:03:57.917,12,,False,,False,False
0 days 00:23:28.814000,ANT,12,0 days 00:02:03.280000,3.0,2.0,,,0 days 00:00:36.871000,0 days 00:00:42.483000,0 days 00:00:43.926000,0 days 00:22:02.405000,0 days 00:22:44.888000,0 days 00:23:28.814000,131.0,170.0,224.0,222.0,True,WET,2.0,True,Mercedes,0 days 00:21:25.534000,2025-11-22 04:06:32.824,1,,False,,False,True
0 days 00:25:28.337000,ANT,12,0 days 00:01:59.523000,4.0,2.0,,,0 days 00:00:34.355000,0 days 00:00:41.401000,0 days 00:00:43.767000,0 days 00:24:03.169000,0 days 00:24:44.570000,0 days 00:25:28.337000,134.0,175.0,234.0,249.0,True,WET,3.0,True,Mercedes,0 days 00:23:28.814000,2025-11-22 04:08:36.104,12,,False,,False,True
0 days 00:27:26.950000,ANT,12,0 days 00:01:58.613000,5.0,2.0,,,0 days 00:00:33.555000,0 days 00:00:39.974000,0 days 00:00:45.084000,0 days 00:26:01.892000,0 days 00:26:41.866000,0 days 00:27:26.950000,139.0,180.0,244.0,219.0,False,WET,4.0,True,Mercedes,0 days 00:25:28.337000,2025-11-22 04:10:35.627,21,,True,DOUBLE YELLOW AT TURN 15,False,True
0 days 00:29:23.264000,ANT,12,0 days 00:01:56.314000,6.0,2.0,,,0 days 00:00:33.180000,0 days 00:00:39.906000,0 days 00:00:43.228000,0 days 00:28:00.130000,0 days 00:28:40.036000,0 days 00:29:23.264000,143.0,183.0,250.0,238.0,True,WET,5.0,True,Mercedes,0 days 00:27:26.950000,2025-11-22 04:12:34.240,12,,False,,False,True
0 days 00:31:33.744000,ANT,12,0 days 00:02:10.480000,7.0,2.0,,,0 days 00:00:38.873000,0 days 00:00:45.762000,0 days 00:00:45.845000,0 days 00:30:02.137000,0 days 00:30:47.899000,0 days 00:31:33.744000,65.0,159.0,260.0,134.0,False,WET,6.0,True,Mercedes,0 days 00:29:23.264000,2025-11-22 04:14:30.554,1,,False,,False,True
0 days 00:33:51.626000,ANT,12,0 days 00:02:17.882000,8.0,2.0,,0 days 00:33:47.753000,0 days 00:00:32.864000,0 days 00:00:39.846000,0 days 00:01:05.172000,0 days 00:32:06.608000,0 days 00:32:46.454000,0 days 00:33:51.626000,145.0,186.0,,231.0,False,WET,7.0,True,Mercedes,0 days 00:31:33.744000,2025-11-22 04:16:41.034,12,,False,,False,False
0 days 00:18:28.322000,BOR,5,,1.0,1.0,0 days 00:15:56.547000,,,0 days 00:00:48.259000,0 days 00:00:54.841000,,0 days 00:17:33.593000,0 days 00:18:28.322000,118.0,159.0,205.0,136.0,False,WET,1.0,True,Kick Sauber,0 days 00:15:56.547000,2025-11-22 04:01:03.837,12,,False,,False,False
0 days 00:20:32.313000,BOR,5,0 days 00:02:03.991000,2.0,1.0,,,0 days 00:00:36.369000,0 days 00:00:42.961000,0 days 00:00:44.661000,0 days 00:19:04.691000,0 days 00:19:47.652000,0 days 00:20:32.313000,130.0,169.0,198.0,232.0,True,WET,2.0,True,Kick Sauber,0 days 00:18:28.322000,2025-11-22 04:03:35.612,21,,False,,False,True
0 days 00:22:41.121000,BOR,5,0 days 00:02:08.808000,3.0,1.0,,,0 days 00:00:36.695000,0 days 00:00:43.668000,0 days 00:00:48.445000,0 days 00:21:09.008000,0 days 00:21:52.676000,0 days 00:22:41.121000,131.0,169.0,210.0,169.0,False,WET,3.0,True,Kick Sauber,0 days 00:20:32.313000,2025-11-22 04:05:39.603,21,,False,,False,True
0 days 00:24:55.933000,BOR,5,0 days 00:02:14.812000,4.0,1.0,,,0 days 00:00:35.389000,0 days 00:00:41.678000,0 days 00:00:57.745000,0 days 00:23:16.510000,0 days 00:23:58.188000,0 days 00:24:55.933000,139.0,166.0,208.0,242.0,False,WET,4.0,True,Kick Sauber,0 days 00:22:41.121000,2025-11-22 04:07:48.411,12,,True,TRACK LIMITS AT TURN 14 LAP 5 ,False,True
0 days 00:27:03.821000,BOR,5,0 days 00:02:07.888000,5.0,1.0,,,0 days 00:00:41.886000,0 days 00:00:42.045000,0 days 00:00:43.957000,0 days 00:25:37.819000,0 days 00:26:19.864000,0 days 00:27:03.821000,125.0,178.0,223.0,234.0,False,WET,5.0,True,Kick Sauber,0 days 00:24:55.933000,2025-11-22 04:10:03.223,12,,False,,False,True
0 days 00:29:01.611000,BOR,5,0 days 00:01:57.790000,6.0,1.0,,,0 days 00:00:33.981000,0 days 00:00:40.656000,0 days 00:00:43.153000,0 days 00:27:37.802000,0 days 00:28:18.458000,0 days 00:29:01.611000,141.0,178.0,233.0,229.0,True,WET,6.0,True,Kick Sauber,0 days 00:27:03.821000,2025-11-22 04:12:11.111,21,,False,,False,True
0 days 00:30:58.870000,BOR,5,0 days 00:01:57.259000,7.0,1.0,,,0 days 00:00:33.923000,0 days 00:00:40.014000,0 days 00:00:43.322000,0 days 00:29:35.534000,0 days 00:30:15.548000,0 days 00:30:58.870000,143.0,179.0,241.0,222.0,True,WET,7.0,True,Kick Sauber,0 days 00:29:01.611000,2025-11-22 04:14:08.901,1,,False,,False,True
0 days 00:32:55.544000,BOR,5,0 days 00:01:56.674000,8.0,1.0,,,0 days 00:00:33.719000,0 days 00:00:39.977000,0 days 00:00:42.978000,0 days 00:31:32.589000,0 days 00:32:12.566000,0 days 00:32:55.544000,141.0,178.0,259.0,200.0,True,WET,8.0,True,Kick Sauber,0 days 00:30:58.870000,2025-11-22 04:16:06.160,12,,False,,False,True
0 days 00:35:41.965000,BOR,5,0 days 00:02:46.421000,9.0,1.0,,0 days 00:35:37.286000,0 days 00:00:46.895000,0 days 00:00:51.309000,0 days 00:01:08.217000,0 days 00:33:42.439000,0 days 00:34:33.748000,0 days 00:35:41.965000,100.0,156.0,,138.0,False,WET,9.0,True,Kick Sauber,0 days 00:32:55.544000,2025-11-22 04:18:02.834,12,,False,,False,False
0 days 00:18:33.964000,TSU,22,,1.0,1.0,0 days 00:15:54.615000,0 days 00:18:30.379000,,0 days 00:00:49.189000,0 days 00:01:00.871000,,0 days 00:17:33.093000,0 days 00:18:34.059000,107.0,153.0,,164.0,False,INTERMEDIATE,1.0,True,Red Bull Racing,0 days 00:15:54.615000,2025-11-22 04:01:01.905,12,,False,,False,False
0 days 00:21:14.734000,TSU,22,,2.0,2.0,0 days 00:19:02.783000,,0 days 00:01:04.492000,0 days 00:00:44.598000,0 days 00:00:51.798000,0 days 00:19:38.416000,0 days 00:20:23.123000,0 days 00:21:14.783000,127.0,163.0,229.0,84.0,False,WET,1.0,True,Red Bull Racing,0 days 00:18:33.964000,2025-11-22 04:03:41.254,12,,False,,False,False
0 days 00:23:22.134000,TSU,22,0 days 00:02:07.400000,3.0,2.0,,,0 days 00:00:36.197000,0 days 00:00:42.857000,0 days 00:00:48.346000,0 days 00:21:50.931000,0 days 00:22:33.788000,0 days 00:23:22.134000,134.0,168.0,251.0,199.0,True,WET,2.0,True,Red Bull Racing,0 days 00:21:14.734000,2025-11-22 04:06:22.024,1,,False,,False,True
0 days 00:25:39.142000,TSU,22,0 days 00:02:17.008000,4.0,2.0,,,0 days 00:00:35.492000,0 days 00:00:49.649000,0 days 00:00:51.867000,0 days 00:23:57.626000,0 days 00:24:47.275000,0 days 00:25:39.142000,138.0,138.0,253.0,112.0,False,WET,3.0,True,Red Bull Racing,0 days 00:23:22.134000,2025-11-22 04:08:29.424,12,,True,TRACK LIMITS AT TURN 12 LAP 5 ,False,True
0 days 00:27:41.646000,TSU,22,0 days 00:02:02.504000,5.0,2.0,,,0 days 00:00:34.713000,0 days 00:00:41.543000,0 days 00:00:46.248000,0 days 00:26:13.855000,0 days 00:26:55.398000,0 days 00:27:41.646000,136.0,174.0,263.0,158.0,True,WET,4.0,True,Red Bull Racing,0 days 00:25:39.142000,2025-11-22 04:10:46.432,12,,False,,False,True
0 days 00:29:40.405000,TSU,22,0 days 00:01:58.759000,6.0,2.0,,,0 days 00:00:34.376000,0 days 00:00:41.619000,0 days 00:00:42.764000,0 days 00:28:16.022000,0 days 00:28:57.641000,0 days 00:29:40.405000,139.0,182.0,271.0,213.0,True,WET,5.0,True,Red Bull Racing,0 days 00:27:41.646000,2025-11-22 04:12:48.936,12,,False,,False,True
0 days 00:31:39.237000,TSU,22,0 days 00:01:58.832000,7.0,2.0,,,0 days 00:00:34.112000,0 days 00:00:40.806000,0 days 00:00:43.914000,0 days 00:30:14.517000,0 days 00:30:55.323000,0 days 00:31:39.237000,143.0,181.0,273.0,205.0,False,WET,6.0,True,Red Bull Racing,0 days 00:29:40.405000,2025-11-22 04:14:47.695,1,,False,,False,True
0 days 00:33:36.035000,TSU,22,0 days 00:01:56.798000,8.0,2.0,,,0 days 00:00:33.582000,0 days 00:00:40.910000,0 days 00:00:42.306000,0 days 00:32:12.819000,0 days 00:32:53.729000,0 days 00:33:36.035000,143.0,164.0,288.0,219.0,True,WET,7.0,True,Red Bull Racing,0 days 00:31:39.237000,2025-11-22 04:16:46.527,12,,False,,False,True
0 days 00:36:03.415000,TSU,22,0 days 00:02:27.380000,9.0,2.0,,0 days 00:36:00.442000,0 days 00:00:42.699000,0 days 00:00:48.729000,0 days 00:00:55.952000,0 days 00:34:18.734000,0 days 00:35:07.463000,0 days 00:36:03.415000,118.0,163.0,,178.0,False,WET,8.0,True,Red Bull Racing,0 days 00:33:36.035000,2025-11-22 04:18:43.325,12,,False,,False,False
0 days 00:17:49.093000,HAM,44,,1.0,1.0,0 days 00:15:21.882000,,,0 days 00:00:48.894000,0 days 00:00:52.340000,,0 days 00:16:56.846000,0 days 00:17:49.093000,115.0,153.0,181.0,177.0,False,INTERMEDIATE,1.0,True,Ferrari,0 days 00:15:21.882000,2025-11-22 04:00:29.172,1,,False,,False,False
0 days 00:20:13.209000,HAM,44,0 days 00:02:24.116000,2.0,1.0,,0 days 00:20:10.250000,0 days 00:00:41.046000,0 days 00:00:48.372000,0 days 00:00:54.698000,0 days 00:18:30.139000,0 days 00:19:18.511000,0 days 00:20:13.209000,119.0,155.0,,191.0,False,INTERMEDIATE,2.0,True,Ferrari,0 days 00:17:49.093000,2025-11-22 04:02:56.383,12,,False,,False,False
0 days 00:22:48.112000,HAM,44,,3.0,2.0,0 days 00:20:33.769000,,0 days 00:00:59.045000,0 days 00:00:47.995000,0 days 00:00:47.910000,0 days 00:21:12.260000,0 days 00:22:00.365000,0 days 00:22:48.283000,119.0,155.0,232.0,209.0,False,WET,1.0,True,Ferrari,0 days 00:20:13.209000,2025-11-22 04:05:20.499,12,,False,,False,False
0 days 00:24:49.819000,HAM,44,0 days 00:02:01.707000,4.0,2.0,,,0 days 00:00:35.426000,0 days 00:00:42.131000,0 days 00:00:44.150000,0 days 00:23:23.538000,0 days 00:24:05.669000,0 days 00:24:49.819000,136.0,173.0,234.0,212.0,True,WET,2.0,True,Ferrari,0 days 00:22:48.112000,2025-11-22 04:07:55.402,12,,False,,False,True
0 days 00:26:48.540000,HAM,44,0 days 00:01:58.721000,5.0,2.0,,,0 days 00:00:34.894000,0 days 00:00:40.886000,0 days 00:00:42.941000,0 days 00:25:24.713000,0 days 00:26:05.599000,0 days 00:26:48.540000,141.0,177.0,245.0,214.0,True,WET,3.0,True,Ferrari,0 days 00:24:49.819000,2025-11-22 04:09:57.109,21,,False,,False,True
0 days 00:28:46.118000,HAM,44,0 days 00:01:57.578000,6.0,2.0,,,0 days 00:00:34.233000,0 days 00:00:40.959000,0 days 00:00:42.386000,0 days 00:27:22.773000,0 days 00:28:03.732000,0 days 00:28:46.118000,139.0,180.0,261.0,217.0,True,WET,4.0,True,Ferrari,0 days 00:26:48.540000,2025-11-22 04:11:55.830,12,,False,,False,True
0 days 00:30:55.690000,HAM,44,0 days 00:02:09.572000,7.0,2.0,,,0 days 00:00:35.954000,0 days 00:00:42.925000,0 days 00:00:50.693000,0 days 00:29:22.072000,0 days 00:30:04.997000,0 days 00:30:55.690000,139.0,115.0,270.0,164.0,False,WET,5.0,True,Ferrari,0 days 00:28:46.118000,2025-11-22 04:13:53.408,1,,True,TRACK LIMITS AT TURN 12 LAP 8 ,False,True
0 days 00:32:52.805000,HAM,44,0 days 00:01:57.115000,8.0,2.0,,,0 days 00:00:33.579000,0 days 00:00:41.173000,0 days 00:00:42.363000,0 days 00:31:29.269000,0 days 00:32:10.442000,0 days 00:32:52.805000,141.0,180.0,274.0,225.0,True,WET,6.0,True,Ferrari,0 days 00:30:55.690000,2025-11-22 04:16:02.980,12,,False,,False,True
0 days 00:35:38.064000,HAM,44,0 days 00:02:45.259000,9.0,2.0,,0 days 00:35:33.475000,0 days 00:00:41.272000,0 days 00:00:50.930000,0 days 00:01:13.057000,0 days 00:33:34.077000,0 days 00:34:25.007000,0 days 00:35:38.064000,105.0,134.0,,154.0,False,WET,7.0,True,Ferrari,0 days 00:32:52.805000,2025-11-22 04:18:00.095,12,,False,,False,False
