Time,Driver,DriverNumber,LapTime,LapNumber,Stint,PitOutTime,PitInTime,Sector1Time,Sector2Time,Sector3Time,Sector1SessionTime,Sector2SessionTime,Sector3SessionTime,SpeedI1,SpeedI2,SpeedFL,SpeedST,IsPersonalBest,Compound,TyreLife,FreshTyre,Team,LapStartTime,LapStartDate,TrackStatus,Position,Deleted,DeletedReason,FastF1Generated,IsAccurate
0 days 00:22:35.900000,NOR,4,,1.0,1.0,0 days 00:20:56.651000,,,0 days 00:00:47.899000,0 days 00:00:20.741000,,0 days 00:22:15.200000,0 days 00:22:36.010000,137.0,103.0,332.0,,False,SOFT,1.0,True,McLaren,0 days 00:20:56.651000,2025-11-08 18:06:48.087,1,,False,,False,False
0 days 00:23:46.304000,NOR,4,0 days 00:01:10.404000,2.0,1.0,,,0 days 00:00:18.229000,0 days 00:00:36.070000,0 days 00:00:16.105000,0 days 00:22:54.129000,0 days 00:23:30.199000,0 days 00:23:46.304000,324.0,268.0,330.0,338.0,True,SOFT,2.0,True,McLaren,0 days 00:22:35.900000,2025-11-08 18:08:27.336,1,,False,,False,True
0 days 00:25:39.298000,NOR,4,0 days 00:01:52.994000,3.0,1.0,,,0 days 00:00:45.794000,0 days 00:00:45.129000,0 days 00:00:22.071000,0 days 00:24:32.098000,0 days 00:25:17.227000,0 days 00:25:39.298000,106.0,189.0,130.0,110.0,False,SOFT,3.0,True,McLaren,0 days 00:23:46.304000,2025-11-08 18:09:37.740,1,,False,,False,True
0 days 00:27:34.678000,NOR,4,0 days 00:01:55.380000,4.0,1.0,,,0 days 00:00:42.694000,0 days 00:00:55.002000,0 days 00:00:17.684000,0 days 00:26:21.992000,0 days 00:27:16.994000,0 days 00:27:34.678000,215.0,83.0,333.0,119.0,False,SOFT,4.0,True,McLaren,0 days 00:25:39.298000,2025-11-08 18:11:30.734,1,,False,,False,True
0 days 00:28:44.927000,NOR,4,0 days 00:01:10.249000,5.0,1.0,,,0 days 00:00:18.149000,0 days 00:00:36.079000,0 days 00:00:16.021000,0 days 00:27:52.827000,0 days 00:28:28.906000,0 days 00:28:44.927000,327.0,267.0,330.0,337.0,True,SOFT,5.0,True,McLaren,0 days 00:27:34.678000,2025-11-08 18:13:26.114,1,,False,,False,True
0 days 00:30:21.211000,NOR,4,0 days 00:01:36.284000,6.0,1.0,,0 days 00:30:18.146000,0 days 00:00:27.377000,0 days 00:00:44.028000,0 days 00:00:24.879000,0 days 00:29:12.304000,0 days 00:29:56.332000,0 days 00:30:21.211000,205.0,201.0,,238.0,False,SOFT,6.0,True,McLaren,0 days 00:28:44.927000,2025-11-08 18:14:36.363,1,,False,,False,False
0 days 00:34:07.800000,NOR,4,,7.0,2.0,0 days 00:32:44.468000,,,0 days 00:00:42.894000,0 days 00:00:16.685000,,0 days 00:33:51.187000,0 days 00:34:07.931000,237.0,231.0,328.0,238.0,False,SOFT,1.0,True,McLaren,0 days 00:30:21.211000,2025-11-08 18:16:12.647,1,,False,,False,False
0 days 00:35:17.456000,NOR,4,0 days 00:01:09.656000,8.0,2.0,,,0 days 00:00:18.027000,0 days 00:00:35.681000,0 days 00:00:15.948000,0 days 00:34:25.827000,0 days 00:35:01.508000,0 days 00:35:17.456000,326.0,268.0,329.0,334.0,True,SOFT,2.0,True,McLaren,0 days 00:34:07.800000,2025-11-08 18:19:59.236,1,,False,,False,True
0 days 00:36:58.768000,NOR,4,0 days 00:01:41.312000,9.0,2.0,,0 days 00:36:54.517000,0 days 00:00:27.032000,0 days 00:00:48.130000,0 days 00:00:26.150000,0 days 00:35:44.488000,0 days 00:36:32.618000,0 days 00:36:58.768000,232.0,188.0,,128.0,False,SOFT,3.0,True,McLaren,0 days 00:35:17.456000,2025-11-08 18:21:08.892,1,,False,,False,False
0 days 00:49:58.857000,NOR,4,,10.0,3.0,0 days 00:47:51.203000,,,0 days 00:00:47.955000,0 days 00:00:16.563000,,0 days 00:49:42.405000,0 days 00:49:58.961000,205.0,232.0,331.0,128.0,False,SOFT,4.0,False,McLaren,0 days 00:36:58.768000,2025-11-08 18:22:50.204,1,,False,,False,False
0 days 00:51:08.787000,NOR,4,0 days 00:01:09.930000,11.0,3.0,,,0 days 00:00:18.131000,0 days 00:00:35.804000,0 days 00:00:15.995000,0 days 00:50:16.988000,0 days 00:50:52.792000,0 days 00:51:08.787000,326.0,269.0,327.0,336.0,True,SOFT,5.0,False,McLaren,0 days 00:49:58.857000,2025-11-08 18:35:50.293,1,,False,,False,True
0 days 00:52:42.452000,NOR,4,0 days 00:01:33.665000,12.0,3.0,,0 days 00:52:39.482000,0 days 00:00:22.426000,0 days 00:00:45.210000,0 days 00:00:26.029000,0 days 00:51:31.213000,0 days 00:52:16.423000,0 days 00:52:42.452000,213.0,186.0,,270.0,False,SOFT,6.0,False,McLaren,0 days 00:51:08.787000,2025-11-08 18:37:00.223,1,,False,,False,False
0 days 00:57:11.159000,NOR,4,,13.0,4.0,0 days 00:55:19.015000,,,0 days 00:00:45.502000,0 days 00:00:16.657000,,0 days 00:56:54.622000,0 days 00:57:11.518000,275.0,228.0,329.0,270.0,False,SOFT,1.0,True,McLaren,0 days 00:52:42.452000,2025-11-08 18:38:33.888,1,,False,,False,False
0 days 00:58:20.775000,NOR,4,0 days 00:01:09.616000,14.0,4.0,,,0 days 00:00:17.998000,0 days 00:00:35.587000,0 days 00:00:16.031000,0 days 00:57:29.157000,0 days 00:58:04.744000,0 days 00:58:20.775000,327.0,270.0,329.0,335.0,True,SOFT,2.0,True,McLaren,0 days 00:57:11.159000,2025-11-08 18:43:02.595,1,,False,,False,True
0 days 00:59:56.510000,NOR,4,0 days 00:01:35.735000,15.0,4.0,,0 days 00:59:53.597000,0 days 00:00:24.325000,0 days 00:00:45.411000,0 days 00:00:25.999000,0 days 00:58:45.100000,0 days 00:59:30.511000,0 days 00:59:56.510000,195.0,163.0,,254.0,False,SOFT,3.0,True,McLaren,0 days 00:58:20.775000,2025-11-08 18:44:12.211,1,,False,,False,False
0 days 01:09:46.228000,NOR,4,,16.0,5.0,0 days 01:08:07.678000,,,0 days 00:00:46.775000,0 days 00:00:16.665000,,0 days 01:09:29.585000,0 days 01:09:46.484000,273.0,222.0,329.0,254.0,False,SOFT,1.0,True,McLaren,0 days 00:59:56.510000,2025-11-08 18:45:47.946,1,,False,,False,False
0 days 01:10:56.776000,NOR,4,0 days 00:01:10.548000,17.0,5.0,,,0 days 00:00:18.898000,0 days 00:00:35.626000,0 days 00:00:16.024000,0 days 01:10:05.126000,0 days 01:10:40.752000,0 days 01:10:56.776000,326.0,269.0,328.0,335.0,True,SOFT,2.0,True,McLaren,0 days 01:09:46.228000,2025-11-08 18:55:37.664,1,,False,,False,True
0 days 01:12:22.265000,NOR,4,0 days 00:01:25.489000,18.0,5.0,,0 days 01:12:19.367000,0 days 00:00:21.138000,0 days 00:00:41.830000,0 days 00:00:22.521000,0 days 01:11:17.914000,0 days 01:11:59.744000,0 days 01:12:22.265000,234.0,209.0,,280.0,False,SOFT,3.0,True,McLaren,0 days 01:10:56.776000,2025-11-08 18:56:48.212,1,,False,,False,False
0 days 01:16:55.453000,NOR,4,,19.0,6.0,0 days 01:15:27.428000,,,0 days 00:00:43.876000,0 days 00:00:16.598000,,0 days 01:16:38.962000,0 days 01:16:55.695000,285.0,234.0,329.0,280.0,False,SOFT,1.0,True,McLaren,0 days 01:12:22.265000,2025-11-08 18:58:13.701,1,,False,,False,False
0 days 01:18:04.964000,NOR,4,0 days 00:01:09.511000,20.0,6.0,,,0 days 00:00:18.036000,0 days 00:00:35.534000,0 days 00:00:15.941000,0 days 01:17:13.489000,0 days 01:17:49.023000,0 days 01:18:04.964000,327.0,270.0,330.0,335.0,True,SOFT,2.0,True,McLaren,0 days 01:16:55.453000,2025-11-08 19:02:46.889,1,,False,,False,True
0 days 01:19:50.554000,NOR,4,0 days 00:01:45.590000,21.0,6.0,,0 days 01:19:43.103000,0 days 00:00:25.851000,0 days 00:00:47.065000,0 days 00:00:32.674000,0 days 01:18:30.815000,0 days 01:19:17.880000,0 days 01:19:50.554000,223.0,187.0,,149.0,False,SOFT,3.0,True,McLaren,0 days 01:18:04.964000,2025-11-08 19:03:56.400,1,,False,,False,False
0 days 00:26:16.411000,ANT,12,,1.0,1.0,0 days 00:24:49.322000,,,0 days 00:00:43.850000,0 days 00:00:17.047000,,0 days 00:25:59.368000,0 days 00:26:16.622000,259.0,232.0,328.0,,False,SOFT,1.0,True,Mercedes,0 days 00:24:49.322000,2025-11-08 18:10:40.758,1,,False,,False,False
0 days 00:27:26.603000,ANT,12,0 days 00:01:10.192000,2.0,1.0,,,0 days 00:00:18.267000,0 days 00:00:35.837000,0 days 00:00:16.088000,0 days 00:26:34.678000,0 days 00:27:10.515000,0 days 00:27:26.603000,328.0,267.0,333.0,329.0,True,SOFT,2.0,True,Mercedes,0 days 00:26:16.411000,2025-11-08 18:12:07.847,1,,False,,False,True
0 days 00:29:07.661000,ANT,12,0 days 00:01:41.058000,3.0,1.0,,0 days 00:29:04.638000,0 days 00:00:28.628000,0 days 00:00:45.067000,0 days 00:00:27.363000,0 days 00:27:55.231000,0 days 00:28:40.298000,0 days 00:29:07.661000,234.0,218.0,,150.0,False,SOFT,3.0,True,Mercedes,0 days 00:27:26.603000,2025-11-08 18:13:18.039,1,,False,,False,False
0 days 00:36:37.505000,ANT,12,,4.0,2.0,0 days 00:35:07.091000,,,0 days 00:00:48.368000,0 days 00:00:16.926000,,0 days 00:36:20.633000,0 days 00:36:37.795000,261.0,234.0,331.0,150.0,False,SOFT,1.0,True,Mercedes,0 days 00:29:07.661000,2025-11-08 18:14:59.097,1,,False,,False,False
0 days 00:38:08.201000,ANT,12,0 days 00:01:30.696000,5.0,2.0,,0 days 00:38:05.256000,0 days 00:00:18.211000,0 days 00:00:43.652000,0 days 00:00:28.833000,0 days 00:36:55.716000,0 days 00:37:39.368000,0 days 00:38:08.201000,325.0,159.0,,333.0,False,SOFT,2.0,True,Mercedes,0 days 00:36:37.505000,2025-11-08 18:22:28.941,1,,False,,False,False
0 days 00:50:34.707000,ANT,12,,6.0,3.0,0 days 00:48:51.559000,,,0 days 00:00:43.665000,0 days 00:00:16.831000,,0 days 00:50:17.980000,0 days 00:50:34.779000,261.0,237.0,330.0,333.0,False,SOFT,1.0,True,Mercedes,0 days 00:38:08.201000,2025-11-08 18:23:59.637,1,,False,,False,False
0 days 00:51:44.481000,ANT,12,0 days 00:01:09.774000,7.0,3.0,,,0 days 00:00:18.122000,0 days 00:00:35.588000,0 days 00:00:16.064000,0 days 00:50:52.829000,0 days 00:51:28.417000,0 days 00:51:44.481000,328.0,268.0,331.0,336.0,True,SOFT,2.0,True,Mercedes,0 days 00:50:34.707000,2025-11-08 18:36:26.143,1,,False,,False,True
0 days 00:53:19.810000,ANT,12,0 days 00:01:35.329000,8.0,3.0,,0 days 00:53:13.864000,0 days 00:00:22.578000,0 days 00:00:44.788000,0 days 00:00:27.963000,0 days 00:52:07.059000,0 days 00:52:51.847000,0 days 00:53:19.810000,254.0,202.0,,275.0,False,SOFT,3.0,True,Mercedes,0 days 00:51:44.481000,2025-11-08 18:37:35.917,1,,False,,False,False
0 days 00:59:06.045000,ANT,12,,9.0,4.0,0 days 00:57:45.143000,,,0 days 00:00:42.347000,0 days 00:00:16.752000,,0 days 00:58:49.313000,0 days 00:59:06.274000,237.0,251.0,328.0,275.0,False,SOFT,3.0,False,Mercedes,0 days 00:53:19.810000,2025-11-08 18:39:11.246,1,,False,,False,False
0 days 01:00:24.577000,ANT,12,0 days 00:01:18.532000,10.0,4.0,,0 days 01:00:21.700000,0 days 00:00:18.231000,0 days 00:00:35.750000,0 days 00:00:24.551000,0 days 00:59:24.276000,0 days 01:00:00.026000,0 days 01:00:24.577000,326.0,268.0,,332.0,False,SOFT,4.0,False,Mercedes,0 days 00:59:06.045000,2025-11-08 18:44:57.481,1,,False,,False,False
0 days 01:10:45.003000,ANT,12,,11.0,5.0,0 days 01:09:20.636000,,,0 days 00:00:43.520000,0 days 00:00:16.863000,,0 days 01:10:28.147000,0 days 01:10:45.029000,262.0,239.0,329.0,332.0,False,SOFT,1.0,True,Mercedes,0 days 01:00:24.577000,2025-11-08 18:46:16.013,1,,False,,False,False
0 days 01:11:55.005000,ANT,12,0 days 00:01:10.002000,12.0,5.0,,,0 days 00:00:18.035000,0 days 00:00:35.833000,0 days 00:00:16.134000,0 days 01:11:03.038000,0 days 01:11:38.871000,0 days 01:11:55.005000,327.0,268.0,330.0,335.0,True,SOFT,2.0,True,Mercedes,0 days 01:10:45.003000,2025-11-08 18:56:36.439,1,,False,,False,True
0 days 01:13:24.988000,ANT,12,0 days 00:01:29.983000,13.0,5.0,,0 days 01:13:21.974000,0 days 00:00:22.662000,0 days 00:00:43.611000,0 days 00:00:23.710000,0 days 01:12:17.667000,0 days 01:13:01.278000,0 days 01:13:24.988000,251.0,219.0,,255.0,False,SOFT,3.0,True,Mercedes,0 days 01:11:55.005000,2025-11-08 18:57:46.441,1,,False,,False,False
0 days 01:18:43.895000,ANT,12,,14.0,6.0,0 days 01:17:24.595000,,,0 days 00:00:41.236000,0 days 00:00:16.677000,,0 days 01:18:27.218000,0 days 01:18:44.202000,276.0,248.0,328.0,255.0,False,SOFT,1.0,True,Mercedes,0 days 01:13:24.988000,2025-11-08 18:59:16.424,1,,False,,False,False
0 days 01:19:53.580000,ANT,12,0 days 00:01:09.685000,15.0,6.0,,,0 days 00:00:18.065000,0 days 00:00:35.582000,0 days 00:00:16.038000,0 days 01:19:01.960000,0 days 01:19:37.542000,0 days 01:19:53.580000,326.0,268.0,329.0,333.0,True,SOFT,2.0,True,Mercedes,0 days 01:18:43.895000,2025-11-08 19:04:35.331,1,,False,,False,True
0 days 01:21:31.290000,ANT,12,0 days 00:01:37.710000,16.0,6.0,,0 days 01:21:27.389000,0 days 00:00:24.183000,0 days 00:00:43.711000,0 days 00:00:29.816000,0 days 01:20:17.763000,0 days 01:21:01.474000,0 days 01:21:31.290000,215.0,179.0,,284.0,False,SOFT,3.0,True,Mercedes,0 days 01:19:53.580000,2025-11-08 19:05:45.016,1,,False,,False,False
0 days 00:22:28.707000,LEC,16,,1.0,1.0,0 days 00:20:43.501000,,,0 days 00:00:52.167000,0 days 00:00:16.773000,,0 days 00:22:11.984000,0 days 00:22:28.766000,241.0,237.0,330.0,,False,MEDIUM,1.0,True,Ferrari,0 days 00:20:43.501000,2025-11-08 18:06:34.937,1,,False,,False,False
0 days 00:23:39.606000,LEC,16,0 days 00:01:10.899000,2.0,1.0,,,0 days 00:00:18.412000,0 days 00:00:36.356000,0 days 00:00:16.131000,0 days 00:22:47.119000,0 days 00:23:23.475000,0 days 00:23:39.606000,323.0,265.0,331.0,327.0,True,MEDIUM,2.0,True,Ferrari,0 days 00:22:28.707000,2025-11-08 18:08:20.143,1,,False,,False,True
0 days 00:25:22.684000,LEC,16,0 days 00:01:43.078000,3.0,1.0,,,0 days 00:00:36.749000,0 days 00:00:47.032000,0 days 00:00:19.297000,0 days 00:24:16.355000,0 days 00:25:03.387000,0 days 00:25:22.684000,163.0,214.0,276.0,190.0,False,MEDIUM,3.0,True,Ferrari,0 days 00:23:39.606000,2025-11-08 18:09:31.042,1,,False,,False,True
0 days 00:27:08.689000,LEC,16,0 days 00:01:46.005000,4.0,1.0,,,0 days 00:00:34.857000,0 days 00:00:53.372000,0 days 00:00:17.776000,0 days 00:25:57.541000,0 days 00:26:50.913000,0 days 00:27:08.689000,228.0,177.0,328.0,217.0,False,MEDIUM,4.0,True,Ferrari,0 days 00:25:22.684000,2025-11-08 18:11:14.120,1,,False,,False,True
0 days 00:28:19.123000,LEC,16,0 days 00:01:10.434000,5.0,1.0,,,0 days 00:00:18.125000,0 days 00:00:36.212000,0 days 00:00:16.097000,0 days 00:27:26.814000,0 days 00:28:03.026000,0 days 00:28:19.123000,326.0,266.0,331.0,335.0,True,MEDIUM,5.0,True,Ferrari,0 days 00:27:08.689000,2025-11-08 18:13:00.125,1,,False,,False,True
0 days 00:29:46.159000,LEC,16,0 days 00:01:27.036000,6.0,1.0,,0 days 00:29:43.259000,0 days 00:00:21.599000,0 days 00:00:42.307000,0 days 00:00:23.130000,0 days 00:28:40.722000,0 days 00:29:23.029000,0 days 00:29:46.159000,286.0,225.0,,266.0,False,MEDIUM,6.0,True,Ferrari,0 days 00:28:19.123000,2025-11-08 18:14:10.559,1,,False,,False,False
0 days 00:34:54.665000,LEC,16,,7.0,2.0,0 days 00:33:05.254000,,,0 days 00:00:49.892000,0 days 00:00:16.913000,,0 days 00:34:37.873000,0 days 00:34:54.781000,257.0,243.0,328.0,266.0,False,SOFT,1.0,True,Ferrari,0 days 00:29:46.159000,2025-11-08 18:15:37.595,1,,False,,False,False
0 days 00:36:04.599000,LEC,16,0 days 00:01:09.934000,8.0,2.0,,,0 days 00:00:18.041000,0 days 00:00:35.822000,0 days 00:00:16.071000,0 days 00:35:12.706000,0 days 00:35:48.528000,0 days 00:36:04.599000,325.0,268.0,330.0,334.0,True,SOFT,2.0,True,Ferrari,0 days 00:34:54.665000,2025-11-08 18:20:46.101,1,,False,,False,True
0 days 00:37:46.025000,LEC,16,0 days 00:01:41.426000,9.0,2.0,,0 days 00:37:43.005000,0 days 00:00:27.617000,0 days 00:00:49.795000,0 days 00:00:24.014000,0 days 00:36:32.216000,0 days 00:37:22.011000,0 days 00:37:46.025000,234.0,228.0,,147.0,False,SOFT,3.0,True,Ferrari,0 days 00:36:04.599000,2025-11-08 18:21:56.035,1,,False,,False,False
0 days 00:48:21.085000,LEC,16,,10.0,3.0,0 days 00:46:58.379000,,,0 days 00:00:41.318000,0 days 00:00:16.833000,,0 days 00:48:04.374000,0 days 00:48:21.086000,265.0,242.0,326.0,147.0,False,SOFT,1.0,True,Ferrari,0 days 00:37:46.025000,2025-11-08 18:23:37.461,1,,False,,False,False
0 days 00:49:47.067000,LEC,16,0 days 00:01:25.982000,11.0,3.0,,,0 days 00:00:18.030000,0 days 00:00:50.557000,0 days 00:00:17.395000,0 days 00:48:39.115000,0 days 00:49:29.672000,0 days 00:49:47.067000,323.0,112.0,330.0,333.0,True,SOFT,2.0,True,Ferrari,0 days 00:48:21.085000,2025-11-08 18:34:12.521,1,,False,,False,True
0 days 00:50:57.307000,LEC,16,0 days 00:01:10.240000,12.0,3.0,,,0 days 00:00:18.061000,0 days 00:00:35.977000,0 days 00:00:16.202000,0 days 00:50:05.128000,0 days 00:50:41.105000,0 days 00:50:57.307000,324.0,269.0,330.0,336.0,True,SOFT,3.0,True,Ferrari,0 days 00:49:47.067000,2025-11-08 18:35:38.503,1,,False,,False,True
0 days 00:52:24.090000,LEC,16,0 days 00:01:26.783000,13.0,3.0,,0 days 00:52:21.220000,0 days 00:00:20.599000,0 days 00:00:41.145000,0 days 00:00:25.039000,0 days 00:51:17.906000,0 days 00:51:59.051000,0 days 00:52:24.090000,290.0,228.0,,278.0,False,SOFT,4.0,True,Ferrari,0 days 00:50:57.307000,2025-11-08 18:36:48.743,1,,False,,False,False
0 days 00:56:14.215000,LEC,16,,14.0,4.0,0 days 00:54:39.406000,,,0 days 00:00:47.405000,0 days 00:00:16.874000,,0 days 00:55:57.363000,0 days 00:56:14.321000,243.0,246.0,327.0,278.0,False,SOFT,1.0,True,Ferrari,0 days 00:52:24.090000,2025-11-08 18:38:15.526,1,,False,,False,False
0 days 00:57:24.016000,LEC,16,0 days 00:01:09.801000,15.0,4.0,,,0 days 00:00:18.049000,0 days 00:00:35.680000,0 days 00:00:16.072000,0 days 00:56:32.264000,0 days 00:57:07.944000,0 days 00:57:24.016000,326.0,268.0,331.0,334.0,True,SOFT,2.0,True,Ferrari,0 days 00:56:14.215000,2025-11-08 18:42:05.651,1,,False,,False,True
0 days 00:59:02.201000,LEC,16,0 days 00:01:38.185000,16.0,4.0,,0 days 00:58:59.205000,0 days 00:00:25.711000,0 days 00:00:46.465000,0 days 00:00:26.009000,0 days 00:57:49.727000,0 days 00:58:36.192000,0 days 00:59:02.201000,245.0,189.0,,313.0,False,SOFT,3.0,True,Ferrari,0 days 00:57:24.016000,2025-11-08 18:43:15.452,1,,False,,False,False
0 days 01:09:37.906000,LEC,16,,17.0,5.0,0 days 01:08:03.393000,,,0 days 00:00:44.797000,0 days 00:00:16.840000,,0 days 01:09:21.195000,0 days 01:09:37.906000,263.0,245.0,327.0,313.0,False,SOFT,1.0,True,Ferrari,0 days 00:59:02.201000,2025-11-08 18:44:53.637,1,,False,,False,False
0 days 01:10:47.805000,LEC,16,0 days 00:01:09.899000,18.0,5.0,,,0 days 00:00:18.046000,0 days 00:00:35.774000,0 days 00:00:16.079000,0 days 01:09:55.952000,0 days 01:10:31.726000,0 days 01:10:47.805000,326.0,269.0,333.0,334.0,True,SOFT,2.0,True,Ferrari,0 days 01:09:37.906000,2025-11-08 18:55:29.342,1,,False,,False,True
0 days 01:12:17.892000,LEC,16,0 days 00:01:30.087000,19.0,5.0,,0 days 01:12:14.993000,0 days 00:00:21.090000,0 days 00:00:43.915000,0 days 00:00:25.082000,0 days 01:11:08.895000,0 days 01:11:52.810000,0 days 01:12:17.892000,287.0,215.0,,277.0,False,SOFT,3.0,True,Ferrari,0 days 01:10:47.805000,2025-11-08 18:56:39.241,1,,False,,False,False
0 days 01:16:45.326000,LEC,16,,20.0,6.0,0 days 01:15:16.368000,,,0 days 00:00:42.249000,0 days 00:00:16.764000,,0 days 01:16:28.604000,0 days 01:16:45.528000,262.0,248.0,328.0,277.0,False,SOFT,1.0,True,Ferrari,0 days 01:12:17.892000,2025-11-08 18:58:09.328,1,,False,,False,False
0 days 01:17:55.131000,LEC,16,0 days 00:01:09.805000,21.0,6.0,,,0 days 00:00:18.012000,0 days 00:00:35.759000,0 days 00:00:16.034000,0 days 01:17:03.338000,0 days 01:17:39.097000,0 days 01:17:55.131000,326.0,268.0,330.0,335.0,True,SOFT,2.0,True,Ferrari,0 days 01:16:45.326000,2025-11-08 19:02:36.762,1,,False,,False,True
0 days 01:19:44.357000,LEC,16,0 days 00:01:49.226000,22.0,6.0,,0 days 01:19:37.024000,0 days 00:00:22.671000,0 days 00:00:55.595000,0 days 00:00:30.960000,0 days 01:18:17.802000,0 days 01:19:13.397000,0 days 01:19:44.357000,199.0,213.0,,323.0,False,SOFT,3.0,True,Ferrari,0 days 01:17:55.131000,2025-11-08 19:03:46.567,1,,False,,False,False
0 days 00:21:32.819000,PIA,81,,1.0,1.0,0 days 00:19:54.535000,,,0 days 00:00:44.983000,0 days 00:00:16.936000,,0 days 00:21:15.924000,0 days 00:21:32.836000,257.0,238.0,327.0,,False,SOFT,7.0,False,McLaren,0 days 00:19:54.535000,2025-11-08 18:05:45.971,1,,False,,False,False
0 days 00:22:44.664000,PIA,81,0 days 00:01:11.845000,2.0,1.0,,,0 days 00:00:19.531000,0 days 00:00:36.158000,0 days 00:00:16.156000,0 days 00:21:52.350000,0 days 00:22:28.508000,0 days 00:22:44.664000,321.0,262.0,332.0,334.0,True,SOFT,8.0,False,McLaren,0 days 00:21:32.819000,2025-11-08 18:07:24.255,1,,False,,False,True
0 days 00:24:21.961000,PIA,81,0 days 00:01:37.297000,3.0,1.0,,0 days 00:24:19.007000,0 days 00:00:26.357000,0 days 00:00:47.782000,0 days 00:00:23.158000,0 days 00:23:11.021000,0 days 00:23:58.803000,0 days 00:24:21.961000,214.0,226.0,,219.0,False,SOFT,9.0,False,McLaren,0 days 00:22:44.664000,2025-11-08 18:08:36.100,1,,False,,False,False
0 days 00:27:58.315000,PIA,81,,4.0,2.0,0 days 00:26:27.222000,,,0 days 00:00:49.750000,0 days 00:00:16.820000,,0 days 00:27:41.579000,0 days 00:27:58.508000,262.0,198.0,330.0,219.0,False,SOFT,1.0,True,McLaren,0 days 00:24:21.961000,2025-11-08 18:10:13.397,1,,False,,False,False
0 days 00:29:08.243000,PIA,81,0 days 00:01:09.928000,5.0,2.0,,,0 days 00:00:18.161000,0 days 00:00:35.726000,0 days 00:00:16.041000,0 days 00:28:16.476000,0 days 00:28:52.202000,0 days 00:29:08.243000,325.0,266.0,329.0,337.0,True,SOFT,2.0,True,McLaren,0 days 00:27:58.315000,2025-11-08 18:13:49.751,1,,False,,False,True
0 days 00:30:48.126000,PIA,81,0 days 00:01:39.883000,6.0,2.0,,0 days 00:30:45.190000,0 days 00:00:26.519000,0 days 00:00:48.823000,0 days 00:00:24.541000,0 days 00:29:34.762000,0 days 00:30:23.585000,0 days 00:30:48.126000,190.0,196.0,,220.0,False,SOFT,3.0,True,McLaren,0 days 00:29:08.243000,2025-11-08 18:14:59.679,1,,False,,False,False
0 days 00:36:00.011000,PIA,81,,7.0,3.0,0 days 00:33:40.138000,,,0 days 00:00:50.655000,0 days 00:00:16.637000,,0 days 00:35:43.474000,0 days 00:36:00.244000,222.0,242.0,331.0,220.0,False,SOFT,1.0,True,McLaren,0 days 00:30:48.126000,2025-11-08 18:16:39.562,1,,False,,False,False
0 days 00:37:53.843000,PIA,81,0 days 00:01:53.832000,8.0,3.0,,0 days 00:37:50.918000,0 days 00:00:29.835000,0 days 00:00:58.025000,0 days 00:00:25.972000,0 days 00:36:29.846000,0 days 00:37:27.871000,0 days 00:37:53.843000,126.0,177.0,,338.0,False,SOFT,2.0,True,McLaren,0 days 00:36:00.011000,2025-11-08 18:21:51.447,1,,False,,False,False
0 days 00:48:29.903000,PIA,81,,9.0,4.0,0 days 00:47:00.586000,,,0 days 00:00:42.899000,0 days 00:00:16.726000,,0 days 00:48:13.377000,0 days 00:48:29.903000,256.0,234.0,328.0,338.0,False,SOFT,3.0,False,McLaren,0 days 00:37:53.843000,2025-11-08 18:23:45.279,1,,False,,False,False
0 days 00:49:39.738000,PIA,81,0 days 00:01:09.835000,10.0,4.0,,,0 days 00:00:18.127000,0 days 00:00:35.596000,0 days 00:00:16.112000,0 days 00:48:48.030000,0 days 00:49:23.626000,0 days 00:49:39.738000,325.0,267.0,329.0,334.0,True,SOFT,4.0,False,McLaren,0 days 00:48:29.903000,2025-11-08 18:34:21.339,1,,False,,False,True
0 days 00:51:22.487000,PIA,81,0 days 00:01:42.749000,11.0,4.0,,0 days 00:51:18.812000,0 days 00:00:30.426000,0 days 00:00:47.661000,0 days 00:00:24.662000,0 days 00:50:10.164000,0 days 00:50:57.825000,0 days 00:51:22.487000,159.0,207.0,,237.0,False,SOFT,5.0,False,McLaren,0 days 00:49:39.738000,2025-11-08 18:35:31.174,1,,False,,False,False
0 days 00:57:30.652000,PIA,81,,12.0,5.0,0 days 00:55:49.975000,,,0 days 00:00:48.391000,0 days 00:00:16.712000,,0 days 00:57:13.940000,0 days 00:57:30.831000,255.0,238.0,330.0,237.0,False,SOFT,1.0,True,McLaren,0 days 00:51:22.487000,2025-11-08 18:37:13.923,1,,False,,False,False
0 days 00:58:54.781000,PIA,81,0 days 00:01:24.129000,13.0,5.0,,0 days 00:58:51.789000,0 days 00:00:18.490000,0 days 00:00:40.984000,0 days 00:00:24.655000,0 days 00:57:49.142000,0 days 00:58:30.126000,0 days 00:58:54.781000,326.0,176.0,,336.0,False,SOFT,2.0,True,McLaren,0 days 00:57:30.652000,2025-11-08 18:43:22.088,1,,False,,False,False
0 days 01:10:11.720000,PIA,81,,14.0,6.0,0 days 01:08:21.167000,,,0 days 00:00:45.620000,0 days 00:00:16.564000,,0 days 01:09:55.326000,0 days 01:10:11.720000,248.0,251.0,331.0,336.0,False,SOFT,1.0,True,McLaren,0 days 00:58:54.781000,2025-11-08 18:44:46.217,1,,False,,False,False
0 days 01:11:21.617000,PIA,81,0 days 00:01:09.897000,15.0,6.0,,,0 days 00:00:18.158000,0 days 00:00:35.614000,0 days 00:00:16.125000,0 days 01:10:29.878000,0 days 01:11:05.492000,0 days 01:11:21.617000,327.0,268.0,328.0,338.0,True,SOFT,2.0,True,McLaren,0 days 01:10:11.720000,2025-11-08 18:56:03.156,1,,False,,False,True
0 days 01:12:53.554000,PIA,81,0 days 00:01:31.937000,16.0,6.0,,0 days 01:12:50.699000,0 days 00:00:24.186000,0 days 00:00:44.263000,0 days 00:00:23.488000,0 days 01:11:45.803000,0 days 01:12:30.066000,0 days 01:12:53.554000,209.0,208.0,,241.0,False,SOFT,3.0,True,McLaren,0 days 01:11:21.617000,2025-11-08 18:57:13.053,1,,False,,False,False
0 days 01:17:58.517000,PIA,81,,17.0,7.0,0 days 01:16:15.757000,,,0 days 00:00:46.094000,0 days 00:00:16.489000,,0 days 01:17:42.118000,0 days 01:17:58.669000,235.0,249.0,332.0,241.0,False,SOFT,1.0,True,McLaren,0 days 01:12:53.554000,2025-11-08 18:58:44.990,1,,False,,False,False
0 days 01:19:08.403000,PIA,81,0 days 00:01:09.886000,18.0,7.0,,,0 days 00:00:18.147000,0 days 00:00:35.709000,0 days 00:00:16.030000,0 days 01:18:16.664000,0 days 01:18:52.373000,0 days 01:19:08.403000,325.0,267.0,329.0,337.0,True,SOFT,2.0,True,McLaren,0 days 01:17:58.517000,2025-11-08 19:03:49.953,1,,False,,False,True
0 days 01:20:46.078000,PIA,81,,19.0,7.0,,0 days 01:20:46.078000,0 days 00:00:25.148000,0 days 00:00:47.405000,,0 days 01:19:33.587000,0 days 01:20:20.975000,,214.0,178.0,,229.0,False,SOFT,3.0,True,McLaren,0 days 01:19:08.403000,2025-11-08 19:04:59.839,1,,False,,False,False
0 days 00:22:03.934000,HAD,6,,1.0,1.0,0 days 00:20:20.177000,,,0 days 00:00:51.799000,0 days 00:00:17.205000,,0 days 00:21:46.771000,0 days 00:22:04,255.0,234.0,328.0,,False,SOFT,1.0,True,Racing Bulls,0 days 00:20:20.177000,2025-11-08 18:06:11.613,1,,False,,False,False
0 days 00:23:15.143000,HAD,6,0 days 00:01:11.209000,2.0,1.0,,,0 days 00:00:18.600000,0 days 00:00:36.396000,0 days 00:00:16.213000,0 days 00:22:22.534000,0 days 00:22:58.930000,0 days 00:23:15.143000,320.0,265.0,330.0,335.0,True,SOFT,2.0,True,Racing Bulls,0 days 00:22:03.934000,2025-11-08 18:07:55.370,1,,False,,False,True
0 days 00:25:05.695000,HAD,6,0 days 00:01:50.552000,3.0,1.0,,,0 days 00:00:40.897000,0 days 00:00:50.868000,0 days 00:00:18.787000,0 days 00:23:56.040000,0 days 00:24:46.908000,0 days 00:25:05.695000,163.0,225.0,278.0,218.0,False,SOFT,3.0,True,Racing Bulls,0 days 00:23:15.143000,2025-11-08 18:09:06.579,1,,False,,False,True
0 days 00:26:53.396000,HAD,6,0 days 00:01:47.701000,4.0,1.0,,,0 days 00:00:42.245000,0 days 00:00:48.211000,0 days 00:00:17.245000,0 days 00:25:47.940000,0 days 00:26:36.151000,0 days 00:26:53.396000,219.0,221.0,327.0,172.0,False,SOFT,4.0,True,Racing Bulls,0 days 00:25:05.695000,2025-11-08 18:10:57.131,1,,False,,False,True
0 days 00:28:03.682000,HAD,6,0 days 00:01:10.286000,5.0,1.0,,,0 days 00:00:18.252000,0 days 00:00:36.053000,0 days 00:00:15.981000,0 days 00:27:11.648000,0 days 00:27:47.701000,0 days 00:28:03.682000,325.0,265.0,331.0,333.0,True,SOFT,5.0,True,Racing Bulls,0 days 00:26:53.396000,2025-11-08 18:12:44.832,1,,False,,False,True
0 days 00:29:32.344000,HAD,6,0 days 00:01:28.662000,6.0,1.0,,0 days 00:29:28.365000,0 days 00:00:24.073000,0 days 00:00:39.847000,0 days 00:00:24.742000,0 days 00:28:27.755000,0 days 00:29:07.602000,0 days 00:29:32.344000,280.0,239.0,,160.0,False,SOFT,6.0,True,Racing Bulls,0 days 00:28:03.682000,2025-11-08 18:13:55.118,1,,False,,False,False
0 days 00:34:46.181000,HAD,6,,7.0,2.0,0 days 00:33:01.180000,,,0 days 00:00:49.697000,0 days 00:00:17.178000,,0 days 00:34:29.081000,0 days 00:34:46.438000,265.0,213.0,327.0,160.0,False,SOFT,1.0,True,Racing Bulls,0 days 00:29:32.344000,2025-11-08 18:15:23.780,1,,False,,False,False
0 days 00:35:56.264000,HAD,6,0 days 00:01:10.083000,8.0,2.0,,,0 days 00:00:18.101000,0 days 00:00:35.966000,0 days 00:00:16.016000,0 days 00:35:04.282000,0 days 00:35:40.248000,0 days 00:35:56.264000,325.0,266.0,332.0,334.0,True,SOFT,2.0,True,Racing Bulls,0 days 00:34:46.181000,2025-11-08 18:20:37.617,1,,False,,False,True
0 days 00:37:39.952000,HAD,6,0 days 00:01:43.688000,9.0,2.0,,0 days 00:37:36.618000,0 days 00:00:25.785000,0 days 00:00:45.892000,0 days 00:00:32.011000,0 days 00:36:22.049000,0 days 00:37:07.941000,0 days 00:37:39.952000,244.0,198.0,,336.0,False,SOFT,3.0,True,Racing Bulls,0 days 00:35:56.264000,2025-11-08 18:21:47.700,1,,False,,False,False
0 days 00:48:55.730000,HAD,6,,10.0,3.0,0 days 00:47:08.802000,,,0 days 00:00:41.956000,0 days 00:00:17.150000,,0 days 00:48:38.638000,0 days 00:48:55.821000,265.0,238.0,326.0,336.0,False,SOFT,1.0,True,Racing Bulls,0 days 00:37:39.952000,2025-11-08 18:23:31.388,1,,False,,False,False
0 days 00:50:05.700000,HAD,6,0 days 00:01:09.970000,11.0,3.0,,,0 days 00:00:18.118000,0 days 00:00:35.822000,0 days 00:00:16.030000,0 days 00:49:13.848000,0 days 00:49:49.670000,0 days 00:50:05.700000,325.0,267.0,332.0,334.0,True,SOFT,2.0,True,Racing Bulls,0 days 00:48:55.730000,2025-11-08 18:34:47.166,1,,False,,False,True
0 days 00:51:50.911000,HAD,6,0 days 00:01:45.211000,12.0,3.0,,0 days 00:51:47.959000,0 days 00:00:30.739000,0 days 00:00:47.111000,0 days 00:00:27.361000,0 days 00:50:36.439000,0 days 00:51:23.550000,0 days 00:51:50.911000,263.0,238.0,,150.0,False,SOFT,3.0,True,Racing Bulls,0 days 00:50:05.700000,2025-11-08 18:35:57.136,1,,False,,False,False
0 days 00:56:44.222000,HAD,6,,13.0,4.0,0 days 00:54:56.056000,,,0 days 00:00:45.899000,0 days 00:00:17.131000,,0 days 00:56:27.096000,0 days 00:56:44.443000,271.0,231.0,328.0,150.0,False,SOFT,1.0,True,Racing Bulls,0 days 00:51:50.911000,2025-11-08 18:37:42.347,1,,False,,False,False
0 days 00:57:54.419000,HAD,6,0 days 00:01:10.197000,14.0,4.0,,,0 days 00:00:18.403000,0 days 00:00:35.690000,0 days 00:00:16.104000,0 days 00:57:02.625000,0 days 00:57:38.315000,0 days 00:57:54.419000,326.0,267.0,330.0,335.0,False,SOFT,2.0,True,Racing Bulls,0 days 00:56:44.222000,2025-11-08 18:42:35.658,1,,False,,False,True
0 days 00:59:29.516000,HAD,6,0 days 00:01:35.097000,15.0,4.0,,0 days 00:59:26.498000,0 days 00:00:27.603000,0 days 00:00:42.536000,0 days 00:00:24.958000,0 days 00:58:22.022000,0 days 00:59:04.558000,0 days 00:59:29.516000,252.0,225.0,,329.0,False,SOFT,3.0,True,Racing Bulls,0 days 00:57:54.419000,2025-11-08 18:43:45.855,1,,False,,False,False
0 days 01:10:01.888000,HAD,6,,16.0,5.0,0 days 01:08:16.337000,,,0 days 00:00:43.098000,0 days 00:00:17.332000,,0 days 01:09:44.755000,0 days 01:10:01.888000,268.0,236.0,327.0,329.0,False,SOFT,4.0,False,Racing Bulls,0 days 00:59:29.516000,2025-11-08 18:45:20.952,1,,False,,False,False
0 days 01:11:12.186000,HAD,6,0 days 00:01:10.298000,17.0,5.0,,,0 days 00:00:18.235000,0 days 00:00:35.908000,0 days 00:00:16.155000,0 days 01:10:20.123000,0 days 01:10:56.031000,0 days 01:11:12.186000,326.0,267.0,331.0,335.0,True,SOFT,5.0,False,Racing Bulls,0 days 01:10:01.888000,2025-11-08 18:55:53.324,1,,False,,False,True
0 days 01:12:39.722000,HAD,6,0 days 00:01:27.536000,18.0,5.0,,0 days 01:12:36.827000,0 days 00:00:20.612000,0 days 00:00:41.373000,0 days 00:00:25.551000,0 days 01:11:32.798000,0 days 01:12:14.171000,0 days 01:12:39.722000,294.0,229.0,,293.0,False,SOFT,6.0,False,Racing Bulls,0 days 01:11:12.186000,2025-11-08 18:57:03.622,1,,False,,False,False
0 days 01:18:06.902000,HAD,6,,19.0,6.0,0 days 01:16:20.161000,,,0 days 00:00:46.072000,0 days 00:00:17.038000,,0 days 01:17:49.908000,0 days 01:18:07.082000,253.0,238.0,329.0,293.0,False,SOFT,1.0,True,Racing Bulls,0 days 01:12:39.722000,2025-11-08 18:58:31.158,1,,False,,False,False
0 days 01:19:16.833000,HAD,6,0 days 00:01:09.931000,20.0,6.0,,,0 days 00:00:18.086000,0 days 00:00:35.841000,0 days 00:00:16.004000,0 days 01:18:24.988000,0 days 01:19:00.829000,0 days 01:19:16.833000,326.0,265.0,331.0,336.0,True,SOFT,2.0,True,Racing Bulls,0 days 01:18:06.902000,2025-11-08 19:03:58.338,1,,False,,False,True
0 days 01:20:50.698000,HAD,6,,21.0,6.0,,0 days 01:20:50.698000,0 days 00:00:27.022000,0 days 00:00:43.271000,,0 days 01:19:43.825000,0 days 01:20:27.147000,,195.0,206.0,,313.0,False,SOFT,3.0,True,Racing Bulls,0 days 01:19:16.833000,2025-11-08 19:05:08.269,1,,False,,False,False
0 days 00:26:08.648000,RUS,63,,1.0,1.0,0 days 00:24:45.870000,,,0 days 00:00:45.988000,0 days 00:00:16.626000,,0 days 00:25:52.095000,0 days 00:26:08.923000,293.0,252.0,330.0,,False,SOFT,1.0,True,Mercedes,0 days 00:24:45.870000,2025-11-08 18:10:37.306,1,,False,,False,False
0 days 00:27:19.030000,RUS,63,0 days 00:01:10.382000,2.0,1.0,,,0 days 00:00:18.389000,0 days 00:00:35.920000,0 days 00:00:16.073000,0 days 00:26:27.037000,0 days 00:27:02.957000,0 days 00:27:19.030000,328.0,268.0,333.0,322.0,True,SOFT,2.0,True,Mercedes,0 days 00:26:08.648000,2025-11-08 18:12:00.084,1,,False,,False,True
0 days 00:28:54.199000,RUS,63,0 days 00:01:35.169000,3.0,1.0,,0 days 00:28:51.510000,0 days 00:00:22.933000,0 days 00:00:49.448000,0 days 00:00:22.788000,0 days 00:27:41.963000,0 days 00:28:31.411000,0 days 00:28:54.199000,182.0,223.0,,253.0,False,SOFT,3.0,True,Mercedes,0 days 00:27:19.030000,2025-11-08 18:13:10.466,1,,False,,False,False
0 days 00:34:15.260000,RUS,63,,4.0,2.0,0 days 00:32:48.847000,,,0 days 00:00:44.804000,0 days 00:00:16.632000,,0 days 00:33:58.707000,0 days 00:34:15.481000,291.0,242.0,329.0,253.0,False,SOFT,1.0,True,Mercedes,0 days 00:28:54.199000,2025-11-08 18:14:45.635,1,,False,,False,False
0 days 00:35:25.195000,RUS,63,0 days 00:01:09.935000,5.0,2.0,,,0 days 00:00:18.143000,0 days 00:00:35.759000,0 days 00:00:16.033000,0 days 00:34:33.403000,0 days 00:35:09.162000,0 days 00:35:25.195000,327.0,267.0,337.0,335.0,True,SOFT,2.0,True,Mercedes,0 days 00:34:15.260000,2025-11-08 18:20:06.696,1,,False,,False,True
0 days 00:37:07.520000,RUS,63,0 days 00:01:42.325000,6.0,2.0,,0 days 00:37:04.663000,0 days 00:00:27.926000,0 days 00:00:49.492000,0 days 00:00:24.907000,0 days 00:35:53.121000,0 days 00:36:42.613000,0 days 00:37:07.520000,195.0,137.0,,229.0,False,SOFT,3.0,True,Mercedes,0 days 00:35:25.195000,2025-11-08 18:21:16.631,1,,False,,False,False
0 days 00:50:24.556000,RUS,63,,7.0,3.0,0 days 00:48:45.969000,,,0 days 00:00:43.678000,0 days 00:00:16.527000,,0 days 00:50:08.091000,0 days 00:50:24.556000,278.0,248.0,332.0,229.0,False,SOFT,1.0,True,Mercedes,0 days 00:37:07.520000,2025-11-08 18:22:58.956,1,,False,,False,False
0 days 00:51:34.436000,RUS,63,0 days 00:01:09.880000,8.0,3.0,,,0 days 00:00:18.081000,0 days 00:00:35.748000,0 days 00:00:16.051000,0 days 00:50:42.637000,0 days 00:51:18.385000,0 days 00:51:34.436000,327.0,269.0,330.0,336.0,True,SOFT,2.0,True,Mercedes,0 days 00:50:24.556000,2025-11-08 18:36:15.992,1,,False,,False,True
0 days 00:53:08.067000,RUS,63,0 days 00:01:33.631000,9.0,3.0,,0 days 00:53:05.204000,0 days 00:00:24.671000,0 days 00:00:45.517000,0 days 00:00:23.443000,0 days 00:51:59.107000,0 days 00:52:44.624000,0 days 00:53:08.067000,253.0,216.0,,235.0,False,SOFT,3.0,True,Mercedes,0 days 00:51:34.436000,2025-11-08 18:37:25.872,1,,False,,False,False
0 days 00:59:08.798000,RUS,63,,10.0,4.0,0 days 00:57:41.581000,0 days 00:59:05.838000,,0 days 00:00:44.195000,0 days 00:00:24.549000,,0 days 00:58:44.296000,0 days 00:59:08.798000,295.0,221.0,,235.0,False,SOFT,1.0,True,Mercedes,0 days 00:53:08.067000,2025-11-08 18:38:59.503,1,,False,,False,False
0 days 01:10:32.401000,RUS,63,,11.0,5.0,0 days 01:09:14.522000,,,0 days 00:00:41.566000,0 days 00:00:16.576000,,0 days 01:10:15.893000,0 days 01:10:32.401000,293.0,244.0,329.0,235.0,False,SOFT,1.0,True,Mercedes,0 days 00:59:08.798000,2025-11-08 18:45:00.234,1,,False,,False,False
0 days 01:11:42.464000,RUS,63,0 days 00:01:10.063000,12.0,5.0,,,0 days 00:00:18.166000,0 days 00:00:35.788000,0 days 00:00:16.109000,0 days 01:10:50.567000,0 days 01:11:26.355000,0 days 01:11:42.464000,326.0,268.0,329.0,334.0,True,SOFT,2.0,True,Mercedes,0 days 01:10:32.401000,2025-11-08 18:56:23.837,1,,False,,False,True
0 days 01:13:12.087000,RUS,63,0 days 00:01:29.623000,13.0,5.0,,0 days 01:13:09.186000,0 days 00:00:22.677000,0 days 00:00:43.513000,0 days 00:00:23.433000,0 days 01:12:05.141000,0 days 01:12:48.654000,0 days 01:13:12.087000,260.0,240.0,,239.0,False,SOFT,3.0,True,Mercedes,0 days 01:11:42.464000,2025-11-08 18:57:33.900,1,,False,,False,False
0 days 01:18:29.636000,RUS,63,,14.0,6.0,0 days 01:17:16.960000,,,0 days 00:00:38.724000,0 days 00:00:16.441000,,0 days 01:18:13.209000,0 days 01:18:29.808000,297.0,251.0,330.0,239.0,False,MEDIUM,1.0,True,Mercedes,0 days 01:13:12.087000,2025-11-08 18:59:03.523,1,,False,,False,False
0 days 01:19:39.578000,RUS,63,0 days 00:01:09.942000,15.0,6.0,,,0 days 00:00:18.117000,0 days 00:00:35.776000,0 days 00:00:16.049000,0 days 01:18:47.753000,0 days 01:19:23.529000,0 days 01:19:39.578000,327.0,267.0,329.0,335.0,True,MEDIUM,2.0,True,Mercedes,0 days 01:18:29.636000,2025-11-08 19:04:21.072,1,,False,,False,True
0 days 01:21:20.665000,RUS,63,,16.0,6.0,,0 days 01:21:20.665000,0 days 00:00:27.748000,0 days 00:00:47.729000,,0 days 01:20:07.350000,0 days 01:20:55.120000,,185.0,198.0,,236.0,False,MEDIUM,3.0,True,Mercedes,0 days 01:19:39.578000,2025-11-08 19:05:31.014,1,,False,,False,False
0 days 00:21:23.689000,LAW,30,,1.0,1.0,0 days 00:19:50.252000,,,0 days 00:00:43.781000,0 days 00:00:17.023000,,0 days 00:21:06.710000,0 days 00:21:23.693000,253.0,226.0,328.0,,False,SOFT,1.0,True,Racing Bulls,0 days 00:19:50.252000,2025-11-08 18:05:41.688,1,,False,,False,False
0 days 00:22:34.232000,LAW,30,0 days 00:01:10.543000,2.0,1.0,,,0 days 00:00:18.293000,0 days 00:00:36.115000,0 days 00:00:16.135000,0 days 00:21:41.982000,0 days 00:22:18.097000,0 days 00:22:34.232000,323.0,265.0,331.0,335.0,True,SOFT,2.0,True,Racing Bulls,0 days 00:21:23.689000,2025-11-08 18:07:15.125,1,,False,,False,True
0 days 00:24:10.593000,LAW,30,0 days 00:01:36.361000,3.0,1.0,,0 days 00:24:07.701000,0 days 00:00:23.535000,0 days 00:00:46.485000,0 days 00:00:26.341000,0 days 00:22:57.767000,0 days 00:23:44.252000,0 days 00:24:10.593000,279.0,232.0,,312.0,False,SOFT,3.0,True,Racing Bulls,0 days 00:22:34.232000,2025-11-08 18:08:25.668,1,,False,,False,False
0 days 00:26:01.167000,LAW,30,0 days 00:01:50.574000,4.0,2.0,0 days 00:24:38.371000,,0 days 00:00:51.056000,0 days 00:00:42.647000,0 days 00:00:16.871000,0 days 00:25:01.649000,0 days 00:25:44.296000,0 days 00:26:01.167000,258.0,236.0,327.0,312.0,False,SOFT,1.0,True,Racing Bulls,0 days 00:24:10.593000,2025-11-08 18:10:02.029,1,,False,,False,False
0 days 00:27:11.668000,LAW,30,0 days 00:01:10.501000,5.0,2.0,,,0 days 00:00:18.475000,0 days 00:00:35.988000,0 days 00:00:16.038000,0 days 00:26:19.642000,0 days 00:26:55.630000,0 days 00:27:11.668000,325.0,267.0,332.0,333.0,True,SOFT,2.0,True,Racing Bulls,0 days 00:26:01.167000,2025-11-08 18:11:52.603,1,,False,,False,True
0 days 00:28:46.113000,LAW,30,0 days 00:01:34.445000,6.0,2.0,,0 days 00:28:43.136000,0 days 00:00:20.411000,0 days 00:00:48.186000,0 days 00:00:25.848000,0 days 00:27:32.079000,0 days 00:28:20.265000,0 days 00:28:46.113000,284.0,231.0,,308.0,False,SOFT,3.0,True,Racing Bulls,0 days 00:27:11.668000,2025-11-08 18:13:03.104,1,,False,,False,False
0 days 00:34:23.686000,LAW,30,,7.0,3.0,0 days 00:32:52.675000,,,0 days 00:00:44.443000,0 days 00:00:16.898000,,0 days 00:34:06.816000,0 days 00:34:23.803000,264.0,213.0,328.0,308.0,False,SOFT,1.0,True,Racing Bulls,0 days 00:28:46.113000,2025-11-08 18:14:37.549,1,,False,,False,False
0 days 00:35:33.794000,LAW,30,0 days 00:01:10.108000,8.0,3.0,,,0 days 00:00:18.268000,0 days 00:00:35.856000,0 days 00:00:15.984000,0 days 00:34:41.954000,0 days 00:35:17.810000,0 days 00:35:33.794000,323.0,266.0,330.0,334.0,True,SOFT,2.0,True,Racing Bulls,0 days 00:34:23.686000,2025-11-08 18:20:15.122,1,,False,,False,True
0 days 00:37:11.346000,LAW,30,0 days 00:01:37.552000,9.0,3.0,,0 days 00:37:08.392000,0 days 00:00:25.331000,0 days 00:00:46.648000,0 days 00:00:25.573000,0 days 00:35:59.125000,0 days 00:36:45.773000,0 days 00:37:11.346000,156.0,208.0,,209.0,False,SOFT,3.0,True,Racing Bulls,0 days 00:35:33.794000,2025-11-08 18:21:25.230,1,,False,,False,False
0 days 00:49:18.931000,LAW,30,,10.0,4.0,0 days 00:47:25.002000,,,0 days 00:00:45.807000,0 days 00:00:16.950000,,0 days 00:49:02.110000,0 days 00:49:18.931000,245.0,194.0,328.0,209.0,False,SOFT,1.0,True,Racing Bulls,0 days 00:37:11.346000,2025-11-08 18:23:02.782,1,,False,,False,False
0 days 00:50:28.881000,LAW,30,0 days 00:01:09.950000,11.0,4.0,,,0 days 00:00:18.164000,0 days 00:00:35.712000,0 days 00:00:16.074000,0 days 00:49:37.095000,0 days 00:50:12.807000,0 days 00:50:28.881000,325.0,267.0,331.0,334.0,True,SOFT,2.0,True,Racing Bulls,0 days 00:49:18.931000,2025-11-08 18:35:10.367,1,,False,,False,True
0 days 00:52:03.760000,LAW,30,0 days 00:01:34.879000,12.0,4.0,,0 days 00:52:00.887000,0 days 00:00:20.950000,0 days 00:00:46.405000,0 days 00:00:27.524000,0 days 00:50:49.831000,0 days 00:51:36.236000,0 days 00:52:03.760000,249.0,199.0,,295.0,False,SOFT,3.0,True,Racing Bulls,0 days 00:50:28.881000,2025-11-08 18:36:20.317,1,,False,,False,False
0 days 00:56:51.210000,LAW,30,,13.0,5.0,0 days 00:55:01.799000,,,0 days 00:00:42.826000,0 days 00:00:16.903000,,0 days 00:56:34.390000,0 days 00:56:51.519000,248.0,228.0,328.0,295.0,False,SOFT,1.0,True,Racing Bulls,0 days 00:52:03.760000,2025-11-08 18:37:55.196,1,,False,,False,False
0 days 00:58:01.217000,LAW,30,0 days 00:01:10.007000,14.0,5.0,,,0 days 00:00:18.169000,0 days 00:00:35.707000,0 days 00:00:16.131000,0 days 00:57:09.379000,0 days 00:57:45.086000,0 days 00:58:01.217000,326.0,268.0,330.0,335.0,False,SOFT,2.0,True,Racing Bulls,0 days 00:56:51.210000,2025-11-08 18:42:42.646,1,,False,,False,True
0 days 00:59:37.661000,LAW,30,0 days 00:01:36.444000,15.0,5.0,,0 days 00:59:34.712000,0 days 00:00:23.905000,0 days 00:00:44.451000,0 days 00:00:28.088000,0 days 00:58:25.122000,0 days 00:59:09.573000,0 days 00:59:37.661000,247.0,178.0,,288.0,False,SOFT,3.0,True,Racing Bulls,0 days 00:58:01.217000,2025-11-08 18:43:52.653,1,,False,,False,False
0 days 01:09:54.467000,LAW,30,,16.0,6.0,0 days 01:08:13.037000,,,0 days 00:00:43.824000,0 days 00:00:17.027000,,0 days 01:09:37.498000,0 days 01:09:54.467000,231.0,225.0,326.0,288.0,False,SOFT,4.0,False,Racing Bulls,0 days 00:59:37.661000,2025-11-08 18:45:29.097,1,,False,,False,False
0 days 01:11:04.677000,LAW,30,0 days 00:01:10.210000,17.0,6.0,,,0 days 00:00:18.166000,0 days 00:00:35.884000,0 days 00:00:16.160000,0 days 01:10:12.633000,0 days 01:10:48.517000,0 days 01:11:04.677000,325.0,267.0,331.0,333.0,True,SOFT,5.0,False,Racing Bulls,0 days 01:09:54.467000,2025-11-08 18:55:45.903,1,,False,,False,True
0 days 01:12:34.523000,LAW,30,0 days 00:01:29.846000,18.0,6.0,,0 days 01:12:31.646000,0 days 00:00:21.156000,0 days 00:00:42.081000,0 days 00:00:26.609000,0 days 01:11:25.833000,0 days 01:12:07.914000,0 days 01:12:34.523000,266.0,206.0,,292.0,False,SOFT,6.0,False,Racing Bulls,0 days 01:11:04.677000,2025-11-08 18:56:56.113,1,,False,,False,False
0 days 01:17:50.984000,LAW,30,,19.0,7.0,0 days 01:16:13.280000,,,0 days 00:00:47.495000,0 days 00:00:17.270000,,0 days 01:17:33.745000,0 days 01:17:51.151000,241.0,154.0,328.0,292.0,False,SOFT,1.0,True,Racing Bulls,0 days 01:12:34.523000,2025-11-08 18:58:25.959,1,,False,,False,False
0 days 01:19:00.946000,LAW,30,0 days 00:01:09.962000,20.0,7.0,,,0 days 00:00:18.216000,0 days 00:00:35.677000,0 days 00:00:16.069000,0 days 01:18:09.200000,0 days 01:18:44.877000,0 days 01:19:00.946000,324.0,266.0,329.0,334.0,True,SOFT,2.0,True,Racing Bulls,0 days 01:17:50.984000,2025-11-08 19:03:42.420,1,,False,,False,True
0 days 01:20:38.041000,LAW,30,,21.0,7.0,,0 days 01:20:38.041000,0 days 00:00:21.474000,0 days 00:00:43.094000,,0 days 01:19:22.451000,0 days 01:20:05.569000,,240.0,197.0,,289.0,False,SOFT,3.0,True,Racing Bulls,0 days 01:19:00.946000,2025-11-08 19:04:52.382,1,,False,,False,False
0 days 00:20:50.604000,BEA,87,,1.0,1.0,0 days 00:19:27.168000,,,0 days 00:00:40.907000,0 days 00:00:16.775000,,0 days 00:20:33.850000,0 days 00:20:50.604000,265.0,243.0,324.0,,False,SOFT,1.0,True,Haas F1 Team,0 days 00:19:27.168000,2025-11-08 18:05:18.604,1,,False,,False,False
0 days 00:22:01.268000,BEA,87,0 days 00:01:10.664000,2.0,1.0,,,0 days 00:00:18.394000,0 days 00:00:36.121000,0 days 00:00:16.149000,0 days 00:21:08.998000,0 days 00:21:45.119000,0 days 00:22:01.268000,321.0,266.0,327.0,332.0,True,SOFT,2.0,True,Haas F1 Team,0 days 00:20:50.604000,2025-11-08 18:06:42.040,1,,False,,False,True
0 days 00:23:42.835000,BEA,87,0 days 00:01:41.567000,3.0,1.0,,0 days 00:23:38.140000,0 days 00:00:26.987000,0 days 00:00:49.289000,0 days 00:00:25.291000,0 days 00:22:28.255000,0 days 00:23:17.544000,0 days 00:23:42.835000,220.0,216.0,,150.0,False,SOFT,3.0,True,Haas F1 Team,0 days 00:22:01.268000,2025-11-08 18:07:52.704,1,,False,,False,False
0 days 00:26:23.187000,BEA,87,,4.0,2.0,0 days 00:24:53.601000,,,0 days 00:00:41.924000,0 days 00:00:16.580000,,0 days 00:26:06.688000,0 days 00:26:23.395000,267.0,243.0,326.0,150.0,False,SOFT,1.0,True,Haas F1 Team,0 days 00:23:42.835000,2025-11-08 18:09:34.271,1,,False,,False,False
0 days 00:27:33.078000,BEA,87,0 days 00:01:09.891000,5.0,2.0,,,0 days 00:00:18.212000,0 days 00:00:35.685000,0 days 00:00:15.994000,0 days 00:26:41.399000,0 days 00:27:17.084000,0 days 00:27:33.078000,324.0,267.0,330.0,332.0,True,SOFT,2.0,True,Haas F1 Team,0 days 00:26:23.187000,2025-11-08 18:12:14.623,1,,False,,False,True
0 days 00:29:11.726000,BEA,87,0 days 00:01:38.648000,6.0,2.0,,0 days 00:29:08.775000,0 days 00:00:26.860000,0 days 00:00:48.277000,0 days 00:00:23.511000,0 days 00:27:59.938000,0 days 00:28:48.215000,0 days 00:29:11.726000,213.0,209.0,,143.0,False,SOFT,3.0,True,Haas F1 Team,0 days 00:27:33.078000,2025-11-08 18:13:24.514,1,,False,,False,False
0 days 00:36:15.689000,BEA,87,,7.0,3.0,0 days 00:33:46.882000,,0 days 00:00:26.860000,0 days 00:00:44.278000,0 days 00:00:19.379000,0 days 00:35:12.032000,0 days 00:35:59.005000,0 days 00:36:18.600000,250.0,143.0,326.0,143.0,False,SOFT,4.0,False,Haas F1 Team,0 days 00:29:11.726000,2025-11-08 18:15:03.162,1,,False,,False,False
0 days 00:37:35.809000,BEA,87,0 days 00:01:20.120000,8.0,3.0,,0 days 00:37:35.446000,0 days 00:00:18.298000,0 days 00:00:36.239000,0 days 00:00:25.583000,0 days 00:36:33.987000,0 days 00:37:10.226000,0 days 00:37:35.809000,322.0,265.0,,334.0,False,SOFT,5.0,False,Haas F1 Team,0 days 00:36:15.689000,2025-11-08 18:22:07.125,1,,False,,False,False
0 days 00:48:44.719000,BEA,87,,9.0,4.0,0 days 00:47:04.593000,,,0 days 00:00:40.538000,0 days 00:00:16.599000,,0 days 00:48:28.230000,0 days 00:48:44.719000,257.0,244.0,325.0,334.0,False,SOFT,1.0,True,Haas F1 Team,0 days 00:37:35.809000,2025-11-08 18:23:27.245,1,,False,,False,False
0 days 00:49:54.474000,BEA,87,0 days 00:01:09.755000,10.0,4.0,,,0 days 00:00:18.062000,0 days 00:00:35.641000,0 days 00:00:16.052000,0 days 00:49:02.781000,0 days 00:49:38.422000,0 days 00:49:54.474000,323.0,268.0,330.0,332.0,True,SOFT,2.0,True,Haas F1 Team,0 days 00:48:44.719000,2025-11-08 18:34:36.155,1,,False,,False,True
0 days 00:51:36.422000,BEA,87,0 days 00:01:41.948000,11.0,4.0,,0 days 00:51:33.585000,0 days 00:00:28.210000,0 days 00:00:50.804000,0 days 00:00:22.934000,0 days 00:50:22.684000,0 days 00:51:13.488000,0 days 00:51:36.422000,210.0,219.0,,199.0,False,SOFT,3.0,True,Haas F1 Team,0 days 00:49:54.474000,2025-11-08 18:35:45.910,1,,False,,False,False
0 days 00:57:18.493000,BEA,87,,12.0,5.0,0 days 00:55:46.843000,,,0 days 00:00:43.380000,0 days 00:00:16.789000,,0 days 00:57:01.721000,0 days 00:57:18.620000,274.0,244.0,326.0,199.0,False,SOFT,1.0,True,Haas F1 Team,0 days 00:51:36.422000,2025-11-08 18:37:27.858,1,,False,,False,False
0 days 00:58:52.068000,BEA,87,0 days 00:01:33.575000,13.0,5.0,,0 days 00:58:48.982000,0 days 00:00:18.698000,0 days 00:00:50.378000,0 days 00:00:24.499000,0 days 00:57:37.191000,0 days 00:58:27.569000,0 days 00:58:52.068000,321.0,200.0,,333.0,False,SOFT,2.0,True,Haas F1 Team,0 days 00:57:18.493000,2025-11-08 18:43:09.929,1,,False,,False,False
0 days 01:08:46.784000,BEA,87,,14.0,6.0,0 days 01:07:26.096000,,,0 days 00:00:41.731000,0 days 00:00:16.741000,,0 days 01:08:30.116000,0 days 01:08:46.784000,267.0,244.0,322.0,333.0,False,SOFT,1.0,True,Haas F1 Team,0 days 00:58:52.068000,2025-11-08 18:44:43.504,1,,False,,False,False
0 days 01:09:56.761000,BEA,87,0 days 00:01:09.977000,15.0,6.0,,,0 days 00:00:18.121000,0 days 00:00:35.753000,0 days 00:00:16.103000,0 days 01:09:04.905000,0 days 01:09:40.658000,0 days 01:09:56.761000,324.0,268.0,329.0,329.0,True,SOFT,2.0,True,Haas F1 Team,0 days 01:08:46.784000,2025-11-08 18:54:38.220,1,,False,,False,True
0 days 01:11:37.242000,BEA,87,0 days 00:01:40.481000,16.0,6.0,,0 days 01:11:33.891000,0 days 00:00:26.745000,0 days 00:00:49.140000,0 days 00:00:24.596000,0 days 01:10:23.506000,0 days 01:11:12.646000,0 days 01:11:37.242000,271.0,223.0,,281.0,False,SOFT,3.0,True,Haas F1 Team,0 days 01:09:56.761000,2025-11-08 18:55:48.197,1,,False,,False,False
0 days 01:16:36.006000,BEA,87,,17.0,7.0,0 days 01:15:10.369000,,,0 days 00:00:42.258000,0 days 00:00:16.759000,,0 days 01:16:19.247000,0 days 01:16:36.155000,263.0,239.0,323.0,281.0,False,SOFT,1.0,True,Haas F1 Team,0 days 01:11:37.242000,2025-11-08 18:57:28.678,1,,False,,False,False
0 days 01:17:46.070000,BEA,87,0 days 00:01:10.064000,18.0,7.0,,,0 days 00:00:18.135000,0 days 00:00:35.879000,0 days 00:00:16.050000,0 days 01:16:54.141000,0 days 01:17:30.020000,0 days 01:17:46.070000,324.0,269.0,327.0,331.0,False,SOFT,2.0,True,Haas F1 Team,0 days 01:16:36.006000,2025-11-08 19:02:27.442,1,,False,,False,True
0 days 01:19:29.041000,BEA,87,,19.0,7.0,,0 days 01:19:29.041000,0 days 00:00:28.514000,0 days 00:00:50.132000,,0 days 01:18:14.614000,0 days 01:19:04.725000,,155.0,187.0,,277.0,False,SOFT,3.0,True,Haas F1 Team,0 days 01:17:46.070000,2025-11-08 19:03:37.506,1,,False,,False,False
0 days 00:21:15.719000,GAS,10,,1.0,1.0,0 days 00:19:44.733000,,,0 days 00:00:43.492000,0 days 00:00:17.386000,,0 days 00:20:58.479000,0 days 00:21:15.751000,274.0,232.0,326.0,,False,MEDIUM,12.0,False,Alpine,0 days 00:19:44.733000,2025-11-08 18:05:36.169,1,,False,,False,False
0 days 00:22:27.249000,GAS,10,0 days 00:01:11.530000,2.0,1.0,,,0 days 00:00:18.548000,0 days 00:00:36.675000,0 days 00:00:16.307000,0 days 00:21:34.267000,0 days 00:22:10.942000,0 days 00:22:27.249000,321.0,262.0,330.0,333.0,True,MEDIUM,13.0,False,Alpine,0 days 00:21:15.719000,2025-11-08 18:07:07.155,1,,False,,False,True
0 days 00:24:06.637000,GAS,10,0 days 00:01:39.388000,3.0,1.0,,0 days 00:24:03.763000,0 days 00:00:24.520000,0 days 00:00:49.197000,0 days 00:00:25.671000,0 days 00:22:51.769000,0 days 00:23:40.966000,0 days 00:24:06.637000,216.0,221.0,,280.0,False,MEDIUM,14.0,False,Alpine,0 days 00:22:27.249000,2025-11-08 18:08:18.685,1,,False,,False,False
0 days 00:27:41.097000,GAS,10,,4.0,2.0,0 days 00:26:00.112000,,,0 days 00:00:49.133000,0 days 00:00:21.523000,,0 days 00:27:19.596000,0 days 00:27:41.319000,265.0,160.0,329.0,280.0,False,SOFT,1.0,True,Alpine,0 days 00:24:06.637000,2025-11-08 18:09:58.073,1,,False,,False,False
0 days 00:28:51.223000,GAS,10,0 days 00:01:10.126000,5.0,2.0,,,0 days 00:00:18.075000,0 days 00:00:36.003000,0 days 00:00:16.048000,0 days 00:27:59.172000,0 days 00:28:35.175000,0 days 00:28:51.223000,326.0,265.0,331.0,336.0,True,SOFT,2.0,True,Alpine,0 days 00:27:41.097000,2025-11-08 18:13:32.533,1,,False,,False,True
0 days 00:30:32.722000,GAS,10,0 days 00:01:41.499000,6.0,2.0,,0 days 00:30:28.302000,0 days 00:00:24.365000,0 days 00:00:49.147000,0 days 00:00:27.987000,0 days 00:29:15.588000,0 days 00:30:04.735000,0 days 00:30:32.722000,243.0,180.0,,270.0,False,SOFT,3.0,True,Alpine,0 days 00:28:51.223000,2025-11-08 18:14:42.659,1,,False,,False,False
0 days 00:35:35.059000,GAS,10,,7.0,3.0,0 days 00:33:26.976000,,,0 days 00:00:50.545000,0 days 00:00:16.885000,,0 days 00:35:18.217000,0 days 00:35:35.254000,262.0,176.0,331.0,270.0,False,SOFT,1.0,True,Alpine,0 days 00:30:32.722000,2025-11-08 18:16:24.158,1,,False,,False,False
0 days 00:36:44.944000,GAS,10,0 days 00:01:09.885000,8.0,3.0,,,0 days 00:00:18.177000,0 days 00:00:35.734000,0 days 00:00:15.974000,0 days 00:35:53.236000,0 days 00:36:28.970000,0 days 00:36:44.944000,324.0,266.0,330.0,336.0,True,SOFT,2.0,True,Alpine,0 days 00:35:35.059000,2025-11-08 18:21:26.495,1,,False,,False,True
0 days 00:38:27.278000,GAS,10,0 days 00:01:42.334000,9.0,3.0,,0 days 00:38:24.319000,0 days 00:00:26.273000,0 days 00:00:49.181000,0 days 00:00:26.880000,0 days 00:37:11.217000,0 days 00:38:00.398000,0 days 00:38:27.278000,246.0,184.0,,277.0,False,SOFT,3.0,True,Alpine,0 days 00:36:44.944000,2025-11-08 18:22:36.380,1,,False,,False,False
0 days 00:49:34.850000,GAS,10,,10.0,4.0,0 days 00:47:45.459000,,,0 days 00:00:45.140000,0 days 00:00:16.950000,,0 days 00:49:17.905000,0 days 00:49:34.899000,226.0,235.0,328.0,277.0,False,SOFT,1.0,True,Alpine,0 days 00:38:27.278000,2025-11-08 18:24:18.714,1,,False,,False,False
0 days 00:50:45.003000,GAS,10,0 days 00:01:10.153000,11.0,4.0,,,0 days 00:00:18.141000,0 days 00:00:35.756000,0 days 00:00:16.256000,0 days 00:49:52.991000,0 days 00:50:28.747000,0 days 00:50:45.003000,324.0,266.0,328.0,335.0,True,SOFT,2.0,True,Alpine,0 days 00:49:34.850000,2025-11-08 18:35:26.286,1,,False,,False,True
0 days 00:52:23.087000,GAS,10,0 days 00:01:38.084000,12.0,4.0,,0 days 00:52:20.105000,0 days 00:00:23.776000,0 days 00:00:48.123000,0 days 00:00:26.185000,0 days 00:51:08.779000,0 days 00:51:56.902000,0 days 00:52:23.087000,235.0,185.0,,269.0,False,SOFT,3.0,True,Alpine,0 days 00:50:45.003000,2025-11-08 18:36:36.439,1,,False,,False,False
0 days 00:56:26.691000,GAS,10,,13.0,5.0,0 days 00:54:50.261000,,,0 days 00:00:43.783000,0 days 00:00:16.986000,,0 days 00:56:09.765000,0 days 00:56:26.932000,262.0,230.0,327.0,269.0,False,SOFT,1.0,True,Alpine,0 days 00:52:23.087000,2025-11-08 18:38:14.523,1,,False,,False,False
0 days 00:57:36.548000,GAS,10,0 days 00:01:09.857000,14.0,5.0,,,0 days 00:00:18.090000,0 days 00:00:35.643000,0 days 00:00:16.124000,0 days 00:56:44.781000,0 days 00:57:20.424000,0 days 00:57:36.548000,325.0,266.0,330.0,334.0,True,SOFT,2.0,True,Alpine,0 days 00:56:26.691000,2025-11-08 18:42:18.127,1,,False,,False,True
0 days 00:59:15.700000,GAS,10,0 days 00:01:39.152000,15.0,5.0,,0 days 00:59:12.738000,0 days 00:00:24.894000,0 days 00:00:49.518000,0 days 00:00:24.740000,0 days 00:58:01.442000,0 days 00:58:50.960000,0 days 00:59:15.700000,236.0,199.0,,303.0,False,SOFT,3.0,True,Alpine,0 days 00:57:36.548000,2025-11-08 18:43:27.984,1,,False,,False,False
0 days 01:09:29.067000,GAS,10,,16.0,6.0,0 days 01:08:00.484000,,,0 days 00:00:44.332000,0 days 00:00:17.165000,,0 days 01:09:12.069000,0 days 01:09:29.067000,260.0,224.0,325.0,303.0,False,SOFT,4.0,False,Alpine,0 days 00:59:15.700000,2025-11-08 18:45:07.136,1,,False,,False,False
0 days 01:10:39.228000,GAS,10,0 days 00:01:10.161000,17.0,6.0,,,0 days 00:00:18.118000,0 days 00:00:35.915000,0 days 00:00:16.128000,0 days 01:09:47.185000,0 days 01:10:23.100000,0 days 01:10:39.228000,324.0,266.0,329.0,331.0,True,SOFT,5.0,False,Alpine,0 days 01:09:29.067000,2025-11-08 18:55:20.503,1,,False,,False,True
0 days 01:12:16.491000,GAS,10,0 days 00:01:37.263000,18.0,6.0,,0 days 01:12:13.550000,0 days 00:00:25.067000,0 days 00:00:47.125000,0 days 00:00:25.071000,0 days 01:11:04.295000,0 days 01:11:51.420000,0 days 01:12:16.491000,255.0,193.0,,270.0,False,SOFT,6.0,False,Alpine,0 days 01:10:39.228000,2025-11-08 18:56:30.664,1,,False,,False,False
0 days 01:18:17.512000,GAS,10,,19.0,7.0,0 days 01:16:26.758000,,,0 days 00:00:43.791000,0 days 00:00:16.834000,,0 days 01:18:00.833000,0 days 01:18:17.820000,263.0,237.0,328.0,270.0,False,SOFT,1.0,True,Alpine,0 days 01:12:16.491000,2025-11-08 18:58:07.927,1,,False,,False,False
0 days 01:19:27.514000,GAS,10,0 days 00:01:10.002000,20.0,7.0,,,0 days 00:00:18.134000,0 days 00:00:35.782000,0 days 00:00:16.086000,0 days 01:18:35.646000,0 days 01:19:11.428000,0 days 01:19:27.514000,325.0,265.0,329.0,335.0,True,SOFT,2.0,True,Alpine,0 days 01:18:17.512000,2025-11-08 19:04:08.948,1,,False,,False,True
0 days 01:21:08.008000,GAS,10,,21.0,7.0,,0 days 01:21:08.008000,0 days 00:00:26.895000,0 days 00:00:49.303000,,0 days 01:19:54.480000,0 days 01:20:43.830000,,208.0,182.0,,303.0,False,SOFT,3.0,True,Alpine,0 days 01:19:27.514000,2025-11-08 19:05:18.950,1,,False,,False,False
0 days 00:20:43.087000,HUL,27,,1.0,1.0,0 days 00:19:22.076000,,,0 days 00:00:40.755000,0 days 00:00:17.073000,,0 days 00:20:26.157000,0 days 00:20:43.114000,267.0,225.0,322.0,,False,SOFT,1.0,True,Kick Sauber,0 days 00:19:22.076000,2025-11-08 18:05:13.512,1,,False,,False,False
0 days 00:21:58.972000,HUL,27,0 days 00:01:15.885000,2.0,1.0,,0 days 00:21:56.152000,0 days 00:00:18.844000,0 days 00:00:36.251000,0 days 00:00:20.790000,0 days 00:21:01.931000,0 days 00:21:38.182000,0 days 00:21:58.972000,317.0,263.0,,329.0,False,SOFT,2.0,True,Kick Sauber,0 days 00:20:43.087000,2025-11-08 18:06:34.523,1,,False,,False,False
0 days 00:23:48.162000,HUL,27,0 days 00:01:49.190000,3.0,2.0,0 days 00:22:31.628000,,0 days 00:00:51.617000,0 days 00:00:41.042000,0 days 00:00:16.531000,0 days 00:22:50.589000,0 days 00:23:31.631000,0 days 00:23:48.162000,270.0,248.0,330.0,329.0,False,SOFT,1.0,True,Kick Sauber,0 days 00:21:58.972000,2025-11-08 18:07:50.408,1,,False,,False,False
0 days 00:24:58.637000,HUL,27,0 days 00:01:10.475000,4.0,2.0,,,0 days 00:00:18.254000,0 days 00:00:36.138000,0 days 00:00:16.083000,0 days 00:24:06.416000,0 days 00:24:42.554000,0 days 00:24:58.637000,320.0,265.0,326.0,335.0,True,SOFT,2.0,True,Kick Sauber,0 days 00:23:48.162000,2025-11-08 18:09:39.598,1,,False,,False,True
0 days 00:26:44.300000,HUL,27,0 days 00:01:45.663000,5.0,2.0,,0 days 00:26:41.398000,0 days 00:00:30.958000,0 days 00:00:48.546000,0 days 00:00:26.159000,0 days 00:25:29.595000,0 days 00:26:18.141000,0 days 00:26:44.300000,199.0,189.0,,216.0,False,SOFT,3.0,True,Kick Sauber,0 days 00:24:58.637000,2025-11-08 18:10:50.073,1,,False,,False,False
0 days 00:28:47.394000,HUL,27,0 days 00:02:03.094000,6.0,3.0,0 days 00:26:59.930000,,0 days 00:00:52.003000,0 days 00:00:54.004000,0 days 00:00:17.087000,0 days 00:27:36.303000,0 days 00:28:30.307000,0 days 00:28:47.394000,195.0,226.0,328.0,216.0,False,SOFT,4.0,False,Kick Sauber,0 days 00:26:44.300000,2025-11-08 18:12:35.736,1,,False,,False,False
0 days 00:29:57.731000,HUL,27,0 days 00:01:10.337000,7.0,3.0,,,0 days 00:00:18.266000,0 days 00:00:35.926000,0 days 00:00:16.145000,0 days 00:29:05.660000,0 days 00:29:41.586000,0 days 00:29:57.731000,323.0,265.0,323.0,334.0,True,SOFT,5.0,False,Kick Sauber,0 days 00:28:47.394000,2025-11-08 18:14:38.830,1,,False,,False,True
0 days 00:31:18.576000,HUL,27,0 days 00:01:20.845000,8.0,3.0,,0 days 00:31:15.604000,0 days 00:00:21.010000,0 days 00:00:38.266000,0 days 00:00:21.569000,0 days 00:30:18.741000,0 days 00:30:57.007000,0 days 00:31:18.576000,290.0,247.0,,275.0,False,SOFT,6.0,False,Kick Sauber,0 days 00:29:57.731000,2025-11-08 18:15:49.167,1,,False,,False,False
0 days 00:36:24.469000,HUL,27,,9.0,4.0,0 days 00:34:03.713000,,,0 days 00:00:46.572000,0 days 00:00:16.670000,,0 days 00:36:07.829000,0 days 00:36:24.728000,252.0,235.0,329.0,275.0,False,SOFT,1.0,True,Kick Sauber,0 days 00:31:18.576000,2025-11-08 18:17:10.012,1,,False,,False,False
0 days 00:37:35.182000,HUL,27,0 days 00:01:10.713000,10.0,4.0,,,0 days 00:00:18.824000,0 days 00:00:35.935000,0 days 00:00:15.954000,0 days 00:36:43.293000,0 days 00:37:19.228000,0 days 00:37:35.182000,320.0,265.0,327.0,336.0,False,SOFT,2.0,True,Kick Sauber,0 days 00:36:24.469000,2025-11-08 18:22:15.905,1,,False,,False,True
0 days 00:39:16.963000,HUL,27,0 days 00:01:41.781000,11.0,4.0,,0 days 00:39:14.042000,0 days 00:00:26.074000,0 days 00:00:48.289000,0 days 00:00:27.418000,0 days 00:38:01.256000,0 days 00:38:49.545000,0 days 00:39:16.963000,208.0,165.0,,199.0,False,SOFT,3.0,True,Kick Sauber,0 days 00:37:35.182000,2025-11-08 18:23:26.618,1,,False,,False,False
0 days 00:49:51.179000,HUL,27,,12.0,5.0,0 days 00:47:40.871000,,,0 days 00:00:45.549000,0 days 00:00:18.018000,,0 days 00:49:33.172000,0 days 00:49:51.209000,260.0,185.0,327.0,199.0,False,SOFT,1.0,True,Kick Sauber,0 days 00:39:16.963000,2025-11-08 18:25:08.399,1,,False,,False,False
0 days 00:51:01.650000,HUL,27,0 days 00:01:10.471000,13.0,5.0,,,0 days 00:00:18.253000,0 days 00:00:36.131000,0 days 00:00:16.087000,0 days 00:50:09.432000,0 days 00:50:45.563000,0 days 00:51:01.650000,322.0,266.0,327.0,334.0,True,SOFT,2.0,True,Kick Sauber,0 days 00:49:51.179000,2025-11-08 18:35:42.615,1,,False,,False,True
0 days 00:52:25.414000,HUL,27,0 days 00:01:23.764000,14.0,5.0,,0 days 00:52:22.493000,0 days 00:00:21.038000,0 days 00:00:39.318000,0 days 00:00:23.408000,0 days 00:51:22.688000,0 days 00:52:02.006000,0 days 00:52:25.414000,294.0,243.0,,255.0,False,SOFT,3.0,True,Kick Sauber,0 days 00:51:01.650000,2025-11-08 18:36:53.086,1,,False,,False,False
0 days 00:55:44.004000,HUL,27,,15.0,6.0,0 days 00:54:25.850000,,,0 days 00:00:40.330000,0 days 00:00:16.844000,,0 days 00:55:27.275000,0 days 00:55:44.270000,281.0,248.0,324.0,255.0,False,SOFT,1.0,True,Kick Sauber,0 days 00:52:25.414000,2025-11-08 18:38:16.850,1,,False,,False,False
0 days 00:56:53.989000,HUL,27,0 days 00:01:09.985000,16.0,6.0,,,0 days 00:00:18.183000,0 days 00:00:35.680000,0 days 00:00:16.122000,0 days 00:56:02.187000,0 days 00:56:37.867000,0 days 00:56:53.989000,323.0,266.0,329.0,330.0,True,SOFT,2.0,True,Kick Sauber,0 days 00:55:44.004000,2025-11-08 18:41:35.440,1,,False,,False,True
0 days 00:58:32.017000,HUL,27,0 days 00:01:38.028000,17.0,6.0,,0 days 00:58:29.092000,0 days 00:00:23.738000,0 days 00:00:48.571000,0 days 00:00:25.719000,0 days 00:57:17.727000,0 days 00:58:06.298000,0 days 00:58:32.017000,282.0,207.0,,256.0,False,SOFT,3.0,True,Kick Sauber,0 days 00:56:53.989000,2025-11-08 18:42:45.425,1,,False,,False,False
0 days 01:08:56.617000,HUL,27,,18.0,7.0,0 days 01:07:30.106000,,,0 days 00:00:42.107000,0 days 00:00:16.916000,,0 days 01:08:39.701000,0 days 01:08:56.667000,277.0,245.0,322.0,256.0,False,SOFT,4.0,False,Kick Sauber,0 days 00:58:32.017000,2025-11-08 18:44:23.453,1,,False,,False,False
0 days 01:10:07.003000,HUL,27,0 days 00:01:10.386000,19.0,7.0,,,0 days 00:00:18.230000,0 days 00:00:36.045000,0 days 00:00:16.111000,0 days 01:09:14.847000,0 days 01:09:50.892000,0 days 01:10:07.003000,323.0,264.0,327.0,329.0,True,SOFT,5.0,False,Kick Sauber,0 days 01:08:56.617000,2025-11-08 18:54:48.053,1,,False,,False,True
0 days 01:11:43.376000,HUL,27,0 days 00:01:36.373000,20.0,7.0,,0 days 01:11:40.391000,0 days 00:00:23.518000,0 days 00:00:46.924000,0 days 00:00:25.931000,0 days 01:10:30.521000,0 days 01:11:17.445000,0 days 01:11:43.376000,190.0,182.0,,282.0,False,SOFT,6.0,False,Kick Sauber,0 days 01:10:07.003000,2025-11-08 18:55:58.439,1,,False,,False,False
0 days 01:16:28.021000,HUL,27,,21.0,8.0,0 days 01:15:04.495000,,,0 days 00:00:43.078000,0 days 00:00:16.774000,,0 days 01:16:11.317000,0 days 01:16:28.328000,268.0,244.0,322.0,282.0,False,SOFT,3.0,False,Kick Sauber,0 days 01:11:43.376000,2025-11-08 18:57:34.812,1,,False,,False,False
0 days 01:17:38.060000,HUL,27,0 days 00:01:10.039000,22.0,8.0,,,0 days 00:00:18.247000,0 days 00:00:35.705000,0 days 00:00:16.087000,0 days 01:16:46.268000,0 days 01:17:21.973000,0 days 01:17:38.060000,322.0,267.0,322.0,329.0,True,SOFT,4.0,False,Kick Sauber,0 days 01:16:28.021000,2025-11-08 19:02:19.457,1,,False,,False,True
0 days 01:19:28.325000,HUL,27,0 days 00:01:50.265000,23.0,8.0,,0 days 01:19:23.388000,0 days 00:00:26.605000,0 days 00:00:50.707000,0 days 00:00:32.953000,0 days 01:18:04.665000,0 days 01:18:55.372000,0 days 01:19:28.325000,211.0,190.0,,254.0,False,SOFT,5.0,False,Kick Sauber,0 days 01:17:38.060000,2025-11-08 19:03:29.496,1,,False,,False,False
0 days 00:21:44.308000,ALO,14,,1.0,1.0,0 days 00:20:05.534000,,,0 days 00:00:47.832000,0 days 00:00:18.219000,,0 days 00:21:26.145000,0 days 00:21:44.308000,253.0,201.0,326.0,,False,MEDIUM,11.0,False,Aston Martin,0 days 00:20:05.534000,2025-11-08 18:05:56.970,1,,False,,False,False
0 days 00:22:55.443000,ALO,14,0 days 00:01:11.135000,2.0,1.0,,,0 days 00:00:18.295000,0 days 00:00:36.604000,0 days 00:00:16.236000,0 days 00:22:02.603000,0 days 00:22:39.207000,0 days 00:22:55.443000,320.0,264.0,330.0,332.0,True,MEDIUM,12.0,False,Aston Martin,0 days 00:21:44.308000,2025-11-08 18:07:35.744,1,,False,,False,True
0 days 00:24:34.889000,ALO,14,0 days 00:01:39.446000,3.0,1.0,,0 days 00:24:30.844000,0 days 00:00:24.387000,0 days 00:00:48.100000,0 days 00:00:26.959000,0 days 00:23:19.830000,0 days 00:24:07.930000,0 days 00:24:34.889000,236.0,144.0,,285.0,False,MEDIUM,13.0,False,Aston Martin,0 days 00:22:55.443000,2025-11-08 18:08:46.879,1,,False,,False,False
0 days 00:27:23.654000,ALO,14,,4.0,2.0,0 days 00:25:49.130000,,0 days 00:01:38.082000,0 days 00:00:52.649000,0 days 00:00:18.040000,0 days 00:26:13.105000,0 days 00:27:05.712000,0 days 00:27:23.912000,234.0,216.0,329.0,285.0,False,SOFT,1.0,True,Aston Martin,0 days 00:24:34.889000,2025-11-08 18:10:26.325,1,,False,,False,False
0 days 00:28:33.880000,ALO,14,0 days 00:01:10.226000,5.0,2.0,,,0 days 00:00:18.138000,0 days 00:00:36.012000,0 days 00:00:16.076000,0 days 00:27:41.792000,0 days 00:28:17.804000,0 days 00:28:33.880000,325.0,266.0,329.0,335.0,True,SOFT,2.0,True,Aston Martin,0 days 00:27:23.654000,2025-11-08 18:13:15.090,1,,False,,False,True
0 days 00:30:16.300000,ALO,14,0 days 00:01:42.420000,6.0,2.0,,0 days 00:30:13.454000,0 days 00:00:27.148000,0 days 00:00:49.820000,0 days 00:00:25.452000,0 days 00:29:01.028000,0 days 00:29:50.848000,0 days 00:30:16.300000,254.0,176.0,,235.0,False,SOFT,3.0,True,Aston Martin,0 days 00:28:33.880000,2025-11-08 18:14:25.316,1,,False,,False,False
0 days 00:35:12.014000,ALO,14,,7.0,3.0,0 days 00:33:14.644000,,,0 days 00:00:47.790000,0 days 00:00:17.991000,,0 days 00:34:54.084000,0 days 00:35:12.127000,241.0,219.0,326.0,235.0,False,SOFT,1.0,True,Aston Martin,0 days 00:30:16.300000,2025-11-08 18:16:07.736,1,,False,,False,False
0 days 00:36:22.195000,ALO,14,0 days 00:01:10.181000,8.0,3.0,,,0 days 00:00:18.438000,0 days 00:00:35.727000,0 days 00:00:16.016000,0 days 00:35:30.452000,0 days 00:36:06.179000,0 days 00:36:22.195000,323.0,266.0,330.0,333.0,True,SOFT,2.0,True,Aston Martin,0 days 00:35:12.014000,2025-11-08 18:21:03.450,1,,False,,False,True
0 days 00:38:02.509000,ALO,14,0 days 00:01:40.314000,9.0,3.0,,0 days 00:37:59.514000,0 days 00:00:24.327000,0 days 00:00:50.612000,0 days 00:00:25.375000,0 days 00:36:46.522000,0 days 00:37:37.134000,0 days 00:38:02.509000,213.0,185.0,,150.0,False,SOFT,3.0,True,Aston Martin,0 days 00:36:22.195000,2025-11-08 18:22:13.631,1,,False,,False,False
0 days 00:49:11.908000,ALO,14,,10.0,4.0,0 days 00:47:18.460000,,,0 days 00:00:47.445000,0 days 00:00:18.070000,,0 days 00:48:53.941000,0 days 00:49:12.017000,250.0,220.0,325.0,150.0,False,SOFT,1.0,True,Aston Martin,0 days 00:38:02.509000,2025-11-08 18:23:53.945,1,,False,,False,False
0 days 00:50:21.909000,ALO,14,0 days 00:01:10.001000,11.0,4.0,,,0 days 00:00:18.211000,0 days 00:00:35.722000,0 days 00:00:16.068000,0 days 00:49:30.119000,0 days 00:50:05.841000,0 days 00:50:21.909000,324.0,268.0,328.0,332.0,True,SOFT,2.0,True,Aston Martin,0 days 00:49:11.908000,2025-11-08 18:35:03.344,1,,False,,False,True
0 days 00:52:00.411000,ALO,14,0 days 00:01:38.502000,12.0,4.0,,0 days 00:51:57.531000,0 days 00:00:27.227000,0 days 00:00:44.893000,0 days 00:00:26.382000,0 days 00:50:49.136000,0 days 00:51:34.029000,0 days 00:52:00.411000,229.0,160.0,,167.0,False,SOFT,3.0,True,Aston Martin,0 days 00:50:21.909000,2025-11-08 18:36:13.345,1,,False,,False,False
0 days 00:55:32.035000,ALO,14,,13.0,5.0,0 days 00:54:05.221000,,,0 days 00:00:45.653000,0 days 00:00:17.850000,,0 days 00:55:14.203000,0 days 00:55:32.221000,223.0,221.0,325.0,167.0,False,SOFT,1.0,True,Aston Martin,0 days 00:52:00.411000,2025-11-08 18:37:51.847,1,,False,,False,False
0 days 00:56:42.193000,ALO,14,0 days 00:01:10.158000,14.0,5.0,,,0 days 00:00:18.169000,0 days 00:00:35.824000,0 days 00:00:16.165000,0 days 00:55:50.204000,0 days 00:56:26.028000,0 days 00:56:42.193000,324.0,267.0,328.0,330.0,False,SOFT,2.0,True,Aston Martin,0 days 00:55:32.035000,2025-11-08 18:41:23.471,1,,False,,False,True
0 days 00:58:25.902000,ALO,14,0 days 00:01:43.709000,15.0,5.0,,0 days 00:58:22.981000,0 days 00:00:29.074000,0 days 00:00:49.545000,0 days 00:00:25.090000,0 days 00:57:11.267000,0 days 00:58:00.812000,0 days 00:58:25.902000,225.0,179.0,,170.0,False,SOFT,3.0,True,Aston Martin,0 days 00:56:42.193000,2025-11-08 18:42:33.629,1,,False,,False,False
0 days 00:20:36.051000,ALB,23,,1.0,1.0,0 days 00:19:14.628000,0 days 00:20:33.012000,,0 days 00:00:38.165000,0 days 00:00:21.333000,,0 days 00:20:14.752000,0 days 00:20:36.250000,272.0,251.0,,,False,MEDIUM,13.0,False,Williams,0 days 00:19:14.628000,2025-11-08 18:05:06.064,1,,False,,False,False
0 days 00:22:41.869000,ALB,23,0 days 00:02:05.818000,2.0,2.0,0 days 00:21:01.797000,,0 days 00:01:00.781000,0 days 00:00:47.193000,0 days 00:00:17.844000,0 days 00:21:36.832000,0 days 00:22:24.025000,0 days 00:22:41.869000,263.0,214.0,327.0,,False,SOFT,1.0,True,Williams,0 days 00:20:36.051000,2025-11-08 18:06:27.487,1,,False,,False,False
0 days 00:23:52.716000,ALB,23,0 days 00:01:10.847000,3.0,2.0,,,0 days 00:00:18.231000,0 days 00:00:36.405000,0 days 00:00:16.211000,0 days 00:23:00.100000,0 days 00:23:36.505000,0 days 00:23:52.716000,321.0,265.0,328.0,334.0,True,SOFT,2.0,True,Williams,0 days 00:22:41.869000,2025-11-08 18:08:33.305,1,,False,,False,True
0 days 00:25:27.734000,ALB,23,0 days 00:01:35.018000,4.0,2.0,,0 days 00:25:23.910000,0 days 00:00:24.306000,0 days 00:00:47.291000,0 days 00:00:23.421000,0 days 00:24:17.022000,0 days 00:25:04.313000,0 days 00:25:27.734000,266.0,212.0,,258.0,False,SOFT,3.0,True,Williams,0 days 00:23:52.716000,2025-11-08 18:09:44.152,1,,False,,False,False
0 days 00:28:05.798000,ALB,23,,5.0,3.0,0 days 00:26:33.185000,,0 days 00:01:35.899000,0 days 00:00:45.526000,0 days 00:00:16.708000,0 days 00:27:03.727000,0 days 00:27:49.243000,0 days 00:28:06.035000,286.0,236.0,331.0,258.0,False,SOFT,1.0,True,Williams,0 days 00:25:27.734000,2025-11-08 18:11:19.170,1,,False,,False,False
0 days 00:29:15.913000,ALB,23,0 days 00:01:10.115000,6.0,3.0,,,0 days 00:00:18.098000,0 days 00:00:35.891000,0 days 00:00:16.126000,0 days 00:28:23.896000,0 days 00:28:59.787000,0 days 00:29:15.913000,324.0,266.0,327.0,336.0,True,SOFT,2.0,True,Williams,0 days 00:28:05.798000,2025-11-08 18:13:57.234,1,,False,,False,True
0 days 00:30:44.861000,ALB,23,0 days 00:01:28.948000,7.0,3.0,,0 days 00:30:41.792000,0 days 00:00:21.356000,0 days 00:00:44.117000,0 days 00:00:23.475000,0 days 00:29:37.269000,0 days 00:30:21.386000,0 days 00:30:44.861000,277.0,191.0,,265.0,False,SOFT,3.0,True,Williams,0 days 00:29:15.913000,2025-11-08 18:15:07.349,1,,False,,False,False
0 days 00:36:12.552000,ALB,23,,8.0,4.0,0 days 00:33:42.888000,,,0 days 00:00:49.504000,0 days 00:00:16.695000,,0 days 00:35:55.926000,0 days 00:36:12.725000,282.0,241.0,331.0,265.0,False,SOFT,1.0,True,Williams,0 days 00:30:44.861000,2025-11-08 18:16:36.297,1,,False,,False,False
0 days 00:37:50.750000,ALB,23,0 days 00:01:38.198000,9.0,4.0,,0 days 00:37:47.746000,0 days 00:00:18.760000,0 days 00:00:55.705000,0 days 00:00:23.733000,0 days 00:36:31.312000,0 days 00:37:27.017000,0 days 00:37:50.750000,324.0,169.0,,337.0,False,SOFT,2.0,True,Williams,0 days 00:36:12.552000,2025-11-08 18:22:03.988,1,,False,,False,False
0 days 00:45:41.781000,ALB,23,,10.0,5.0,0 days 00:44:20.834000,,,0 days 00:00:43.328000,0 days 00:00:16.973000,,0 days 00:45:24.875000,0 days 00:45:42.037000,288.0,230.0,325.0,337.0,False,SOFT,4.0,False,Williams,0 days 00:37:50.750000,2025-11-08 18:23:42.186,1,,False,,False,False
0 days 00:46:52.132000,ALB,23,0 days 00:01:10.351000,11.0,5.0,,,0 days 00:00:18.176000,0 days 00:00:36.026000,0 days 00:00:16.149000,0 days 00:45:59.957000,0 days 00:46:35.983000,0 days 00:46:52.132000,322.0,266.0,326.0,329.0,True,SOFT,5.0,False,Williams,0 days 00:45:41.781000,2025-11-08 18:31:33.217,1,,False,,False,True
0 days 00:48:15.955000,ALB,23,0 days 00:01:23.823000,12.0,5.0,,0 days 00:48:13.049000,0 days 00:00:21.061000,0 days 00:00:41.333000,0 days 00:00:21.429000,0 days 00:47:13.193000,0 days 00:47:54.526000,0 days 00:48:15.955000,276.0,216.0,,320.0,False,SOFT,6.0,False,Williams,0 days 00:46:52.132000,2025-11-08 18:32:43.568,1,,False,,False,False
0 days 00:50:16.569000,ALB,23,0 days 00:02:00.614000,13.0,6.0,0 days 00:48:39.993000,,0 days 00:00:58.545000,0 days 00:00:45.495000,0 days 00:00:16.574000,0 days 00:49:14.500000,0 days 00:49:59.995000,0 days 00:50:16.569000,269.0,229.0,329.0,320.0,False,SOFT,1.0,True,Williams,0 days 00:48:15.955000,2025-11-08 18:34:07.391,1,,False,,False,False
0 days 00:51:26.622000,ALB,23,0 days 00:01:10.053000,14.0,6.0,,,0 days 00:00:18.006000,0 days 00:00:35.957000,0 days 00:00:16.090000,0 days 00:50:34.575000,0 days 00:51:10.532000,0 days 00:51:26.622000,325.0,268.0,326.0,336.0,True,SOFT,2.0,True,Williams,0 days 00:50:16.569000,2025-11-08 18:36:08.005,1,,False,,False,True
0 days 00:52:57.591000,ALB,23,0 days 00:01:30.969000,15.0,6.0,,0 days 00:52:54.702000,0 days 00:00:24.664000,0 days 00:00:44.455000,0 days 00:00:21.850000,0 days 00:51:51.286000,0 days 00:52:35.741000,0 days 00:52:57.591000,251.0,213.0,,277.0,False,SOFT,3.0,True,Williams,0 days 00:51:26.622000,2025-11-08 18:37:18.058,1,,False,,False,False
0 days 00:57:03.516000,ALB,23,,16.0,7.0,0 days 00:55:08.058000,,,0 days 00:00:43.662000,0 days 00:00:16.587000,,0 days 00:56:47.035000,0 days 00:57:03.666000,265.0,248.0,328.0,277.0,False,SOFT,1.0,True,Williams,0 days 00:52:57.591000,2025-11-08 18:38:49.027,1,,False,,False,False
0 days 00:58:13.841000,ALB,23,0 days 00:01:10.325000,17.0,7.0,,,0 days 00:00:18.137000,0 days 00:00:36.028000,0 days 00:00:16.160000,0 days 00:57:21.653000,0 days 00:57:57.681000,0 days 00:58:13.841000,325.0,268.0,328.0,333.0,False,SOFT,2.0,True,Williams,0 days 00:57:03.516000,2025-11-08 18:42:54.952,1,,False,,False,True
0 days 00:59:49.124000,ALB,23,0 days 00:01:35.283000,18.0,7.0,,0 days 00:59:46.163000,0 days 00:00:25.360000,0 days 00:00:45.434000,0 days 00:00:24.489000,0 days 00:58:39.201000,0 days 00:59:24.635000,0 days 00:59:49.124000,247.0,201.0,,240.0,False,SOFT,3.0,True,Williams,0 days 00:58:13.841000,2025-11-08 18:44:05.277,1,,False,,False,False
0 days 00:21:55.934000,HAM,44,,1.0,1.0,0 days 00:20:13.377000,,,0 days 00:00:47.050000,0 days 00:00:20.634000,,0 days 00:21:35.451000,0 days 00:21:55.934000,233.0,95.0,328.0,,False,SOFT,1.0,True,Ferrari,0 days 00:20:13.377000,2025-11-08 18:06:04.813,1,,False,,False,False
0 days 00:23:32.492000,HAM,44,0 days 00:01:36.558000,2.0,1.0,,,0 days 00:00:31.730000,0 days 00:00:47.913000,0 days 00:00:16.915000,0 days 00:22:27.664000,0 days 00:23:15.577000,0 days 00:23:32.492000,217.0,237.0,330.0,335.0,True,SOFT,2.0,True,Ferrari,0 days 00:21:55.934000,2025-11-08 18:07:47.370,1,,False,,False,True
0 days 00:24:42.725000,HAM,44,0 days 00:01:10.233000,3.0,1.0,,,0 days 00:00:18.140000,0 days 00:00:35.954000,0 days 00:00:16.139000,0 days 00:23:50.632000,0 days 00:24:26.586000,0 days 00:24:42.725000,322.0,268.0,328.0,337.0,True,SOFT,3.0,True,Ferrari,0 days 00:23:32.492000,2025-11-08 18:09:23.928,1,,False,,False,True
0 days 00:26:41.057000,HAM,44,0 days 00:01:58.332000,4.0,1.0,,0 days 00:26:37.284000,0 days 00:00:41.629000,0 days 00:00:49.421000,0 days 00:00:27.282000,0 days 00:25:24.354000,0 days 00:26:13.775000,0 days 00:26:41.057000,216.0,174.0,,215.0,False,SOFT,4.0,True,Ferrari,0 days 00:24:42.725000,2025-11-08 18:10:34.161,1,,False,,False,False
0 days 00:30:05.608000,HAM,44,,5.0,2.0,0 days 00:28:32.696000,,,0 days 00:00:47.295000,0 days 00:00:17.124000,,0 days 00:29:48.549000,0 days 00:30:05.858000,231.0,220.0,327.0,215.0,False,SOFT,5.0,False,Ferrari,0 days 00:26:41.057000,2025-11-08 18:12:32.493,1,,False,,False,False
0 days 00:31:34.988000,HAM,44,0 days 00:01:29.380000,6.0,2.0,,0 days 00:31:32.011000,0 days 00:00:22.566000,0 days 00:00:43.100000,0 days 00:00:23.714000,0 days 00:30:28.174000,0 days 00:31:11.274000,0 days 00:31:34.988000,254.0,215.0,,334.0,False,SOFT,6.0,False,Ferrari,0 days 00:30:05.608000,2025-11-08 18:15:57.044,1,,False,,False,False
0 days 00:35:49.668000,HAM,44,,7.0,3.0,0 days 00:33:34.488000,,,0 days 00:00:44.876000,0 days 00:00:20.369000,,0 days 00:35:29.330000,0 days 00:35:49.855000,258.0,110.0,332.0,334.0,False,SOFT,1.0,True,Ferrari,0 days 00:31:34.988000,2025-11-08 18:17:26.424,1,,False,,False,False
0 days 00:36:59.684000,HAM,44,0 days 00:01:10.016000,8.0,3.0,,,0 days 00:00:18.231000,0 days 00:00:35.714000,0 days 00:00:16.071000,0 days 00:36:07.899000,0 days 00:36:43.613000,0 days 00:36:59.684000,325.0,265.0,331.0,338.0,True,SOFT,2.0,True,Ferrari,0 days 00:35:49.668000,2025-11-08 18:21:41.104,1,,False,,False,True
0 days 00:38:39.708000,HAM,44,0 days 00:01:40.024000,9.0,3.0,,0 days 00:38:36.777000,0 days 00:00:25.581000,0 days 00:00:47.532000,0 days 00:00:26.911000,0 days 00:37:25.265000,0 days 00:38:12.797000,0 days 00:38:39.708000,202.0,200.0,,227.0,False,SOFT,3.0,True,Ferrari,0 days 00:36:59.684000,2025-11-08 18:22:51.120,1,,False,,False,False
0 days 00:48:35.603000,HAM,44,,10.0,4.0,0 days 00:47:02.546000,,,0 days 00:00:40.324000,0 days 00:00:16.804000,,0 days 00:48:18.909000,0 days 00:48:35.603000,236.0,236.0,329.0,227.0,False,SOFT,1.0,True,Ferrari,0 days 00:38:39.708000,2025-11-08 18:24:31.144,1,,False,,False,False
0 days 00:49:45.711000,HAM,44,0 days 00:01:10.108000,11.0,4.0,,,0 days 00:00:18.144000,0 days 00:00:35.822000,0 days 00:00:16.142000,0 days 00:48:53.747000,0 days 00:49:29.569000,0 days 00:49:45.711000,326.0,267.0,332.0,336.0,True,SOFT,2.0,True,Ferrari,0 days 00:48:35.603000,2025-11-08 18:34:27.039,1,,False,,False,True
0 days 00:51:27.779000,HAM,44,0 days 00:01:42.068000,12.0,4.0,,0 days 00:51:24.848000,0 days 00:00:34.120000,0 days 00:00:44.088000,0 days 00:00:23.860000,0 days 00:50:19.831000,0 days 00:51:03.919000,0 days 00:51:27.779000,223.0,118.0,,197.0,False,SOFT,3.0,True,Ferrari,0 days 00:49:45.711000,2025-11-08 18:35:37.147,1,,False,,False,False
0 days 00:56:20.143000,HAM,44,,13.0,5.0,0 days 00:54:45.405000,,,0 days 00:00:42.464000,0 days 00:00:20.563000,,0 days 00:55:59.714000,0 days 00:56:20.326000,249.0,203.0,261.0,197.0,False,SOFT,1.0,True,Ferrari,0 days 00:51:27.779000,2025-11-08 18:37:19.215,1,,False,,False,False
0 days 00:57:49.476000,HAM,44,0 days 00:01:29.333000,14.0,5.0,,,0 days 00:00:26.071000,0 days 00:00:46.345000,0 days 00:00:16.917000,0 days 00:56:46.214000,0 days 00:57:32.559000,0 days 00:57:49.476000,266.0,230.0,327.0,251.0,False,SOFT,2.0,True,Ferrari,0 days 00:56:20.143000,2025-11-08 18:42:11.579,1,,False,,False,True
0 days 00:58:59.576000,HAM,44,0 days 00:01:10.100000,15.0,5.0,,,0 days 00:00:18.121000,0 days 00:00:35.795000,0 days 00:00:16.184000,0 days 00:58:07.597000,0 days 00:58:43.392000,0 days 00:58:59.576000,326.0,269.0,329.0,334.0,True,SOFT,3.0,True,Ferrari,0 days 00:57:49.476000,2025-11-08 18:43:40.912,1,,False,,False,True
0 days 01:00:40.138000,HAM,44,0 days 00:01:40.562000,16.0,5.0,,0 days 01:00:37.163000,0 days 00:00:30.472000,0 days 00:00:44.058000,0 days 00:00:26.032000,0 days 00:59:30.048000,0 days 01:00:14.106000,0 days 01:00:40.138000,200.0,197.0,,237.0,False,SOFT,4.0,True,Ferrari,0 days 00:58:59.576000,2025-11-08 18:44:51.012,1,,False,,False,False
0 days 00:22:18.278000,STR,18,,1.0,1.0,0 days 00:20:32.147000,,,0 days 00:00:48.367000,0 days 00:00:18.753000,,0 days 00:21:59.550000,0 days 00:22:18.371000,246.0,156.0,328.0,,False,MEDIUM,8.0,False,Aston Martin,0 days 00:20:32.147000,2025-11-08 18:06:23.583,1,,False,,False,False
0 days 00:23:29.259000,STR,18,0 days 00:01:10.981000,2.0,1.0,,,0 days 00:00:18.388000,0 days 00:00:36.296000,0 days 00:00:16.297000,0 days 00:22:36.666000,0 days 00:23:12.962000,0 days 00:23:29.259000,320.0,264.0,328.0,334.0,True,MEDIUM,9.0,False,Aston Martin,0 days 00:22:18.278000,2025-11-08 18:08:09.714,1,,False,,False,True
0 days 00:25:07.866000,STR,18,0 days 00:01:38.607000,3.0,1.0,,0 days 00:25:04.970000,0 days 00:00:25.798000,0 days 00:00:50.490000,0 days 00:00:22.319000,0 days 00:23:55.057000,0 days 00:24:45.547000,0 days 00:25:07.866000,248.0,222.0,,243.0,False,MEDIUM,10.0,False,Aston Martin,0 days 00:23:29.259000,2025-11-08 18:09:20.695,1,,False,,False,False
0 days 00:27:16.618000,STR,18,0 days 00:02:08.752000,4.0,2.0,0 days 00:25:34.711000,,0 days 00:00:55.332000,0 days 00:00:56.596000,0 days 00:00:16.824000,0 days 00:26:03.198000,0 days 00:26:59.794000,0 days 00:27:16.618000,212.0,228.0,329.0,243.0,False,SOFT,1.0,True,Aston Martin,0 days 00:25:07.866000,2025-11-08 18:10:59.302,1,,False,,False,False
0 days 00:28:26.839000,STR,18,0 days 00:01:10.221000,5.0,2.0,,,0 days 00:00:18.225000,0 days 00:00:35.852000,0 days 00:00:16.144000,0 days 00:27:34.843000,0 days 00:28:10.695000,0 days 00:28:26.839000,324.0,264.0,328.0,335.0,True,SOFT,2.0,True,Aston Martin,0 days 00:27:16.618000,2025-11-08 18:13:08.054,1,,False,,False,True
0 days 00:30:04.202000,STR,18,0 days 00:01:37.363000,6.0,2.0,,0 days 00:30:01.339000,0 days 00:00:22.456000,0 days 00:00:48.032000,0 days 00:00:26.875000,0 days 00:28:49.295000,0 days 00:29:37.327000,0 days 00:30:04.202000,224.0,199.0,,261.0,False,SOFT,3.0,True,Aston Martin,0 days 00:28:26.839000,2025-11-08 18:14:18.275,1,,False,,False,False
0 days 00:34:38.285000,STR,18,,7.0,3.0,0 days 00:32:57.929000,,,0 days 00:00:49.818000,0 days 00:00:16.943000,,0 days 00:34:21.397000,0 days 00:34:38.556000,228.0,225.0,326.0,261.0,False,SOFT,1.0,True,Aston Martin,0 days 00:30:04.202000,2025-11-08 18:15:55.638,1,,False,,False,False
0 days 00:35:48.326000,STR,18,0 days 00:01:10.041000,8.0,3.0,,,0 days 00:00:18.137000,0 days 00:00:35.791000,0 days 00:00:16.113000,0 days 00:34:56.422000,0 days 00:35:32.213000,0 days 00:35:48.326000,322.0,264.0,327.0,331.0,True,SOFT,2.0,True,Aston Martin,0 days 00:34:38.285000,2025-11-08 18:20:29.721,1,,False,,False,True
0 days 00:37:29.147000,STR,18,0 days 00:01:40.821000,9.0,3.0,,0 days 00:37:26.291000,0 days 00:00:24.484000,0 days 00:00:52.388000,0 days 00:00:23.949000,0 days 00:36:12.810000,0 days 00:37:05.198000,0 days 00:37:29.147000,252.0,211.0,,172.0,False,SOFT,3.0,True,Aston Martin,0 days 00:35:48.326000,2025-11-08 18:21:39.762,1,,False,,False,False
0 days 00:49:26.745000,STR,18,,10.0,4.0,0 days 00:47:28.831000,,,0 days 00:00:47.202000,0 days 00:00:16.633000,,0 days 00:49:10.203000,0 days 00:49:26.745000,237.0,240.0,327.0,172.0,False,SOFT,1.0,True,Aston Martin,0 days 00:37:29.147000,2025-11-08 18:23:20.583,1,,False,,False,False
0 days 00:50:36.906000,STR,18,0 days 00:01:10.161000,11.0,4.0,,,0 days 00:00:18.173000,0 days 00:00:35.826000,0 days 00:00:16.162000,0 days 00:49:44.918000,0 days 00:50:20.744000,0 days 00:50:36.906000,323.0,265.0,330.0,332.0,True,SOFT,2.0,True,Aston Martin,0 days 00:49:26.745000,2025-11-08 18:35:18.181,1,,False,,False,True
0 days 00:52:15.251000,STR,18,0 days 00:01:38.345000,12.0,4.0,,0 days 00:52:11.265000,0 days 00:00:22.939000,0 days 00:00:47.623000,0 days 00:00:27.783000,0 days 00:50:59.845000,0 days 00:51:47.468000,0 days 00:52:15.251000,232.0,191.0,,254.0,False,SOFT,3.0,True,Aston Martin,0 days 00:50:36.906000,2025-11-08 18:36:28.342,1,,False,,False,False
0 days 00:56:05.463000,STR,18,,13.0,5.0,0 days 00:54:29.196000,,,0 days 00:00:48.969000,0 days 00:00:16.842000,,0 days 00:55:48.623000,0 days 00:56:05.641000,244.0,243.0,325.0,254.0,False,SOFT,1.0,True,Aston Martin,0 days 00:52:15.251000,2025-11-08 18:38:06.687,1,,False,,False,False
0 days 00:57:15.857000,STR,18,0 days 00:01:10.394000,14.0,5.0,,,0 days 00:00:18.224000,0 days 00:00:35.953000,0 days 00:00:16.217000,0 days 00:56:23.687000,0 days 00:56:59.640000,0 days 00:57:15.857000,324.0,265.0,327.0,330.0,False,SOFT,2.0,True,Aston Martin,0 days 00:56:05.463000,2025-11-08 18:41:56.899,1,,False,,False,True
0 days 00:58:56.826000,STR,18,0 days 00:01:40.969000,15.0,5.0,,0 days 00:58:53.982000,0 days 00:00:23.672000,0 days 00:00:51.865000,0 days 00:00:25.432000,0 days 00:57:39.529000,0 days 00:58:31.394000,0 days 00:58:56.826000,235.0,176.0,,253.0,False,SOFT,3.0,True,Aston Martin,0 days 00:57:15.857000,2025-11-08 18:43:07.293,1,,False,,False,False
0 days 00:20:42.485000,SAI,55,,1.0,1.0,0 days 00:19:11.696000,0 days 00:20:38.444000,,0 days 00:00:38.675000,0 days 00:00:30.628000,,0 days 00:20:11.893000,0 days 00:20:42.608000,279.0,244.0,,,False,MEDIUM,14.0,False,Williams,0 days 00:19:11.696000,2025-11-08 18:05:03.132,1,,False,,False,False
0 days 00:22:50.778000,SAI,55,0 days 00:02:08.293000,2.0,2.0,0 days 00:21:11.462000,,0 days 00:01:02.172000,0 days 00:00:49.127000,0 days 00:00:16.994000,0 days 00:21:44.657000,0 days 00:22:33.784000,0 days 00:22:50.778000,275.0,233.0,327.0,,False,SOFT,1.0,True,Williams,0 days 00:20:42.485000,2025-11-08 18:06:33.921,1,,False,,False,False
0 days 00:24:02.060000,SAI,55,0 days 00:01:11.282000,3.0,2.0,,,0 days 00:00:18.576000,0 days 00:00:36.397000,0 days 00:00:16.309000,0 days 00:23:09.354000,0 days 00:23:45.751000,0 days 00:24:02.060000,319.0,266.0,324.0,332.0,True,SOFT,2.0,True,Williams,0 days 00:22:50.778000,2025-11-08 18:08:42.214,1,,False,,False,True
0 days 00:25:33.169000,SAI,55,0 days 00:01:31.109000,4.0,2.0,,0 days 00:25:30.180000,0 days 00:00:25.605000,0 days 00:00:43.019000,0 days 00:00:22.485000,0 days 00:24:27.665000,0 days 00:25:10.684000,0 days 00:25:33.169000,216.0,237.0,,264.0,False,SOFT,3.0,True,Williams,0 days 00:24:02.060000,2025-11-08 18:09:53.496,1,,False,,False,False
0 days 00:27:48.091000,SAI,55,0 days 00:02:14.922000,5.0,3.0,0 days 00:26:03.700000,,0 days 00:01:07.995000,0 days 00:00:42.143000,0 days 00:00:24.784000,0 days 00:26:41.164000,0 days 00:27:23.307000,0 days 00:27:48.091000,197.0,113.0,327.0,264.0,False,SOFT,1.0,True,Williams,0 days 00:25:33.169000,2025-11-08 18:11:24.605,1,,False,,False,False
0 days 00:28:58.742000,SAI,55,0 days 00:01:10.651000,6.0,3.0,,,0 days 00:00:18.234000,0 days 00:00:36.246000,0 days 00:00:16.171000,0 days 00:28:06.325000,0 days 00:28:42.571000,0 days 00:28:58.742000,324.0,264.0,328.0,333.0,True,SOFT,2.0,True,Williams,0 days 00:27:48.091000,2025-11-08 18:13:39.527,1,,False,,False,True
0 days 00:30:32.371000,SAI,55,0 days 00:01:33.629000,7.0,3.0,,0 days 00:30:29.186000,0 days 00:00:23.598000,0 days 00:00:45.223000,0 days 00:00:24.808000,0 days 00:29:22.340000,0 days 00:30:07.563000,0 days 00:30:32.371000,242.0,211.0,,262.0,False,SOFT,3.0,True,Williams,0 days 00:28:58.742000,2025-11-08 18:14:50.178,1,,False,,False,False
0 days 00:35:24.732000,SAI,55,,8.0,4.0,0 days 00:33:22.382000,,,0 days 00:00:48.738000,0 days 00:00:16.758000,,0 days 00:35:08.105000,0 days 00:35:24.971000,269.0,230.0,328.0,262.0,False,SOFT,1.0,True,Williams,0 days 00:30:32.371000,2025-11-08 18:16:23.807,1,,False,,False,False
0 days 00:36:34.916000,SAI,55,0 days 00:01:10.184000,9.0,4.0,,,0 days 00:00:18.232000,0 days 00:00:35.866000,0 days 00:00:16.086000,0 days 00:35:42.964000,0 days 00:36:18.830000,0 days 00:36:34.916000,324.0,266.0,328.0,333.0,True,SOFT,2.0,True,Williams,0 days 00:35:24.732000,2025-11-08 18:21:16.168,1,,False,,False,True
0 days 00:38:15.887000,SAI,55,0 days 00:01:40.971000,10.0,4.0,,0 days 00:38:12.906000,0 days 00:00:25.966000,0 days 00:00:46.673000,0 days 00:00:28.332000,0 days 00:37:00.882000,0 days 00:37:47.555000,0 days 00:38:15.887000,239.0,228.0,,222.0,False,SOFT,3.0,True,Williams,0 days 00:36:34.916000,2025-11-08 18:22:26.352,1,,False,,False,False
0 days 00:45:53.803000,SAI,55,,11.0,5.0,0 days 00:44:23.858000,,,0 days 00:00:48.206000,0 days 00:00:16.755000,,0 days 00:45:37.048000,0 days 00:45:54.058000,289.0,214.0,327.0,222.0,False,SOFT,4.0,False,Williams,0 days 00:38:15.887000,2025-11-08 18:24:07.323,1,,False,,False,False
0 days 00:47:11.208000,SAI,55,0 days 00:01:17.405000,12.0,5.0,,0 days 00:47:08.208000,0 days 00:00:18.173000,0 days 00:00:36.628000,0 days 00:00:22.604000,0 days 00:46:11.976000,0 days 00:46:48.604000,0 days 00:47:11.208000,320.0,241.0,,332.0,False,SOFT,5.0,False,Williams,0 days 00:45:53.803000,2025-11-08 18:31:45.239,1,,False,,False,False
0 days 00:50:09.582000,SAI,55,,13.0,6.0,0 days 00:47:58.486000,,,0 days 00:00:48.533000,0 days 00:00:18.425000,,0 days 00:49:51.209000,0 days 00:50:09.716000,249.0,224.0,328.0,332.0,False,SOFT,1.0,True,Williams,0 days 00:47:11.208000,2025-11-08 18:33:02.644,1,,False,,False,False
0 days 00:51:20.054000,SAI,55,0 days 00:01:10.472000,14.0,6.0,,,0 days 00:00:18.146000,0 days 00:00:36.127000,0 days 00:00:16.199000,0 days 00:50:27.728000,0 days 00:51:03.855000,0 days 00:51:20.054000,323.0,266.0,328.0,333.0,True,SOFT,2.0,True,Williams,0 days 00:50:09.582000,2025-11-08 18:36:01.018,1,,False,,False,True
0 days 00:52:52.634000,SAI,55,0 days 00:01:32.580000,15.0,6.0,,0 days 00:52:49.415000,0 days 00:00:26.206000,0 days 00:00:43.660000,0 days 00:00:22.714000,0 days 00:51:46.260000,0 days 00:52:29.920000,0 days 00:52:52.634000,265.0,234.0,,166.0,False,SOFT,3.0,True,Williams,0 days 00:51:20.054000,2025-11-08 18:37:11.490,1,,False,,False,False
0 days 00:56:34.596000,SAI,55,,16.0,7.0,0 days 00:54:54.135000,,,0 days 00:00:44.607000,0 days 00:00:17.108000,,0 days 00:56:17.488000,0 days 00:56:34.856000,280.0,222.0,326.0,166.0,False,SOFT,1.0,True,Williams,0 days 00:52:52.634000,2025-11-08 18:38:44.070,1,,False,,False,False
0 days 00:57:53.812000,SAI,55,0 days 00:01:19.216000,17.0,7.0,,0 days 00:57:48.758000,0 days 00:00:18.232000,0 days 00:00:36.148000,0 days 00:00:24.836000,0 days 00:56:52.828000,0 days 00:57:28.976000,0 days 00:57:53.812000,325.0,266.0,,331.0,False,SOFT,2.0,True,Williams,0 days 00:56:34.596000,2025-11-08 18:42:26.032,1,,False,,False,False
0 days 00:22:58.921000,VER,1,,1.0,1.0,0 days 00:21:28.024000,,,0 days 00:00:47.603000,0 days 00:00:16.867000,,0 days 00:22:42.170000,0 days 00:22:58.921000,282.0,223.0,330.0,,False,SOFT,3.0,False,Red Bull Racing,0 days 00:21:28.024000,2025-11-08 18:07:19.460,1,,False,,False,False
0 days 00:24:09.602000,VER,1,0 days 00:01:10.681000,2.0,1.0,,,0 days 00:00:18.429000,0 days 00:00:36.117000,0 days 00:00:16.135000,0 days 00:23:17.350000,0 days 00:23:53.467000,0 days 00:24:09.602000,322.0,266.0,329.0,337.0,True,SOFT,4.0,False,Red Bull Racing,0 days 00:22:58.921000,2025-11-08 18:08:50.357,1,,False,,False,True
0 days 00:25:33.976000,VER,1,0 days 00:01:24.374000,3.0,1.0,,0 days 00:25:31.106000,0 days 00:00:21.841000,0 days 00:00:39.624000,0 days 00:00:22.909000,0 days 00:24:31.443000,0 days 00:25:11.067000,0 days 00:25:33.976000,247.0,233.0,,277.0,False,SOFT,5.0,False,Red Bull Racing,0 days 00:24:09.602000,2025-11-08 18:10:01.038,1,,False,,False,False
0 days 00:30:33.798000,VER,1,,4.0,2.0,0 days 00:29:16.374000,,,0 days 00:00:41.820000,0 days 00:00:16.803000,,0 days 00:30:17.111000,0 days 00:30:34.025000,276.0,244.0,329.0,277.0,False,SOFT,1.0,True,Red Bull Racing,0 days 00:25:33.976000,2025-11-08 18:11:25.412,1,,False,,False,False
0 days 00:31:44.525000,VER,1,0 days 00:01:10.727000,5.0,2.0,,,0 days 00:00:18.178000,0 days 00:00:36.450000,0 days 00:00:16.099000,0 days 00:30:51.976000,0 days 00:31:28.426000,0 days 00:31:44.525000,325.0,265.0,330.0,335.0,False,SOFT,2.0,True,Red Bull Racing,0 days 00:30:33.798000,2025-11-08 18:16:25.234,1,,False,,False,True
0 days 00:34:01.712000,VER,1,0 days 00:02:17.187000,6.0,2.0,,,0 days 00:01:03.970000,0 days 00:00:48.794000,0 days 00:00:24.423000,0 days 00:32:48.495000,0 days 00:33:37.289000,0 days 00:34:01.712000,181.0,200.0,129.0,72.0,False,SOFT,3.0,True,Red Bull Racing,0 days 00:31:44.525000,2025-11-08 18:17:35.961,1,,False,,False,True
0 days 00:36:06.817000,VER,1,0 days 00:02:05.105000,7.0,2.0,,,0 days 00:00:50.384000,0 days 00:00:57.908000,0 days 00:00:16.813000,0 days 00:34:52.096000,0 days 00:35:50.004000,0 days 00:36:06.817000,167.0,234.0,330.0,102.0,False,SOFT,4.0,True,Red Bull Racing,0 days 00:34:01.712000,2025-11-08 18:19:53.148,1,,False,,False,True
0 days 00:37:17.220000,VER,1,0 days 00:01:10.403000,8.0,2.0,,,0 days 00:00:18.199000,0 days 00:00:36.036000,0 days 00:00:16.168000,0 days 00:36:25.016000,0 days 00:37:01.052000,0 days 00:37:17.220000,325.0,266.0,332.0,338.0,True,SOFT,5.0,True,Red Bull Racing,0 days 00:36:06.817000,2025-11-08 18:21:58.253,1,,False,,False,True
0 days 00:38:45.760000,VER,1,0 days 00:01:28.540000,9.0,2.0,,0 days 00:38:42.168000,0 days 00:00:24.186000,0 days 00:00:40.603000,0 days 00:00:23.751000,0 days 00:37:41.406000,0 days 00:38:22.009000,0 days 00:38:45.760000,259.0,227.0,,223.0,False,SOFT,6.0,True,Red Bull Racing,0 days 00:37:17.220000,2025-11-08 18:23:08.656,1,,False,,False,False
0 days 00:21:00.584000,OCO,31,,1.0,1.0,0 days 00:19:31.704000,,,0 days 00:00:44.801000,0 days 00:00:17.311000,,0 days 00:20:43.399000,0 days 00:21:00.584000,226.0,229.0,324.0,,False,SOFT,1.0,True,Haas F1 Team,0 days 00:19:31.704000,2025-11-08 18:05:23.140,1,,False,,False,False
0 days 00:22:11.555000,OCO,31,0 days 00:01:10.971000,2.0,1.0,,,0 days 00:00:18.439000,0 days 00:00:36.330000,0 days 00:00:16.202000,0 days 00:21:19.023000,0 days 00:21:55.353000,0 days 00:22:11.555000,319.0,261.0,328.0,330.0,True,SOFT,2.0,True,Haas F1 Team,0 days 00:21:00.584000,2025-11-08 18:06:52.020,1,,False,,False,True
0 days 00:23:48.109000,OCO,31,0 days 00:01:36.554000,3.0,1.0,,0 days 00:23:45.300000,0 days 00:00:24.981000,0 days 00:00:46.528000,0 days 00:00:25.045000,0 days 00:22:36.536000,0 days 00:23:23.064000,0 days 00:23:48.109000,139.0,114.0,,265.0,False,SOFT,3.0,True,Haas F1 Team,0 days 00:22:11.555000,2025-11-08 18:08:02.991,1,,False,,False,False
0 days 00:25:33.239000,OCO,31,0 days 00:01:45.130000,4.0,2.0,0 days 00:24:12.023000,,0 days 00:00:45.274000,0 days 00:00:42.123000,0 days 00:00:17.733000,0 days 00:24:33.383000,0 days 00:25:15.506000,0 days 00:25:33.239000,268.0,235.0,324.0,265.0,False,SOFT,1.0,True,Haas F1 Team,0 days 00:23:48.109000,2025-11-08 18:09:39.545,1,,False,,False,False
0 days 00:26:44.131000,OCO,31,0 days 00:01:10.892000,5.0,2.0,,,0 days 00:00:18.648000,0 days 00:00:36.057000,0 days 00:00:16.187000,0 days 00:25:51.887000,0 days 00:26:27.944000,0 days 00:26:44.131000,321.0,264.0,325.0,330.0,True,SOFT,2.0,True,Haas F1 Team,0 days 00:25:33.239000,2025-11-08 18:11:24.675,1,,False,,False,True
0 days 00:28:14.891000,OCO,31,0 days 00:01:30.760000,6.0,2.0,,0 days 00:28:11.056000,0 days 00:00:21.007000,0 days 00:00:44.594000,0 days 00:00:25.159000,0 days 00:27:05.138000,0 days 00:27:49.732000,0 days 00:28:14.891000,273.0,219.0,,259.0,False,SOFT,3.0,True,Haas F1 Team,0 days 00:26:44.131000,2025-11-08 18:12:35.567,1,,False,,False,False
0 days 00:35:00.127000,OCO,31,,7.0,3.0,0 days 00:33:07.342000,,,0 days 00:00:45.958000,0 days 00:00:17.745000,,0 days 00:34:42.544000,0 days 00:35:00.268000,260.0,209.0,324.0,259.0,False,SOFT,1.0,True,Haas F1 Team,0 days 00:28:14.891000,2025-11-08 18:14:06.327,1,,False,,False,False
0 days 00:36:10.565000,OCO,31,0 days 00:01:10.438000,8.0,3.0,,,0 days 00:00:18.382000,0 days 00:00:35.915000,0 days 00:00:16.141000,0 days 00:35:18.509000,0 days 00:35:54.424000,0 days 00:36:10.565000,322.0,265.0,329.0,330.0,True,SOFT,2.0,True,Haas F1 Team,0 days 00:35:00.127000,2025-11-08 18:20:51.563,1,,False,,False,True
0 days 00:37:55.691000,OCO,31,0 days 00:01:45.126000,9.0,3.0,,0 days 00:37:52.721000,0 days 00:00:23.651000,0 days 00:00:54.459000,0 days 00:00:27.016000,0 days 00:36:34.216000,0 days 00:37:28.675000,0 days 00:37:55.691000,146.0,171.0,,292.0,False,SOFT,3.0,True,Haas F1 Team,0 days 00:36:10.565000,2025-11-08 18:22:02.001,1,,False,,False,False
0 days 00:21:08.679000,COL,43,,1.0,1.0,0 days 00:19:38.009000,,,0 days 00:00:44.338000,0 days 00:00:17.930000,,0 days 00:20:50.917000,0 days 00:21:08.679000,260.0,147.0,326.0,,False,SOFT,1.0,True,Alpine,0 days 00:19:38.009000,2025-11-08 18:05:29.445,1,,False,,False,False
0 days 00:22:20.645000,COL,43,0 days 00:01:11.966000,2.0,1.0,,,0 days 00:00:18.973000,0 days 00:00:36.691000,0 days 00:00:16.302000,0 days 00:21:27.652000,0 days 00:22:04.343000,0 days 00:22:20.645000,320.0,261.0,331.0,333.0,True,SOFT,2.0,True,Alpine,0 days 00:21:08.679000,2025-11-08 18:07:00.115,1,,False,,False,True
0 days 00:23:43.552000,COL,43,0 days 00:01:22.907000,3.0,1.0,,0 days 00:23:40.563000,0 days 00:00:18.761000,0 days 00:00:40.619000,0 days 00:00:23.527000,0 days 00:22:39.406000,0 days 00:23:20.025000,0 days 00:23:43.552000,312.0,237.0,,336.0,False,SOFT,3.0,True,Alpine,0 days 00:22:20.645000,2025-11-08 18:08:12.081,1,,False,,False,False
0 days 00:27:28.087000,COL,43,,4.0,2.0,0 days 00:25:55.703000,,,0 days 00:00:49.056000,0 days 00:00:17.907000,,0 days 00:27:10.287000,0 days 00:27:28.330000,266.0,96.0,333.0,336.0,False,SOFT,1.0,True,Alpine,0 days 00:23:43.552000,2025-11-08 18:09:34.988,1,,False,,False,False
0 days 00:28:38.810000,COL,43,0 days 00:01:10.723000,5.0,2.0,,,0 days 00:00:18.295000,0 days 00:00:36.261000,0 days 00:00:16.167000,0 days 00:27:46.382000,0 days 00:28:22.643000,0 days 00:28:38.810000,324.0,263.0,329.0,338.0,True,SOFT,2.0,True,Alpine,0 days 00:27:28.087000,2025-11-08 18:13:19.523,1,,False,,False,True
0 days 00:30:17.953000,COL,43,0 days 00:01:39.143000,6.0,2.0,,0 days 00:30:14.911000,0 days 00:00:24.330000,0 days 00:00:48.521000,0 days 00:00:26.292000,0 days 00:29:03.140000,0 days 00:29:51.661000,0 days 00:30:17.953000,122.0,197.0,,333.0,False,SOFT,3.0,True,Alpine,0 days 00:28:38.810000,2025-11-08 18:14:30.246,1,,False,,False,False
0 days 00:35:42.327000,COL,43,,7.0,3.0,0 days 00:33:31.415000,,,0 days 00:00:47.947000,0 days 00:00:17.900000,,0 days 00:35:24.455000,0 days 00:35:42.506000,264.0,101.0,327.0,333.0,False,SOFT,1.0,True,Alpine,0 days 00:30:17.953000,2025-11-08 18:16:09.389,1,,False,,False,False
0 days 00:36:52.959000,COL,43,0 days 00:01:10.632000,8.0,3.0,,,0 days 00:00:18.163000,0 days 00:00:36.322000,0 days 00:00:16.147000,0 days 00:36:00.490000,0 days 00:36:36.812000,0 days 00:36:52.959000,324.0,265.0,328.0,334.0,True,SOFT,2.0,True,Alpine,0 days 00:35:42.327000,2025-11-08 18:21:33.763,1,,False,,False,True
0 days 00:38:37.828000,COL,43,0 days 00:01:44.869000,9.0,3.0,,0 days 00:38:34.926000,0 days 00:00:30.155000,0 days 00:00:46.970000,0 days 00:00:27.744000,0 days 00:37:23.114000,0 days 00:38:10.084000,0 days 00:38:37.828000,199.0,180.0,,265.0,False,SOFT,3.0,True,Alpine,0 days 00:36:52.959000,2025-11-08 18:22:44.395,1,,False,,False,False
0 days 00:22:13.694000,TSU,22,,1.0,1.0,0 days 00:20:27.302000,,,0 days 00:00:50.354000,0 days 00:00:18.880000,,0 days 00:21:55.022000,0 days 00:22:13.694000,263.0,72.0,330.0,,False,SOFT,1.0,True,Red Bull Racing,0 days 00:20:27.302000,2025-11-08 18:06:18.738,1,,False,,False,False
0 days 00:23:25.345000,TSU,22,0 days 00:01:11.651000,2.0,1.0,,,0 days 00:00:18.746000,0 days 00:00:36.645000,0 days 00:00:16.260000,0 days 00:22:32.440000,0 days 00:23:09.085000,0 days 00:23:25.345000,322.0,264.0,330.0,337.0,True,SOFT,2.0,True,Red Bull Racing,0 days 00:22:13.694000,2025-11-08 18:08:05.130,1,,False,,False,True
0 days 00:25:14.193000,TSU,22,0 days 00:01:48.848000,3.0,1.0,,,0 days 00:00:40.920000,0 days 00:00:48.982000,0 days 00:00:18.946000,0 days 00:24:06.265000,0 days 00:24:55.247000,0 days 00:25:14.193000,147.0,207.0,209.0,175.0,False,SOFT,3.0,True,Red Bull Racing,0 days 00:23:25.345000,2025-11-08 18:09:16.781,1,,False,,False,True
0 days 00:27:02.095000,TSU,22,0 days 00:01:47.902000,4.0,1.0,,,0 days 00:00:36.397000,0 days 00:00:54.152000,0 days 00:00:17.353000,0 days 00:25:50.590000,0 days 00:26:44.742000,0 days 00:27:02.095000,113.0,224.0,328.0,133.0,False,SOFT,4.0,True,Red Bull Racing,0 days 00:25:14.193000,2025-11-08 18:11:05.629,1,,False,,False,True
0 days 00:28:13.107000,TSU,22,0 days 00:01:11.012000,5.0,1.0,,,0 days 00:00:18.315000,0 days 00:00:36.546000,0 days 00:00:16.151000,0 days 00:27:20.410000,0 days 00:27:56.956000,0 days 00:28:13.107000,325.0,263.0,332.0,334.0,True,SOFT,5.0,True,Red Bull Racing,0 days 00:27:02.095000,2025-11-08 18:12:53.531,1,,False,,False,True
0 days 00:29:41.033000,TSU,22,0 days 00:01:27.926000,6.0,1.0,,0 days 00:29:38.096000,0 days 00:00:21.243000,0 days 00:00:41.287000,0 days 00:00:25.396000,0 days 00:28:34.350000,0 days 00:29:15.637000,0 days 00:29:41.033000,290.0,227.0,,254.0,False,SOFT,6.0,True,Red Bull Racing,0 days 00:28:13.107000,2025-11-08 18:14:04.543,1,,False,,False,False
0 days 00:35:19.135000,TSU,22,,7.0,2.0,0 days 00:33:19.412000,,,0 days 00:00:47.324000,0 days 00:00:18.356000,,0 days 00:35:00.888000,0 days 00:35:19.417000,244.0,87.0,333.0,254.0,False,SOFT,1.0,True,Red Bull Racing,0 days 00:29:41.033000,2025-11-08 18:15:32.469,1,,False,,False,False
0 days 00:36:29.846000,TSU,22,0 days 00:01:10.711000,8.0,2.0,,,0 days 00:00:18.335000,0 days 00:00:36.256000,0 days 00:00:16.120000,0 days 00:35:37.470000,0 days 00:36:13.726000,0 days 00:36:29.846000,325.0,265.0,333.0,338.0,True,SOFT,2.0,True,Red Bull Racing,0 days 00:35:19.135000,2025-11-08 18:21:10.571,1,,False,,False,True
0 days 00:38:10.007000,TSU,22,0 days 00:01:40.161000,9.0,2.0,,0 days 00:38:07.127000,0 days 00:00:25.947000,0 days 00:00:44.650000,0 days 00:00:29.564000,0 days 00:36:55.793000,0 days 00:37:40.443000,0 days 00:38:10.007000,136.0,172.0,,240.0,False,SOFT,3.0,True,Red Bull Racing,0 days 00:36:29.846000,2025-11-08 18:22:21.282,1,,False,,False,False
