Time,Driver,DriverNumber,LapTime,LapNumber,Stint,PitOutTime,PitInTime,Sector1Time,Sector2Time,Sector3Time,Sector1SessionTime,Sector2SessionTime,Sector3SessionTime,SpeedI1,SpeedI2,SpeedFL,SpeedST,IsPersonalBest,Compound,TyreLife,FreshTyre,Team,LapStartTime,LapStartDate,TrackStatus,Position,Deleted,DeletedReason,FastF1Generated,IsAccurate
0 days 00:17:37.886000,ANT,12,0 days 00:01:40.746000,1.0,1.0,0 days 00:15:58.301000,,0 days 00:00:33.153000,0 days 00:00:44.421000,0 days 00:00:23.172000,0 days 00:16:30.442000,0 days 00:17:14.864000,0 days 00:17:38.217000,69.0,173.0,254.0,268.0,False,SOFT,1.0,True,Mercedes,0 days 00:15:58.301000,2026-06-06 14:01:44.611,1,,False,,False,False
0 days 00:19:12.421000,ANT,12,0 days 00:01:34.535000,2.0,1.0,,,0 days 00:00:26.929000,0 days 00:00:46,0 days 00:00:21.606000,0 days 00:18:04.815000,0 days 00:18:50.815000,0 days 00:19:12.421000,100.0,168.0,262.0,224.0,True,SOFT,2.0,True,Mercedes,0 days 00:17:37.886000,2026-06-06 14:03:24.196,1,,False,,False,True
0 days 00:20:26.734000,ANT,12,0 days 00:01:14.313000,3.0,1.0,,,0 days 00:00:19.606000,0 days 00:00:35.059000,0 days 00:00:19.648000,0 days 00:19:32.027000,0 days 00:20:07.086000,0 days 00:20:26.734000,205.0,199.0,264.0,282.0,True,SOFT,3.0,True,Mercedes,0 days 00:19:12.421000,2026-06-06 14:04:58.731,1,,False,,False,True
0 days 00:22:01.467000,ANT,12,0 days 00:01:34.733000,4.0,1.0,,,0 days 00:00:22.894000,0 days 00:00:47.143000,0 days 00:00:24.696000,0 days 00:20:49.628000,0 days 00:21:36.771000,0 days 00:22:01.467000,154.0,155.0,263.0,237.0,False,SOFT,4.0,True,Mercedes,0 days 00:20:26.734000,2026-06-06 14:06:13.044,1,,False,,False,True
0 days 00:23:26.595000,ANT,12,0 days 00:01:25.128000,5.0,1.0,,,0 days 00:00:19.487000,0 days 00:00:41.629000,0 days 00:00:24.012000,0 days 00:22:20.954000,0 days 00:23:02.583000,0 days 00:23:26.595000,204.0,175.0,263.0,270.0,False,SOFT,5.0,True,Mercedes,0 days 00:22:01.467000,2026-06-06 14:07:47.777,1,,False,,False,True
0 days 00:24:40.541000,ANT,12,0 days 00:01:13.946000,6.0,1.0,,,0 days 00:00:19.393000,0 days 00:00:34.755000,0 days 00:00:19.798000,0 days 00:23:45.988000,0 days 00:24:20.743000,0 days 00:24:40.541000,209.0,178.0,263.0,281.0,True,SOFT,6.0,True,Mercedes,0 days 00:23:26.595000,2026-06-06 14:09:12.905,1,,False,,False,True
0 days 00:26:15.370000,ANT,12,0 days 00:01:34.829000,7.0,1.0,,,0 days 00:00:26.715000,0 days 00:00:45.900000,0 days 00:00:22.214000,0 days 00:25:07.256000,0 days 00:25:53.156000,0 days 00:26:15.370000,140.0,154.0,262.0,180.0,False,SOFT,7.0,True,Mercedes,0 days 00:24:40.541000,2026-06-06 14:10:26.851,1,,True,TRACK LIMITS AT TURN 1 LAP 8 ,False,True
0 days 00:27:28.969000,ANT,12,0 days 00:01:13.599000,8.0,1.0,,,0 days 00:00:19.238000,0 days 00:00:34.852000,0 days 00:00:19.509000,0 days 00:26:34.608000,0 days 00:27:09.460000,0 days 00:27:28.969000,212.0,200.0,264.0,282.0,True,SOFT,8.0,True,Mercedes,0 days 00:26:15.370000,2026-06-06 14:12:01.680,1,,False,,False,True
0 days 00:29:08.187000,ANT,12,0 days 00:01:39.218000,9.0,1.0,,,0 days 00:00:24.379000,0 days 00:00:50.449000,0 days 00:00:24.390000,0 days 00:27:53.348000,0 days 00:28:43.797000,0 days 00:29:08.187000,124.0,145.0,168.0,195.0,False,SOFT,9.0,True,Mercedes,0 days 00:27:28.969000,2026-06-06 14:13:15.279,1,,False,,False,True
0 days 00:47:52.685000,ANT,12,,10.0,1.0,,0 days 00:30:39.574000,0 days 00:00:23.759000,,,0 days 00:29:32.125000,,,165.0,,,212.0,False,SOFT,10.0,True,Mercedes,0 days 00:29:08.187000,2026-06-06 14:14:54.497,125,,False,,False,False
0 days 00:49:32.840000,ANT,12,0 days 00:01:40.155000,11.0,2.0,0 days 00:47:54.382000,,0 days 00:00:32.653000,0 days 00:00:45.239000,0 days 00:00:22.263000,0 days 00:48:25.338000,0 days 00:49:10.577000,0 days 00:49:32.840000,80.0,172.0,256.0,266.0,False,SOFT,1.0,True,Mercedes,0 days 00:47:54.382000,2026-06-06 14:33:40.692,1,,False,,False,False
0 days 00:50:51.615000,ANT,12,0 days 00:01:18.775000,12.0,2.0,,,0 days 00:00:20.838000,0 days 00:00:37.383000,0 days 00:00:20.554000,0 days 00:49:53.678000,0 days 00:50:31.061000,0 days 00:50:51.615000,182.0,184.0,264.0,278.0,True,SOFT,2.0,True,Mercedes,0 days 00:49:32.840000,2026-06-06 14:35:19.150,1,,False,,False,True
0 days 00:52:04.393000,ANT,12,0 days 00:01:12.778000,13.0,2.0,,,0 days 00:00:19.121000,0 days 00:00:34.368000,0 days 00:00:19.289000,0 days 00:51:10.736000,0 days 00:51:45.104000,0 days 00:52:04.393000,215.0,201.0,264.0,282.0,True,SOFT,3.0,True,Mercedes,0 days 00:50:51.615000,2026-06-06 14:36:37.925,1,,False,,False,True
0 days 00:53:43.763000,ANT,12,0 days 00:01:39.370000,14.0,2.0,,,0 days 00:00:25.761000,0 days 00:00:52.768000,0 days 00:00:20.841000,0 days 00:52:30.154000,0 days 00:53:22.922000,0 days 00:53:43.763000,75.0,173.0,265.0,232.0,False,SOFT,4.0,True,Mercedes,0 days 00:52:04.393000,2026-06-06 14:37:50.703,1,,False,,False,True
0 days 00:54:56.467000,ANT,12,0 days 00:01:12.704000,15.0,2.0,,,0 days 00:00:19.248000,0 days 00:00:34.290000,0 days 00:00:19.166000,0 days 00:54:03.011000,0 days 00:54:37.301000,0 days 00:54:56.467000,213.0,201.0,264.0,282.0,True,SOFT,5.0,True,Mercedes,0 days 00:53:43.763000,2026-06-06 14:39:30.073,1,,False,,False,True
0 days 00:56:43.093000,ANT,12,0 days 00:01:46.626000,16.0,2.0,,0 days 00:56:14.673000,0 days 00:00:22.430000,0 days 00:00:40.119000,0 days 00:00:44.077000,0 days 00:55:18.897000,0 days 00:55:59.016000,0 days 00:56:43.093000,142.0,166.0,,233.0,False,SOFT,6.0,True,Mercedes,0 days 00:54:56.467000,2026-06-06 14:40:42.777,1,,False,,False,False
0 days 00:58:08.887000,ANT,12,0 days 00:01:25.794000,17.0,3.0,0 days 00:56:43.873000,,0 days 00:00:26.323000,0 days 00:00:38.466000,0 days 00:00:21.005000,0 days 00:57:09.416000,0 days 00:57:47.882000,0 days 00:58:08.887000,165.0,181.0,261.0,274.0,False,SOFT,1.0,True,Mercedes,0 days 00:56:43.093000,2026-06-06 14:42:29.403,1,,False,,False,False
0 days 00:59:27.890000,ANT,12,0 days 00:01:19.003000,18.0,3.0,,,0 days 00:00:20.413000,0 days 00:00:37.484000,0 days 00:00:21.106000,0 days 00:58:29.300000,0 days 00:59:06.784000,0 days 00:59:27.890000,183.0,183.0,265.0,273.0,False,SOFT,2.0,True,Mercedes,0 days 00:58:08.887000,2026-06-06 14:43:55.197,1,,False,,False,True
0 days 01:00:40.643000,ANT,12,0 days 00:01:12.753000,19.0,3.0,,,0 days 00:00:19.119000,0 days 00:00:34.145000,0 days 00:00:19.489000,0 days 00:59:47.009000,0 days 01:00:21.154000,0 days 01:00:40.643000,214.0,203.0,265.0,283.0,False,SOFT,3.0,True,Mercedes,0 days 00:59:27.890000,2026-06-06 14:45:14.200,1,,False,,False,True
0 days 01:09:08.241000,ANT,12,,20.0,3.0,,0 days 01:02:04.607000,0 days 00:00:26.205000,0 days 00:00:40.816000,,0 days 01:01:06.985000,0 days 01:01:47.744000,,63.0,161.0,,233.0,False,SOFT,4.0,True,Mercedes,0 days 01:00:40.643000,2026-06-06 14:46:26.953,1,,False,,False,False
0 days 01:10:39.886000,ANT,12,0 days 00:01:31.645000,21.0,4.0,0 days 01:09:10.168000,,0 days 00:00:32.648000,0 days 00:00:38.155000,0 days 00:00:20.842000,0 days 01:09:40.889000,0 days 01:10:19.044000,0 days 01:10:39.886000,177.0,181.0,260.0,270.0,False,SOFT,1.0,True,Mercedes,0 days 01:09:08.241000,2026-06-06 14:54:54.551,1,,False,,False,False
0 days 01:12:02.488000,ANT,12,0 days 00:01:22.602000,22.0,4.0,,,0 days 00:00:20.565000,0 days 00:00:41.365000,0 days 00:00:20.672000,0 days 01:11:00.451000,0 days 01:11:41.816000,0 days 01:12:02.488000,178.0,181.0,264.0,275.0,True,SOFT,2.0,True,Mercedes,0 days 01:10:39.886000,2026-06-06 14:56:26.196,1,,False,,False,True
0 days 01:13:14.863000,ANT,12,0 days 00:01:12.375000,23.0,4.0,,,0 days 00:00:18.941000,0 days 00:00:34.183000,0 days 00:00:19.251000,0 days 01:12:21.429000,0 days 01:12:55.612000,0 days 01:13:14.863000,215.0,204.0,263.0,282.0,True,SOFT,3.0,True,Mercedes,0 days 01:12:02.488000,2026-06-06 14:57:48.798,1,,False,,False,True
0 days 01:17:47.858000,ANT,12,,24.0,4.0,,0 days 01:14:31.290000,0 days 00:00:22.607000,0 days 00:00:38.865000,,0 days 01:13:37.525000,0 days 01:14:16.509000,,161.0,165.0,,236.0,False,SOFT,4.0,True,Mercedes,0 days 01:13:14.863000,2026-06-06 14:59:01.173,1,,False,,False,False
0 days 01:19:24.179000,ANT,12,0 days 00:01:36.321000,25.0,5.0,0 days 01:17:50.071000,,0 days 00:00:36.311000,0 days 00:00:38.703000,0 days 00:00:21.307000,0 days 01:18:24.169000,0 days 01:19:02.872000,0 days 01:19:24.179000,128.0,178.0,260.0,265.0,False,SOFT,1.0,True,Mercedes,0 days 01:17:47.858000,2026-06-06 15:03:34.168,1,,False,,False,False
0 days 01:20:41.350000,ANT,12,0 days 00:01:17.171000,26.0,5.0,,,0 days 00:00:20.402000,0 days 00:00:36.530000,0 days 00:00:20.239000,0 days 01:19:44.581000,0 days 01:20:21.111000,0 days 01:20:41.350000,200.0,188.0,264.0,279.0,False,SOFT,2.0,True,Mercedes,0 days 01:19:24.179000,2026-06-06 15:05:10.489,1,,False,,False,True
0 days 01:21:53.401000,ANT,12,0 days 00:01:12.051000,27.0,5.0,,,0 days 00:00:18.934000,0 days 00:00:33.989000,0 days 00:00:19.128000,0 days 01:21:00.284000,0 days 01:21:34.273000,0 days 01:21:53.401000,215.0,203.0,264.0,282.0,True,SOFT,3.0,True,Mercedes,0 days 01:20:41.350000,2026-06-06 15:06:27.660,12,,False,,False,True
0 days 01:23:25.206000,ANT,12,,28.0,5.0,,0 days 01:23:25.206000,0 days 00:00:25.607000,0 days 00:00:43.817000,,0 days 01:22:19.095000,0 days 01:23:02.868000,,158.0,121.0,,227.0,False,SOFT,4.0,True,Mercedes,0 days 01:21:53.401000,2026-06-06 15:07:39.711,21,,False,,False,False
0 days 00:19:30.572000,VER,3,0 days 00:01:24.253000,1.0,1.0,0 days 00:18:07.023000,,0 days 00:00:25.676000,0 days 00:00:37.544000,0 days 00:00:21.033000,0 days 00:18:32.146000,0 days 00:19:09.665000,0 days 00:19:30.804000,182.0,187.0,236.0,270.0,False,SOFT,1.0,True,Red Bull Racing,0 days 00:18:07.023000,2026-06-06 14:03:53.333,1,,False,,False,False
0 days 00:20:52.450000,VER,3,0 days 00:01:21.878000,2.0,1.0,,,0 days 00:00:20.193000,0 days 00:00:36.150000,0 days 00:00:25.535000,0 days 00:19:50.765000,0 days 00:20:26.915000,0 days 00:20:52.450000,205.0,193.0,260.0,277.0,True,SOFT,2.0,True,Red Bull Racing,0 days 00:19:30.572000,2026-06-06 14:05:16.882,1,,False,,False,True
0 days 00:22:06.954000,VER,3,0 days 00:01:14.504000,3.0,1.0,,,0 days 00:00:19.438000,0 days 00:00:35.267000,0 days 00:00:19.799000,0 days 00:21:11.888000,0 days 00:21:47.155000,0 days 00:22:06.954000,216.0,195.0,266.0,282.0,True,SOFT,3.0,True,Red Bull Racing,0 days 00:20:52.450000,2026-06-06 14:06:38.760,1,,False,,False,True
0 days 00:23:30.713000,VER,3,0 days 00:01:23.759000,4.0,1.0,,,0 days 00:00:20.874000,0 days 00:00:39.978000,0 days 00:00:22.907000,0 days 00:22:27.828000,0 days 00:23:07.806000,0 days 00:23:30.713000,195.0,178.0,264.0,274.0,False,SOFT,4.0,True,Red Bull Racing,0 days 00:22:06.954000,2026-06-06 14:07:53.264,1,,False,,False,True
0 days 00:24:44.720000,VER,3,0 days 00:01:14.007000,5.0,1.0,,,0 days 00:00:19.500000,0 days 00:00:34.930000,0 days 00:00:19.577000,0 days 00:23:50.213000,0 days 00:24:25.143000,0 days 00:24:44.720000,210.0,204.0,265.0,282.0,True,SOFT,5.0,True,Red Bull Racing,0 days 00:23:30.713000,2026-06-06 14:09:17.023,1,,False,,False,True
0 days 00:26:19.679000,VER,3,0 days 00:01:34.959000,6.0,1.0,,,0 days 00:00:26.088000,0 days 00:00:45.636000,0 days 00:00:23.235000,0 days 00:25:10.808000,0 days 00:25:56.444000,0 days 00:26:19.679000,129.0,147.0,262.0,252.0,False,SOFT,6.0,True,Red Bull Racing,0 days 00:24:44.720000,2026-06-06 14:10:31.030,1,,False,,False,True
0 days 00:27:33.169000,VER,3,0 days 00:01:13.490000,7.0,1.0,,,0 days 00:00:19.239000,0 days 00:00:34.711000,0 days 00:00:19.540000,0 days 00:26:38.918000,0 days 00:27:13.629000,0 days 00:27:33.169000,216.0,199.0,264.0,282.0,True,SOFT,7.0,True,Red Bull Racing,0 days 00:26:19.679000,2026-06-06 14:12:05.989,1,,False,,False,True
0 days 00:46:28.594000,VER,3,,8.0,1.0,,0 days 00:28:57.470000,0 days 00:00:22.571000,0 days 00:00:45.092000,,0 days 00:27:55.862000,0 days 00:28:41.004000,,152.0,176.0,,229.0,False,SOFT,8.0,True,Red Bull Racing,0 days 00:27:33.169000,2026-06-06 14:13:19.479,125,,False,,False,False
0 days 00:48:01.351000,VER,3,0 days 00:01:32.757000,9.0,2.0,0 days 00:46:29.826000,,0 days 00:00:33.449000,0 days 00:00:38.217000,0 days 00:00:21.091000,0 days 00:47:02.043000,0 days 00:47:40.260000,0 days 00:48:01.351000,174.0,188.0,230.0,260.0,False,SOFT,1.0,True,Red Bull Racing,0 days 00:46:29.826000,2026-06-06 14:32:16.136,1,,False,,False,False
0 days 00:49:25.881000,VER,3,0 days 00:01:24.530000,10.0,2.0,,,0 days 00:00:20.295000,0 days 00:00:39.106000,0 days 00:00:25.129000,0 days 00:48:21.646000,0 days 00:49:00.752000,0 days 00:49:25.881000,205.0,185.0,264.0,273.0,True,SOFT,2.0,True,Red Bull Racing,0 days 00:48:01.351000,2026-06-06 14:33:47.661,1,,False,,False,True
0 days 00:50:39.086000,VER,3,0 days 00:01:13.205000,11.0,2.0,,,0 days 00:00:19.236000,0 days 00:00:34.601000,0 days 00:00:19.368000,0 days 00:49:45.117000,0 days 00:50:19.718000,0 days 00:50:39.086000,215.0,201.0,266.0,282.0,True,SOFT,3.0,True,Red Bull Racing,0 days 00:49:25.881000,2026-06-06 14:35:12.191,1,,False,,False,True
0 days 00:52:10.319000,VER,3,0 days 00:01:31.233000,12.0,2.0,,,0 days 00:00:26.189000,0 days 00:00:43.730000,0 days 00:00:21.314000,0 days 00:51:05.275000,0 days 00:51:49.005000,0 days 00:52:10.319000,138.0,188.0,265.0,263.0,False,SOFT,4.0,True,Red Bull Racing,0 days 00:50:39.086000,2026-06-06 14:36:25.396,1,,False,,False,True
0 days 00:53:23.159000,VER,3,0 days 00:01:12.840000,13.0,2.0,,,0 days 00:00:19.034000,0 days 00:00:34.569000,0 days 00:00:19.237000,0 days 00:52:29.353000,0 days 00:53:03.922000,0 days 00:53:23.159000,218.0,205.0,265.0,281.0,True,SOFT,5.0,True,Red Bull Racing,0 days 00:52:10.319000,2026-06-06 14:37:56.629,1,,False,,False,True
0 days 00:56:47.845000,VER,3,,14.0,2.0,,0 days 00:54:36.013000,0 days 00:00:21.043000,0 days 00:00:37.108000,,0 days 00:53:44.253000,0 days 00:54:21.369000,,190.0,188.0,,269.0,False,SOFT,6.0,True,Red Bull Racing,0 days 00:53:23.159000,2026-06-06 14:39:09.469,1,,False,,False,False
0 days 00:58:15.987000,VER,3,0 days 00:01:28.142000,15.0,3.0,0 days 00:56:48.963000,,0 days 00:00:30.281000,0 days 00:00:37.309000,0 days 00:00:20.552000,0 days 00:57:18.126000,0 days 00:57:55.435000,0 days 00:58:15.987000,191.0,190.0,236.0,269.0,False,SOFT,1.0,True,Red Bull Racing,0 days 00:56:47.845000,2026-06-06 14:42:34.155,1,,False,,False,False
0 days 00:59:33.060000,VER,3,0 days 00:01:17.073000,16.0,3.0,,,0 days 00:00:19.939000,0 days 00:00:36.625000,0 days 00:00:20.509000,0 days 00:58:35.926000,0 days 00:59:12.551000,0 days 00:59:33.060000,209.0,194.0,266.0,272.0,False,SOFT,2.0,True,Red Bull Racing,0 days 00:58:15.987000,2026-06-06 14:44:02.297,1,,False,,False,True
0 days 01:00:45.559000,VER,3,0 days 00:01:12.499000,17.0,3.0,,,0 days 00:00:18.946000,0 days 00:00:34.317000,0 days 00:00:19.236000,0 days 00:59:52.006000,0 days 01:00:26.323000,0 days 01:00:45.559000,219.0,205.0,265.0,282.0,True,SOFT,3.0,True,Red Bull Racing,0 days 00:59:33.060000,2026-06-06 14:45:19.370,1,,False,,False,True
0 days 01:09:29.474000,VER,3,,18.0,3.0,,0 days 01:02:05.735000,0 days 00:00:22.895000,0 days 00:00:40.568000,,0 days 01:01:08.557000,0 days 01:01:49.164000,,157.0,165.0,,242.0,False,SOFT,4.0,True,Red Bull Racing,0 days 01:00:45.559000,2026-06-06 14:46:31.869,1,,False,,False,False
0 days 01:10:55.645000,VER,3,0 days 00:01:26.171000,19.0,4.0,0 days 01:09:30.076000,,0 days 00:00:27.902000,0 days 00:00:37.606000,0 days 00:00:20.663000,0 days 01:09:57.376000,0 days 01:10:34.982000,0 days 01:10:55.645000,186.0,191.0,235.0,259.0,False,SOFT,1.0,True,Red Bull Racing,0 days 01:09:29.474000,2026-06-06 14:55:15.784,1,,False,,False,False
0 days 01:12:19.068000,VER,3,0 days 00:01:23.423000,20.0,4.0,,,0 days 00:00:20.137000,0 days 00:00:42.319000,0 days 00:00:20.967000,0 days 01:11:15.782000,0 days 01:11:58.101000,0 days 01:12:19.068000,199.0,192.0,263.0,272.0,True,SOFT,2.0,True,Red Bull Racing,0 days 01:10:55.645000,2026-06-06 14:56:41.955,1,,False,,False,True
0 days 01:13:31.444000,VER,3,0 days 00:01:12.376000,21.0,4.0,,,0 days 00:00:18.910000,0 days 00:00:34.223000,0 days 00:00:19.243000,0 days 01:12:37.978000,0 days 01:13:12.201000,0 days 01:13:31.444000,218.0,207.0,264.0,281.0,True,SOFT,3.0,True,Red Bull Racing,0 days 01:12:19.068000,2026-06-06 14:58:05.378,1,,False,,False,True
0 days 01:17:20.190000,VER,3,,22.0,4.0,,0 days 01:14:44.812000,0 days 00:00:21.276000,0 days 00:00:37.336000,,0 days 01:13:52.834000,0 days 01:14:30.259000,,181.0,187.0,,268.0,False,SOFT,4.0,True,Red Bull Racing,0 days 01:13:31.444000,2026-06-06 14:59:17.754,1,,False,,False,False
0 days 01:18:44.471000,VER,3,0 days 00:01:24.281000,23.0,5.0,0 days 01:17:20.952000,,0 days 00:00:26.891000,0 days 00:00:37.064000,0 days 00:00:20.326000,0 days 01:17:47.081000,0 days 01:18:24.145000,0 days 01:18:44.471000,191.0,192.0,236.0,268.0,False,SOFT,1.0,True,Red Bull Racing,0 days 01:17:20.190000,2026-06-06 15:03:06.500,1,,False,,False,False
0 days 01:20:03.300000,VER,3,0 days 00:01:18.829000,24.0,5.0,,,0 days 00:00:21.627000,0 days 00:00:37.118000,0 days 00:00:20.084000,0 days 01:19:06.098000,0 days 01:19:43.216000,0 days 01:20:03.300000,199.0,193.0,264.0,269.0,False,SOFT,2.0,True,Red Bull Racing,0 days 01:18:44.471000,2026-06-06 15:04:30.781,1,,False,,False,True
0 days 01:21:15.394000,VER,3,0 days 00:01:12.094000,25.0,5.0,,,0 days 00:00:18.827000,0 days 00:00:34.184000,0 days 00:00:19.083000,0 days 01:20:22.127000,0 days 01:20:56.311000,0 days 01:21:15.394000,218.0,203.0,264.0,280.0,True,SOFT,3.0,True,Red Bull Racing,0 days 01:20:03.300000,2026-06-06 15:05:49.610,1,,False,,False,True
0 days 01:22:43.216000,VER,3,,26.0,5.0,,0 days 01:22:43.216000,0 days 00:00:26.566000,0 days 00:00:42.264000,,0 days 01:21:42.074000,0 days 01:22:24.286000,,163.0,172.0,,195.0,False,SOFT,4.0,True,Red Bull Racing,0 days 01:21:15.394000,2026-06-06 15:07:01.704,12,,False,,False,False
0 days 00:17:28.770000,HAM,44,0 days 00:01:35.990000,1.0,1.0,0 days 00:15:53.718000,,0 days 00:00:29.893000,0 days 00:00:42.864000,0 days 00:00:23.233000,0 days 00:16:22.885000,0 days 00:17:05.537000,0 days 00:17:29.021000,148.0,154.0,260.0,261.0,False,SOFT,1.0,True,Ferrari,0 days 00:15:53.718000,2026-06-06 14:01:40.028,1,,False,,False,False
0 days 00:18:55.600000,HAM,44,0 days 00:01:26.830000,2.0,1.0,,,0 days 00:00:21.271000,0 days 00:00:43.731000,0 days 00:00:21.828000,0 days 00:17:50.041000,0 days 00:18:33.772000,0 days 00:18:55.600000,184.0,185.0,261.0,278.0,True,SOFT,2.0,True,Ferrari,0 days 00:17:28.770000,2026-06-06 14:03:15.080,1,,False,,False,True
0 days 00:20:09.942000,HAM,44,0 days 00:01:14.342000,3.0,1.0,,,0 days 00:00:19.745000,0 days 00:00:34.769000,0 days 00:00:19.828000,0 days 00:19:15.345000,0 days 00:19:50.114000,0 days 00:20:09.942000,211.0,198.0,262.0,281.0,True,SOFT,3.0,True,Ferrari,0 days 00:18:55.600000,2026-06-06 14:04:41.910,1,,False,,False,True
0 days 00:21:55.690000,HAM,44,0 days 00:01:45.748000,4.0,1.0,,,0 days 00:00:33.086000,0 days 00:00:44.655000,0 days 00:00:28.007000,0 days 00:20:43.028000,0 days 00:21:27.683000,0 days 00:21:55.690000,108.0,87.0,243.0,260.0,False,SOFT,4.0,True,Ferrari,0 days 00:20:09.942000,2026-06-06 14:05:56.252,1,,False,,False,True
0 days 00:23:35.571000,HAM,44,0 days 00:01:39.881000,5.0,1.0,,,0 days 00:00:27.895000,0 days 00:00:47,0 days 00:00:24.986000,0 days 00:22:23.585000,0 days 00:23:10.585000,0 days 00:23:35.571000,148.0,161.0,262.0,257.0,False,SOFT,5.0,True,Ferrari,0 days 00:21:55.690000,2026-06-06 14:07:42.000,1,,False,,False,True
0 days 00:24:49.375000,HAM,44,0 days 00:01:13.804000,6.0,1.0,,,0 days 00:00:19.612000,0 days 00:00:34.610000,0 days 00:00:19.582000,0 days 00:23:55.183000,0 days 00:24:29.793000,0 days 00:24:49.375000,211.0,198.0,263.0,280.0,True,SOFT,6.0,True,Ferrari,0 days 00:23:35.571000,2026-06-06 14:09:21.881,1,,False,,False,True
0 days 00:26:21.899000,HAM,44,0 days 00:01:32.524000,7.0,1.0,,,0 days 00:00:24.274000,0 days 00:00:44.334000,0 days 00:00:23.916000,0 days 00:25:13.649000,0 days 00:25:57.983000,0 days 00:26:21.899000,166.0,155.0,239.0,227.0,False,SOFT,7.0,True,Ferrari,0 days 00:24:49.375000,2026-06-06 14:10:35.685,1,,False,,False,True
0 days 00:27:58.615000,HAM,44,0 days 00:01:36.716000,8.0,1.0,,,0 days 00:00:27.661000,0 days 00:00:47.048000,0 days 00:00:22.007000,0 days 00:26:49.560000,0 days 00:27:36.608000,0 days 00:27:58.615000,95.0,182.0,263.0,239.0,False,SOFT,8.0,True,Ferrari,0 days 00:26:21.899000,2026-06-06 14:12:08.209,1,,True,TRACK LIMITS AT TURN 1 LAP 9 ,False,True
0 days 00:29:12.392000,HAM,44,0 days 00:01:13.777000,9.0,1.0,,,0 days 00:00:19.402000,0 days 00:00:34.705000,0 days 00:00:19.670000,0 days 00:28:18.017000,0 days 00:28:52.722000,0 days 00:29:12.392000,211.0,199.0,263.0,280.0,True,SOFT,9.0,True,Ferrari,0 days 00:27:58.615000,2026-06-06 14:13:44.925,1,,False,,False,True
0 days 00:47:20.024000,HAM,44,,10.0,1.0,,0 days 00:30:52.630000,0 days 00:00:28.588000,,,0 days 00:29:41.170000,,,148.0,,,280.0,False,SOFT,10.0,True,Ferrari,0 days 00:29:12.392000,2026-06-06 14:14:58.702,125,,False,,False,False
0 days 00:48:52.520000,HAM,44,0 days 00:01:32.496000,11.0,2.0,0 days 00:47:20.956000,,0 days 00:00:29.196000,0 days 00:00:40.857000,0 days 00:00:22.443000,0 days 00:47:49.220000,0 days 00:48:30.077000,0 days 00:48:52.520000,156.0,178.0,255.0,259.0,False,SOFT,1.0,True,Ferrari,0 days 00:47:20.956000,2026-06-06 14:33:07.266,1,,False,,False,False
0 days 00:50:11.755000,HAM,44,0 days 00:01:19.235000,12.0,2.0,,,0 days 00:00:21.353000,0 days 00:00:36.635000,0 days 00:00:21.247000,0 days 00:49:13.873000,0 days 00:49:50.508000,0 days 00:50:11.755000,186.0,195.0,263.0,277.0,True,SOFT,2.0,True,Ferrari,0 days 00:48:52.520000,2026-06-06 14:34:38.830,1,,False,,False,True
0 days 00:51:24.846000,HAM,44,0 days 00:01:13.091000,13.0,2.0,,,0 days 00:00:19.337000,0 days 00:00:34.321000,0 days 00:00:19.433000,0 days 00:50:31.092000,0 days 00:51:05.413000,0 days 00:51:24.846000,213.0,203.0,262.0,280.0,True,SOFT,3.0,True,Ferrari,0 days 00:50:11.755000,2026-06-06 14:35:58.065,1,,False,,False,True
0 days 00:53:50.741000,HAM,44,0 days 00:02:25.895000,14.0,2.0,,0 days 00:52:54.053000,0 days 00:00:27.923000,0 days 00:00:43.567000,0 days 00:01:14.405000,0 days 00:51:52.769000,0 days 00:52:36.336000,0 days 00:53:50.741000,139.0,139.0,,240.0,False,SOFT,4.0,True,Ferrari,0 days 00:51:24.846000,2026-06-06 14:37:11.156,1,,False,,False,False
0 days 00:55:25.558000,HAM,44,0 days 00:01:34.817000,15.0,3.0,0 days 00:53:51.525000,,0 days 00:00:25.480000,0 days 00:00:48.259000,0 days 00:00:21.078000,0 days 00:54:16.221000,0 days 00:55:04.480000,0 days 00:55:25.558000,166.0,186.0,262.0,184.0,False,SOFT,5.0,False,Ferrari,0 days 00:53:50.741000,2026-06-06 14:39:37.051,1,,False,,False,False
0 days 00:57:23.308000,HAM,44,0 days 00:01:57.750000,16.0,3.0,,0 days 00:56:33.127000,0 days 00:00:19.348000,0 days 00:00:34.415000,0 days 00:01:03.987000,0 days 00:55:44.906000,0 days 00:56:19.321000,0 days 00:57:23.308000,219.0,202.0,,279.0,False,SOFT,6.0,False,Ferrari,0 days 00:55:25.558000,2026-06-06 14:41:11.868,1,,False,,False,False
0 days 00:59:02.259000,HAM,44,0 days 00:01:38.951000,17.0,4.0,0 days 00:57:24.462000,,0 days 00:00:34.152000,0 days 00:00:40.246000,0 days 00:00:24.553000,0 days 00:57:57.460000,0 days 00:58:37.706000,0 days 00:59:02.259000,112.0,174.0,240.0,258.0,False,SOFT,1.0,True,Ferrari,0 days 00:57:23.308000,2026-06-06 14:43:09.618,1,,False,,False,False
0 days 01:00:24.108000,HAM,44,0 days 00:01:21.849000,18.0,4.0,,,0 days 00:00:20.874000,0 days 00:00:37.501000,0 days 00:00:23.474000,0 days 00:59:23.133000,0 days 01:00:00.634000,0 days 01:00:24.108000,189.0,182.0,263.0,256.0,False,SOFT,2.0,True,Ferrari,0 days 00:59:02.259000,2026-06-06 14:44:48.569,1,,False,,False,True
0 days 01:01:37.042000,HAM,44,0 days 00:01:12.934000,19.0,4.0,,,0 days 00:00:19.267000,0 days 00:00:34.339000,0 days 00:00:19.328000,0 days 01:00:43.375000,0 days 01:01:17.714000,0 days 01:01:37.042000,216.0,201.0,264.0,280.0,True,SOFT,3.0,True,Ferrari,0 days 01:00:24.108000,2026-06-06 14:46:10.418,1,,False,,False,True
0 days 01:08:42.718000,HAM,44,,20.0,4.0,,0 days 01:03:07.803000,0 days 00:00:27.041000,0 days 00:00:45.184000,,0 days 01:02:04.233000,0 days 01:02:49.331000,,147.0,117.0,,203.0,False,SOFT,4.0,True,Ferrari,0 days 01:01:37.042000,2026-06-06 14:47:23.352,1,,False,,False,False
0 days 01:10:21.048000,HAM,44,0 days 00:01:38.330000,21.0,5.0,0 days 01:08:44.067000,,0 days 00:00:31.244000,0 days 00:00:41.780000,0 days 00:00:25.306000,0 days 01:09:13.962000,0 days 01:09:55.742000,0 days 01:10:21.048000,164.0,169.0,250.0,252.0,False,SOFT,1.0,True,Ferrari,0 days 01:08:42.718000,2026-06-06 14:54:29.028,1,,False,,False,False
0 days 01:11:41.160000,HAM,44,0 days 00:01:20.112000,22.0,5.0,,,0 days 00:00:21.775000,0 days 00:00:37.871000,0 days 00:00:20.466000,0 days 01:10:42.823000,0 days 01:11:20.694000,0 days 01:11:41.160000,187.0,187.0,262.0,278.0,True,SOFT,2.0,True,Ferrari,0 days 01:10:21.048000,2026-06-06 14:56:07.358,1,,False,,False,True
0 days 01:12:53.713000,HAM,44,0 days 00:01:12.553000,23.0,5.0,,,0 days 00:00:19.150000,0 days 00:00:34.126000,0 days 00:00:19.277000,0 days 01:12:00.310000,0 days 01:12:34.436000,0 days 01:12:53.713000,218.0,202.0,262.0,279.0,True,SOFT,3.0,True,Ferrari,0 days 01:11:41.160000,2026-06-06 14:57:27.470,1,,False,,False,True
0 days 01:17:12.248000,HAM,44,,24.0,5.0,,0 days 01:14:15.284000,0 days 00:00:23.961000,0 days 00:00:42.400000,,0 days 01:13:17.740000,0 days 01:14:00.111000,,161.0,178.0,,258.0,False,SOFT,4.0,True,Ferrari,0 days 01:12:53.713000,2026-06-06 14:58:40.023,1,,False,,False,False
0 days 01:18:44.276000,HAM,44,0 days 00:01:32.028000,25.0,6.0,0 days 01:17:12.860000,,0 days 00:00:27.333000,0 days 00:00:41.590000,0 days 00:00:23.105000,0 days 01:17:39.581000,0 days 01:18:21.171000,0 days 01:18:44.276000,164.0,166.0,246.0,253.0,False,SOFT,1.0,True,Ferrari,0 days 01:17:12.248000,2026-06-06 15:02:58.558,1,,False,,False,False
0 days 01:20:10.458000,HAM,44,0 days 00:01:26.182000,26.0,6.0,,,0 days 00:00:23.076000,0 days 00:00:42.682000,0 days 00:00:20.424000,0 days 01:19:07.352000,0 days 01:19:50.034000,0 days 01:20:10.458000,73.0,187.0,263.0,252.0,False,SOFT,2.0,True,Ferrari,0 days 01:18:44.276000,2026-06-06 15:04:30.586,1,,False,,False,True
0 days 01:21:22.737000,HAM,44,0 days 00:01:12.279000,27.0,6.0,,,0 days 00:00:19.103000,0 days 00:00:33.957000,0 days 00:00:19.219000,0 days 01:20:29.561000,0 days 01:21:03.518000,0 days 01:21:22.737000,220.0,205.0,263.0,280.0,True,SOFT,3.0,True,Ferrari,0 days 01:20:10.458000,2026-06-06 15:05:56.768,1,,False,,False,True
0 days 01:22:47.130000,HAM,44,,28.0,6.0,,0 days 01:22:47.130000,0 days 00:00:24.815000,0 days 00:00:42.706000,,0 days 01:21:47.629000,0 days 01:22:30.166000,,166.0,149.0,,217.0,False,SOFT,4.0,True,Ferrari,0 days 01:21:22.737000,2026-06-06 15:07:09.047,12,,False,,False,False
0 days 00:17:23.274000,LEC,16,0 days 00:01:41.440000,1.0,1.0,0 days 00:15:43.108000,,0 days 00:00:37.189000,0 days 00:00:41.062000,0 days 00:00:23.189000,0 days 00:16:19.096000,0 days 00:17:00.221000,0 days 00:17:23.556000,140.0,173.0,262.0,249.0,False,SOFT,1.0,True,Ferrari,0 days 00:15:43.108000,2026-06-06 14:01:29.418,1,,False,,False,False
0 days 00:18:41.969000,LEC,16,0 days 00:01:18.695000,2.0,1.0,,,0 days 00:00:20.371000,0 days 00:00:36.375000,0 days 00:00:21.949000,0 days 00:17:43.645000,0 days 00:18:20.020000,0 days 00:18:41.969000,198.0,189.0,262.0,279.0,True,SOFT,2.0,True,Ferrari,0 days 00:17:23.274000,2026-06-06 14:03:09.584,1,,False,,False,True
0 days 00:19:56.110000,LEC,16,0 days 00:01:14.141000,3.0,1.0,,,0 days 00:00:19.496000,0 days 00:00:34.827000,0 days 00:00:19.818000,0 days 00:19:01.465000,0 days 00:19:36.292000,0 days 00:19:56.110000,212.0,195.0,262.0,280.0,True,SOFT,3.0,True,Ferrari,0 days 00:18:41.969000,2026-06-06 14:04:28.279,1,,False,,False,True
0 days 00:21:28.572000,LEC,16,0 days 00:01:32.462000,4.0,1.0,,,0 days 00:00:23.668000,0 days 00:00:46.554000,0 days 00:00:22.240000,0 days 00:20:19.778000,0 days 00:21:06.332000,0 days 00:21:28.572000,143.0,163.0,262.0,244.0,False,SOFT,4.0,True,Ferrari,0 days 00:19:56.110000,2026-06-06 14:05:42.420,1,,False,,False,True
0 days 00:22:41.971000,LEC,16,0 days 00:01:13.399000,5.0,1.0,,,0 days 00:00:19.280000,0 days 00:00:34.613000,0 days 00:00:19.506000,0 days 00:21:47.852000,0 days 00:22:22.465000,0 days 00:22:41.971000,213.0,201.0,263.0,280.0,True,SOFT,5.0,True,Ferrari,0 days 00:21:28.572000,2026-06-06 14:07:14.882,1,,False,,False,True
0 days 00:24:23.657000,LEC,16,0 days 00:01:41.686000,6.0,1.0,,,0 days 00:00:24.693000,0 days 00:00:48.274000,0 days 00:00:28.719000,0 days 00:23:06.664000,0 days 00:23:54.938000,0 days 00:24:23.657000,131.0,159.0,262.0,248.0,False,SOFT,6.0,True,Ferrari,0 days 00:22:41.971000,2026-06-06 14:08:28.281,1,,False,,False,True
0 days 00:25:41.906000,LEC,16,0 days 00:01:18.249000,7.0,1.0,,,0 days 00:00:19.440000,0 days 00:00:35.287000,0 days 00:00:23.522000,0 days 00:24:43.097000,0 days 00:25:18.384000,0 days 00:25:41.906000,217.0,151.0,261.0,279.0,False,SOFT,7.0,True,Ferrari,0 days 00:24:23.657000,2026-06-06 14:10:09.967,1,,False,,False,True
0 days 00:26:55.199000,LEC,16,0 days 00:01:13.293000,8.0,1.0,,,0 days 00:00:19.297000,0 days 00:00:34.426000,0 days 00:00:19.570000,0 days 00:26:01.203000,0 days 00:26:35.629000,0 days 00:26:55.199000,215.0,204.0,263.0,280.0,True,SOFT,8.0,True,Ferrari,0 days 00:25:41.906000,2026-06-06 14:11:28.216,1,,False,,False,True
0 days 00:28:41.544000,LEC,16,0 days 00:01:46.345000,9.0,1.0,,,0 days 00:00:24.919000,0 days 00:00:53.761000,0 days 00:00:27.665000,0 days 00:27:20.118000,0 days 00:28:13.879000,0 days 00:28:41.544000,95.0,148.0,263.0,263.0,False,SOFT,9.0,True,Ferrari,0 days 00:26:55.199000,2026-06-06 14:12:41.509,1,,False,,False,True
0 days 00:47:08.664000,LEC,16,,10.0,1.0,,0 days 00:29:51.561000,0 days 00:00:19.232000,0 days 00:00:35.399000,,0 days 00:29:00.952000,0 days 00:29:36.189000,,216.0,167.0,,281.0,False,SOFT,10.0,True,Ferrari,0 days 00:28:41.544000,2026-06-06 14:14:27.854,125,,False,,False,False
0 days 00:48:44.879000,LEC,16,0 days 00:01:36.215000,11.0,2.0,0 days 00:47:09.605000,,0 days 00:00:30.988000,0 days 00:00:42.887000,0 days 00:00:22.340000,0 days 00:47:39.652000,0 days 00:48:22.539000,0 days 00:48:44.879000,159.0,171.0,262.0,250.0,False,SOFT,1.0,True,Ferrari,0 days 00:47:09.605000,2026-06-06 14:32:55.915,1,,False,,False,False
0 days 00:50:03.697000,LEC,16,0 days 00:01:18.818000,12.0,2.0,,,0 days 00:00:19.746000,0 days 00:00:35.137000,0 days 00:00:23.935000,0 days 00:49:04.625000,0 days 00:49:39.762000,0 days 00:50:03.697000,209.0,194.0,261.0,279.0,True,SOFT,2.0,True,Ferrari,0 days 00:48:44.879000,2026-06-06 14:34:31.189,1,,False,,False,True
0 days 00:51:16.625000,LEC,16,0 days 00:01:12.928000,13.0,2.0,,,0 days 00:00:19.210000,0 days 00:00:34.396000,0 days 00:00:19.322000,0 days 00:50:22.907000,0 days 00:50:57.303000,0 days 00:51:16.625000,218.0,199.0,263.0,280.0,True,SOFT,3.0,True,Ferrari,0 days 00:50:03.697000,2026-06-06 14:35:50.007,1,,False,,False,True
0 days 00:52:53.795000,LEC,16,0 days 00:01:37.170000,14.0,2.0,,,0 days 00:00:24.930000,0 days 00:00:49.848000,0 days 00:00:22.392000,0 days 00:51:41.555000,0 days 00:52:31.403000,0 days 00:52:53.795000,133.0,147.0,263.0,249.0,False,SOFT,4.0,True,Ferrari,0 days 00:51:16.625000,2026-06-06 14:37:02.935,1,,False,,False,True
0 days 00:54:17.153000,LEC,16,0 days 00:01:23.358000,15.0,2.0,,,0 days 00:00:20.329000,0 days 00:00:41.454000,0 days 00:00:21.575000,0 days 00:53:14.124000,0 days 00:53:55.578000,0 days 00:54:17.153000,177.0,173.0,263.0,253.0,False,SOFT,5.0,True,Ferrari,0 days 00:52:53.795000,2026-06-06 14:38:40.105,1,,False,,False,True
0 days 00:55:29.927000,LEC,16,0 days 00:01:12.774000,16.0,2.0,,,0 days 00:00:19.074000,0 days 00:00:34.258000,0 days 00:00:19.442000,0 days 00:54:36.227000,0 days 00:55:10.485000,0 days 00:55:29.927000,219.0,203.0,263.0,280.0,True,SOFT,6.0,True,Ferrari,0 days 00:54:17.153000,2026-06-06 14:40:03.463,1,,False,,False,True
0 days 00:57:29.740000,LEC,16,0 days 00:01:59.813000,17.0,2.0,,0 days 00:56:48.317000,0 days 00:00:22.286000,0 days 00:00:39.624000,0 days 00:00:57.903000,0 days 00:55:52.213000,0 days 00:56:31.837000,0 days 00:57:29.740000,167.0,155.0,,254.0,False,SOFT,7.0,True,Ferrari,0 days 00:55:29.927000,2026-06-06 14:41:16.237,1,,False,,False,False
0 days 00:59:10.716000,LEC,16,0 days 00:01:40.976000,18.0,3.0,0 days 00:57:30.628000,,0 days 00:00:32.784000,0 days 00:00:45.141000,0 days 00:00:23.051000,0 days 00:58:02.524000,0 days 00:58:47.665000,0 days 00:59:10.716000,162.0,173.0,261.0,241.0,False,SOFT,1.0,True,Ferrari,0 days 00:57:29.740000,2026-06-06 14:43:16.050,1,,False,,False,False
0 days 01:00:39.009000,LEC,16,0 days 00:01:28.293000,19.0,3.0,,,0 days 00:00:20.318000,0 days 00:00:42.595000,0 days 00:00:25.380000,0 days 00:59:31.034000,0 days 01:00:13.629000,0 days 01:00:39.009000,205.0,181.0,257.0,275.0,False,SOFT,2.0,True,Ferrari,0 days 00:59:10.716000,2026-06-06 14:44:57.026,1,,False,,False,True
0 days 01:01:52.309000,LEC,16,0 days 00:01:13.300000,20.0,3.0,,,0 days 00:00:19.405000,0 days 00:00:34.492000,0 days 00:00:19.403000,0 days 01:00:58.414000,0 days 01:01:32.906000,0 days 01:01:52.309000,215.0,200.0,264.0,280.0,False,SOFT,3.0,True,Ferrari,0 days 01:00:39.009000,2026-06-06 14:46:25.319,1,,False,,False,True
0 days 01:08:29.748000,LEC,16,,21.0,3.0,,0 days 01:03:13.907000,0 days 00:00:24.972000,0 days 00:00:39.451000,,0 days 01:02:17.328000,0 days 01:02:56.776000,,144.0,163.0,,264.0,False,SOFT,4.0,True,Ferrari,0 days 01:01:52.309000,2026-06-06 14:47:38.619,1,,False,,False,False
0 days 01:10:02.339000,LEC,16,0 days 00:01:32.591000,22.0,4.0,0 days 01:08:30.979000,,0 days 00:00:32.644000,0 days 00:00:38.413000,0 days 00:00:21.534000,0 days 01:09:02.392000,0 days 01:09:40.805000,0 days 01:10:02.339000,173.0,186.0,262.0,248.0,False,SOFT,1.0,True,Ferrari,0 days 01:08:29.748000,2026-06-06 14:54:16.058,1,,False,,False,False
0 days 01:11:19.001000,LEC,16,0 days 00:01:16.662000,23.0,4.0,,,0 days 00:00:19.758000,0 days 00:00:35.128000,0 days 00:00:21.776000,0 days 01:10:22.097000,0 days 01:10:57.225000,0 days 01:11:19.001000,209.0,191.0,263.0,280.0,True,SOFT,2.0,True,Ferrari,0 days 01:10:02.339000,2026-06-06 14:55:48.649,1,,False,,False,True
0 days 01:15:25.031000,LEC,16,,24.0,4.0,,0 days 01:12:30.035000,0 days 00:00:20.135000,0 days 00:00:36.360000,,0 days 01:11:39.228000,0 days 01:12:15.590000,,200.0,180.0,,280.0,False,SOFT,3.0,True,Ferrari,0 days 01:11:19.001000,2026-06-06 14:57:05.311,1,,False,,False,False
0 days 01:16:47.374000,LEC,16,0 days 00:01:22.343000,25.0,5.0,0 days 01:15:25.683000,,0 days 00:00:24.508000,0 days 00:00:37.308000,0 days 00:00:20.527000,0 days 01:15:49.539000,0 days 01:16:26.847000,0 days 01:16:47.374000,185.0,186.0,262.0,248.0,False,SOFT,1.0,True,Ferrari,0 days 01:15:25.031000,2026-06-06 15:01:11.341,1,,False,,False,False
0 days 01:18:04.298000,LEC,16,0 days 00:01:16.924000,26.0,5.0,,,0 days 00:00:19.297000,0 days 00:00:34.916000,0 days 00:00:22.711000,0 days 01:17:06.671000,0 days 01:17:41.587000,0 days 01:18:04.298000,216.0,193.0,261.0,278.0,False,SOFT,2.0,True,Ferrari,0 days 01:16:47.374000,2026-06-06 15:02:33.684,1,,False,,False,True
0 days 01:19:16.649000,LEC,16,0 days 00:01:12.351000,27.0,5.0,,,0 days 00:00:19.042000,0 days 00:00:34.035000,0 days 00:00:19.274000,0 days 01:18:23.340000,0 days 01:18:57.375000,0 days 01:19:16.649000,220.0,205.0,263.0,279.0,True,SOFT,3.0,True,Ferrari,0 days 01:18:04.298000,2026-06-06 15:03:50.608,1,,False,,False,True
0 days 01:20:55.170000,LEC,16,0 days 00:01:38.521000,28.0,5.0,,,0 days 00:00:25.416000,0 days 00:00:48.059000,0 days 00:00:25.046000,0 days 01:19:42.065000,0 days 01:20:30.124000,0 days 01:20:55.170000,169.0,172.0,263.0,246.0,False,SOFT,4.0,True,Ferrari,0 days 01:19:16.649000,2026-06-06 15:05:02.959,1,,False,,False,True
0 days 01:22:13.668000,LEC,16,,29.0,5.0,,0 days 01:23:38.039000,0 days 00:00:18.986000,0 days 00:00:34.415000,0 days 00:00:25.046000,0 days 01:21:14.207000,0 days 01:21:48.713000,0 days 01:23:38.039000,223.0,131.0,,280.0,False,SOFT,5.0,True,Ferrari,0 days 01:20:55.170000,2026-06-06 15:06:41.480,12,,False,,False,False
0 days 00:17:04.327000,HAD,6,0 days 00:01:35.174000,1.0,1.0,0 days 00:15:30.155000,,0 days 00:00:31.984000,0 days 00:00:40.558000,0 days 00:00:22.632000,0 days 00:16:01.243000,0 days 00:16:41.896000,0 days 00:17:04.600000,156.0,166.0,257.0,267.0,False,SOFT,1.0,True,Red Bull Racing,0 days 00:15:30.155000,2026-06-06 14:01:16.465,1,,False,,False,False
0 days 00:18:44.382000,HAD,6,0 days 00:01:40.055000,2.0,1.0,,,0 days 00:00:23.256000,0 days 00:00:41.109000,0 days 00:00:35.690000,0 days 00:17:27.583000,0 days 00:18:08.692000,0 days 00:18:44.382000,139.0,165.0,253.0,262.0,True,SOFT,2.0,True,Red Bull Racing,0 days 00:17:04.327000,2026-06-06 14:02:50.637,1,,False,,False,True
0 days 00:20:17.840000,HAD,6,0 days 00:01:33.458000,3.0,1.0,,,0 days 00:00:22.428000,0 days 00:00:40.303000,0 days 00:00:30.727000,0 days 00:19:06.810000,0 days 00:19:47.113000,0 days 00:20:17.840000,183.0,92.0,258.0,260.0,True,SOFT,3.0,True,Red Bull Racing,0 days 00:18:44.382000,2026-06-06 14:04:30.692,1,,False,,False,True
0 days 00:21:32.847000,HAD,6,0 days 00:01:15.007000,4.0,1.0,,,0 days 00:00:19.859000,0 days 00:00:35.245000,0 days 00:00:19.903000,0 days 00:20:37.699000,0 days 00:21:12.944000,0 days 00:21:32.847000,209.0,191.0,263.0,281.0,True,SOFT,4.0,True,Red Bull Racing,0 days 00:20:17.840000,2026-06-06 14:06:04.150,1,,False,,False,True
0 days 00:22:47.464000,HAD,6,0 days 00:01:14.617000,5.0,1.0,,,0 days 00:00:19.546000,0 days 00:00:35.317000,0 days 00:00:19.754000,0 days 00:21:52.393000,0 days 00:22:27.710000,0 days 00:22:47.464000,212.0,195.0,263.0,280.0,True,SOFT,5.0,True,Red Bull Racing,0 days 00:21:32.847000,2026-06-06 14:07:19.157,1,,False,,False,True
0 days 00:24:28.791000,HAD,6,0 days 00:01:41.327000,6.0,1.0,,,0 days 00:00:25.813000,0 days 00:00:47.976000,0 days 00:00:27.538000,0 days 00:23:13.277000,0 days 00:24:01.253000,0 days 00:24:28.791000,129.0,102.0,257.0,203.0,False,SOFT,6.0,True,Red Bull Racing,0 days 00:22:47.464000,2026-06-06 14:08:33.774,1,,False,,False,True
0 days 00:25:43.199000,HAD,6,0 days 00:01:14.408000,7.0,1.0,,,0 days 00:00:19.566000,0 days 00:00:35.084000,0 days 00:00:19.758000,0 days 00:24:48.357000,0 days 00:25:23.441000,0 days 00:25:43.199000,214.0,194.0,263.0,282.0,True,SOFT,7.0,True,Red Bull Racing,0 days 00:24:28.791000,2026-06-06 14:10:15.101,1,,False,,False,True
0 days 00:37:02.674000,HAD,6,,8.0,1.0,,0 days 00:27:06.117000,0 days 00:00:22.533000,0 days 00:00:44.353000,,0 days 00:26:05.864000,0 days 00:26:50.147000,,169.0,154.0,,206.0,False,SOFT,8.0,True,Red Bull Racing,0 days 00:25:43.199000,2026-06-06 14:11:29.509,125,,False,,False,False
0 days 00:47:31.917000,HAD,6,,9.0,2.0,0 days 00:37:02.674000,0 days 00:38:33.775000,0 days 00:00:39.853000,0 days 00:00:39.178000,,0 days 00:37:39.664000,0 days 00:38:18.942000,,178.0,173.0,,267.0,False,SOFT,9.0,False,Red Bull Racing,0 days 00:37:02.674000,2026-06-06 14:22:48.984,1,,False,,False,False
0 days 00:49:00.350000,HAD,6,0 days 00:01:28.433000,10.0,3.0,0 days 00:47:32.572000,,0 days 00:00:27.062000,0 days 00:00:39.385000,0 days 00:00:21.986000,0 days 00:47:58.979000,0 days 00:48:38.364000,0 days 00:49:00.350000,163.0,181.0,259.0,269.0,False,SOFT,1.0,True,Red Bull Racing,0 days 00:47:31.917000,2026-06-06 14:33:18.227,1,,False,,False,False
0 days 00:50:23.617000,HAD,6,0 days 00:01:23.267000,11.0,3.0,,,0 days 00:00:21.014000,0 days 00:00:39.492000,0 days 00:00:22.761000,0 days 00:49:21.364000,0 days 00:50:00.856000,0 days 00:50:23.617000,176.0,172.0,265.0,270.0,True,SOFT,2.0,True,Red Bull Racing,0 days 00:49:00.350000,2026-06-06 14:34:46.660,1,,False,,False,True
0 days 00:51:36.779000,HAD,6,0 days 00:01:13.162000,12.0,3.0,,,0 days 00:00:19.118000,0 days 00:00:34.596000,0 days 00:00:19.448000,0 days 00:50:42.735000,0 days 00:51:17.331000,0 days 00:51:36.779000,216.0,197.0,264.0,281.0,True,SOFT,3.0,True,Red Bull Racing,0 days 00:50:23.617000,2026-06-06 14:36:09.927,1,,False,,False,True
0 days 00:57:11.551000,HAD,6,,13.0,3.0,,0 days 00:52:57.571000,0 days 00:00:22.522000,0 days 00:00:42.387000,,0 days 00:51:59.425000,0 days 00:52:41.854000,,177.0,151.0,,233.0,False,SOFT,4.0,True,Red Bull Racing,0 days 00:51:36.779000,2026-06-06 14:37:23.089,1,,False,,False,False
0 days 00:58:44.318000,HAD,6,0 days 00:01:32.767000,14.0,4.0,0 days 00:57:12.964000,,0 days 00:00:31.329000,0 days 00:00:40.248000,0 days 00:00:21.190000,0 days 00:57:42.880000,0 days 00:58:23.128000,0 days 00:58:44.318000,178.0,176.0,258.0,271.0,False,SOFT,1.0,True,Red Bull Racing,0 days 00:57:11.551000,2026-06-06 14:42:57.861,1,,False,,False,False
0 days 01:00:05.364000,HAD,6,0 days 00:01:21.046000,15.0,4.0,,,0 days 00:00:20.189000,0 days 00:00:39.447000,0 days 00:00:21.410000,0 days 00:59:04.507000,0 days 00:59:43.954000,0 days 01:00:05.364000,195.0,184.0,266.0,271.0,False,SOFT,2.0,True,Red Bull Racing,0 days 00:58:44.318000,2026-06-06 14:44:30.628,1,,False,,False,True
0 days 01:01:18.086000,HAD,6,0 days 00:01:12.722000,16.0,4.0,,,0 days 00:00:19.051000,0 days 00:00:34.311000,0 days 00:00:19.360000,0 days 01:00:24.415000,0 days 01:00:58.726000,0 days 01:01:18.086000,219.0,198.0,265.0,281.0,True,SOFT,3.0,True,Red Bull Racing,0 days 01:00:05.364000,2026-06-06 14:45:51.674,1,,False,,False,True
0 days 01:09:37.193000,HAD,6,,17.0,4.0,,0 days 01:02:40.153000,0 days 00:00:22.624000,0 days 00:00:43.050000,,0 days 01:01:40.745000,0 days 01:02:23.758000,,151.0,147.0,,214.0,False,SOFT,4.0,True,Red Bull Racing,0 days 01:01:18.086000,2026-06-06 14:47:04.396,1,,False,,False,False
0 days 01:11:09.807000,HAD,6,0 days 00:01:32.614000,18.0,5.0,0 days 01:09:37.813000,,0 days 00:00:29.558000,0 days 00:00:40.924000,0 days 00:00:22.132000,0 days 01:10:06.751000,0 days 01:10:47.675000,0 days 01:11:09.807000,177.0,169.0,258.0,257.0,False,SOFT,1.0,True,Red Bull Racing,0 days 01:09:37.193000,2026-06-06 14:55:23.503,1,,False,,False,False
0 days 01:12:28.506000,HAD,6,0 days 00:01:18.699000,19.0,5.0,,,0 days 00:00:20.325000,0 days 00:00:37.420000,0 days 00:00:20.954000,0 days 01:11:30.132000,0 days 01:12:07.552000,0 days 01:12:28.506000,187.0,182.0,264.0,273.0,True,SOFT,2.0,True,Red Bull Racing,0 days 01:11:09.807000,2026-06-06 14:56:56.117,1,,False,,False,True
0 days 01:13:41.391000,HAD,6,0 days 00:01:12.885000,20.0,5.0,,,0 days 00:00:19.026000,0 days 00:00:34.505000,0 days 00:00:19.354000,0 days 01:12:47.532000,0 days 01:13:22.037000,0 days 01:13:41.391000,219.0,200.0,263.0,282.0,True,SOFT,3.0,True,Red Bull Racing,0 days 01:12:28.506000,2026-06-06 14:58:14.816,1,,False,,False,True
0 days 01:17:28.706000,HAD,6,,21.0,5.0,,0 days 01:14:56.091000,0 days 00:00:21.907000,0 days 00:00:38.206000,,0 days 01:14:03.468000,0 days 01:14:41.569000,,175.0,184.0,,270.0,False,SOFT,4.0,True,Red Bull Racing,0 days 01:13:41.391000,2026-06-06 14:59:27.701,1,,False,,False,False
0 days 01:18:56.781000,HAD,6,0 days 00:01:28.075000,22.0,6.0,0 days 01:17:30.561000,,0 days 00:00:28.577000,0 days 00:00:38.624000,0 days 00:00:20.874000,0 days 01:17:57.283000,0 days 01:18:35.907000,0 days 01:18:56.781000,188.0,180.0,259.0,248.0,False,SOFT,1.0,True,Red Bull Racing,0 days 01:17:28.706000,2026-06-06 15:03:15.016,1,,False,,False,False
0 days 01:20:17.763000,HAD,6,0 days 00:01:20.982000,23.0,6.0,,,0 days 00:00:20.262000,0 days 00:00:39.403000,0 days 00:00:21.317000,0 days 01:19:17.043000,0 days 01:19:56.446000,0 days 01:20:17.763000,191.0,185.0,263.0,271.0,False,SOFT,2.0,True,Red Bull Racing,0 days 01:18:56.781000,2026-06-06 15:04:43.091,1,,False,,False,True
0 days 01:21:30.197000,HAD,6,0 days 00:01:12.434000,24.0,6.0,,,0 days 00:00:19.001000,0 days 00:00:34.202000,0 days 00:00:19.231000,0 days 01:20:36.764000,0 days 01:21:10.966000,0 days 01:21:30.197000,219.0,201.0,264.0,281.0,True,SOFT,3.0,True,Red Bull Racing,0 days 01:20:17.763000,2026-06-06 15:06:04.073,1,,False,,False,True
0 days 01:22:53.188000,HAD,6,,25.0,6.0,,0 days 01:22:53.188000,0 days 00:00:21.860000,0 days 00:00:41.755000,,0 days 01:21:52.196000,0 days 01:22:33.804000,,173.0,143.0,,200.0,False,SOFT,4.0,True,Red Bull Racing,0 days 01:21:30.197000,2026-06-06 15:07:16.507,12,,False,,False,False
0 days 00:17:45.011000,RUS,63,0 days 00:01:35.179000,1.0,1.0,0 days 00:16:11.314000,,0 days 00:00:32.367000,0 days 00:00:40.236000,0 days 00:00:22.576000,0 days 00:16:42.374000,0 days 00:17:22.499000,0 days 00:17:45.245000,164.0,165.0,261.0,271.0,False,SOFT,1.0,True,Mercedes,0 days 00:16:11.314000,2026-06-06 14:01:57.624,1,,True,TRACK LIMITS AT TURN 10 LAP 2 ,False,False
0 days 00:19:18.543000,RUS,63,0 days 00:01:33.532000,2.0,1.0,,,0 days 00:00:23.836000,0 days 00:00:47.876000,0 days 00:00:21.820000,0 days 00:18:08.847000,0 days 00:18:56.723000,0 days 00:19:18.543000,78.0,167.0,263.0,272.0,False,SOFT,2.0,True,Mercedes,0 days 00:17:45.011000,2026-06-06 14:03:31.321,1,,True,TRACK LIMITS AT TURN 10 LAP 3 ,False,True
0 days 00:20:34.275000,RUS,63,0 days 00:01:15.732000,3.0,1.0,,,0 days 00:00:20.036000,0 days 00:00:35.671000,0 days 00:00:20.025000,0 days 00:19:38.579000,0 days 00:20:14.250000,0 days 00:20:34.275000,203.0,198.0,263.0,281.0,True,SOFT,3.0,True,Mercedes,0 days 00:19:18.543000,2026-06-06 14:05:04.853,1,,False,,False,True
0 days 00:22:13.874000,RUS,63,0 days 00:01:39.599000,4.0,1.0,,,0 days 00:00:25.536000,0 days 00:00:46.396000,0 days 00:00:27.667000,0 days 00:20:59.811000,0 days 00:21:46.207000,0 days 00:22:13.874000,170.0,174.0,259.0,239.0,False,SOFT,4.0,True,Mercedes,0 days 00:20:34.275000,2026-06-06 14:06:20.585,1,,True,TRACK LIMITS AT TURN 10 LAP 5 ,False,True
0 days 00:23:47.436000,RUS,63,0 days 00:01:33.562000,5.0,1.0,,,0 days 00:00:19.695000,0 days 00:00:47.258000,0 days 00:00:26.609000,0 days 00:22:33.569000,0 days 00:23:20.827000,0 days 00:23:47.436000,213.0,169.0,260.0,244.0,False,SOFT,5.0,True,Mercedes,0 days 00:22:13.874000,2026-06-06 14:08:00.184,1,,True,TRACK LIMITS AT TURN 16 LAP 6 ,False,True
0 days 00:25:02.293000,RUS,63,0 days 00:01:14.857000,6.0,1.0,,,0 days 00:00:19.682000,0 days 00:00:35.196000,0 days 00:00:19.979000,0 days 00:24:07.118000,0 days 00:24:42.314000,0 days 00:25:02.293000,211.0,197.0,263.0,282.0,True,SOFT,6.0,True,Mercedes,0 days 00:23:47.436000,2026-06-06 14:09:33.746,1,,False,,False,True
0 days 00:26:50.248000,RUS,63,0 days 00:01:47.955000,7.0,1.0,,,0 days 00:00:32.288000,0 days 00:00:54.286000,0 days 00:00:21.381000,0 days 00:25:34.581000,0 days 00:26:28.867000,0 days 00:26:50.248000,78.0,165.0,262.0,129.0,False,SOFT,7.0,True,Mercedes,0 days 00:25:02.293000,2026-06-06 14:10:48.603,1,,False,,False,True
0 days 00:28:04.462000,RUS,63,0 days 00:01:14.214000,8.0,1.0,,,0 days 00:00:19.504000,0 days 00:00:35.031000,0 days 00:00:19.679000,0 days 00:27:09.752000,0 days 00:27:44.783000,0 days 00:28:04.462000,215.0,196.0,265.0,281.0,True,SOFT,8.0,True,Mercedes,0 days 00:26:50.248000,2026-06-06 14:12:36.558,1,,False,,False,True
0 days 00:29:48.629000,RUS,63,0 days 00:01:44.167000,9.0,1.0,,,0 days 00:00:28.121000,0 days 00:00:48.243000,0 days 00:00:27.803000,0 days 00:28:32.583000,0 days 00:29:20.826000,0 days 00:29:48.629000,146.0,146.0,189.0,238.0,False,SOFT,9.0,True,Mercedes,0 days 00:28:04.462000,2026-06-06 14:13:50.772,12,,False,,False,True
0 days 00:47:46.089000,RUS,63,,10.0,1.0,,0 days 00:31:33.229000,,,,,,,,,,,False,SOFT,10.0,True,Mercedes,0 days 00:29:48.629000,2026-06-06 14:15:34.939,251,,False,,False,False
0 days 00:49:12.559000,RUS,63,0 days 00:01:26.470000,11.0,2.0,0 days 00:47:47.116000,,0 days 00:00:26.866000,0 days 00:00:38.524000,0 days 00:00:21.080000,0 days 00:48:12.955000,0 days 00:48:51.479000,0 days 00:49:12.559000,161.0,181.0,261.0,279.0,False,SOFT,1.0,True,Mercedes,0 days 00:47:47.116000,2026-06-06 14:33:33.426,1,,False,,False,False
0 days 00:50:41.941000,RUS,63,0 days 00:01:29.382000,12.0,2.0,,,0 days 00:00:20.334000,0 days 00:00:48.287000,0 days 00:00:20.761000,0 days 00:49:32.893000,0 days 00:50:21.180000,0 days 00:50:41.941000,195.0,184.0,263.0,251.0,True,SOFT,2.0,True,Mercedes,0 days 00:49:12.559000,2026-06-06 14:34:58.869,1,,False,,False,True
0 days 00:51:55.664000,RUS,63,0 days 00:01:13.723000,13.0,2.0,,,0 days 00:00:19.455000,0 days 00:00:34.799000,0 days 00:00:19.469000,0 days 00:51:01.396000,0 days 00:51:36.195000,0 days 00:51:55.664000,212.0,200.0,264.0,280.0,True,SOFT,3.0,True,Mercedes,0 days 00:50:41.941000,2026-06-06 14:36:28.251,1,,False,,False,True
0 days 00:53:38.349000,RUS,63,0 days 00:01:42.685000,14.0,2.0,,,0 days 00:00:30.460000,0 days 00:00:51.503000,0 days 00:00:20.722000,0 days 00:52:26.124000,0 days 00:53:17.627000,0 days 00:53:38.349000,144.0,180.0,263.0,175.0,False,SOFT,4.0,True,Mercedes,0 days 00:51:55.664000,2026-06-06 14:37:41.974,1,,False,,False,True
0 days 00:54:51.670000,RUS,63,0 days 00:01:13.321000,15.0,2.0,,,0 days 00:00:19.267000,0 days 00:00:34.527000,0 days 00:00:19.527000,0 days 00:53:57.616000,0 days 00:54:32.143000,0 days 00:54:51.670000,213.0,200.0,263.0,280.0,True,SOFT,5.0,True,Mercedes,0 days 00:53:38.349000,2026-06-06 14:39:24.659,1,,False,,False,True
0 days 00:56:34.307000,RUS,63,0 days 00:01:42.637000,16.0,2.0,,0 days 00:56:09.330000,0 days 00:00:23.752000,0 days 00:00:39.150000,0 days 00:00:39.735000,0 days 00:55:15.422000,0 days 00:55:54.572000,0 days 00:56:34.307000,172.0,184.0,,241.0,False,SOFT,6.0,True,Mercedes,0 days 00:54:51.670000,2026-06-06 14:40:37.980,1,,False,,False,False
0 days 00:57:56.480000,RUS,63,0 days 00:01:22.173000,17.0,3.0,0 days 00:56:34.983000,,0 days 00:00:23.820000,0 days 00:00:37.492000,0 days 00:00:20.861000,0 days 00:56:58.127000,0 days 00:57:35.619000,0 days 00:57:56.480000,195.0,187.0,261.0,272.0,False,SOFT,1.0,True,Mercedes,0 days 00:56:34.307000,2026-06-06 14:42:20.617,1,,False,,False,False
0 days 00:59:18.091000,RUS,63,0 days 00:01:21.611000,18.0,3.0,,,0 days 00:00:20.134000,0 days 00:00:37.968000,0 days 00:00:23.509000,0 days 00:58:16.614000,0 days 00:58:54.582000,0 days 00:59:18.091000,197.0,182.0,261.0,281.0,False,SOFT,2.0,True,Mercedes,0 days 00:57:56.480000,2026-06-06 14:43:42.790,1,,True,TRACK LIMITS AT TURN 10 LAP 19 ,False,True
0 days 01:00:31.329000,RUS,63,0 days 00:01:13.238000,19.0,3.0,,,0 days 00:00:19.300000,0 days 00:00:34.490000,0 days 00:00:19.448000,0 days 00:59:37.391000,0 days 01:00:11.881000,0 days 01:00:31.329000,214.0,202.0,266.0,283.0,True,SOFT,3.0,True,Mercedes,0 days 00:59:18.091000,2026-06-06 14:45:04.401,1,,False,,False,True
0 days 01:09:02.279000,RUS,63,,20.0,3.0,,0 days 01:01:59.489000,0 days 00:00:31.644000,0 days 00:00:41.068000,,0 days 01:01:03.077000,0 days 01:01:44.229000,,127.0,169.0,,245.0,False,SOFT,4.0,True,Mercedes,0 days 01:00:31.329000,2026-06-06 14:46:17.639,1,,False,,False,False
0 days 01:10:29.792000,RUS,63,0 days 00:01:27.513000,21.0,4.0,0 days 01:09:03.240000,,0 days 00:00:30.148000,0 days 00:00:37.018000,0 days 00:00:20.347000,0 days 01:09:32.427000,0 days 01:10:09.445000,0 days 01:10:29.792000,185.0,190.0,262.0,276.0,False,SOFT,1.0,True,Mercedes,0 days 01:09:02.279000,2026-06-06 14:54:48.589,1,,False,,False,False
0 days 01:11:57.059000,RUS,63,0 days 00:01:27.267000,22.0,4.0,,,0 days 00:00:26.888000,0 days 00:00:39.368000,0 days 00:00:21.011000,0 days 01:10:56.680000,0 days 01:11:36.048000,0 days 01:11:57.059000,195.0,186.0,236.0,252.0,True,SOFT,2.0,True,Mercedes,0 days 01:10:29.792000,2026-06-06 14:56:16.102,1,,False,,False,True
0 days 01:13:09.885000,RUS,63,0 days 00:01:12.826000,23.0,4.0,,,0 days 00:00:19.196000,0 days 00:00:34.300000,0 days 00:00:19.330000,0 days 01:12:16.255000,0 days 01:12:50.555000,0 days 01:13:09.885000,215.0,206.0,264.0,280.0,True,SOFT,3.0,True,Mercedes,0 days 01:11:57.059000,2026-06-06 14:57:43.369,1,,False,,False,True
0 days 01:17:42.008000,RUS,63,,24.0,4.0,,0 days 01:14:25.248000,0 days 00:00:22.657000,0 days 00:00:37.881000,,0 days 01:13:32.660000,0 days 01:14:10.525000,,186.0,180.0,,241.0,False,SOFT,4.0,True,Mercedes,0 days 01:13:09.885000,2026-06-06 14:58:56.195,1,,False,,False,False
0 days 01:19:07.786000,RUS,63,0 days 00:01:25.778000,25.0,5.0,0 days 01:17:43.003000,,0 days 00:00:27.859000,0 days 00:00:37.295000,0 days 00:00:20.624000,0 days 01:18:09.867000,0 days 01:18:47.162000,0 days 01:19:07.786000,190.0,187.0,262.0,273.0,False,SOFT,1.0,True,Mercedes,0 days 01:17:42.008000,2026-06-06 15:03:28.318,1,,False,,False,False
0 days 01:20:25.327000,RUS,63,0 days 00:01:17.541000,26.0,5.0,,,0 days 00:00:19.948000,0 days 00:00:37.277000,0 days 00:00:20.316000,0 days 01:19:27.734000,0 days 01:20:05.011000,0 days 01:20:25.327000,205.0,185.0,264.0,274.0,False,SOFT,2.0,True,Mercedes,0 days 01:19:07.786000,2026-06-06 15:04:54.096,1,,False,,False,True
0 days 01:21:37.772000,RUS,63,0 days 00:01:12.445000,27.0,5.0,,,0 days 00:00:18.970000,0 days 00:00:34.253000,0 days 00:00:19.222000,0 days 01:20:44.297000,0 days 01:21:18.550000,0 days 01:21:37.772000,219.0,206.0,264.0,281.0,True,SOFT,3.0,True,Mercedes,0 days 01:20:25.327000,2026-06-06 15:06:11.637,1,,False,,False,True
0 days 01:23:08.237000,RUS,63,,28.0,5.0,,0 days 01:23:08.237000,0 days 00:00:27.166000,0 days 00:00:44.736000,,0 days 01:22:05.073000,0 days 01:22:49.740000,,135.0,132.0,,188.0,False,SOFT,4.0,True,Mercedes,0 days 01:21:37.772000,2026-06-06 15:07:24.082,12,,False,,False,False
0 days 00:17:42.467000,PIA,81,0 days 00:01:41.837000,1.0,1.0,0 days 00:16:01.979000,,0 days 00:00:36.508000,0 days 00:00:42.090000,0 days 00:00:23.239000,0 days 00:16:37.248000,0 days 00:17:19.403000,0 days 00:17:42.666000,151.0,173.0,262.0,273.0,False,SOFT,1.0,True,McLaren,0 days 00:16:01.979000,2026-06-06 14:01:48.289,1,,False,,False,False
0 days 00:19:08.305000,PIA,81,0 days 00:01:25.838000,2.0,1.0,,,0 days 00:00:21.920000,0 days 00:00:42.208000,0 days 00:00:21.710000,0 days 00:18:04.387000,0 days 00:18:46.595000,0 days 00:19:08.305000,166.0,152.0,263.0,266.0,True,SOFT,2.0,True,McLaren,0 days 00:17:42.467000,2026-06-06 14:03:28.777,1,,False,,False,True
0 days 00:20:23.123000,PIA,81,0 days 00:01:14.818000,3.0,1.0,,,0 days 00:00:19.744000,0 days 00:00:35.218000,0 days 00:00:19.856000,0 days 00:19:28.049000,0 days 00:20:03.267000,0 days 00:20:23.123000,208.0,199.0,264.0,282.0,True,SOFT,3.0,True,McLaren,0 days 00:19:08.305000,2026-06-06 14:04:54.615,1,,False,,False,True
0 days 00:21:48.392000,PIA,81,0 days 00:01:25.269000,4.0,1.0,,,0 days 00:00:19.717000,0 days 00:00:43.436000,0 days 00:00:22.116000,0 days 00:20:42.840000,0 days 00:21:26.276000,0 days 00:21:48.392000,205.0,158.0,263.0,215.0,False,SOFT,4.0,True,McLaren,0 days 00:20:23.123000,2026-06-06 14:06:09.433,1,,False,,False,True
0 days 00:23:02.551000,PIA,81,0 days 00:01:14.159000,5.0,1.0,,,0 days 00:00:19.540000,0 days 00:00:34.942000,0 days 00:00:19.677000,0 days 00:22:07.932000,0 days 00:22:42.874000,0 days 00:23:02.551000,212.0,203.0,265.0,280.0,True,SOFT,5.0,True,McLaren,0 days 00:21:48.392000,2026-06-06 14:07:34.702,1,,False,,False,True
0 days 00:24:45.332000,PIA,81,0 days 00:01:42.781000,6.0,1.0,,,0 days 00:00:29.778000,0 days 00:00:44.660000,0 days 00:00:28.343000,0 days 00:23:32.329000,0 days 00:24:16.989000,0 days 00:24:45.332000,134.0,151.0,166.0,208.0,False,SOFT,6.0,True,McLaren,0 days 00:23:02.551000,2026-06-06 14:08:48.861,1,,False,,False,True
0 days 00:26:30.105000,PIA,81,0 days 00:01:44.773000,7.0,1.0,,,0 days 00:00:29.509000,0 days 00:00:53.344000,0 days 00:00:21.920000,0 days 00:25:14.841000,0 days 00:26:08.185000,0 days 00:26:30.105000,142.0,145.0,262.0,238.0,False,SOFT,7.0,True,McLaren,0 days 00:24:45.332000,2026-06-06 14:10:31.642,1,,False,,False,True
0 days 00:27:44.294000,PIA,81,0 days 00:01:14.189000,8.0,1.0,,,0 days 00:00:19.647000,0 days 00:00:34.963000,0 days 00:00:19.579000,0 days 00:26:49.752000,0 days 00:27:24.715000,0 days 00:27:44.294000,201.0,203.0,264.0,281.0,False,SOFT,8.0,True,McLaren,0 days 00:26:30.105000,2026-06-06 14:12:16.415,1,,False,,False,True
0 days 00:29:22.288000,PIA,81,0 days 00:01:37.994000,9.0,1.0,,,0 days 00:00:26.522000,0 days 00:00:48.814000,0 days 00:00:22.658000,0 days 00:28:10.816000,0 days 00:28:59.630000,0 days 00:29:22.288000,156.0,174.0,228.0,239.0,False,SOFT,9.0,True,McLaren,0 days 00:27:44.294000,2026-06-06 14:13:30.604,1,,False,,False,True
0 days 00:36:56.196000,PIA,81,,10.0,1.0,,0 days 00:31:05.398000,0 days 00:00:27.108000,,,0 days 00:29:49.515000,,,164.0,,,,False,SOFT,10.0,True,McLaren,0 days 00:29:22.288000,2026-06-06 14:15:08.598,125,,False,,False,False
0 days 00:47:23.305000,PIA,81,,11.0,2.0,0 days 00:36:56.196000,0 days 00:38:31.998000,0 days 00:00:41.155000,0 days 00:00:40.524000,,0 days 00:37:35.833000,0 days 00:38:16.526000,,146.0,173.0,,266.0,False,SOFT,11.0,False,McLaren,0 days 00:36:56.196000,2026-06-06 14:22:42.506,1,,False,,False,False
0 days 00:48:57.212000,PIA,81,0 days 00:01:33.907000,12.0,3.0,0 days 00:47:24.407000,,0 days 00:00:32.858000,0 days 00:00:39.225000,0 days 00:00:21.824000,0 days 00:47:56.163000,0 days 00:48:35.388000,0 days 00:48:57.212000,162.0,176.0,254.0,273.0,False,SOFT,1.0,True,McLaren,0 days 00:47:23.305000,2026-06-06 14:33:09.615,1,,False,,False,False
0 days 00:50:18.660000,PIA,81,0 days 00:01:21.448000,13.0,3.0,,,0 days 00:00:20.684000,0 days 00:00:39.718000,0 days 00:00:21.046000,0 days 00:49:17.896000,0 days 00:49:57.614000,0 days 00:50:18.660000,187.0,173.0,264.0,278.0,True,SOFT,2.0,True,McLaren,0 days 00:48:57.212000,2026-06-06 14:34:43.522,1,,False,,False,True
0 days 00:51:31.732000,PIA,81,0 days 00:01:13.072000,14.0,3.0,,,0 days 00:00:19.265000,0 days 00:00:34.501000,0 days 00:00:19.306000,0 days 00:50:37.925000,0 days 00:51:12.426000,0 days 00:51:31.732000,208.0,203.0,264.0,281.0,True,SOFT,3.0,True,McLaren,0 days 00:50:18.660000,2026-06-06 14:36:04.970,1,,False,,False,True
0 days 00:53:38.472000,PIA,81,0 days 00:02:06.740000,15.0,3.0,,0 days 00:53:02.427000,0 days 00:00:23.970000,0 days 00:00:49.003000,0 days 00:00:53.767000,0 days 00:51:55.702000,0 days 00:52:44.705000,0 days 00:53:38.472000,137.0,86.0,,196.0,False,SOFT,4.0,True,McLaren,0 days 00:51:31.732000,2026-06-06 14:37:18.042,1,,False,,False,False
0 days 00:55:10.017000,PIA,81,0 days 00:01:31.545000,16.0,4.0,0 days 00:53:39.213000,,0 days 00:00:28.708000,0 days 00:00:39.880000,0 days 00:00:22.957000,0 days 00:54:07.180000,0 days 00:54:47.060000,0 days 00:55:10.017000,165.0,167.0,262.0,276.0,False,SOFT,1.0,True,McLaren,0 days 00:53:38.472000,2026-06-06 14:39:24.782,1,,False,,False,False
0 days 00:56:28.965000,PIA,81,0 days 00:01:18.948000,17.0,4.0,,,0 days 00:00:20.806000,0 days 00:00:37.246000,0 days 00:00:20.896000,0 days 00:55:30.823000,0 days 00:56:08.069000,0 days 00:56:28.965000,191.0,181.0,263.0,275.0,False,SOFT,2.0,True,McLaren,0 days 00:55:10.017000,2026-06-06 14:40:56.327,1,,False,,False,True
0 days 00:57:41.975000,PIA,81,0 days 00:01:13.010000,18.0,4.0,,,0 days 00:00:19.289000,0 days 00:00:34.387000,0 days 00:00:19.334000,0 days 00:56:48.254000,0 days 00:57:22.641000,0 days 00:57:41.975000,211.0,207.0,264.0,279.0,True,SOFT,3.0,True,McLaren,0 days 00:56:28.965000,2026-06-06 14:42:15.275,1,,False,,False,True
0 days 00:59:22.261000,PIA,81,0 days 00:01:40.286000,19.0,4.0,,,0 days 00:00:29.723000,0 days 00:00:49.595000,0 days 00:00:20.968000,0 days 00:58:11.698000,0 days 00:59:01.293000,0 days 00:59:22.261000,152.0,172.0,264.0,249.0,False,SOFT,4.0,True,McLaren,0 days 00:57:41.975000,2026-06-06 14:43:28.285,1,,False,,False,True
0 days 01:00:35.244000,PIA,81,0 days 00:01:12.983000,20.0,4.0,,,0 days 00:00:19.191000,0 days 00:00:34.413000,0 days 00:00:19.379000,0 days 00:59:41.452000,0 days 01:00:15.865000,0 days 01:00:35.244000,214.0,205.0,265.0,282.0,True,SOFT,5.0,True,McLaren,0 days 00:59:22.261000,2026-06-06 14:45:08.571,1,,False,,False,True
0 days 01:08:15.356000,PIA,81,,21.0,4.0,,0 days 01:02:02.664000,0 days 00:00:28.534000,0 days 00:00:42.919000,,0 days 01:01:03.967000,0 days 01:01:46.778000,,122.0,169.0,,228.0,False,SOFT,6.0,True,McLaren,0 days 01:00:35.244000,2026-06-06 14:46:21.554,1,,False,,False,False
0 days 01:09:43.710000,PIA,81,0 days 00:01:28.354000,22.0,5.0,0 days 01:08:16.861000,,0 days 00:00:28.067000,0 days 00:00:38.795000,0 days 00:00:21.492000,0 days 01:08:43.423000,0 days 01:09:22.218000,0 days 01:09:43.710000,165.0,183.0,258.0,274.0,False,SOFT,1.0,True,McLaren,0 days 01:08:15.356000,2026-06-06 14:54:01.666,1,,False,,False,False
0 days 01:11:02.892000,PIA,81,0 days 00:01:19.182000,23.0,5.0,,,0 days 00:00:20.477000,0 days 00:00:37.849000,0 days 00:00:20.856000,0 days 01:10:04.187000,0 days 01:10:42.036000,0 days 01:11:02.892000,186.0,182.0,264.0,274.0,True,SOFT,2.0,True,McLaren,0 days 01:09:43.710000,2026-06-06 14:55:30.020,1,,False,,False,True
0 days 01:12:15.808000,PIA,81,0 days 00:01:12.916000,24.0,5.0,,,0 days 00:00:19.039000,0 days 00:00:34.257000,0 days 00:00:19.620000,0 days 01:11:21.931000,0 days 01:11:56.188000,0 days 01:12:15.808000,215.0,205.0,263.0,281.0,True,SOFT,3.0,True,McLaren,0 days 01:11:02.892000,2026-06-06 14:56:49.202,1,,False,,False,True
0 days 01:16:43.740000,PIA,81,,25.0,5.0,,0 days 01:13:39.715000,0 days 00:00:25.304000,0 days 00:00:42.950000,,0 days 01:12:41.209000,0 days 01:13:24.234000,,172.0,165.0,,244.0,False,SOFT,4.0,True,McLaren,0 days 01:12:15.808000,2026-06-06 14:58:02.118,1,,False,,False,False
0 days 01:18:15.285000,PIA,81,0 days 00:01:31.545000,26.0,6.0,0 days 01:16:44.449000,,0 days 00:00:32.260000,0 days 00:00:38.242000,0 days 00:00:21.043000,0 days 01:17:16,0 days 01:17:54.242000,0 days 01:18:15.285000,177.0,187.0,261.0,273.0,False,SOFT,1.0,True,McLaren,0 days 01:16:43.740000,2026-06-06 15:02:30.050,1,,False,,False,False
0 days 01:19:39.145000,PIA,81,0 days 00:01:23.860000,27.0,6.0,,,0 days 00:00:20.279000,0 days 00:00:42.790000,0 days 00:00:20.791000,0 days 01:18:35.564000,0 days 01:19:18.354000,0 days 01:19:39.145000,193.0,182.0,264.0,267.0,False,SOFT,2.0,True,McLaren,0 days 01:18:15.285000,2026-06-06 15:04:01.595,1,,False,,False,True
0 days 01:20:51.769000,PIA,81,0 days 00:01:12.624000,28.0,6.0,,,0 days 00:00:19.047000,0 days 00:00:34.288000,0 days 00:00:19.289000,0 days 01:19:58.192000,0 days 01:20:32.480000,0 days 01:20:51.769000,212.0,208.0,264.0,281.0,True,SOFT,3.0,True,McLaren,0 days 01:19:39.145000,2026-06-06 15:05:25.455,1,,False,,False,True
0 days 01:22:24.039000,PIA,81,,29.0,6.0,,0 days 01:22:24.039000,0 days 00:00:27.117000,0 days 00:00:43.762000,,0 days 01:21:19.062000,0 days 01:22:02.806000,,157.0,122.0,,229.0,False,SOFT,4.0,True,McLaren,0 days 01:20:51.769000,2026-06-06 15:06:38.079,12,,False,,False,False
0 days 00:17:09.653000,NOR,1,0 days 00:01:33.926000,1.0,1.0,0 days 00:15:36.741000,,0 days 00:00:29.796000,0 days 00:00:42.653000,0 days 00:00:21.477000,0 days 00:16:05.702000,0 days 00:16:48.336000,0 days 00:17:09.938000,84.0,178.0,261.0,260.0,False,SOFT,1.0,True,McLaren,0 days 00:15:36.741000,2026-06-06 14:01:23.051,1,,False,,False,False
0 days 00:18:35.554000,NOR,1,0 days 00:01:25.901000,2.0,1.0,,,0 days 00:00:20.250000,0 days 00:00:36.850000,0 days 00:00:28.801000,0 days 00:17:29.903000,0 days 00:18:06.753000,0 days 00:18:35.554000,185.0,192.0,255.0,279.0,True,SOFT,2.0,True,McLaren,0 days 00:17:09.653000,2026-06-06 14:02:55.963,1,,False,,False,True
0 days 00:19:49.849000,NOR,1,0 days 00:01:14.295000,3.0,1.0,,,0 days 00:00:19.652000,0 days 00:00:34.990000,0 days 00:00:19.653000,0 days 00:18:55.206000,0 days 00:19:30.196000,0 days 00:19:49.849000,207.0,202.0,264.0,281.0,True,SOFT,3.0,True,McLaren,0 days 00:18:35.554000,2026-06-06 14:04:21.864,1,,False,,False,True
0 days 00:21:19.806000,NOR,1,0 days 00:01:29.957000,4.0,1.0,,,0 days 00:00:20.056000,0 days 00:00:45.198000,0 days 00:00:24.703000,0 days 00:20:09.905000,0 days 00:20:55.103000,0 days 00:21:19.806000,170.0,144.0,262.0,205.0,False,SOFT,4.0,True,McLaren,0 days 00:19:49.849000,2026-06-06 14:05:36.159,1,,False,,False,True
0 days 00:22:33.602000,NOR,1,0 days 00:01:13.796000,5.0,1.0,,,0 days 00:00:19.503000,0 days 00:00:34.806000,0 days 00:00:19.487000,0 days 00:21:39.309000,0 days 00:22:14.115000,0 days 00:22:33.602000,212.0,202.0,264.0,281.0,True,SOFT,5.0,True,McLaren,0 days 00:21:19.806000,2026-06-06 14:07:06.116,1,,False,,False,True
0 days 00:24:01.188000,NOR,1,0 days 00:01:27.586000,6.0,1.0,,,0 days 00:00:22.626000,0 days 00:00:41.861000,0 days 00:00:23.099000,0 days 00:22:56.228000,0 days 00:23:38.089000,0 days 00:24:01.188000,157.0,165.0,224.0,250.0,False,SOFT,6.0,True,McLaren,0 days 00:22:33.602000,2026-06-06 14:08:19.912,1,,False,,False,True
0 days 00:25:25.176000,NOR,1,0 days 00:01:23.988000,7.0,1.0,,,0 days 00:00:21.735000,0 days 00:00:41.288000,0 days 00:00:20.965000,0 days 00:24:22.923000,0 days 00:25:04.211000,0 days 00:25:25.176000,186.0,168.0,263.0,243.0,False,SOFT,7.0,True,McLaren,0 days 00:24:01.188000,2026-06-06 14:09:47.498,1,,False,,False,True
0 days 00:26:38.806000,NOR,1,0 days 00:01:13.630000,8.0,1.0,,,0 days 00:00:19.295000,0 days 00:00:34.777000,0 days 00:00:19.558000,0 days 00:25:44.471000,0 days 00:26:19.248000,0 days 00:26:38.806000,214.0,203.0,264.0,281.0,True,SOFT,8.0,True,McLaren,0 days 00:25:25.176000,2026-06-06 14:11:11.486,1,,False,,False,True
0 days 00:28:08.103000,NOR,1,0 days 00:01:29.297000,9.0,1.0,,,0 days 00:00:22.020000,0 days 00:00:45.151000,0 days 00:00:22.126000,0 days 00:27:00.826000,0 days 00:27:45.977000,0 days 00:28:08.103000,157.0,186.0,220.0,238.0,False,SOFT,9.0,True,McLaren,0 days 00:26:38.806000,2026-06-06 14:12:25.116,1,,False,,False,True
0 days 00:29:34.887000,NOR,1,0 days 00:01:26.784000,10.0,1.0,,,0 days 00:00:22.201000,0 days 00:00:43.407000,0 days 00:00:21.176000,0 days 00:28:30.304000,0 days 00:29:13.711000,0 days 00:29:34.887000,166.0,182.0,262.0,235.0,False,SOFT,10.0,True,McLaren,0 days 00:28:08.103000,2026-06-06 14:13:54.413,1,,False,,False,True
0 days 00:47:39.821000,NOR,1,,11.0,1.0,,0 days 00:31:06.281000,0 days 00:00:19.370000,,,0 days 00:29:54.438000,,,212.0,,,235.0,False,SOFT,11.0,True,McLaren,0 days 00:29:34.887000,2026-06-06 14:15:21.197,125,,False,,False,False
0 days 00:49:10.612000,NOR,1,0 days 00:01:30.791000,12.0,2.0,0 days 00:47:40.757000,,0 days 00:00:30.760000,0 days 00:00:38.295000,0 days 00:00:21.736000,0 days 00:48:10.581000,0 days 00:48:48.876000,0 days 00:49:10.612000,163.0,181.0,262.0,275.0,False,SOFT,1.0,True,McLaren,0 days 00:47:40.757000,2026-06-06 14:33:27.067,1,,False,,False,False
0 days 00:50:31.383000,NOR,1,0 days 00:01:20.771000,13.0,2.0,,,0 days 00:00:19.858000,0 days 00:00:35.646000,0 days 00:00:25.267000,0 days 00:49:30.470000,0 days 00:50:06.116000,0 days 00:50:31.383000,195.0,178.0,263.0,280.0,True,SOFT,2.0,True,McLaren,0 days 00:49:10.612000,2026-06-06 14:34:56.922,1,,False,,False,True
0 days 00:51:44.302000,NOR,1,0 days 00:01:12.919000,14.0,2.0,,,0 days 00:00:19.252000,0 days 00:00:34.303000,0 days 00:00:19.364000,0 days 00:50:50.635000,0 days 00:51:24.938000,0 days 00:51:44.302000,215.0,206.0,264.0,280.0,True,SOFT,3.0,True,McLaren,0 days 00:50:31.383000,2026-06-06 14:36:17.693,1,,False,,False,True
0 days 00:53:13.381000,NOR,1,0 days 00:01:29.079000,15.0,2.0,,,0 days 00:00:22.152000,0 days 00:00:44.534000,0 days 00:00:22.393000,0 days 00:52:06.454000,0 days 00:52:50.988000,0 days 00:53:13.381000,153.0,179.0,264.0,240.0,False,SOFT,4.0,True,McLaren,0 days 00:51:44.302000,2026-06-06 14:37:30.612,1,,False,,False,True
0 days 00:54:26.357000,NOR,1,0 days 00:01:12.976000,16.0,2.0,,,0 days 00:00:19.185000,0 days 00:00:34.521000,0 days 00:00:19.270000,0 days 00:53:32.566000,0 days 00:54:07.087000,0 days 00:54:26.357000,216.0,204.0,264.0,279.0,False,SOFT,5.0,True,McLaren,0 days 00:53:13.381000,2026-06-06 14:38:59.691,1,,False,,False,True
0 days 00:56:12.470000,NOR,1,0 days 00:01:46.113000,17.0,2.0,,0 days 00:55:44.882000,0 days 00:00:22.650000,0 days 00:00:39.752000,0 days 00:00:43.711000,0 days 00:54:49.007000,0 days 00:55:28.759000,0 days 00:56:12.470000,156.0,168.0,,221.0,False,SOFT,6.0,True,McLaren,0 days 00:54:26.357000,2026-06-06 14:40:12.667,1,,False,,False,False
0 days 00:57:38.118000,NOR,1,0 days 00:01:25.648000,18.0,3.0,0 days 00:56:13.186000,,0 days 00:00:25.638000,0 days 00:00:38.155000,0 days 00:00:21.855000,0 days 00:56:38.108000,0 days 00:57:16.263000,0 days 00:57:38.118000,168.0,187.0,263.0,272.0,False,SOFT,1.0,True,McLaren,0 days 00:56:12.470000,2026-06-06 14:41:58.780,1,,False,,False,False
0 days 00:58:57.700000,NOR,1,0 days 00:01:19.582000,19.0,3.0,,,0 days 00:00:19.961000,0 days 00:00:36.111000,0 days 00:00:23.510000,0 days 00:57:58.079000,0 days 00:58:34.190000,0 days 00:58:57.700000,196.0,192.0,264.0,277.0,False,SOFT,2.0,True,McLaren,0 days 00:57:38.118000,2026-06-06 14:43:24.428,1,,False,,False,True
0 days 01:00:10.963000,NOR,1,0 days 00:01:13.263000,20.0,3.0,,,0 days 00:00:19.480000,0 days 00:00:34.602000,0 days 00:00:19.181000,0 days 00:59:17.180000,0 days 00:59:51.782000,0 days 01:00:10.963000,212.0,199.0,264.0,280.0,False,SOFT,3.0,True,McLaren,0 days 00:58:57.700000,2026-06-06 14:44:44.010,1,,False,,False,True
0 days 01:08:22.803000,NOR,1,,21.0,3.0,,0 days 01:01:29.184000,0 days 00:00:22.060000,0 days 00:00:41.549000,,0 days 01:00:33.184000,0 days 01:01:14.611000,,176.0,185.0,,235.0,False,SOFT,4.0,True,McLaren,0 days 01:00:10.963000,2026-06-06 14:45:57.273,1,,False,,False,False
0 days 01:09:50.019000,NOR,1,0 days 00:01:27.216000,22.0,4.0,0 days 01:08:24.250000,,0 days 00:00:29.858000,0 days 00:00:36.808000,0 days 00:00:20.550000,0 days 01:08:52.661000,0 days 01:09:29.469000,0 days 01:09:50.019000,184.0,189.0,262.0,276.0,False,SOFT,1.0,True,McLaren,0 days 01:08:22.803000,2026-06-06 14:54:09.113,1,,False,,False,False
0 days 01:11:08.369000,NOR,1,0 days 00:01:18.350000,23.0,4.0,,,0 days 00:00:19.512000,0 days 00:00:35.819000,0 days 00:00:23.019000,0 days 01:10:09.531000,0 days 01:10:45.350000,0 days 01:11:08.369000,207.0,193.0,264.0,279.0,True,SOFT,2.0,True,McLaren,0 days 01:09:50.019000,2026-06-06 14:55:36.329,1,,False,,False,True
0 days 01:12:21.134000,NOR,1,0 days 00:01:12.765000,24.0,4.0,,,0 days 00:00:19.124000,0 days 00:00:34.297000,0 days 00:00:19.344000,0 days 01:11:27.493000,0 days 01:12:01.790000,0 days 01:12:21.134000,219.0,203.0,264.0,280.0,True,SOFT,3.0,True,McLaren,0 days 01:11:08.369000,2026-06-06 14:56:54.679,1,,False,,False,True
0 days 01:16:55.849000,NOR,1,,25.0,4.0,,0 days 01:13:41.691000,0 days 00:00:22.058000,0 days 00:00:42.636000,,0 days 01:12:43.369000,0 days 01:13:25.984000,,170.0,162.0,,239.0,False,SOFT,4.0,True,McLaren,0 days 01:12:21.134000,2026-06-06 14:58:07.444,1,,False,,False,False
0 days 01:18:19.486000,NOR,1,0 days 00:01:23.637000,26.0,5.0,0 days 01:16:56.773000,,0 days 00:00:25.507000,0 days 00:00:37.083000,0 days 00:00:21.047000,0 days 01:17:21.356000,0 days 01:17:58.439000,0 days 01:18:19.486000,180.0,185.0,263.0,277.0,False,SOFT,1.0,True,McLaren,0 days 01:16:55.849000,2026-06-06 15:02:42.159,1,,False,,False,False
0 days 01:19:46.352000,NOR,1,0 days 00:01:26.866000,27.0,5.0,,,0 days 00:00:19.546000,0 days 00:00:45.762000,0 days 00:00:21.558000,0 days 01:18:39.032000,0 days 01:19:24.794000,0 days 01:19:46.352000,202.0,192.0,264.0,273.0,False,SOFT,2.0,True,McLaren,0 days 01:18:19.486000,2026-06-06 15:04:05.796,1,,False,,False,True
0 days 01:20:57.262000,NOR,1,,28.0,5.0,,0 days 01:20:57.262000,0 days 00:00:19.025000,0 days 00:00:35.051000,,0 days 01:20:05.434000,0 days 01:20:40.440000,,219.0,158.0,,280.0,False,SOFT,3.0,True,McLaren,0 days 01:19:46.352000,2026-06-06 15:05:32.662,1,,False,,False,False
0 days 00:16:08.047000,GAS,10,0 days 00:01:39.694000,1.0,1.0,0 days 00:14:29.897000,,0 days 00:00:35.689000,0 days 00:00:41.203000,0 days 00:00:22.802000,0 days 00:15:04.145000,0 days 00:15:45.272000,0 days 00:16:08.374000,155.0,169.0,250.0,270.0,False,SOFT,1.0,True,Alpine,0 days 00:14:29.897000,2026-06-06 14:00:16.207,1,,False,,False,False
0 days 00:17:32.399000,GAS,10,0 days 00:01:24.352000,2.0,1.0,,,0 days 00:00:22.189000,0 days 00:00:40.365000,0 days 00:00:21.798000,0 days 00:16:30.236000,0 days 00:17:10.601000,0 days 00:17:32.399000,170.0,176.0,264.0,272.0,True,SOFT,2.0,True,Alpine,0 days 00:16:08.047000,2026-06-06 14:01:54.357,1,,False,,False,True
0 days 00:18:50.997000,GAS,10,0 days 00:01:18.598000,3.0,1.0,,,0 days 00:00:20.532000,0 days 00:00:37.178000,0 days 00:00:20.888000,0 days 00:17:52.931000,0 days 00:18:30.109000,0 days 00:18:50.997000,191.0,184.0,264.0,279.0,True,SOFT,3.0,True,Alpine,0 days 00:17:32.399000,2026-06-06 14:03:18.709,1,,False,,False,True
0 days 00:20:06.722000,GAS,10,0 days 00:01:15.725000,4.0,1.0,,,0 days 00:00:19.783000,0 days 00:00:35.791000,0 days 00:00:20.151000,0 days 00:19:10.780000,0 days 00:19:46.571000,0 days 00:20:06.722000,207.0,193.0,266.0,284.0,True,SOFT,4.0,True,Alpine,0 days 00:18:50.997000,2026-06-06 14:04:37.307,1,,False,,False,True
0 days 00:21:58.598000,GAS,10,0 days 00:01:51.876000,5.0,1.0,,0 days 00:21:31.834000,0 days 00:00:23.293000,0 days 00:00:43.235000,0 days 00:00:45.348000,0 days 00:20:30.015000,0 days 00:21:13.250000,0 days 00:21:58.598000,153.0,105.0,,245.0,False,SOFT,5.0,True,Alpine,0 days 00:20:06.722000,2026-06-06 14:05:53.032,1,,False,,False,False
0 days 00:23:37.019000,GAS,10,0 days 00:01:38.421000,6.0,2.0,0 days 00:21:59.317000,,0 days 00:00:27.890000,0 days 00:00:45.170000,0 days 00:00:25.361000,0 days 00:22:26.488000,0 days 00:23:11.658000,0 days 00:23:37.019000,98.0,164.0,245.0,259.0,False,SOFT,1.0,True,Alpine,0 days 00:21:58.598000,2026-06-06 14:07:44.908,1,,False,,False,False
0 days 00:25:07.669000,GAS,10,0 days 00:01:30.650000,7.0,2.0,,,0 days 00:00:21.501000,0 days 00:00:42.734000,0 days 00:00:26.415000,0 days 00:23:58.520000,0 days 00:24:41.254000,0 days 00:25:07.669000,187.0,133.0,260.0,281.0,False,SOFT,2.0,True,Alpine,0 days 00:23:37.019000,2026-06-06 14:09:23.329,1,,False,,False,True
0 days 00:26:23.308000,GAS,10,0 days 00:01:15.639000,8.0,2.0,,,0 days 00:00:20.120000,0 days 00:00:35.618000,0 days 00:00:19.901000,0 days 00:25:27.789000,0 days 00:26:03.407000,0 days 00:26:23.308000,202.0,195.0,265.0,283.0,True,SOFT,3.0,True,Alpine,0 days 00:25:07.669000,2026-06-06 14:10:53.979,1,,False,,False,True
0 days 00:27:54.259000,GAS,10,0 days 00:01:30.951000,9.0,2.0,,,0 days 00:00:24.933000,0 days 00:00:44.021000,0 days 00:00:21.997000,0 days 00:26:48.241000,0 days 00:27:32.262000,0 days 00:27:54.259000,179.0,177.0,257.0,243.0,False,SOFT,4.0,True,Alpine,0 days 00:26:23.308000,2026-06-06 14:12:09.618,1,,False,,False,True
0 days 00:29:08.728000,GAS,10,0 days 00:01:14.469000,10.0,2.0,,,0 days 00:00:19.675000,0 days 00:00:35.111000,0 days 00:00:19.683000,0 days 00:28:13.934000,0 days 00:28:49.045000,0 days 00:29:08.728000,207.0,198.0,266.0,284.0,True,SOFT,5.0,True,Alpine,0 days 00:27:54.259000,2026-06-06 14:13:40.569,1,,False,,False,True
0 days 00:36:23.130000,GAS,10,,11.0,2.0,,0 days 00:30:47.631000,0 days 00:00:28.460000,,,0 days 00:29:37.334000,,,139.0,,,,False,SOFT,6.0,True,Alpine,0 days 00:29:08.728000,2026-06-06 14:14:55.038,125,,False,,False,False
0 days 00:37:58.596000,GAS,10,0 days 00:01:35.466000,12.0,3.0,0 days 00:36:24.594000,,0 days 00:00:33.583000,0 days 00:00:40.184000,0 days 00:00:21.699000,0 days 00:36:56.713000,0 days 00:37:36.897000,0 days 00:37:58.596000,166.0,173.0,264.0,238.0,False,SOFT,7.0,False,Alpine,0 days 00:36:24.594000,2026-06-06 14:22:10.904,1,,False,,False,False
0 days 00:46:16.449000,GAS,10,,13.0,3.0,,0 days 00:39:08.486000,0 days 00:00:20.070000,0 days 00:00:35.587000,,0 days 00:38:18.778000,0 days 00:38:54.275000,,200.0,189.0,,283.0,False,SOFT,8.0,False,Alpine,0 days 00:37:58.596000,2026-06-06 14:23:44.906,1,,False,,False,False
0 days 00:47:47.147000,GAS,10,0 days 00:01:30.698000,14.0,4.0,0 days 00:46:17.980000,,0 days 00:00:29.329000,0 days 00:00:39.682000,0 days 00:00:21.687000,0 days 00:46:45.778000,0 days 00:47:25.460000,0 days 00:47:47.147000,161.0,176.0,260.0,261.0,False,SOFT,1.0,True,Alpine,0 days 00:46:16.449000,2026-06-06 14:32:02.759,1,,False,,False,False
0 days 00:49:07.367000,GAS,10,0 days 00:01:20.220000,15.0,4.0,,,0 days 00:00:21.294000,0 days 00:00:37.237000,0 days 00:00:21.689000,0 days 00:48:08.441000,0 days 00:48:45.678000,0 days 00:49:07.367000,191.0,182.0,249.0,280.0,True,SOFT,2.0,True,Alpine,0 days 00:47:47.147000,2026-06-06 14:33:33.457,1,,False,,False,True
0 days 00:50:34.690000,GAS,10,0 days 00:01:27.323000,16.0,4.0,,,0 days 00:00:20.939000,0 days 00:00:39.600000,0 days 00:00:26.784000,0 days 00:49:28.306000,0 days 00:50:07.906000,0 days 00:50:34.690000,178.0,152.0,263.0,281.0,False,SOFT,3.0,True,Alpine,0 days 00:49:07.367000,2026-06-06 14:34:53.677,1,,False,,False,True
0 days 00:51:48.841000,GAS,10,0 days 00:01:14.151000,17.0,4.0,,,0 days 00:00:19.679000,0 days 00:00:34.880000,0 days 00:00:19.592000,0 days 00:50:54.369000,0 days 00:51:29.249000,0 days 00:51:48.841000,208.0,200.0,265.0,284.0,True,SOFT,4.0,True,Alpine,0 days 00:50:34.690000,2026-06-06 14:36:21.000,1,,False,,False,True
0 days 00:54:43.244000,GAS,10,,18.0,4.0,,0 days 00:53:07.932000,0 days 00:00:22.811000,0 days 00:00:40.177000,,0 days 00:52:11.731000,0 days 00:52:51.833000,,173.0,163.0,,243.0,False,SOFT,5.0,True,Alpine,0 days 00:51:48.841000,2026-06-06 14:37:35.151,1,,False,,False,False
0 days 00:56:13.965000,GAS,10,0 days 00:01:30.721000,19.0,5.0,0 days 00:54:44.250000,,0 days 00:00:30.855000,0 days 00:00:38.537000,0 days 00:00:21.329000,0 days 00:55:14.099000,0 days 00:55:52.636000,0 days 00:56:13.965000,170.0,186.0,249.0,265.0,False,SOFT,1.0,True,Alpine,0 days 00:54:43.244000,2026-06-06 14:40:29.554,1,,False,,False,False
0 days 00:57:32.866000,GAS,10,0 days 00:01:18.901000,20.0,5.0,,,0 days 00:00:20.775000,0 days 00:00:37.100000,0 days 00:00:21.026000,0 days 00:56:34.740000,0 days 00:57:11.840000,0 days 00:57:32.866000,192.0,177.0,266.0,280.0,False,SOFT,2.0,True,Alpine,0 days 00:56:13.965000,2026-06-06 14:42:00.275,1,,False,,False,True
0 days 00:58:46.628000,GAS,10,0 days 00:01:13.762000,21.0,5.0,,,0 days 00:00:19.379000,0 days 00:00:34.838000,0 days 00:00:19.545000,0 days 00:57:52.245000,0 days 00:58:27.083000,0 days 00:58:46.628000,210.0,200.0,266.0,284.0,True,SOFT,3.0,True,Alpine,0 days 00:57:32.866000,2026-06-06 14:43:19.176,1,,False,,False,True
0 days 01:00:34.604000,GAS,10,0 days 00:01:47.976000,22.0,5.0,,,0 days 00:00:28.463000,0 days 00:00:47.759000,0 days 00:00:31.754000,0 days 00:59:15.091000,0 days 01:00:02.850000,0 days 01:00:34.604000,151.0,137.0,251.0,239.0,False,SOFT,4.0,True,Alpine,0 days 00:58:46.628000,2026-06-06 14:44:32.938,1,,False,,False,True
0 days 01:01:48.828000,GAS,10,0 days 00:01:14.224000,23.0,5.0,,,0 days 00:00:19.623000,0 days 00:00:35.015000,0 days 00:00:19.586000,0 days 01:00:54.227000,0 days 01:01:29.242000,0 days 01:01:48.828000,210.0,197.0,267.0,284.0,False,SOFT,5.0,True,Alpine,0 days 01:00:34.604000,2026-06-06 14:46:20.914,1,,False,,False,True
0 days 01:09:16.251000,GAS,10,,24.0,5.0,,0 days 01:03:12.231000,0 days 00:00:26.200000,0 days 00:00:40.755000,,0 days 01:02:15.164000,0 days 01:02:55.929000,,155.0,168.0,,241.0,False,SOFT,6.0,True,Alpine,0 days 01:01:48.828000,2026-06-06 14:47:35.138,1,,False,,False,False
0 days 01:10:53.407000,GAS,10,0 days 00:01:37.156000,25.0,6.0,0 days 01:09:18.003000,,0 days 00:00:34.816000,0 days 00:00:40.286000,0 days 00:00:22.054000,0 days 01:09:51.067000,0 days 01:10:31.353000,0 days 01:10:53.407000,169.0,175.0,220.0,241.0,False,SOFT,6.0,False,Alpine,0 days 01:09:16.251000,2026-06-06 14:55:02.561,1,,False,,False,False
0 days 01:12:12.472000,GAS,10,0 days 00:01:19.065000,26.0,6.0,,,0 days 00:00:21.353000,0 days 00:00:36.801000,0 days 00:00:20.911000,0 days 01:11:14.760000,0 days 01:11:51.561000,0 days 01:12:12.472000,192.0,184.0,266.0,280.0,True,SOFT,7.0,False,Alpine,0 days 01:10:53.407000,2026-06-06 14:56:39.717,1,,False,,False,True
0 days 01:13:26.484000,GAS,10,0 days 00:01:14.012000,27.0,6.0,,,0 days 00:00:19.438000,0 days 00:00:35.022000,0 days 00:00:19.552000,0 days 01:12:31.910000,0 days 01:13:06.932000,0 days 01:13:26.484000,211.0,198.0,265.0,284.0,True,SOFT,8.0,False,Alpine,0 days 01:12:12.472000,2026-06-06 14:57:58.782,1,,False,,False,True
0 days 01:16:33.716000,GAS,10,,28.0,6.0,,0 days 01:14:43.691000,0 days 00:00:22.374000,0 days 00:00:39.014000,,0 days 01:13:48.897000,0 days 01:14:27.881000,,171.0,173.0,,241.0,False,SOFT,9.0,False,Alpine,0 days 01:13:26.484000,2026-06-06 14:59:12.794,1,,False,,False,False
0 days 01:17:58.892000,GAS,10,0 days 00:01:25.176000,29.0,7.0,0 days 01:16:34.530000,,0 days 00:00:26.136000,0 days 00:00:37.908000,0 days 00:00:21.132000,0 days 01:16:59.852000,0 days 01:17:37.760000,0 days 01:17:58.892000,180.0,182.0,261.0,274.0,False,SOFT,1.0,True,Alpine,0 days 01:16:33.716000,2026-06-06 15:02:20.026,1,,False,,False,False
0 days 01:19:20.125000,GAS,10,0 days 00:01:21.233000,30.0,7.0,,,0 days 00:00:20.550000,0 days 00:00:40.363000,0 days 00:00:20.320000,0 days 01:18:19.442000,0 days 01:18:59.805000,0 days 01:19:20.125000,195.0,186.0,267.0,271.0,False,SOFT,2.0,True,Alpine,0 days 01:17:58.892000,2026-06-06 15:03:45.202,1,,False,,False,True
0 days 01:20:33.351000,GAS,10,0 days 00:01:13.226000,31.0,7.0,,,0 days 00:00:19.278000,0 days 00:00:34.512000,0 days 00:00:19.436000,0 days 01:19:39.403000,0 days 01:20:13.915000,0 days 01:20:33.351000,213.0,195.0,265.0,284.0,True,SOFT,3.0,True,Alpine,0 days 01:19:20.125000,2026-06-06 15:05:06.435,1,,False,,False,True
0 days 01:22:09.429000,GAS,10,,32.0,7.0,,0 days 01:22:09.429000,0 days 00:00:26.582000,0 days 00:00:44.781000,,0 days 01:20:59.929000,0 days 01:21:44.741000,,87.0,161.0,,236.0,False,SOFT,4.0,True,Alpine,0 days 01:20:33.351000,2026-06-06 15:06:19.661,12,,False,,False,False
0 days 00:16:37.751000,LAW,30,0 days 00:01:39.452000,1.0,1.0,0 days 00:14:59.331000,,0 days 00:00:33.389000,0 days 00:00:42.574000,0 days 00:00:23.489000,0 days 00:15:31.844000,0 days 00:16:14.442000,0 days 00:16:37.968000,145.0,156.0,251.0,252.0,False,SOFT,1.0,True,Racing Bulls,0 days 00:14:59.331000,2026-06-06 14:00:45.641,1,,False,,False,False
0 days 00:18:04.337000,LAW,30,0 days 00:01:26.586000,2.0,1.0,,,0 days 00:00:21.657000,0 days 00:00:43.861000,0 days 00:00:21.068000,0 days 00:16:59.408000,0 days 00:17:43.269000,0 days 00:18:04.337000,173.0,179.0,265.0,258.0,True,SOFT,2.0,True,Racing Bulls,0 days 00:16:37.751000,2026-06-06 14:02:24.061,1,,False,,False,True
0 days 00:19:19.814000,LAW,30,0 days 00:01:15.477000,3.0,1.0,,,0 days 00:00:19.898000,0 days 00:00:35.554000,0 days 00:00:20.025000,0 days 00:18:24.235000,0 days 00:18:59.789000,0 days 00:19:19.814000,202.0,188.0,265.0,283.0,True,SOFT,3.0,True,Racing Bulls,0 days 00:18:04.337000,2026-06-06 14:03:50.647,1,,False,,False,True
0 days 00:20:47.543000,LAW,30,0 days 00:01:27.729000,4.0,1.0,,,0 days 00:00:23.242000,0 days 00:00:42.618000,0 days 00:00:21.869000,0 days 00:19:43.056000,0 days 00:20:25.674000,0 days 00:20:47.543000,154.0,176.0,265.0,263.0,False,SOFT,4.0,True,Racing Bulls,0 days 00:19:19.814000,2026-06-06 14:05:06.124,1,,False,,False,True
0 days 00:22:08.875000,LAW,30,0 days 00:01:21.332000,5.0,1.0,,,0 days 00:00:19.954000,0 days 00:00:37.816000,0 days 00:00:23.562000,0 days 00:21:07.497000,0 days 00:21:45.313000,0 days 00:22:08.875000,208.0,170.0,263.0,276.0,False,SOFT,5.0,True,Racing Bulls,0 days 00:20:47.543000,2026-06-06 14:06:33.853,1,,False,,False,True
0 days 00:23:58.985000,LAW,30,0 days 00:01:50.110000,6.0,1.0,,0 days 00:23:20.292000,0 days 00:00:19.837000,0 days 00:00:35.814000,0 days 00:00:54.459000,0 days 00:22:28.712000,0 days 00:23:04.526000,0 days 00:23:58.985000,204.0,193.0,,283.0,False,SOFT,6.0,True,Racing Bulls,0 days 00:22:08.875000,2026-06-06 14:07:55.185,1,,False,,False,False
0 days 00:25:32.450000,LAW,30,0 days 00:01:33.465000,7.0,2.0,0 days 00:23:59.750000,,0 days 00:00:26.107000,0 days 00:00:42.635000,0 days 00:00:24.723000,0 days 00:24:25.092000,0 days 00:25:07.727000,0 days 00:25:32.450000,167.0,166.0,253.0,243.0,False,SOFT,1.0,True,Racing Bulls,0 days 00:23:58.985000,2026-06-06 14:09:45.295,1,,False,,False,False
0 days 00:27:00.388000,LAW,30,0 days 00:01:27.938000,8.0,2.0,,,0 days 00:00:21.899000,0 days 00:00:44.923000,0 days 00:00:21.116000,0 days 00:25:54.349000,0 days 00:26:39.272000,0 days 00:27:00.388000,168.0,180.0,264.0,263.0,False,SOFT,2.0,True,Racing Bulls,0 days 00:25:32.450000,2026-06-06 14:11:18.760,1,,False,,False,True
0 days 00:28:14.886000,LAW,30,0 days 00:01:14.498000,9.0,2.0,,,0 days 00:00:19.751000,0 days 00:00:35.213000,0 days 00:00:19.534000,0 days 00:27:20.139000,0 days 00:27:55.352000,0 days 00:28:14.886000,204.0,196.0,265.0,283.0,True,SOFT,3.0,True,Racing Bulls,0 days 00:27:00.388000,2026-06-06 14:12:46.698,1,,False,,False,True
0 days 00:29:50.783000,LAW,30,0 days 00:01:35.897000,10.0,2.0,,,0 days 00:00:24.558000,0 days 00:00:47.733000,0 days 00:00:23.606000,0 days 00:28:39.444000,0 days 00:29:27.177000,0 days 00:29:50.783000,159.0,179.0,262.0,126.0,False,SOFT,4.0,True,Racing Bulls,0 days 00:28:14.886000,2026-06-06 14:14:01.196,12,,False,,False,True
0 days 00:46:36.851000,LAW,30,,11.0,2.0,,0 days 00:31:29.091000,,,,,,,,,,,False,SOFT,5.0,True,Racing Bulls,0 days 00:29:50.783000,2026-06-06 14:15:37.093,251,,False,,False,False
0 days 00:48:17.945000,LAW,30,0 days 00:01:41.094000,12.0,3.0,0 days 00:46:37.756000,,0 days 00:00:37.623000,0 days 00:00:40.923000,0 days 00:00:22.548000,0 days 00:47:14.474000,0 days 00:47:55.397000,0 days 00:48:17.945000,154.0,167.0,251.0,253.0,False,SOFT,1.0,True,Racing Bulls,0 days 00:46:37.756000,2026-06-06 14:32:24.066,1,,False,,False,False
0 days 00:49:39.205000,LAW,30,0 days 00:01:21.260000,13.0,3.0,,,0 days 00:00:21.102000,0 days 00:00:39.344000,0 days 00:00:20.814000,0 days 00:48:39.047000,0 days 00:49:18.391000,0 days 00:49:39.205000,183.0,184.0,264.0,272.0,True,SOFT,2.0,True,Racing Bulls,0 days 00:48:17.945000,2026-06-06 14:34:04.255,1,,False,,False,True
0 days 00:50:53.302000,LAW,30,0 days 00:01:14.097000,14.0,3.0,,,0 days 00:00:19.474000,0 days 00:00:34.977000,0 days 00:00:19.646000,0 days 00:49:58.679000,0 days 00:50:33.656000,0 days 00:50:53.302000,210.0,197.0,265.0,283.0,True,SOFT,3.0,True,Racing Bulls,0 days 00:49:39.205000,2026-06-06 14:35:25.515,1,,False,,False,True
0 days 00:52:26.276000,LAW,30,0 days 00:01:32.974000,15.0,3.0,,,0 days 00:00:24.434000,0 days 00:00:47.256000,0 days 00:00:21.284000,0 days 00:51:17.736000,0 days 00:52:04.992000,0 days 00:52:26.276000,160.0,181.0,264.0,235.0,False,SOFT,4.0,True,Racing Bulls,0 days 00:50:53.302000,2026-06-06 14:36:39.612,1,,False,,False,True
0 days 00:53:40.103000,LAW,30,0 days 00:01:13.827000,16.0,3.0,,,0 days 00:00:19.465000,0 days 00:00:34.916000,0 days 00:00:19.446000,0 days 00:52:45.741000,0 days 00:53:20.657000,0 days 00:53:40.103000,209.0,199.0,266.0,282.0,True,SOFT,5.0,True,Racing Bulls,0 days 00:52:26.276000,2026-06-06 14:38:12.586,1,,False,,False,True
0 days 00:55:36.206000,LAW,30,0 days 00:01:56.103000,17.0,3.0,,0 days 00:55:00.931000,0 days 00:00:23.661000,0 days 00:00:41.164000,0 days 00:00:51.278000,0 days 00:54:03.764000,0 days 00:54:44.928000,0 days 00:55:36.206000,97.0,171.0,,235.0,False,SOFT,6.0,True,Racing Bulls,0 days 00:53:40.103000,2026-06-06 14:39:26.413,1,,False,,False,False
0 days 00:57:05.711000,LAW,30,0 days 00:01:29.505000,18.0,4.0,0 days 00:55:37.040000,,0 days 00:00:27.466000,0 days 00:00:39.633000,0 days 00:00:22.406000,0 days 00:56:03.672000,0 days 00:56:43.305000,0 days 00:57:05.711000,171.0,160.0,251.0,257.0,False,SOFT,1.0,True,Racing Bulls,0 days 00:55:36.206000,2026-06-06 14:41:22.516,1,,False,,False,False
0 days 00:58:26.516000,LAW,30,0 days 00:01:20.805000,19.0,4.0,,,0 days 00:00:21.336000,0 days 00:00:38.531000,0 days 00:00:20.938000,0 days 00:57:27.047000,0 days 00:58:05.578000,0 days 00:58:26.516000,179.0,179.0,264.0,266.0,False,SOFT,2.0,True,Racing Bulls,0 days 00:57:05.711000,2026-06-06 14:42:52.021,1,,False,,False,True
0 days 00:59:39.987000,LAW,30,0 days 00:01:13.471000,20.0,4.0,,,0 days 00:00:19.402000,0 days 00:00:34.709000,0 days 00:00:19.360000,0 days 00:58:45.918000,0 days 00:59:20.627000,0 days 00:59:39.987000,216.0,199.0,266.0,282.0,True,SOFT,3.0,True,Racing Bulls,0 days 00:58:26.516000,2026-06-06 14:44:12.826,1,,False,,False,True
0 days 01:08:50.031000,LAW,30,,21.0,4.0,,0 days 01:00:54.144000,0 days 00:00:19.252000,0 days 00:00:37.969000,,0 days 00:59:59.428000,0 days 01:00:37.369000,,211.0,154.0,,284.0,False,SOFT,4.0,True,Racing Bulls,0 days 00:59:39.987000,2026-06-06 14:45:26.297,1,,False,,False,False
0 days 01:10:27.223000,LAW,30,0 days 00:01:37.192000,22.0,5.0,0 days 01:08:50.982000,,0 days 00:00:31.945000,0 days 00:00:40.364000,0 days 00:00:24.883000,0 days 01:09:21.976000,0 days 01:10:02.340000,0 days 01:10:27.223000,153.0,175.0,250.0,260.0,False,SOFT,1.0,True,Racing Bulls,0 days 01:08:50.031000,2026-06-06 14:54:36.341,1,,False,,False,False
0 days 01:11:46.945000,LAW,30,0 days 00:01:19.722000,23.0,5.0,,,0 days 00:00:21.307000,0 days 00:00:37.834000,0 days 00:00:20.581000,0 days 01:10:48.530000,0 days 01:11:26.364000,0 days 01:11:46.945000,177.0,187.0,265.0,264.0,True,SOFT,2.0,True,Racing Bulls,0 days 01:10:27.223000,2026-06-06 14:56:13.533,1,,False,,False,True
0 days 01:13:00.735000,LAW,30,0 days 00:01:13.790000,24.0,5.0,,,0 days 00:00:19.430000,0 days 00:00:34.794000,0 days 00:00:19.566000,0 days 01:12:06.375000,0 days 01:12:41.169000,0 days 01:13:00.735000,208.0,199.0,265.0,281.0,True,SOFT,3.0,True,Racing Bulls,0 days 01:11:46.945000,2026-06-06 14:57:33.255,1,,False,,False,True
0 days 01:16:38.346000,LAW,30,,25.0,5.0,,0 days 01:14:12.800000,0 days 00:00:19.420000,0 days 00:00:37.157000,,0 days 01:13:20.238000,0 days 01:13:57.468000,,213.0,171.0,,251.0,False,SOFT,4.0,True,Racing Bulls,0 days 01:13:00.735000,2026-06-06 14:58:47.045,1,,False,,False,False
0 days 01:18:11.058000,LAW,30,0 days 00:01:32.712000,26.0,6.0,0 days 01:16:39.120000,,0 days 00:00:31.265000,0 days 00:00:39.339000,0 days 00:00:22.108000,0 days 01:17:09.611000,0 days 01:17:48.950000,0 days 01:18:11.058000,167.0,175.0,253.0,263.0,False,SOFT,6.0,False,Racing Bulls,0 days 01:16:38.346000,2026-06-06 15:02:24.656,1,,False,,False,False
0 days 01:19:32.640000,LAW,30,0 days 00:01:21.582000,27.0,6.0,,,0 days 00:00:20.627000,0 days 00:00:40.181000,0 days 00:00:20.774000,0 days 01:18:31.685000,0 days 01:19:11.866000,0 days 01:19:32.640000,184.0,186.0,265.0,264.0,False,SOFT,7.0,False,Racing Bulls,0 days 01:18:11.058000,2026-06-06 15:03:57.368,1,,False,,False,True
0 days 01:20:46.052000,LAW,30,0 days 00:01:13.412000,28.0,6.0,,,0 days 00:00:19.302000,0 days 00:00:34.755000,0 days 00:00:19.355000,0 days 01:19:51.942000,0 days 01:20:26.697000,0 days 01:20:46.052000,213.0,201.0,266.0,282.0,True,SOFT,8.0,False,Racing Bulls,0 days 01:19:32.640000,2026-06-06 15:05:18.950,1,,False,,False,True
0 days 01:22:14.572000,LAW,30,,29.0,6.0,,0 days 01:22:14.572000,0 days 00:00:19.209000,0 days 00:00:40.849000,,0 days 01:21:05.288000,0 days 01:21:46.138000,,214.0,149.0,,282.0,False,SOFT,9.0,False,Racing Bulls,0 days 01:20:46.052000,2026-06-06 15:06:32.362,12,,False,,False,False
0 days 00:16:34.028000,ALB,23,0 days 00:01:39.054000,1.0,1.0,0 days 00:14:56.055000,,0 days 00:00:31.200000,0 days 00:00:45.602000,0 days 00:00:22.252000,0 days 00:15:26.222000,0 days 00:16:11.844000,0 days 00:16:34.275000,157.0,165.0,259.0,264.0,False,SOFT,1.0,True,Williams,0 days 00:14:56.055000,2026-06-06 14:00:42.365,1,,False,,False,False
0 days 00:17:58.819000,ALB,23,0 days 00:01:24.791000,2.0,1.0,,,0 days 00:00:21.099000,0 days 00:00:42.389000,0 days 00:00:21.303000,0 days 00:16:55.127000,0 days 00:17:37.516000,0 days 00:17:58.819000,184.0,172.0,264.0,268.0,True,SOFT,2.0,True,Williams,0 days 00:16:34.028000,2026-06-06 14:02:20.338,1,,False,,False,True
0 days 00:19:15.151000,ALB,23,0 days 00:01:16.332000,3.0,1.0,,,0 days 00:00:20.056000,0 days 00:00:36.021000,0 days 00:00:20.255000,0 days 00:18:18.875000,0 days 00:18:54.896000,0 days 00:19:15.151000,205.0,187.0,265.0,285.0,True,SOFT,3.0,True,Williams,0 days 00:17:58.819000,2026-06-06 14:03:45.129,1,,False,,False,True
0 days 00:20:31.813000,ALB,23,0 days 00:01:16.662000,4.0,1.0,,,0 days 00:00:20.151000,0 days 00:00:36.077000,0 days 00:00:20.434000,0 days 00:19:35.302000,0 days 00:20:11.379000,0 days 00:20:31.813000,209.0,187.0,265.0,281.0,False,SOFT,4.0,True,Williams,0 days 00:19:15.151000,2026-06-06 14:05:01.461,1,,False,,False,True
0 days 00:22:17.937000,ALB,23,0 days 00:01:46.124000,5.0,1.0,,,0 days 00:00:28.721000,0 days 00:00:51.940000,0 days 00:00:25.463000,0 days 00:21:00.534000,0 days 00:21:52.474000,0 days 00:22:17.937000,119.0,108.0,263.0,222.0,False,SOFT,5.0,True,Williams,0 days 00:20:31.813000,2026-06-06 14:06:18.123,1,,False,,False,True
0 days 00:23:33.549000,ALB,23,0 days 00:01:15.612000,6.0,1.0,,,0 days 00:00:20.047000,0 days 00:00:35.508000,0 days 00:00:20.057000,0 days 00:22:37.984000,0 days 00:23:13.492000,0 days 00:23:33.549000,208.0,191.0,265.0,285.0,True,SOFT,6.0,True,Williams,0 days 00:22:17.937000,2026-06-06 14:08:04.247,1,,False,,False,True
0 days 00:25:19.312000,ALB,23,0 days 00:01:45.763000,7.0,1.0,,0 days 00:24:50.364000,0 days 00:00:23.935000,0 days 00:00:38.231000,0 days 00:00:43.597000,0 days 00:23:57.484000,0 days 00:24:35.715000,0 days 00:25:19.312000,171.0,176.0,,245.0,False,SOFT,7.0,True,Williams,0 days 00:23:33.549000,2026-06-06 14:09:19.859,1,,False,,False,False
0 days 00:26:51.414000,ALB,23,0 days 00:01:32.102000,8.0,2.0,0 days 00:25:20.226000,,0 days 00:00:28.685000,0 days 00:00:41.483000,0 days 00:00:21.934000,0 days 00:25:47.997000,0 days 00:26:29.480000,0 days 00:26:51.414000,169.0,172.0,256.0,261.0,False,SOFT,1.0,True,Williams,0 days 00:25:19.312000,2026-06-06 14:11:05.622,1,,False,,False,False
0 days 00:28:17.458000,ALB,23,0 days 00:01:26.044000,9.0,2.0,,,0 days 00:00:20.724000,0 days 00:00:44.322000,0 days 00:00:20.998000,0 days 00:27:12.138000,0 days 00:27:56.460000,0 days 00:28:17.458000,191.0,176.0,265.0,269.0,False,SOFT,2.0,True,Williams,0 days 00:26:51.414000,2026-06-06 14:12:37.724,1,,False,,False,True
0 days 00:29:31.779000,ALB,23,0 days 00:01:14.321000,10.0,2.0,,,0 days 00:00:19.571000,0 days 00:00:35.188000,0 days 00:00:19.562000,0 days 00:28:37.029000,0 days 00:29:12.217000,0 days 00:29:31.779000,211.0,195.0,265.0,283.0,True,SOFT,3.0,True,Williams,0 days 00:28:17.458000,2026-06-06 14:14:03.768,1,,False,,False,True
0 days 00:36:41.887000,ALB,23,,11.0,2.0,,0 days 00:31:08.346000,0 days 00:00:27.967000,,,0 days 00:29:59.791000,,,148.0,,,,False,SOFT,4.0,True,Williams,0 days 00:29:31.779000,2026-06-06 14:15:18.089,125,,False,,False,False
0 days 00:38:19.451000,ALB,23,0 days 00:01:37.564000,12.0,3.0,0 days 00:36:42.917000,,0 days 00:00:34.248000,0 days 00:00:41.634000,0 days 00:00:21.682000,0 days 00:37:16.135000,0 days 00:37:57.769000,0 days 00:38:19.451000,172.0,176.0,266.0,261.0,False,SOFT,5.0,False,Williams,0 days 00:36:42.917000,2026-06-06 14:22:29.227,1,,False,,False,False
0 days 00:39:34.727000,ALB,23,0 days 00:01:15.276000,13.0,3.0,,,0 days 00:00:19.918000,0 days 00:00:35.525000,0 days 00:00:19.833000,0 days 00:38:39.369000,0 days 00:39:14.894000,0 days 00:39:34.727000,208.0,193.0,264.0,283.0,False,SOFT,6.0,False,Williams,0 days 00:38:19.451000,2026-06-06 14:24:05.761,1,,False,,False,True
0 days 00:46:46.658000,ALB,23,,14.0,3.0,,0 days 00:40:55.947000,0 days 00:00:23.787000,0 days 00:00:40.990000,,0 days 00:39:58.531000,0 days 00:40:39.612000,,174.0,152.0,,261.0,False,SOFT,7.0,False,Williams,0 days 00:39:34.727000,2026-06-06 14:25:21.037,1,,False,,False,False
0 days 00:48:21.075000,ALB,23,0 days 00:01:34.417000,15.0,4.0,0 days 00:46:47.612000,,0 days 00:00:33.392000,0 days 00:00:39.887000,0 days 00:00:21.138000,0 days 00:47:20.050000,0 days 00:47:59.937000,0 days 00:48:21.075000,179.0,181.0,256.0,275.0,False,SOFT,1.0,True,Williams,0 days 00:46:46.658000,2026-06-06 14:32:32.968,1,,False,,False,False
0 days 00:49:45.615000,ALB,23,0 days 00:01:24.540000,16.0,4.0,,,0 days 00:00:20.490000,0 days 00:00:42.969000,0 days 00:00:21.081000,0 days 00:48:41.565000,0 days 00:49:24.534000,0 days 00:49:45.615000,187.0,177.0,266.0,258.0,True,SOFT,2.0,True,Williams,0 days 00:48:21.075000,2026-06-06 14:34:07.385,1,,False,,False,True
0 days 00:50:59.902000,ALB,23,0 days 00:01:14.287000,17.0,4.0,,,0 days 00:00:19.664000,0 days 00:00:35.030000,0 days 00:00:19.593000,0 days 00:50:05.279000,0 days 00:50:40.309000,0 days 00:50:59.902000,212.0,194.0,265.0,283.0,True,SOFT,3.0,True,Williams,0 days 00:49:45.615000,2026-06-06 14:35:31.925,1,,False,,False,True
0 days 00:52:35.313000,ALB,23,0 days 00:01:35.411000,18.0,4.0,,,0 days 00:00:27.735000,0 days 00:00:45.793000,0 days 00:00:21.883000,0 days 00:51:27.637000,0 days 00:52:13.430000,0 days 00:52:35.313000,139.0,172.0,265.0,240.0,False,SOFT,4.0,True,Williams,0 days 00:50:59.902000,2026-06-06 14:36:46.212,1,,False,,False,True
0 days 00:53:49.449000,ALB,23,0 days 00:01:14.136000,19.0,4.0,,,0 days 00:00:19.583000,0 days 00:00:34.999000,0 days 00:00:19.554000,0 days 00:52:54.896000,0 days 00:53:29.895000,0 days 00:53:49.449000,212.0,198.0,266.0,283.0,True,SOFT,5.0,True,Williams,0 days 00:52:35.313000,2026-06-06 14:38:21.623,1,,False,,False,True
0 days 00:57:04.047000,ALB,23,,20.0,4.0,,0 days 00:55:06.705000,0 days 00:00:22.914000,0 days 00:00:39.581000,,0 days 00:54:12.527000,0 days 00:54:52.161000,,169.0,176.0,,258.0,False,SOFT,6.0,True,Williams,0 days 00:53:49.449000,2026-06-06 14:39:35.759,1,,False,,False,False
0 days 00:58:32.627000,ALB,23,0 days 00:01:28.580000,21.0,5.0,0 days 00:57:04.839000,,0 days 00:00:27.043000,0 days 00:00:40.217000,0 days 00:00:21.320000,0 days 00:57:31.090000,0 days 00:58:11.307000,0 days 00:58:32.627000,191.0,184.0,255.0,263.0,False,SOFT,1.0,True,Williams,0 days 00:57:04.047000,2026-06-06 14:42:50.357,1,,False,,False,False
0 days 00:59:55.978000,ALB,23,0 days 00:01:23.351000,22.0,5.0,,,0 days 00:00:20.402000,0 days 00:00:42.372000,0 days 00:00:20.577000,0 days 00:58:53.029000,0 days 00:59:35.401000,0 days 00:59:55.978000,187.0,184.0,266.0,265.0,False,SOFT,2.0,True,Williams,0 days 00:58:32.627000,2026-06-06 14:44:18.937,1,,False,,False,True
0 days 01:01:09.765000,ALB,23,0 days 00:01:13.787000,23.0,5.0,,,0 days 00:00:19.350000,0 days 00:00:34.774000,0 days 00:00:19.663000,0 days 01:00:15.328000,0 days 01:00:50.102000,0 days 01:01:09.765000,215.0,194.0,265.0,283.0,True,SOFT,3.0,True,Williams,0 days 00:59:55.978000,2026-06-06 14:45:42.288,1,,False,,False,True
0 days 01:02:36.178000,ALB,23,,24.0,5.0,,0 days 01:02:36.178000,0 days 00:00:28.999000,0 days 00:00:41.123000,,0 days 01:01:38.845000,0 days 01:02:19.936000,,148.0,155.0,,261.0,False,SOFT,4.0,True,Williams,0 days 01:01:09.765000,2026-06-06 14:46:56.075,1,,False,,False,False
0 days 00:16:42.079000,SAI,55,0 days 00:01:38.984000,1.0,1.0,0 days 00:15:04.143000,,0 days 00:00:34.386000,0 days 00:00:42.016000,0 days 00:00:22.582000,0 days 00:15:37.564000,0 days 00:16:19.514000,0 days 00:16:42.365000,160.0,175.0,261.0,259.0,False,SOFT,1.0,True,Williams,0 days 00:15:04.143000,2026-06-06 14:00:50.453,1,,False,,False,False
0 days 00:18:09.941000,SAI,55,0 days 00:01:27.862000,2.0,1.0,,,0 days 00:00:21.257000,0 days 00:00:42.955000,0 days 00:00:23.650000,0 days 00:17:03.336000,0 days 00:17:46.291000,0 days 00:18:09.941000,181.0,175.0,264.0,268.0,True,SOFT,2.0,True,Williams,0 days 00:16:42.079000,2026-06-06 14:02:28.389,1,,False,,False,True
0 days 00:19:27.265000,SAI,55,0 days 00:01:17.324000,3.0,1.0,,,0 days 00:00:20.314000,0 days 00:00:36.682000,0 days 00:00:20.328000,0 days 00:18:30.255000,0 days 00:19:06.937000,0 days 00:19:27.265000,204.0,190.0,265.0,281.0,True,SOFT,3.0,True,Williams,0 days 00:18:09.941000,2026-06-06 14:03:56.251,1,,False,,False,True
0 days 00:20:42.239000,SAI,55,0 days 00:01:14.974000,4.0,1.0,,,0 days 00:00:19.687000,0 days 00:00:35.379000,0 days 00:00:19.908000,0 days 00:19:46.952000,0 days 00:20:22.331000,0 days 00:20:42.239000,211.0,196.0,265.0,284.0,True,SOFT,4.0,True,Williams,0 days 00:19:27.265000,2026-06-06 14:05:13.575,1,,False,,False,True
0 days 00:22:22.031000,SAI,55,0 days 00:01:39.792000,5.0,1.0,,,0 days 00:00:26.462000,0 days 00:00:49.042000,0 days 00:00:24.288000,0 days 00:21:08.701000,0 days 00:21:57.743000,0 days 00:22:22.031000,125.0,170.0,265.0,241.0,False,SOFT,5.0,True,Williams,0 days 00:20:42.239000,2026-06-06 14:06:28.549,1,,False,,False,True
0 days 00:23:40.902000,SAI,55,0 days 00:01:18.871000,6.0,1.0,,,0 days 00:00:19.680000,0 days 00:00:36.758000,0 days 00:00:22.433000,0 days 00:22:41.711000,0 days 00:23:18.469000,0 days 00:23:40.902000,210.0,164.0,264.0,285.0,False,SOFT,6.0,True,Williams,0 days 00:22:22.031000,2026-06-06 14:08:08.341,1,,False,,False,True
0 days 00:25:59.177000,SAI,55,0 days 00:02:18.275000,7.0,1.0,,0 days 00:24:58.489000,0 days 00:00:20.267000,0 days 00:00:38.266000,0 days 00:01:19.742000,0 days 00:24:01.169000,0 days 00:24:39.435000,0 days 00:25:59.177000,195.0,176.0,,267.0,False,SOFT,7.0,True,Williams,0 days 00:23:40.902000,2026-06-06 14:09:27.212,1,,False,,False,False
0 days 00:27:26.671000,SAI,55,0 days 00:01:27.494000,8.0,2.0,0 days 00:25:59.913000,,0 days 00:00:25.836000,0 days 00:00:39.054000,0 days 00:00:22.604000,0 days 00:26:25.013000,0 days 00:27:04.067000,0 days 00:27:26.671000,178.0,180.0,250.0,277.0,False,SOFT,1.0,True,Williams,0 days 00:25:59.177000,2026-06-06 14:11:45.487,1,,False,,False,False
0 days 00:28:50.938000,SAI,55,0 days 00:01:24.267000,9.0,2.0,,,0 days 00:00:20.370000,0 days 00:00:43.321000,0 days 00:00:20.576000,0 days 00:27:47.041000,0 days 00:28:30.362000,0 days 00:28:50.938000,195.0,183.0,266.0,277.0,False,SOFT,2.0,True,Williams,0 days 00:27:26.671000,2026-06-06 14:13:12.981,1,,False,,False,True
0 days 00:36:38.761000,SAI,55,,10.0,2.0,,0 days 00:30:17.595000,0 days 00:00:19.527000,0 days 00:00:44.839000,,0 days 00:29:10.516000,0 days 00:29:55.428000,,210.0,85.0,,284.0,False,SOFT,3.0,True,Williams,0 days 00:28:50.938000,2026-06-06 14:14:37.248,125,,False,,False,False
0 days 00:38:16.402000,SAI,55,0 days 00:01:37.641000,11.0,3.0,0 days 00:36:39.873000,,0 days 00:00:33.053000,0 days 00:00:42.989000,0 days 00:00:21.599000,0 days 00:37:11.814000,0 days 00:37:54.803000,0 days 00:38:16.402000,178.0,185.0,265.0,256.0,False,SOFT,4.0,False,Williams,0 days 00:36:39.873000,2026-06-06 14:22:26.183,1,,False,,False,False
0 days 00:39:30.750000,SAI,55,0 days 00:01:14.348000,12.0,3.0,,,0 days 00:00:19.729000,0 days 00:00:35.058000,0 days 00:00:19.561000,0 days 00:38:36.131000,0 days 00:39:11.189000,0 days 00:39:30.750000,213.0,199.0,265.0,283.0,True,SOFT,5.0,False,Williams,0 days 00:38:16.402000,2026-06-06 14:24:02.712,1,,False,,False,True
0 days 00:46:31.428000,SAI,55,,13.0,3.0,,0 days 00:40:53.444000,0 days 00:00:24.993000,0 days 00:00:41.636000,,0 days 00:39:55.854000,0 days 00:40:37.361000,,150.0,163.0,,244.0,False,SOFT,6.0,False,Williams,0 days 00:39:30.750000,2026-06-06 14:25:17.060,1,,False,,False,False
0 days 00:48:08.012000,SAI,55,0 days 00:01:36.584000,14.0,4.0,0 days 00:46:32.476000,,0 days 00:00:35.451000,0 days 00:00:39.685000,0 days 00:00:21.448000,0 days 00:47:06.879000,0 days 00:47:46.564000,0 days 00:48:08.012000,159.0,182.0,253.0,278.0,False,SOFT,1.0,True,Williams,0 days 00:46:31.428000,2026-06-06 14:32:17.738,1,,False,,False,False
0 days 00:49:30.635000,SAI,55,0 days 00:01:22.623000,15.0,4.0,,,0 days 00:00:20.506000,0 days 00:00:39.416000,0 days 00:00:22.701000,0 days 00:48:28.518000,0 days 00:49:07.934000,0 days 00:49:30.635000,188.0,184.0,265.0,279.0,True,SOFT,2.0,True,Williams,0 days 00:48:08.012000,2026-06-06 14:33:54.322,1,,False,,False,True
0 days 00:50:44.571000,SAI,55,0 days 00:01:13.936000,16.0,4.0,,,0 days 00:00:19.443000,0 days 00:00:34.830000,0 days 00:00:19.663000,0 days 00:49:50.078000,0 days 00:50:24.908000,0 days 00:50:44.571000,214.0,197.0,266.0,284.0,True,SOFT,3.0,True,Williams,0 days 00:49:30.635000,2026-06-06 14:35:16.945,1,,False,,False,True
0 days 00:52:20.591000,SAI,55,0 days 00:01:36.020000,17.0,4.0,,,0 days 00:00:26.276000,0 days 00:00:48.513000,0 days 00:00:21.231000,0 days 00:51:10.847000,0 days 00:51:59.360000,0 days 00:52:20.591000,71.0,182.0,265.0,242.0,False,SOFT,4.0,True,Williams,0 days 00:50:44.571000,2026-06-06 14:36:30.881,1,,False,,False,True
0 days 00:53:34.714000,SAI,55,0 days 00:01:14.123000,18.0,4.0,,,0 days 00:00:19.491000,0 days 00:00:34.913000,0 days 00:00:19.719000,0 days 00:52:40.082000,0 days 00:53:14.995000,0 days 00:53:34.714000,213.0,193.0,265.0,282.0,False,SOFT,5.0,True,Williams,0 days 00:52:20.591000,2026-06-06 14:38:06.901,1,,False,,False,True
0 days 00:56:57.714000,SAI,55,,19.0,4.0,,0 days 00:54:58.835000,0 days 00:00:26.966000,0 days 00:00:41.655000,,0 days 00:54:01.718000,0 days 00:54:43.424000,,86.0,174.0,,242.0,False,SOFT,6.0,True,Williams,0 days 00:53:34.714000,2026-06-06 14:39:21.024,1,,False,,False,False
0 days 00:58:28.838000,SAI,55,0 days 00:01:31.124000,20.0,5.0,0 days 00:56:58.349000,,0 days 00:00:25.941000,0 days 00:00:42.934000,0 days 00:00:22.249000,0 days 00:57:23.655000,0 days 00:58:06.589000,0 days 00:58:28.838000,160.0,183.0,256.0,275.0,False,SOFT,1.0,True,Williams,0 days 00:56:57.714000,2026-06-06 14:42:44.024,1,,False,,False,False
0 days 00:59:50.982000,SAI,55,0 days 00:01:22.144000,21.0,5.0,,,0 days 00:00:20.556000,0 days 00:00:41.247000,0 days 00:00:20.341000,0 days 00:58:49.394000,0 days 00:59:30.641000,0 days 00:59:50.982000,170.0,186.0,266.0,277.0,False,SOFT,2.0,True,Williams,0 days 00:58:28.838000,2026-06-06 14:44:15.148,1,,False,,False,True
0 days 01:01:04.797000,SAI,55,0 days 00:01:13.815000,22.0,5.0,,,0 days 00:00:19.342000,0 days 00:00:34.796000,0 days 00:00:19.677000,0 days 01:00:10.324000,0 days 01:00:45.120000,0 days 01:01:04.797000,214.0,200.0,265.0,282.0,True,SOFT,3.0,True,Williams,0 days 00:59:50.982000,2026-06-06 14:45:37.292,1,,False,,False,True
0 days 01:02:29.315000,SAI,55,,23.0,5.0,,0 days 01:02:29.315000,0 days 00:00:25.635000,0 days 00:00:43.061000,,0 days 01:01:30.484000,0 days 01:02:13.444000,,146.0,157.0,,235.0,False,SOFT,4.0,True,Williams,0 days 01:01:04.797000,2026-06-06 14:46:51.107,1,,False,,False,False
0 days 00:16:24.785000,HUL,27,0 days 00:01:41.262000,1.0,1.0,0 days 00:14:44.558000,,0 days 00:00:35.827000,0 days 00:00:42.468000,0 days 00:00:22.967000,0 days 00:15:19.404000,0 days 00:16:01.886000,0 days 00:16:25.012000,140.0,162.0,262.0,253.0,False,SOFT,1.0,True,Audi,0 days 00:14:44.558000,2026-06-06 14:00:30.868,1,,False,,False,False
0 days 00:17:48.327000,HUL,27,0 days 00:01:23.542000,2.0,1.0,,,0 days 00:00:21.939000,0 days 00:00:38.494000,0 days 00:00:23.109000,0 days 00:16:46.724000,0 days 00:17:25.218000,0 days 00:17:48.327000,179.0,176.0,264.0,276.0,True,SOFT,2.0,True,Audi,0 days 00:16:24.785000,2026-06-06 14:02:11.095,1,,False,,False,True
0 days 00:19:05.422000,HUL,27,0 days 00:01:17.095000,3.0,1.0,,,0 days 00:00:20.515000,0 days 00:00:36.067000,0 days 00:00:20.513000,0 days 00:18:08.842000,0 days 00:18:44.909000,0 days 00:19:05.422000,196.0,188.0,265.0,284.0,True,SOFT,3.0,True,Audi,0 days 00:17:48.327000,2026-06-06 14:03:34.637,1,,False,,False,True
0 days 00:20:20.163000,HUL,27,0 days 00:01:14.741000,4.0,1.0,,,0 days 00:00:19.704000,0 days 00:00:35.140000,0 days 00:00:19.897000,0 days 00:19:25.126000,0 days 00:20:00.266000,0 days 00:20:20.163000,211.0,197.0,266.0,283.0,True,SOFT,4.0,True,Audi,0 days 00:19:05.422000,2026-06-06 14:04:51.732,1,,False,,False,True
0 days 00:22:05.948000,HUL,27,0 days 00:01:45.785000,5.0,1.0,,,0 days 00:00:27.341000,0 days 00:00:54.676000,0 days 00:00:23.768000,0 days 00:20:47.504000,0 days 00:21:42.180000,0 days 00:22:05.948000,90.0,139.0,263.0,173.0,False,SOFT,5.0,True,Audi,0 days 00:20:20.163000,2026-06-06 14:06:06.473,1,,False,,False,True
0 days 00:23:21.325000,HUL,27,0 days 00:01:15.377000,6.0,1.0,,,0 days 00:00:19.954000,0 days 00:00:35.441000,0 days 00:00:19.982000,0 days 00:22:25.902000,0 days 00:23:01.343000,0 days 00:23:21.325000,209.0,198.0,264.0,282.0,False,SOFT,6.0,True,Audi,0 days 00:22:05.948000,2026-06-06 14:07:52.258,1,,False,,False,True
0 days 00:25:11.882000,HUL,27,0 days 00:01:50.557000,7.0,1.0,,0 days 00:24:45.488000,0 days 00:00:24.258000,0 days 00:00:42.919000,0 days 00:00:43.380000,0 days 00:23:45.583000,0 days 00:24:28.502000,0 days 00:25:11.882000,78.0,177.0,,255.0,False,SOFT,7.0,True,Audi,0 days 00:23:21.325000,2026-06-06 14:09:07.635,1,,False,,False,False
0 days 00:26:42.238000,HUL,27,0 days 00:01:30.356000,8.0,2.0,0 days 00:25:12.626000,,0 days 00:00:25.811000,0 days 00:00:42.758000,0 days 00:00:21.787000,0 days 00:25:37.693000,0 days 00:26:20.451000,0 days 00:26:42.238000,176.0,169.0,263.0,265.0,False,SOFT,1.0,True,Audi,0 days 00:25:11.882000,2026-06-06 14:10:58.192,1,,False,,False,False
0 days 00:28:03.239000,HUL,27,0 days 00:01:21.001000,9.0,2.0,,,0 days 00:00:20.286000,0 days 00:00:36.272000,0 days 00:00:24.443000,0 days 00:27:02.524000,0 days 00:27:38.796000,0 days 00:28:03.239000,197.0,188.0,264.0,282.0,False,SOFT,2.0,True,Audi,0 days 00:26:42.238000,2026-06-06 14:12:28.548,1,,False,,False,True
0 days 00:29:17.162000,HUL,27,0 days 00:01:13.923000,10.0,2.0,,,0 days 00:00:19.413000,0 days 00:00:34.962000,0 days 00:00:19.548000,0 days 00:28:22.652000,0 days 00:28:57.614000,0 days 00:29:17.162000,211.0,196.0,265.0,283.0,True,SOFT,3.0,True,Audi,0 days 00:28:03.239000,2026-06-06 14:13:49.549,1,,False,,False,True
0 days 00:47:02.212000,HUL,27,,11.0,2.0,,0 days 00:30:59.747000,0 days 00:00:28.838000,,,0 days 00:29:46.040000,,,111.0,,,283.0,False,SOFT,4.0,True,Audi,0 days 00:29:17.162000,2026-06-06 14:15:03.472,125,,False,,False,False
0 days 00:48:36.705000,HUL,27,0 days 00:01:34.493000,12.0,3.0,0 days 00:47:03.026000,,0 days 00:00:27.604000,0 days 00:00:43.573000,0 days 00:00:23.316000,0 days 00:47:29.816000,0 days 00:48:13.389000,0 days 00:48:36.705000,176.0,175.0,263.0,264.0,False,SOFT,4.0,False,Audi,0 days 00:47:03.026000,2026-06-06 14:32:49.336,1,,True,TRACK LIMITS AT TURN 10 LAP 13 ,False,False
0 days 00:49:58.440000,HUL,27,0 days 00:01:21.735000,13.0,3.0,,,0 days 00:00:20.351000,0 days 00:00:37.579000,0 days 00:00:23.805000,0 days 00:48:57.056000,0 days 00:49:34.635000,0 days 00:49:58.440000,200.0,176.0,263.0,283.0,True,SOFT,5.0,False,Audi,0 days 00:48:36.705000,2026-06-06 14:34:23.015,1,,False,,False,True
0 days 00:51:12.389000,HUL,27,0 days 00:01:13.949000,14.0,3.0,,,0 days 00:00:19.500000,0 days 00:00:34.957000,0 days 00:00:19.492000,0 days 00:50:17.940000,0 days 00:50:52.897000,0 days 00:51:12.389000,216.0,201.0,265.0,283.0,True,SOFT,6.0,False,Audi,0 days 00:49:58.440000,2026-06-06 14:35:44.750,1,,False,,False,True
0 days 00:52:51.530000,HUL,27,0 days 00:01:39.141000,15.0,3.0,,,0 days 00:00:28.645000,0 days 00:00:47.134000,0 days 00:00:23.362000,0 days 00:51:41.034000,0 days 00:52:28.168000,0 days 00:52:51.530000,141.0,88.0,265.0,229.0,False,SOFT,7.0,False,Audi,0 days 00:51:12.389000,2026-06-06 14:36:58.699,1,,False,,False,True
0 days 00:54:05.432000,HUL,27,0 days 00:01:13.902000,16.0,3.0,,,0 days 00:00:19.565000,0 days 00:00:34.871000,0 days 00:00:19.466000,0 days 00:53:11.095000,0 days 00:53:45.966000,0 days 00:54:05.432000,215.0,198.0,266.0,282.0,True,SOFT,8.0,False,Audi,0 days 00:52:51.530000,2026-06-06 14:38:37.840,1,,False,,False,True
0 days 00:56:23.096000,HUL,27,0 days 00:02:17.664000,17.0,3.0,,0 days 00:55:22.290000,0 days 00:00:21.856000,0 days 00:00:39.520000,0 days 00:01:16.288000,0 days 00:54:27.288000,0 days 00:55:06.808000,0 days 00:56:23.096000,182.0,164.0,,254.0,False,SOFT,9.0,False,Audi,0 days 00:54:05.432000,2026-06-06 14:39:51.742,1,,False,,False,False
0 days 00:57:48.048000,HUL,27,0 days 00:01:24.952000,18.0,4.0,0 days 00:56:23.799000,,0 days 00:00:24.368000,0 days 00:00:39.886000,0 days 00:00:20.698000,0 days 00:56:47.464000,0 days 00:57:27.350000,0 days 00:57:48.048000,129.0,183.0,266.0,252.0,False,SOFT,1.0,True,Audi,0 days 00:56:23.096000,2026-06-06 14:42:09.406,1,,False,,False,False
0 days 00:59:13.730000,HUL,27,0 days 00:01:25.682000,19.0,4.0,,,0 days 00:00:19.940000,0 days 00:00:36.616000,0 days 00:00:29.126000,0 days 00:58:07.988000,0 days 00:58:44.604000,0 days 00:59:13.730000,208.0,163.0,254.0,283.0,False,SOFT,2.0,True,Audi,0 days 00:57:48.048000,2026-06-06 14:43:34.358,1,,False,,False,True
0 days 01:00:27.821000,HUL,27,0 days 00:01:14.091000,20.0,4.0,,,0 days 00:00:19.544000,0 days 00:00:35.017000,0 days 00:00:19.530000,0 days 00:59:33.274000,0 days 01:00:08.291000,0 days 01:00:27.821000,214.0,200.0,265.0,283.0,False,SOFT,3.0,True,Audi,0 days 00:59:13.730000,2026-06-06 14:45:00.040,1,,False,,False,True
0 days 01:01:53.463000,HUL,27,,21.0,4.0,,0 days 01:01:53.463000,0 days 00:00:25.936000,0 days 00:00:42.901000,,0 days 01:00:53.843000,0 days 01:01:36.794000,,108.0,163.0,,260.0,False,SOFT,4.0,True,Audi,0 days 01:00:27.821000,2026-06-06 14:46:14.131,1,,False,,False,False
0 days 00:16:03.779000,COL,43,0 days 00:01:40.278000,1.0,1.0,0 days 00:14:24.543000,,0 days 00:00:31.961000,0 days 00:00:43.030000,0 days 00:00:25.287000,0 days 00:14:55.622000,0 days 00:15:38.603000,0 days 00:16:04.031000,153.0,167.0,245.0,255.0,False,SOFT,1.0,True,Alpine,0 days 00:14:24.543000,2026-06-06 14:00:10.853,1,,False,,False,False
0 days 00:17:27.301000,COL,43,0 days 00:01:23.522000,2.0,1.0,,,0 days 00:00:22.187000,0 days 00:00:38.913000,0 days 00:00:22.422000,0 days 00:16:25.966000,0 days 00:17:04.879000,0 days 00:17:27.301000,169.0,156.0,263.0,278.0,True,SOFT,2.0,True,Alpine,0 days 00:16:03.779000,2026-06-06 14:01:50.089,1,,False,,False,True
0 days 00:18:44.357000,COL,43,0 days 00:01:17.056000,3.0,1.0,,,0 days 00:00:20.219000,0 days 00:00:36.111000,0 days 00:00:20.726000,0 days 00:17:47.520000,0 days 00:18:23.631000,0 days 00:18:44.357000,196.0,191.0,264.0,282.0,True,SOFT,3.0,True,Alpine,0 days 00:17:27.301000,2026-06-06 14:03:13.611,1,,False,,False,True
0 days 00:20:00.156000,COL,43,0 days 00:01:15.799000,4.0,1.0,,,0 days 00:00:19.925000,0 days 00:00:35.746000,0 days 00:00:20.128000,0 days 00:19:04.282000,0 days 00:19:40.028000,0 days 00:20:00.156000,200.0,196.0,265.0,284.0,True,SOFT,4.0,True,Alpine,0 days 00:18:44.357000,2026-06-06 14:04:30.667,1,,False,,False,True
0 days 00:22:36.609000,COL,43,,5.0,1.0,,0 days 00:21:23.018000,0 days 00:00:26.093000,0 days 00:00:41.191000,0 days 00:01:29.151000,0 days 00:20:26.392000,0 days 00:21:07.589000,0 days 00:22:36.811000,103.0,175.0,,241.0,False,SOFT,5.0,True,Alpine,0 days 00:20:00.156000,2026-06-06 14:05:46.466,1,,False,,False,False
0 days 00:24:06.583000,COL,43,0 days 00:01:29.974000,6.0,2.0,0 days 00:22:37.359000,,0 days 00:00:27.138000,0 days 00:00:40.894000,0 days 00:00:21.942000,0 days 00:23:03.747000,0 days 00:23:44.641000,0 days 00:24:06.583000,166.0,175.0,248.0,272.0,False,SOFT,1.0,True,Alpine,0 days 00:22:36.609000,2026-06-06 14:08:22.919,1,,False,,False,False
0 days 00:25:31.154000,COL,43,0 days 00:01:24.571000,7.0,2.0,,,0 days 00:00:20.786000,0 days 00:00:37.815000,0 days 00:00:25.970000,0 days 00:24:27.369000,0 days 00:25:05.184000,0 days 00:25:31.154000,187.0,151.0,263.0,281.0,False,SOFT,2.0,True,Alpine,0 days 00:24:06.583000,2026-06-06 14:09:52.893,1,,False,,False,True
0 days 00:26:46.340000,COL,43,0 days 00:01:15.186000,8.0,2.0,,,0 days 00:00:19.708000,0 days 00:00:35.439000,0 days 00:00:20.039000,0 days 00:25:50.862000,0 days 00:26:26.301000,0 days 00:26:46.340000,206.0,193.0,265.0,283.0,True,SOFT,3.0,True,Alpine,0 days 00:25:31.154000,2026-06-06 14:11:17.464,1,,False,,False,True
0 days 00:28:23.992000,COL,43,0 days 00:01:37.652000,9.0,2.0,,,0 days 00:00:28.563000,0 days 00:00:44.879000,0 days 00:00:24.210000,0 days 00:27:14.903000,0 days 00:27:59.782000,0 days 00:28:23.992000,156.0,158.0,263.0,225.0,False,SOFT,4.0,True,Alpine,0 days 00:26:46.340000,2026-06-06 14:12:32.650,1,,False,,False,True
0 days 00:29:38.565000,COL,43,0 days 00:01:14.573000,10.0,2.0,,,0 days 00:00:19.516000,0 days 00:00:35.241000,0 days 00:00:19.816000,0 days 00:28:43.508000,0 days 00:29:18.749000,0 days 00:29:38.565000,204.0,198.0,266.0,284.0,True,SOFT,5.0,True,Alpine,0 days 00:28:23.992000,2026-06-06 14:14:10.302,12,,False,,False,True
0 days 00:36:46.064000,COL,43,,11.0,2.0,,0 days 00:31:25.044000,,,,,,,,,,,False,SOFT,6.0,True,Alpine,0 days 00:29:38.565000,2026-06-06 14:15:24.875,251,,False,,False,False
0 days 00:38:28.412000,COL,43,0 days 00:01:42.348000,12.0,3.0,0 days 00:36:47.035000,,0 days 00:00:38.157000,0 days 00:00:41.747000,0 days 00:00:22.444000,0 days 00:37:24.221000,0 days 00:38:05.968000,0 days 00:38:28.412000,154.0,167.0,264.0,269.0,False,SOFT,7.0,False,Alpine,0 days 00:36:47.035000,2026-06-06 14:22:33.345,1,,False,,False,False
0 days 00:46:21.670000,COL,43,,13.0,3.0,,0 days 00:40:03.577000,0 days 00:00:26.503000,0 days 00:00:49.972000,,0 days 00:38:54.853000,0 days 00:39:44.945000,,125.0,131.0,,147.0,False,SOFT,8.0,False,Alpine,0 days 00:38:28.412000,2026-06-06 14:24:14.722,1,,False,,False,False
0 days 00:47:56.079000,COL,43,0 days 00:01:34.409000,14.0,4.0,0 days 00:46:22.740000,,0 days 00:00:32.057000,0 days 00:00:40.600000,0 days 00:00:21.752000,0 days 00:46:53.727000,0 days 00:47:34.327000,0 days 00:47:56.079000,152.0,176.0,264.0,265.0,False,SOFT,1.0,True,Alpine,0 days 00:46:21.670000,2026-06-06 14:32:07.980,1,,False,,False,False
0 days 00:49:19.738000,COL,43,0 days 00:01:23.659000,15.0,4.0,,,0 days 00:00:20.850000,0 days 00:00:37.989000,0 days 00:00:24.820000,0 days 00:48:16.929000,0 days 00:48:54.918000,0 days 00:49:19.738000,183.0,176.0,265.0,281.0,True,SOFT,2.0,True,Alpine,0 days 00:47:56.079000,2026-06-06 14:33:42.389,1,,False,,False,True
0 days 00:50:37.334000,COL,43,0 days 00:01:17.596000,16.0,4.0,,,0 days 00:00:19.786000,0 days 00:00:35.529000,0 days 00:00:22.281000,0 days 00:49:39.524000,0 days 00:50:15.053000,0 days 00:50:37.334000,199.0,194.0,262.0,284.0,True,SOFT,3.0,True,Alpine,0 days 00:49:19.738000,2026-06-06 14:35:06.048,1,,False,,False,True
0 days 00:51:51.864000,COL,43,0 days 00:01:14.530000,17.0,4.0,,,0 days 00:00:19.660000,0 days 00:00:35.191000,0 days 00:00:19.679000,0 days 00:50:56.994000,0 days 00:51:32.185000,0 days 00:51:51.864000,198.0,196.0,266.0,284.0,True,SOFT,4.0,True,Alpine,0 days 00:50:37.334000,2026-06-06 14:36:23.644,1,,False,,False,True
0 days 00:54:37.846000,COL,43,,18.0,4.0,,0 days 00:53:10.643000,0 days 00:00:22.654000,0 days 00:00:40.567000,,0 days 00:52:14.553000,0 days 00:52:55.217000,,167.0,171.0,,243.0,False,SOFT,5.0,True,Alpine,0 days 00:51:51.864000,2026-06-06 14:37:38.174,1,,False,,False,False
0 days 00:56:07.497000,COL,43,0 days 00:01:29.651000,19.0,5.0,0 days 00:54:38.543000,,0 days 00:00:27.681000,0 days 00:00:39.950000,0 days 00:00:22.020000,0 days 00:55:05.527000,0 days 00:55:45.477000,0 days 00:56:07.497000,166.0,175.0,252.0,277.0,False,SOFT,1.0,True,Alpine,0 days 00:54:37.846000,2026-06-06 14:40:24.156,1,,False,,False,False
0 days 00:57:27.502000,COL,43,0 days 00:01:20.005000,20.0,5.0,,,0 days 00:00:20.909000,0 days 00:00:37.793000,0 days 00:00:21.303000,0 days 00:56:28.406000,0 days 00:57:06.199000,0 days 00:57:27.502000,188.0,184.0,264.0,277.0,False,SOFT,2.0,True,Alpine,0 days 00:56:07.497000,2026-06-06 14:41:53.807,1,,False,,False,True
0 days 00:58:41.497000,COL,43,0 days 00:01:13.995000,21.0,5.0,,,0 days 00:00:19.481000,0 days 00:00:35.010000,0 days 00:00:19.504000,0 days 00:57:46.983000,0 days 00:58:21.993000,0 days 00:58:41.497000,204.0,196.0,265.0,283.0,True,SOFT,3.0,True,Alpine,0 days 00:57:27.502000,2026-06-06 14:43:13.812,1,,False,,False,True
0 days 01:00:17.848000,COL,43,0 days 00:01:36.351000,22.0,5.0,,,0 days 00:00:26.919000,0 days 00:00:47.994000,0 days 00:00:21.438000,0 days 00:59:08.416000,0 days 00:59:56.410000,0 days 01:00:17.848000,160.0,167.0,263.0,170.0,False,SOFT,4.0,True,Alpine,0 days 00:58:41.497000,2026-06-06 14:44:27.807,1,,False,,False,True
0 days 01:01:31.950000,COL,43,0 days 00:01:14.102000,23.0,5.0,,,0 days 00:00:19.304000,0 days 00:00:35.309000,0 days 00:00:19.489000,0 days 01:00:37.152000,0 days 01:01:12.461000,0 days 01:01:31.950000,215.0,199.0,266.0,283.0,False,SOFT,5.0,True,Alpine,0 days 01:00:17.848000,2026-06-06 14:46:04.158,1,,False,,False,True
0 days 01:02:59.691000,COL,43,,24.0,5.0,,0 days 01:02:59.691000,0 days 00:00:26.743000,0 days 00:00:43.430000,,0 days 01:01:58.731000,0 days 01:02:42.232000,,142.0,143.0,,195.0,False,SOFT,6.0,True,Alpine,0 days 01:01:31.950000,2026-06-06 14:47:18.260,1,,False,,False,False
0 days 00:16:28.154000,LIN,41,0 days 00:01:39.676000,1.0,1.0,0 days 00:14:49.390000,,0 days 00:00:34.973000,0 days 00:00:41.927000,0 days 00:00:22.776000,0 days 00:15:23.522000,0 days 00:16:05.464000,0 days 00:16:28.304000,142.0,169.0,256.0,256.0,False,SOFT,1.0,True,Racing Bulls,0 days 00:14:49.390000,2026-06-06 14:00:35.700,1,,False,,False,False
0 days 00:17:53.287000,LIN,41,0 days 00:01:25.133000,2.0,1.0,,,0 days 00:00:21.909000,0 days 00:00:41.784000,0 days 00:00:21.440000,0 days 00:16:50.063000,0 days 00:17:31.847000,0 days 00:17:53.287000,171.0,170.0,264.0,275.0,True,SOFT,2.0,True,Racing Bulls,0 days 00:16:28.154000,2026-06-06 14:02:14.464,1,,False,,False,True
0 days 00:19:09.413000,LIN,41,0 days 00:01:16.126000,3.0,1.0,,,0 days 00:00:20.049000,0 days 00:00:36.072000,0 days 00:00:20.005000,0 days 00:18:13.336000,0 days 00:18:49.408000,0 days 00:19:09.413000,209.0,193.0,265.0,283.0,True,SOFT,3.0,True,Racing Bulls,0 days 00:17:53.287000,2026-06-06 14:03:39.597,1,,False,,False,True
0 days 00:20:44.372000,LIN,41,0 days 00:01:34.959000,4.0,1.0,,,0 days 00:00:25.982000,0 days 00:00:45.065000,0 days 00:00:23.912000,0 days 00:19:35.395000,0 days 00:20:20.460000,0 days 00:20:44.372000,97.0,148.0,262.0,219.0,False,SOFT,4.0,True,Racing Bulls,0 days 00:19:09.413000,2026-06-06 14:04:55.723,1,,False,,False,True
0 days 00:21:59.800000,LIN,41,0 days 00:01:15.428000,5.0,1.0,,,0 days 00:00:19.936000,0 days 00:00:35.652000,0 days 00:00:19.840000,0 days 00:21:04.308000,0 days 00:21:39.960000,0 days 00:21:59.800000,207.0,195.0,265.0,282.0,True,SOFT,5.0,True,Racing Bulls,0 days 00:20:44.372000,2026-06-06 14:06:30.682,1,,False,,False,True
0 days 00:23:36.843000,LIN,41,0 days 00:01:37.043000,6.0,1.0,,0 days 00:23:08.935000,0 days 00:00:19.741000,0 days 00:00:35.637000,0 days 00:00:41.665000,0 days 00:22:19.541000,0 days 00:22:55.178000,0 days 00:23:36.843000,213.0,194.0,,282.0,False,SOFT,6.0,True,Racing Bulls,0 days 00:21:59.800000,2026-06-06 14:07:46.110,1,,False,,False,False
0 days 00:25:13.733000,LIN,41,0 days 00:01:36.890000,7.0,2.0,0 days 00:23:37.501000,,0 days 00:00:33.677000,0 days 00:00:40.538000,0 days 00:00:22.675000,0 days 00:24:10.520000,0 days 00:24:51.058000,0 days 00:25:13.733000,151.0,164.0,256.0,265.0,False,SOFT,1.0,True,Racing Bulls,0 days 00:23:36.843000,2026-06-06 14:09:23.153,1,,False,,False,False
0 days 00:26:35.558000,LIN,41,0 days 00:01:21.825000,8.0,2.0,,,0 days 00:00:21.698000,0 days 00:00:39.178000,0 days 00:00:20.949000,0 days 00:25:35.431000,0 days 00:26:14.609000,0 days 00:26:35.558000,172.0,167.0,263.0,266.0,False,SOFT,2.0,True,Racing Bulls,0 days 00:25:13.733000,2026-06-06 14:11:00.043,1,,False,,False,True
0 days 00:27:50.243000,LIN,41,0 days 00:01:14.685000,9.0,2.0,,,0 days 00:00:19.675000,0 days 00:00:35.363000,0 days 00:00:19.647000,0 days 00:26:55.233000,0 days 00:27:30.596000,0 days 00:27:50.243000,211.0,198.0,266.0,283.0,True,SOFT,3.0,True,Racing Bulls,0 days 00:26:35.558000,2026-06-06 14:12:21.868,1,,False,,False,True
0 days 00:29:26.573000,LIN,41,0 days 00:01:36.330000,10.0,2.0,,,0 days 00:00:27.924000,0 days 00:00:46.325000,0 days 00:00:22.081000,0 days 00:28:18.167000,0 days 00:29:04.492000,0 days 00:29:26.573000,104.0,111.0,264.0,223.0,False,SOFT,4.0,True,Racing Bulls,0 days 00:27:50.243000,2026-06-06 14:13:36.553,1,,False,,False,True
0 days 00:36:54.114000,LIN,41,,11.0,2.0,,0 days 00:30:54.948000,0 days 00:00:19.585000,,,0 days 00:29:46.170000,,,211.0,,,,False,SOFT,5.0,True,Racing Bulls,0 days 00:29:26.573000,2026-06-06 14:15:12.883,125,,False,,False,False
0 days 00:46:53.257000,LIN,41,,12.0,3.0,0 days 00:36:54.114000,0 days 00:38:26.252000,0 days 00:00:39.146000,0 days 00:00:39.187000,,0 days 00:37:31.720000,0 days 00:38:10.933000,,161.0,176.0,,266.0,False,SOFT,1.0,True,Racing Bulls,0 days 00:36:54.114000,2026-06-06 14:22:40.424,1,,False,,False,False
0 days 00:48:29.157000,LIN,41,0 days 00:01:35.900000,13.0,4.0,0 days 00:46:54.171000,,0 days 00:00:35.184000,0 days 00:00:39.404000,0 days 00:00:21.312000,0 days 00:47:28.441000,0 days 00:48:07.845000,0 days 00:48:29.157000,154.0,177.0,259.0,262.0,False,SOFT,2.0,False,Racing Bulls,0 days 00:46:53.257000,2026-06-06 14:32:39.567,1,,False,,False,False
0 days 00:49:51.310000,LIN,41,0 days 00:01:22.153000,14.0,4.0,,,0 days 00:00:20.593000,0 days 00:00:40.955000,0 days 00:00:20.605000,0 days 00:48:49.750000,0 days 00:49:30.705000,0 days 00:49:51.310000,186.0,184.0,265.0,269.0,True,SOFT,3.0,False,Racing Bulls,0 days 00:48:29.157000,2026-06-06 14:34:15.467,1,,False,,False,True
0 days 00:51:05.558000,LIN,41,0 days 00:01:14.248000,15.0,4.0,,,0 days 00:00:19.495000,0 days 00:00:35.153000,0 days 00:00:19.600000,0 days 00:50:10.805000,0 days 00:50:45.958000,0 days 00:51:05.558000,209.0,197.0,265.0,282.0,True,SOFT,4.0,False,Racing Bulls,0 days 00:49:51.310000,2026-06-06 14:35:37.620,1,,False,,False,True
0 days 00:52:39.256000,LIN,41,0 days 00:01:33.698000,16.0,4.0,,,0 days 00:00:26.725000,0 days 00:00:44.055000,0 days 00:00:22.918000,0 days 00:51:32.283000,0 days 00:52:16.338000,0 days 00:52:39.256000,124.0,187.0,262.0,251.0,False,SOFT,5.0,False,Racing Bulls,0 days 00:51:05.558000,2026-06-06 14:36:51.868,1,,False,,False,True
0 days 00:53:53.611000,LIN,41,0 days 00:01:14.355000,17.0,4.0,,,0 days 00:00:19.469000,0 days 00:00:35.016000,0 days 00:00:19.870000,0 days 00:52:58.725000,0 days 00:53:33.741000,0 days 00:53:53.611000,213.0,193.0,265.0,282.0,False,SOFT,6.0,False,Racing Bulls,0 days 00:52:39.256000,2026-06-06 14:38:25.566,1,,False,,False,True
0 days 00:55:57.354000,LIN,41,0 days 00:02:03.743000,18.0,4.0,,0 days 00:55:08.660000,0 days 00:00:21.608000,0 days 00:00:38.706000,0 days 00:01:03.429000,0 days 00:54:15.219000,0 days 00:54:53.925000,0 days 00:55:57.354000,174.0,175.0,,260.0,False,SOFT,7.0,False,Racing Bulls,0 days 00:53:53.611000,2026-06-06 14:39:39.921,1,,False,,False,False
0 days 00:57:34.432000,LIN,41,0 days 00:01:37.078000,19.0,5.0,0 days 00:55:58.103000,,0 days 00:00:28.534000,0 days 00:00:43.126000,0 days 00:00:25.418000,0 days 00:56:25.888000,0 days 00:57:09.014000,0 days 00:57:34.432000,66.0,172.0,257.0,264.0,False,SOFT,1.0,True,Racing Bulls,0 days 00:55:57.354000,2026-06-06 14:41:43.664,1,,False,,False,False
0 days 00:59:01.127000,LIN,41,0 days 00:01:26.695000,20.0,5.0,,,0 days 00:00:20.874000,0 days 00:00:41.837000,0 days 00:00:23.984000,0 days 00:57:55.306000,0 days 00:58:37.143000,0 days 00:59:01.127000,181.0,173.0,258.0,253.0,False,SOFT,2.0,True,Racing Bulls,0 days 00:57:34.432000,2026-06-06 14:43:20.742,1,,False,,False,True
0 days 01:00:28.930000,LIN,41,0 days 00:01:27.803000,21.0,5.0,,,0 days 00:00:19.641000,0 days 00:00:45.858000,0 days 00:00:22.304000,0 days 00:59:20.768000,0 days 01:00:06.626000,0 days 01:00:28.930000,203.0,188.0,264.0,259.0,False,SOFT,3.0,True,Racing Bulls,0 days 00:59:01.127000,2026-06-06 14:44:47.437,1,,False,,False,True
0 days 01:01:43.293000,LIN,41,0 days 00:01:14.363000,22.0,5.0,,,0 days 00:00:19.449000,0 days 00:00:35.254000,0 days 00:00:19.660000,0 days 01:00:48.379000,0 days 01:01:23.633000,0 days 01:01:43.293000,215.0,197.0,266.0,281.0,False,SOFT,4.0,True,Racing Bulls,0 days 01:00:28.930000,2026-06-06 14:46:15.240,1,,False,,False,True
0 days 01:03:09.136000,LIN,41,,23.0,5.0,,0 days 01:03:09.136000,0 days 00:00:23.580000,0 days 00:00:42.944000,,0 days 01:02:06.953000,0 days 01:02:49.943000,,125.0,128.0,,244.0,False,SOFT,5.0,True,Racing Bulls,0 days 01:01:43.293000,2026-06-06 14:47:29.603,1,,False,,False,False
0 days 00:16:45.937000,BOR,5,0 days 00:01:37.275000,1.0,1.0,0 days 00:15:11.045000,,0 days 00:00:33.844000,0 days 00:00:40.689000,0 days 00:00:22.742000,0 days 00:15:42.657000,0 days 00:16:23.195000,0 days 00:16:46.161000,148.0,169.0,262.0,263.0,False,SOFT,1.0,True,Audi,0 days 00:15:11.045000,2026-06-06 14:00:57.355,1,,False,,False,False
0 days 00:18:16.925000,BOR,5,0 days 00:01:30.988000,2.0,1.0,,,0 days 00:00:21.323000,0 days 00:00:42.587000,0 days 00:00:27.078000,0 days 00:17:07.260000,0 days 00:17:49.847000,0 days 00:18:16.925000,179.0,142.0,264.0,281.0,True,SOFT,2.0,True,Audi,0 days 00:16:45.937000,2026-06-06 14:02:32.247,1,,False,,False,True
0 days 00:19:34.330000,BOR,5,0 days 00:01:17.405000,3.0,1.0,,,0 days 00:00:19.916000,0 days 00:00:35.749000,0 days 00:00:21.740000,0 days 00:18:36.841000,0 days 00:19:12.590000,0 days 00:19:34.330000,206.0,195.0,264.0,283.0,True,SOFT,3.0,True,Audi,0 days 00:18:16.925000,2026-06-06 14:04:03.235,1,,False,,False,True
0 days 00:20:49.013000,BOR,5,0 days 00:01:14.683000,4.0,1.0,,,0 days 00:00:19.493000,0 days 00:00:35.314000,0 days 00:00:19.876000,0 days 00:19:53.823000,0 days 00:20:29.137000,0 days 00:20:49.013000,212.0,200.0,265.0,284.0,True,SOFT,4.0,True,Audi,0 days 00:19:34.330000,2026-06-06 14:05:20.640,1,,False,,False,True
0 days 00:22:27.227000,BOR,5,0 days 00:01:38.214000,5.0,1.0,,,0 days 00:00:25.505000,0 days 00:00:48.250000,0 days 00:00:24.459000,0 days 00:21:14.518000,0 days 00:22:02.768000,0 days 00:22:27.227000,166.0,47.0,265.0,269.0,False,SOFT,5.0,True,Audi,0 days 00:20:49.013000,2026-06-06 14:06:35.323,1,,False,,False,True
0 days 00:23:42.337000,BOR,5,0 days 00:01:15.110000,6.0,1.0,,,0 days 00:00:19.523000,0 days 00:00:35.421000,0 days 00:00:20.166000,0 days 00:22:46.750000,0 days 00:23:22.171000,0 days 00:23:42.337000,210.0,196.0,266.0,284.0,False,SOFT,6.0,True,Audi,0 days 00:22:27.227000,2026-06-06 14:08:13.537,1,,False,,False,True
0 days 00:25:37.987000,BOR,5,0 days 00:01:55.650000,7.0,1.0,,0 days 00:25:01.526000,0 days 00:00:21.686000,0 days 00:00:40.740000,0 days 00:00:53.224000,0 days 00:24:04.023000,0 days 00:24:44.763000,0 days 00:25:37.987000,181.0,182.0,,251.0,False,SOFT,7.0,True,Audi,0 days 00:23:42.337000,2026-06-06 14:09:28.647,1,,False,,False,False
0 days 00:27:11.578000,BOR,5,0 days 00:01:33.591000,8.0,2.0,0 days 00:25:38.786000,,0 days 00:00:29.012000,0 days 00:00:41.828000,0 days 00:00:22.751000,0 days 00:26:06.999000,0 days 00:26:48.827000,0 days 00:27:11.578000,151.0,177.0,264.0,266.0,False,SOFT,1.0,True,Audi,0 days 00:25:37.987000,2026-06-06 14:11:24.297,1,,False,,False,False
0 days 00:28:46.647000,BOR,5,0 days 00:01:35.069000,9.0,2.0,,,0 days 00:00:20.792000,0 days 00:00:46.290000,0 days 00:00:27.987000,0 days 00:27:32.370000,0 days 00:28:18.660000,0 days 00:28:46.647000,181.0,166.0,262.0,281.0,False,SOFT,2.0,True,Audi,0 days 00:27:11.578000,2026-06-06 14:12:57.888,1,,True,TRACK LIMITS AT TURN 10 LAP 10 ,False,True
0 days 00:33:11.150000,BOR,5,,10.0,2.0,,0 days 00:33:11.150000,0 days 00:00:19.531000,0 days 00:00:46.290000,,0 days 00:29:06.226000,0 days 00:33:11.150000,,209.0,,,283.0,False,SOFT,3.0,True,Audi,0 days 00:28:46.647000,2026-06-06 14:14:32.957,125,,False,,False,False
0 days 00:16:17.801000,OCO,31,0 days 00:01:40.338000,1.0,1.0,0 days 00:14:39.763000,,0 days 00:00:37.520000,0 days 00:00:40.355000,0 days 00:00:22.463000,0 days 00:15:15.141000,0 days 00:15:55.475000,0 days 00:16:18.117000,153.0,173.0,257.0,258.0,False,SOFT,1.0,True,Haas F1 Team,0 days 00:14:39.763000,2026-06-06 14:00:26.073,1,,False,,False,False
0 days 00:17:40.602000,OCO,31,0 days 00:01:22.801000,2.0,1.0,,,0 days 00:00:21.102000,0 days 00:00:38.101000,0 days 00:00:23.598000,0 days 00:16:38.903000,0 days 00:17:17.004000,0 days 00:17:40.602000,177.0,176.0,263.0,280.0,True,SOFT,2.0,True,Haas F1 Team,0 days 00:16:17.801000,2026-06-06 14:02:04.111,1,,False,,False,True
0 days 00:18:57.221000,OCO,31,0 days 00:01:16.619000,3.0,1.0,,,0 days 00:00:20.138000,0 days 00:00:36.041000,0 days 00:00:20.440000,0 days 00:18:00.740000,0 days 00:18:36.781000,0 days 00:18:57.221000,195.0,177.0,265.0,281.0,True,SOFT,3.0,True,Haas F1 Team,0 days 00:17:40.602000,2026-06-06 14:03:26.912,1,,False,,False,True
0 days 00:20:12.564000,OCO,31,0 days 00:01:15.343000,4.0,1.0,,,0 days 00:00:19.851000,0 days 00:00:35.431000,0 days 00:00:20.061000,0 days 00:19:17.072000,0 days 00:19:52.503000,0 days 00:20:12.564000,198.0,197.0,264.0,282.0,True,SOFT,4.0,True,Haas F1 Team,0 days 00:18:57.221000,2026-06-06 14:04:43.531,1,,False,,False,True
0 days 00:21:53.268000,OCO,31,0 days 00:01:40.704000,5.0,1.0,,,0 days 00:00:31.546000,0 days 00:00:46.696000,0 days 00:00:22.462000,0 days 00:20:44.110000,0 days 00:21:30.806000,0 days 00:21:53.268000,105.0,172.0,262.0,252.0,False,SOFT,5.0,True,Haas F1 Team,0 days 00:20:12.564000,2026-06-06 14:05:58.874,1,,False,,False,True
0 days 00:23:08.311000,OCO,31,0 days 00:01:15.043000,6.0,1.0,,,0 days 00:00:19.773000,0 days 00:00:35.361000,0 days 00:00:19.909000,0 days 00:22:13.041000,0 days 00:22:48.402000,0 days 00:23:08.311000,202.0,194.0,264.0,281.0,True,SOFT,6.0,True,Haas F1 Team,0 days 00:21:53.268000,2026-06-06 14:07:39.578,1,,False,,False,True
0 days 00:24:50.975000,OCO,31,0 days 00:01:42.664000,7.0,1.0,,0 days 00:24:23.785000,0 days 00:00:20.580000,0 days 00:00:38.637000,0 days 00:00:43.447000,0 days 00:23:28.891000,0 days 00:24:07.528000,0 days 00:24:50.975000,173.0,166.0,,265.0,False,SOFT,7.0,True,Haas F1 Team,0 days 00:23:08.311000,2026-06-06 14:08:54.621,1,,False,,False,False
0 days 00:26:25.630000,OCO,31,0 days 00:01:34.655000,8.0,2.0,0 days 00:24:51.725000,,0 days 00:00:26.709000,0 days 00:00:41.077000,0 days 00:00:26.869000,0 days 00:25:17.684000,0 days 00:25:58.761000,0 days 00:26:25.630000,161.0,172.0,255.0,239.0,False,SOFT,1.0,True,Haas F1 Team,0 days 00:24:50.975000,2026-06-06 14:10:37.285,1,,False,,False,False
0 days 00:27:46.729000,OCO,31,0 days 00:01:21.099000,9.0,2.0,,,0 days 00:00:20.384000,0 days 00:00:37.376000,0 days 00:00:23.339000,0 days 00:26:46.014000,0 days 00:27:23.390000,0 days 00:27:46.729000,190.0,179.0,264.0,281.0,False,SOFT,2.0,True,Haas F1 Team,0 days 00:26:25.630000,2026-06-06 14:12:11.940,1,,True,TRACK LIMITS AT TURN 16 LAP 10 ,False,True
0 days 00:29:01.451000,OCO,31,0 days 00:01:14.722000,10.0,2.0,,,0 days 00:00:19.620000,0 days 00:00:35.247000,0 days 00:00:19.855000,0 days 00:28:06.349000,0 days 00:28:41.596000,0 days 00:29:01.451000,210.0,196.0,264.0,281.0,True,SOFT,3.0,True,Haas F1 Team,0 days 00:27:46.729000,2026-06-06 14:13:33.039,1,,False,,False,True
0 days 00:36:30.703000,OCO,31,,11.0,2.0,,0 days 00:30:36.792000,0 days 00:00:24.932000,,,0 days 00:29:26.550000,,,157.0,,,179.0,False,SOFT,4.0,True,Haas F1 Team,0 days 00:29:01.451000,2026-06-06 14:14:47.761,125,,False,,False,False
0 days 00:38:04.355000,OCO,31,0 days 00:01:33.652000,12.0,3.0,0 days 00:36:32.528000,,0 days 00:00:33.781000,0 days 00:00:38.547000,0 days 00:00:21.324000,0 days 00:37:04.484000,0 days 00:37:43.031000,0 days 00:38:04.355000,164.0,182.0,265.0,263.0,False,SOFT,1.0,True,Haas F1 Team,0 days 00:36:32.528000,2026-06-06 14:22:18.838,1,,False,,False,False
0 days 00:39:19.324000,OCO,31,0 days 00:01:14.969000,13.0,3.0,,,0 days 00:00:19.829000,0 days 00:00:35.340000,0 days 00:00:19.800000,0 days 00:38:24.184000,0 days 00:38:59.524000,0 days 00:39:19.324000,202.0,194.0,264.0,281.0,False,SOFT,2.0,True,Haas F1 Team,0 days 00:38:04.355000,2026-06-06 14:23:50.665,1,,False,,False,True
0 days 00:40:50.489000,OCO,31,,14.0,3.0,,0 days 00:40:50.489000,0 days 00:00:28.162000,0 days 00:00:43.946000,,0 days 00:39:47.611000,0 days 00:40:31.578000,,126.0,149.0,,208.0,False,SOFT,3.0,True,Haas F1 Team,0 days 00:39:19.324000,2026-06-06 14:25:05.634,1,,False,,False,False
0 days 00:15:46.487000,PER,11,,1.0,1.0,0 days 00:14:16.649000,,,0 days 00:00:40.109000,0 days 00:00:22.357000,,0 days 00:15:24.222000,0 days 00:15:46.698000,157.0,170.0,259.0,254.0,False,SOFT,1.0,True,Cadillac,0 days 00:14:16.649000,2026-06-06 14:00:02.959,1,,False,,False,False
0 days 00:17:06.729000,PER,11,0 days 00:01:20.242000,2.0,1.0,,,0 days 00:00:21.249000,0 days 00:00:36.960000,0 days 00:00:22.033000,0 days 00:16:07.736000,0 days 00:16:44.696000,0 days 00:17:06.729000,185.0,187.0,263.0,278.0,True,SOFT,2.0,True,Cadillac,0 days 00:15:46.487000,2026-06-06 14:01:32.797,1,,False,,False,True
0 days 00:18:23.472000,PER,11,0 days 00:01:16.743000,3.0,1.0,,,0 days 00:00:20.452000,0 days 00:00:35.926000,0 days 00:00:20.365000,0 days 00:17:27.181000,0 days 00:18:03.107000,0 days 00:18:23.472000,201.0,189.0,263.0,280.0,True,SOFT,3.0,True,Cadillac,0 days 00:17:06.729000,2026-06-06 14:02:53.039,1,,False,,False,True
0 days 00:19:54.369000,PER,11,0 days 00:01:30.897000,4.0,1.0,,,0 days 00:00:27.472000,0 days 00:00:40.891000,0 days 00:00:22.534000,0 days 00:18:50.944000,0 days 00:19:31.835000,0 days 00:19:54.369000,171.0,155.0,263.0,266.0,False,SOFT,4.0,True,Cadillac,0 days 00:18:23.472000,2026-06-06 14:04:09.782,1,,True,TRACK LIMITS AT TURN 10 LAP 5 ,False,True
0 days 00:21:10.425000,PER,11,0 days 00:01:16.056000,5.0,1.0,,,0 days 00:00:20.098000,0 days 00:00:35.622000,0 days 00:00:20.336000,0 days 00:20:14.467000,0 days 00:20:50.089000,0 days 00:21:10.425000,205.0,193.0,262.0,281.0,True,SOFT,5.0,True,Cadillac,0 days 00:19:54.369000,2026-06-06 14:05:40.679,1,,False,,False,True
0 days 00:25:53.138000,PER,11,,6.0,1.0,,0 days 00:22:32.134000,0 days 00:00:24.483000,0 days 00:00:40.771000,,0 days 00:21:34.944000,0 days 00:22:15.725000,,117.0,168.0,,263.0,False,SOFT,6.0,True,Cadillac,0 days 00:21:10.425000,2026-06-06 14:06:56.735,1,,False,,False,False
0 days 00:27:20.122000,PER,11,0 days 00:01:26.984000,7.0,2.0,0 days 00:25:53.846000,,0 days 00:00:25.074000,0 days 00:00:38.422000,0 days 00:00:23.488000,0 days 00:26:18.212000,0 days 00:26:56.634000,0 days 00:27:20.122000,175.0,181.0,258.0,258.0,False,SOFT,1.0,True,Cadillac,0 days 00:25:53.138000,2026-06-06 14:11:39.448,1,,False,,False,False
0 days 00:28:37.368000,PER,11,0 days 00:01:17.246000,8.0,2.0,,,0 days 00:00:20.341000,0 days 00:00:36.346000,0 days 00:00:20.559000,0 days 00:27:40.463000,0 days 00:28:16.809000,0 days 00:28:37.368000,192.0,192.0,264.0,281.0,False,SOFT,2.0,True,Cadillac,0 days 00:27:20.122000,2026-06-06 14:13:06.432,1,,False,,False,True
0 days 00:29:52.115000,PER,11,0 days 00:01:14.747000,9.0,2.0,,,0 days 00:00:19.485000,0 days 00:00:35.304000,0 days 00:00:19.958000,0 days 00:28:56.853000,0 days 00:29:32.157000,0 days 00:29:52.115000,217.0,195.0,264.0,282.0,True,SOFT,3.0,True,Cadillac,0 days 00:28:37.368000,2026-06-06 14:14:23.678,12,,False,,False,True
0 days 00:36:16.089000,PER,11,,10.0,2.0,,0 days 00:31:31.949000,,,,,,,,,,,False,SOFT,4.0,True,Cadillac,0 days 00:29:52.115000,2026-06-06 14:15:38.425,251,,False,,False,False
0 days 00:37:40.312000,PER,11,,11.0,3.0,0 days 00:36:16.089000,,,0 days 00:00:37.977000,0 days 00:00:20.931000,,0 days 00:37:19.381000,0 days 00:37:40.596000,185.0,180.0,263.0,251.0,False,SOFT,4.0,False,Cadillac,0 days 00:36:16.089000,2026-06-06 14:22:02.399,1,,False,,False,False
0 days 00:38:51.953000,PER,11,,12.0,3.0,,0 days 00:38:51.953000,0 days 00:00:20.082000,0 days 00:00:36.395000,,0 days 00:38:00.492000,0 days 00:38:36.953000,,209.0,187.0,,280.0,False,SOFT,5.0,False,Cadillac,0 days 00:37:40.312000,2026-06-06 14:23:26.622,1,,False,,False,False
0 days 00:16:12.554000,BEA,87,0 days 00:01:39.025000,1.0,1.0,0 days 00:14:34.742000,,0 days 00:00:35.724000,0 days 00:00:40.889000,0 days 00:00:22.412000,0 days 00:15:09.311000,0 days 00:15:50.274000,0 days 00:16:12.842000,144.0,172.0,249.0,255.0,False,SOFT,1.0,True,Haas F1 Team,0 days 00:14:34.742000,2026-06-06 14:00:21.052,1,,False,,False,False
0 days 00:17:35.862000,BEA,87,0 days 00:01:23.308000,2.0,1.0,,,0 days 00:00:21.467000,0 days 00:00:37.748000,0 days 00:00:24.093000,0 days 00:16:34.021000,0 days 00:17:11.769000,0 days 00:17:35.862000,184.0,184.0,262.0,263.0,True,SOFT,2.0,True,Haas F1 Team,0 days 00:16:12.554000,2026-06-06 14:01:58.864,1,,False,,False,True
0 days 00:18:51.798000,BEA,87,0 days 00:01:15.936000,3.0,1.0,,,0 days 00:00:20.143000,0 days 00:00:35.650000,0 days 00:00:20.143000,0 days 00:17:56.005000,0 days 00:18:31.655000,0 days 00:18:51.798000,203.0,190.0,263.0,280.0,True,SOFT,3.0,True,Haas F1 Team,0 days 00:17:35.862000,2026-06-06 14:03:22.172,1,,False,,False,True
0 days 00:20:19.522000,BEA,87,0 days 00:01:27.724000,4.0,1.0,,,0 days 00:00:24.655000,0 days 00:00:41.294000,0 days 00:00:21.775000,0 days 00:19:16.453000,0 days 00:19:57.747000,0 days 00:20:19.522000,75.0,179.0,263.0,266.0,False,SOFT,4.0,True,Haas F1 Team,0 days 00:18:51.798000,2026-06-06 14:04:38.108,1,,False,,False,True
0 days 00:21:34.868000,BEA,87,0 days 00:01:15.346000,5.0,1.0,,,0 days 00:00:20.077000,0 days 00:00:35.379000,0 days 00:00:19.890000,0 days 00:20:39.599000,0 days 00:21:14.978000,0 days 00:21:34.868000,205.0,192.0,264.0,281.0,True,SOFT,5.0,True,Haas F1 Team,0 days 00:20:19.522000,2026-06-06 14:06:05.832,1,,False,,False,True
0 days 00:23:05.731000,BEA,87,0 days 00:01:30.863000,6.0,1.0,,,0 days 00:00:25.230000,0 days 00:00:44.284000,0 days 00:00:21.349000,0 days 00:22:00.098000,0 days 00:22:44.382000,0 days 00:23:05.731000,139.0,169.0,264.0,260.0,False,SOFT,6.0,True,Haas F1 Team,0 days 00:21:34.868000,2026-06-06 14:07:21.178,1,,False,,False,True
0 days 00:24:20.636000,BEA,87,0 days 00:01:14.905000,7.0,1.0,,,0 days 00:00:19.748000,0 days 00:00:35.178000,0 days 00:00:19.979000,0 days 00:23:25.479000,0 days 00:24:00.657000,0 days 00:24:20.636000,213.0,196.0,261.0,280.0,True,SOFT,7.0,True,Haas F1 Team,0 days 00:23:05.731000,2026-06-06 14:08:52.041,1,,False,,False,True
0 days 00:26:08.238000,BEA,87,0 days 00:01:47.602000,8.0,1.0,,0 days 00:25:41.559000,0 days 00:00:25.187000,0 days 00:00:39.782000,0 days 00:00:42.633000,0 days 00:24:45.823000,0 days 00:25:25.605000,0 days 00:26:08.238000,176.0,168.0,,211.0,False,SOFT,8.0,True,Haas F1 Team,0 days 00:24:20.636000,2026-06-06 14:10:06.946,1,,False,,False,False
0 days 00:27:41.065000,BEA,87,0 days 00:01:32.827000,9.0,2.0,0 days 00:26:08.962000,,0 days 00:00:30.682000,0 days 00:00:40.466000,0 days 00:00:21.679000,0 days 00:26:38.920000,0 days 00:27:19.386000,0 days 00:27:41.065000,77.0,174.0,254.0,264.0,False,SOFT,1.0,True,Haas F1 Team,0 days 00:26:08.238000,2026-06-06 14:11:54.548,1,,False,,False,False
0 days 00:29:02.824000,BEA,87,0 days 00:01:21.759000,10.0,2.0,,,0 days 00:00:21.104000,0 days 00:00:37.965000,0 days 00:00:22.690000,0 days 00:28:02.169000,0 days 00:28:40.134000,0 days 00:29:02.824000,178.0,176.0,263.0,264.0,False,SOFT,2.0,True,Haas F1 Team,0 days 00:27:41.065000,2026-06-06 14:13:27.375,1,,False,,False,True
0 days 00:36:27.569000,BEA,87,,11.0,2.0,,0 days 00:30:34.148000,0 days 00:00:19.566000,,,0 days 00:29:22.570000,,,213.0,,,260.0,False,SOFT,3.0,True,Haas F1 Team,0 days 00:29:02.824000,2026-06-06 14:14:49.134,125,,False,,False,False
0 days 00:38:01.691000,BEA,87,0 days 00:01:34.122000,12.0,3.0,0 days 00:36:29.464000,,0 days 00:00:33.500000,0 days 00:00:38.370000,0 days 00:00:22.252000,0 days 00:37:01.069000,0 days 00:37:39.439000,0 days 00:38:01.691000,167.0,186.0,264.0,261.0,False,SOFT,1.0,True,Haas F1 Team,0 days 00:36:29.464000,2026-06-06 14:22:15.774,1,,False,,False,False
0 days 00:39:16.505000,BEA,87,0 days 00:01:14.814000,13.0,3.0,,,0 days 00:00:19.699000,0 days 00:00:35.214000,0 days 00:00:19.901000,0 days 00:38:21.390000,0 days 00:38:56.604000,0 days 00:39:16.505000,211.0,200.0,262.0,281.0,True,SOFT,2.0,True,Haas F1 Team,0 days 00:38:01.691000,2026-06-06 14:23:48.001,1,,False,,False,True
0 days 00:40:48.719000,BEA,87,,14.0,3.0,,0 days 00:40:48.719000,0 days 00:00:28.550000,0 days 00:00:44.981000,,0 days 00:39:45.153000,0 days 00:40:30.075000,,124.0,125.0,,203.0,False,SOFT,3.0,True,Haas F1 Team,0 days 00:39:16.505000,2026-06-06 14:25:02.815,1,,False,,False,False
0 days 00:15:54.422000,BOT,77,0 days 00:01:35.853000,1.0,1.0,0 days 00:14:20.223000,,0 days 00:00:30.440000,0 days 00:00:42.177000,0 days 00:00:23.236000,0 days 00:14:49.197000,0 days 00:15:31.344000,0 days 00:15:54.740000,156.0,162.0,260.0,252.0,False,SOFT,1.0,True,Cadillac,0 days 00:14:20.223000,2026-06-06 14:00:06.533,1,,False,,False,False
0 days 00:17:16.178000,BOT,77,0 days 00:01:21.756000,2.0,1.0,,,0 days 00:00:22.226000,0 days 00:00:38.039000,0 days 00:00:21.491000,0 days 00:16:16.648000,0 days 00:16:54.687000,0 days 00:17:16.178000,182.0,179.0,262.0,278.0,True,SOFT,2.0,True,Cadillac,0 days 00:15:54.422000,2026-06-06 14:01:40.732,1,,False,,False,True
0 days 00:18:33.353000,BOT,77,0 days 00:01:17.175000,3.0,1.0,,,0 days 00:00:20.380000,0 days 00:00:36.103000,0 days 00:00:20.692000,0 days 00:17:36.558000,0 days 00:18:12.661000,0 days 00:18:33.353000,204.0,185.0,263.0,280.0,True,SOFT,3.0,True,Cadillac,0 days 00:17:16.178000,2026-06-06 14:03:02.488,1,,False,,False,True
0 days 00:20:06.062000,BOT,77,0 days 00:01:32.709000,4.0,1.0,,,0 days 00:00:24.741000,0 days 00:00:43.604000,0 days 00:00:24.364000,0 days 00:18:58.094000,0 days 00:19:41.698000,0 days 00:20:06.062000,175.0,165.0,261.0,266.0,False,SOFT,4.0,True,Cadillac,0 days 00:18:33.353000,2026-06-06 14:04:19.663,1,,False,,False,True
0 days 00:21:22.434000,BOT,77,0 days 00:01:16.372000,5.0,1.0,,,0 days 00:00:20.283000,0 days 00:00:35.909000,0 days 00:00:20.180000,0 days 00:20:26.345000,0 days 00:21:02.254000,0 days 00:21:22.434000,209.0,188.0,263.0,280.0,True,SOFT,5.0,True,Cadillac,0 days 00:20:06.062000,2026-06-06 14:05:52.372,1,,False,,False,True
0 days 00:22:57.091000,BOT,77,0 days 00:01:34.657000,6.0,1.0,,,0 days 00:00:24.332000,0 days 00:00:46.572000,0 days 00:00:23.753000,0 days 00:21:46.766000,0 days 00:22:33.338000,0 days 00:22:57.091000,77.0,151.0,263.0,236.0,False,SOFT,6.0,True,Cadillac,0 days 00:21:22.434000,2026-06-06 14:07:08.744,1,,False,,False,True
0 days 00:26:51.810000,BOT,77,,7.0,1.0,,0 days 00:24:09.835000,0 days 00:00:20.126000,0 days 00:00:37.027000,,0 days 00:23:17.363000,0 days 00:23:54.372000,,206.0,173.0,,280.0,False,SOFT,7.0,True,Cadillac,0 days 00:22:57.091000,2026-06-06 14:08:43.401,1,,False,,False,False
0 days 00:28:30.222000,BOT,77,0 days 00:01:38.412000,8.0,2.0,0 days 00:26:52.634000,,0 days 00:00:29.315000,0 days 00:00:46.811000,0 days 00:00:22.286000,0 days 00:27:21.125000,0 days 00:28:07.936000,0 days 00:28:30.222000,89.0,168.0,264.0,259.0,False,SOFT,1.0,True,Cadillac,0 days 00:26:51.810000,2026-06-06 14:12:38.120,1,,False,,False,False
0 days 00:29:45.514000,BOT,77,0 days 00:01:15.292000,9.0,2.0,,,0 days 00:00:19.963000,0 days 00:00:35.420000,0 days 00:00:19.909000,0 days 00:28:50.185000,0 days 00:29:25.605000,0 days 00:29:45.514000,208.0,188.0,264.0,281.0,True,SOFT,2.0,True,Cadillac,0 days 00:28:30.222000,2026-06-06 14:14:16.532,12,,False,,False,True
0 days 00:36:17.341000,BOT,77,,10.0,2.0,,0 days 00:31:26.715000,,,,,,,,,,,False,SOFT,3.0,True,Cadillac,0 days 00:29:45.514000,2026-06-06 14:15:31.824,251,,False,,False,False
0 days 00:37:46.873000,BOT,77,0 days 00:01:29.532000,11.0,3.0,0 days 00:36:19.456000,,0 days 00:00:29.178000,0 days 00:00:38.945000,0 days 00:00:21.409000,0 days 00:36:46.519000,0 days 00:37:25.464000,0 days 00:37:46.873000,186.0,180.0,263.0,250.0,False,SOFT,4.0,False,Cadillac,0 days 00:36:19.456000,2026-06-06 14:22:05.766,1,,False,,False,False
0 days 00:39:02.156000,BOT,77,0 days 00:01:15.283000,12.0,3.0,,,0 days 00:00:19.862000,0 days 00:00:35.430000,0 days 00:00:19.991000,0 days 00:38:06.735000,0 days 00:38:42.165000,0 days 00:39:02.156000,210.0,190.0,262.0,280.0,True,SOFT,5.0,False,Cadillac,0 days 00:37:46.873000,2026-06-06 14:23:33.183,1,,False,,False,True
0 days 00:40:38.994000,BOT,77,,13.0,3.0,,0 days 00:40:38.994000,0 days 00:00:27.976000,0 days 00:00:50.026000,,0 days 00:39:30.291000,0 days 00:40:20.231000,,124.0,120.0,,176.0,False,SOFT,6.0,False,Cadillac,0 days 00:39:02.156000,2026-06-06 14:24:48.466,1,,False,,False,False
0 days 00:16:49.480000,ALO,14,0 days 00:01:32.384000,1.0,1.0,0 days 00:15:19.498000,,0 days 00:00:29.753000,0 days 00:00:39.714000,0 days 00:00:22.917000,0 days 00:15:46.880000,0 days 00:16:26.680000,0 days 00:16:49.824000,162.0,172.0,246.0,260.0,False,SOFT,1.0,True,Aston Martin,0 days 00:15:19.498000,2026-06-06 14:01:05.808,1,,False,,False,False
0 days 00:18:21.807000,ALO,14,0 days 00:01:32.327000,2.0,1.0,,,0 days 00:00:21.593000,0 days 00:00:44.858000,0 days 00:00:25.876000,0 days 00:17:11.073000,0 days 00:17:55.931000,0 days 00:18:21.807000,182.0,170.0,255.0,260.0,True,SOFT,2.0,True,Aston Martin,0 days 00:16:49.480000,2026-06-06 14:02:35.790,1,,False,,False,True
0 days 00:19:37.880000,ALO,14,0 days 00:01:16.073000,3.0,1.0,,,0 days 00:00:20.077000,0 days 00:00:35.869000,0 days 00:00:20.127000,0 days 00:18:41.884000,0 days 00:19:17.753000,0 days 00:19:37.880000,205.0,191.0,257.0,277.0,True,SOFT,3.0,True,Aston Martin,0 days 00:18:21.807000,2026-06-06 14:04:08.117,1,,False,,False,True
0 days 00:21:07.068000,ALO,14,0 days 00:01:29.188000,4.0,1.0,,,0 days 00:00:24.692000,0 days 00:00:41.512000,0 days 00:00:22.984000,0 days 00:20:02.572000,0 days 00:20:44.084000,0 days 00:21:07.068000,164.0,169.0,255.0,260.0,False,SOFT,4.0,True,Aston Martin,0 days 00:19:37.880000,2026-06-06 14:05:24.190,1,,False,,False,True
0 days 00:22:23.098000,ALO,14,0 days 00:01:16.030000,5.0,1.0,,,0 days 00:00:19.963000,0 days 00:00:35.838000,0 days 00:00:20.229000,0 days 00:21:27.031000,0 days 00:22:02.869000,0 days 00:22:23.098000,206.0,188.0,259.0,276.0,True,SOFT,5.0,True,Aston Martin,0 days 00:21:07.068000,2026-06-06 14:06:53.378,1,,False,,False,True
0 days 00:24:13.470000,ALO,14,0 days 00:01:50.372000,6.0,1.0,,0 days 00:23:44.827000,0 days 00:00:23.636000,0 days 00:00:41.734000,0 days 00:00:45.002000,0 days 00:22:46.734000,0 days 00:23:28.468000,0 days 00:24:13.470000,91.0,171.0,,239.0,False,SOFT,6.0,True,Aston Martin,0 days 00:22:23.098000,2026-06-06 14:08:09.408,1,,False,,False,False
0 days 00:25:46.893000,ALO,14,0 days 00:01:33.423000,7.0,2.0,0 days 00:24:14.141000,,0 days 00:00:26.496000,0 days 00:00:41.472000,0 days 00:00:25.455000,0 days 00:24:39.966000,0 days 00:25:21.438000,0 days 00:25:46.893000,168.0,174.0,247.0,260.0,False,SOFT,1.0,True,Aston Martin,0 days 00:24:13.470000,2026-06-06 14:09:59.780,1,,False,,False,False
0 days 00:27:10.382000,ALO,14,0 days 00:01:23.489000,8.0,2.0,,,0 days 00:00:21.372000,0 days 00:00:39.444000,0 days 00:00:22.673000,0 days 00:26:08.265000,0 days 00:26:47.709000,0 days 00:27:10.382000,184.0,177.0,257.0,265.0,False,SOFT,2.0,True,Aston Martin,0 days 00:25:46.893000,2026-06-06 14:11:33.203,1,,False,,False,True
0 days 00:28:25.731000,ALO,14,0 days 00:01:15.349000,9.0,2.0,,,0 days 00:00:19.764000,0 days 00:00:35.556000,0 days 00:00:20.029000,0 days 00:27:30.146000,0 days 00:28:05.702000,0 days 00:28:25.731000,208.0,192.0,259.0,278.0,True,SOFT,3.0,True,Aston Martin,0 days 00:27:10.382000,2026-06-06 14:12:56.692,1,,False,,False,True
0 days 00:30:01.899000,ALO,14,0 days 00:01:36.168000,10.0,2.0,,,0 days 00:00:22.595000,0 days 00:00:49.315000,0 days 00:00:24.258000,0 days 00:28:48.326000,0 days 00:29:37.641000,0 days 00:30:01.899000,176.0,173.0,243.0,242.0,False,SOFT,4.0,True,Aston Martin,0 days 00:28:25.731000,2026-06-06 14:14:12.041,12,,False,,False,True
0 days 00:36:37.029000,ALO,14,,11.0,2.0,,0 days 00:31:37.172000,,,,,,,,,,,False,SOFT,5.0,True,Aston Martin,0 days 00:30:01.899000,2026-06-06 14:15:48.209,251,,False,,False,False
0 days 00:38:12.031000,ALO,14,0 days 00:01:35.002000,12.0,3.0,0 days 00:36:37.999000,,0 days 00:00:31.637000,0 days 00:00:41.229000,0 days 00:00:22.136000,0 days 00:37:08.666000,0 days 00:37:49.895000,0 days 00:38:12.031000,181.0,179.0,258.0,257.0,False,SOFT,6.0,False,Aston Martin,0 days 00:36:37.999000,2026-06-06 14:22:24.309,1,,False,,False,False
0 days 00:39:21.853000,ALO,14,,13.0,3.0,,0 days 00:39:21.853000,0 days 00:00:19.896000,0 days 00:00:35.568000,,0 days 00:38:31.906000,0 days 00:39:07.505000,,209.0,192.0,,276.0,False,SOFT,7.0,False,Aston Martin,0 days 00:38:12.031000,2026-06-06 14:23:58.341,1,,False,,False,False
0 days 00:16:55.291000,STR,18,0 days 00:01:34.511000,1.0,1.0,0 days 00:15:21.968000,,0 days 00:00:32.358000,0 days 00:00:39.725000,0 days 00:00:22.428000,0 days 00:15:53.237000,0 days 00:16:32.960000,0 days 00:16:55.545000,169.0,171.0,245.0,258.0,False,SOFT,1.0,True,Aston Martin,0 days 00:15:21.968000,2026-06-06 14:01:08.278,1,,False,,False,False
0 days 00:18:27.241000,STR,18,0 days 00:01:31.950000,2.0,1.0,,,0 days 00:00:21.533000,0 days 00:00:41.312000,0 days 00:00:29.105000,0 days 00:17:16.824000,0 days 00:17:58.136000,0 days 00:18:27.241000,186.0,171.0,252.0,251.0,True,SOFT,2.0,True,Aston Martin,0 days 00:16:55.291000,2026-06-06 14:02:41.601,1,,False,,False,True
0 days 00:19:44.206000,STR,18,0 days 00:01:16.965000,3.0,1.0,,,0 days 00:00:20.441000,0 days 00:00:36.140000,0 days 00:00:20.384000,0 days 00:18:47.682000,0 days 00:19:23.822000,0 days 00:19:44.206000,206.0,189.0,258.0,276.0,True,SOFT,3.0,True,Aston Martin,0 days 00:18:27.241000,2026-06-06 14:04:13.551,1,,False,,False,True
0 days 00:21:13.897000,STR,18,0 days 00:01:29.691000,4.0,1.0,,,0 days 00:00:22.665000,0 days 00:00:40.335000,0 days 00:00:26.691000,0 days 00:20:06.871000,0 days 00:20:47.206000,0 days 00:21:13.897000,169.0,174.0,256.0,261.0,False,SOFT,4.0,True,Aston Martin,0 days 00:19:44.206000,2026-06-06 14:05:30.516,1,,False,,False,True
0 days 00:22:29.958000,STR,18,0 days 00:01:16.061000,5.0,1.0,,,0 days 00:00:20.050000,0 days 00:00:35.799000,0 days 00:00:20.212000,0 days 00:21:33.947000,0 days 00:22:09.746000,0 days 00:22:29.958000,209.0,193.0,259.0,276.0,True,SOFT,5.0,True,Aston Martin,0 days 00:21:13.897000,2026-06-06 14:07:00.207,1,,False,,False,True
0 days 00:24:18.601000,STR,18,0 days 00:01:48.643000,6.0,1.0,,0 days 00:23:49.394000,0 days 00:00:22.774000,0 days 00:00:39.767000,0 days 00:00:46.102000,0 days 00:22:52.732000,0 days 00:23:32.499000,0 days 00:24:18.601000,170.0,163.0,,261.0,False,SOFT,6.0,True,Aston Martin,0 days 00:22:29.958000,2026-06-06 14:08:16.268,1,,False,,False,False
0 days 00:25:50.166000,STR,18,0 days 00:01:31.565000,7.0,2.0,0 days 00:24:19.335000,,0 days 00:00:28.920000,0 days 00:00:40.254000,0 days 00:00:22.391000,0 days 00:24:47.521000,0 days 00:25:27.775000,0 days 00:25:50.166000,95.0,177.0,246.0,260.0,False,SOFT,1.0,True,Aston Martin,0 days 00:24:18.601000,2026-06-06 14:10:04.911,1,,False,,False,False
0 days 00:27:15.917000,STR,18,0 days 00:01:25.751000,8.0,2.0,,,0 days 00:00:21.198000,0 days 00:00:38.970000,0 days 00:00:25.583000,0 days 00:26:11.364000,0 days 00:26:50.334000,0 days 00:27:15.917000,192.0,156.0,258.0,259.0,False,SOFT,2.0,True,Aston Martin,0 days 00:25:50.166000,2026-06-06 14:11:36.476,1,,False,,False,True
0 days 00:28:33.352000,STR,18,0 days 00:01:17.435000,9.0,2.0,,,0 days 00:00:19.948000,0 days 00:00:35.972000,0 days 00:00:21.515000,0 days 00:27:35.865000,0 days 00:28:11.837000,0 days 00:28:33.352000,212.0,191.0,253.0,276.0,False,SOFT,3.0,True,Aston Martin,0 days 00:27:15.917000,2026-06-06 14:13:02.227,1,,True,TRACK LIMITS AT TURN 16 LAP 10 ,False,True
0 days 00:36:50.281000,STR,18,,10.0,2.0,,0 days 00:30:06.895000,0 days 00:00:28.119000,0 days 00:00:43.381000,,0 days 00:29:01.854000,0 days 00:29:44.940000,,118.0,159.0,,247.0,False,SOFT,4.0,True,Aston Martin,0 days 00:28:33.352000,2026-06-06 14:14:19.662,125,,False,,False,False
0 days 00:38:24.224000,STR,18,,11.0,3.0,0 days 00:36:50.281000,0 days 00:38:24.224000,0 days 00:00:37.572000,0 days 00:00:40.215000,,0 days 00:37:26.867000,0 days 00:38:07.008000,,168.0,173.0,,253.0,False,SOFT,7.0,False,Aston Martin,0 days 00:36:50.281000,2026-06-06 14:22:36.591,1,,False,,False,False
