Time,Driver,DriverNumber,LapTime,LapNumber,Stint,PitOutTime,PitInTime,Sector1Time,Sector2Time,Sector3Time,Sector1SessionTime,Sector2SessionTime,Sector3SessionTime,SpeedI1,SpeedI2,SpeedFL,SpeedST,IsPersonalBest,Compound,TyreLife,FreshTyre,Team,LapStartTime,LapStartDate,TrackStatus,Position,Deleted,DeletedReason,FastF1Generated,IsAccurate
0 days 00:18:17.451000,RUS,63,0 days 00:01:51.876000,1.0,1.0,0 days 00:16:28.955000,,0 days 00:00:41.997000,0 days 00:00:19.351000,0 days 00:00:50.528000,0 days 00:17:07.744000,0 days 00:17:26.947000,0 days 00:18:17.713000,263.0,287.0,273.0,199.0,False,SOFT,1.0,True,Mercedes,0 days 00:16:28.955000,2026-03-07 05:03:47.667,1,,False,,False,False
0 days 00:19:37.291000,RUS,63,0 days 00:01:19.840000,2.0,1.0,,,0 days 00:00:27.990000,0 days 00:00:17.599000,0 days 00:00:34.251000,0 days 00:18:45.441000,0 days 00:19:03.040000,0 days 00:19:37.291000,265.0,278.0,294.0,292.0,True,SOFT,2.0,True,Mercedes,0 days 00:18:17.451000,2026-03-07 05:05:36.163,1,,False,,False,True
0 days 00:21:38.860000,RUS,63,0 days 00:02:01.569000,3.0,1.0,,0 days 00:21:24.695000,0 days 00:00:40.873000,0 days 00:00:22.025000,0 days 00:00:58.671000,0 days 00:20:18.164000,0 days 00:20:40.189000,0 days 00:21:38.860000,222.0,283.0,,201.0,False,SOFT,3.0,True,Mercedes,0 days 00:19:37.291000,2026-03-07 05:06:56.003,1,,False,,False,False
0 days 00:32:02.050000,RUS,63,,4.0,2.0,0 days 00:21:42.023000,0 days 00:23:38.517000,0 days 00:00:46.779000,0 days 00:00:22.489000,,0 days 00:22:25.770000,0 days 00:22:48.254000,,230.0,284.0,,129.0,False,SOFT,4.0,False,Mercedes,0 days 00:21:38.860000,2026-03-07 05:08:57.572,125,,False,,False,False
0 days 00:33:52.363000,RUS,63,0 days 00:01:50.313000,5.0,3.0,0 days 00:32:12.182000,,0 days 00:00:52.390000,0 days 00:00:19.564000,0 days 00:00:38.359000,0 days 00:32:54.440000,0 days 00:33:14.004000,0 days 00:33:52.363000,246.0,284.0,279.0,136.0,False,SOFT,5.0,False,Mercedes,0 days 00:32:12.182000,2026-03-07 05:19:30.894,1,,False,,False,False
0 days 00:35:25.609000,RUS,63,0 days 00:01:33.246000,6.0,3.0,,,0 days 00:00:31.116000,0 days 00:00:23.100000,0 days 00:00:39.030000,0 days 00:34:23.479000,0 days 00:34:46.579000,0 days 00:35:25.609000,267.0,281.0,274.0,248.0,False,SOFT,6.0,False,Mercedes,0 days 00:33:52.363000,2026-03-07 05:21:11.075,1,,False,,False,True
0 days 00:36:45.116000,RUS,63,0 days 00:01:19.507000,7.0,3.0,,,0 days 00:00:27.908000,0 days 00:00:17.413000,0 days 00:00:34.186000,0 days 00:35:53.517000,0 days 00:36:10.930000,0 days 00:36:45.116000,266.0,282.0,301.0,296.0,True,SOFT,7.0,False,Mercedes,0 days 00:35:25.609000,2026-03-07 05:22:44.321,1,,False,,False,True
0 days 00:48:11.335000,RUS,63,,8.0,3.0,,0 days 00:38:31.168000,0 days 00:00:44.215000,0 days 00:00:22.959000,,0 days 00:37:29.408000,0 days 00:37:52.449000,,204.0,281.0,,240.0,False,SOFT,8.0,False,Mercedes,0 days 00:36:45.116000,2026-03-07 05:24:03.828,12,,False,,False,False
0 days 00:50:30.583000,RUS,63,0 days 00:02:19.248000,9.0,4.0,0 days 00:48:36.384000,,0 days 00:01:01.667000,0 days 00:00:23.062000,0 days 00:00:54.519000,0 days 00:49:13.002000,0 days 00:49:36.064000,0 days 00:50:30.583000,254.0,171.0,274.0,197.0,False,SOFT,1.0,True,Mercedes,0 days 00:48:11.335000,2026-03-07 05:35:30.047,1,,True,TRACK LIMITS AT TURN 9 LAP 10 ,False,False
0 days 00:51:49.517000,RUS,63,0 days 00:01:18.934000,10.0,4.0,,,0 days 00:00:27.816000,0 days 00:00:17.287000,0 days 00:00:33.831000,0 days 00:50:58.399000,0 days 00:51:15.686000,0 days 00:51:49.517000,273.0,285.0,301.0,294.0,True,SOFT,2.0,True,Mercedes,0 days 00:50:30.583000,2026-03-07 05:37:49.295,1,,False,,False,True
0 days 00:55:59.334000,RUS,63,,11.0,4.0,,0 days 00:53:24.879000,0 days 00:00:33.193000,0 days 00:00:20.833000,,0 days 00:52:22.827000,0 days 00:52:43.602000,,252.0,263.0,,231.0,False,SOFT,3.0,True,Mercedes,0 days 00:51:49.517000,2026-03-07 05:39:08.229,1,,False,,False,False
0 days 00:57:47.988000,RUS,63,0 days 00:01:48.654000,12.0,5.0,0 days 00:56:04.110000,,0 days 00:00:48.833000,0 days 00:00:20.916000,0 days 00:00:38.905000,0 days 00:56:48.167000,0 days 00:57:09.083000,0 days 00:57:47.988000,250.0,282.0,274.0,134.0,False,SOFT,4.0,False,Mercedes,0 days 00:55:59.334000,2026-03-07 05:43:18.046,1,,False,,False,False
0 days 00:59:06.975000,RUS,63,0 days 00:01:18.987000,13.0,5.0,,,0 days 00:00:27.662000,0 days 00:00:17.426000,0 days 00:00:33.899000,0 days 00:58:15.650000,0 days 00:58:33.076000,0 days 00:59:06.975000,268.0,280.0,297.0,294.0,False,SOFT,5.0,False,Mercedes,0 days 00:57:47.988000,2026-03-07 05:45:06.700,1,,False,,False,True
0 days 01:12:32.018000,RUS,63,,14.0,5.0,,0 days 01:00:43.685000,0 days 00:00:34.526000,0 days 00:00:20.997000,,0 days 00:59:41.480000,0 days 01:00:02.482000,,249.0,279.0,,212.0,False,SOFT,6.0,False,Mercedes,0 days 00:59:06.975000,2026-03-07 05:46:25.687,12,,False,,False,False
0 days 01:14:20.101000,RUS,63,0 days 00:01:48.083000,15.0,6.0,0 days 01:12:36.744000,,0 days 00:00:47.304000,0 days 00:00:19.118000,0 days 00:00:41.661000,0 days 01:13:19.322000,0 days 01:13:38.440000,0 days 01:14:20.101000,256.0,282.0,278.0,144.0,False,SOFT,1.0,True,Mercedes,0 days 01:12:32.018000,2026-03-07 05:59:50.730,1,,False,,False,False
0 days 01:22:50.956000,RUS,63,,16.0,6.0,,0 days 01:15:57.248000,0 days 00:00:27.522000,,,0 days 01:14:47.713000,,,269.0,,,297.0,False,SOFT,2.0,True,Mercedes,0 days 01:14:20.101000,2026-03-07 06:01:38.813,152,,False,,False,False
0 days 01:24:35.583000,RUS,63,,17.0,7.0,0 days 01:22:50.956000,,,0 days 00:00:21.850000,0 days 00:00:44.759000,,0 days 01:23:50.847000,0 days 01:24:35.757000,162.0,251.0,276.0,181.0,False,SOFT,2.0,False,Mercedes,0 days 01:22:50.956000,2026-03-07 06:10:09.668,1,,False,,False,False
0 days 01:25:54.667000,RUS,63,0 days 00:01:19.084000,18.0,7.0,,,0 days 00:00:27.674000,0 days 00:00:17.488000,0 days 00:00:33.922000,0 days 01:25:03.257000,0 days 01:25:20.745000,0 days 01:25:54.667000,269.0,274.0,298.0,293.0,True,SOFT,3.0,False,Mercedes,0 days 01:24:35.583000,2026-03-07 06:11:54.295,1,,False,,False,True
0 days 01:28:41.689000,RUS,63,,19.0,7.0,,0 days 01:27:22.485000,0 days 00:00:31.059000,0 days 00:00:19.934000,,0 days 01:26:25.838000,0 days 01:26:45.791000,,257.0,282.0,,265.0,False,SOFT,4.0,False,Mercedes,0 days 01:25:54.667000,2026-03-07 06:13:13.379,1,,False,,False,False
0 days 01:30:24.317000,RUS,63,0 days 00:01:42.628000,20.0,8.0,0 days 01:28:46.192000,,0 days 00:00:43.320000,0 days 00:00:19.771000,0 days 00:00:39.537000,0 days 01:29:25.009000,0 days 01:29:44.780000,0 days 01:30:24.317000,255.0,268.0,278.0,125.0,False,SOFT,1.0,True,Mercedes,0 days 01:28:41.689000,2026-03-07 06:16:00.401,1,,False,,False,False
0 days 01:31:42.835000,RUS,63,0 days 00:01:18.518000,21.0,8.0,,,0 days 00:00:27.498000,0 days 00:00:17.284000,0 days 00:00:33.736000,0 days 01:30:51.815000,0 days 01:31:09.099000,0 days 01:31:42.835000,267.0,284.0,296.0,296.0,True,SOFT,2.0,True,Mercedes,0 days 01:30:24.317000,2026-03-07 06:17:43.029,1,,False,,False,True
0 days 01:33:27.599000,RUS,63,,22.0,8.0,,0 days 01:33:27.599000,0 days 00:00:33.644000,0 days 00:00:23.366000,,0 days 01:32:16.545000,0 days 01:32:39.889000,,228.0,218.0,,236.0,False,SOFT,3.0,True,Mercedes,0 days 01:31:42.835000,2026-03-07 06:19:01.547,1,,False,,False,False
0 days 00:34:49.014000,ANT,12,0 days 00:01:59.979000,1.0,1.0,0 days 00:33:06.451000,,0 days 00:00:57.486000,0 days 00:00:20.671000,0 days 00:00:41.822000,0 days 00:33:46.548000,0 days 00:34:07.204000,0 days 00:34:49.282000,240.0,272.0,264.0,180.0,False,SOFT,1.0,True,Mercedes,0 days 00:33:06.451000,2026-03-07 05:20:25.163,1,,False,,False,False
0 days 00:36:09.134000,ANT,12,0 days 00:01:20.120000,2.0,1.0,,,0 days 00:00:28.214000,0 days 00:00:17.610000,0 days 00:00:34.296000,0 days 00:35:17.228000,0 days 00:35:34.838000,0 days 00:36:09.134000,264.0,273.0,292.0,279.0,True,SOFT,2.0,True,Mercedes,0 days 00:34:49.014000,2026-03-07 05:22:07.726,1,,False,,False,True
0 days 00:37:57.628000,ANT,12,0 days 00:01:48.494000,3.0,1.0,,,0 days 00:00:35.026000,0 days 00:00:24.129000,0 days 00:00:49.339000,0 days 00:36:44.160000,0 days 00:37:08.289000,0 days 00:37:57.628000,207.0,234.0,263.0,259.0,False,SOFT,3.0,True,Mercedes,0 days 00:36:09.134000,2026-03-07 05:23:27.846,1,,False,,False,True
0 days 00:39:17.917000,ANT,12,0 days 00:01:20.289000,4.0,1.0,,,0 days 00:00:28.414000,0 days 00:00:17.745000,0 days 00:00:34.130000,0 days 00:38:26.042000,0 days 00:38:43.787000,0 days 00:39:17.917000,261.0,273.0,292.0,282.0,False,SOFT,4.0,True,Mercedes,0 days 00:37:57.628000,2026-03-07 05:25:16.340,1,,False,,False,True
0 days 00:48:02.851000,ANT,12,,5.0,1.0,,0 days 00:40:54.685000,0 days 00:00:33.419000,0 days 00:00:21.126000,,0 days 00:39:51.384000,0 days 00:40:12.480000,,236.0,256.0,,236.0,False,SOFT,5.0,True,Mercedes,0 days 00:39:17.917000,2026-03-07 05:26:36.629,12,,False,,False,False
0 days 00:50:04.906000,ANT,12,0 days 00:02:02.055000,6.0,2.0,0 days 00:48:19.626000,,0 days 00:00:59.750000,0 days 00:00:19.667000,0 days 00:00:42.638000,0 days 00:49:02.601000,0 days 00:49:22.268000,0 days 00:50:04.906000,240.0,275.0,277.0,175.0,False,SOFT,1.0,True,Mercedes,0 days 00:48:02.851000,2026-03-07 05:35:21.563,1,,False,,False,False
0 days 00:51:24.510000,ANT,12,0 days 00:01:19.604000,7.0,2.0,,,0 days 00:00:27.908000,0 days 00:00:17.495000,0 days 00:00:34.201000,0 days 00:50:32.814000,0 days 00:50:50.309000,0 days 00:51:24.510000,273.0,278.0,299.0,294.0,True,SOFT,2.0,True,Mercedes,0 days 00:50:04.906000,2026-03-07 05:37:23.618,1,,False,,False,True
0 days 00:55:53.586000,ANT,12,,8.0,2.0,,0 days 00:53:09.374000,0 days 00:00:36.062000,0 days 00:00:23.975000,,0 days 00:52:00.659000,0 days 00:52:24.562000,,229.0,257.0,,285.0,False,SOFT,3.0,True,Mercedes,0 days 00:51:24.510000,2026-03-07 05:38:43.222,1,,False,,False,False
0 days 00:57:35.793000,ANT,12,0 days 00:01:42.207000,9.0,3.0,0 days 00:55:56.888000,,0 days 00:00:42.908000,0 days 00:00:19.645000,0 days 00:00:39.654000,0 days 00:56:36.494000,0 days 00:56:56.139000,0 days 00:57:35.793000,246.0,281.0,274.0,157.0,False,SOFT,4.0,False,Mercedes,0 days 00:55:53.586000,2026-03-07 05:43:12.298,1,,False,,False,False
0 days 00:58:55.228000,ANT,12,0 days 00:01:19.435000,10.0,3.0,,,0 days 00:00:28.002000,0 days 00:00:17.497000,0 days 00:00:33.936000,0 days 00:58:03.795000,0 days 00:58:21.292000,0 days 00:58:55.228000,279.0,285.0,292.0,286.0,True,SOFT,5.0,False,Mercedes,0 days 00:57:35.793000,2026-03-07 05:44:54.505,1,,False,,False,True
0 days 01:12:27.734000,ANT,12,,11.0,3.0,,0 days 01:00:41.123000,0 days 00:00:42.834000,0 days 00:00:21.402000,,0 days 00:59:38.151000,0 days 00:59:59.582000,,229.0,272.0,,257.0,False,SOFT,6.0,False,Mercedes,0 days 00:58:55.228000,2026-03-07 05:46:13.940,12,,False,,False,False
0 days 01:14:10.463000,ANT,12,0 days 00:01:42.729000,12.0,4.0,0 days 01:12:30.463000,,0 days 00:00:41.705000,0 days 00:00:19.802000,0 days 00:00:41.222000,0 days 01:13:09.439000,0 days 01:13:29.241000,0 days 01:14:10.463000,242.0,251.0,269.0,167.0,False,SOFT,1.0,True,Mercedes,0 days 01:12:27.734000,2026-03-07 05:59:46.446,1,,False,,False,False
0 days 01:22:44.909000,ANT,12,,13.0,4.0,,0 days 01:15:48.952000,0 days 00:00:27.637000,,,0 days 01:14:38.245000,,,275.0,,,290.0,False,SOFT,2.0,True,Mercedes,0 days 01:14:10.463000,2026-03-07 06:01:29.175,152,,False,,False,False
0 days 01:24:23.288000,ANT,12,,14.0,5.0,0 days 01:22:44.909000,,,0 days 00:00:20.849000,0 days 00:00:40.285000,,0 days 01:23:43.003000,0 days 01:24:23.409000,241.0,248.0,270.0,193.0,False,SOFT,2.0,False,Mercedes,0 days 01:22:44.909000,2026-03-07 06:10:03.621,1,,False,,False,False
0 days 01:28:15.643000,ANT,12,,15.0,5.0,,0 days 01:25:58.949000,0 days 00:00:33.411000,0 days 00:00:25.690000,,0 days 01:24:56.728000,0 days 01:25:22.386000,,244.0,276.0,,289.0,False,SOFT,3.0,False,Mercedes,0 days 01:24:23.288000,2026-03-07 06:11:42.000,1,,False,,False,False
0 days 01:29:52.554000,ANT,12,0 days 00:01:36.911000,16.0,6.0,0 days 01:28:18.391000,,0 days 00:00:37.877000,0 days 00:00:19.532000,0 days 00:00:39.502000,0 days 01:28:53.520000,0 days 01:29:13.052000,0 days 01:29:52.554000,249.0,270.0,272.0,201.0,False,SOFT,1.0,True,Mercedes,0 days 01:28:15.643000,2026-03-07 06:15:34.355,1,,False,,False,False
0 days 01:31:11.365000,ANT,12,0 days 00:01:18.811000,17.0,6.0,,,0 days 00:00:27.556000,0 days 00:00:17.440000,0 days 00:00:33.815000,0 days 01:30:20.110000,0 days 01:30:37.550000,0 days 01:31:11.365000,272.0,274.0,298.0,289.0,True,SOFT,2.0,True,Mercedes,0 days 01:29:52.554000,2026-03-07 06:17:11.266,1,,False,,False,True
0 days 01:32:55.374000,ANT,12,,18.0,6.0,,0 days 01:32:55.374000,0 days 00:00:33.233000,0 days 00:00:24.050000,,0 days 01:31:44.633000,0 days 01:32:08.737000,,238.0,251.0,,252.0,False,SOFT,3.0,True,Mercedes,0 days 01:31:11.365000,2026-03-07 06:18:30.077,1,,False,,False,False
0 days 00:19:04.324000,HAD,6,0 days 00:01:48.799000,1.0,1.0,0 days 00:17:17.791000,,0 days 00:00:41.250000,0 days 00:00:19.672000,0 days 00:00:47.877000,0 days 00:17:56.791000,0 days 00:18:16.447000,0 days 00:19:04.479000,247.0,288.0,281.0,176.0,False,SOFT,1.0,True,Red Bull Racing,0 days 00:17:17.791000,2026-03-07 05:04:36.503,1,,False,,False,False
0 days 00:20:24.769000,HAD,6,0 days 00:01:20.445000,2.0,1.0,,,0 days 00:00:28.200000,0 days 00:00:17.919000,0 days 00:00:34.326000,0 days 00:19:32.524000,0 days 00:19:50.443000,0 days 00:20:24.769000,284.0,268.0,310.0,301.0,True,SOFT,2.0,True,Red Bull Racing,0 days 00:19:04.324000,2026-03-07 05:06:23.036,1,,False,,False,True
0 days 00:35:21.885000,HAD,6,,3.0,1.0,,0 days 00:22:10.492000,0 days 00:00:39.694000,0 days 00:00:24.509000,,0 days 00:21:04.460000,0 days 00:21:29.023000,,213.0,250.0,,251.0,False,SOFT,3.0,True,Red Bull Racing,0 days 00:20:24.769000,2026-03-07 05:07:43.481,125,,False,,False,False
0 days 00:37:22.651000,HAD,6,0 days 00:02:00.766000,4.0,2.0,0 days 00:35:26.576000,,0 days 00:00:49.159000,0 days 00:00:19.801000,0 days 00:00:51.806000,0 days 00:36:11.044000,0 days 00:36:30.845000,0 days 00:37:22.651000,245.0,276.0,279.0,141.0,False,SOFT,4.0,False,Red Bull Racing,0 days 00:35:26.576000,2026-03-07 05:22:45.288,1,,False,,False,False
0 days 00:38:42.674000,HAD,6,0 days 00:01:20.023000,5.0,2.0,,,0 days 00:00:28.076000,0 days 00:00:17.558000,0 days 00:00:34.389000,0 days 00:37:50.727000,0 days 00:38:08.285000,0 days 00:38:42.674000,261.0,280.0,303.0,302.0,True,SOFT,5.0,False,Red Bull Racing,0 days 00:37:22.651000,2026-03-07 05:24:41.363,1,,False,,False,True
0 days 00:49:23.364000,HAD,6,,6.0,2.0,,0 days 00:40:25.250000,0 days 00:00:37.219000,0 days 00:00:25.138000,,0 days 00:39:20.025000,0 days 00:39:45.134000,,230.0,272.0,,192.0,False,SOFT,6.0,False,Red Bull Racing,0 days 00:38:42.674000,2026-03-07 05:26:01.386,12,,False,,False,False
0 days 00:51:11.627000,HAD,6,0 days 00:01:48.263000,7.0,3.0,0 days 00:49:25.480000,,0 days 00:00:40.601000,0 days 00:00:19.895000,0 days 00:00:47.767000,0 days 00:50:03.965000,0 days 00:50:23.860000,0 days 00:51:11.627000,247.0,289.0,281.0,159.0,False,SOFT,1.0,True,Red Bull Racing,0 days 00:49:23.364000,2026-03-07 05:36:42.076,1,,False,,False,False
0 days 00:52:31.333000,HAD,6,0 days 00:01:19.706000,8.0,3.0,,,0 days 00:00:27.798000,0 days 00:00:17.735000,0 days 00:00:34.173000,0 days 00:51:39.425000,0 days 00:51:57.160000,0 days 00:52:31.333000,288.0,270.0,307.0,302.0,True,SOFT,2.0,True,Red Bull Racing,0 days 00:51:11.627000,2026-03-07 05:38:30.339,1,,False,,False,True
0 days 00:58:19.056000,HAD,6,,9.0,3.0,,0 days 00:54:11.729000,0 days 00:00:37.480000,0 days 00:00:22.217000,,0 days 00:53:08.937000,0 days 00:53:31.062000,,235.0,258.0,,236.0,False,SOFT,3.0,True,Red Bull Racing,0 days 00:52:31.333000,2026-03-07 05:39:50.045,1,,False,,False,False
0 days 01:00:09.073000,HAD,6,0 days 00:01:50.017000,10.0,4.0,0 days 00:58:23.729000,,0 days 00:00:43.030000,0 days 00:00:21.740000,0 days 00:00:45.247000,0 days 00:59:02.086000,0 days 00:59:23.826000,0 days 01:00:09.073000,247.0,278.0,279.0,171.0,False,SOFT,4.0,False,Red Bull Racing,0 days 00:58:19.056000,2026-03-07 05:45:37.768,1,,False,,False,False
0 days 01:01:28.726000,HAD,6,0 days 00:01:19.653000,11.0,4.0,,,0 days 00:00:27.899000,0 days 00:00:17.564000,0 days 00:00:34.190000,0 days 01:00:36.972000,0 days 01:00:54.536000,0 days 01:01:28.726000,268.0,279.0,305.0,301.0,True,SOFT,5.0,False,Red Bull Racing,0 days 01:00:09.073000,2026-03-07 05:47:27.785,1,,False,,False,True
0 days 01:14:18.213000,HAD,6,,12.0,4.0,,0 days 01:03:09.133000,0 days 00:00:36.812000,0 days 00:00:22.939000,,0 days 01:02:05.607000,0 days 01:02:28.539000,,217.0,272.0,,296.0,False,SOFT,6.0,False,Red Bull Racing,0 days 01:01:28.726000,2026-03-07 05:48:47.438,12,,False,,False,False
0 days 01:22:55.722000,HAD,6,,13.0,5.0,0 days 01:14:18.213000,0 days 01:16:09.889000,0 days 00:00:39.050000,,,0 days 01:14:55.057000,,,250.0,,,185.0,False,SOFT,1.0,True,Red Bull Racing,0 days 01:14:18.213000,2026-03-07 06:01:36.925,152,,False,,False,False
0 days 01:24:41.542000,HAD,6,,14.0,6.0,0 days 01:22:55.722000,,,0 days 00:00:22.547000,0 days 00:00:43.443000,,0 days 01:23:58.159000,0 days 01:24:41.572000,240.0,249.0,281.0,170.0,False,SOFT,1.0,False,Red Bull Racing,0 days 01:22:55.722000,2026-03-07 06:10:14.434,1,,False,,False,False
0 days 01:26:01.167000,HAD,6,0 days 00:01:19.625000,15.0,6.0,,,0 days 00:00:27.852000,0 days 00:00:17.453000,0 days 00:00:34.320000,0 days 01:25:09.394000,0 days 01:25:26.847000,0 days 01:26:01.167000,261.0,280.0,304.0,302.0,True,SOFT,2.0,False,Red Bull Racing,0 days 01:24:41.542000,2026-03-07 06:12:00.254,1,,False,,False,True
0 days 01:29:21.826000,HAD,6,,16.0,6.0,,0 days 01:27:30.891000,0 days 00:00:31.985000,0 days 00:00:20.227000,,0 days 01:26:33.213000,0 days 01:26:53.375000,,245.0,282.0,,259.0,False,SOFT,3.0,False,Red Bull Racing,0 days 01:26:01.167000,2026-03-07 06:13:19.879,1,,False,,False,False
0 days 01:31:10.706000,HAD,6,0 days 00:01:48.880000,17.0,7.0,0 days 01:29:29.582000,,0 days 00:00:47.558000,0 days 00:00:22.152000,0 days 00:00:39.170000,0 days 01:30:09.384000,0 days 01:30:31.536000,0 days 01:31:10.706000,246.0,246.0,283.0,168.0,False,SOFT,1.0,True,Red Bull Racing,0 days 01:29:21.826000,2026-03-07 06:16:40.538,1,,False,,False,False
0 days 01:32:30.009000,HAD,6,0 days 00:01:19.303000,18.0,7.0,,,0 days 00:00:27.747000,0 days 00:00:17.520000,0 days 00:00:34.036000,0 days 01:31:38.453000,0 days 01:31:55.973000,0 days 01:32:30.009000,260.0,277.0,304.0,305.0,True,SOFT,2.0,True,Red Bull Racing,0 days 01:31:10.706000,2026-03-07 06:18:29.418,1,,False,,False,True
0 days 01:34:19.934000,HAD,6,,19.0,7.0,,0 days 01:34:19.934000,0 days 00:00:38.304000,0 days 00:00:22.914000,,0 days 01:33:08.296000,0 days 01:33:31.255000,,213.0,227.0,,262.0,False,SOFT,3.0,True,Red Bull Racing,0 days 01:32:30.009000,2026-03-07 06:19:48.721,1,,False,,False,False
0 days 00:18:25.305000,LEC,16,0 days 00:01:51.480000,1.0,1.0,0 days 00:16:37.794000,,0 days 00:00:43.936000,0 days 00:00:20.576000,0 days 00:00:46.968000,0 days 00:17:17.822000,0 days 00:17:38.447000,0 days 00:18:25.572000,237.0,272.0,281.0,141.0,False,MEDIUM,1.0,True,Ferrari,0 days 00:16:37.794000,2026-03-07 05:03:56.506,1,,False,,False,False
0 days 00:19:46.017000,LEC,16,0 days 00:01:20.712000,2.0,1.0,,,0 days 00:00:28.361000,0 days 00:00:17.661000,0 days 00:00:34.690000,0 days 00:18:53.666000,0 days 00:19:11.327000,0 days 00:19:46.017000,262.0,284.0,301.0,294.0,True,MEDIUM,2.0,True,Ferrari,0 days 00:18:25.305000,2026-03-07 05:05:44.017,1,,False,,False,True
0 days 00:21:33.935000,LEC,16,0 days 00:01:47.918000,3.0,1.0,,,0 days 00:00:36.526000,0 days 00:00:23.713000,0 days 00:00:47.679000,0 days 00:20:22.543000,0 days 00:20:46.256000,0 days 00:21:33.935000,182.0,180.0,279.0,260.0,False,MEDIUM,3.0,True,Ferrari,0 days 00:19:46.017000,2026-03-07 05:07:04.729,1,,False,,False,True
0 days 00:22:54.161000,LEC,16,0 days 00:01:20.226000,4.0,1.0,,,0 days 00:00:28.211000,0 days 00:00:17.611000,0 days 00:00:34.404000,0 days 00:22:02.146000,0 days 00:22:19.757000,0 days 00:22:54.161000,263.0,290.0,299.0,293.0,True,MEDIUM,4.0,True,Ferrari,0 days 00:21:33.935000,2026-03-07 05:08:52.647,1,,False,,False,True
0 days 00:33:01.553000,LEC,16,,5.0,1.0,,0 days 00:24:52.486000,,,,,,,,,,245.0,False,MEDIUM,5.0,True,Ferrari,0 days 00:22:54.161000,2026-03-07 05:10:12.873,125,,False,,False,False
0 days 00:34:54.935000,LEC,16,0 days 00:01:53.382000,6.0,2.0,0 days 00:33:14.513000,,0 days 00:00:51.732000,0 days 00:00:20.232000,0 days 00:00:41.418000,0 days 00:33:53.285000,0 days 00:34:13.517000,0 days 00:34:54.935000,246.0,268.0,281.0,154.0,False,MEDIUM,6.0,False,Ferrari,0 days 00:33:14.513000,2026-03-07 05:20:33.225,1,,False,,False,False
0 days 00:46:48.678000,LEC,16,,7.0,2.0,,0 days 00:36:35.533000,0 days 00:00:34.873000,0 days 00:00:23.527000,,0 days 00:35:29.889000,0 days 00:35:53.439000,,127.0,250.0,,294.0,False,MEDIUM,7.0,False,Ferrari,0 days 00:34:54.935000,2026-03-07 05:22:13.647,12,,False,,False,False
0 days 00:48:30.346000,LEC,16,,8.0,3.0,0 days 00:46:48.678000,,0 days 00:01:33.719000,0 days 00:00:20.816000,0 days 00:00:38.328000,0 days 00:47:31.264000,0 days 00:47:52.127000,0 days 00:48:30.348000,242.0,265.0,283.0,97.0,False,SOFT,1.0,True,Ferrari,0 days 00:46:48.678000,2026-03-07 05:34:07.390,1,,False,,False,False
0 days 00:49:50.434000,LEC,16,0 days 00:01:20.088000,9.0,3.0,,,0 days 00:00:28.049000,0 days 00:00:17.687000,0 days 00:00:34.352000,0 days 00:48:58.395000,0 days 00:49:16.082000,0 days 00:49:50.434000,272.0,278.0,300.0,294.0,True,SOFT,2.0,True,Ferrari,0 days 00:48:30.346000,2026-03-07 05:35:49.058,1,,False,,False,True
0 days 00:51:37.079000,LEC,16,0 days 00:01:46.645000,10.0,3.0,,,0 days 00:00:36.817000,0 days 00:00:26.393000,0 days 00:00:43.435000,0 days 00:50:27.251000,0 days 00:50:53.644000,0 days 00:51:37.079000,195.0,221.0,307.0,263.0,False,SOFT,3.0,True,Ferrari,0 days 00:49:50.434000,2026-03-07 05:37:09.146,1,,False,,False,True
0 days 00:53:13.543000,LEC,16,0 days 00:01:36.464000,11.0,3.0,,,0 days 00:00:31.125000,0 days 00:00:23.424000,0 days 00:00:41.915000,0 days 00:52:08.204000,0 days 00:52:31.628000,0 days 00:53:13.543000,248.0,201.0,280.0,274.0,False,SOFT,4.0,True,Ferrari,0 days 00:51:37.079000,2026-03-07 05:38:55.791,1,,False,,False,True
0 days 00:54:33.839000,LEC,16,0 days 00:01:20.296000,12.0,3.0,,,0 days 00:00:28.069000,0 days 00:00:17.625000,0 days 00:00:34.602000,0 days 00:53:41.612000,0 days 00:53:59.237000,0 days 00:54:33.839000,263.0,280.0,296.0,294.0,False,SOFT,5.0,True,Ferrari,0 days 00:53:13.543000,2026-03-07 05:40:32.255,1,,False,,False,True
0 days 00:58:00.216000,LEC,16,,13.0,3.0,,0 days 00:56:01.735000,0 days 00:00:31.297000,0 days 00:00:19.952000,,0 days 00:55:05.171000,0 days 00:55:25.118000,,251.0,274.0,,262.0,False,SOFT,6.0,True,Ferrari,0 days 00:54:33.839000,2026-03-07 05:41:52.551,1,,False,,False,False
0 days 00:59:35.750000,LEC,16,0 days 00:01:35.534000,14.0,4.0,0 days 00:58:02.510000,,0 days 00:00:38.306000,0 days 00:00:20.054000,0 days 00:00:37.174000,0 days 00:58:38.522000,0 days 00:58:58.576000,0 days 00:59:35.750000,252.0,272.0,283.0,146.0,False,SOFT,1.0,True,Ferrari,0 days 00:58:00.216000,2026-03-07 05:45:18.928,1,,False,,False,False
0 days 01:00:55.107000,LEC,16,0 days 00:01:19.357000,15.0,4.0,,,0 days 00:00:27.679000,0 days 00:00:17.527000,0 days 00:00:34.151000,0 days 01:00:03.429000,0 days 01:00:20.956000,0 days 01:00:55.107000,265.0,281.0,299.0,295.0,True,SOFT,2.0,True,Ferrari,0 days 00:59:35.750000,2026-03-07 05:46:54.462,1,,False,,False,True
0 days 01:12:06.852000,LEC,16,,16.0,4.0,,0 days 01:02:26.898000,0 days 00:00:32.339000,0 days 00:00:20.298000,,0 days 01:01:27.455000,0 days 01:01:47.686000,,246.0,274.0,,266.0,False,SOFT,3.0,True,Ferrari,0 days 01:00:55.107000,2026-03-07 05:48:13.819,12,,False,,False,False
0 days 01:14:04.729000,LEC,16,0 days 00:01:57.877000,17.0,5.0,0 days 01:12:16.229000,,0 days 00:00:54.408000,0 days 00:00:21.224000,0 days 00:00:42.245000,0 days 01:13:01.260000,0 days 01:13:22.484000,0 days 01:14:04.729000,242.0,247.0,286.0,153.0,False,SOFT,1.0,True,Ferrari,0 days 01:12:06.852000,2026-03-07 05:59:25.564,1,,False,,False,False
0 days 01:23:00.695000,LEC,16,,18.0,5.0,,0 days 01:15:51.658000,0 days 00:00:31.253000,,,0 days 01:14:35.916000,,,,,,253.0,False,SOFT,2.0,True,Ferrari,0 days 01:14:04.729000,2026-03-07 06:01:23.441,152,,False,,False,False
0 days 01:24:57.832000,LEC,16,0 days 00:01:57.137000,19.0,6.0,0 days 01:23:10.835000,,0 days 00:00:50.027000,0 days 00:00:21.373000,0 days 00:00:45.737000,0 days 01:23:50.722000,0 days 01:24:12.095000,0 days 01:24:57.832000,236.0,242.0,279.0,187.0,False,SOFT,3.0,False,Ferrari,0 days 01:23:10.835000,2026-03-07 06:10:29.547,1,,False,,False,False
0 days 01:26:18.076000,LEC,16,0 days 00:01:20.244000,20.0,6.0,,,0 days 00:00:28.225000,0 days 00:00:17.640000,0 days 00:00:34.379000,0 days 01:25:26.057000,0 days 01:25:43.697000,0 days 01:26:18.076000,264.0,286.0,298.0,291.0,True,SOFT,4.0,False,Ferrari,0 days 01:24:57.832000,2026-03-07 06:12:16.544,1,,False,,False,True
0 days 01:29:19.882000,LEC,16,,21.0,6.0,,0 days 01:27:47.782000,0 days 00:00:30.696000,0 days 00:00:19.942000,,0 days 01:26:48.902000,0 days 01:27:08.829000,,251.0,274.0,,253.0,False,SOFT,5.0,False,Ferrari,0 days 01:26:18.076000,2026-03-07 06:13:36.788,1,,False,,False,False
0 days 01:30:58.334000,LEC,16,0 days 00:01:38.452000,22.0,7.0,0 days 01:29:24.254000,,0 days 00:00:40.728000,0 days 00:00:19.974000,0 days 00:00:37.750000,0 days 01:30:00.610000,0 days 01:30:20.584000,0 days 01:30:58.334000,252.0,254.0,283.0,119.0,False,SOFT,1.0,True,Ferrari,0 days 01:29:19.882000,2026-03-07 06:16:38.594,1,,False,,False,False
0 days 01:32:17.661000,LEC,16,0 days 00:01:19.327000,23.0,7.0,,,0 days 00:00:27.761000,0 days 00:00:17.505000,0 days 00:00:34.061000,0 days 01:31:26.095000,0 days 01:31:43.600000,0 days 01:32:17.661000,265.0,284.0,300.0,295.0,True,SOFT,2.0,True,Ferrari,0 days 01:30:58.334000,2026-03-07 06:18:17.046,1,,False,,False,True
0 days 00:16:16.665000,PIA,81,0 days 00:02:01.546000,1.0,1.0,0 days 00:14:23.300000,,0 days 00:00:55.995000,0 days 00:00:20.950000,0 days 00:00:44.601000,0 days 00:15:11.303000,0 days 00:15:32.178000,0 days 00:16:16.861000,119.0,282.0,285.0,139.0,False,SOFT,1.0,True,McLaren,0 days 00:14:23.300000,2026-03-07 05:01:42.012,1,,False,,False,False
0 days 00:17:37.217000,PIA,81,0 days 00:01:20.552000,2.0,1.0,,,0 days 00:00:28.413000,0 days 00:00:17.592000,0 days 00:00:34.547000,0 days 00:16:45.078000,0 days 00:17:02.670000,0 days 00:17:37.217000,263.0,282.0,304.0,291.0,True,SOFT,2.0,True,McLaren,0 days 00:16:16.665000,2026-03-07 05:03:35.377,1,,False,,False,True
0 days 00:19:28.042000,PIA,81,0 days 00:01:50.825000,3.0,1.0,,,0 days 00:00:37.464000,0 days 00:00:24.329000,0 days 00:00:49.032000,0 days 00:18:14.681000,0 days 00:18:39.010000,0 days 00:19:28.042000,202.0,218.0,180.0,208.0,False,SOFT,3.0,True,McLaren,0 days 00:17:37.217000,2026-03-07 05:04:55.929,1,,False,,False,True
0 days 00:21:13.342000,PIA,81,0 days 00:01:45.300000,4.0,1.0,,,0 days 00:00:40.219000,0 days 00:00:22.767000,0 days 00:00:42.314000,0 days 00:20:08.261000,0 days 00:20:31.028000,0 days 00:21:13.342000,241.0,274.0,286.0,172.0,False,SOFT,4.0,True,McLaren,0 days 00:19:28.042000,2026-03-07 05:06:46.754,1,,False,,False,True
0 days 00:22:33.614000,PIA,81,0 days 00:01:20.272000,5.0,1.0,,,0 days 00:00:28.037000,0 days 00:00:17.825000,0 days 00:00:34.410000,0 days 00:21:41.379000,0 days 00:21:59.204000,0 days 00:22:33.614000,262.0,268.0,297.0,294.0,True,SOFT,5.0,True,McLaren,0 days 00:21:13.342000,2026-03-07 05:08:32.054,1,,False,,False,True
0 days 00:32:06.464000,PIA,81,,6.0,1.0,,0 days 00:24:24.908000,0 days 00:00:35.125000,,,0 days 00:23:08.797000,,,208.0,,,207.0,False,SOFT,6.0,True,McLaren,0 days 00:22:33.614000,2026-03-07 05:09:52.326,125,,False,,False,False
0 days 00:33:50.254000,PIA,81,,7.0,2.0,0 days 00:32:06.464000,,,0 days 00:00:20.406000,0 days 00:00:38.361000,,0 days 00:33:11.982000,0 days 00:33:50.532000,250.0,269.0,275.0,140.0,False,SOFT,7.0,False,McLaren,0 days 00:32:06.464000,2026-03-07 05:19:25.176,1,,False,,False,False
0 days 00:35:19.228000,PIA,81,0 days 00:01:28.974000,8.0,2.0,,,0 days 00:00:30.781000,0 days 00:00:20.043000,0 days 00:00:38.150000,0 days 00:34:21.035000,0 days 00:34:41.078000,0 days 00:35:19.228000,259.0,274.0,285.0,273.0,False,SOFT,8.0,False,McLaren,0 days 00:33:50.254000,2026-03-07 05:21:08.966,1,,False,,False,True
0 days 00:36:38.892000,PIA,81,0 days 00:01:19.664000,9.0,2.0,,,0 days 00:00:27.947000,0 days 00:00:17.684000,0 days 00:00:34.033000,0 days 00:35:47.175000,0 days 00:36:04.859000,0 days 00:36:38.892000,264.0,272.0,300.0,292.0,True,SOFT,9.0,False,McLaren,0 days 00:35:19.228000,2026-03-07 05:22:37.940,1,,False,,False,True
0 days 00:47:46.459000,PIA,81,,10.0,2.0,,0 days 00:38:20.199000,0 days 00:00:36.822000,0 days 00:00:21.220000,,0 days 00:37:15.751000,0 days 00:37:37.127000,,213.0,275.0,,268.0,False,SOFT,10.0,False,McLaren,0 days 00:36:38.892000,2026-03-07 05:23:57.604,12,,False,,False,False
0 days 00:49:42.977000,PIA,81,0 days 00:01:56.518000,11.0,3.0,0 days 00:47:58.930000,,0 days 00:00:57.131000,0 days 00:00:19.974000,0 days 00:00:39.413000,0 days 00:48:43.590000,0 days 00:49:03.564000,0 days 00:49:42.977000,261.0,274.0,274.0,133.0,False,SOFT,1.0,True,McLaren,0 days 00:47:46.459000,2026-03-07 05:35:05.171,1,,False,,False,False
0 days 00:51:27.727000,PIA,81,0 days 00:01:44.750000,12.0,3.0,,,0 days 00:00:31.529000,0 days 00:00:19.824000,0 days 00:00:53.397000,0 days 00:50:14.506000,0 days 00:50:34.330000,0 days 00:51:27.727000,266.0,286.0,288.0,272.0,True,SOFT,2.0,True,McLaren,0 days 00:49:42.977000,2026-03-07 05:37:01.689,1,,False,,False,True
0 days 00:52:47.309000,PIA,81,0 days 00:01:19.582000,13.0,3.0,,,0 days 00:00:28.042000,0 days 00:00:17.537000,0 days 00:00:34.003000,0 days 00:51:55.769000,0 days 00:52:13.306000,0 days 00:52:47.309000,262.0,281.0,306.0,297.0,True,SOFT,3.0,True,McLaren,0 days 00:51:27.727000,2026-03-07 05:38:46.439,1,,False,,False,True
0 days 00:56:08.456000,PIA,81,,14.0,3.0,,0 days 00:54:22.693000,0 days 00:00:34.598000,0 days 00:00:21.576000,,0 days 00:53:22.027000,0 days 00:53:43.638000,,213.0,275.0,,195.0,False,SOFT,4.0,True,McLaren,0 days 00:52:47.309000,2026-03-07 05:40:06.021,1,,False,,False,False
0 days 00:57:55.123000,PIA,81,0 days 00:01:46.667000,15.0,4.0,0 days 00:56:13.188000,,0 days 00:00:45.759000,0 days 00:00:20.092000,0 days 00:00:40.816000,0 days 00:56:54.215000,0 days 00:57:14.307000,0 days 00:57:55.123000,257.0,273.0,286.0,169.0,False,SOFT,5.0,False,McLaren,0 days 00:56:08.456000,2026-03-07 05:43:27.168,1,,False,,False,False
0 days 00:59:14.648000,PIA,81,0 days 00:01:19.525000,16.0,4.0,,,0 days 00:00:27.811000,0 days 00:00:17.594000,0 days 00:00:34.120000,0 days 00:58:22.934000,0 days 00:58:40.528000,0 days 00:59:14.648000,261.0,272.0,306.0,291.0,True,SOFT,6.0,False,McLaren,0 days 00:57:55.123000,2026-03-07 05:45:13.835,1,,False,,False,True
0 days 01:11:45.332000,PIA,81,,17.0,4.0,,0 days 01:00:49.889000,0 days 00:00:35.135000,0 days 00:00:21.090000,,0 days 00:59:49.832000,0 days 01:00:10.951000,,218.0,274.0,,245.0,False,SOFT,7.0,False,McLaren,0 days 00:59:14.648000,2026-03-07 05:46:33.360,12,,False,,False,False
0 days 01:13:24.016000,PIA,81,,18.0,5.0,0 days 01:11:45.332000,,,0 days 00:00:20.205000,0 days 00:00:39.330000,,0 days 01:12:44.728000,0 days 01:13:24.072000,261.0,272.0,274.0,172.0,False,SOFT,1.0,True,McLaren,0 days 01:11:45.332000,2026-03-07 05:59:04.044,1,,False,,False,False
0 days 01:14:54.073000,PIA,81,0 days 00:01:30.057000,19.0,5.0,,,0 days 00:00:31.186000,0 days 00:00:19.990000,0 days 00:00:38.881000,0 days 01:13:55.202000,0 days 01:14:15.192000,0 days 01:14:54.073000,262.0,273.0,286.0,278.0,True,SOFT,2.0,True,McLaren,0 days 01:13:24.016000,2026-03-07 06:00:42.728,1,,False,,False,True
0 days 01:23:01.175000,PIA,81,,20.0,5.0,,0 days 01:16:52.423000,,,,,,,,,,,False,SOFT,3.0,True,McLaren,0 days 01:14:54.073000,2026-03-07 06:02:12.785,152,,False,,False,False
0 days 01:24:49.533000,PIA,81,,21.0,6.0,0 days 01:23:01.175000,,,0 days 00:00:20.068000,0 days 00:00:47.400000,,0 days 01:24:02.160000,0 days 01:24:49.728000,252.0,275.0,285.0,176.0,False,SOFT,1.0,False,McLaren,0 days 01:23:01.175000,2026-03-07 06:10:19.887,1,,False,,False,False
0 days 01:26:09.855000,PIA,81,0 days 00:01:20.322000,22.0,6.0,,,0 days 00:00:28.196000,0 days 00:00:17.565000,0 days 00:00:34.561000,0 days 01:25:17.729000,0 days 01:25:35.294000,0 days 01:26:09.855000,265.0,275.0,303.0,294.0,True,SOFT,2.0,False,McLaren,0 days 01:24:49.533000,2026-03-07 06:12:08.245,1,,False,,False,True
0 days 01:29:14.066000,PIA,81,,23.0,6.0,,0 days 01:27:37.704000,0 days 00:00:31.041000,0 days 00:00:20.450000,,0 days 01:26:41.025000,0 days 01:27:01.386000,,253.0,274.0,,286.0,False,SOFT,3.0,False,McLaren,0 days 01:26:09.855000,2026-03-07 06:13:28.567,1,,False,,False,False
0 days 01:30:49.320000,PIA,81,0 days 00:01:35.254000,24.0,7.0,0 days 01:29:16.707000,,0 days 00:00:37.343000,0 days 00:00:20.017000,0 days 00:00:37.894000,0 days 01:29:51.409000,0 days 01:30:11.426000,0 days 01:30:49.320000,256.0,270.0,285.0,171.0,False,SOFT,1.0,True,McLaren,0 days 01:29:14.066000,2026-03-07 06:16:32.778,1,,False,,False,False
0 days 01:32:08.700000,PIA,81,0 days 00:01:19.380000,25.0,7.0,,,0 days 00:00:27.737000,0 days 00:00:17.655000,0 days 00:00:33.988000,0 days 01:31:17.057000,0 days 01:31:34.712000,0 days 01:32:08.700000,263.0,265.0,298.0,294.0,True,SOFT,2.0,True,McLaren,0 days 01:30:49.320000,2026-03-07 06:18:08.032,1,,False,,False,True
0 days 00:16:09.950000,NOR,1,0 days 00:02:06.258000,1.0,1.0,0 days 00:14:13.070000,,0 days 00:01:01.485000,0 days 00:00:20.141000,0 days 00:00:44.632000,0 days 00:15:05.242000,0 days 00:15:25.475000,0 days 00:16:10.217000,259.0,277.0,279.0,117.0,False,SOFT,1.0,True,McLaren,0 days 00:14:13.070000,2026-03-07 05:01:31.782,1,,False,,False,False
0 days 00:17:31.182000,NOR,1,0 days 00:01:21.232000,2.0,1.0,,,0 days 00:00:28.774000,0 days 00:00:17.849000,0 days 00:00:34.609000,0 days 00:16:38.724000,0 days 00:16:56.573000,0 days 00:17:31.182000,263.0,277.0,295.0,289.0,True,SOFT,2.0,True,McLaren,0 days 00:16:09.950000,2026-03-07 05:03:28.662,1,,False,,False,True
0 days 00:19:20.906000,NOR,1,0 days 00:01:49.724000,3.0,1.0,,,0 days 00:00:38.668000,0 days 00:00:22.908000,0 days 00:00:48.148000,0 days 00:18:09.850000,0 days 00:18:32.758000,0 days 00:19:20.906000,211.0,244.0,279.0,240.0,False,SOFT,3.0,True,McLaren,0 days 00:17:31.182000,2026-03-07 05:04:49.894,1,,False,,False,True
0 days 00:20:58.390000,NOR,1,0 days 00:01:37.484000,4.0,1.0,,,0 days 00:00:33.785000,0 days 00:00:20.231000,0 days 00:00:43.468000,0 days 00:19:54.691000,0 days 00:20:14.922000,0 days 00:20:58.390000,212.0,274.0,275.0,250.0,False,SOFT,4.0,True,McLaren,0 days 00:19:20.906000,2026-03-07 05:06:39.618,1,,False,,False,True
0 days 00:22:18.838000,NOR,1,0 days 00:01:20.448000,5.0,1.0,,,0 days 00:00:28.195000,0 days 00:00:17.929000,0 days 00:00:34.324000,0 days 00:21:26.585000,0 days 00:21:44.514000,0 days 00:22:18.838000,271.0,260.0,301.0,288.0,True,SOFT,5.0,True,McLaren,0 days 00:20:58.390000,2026-03-07 05:08:17.102,1,,False,,False,True
0 days 00:31:47.118000,NOR,1,,6.0,1.0,,0 days 00:24:04.642000,0 days 00:00:33.518000,,,0 days 00:22:52.520000,,,218.0,,,250.0,False,SOFT,6.0,True,McLaren,0 days 00:22:18.838000,2026-03-07 05:09:37.550,125,,False,,False,False
0 days 00:33:25.536000,NOR,1,,7.0,2.0,0 days 00:31:47.118000,,,0 days 00:00:20.382000,0 days 00:00:37.640000,,0 days 00:32:48.007000,0 days 00:33:25.782000,251.0,270.0,257.0,174.0,False,SOFT,7.0,False,McLaren,0 days 00:31:47.118000,2026-03-07 05:19:05.830,1,,False,,False,False
0 days 00:35:00.590000,NOR,1,0 days 00:01:35.054000,8.0,2.0,,,0 days 00:00:30.482000,0 days 00:00:19.839000,0 days 00:00:44.733000,0 days 00:33:56.018000,0 days 00:34:15.857000,0 days 00:35:00.590000,257.0,274.0,281.0,243.0,False,SOFT,8.0,False,McLaren,0 days 00:33:25.536000,2026-03-07 05:20:44.248,1,,False,,False,True
0 days 00:36:33.392000,NOR,1,0 days 00:01:32.802000,9.0,2.0,,,0 days 00:00:29.799000,0 days 00:00:22.215000,0 days 00:00:40.788000,0 days 00:35:30.389000,0 days 00:35:52.604000,0 days 00:36:33.392000,240.0,253.0,280.0,290.0,False,SOFT,9.0,False,McLaren,0 days 00:35:00.590000,2026-03-07 05:22:19.302,1,,False,,False,True
0 days 00:37:53.402000,NOR,1,0 days 00:01:20.010000,10.0,2.0,,,0 days 00:00:28.019000,0 days 00:00:17.765000,0 days 00:00:34.226000,0 days 00:37:01.411000,0 days 00:37:19.176000,0 days 00:37:53.402000,259.0,270.0,299.0,290.0,True,SOFT,10.0,False,McLaren,0 days 00:36:33.392000,2026-03-07 05:23:52.104,1,,False,,False,True
0 days 00:47:01.936000,NOR,1,,11.0,2.0,,0 days 00:39:59.189000,0 days 00:01:05.513000,0 days 00:00:20.772000,,0 days 00:38:58.949000,0 days 00:39:19.713000,,194.0,273.0,,255.0,False,SOFT,11.0,False,McLaren,0 days 00:37:53.402000,2026-03-07 05:25:12.114,12,,False,,False,False
0 days 00:49:00.244000,NOR,1,0 days 00:01:58.308000,12.0,3.0,0 days 00:47:12.151000,,0 days 00:01:00.129000,0 days 00:00:20.055000,0 days 00:00:38.124000,0 days 00:48:02.065000,0 days 00:48:22.120000,0 days 00:49:00.244000,262.0,273.0,275.0,100.0,False,SOFT,1.0,True,McLaren,0 days 00:47:01.936000,2026-03-07 05:34:20.648,1,,False,,False,False
0 days 00:50:38.251000,NOR,1,0 days 00:01:38.007000,13.0,3.0,,,0 days 00:00:29.931000,0 days 00:00:19.674000,0 days 00:00:48.402000,0 days 00:49:30.175000,0 days 00:49:49.849000,0 days 00:50:38.251000,255.0,273.0,282.0,281.0,True,SOFT,2.0,True,McLaren,0 days 00:49:00.244000,2026-03-07 05:36:18.956,1,,False,,False,True
0 days 00:51:58.133000,NOR,1,0 days 00:01:19.882000,14.0,3.0,,,0 days 00:00:27.903000,0 days 00:00:17.642000,0 days 00:00:34.337000,0 days 00:51:06.154000,0 days 00:51:23.796000,0 days 00:51:58.133000,266.0,275.0,300.0,289.0,True,SOFT,3.0,True,McLaren,0 days 00:50:38.251000,2026-03-07 05:37:56.963,1,,False,,False,True
0 days 00:56:14.145000,NOR,1,,15.0,3.0,,0 days 00:53:32.958000,0 days 00:00:32.903000,0 days 00:00:21.581000,,0 days 00:52:31.213000,0 days 00:52:52.702000,,236.0,251.0,,251.0,False,SOFT,4.0,True,McLaren,0 days 00:51:58.133000,2026-03-07 05:39:16.845,1,,False,,False,False
0 days 00:58:05.161000,NOR,1,0 days 00:01:51.016000,16.0,4.0,0 days 00:56:22.266000,,0 days 00:00:47.139000,0 days 00:00:19.803000,0 days 00:00:44.074000,0 days 00:57:01.284000,0 days 00:57:21.087000,0 days 00:58:05.161000,257.0,274.0,279.0,144.0,False,SOFT,5.0,False,McLaren,0 days 00:56:14.145000,2026-03-07 05:43:32.857,1,,False,,False,False
0 days 00:59:25.070000,NOR,1,0 days 00:01:19.909000,17.0,4.0,,,0 days 00:00:27.798000,0 days 00:00:17.804000,0 days 00:00:34.307000,0 days 00:58:32.959000,0 days 00:58:50.763000,0 days 00:59:25.070000,264.0,266.0,294.0,290.0,False,SOFT,6.0,False,McLaren,0 days 00:58:05.161000,2026-03-07 05:45:23.873,1,,False,,False,True
0 days 01:13:04.001000,NOR,1,,18.0,4.0,,0 days 01:01:02.685000,0 days 00:00:33.728000,0 days 00:00:24.045000,,0 days 00:59:58.832000,0 days 01:00:22.998000,,217.0,234.0,,243.0,False,SOFT,7.0,False,McLaren,0 days 00:59:25.070000,2026-03-07 05:46:43.782,12,,False,,False,False
0 days 01:14:40.256000,NOR,1,0 days 00:01:36.255000,19.0,5.0,0 days 01:13:06.557000,,0 days 00:00:37.049000,0 days 00:00:20.101000,0 days 00:00:39.105000,0 days 01:13:41.050000,0 days 01:14:01.151000,0 days 01:14:40.256000,253.0,270.0,282.0,204.0,False,SOFT,1.0,True,McLaren,0 days 01:13:04.001000,2026-03-07 06:00:22.713,1,,False,,False,False
0 days 01:23:24.469000,NOR,1,,20.0,5.0,,0 days 01:16:27.999000,,,,,,,,,,293.0,False,SOFT,2.0,True,McLaren,0 days 01:14:40.256000,2026-03-07 06:01:58.968,152,,False,,False,False
0 days 01:25:18.976000,NOR,1,0 days 00:01:54.507000,21.0,6.0,0 days 01:23:31.910000,,0 days 00:00:45.063000,0 days 00:00:19.971000,0 days 00:00:49.473000,0 days 01:24:09.532000,0 days 01:24:29.503000,0 days 01:25:18.976000,248.0,272.0,280.0,171.0,False,SOFT,3.0,False,McLaren,0 days 01:23:31.910000,2026-03-07 06:10:50.622,1,,False,,False,False
0 days 01:26:38.581000,NOR,1,0 days 00:01:19.605000,22.0,6.0,,,0 days 00:00:27.954000,0 days 00:00:17.574000,0 days 00:00:34.077000,0 days 01:25:46.930000,0 days 01:26:04.504000,0 days 01:26:38.581000,264.0,276.0,299.0,287.0,True,SOFT,4.0,False,McLaren,0 days 01:25:18.976000,2026-03-07 06:12:37.688,1,,False,,False,True
0 days 01:29:24.007000,NOR,1,,23.0,6.0,,0 days 01:28:10.173000,0 days 00:00:32.617000,0 days 00:00:21.218000,,0 days 01:27:11.250000,0 days 01:27:32.407000,,239.0,255.0,,245.0,False,SOFT,5.0,False,McLaren,0 days 01:26:38.581000,2026-03-07 06:13:57.293,1,,False,,False,False
0 days 01:31:20.610000,NOR,1,0 days 00:01:56.603000,24.0,7.0,0 days 01:29:36.129000,,0 days 00:00:52.210000,0 days 00:00:23.462000,0 days 00:00:40.931000,0 days 01:30:16.217000,0 days 01:30:39.679000,0 days 01:31:20.610000,258.0,273.0,283.0,105.0,False,SOFT,1.0,True,McLaren,0 days 01:29:24.007000,2026-03-07 06:16:42.719,1,,False,,False,False
0 days 01:32:40.085000,NOR,1,0 days 00:01:19.475000,25.0,7.0,,,0 days 00:00:27.754000,0 days 00:00:17.568000,0 days 00:00:34.153000,0 days 01:31:48.364000,0 days 01:32:05.932000,0 days 01:32:40.085000,267.0,276.0,299.0,291.0,True,SOFT,2.0,True,McLaren,0 days 01:31:20.610000,2026-03-07 06:18:39.322,1,,False,,False,True
0 days 00:16:22.110000,HAM,44,0 days 00:01:48.170000,1.0,1.0,0 days 00:14:41.137000,,0 days 00:00:48.079000,0 days 00:00:20.037000,0 days 00:00:40.054000,0 days 00:15:22.116000,0 days 00:15:42.123000,0 days 00:16:22.408000,244.0,274.0,282.0,173.0,False,MEDIUM,1.0,True,Ferrari,0 days 00:14:41.137000,2026-03-07 05:01:59.849,1,,False,,False,False
0 days 00:17:42.962000,HAM,44,0 days 00:01:20.852000,2.0,1.0,,,0 days 00:00:28.296000,0 days 00:00:17.795000,0 days 00:00:34.761000,0 days 00:16:50.406000,0 days 00:17:08.201000,0 days 00:17:42.962000,263.0,286.0,305.0,289.0,True,MEDIUM,2.0,True,Ferrari,0 days 00:16:22.110000,2026-03-07 05:03:40.822,1,,False,,False,True
0 days 00:19:30.004000,HAM,44,0 days 00:01:47.042000,3.0,1.0,,,0 days 00:00:39.290000,0 days 00:00:24.640000,0 days 00:00:43.112000,0 days 00:18:22.252000,0 days 00:18:46.892000,0 days 00:19:30.004000,199.0,221.0,285.0,215.0,False,MEDIUM,3.0,True,Ferrari,0 days 00:17:42.962000,2026-03-07 05:05:01.674,1,,False,,False,True
0 days 00:21:04.818000,HAM,44,0 days 00:01:34.814000,4.0,1.0,,,0 days 00:00:33.467000,0 days 00:00:19.279000,0 days 00:00:42.068000,0 days 00:20:03.471000,0 days 00:20:22.750000,0 days 00:21:04.818000,226.0,290.0,280.0,289.0,False,MEDIUM,4.0,True,Ferrari,0 days 00:19:30.004000,2026-03-07 05:06:48.716,1,,False,,False,True
0 days 00:22:25.239000,HAM,44,0 days 00:01:20.421000,5.0,1.0,,,0 days 00:00:28.259000,0 days 00:00:17.657000,0 days 00:00:34.505000,0 days 00:21:33.077000,0 days 00:21:50.734000,0 days 00:22:25.239000,262.0,288.0,301.0,285.0,True,MEDIUM,5.0,True,Ferrari,0 days 00:21:04.818000,2026-03-07 05:08:23.530,1,,False,,False,True
0 days 00:32:36.815000,HAM,44,,6.0,1.0,,0 days 00:24:18.252000,0 days 00:00:37.224000,,,0 days 00:23:02.520000,,,203.0,,,205.0,False,MEDIUM,6.0,True,Ferrari,0 days 00:22:25.239000,2026-03-07 05:09:43.951,125,,False,,False,False
0 days 00:34:36.282000,HAM,44,0 days 00:01:59.467000,7.0,2.0,0 days 00:32:55.680000,,0 days 00:00:59.143000,0 days 00:00:20.038000,0 days 00:00:40.286000,0 days 00:33:35.958000,0 days 00:33:55.996000,0 days 00:34:36.282000,248.0,269.0,278.0,162.0,False,MEDIUM,7.0,False,Ferrari,0 days 00:32:55.680000,2026-03-07 05:20:14.392,1,,False,,False,False
0 days 00:35:56.093000,HAM,44,0 days 00:01:19.811000,8.0,2.0,,,0 days 00:00:27.944000,0 days 00:00:17.609000,0 days 00:00:34.258000,0 days 00:35:04.226000,0 days 00:35:21.835000,0 days 00:35:56.093000,265.0,283.0,304.0,295.0,True,MEDIUM,8.0,False,Ferrari,0 days 00:34:36.282000,2026-03-07 05:21:54.994,1,,False,,False,True
0 days 00:45:53.628000,HAM,44,,9.0,2.0,,0 days 00:37:34.189000,0 days 00:00:34.539000,0 days 00:00:23.061000,,0 days 00:36:30.550000,0 days 00:36:53.658000,,208.0,240.0,,232.0,False,MEDIUM,9.0,False,Ferrari,0 days 00:35:56.093000,2026-03-07 05:23:14.805,12,,False,,False,False
0 days 00:48:23.359000,HAM,44,0 days 00:02:29.731000,10.0,3.0,0 days 00:46:44.707000,,0 days 00:01:27.865000,0 days 00:00:19.648000,0 days 00:00:42.218000,0 days 00:47:21.493000,0 days 00:47:41.141000,0 days 00:48:23.359000,244.0,282.0,276.0,188.0,False,SOFT,1.0,True,Ferrari,0 days 00:45:53.628000,2026-03-07 05:33:12.340,1,,False,,False,False
0 days 00:49:59.460000,HAM,44,0 days 00:01:36.101000,11.0,3.0,,,0 days 00:00:27.839000,0 days 00:00:22.338000,0 days 00:00:45.924000,0 days 00:48:51.198000,0 days 00:49:13.536000,0 days 00:49:59.460000,277.0,190.0,228.0,303.0,False,SOFT,2.0,True,Ferrari,0 days 00:48:23.359000,2026-03-07 05:35:42.071,1,,True,TRACK LIMITS AT TURN 9 LAP 12 ,False,True
0 days 00:51:43.281000,HAM,44,0 days 00:01:43.821000,12.0,3.0,,,0 days 00:00:34.591000,0 days 00:00:20.410000,0 days 00:00:48.820000,0 days 00:50:34.051000,0 days 00:50:54.461000,0 days 00:51:43.281000,199.0,303.0,280.0,231.0,True,SOFT,3.0,True,Ferrari,0 days 00:49:59.460000,2026-03-07 05:37:18.172,1,,False,,False,True
0 days 00:55:50.241000,HAM,44,,13.0,3.0,,0 days 00:53:07.835000,0 days 00:00:27.696000,0 days 00:00:19.500000,,0 days 00:52:11.021000,0 days 00:52:30.554000,,269.0,252.0,,309.0,False,SOFT,4.0,True,Ferrari,0 days 00:51:43.281000,2026-03-07 05:39:01.993,1,,False,,False,False
0 days 00:57:24.886000,HAM,44,0 days 00:01:34.645000,14.0,4.0,0 days 00:55:52.623000,,0 days 00:00:36.667000,0 days 00:00:19.324000,0 days 00:00:38.654000,0 days 00:56:26.908000,0 days 00:56:46.232000,0 days 00:57:24.886000,248.0,277.0,278.0,201.0,False,SOFT,1.0,True,Ferrari,0 days 00:55:50.241000,2026-03-07 05:43:08.953,1,,False,,False,False
0 days 00:58:44.807000,HAM,44,0 days 00:01:19.921000,15.0,4.0,,,0 days 00:00:27.976000,0 days 00:00:17.630000,0 days 00:00:34.315000,0 days 00:57:52.862000,0 days 00:58:10.492000,0 days 00:58:44.807000,264.0,284.0,301.0,293.0,True,SOFT,2.0,True,Ferrari,0 days 00:57:24.886000,2026-03-07 05:44:43.598,1,,False,,False,True
0 days 01:00:35.918000,HAM,44,0 days 00:01:51.111000,16.0,4.0,,,0 days 00:00:36.103000,0 days 00:00:23.437000,0 days 00:00:51.571000,0 days 00:59:20.910000,0 days 00:59:44.347000,0 days 01:00:35.918000,226.0,237.0,279.0,236.0,False,SOFT,3.0,True,Ferrari,0 days 00:58:44.807000,2026-03-07 05:46:03.519,1,,False,,False,True
0 days 01:11:58.100000,HAM,44,,17.0,4.0,,0 days 01:02:08.873000,0 days 00:00:31.955000,0 days 00:00:19.557000,,0 days 01:01:07.982000,0 days 01:01:27.473000,,247.0,279.0,,296.0,False,SOFT,4.0,True,Ferrari,0 days 01:00:35.918000,2026-03-07 05:47:54.630,12,,False,,False,False
0 days 01:13:55.588000,HAM,44,0 days 00:01:57.488000,18.0,5.0,0 days 01:12:09.807000,,0 days 00:00:53.324000,0 days 00:00:20.885000,0 days 00:00:43.279000,0 days 01:12:51.424000,0 days 01:13:12.309000,0 days 01:13:55.588000,239.0,246.0,279.0,170.0,False,SOFT,1.0,True,Ferrari,0 days 01:11:58.100000,2026-03-07 05:59:16.812,1,,False,,False,False
0 days 01:23:14.303000,HAM,44,,19.0,5.0,,0 days 01:15:38.955000,0 days 00:00:30.986000,0 days 00:00:24.412000,,0 days 01:14:26.635000,0 days 01:14:50.948000,,234.0,247.0,,295.0,False,SOFT,2.0,True,Ferrari,0 days 01:13:55.588000,2026-03-07 06:01:14.300,152,,False,,False,False
0 days 01:25:11.087000,HAM,44,0 days 00:01:56.784000,20.0,6.0,0 days 01:23:22.237000,,0 days 00:00:46.700000,0 days 00:00:22.913000,0 days 00:00:47.171000,0 days 01:24:01.003000,0 days 01:24:23.916000,0 days 01:25:11.087000,238.0,207.0,272.0,176.0,False,SOFT,3.0,False,Ferrari,0 days 01:23:22.237000,2026-03-07 06:10:40.949,1,,False,,False,False
0 days 01:26:31.510000,HAM,44,0 days 00:01:20.423000,21.0,6.0,,,0 days 00:00:28.405000,0 days 00:00:17.604000,0 days 00:00:34.414000,0 days 01:25:39.492000,0 days 01:25:57.096000,0 days 01:26:31.510000,265.0,284.0,300.0,291.0,True,SOFT,4.0,False,Ferrari,0 days 01:25:11.087000,2026-03-07 06:12:29.799,1,,False,,False,True
0 days 01:29:26.902000,HAM,44,,22.0,6.0,,0 days 01:27:58.282000,0 days 00:00:31.404000,0 days 00:00:19.872000,,0 days 01:27:02.954000,0 days 01:27:22.829000,,242.0,277.0,,245.0,False,SOFT,5.0,False,Ferrari,0 days 01:26:31.510000,2026-03-07 06:13:50.222,1,,False,,False,False
0 days 01:31:27.563000,HAM,44,0 days 00:02:00.661000,23.0,7.0,0 days 01:29:48.536000,,0 days 00:01:02.582000,0 days 00:00:19.741000,0 days 00:00:38.338000,0 days 01:30:29.484000,0 days 01:30:49.225000,0 days 01:31:27.563000,244.0,263.0,281.0,137.0,False,SOFT,1.0,True,Ferrari,0 days 01:29:26.902000,2026-03-07 06:16:45.614,1,,False,,False,False
0 days 01:32:47.041000,HAM,44,0 days 00:01:19.478000,24.0,7.0,,,0 days 00:00:27.756000,0 days 00:00:17.570000,0 days 00:00:34.152000,0 days 01:31:55.319000,0 days 01:32:12.889000,0 days 01:32:47.041000,275.0,282.0,301.0,296.0,True,SOFT,2.0,True,Ferrari,0 days 01:31:27.563000,2026-03-07 06:18:46.275,1,,False,,False,True
0 days 00:15:34.132000,LAW,30,0 days 00:02:14.069000,1.0,1.0,0 days 00:13:40.468000,,0 days 00:01:12.104000,0 days 00:00:20.772000,0 days 00:00:41.193000,0 days 00:14:32.347000,0 days 00:14:53.016000,0 days 00:15:34.429000,233.0,247.0,285.0,78.0,False,SOFT,1.0,True,Racing Bulls,0 days 00:13:40.468000,2026-03-07 05:00:59.180,1,,False,,False,False
0 days 00:16:55.432000,LAW,30,0 days 00:01:21.300000,2.0,1.0,,,0 days 00:00:28.831000,0 days 00:00:17.639000,0 days 00:00:34.830000,0 days 00:16:02.963000,0 days 00:16:20.602000,0 days 00:16:55.432000,255.0,298.0,309.0,303.0,True,SOFT,2.0,True,Racing Bulls,0 days 00:15:34.132000,2026-03-07 05:02:52.844,1,,False,,False,True
0 days 00:18:41.561000,LAW,30,0 days 00:01:46.129000,3.0,1.0,,,0 days 00:00:34.140000,0 days 00:00:26.010000,0 days 00:00:45.979000,0 days 00:17:29.572000,0 days 00:17:55.582000,0 days 00:18:41.561000,196.0,210.0,229.0,294.0,False,SOFT,3.0,True,Racing Bulls,0 days 00:16:55.432000,2026-03-07 05:04:14.144,1,,False,,False,True
0 days 00:20:27.682000,LAW,30,0 days 00:01:46.121000,4.0,1.0,,,0 days 00:00:38.501000,0 days 00:00:21.468000,0 days 00:00:46.152000,0 days 00:19:20.062000,0 days 00:19:41.530000,0 days 00:20:27.682000,228.0,286.0,284.0,236.0,False,SOFT,4.0,True,Racing Bulls,0 days 00:18:41.561000,2026-03-07 05:06:00.273,1,,False,,False,True
0 days 00:31:59.230000,LAW,30,,5.0,1.0,,0 days 00:22:02.086000,0 days 00:00:32.808000,0 days 00:00:20.351000,,0 days 00:21:00.538000,0 days 00:21:20.945000,,240.0,257.0,,303.0,False,SOFT,5.0,True,Racing Bulls,0 days 00:20:27.682000,2026-03-07 05:07:46.394,125,,False,,False,False
0 days 00:33:47.143000,LAW,30,,6.0,2.0,0 days 00:31:59.230000,,,0 days 00:00:21.003000,0 days 00:00:40.173000,,0 days 00:33:07.091000,0 days 00:33:47.423000,236.0,256.0,287.0,82.0,False,SOFT,1.0,True,Racing Bulls,0 days 00:31:59.230000,2026-03-07 05:19:17.942,1,,False,,False,False
0 days 00:35:07.742000,LAW,30,0 days 00:01:20.599000,7.0,2.0,,,0 days 00:00:28.473000,0 days 00:00:17.563000,0 days 00:00:34.563000,0 days 00:34:15.616000,0 days 00:34:33.179000,0 days 00:35:07.742000,261.0,297.0,307.0,304.0,True,SOFT,2.0,True,Racing Bulls,0 days 00:33:47.143000,2026-03-07 05:21:05.855,1,,False,,False,True
0 days 00:36:55.246000,LAW,30,0 days 00:01:47.504000,8.0,2.0,,,0 days 00:00:35.266000,0 days 00:00:28.574000,0 days 00:00:43.664000,0 days 00:35:43.008000,0 days 00:36:11.582000,0 days 00:36:55.246000,182.0,210.0,285.0,288.0,False,SOFT,3.0,True,Racing Bulls,0 days 00:35:07.742000,2026-03-07 05:22:26.454,1,,False,,False,True
0 days 00:38:15.737000,LAW,30,0 days 00:01:20.491000,9.0,2.0,,,0 days 00:00:28.452000,0 days 00:00:17.551000,0 days 00:00:34.488000,0 days 00:37:23.698000,0 days 00:37:41.249000,0 days 00:38:15.737000,260.0,297.0,307.0,302.0,True,SOFT,4.0,True,Racing Bulls,0 days 00:36:55.246000,2026-03-07 05:24:13.958,1,,False,,False,True
0 days 00:47:10.824000,LAW,30,,10.0,2.0,,0 days 00:39:57.050000,0 days 00:00:35.672000,0 days 00:00:21.807000,,0 days 00:38:51.435000,0 days 00:39:13.385000,,228.0,245.0,,289.0,False,SOFT,5.0,True,Racing Bulls,0 days 00:38:15.737000,2026-03-07 05:25:34.449,12,,False,,False,False
0 days 00:49:21.919000,LAW,30,0 days 00:02:11.095000,11.0,3.0,0 days 00:47:28.132000,,0 days 00:01:09.464000,0 days 00:00:20.938000,0 days 00:00:40.693000,0 days 00:48:20.288000,0 days 00:48:41.226000,0 days 00:49:21.919000,235.0,260.0,263.0,77.0,False,SOFT,1.0,True,Racing Bulls,0 days 00:47:10.824000,2026-03-07 05:34:29.536,1,,False,,False,False
0 days 00:50:55.618000,LAW,30,0 days 00:01:33.699000,12.0,3.0,,,0 days 00:00:31.907000,0 days 00:00:21.598000,0 days 00:00:40.194000,0 days 00:49:53.826000,0 days 00:50:15.424000,0 days 00:50:55.618000,243.0,267.0,287.0,247.0,True,SOFT,2.0,True,Racing Bulls,0 days 00:49:21.919000,2026-03-07 05:36:40.631,1,,False,,False,True
0 days 00:52:15.762000,LAW,30,0 days 00:01:20.144000,13.0,3.0,,,0 days 00:00:28.198000,0 days 00:00:17.449000,0 days 00:00:34.497000,0 days 00:51:23.816000,0 days 00:51:41.265000,0 days 00:52:15.762000,261.0,296.0,306.0,304.0,True,SOFT,3.0,True,Racing Bulls,0 days 00:50:55.618000,2026-03-07 05:38:14.330,1,,False,,False,True
0 days 00:56:50.855000,LAW,30,,14.0,3.0,,0 days 00:53:51.184000,0 days 00:00:33.560000,0 days 00:00:21.888000,,0 days 00:52:49.471000,0 days 00:53:11.249000,,239.0,242.0,,287.0,False,SOFT,4.0,True,Racing Bulls,0 days 00:52:15.762000,2026-03-07 05:39:34.474,1,,False,,False,False
0 days 00:58:46.527000,LAW,30,0 days 00:01:55.672000,15.0,4.0,0 days 00:56:55.429000,,0 days 00:00:52.582000,0 days 00:00:20.882000,0 days 00:00:42.208000,0 days 00:57:43.437000,0 days 00:58:04.319000,0 days 00:58:46.527000,241.0,263.0,279.0,84.0,False,SOFT,1.0,True,Racing Bulls,0 days 00:56:50.855000,2026-03-07 05:44:09.567,1,,False,,False,False
0 days 01:00:30.148000,LAW,30,0 days 00:01:43.621000,16.0,4.0,,,0 days 00:00:31.882000,0 days 00:00:20.865000,0 days 00:00:50.874000,0 days 00:59:18.409000,0 days 00:59:39.274000,0 days 01:00:30.148000,243.0,280.0,286.0,229.0,False,SOFT,2.0,True,Racing Bulls,0 days 00:58:46.527000,2026-03-07 05:46:05.239,1,,False,,False,True
0 days 01:01:50.359000,LAW,30,0 days 00:01:20.211000,17.0,4.0,,,0 days 00:00:28.499000,0 days 00:00:17.360000,0 days 00:00:34.352000,0 days 01:00:58.647000,0 days 01:01:16.007000,0 days 01:01:50.359000,261.0,301.0,312.0,303.0,False,SOFT,3.0,True,Racing Bulls,0 days 01:00:30.148000,2026-03-07 05:47:48.860,1,,False,,False,True
0 days 01:11:50.666000,LAW,30,,18.0,4.0,,0 days 01:03:56.755000,0 days 00:00:35.817000,0 days 00:00:22.706000,,0 days 01:02:26.258000,0 days 01:02:48.945000,,203.0,223.0,,223.0,False,SOFT,4.0,True,Racing Bulls,0 days 01:01:50.359000,2026-03-07 05:49:09.071,12,,False,,False,False
0 days 01:13:34.963000,LAW,30,,19.0,5.0,0 days 01:11:50.666000,,,0 days 00:00:20.758000,0 days 00:00:40.080000,,0 days 01:12:54.947000,0 days 01:13:34.963000,234.0,251.0,276.0,113.0,False,SOFT,5.0,False,Racing Bulls,0 days 01:11:50.666000,2026-03-07 05:59:09.378,1,,False,,False,False
0 days 01:28:31.160000,LAW,30,,20.0,5.0,,0 days 01:15:09.807000,0 days 00:00:32.331000,0 days 00:00:19.937000,,0 days 01:14:07.416000,0 days 01:14:27.260000,,245.0,280.0,,260.0,False,SOFT,6.0,False,Racing Bulls,0 days 01:13:34.963000,2026-03-07 06:00:53.675,152,,False,,False,False
0 days 01:30:17.764000,LAW,30,0 days 00:01:46.604000,21.0,6.0,0 days 01:28:35.532000,,0 days 00:00:44.891000,0 days 00:00:21.177000,0 days 00:00:40.536000,0 days 01:29:16.051000,0 days 01:29:37.228000,0 days 01:30:17.764000,236.0,270.0,270.0,144.0,False,SOFT,1.0,True,Racing Bulls,0 days 01:28:35.532000,2026-03-07 06:15:54.244,1,,False,,False,False
0 days 01:31:51.218000,LAW,30,0 days 00:01:33.454000,22.0,6.0,,,0 days 00:00:32.080000,0 days 00:00:21.726000,0 days 00:00:39.648000,0 days 01:30:49.844000,0 days 01:31:11.570000,0 days 01:31:51.218000,244.0,289.0,289.0,264.0,True,SOFT,2.0,True,Racing Bulls,0 days 01:30:17.764000,2026-03-07 06:17:36.476,1,,False,,False,True
0 days 01:33:11.212000,LAW,30,0 days 00:01:19.994000,23.0,6.0,,,0 days 00:00:28.206000,0 days 00:00:17.395000,0 days 00:00:34.393000,0 days 01:32:19.424000,0 days 01:32:36.819000,0 days 01:33:11.212000,259.0,297.0,318.0,306.0,True,SOFT,3.0,True,Racing Bulls,0 days 01:31:51.218000,2026-03-07 06:19:09.930,1,,False,,False,True
0 days 00:15:27.805000,LIN,41,0 days 00:02:12.239000,1.0,1.0,0 days 00:13:31.421000,,0 days 00:01:08.379000,0 days 00:00:20.899000,0 days 00:00:42.961000,0 days 00:14:24.081000,0 days 00:14:45.031000,0 days 00:15:28.100000,227.0,240.0,277.0,71.0,False,SOFT,1.0,True,Racing Bulls,0 days 00:13:31.421000,2026-03-07 05:00:50.133,1,,False,,False,False
0 days 00:16:48.813000,LIN,41,0 days 00:01:21.008000,2.0,1.0,,,0 days 00:00:28.767000,0 days 00:00:17.559000,0 days 00:00:34.682000,0 days 00:15:56.572000,0 days 00:16:14.131000,0 days 00:16:48.813000,257.0,299.0,310.0,296.0,True,SOFT,2.0,True,Racing Bulls,0 days 00:15:27.805000,2026-03-07 05:02:46.517,1,,False,,False,True
0 days 00:18:35.264000,LIN,41,0 days 00:01:46.451000,3.0,1.0,,,0 days 00:00:35.803000,0 days 00:00:23.748000,0 days 00:00:46.900000,0 days 00:17:24.616000,0 days 00:17:48.364000,0 days 00:18:35.264000,202.0,217.0,237.0,247.0,False,SOFT,3.0,True,Racing Bulls,0 days 00:16:48.813000,2026-03-07 05:04:07.525,1,,False,,False,True
0 days 00:20:21.114000,LIN,41,0 days 00:01:45.850000,4.0,1.0,,,0 days 00:00:38.017000,0 days 00:00:23.464000,0 days 00:00:44.369000,0 days 00:19:13.281000,0 days 00:19:36.745000,0 days 00:20:21.114000,222.0,277.0,274.0,228.0,False,SOFT,4.0,True,Racing Bulls,0 days 00:18:35.264000,2026-03-07 05:05:53.976,1,,False,,False,True
0 days 00:21:41.523000,LIN,41,0 days 00:01:20.409000,5.0,1.0,,,0 days 00:00:28.487000,0 days 00:00:17.454000,0 days 00:00:34.468000,0 days 00:20:49.601000,0 days 00:21:07.055000,0 days 00:21:41.523000,258.0,299.0,302.0,296.0,True,SOFT,5.0,True,Racing Bulls,0 days 00:20:21.114000,2026-03-07 05:07:39.826,1,,False,,False,True
0 days 00:31:50.922000,LIN,41,,6.0,1.0,,0 days 00:23:20.861000,0 days 00:00:34.834000,0 days 00:00:21.646000,,0 days 00:22:16.395000,0 days 00:22:38.082000,,211.0,268.0,,252.0,False,SOFT,6.0,True,Racing Bulls,0 days 00:21:41.523000,2026-03-07 05:09:00.235,125,,False,,False,False
0 days 00:33:40.881000,LIN,41,,7.0,2.0,0 days 00:31:50.922000,,,0 days 00:00:21.257000,0 days 00:00:40.781000,,0 days 00:33:00.173000,0 days 00:33:41.095000,233.0,260.0,278.0,104.0,False,SOFT,1.0,True,Racing Bulls,0 days 00:31:50.922000,2026-03-07 05:19:09.634,1,,False,,False,False
0 days 00:35:01.994000,LIN,41,0 days 00:01:21.113000,8.0,2.0,,,0 days 00:00:29.120000,0 days 00:00:17.480000,0 days 00:00:34.513000,0 days 00:34:10.001000,0 days 00:34:27.481000,0 days 00:35:01.994000,260.0,298.0,308.0,295.0,False,SOFT,2.0,True,Racing Bulls,0 days 00:33:40.881000,2026-03-07 05:20:59.593,1,,False,,False,True
0 days 00:36:44.790000,LIN,41,0 days 00:01:42.796000,9.0,2.0,,,0 days 00:00:35.761000,0 days 00:00:22.905000,0 days 00:00:44.130000,0 days 00:35:37.755000,0 days 00:36:00.660000,0 days 00:36:44.790000,217.0,249.0,277.0,280.0,False,SOFT,3.0,True,Racing Bulls,0 days 00:35:01.994000,2026-03-07 05:22:20.706,1,,False,,False,True
0 days 00:38:05.226000,LIN,41,0 days 00:01:20.436000,10.0,2.0,,,0 days 00:00:28.233000,0 days 00:00:17.546000,0 days 00:00:34.657000,0 days 00:37:13.023000,0 days 00:37:30.569000,0 days 00:38:05.226000,258.0,292.0,292.0,297.0,False,SOFT,4.0,True,Racing Bulls,0 days 00:36:44.790000,2026-03-07 05:24:03.502,1,,False,,False,True
0 days 00:47:05.598000,LIN,41,,11.0,2.0,,0 days 00:39:51.212000,0 days 00:00:36.359000,0 days 00:00:23.715000,,0 days 00:38:41.574000,0 days 00:39:05.356000,,212.0,147.0,,252.0,False,SOFT,5.0,True,Racing Bulls,0 days 00:38:05.226000,2026-03-07 05:25:23.938,12,,False,,False,False
0 days 00:49:13.589000,LIN,41,0 days 00:02:07.991000,12.0,3.0,0 days 00:47:18.434000,,0 days 00:01:07.610000,0 days 00:00:20.674000,0 days 00:00:39.707000,0 days 00:48:13.208000,0 days 00:48:33.882000,0 days 00:49:13.589000,236.0,256.0,262.0,72.0,False,SOFT,1.0,True,Racing Bulls,0 days 00:47:05.598000,2026-03-07 05:34:24.310,1,,False,,False,False
0 days 00:50:47.538000,LIN,41,0 days 00:01:33.949000,13.0,3.0,,,0 days 00:00:32.340000,0 days 00:00:20.070000,0 days 00:00:41.539000,0 days 00:49:45.929000,0 days 00:50:05.999000,0 days 00:50:47.538000,239.0,240.0,277.0,250.0,True,SOFT,2.0,True,Racing Bulls,0 days 00:49:13.589000,2026-03-07 05:36:32.301,1,,False,,False,True
0 days 00:52:07.509000,LIN,41,0 days 00:01:19.971000,14.0,3.0,,,0 days 00:00:28.173000,0 days 00:00:17.380000,0 days 00:00:34.418000,0 days 00:51:15.711000,0 days 00:51:33.091000,0 days 00:52:07.509000,257.0,292.0,297.0,297.0,True,SOFT,3.0,True,Racing Bulls,0 days 00:50:47.538000,2026-03-07 05:38:06.250,1,,False,,False,True
0 days 00:56:54.172000,LIN,41,,15.0,3.0,,0 days 00:53:44.418000,0 days 00:00:34.740000,0 days 00:00:22.336000,,0 days 00:52:42.332000,0 days 00:53:04.622000,,221.0,249.0,,250.0,False,SOFT,4.0,True,Racing Bulls,0 days 00:52:07.509000,2026-03-07 05:39:26.221,1,,False,,False,False
0 days 00:58:59.908000,LIN,41,0 days 00:02:05.736000,16.0,4.0,0 days 00:57:00.294000,,0 days 00:01:02.771000,0 days 00:00:21.047000,0 days 00:00:41.918000,0 days 00:57:56.943000,0 days 00:58:17.990000,0 days 00:58:59.908000,228.0,259.0,267.0,79.0,False,SOFT,1.0,True,Racing Bulls,0 days 00:56:54.172000,2026-03-07 05:44:12.884,1,,False,,False,False
0 days 01:00:42.377000,LIN,41,0 days 00:01:42.469000,17.0,4.0,,,0 days 00:00:32.715000,0 days 00:00:20.881000,0 days 00:00:48.873000,0 days 00:59:32.623000,0 days 00:59:53.504000,0 days 01:00:42.377000,239.0,248.0,275.0,254.0,False,SOFT,2.0,True,Racing Bulls,0 days 00:58:59.908000,2026-03-07 05:46:18.620,1,,False,,False,True
0 days 01:02:03.677000,LIN,41,0 days 00:01:21.300000,18.0,4.0,,,0 days 00:00:28.541000,0 days 00:00:17.312000,0 days 00:00:35.447000,0 days 01:01:10.918000,0 days 01:01:28.230000,0 days 01:02:03.677000,253.0,299.0,308.0,296.0,False,SOFT,3.0,True,Racing Bulls,0 days 01:00:42.377000,2026-03-07 05:48:01.089,1,,False,,False,True
0 days 01:11:56.041000,LIN,41,,19.0,4.0,,0 days 01:04:01.602000,0 days 00:00:35.624000,0 days 00:00:23.533000,,0 days 01:02:39.195000,0 days 01:03:02.820000,,213.0,235.0,,244.0,False,SOFT,4.0,True,Racing Bulls,0 days 01:02:03.677000,2026-03-07 05:49:22.389,12,,False,,False,False
0 days 01:13:44.384000,LIN,41,,20.0,5.0,0 days 01:11:56.041000,,,0 days 00:00:20.500000,0 days 00:00:38.702000,,0 days 01:13:05.682000,0 days 01:13:44.416000,233.0,257.0,262.0,80.0,False,SOFT,5.0,False,Racing Bulls,0 days 01:11:56.041000,2026-03-07 05:59:14.753,1,,False,,False,False
0 days 01:28:25.365000,LIN,41,,21.0,5.0,,0 days 01:15:23.633000,0 days 00:00:31.122000,0 days 00:00:19.884000,,0 days 01:14:15.510000,0 days 01:14:35.432000,,242.0,262.0,,257.0,False,SOFT,6.0,False,Racing Bulls,0 days 01:13:44.384000,2026-03-07 06:01:03.096,152,,False,,False,False
0 days 01:30:07.639000,LIN,41,0 days 00:01:42.274000,22.0,6.0,0 days 01:28:28.001000,,0 days 00:00:42.377000,0 days 00:00:20.168000,0 days 00:00:39.729000,0 days 01:29:07.742000,0 days 01:29:27.910000,0 days 01:30:07.639000,233.0,245.0,275.0,142.0,False,SOFT,1.0,True,Racing Bulls,0 days 01:28:28.001000,2026-03-07 06:15:46.713,1,,False,,False,False
0 days 01:31:40.611000,LIN,41,0 days 00:01:32.972000,23.0,6.0,,,0 days 00:00:31.694000,0 days 00:00:20.978000,0 days 00:00:40.300000,0 days 01:30:39.333000,0 days 01:31:00.311000,0 days 01:31:40.611000,238.0,239.0,275.0,249.0,True,SOFT,2.0,True,Racing Bulls,0 days 01:30:07.639000,2026-03-07 06:17:26.351,1,,False,,False,True
0 days 01:33:01.858000,LIN,41,0 days 00:01:21.247000,24.0,6.0,,,0 days 00:00:28.023000,0 days 00:00:18.423000,0 days 00:00:34.801000,0 days 01:32:08.634000,0 days 01:32:27.057000,0 days 01:33:01.858000,284.0,262.0,302.0,315.0,True,SOFT,3.0,True,Racing Bulls,0 days 01:31:40.611000,2026-03-07 06:18:59.323,1,,False,,False,True
0 days 00:15:05.422000,BOR,5,0 days 00:02:01.211000,1.0,1.0,0 days 00:13:17.562000,,0 days 00:01:00.423000,0 days 00:00:20.911000,0 days 00:00:39.877000,0 days 00:14:04.740000,0 days 00:14:25.612000,0 days 00:15:05.631000,237.0,229.0,264.0,100.0,False,SOFT,1.0,True,Audi,0 days 00:13:17.562000,2026-03-07 05:00:36.274,1,,False,,False,False
0 days 00:16:36.393000,BOR,5,0 days 00:01:30.971000,2.0,1.0,,,0 days 00:00:31.456000,0 days 00:00:20.583000,0 days 00:00:38.932000,0 days 00:15:36.878000,0 days 00:15:57.461000,0 days 00:16:36.393000,243.0,232.0,274.0,267.0,True,SOFT,2.0,True,Audi,0 days 00:15:05.422000,2026-03-07 05:02:24.134,1,,False,,False,True
0 days 00:17:56.888000,BOR,5,0 days 00:01:20.495000,3.0,1.0,,,0 days 00:00:28.263000,0 days 00:00:17.547000,0 days 00:00:34.685000,0 days 00:17:04.656000,0 days 00:17:22.203000,0 days 00:17:56.888000,257.0,281.0,301.0,291.0,True,SOFT,3.0,True,Audi,0 days 00:16:36.393000,2026-03-07 05:03:55.105,1,,False,,False,True
0 days 00:19:53.066000,BOR,5,0 days 00:01:56.178000,4.0,1.0,,,0 days 00:00:42.607000,0 days 00:00:26.580000,0 days 00:00:46.991000,0 days 00:18:39.495000,0 days 00:19:06.075000,0 days 00:19:53.066000,195.0,168.0,269.0,231.0,False,SOFT,4.0,True,Audi,0 days 00:17:56.888000,2026-03-07 05:05:15.600,1,,False,,False,True
0 days 00:21:13.813000,BOR,5,0 days 00:01:20.747000,5.0,1.0,,,0 days 00:00:28.435000,0 days 00:00:17.491000,0 days 00:00:34.821000,0 days 00:20:21.501000,0 days 00:20:38.992000,0 days 00:21:13.813000,252.0,283.0,300.0,287.0,False,SOFT,5.0,True,Audi,0 days 00:19:53.066000,2026-03-07 05:07:11.778,1,,False,,False,True
0 days 00:47:58.219000,BOR,5,,6.0,1.0,,0 days 00:22:52.520000,0 days 00:00:35.599000,0 days 00:00:20.231000,,0 days 00:21:49.585000,0 days 00:22:09.867000,,244.0,239.0,,220.0,False,SOFT,6.0,True,Audi,0 days 00:21:13.813000,2026-03-07 05:08:32.525,125,,False,,False,False
0 days 00:49:59.576000,BOR,5,0 days 00:02:01.357000,7.0,2.0,0 days 00:48:05.792000,,0 days 00:00:55.665000,0 days 00:00:20.771000,0 days 00:00:44.921000,0 days 00:48:53.884000,0 days 00:49:14.655000,0 days 00:49:59.576000,212.0,212.0,239.0,163.0,False,SOFT,1.0,True,Audi,0 days 00:48:05.792000,2026-03-07 05:35:24.504,1,,False,,False,False
0 days 00:51:36.096000,BOR,5,0 days 00:01:36.520000,8.0,2.0,,,0 days 00:00:31.483000,0 days 00:00:21.841000,0 days 00:00:43.196000,0 days 00:50:31.059000,0 days 00:50:52.900000,0 days 00:51:36.096000,249.0,232.0,270.0,272.0,True,SOFT,2.0,True,Audi,0 days 00:49:59.576000,2026-03-07 05:37:18.288,1,,False,,False,True
0 days 00:52:56.470000,BOR,5,0 days 00:01:20.374000,9.0,2.0,,,0 days 00:00:28.374000,0 days 00:00:17.454000,0 days 00:00:34.546000,0 days 00:52:04.470000,0 days 00:52:21.924000,0 days 00:52:56.470000,254.0,283.0,296.0,288.0,True,SOFT,3.0,True,Audi,0 days 00:51:36.096000,2026-03-07 05:38:54.808,1,,False,,False,True
0 days 00:56:38.243000,BOR,5,,10.0,2.0,,0 days 00:54:29.068000,0 days 00:00:32.584000,0 days 00:00:20.584000,,0 days 00:53:29.208000,0 days 00:53:49.762000,,246.0,231.0,,268.0,False,SOFT,4.0,True,Audi,0 days 00:52:56.470000,2026-03-07 05:40:15.182,1,,False,,False,False
0 days 00:58:22.474000,BOR,5,0 days 00:01:44.231000,11.0,3.0,0 days 00:56:42.765000,,0 days 00:00:44.480000,0 days 00:00:20.627000,0 days 00:00:39.124000,0 days 00:57:22.723000,0 days 00:57:43.350000,0 days 00:58:22.474000,245.0,232.0,267.0,190.0,False,SOFT,1.0,True,Audi,0 days 00:56:38.243000,2026-03-07 05:43:56.955,1,,False,,False,False
0 days 01:00:01.905000,BOR,5,0 days 00:01:39.431000,12.0,3.0,,,0 days 00:00:31.297000,0 days 00:00:20.457000,0 days 00:00:47.677000,0 days 00:58:53.771000,0 days 00:59:14.228000,0 days 01:00:01.905000,248.0,234.0,274.0,264.0,False,SOFT,2.0,True,Audi,0 days 00:58:22.474000,2026-03-07 05:45:41.186,1,,False,,False,True
0 days 01:01:22.126000,BOR,5,0 days 00:01:20.221000,13.0,3.0,,,0 days 00:00:28.272000,0 days 00:00:17.418000,0 days 00:00:34.531000,0 days 01:00:30.177000,0 days 01:00:47.595000,0 days 01:01:22.126000,251.0,282.0,299.0,290.0,True,SOFT,3.0,True,Audi,0 days 01:00:01.905000,2026-03-07 05:47:20.617,1,,False,,False,True
0 days 01:02:57.662000,BOR,5,0 days 00:01:35.536000,14.0,3.0,,0 days 01:07:17.780000,0 days 00:00:38.899000,0 days 00:00:22.106000,0 days 00:00:34.531000,0 days 01:02:01.025000,0 days 01:02:23.131000,0 days 01:02:57.662000,204.0,214.0,,253.0,False,SOFT,4.0,True,Audi,0 days 01:01:22.126000,2026-03-07 05:48:40.838,1,,False,,False,False
0 days 00:14:26.869000,HUL,27,,1.0,1.0,0 days 00:12:44.437000,,,0 days 00:00:20.891000,0 days 00:00:42.349000,,0 days 00:13:44.578000,0 days 00:14:27.112000,247.0,244.0,281.0,180.0,False,SOFT,1.0,True,Audi,0 days 00:12:44.437000,2026-03-07 05:00:03.149,1,,False,,False,False
0 days 00:16:03.005000,HUL,27,0 days 00:01:36.136000,2.0,1.0,,,0 days 00:00:31.544000,0 days 00:00:19.313000,0 days 00:00:45.279000,0 days 00:14:58.413000,0 days 00:15:17.726000,0 days 00:16:03.005000,260.0,259.0,277.0,250.0,True,SOFT,2.0,True,Audi,0 days 00:14:26.869000,2026-03-07 05:01:45.581,1,,False,,False,True
0 days 00:17:24.237000,HUL,27,0 days 00:01:21.232000,3.0,1.0,,,0 days 00:00:28.867000,0 days 00:00:17.602000,0 days 00:00:34.763000,0 days 00:16:31.872000,0 days 00:16:49.474000,0 days 00:17:24.237000,260.0,285.0,301.0,309.0,True,SOFT,3.0,True,Audi,0 days 00:16:03.005000,2026-03-07 05:03:21.717,1,,False,,False,True
0 days 00:19:16.153000,HUL,27,0 days 00:01:51.916000,4.0,1.0,,,0 days 00:00:40.396000,0 days 00:00:26.718000,0 days 00:00:44.802000,0 days 00:18:04.633000,0 days 00:18:31.351000,0 days 00:19:16.153000,182.0,235.0,275.0,223.0,False,SOFT,4.0,True,Audi,0 days 00:17:24.237000,2026-03-07 05:04:42.949,1,,False,,False,True
0 days 00:20:37.241000,HUL,27,0 days 00:01:21.088000,5.0,1.0,,,0 days 00:00:28.619000,0 days 00:00:17.637000,0 days 00:00:34.832000,0 days 00:19:44.772000,0 days 00:20:02.409000,0 days 00:20:37.241000,254.0,284.0,295.0,310.0,True,SOFT,5.0,True,Audi,0 days 00:19:16.153000,2026-03-07 05:06:34.865,1,,False,,False,True
0 days 00:33:17.826000,HUL,27,,6.0,1.0,,0 days 00:22:04.823000,0 days 00:00:30.421000,0 days 00:00:19.711000,,0 days 00:21:07.695000,0 days 00:21:27.507000,,251.0,248.0,,252.0,False,SOFT,6.0,True,Audi,0 days 00:20:37.241000,2026-03-07 05:07:55.953,125,,False,,False,False
0 days 00:35:05.217000,HUL,27,0 days 00:01:47.391000,7.0,2.0,0 days 00:33:24.423000,,0 days 00:00:41.597000,0 days 00:00:20.308000,0 days 00:00:45.486000,0 days 00:33:59.423000,0 days 00:34:19.731000,0 days 00:35:05.217000,246.0,227.0,276.0,204.0,False,SOFT,1.0,True,Audi,0 days 00:33:24.423000,2026-03-07 05:20:43.135,1,,False,,False,False
0 days 00:36:26.241000,HUL,27,0 days 00:01:21.024000,8.0,2.0,,,0 days 00:00:28.577000,0 days 00:00:17.800000,0 days 00:00:34.647000,0 days 00:35:33.794000,0 days 00:35:51.594000,0 days 00:36:26.241000,253.0,280.0,293.0,311.0,True,SOFT,2.0,True,Audi,0 days 00:35:05.217000,2026-03-07 05:22:23.929,1,,False,,False,True
0 days 00:38:20.293000,HUL,27,0 days 00:01:54.052000,9.0,2.0,,,0 days 00:00:42.729000,0 days 00:00:26.876000,0 days 00:00:44.447000,0 days 00:37:08.970000,0 days 00:37:35.846000,0 days 00:38:20.293000,163.0,261.0,232.0,235.0,False,SOFT,3.0,True,Audi,0 days 00:36:26.241000,2026-03-07 05:23:44.953,1,,False,,False,True
0 days 00:48:07.015000,HUL,27,,10.0,2.0,,0 days 00:39:46.930000,0 days 00:00:29.113000,0 days 00:00:17.819000,,0 days 00:38:49.543000,0 days 00:39:07.243000,,248.0,274.0,,283.0,False,SOFT,4.0,True,Audi,0 days 00:38:20.293000,2026-03-07 05:25:39.005,12,,False,,False,False
0 days 00:50:18.590000,HUL,27,0 days 00:02:11.575000,11.0,3.0,0 days 00:48:28.977000,,0 days 00:01:04.625000,0 days 00:00:20.601000,0 days 00:00:46.349000,0 days 00:49:11.640000,0 days 00:49:32.241000,0 days 00:50:18.590000,247.0,231.0,235.0,174.0,False,SOFT,5.0,False,Audi,0 days 00:48:07.015000,2026-03-07 05:35:25.727,1,,False,,False,False
0 days 00:51:39.781000,HUL,27,0 days 00:01:21.191000,12.0,3.0,,,0 days 00:00:28.906000,0 days 00:00:17.513000,0 days 00:00:34.772000,0 days 00:50:47.496000,0 days 00:51:05.009000,0 days 00:51:39.781000,255.0,290.0,304.0,294.0,True,SOFT,6.0,False,Audi,0 days 00:50:18.590000,2026-03-07 05:37:37.302,1,,False,,False,True
0 days 00:55:19.038000,HUL,27,,13.0,3.0,,0 days 00:53:14.901000,0 days 00:00:33.788000,0 days 00:00:19.726000,,0 days 00:52:13.583000,0 days 00:52:33.268000,,257.0,251.0,,301.0,False,SOFT,7.0,False,Audi,0 days 00:51:39.781000,2026-03-07 05:38:58.493,1,,False,,False,False
0 days 00:57:07.275000,HUL,27,0 days 00:01:48.237000,14.0,4.0,0 days 00:55:21.493000,,0 days 00:00:36.144000,0 days 00:00:20.207000,0 days 00:00:51.886000,0 days 00:55:55.182000,0 days 00:56:15.389000,0 days 00:57:07.275000,248.0,229.0,277.0,199.0,False,SOFT,1.0,True,Audi,0 days 00:55:19.038000,2026-03-07 05:42:37.750,1,,False,,False,False
0 days 00:58:27.578000,HUL,27,0 days 00:01:20.303000,15.0,4.0,,,0 days 00:00:28.587000,0 days 00:00:17.405000,0 days 00:00:34.311000,0 days 00:57:35.862000,0 days 00:57:53.267000,0 days 00:58:27.578000,256.0,291.0,295.0,293.0,True,SOFT,2.0,True,Audi,0 days 00:57:07.275000,2026-03-07 05:44:25.987,1,,False,,False,True
0 days 01:00:24.869000,HUL,27,0 days 00:01:57.291000,16.0,4.0,,,0 days 00:00:41.247000,0 days 00:00:22.884000,0 days 00:00:53.160000,0 days 00:59:08.825000,0 days 00:59:31.709000,0 days 01:00:24.869000,188.0,273.0,271.0,225.0,False,SOFT,3.0,True,Audi,0 days 00:58:27.578000,2026-03-07 05:45:46.290,1,,False,,False,True
0 days 01:01:47.729000,HUL,27,0 days 00:01:22.860000,17.0,4.0,,,0 days 00:00:28.775000,0 days 00:00:17.662000,0 days 00:00:36.423000,0 days 01:00:53.644000,0 days 01:01:11.306000,0 days 01:01:47.729000,255.0,281.0,243.0,289.0,False,SOFT,4.0,True,Audi,0 days 01:00:24.869000,2026-03-07 05:47:43.581,1,,False,,False,True
0 days 01:03:30.930000,HUL,27,,18.0,4.0,,0 days 01:03:30.930000,0 days 00:00:37.157000,0 days 00:00:22.201000,,0 days 01:02:24.867000,0 days 01:02:47.070000,,216.0,233.0,,193.0,False,SOFT,5.0,True,Audi,0 days 01:01:47.729000,2026-03-07 05:49:06.441,12,,False,,False,False
0 days 00:14:50.622000,BEA,87,,1.0,1.0,0 days 00:12:57.406000,,,0 days 00:00:21.307000,0 days 00:00:39.609000,,0 days 00:14:11.100000,0 days 00:14:50.828000,229.0,262.0,271.0,65.0,False,SOFT,1.0,True,Haas F1 Team,0 days 00:12:57.406000,2026-03-07 05:00:16.118,1,,False,,False,False
0 days 00:16:12.030000,BEA,87,0 days 00:01:21.408000,2.0,1.0,,,0 days 00:00:28.871000,0 days 00:00:17.684000,0 days 00:00:34.853000,0 days 00:15:19.493000,0 days 00:15:37.177000,0 days 00:16:12.030000,250.0,303.0,309.0,279.0,True,SOFT,2.0,True,Haas F1 Team,0 days 00:14:50.622000,2026-03-07 05:02:09.334,1,,False,,False,True
0 days 00:18:04.259000,BEA,87,0 days 00:01:52.229000,3.0,1.0,,,0 days 00:00:48.955000,0 days 00:00:21.330000,0 days 00:00:41.944000,0 days 00:17:00.985000,0 days 00:17:22.315000,0 days 00:18:04.259000,221.0,249.0,276.0,75.0,False,SOFT,3.0,True,Haas F1 Team,0 days 00:16:12.030000,2026-03-07 05:03:30.742,1,,False,,False,True
0 days 00:19:25.506000,BEA,87,0 days 00:01:21.247000,4.0,1.0,,,0 days 00:00:28.868000,0 days 00:00:17.643000,0 days 00:00:34.736000,0 days 00:18:33.127000,0 days 00:18:50.770000,0 days 00:19:25.506000,252.0,300.0,306.0,285.0,True,SOFT,4.0,True,Haas F1 Team,0 days 00:18:04.259000,2026-03-07 05:05:22.971,1,,False,,False,True
0 days 00:32:21.468000,BEA,87,,5.0,1.0,,0 days 00:21:04.508000,0 days 00:00:39.066000,0 days 00:00:20.113000,,0 days 00:20:04.577000,0 days 00:20:24.780000,,226.0,282.0,,300.0,False,SOFT,5.0,True,Haas F1 Team,0 days 00:19:25.506000,2026-03-07 05:06:44.218,125,,False,,False,False
0 days 00:34:10.264000,BEA,87,0 days 00:01:48.796000,6.0,2.0,0 days 00:32:26.827000,,0 days 00:00:46.615000,0 days 00:00:20.684000,0 days 00:00:41.497000,0 days 00:33:08.083000,0 days 00:33:28.767000,0 days 00:34:10.264000,234.0,260.0,275.0,128.0,False,SOFT,1.0,True,Haas F1 Team,0 days 00:32:26.827000,2026-03-07 05:19:45.539,1,,False,,False,False
0 days 00:35:31.704000,BEA,87,0 days 00:01:21.440000,7.0,2.0,,,0 days 00:00:29.159000,0 days 00:00:17.694000,0 days 00:00:34.587000,0 days 00:34:39.423000,0 days 00:34:57.117000,0 days 00:35:31.704000,252.0,302.0,307.0,282.0,False,SOFT,2.0,True,Haas F1 Team,0 days 00:34:10.264000,2026-03-07 05:21:28.976,1,,False,,False,True
0 days 00:37:26.402000,BEA,87,0 days 00:01:54.698000,8.0,2.0,,,0 days 00:00:39.307000,0 days 00:00:21.495000,0 days 00:00:53.896000,0 days 00:36:11.011000,0 days 00:36:32.506000,0 days 00:37:26.402000,197.0,281.0,267.0,141.0,False,SOFT,3.0,True,Haas F1 Team,0 days 00:35:31.704000,2026-03-07 05:22:50.416,1,,False,,False,True
0 days 00:38:47.791000,BEA,87,0 days 00:01:21.389000,9.0,2.0,,,0 days 00:00:29.373000,0 days 00:00:17.531000,0 days 00:00:34.485000,0 days 00:37:55.775000,0 days 00:38:13.306000,0 days 00:38:47.791000,252.0,301.0,305.0,281.0,False,SOFT,4.0,True,Haas F1 Team,0 days 00:37:26.402000,2026-03-07 05:24:45.114,1,,False,,False,True
0 days 00:46:52.744000,BEA,87,,10.0,2.0,,0 days 00:40:28.273000,0 days 00:00:36.278000,0 days 00:00:23.221000,,0 days 00:39:24.182000,0 days 00:39:47.290000,,173.0,230.0,,238.0,False,SOFT,5.0,True,Haas F1 Team,0 days 00:38:47.791000,2026-03-07 05:26:06.503,12,,False,,False,False
0 days 00:48:45.439000,BEA,87,0 days 00:01:52.695000,11.0,3.0,0 days 00:46:57.721000,,0 days 00:00:53.413000,0 days 00:00:20.532000,0 days 00:00:38.750000,0 days 00:47:46.157000,0 days 00:48:06.689000,0 days 00:48:45.439000,244.0,272.0,292.0,71.0,False,SOFT,1.0,True,Haas F1 Team,0 days 00:46:52.744000,2026-03-07 05:34:11.456,1,,False,,False,False
0 days 00:50:22.157000,BEA,87,0 days 00:01:36.718000,12.0,3.0,,,0 days 00:00:31.071000,0 days 00:00:20.753000,0 days 00:00:44.894000,0 days 00:49:16.510000,0 days 00:49:37.263000,0 days 00:50:22.157000,251.0,266.0,276.0,239.0,True,SOFT,2.0,True,Haas F1 Team,0 days 00:48:45.439000,2026-03-07 05:36:04.151,1,,False,,False,True
0 days 00:51:42.812000,BEA,87,0 days 00:01:20.655000,13.0,3.0,,,0 days 00:00:28.610000,0 days 00:00:17.407000,0 days 00:00:34.638000,0 days 00:50:50.767000,0 days 00:51:08.174000,0 days 00:51:42.812000,255.0,305.0,308.0,282.0,True,SOFT,3.0,True,Haas F1 Team,0 days 00:50:22.157000,2026-03-07 05:37:40.869,1,,False,,False,True
0 days 00:56:26.408000,BEA,87,,14.0,3.0,,0 days 00:53:17.027000,0 days 00:00:35,0 days 00:00:20.454000,,0 days 00:52:17.865000,0 days 00:52:38.278000,,229.0,278.0,,201.0,False,SOFT,4.0,True,Haas F1 Team,0 days 00:51:42.812000,2026-03-07 05:39:01.524,1,,False,,False,False
0 days 00:58:14.362000,BEA,87,0 days 00:01:47.954000,15.0,4.0,0 days 00:56:32.469000,,0 days 00:00:48.874000,0 days 00:00:20.304000,0 days 00:00:38.776000,0 days 00:57:15.282000,0 days 00:57:35.586000,0 days 00:58:14.362000,245.0,272.0,300.0,128.0,False,SOFT,1.0,True,Haas F1 Team,0 days 00:56:26.408000,2026-03-07 05:43:45.120,1,,False,,False,False
0 days 00:59:47.998000,BEA,87,0 days 00:01:33.636000,16.0,4.0,,,0 days 00:00:32.470000,0 days 00:00:19.962000,0 days 00:00:41.204000,0 days 00:58:46.832000,0 days 00:59:06.794000,0 days 00:59:47.998000,249.0,274.0,280.0,245.0,False,SOFT,2.0,True,Haas F1 Team,0 days 00:58:14.362000,2026-03-07 05:45:33.074,1,,False,,False,True
0 days 01:01:08.309000,BEA,87,0 days 00:01:20.311000,17.0,4.0,,,0 days 00:00:28.492000,0 days 00:00:17.439000,0 days 00:00:34.380000,0 days 01:00:16.490000,0 days 01:00:33.929000,0 days 01:01:08.309000,253.0,304.0,308.0,288.0,True,SOFT,3.0,True,Haas F1 Team,0 days 00:59:47.998000,2026-03-07 05:47:06.710,1,,False,,False,True
0 days 01:02:50.445000,BEA,87,,18.0,4.0,,0 days 01:02:50.445000,0 days 00:00:34.406000,0 days 00:00:23.234000,,0 days 01:01:42.764000,0 days 01:02:06.029000,,213.0,213.0,,252.0,False,SOFT,4.0,True,Haas F1 Team,0 days 01:01:08.309000,2026-03-07 05:48:27.021,1,,False,,False,False
0 days 00:14:42.112000,OCO,31,,1.0,1.0,0 days 00:12:53.218000,,,0 days 00:00:21.588000,0 days 00:00:41.037000,,0 days 00:14:01.162000,0 days 00:14:42.333000,231.0,250.0,268.0,83.0,False,SOFT,1.0,True,Haas F1 Team,0 days 00:12:53.218000,2026-03-07 05:00:11.930,1,,False,,False,False
0 days 00:16:03.930000,OCO,31,0 days 00:01:21.818000,2.0,1.0,,,0 days 00:00:28.939000,0 days 00:00:17.959000,0 days 00:00:34.920000,0 days 00:15:11.051000,0 days 00:15:29.010000,0 days 00:16:03.930000,282.0,289.0,307.0,278.0,True,SOFT,2.0,True,Haas F1 Team,0 days 00:14:42.112000,2026-03-07 05:02:00.824,1,,False,,False,True
0 days 00:17:55.902000,OCO,31,0 days 00:01:51.972000,3.0,1.0,,,0 days 00:00:39.017000,0 days 00:00:23.346000,0 days 00:00:49.609000,0 days 00:16:42.947000,0 days 00:17:06.293000,0 days 00:17:55.902000,217.0,127.0,272.0,271.0,False,SOFT,3.0,True,Haas F1 Team,0 days 00:16:03.930000,2026-03-07 05:03:22.642,1,,False,,False,True
0 days 00:19:17.166000,OCO,31,0 days 00:01:21.264000,4.0,1.0,,,0 days 00:00:28.791000,0 days 00:00:17.828000,0 days 00:00:34.645000,0 days 00:18:24.693000,0 days 00:18:42.521000,0 days 00:19:17.166000,252.0,296.0,305.0,283.0,True,SOFT,4.0,True,Haas F1 Team,0 days 00:17:55.902000,2026-03-07 05:05:14.614,1,,False,,False,True
0 days 00:32:09.133000,OCO,31,,5.0,1.0,,0 days 00:20:59.038000,0 days 00:00:38.332000,0 days 00:00:20.360000,,0 days 00:19:55.621000,0 days 00:20:16.017000,,222.0,282.0,,277.0,False,SOFT,5.0,True,Haas F1 Team,0 days 00:19:17.166000,2026-03-07 05:06:35.878,125,,False,,False,False
0 days 00:34:05.878000,OCO,31,0 days 00:01:56.745000,6.0,2.0,0 days 00:32:17.397000,,0 days 00:00:53.489000,0 days 00:00:21.534000,0 days 00:00:41.722000,0 days 00:33:02.622000,0 days 00:33:24.156000,0 days 00:34:05.878000,233.0,248.0,269.0,113.0,False,SOFT,1.0,True,Haas F1 Team,0 days 00:32:17.397000,2026-03-07 05:19:36.109,1,,False,,False,False
0 days 00:35:26.637000,OCO,31,0 days 00:01:20.759000,7.0,2.0,,,0 days 00:00:28.594000,0 days 00:00:17.676000,0 days 00:00:34.489000,0 days 00:34:34.472000,0 days 00:34:52.148000,0 days 00:35:26.637000,253.0,297.0,300.0,280.0,True,SOFT,2.0,True,Haas F1 Team,0 days 00:34:05.878000,2026-03-07 05:21:24.590,1,,False,,False,True
0 days 00:37:17.284000,OCO,31,0 days 00:01:50.647000,8.0,2.0,,,0 days 00:00:35.136000,0 days 00:00:26.434000,0 days 00:00:49.077000,0 days 00:36:01.773000,0 days 00:36:28.207000,0 days 00:37:17.284000,187.0,205.0,265.0,262.0,False,SOFT,3.0,True,Haas F1 Team,0 days 00:35:26.637000,2026-03-07 05:22:45.349,1,,False,,False,True
0 days 00:38:38.152000,OCO,31,0 days 00:01:20.868000,9.0,2.0,,,0 days 00:00:28.510000,0 days 00:00:17.738000,0 days 00:00:34.620000,0 days 00:37:45.794000,0 days 00:38:03.532000,0 days 00:38:38.152000,253.0,296.0,296.0,279.0,False,SOFT,4.0,True,Haas F1 Team,0 days 00:37:17.284000,2026-03-07 05:24:35.996,1,,False,,False,True
0 days 00:46:53.314000,OCO,31,,10.0,2.0,,0 days 00:40:22.043000,0 days 00:00:36.577000,0 days 00:00:23.035000,,0 days 00:39:14.838000,0 days 00:39:37.852000,,215.0,228.0,,258.0,False,SOFT,5.0,True,Haas F1 Team,0 days 00:38:38.152000,2026-03-07 05:25:56.864,12,,False,,False,False
0 days 00:48:38.838000,OCO,31,,11.0,3.0,0 days 00:46:53.314000,,0 days 00:01:34.733000,0 days 00:00:21.390000,0 days 00:00:38.428000,0 days 00:47:39.020000,0 days 00:48:00.414000,0 days 00:48:38.860000,242.0,251.0,295.0,68.0,False,SOFT,1.0,True,Haas F1 Team,0 days 00:46:53.314000,2026-03-07 05:34:12.026,1,,False,,False,False
0 days 00:50:11.417000,OCO,31,0 days 00:01:32.579000,12.0,3.0,,,0 days 00:00:31.255000,0 days 00:00:20.946000,0 days 00:00:40.378000,0 days 00:49:10.093000,0 days 00:49:31.039000,0 days 00:50:11.417000,236.0,253.0,270.0,270.0,True,SOFT,2.0,True,Haas F1 Team,0 days 00:48:38.838000,2026-03-07 05:35:57.550,1,,False,,False,True
0 days 00:51:31.908000,OCO,31,0 days 00:01:20.491000,13.0,3.0,,,0 days 00:00:28.499000,0 days 00:00:17.469000,0 days 00:00:34.523000,0 days 00:50:39.916000,0 days 00:50:57.385000,0 days 00:51:31.908000,255.0,302.0,299.0,280.0,True,SOFT,3.0,True,Haas F1 Team,0 days 00:50:11.417000,2026-03-07 05:37:30.129,1,,False,,False,True
0 days 00:56:22.660000,OCO,31,,14.0,3.0,,0 days 00:53:13.902000,0 days 00:00:39.504000,0 days 00:00:21.337000,,0 days 00:52:11.380000,0 days 00:52:32.741000,,161.0,259.0,,274.0,False,SOFT,4.0,True,Haas F1 Team,0 days 00:51:31.908000,2026-03-07 05:38:50.620,1,,False,,False,False
0 days 00:58:09.955000,OCO,31,0 days 00:01:47.295000,15.0,4.0,0 days 00:56:27.125000,,0 days 00:00:45.636000,0 days 00:00:21.209000,0 days 00:00:40.450000,0 days 00:57:08.296000,0 days 00:57:29.505000,0 days 00:58:09.955000,238.0,268.0,286.0,160.0,False,SOFT,1.0,True,Haas F1 Team,0 days 00:56:22.660000,2026-03-07 05:43:41.372,1,,False,,False,False
0 days 00:59:44.407000,OCO,31,0 days 00:01:34.452000,16.0,4.0,,,0 days 00:00:31.117000,0 days 00:00:20.851000,0 days 00:00:42.484000,0 days 00:58:41.072000,0 days 00:59:01.923000,0 days 00:59:44.407000,239.0,253.0,270.0,284.0,False,SOFT,2.0,True,Haas F1 Team,0 days 00:58:09.955000,2026-03-07 05:45:28.667,1,,False,,False,True
0 days 01:01:05.476000,OCO,31,0 days 00:01:21.069000,17.0,4.0,,,0 days 00:00:28.539000,0 days 00:00:17.794000,0 days 00:00:34.736000,0 days 01:00:12.946000,0 days 01:00:30.740000,0 days 01:01:05.476000,251.0,293.0,297.0,276.0,False,SOFT,3.0,True,Haas F1 Team,0 days 00:59:44.407000,2026-03-07 05:47:03.119,1,,False,,False,True
0 days 01:02:46.398000,OCO,31,,18.0,4.0,,0 days 01:02:46.398000,0 days 00:00:34.813000,0 days 00:00:23.577000,,0 days 01:01:40.326000,0 days 01:02:03.936000,,209.0,240.0,,250.0,False,SOFT,4.0,True,Haas F1 Team,0 days 01:01:05.476000,2026-03-07 05:48:24.188,1,,False,,False,False
0 days 00:15:16.466000,GAS,10,0 days 00:02:04.879000,1.0,1.0,0 days 00:13:24.890000,,0 days 00:01:00.883000,0 days 00:00:20.369000,0 days 00:00:43.627000,0 days 00:14:12.470000,0 days 00:14:32.940000,0 days 00:15:16.678000,246.0,279.0,274.0,84.0,False,SOFT,1.0,True,Alpine,0 days 00:13:24.890000,2026-03-07 05:00:43.602,1,,False,,False,False
0 days 00:16:39.140000,GAS,10,0 days 00:01:22.674000,2.0,1.0,,,0 days 00:00:29.335000,0 days 00:00:17.913000,0 days 00:00:35.426000,0 days 00:15:45.801000,0 days 00:16:03.714000,0 days 00:16:39.140000,267.0,272.0,300.0,296.0,True,SOFT,2.0,True,Alpine,0 days 00:15:16.466000,2026-03-07 05:02:35.178,1,,False,,False,True
0 days 00:18:29.164000,GAS,10,0 days 00:01:50.024000,3.0,1.0,,,0 days 00:00:38.258000,0 days 00:00:22.266000,0 days 00:00:49.500000,0 days 00:17:17.398000,0 days 00:17:39.664000,0 days 00:18:29.164000,234.0,235.0,214.0,222.0,False,SOFT,3.0,True,Alpine,0 days 00:16:39.140000,2026-03-07 05:03:57.852,1,,False,,False,True
0 days 00:20:15.582000,GAS,10,0 days 00:01:46.418000,4.0,1.0,,,0 days 00:00:37.719000,0 days 00:00:21.067000,0 days 00:00:47.632000,0 days 00:19:06.883000,0 days 00:19:27.950000,0 days 00:20:15.582000,249.0,283.0,282.0,226.0,False,SOFT,4.0,True,Alpine,0 days 00:18:29.164000,2026-03-07 05:05:47.876,1,,False,,False,True
0 days 00:21:37.013000,GAS,10,0 days 00:01:21.431000,5.0,1.0,,,0 days 00:00:28.421000,0 days 00:00:17.951000,0 days 00:00:35.059000,0 days 00:20:44.003000,0 days 00:21:01.954000,0 days 00:21:37.013000,270.0,265.0,302.0,296.0,True,SOFT,5.0,True,Alpine,0 days 00:20:15.582000,2026-03-07 05:07:34.294,1,,False,,False,True
0 days 00:35:13.390000,GAS,10,,6.0,1.0,,0 days 00:23:15.395000,0 days 00:00:36.057000,0 days 00:00:21.328000,,0 days 00:22:13.196000,0 days 00:22:34.426000,,230.0,280.0,,263.0,False,SOFT,6.0,True,Alpine,0 days 00:21:37.013000,2026-03-07 05:08:55.725,125,,False,,False,False
0 days 00:37:05.146000,GAS,10,0 days 00:01:51.756000,7.0,2.0,0 days 00:35:15.695000,,0 days 00:00:42.948000,0 days 00:00:19.905000,0 days 00:00:48.903000,0 days 00:35:56.338000,0 days 00:36:16.243000,0 days 00:37:05.146000,236.0,285.0,274.0,162.0,False,SOFT,1.0,True,Alpine,0 days 00:35:15.695000,2026-03-07 05:22:34.407,1,,False,,False,False
0 days 00:38:42.921000,GAS,10,0 days 00:01:37.775000,8.0,2.0,,,0 days 00:00:31.676000,0 days 00:00:20.707000,0 days 00:00:45.392000,0 days 00:37:36.822000,0 days 00:37:57.529000,0 days 00:38:42.921000,249.0,274.0,277.0,301.0,False,SOFT,2.0,True,Alpine,0 days 00:37:05.146000,2026-03-07 05:24:23.858,1,,False,,False,True
0 days 00:40:04.059000,GAS,10,0 days 00:01:21.138000,9.0,2.0,,,0 days 00:00:28.402000,0 days 00:00:17.696000,0 days 00:00:35.040000,0 days 00:39:11.323000,0 days 00:39:29.019000,0 days 00:40:04.059000,262.0,276.0,291.0,302.0,True,SOFT,3.0,True,Alpine,0 days 00:38:42.921000,2026-03-07 05:26:01.633,1,,False,,False,True
0 days 00:47:18.058000,GAS,10,,10.0,2.0,,0 days 00:41:51.143000,0 days 00:00:37.340000,0 days 00:00:23.171000,,0 days 00:40:41.445000,0 days 00:41:04.603000,,228.0,218.0,,241.0,False,SOFT,4.0,True,Alpine,0 days 00:40:04.059000,2026-03-07 05:27:22.771,12,,False,,False,False
0 days 00:49:28.790000,GAS,10,0 days 00:02:10.732000,11.0,3.0,0 days 00:47:40.948000,,0 days 00:01:10.105000,0 days 00:00:20.428000,0 days 00:00:40.199000,0 days 00:48:28.163000,0 days 00:48:48.591000,0 days 00:49:28.790000,249.0,278.0,258.0,82.0,False,SOFT,1.0,True,Alpine,0 days 00:47:18.058000,2026-03-07 05:34:36.770,1,,False,,False,False
0 days 00:51:04.544000,GAS,10,0 days 00:01:35.754000,12.0,3.0,,,0 days 00:00:31.102000,0 days 00:00:19.867000,0 days 00:00:44.785000,0 days 00:49:59.892000,0 days 00:50:19.759000,0 days 00:51:04.544000,247.0,281.0,281.0,275.0,True,SOFT,2.0,True,Alpine,0 days 00:49:28.790000,2026-03-07 05:36:47.502,1,,False,,False,True
0 days 00:52:25.045000,GAS,10,0 days 00:01:20.501000,13.0,3.0,,,0 days 00:00:28.339000,0 days 00:00:17.557000,0 days 00:00:34.605000,0 days 00:51:32.883000,0 days 00:51:50.440000,0 days 00:52:25.045000,267.0,287.0,291.0,300.0,True,SOFT,3.0,True,Alpine,0 days 00:51:04.544000,2026-03-07 05:38:23.256,1,,False,,False,True
0 days 00:57:16.026000,GAS,10,,14.0,3.0,,0 days 00:54:05.818000,0 days 00:00:37.095000,0 days 00:00:21.491000,,0 days 00:53:02.220000,0 days 00:53:23.699000,,233.0,276.0,,245.0,False,SOFT,4.0,True,Alpine,0 days 00:52:25.045000,2026-03-07 05:39:43.757,1,,False,,False,False
0 days 00:59:03.340000,GAS,10,0 days 00:01:47.314000,15.0,4.0,0 days 00:57:18.188000,,0 days 00:00:44.468000,0 days 00:00:20.531000,0 days 00:00:42.315000,0 days 00:58:00.494000,0 days 00:58:21.025000,0 days 00:59:03.340000,254.0,254.0,256.0,109.0,False,SOFT,1.0,True,Alpine,0 days 00:57:16.026000,2026-03-07 05:44:34.738,1,,False,,False,False
0 days 01:00:50.526000,GAS,10,0 days 00:01:47.186000,16.0,4.0,,,0 days 00:00:32.863000,0 days 00:00:20.279000,0 days 00:00:54.044000,0 days 00:59:36.203000,0 days 00:59:56.482000,0 days 01:00:50.526000,250.0,280.0,277.0,263.0,False,SOFT,2.0,True,Alpine,0 days 00:59:03.340000,2026-03-07 05:46:22.052,1,,False,,False,True
0 days 01:02:11.352000,GAS,10,0 days 00:01:20.826000,17.0,4.0,,,0 days 00:00:28.283000,0 days 00:00:17.626000,0 days 00:00:34.917000,0 days 01:01:18.809000,0 days 01:01:36.435000,0 days 01:02:11.352000,283.0,276.0,295.0,302.0,False,SOFT,3.0,True,Alpine,0 days 01:00:50.526000,2026-03-07 05:48:09.238,1,,False,,False,True
0 days 01:04:05.243000,GAS,10,,18.0,4.0,,0 days 01:04:05.243000,0 days 00:00:38.194000,0 days 00:00:21.162000,,0 days 01:02:49.649000,0 days 01:03:10.727000,,236.0,270.0,,238.0,False,SOFT,4.0,True,Alpine,0 days 01:02:11.352000,2026-03-07 05:49:30.064,12,,False,,False,False
0 days 00:14:33.438000,ALB,23,,1.0,1.0,0 days 00:12:48.671000,,,0 days 00:00:20.535000,0 days 00:00:40.833000,,0 days 00:13:52.687000,0 days 00:14:33.644000,240.0,264.0,279.0,115.0,False,SOFT,1.0,True,Williams,0 days 00:12:48.671000,2026-03-07 05:00:07.383,1,,False,,False,False
0 days 00:15:55.240000,ALB,23,0 days 00:01:21.802000,2.0,1.0,,,0 days 00:00:28.934000,0 days 00:00:17.771000,0 days 00:00:35.097000,0 days 00:15:02.372000,0 days 00:15:20.143000,0 days 00:15:55.240000,263.0,290.0,300.0,283.0,True,SOFT,2.0,True,Williams,0 days 00:14:33.438000,2026-03-07 05:01:52.150,1,,False,,False,True
0 days 00:17:50.144000,ALB,23,0 days 00:01:54.904000,3.0,1.0,,,0 days 00:00:43.360000,0 days 00:00:24.474000,0 days 00:00:47.070000,0 days 00:16:38.600000,0 days 00:17:03.074000,0 days 00:17:50.144000,139.0,174.0,279.0,244.0,False,SOFT,3.0,True,Williams,0 days 00:15:55.240000,2026-03-07 05:03:13.952,1,,False,,False,True
0 days 00:19:12.367000,ALB,23,0 days 00:01:22.223000,4.0,1.0,,,0 days 00:00:29.214000,0 days 00:00:17.902000,0 days 00:00:35.107000,0 days 00:18:19.358000,0 days 00:18:37.260000,0 days 00:19:12.367000,263.0,285.0,294.0,284.0,False,SOFT,4.0,True,Williams,0 days 00:17:50.144000,2026-03-07 05:05:08.856,1,,False,,False,True
0 days 00:21:59.851000,ALB,23,,5.0,1.0,,0 days 00:20:50.304000,0 days 00:00:34.940000,0 days 00:00:21.703000,,0 days 00:19:47.316000,0 days 00:20:09.082000,,236.0,239.0,,274.0,False,SOFT,5.0,True,Williams,0 days 00:19:12.367000,2026-03-07 05:06:31.079,1,,False,,False,False
0 days 00:32:27.524000,ALB,23,,6.0,2.0,0 days 00:21:59.851000,0 days 00:23:49.283000,0 days 00:00:46.783000,0 days 00:00:20.079000,,0 days 00:22:41.614000,0 days 00:23:01.692000,,261.0,268.0,,117.0,False,SOFT,1.0,True,Williams,0 days 00:21:59.851000,2026-03-07 05:09:18.563,125,,False,,False,False
0 days 00:34:20.623000,ALB,23,0 days 00:01:53.099000,7.0,3.0,0 days 00:32:35.547000,,0 days 00:00:52.653000,0 days 00:00:20.211000,0 days 00:00:40.235000,0 days 00:33:20.177000,0 days 00:33:40.388000,0 days 00:34:20.623000,260.0,257.0,287.0,130.0,False,SOFT,2.0,False,Williams,0 days 00:32:35.547000,2026-03-07 05:19:54.259,1,,False,,False,False
0 days 00:35:42.104000,ALB,23,0 days 00:01:21.481000,8.0,3.0,,,0 days 00:00:28.822000,0 days 00:00:17.722000,0 days 00:00:34.937000,0 days 00:34:49.445000,0 days 00:35:07.167000,0 days 00:35:42.104000,254.0,294.0,291.0,284.0,True,SOFT,3.0,False,Williams,0 days 00:34:20.623000,2026-03-07 05:21:39.335,1,,False,,False,True
0 days 00:37:34.990000,ALB,23,0 days 00:01:52.886000,9.0,3.0,,,0 days 00:00:43.941000,0 days 00:00:24.988000,0 days 00:00:43.957000,0 days 00:36:26.045000,0 days 00:36:51.033000,0 days 00:37:34.990000,188.0,194.0,277.0,131.0,False,SOFT,4.0,False,Williams,0 days 00:35:42.104000,2026-03-07 05:23:00.816,1,,False,,False,True
0 days 00:38:56.041000,ALB,23,0 days 00:01:21.051000,10.0,3.0,,,0 days 00:00:28.440000,0 days 00:00:17.670000,0 days 00:00:34.941000,0 days 00:38:03.430000,0 days 00:38:21.100000,0 days 00:38:56.041000,271.0,284.0,300.0,285.0,True,SOFT,5.0,False,Williams,0 days 00:37:34.990000,2026-03-07 05:24:53.702,1,,False,,False,True
0 days 00:46:56.310000,ALB,23,,11.0,3.0,,0 days 00:40:32.820000,0 days 00:00:34.318000,0 days 00:00:22.625000,,0 days 00:39:30.322000,0 days 00:39:53.071000,,213.0,247.0,,240.0,False,SOFT,6.0,False,Williams,0 days 00:38:56.041000,2026-03-07 05:26:14.753,12,,False,,False,False
0 days 00:48:53.133000,ALB,23,0 days 00:01:56.823000,12.0,4.0,0 days 00:47:04.464000,,0 days 00:00:57.792000,0 days 00:00:19.842000,0 days 00:00:39.189000,0 days 00:47:54.102000,0 days 00:48:13.944000,0 days 00:48:53.133000,253.0,268.0,285.0,55.0,False,SOFT,6.0,False,Williams,0 days 00:46:56.310000,2026-03-07 05:34:15.022,1,,False,,False,False
0 days 00:50:15.108000,ALB,23,0 days 00:01:21.975000,13.0,4.0,,,0 days 00:00:29.278000,0 days 00:00:17.751000,0 days 00:00:34.946000,0 days 00:49:22.411000,0 days 00:49:40.162000,0 days 00:50:15.108000,268.0,288.0,294.0,288.0,True,SOFT,7.0,False,Williams,0 days 00:48:53.133000,2026-03-07 05:36:11.845,1,,False,,False,True
0 days 00:52:14.408000,ALB,23,0 days 00:01:59.300000,14.0,4.0,,0 days 00:51:54.629000,0 days 00:00:37.114000,0 days 00:00:22.380000,0 days 00:00:59.806000,0 days 00:50:52.222000,0 days 00:51:14.602000,0 days 00:52:14.408000,173.0,170.0,,283.0,False,SOFT,8.0,False,Williams,0 days 00:50:15.108000,2026-03-07 05:37:33.820,1,,False,,False,False
0 days 00:53:53.434000,ALB,23,0 days 00:01:39.026000,15.0,5.0,0 days 00:52:16.833000,,0 days 00:00:39.954000,0 days 00:00:19.719000,0 days 00:00:39.353000,0 days 00:52:54.362000,0 days 00:53:14.081000,0 days 00:53:53.434000,257.0,266.0,284.0,152.0,False,SOFT,1.0,True,Williams,0 days 00:52:14.408000,2026-03-07 05:39:33.120,1,,False,,False,False
0 days 00:55:14.375000,ALB,23,0 days 00:01:20.941000,16.0,5.0,,,0 days 00:00:28.292000,0 days 00:00:17.740000,0 days 00:00:34.909000,0 days 00:54:21.726000,0 days 00:54:39.466000,0 days 00:55:14.375000,269.0,282.0,292.0,287.0,True,SOFT,2.0,True,Williams,0 days 00:53:53.434000,2026-03-07 05:41:12.146,1,,False,,False,True
0 days 00:58:10.292000,ALB,23,,17.0,5.0,,0 days 00:56:52.235000,0 days 00:00:36.115000,0 days 00:00:23.361000,,0 days 00:55:50.653000,0 days 00:56:13.938000,,198.0,254.0,,260.0,False,SOFT,3.0,True,Williams,0 days 00:55:14.375000,2026-03-07 05:42:33.087,1,,False,,False,False
0 days 00:59:53.610000,ALB,23,0 days 00:01:43.318000,18.0,6.0,0 days 00:58:12.525000,,0 days 00:00:39.229000,0 days 00:00:23.051000,0 days 00:00:41.038000,0 days 00:58:49.521000,0 days 00:59:12.572000,0 days 00:59:53.610000,257.0,256.0,279.0,165.0,False,SOFT,1.0,True,Williams,0 days 00:58:10.292000,2026-03-07 05:45:29.004,1,,False,,False,False
0 days 01:01:36.530000,ALB,23,,19.0,6.0,,0 days 01:01:36.530000,0 days 00:00:39.928000,0 days 00:00:21.241000,,0 days 01:00:33.482000,0 days 01:00:54.810000,,247.0,239.0,,282.0,False,SOFT,2.0,True,Williams,0 days 00:59:53.610000,2026-03-07 05:47:12.322,1,,False,,False,False
0 days 00:14:59.647000,COL,43,0 days 00:02:01.668000,1.0,1.0,0 days 00:13:06.921000,,0 days 00:00:59.495000,0 days 00:00:20.224000,0 days 00:00:41.949000,0 days 00:13:57.563000,0 days 00:14:17.719000,0 days 00:14:59.960000,240.0,280.0,269.0,56.0,False,SOFT,1.0,True,Alpine,0 days 00:13:06.921000,2026-03-07 05:00:25.633,1,,False,,False,False
0 days 00:16:23.040000,COL,43,0 days 00:01:23.393000,2.0,1.0,,,0 days 00:00:28.681000,0 days 00:00:18.796000,0 days 00:00:35.916000,0 days 00:15:28.328000,0 days 00:15:47.124000,0 days 00:16:23.040000,269.0,292.0,298.0,298.0,False,SOFT,2.0,True,Alpine,0 days 00:14:59.647000,2026-03-07 05:02:18.359,1,,True,TRACK LIMITS AT TURN 7 LAP 3 ,False,True
0 days 00:18:14.590000,COL,43,0 days 00:01:51.550000,3.0,1.0,,,0 days 00:00:38.642000,0 days 00:00:22.987000,0 days 00:00:49.921000,0 days 00:17:01.682000,0 days 00:17:24.669000,0 days 00:18:14.590000,200.0,263.0,89.0,217.0,True,SOFT,3.0,True,Alpine,0 days 00:16:23.040000,2026-03-07 05:03:41.752,1,,False,,False,True
0 days 00:20:03.257000,COL,43,0 days 00:01:48.667000,4.0,1.0,,,0 days 00:00:43.534000,0 days 00:00:22.920000,0 days 00:00:42.213000,0 days 00:18:58.124000,0 days 00:19:21.044000,0 days 00:20:03.257000,247.0,228.0,277.0,144.0,True,SOFT,4.0,True,Alpine,0 days 00:18:14.590000,2026-03-07 05:05:33.302,1,,False,,False,True
0 days 00:21:25.504000,COL,43,0 days 00:01:22.247000,5.0,1.0,,,0 days 00:00:29.133000,0 days 00:00:17.786000,0 days 00:00:35.328000,0 days 00:20:32.390000,0 days 00:20:50.176000,0 days 00:21:25.504000,266.0,275.0,302.0,302.0,True,SOFT,5.0,True,Alpine,0 days 00:20:03.257000,2026-03-07 05:07:21.969,1,,False,,False,True
0 days 00:35:16.988000,COL,43,,6.0,1.0,,0 days 00:23:02.223000,0 days 00:00:38.878000,0 days 00:00:20.698000,,0 days 00:22:04.471000,0 days 00:22:25.223000,,233.0,281.0,,213.0,False,SOFT,6.0,True,Alpine,0 days 00:21:25.504000,2026-03-07 05:08:44.216,125,,False,,False,False
0 days 00:37:12.213000,COL,43,0 days 00:01:55.225000,7.0,2.0,0 days 00:35:20.608000,,0 days 00:00:44.557000,0 days 00:00:20.591000,0 days 00:00:50.077000,0 days 00:36:01.545000,0 days 00:36:22.136000,0 days 00:37:12.213000,238.0,278.0,266.0,99.0,False,SOFT,1.0,True,Alpine,0 days 00:35:20.608000,2026-03-07 05:22:39.320,1,,False,,False,False
0 days 00:38:55.343000,COL,43,0 days 00:01:43.130000,8.0,2.0,,,0 days 00:00:29.520000,0 days 00:00:28.094000,0 days 00:00:45.516000,0 days 00:37:41.733000,0 days 00:38:09.827000,0 days 00:38:55.343000,187.0,218.0,280.0,295.0,False,SOFT,2.0,True,Alpine,0 days 00:37:12.213000,2026-03-07 05:24:30.925,1,,False,,False,True
0 days 00:40:16.543000,COL,43,0 days 00:01:21.200000,9.0,2.0,,,0 days 00:00:28.515000,0 days 00:00:17.811000,0 days 00:00:34.874000,0 days 00:39:23.858000,0 days 00:39:41.669000,0 days 00:40:16.543000,271.0,274.0,288.0,300.0,True,SOFT,3.0,True,Alpine,0 days 00:38:55.343000,2026-03-07 05:26:14.055,1,,False,,False,True
0 days 00:47:31.133000,COL,43,,10.0,2.0,,0 days 00:41:52.690000,0 days 00:00:33.660000,0 days 00:00:20.670000,,0 days 00:40:50.312000,0 days 00:41:10.858000,,245.0,278.0,,265.0,False,SOFT,4.0,True,Alpine,0 days 00:40:16.543000,2026-03-07 05:27:35.255,12,,False,,False,False
0 days 00:49:37.132000,COL,43,0 days 00:02:05.999000,11.0,3.0,0 days 00:47:50.378000,,0 days 00:01:05.279000,0 days 00:00:20.474000,0 days 00:00:40.246000,0 days 00:48:36.412000,0 days 00:48:56.886000,0 days 00:49:37.132000,241.0,279.0,254.0,76.0,False,SOFT,1.0,True,Alpine,0 days 00:47:31.133000,2026-03-07 05:34:49.845,1,,False,,False,False
0 days 00:51:21.633000,COL,43,0 days 00:01:44.501000,12.0,3.0,,,0 days 00:00:31.725000,0 days 00:00:20.286000,0 days 00:00:52.490000,0 days 00:50:08.857000,0 days 00:50:29.143000,0 days 00:51:21.633000,245.0,281.0,253.0,258.0,True,SOFT,2.0,True,Alpine,0 days 00:49:37.132000,2026-03-07 05:36:55.844,1,,False,,False,True
0 days 00:52:43.485000,COL,43,0 days 00:01:21.852000,13.0,3.0,,,0 days 00:00:28.874000,0 days 00:00:17.680000,0 days 00:00:35.298000,0 days 00:51:50.507000,0 days 00:52:08.187000,0 days 00:52:43.485000,271.0,281.0,291.0,290.0,True,SOFT,3.0,True,Alpine,0 days 00:51:21.633000,2026-03-07 05:38:40.345,1,,False,,False,True
0 days 00:56:44.233000,COL,43,,14.0,3.0,,0 days 00:54:17.849000,0 days 00:00:33.568000,0 days 00:00:21.936000,,0 days 00:53:17.168000,0 days 00:53:39.074000,,239.0,274.0,,245.0,False,SOFT,4.0,True,Alpine,0 days 00:52:43.485000,2026-03-07 05:40:02.197,1,,False,,False,False
0 days 00:58:33.508000,COL,43,0 days 00:01:49.275000,15.0,4.0,0 days 00:56:49.028000,,0 days 00:00:48.504000,0 days 00:00:20.691000,0 days 00:00:40.080000,0 days 00:57:32.737000,0 days 00:57:53.428000,0 days 00:58:33.508000,246.0,199.0,258.0,73.0,False,SOFT,1.0,True,Alpine,0 days 00:56:44.233000,2026-03-07 05:44:02.945,1,,False,,False,False
0 days 01:00:18.717000,COL,43,0 days 00:01:45.209000,16.0,4.0,,,0 days 00:00:34.146000,0 days 00:00:20.208000,0 days 00:00:50.855000,0 days 00:59:07.654000,0 days 00:59:27.862000,0 days 01:00:18.717000,246.0,281.0,271.0,257.0,False,SOFT,2.0,True,Alpine,0 days 00:58:33.508000,2026-03-07 05:45:52.220,1,,False,,False,True
0 days 01:01:39.987000,COL,43,0 days 00:01:21.270000,17.0,4.0,,,0 days 00:00:28.489000,0 days 00:00:17.621000,0 days 00:00:35.160000,0 days 01:00:47.206000,0 days 01:01:04.827000,0 days 01:01:39.987000,282.0,275.0,293.0,299.0,True,SOFT,3.0,True,Alpine,0 days 01:00:18.717000,2026-03-07 05:47:37.429,1,,False,,False,True
0 days 01:03:19.789000,COL,43,,18.0,4.0,,0 days 01:03:19.789000,0 days 00:00:34.982000,0 days 00:00:21.410000,,0 days 01:02:15.004000,0 days 01:02:36.477000,,216.0,278.0,,244.0,False,SOFT,4.0,True,Alpine,0 days 01:01:39.987000,2026-03-07 05:48:58.699,1,,False,,False,False
0 days 00:15:41.094000,ALO,14,0 days 00:02:13.764000,1.0,1.0,0 days 00:13:48.375000,,0 days 00:01:11.288000,0 days 00:00:21.263000,0 days 00:00:41.213000,0 days 00:14:38.661000,0 days 00:14:59.960000,0 days 00:15:41.311000,243.0,250.0,267.0,126.0,False,SOFT,1.0,True,Aston Martin,0 days 00:13:48.375000,2026-03-07 05:01:07.087,1,,False,,False,False
0 days 00:17:04.105000,ALO,14,0 days 00:01:23.011000,2.0,1.0,,,0 days 00:00:29.274000,0 days 00:00:18.305000,0 days 00:00:35.432000,0 days 00:16:10.368000,0 days 00:16:28.673000,0 days 00:17:04.105000,240.0,265.0,291.0,292.0,True,SOFT,2.0,True,Aston Martin,0 days 00:15:41.094000,2026-03-07 05:02:59.806,1,,False,,False,True
0 days 00:18:47.833000,ALO,14,0 days 00:01:43.728000,3.0,1.0,,,0 days 00:00:37.651000,0 days 00:00:20.721000,0 days 00:00:45.356000,0 days 00:17:41.756000,0 days 00:18:02.477000,0 days 00:18:47.833000,233.0,252.0,272.0,158.0,False,SOFT,3.0,True,Aston Martin,0 days 00:17:04.105000,2026-03-07 05:04:22.817,1,,False,,False,True
0 days 00:20:10.388000,ALO,14,0 days 00:01:22.555000,4.0,1.0,,,0 days 00:00:28.974000,0 days 00:00:18.172000,0 days 00:00:35.409000,0 days 00:19:16.807000,0 days 00:19:34.979000,0 days 00:20:10.388000,242.0,266.0,289.0,280.0,True,SOFT,4.0,True,Aston Martin,0 days 00:18:47.833000,2026-03-07 05:06:06.545,1,,False,,False,True
0 days 00:32:31.808000,ALO,14,,5.0,1.0,,0 days 00:21:49.226000,0 days 00:00:35.444000,0 days 00:00:20.883000,,0 days 00:20:45.820000,0 days 00:21:06.804000,,232.0,190.0,,252.0,False,SOFT,5.0,True,Aston Martin,0 days 00:20:10.388000,2026-03-07 05:07:29.100,125,,False,,False,False
0 days 00:34:28.595000,ALO,14,0 days 00:01:56.787000,6.0,2.0,0 days 00:32:49.241000,,0 days 00:00:55.716000,0 days 00:00:20.977000,0 days 00:00:40.094000,0 days 00:33:27.524000,0 days 00:33:48.501000,0 days 00:34:28.595000,247.0,247.0,273.0,174.0,False,SOFT,1.0,True,Aston Martin,0 days 00:32:49.241000,2026-03-07 05:20:07.953,1,,False,,False,False
0 days 00:35:50.745000,ALO,14,0 days 00:01:22.150000,7.0,2.0,,,0 days 00:00:28.896000,0 days 00:00:18.089000,0 days 00:00:35.165000,0 days 00:34:57.491000,0 days 00:35:15.580000,0 days 00:35:50.745000,244.0,265.0,293.0,278.0,True,SOFT,2.0,True,Aston Martin,0 days 00:34:28.595000,2026-03-07 05:21:47.307,1,,False,,False,True
0 days 00:37:30.888000,ALO,14,0 days 00:01:40.143000,8.0,2.0,,,0 days 00:00:34.840000,0 days 00:00:20.752000,0 days 00:00:44.551000,0 days 00:36:25.585000,0 days 00:36:46.337000,0 days 00:37:30.888000,235.0,269.0,269.0,198.0,False,SOFT,3.0,True,Aston Martin,0 days 00:35:50.745000,2026-03-07 05:23:09.457,1,,False,,False,True
0 days 00:38:52.857000,ALO,14,0 days 00:01:21.969000,9.0,2.0,,,0 days 00:00:28.797000,0 days 00:00:18.047000,0 days 00:00:35.125000,0 days 00:37:59.685000,0 days 00:38:17.732000,0 days 00:38:52.857000,245.0,271.0,294.0,290.0,True,SOFT,4.0,True,Aston Martin,0 days 00:37:30.888000,2026-03-07 05:24:49.600,1,,False,,False,True
0 days 00:40:44.400000,ALO,14,,10.0,2.0,,0 days 00:40:44.400000,0 days 00:00:39.735000,0 days 00:00:25.158000,,0 days 00:39:32.605000,0 days 00:39:57.736000,,189.0,225.0,,98.0,False,SOFT,5.0,True,Aston Martin,0 days 00:38:52.857000,2026-03-07 05:26:11.569,1,,False,,False,False
0 days 00:15:50.494000,PER,11,0 days 00:02:12.455000,1.0,1.0,0 days 00:13:59.990000,,0 days 00:01:10.664000,0 days 00:00:21.010000,0 days 00:00:40.781000,0 days 00:14:48.703000,0 days 00:15:09.803000,0 days 00:15:50.701000,238.0,263.0,287.0,146.0,False,SOFT,1.0,True,Cadillac,0 days 00:13:59.990000,2026-03-07 05:01:18.702,1,,False,,False,False
0 days 00:17:14.061000,PER,11,0 days 00:01:23.567000,2.0,1.0,,,0 days 00:00:29.434000,0 days 00:00:17.996000,0 days 00:00:36.137000,0 days 00:16:19.928000,0 days 00:16:37.924000,0 days 00:17:14.061000,256.0,295.0,300.0,299.0,True,SOFT,2.0,True,Cadillac,0 days 00:15:50.494000,2026-03-07 05:03:09.206,1,,False,,False,True
0 days 00:21:49.992000,PER,11,,3.0,1.0,,0 days 00:18:55.166000,0 days 00:00:36.646000,0 days 00:00:21.401000,,0 days 00:17:50.760000,0 days 00:18:12.151000,,243.0,271.0,,236.0,False,SOFT,3.0,True,Cadillac,0 days 00:17:14.061000,2026-03-07 05:04:32.773,1,,False,,False,False
0 days 00:36:00.569000,PER,11,,4.0,2.0,0 days 00:21:49.992000,0 days 00:23:44.330000,0 days 00:00:42.166000,0 days 00:00:20.945000,,0 days 00:22:29.895000,0 days 00:22:50.817000,,238.0,267.0,,159.0,False,SOFT,1.0,True,Cadillac,0 days 00:21:49.992000,2026-03-07 05:09:08.704,125,,False,,False,False
0 days 00:37:46.656000,PER,11,0 days 00:01:46.087000,5.0,3.0,0 days 00:36:03.314000,,0 days 00:00:40.026000,0 days 00:00:20.420000,0 days 00:00:45.641000,0 days 00:36:40.595000,0 days 00:37:01.015000,0 days 00:37:46.656000,242.0,266.0,285.0,185.0,False,SOFT,1.0,True,Cadillac,0 days 00:36:03.314000,2026-03-07 05:23:22.026,1,,False,,False,False
0 days 00:39:09.261000,PER,11,0 days 00:01:22.605000,6.0,3.0,,,0 days 00:00:29.138000,0 days 00:00:17.819000,0 days 00:00:35.648000,0 days 00:38:15.794000,0 days 00:38:33.613000,0 days 00:39:09.261000,260.0,299.0,301.0,301.0,True,SOFT,2.0,True,Cadillac,0 days 00:37:46.656000,2026-03-07 05:25:05.368,1,,False,,False,True
0 days 00:40:59.129000,PER,11,,7.0,3.0,,0 days 00:40:59.129000,0 days 00:00:36.031000,0 days 00:00:25.136000,,0 days 00:39:45.305000,0 days 00:40:10.402000,,203.0,242.0,,235.0,False,SOFT,3.0,True,Cadillac,0 days 00:39:09.261000,2026-03-07 05:26:27.973,1,,False,,False,False
0 days 00:15:54.916000,BOT,77,0 days 00:02:09.994000,1.0,1.0,0 days 00:14:07.178000,,0 days 00:01:07.955000,0 days 00:00:20.755000,0 days 00:00:41.284000,0 days 00:14:52.891000,0 days 00:15:13.710000,0 days 00:15:55.092000,234.0,274.0,280.0,154.0,False,SOFT,1.0,True,Cadillac,0 days 00:14:07.178000,2026-03-07 05:01:25.890,1,,False,,False,False
0 days 00:17:18.557000,BOT,77,0 days 00:01:23.641000,2.0,1.0,,,0 days 00:00:29.482000,0 days 00:00:17.949000,0 days 00:00:36.210000,0 days 00:16:24.398000,0 days 00:16:42.347000,0 days 00:17:18.557000,249.0,297.0,304.0,301.0,True,SOFT,2.0,True,Cadillac,0 days 00:15:54.916000,2026-03-07 05:03:13.628,1,,False,,False,True
0 days 00:21:02.994000,BOT,77,,3.0,1.0,,0 days 00:18:57.729000,0 days 00:00:34.867000,0 days 00:00:20.542000,,0 days 00:17:53.416000,0 days 00:18:14.041000,,235.0,308.0,,235.0,False,SOFT,3.0,True,Cadillac,0 days 00:17:18.557000,2026-03-07 05:04:37.269,1,,False,,False,False
0 days 00:22:44.317000,BOT,77,0 days 00:01:41.323000,4.0,2.0,0 days 00:21:05.320000,,0 days 00:00:41.601000,0 days 00:00:20.218000,0 days 00:00:39.504000,0 days 00:21:44.595000,0 days 00:22:04.813000,0 days 00:22:44.317000,264.0,275.0,283.0,157.0,False,SOFT,1.0,True,Cadillac,0 days 00:21:02.994000,2026-03-07 05:08:21.706,1,,False,,False,False
0 days 00:35:56.524000,BOT,77,,5.0,2.0,,0 days 00:24:31.861000,,,,,,,,,,307.0,False,SOFT,2.0,True,Cadillac,0 days 00:22:44.317000,2026-03-07 05:10:03.029,125,,False,,False,False
0 days 00:37:40.830000,BOT,77,0 days 00:01:44.306000,6.0,3.0,0 days 00:35:58.814000,,0 days 00:00:41.112000,0 days 00:00:20.231000,0 days 00:00:42.963000,0 days 00:36:37.636000,0 days 00:36:57.867000,0 days 00:37:40.830000,257.0,274.0,284.0,161.0,False,SOFT,1.0,True,Cadillac,0 days 00:35:58.814000,2026-03-07 05:23:17.526,1,,False,,False,False
0 days 00:39:04.074000,BOT,77,0 days 00:01:23.244000,7.0,3.0,,,0 days 00:00:29.198000,0 days 00:00:18.068000,0 days 00:00:35.978000,0 days 00:38:10.028000,0 days 00:38:28.096000,0 days 00:39:04.074000,261.0,290.0,303.0,307.0,True,SOFT,2.0,True,Cadillac,0 days 00:37:40.830000,2026-03-07 05:24:59.542,1,,False,,False,True
0 days 00:40:53.451000,BOT,77,,8.0,3.0,,0 days 00:40:53.451000,0 days 00:00:37.594000,0 days 00:00:24.343000,,0 days 00:39:41.805000,0 days 00:40:06.137000,,217.0,217.0,,254.0,False,SOFT,3.0,True,Cadillac,0 days 00:39:04.074000,2026-03-07 05:26:22.786,1,,False,,False,False
0 days 00:22:51.416000,VER,3,0 days 00:01:42.025000,1.0,1.0,0 days 00:21:13.117000,,0 days 00:00:41.429000,0 days 00:00:19.065000,0 days 00:00:41.531000,0 days 00:21:50.820000,0 days 00:22:09.914000,0 days 00:22:51.629000,254.0,295.0,287.0,169.0,False,SOFT,1.0,True,Red Bull Racing,0 days 00:21:13.117000,2026-03-07 05:08:31.829,1,,False,,False,False
0 days 00:27:57.674000,VER,3,,2.0,1.0,,0 days 00:27:57.674000,0 days 00:00:41.429000,,,0 days 00:27:57.674000,,,,,,305.0,False,SOFT,2.0,True,Red Bull Racing,0 days 00:22:51.416000,2026-03-07 05:10:10.128,125,,False,,False,False
