Time,Driver,DriverNumber,LapTime,LapNumber,Stint,PitOutTime,PitInTime,Sector1Time,Sector2Time,Sector3Time,Sector1SessionTime,Sector2SessionTime,Sector3SessionTime,SpeedI1,SpeedI2,SpeedFL,SpeedST,IsPersonalBest,Compound,TyreLife,FreshTyre,Team,LapStartTime,LapStartDate,TrackStatus,Position,Deleted,DeletedReason,FastF1Generated,IsAccurate
0 days 00:23:02.404000,ANT,12,,1.0,1.0,0 days 00:21:11.543000,,,0 days 00:00:31.796000,0 days 00:00:52.366000,,0 days 00:22:10.070000,0 days 00:23:02.570000,223.0,262.0,276.0,227.0,False,SOFT,1.0,True,Mercedes,0 days 00:21:11.543000,2026-03-14 07:06:20.855,1,,False,,False,False
0 days 00:24:35.709000,ANT,12,0 days 00:01:33.305000,2.0,1.0,,,0 days 00:00:24.288000,0 days 00:00:28.048000,0 days 00:00:40.969000,0 days 00:23:26.692000,0 days 00:23:54.740000,0 days 00:24:35.709000,283.0,276.0,260.0,311.0,True,SOFT,2.0,True,Mercedes,0 days 00:23:02.404000,2026-03-14 07:08:11.716,1,,False,,False,True
0 days 00:26:38.179000,ANT,12,0 days 00:02:02.470000,3.0,1.0,,0 days 00:26:36.396000,0 days 00:00:35.870000,0 days 00:00:33.268000,0 days 00:00:53.332000,0 days 00:25:11.579000,0 days 00:25:44.847000,0 days 00:26:38.179000,168.0,243.0,,202.0,False,SOFT,3.0,True,Mercedes,0 days 00:24:35.709000,2026-03-14 07:09:45.021,1,,False,,False,False
0 days 00:41:38.394000,ANT,12,,4.0,2.0,0 days 00:39:54.384000,,,0 days 00:00:30.815000,0 days 00:00:45.794000,,0 days 00:40:52.726000,0 days 00:41:38.394000,241.0,260.0,278.0,243.0,False,SOFT,4.0,False,Mercedes,0 days 00:26:38.179000,2026-03-14 07:11:47.491,1,,False,,False,False
0 days 00:43:11.344000,ANT,12,0 days 00:01:32.950000,5.0,2.0,,,0 days 00:00:24.156000,0 days 00:00:27.861000,0 days 00:00:40.933000,0 days 00:42:02.550000,0 days 00:42:30.411000,0 days 00:43:11.344000,285.0,272.0,251.0,311.0,True,SOFT,5.0,False,Mercedes,0 days 00:41:38.394000,2026-03-14 07:26:47.706,1,,False,,False,True
0 days 00:45:36.628000,ANT,12,0 days 00:02:25.284000,6.0,2.0,,0 days 00:45:33.957000,0 days 00:00:29.606000,0 days 00:00:56.034000,0 days 00:00:59.644000,0 days 00:43:40.950000,0 days 00:44:36.984000,0 days 00:45:36.628000,118.0,240.0,,101.0,False,SOFT,6.0,False,Mercedes,0 days 00:43:11.344000,2026-03-14 07:28:20.656,1,,False,,False,False
0 days 00:52:08.325000,ANT,12,,7.0,3.0,0 days 00:50:16.034000,,,0 days 00:00:36.839000,0 days 00:00:45.507000,,0 days 00:51:22.840000,0 days 00:52:08.617000,253.0,261.0,280.0,249.0,False,SOFT,1.0,True,Mercedes,0 days 00:45:36.628000,2026-03-14 07:30:45.940,1,,False,,False,False
0 days 00:53:40.768000,ANT,12,0 days 00:01:32.443000,8.0,3.0,,,0 days 00:00:24.141000,0 days 00:00:27.726000,0 days 00:00:40.576000,0 days 00:52:32.466000,0 days 00:53:00.192000,0 days 00:53:40.768000,286.0,279.0,256.0,314.0,True,SOFT,2.0,True,Mercedes,0 days 00:52:08.325000,2026-03-14 07:37:17.637,1,,False,,False,True
0 days 00:55:42.041000,ANT,12,0 days 00:02:01.273000,9.0,3.0,,0 days 00:55:40.144000,0 days 00:00:30.445000,0 days 00:00:37.844000,0 days 00:00:52.984000,0 days 00:54:11.213000,0 days 00:54:49.057000,0 days 00:55:42.041000,228.0,255.0,,293.0,False,SOFT,3.0,True,Mercedes,0 days 00:53:40.768000,2026-03-14 07:38:50.080,12,,False,,False,False
0 days 01:03:36.133000,ANT,12,,10.0,4.0,0 days 01:01:53.555000,,,0 days 00:00:30.145000,0 days 00:00:45.507000,,0 days 01:02:50.806000,0 days 01:03:36.442000,243.0,263.0,278.0,240.0,False,SOFT,1.0,True,Mercedes,0 days 00:55:42.041000,2026-03-14 07:40:51.353,12,,False,,False,False
0 days 01:05:08.455000,ANT,12,0 days 00:01:32.322000,11.0,4.0,,,0 days 00:00:24.003000,0 days 00:00:27.714000,0 days 00:00:40.605000,0 days 01:04:00.136000,0 days 01:04:27.850000,0 days 01:05:08.455000,285.0,273.0,251.0,310.0,True,SOFT,2.0,True,Mercedes,0 days 01:03:36.133000,2026-03-14 07:48:45.445,1,,False,,False,True
0 days 01:06:56.711000,ANT,12,0 days 00:01:48.256000,12.0,4.0,,0 days 01:06:55.066000,0 days 00:00:27.758000,0 days 00:00:31.080000,0 days 00:00:49.418000,0 days 01:05:36.213000,0 days 01:06:07.293000,0 days 01:06:56.711000,244.0,249.0,,290.0,False,SOFT,3.0,True,Mercedes,0 days 01:05:08.455000,2026-03-14 07:50:17.767,1,,False,,False,False
0 days 01:12:31.323000,ANT,12,,13.0,5.0,0 days 01:10:50.568000,,,0 days 00:00:30.303000,0 days 00:00:44.716000,,0 days 01:11:46.665000,0 days 01:12:31.529000,223.0,255.0,279.0,250.0,False,SOFT,1.0,True,Mercedes,0 days 01:06:56.711000,2026-03-14 07:52:06.023,1,,False,,False,False
0 days 01:14:03.387000,ANT,12,0 days 00:01:32.064000,14.0,5.0,,,0 days 00:00:24.013000,0 days 00:00:27.664000,0 days 00:00:40.387000,0 days 01:12:55.336000,0 days 01:13:23,0 days 01:14:03.387000,286.0,276.0,253.0,308.0,True,SOFT,2.0,True,Mercedes,0 days 01:12:31.323000,2026-03-14 07:57:40.635,1,,False,,False,True
0 days 01:16:01.449000,ANT,12,0 days 00:01:58.062000,15.0,5.0,,0 days 01:15:57.507000,0 days 00:00:28.716000,0 days 00:00:31.585000,0 days 00:00:57.761000,0 days 01:14:32.103000,0 days 01:15:03.688000,0 days 01:16:01.449000,229.0,233.0,,278.0,False,SOFT,3.0,True,Mercedes,0 days 01:14:03.387000,2026-03-14 07:59:12.699,1,,False,,False,False
0 days 00:23:17.101000,RUS,63,,1.0,1.0,0 days 00:21:28.268000,,,0 days 00:00:31.251000,0 days 00:00:50.605000,,0 days 00:22:26.523000,0 days 00:23:17.339000,253.0,261.0,279.0,249.0,False,SOFT,1.0,True,Mercedes,0 days 00:21:28.268000,2026-03-14 07:06:37.580,1,,False,,False,False
0 days 00:24:50.363000,RUS,63,0 days 00:01:33.262000,2.0,1.0,,,0 days 00:00:24.208000,0 days 00:00:28.109000,0 days 00:00:40.945000,0 days 00:23:41.309000,0 days 00:24:09.418000,0 days 00:24:50.363000,289.0,278.0,256.0,311.0,True,SOFT,2.0,True,Mercedes,0 days 00:23:17.101000,2026-03-14 07:08:26.413,1,,False,,False,True
0 days 00:27:01.837000,RUS,63,0 days 00:02:11.474000,3.0,1.0,,0 days 00:26:59.861000,0 days 00:00:38.378000,0 days 00:00:37.882000,0 days 00:00:55.214000,0 days 00:25:28.741000,0 days 00:26:06.623000,0 days 00:27:01.837000,180.0,263.0,,293.0,False,SOFT,3.0,True,Mercedes,0 days 00:24:50.363000,2026-03-14 07:09:59.675,1,,False,,False,False
0 days 00:41:47.671000,RUS,63,,4.0,2.0,0 days 00:40:00.447000,,,0 days 00:00:30.505000,0 days 00:00:46.921000,,0 days 00:41:00.844000,0 days 00:41:47.677000,256.0,263.0,279.0,253.0,False,SOFT,4.0,False,Mercedes,0 days 00:27:01.837000,2026-03-14 07:12:11.149,1,,False,,False,False
0 days 00:43:20.194000,RUS,63,0 days 00:01:32.523000,5.0,2.0,,,0 days 00:00:24.085000,0 days 00:00:27.868000,0 days 00:00:40.570000,0 days 00:42:11.756000,0 days 00:42:39.624000,0 days 00:43:20.194000,285.0,270.0,258.0,317.0,True,SOFT,5.0,False,Mercedes,0 days 00:41:47.671000,2026-03-14 07:26:56.983,1,,False,,False,True
0 days 00:45:16.439000,RUS,63,0 days 00:01:56.245000,6.0,2.0,,0 days 00:45:14.617000,0 days 00:00:29.371000,0 days 00:00:34.460000,0 days 00:00:52.414000,0 days 00:43:49.565000,0 days 00:44:24.025000,0 days 00:45:16.439000,190.0,266.0,,296.0,False,SOFT,6.0,False,Mercedes,0 days 00:43:20.194000,2026-03-14 07:28:29.506,1,,False,,False,False
0 days 00:52:16.267000,RUS,63,,7.0,3.0,0 days 00:50:26.193000,,,0 days 00:00:30.502000,0 days 00:00:49.316000,,0 days 00:51:27.090000,0 days 00:52:16.514000,222.0,253.0,280.0,252.0,False,SOFT,1.0,True,Mercedes,0 days 00:45:16.439000,2026-03-14 07:30:25.751,1,,False,,False,False
0 days 00:54:14.204000,RUS,63,0 days 00:01:57.937000,8.0,3.0,,,0 days 00:00:26.726000,0 days 00:00:41.010000,0 days 00:00:50.201000,0 days 00:52:42.993000,0 days 00:53:24.003000,0 days 00:54:14.204000,202.0,203.0,256.0,281.0,False,SOFT,2.0,True,Mercedes,0 days 00:52:16.267000,2026-03-14 07:37:25.579,12,,True,DOUBLE YELLOW AT TURN 16,False,True
0 days 00:55:59.821000,RUS,63,0 days 00:01:45.617000,9.0,3.0,,0 days 00:55:58.010000,0 days 00:00:24.539000,0 days 00:00:29.898000,0 days 00:00:51.180000,0 days 00:54:38.743000,0 days 00:55:08.641000,0 days 00:55:59.821000,285.0,273.0,,292.0,False,SOFT,3.0,True,Mercedes,0 days 00:54:14.204000,2026-03-14 07:39:23.516,21,,False,,False,False
0 days 01:05:56.668000,RUS,63,,10.0,4.0,0 days 01:01:57.563000,0 days 01:05:54.683000,,0 days 00:00:58.848000,0 days 00:01:34.919000,,0 days 01:04:21.750000,0 days 01:05:56.668000,98.0,102.0,,100.0,False,SOFT,1.0,True,Mercedes,0 days 00:55:59.821000,2026-03-14 07:41:09.133,12,,False,,False,False
0 days 01:14:28.585000,RUS,63,,11.0,5.0,0 days 01:12:44.613000,,,0 days 00:00:29.114000,0 days 00:00:47.818000,,0 days 01:13:40.784000,0 days 01:14:28.804000,258.0,264.0,281.0,236.0,False,SOFT,1.0,True,Mercedes,0 days 01:05:56.668000,2026-03-14 07:51:05.980,1,,False,,False,False
0 days 01:16:00.871000,RUS,63,0 days 00:01:32.286000,12.0,5.0,,,0 days 00:00:24.012000,0 days 00:00:27.783000,0 days 00:00:40.491000,0 days 01:14:52.597000,0 days 01:15:20.380000,0 days 01:16:00.871000,282.0,272.0,256.0,309.0,True,SOFT,2.0,True,Mercedes,0 days 01:14:28.585000,2026-03-14 07:59:37.897,1,,False,,False,True
0 days 01:18:13.627000,RUS,63,0 days 00:02:12.756000,13.0,5.0,,0 days 01:18:11.210000,0 days 00:00:35.643000,0 days 00:00:35.242000,0 days 00:01:01.871000,0 days 01:16:36.514000,0 days 01:17:11.756000,0 days 01:18:13.627000,195.0,215.0,,219.0,False,SOFT,3.0,True,Mercedes,0 days 01:16:00.871000,2026-03-14 08:01:10.183,1,,False,,False,False
0 days 00:18:25.150000,HAM,44,,1.0,1.0,0 days 00:16:31.545000,,,0 days 00:00:30.734000,0 days 00:00:53.902000,,0 days 00:17:31.430000,0 days 00:18:25.332000,269.0,230.0,270.0,200.0,False,MEDIUM,6.0,False,Ferrari,0 days 00:16:31.545000,2026-03-14 07:01:40.857,1,,False,,False,False
0 days 00:20:01.042000,HAM,44,0 days 00:01:35.892000,2.0,1.0,,,0 days 00:00:24.728000,0 days 00:00:29.555000,0 days 00:00:41.609000,0 days 00:18:49.878000,0 days 00:19:19.433000,0 days 00:20:01.042000,276.0,259.0,258.0,307.0,True,MEDIUM,7.0,False,Ferrari,0 days 00:18:25.150000,2026-03-14 07:03:34.462,1,,False,,False,True
0 days 00:21:59.840000,HAM,44,0 days 00:01:58.798000,3.0,1.0,,0 days 00:21:56.465000,0 days 00:00:29.407000,0 days 00:00:31.384000,0 days 00:00:58.007000,0 days 00:20:30.449000,0 days 00:21:01.833000,0 days 00:21:59.840000,270.0,263.0,,259.0,False,MEDIUM,8.0,False,Ferrari,0 days 00:20:01.042000,2026-03-14 07:05:10.354,1,,False,,False,False
0 days 00:24:45.896000,HAM,44,,4.0,2.0,0 days 00:22:50.179000,,0 days 00:01:24.688000,0 days 00:00:32.719000,0 days 00:00:48.640000,0 days 00:23:24.658000,0 days 00:23:57.392000,0 days 00:24:46.159000,274.0,268.0,276.0,252.0,False,SOFT,1.0,True,Ferrari,0 days 00:21:59.840000,2026-03-14 07:07:09.152,1,,False,,False,False
0 days 00:26:19.418000,HAM,44,0 days 00:01:33.522000,5.0,2.0,,,0 days 00:00:24.336000,0 days 00:00:28.133000,0 days 00:00:41.053000,0 days 00:25:10.232000,0 days 00:25:38.365000,0 days 00:26:19.418000,271.0,275.0,252.0,308.0,True,SOFT,2.0,True,Ferrari,0 days 00:24:45.896000,2026-03-14 07:09:55.208,1,,False,,False,True
0 days 00:28:31.384000,HAM,44,0 days 00:02:11.966000,6.0,2.0,,0 days 00:28:29.665000,0 days 00:00:35.543000,0 days 00:00:37.622000,0 days 00:00:58.801000,0 days 00:26:54.961000,0 days 00:27:32.583000,0 days 00:28:31.384000,190.0,229.0,,250.0,False,SOFT,3.0,True,Ferrari,0 days 00:26:19.418000,2026-03-14 07:11:28.730,1,,False,,False,False
0 days 00:42:10.447000,HAM,44,,7.0,3.0,0 days 00:40:16.702000,,,0 days 00:00:31.127000,0 days 00:00:51.440000,,0 days 00:41:19.049000,0 days 00:42:10.477000,263.0,174.0,276.0,246.0,False,SOFT,4.0,False,Ferrari,0 days 00:28:31.384000,2026-03-14 07:13:40.696,1,,False,,False,False
0 days 00:43:43.281000,HAM,44,0 days 00:01:32.834000,8.0,3.0,,,0 days 00:00:24.210000,0 days 00:00:27.771000,0 days 00:00:40.853000,0 days 00:42:34.657000,0 days 00:43:02.428000,0 days 00:43:43.281000,270.0,272.0,255.0,307.0,True,SOFT,5.0,False,Ferrari,0 days 00:42:10.447000,2026-03-14 07:27:19.759,1,,False,,False,True
0 days 00:45:39.248000,HAM,44,0 days 00:01:55.967000,9.0,3.0,,0 days 00:45:37.530000,0 days 00:00:30.675000,0 days 00:00:33.993000,0 days 00:00:51.299000,0 days 00:44:13.956000,0 days 00:44:47.949000,0 days 00:45:39.248000,231.0,251.0,,259.0,False,SOFT,6.0,False,Ferrari,0 days 00:43:43.281000,2026-03-14 07:28:52.593,1,,False,,False,False
0 days 00:50:14.575000,HAM,44,,10.0,4.0,0 days 00:48:23.728000,,,0 days 00:00:30.359000,0 days 00:00:49.481000,,0 days 00:49:25.195000,0 days 00:50:14.763000,269.0,266.0,277.0,220.0,False,SOFT,1.0,True,Ferrari,0 days 00:45:39.248000,2026-03-14 07:30:48.560,1,,False,,False,False
0 days 00:51:47.142000,HAM,44,0 days 00:01:32.567000,11.0,4.0,,,0 days 00:00:24.156000,0 days 00:00:27.807000,0 days 00:00:40.604000,0 days 00:50:38.731000,0 days 00:51:06.538000,0 days 00:51:47.142000,270.0,273.0,255.0,306.0,True,SOFT,2.0,True,Ferrari,0 days 00:50:14.575000,2026-03-14 07:35:23.887,1,,False,,False,True
0 days 00:53:54.005000,HAM,44,0 days 00:02:06.863000,12.0,4.0,,,0 days 00:00:30.666000,0 days 00:00:36.637000,0 days 00:00:59.560000,0 days 00:52:17.808000,0 days 00:52:54.445000,0 days 00:53:54.005000,228.0,205.0,276.0,253.0,False,SOFT,3.0,True,Ferrari,0 days 00:51:47.142000,2026-03-14 07:36:56.454,1,,False,,False,True
0 days 00:55:40.810000,HAM,44,0 days 00:01:46.805000,13.0,4.0,,0 days 00:55:38.783000,0 days 00:00:24.280000,0 days 00:00:27.827000,0 days 00:00:54.698000,0 days 00:54:18.285000,0 days 00:54:46.112000,0 days 00:55:40.810000,269.0,271.0,,310.0,False,SOFT,4.0,True,Ferrari,0 days 00:53:54.005000,2026-03-14 07:39:03.317,12,,False,,False,False
0 days 01:04:02.679000,HAM,44,,14.0,5.0,0 days 01:02:12.713000,,,0 days 00:00:32.910000,0 days 00:00:46.685000,,0 days 01:03:16.072000,0 days 01:04:02.793000,267.0,252.0,277.0,244.0,False,SOFT,1.0,True,Ferrari,0 days 00:55:40.810000,2026-03-14 07:40:50.122,12,,False,,False,False
0 days 01:05:35.699000,HAM,44,0 days 00:01:33.020000,15.0,5.0,,,0 days 00:00:24.080000,0 days 00:00:28.236000,0 days 00:00:40.704000,0 days 01:04:26.759000,0 days 01:04:54.995000,0 days 01:05:35.699000,269.0,264.0,255.0,312.0,True,SOFT,2.0,True,Ferrari,0 days 01:04:02.679000,2026-03-14 07:49:11.991,1,,False,,False,True
0 days 01:07:31.940000,HAM,44,0 days 00:01:56.241000,16.0,5.0,,0 days 01:07:30.082000,0 days 00:00:31.267000,0 days 00:00:30.753000,0 days 00:00:54.221000,0 days 01:06:06.966000,0 days 01:06:37.719000,0 days 01:07:31.940000,243.0,238.0,,286.0,False,SOFT,3.0,True,Ferrari,0 days 01:05:35.699000,2026-03-14 07:50:45.011,1,,False,,False,False
0 days 01:13:03.498000,HAM,44,,17.0,6.0,0 days 01:11:09.818000,,,0 days 00:00:31.158000,0 days 00:00:50.488000,,0 days 01:12:13.130000,0 days 01:13:03.667000,271.0,263.0,276.0,190.0,False,SOFT,1.0,True,Ferrari,0 days 01:07:31.940000,2026-03-14 07:52:41.252,1,,False,,False,False
0 days 01:14:35.913000,HAM,44,0 days 00:01:32.415000,18.0,6.0,,,0 days 00:00:24.184000,0 days 00:00:27.696000,0 days 00:00:40.535000,0 days 01:13:27.682000,0 days 01:13:55.378000,0 days 01:14:35.913000,269.0,274.0,257.0,303.0,True,SOFT,2.0,True,Ferrari,0 days 01:13:03.498000,2026-03-14 07:58:12.810,1,,False,,False,True
0 days 01:16:46.615000,HAM,44,0 days 00:02:10.702000,19.0,6.0,,0 days 01:16:42.983000,0 days 00:00:30.786000,0 days 00:00:33.478000,0 days 00:01:06.438000,0 days 01:15:06.699000,0 days 01:15:40.177000,0 days 01:16:46.615000,209.0,205.0,,209.0,False,SOFT,3.0,True,Ferrari,0 days 01:14:35.913000,2026-03-14 07:59:45.225,1,,False,,False,False
0 days 00:18:19.533000,LEC,16,,1.0,1.0,0 days 00:16:21.239000,,,0 days 00:00:31.771000,0 days 00:00:56.876000,,0 days 00:17:22.657000,0 days 00:18:19.676000,276.0,256.0,272.0,240.0,False,SOFT,10.0,False,Ferrari,0 days 00:16:21.239000,2026-03-14 07:01:30.551,1,,False,,False,False
0 days 00:19:54.040000,LEC,16,0 days 00:01:34.507000,2.0,1.0,,,0 days 00:00:24.723000,0 days 00:00:28.384000,0 days 00:00:41.400000,0 days 00:18:44.256000,0 days 00:19:12.640000,0 days 00:19:54.040000,274.0,266.0,262.0,304.0,True,SOFT,11.0,False,Ferrari,0 days 00:18:19.533000,2026-03-14 07:03:28.845,1,,False,,False,True
0 days 00:21:48.867000,LEC,16,0 days 00:01:54.827000,3.0,1.0,,,0 days 00:00:28.027000,0 days 00:00:33.764000,0 days 00:00:53.036000,0 days 00:20:22.067000,0 days 00:20:55.831000,0 days 00:21:48.867000,204.0,190.0,275.0,178.0,False,SOFT,12.0,False,Ferrari,0 days 00:19:54.040000,2026-03-14 07:05:03.352,1,,False,,False,True
0 days 00:23:32.944000,LEC,16,0 days 00:01:44.077000,4.0,1.0,,0 days 00:23:30.669000,0 days 00:00:24.649000,0 days 00:00:28.290000,0 days 00:00:51.138000,0 days 00:22:13.516000,0 days 00:22:41.806000,0 days 00:23:32.944000,272.0,271.0,,302.0,False,SOFT,13.0,False,Ferrari,0 days 00:21:48.867000,2026-03-14 07:06:58.179,1,,False,,False,False
0 days 00:26:23.427000,LEC,16,,5.0,2.0,0 days 00:24:32.759000,,0 days 00:01:28.706000,0 days 00:00:31.072000,0 days 00:00:50.762000,0 days 00:25:01.644000,0 days 00:25:32.665000,0 days 00:26:23.692000,264.0,214.0,277.0,134.0,False,SOFT,1.0,True,Ferrari,0 days 00:23:32.944000,2026-03-14 07:08:42.256,1,,False,,False,False
0 days 00:27:56.602000,LEC,16,0 days 00:01:33.175000,6.0,2.0,,,0 days 00:00:24.376000,0 days 00:00:28.073000,0 days 00:00:40.726000,0 days 00:26:47.803000,0 days 00:27:15.876000,0 days 00:27:56.602000,273.0,267.0,259.0,310.0,True,SOFT,2.0,True,Ferrari,0 days 00:26:23.427000,2026-03-14 07:11:32.739,1,,False,,False,True
0 days 00:29:54.956000,LEC,16,0 days 00:01:58.354000,7.0,2.0,,0 days 00:29:53.177000,0 days 00:00:30.910000,0 days 00:00:32.421000,0 days 00:00:55.023000,0 days 00:28:27.512000,0 days 00:28:59.933000,0 days 00:29:54.956000,277.0,255.0,,267.0,False,SOFT,3.0,True,Ferrari,0 days 00:27:56.602000,2026-03-14 07:13:05.914,1,,False,,False,False
0 days 00:42:01.523000,LEC,16,,8.0,3.0,0 days 00:40:06.306000,,,0 days 00:00:36.638000,0 days 00:00:47.334000,,0 days 00:41:14.265000,0 days 00:42:01.669000,279.0,274.0,278.0,245.0,False,SOFT,4.0,False,Ferrari,0 days 00:29:54.956000,2026-03-14 07:15:04.268,1,,False,,False,False
0 days 00:43:34.425000,LEC,16,0 days 00:01:32.902000,9.0,3.0,,,0 days 00:00:24.208000,0 days 00:00:27.849000,0 days 00:00:40.845000,0 days 00:42:25.731000,0 days 00:42:53.580000,0 days 00:43:34.425000,273.0,261.0,259.0,304.0,True,SOFT,5.0,False,Ferrari,0 days 00:42:01.523000,2026-03-14 07:27:10.835,1,,False,,False,True
0 days 00:45:26.627000,LEC,16,0 days 00:01:52.202000,10.0,3.0,,0 days 00:45:24.942000,0 days 00:00:28.413000,0 days 00:00:32.511000,0 days 00:00:51.278000,0 days 00:44:02.838000,0 days 00:44:35.349000,0 days 00:45:26.627000,280.0,274.0,,281.0,False,SOFT,6.0,False,Ferrari,0 days 00:43:34.425000,2026-03-14 07:28:43.737,1,,False,,False,False
0 days 00:50:07.166000,LEC,16,,11.0,4.0,0 days 00:48:16.158000,,,0 days 00:00:33.159000,0 days 00:00:47.485000,,0 days 00:49:19.795000,0 days 00:50:07.376000,270.0,263.0,278.0,243.0,False,SOFT,1.0,True,Ferrari,0 days 00:45:26.627000,2026-03-14 07:30:35.939,1,,False,,False,False
0 days 00:51:39.652000,LEC,16,0 days 00:01:32.486000,12.0,4.0,,,0 days 00:00:24.022000,0 days 00:00:27.729000,0 days 00:00:40.735000,0 days 00:50:31.188000,0 days 00:50:58.917000,0 days 00:51:39.652000,273.0,266.0,260.0,304.0,True,SOFT,2.0,True,Ferrari,0 days 00:50:07.166000,2026-03-14 07:35:16.478,1,,False,,False,True
0 days 00:53:42.251000,LEC,16,0 days 00:02:02.599000,13.0,4.0,,,0 days 00:00:30.177000,0 days 00:00:40.409000,0 days 00:00:52.013000,0 days 00:52:09.829000,0 days 00:52:50.238000,0 days 00:53:42.251000,198.0,153.0,282.0,206.0,False,SOFT,3.0,True,Ferrari,0 days 00:51:39.652000,2026-03-14 07:36:48.964,1,,False,,False,True
0 days 00:55:30.145000,LEC,16,0 days 00:01:47.894000,14.0,4.0,,0 days 00:55:28.296000,0 days 00:00:24.403000,0 days 00:00:28.407000,0 days 00:00:55.084000,0 days 00:54:06.654000,0 days 00:54:35.061000,0 days 00:55:30.145000,281.0,241.0,,282.0,False,SOFT,4.0,True,Ferrari,0 days 00:53:42.251000,2026-03-14 07:38:51.563,12,,False,,False,False
0 days 01:03:52.558000,LEC,16,,15.0,5.0,0 days 01:02:03.528000,,,0 days 00:00:31.269000,0 days 00:00:47.810000,,0 days 01:03:04.819000,0 days 01:03:52.766000,267.0,262.0,278.0,242.0,False,SOFT,1.0,True,Ferrari,0 days 00:55:30.145000,2026-03-14 07:40:39.457,12,,False,,False,False
0 days 01:05:25.181000,LEC,16,0 days 00:01:32.623000,16.0,5.0,,,0 days 00:00:24.063000,0 days 00:00:27.894000,0 days 00:00:40.666000,0 days 01:04:16.621000,0 days 01:04:44.515000,0 days 01:05:25.181000,274.0,262.0,261.0,304.0,True,SOFT,2.0,True,Ferrari,0 days 01:03:52.558000,2026-03-14 07:49:01.870,1,,False,,False,True
0 days 01:07:21.438000,LEC,16,0 days 00:01:56.257000,17.0,5.0,,0 days 01:07:19.596000,0 days 00:00:27.233000,0 days 00:00:36.190000,0 days 00:00:52.834000,0 days 01:05:52.414000,0 days 01:06:28.604000,0 days 01:07:21.438000,147.0,122.0,,283.0,False,SOFT,3.0,True,Ferrari,0 days 01:05:25.181000,2026-03-14 07:50:34.493,1,,False,,False,False
0 days 01:12:54.172000,LEC,16,,18.0,6.0,0 days 01:11:01.709000,,,0 days 00:00:30.170000,0 days 00:00:51.351000,,0 days 01:12:02.833000,0 days 01:12:54.471000,271.0,265.0,279.0,241.0,False,SOFT,1.0,True,Ferrari,0 days 01:07:21.438000,2026-03-14 07:52:30.750,1,,False,,False,False
0 days 01:14:26.600000,LEC,16,0 days 00:01:32.428000,19.0,6.0,,,0 days 00:00:24.118000,0 days 00:00:27.660000,0 days 00:00:40.650000,0 days 01:13:18.290000,0 days 01:13:45.950000,0 days 01:14:26.600000,271.0,267.0,256.0,304.0,True,SOFT,2.0,True,Ferrari,0 days 01:12:54.172000,2026-03-14 07:58:03.484,1,,False,,False,True
0 days 01:16:34.385000,LEC,16,0 days 00:02:07.785000,20.0,6.0,,0 days 01:16:31.556000,0 days 00:00:29.733000,0 days 00:00:32.349000,0 days 00:01:05.703000,0 days 01:14:56.333000,0 days 01:15:28.682000,0 days 01:16:34.385000,207.0,201.0,,161.0,False,SOFT,3.0,True,Ferrari,0 days 01:14:26.600000,2026-03-14 07:59:35.912,1,,False,,False,False
0 days 00:19:13.627000,PIA,81,,1.0,1.0,0 days 00:17:13.748000,,,0 days 00:00:31.377000,0 days 00:00:57.320000,,0 days 00:18:16.338000,0 days 00:19:13.818000,254.0,250.0,274.0,250.0,False,SOFT,9.0,False,McLaren,0 days 00:17:13.748000,2026-03-14 07:02:23.060,1,,False,,False,False
0 days 00:20:47.617000,PIA,81,0 days 00:01:33.990000,2.0,1.0,,,0 days 00:00:24.536000,0 days 00:00:28.205000,0 days 00:00:41.249000,0 days 00:19:38.163000,0 days 00:20:06.368000,0 days 00:20:47.617000,286.0,275.0,257.0,306.0,True,SOFT,10.0,False,McLaren,0 days 00:19:13.627000,2026-03-14 07:04:22.939,1,,False,,False,True
0 days 00:22:49.148000,PIA,81,0 days 00:02:01.531000,3.0,1.0,,0 days 00:22:47.414000,0 days 00:00:29.430000,0 days 00:00:33.964000,0 days 00:00:58.137000,0 days 00:21:17.047000,0 days 00:21:51.011000,0 days 00:22:49.148000,231.0,117.0,,231.0,False,SOFT,11.0,False,McLaren,0 days 00:20:47.617000,2026-03-14 07:05:56.929,1,,False,,False,False
0 days 00:26:47.792000,PIA,81,,4.0,2.0,0 days 00:24:53.812000,,,0 days 00:00:35.955000,0 days 00:00:46.838000,,0 days 00:26:01.003000,0 days 00:26:48.115000,231.0,252.0,275.0,260.0,False,SOFT,1.0,True,McLaren,0 days 00:22:49.148000,2026-03-14 07:07:58.460,1,,False,,False,False
0 days 00:28:21.382000,PIA,81,0 days 00:01:33.590000,5.0,2.0,,,0 days 00:00:24.378000,0 days 00:00:28.224000,0 days 00:00:40.988000,0 days 00:27:12.170000,0 days 00:27:40.394000,0 days 00:28:21.382000,284.0,275.0,259.0,310.0,True,SOFT,2.0,True,McLaren,0 days 00:26:47.792000,2026-03-14 07:11:57.104,1,,False,,False,True
0 days 00:30:25.934000,PIA,81,0 days 00:02:04.552000,6.0,2.0,,0 days 00:30:24.177000,0 days 00:00:30.951000,0 days 00:00:34.901000,0 days 00:00:58.700000,0 days 00:28:52.333000,0 days 00:29:27.234000,0 days 00:30:25.934000,228.0,208.0,,224.0,False,SOFT,3.0,True,McLaren,0 days 00:28:21.382000,2026-03-14 07:13:30.694,1,,False,,False,False
0 days 00:42:42.831000,PIA,81,,7.0,3.0,0 days 00:40:45.195000,,,0 days 00:00:30.762000,0 days 00:00:53.900000,,0 days 00:41:48.991000,0 days 00:42:42.831000,236.0,252.0,274.0,256.0,False,SOFT,4.0,False,McLaren,0 days 00:30:25.934000,2026-03-14 07:15:35.246,1,,False,,False,False
0 days 00:44:16.195000,PIA,81,0 days 00:01:33.364000,8.0,3.0,,,0 days 00:00:24.429000,0 days 00:00:27.978000,0 days 00:00:40.957000,0 days 00:43:07.260000,0 days 00:43:35.238000,0 days 00:44:16.195000,280.0,275.0,258.0,309.0,True,SOFT,5.0,False,McLaren,0 days 00:42:42.831000,2026-03-14 07:27:52.143,1,,False,,False,True
0 days 00:46:14.444000,PIA,81,0 days 00:01:58.249000,9.0,3.0,,0 days 00:46:12.721000,0 days 00:00:30.710000,0 days 00:00:32.719000,0 days 00:00:54.820000,0 days 00:44:46.905000,0 days 00:45:19.624000,0 days 00:46:14.444000,229.0,235.0,,233.0,False,SOFT,6.0,False,McLaren,0 days 00:44:16.195000,2026-03-14 07:29:25.507,1,,False,,False,False
0 days 00:49:58.004000,PIA,81,,10.0,4.0,0 days 00:48:11.517000,,,0 days 00:00:31.059000,0 days 00:00:46.794000,,0 days 00:49:11.262000,0 days 00:49:58.282000,259.0,253.0,274.0,252.0,False,SOFT,1.0,True,McLaren,0 days 00:46:14.444000,2026-03-14 07:31:23.756,1,,False,,False,False
0 days 00:51:31.134000,PIA,81,0 days 00:01:33.130000,11.0,4.0,,,0 days 00:00:24.230000,0 days 00:00:27.873000,0 days 00:00:41.027000,0 days 00:50:22.234000,0 days 00:50:50.107000,0 days 00:51:31.134000,284.0,276.0,258.0,304.0,True,SOFT,2.0,True,McLaren,0 days 00:49:58.004000,2026-03-14 07:35:07.316,1,,False,,False,True
0 days 00:53:37.525000,PIA,81,0 days 00:02:06.391000,12.0,4.0,,,0 days 00:00:32.552000,0 days 00:00:37.638000,0 days 00:00:56.201000,0 days 00:52:03.686000,0 days 00:52:41.324000,0 days 00:53:37.525000,197.0,195.0,273.0,290.0,False,SOFT,3.0,True,McLaren,0 days 00:51:31.134000,2026-03-14 07:36:40.446,1,,False,,False,True
0 days 00:55:10.779000,PIA,81,0 days 00:01:33.254000,13.0,4.0,,,0 days 00:00:24.222000,0 days 00:00:28.024000,0 days 00:00:41.008000,0 days 00:54:01.747000,0 days 00:54:29.771000,0 days 00:55:10.779000,282.0,275.0,257.0,307.0,False,SOFT,4.0,True,McLaren,0 days 00:53:37.525000,2026-03-14 07:38:46.837,12,,False,,False,True
0 days 00:57:12.786000,PIA,81,0 days 00:02:02.007000,14.0,4.0,,0 days 00:57:11.022000,0 days 00:00:30.639000,0 days 00:00:33.350000,0 days 00:00:58.018000,0 days 00:55:41.418000,0 days 00:56:14.768000,0 days 00:57:12.786000,216.0,220.0,,228.0,False,SOFT,5.0,True,McLaren,0 days 00:55:10.779000,2026-03-14 07:40:20.091,1,,False,,False,False
0 days 01:05:48.127000,PIA,81,,15.0,5.0,0 days 01:03:47.895000,,,0 days 00:00:35.350000,0 days 00:00:50.419000,,0 days 01:04:57.729000,0 days 01:05:48.168000,240.0,250.0,274.0,252.0,False,SOFT,1.0,True,McLaren,0 days 00:57:12.786000,2026-03-14 07:42:22.098,12,,False,,False,False
0 days 01:07:20.677000,PIA,81,0 days 00:01:32.550000,16.0,5.0,,,0 days 00:00:24.120000,0 days 00:00:27.729000,0 days 00:00:40.701000,0 days 01:06:12.247000,0 days 01:06:39.976000,0 days 01:07:20.677000,284.0,278.0,257.0,308.0,True,SOFT,2.0,True,McLaren,0 days 01:05:48.127000,2026-03-14 07:50:57.439,1,,False,,False,True
0 days 01:09:17.478000,PIA,81,0 days 00:01:56.801000,17.0,5.0,,0 days 01:09:15.636000,0 days 00:00:29.522000,0 days 00:00:32.570000,0 days 00:00:54.709000,0 days 01:07:50.199000,0 days 01:08:22.769000,0 days 01:09:17.478000,233.0,220.0,,241.0,False,SOFT,3.0,True,McLaren,0 days 01:07:20.677000,2026-03-14 07:52:29.989,1,,False,,False,False
0 days 01:13:27.087000,PIA,81,,18.0,6.0,0 days 01:11:35.065000,,,0 days 00:00:30.511000,0 days 00:00:50.776000,,0 days 01:12:36.311000,0 days 01:13:27.368000,246.0,253.0,276.0,253.0,False,SOFT,1.0,True,McLaren,0 days 01:09:17.478000,2026-03-14 07:54:26.790,1,,False,,False,False
0 days 01:14:59.655000,PIA,81,0 days 00:01:32.568000,19.0,6.0,,,0 days 00:00:24.274000,0 days 00:00:27.801000,0 days 00:00:40.493000,0 days 01:13:51.361000,0 days 01:14:19.162000,0 days 01:14:59.655000,282.0,276.0,258.0,307.0,False,SOFT,2.0,True,McLaren,0 days 01:13:27.087000,2026-03-14 07:58:36.399,1,,False,,False,True
0 days 01:17:12.286000,PIA,81,0 days 00:02:12.631000,20.0,6.0,,0 days 01:17:07.575000,0 days 00:00:31.226000,0 days 00:00:35.523000,0 days 00:01:05.882000,0 days 01:15:30.881000,0 days 01:16:06.404000,0 days 01:17:12.286000,206.0,209.0,,213.0,False,SOFT,3.0,True,McLaren,0 days 01:14:59.655000,2026-03-14 08:00:08.967,1,,False,,False,False
0 days 00:19:06.065000,NOR,1,,1.0,1.0,0 days 00:17:01.154000,,,0 days 00:00:32.354000,0 days 00:01:00.156000,,0 days 00:18:05.909000,0 days 00:19:06.223000,251.0,232.0,273.0,224.0,False,SOFT,10.0,False,McLaren,0 days 00:17:01.154000,2026-03-14 07:02:10.466,1,,False,,False,False
0 days 00:20:40.466000,NOR,1,0 days 00:01:34.401000,2.0,1.0,,,0 days 00:00:24.644000,0 days 00:00:28.436000,0 days 00:00:41.321000,0 days 00:19:30.709000,0 days 00:19:59.145000,0 days 00:20:40.466000,280.0,276.0,257.0,310.0,True,SOFT,11.0,False,McLaren,0 days 00:19:06.065000,2026-03-14 07:04:15.377,1,,False,,False,True
0 days 00:22:34.512000,NOR,1,0 days 00:01:54.046000,3.0,1.0,,0 days 00:22:32.570000,0 days 00:00:28.930000,0 days 00:00:32.674000,0 days 00:00:52.442000,0 days 00:21:09.396000,0 days 00:21:42.070000,0 days 00:22:34.512000,200.0,242.0,,266.0,False,SOFT,12.0,False,McLaren,0 days 00:20:40.466000,2026-03-14 07:05:49.778,1,,False,,False,False
0 days 00:26:13.725000,NOR,1,,4.0,2.0,0 days 00:24:24.517000,,,0 days 00:00:30.422000,0 days 00:00:50.552000,,0 days 00:25:23.223000,0 days 00:26:14.059000,276.0,267.0,275.0,292.0,False,SOFT,1.0,True,McLaren,0 days 00:22:34.512000,2026-03-14 07:07:43.824,1,,False,,False,False
0 days 00:27:47.260000,NOR,1,0 days 00:01:33.535000,5.0,2.0,,,0 days 00:00:24.314000,0 days 00:00:28.156000,0 days 00:00:41.065000,0 days 00:26:38.039000,0 days 00:27:06.195000,0 days 00:27:47.260000,282.0,274.0,255.0,309.0,True,SOFT,2.0,True,McLaren,0 days 00:26:13.725000,2026-03-14 07:11:23.037,1,,False,,False,True
0 days 00:29:46.150000,NOR,1,0 days 00:01:58.890000,6.0,2.0,,0 days 00:29:44.342000,0 days 00:00:30.523000,0 days 00:00:33.315000,0 days 00:00:55.052000,0 days 00:28:17.783000,0 days 00:28:51.098000,0 days 00:29:46.150000,209.0,222.0,,293.0,False,SOFT,3.0,True,McLaren,0 days 00:27:47.260000,2026-03-14 07:12:56.572,1,,False,,False,False
0 days 00:42:34.570000,NOR,1,,7.0,3.0,0 days 00:40:40.350000,,,0 days 00:00:32.154000,0 days 00:00:51.323000,,0 days 00:41:43.367000,0 days 00:42:34.665000,227.0,227.0,276.0,270.0,False,SOFT,4.0,False,McLaren,0 days 00:29:46.150000,2026-03-14 07:14:55.462,1,,False,,False,False
0 days 00:44:07.841000,NOR,1,0 days 00:01:33.271000,8.0,3.0,,,0 days 00:00:24.327000,0 days 00:00:28.005000,0 days 00:00:40.939000,0 days 00:42:58.897000,0 days 00:43:26.902000,0 days 00:44:07.841000,280.0,275.0,257.0,307.0,True,SOFT,5.0,False,McLaren,0 days 00:42:34.570000,2026-03-14 07:27:43.882,1,,False,,False,True
0 days 00:46:04.242000,NOR,1,0 days 00:01:56.401000,9.0,3.0,,0 days 00:46:02.499000,0 days 00:00:31.187000,0 days 00:00:32.726000,0 days 00:00:52.488000,0 days 00:44:39.028000,0 days 00:45:11.754000,0 days 00:46:04.242000,218.0,245.0,,274.0,False,SOFT,6.0,False,McLaren,0 days 00:44:07.841000,2026-03-14 07:29:17.153,1,,False,,False,False
0 days 00:50:27.815000,NOR,1,,10.0,4.0,0 days 00:48:32.996000,,,0 days 00:00:31.334000,0 days 00:00:50.217000,,0 days 00:49:37.608000,0 days 00:50:27.964000,257.0,249.0,276.0,289.0,False,SOFT,1.0,True,McLaren,0 days 00:46:04.242000,2026-03-14 07:31:13.554,1,,False,,False,False
0 days 00:52:00.839000,NOR,1,0 days 00:01:33.024000,11.0,4.0,,,0 days 00:00:24.308000,0 days 00:00:27.900000,0 days 00:00:40.816000,0 days 00:50:52.123000,0 days 00:51:20.023000,0 days 00:52:00.839000,282.0,275.0,257.0,305.0,True,SOFT,2.0,True,McLaren,0 days 00:50:27.815000,2026-03-14 07:35:37.127,1,,False,,False,True
0 days 00:54:05.638000,NOR,1,0 days 00:02:04.799000,12.0,4.0,,,0 days 00:00:32.499000,0 days 00:00:34.906000,0 days 00:00:57.394000,0 days 00:52:33.338000,0 days 00:53:08.244000,0 days 00:54:05.638000,198.0,196.0,278.0,298.0,False,SOFT,3.0,True,McLaren,0 days 00:52:00.839000,2026-03-14 07:37:10.151,1,,False,,False,True
0 days 00:55:38.548000,NOR,1,0 days 00:01:32.910000,13.0,4.0,,,0 days 00:00:24.209000,0 days 00:00:27.912000,0 days 00:00:40.789000,0 days 00:54:29.847000,0 days 00:54:57.759000,0 days 00:55:38.548000,282.0,276.0,257.0,308.0,True,SOFT,4.0,True,McLaren,0 days 00:54:05.638000,2026-03-14 07:39:14.950,12,,False,,False,True
0 days 00:57:32.163000,NOR,1,0 days 00:01:53.615000,14.0,4.0,,0 days 00:57:30.369000,0 days 00:00:28.653000,0 days 00:00:32.649000,0 days 00:00:52.313000,0 days 00:56:07.201000,0 days 00:56:39.850000,0 days 00:57:32.163000,219.0,253.0,,287.0,False,SOFT,5.0,True,McLaren,0 days 00:55:38.548000,2026-03-14 07:40:47.860,1,,False,,False,False
0 days 01:05:38.130000,NOR,1,,15.0,5.0,0 days 01:03:43.887000,,,0 days 00:00:33.368000,0 days 00:00:50.289000,,0 days 01:04:47.845000,0 days 01:05:38.246000,218.0,257.0,277.0,131.0,False,SOFT,1.0,True,McLaren,0 days 00:57:32.163000,2026-03-14 07:42:41.475,12,,False,,False,False
0 days 01:07:10.738000,NOR,1,0 days 00:01:32.608000,16.0,5.0,,,0 days 00:00:24.078000,0 days 00:00:27.782000,0 days 00:00:40.748000,0 days 01:06:02.208000,0 days 01:06:29.990000,0 days 01:07:10.738000,282.0,277.0,258.0,305.0,True,SOFT,2.0,True,McLaren,0 days 01:05:38.130000,2026-03-14 07:50:47.442,1,,False,,False,True
0 days 01:09:04.043000,NOR,1,0 days 00:01:53.305000,17.0,5.0,,0 days 01:09:02.279000,0 days 00:00:28.485000,0 days 00:00:32.978000,0 days 00:00:51.842000,0 days 01:07:39.223000,0 days 01:08:12.201000,0 days 01:09:04.043000,249.0,207.0,,294.0,False,SOFT,3.0,True,McLaren,0 days 01:07:10.738000,2026-03-14 07:52:20.050,1,,False,,False,False
0 days 01:12:44.265000,NOR,1,,18.0,6.0,0 days 01:10:57.834000,,,0 days 00:00:30.405000,0 days 00:00:49.086000,,0 days 01:11:55.255000,0 days 01:12:44.410000,252.0,252.0,278.0,285.0,False,SOFT,1.0,True,McLaren,0 days 01:09:04.043000,2026-03-14 07:54:13.355,1,,False,,False,False
0 days 01:14:16.896000,NOR,1,0 days 00:01:32.631000,19.0,6.0,,,0 days 00:00:23.995000,0 days 00:00:27.747000,0 days 00:00:40.889000,0 days 01:13:08.260000,0 days 01:13:36.007000,0 days 01:14:16.896000,280.0,277.0,256.0,302.0,False,SOFT,2.0,True,McLaren,0 days 01:12:44.265000,2026-03-14 07:57:53.577,1,,False,,False,True
0 days 01:16:19.135000,NOR,1,0 days 00:02:02.239000,20.0,6.0,,0 days 01:16:16.352000,0 days 00:00:30.061000,0 days 00:00:34.793000,0 days 00:00:57.385000,0 days 01:14:46.957000,0 days 01:15:21.750000,0 days 01:16:19.135000,187.0,219.0,,256.0,False,SOFT,3.0,True,McLaren,0 days 01:14:16.896000,2026-03-14 07:59:26.208,1,,False,,False,False
0 days 00:18:36.165000,GAS,10,,1.0,1.0,0 days 00:16:37.248000,,,0 days 00:00:32.085000,0 days 00:00:51.459000,,0 days 00:17:44.870000,0 days 00:18:36.426000,224.0,255.0,278.0,259.0,False,SOFT,4.0,False,Alpine,0 days 00:16:37.248000,2026-03-14 07:01:46.560,1,,False,,False,False
0 days 00:20:10.668000,GAS,10,0 days 00:01:34.503000,2.0,1.0,,,0 days 00:00:24.556000,0 days 00:00:28.437000,0 days 00:00:41.510000,0 days 00:19:00.721000,0 days 00:19:29.158000,0 days 00:20:10.668000,287.0,276.0,254.0,319.0,True,SOFT,5.0,False,Alpine,0 days 00:18:36.165000,2026-03-14 07:03:45.477,1,,False,,False,True
0 days 00:22:08.296000,GAS,10,0 days 00:01:57.628000,3.0,1.0,,0 days 00:22:06.465000,0 days 00:00:29.935000,0 days 00:00:33.995000,0 days 00:00:53.698000,0 days 00:20:40.603000,0 days 00:21:14.598000,0 days 00:22:08.296000,243.0,251.0,,288.0,False,SOFT,6.0,False,Alpine,0 days 00:20:10.668000,2026-03-14 07:05:19.980,1,,False,,False,False
0 days 00:25:53.594000,GAS,10,,4.0,2.0,0 days 00:24:01.507000,,,0 days 00:00:32.077000,0 days 00:00:47.455000,,0 days 00:25:06.264000,0 days 00:25:53.879000,235.0,252.0,277.0,265.0,False,SOFT,1.0,True,Alpine,0 days 00:22:08.296000,2026-03-14 07:07:17.608,1,,False,,False,False
0 days 00:27:27.498000,GAS,10,0 days 00:01:33.904000,5.0,2.0,,,0 days 00:00:24.416000,0 days 00:00:28.209000,0 days 00:00:41.279000,0 days 00:26:18.010000,0 days 00:26:46.219000,0 days 00:27:27.498000,284.0,275.0,252.0,315.0,True,SOFT,2.0,True,Alpine,0 days 00:25:53.594000,2026-03-14 07:11:02.906,1,,False,,False,True
0 days 00:29:28.332000,GAS,10,0 days 00:02:00.834000,6.0,2.0,,,0 days 00:00:33.282000,0 days 00:00:36.632000,0 days 00:00:50.920000,0 days 00:28:00.780000,0 days 00:28:37.412000,0 days 00:29:28.332000,229.0,250.0,253.0,297.0,False,SOFT,3.0,True,Alpine,0 days 00:27:27.498000,2026-03-14 07:12:36.810,1,,False,,False,True
0 days 00:31:24.943000,GAS,10,0 days 00:01:56.611000,7.0,2.0,,,0 days 00:00:28.483000,0 days 00:00:33.973000,0 days 00:00:54.155000,0 days 00:29:56.815000,0 days 00:30:30.788000,0 days 00:31:24.943000,261.0,245.0,277.0,271.0,False,SOFT,4.0,True,Alpine,0 days 00:29:28.332000,2026-03-14 07:14:37.644,1,,False,,False,True
0 days 00:32:58.731000,GAS,10,0 days 00:01:33.788000,8.0,2.0,,,0 days 00:00:24.532000,0 days 00:00:28.214000,0 days 00:00:41.042000,0 days 00:31:49.475000,0 days 00:32:17.689000,0 days 00:32:58.731000,288.0,275.0,255.0,317.0,True,SOFT,5.0,True,Alpine,0 days 00:31:24.943000,2026-03-14 07:16:34.255,1,,False,,False,True
0 days 00:35:02.704000,GAS,10,0 days 00:02:03.973000,9.0,2.0,,0 days 00:35:00.877000,0 days 00:00:30.360000,0 days 00:00:35.877000,0 days 00:00:57.736000,0 days 00:33:29.091000,0 days 00:34:04.968000,0 days 00:35:02.704000,237.0,240.0,,290.0,False,SOFT,6.0,True,Alpine,0 days 00:32:58.731000,2026-03-14 07:18:08.043,1,,False,,False,False
0 days 00:44:48.320000,GAS,10,,10.0,3.0,0 days 00:42:55.454000,,,0 days 00:00:31.494000,0 days 00:00:47.226000,,0 days 00:44:01.208000,0 days 00:44:48.402000,228.0,250.0,279.0,258.0,False,SOFT,1.0,False,Alpine,0 days 00:35:02.704000,2026-03-14 07:20:12.016,1,,False,,False,False
0 days 00:46:21.600000,GAS,10,0 days 00:01:33.280000,11.0,3.0,,,0 days 00:00:24.164000,0 days 00:00:27.809000,0 days 00:00:41.307000,0 days 00:45:12.484000,0 days 00:45:40.293000,0 days 00:46:21.600000,285.0,278.0,251.0,311.0,True,SOFT,2.0,False,Alpine,0 days 00:44:48.320000,2026-03-14 07:29:57.632,1,,False,,False,True
0 days 00:48:22.700000,GAS,10,0 days 00:02:01.100000,12.0,3.0,,0 days 00:48:20.580000,0 days 00:00:30.579000,0 days 00:00:35.399000,0 days 00:00:55.122000,0 days 00:46:52.179000,0 days 00:47:27.578000,0 days 00:48:22.700000,238.0,243.0,,271.0,False,SOFT,3.0,False,Alpine,0 days 00:46:21.600000,2026-03-14 07:31:30.912,1,,False,,False,False
0 days 00:53:31.374000,GAS,10,,13.0,4.0,0 days 00:51:39.953000,,,0 days 00:00:31.435000,0 days 00:00:48.556000,,0 days 00:52:43.008000,0 days 00:53:31.491000,260.0,258.0,279.0,256.0,False,SOFT,1.0,True,Alpine,0 days 00:48:22.700000,2026-03-14 07:33:32.012,1,,False,,False,False
0 days 00:55:04.377000,GAS,10,0 days 00:01:33.003000,14.0,4.0,,,0 days 00:00:24.099000,0 days 00:00:27.831000,0 days 00:00:41.073000,0 days 00:53:55.473000,0 days 00:54:23.304000,0 days 00:55:04.377000,284.0,276.0,251.0,314.0,True,SOFT,2.0,True,Alpine,0 days 00:53:31.374000,2026-03-14 07:38:40.686,12,,False,,False,True
0 days 00:57:09.627000,GAS,10,0 days 00:02:05.250000,15.0,4.0,,0 days 00:57:07.803000,0 days 00:00:31.557000,0 days 00:00:37.894000,0 days 00:00:55.799000,0 days 00:55:35.934000,0 days 00:56:13.828000,0 days 00:57:09.627000,213.0,252.0,,294.0,False,SOFT,3.0,True,Alpine,0 days 00:55:04.377000,2026-03-14 07:40:13.689,1,,False,,False,False
0 days 01:05:30.296000,GAS,10,,16.0,5.0,0 days 01:03:38.420000,,,0 days 00:00:31.764000,0 days 00:00:51.831000,,0 days 01:04:38.506000,0 days 01:05:30.384000,231.0,256.0,277.0,226.0,False,SOFT,4.0,False,Alpine,0 days 00:57:09.627000,2026-03-14 07:42:18.939,12,,False,,False,False
0 days 01:07:04.348000,GAS,10,0 days 00:01:34.052000,17.0,5.0,,,0 days 00:00:24.595000,0 days 00:00:28.181000,0 days 00:00:41.276000,0 days 01:05:54.891000,0 days 01:06:23.072000,0 days 01:07:04.348000,285.0,276.0,247.0,313.0,True,SOFT,5.0,False,Alpine,0 days 01:05:30.296000,2026-03-14 07:50:39.608,1,,False,,False,True
0 days 01:09:01.083000,GAS,10,0 days 00:01:56.735000,18.0,5.0,,0 days 01:08:59.245000,0 days 00:00:29.388000,0 days 00:00:34.220000,0 days 00:00:53.127000,0 days 01:07:33.736000,0 days 01:08:07.956000,0 days 01:09:01.083000,242.0,253.0,,295.0,False,SOFT,6.0,False,Alpine,0 days 01:07:04.348000,2026-03-14 07:52:13.660,1,,False,,False,False
0 days 01:13:12.180000,GAS,10,,19.0,6.0,0 days 01:11:22.053000,,,0 days 00:00:31.791000,0 days 00:00:48.649000,,0 days 01:12:23.646000,0 days 01:13:12.430000,258.0,253.0,279.0,246.0,False,SOFT,1.0,True,Alpine,0 days 01:09:01.083000,2026-03-14 07:54:10.395,1,,False,,False,False
0 days 01:14:45.053000,GAS,10,0 days 00:01:32.873000,20.0,6.0,,,0 days 00:00:24.185000,0 days 00:00:27.788000,0 days 00:00:40.900000,0 days 01:13:36.365000,0 days 01:14:04.153000,0 days 01:14:45.053000,284.0,278.0,252.0,312.0,True,SOFT,2.0,True,Alpine,0 days 01:13:12.180000,2026-03-14 07:58:21.492,1,,False,,False,True
0 days 01:16:57.137000,GAS,10,0 days 00:02:12.084000,21.0,6.0,,0 days 01:16:53.122000,0 days 00:00:30.504000,0 days 00:00:35.160000,0 days 00:01:06.420000,0 days 01:15:15.557000,0 days 01:15:50.717000,0 days 01:16:57.137000,240.0,226.0,,179.0,False,SOFT,3.0,True,Alpine,0 days 01:14:45.053000,2026-03-14 07:59:54.365,1,,False,,False,False
0 days 00:18:08.493000,VER,3,,1.0,1.0,0 days 00:16:15.495000,,,0 days 00:00:30.738000,0 days 00:00:53.090000,,0 days 00:17:15.420000,0 days 00:18:08.797000,248.0,241.0,275.0,230.0,False,MEDIUM,1.0,True,Red Bull Racing,0 days 00:16:15.495000,2026-03-14 07:01:24.807,1,,False,,False,False
0 days 00:19:42.983000,VER,3,0 days 00:01:34.490000,2.0,1.0,,,0 days 00:00:24.826000,0 days 00:00:28.407000,0 days 00:00:41.257000,0 days 00:18:33.319000,0 days 00:19:01.726000,0 days 00:19:42.983000,283.0,278.0,265.0,311.0,True,MEDIUM,2.0,True,Red Bull Racing,0 days 00:18:08.493000,2026-03-14 07:03:17.805,1,,False,,False,True
0 days 00:21:57.195000,VER,3,0 days 00:02:14.212000,3.0,1.0,,,0 days 00:00:37.785000,0 days 00:00:38.381000,0 days 00:00:58.046000,0 days 00:20:20.768000,0 days 00:20:59.149000,0 days 00:21:57.195000,134.0,241.0,276.0,156.0,False,MEDIUM,3.0,True,Red Bull Racing,0 days 00:19:42.983000,2026-03-14 07:04:52.295,1,,False,,False,True
0 days 00:23:31.649000,VER,3,0 days 00:01:34.454000,4.0,1.0,,,0 days 00:00:24.785000,0 days 00:00:28.445000,0 days 00:00:41.224000,0 days 00:22:21.980000,0 days 00:22:50.425000,0 days 00:23:31.649000,283.0,275.0,263.0,309.0,True,MEDIUM,4.0,True,Red Bull Racing,0 days 00:21:57.195000,2026-03-14 07:07:06.507,1,,False,,False,True
0 days 00:25:22.926000,VER,3,0 days 00:01:51.277000,5.0,1.0,,0 days 00:25:21.204000,0 days 00:00:27.194000,0 days 00:00:31.986000,0 days 00:00:52.097000,0 days 00:23:58.843000,0 days 00:24:30.829000,0 days 00:25:22.926000,200.0,248.0,,244.0,False,MEDIUM,5.0,True,Red Bull Racing,0 days 00:23:31.649000,2026-03-14 07:08:40.961,1,,False,,False,False
0 days 00:31:02.126000,VER,3,,6.0,2.0,0 days 00:29:04.792000,,,0 days 00:00:31.925000,0 days 00:00:54.863000,,0 days 00:30:07.317000,0 days 00:31:02.350000,248.0,263.0,277.0,217.0,False,SOFT,1.0,True,Red Bull Racing,0 days 00:25:22.926000,2026-03-14 07:10:32.238,1,,False,,False,False
0 days 00:32:35.543000,VER,3,0 days 00:01:33.417000,7.0,2.0,,,0 days 00:00:24.413000,0 days 00:00:28.391000,0 days 00:00:40.613000,0 days 00:31:26.539000,0 days 00:31:54.930000,0 days 00:32:35.543000,285.0,277.0,261.0,313.0,True,SOFT,2.0,True,Red Bull Racing,0 days 00:31:02.126000,2026-03-14 07:16:11.438,1,,False,,False,True
0 days 00:34:38.865000,VER,3,0 days 00:02:03.322000,8.0,2.0,,0 days 00:34:36.985000,0 days 00:00:29.852000,0 days 00:00:34.340000,0 days 00:00:59.130000,0 days 00:33:05.395000,0 days 00:33:39.735000,0 days 00:34:38.865000,193.0,217.0,,209.0,False,SOFT,3.0,True,Red Bull Racing,0 days 00:32:35.543000,2026-03-14 07:17:44.855,1,,False,,False,False
0 days 00:42:50.113000,VER,3,,9.0,3.0,0 days 00:40:53.627000,,,0 days 00:00:30.642000,0 days 00:00:53.915000,,0 days 00:41:56.279000,0 days 00:42:50.145000,257.0,245.0,278.0,248.0,False,SOFT,1.0,True,Red Bull Racing,0 days 00:34:38.865000,2026-03-14 07:19:48.177,1,,False,,False,False
0 days 00:44:23.292000,VER,3,0 days 00:01:33.179000,10.0,3.0,,,0 days 00:00:24.325000,0 days 00:00:28.095000,0 days 00:00:40.759000,0 days 00:43:14.438000,0 days 00:43:42.533000,0 days 00:44:23.292000,281.0,274.0,263.0,312.0,True,SOFT,2.0,True,Red Bull Racing,0 days 00:42:50.113000,2026-03-14 07:27:59.425,1,,False,,False,True
0 days 00:46:17.422000,VER,3,0 days 00:01:54.130000,11.0,3.0,,0 days 00:46:15.642000,0 days 00:00:28.324000,0 days 00:00:32.743000,0 days 00:00:53.063000,0 days 00:44:51.616000,0 days 00:45:24.359000,0 days 00:46:17.422000,221.0,221.0,,251.0,False,SOFT,3.0,True,Red Bull Racing,0 days 00:44:23.292000,2026-03-14 07:29:32.604,1,,False,,False,False
0 days 00:52:30.693000,VER,3,,12.0,4.0,0 days 00:50:34.321000,,,0 days 00:00:31.001000,0 days 00:00:48.777000,,0 days 00:51:42.001000,0 days 00:52:30.879000,255.0,246.0,280.0,246.0,False,SOFT,1.0,True,Red Bull Racing,0 days 00:46:17.422000,2026-03-14 07:31:26.734,1,,False,,False,False
0 days 00:54:03.791000,VER,3,0 days 00:01:33.098000,13.0,4.0,,,0 days 00:00:24.280000,0 days 00:00:28.065000,0 days 00:00:40.753000,0 days 00:52:54.973000,0 days 00:53:23.038000,0 days 00:54:03.791000,283.0,279.0,262.0,312.0,True,SOFT,2.0,True,Red Bull Racing,0 days 00:52:30.693000,2026-03-14 07:37:40.005,1,,False,,False,True
0 days 00:56:05.771000,VER,3,0 days 00:02:01.980000,14.0,4.0,,0 days 00:56:03.859000,0 days 00:00:30.522000,0 days 00:00:38.216000,0 days 00:00:53.242000,0 days 00:54:34.313000,0 days 00:55:12.529000,0 days 00:56:05.771000,208.0,239.0,,261.0,False,SOFT,3.0,True,Red Bull Racing,0 days 00:54:03.791000,2026-03-14 07:39:13.103,12,,False,,False,False
0 days 01:06:03.121000,VER,3,,15.0,5.0,0 days 01:04:06.663000,,,0 days 00:00:34.994000,0 days 00:00:51.297000,,0 days 01:05:11.965000,0 days 01:06:03.121000,255.0,248.0,277.0,238.0,False,SOFT,4.0,False,Red Bull Racing,0 days 00:56:05.771000,2026-03-14 07:41:15.083,12,,False,,False,False
0 days 01:07:36.455000,VER,3,0 days 00:01:33.334000,16.0,5.0,,,0 days 00:00:24.497000,0 days 00:00:28.137000,0 days 00:00:40.700000,0 days 01:06:27.618000,0 days 01:06:55.755000,0 days 01:07:36.455000,285.0,272.0,262.0,317.0,True,SOFT,5.0,False,Red Bull Racing,0 days 01:06:03.121000,2026-03-14 07:51:12.433,1,,False,,False,True
0 days 01:09:25.396000,VER,3,0 days 00:01:48.941000,17.0,5.0,,0 days 01:09:23.549000,0 days 00:00:27.698000,0 days 00:00:30.716000,0 days 00:00:50.527000,0 days 01:08:04.153000,0 days 01:08:34.869000,0 days 01:09:25.396000,252.0,247.0,,289.0,False,SOFT,6.0,False,Red Bull Racing,0 days 01:07:36.455000,2026-03-14 07:52:45.767,1,,False,,False,False
0 days 01:13:41.571000,VER,3,,18.0,6.0,0 days 01:11:50.193000,,,0 days 00:00:30.632000,0 days 00:00:48.988000,,0 days 01:12:52.637000,0 days 01:13:41.800000,256.0,247.0,276.0,237.0,False,SOFT,1.0,True,Red Bull Racing,0 days 01:09:25.396000,2026-03-14 07:54:34.708,1,,False,,False,False
0 days 01:15:14.573000,VER,3,0 days 00:01:33.002000,19.0,6.0,,,0 days 00:00:24.359000,0 days 00:00:27.975000,0 days 00:00:40.668000,0 days 01:14:05.930000,0 days 01:14:33.905000,0 days 01:15:14.573000,283.0,278.0,262.0,310.0,True,SOFT,2.0,True,Red Bull Racing,0 days 01:13:41.571000,2026-03-14 07:58:50.883,1,,False,,False,True
0 days 01:17:19.290000,VER,3,0 days 00:02:04.717000,20.0,6.0,,0 days 01:17:13.778000,0 days 00:00:32.694000,0 days 00:00:32.637000,0 days 00:00:59.386000,0 days 01:15:47.267000,0 days 01:16:19.904000,0 days 01:17:19.290000,188.0,225.0,,284.0,False,SOFT,3.0,True,Red Bull Racing,0 days 01:15:14.573000,2026-03-14 08:00:23.885,1,,False,,False,False
0 days 00:18:01.519000,HAD,6,,1.0,1.0,0 days 00:16:08.237000,,,0 days 00:00:31.598000,0 days 00:00:53.087000,,0 days 00:17:08.545000,0 days 00:18:01.757000,257.0,254.0,276.0,202.0,False,MEDIUM,1.0,True,Red Bull Racing,0 days 00:16:08.237000,2026-03-14 07:01:17.549,1,,False,,False,False
0 days 00:19:36.038000,HAD,6,0 days 00:01:34.519000,2.0,1.0,,,0 days 00:00:24.816000,0 days 00:00:28.593000,0 days 00:00:41.110000,0 days 00:18:26.335000,0 days 00:18:54.928000,0 days 00:19:36.038000,287.0,283.0,268.0,315.0,True,MEDIUM,2.0,True,Red Bull Racing,0 days 00:18:01.519000,2026-03-14 07:03:10.831,1,,False,,False,True
0 days 00:21:41.852000,HAD,6,0 days 00:02:05.814000,3.0,1.0,,,0 days 00:00:35.827000,0 days 00:00:37.439000,0 days 00:00:52.548000,0 days 00:20:11.865000,0 days 00:20:49.304000,0 days 00:21:41.852000,181.0,218.0,274.0,177.0,False,MEDIUM,3.0,True,Red Bull Racing,0 days 00:19:36.038000,2026-03-14 07:04:45.350,1,,False,,False,True
0 days 00:23:16.248000,HAD,6,0 days 00:01:34.396000,4.0,1.0,,,0 days 00:00:24.830000,0 days 00:00:28.450000,0 days 00:00:41.116000,0 days 00:22:06.682000,0 days 00:22:35.132000,0 days 00:23:16.248000,285.0,284.0,264.0,314.0,True,MEDIUM,4.0,True,Red Bull Racing,0 days 00:21:41.852000,2026-03-14 07:06:51.164,1,,False,,False,True
0 days 00:25:13.384000,HAD,6,0 days 00:01:57.136000,5.0,1.0,,0 days 00:25:11.512000,0 days 00:00:29.156000,0 days 00:00:32.164000,0 days 00:00:55.816000,0 days 00:23:45.404000,0 days 00:24:17.568000,0 days 00:25:13.384000,241.0,264.0,,282.0,False,MEDIUM,5.0,True,Red Bull Racing,0 days 00:23:16.248000,2026-03-14 07:08:25.560,1,,False,,False,False
0 days 00:30:56.550000,HAD,6,,6.0,2.0,0 days 00:29:01.092000,,,0 days 00:00:31.554000,0 days 00:00:55.185000,,0 days 00:30:01.474000,0 days 00:30:56.803000,251.0,250.0,277.0,232.0,False,SOFT,1.0,True,Red Bull Racing,0 days 00:25:13.384000,2026-03-14 07:10:22.696,1,,False,,False,False
0 days 00:32:30.182000,HAD,6,0 days 00:01:33.632000,7.0,2.0,,,0 days 00:00:24.465000,0 days 00:00:28.324000,0 days 00:00:40.843000,0 days 00:31:21.015000,0 days 00:31:49.339000,0 days 00:32:30.182000,283.0,276.0,263.0,316.0,True,SOFT,2.0,True,Red Bull Racing,0 days 00:30:56.550000,2026-03-14 07:16:05.862,1,,False,,False,True
0 days 00:34:37.256000,HAD,6,0 days 00:02:07.074000,8.0,2.0,,0 days 00:34:35.430000,0 days 00:00:29.918000,0 days 00:00:37.164000,0 days 00:00:59.992000,0 days 00:33:00.100000,0 days 00:33:37.264000,0 days 00:34:37.256000,209.0,205.0,,234.0,False,SOFT,3.0,True,Red Bull Racing,0 days 00:32:30.182000,2026-03-14 07:17:39.494,1,,False,,False,False
0 days 00:42:24.984000,HAD,6,,9.0,3.0,0 days 00:40:34.861000,,,0 days 00:00:31.961000,0 days 00:00:49.958000,,0 days 00:41:35.115000,0 days 00:42:24.984000,247.0,259.0,279.0,214.0,False,SOFT,1.0,True,Red Bull Racing,0 days 00:34:37.256000,2026-03-14 07:19:46.568,1,,False,,False,False
0 days 00:43:58.336000,HAD,6,0 days 00:01:33.352000,10.0,3.0,,,0 days 00:00:24.487000,0 days 00:00:28.136000,0 days 00:00:40.729000,0 days 00:42:49.471000,0 days 00:43:17.607000,0 days 00:43:58.336000,282.0,275.0,265.0,315.0,True,SOFT,2.0,True,Red Bull Racing,0 days 00:42:24.984000,2026-03-14 07:27:34.296,1,,False,,False,True
0 days 00:45:56.228000,HAD,6,0 days 00:01:57.892000,11.0,3.0,,0 days 00:45:54.543000,0 days 00:00:29.202000,0 days 00:00:33.438000,0 days 00:00:55.252000,0 days 00:44:27.538000,0 days 00:45:00.976000,0 days 00:45:56.228000,237.0,265.0,,265.0,False,SOFT,3.0,True,Red Bull Racing,0 days 00:43:58.336000,2026-03-14 07:29:07.648,1,,False,,False,False
0 days 00:52:25.365000,HAD,6,,12.0,4.0,0 days 00:50:29.227000,,,0 days 00:00:31.372000,0 days 00:00:49.429000,,0 days 00:51:35.976000,0 days 00:52:25.647000,256.0,258.0,280.0,236.0,False,SOFT,1.0,True,Red Bull Racing,0 days 00:45:56.228000,2026-03-14 07:31:05.540,1,,False,,False,False
0 days 00:53:58.862000,HAD,6,0 days 00:01:33.497000,13.0,4.0,,,0 days 00:00:24.474000,0 days 00:00:28.023000,0 days 00:00:41,0 days 00:52:49.839000,0 days 00:53:17.862000,0 days 00:53:58.862000,284.0,282.0,275.0,309.0,False,SOFT,2.0,True,Red Bull Racing,0 days 00:52:25.365000,2026-03-14 07:37:34.677,1,,False,,False,True
0 days 00:55:54.088000,HAD,6,0 days 00:01:55.226000,14.0,4.0,,0 days 00:55:52.241000,0 days 00:00:27.914000,0 days 00:00:33.404000,0 days 00:00:53.908000,0 days 00:54:26.776000,0 days 00:55:00.180000,0 days 00:55:54.088000,244.0,256.0,,290.0,False,SOFT,3.0,True,Red Bull Racing,0 days 00:53:58.862000,2026-03-14 07:39:08.174,12,,False,,False,False
0 days 01:05:57.762000,HAD,6,,15.0,5.0,0 days 01:03:54.723000,,,0 days 00:00:31.630000,0 days 00:00:54.302000,,0 days 01:05:03.611000,0 days 01:05:57.808000,254.0,259.0,278.0,250.0,False,SOFT,4.0,False,Red Bull Racing,0 days 00:55:54.088000,2026-03-14 07:41:03.400,12,,False,,False,False
0 days 01:07:31.116000,HAD,6,0 days 00:01:33.354000,16.0,5.0,,,0 days 00:00:24.488000,0 days 00:00:28.196000,0 days 00:00:40.670000,0 days 01:06:22.250000,0 days 01:06:50.446000,0 days 01:07:31.116000,284.0,276.0,260.0,316.0,True,SOFT,5.0,False,Red Bull Racing,0 days 01:05:57.762000,2026-03-14 07:51:07.074,1,,False,,False,True
0 days 01:09:24.419000,HAD,6,0 days 00:01:53.303000,17.0,5.0,,0 days 01:09:22.549000,0 days 00:00:27.972000,0 days 00:00:32.103000,0 days 00:00:53.228000,0 days 01:07:59.088000,0 days 01:08:31.191000,0 days 01:09:24.419000,245.0,247.0,,289.0,False,SOFT,6.0,False,Red Bull Racing,0 days 01:07:31.116000,2026-03-14 07:52:40.428,1,,False,,False,False
0 days 01:13:34.931000,HAD,6,,18.0,6.0,0 days 01:11:46.466000,,,0 days 00:00:31.235000,0 days 00:00:49.670000,,0 days 01:12:45.347000,0 days 01:13:35.222000,251.0,252.0,271.0,233.0,False,SOFT,1.0,True,Red Bull Racing,0 days 01:09:24.419000,2026-03-14 07:54:33.731,1,,False,,False,False
0 days 01:15:08.052000,HAD,6,0 days 00:01:33.121000,19.0,6.0,,,0 days 00:00:24.529000,0 days 00:00:27.933000,0 days 00:00:40.659000,0 days 01:13:59.460000,0 days 01:14:27.393000,0 days 01:15:08.052000,284.0,275.0,260.0,311.0,True,SOFT,2.0,True,Red Bull Racing,0 days 01:13:34.931000,2026-03-14 07:58:44.243,1,,False,,False,True
0 days 01:17:17.085000,HAD,6,0 days 00:02:09.033000,20.0,6.0,,0 days 01:17:12.700000,0 days 00:00:30.267000,0 days 00:00:35.703000,0 days 00:01:03.063000,0 days 01:15:38.319000,0 days 01:16:14.022000,0 days 01:17:17.085000,191.0,217.0,,285.0,False,SOFT,3.0,True,Red Bull Racing,0 days 01:15:08.052000,2026-03-14 08:00:17.364,1,,False,,False,False
0 days 00:18:46.441000,BEA,87,,1.0,1.0,0 days 00:16:47.467000,,,0 days 00:00:31.897000,0 days 00:00:52.393000,,0 days 00:17:54.167000,0 days 00:18:46.644000,280.0,262.0,274.0,244.0,False,SOFT,11.0,False,Haas F1 Team,0 days 00:16:47.467000,2026-03-14 07:01:56.779,1,,False,,False,False
0 days 00:20:21.245000,BEA,87,0 days 00:01:34.804000,2.0,1.0,,,0 days 00:00:24.937000,0 days 00:00:28.623000,0 days 00:00:41.244000,0 days 00:19:11.378000,0 days 00:19:40.001000,0 days 00:20:21.245000,290.0,273.0,260.0,314.0,True,SOFT,12.0,False,Haas F1 Team,0 days 00:18:46.441000,2026-03-14 07:03:55.753,1,,False,,False,True
0 days 00:22:12.041000,BEA,87,0 days 00:01:50.796000,3.0,1.0,,0 days 00:22:10.304000,0 days 00:00:26.798000,0 days 00:00:30.634000,0 days 00:00:53.364000,0 days 00:20:48.043000,0 days 00:21:18.677000,0 days 00:22:12.041000,287.0,280.0,,244.0,False,SOFT,13.0,False,Haas F1 Team,0 days 00:20:21.245000,2026-03-14 07:05:30.557,1,,False,,False,False
0 days 00:27:27.943000,BEA,87,,4.0,2.0,0 days 00:25:35.712000,,,0 days 00:00:32.307000,0 days 00:00:49.472000,,0 days 00:26:38.561000,0 days 00:27:28.259000,278.0,271.0,276.0,259.0,False,SOFT,1.0,True,Haas F1 Team,0 days 00:22:12.041000,2026-03-14 07:07:21.353,1,,False,,False,False
0 days 00:29:01.699000,BEA,87,0 days 00:01:33.756000,5.0,2.0,,,0 days 00:00:24.696000,0 days 00:00:28.104000,0 days 00:00:40.956000,0 days 00:27:52.639000,0 days 00:28:20.743000,0 days 00:29:01.699000,290.0,269.0,260.0,309.0,True,SOFT,2.0,True,Haas F1 Team,0 days 00:27:27.943000,2026-03-14 07:12:37.255,1,,False,,False,True
0 days 00:31:17.591000,BEA,87,0 days 00:02:15.892000,6.0,2.0,,,0 days 00:00:42.481000,0 days 00:00:36.085000,0 days 00:00:57.326000,0 days 00:29:44.180000,0 days 00:30:20.265000,0 days 00:31:17.591000,211.0,215.0,274.0,278.0,False,SOFT,3.0,True,Haas F1 Team,0 days 00:29:01.699000,2026-03-14 07:14:11.011,1,,False,,False,True
0 days 00:32:51.278000,BEA,87,0 days 00:01:33.687000,7.0,2.0,,,0 days 00:00:24.538000,0 days 00:00:28.209000,0 days 00:00:40.940000,0 days 00:31:42.129000,0 days 00:32:10.338000,0 days 00:32:51.278000,291.0,273.0,262.0,311.0,True,SOFT,4.0,True,Haas F1 Team,0 days 00:31:17.591000,2026-03-14 07:16:26.903,1,,False,,False,True
0 days 00:34:52.351000,BEA,87,0 days 00:02:01.073000,8.0,2.0,,0 days 00:34:50.532000,0 days 00:00:29.635000,0 days 00:00:32.565000,0 days 00:00:58.873000,0 days 00:33:20.913000,0 days 00:33:53.478000,0 days 00:34:52.351000,230.0,216.0,,213.0,False,SOFT,5.0,True,Haas F1 Team,0 days 00:32:51.278000,2026-03-14 07:18:00.590,1,,False,,False,False
0 days 00:43:26.401000,BEA,87,,9.0,3.0,0 days 00:41:27.551000,,,0 days 00:00:35.010000,0 days 00:00:51.794000,,0 days 00:42:34.888000,0 days 00:43:26.486000,274.0,262.0,276.0,269.0,False,SOFT,1.0,True,Haas F1 Team,0 days 00:34:52.351000,2026-03-14 07:20:01.663,1,,False,,False,False
0 days 00:44:59.598000,BEA,87,0 days 00:01:33.197000,10.0,3.0,,,0 days 00:00:24.348000,0 days 00:00:27.847000,0 days 00:00:41.002000,0 days 00:43:50.749000,0 days 00:44:18.596000,0 days 00:44:59.598000,290.0,265.0,265.0,308.0,True,SOFT,2.0,True,Haas F1 Team,0 days 00:43:26.401000,2026-03-14 07:28:35.713,1,,False,,False,True
0 days 00:46:58.791000,BEA,87,0 days 00:01:59.193000,11.0,3.0,,0 days 00:46:57.041000,0 days 00:00:28.359000,0 days 00:00:32.585000,0 days 00:00:58.249000,0 days 00:45:27.957000,0 days 00:46:00.542000,0 days 00:46:58.791000,284.0,237.0,,199.0,False,SOFT,3.0,True,Haas F1 Team,0 days 00:44:59.598000,2026-03-14 07:30:08.910,1,,False,,False,False
0 days 00:53:12.550000,BEA,87,,12.0,4.0,0 days 00:51:22.418000,,,0 days 00:00:33.295000,0 days 00:00:47.547000,,0 days 00:52:25.069000,0 days 00:53:12.787000,275.0,270.0,276.0,263.0,False,SOFT,1.0,True,Haas F1 Team,0 days 00:46:58.791000,2026-03-14 07:32:08.103,1,,False,,False,False
0 days 00:54:58.124000,BEA,87,0 days 00:01:45.574000,13.0,4.0,,0 days 00:54:55.899000,0 days 00:00:24.234000,0 days 00:00:27.843000,0 days 00:00:53.497000,0 days 00:53:36.784000,0 days 00:54:04.627000,0 days 00:54:58.124000,289.0,270.0,,306.0,False,SOFT,2.0,True,Haas F1 Team,0 days 00:53:12.550000,2026-03-14 07:38:21.862,12,,False,,False,False
0 days 01:04:17.471000,BEA,87,,14.0,5.0,0 days 01:02:27.411000,,,0 days 00:00:32.381000,0 days 00:00:46.997000,,0 days 01:03:30.516000,0 days 01:04:17.471000,274.0,269.0,275.0,263.0,False,SOFT,1.0,True,Haas F1 Team,0 days 00:54:58.124000,2026-03-14 07:40:07.436,12,,False,,False,False
0 days 01:05:51.427000,BEA,87,0 days 00:01:33.956000,15.0,5.0,,,0 days 00:00:24.415000,0 days 00:00:28.610000,0 days 00:00:40.931000,0 days 01:04:41.886000,0 days 01:05:10.496000,0 days 01:05:51.427000,288.0,265.0,264.0,306.0,True,SOFT,2.0,True,Haas F1 Team,0 days 01:04:17.471000,2026-03-14 07:49:26.783,1,,False,,False,True
0 days 01:07:52.550000,BEA,87,0 days 00:02:01.123000,16.0,5.0,,0 days 01:07:50.782000,0 days 00:00:27.426000,0 days 00:00:39.119000,0 days 00:00:54.578000,0 days 01:06:18.853000,0 days 01:06:57.972000,0 days 01:07:52.550000,238.0,277.0,,282.0,False,SOFT,3.0,True,Haas F1 Team,0 days 01:05:51.427000,2026-03-14 07:51:00.739,1,,False,,False,False
0 days 01:13:18.948000,BEA,87,,17.0,6.0,0 days 01:11:27.736000,,,0 days 00:00:32.502000,0 days 00:00:48.166000,,0 days 01:12:30.812000,0 days 01:13:19.230000,278.0,267.0,276.0,261.0,False,SOFT,1.0,True,Haas F1 Team,0 days 01:07:52.550000,2026-03-14 07:53:01.862,1,,False,,False,False
0 days 01:14:52.240000,BEA,87,0 days 00:01:33.292000,18.0,6.0,,,0 days 00:00:24.361000,0 days 00:00:27.891000,0 days 00:00:41.040000,0 days 01:13:43.309000,0 days 01:14:11.200000,0 days 01:14:52.240000,288.0,269.0,257.0,301.0,True,SOFT,2.0,True,Haas F1 Team,0 days 01:13:18.948000,2026-03-14 07:58:28.260,1,,False,,False,True
0 days 01:17:09.432000,BEA,87,0 days 00:02:17.192000,19.0,6.0,,0 days 01:17:04.403000,0 days 00:00:31.026000,0 days 00:00:34.974000,0 days 00:01:11.192000,0 days 01:15:23.266000,0 days 01:15:58.240000,0 days 01:17:09.432000,185.0,198.0,,192.0,False,SOFT,3.0,True,Haas F1 Team,0 days 01:14:52.240000,2026-03-14 08:00:01.552,1,,False,,False,False
0 days 00:17:11.819000,HUL,27,,1.0,1.0,0 days 00:15:17.372000,0 days 00:17:10.061000,,0 days 00:00:32.376000,0 days 00:00:53.141000,,0 days 00:16:18.690000,0 days 00:17:11.936000,258.0,269.0,,283.0,False,MEDIUM,9.0,False,Audi,0 days 00:15:17.372000,2026-03-14 07:00:26.684,1,,False,,False,False
0 days 00:19:25.091000,HUL,27,0 days 00:02:13.272000,2.0,2.0,0 days 00:17:35.711000,,0 days 00:00:49.500000,0 days 00:00:30.640000,0 days 00:00:53.132000,0 days 00:18:01.319000,0 days 00:18:31.959000,0 days 00:19:25.091000,274.0,257.0,277.0,161.0,False,SOFT,1.0,True,Audi,0 days 00:17:11.819000,2026-03-14 07:02:21.131,1,,False,,False,False
0 days 00:20:59.207000,HUL,27,0 days 00:01:34.116000,3.0,2.0,,,0 days 00:00:24.876000,0 days 00:00:28.201000,0 days 00:00:41.039000,0 days 00:19:49.967000,0 days 00:20:18.168000,0 days 00:20:59.207000,287.0,284.0,266.0,315.0,True,SOFT,2.0,True,Audi,0 days 00:19:25.091000,2026-03-14 07:04:34.403,1,,False,,False,True
0 days 00:23:09.884000,HUL,27,0 days 00:02:10.677000,4.0,2.0,,,0 days 00:00:33.730000,0 days 00:00:40.930000,0 days 00:00:56.017000,0 days 00:21:32.937000,0 days 00:22:13.867000,0 days 00:23:09.884000,168.0,219.0,274.0,279.0,False,SOFT,3.0,True,Audi,0 days 00:20:59.207000,2026-03-14 07:06:08.519,1,,False,,False,True
0 days 00:24:44.042000,HUL,27,0 days 00:01:34.158000,5.0,2.0,,,0 days 00:00:24.860000,0 days 00:00:28.365000,0 days 00:00:40.933000,0 days 00:23:34.744000,0 days 00:24:03.109000,0 days 00:24:44.042000,286.0,285.0,269.0,313.0,False,SOFT,4.0,True,Audi,0 days 00:23:09.884000,2026-03-14 07:08:19.196,1,,False,,False,True
0 days 00:26:39.403000,HUL,27,0 days 00:01:55.361000,6.0,2.0,,0 days 00:26:37.458000,0 days 00:00:30.532000,0 days 00:00:33.407000,0 days 00:00:51.422000,0 days 00:25:14.574000,0 days 00:25:47.981000,0 days 00:26:39.403000,269.0,258.0,,280.0,False,SOFT,5.0,True,Audi,0 days 00:24:44.042000,2026-03-14 07:09:53.354,1,,False,,False,False
0 days 00:43:01.876000,HUL,27,,7.0,3.0,0 days 00:41:21.226000,,,0 days 00:00:30.204000,0 days 00:00:45.786000,,0 days 00:42:16.241000,0 days 00:43:01.917000,272.0,256.0,276.0,253.0,False,SOFT,1.0,True,Audi,0 days 00:26:39.403000,2026-03-14 07:11:48.715,1,,False,,False,False
0 days 00:44:35.244000,HUL,27,0 days 00:01:33.368000,8.0,3.0,,,0 days 00:00:24.558000,0 days 00:00:28.067000,0 days 00:00:40.743000,0 days 00:43:26.434000,0 days 00:43:54.501000,0 days 00:44:35.244000,285.0,281.0,271.0,313.0,True,SOFT,2.0,True,Audi,0 days 00:43:01.876000,2026-03-14 07:28:11.188,1,,False,,False,True
0 days 00:46:29.791000,HUL,27,0 days 00:01:54.547000,9.0,3.0,,0 days 00:46:27.828000,0 days 00:00:28.759000,0 days 00:00:32.776000,0 days 00:00:53.012000,0 days 00:45:04.003000,0 days 00:45:36.779000,0 days 00:46:29.791000,252.0,266.0,,282.0,False,SOFT,3.0,True,Audi,0 days 00:44:35.244000,2026-03-14 07:29:44.556,1,,False,,False,False
0 days 00:51:56.779000,HUL,27,,10.0,4.0,0 days 00:50:11.923000,,,0 days 00:00:34.087000,0 days 00:00:45.999000,,0 days 00:51:10.825000,0 days 00:51:57.018000,243.0,257.0,277.0,260.0,False,SOFT,1.0,True,Audi,0 days 00:46:29.791000,2026-03-14 07:31:39.103,1,,False,,False,False
0 days 00:53:30.133000,HUL,27,0 days 00:01:33.354000,11.0,4.0,,,0 days 00:00:24.592000,0 days 00:00:27.937000,0 days 00:00:40.825000,0 days 00:52:21.371000,0 days 00:52:49.308000,0 days 00:53:30.133000,286.0,283.0,271.0,310.0,True,SOFT,2.0,True,Audi,0 days 00:51:56.779000,2026-03-14 07:37:06.091,1,,False,,False,True
0 days 00:55:31.735000,HUL,27,0 days 00:02:01.602000,12.0,4.0,,0 days 00:55:29.753000,0 days 00:00:32.607000,0 days 00:00:36.031000,0 days 00:00:52.964000,0 days 00:54:02.740000,0 days 00:54:38.771000,0 days 00:55:31.735000,220.0,251.0,,289.0,False,SOFT,3.0,True,Audi,0 days 00:53:30.133000,2026-03-14 07:38:39.445,12,,False,,False,False
0 days 00:16:53.528000,COL,43,,1.0,1.0,0 days 00:14:54.726000,,,0 days 00:00:32.772000,0 days 00:00:50.409000,,0 days 00:16:03.175000,0 days 00:16:53.779000,224.0,240.0,273.0,242.0,False,SOFT,1.0,True,Alpine,0 days 00:14:54.726000,2026-03-14 07:00:04.038,1,,False,,False,False
0 days 00:18:29.501000,COL,43,0 days 00:01:35.973000,2.0,1.0,,,0 days 00:00:25.029000,0 days 00:00:29.014000,0 days 00:00:41.930000,0 days 00:17:18.557000,0 days 00:17:47.571000,0 days 00:18:29.501000,285.0,275.0,251.0,313.0,True,SOFT,2.0,True,Alpine,0 days 00:16:53.528000,2026-03-14 07:02:02.840,1,,False,,False,True
0 days 00:20:21.041000,COL,43,0 days 00:01:51.540000,3.0,1.0,,0 days 00:20:19.260000,0 days 00:00:28.513000,0 days 00:00:33.878000,0 days 00:00:49.149000,0 days 00:18:58.014000,0 days 00:19:31.892000,0 days 00:20:21.041000,251.0,272.0,,289.0,False,SOFT,3.0,True,Alpine,0 days 00:18:29.501000,2026-03-14 07:03:38.813,1,,False,,False,False
0 days 00:22:40.425000,COL,43,0 days 00:02:19.384000,4.0,2.0,0 days 00:20:49.592000,,0 days 00:00:57.664000,0 days 00:00:33.697000,0 days 00:00:48.023000,0 days 00:21:18.705000,0 days 00:21:52.402000,0 days 00:22:40.425000,239.0,227.0,279.0,247.0,False,SOFT,1.0,True,Alpine,0 days 00:20:21.041000,2026-03-14 07:05:30.353,1,,False,,False,False
0 days 00:24:14.813000,COL,43,0 days 00:01:34.388000,5.0,2.0,,,0 days 00:00:24.577000,0 days 00:00:28.278000,0 days 00:00:41.533000,0 days 00:23:05.002000,0 days 00:23:33.280000,0 days 00:24:14.813000,285.0,274.0,249.0,309.0,True,SOFT,2.0,True,Alpine,0 days 00:22:40.425000,2026-03-14 07:07:49.737,1,,False,,False,True
0 days 00:26:06.007000,COL,43,0 days 00:01:51.194000,6.0,2.0,,0 days 00:26:03.424000,0 days 00:00:28.271000,0 days 00:00:32.191000,0 days 00:00:50.732000,0 days 00:24:43.084000,0 days 00:25:15.275000,0 days 00:26:06.007000,253.0,262.0,,286.0,False,SOFT,3.0,True,Alpine,0 days 00:24:14.813000,2026-03-14 07:09:24.125,1,,False,,False,False
0 days 00:31:48.866000,COL,43,,7.0,3.0,0 days 00:29:41.012000,,,0 days 00:00:31.001000,0 days 00:01:00.802000,,0 days 00:30:48.116000,0 days 00:31:49.041000,218.0,253.0,276.0,96.0,False,SOFT,1.0,True,Alpine,0 days 00:26:06.007000,2026-03-14 07:11:15.319,1,,False,,False,False
0 days 00:33:22.500000,COL,43,0 days 00:01:33.634000,8.0,3.0,,,0 days 00:00:24.439000,0 days 00:00:28.248000,0 days 00:00:40.947000,0 days 00:32:13.305000,0 days 00:32:41.553000,0 days 00:33:22.500000,288.0,276.0,251.0,320.0,True,SOFT,2.0,True,Alpine,0 days 00:31:48.866000,2026-03-14 07:16:58.178,1,,False,,False,True
0 days 00:35:19.670000,COL,43,0 days 00:01:57.170000,9.0,3.0,,0 days 00:35:17.878000,0 days 00:00:29.565000,0 days 00:00:32.663000,0 days 00:00:54.942000,0 days 00:33:52.065000,0 days 00:34:24.728000,0 days 00:35:19.670000,251.0,268.0,,227.0,False,SOFT,3.0,True,Alpine,0 days 00:33:22.500000,2026-03-14 07:18:31.812,1,,False,,False,False
0 days 00:44:56.045000,COL,43,,10.0,4.0,0 days 00:42:57.447000,,,0 days 00:00:31.754000,0 days 00:00:48.156000,,0 days 00:44:08.157000,0 days 00:44:56.065000,224.0,252.0,279.0,246.0,False,SOFT,1.0,True,Alpine,0 days 00:35:19.670000,2026-03-14 07:20:28.982,1,,False,,False,False
0 days 00:46:29.661000,COL,43,0 days 00:01:33.616000,11.0,4.0,,,0 days 00:00:24.413000,0 days 00:00:28.127000,0 days 00:00:41.076000,0 days 00:45:20.458000,0 days 00:45:48.585000,0 days 00:46:29.661000,285.0,276.0,253.0,314.0,True,SOFT,2.0,True,Alpine,0 days 00:44:56.045000,2026-03-14 07:30:05.357,1,,False,,False,True
0 days 00:48:25.162000,COL,43,0 days 00:01:55.501000,12.0,4.0,,0 days 00:48:23.321000,0 days 00:00:27.803000,0 days 00:00:34.073000,0 days 00:00:53.625000,0 days 00:46:57.464000,0 days 00:47:31.537000,0 days 00:48:25.162000,244.0,257.0,,234.0,False,SOFT,3.0,True,Alpine,0 days 00:46:29.661000,2026-03-14 07:31:38.973,1,,False,,False,False
0 days 00:53:41.862000,COL,43,,13.0,5.0,0 days 00:51:43.006000,,,0 days 00:00:33.039000,0 days 00:00:49.317000,,0 days 00:52:52.643000,0 days 00:53:42.172000,117.0,256.0,280.0,263.0,False,SOFT,1.0,True,Alpine,0 days 00:48:25.162000,2026-03-14 07:33:34.474,1,,False,,False,False
0 days 00:55:15.219000,COL,43,0 days 00:01:33.357000,14.0,5.0,,,0 days 00:00:24.254000,0 days 00:00:28.078000,0 days 00:00:41.025000,0 days 00:54:06.116000,0 days 00:54:34.194000,0 days 00:55:15.219000,286.0,275.0,250.0,317.0,True,SOFT,2.0,True,Alpine,0 days 00:53:41.862000,2026-03-14 07:38:51.174,12,,False,,False,True
0 days 00:57:10.567000,COL,43,0 days 00:01:55.348000,15.0,5.0,,0 days 00:57:08.764000,0 days 00:00:29.194000,0 days 00:00:31.579000,0 days 00:00:54.575000,0 days 00:55:44.413000,0 days 00:56:15.992000,0 days 00:57:10.567000,220.0,263.0,,242.0,False,SOFT,3.0,True,Alpine,0 days 00:55:15.219000,2026-03-14 07:40:24.531,1,,False,,False,False
0 days 00:18:42.587000,OCO,31,,1.0,1.0,0 days 00:16:43.186000,,,0 days 00:00:33.461000,0 days 00:00:51.853000,,0 days 00:17:50.870000,0 days 00:18:42.832000,209.0,275.0,275.0,251.0,False,SOFT,8.0,False,Haas F1 Team,0 days 00:16:43.186000,2026-03-14 07:01:52.498,1,,False,,False,False
0 days 00:20:17.491000,OCO,31,0 days 00:01:34.904000,2.0,1.0,,,0 days 00:00:24.622000,0 days 00:00:28.940000,0 days 00:00:41.342000,0 days 00:19:07.209000,0 days 00:19:36.149000,0 days 00:20:17.491000,297.0,278.0,266.0,310.0,True,SOFT,9.0,False,Haas F1 Team,0 days 00:18:42.587000,2026-03-14 07:03:51.899,1,,False,,False,True
0 days 00:22:11.496000,OCO,31,0 days 00:01:54.005000,3.0,1.0,,0 days 00:22:09.679000,0 days 00:00:27.990000,0 days 00:00:32.608000,0 days 00:00:53.407000,0 days 00:20:45.481000,0 days 00:21:18.089000,0 days 00:22:11.496000,239.0,276.0,,278.0,False,SOFT,10.0,False,Haas F1 Team,0 days 00:20:17.491000,2026-03-14 07:05:26.803,1,,False,,False,False
0 days 00:27:22.466000,OCO,31,,4.0,2.0,0 days 00:25:32.353000,,,0 days 00:00:32.443000,0 days 00:00:48.403000,,0 days 00:26:34.208000,0 days 00:27:22.763000,271.0,273.0,275.0,254.0,False,SOFT,1.0,True,Haas F1 Team,0 days 00:22:11.496000,2026-03-14 07:07:20.808,1,,False,,False,False
0 days 00:28:56.534000,OCO,31,0 days 00:01:34.068000,5.0,2.0,,,0 days 00:00:24.522000,0 days 00:00:28.275000,0 days 00:00:41.271000,0 days 00:27:46.988000,0 days 00:28:15.263000,0 days 00:28:56.534000,288.0,271.0,258.0,307.0,True,SOFT,2.0,True,Haas F1 Team,0 days 00:27:22.466000,2026-03-14 07:12:31.778,1,,False,,False,True
0 days 00:31:07.084000,OCO,31,0 days 00:02:10.550000,6.0,2.0,,,0 days 00:00:32.414000,0 days 00:00:37.761000,0 days 00:01:00.375000,0 days 00:29:28.948000,0 days 00:30:06.709000,0 days 00:31:07.084000,212.0,182.0,274.0,275.0,False,SOFT,3.0,True,Haas F1 Team,0 days 00:28:56.534000,2026-03-14 07:14:05.846,1,,False,,False,True
0 days 00:32:41.058000,OCO,31,0 days 00:01:33.974000,7.0,2.0,,,0 days 00:00:24.615000,0 days 00:00:28.331000,0 days 00:00:41.028000,0 days 00:31:31.699000,0 days 00:32:00.030000,0 days 00:32:41.058000,290.0,272.0,263.0,309.0,True,SOFT,4.0,True,Haas F1 Team,0 days 00:31:07.084000,2026-03-14 07:16:16.396,1,,False,,False,True
0 days 00:34:45.401000,OCO,31,0 days 00:02:04.343000,8.0,2.0,,0 days 00:34:43.625000,0 days 00:00:28.533000,0 days 00:00:34.942000,0 days 00:01:00.868000,0 days 00:33:09.591000,0 days 00:33:44.533000,0 days 00:34:45.401000,218.0,199.0,,204.0,False,SOFT,5.0,True,Haas F1 Team,0 days 00:32:41.058000,2026-03-14 07:17:50.370,1,,False,,False,False
0 days 00:43:21.497000,OCO,31,,9.0,3.0,0 days 00:41:24.307000,,,0 days 00:00:37.182000,0 days 00:00:50.717000,,0 days 00:42:30.865000,0 days 00:43:21.497000,276.0,112.0,277.0,259.0,False,SOFT,1.0,True,Haas F1 Team,0 days 00:34:45.401000,2026-03-14 07:19:54.713,1,,False,,False,False
0 days 00:44:55.035000,OCO,31,0 days 00:01:33.538000,10.0,3.0,,,0 days 00:00:24.344000,0 days 00:00:28.064000,0 days 00:00:41.130000,0 days 00:43:45.841000,0 days 00:44:13.905000,0 days 00:44:55.035000,286.0,266.0,258.0,308.0,True,SOFT,2.0,True,Haas F1 Team,0 days 00:43:21.497000,2026-03-14 07:28:30.809,1,,False,,False,True
0 days 00:46:57.317000,OCO,31,0 days 00:02:02.282000,11.0,3.0,,0 days 00:46:54.760000,0 days 00:00:29.746000,0 days 00:00:34.486000,0 days 00:00:58.050000,0 days 00:45:24.781000,0 days 00:45:59.267000,0 days 00:46:57.317000,230.0,215.0,,220.0,False,SOFT,3.0,True,Haas F1 Team,0 days 00:44:55.035000,2026-03-14 07:30:04.347,1,,False,,False,False
0 days 00:53:03.487000,OCO,31,,12.0,4.0,0 days 00:51:11.856000,,,0 days 00:00:33.246000,0 days 00:00:49.730000,,0 days 00:52:13.827000,0 days 00:53:03.733000,281.0,228.0,277.0,251.0,False,SOFT,1.0,True,Haas F1 Team,0 days 00:46:57.317000,2026-03-14 07:32:06.629,1,,False,,False,False
0 days 00:54:40.635000,OCO,31,0 days 00:01:37.148000,13.0,4.0,,,0 days 00:00:24.335000,0 days 00:00:28.041000,0 days 00:00:44.772000,0 days 00:53:27.822000,0 days 00:53:55.863000,0 days 00:54:40.635000,287.0,272.0,134.0,306.0,False,SOFT,2.0,True,Haas F1 Team,0 days 00:53:03.487000,2026-03-14 07:38:12.799,12,,True,DOUBLE YELLOW AT TURN 16,False,True
0 days 00:56:48.698000,OCO,31,0 days 00:02:08.063000,14.0,4.0,,0 days 00:56:46.169000,0 days 00:00:32.949000,0 days 00:00:35.403000,0 days 00:00:59.711000,0 days 00:55:13.584000,0 days 00:55:48.987000,0 days 00:56:48.698000,211.0,192.0,,223.0,False,SOFT,3.0,True,Haas F1 Team,0 days 00:54:40.635000,2026-03-14 07:39:49.947,1,,False,,False,False
0 days 00:17:52.430000,LAW,30,,1.0,1.0,0 days 00:15:57.028000,,,0 days 00:00:32.219000,0 days 00:00:49.617000,,0 days 00:17:02.875000,0 days 00:17:52.636000,239.0,250.0,266.0,250.0,False,SOFT,1.0,True,Racing Bulls,0 days 00:15:57.028000,2026-03-14 07:01:06.340,1,,False,,False,False
0 days 00:19:27.161000,LAW,30,0 days 00:01:34.731000,2.0,1.0,,,0 days 00:00:24.857000,0 days 00:00:28.518000,0 days 00:00:41.356000,0 days 00:18:17.287000,0 days 00:18:45.805000,0 days 00:19:27.161000,292.0,287.0,267.0,316.0,True,SOFT,2.0,True,Racing Bulls,0 days 00:17:52.430000,2026-03-14 07:03:01.742,1,,False,,False,True
0 days 00:21:24.113000,LAW,30,0 days 00:01:56.952000,3.0,1.0,,0 days 00:21:22.361000,0 days 00:00:28.690000,0 days 00:00:32.581000,0 days 00:00:55.681000,0 days 00:19:55.851000,0 days 00:20:28.432000,0 days 00:21:24.113000,233.0,235.0,,261.0,False,SOFT,3.0,True,Racing Bulls,0 days 00:19:27.161000,2026-03-14 07:04:36.473,1,,False,,False,False
0 days 00:25:31.201000,LAW,30,,4.0,2.0,0 days 00:23:43.571000,,,0 days 00:00:32.118000,0 days 00:00:47.482000,,0 days 00:24:43.853000,0 days 00:25:31.431000,248.0,254.0,278.0,254.0,False,SOFT,1.0,True,Racing Bulls,0 days 00:21:24.113000,2026-03-14 07:06:33.425,1,,False,,False,False
0 days 00:27:05.410000,LAW,30,0 days 00:01:34.209000,5.0,2.0,,,0 days 00:00:24.644000,0 days 00:00:28.495000,0 days 00:00:41.070000,0 days 00:25:55.845000,0 days 00:26:24.340000,0 days 00:27:05.410000,291.0,289.0,260.0,319.0,True,SOFT,2.0,True,Racing Bulls,0 days 00:25:31.201000,2026-03-14 07:10:40.513,1,,False,,False,True
0 days 00:28:58.286000,LAW,30,0 days 00:01:52.876000,6.0,2.0,,,0 days 00:00:27.885000,0 days 00:00:33.806000,0 days 00:00:51.185000,0 days 00:27:33.295000,0 days 00:28:07.101000,0 days 00:28:58.286000,238.0,244.0,241.0,259.0,False,SOFT,3.0,True,Racing Bulls,0 days 00:27:05.410000,2026-03-14 07:12:14.722,1,,False,,False,True
0 days 00:30:49.667000,LAW,30,0 days 00:01:51.381000,7.0,2.0,,,0 days 00:00:29.079000,0 days 00:00:33.118000,0 days 00:00:49.184000,0 days 00:29:27.365000,0 days 00:30:00.483000,0 days 00:30:49.667000,235.0,251.0,278.0,259.0,False,SOFT,4.0,True,Racing Bulls,0 days 00:28:58.286000,2026-03-14 07:14:07.598,1,,False,,False,True
0 days 00:32:23.806000,LAW,30,0 days 00:01:34.139000,8.0,2.0,,,0 days 00:00:24.588000,0 days 00:00:28.640000,0 days 00:00:40.911000,0 days 00:31:14.255000,0 days 00:31:42.895000,0 days 00:32:23.806000,291.0,288.0,262.0,313.0,True,SOFT,5.0,True,Racing Bulls,0 days 00:30:49.667000,2026-03-14 07:15:58.979,1,,False,,False,True
0 days 00:34:21.285000,LAW,30,0 days 00:01:57.479000,9.0,2.0,,0 days 00:34:19.587000,0 days 00:00:28.286000,0 days 00:00:33.077000,0 days 00:00:56.116000,0 days 00:32:52.092000,0 days 00:33:25.169000,0 days 00:34:21.285000,228.0,237.0,,243.0,False,SOFT,6.0,True,Racing Bulls,0 days 00:32:23.806000,2026-03-14 07:17:33.118,1,,False,,False,False
0 days 00:45:17.261000,LAW,30,,10.0,3.0,0 days 00:43:26.742000,,,0 days 00:00:33.417000,0 days 00:00:48.024000,,0 days 00:44:29.336000,0 days 00:45:17.519000,259.0,251.0,276.0,267.0,False,SOFT,4.0,False,Racing Bulls,0 days 00:34:21.285000,2026-03-14 07:19:30.597,1,,False,,False,False
0 days 00:46:51.026000,LAW,30,0 days 00:01:33.765000,11.0,3.0,,,0 days 00:00:24.634000,0 days 00:00:28.157000,0 days 00:00:40.974000,0 days 00:45:41.895000,0 days 00:46:10.052000,0 days 00:46:51.026000,291.0,290.0,262.0,311.0,True,SOFT,5.0,False,Racing Bulls,0 days 00:45:17.261000,2026-03-14 07:30:26.573,1,,False,,False,True
0 days 00:48:45.506000,LAW,30,0 days 00:01:54.480000,12.0,3.0,,0 days 00:48:43.758000,0 days 00:00:28.221000,0 days 00:00:32.698000,0 days 00:00:53.561000,0 days 00:47:19.247000,0 days 00:47:51.945000,0 days 00:48:45.506000,240.0,236.0,,259.0,False,SOFT,6.0,False,Racing Bulls,0 days 00:46:51.026000,2026-03-14 07:32:00.338,1,,False,,False,False
0 days 00:52:56.516000,LAW,30,,13.0,4.0,0 days 00:51:04.247000,,,0 days 00:00:33.907000,0 days 00:00:49.420000,,0 days 00:52:07.227000,0 days 00:52:56.809000,250.0,254.0,277.0,257.0,False,SOFT,1.0,True,Racing Bulls,0 days 00:48:45.506000,2026-03-14 07:33:54.818,1,,False,,False,False
0 days 00:54:32.753000,LAW,30,0 days 00:01:36.237000,14.0,4.0,,,0 days 00:00:24.339000,0 days 00:00:28.117000,0 days 00:00:43.781000,0 days 00:53:20.855000,0 days 00:53:48.972000,0 days 00:54:32.753000,291.0,290.0,202.0,311.0,False,SOFT,2.0,True,Racing Bulls,0 days 00:52:56.516000,2026-03-14 07:38:05.828,12,,True,DOUBLE YELLOW AT TURN 16,False,True
0 days 00:56:42.310000,LAW,30,0 days 00:02:09.557000,15.0,4.0,,0 days 00:56:40.273000,0 days 00:00:31.770000,0 days 00:00:33.930000,0 days 00:01:03.857000,0 days 00:55:04.523000,0 days 00:55:38.453000,0 days 00:56:42.310000,191.0,241.0,,154.0,False,SOFT,3.0,True,Racing Bulls,0 days 00:54:32.753000,2026-03-14 07:39:42.065,21,,False,,False,False
0 days 00:17:25.595000,LIN,41,,1.0,1.0,0 days 00:15:32.468000,,,0 days 00:00:33.332000,0 days 00:00:48.161000,,0 days 00:16:37.467000,0 days 00:17:25.758000,236.0,241.0,274.0,246.0,False,SOFT,1.0,True,Racing Bulls,0 days 00:15:32.468000,2026-03-14 07:00:41.780,1,,False,,False,False
0 days 00:19:19.780000,LIN,41,0 days 00:01:54.185000,2.0,1.0,,,0 days 00:00:25.115000,0 days 00:00:39.885000,0 days 00:00:49.185000,0 days 00:17:50.710000,0 days 00:18:30.595000,0 days 00:19:19.780000,288.0,252.0,276.0,274.0,True,SOFT,2.0,True,Racing Bulls,0 days 00:17:25.595000,2026-03-14 07:02:34.907,1,,False,,False,True
0 days 00:20:54.815000,LIN,41,0 days 00:01:35.035000,3.0,1.0,,,0 days 00:00:24.862000,0 days 00:00:28.739000,0 days 00:00:41.434000,0 days 00:19:44.642000,0 days 00:20:13.381000,0 days 00:20:54.815000,289.0,285.0,263.0,317.0,True,SOFT,3.0,True,Racing Bulls,0 days 00:19:19.780000,2026-03-14 07:04:29.092,1,,False,,False,True
0 days 00:22:54.825000,LIN,41,0 days 00:02:00.010000,4.0,1.0,,,0 days 00:00:35.054000,0 days 00:00:35.808000,0 days 00:00:49.148000,0 days 00:21:29.869000,0 days 00:22:05.677000,0 days 00:22:54.825000,237.0,251.0,278.0,283.0,False,SOFT,4.0,True,Racing Bulls,0 days 00:20:54.815000,2026-03-14 07:06:04.127,1,,False,,False,True
0 days 00:24:30.786000,LIN,41,0 days 00:01:35.961000,5.0,1.0,,,0 days 00:00:24.732000,0 days 00:00:28.689000,0 days 00:00:42.540000,0 days 00:23:19.557000,0 days 00:23:48.246000,0 days 00:24:30.786000,289.0,288.0,259.0,309.0,False,SOFT,5.0,True,Racing Bulls,0 days 00:22:54.825000,2026-03-14 07:08:04.137,1,,False,,False,True
0 days 00:26:30.832000,LIN,41,0 days 00:02:00.046000,6.0,1.0,,0 days 00:26:29.005000,0 days 00:00:30.584000,0 days 00:00:34.117000,0 days 00:00:55.345000,0 days 00:25:01.370000,0 days 00:25:35.487000,0 days 00:26:30.832000,239.0,236.0,,243.0,False,SOFT,6.0,True,Racing Bulls,0 days 00:24:30.786000,2026-03-14 07:09:40.098,1,,False,,False,False
0 days 00:31:31.570000,LIN,41,,7.0,2.0,0 days 00:29:13.388000,,,0 days 00:00:33.847000,0 days 00:00:59.125000,,0 days 00:30:32.491000,0 days 00:31:31.728000,247.0,258.0,278.0,243.0,False,SOFT,1.0,True,Racing Bulls,0 days 00:26:30.832000,2026-03-14 07:11:40.144,1,,False,,False,False
0 days 00:33:05.476000,LIN,41,0 days 00:01:33.906000,8.0,2.0,,,0 days 00:00:24.542000,0 days 00:00:28.461000,0 days 00:00:40.903000,0 days 00:31:56.112000,0 days 00:32:24.573000,0 days 00:33:05.476000,291.0,288.0,258.0,316.0,True,SOFT,2.0,True,Racing Bulls,0 days 00:31:31.570000,2026-03-14 07:16:40.882,1,,False,,False,True
0 days 00:35:06.097000,LIN,41,0 days 00:02:00.621000,9.0,2.0,,0 days 00:35:04.160000,0 days 00:00:31.481000,0 days 00:00:33.688000,0 days 00:00:55.452000,0 days 00:33:36.957000,0 days 00:34:10.645000,0 days 00:35:06.097000,240.0,251.0,,253.0,False,SOFT,3.0,True,Racing Bulls,0 days 00:33:05.476000,2026-03-14 07:18:14.788,1,,False,,False,False
0 days 00:44:10.074000,LIN,41,,10.0,3.0,0 days 00:42:11.599000,,,0 days 00:00:37.596000,0 days 00:00:49.405000,,0 days 00:43:20.861000,0 days 00:44:10.182000,232.0,253.0,278.0,252.0,False,SOFT,1.0,True,Racing Bulls,0 days 00:35:06.097000,2026-03-14 07:20:15.409,1,,False,,False,False
0 days 00:45:43.858000,LIN,41,0 days 00:01:33.784000,11.0,3.0,,,0 days 00:00:24.492000,0 days 00:00:28.254000,0 days 00:00:41.038000,0 days 00:44:34.566000,0 days 00:45:02.820000,0 days 00:45:43.858000,290.0,287.0,261.0,312.0,True,SOFT,2.0,True,Racing Bulls,0 days 00:44:10.074000,2026-03-14 07:29:19.386,1,,False,,False,True
0 days 00:47:39.546000,LIN,41,0 days 00:01:55.688000,12.0,3.0,,0 days 00:47:37.807000,0 days 00:00:29.225000,0 days 00:00:33.041000,0 days 00:00:53.422000,0 days 00:46:13.083000,0 days 00:46:46.124000,0 days 00:47:39.546000,243.0,247.0,,280.0,False,SOFT,3.0,True,Racing Bulls,0 days 00:45:43.858000,2026-03-14 07:30:53.170,1,,False,,False,False
0 days 00:52:48.257000,LIN,41,,13.0,4.0,0 days 00:50:56.998000,,,0 days 00:00:34.038000,0 days 00:00:47.693000,,0 days 00:52:00.564000,0 days 00:52:48.485000,250.0,253.0,279.0,252.0,False,SOFT,1.0,True,Racing Bulls,0 days 00:47:39.546000,2026-03-14 07:32:48.858,1,,False,,False,False
0 days 00:54:26.845000,LIN,41,0 days 00:01:38.588000,14.0,4.0,,,0 days 00:00:24.319000,0 days 00:00:28.181000,0 days 00:00:46.088000,0 days 00:53:12.576000,0 days 00:53:40.757000,0 days 00:54:26.845000,291.0,284.0,140.0,312.0,False,SOFT,2.0,True,Racing Bulls,0 days 00:52:48.257000,2026-03-14 07:37:57.569,12,,True,DOUBLE YELLOW AT TURN 16,False,True
0 days 00:56:33.138000,LIN,41,0 days 00:02:06.293000,15.0,4.0,,0 days 00:56:31.253000,0 days 00:00:35.905000,0 days 00:00:34.356000,0 days 00:00:56.032000,0 days 00:55:02.750000,0 days 00:55:37.106000,0 days 00:56:33.138000,201.0,251.0,,260.0,False,SOFT,3.0,True,Racing Bulls,0 days 00:54:26.845000,2026-03-14 07:39:36.157,21,,False,,False,False
0 days 00:17:24.143000,BOR,5,,1.0,1.0,0 days 00:15:24.721000,0 days 00:17:21.295000,,0 days 00:00:32.529000,0 days 00:00:58.035000,,0 days 00:16:26.201000,0 days 00:17:24.336000,250.0,261.0,,272.0,False,SOFT,7.0,False,Audi,0 days 00:15:24.721000,2026-03-14 07:00:34.033,1,,False,,False,False
0 days 00:19:41.569000,BOR,5,0 days 00:02:17.426000,2.0,2.0,0 days 00:17:49.182000,,0 days 00:00:58.282000,0 days 00:00:32.117000,0 days 00:00:47.027000,0 days 00:18:22.425000,0 days 00:18:54.542000,0 days 00:19:41.569000,267.0,197.0,275.0,250.0,False,SOFT,1.0,True,Audi,0 days 00:17:24.143000,2026-03-14 07:02:33.455,1,,False,,False,False
0 days 00:21:15.918000,BOR,5,0 days 00:01:34.349000,3.0,2.0,,,0 days 00:00:24.682000,0 days 00:00:28.367000,0 days 00:00:41.300000,0 days 00:20:06.251000,0 days 00:20:34.618000,0 days 00:21:15.918000,282.0,286.0,260.0,315.0,True,SOFT,2.0,True,Audi,0 days 00:19:41.569000,2026-03-14 07:04:50.881,1,,False,,False,True
0 days 00:23:27.835000,BOR,5,0 days 00:02:11.917000,4.0,2.0,,,0 days 00:00:35.106000,0 days 00:00:35.703000,0 days 00:01:01.108000,0 days 00:21:51.024000,0 days 00:22:26.727000,0 days 00:23:27.835000,167.0,230.0,266.0,248.0,False,SOFT,3.0,True,Audi,0 days 00:21:15.918000,2026-03-14 07:06:25.230,1,,False,,False,True
0 days 00:25:02.319000,BOR,5,0 days 00:01:34.484000,5.0,2.0,,,0 days 00:00:24.759000,0 days 00:00:28.231000,0 days 00:00:41.494000,0 days 00:23:52.594000,0 days 00:24:20.825000,0 days 00:25:02.319000,281.0,286.0,260.0,317.0,False,SOFT,4.0,True,Audi,0 days 00:23:27.835000,2026-03-14 07:08:37.147,1,,False,,False,True
0 days 00:27:05.735000,BOR,5,0 days 00:02:03.416000,6.0,2.0,,0 days 00:27:03.809000,0 days 00:00:29.724000,0 days 00:00:35.948000,0 days 00:00:57.744000,0 days 00:25:32.043000,0 days 00:26:07.991000,0 days 00:27:05.735000,256.0,220.0,,287.0,False,SOFT,5.0,True,Audi,0 days 00:25:02.319000,2026-03-14 07:10:11.631,1,,False,,False,False
0 days 00:31:54.578000,BOR,5,,7.0,3.0,0 days 00:29:50.193000,,,0 days 00:00:31.159000,0 days 00:01:00.220000,,0 days 00:30:54.475000,0 days 00:31:54.759000,273.0,257.0,276.0,107.0,False,SOFT,1.0,True,Audi,0 days 00:27:05.735000,2026-03-14 07:12:15.047,1,,False,,False,False
0 days 00:33:28.127000,BOR,5,0 days 00:01:33.549000,8.0,3.0,,,0 days 00:00:24.539000,0 days 00:00:28.214000,0 days 00:00:40.796000,0 days 00:32:19.117000,0 days 00:32:47.331000,0 days 00:33:28.127000,282.0,284.0,260.0,316.0,True,SOFT,2.0,True,Audi,0 days 00:31:54.578000,2026-03-14 07:17:03.890,1,,False,,False,True
0 days 00:35:34.536000,BOR,5,0 days 00:02:06.409000,9.0,3.0,,0 days 00:35:32.550000,0 days 00:00:31.805000,0 days 00:00:36.784000,0 days 00:00:57.820000,0 days 00:33:59.932000,0 days 00:34:36.716000,0 days 00:35:34.536000,198.0,222.0,,214.0,False,SOFT,3.0,True,Audi,0 days 00:33:28.127000,2026-03-14 07:18:37.439,1,,False,,False,False
0 days 00:43:52.581000,BOR,5,,10.0,4.0,0 days 00:42:04.730000,,,0 days 00:00:35.107000,0 days 00:00:46.815000,,0 days 00:43:05.858000,0 days 00:43:52.664000,261.0,247.0,276.0,250.0,False,SOFT,1.0,True,Audi,0 days 00:35:34.536000,2026-03-14 07:20:43.848,1,,False,,False,False
0 days 00:45:26.546000,BOR,5,0 days 00:01:33.965000,11.0,4.0,,,0 days 00:00:24.607000,0 days 00:00:28.272000,0 days 00:00:41.086000,0 days 00:44:17.188000,0 days 00:44:45.460000,0 days 00:45:26.546000,282.0,286.0,264.0,316.0,True,SOFT,2.0,True,Audi,0 days 00:43:52.581000,2026-03-14 07:29:01.893,1,,False,,False,True
0 days 00:47:22.421000,BOR,5,0 days 00:01:55.875000,12.0,4.0,,0 days 00:47:20.517000,0 days 00:00:29.579000,0 days 00:00:33.307000,0 days 00:00:52.989000,0 days 00:45:56.125000,0 days 00:46:29.432000,0 days 00:47:22.421000,259.0,241.0,,275.0,False,SOFT,3.0,True,Audi,0 days 00:45:26.546000,2026-03-14 07:30:35.858,1,,False,,False,False
0 days 00:52:37.816000,BOR,5,,13.0,5.0,0 days 00:50:49.541000,,,0 days 00:00:30.807000,0 days 00:00:50.774000,,0 days 00:51:47.042000,0 days 00:52:38.039000,275.0,258.0,277.0,215.0,False,SOFT,1.0,True,Audi,0 days 00:47:22.421000,2026-03-14 07:32:31.733,1,,False,,False,False
0 days 00:54:44.694000,BOR,5,0 days 00:02:06.878000,14.0,5.0,,0 days 00:54:42.843000,0 days 00:00:24.582000,0 days 00:00:28.145000,0 days 00:01:14.151000,0 days 00:53:02.398000,0 days 00:53:30.543000,0 days 00:54:44.694000,283.0,285.0,,322.0,False,SOFT,2.0,True,Audi,0 days 00:52:37.816000,2026-03-14 07:37:47.128,12,,False,,False,False
0 days 00:17:05.031000,SAI,55,,1.0,1.0,0 days 00:15:05.938000,,,0 days 00:00:32.365000,0 days 00:00:47.829000,,0 days 00:16:17.242000,0 days 00:17:05.217000,239.0,241.0,272.0,264.0,False,SOFT,1.0,True,Williams,0 days 00:15:05.938000,2026-03-14 07:00:15.250,1,,False,,False,False
0 days 00:18:59.221000,SAI,55,0 days 00:01:54.190000,2.0,1.0,,,0 days 00:00:25.867000,0 days 00:00:33.929000,0 days 00:00:54.394000,0 days 00:17:30.898000,0 days 00:18:04.827000,0 days 00:18:59.221000,280.0,265.0,275.0,272.0,True,SOFT,2.0,True,Williams,0 days 00:17:05.031000,2026-03-14 07:02:14.343,1,,False,,False,True
0 days 00:20:34.573000,SAI,55,0 days 00:01:35.352000,3.0,1.0,,,0 days 00:00:24.757000,0 days 00:00:28.960000,0 days 00:00:41.635000,0 days 00:19:23.978000,0 days 00:19:52.938000,0 days 00:20:34.573000,283.0,273.0,256.0,318.0,True,SOFT,3.0,True,Williams,0 days 00:18:59.221000,2026-03-14 07:04:08.533,1,,False,,False,True
0 days 00:22:31.111000,SAI,55,0 days 00:01:56.538000,4.0,1.0,,0 days 00:22:29.367000,0 days 00:00:31.670000,0 days 00:00:32.718000,0 days 00:00:52.150000,0 days 00:21:06.243000,0 days 00:21:38.961000,0 days 00:22:31.111000,232.0,260.0,,286.0,False,SOFT,4.0,True,Williams,0 days 00:20:34.573000,2026-03-14 07:05:43.885,1,,False,,False,False
0 days 00:24:58.928000,SAI,55,0 days 00:02:27.817000,5.0,2.0,0 days 00:22:59.086000,,0 days 00:01:01.851000,0 days 00:00:33.356000,0 days 00:00:52.610000,0 days 00:23:32.962000,0 days 00:24:06.318000,0 days 00:24:58.928000,222.0,262.0,277.0,261.0,False,SOFT,1.0,True,Williams,0 days 00:22:31.111000,2026-03-14 07:07:40.423,1,,False,,False,False
0 days 00:26:35.626000,SAI,55,0 days 00:01:36.698000,6.0,2.0,,,0 days 00:00:26.548000,0 days 00:00:28.814000,0 days 00:00:41.336000,0 days 00:25:25.476000,0 days 00:25:54.290000,0 days 00:26:35.626000,282.0,272.0,255.0,321.0,False,SOFT,2.0,True,Williams,0 days 00:24:58.928000,2026-03-14 07:10:08.240,1,,True,TRACK LIMITS AT TURN 2 LAP 7 ,False,True
0 days 00:28:34.196000,SAI,55,0 days 00:01:58.570000,7.0,2.0,,0 days 00:28:32.258000,0 days 00:00:29.831000,0 days 00:00:35.410000,0 days 00:00:53.329000,0 days 00:27:05.457000,0 days 00:27:40.867000,0 days 00:28:34.196000,244.0,216.0,,291.0,False,SOFT,3.0,True,Williams,0 days 00:26:35.626000,2026-03-14 07:11:44.938,1,,False,,False,False
0 days 00:31:13.324000,SAI,55,,8.0,3.0,0 days 00:29:09.355000,,0 days 00:01:11.958000,0 days 00:00:31.752000,0 days 00:00:55.471000,0 days 00:29:46.231000,0 days 00:30:18.083000,0 days 00:31:13.639000,250.0,262.0,278.0,253.0,False,SOFT,1.0,True,Williams,0 days 00:28:34.196000,2026-03-14 07:13:43.508,1,,False,,False,False
0 days 00:32:47.641000,SAI,55,0 days 00:01:34.317000,9.0,3.0,,,0 days 00:00:24.465000,0 days 00:00:28.669000,0 days 00:00:41.183000,0 days 00:31:37.789000,0 days 00:32:06.458000,0 days 00:32:47.641000,284.0,273.0,253.0,318.0,True,SOFT,2.0,True,Williams,0 days 00:31:13.324000,2026-03-14 07:16:22.636,1,,False,,False,True
0 days 00:34:51.146000,SAI,55,0 days 00:02:03.505000,10.0,3.0,,0 days 00:34:48.344000,0 days 00:00:30.741000,0 days 00:00:33.668000,0 days 00:00:59.096000,0 days 00:33:18.382000,0 days 00:33:52.050000,0 days 00:34:51.146000,229.0,227.0,,241.0,False,SOFT,3.0,True,Williams,0 days 00:32:47.641000,2026-03-14 07:17:56.953,1,,False,,False,False
0 days 00:16:58.290000,ALB,23,,1.0,1.0,0 days 00:15:01.367000,,,0 days 00:00:32.565000,0 days 00:00:47.176000,,0 days 00:16:11.258000,0 days 00:16:58.500000,249.0,255.0,275.0,255.0,False,SOFT,1.0,True,Williams,0 days 00:15:01.367000,2026-03-14 07:00:10.679,1,,False,,False,False
0 days 00:18:52.196000,ALB,23,0 days 00:01:53.906000,2.0,1.0,,,0 days 00:00:26.828000,0 days 00:00:31.088000,0 days 00:00:55.990000,0 days 00:17:25.118000,0 days 00:17:56.206000,0 days 00:18:52.196000,270.0,259.0,276.0,247.0,True,SOFT,2.0,True,Williams,0 days 00:16:58.290000,2026-03-14 07:02:07.602,1,,False,,False,True
0 days 00:20:27.697000,ALB,23,0 days 00:01:35.501000,3.0,1.0,,,0 days 00:00:24.906000,0 days 00:00:29.066000,0 days 00:00:41.529000,0 days 00:19:17.102000,0 days 00:19:46.168000,0 days 00:20:27.697000,285.0,272.0,254.0,318.0,True,SOFT,3.0,True,Williams,0 days 00:18:52.196000,2026-03-14 07:04:01.508,1,,False,,False,True
0 days 00:22:17.284000,ALB,23,0 days 00:01:49.587000,4.0,1.0,,0 days 00:22:15.554000,0 days 00:00:28.004000,0 days 00:00:31.193000,0 days 00:00:50.390000,0 days 00:20:55.701000,0 days 00:21:26.894000,0 days 00:22:17.284000,252.0,241.0,,287.0,False,SOFT,4.0,True,Williams,0 days 00:20:27.697000,2026-03-14 07:05:37.009,1,,False,,False,False
0 days 00:24:33.885000,ALB,23,0 days 00:02:16.601000,5.0,2.0,0 days 00:22:46.382000,,0 days 00:00:57.806000,0 days 00:00:30.458000,0 days 00:00:48.337000,0 days 00:23:15.090000,0 days 00:23:45.548000,0 days 00:24:33.885000,250.0,258.0,278.0,266.0,False,SOFT,1.0,True,Williams,0 days 00:22:17.284000,2026-03-14 07:07:26.596,1,,False,,False,False
0 days 00:26:09.030000,ALB,23,0 days 00:01:35.145000,6.0,2.0,,,0 days 00:00:24.726000,0 days 00:00:28.694000,0 days 00:00:41.725000,0 days 00:24:58.611000,0 days 00:25:27.305000,0 days 00:26:09.030000,284.0,273.0,254.0,313.0,True,SOFT,2.0,True,Williams,0 days 00:24:33.885000,2026-03-14 07:09:43.197,1,,False,,False,True
0 days 00:28:03.601000,ALB,23,0 days 00:01:54.571000,7.0,2.0,,0 days 00:28:01.923000,0 days 00:00:29.989000,0 days 00:00:32.443000,0 days 00:00:52.139000,0 days 00:26:39.019000,0 days 00:27:11.462000,0 days 00:28:03.601000,210.0,258.0,,195.0,False,SOFT,3.0,True,Williams,0 days 00:26:09.030000,2026-03-14 07:11:18.342,1,,False,,False,False
0 days 00:30:27.540000,ALB,23,0 days 00:02:23.939000,8.0,3.0,0 days 00:28:43.305000,,0 days 00:01:06.724000,0 days 00:00:30.876000,0 days 00:00:46.339000,0 days 00:29:10.325000,0 days 00:29:41.201000,0 days 00:30:27.540000,255.0,250.0,278.0,258.0,False,SOFT,1.0,True,Williams,0 days 00:28:03.601000,2026-03-14 07:13:12.913,1,,False,,False,False
0 days 00:32:02.312000,ALB,23,0 days 00:01:34.772000,9.0,3.0,,,0 days 00:00:24.526000,0 days 00:00:28.876000,0 days 00:00:41.370000,0 days 00:30:52.066000,0 days 00:31:20.942000,0 days 00:32:02.312000,285.0,271.0,253.0,314.0,True,SOFT,2.0,True,Williams,0 days 00:30:27.540000,2026-03-14 07:15:36.852,1,,False,,False,True
0 days 00:34:03.153000,ALB,23,0 days 00:02:00.841000,10.0,3.0,,0 days 00:34:01.416000,0 days 00:00:30.267000,0 days 00:00:32.729000,0 days 00:00:57.845000,0 days 00:32:32.579000,0 days 00:33:05.308000,0 days 00:34:03.153000,243.0,226.0,,190.0,False,SOFT,3.0,True,Williams,0 days 00:32:02.312000,2026-03-14 07:17:11.624,1,,False,,False,False
0 days 00:17:45.101000,ALO,14,,1.0,1.0,0 days 00:15:48.773000,,,0 days 00:00:32.106000,0 days 00:00:51.665000,,0 days 00:16:53.436000,0 days 00:17:45.354000,232.0,225.0,267.0,207.0,False,SOFT,1.0,True,Aston Martin,0 days 00:15:48.773000,2026-03-14 07:00:58.085,1,,False,,False,False
0 days 00:19:21.439000,ALO,14,0 days 00:01:36.338000,2.0,1.0,,,0 days 00:00:25.257000,0 days 00:00:29.036000,0 days 00:00:42.045000,0 days 00:18:10.358000,0 days 00:18:39.394000,0 days 00:19:21.439000,277.0,271.0,257.0,300.0,True,SOFT,2.0,True,Aston Martin,0 days 00:17:45.101000,2026-03-14 07:02:54.413,1,,False,,False,True
0 days 00:21:19.010000,ALO,14,0 days 00:01:57.571000,3.0,1.0,,0 days 00:21:17.238000,0 days 00:00:30.266000,0 days 00:00:32.527000,0 days 00:00:54.778000,0 days 00:19:51.705000,0 days 00:20:24.232000,0 days 00:21:19.010000,245.0,241.0,,254.0,False,SOFT,3.0,True,Aston Martin,0 days 00:19:21.439000,2026-03-14 07:04:30.751,1,,False,,False,False
0 days 00:23:40.916000,ALO,14,0 days 00:02:21.906000,4.0,2.0,0 days 00:21:48.629000,,0 days 00:00:57.456000,0 days 00:00:35.691000,0 days 00:00:48.759000,0 days 00:22:16.466000,0 days 00:22:52.157000,0 days 00:23:40.916000,242.0,168.0,273.0,256.0,False,SOFT,1.0,True,Aston Martin,0 days 00:21:19.010000,2026-03-14 07:06:28.322,1,,False,,False,False
0 days 00:25:16.362000,ALO,14,0 days 00:01:35.446000,5.0,2.0,,,0 days 00:00:24.868000,0 days 00:00:28.787000,0 days 00:00:41.791000,0 days 00:24:05.784000,0 days 00:24:34.571000,0 days 00:25:16.362000,278.0,274.0,256.0,307.0,True,SOFT,2.0,True,Aston Martin,0 days 00:23:40.916000,2026-03-14 07:08:50.228,1,,False,,False,True
0 days 00:27:14.966000,ALO,14,0 days 00:01:58.604000,6.0,2.0,,0 days 00:27:12.381000,0 days 00:00:28.510000,0 days 00:00:32.120000,0 days 00:00:57.974000,0 days 00:25:44.872000,0 days 00:26:16.992000,0 days 00:27:14.966000,205.0,216.0,,258.0,False,SOFT,3.0,True,Aston Martin,0 days 00:25:16.362000,2026-03-14 07:10:25.674,1,,False,,False,False
0 days 00:31:42.420000,ALO,14,,7.0,3.0,0 days 00:29:35.139000,,,0 days 00:00:31.580000,0 days 00:01:02.813000,,0 days 00:30:39.819000,0 days 00:31:42.650000,247.0,228.0,271.0,240.0,False,SOFT,1.0,True,Aston Martin,0 days 00:27:14.966000,2026-03-14 07:12:24.278,1,,False,,False,False
0 days 00:33:17.623000,ALO,14,0 days 00:01:35.203000,8.0,3.0,,,0 days 00:00:24.782000,0 days 00:00:28.723000,0 days 00:00:41.698000,0 days 00:32:07.202000,0 days 00:32:35.925000,0 days 00:33:17.623000,280.0,273.0,249.0,301.0,True,SOFT,2.0,True,Aston Martin,0 days 00:31:42.420000,2026-03-14 07:16:51.732,1,,False,,False,True
0 days 00:35:16.263000,ALO,14,0 days 00:01:58.640000,9.0,3.0,,0 days 00:35:14.461000,0 days 00:00:31.027000,0 days 00:00:33.778000,0 days 00:00:53.835000,0 days 00:33:48.650000,0 days 00:34:22.428000,0 days 00:35:16.263000,201.0,217.0,,227.0,False,SOFT,3.0,True,Aston Martin,0 days 00:33:17.623000,2026-03-14 07:18:26.935,1,,False,,False,False
0 days 00:16:44.426000,BOT,77,,1.0,1.0,0 days 00:14:53.367000,,,0 days 00:00:32.060000,0 days 00:00:49.592000,,0 days 00:15:54.928000,0 days 00:16:44.732000,275.0,262.0,273.0,234.0,False,SOFT,1.0,True,Cadillac,0 days 00:14:53.367000,2026-03-14 07:00:02.679,1,,False,,False,False
0 days 00:18:21.394000,BOT,77,0 days 00:01:36.968000,2.0,1.0,,,0 days 00:00:25.381000,0 days 00:00:29.189000,0 days 00:00:42.398000,0 days 00:17:09.807000,0 days 00:17:38.996000,0 days 00:18:21.394000,273.0,266.0,265.0,306.0,True,SOFT,2.0,True,Cadillac,0 days 00:16:44.426000,2026-03-14 07:01:53.738,1,,False,,False,True
0 days 00:20:16.478000,BOT,77,0 days 00:01:55.084000,3.0,1.0,,0 days 00:20:13.238000,0 days 00:00:27.893000,0 days 00:00:32.831000,0 days 00:00:54.360000,0 days 00:18:49.287000,0 days 00:19:22.118000,0 days 00:20:16.478000,247.0,275.0,,281.0,False,SOFT,3.0,True,Cadillac,0 days 00:18:21.394000,2026-03-14 07:03:30.706,1,,False,,False,False
0 days 00:25:04.760000,BOT,77,,4.0,2.0,0 days 00:23:02.211000,,,0 days 00:00:32.901000,0 days 00:00:51.275000,,0 days 00:24:13.631000,0 days 00:25:05.091000,174.0,261.0,277.0,199.0,False,SOFT,1.0,True,Cadillac,0 days 00:20:16.478000,2026-03-14 07:05:25.790,1,,False,,False,False
0 days 00:26:40.688000,BOT,77,0 days 00:01:35.928000,5.0,2.0,,,0 days 00:00:25.146000,0 days 00:00:28.989000,0 days 00:00:41.793000,0 days 00:25:29.906000,0 days 00:25:58.895000,0 days 00:26:40.688000,280.0,275.0,262.0,312.0,True,SOFT,2.0,True,Cadillac,0 days 00:25:04.760000,2026-03-14 07:10:14.072,1,,False,,False,True
0 days 00:28:39.504000,BOT,77,0 days 00:01:58.816000,6.0,2.0,,0 days 00:28:37.712000,0 days 00:00:27.918000,0 days 00:00:35.681000,0 days 00:00:55.217000,0 days 00:27:08.606000,0 days 00:27:44.287000,0 days 00:28:39.504000,256.0,261.0,,281.0,False,SOFT,3.0,True,Cadillac,0 days 00:26:40.688000,2026-03-14 07:11:50.000,1,,False,,False,False
0 days 00:32:18.679000,BOT,77,,7.0,3.0,0 days 00:30:25.255000,,,0 days 00:00:32.021000,0 days 00:00:47.810000,,0 days 00:31:30.947000,0 days 00:32:18.885000,279.0,261.0,275.0,251.0,False,SOFT,1.0,True,Cadillac,0 days 00:28:39.504000,2026-03-14 07:13:48.816,1,,False,,False,False
0 days 00:33:54.115000,BOT,77,0 days 00:01:35.436000,8.0,3.0,,,0 days 00:00:24.949000,0 days 00:00:28.972000,0 days 00:00:41.515000,0 days 00:32:43.628000,0 days 00:33:12.600000,0 days 00:33:54.115000,278.0,258.0,260.0,310.0,True,SOFT,2.0,True,Cadillac,0 days 00:32:18.679000,2026-03-14 07:17:27.991,1,,False,,False,True
0 days 00:35:59.598000,BOT,77,0 days 00:02:05.483000,9.0,3.0,,0 days 00:35:57.742000,0 days 00:00:30.873000,0 days 00:00:34.590000,0 days 00:01:00.020000,0 days 00:34:24.988000,0 days 00:34:59.578000,0 days 00:35:59.598000,201.0,255.0,,225.0,False,SOFT,3.0,True,Cadillac,0 days 00:33:54.115000,2026-03-14 07:19:03.427,1,,False,,False,False
0 days 00:17:32.889000,STR,18,,1.0,1.0,0 days 00:15:35.303000,,,0 days 00:00:32.050000,0 days 00:00:49.268000,,0 days 00:16:43.795000,0 days 00:17:33.180000,243.0,233.0,266.0,255.0,False,SOFT,1.0,True,Aston Martin,0 days 00:15:35.303000,2026-03-14 07:00:44.615,1,,False,,False,False
0 days 00:19:09.958000,STR,18,0 days 00:01:37.069000,2.0,1.0,,,0 days 00:00:25.598000,0 days 00:00:29.144000,0 days 00:00:42.327000,0 days 00:17:58.487000,0 days 00:18:27.631000,0 days 00:19:09.958000,278.0,271.0,253.0,293.0,True,SOFT,2.0,True,Aston Martin,0 days 00:17:32.889000,2026-03-14 07:02:42.201,1,,False,,False,True
0 days 00:21:13.606000,STR,18,0 days 00:02:03.648000,3.0,1.0,,0 days 00:21:11.840000,0 days 00:00:32.849000,0 days 00:00:35.302000,0 days 00:00:55.497000,0 days 00:19:42.807000,0 days 00:20:18.109000,0 days 00:21:13.606000,238.0,150.0,,264.0,False,SOFT,3.0,True,Aston Martin,0 days 00:19:09.958000,2026-03-14 07:04:19.270,1,,False,,False,False
0 days 00:23:33.970000,STR,18,0 days 00:02:20.364000,4.0,2.0,0 days 00:21:35.638000,,0 days 00:00:48.517000,0 days 00:00:35.999000,0 days 00:00:55.848000,0 days 00:22:02.123000,0 days 00:22:38.122000,0 days 00:23:33.970000,247.0,226.0,266.0,241.0,False,SOFT,1.0,True,Aston Martin,0 days 00:21:13.606000,2026-03-14 07:06:22.918,1,,False,,False,False
0 days 00:25:10.382000,STR,18,0 days 00:01:36.412000,5.0,2.0,,,0 days 00:00:25.088000,0 days 00:00:29.226000,0 days 00:00:42.098000,0 days 00:23:59.058000,0 days 00:24:28.284000,0 days 00:25:10.382000,278.0,273.0,252.0,301.0,True,SOFT,2.0,True,Aston Martin,0 days 00:23:33.970000,2026-03-14 07:08:43.282,1,,False,,False,True
0 days 00:27:10.405000,STR,18,0 days 00:02:00.023000,6.0,2.0,,0 days 00:27:08.059000,0 days 00:00:30.527000,0 days 00:00:32.189000,0 days 00:00:57.307000,0 days 00:25:40.909000,0 days 00:26:13.098000,0 days 00:27:10.405000,240.0,239.0,,236.0,False,SOFT,3.0,True,Aston Martin,0 days 00:25:10.382000,2026-03-14 07:10:19.694,1,,False,,False,False
0 days 00:31:36.721000,STR,18,,7.0,3.0,0 days 00:29:17.931000,,,0 days 00:00:32.761000,0 days 00:01:01.697000,,0 days 00:30:35.147000,0 days 00:31:37.025000,238.0,228.0,271.0,226.0,False,SOFT,1.0,True,Aston Martin,0 days 00:27:10.405000,2026-03-14 07:12:19.717,1,,False,,False,False
0 days 00:33:12.716000,STR,18,0 days 00:01:35.995000,8.0,3.0,,,0 days 00:00:24.953000,0 days 00:00:29.204000,0 days 00:00:41.838000,0 days 00:32:01.674000,0 days 00:32:30.878000,0 days 00:33:12.716000,279.0,266.0,251.0,303.0,True,SOFT,2.0,True,Aston Martin,0 days 00:31:36.721000,2026-03-14 07:16:46.033,1,,False,,False,True
0 days 00:35:22.940000,STR,18,0 days 00:02:10.224000,9.0,3.0,,0 days 00:35:21.238000,0 days 00:00:31.138000,0 days 00:00:36.983000,0 days 00:01:02.103000,0 days 00:33:43.854000,0 days 00:34:20.837000,0 days 00:35:22.940000,178.0,235.0,,203.0,False,SOFT,3.0,True,Aston Martin,0 days 00:33:12.716000,2026-03-14 07:18:22.028,1,,False,,False,False
0 days 00:20:57.235000,PER,11,,1.0,1.0,0 days 00:19:09.256000,,,0 days 00:00:32.880000,0 days 00:00:47.505000,,0 days 00:20:09.806000,0 days 00:20:57.538000,249.0,270.0,276.0,267.0,False,SOFT,1.0,True,Cadillac,0 days 00:19:09.256000,2026-03-14 07:04:18.568,1,,False,,False,False
0 days 00:22:34.759000,PER,11,0 days 00:01:37.524000,2.0,1.0,,,0 days 00:00:25.703000,0 days 00:00:29.256000,0 days 00:00:42.565000,0 days 00:21:22.938000,0 days 00:21:52.194000,0 days 00:22:34.759000,269.0,261.0,263.0,305.0,True,SOFT,2.0,True,Cadillac,0 days 00:20:57.235000,2026-03-14 07:06:06.547,1,,False,,False,True
0 days 00:24:29.013000,PER,11,0 days 00:01:54.254000,3.0,1.0,,0 days 00:24:26.389000,0 days 00:00:26.920000,0 days 00:00:34.345000,0 days 00:00:52.989000,0 days 00:23:01.679000,0 days 00:23:36.024000,0 days 00:24:29.013000,276.0,263.0,,279.0,False,SOFT,3.0,True,Cadillac,0 days 00:22:34.759000,2026-03-14 07:07:44.071,1,,False,,False,False
0 days 00:31:59.293000,PER,11,,4.0,2.0,0 days 00:29:57.442000,,,0 days 00:00:30.863000,0 days 00:01:00.233000,,0 days 00:30:59.178000,0 days 00:31:59.603000,263.0,245.0,241.0,114.0,False,SOFT,1.0,True,Cadillac,0 days 00:24:29.013000,2026-03-14 07:09:38.325,1,,False,,False,False
0 days 00:33:36.199000,PER,11,0 days 00:01:36.906000,5.0,2.0,,,0 days 00:00:26.049000,0 days 00:00:29.246000,0 days 00:00:41.611000,0 days 00:32:25.342000,0 days 00:32:54.588000,0 days 00:33:36.199000,277.0,263.0,263.0,313.0,True,SOFT,2.0,True,Cadillac,0 days 00:31:59.293000,2026-03-14 07:17:08.605,1,,False,,False,True
0 days 00:35:40.561000,PER,11,0 days 00:02:04.362000,6.0,2.0,,0 days 00:35:38.472000,0 days 00:00:31.463000,0 days 00:00:37.216000,0 days 00:00:55.683000,0 days 00:34:07.662000,0 days 00:34:44.878000,0 days 00:35:40.561000,198.0,229.0,,245.0,False,SOFT,3.0,True,Cadillac,0 days 00:33:36.199000,2026-03-14 07:18:45.511,1,,False,,False,False
