Time,Driver,DriverNumber,LapTime,LapNumber,Stint,PitOutTime,PitInTime,Sector1Time,Sector2Time,Sector3Time,Sector1SessionTime,Sector2SessionTime,Sector3SessionTime,SpeedI1,SpeedI2,SpeedFL,SpeedST,IsPersonalBest,Compound,TyreLife,FreshTyre,Team,LapStartTime,LapStartDate,TrackStatus,Position,Deleted,DeletedReason,FastF1Generated,IsAccurate
0 days 00:15:05.597000,RUS,63,0 days 00:01:45.912000,1.0,1.0,0 days 00:13:26.209000,,0 days 00:00:39.359000,0 days 00:00:31.169000,0 days 00:00:35.384000,0 days 00:13:59.122000,0 days 00:14:30.364000,0 days 00:15:05.766000,230.0,153.0,248.0,265.0,False,SOFT,7.0,False,Mercedes,0 days 00:13:26.209000,2026-05-23 20:01:43.263,1,,False,,False,False
0 days 00:16:38.907000,RUS,63,0 days 00:01:33.310000,2.0,1.0,,,0 days 00:00:23.139000,0 days 00:00:29.158000,0 days 00:00:41.013000,0 days 00:15:28.736000,0 days 00:15:57.894000,0 days 00:16:38.907000,234.0,237.0,273.0,185.0,True,SOFT,8.0,False,Mercedes,0 days 00:15:05.597000,2026-05-23 20:03:22.651,1,,False,,False,True
0 days 00:17:53.345000,RUS,63,0 days 00:01:14.438000,3.0,1.0,,,0 days 00:00:21.329000,0 days 00:00:23.568000,0 days 00:00:29.541000,0 days 00:17:00.236000,0 days 00:17:23.804000,0 days 00:17:53.345000,248.0,288.0,273.0,319.0,True,SOFT,9.0,False,Mercedes,0 days 00:16:38.907000,2026-05-23 20:04:55.961,1,,False,,False,True
0 days 00:19:22.684000,RUS,63,0 days 00:01:29.339000,4.0,1.0,,,0 days 00:00:26.455000,0 days 00:00:26.755000,0 days 00:00:36.129000,0 days 00:18:19.800000,0 days 00:18:46.555000,0 days 00:19:22.684000,231.0,250.0,272.0,254.0,False,SOFT,10.0,False,Mercedes,0 days 00:17:53.345000,2026-05-23 20:06:10.399,1,,False,,False,True
0 days 00:20:36.637000,RUS,63,0 days 00:01:13.953000,5.0,1.0,,,0 days 00:00:20.941000,0 days 00:00:23.537000,0 days 00:00:29.475000,0 days 00:19:43.625000,0 days 00:20:07.162000,0 days 00:20:36.637000,248.0,289.0,275.0,319.0,True,SOFT,11.0,False,Mercedes,0 days 00:19:22.684000,2026-05-23 20:07:39.738,1,,False,,False,True
0 days 00:38:04.205000,RUS,63,,6.0,1.0,,0 days 00:21:55.496000,0 days 00:00:23.859000,0 days 00:00:26.817000,,0 days 00:21:00.558000,0 days 00:21:27.338000,,228.0,256.0,,279.0,False,SOFT,12.0,False,Mercedes,0 days 00:20:36.637000,2026-05-23 20:08:53.691,12,,False,,False,False
0 days 00:39:52.391000,RUS,63,0 days 00:01:48.186000,7.0,2.0,0 days 00:38:12.109000,,0 days 00:00:45.331000,0 days 00:00:26.769000,0 days 00:00:36.086000,0 days 00:38:49.536000,0 days 00:39:16.305000,0 days 00:39:52.391000,231.0,235.0,253.0,241.0,False,SOFT,1.0,True,Mercedes,0 days 00:38:04.205000,2026-05-23 20:26:21.259,1,,False,,False,False
0 days 00:41:20.998000,RUS,63,0 days 00:01:28.607000,8.0,2.0,,,0 days 00:00:23.178000,0 days 00:00:27.090000,0 days 00:00:38.339000,0 days 00:40:15.569000,0 days 00:40:42.659000,0 days 00:41:20.998000,234.0,223.0,275.0,194.0,True,SOFT,2.0,True,Mercedes,0 days 00:39:52.391000,2026-05-23 20:28:09.445,1,,False,,False,True
0 days 00:42:34.609000,RUS,63,0 days 00:01:13.611000,9.0,2.0,,,0 days 00:00:20.956000,0 days 00:00:23.411000,0 days 00:00:29.244000,0 days 00:41:41.954000,0 days 00:42:05.365000,0 days 00:42:34.609000,247.0,288.0,276.0,318.0,True,SOFT,3.0,True,Mercedes,0 days 00:41:20.998000,2026-05-23 20:29:38.052,1,,False,,False,True
0 days 00:45:23.891000,RUS,63,,10.0,2.0,,0 days 00:43:54.462000,0 days 00:00:25.479000,0 days 00:00:26.445000,,0 days 00:43:00.179000,0 days 00:43:26.666000,,229.0,247.0,,276.0,False,SOFT,4.0,True,Mercedes,0 days 00:42:34.609000,2026-05-23 20:30:51.663,1,,False,,False,False
0 days 00:46:50.579000,RUS,63,0 days 00:01:26.688000,11.0,3.0,0 days 00:45:25.385000,,0 days 00:00:27.438000,0 days 00:00:25.826000,0 days 00:00:33.424000,0 days 00:45:51.329000,0 days 00:46:17.155000,0 days 00:46:50.579000,247.0,254.0,268.0,268.0,False,SOFT,1.0,True,Mercedes,0 days 00:45:23.891000,2026-05-23 20:33:40.945,1,,False,,False,False
0 days 00:48:16.348000,RUS,63,0 days 00:01:25.769000,12.0,3.0,,,0 days 00:00:23.150000,0 days 00:00:27.032000,0 days 00:00:35.587000,0 days 00:47:13.729000,0 days 00:47:40.761000,0 days 00:48:16.348000,235.0,241.0,274.0,249.0,False,SOFT,2.0,True,Mercedes,0 days 00:46:50.579000,2026-05-23 20:35:07.633,1,,False,,False,True
0 days 00:49:46.802000,RUS,63,0 days 00:01:30.454000,13.0,3.0,,,0 days 00:00:25.295000,0 days 00:00:29.319000,0 days 00:00:35.840000,0 days 00:48:41.643000,0 days 00:49:10.962000,0 days 00:49:46.802000,222.0,242.0,274.0,249.0,False,SOFT,3.0,True,Mercedes,0 days 00:48:16.348000,2026-05-23 20:36:33.402,1,,True,TRACK LIMITS AT TURN 1 LAP 14 ,False,True
0 days 00:50:59.881000,RUS,63,0 days 00:01:13.079000,14.0,3.0,,,0 days 00:00:20.717000,0 days 00:00:23.043000,0 days 00:00:29.319000,0 days 00:50:07.519000,0 days 00:50:30.562000,0 days 00:50:59.881000,249.0,289.0,276.0,316.0,True,SOFT,4.0,True,Mercedes,0 days 00:49:46.802000,2026-05-23 20:38:03.856,1,,False,,False,True
0 days 00:59:37.191000,RUS,63,,15.0,3.0,,0 days 00:52:21.089000,0 days 00:00:26.077000,0 days 00:00:26.407000,,0 days 00:51:26.043000,0 days 00:51:52.386000,,229.0,254.0,,277.0,False,SOFT,5.0,True,Mercedes,0 days 00:50:59.881000,2026-05-23 20:39:16.935,1,,False,,False,False
0 days 01:01:04.780000,RUS,63,0 days 00:01:27.589000,16.0,4.0,0 days 00:59:39.268000,,0 days 00:00:28.133000,0 days 00:00:25.879000,0 days 00:00:33.577000,0 days 01:00:05.324000,0 days 01:00:31.203000,0 days 01:01:04.780000,232.0,235.0,242.0,263.0,False,SOFT,1.0,True,Mercedes,0 days 00:59:37.191000,2026-05-23 20:47:54.245,1,,False,,False,False
0 days 01:02:42.519000,RUS,63,0 days 00:01:37.739000,17.0,4.0,,,0 days 00:00:25.012000,0 days 00:00:29.419000,0 days 00:00:43.308000,0 days 01:01:29.792000,0 days 01:01:59.211000,0 days 01:02:42.519000,235.0,238.0,274.0,244.0,True,SOFT,2.0,True,Mercedes,0 days 01:01:04.780000,2026-05-23 20:49:21.834,1,,False,,False,True
0 days 01:05:19.226000,RUS,63,,18.0,4.0,,0 days 01:03:53.234000,0 days 00:00:20.914000,0 days 00:00:23.436000,,0 days 01:03:03.485000,0 days 01:03:26.965000,,248.0,287.0,,281.0,False,SOFT,3.0,True,Mercedes,0 days 01:02:42.519000,2026-05-23 20:50:59.573,1,,False,,False,False
0 days 01:06:41.452000,RUS,63,0 days 00:01:22.226000,19.0,5.0,0 days 01:05:20.737000,,0 days 00:00:24.971000,0 days 00:00:25.162000,0 days 00:00:32.093000,0 days 01:05:44.197000,0 days 01:06:09.359000,0 days 01:06:41.452000,253.0,249.0,265.0,268.0,False,SOFT,1.0,True,Mercedes,0 days 01:05:19.226000,2026-05-23 20:53:36.280,1,,False,,False,False
0 days 01:08:04.982000,RUS,63,0 days 00:01:23.530000,20.0,5.0,,,0 days 00:00:22.005000,0 days 00:00:26.678000,0 days 00:00:34.847000,0 days 01:07:03.457000,0 days 01:07:30.135000,0 days 01:08:04.982000,263.0,235.0,274.0,250.0,True,SOFT,2.0,True,Mercedes,0 days 01:06:41.452000,2026-05-23 20:54:58.506,1,,False,,False,True
0 days 01:09:17.975000,RUS,63,0 days 00:01:12.993000,21.0,5.0,,,0 days 00:00:20.658000,0 days 00:00:23.068000,0 days 00:00:29.267000,0 days 01:08:25.640000,0 days 01:08:48.708000,0 days 01:09:17.975000,249.0,286.0,273.0,321.0,True,SOFT,3.0,True,Mercedes,0 days 01:08:04.982000,2026-05-23 20:56:22.036,1,,False,,False,True
0 days 01:10:54.532000,RUS,63,0 days 00:01:36.557000,22.0,5.0,,,0 days 00:00:28.517000,0 days 00:00:31.847000,0 days 00:00:36.193000,0 days 01:09:46.492000,0 days 01:10:18.339000,0 days 01:10:54.532000,224.0,238.0,274.0,250.0,False,SOFT,4.0,True,Mercedes,0 days 01:09:17.975000,2026-05-23 20:57:35.029,1,,False,,False,True
0 days 01:12:07.110000,RUS,63,0 days 00:01:12.578000,23.0,5.0,,,0 days 00:00:20.600000,0 days 00:00:22.902000,0 days 00:00:29.076000,0 days 01:11:15.132000,0 days 01:11:38.034000,0 days 01:12:07.110000,249.0,289.0,275.0,320.0,True,SOFT,5.0,True,Mercedes,0 days 01:10:54.532000,2026-05-23 20:59:11.586,1,,False,,False,True
0 days 01:13:41.161000,RUS,63,,24.0,5.0,,0 days 01:13:41.161000,0 days 00:00:26.755000,0 days 00:00:33.246000,,0 days 01:12:33.952000,0 days 01:13:07.294000,,180.0,167.0,,250.0,False,SOFT,6.0,True,Mercedes,0 days 01:12:07.110000,2026-05-23 21:00:24.164,1,,False,,False,False
0 days 00:15:10.419000,ANT,12,0 days 00:01:44.913000,1.0,1.0,0 days 00:13:34.233000,,0 days 00:00:42.706000,0 days 00:00:28.343000,0 days 00:00:33.864000,0 days 00:14:08.300000,0 days 00:14:36.741000,0 days 00:15:10.678000,226.0,265.0,269.0,272.0,False,SOFT,6.0,False,Mercedes,0 days 00:13:34.233000,2026-05-23 20:01:51.287,1,,False,,False,False
0 days 00:16:44.994000,ANT,12,0 days 00:01:34.575000,2.0,1.0,,,0 days 00:00:22.983000,0 days 00:00:26.922000,0 days 00:00:44.670000,0 days 00:15:33.402000,0 days 00:16:00.324000,0 days 00:16:44.994000,238.0,213.0,273.0,129.0,True,SOFT,7.0,False,Mercedes,0 days 00:15:10.419000,2026-05-23 20:03:27.473,1,,False,,False,True
0 days 00:17:59.222000,ANT,12,0 days 00:01:14.228000,3.0,1.0,,,0 days 00:00:21.129000,0 days 00:00:23.647000,0 days 00:00:29.452000,0 days 00:17:06.123000,0 days 00:17:29.770000,0 days 00:17:59.222000,244.0,287.0,274.0,316.0,True,SOFT,8.0,False,Mercedes,0 days 00:16:44.994000,2026-05-23 20:05:02.048,1,,False,,False,True
0 days 00:19:37.279000,ANT,12,0 days 00:01:38.057000,4.0,1.0,,,0 days 00:00:24.453000,0 days 00:00:28.925000,0 days 00:00:44.679000,0 days 00:18:23.675000,0 days 00:18:52.600000,0 days 00:19:37.279000,227.0,240.0,271.0,207.0,False,SOFT,9.0,False,Mercedes,0 days 00:17:59.222000,2026-05-23 20:06:16.276,1,,False,,False,True
0 days 00:20:50.659000,ANT,12,0 days 00:01:13.380000,5.0,1.0,,,0 days 00:00:20.974000,0 days 00:00:23.190000,0 days 00:00:29.216000,0 days 00:19:58.253000,0 days 00:20:21.443000,0 days 00:20:50.659000,249.0,290.0,276.0,322.0,True,SOFT,10.0,False,Mercedes,0 days 00:19:37.279000,2026-05-23 20:07:54.333,1,,False,,False,True
0 days 00:38:17.722000,ANT,12,,6.0,1.0,,0 days 00:22:07.776000,0 days 00:00:23.117000,0 days 00:00:25.383000,,0 days 00:21:13.897000,0 days 00:21:39.267000,,233.0,260.0,,274.0,False,SOFT,11.0,False,Mercedes,0 days 00:20:50.659000,2026-05-23 20:09:07.713,12,,False,,False,False
0 days 00:40:01.712000,ANT,12,0 days 00:01:43.990000,7.0,2.0,0 days 00:38:31.890000,,0 days 00:00:45.032000,0 days 00:00:25.953000,0 days 00:00:33.005000,0 days 00:39:02.754000,0 days 00:39:28.707000,0 days 00:40:01.712000,238.0,274.0,174.0,286.0,False,SOFT,1.0,True,Mercedes,0 days 00:38:17.722000,2026-05-23 20:26:34.776,1,,False,,False,False
0 days 00:41:29.877000,ANT,12,0 days 00:01:28.165000,8.0,2.0,,,0 days 00:00:26.783000,0 days 00:00:26.416000,0 days 00:00:34.966000,0 days 00:40:28.495000,0 days 00:40:54.911000,0 days 00:41:29.877000,238.0,241.0,280.0,253.0,True,SOFT,2.0,True,Mercedes,0 days 00:40:01.712000,2026-05-23 20:28:18.766,1,,False,,False,True
0 days 00:42:42.953000,ANT,12,0 days 00:01:13.076000,9.0,2.0,,,0 days 00:00:20.661000,0 days 00:00:23.235000,0 days 00:00:29.180000,0 days 00:41:50.538000,0 days 00:42:13.773000,0 days 00:42:42.953000,246.0,289.0,276.0,319.0,True,SOFT,3.0,True,Mercedes,0 days 00:41:29.877000,2026-05-23 20:29:46.931,1,,False,,False,True
0 days 00:45:29.064000,ANT,12,,10.0,2.0,,0 days 00:44:00.748000,0 days 00:00:24.543000,0 days 00:00:25.772000,,0 days 00:43:07.584000,0 days 00:43:33.448000,,232.0,249.0,,282.0,False,SOFT,4.0,True,Mercedes,0 days 00:42:42.953000,2026-05-23 20:31:00.007,1,,False,,False,False
0 days 00:46:58.349000,ANT,12,0 days 00:01:29.285000,11.0,3.0,0 days 00:45:31.459000,,0 days 00:00:30.591000,0 days 00:00:25.474000,0 days 00:00:33.220000,0 days 00:45:59.655000,0 days 00:46:25.129000,0 days 00:46:58.349000,249.0,276.0,284.0,209.0,False,SOFT,1.0,True,Mercedes,0 days 00:45:29.064000,2026-05-23 20:33:46.118,1,,False,,False,False
0 days 00:48:23.230000,ANT,12,0 days 00:01:24.881000,12.0,3.0,,,0 days 00:00:22.388000,0 days 00:00:26.791000,0 days 00:00:35.702000,0 days 00:47:20.737000,0 days 00:47:47.528000,0 days 00:48:23.230000,230.0,242.0,276.0,246.0,False,SOFT,2.0,True,Mercedes,0 days 00:46:58.349000,2026-05-23 20:35:15.403,1,,False,,False,True
0 days 00:49:36.444000,ANT,12,0 days 00:01:13.214000,13.0,3.0,,,0 days 00:00:20.714000,0 days 00:00:23.236000,0 days 00:00:29.264000,0 days 00:48:43.944000,0 days 00:49:07.180000,0 days 00:49:36.444000,248.0,289.0,274.0,317.0,False,SOFT,3.0,True,Mercedes,0 days 00:48:23.230000,2026-05-23 20:36:40.284,1,,False,,False,True
0 days 00:51:24.460000,ANT,12,0 days 00:01:48.016000,14.0,3.0,,,0 days 00:00:24.900000,0 days 00:00:32.065000,0 days 00:00:51.051000,0 days 00:50:01.344000,0 days 00:50:33.409000,0 days 00:51:24.460000,204.0,255.0,263.0,159.0,False,SOFT,4.0,True,Mercedes,0 days 00:49:36.444000,2026-05-23 20:37:53.498,1,,False,,False,True
0 days 00:52:37.640000,ANT,12,0 days 00:01:13.180000,15.0,3.0,,,0 days 00:00:20.980000,0 days 00:00:23.203000,0 days 00:00:28.997000,0 days 00:51:45.440000,0 days 00:52:08.643000,0 days 00:52:37.640000,250.0,289.0,276.0,323.0,False,SOFT,5.0,True,Mercedes,0 days 00:51:24.460000,2026-05-23 20:39:41.514,1,,False,,False,True
0 days 00:59:40.833000,ANT,12,,16.0,3.0,,0 days 00:54:00.696000,0 days 00:00:23.832000,0 days 00:00:27.124000,,0 days 00:53:01.527000,0 days 00:53:28.708000,,220.0,236.0,,236.0,False,SOFT,6.0,True,Mercedes,0 days 00:52:37.640000,2026-05-23 20:40:54.694,1,,False,,False,False
0 days 01:01:11.818000,ANT,12,0 days 00:01:30.985000,17.0,4.0,0 days 00:59:44.881000,,0 days 00:00:33.094000,0 days 00:00:25.554000,0 days 00:00:32.337000,0 days 01:00:13.927000,0 days 01:00:39.481000,0 days 01:01:11.818000,246.0,275.0,277.0,283.0,False,SOFT,1.0,True,Mercedes,0 days 00:59:40.833000,2026-05-23 20:47:57.887,1,,False,,False,False
0 days 01:02:48.835000,ANT,12,0 days 00:01:37.017000,18.0,4.0,,,0 days 00:00:23.494000,0 days 00:00:29.658000,0 days 00:00:43.865000,0 days 01:01:35.312000,0 days 01:02:04.970000,0 days 01:02:48.835000,238.0,234.0,275.0,192.0,True,SOFT,2.0,True,Mercedes,0 days 01:01:11.818000,2026-05-23 20:49:28.872,1,,False,,False,True
0 days 01:04:01.923000,ANT,12,0 days 00:01:13.088000,19.0,4.0,,,0 days 00:00:20.994000,0 days 00:00:23.175000,0 days 00:00:28.919000,0 days 01:03:09.829000,0 days 01:03:33.004000,0 days 01:04:01.923000,248.0,288.0,275.0,322.0,True,SOFT,3.0,True,Mercedes,0 days 01:02:48.835000,2026-05-23 20:51:05.889,1,,False,,False,True
0 days 01:06:51.270000,ANT,12,,20.0,4.0,,0 days 01:05:16.981000,0 days 00:00:22.820000,0 days 00:00:25.186000,,0 days 01:04:24.882000,0 days 01:04:50.027000,,233.0,259.0,,280.0,False,SOFT,4.0,True,Mercedes,0 days 01:04:01.923000,2026-05-23 20:52:18.977,1,,False,,False,False
0 days 01:08:24.479000,ANT,12,0 days 00:01:33.209000,21.0,5.0,0 days 01:06:54.602000,,0 days 00:00:33.976000,0 days 00:00:25.430000,0 days 00:00:33.803000,0 days 01:07:25.246000,0 days 01:07:50.676000,0 days 01:08:24.479000,247.0,276.0,276.0,293.0,False,SOFT,1.0,True,Mercedes,0 days 01:06:51.270000,2026-05-23 20:55:08.324,1,,False,,False,False
0 days 01:09:52.673000,ANT,12,0 days 00:01:28.194000,22.0,5.0,,,0 days 00:00:24.061000,0 days 00:00:27.693000,0 days 00:00:36.440000,0 days 01:08:48.540000,0 days 01:09:16.233000,0 days 01:09:52.673000,238.0,239.0,279.0,248.0,False,SOFT,2.0,True,Mercedes,0 days 01:08:24.479000,2026-05-23 20:56:41.533,1,,False,,False,True
0 days 01:11:05.319000,ANT,12,0 days 00:01:12.646000,23.0,5.0,,,0 days 00:00:20.547000,0 days 00:00:23.061000,0 days 00:00:29.038000,0 days 01:10:13.220000,0 days 01:10:36.281000,0 days 01:11:05.319000,248.0,288.0,274.0,319.0,True,SOFT,3.0,True,Mercedes,0 days 01:09:52.673000,2026-05-23 20:58:09.727,1,,False,,False,True
0 days 01:12:53.634000,ANT,12,0 days 00:01:48.315000,24.0,5.0,,0 days 01:12:33.302000,0 days 00:00:23.395000,0 days 00:00:27.259000,0 days 00:00:57.661000,0 days 01:11:28.714000,0 days 01:11:55.973000,0 days 01:12:53.634000,247.0,200.0,,185.0,False,SOFT,4.0,True,Mercedes,0 days 01:11:05.319000,2026-05-23 20:59:22.373,1,,False,,False,False
0 days 00:14:32.359000,NOR,1,0 days 00:01:41.383000,1.0,1.0,0 days 00:12:54.934000,,0 days 00:00:35.086000,0 days 00:00:26.222000,0 days 00:00:40.075000,0 days 00:13:26.192000,0 days 00:13:52.424000,0 days 00:14:32.578000,226.0,264.0,263.0,230.0,False,SOFT,6.0,False,McLaren,0 days 00:12:54.934000,2026-05-23 20:01:11.988,1,,False,,False,False
0 days 00:16:00.936000,NOR,1,0 days 00:01:28.577000,2.0,1.0,,,0 days 00:00:23.299000,0 days 00:00:26.051000,0 days 00:00:39.227000,0 days 00:14:55.658000,0 days 00:15:21.709000,0 days 00:16:00.936000,230.0,247.0,265.0,270.0,True,SOFT,7.0,False,McLaren,0 days 00:14:32.359000,2026-05-23 20:02:49.413,1,,False,,False,True
0 days 00:17:15.149000,NOR,1,0 days 00:01:14.213000,3.0,1.0,,,0 days 00:00:21.209000,0 days 00:00:23.430000,0 days 00:00:29.574000,0 days 00:16:22.145000,0 days 00:16:45.575000,0 days 00:17:15.149000,250.0,287.0,271.0,314.0,True,SOFT,8.0,False,McLaren,0 days 00:16:00.936000,2026-05-23 20:04:17.990,1,,False,,False,True
0 days 00:21:35.268000,NOR,1,,4.0,1.0,,0 days 00:18:40.540000,0 days 00:00:26.886000,0 days 00:00:27.413000,,0 days 00:17:42.125000,0 days 00:18:09.565000,,233.0,225.0,,216.0,False,SOFT,9.0,False,McLaren,0 days 00:17:15.149000,2026-05-23 20:05:32.203,1,,False,,False,False
0 days 00:23:02.255000,NOR,1,0 days 00:01:26.987000,5.0,2.0,0 days 00:21:36.835000,,0 days 00:00:27.221000,0 days 00:00:25.552000,0 days 00:00:34.214000,0 days 00:22:02.489000,0 days 00:22:28.041000,0 days 00:23:02.255000,229.0,270.0,235.0,261.0,False,SOFT,10.0,False,McLaren,0 days 00:21:35.268000,2026-05-23 20:09:52.322,1,,False,,False,False
0 days 00:24:33.215000,NOR,1,0 days 00:01:30.960000,6.0,2.0,,,0 days 00:00:24.930000,0 days 00:00:25.363000,0 days 00:00:40.667000,0 days 00:23:27.185000,0 days 00:23:52.548000,0 days 00:24:33.215000,231.0,239.0,266.0,249.0,False,SOFT,11.0,False,McLaren,0 days 00:23:02.255000,2026-05-23 20:11:19.309,1,,False,,False,True
0 days 00:25:46.746000,NOR,1,0 days 00:01:13.531000,7.0,2.0,,,0 days 00:00:21.062000,0 days 00:00:23.212000,0 days 00:00:29.257000,0 days 00:24:54.277000,0 days 00:25:17.489000,0 days 00:25:46.746000,251.0,289.0,273.0,315.0,True,SOFT,12.0,False,McLaren,0 days 00:24:33.215000,2026-05-23 20:12:50.269,1,,False,,False,True
0 days 00:27:22.948000,NOR,1,0 days 00:01:36.202000,8.0,2.0,,,0 days 00:00:27.379000,0 days 00:00:27.773000,0 days 00:00:41.050000,0 days 00:26:14.125000,0 days 00:26:41.898000,0 days 00:27:22.948000,219.0,239.0,269.0,226.0,False,SOFT,13.0,False,McLaren,0 days 00:25:46.746000,2026-05-23 20:14:03.800,1,,False,,False,True
0 days 00:28:36.451000,NOR,1,0 days 00:01:13.503000,9.0,2.0,,,0 days 00:00:21.062000,0 days 00:00:23.182000,0 days 00:00:29.259000,0 days 00:27:44.010000,0 days 00:28:07.192000,0 days 00:28:36.451000,252.0,286.0,271.0,317.0,True,SOFT,14.0,False,McLaren,0 days 00:27:22.948000,2026-05-23 20:15:40.002,1,,False,,False,True
0 days 00:36:57.195000,NOR,1,,10.0,2.0,,0 days 00:30:02.885000,0 days 00:00:26.696000,0 days 00:00:27.788000,,0 days 00:29:03.265000,0 days 00:29:31.066000,,237.0,262.0,,248.0,False,SOFT,15.0,False,McLaren,0 days 00:28:36.451000,2026-05-23 20:16:53.505,12,,False,,False,False
0 days 00:38:36.610000,NOR,1,,11.0,3.0,0 days 00:36:57.195000,,,0 days 00:00:25.967000,0 days 00:00:38.403000,,0 days 00:37:58.294000,0 days 00:38:36.714000,228.0,270.0,235.0,154.0,False,SOFT,1.0,True,McLaren,0 days 00:36:57.195000,2026-05-23 20:25:14.249,1,,False,,False,False
0 days 00:40:04.998000,NOR,1,0 days 00:01:28.388000,12.0,3.0,,,0 days 00:00:22.583000,0 days 00:00:25.182000,0 days 00:00:40.623000,0 days 00:38:59.193000,0 days 00:39:24.375000,0 days 00:40:04.998000,230.0,263.0,266.0,272.0,True,SOFT,2.0,True,McLaren,0 days 00:38:36.610000,2026-05-23 20:26:53.664,1,,False,,False,True
0 days 00:41:18.233000,NOR,1,0 days 00:01:13.235000,13.0,3.0,,,0 days 00:00:20.956000,0 days 00:00:23.013000,0 days 00:00:29.266000,0 days 00:40:25.954000,0 days 00:40:48.967000,0 days 00:41:18.233000,251.0,288.0,274.0,314.0,True,SOFT,3.0,True,McLaren,0 days 00:40:04.998000,2026-05-23 20:28:22.052,1,,False,,False,True
0 days 00:42:54.089000,NOR,1,0 days 00:01:35.856000,14.0,3.0,,,0 days 00:00:26.014000,0 days 00:00:30.121000,0 days 00:00:39.721000,0 days 00:41:44.247000,0 days 00:42:14.368000,0 days 00:42:54.089000,229.0,151.0,271.0,234.0,False,SOFT,4.0,True,McLaren,0 days 00:41:18.233000,2026-05-23 20:29:35.287,1,,False,,False,True
0 days 00:44:07.233000,NOR,1,0 days 00:01:13.144000,15.0,3.0,,,0 days 00:00:21.104000,0 days 00:00:22.937000,0 days 00:00:29.103000,0 days 00:43:15.193000,0 days 00:43:38.130000,0 days 00:44:07.233000,250.0,288.0,270.0,318.0,True,SOFT,5.0,True,McLaren,0 days 00:42:54.089000,2026-05-23 20:31:11.143,1,,False,,False,True
0 days 00:47:21.945000,NOR,1,,16.0,3.0,,0 days 00:45:25.683000,0 days 00:00:22.918000,0 days 00:00:25.878000,,0 days 00:44:30.225000,0 days 00:44:56.165000,,228.0,254.0,,232.0,False,SOFT,6.0,True,McLaren,0 days 00:44:07.233000,2026-05-23 20:32:24.287,1,,False,,False,False
0 days 00:48:55.476000,NOR,1,0 days 00:01:33.531000,17.0,4.0,0 days 00:47:23.528000,,0 days 00:00:32.254000,0 days 00:00:27.289000,0 days 00:00:33.988000,0 days 00:47:54.199000,0 days 00:48:21.488000,0 days 00:48:55.476000,227.0,273.0,237.0,259.0,False,SOFT,1.0,True,McLaren,0 days 00:47:21.945000,2026-05-23 20:35:38.999,1,,False,,False,False
0 days 00:50:29.144000,NOR,1,0 days 00:01:33.668000,18.0,4.0,,,0 days 00:00:22.808000,0 days 00:00:25.588000,0 days 00:00:45.272000,0 days 00:49:18.284000,0 days 00:49:43.872000,0 days 00:50:29.144000,231.0,243.0,267.0,226.0,False,SOFT,2.0,True,McLaren,0 days 00:48:55.476000,2026-05-23 20:37:12.530,1,,False,,False,True
0 days 00:51:42.193000,NOR,1,0 days 00:01:13.049000,19.0,4.0,,,0 days 00:00:20.859000,0 days 00:00:23.006000,0 days 00:00:29.184000,0 days 00:50:50.003000,0 days 00:51:13.009000,0 days 00:51:42.193000,251.0,289.0,273.0,314.0,True,SOFT,3.0,True,McLaren,0 days 00:50:29.144000,2026-05-23 20:38:46.198,1,,False,,False,True
0 days 00:58:56.996000,NOR,1,,20.0,4.0,,0 days 00:53:05.005000,0 days 00:00:23.053000,0 days 00:00:27.911000,,0 days 00:52:05.255000,0 days 00:52:33.250000,,214.0,215.0,,215.0,False,SOFT,4.0,True,McLaren,0 days 00:51:42.193000,2026-05-23 20:39:59.247,1,,False,,False,False
0 days 01:00:33.104000,NOR,1,0 days 00:01:36.108000,21.0,5.0,0 days 00:59:01.104000,,0 days 00:00:35.860000,0 days 00:00:25.651000,0 days 00:00:34.597000,0 days 00:59:32.856000,0 days 00:59:58.507000,0 days 01:00:33.104000,228.0,267.0,235.0,245.0,False,SOFT,1.0,True,McLaren,0 days 00:58:56.996000,2026-05-23 20:47:14.050,1,,False,,False,False
0 days 01:02:03.116000,NOR,1,0 days 00:01:30.012000,22.0,5.0,,,0 days 00:00:24.033000,0 days 00:00:25.681000,0 days 00:00:40.298000,0 days 01:00:57.137000,0 days 01:01:22.818000,0 days 01:02:03.116000,230.0,239.0,268.0,252.0,True,SOFT,2.0,True,McLaren,0 days 01:00:33.104000,2026-05-23 20:48:50.158,1,,False,,False,True
0 days 01:03:15.845000,NOR,1,0 days 00:01:12.729000,23.0,5.0,,,0 days 00:00:20.619000,0 days 00:00:22.967000,0 days 00:00:29.143000,0 days 01:02:23.735000,0 days 01:02:46.702000,0 days 01:03:15.845000,251.0,291.0,273.0,315.0,True,SOFT,3.0,True,McLaren,0 days 01:02:03.116000,2026-05-23 20:50:20.170,1,,False,,False,True
0 days 01:07:19.374000,NOR,1,,24.0,5.0,,0 days 01:04:34.862000,0 days 00:00:22.677000,0 days 00:00:26.623000,,0 days 01:03:38.547000,0 days 01:04:05.210000,,213.0,212.0,,221.0,False,SOFT,4.0,True,McLaren,0 days 01:03:15.845000,2026-05-23 20:51:32.899,1,,False,,False,False
0 days 01:08:51.192000,NOR,1,0 days 00:01:31.818000,25.0,6.0,0 days 01:07:23.950000,,0 days 00:00:32.387000,0 days 00:00:25.272000,0 days 00:00:34.159000,0 days 01:07:51.761000,0 days 01:08:17.033000,0 days 01:08:51.192000,228.0,269.0,233.0,251.0,False,SOFT,1.0,True,McLaren,0 days 01:07:19.374000,2026-05-23 20:55:36.428,1,,False,,False,False
0 days 01:10:21.858000,NOR,1,0 days 00:01:30.666000,26.0,6.0,,,0 days 00:00:22.572000,0 days 00:00:25.512000,0 days 00:00:42.582000,0 days 01:09:13.764000,0 days 01:09:39.276000,0 days 01:10:21.858000,231.0,239.0,260.0,252.0,False,SOFT,2.0,True,McLaren,0 days 01:08:51.192000,2026-05-23 20:57:08.246,1,,False,,False,True
0 days 01:11:34.592000,NOR,1,0 days 00:01:12.734000,27.0,6.0,,,0 days 00:00:20.687000,0 days 00:00:22.927000,0 days 00:00:29.120000,0 days 01:10:42.545000,0 days 01:11:05.472000,0 days 01:11:34.592000,250.0,288.0,270.0,313.0,False,SOFT,3.0,True,McLaren,0 days 01:10:21.858000,2026-05-23 20:58:38.912,1,,False,,False,True
0 days 01:13:23.565000,NOR,1,0 days 00:01:48.973000,28.0,6.0,,0 days 01:13:04.812000,0 days 00:00:27.347000,0 days 00:00:31.086000,0 days 00:00:50.540000,0 days 01:12:01.939000,0 days 01:12:33.025000,0 days 01:13:23.565000,194.0,179.0,,198.0,False,SOFT,4.0,True,McLaren,0 days 01:11:34.592000,2026-05-23 20:59:51.646,1,,False,,False,False
0 days 00:14:40.490000,PIA,81,0 days 00:01:46.720000,1.0,1.0,0 days 00:12:58.654000,,0 days 00:00:41.317000,0 days 00:00:26.607000,0 days 00:00:38.796000,0 days 00:13:35.164000,0 days 00:14:01.717000,0 days 00:14:40.679000,231.0,264.0,265.0,123.0,False,SOFT,6.0,False,McLaren,0 days 00:12:58.654000,2026-05-23 20:01:15.708,1,,False,,False,False
0 days 00:15:55.595000,PIA,81,0 days 00:01:15.105000,2.0,1.0,,,0 days 00:00:21.451000,0 days 00:00:23.866000,0 days 00:00:29.788000,0 days 00:15:01.941000,0 days 00:15:25.807000,0 days 00:15:55.595000,252.0,288.0,272.0,316.0,True,SOFT,7.0,False,McLaren,0 days 00:14:40.490000,2026-05-23 20:02:57.544,1,,False,,False,True
0 days 00:17:34.854000,PIA,81,0 days 00:01:39.259000,3.0,1.0,,,0 days 00:00:29.950000,0 days 00:00:30.585000,0 days 00:00:38.724000,0 days 00:16:25.545000,0 days 00:16:56.130000,0 days 00:17:34.854000,193.0,215.0,264.0,228.0,False,SOFT,8.0,False,McLaren,0 days 00:15:55.595000,2026-05-23 20:04:12.649,1,,False,,False,True
0 days 00:18:49.075000,PIA,81,0 days 00:01:14.221000,4.0,1.0,,,0 days 00:00:21.210000,0 days 00:00:23.471000,0 days 00:00:29.540000,0 days 00:17:56.064000,0 days 00:18:19.535000,0 days 00:18:49.075000,253.0,289.0,272.0,315.0,True,SOFT,9.0,False,McLaren,0 days 00:17:34.854000,2026-05-23 20:05:51.908,1,,False,,False,True
0 days 00:22:37.469000,PIA,81,,5.0,1.0,,0 days 00:20:13.368000,0 days 00:00:24.331000,0 days 00:00:28.701000,,0 days 00:19:13.429000,0 days 00:19:42.105000,,215.0,230.0,,237.0,False,SOFT,10.0,False,McLaren,0 days 00:18:49.075000,2026-05-23 20:07:06.129,1,,False,,False,False
0 days 00:24:13.405000,PIA,81,0 days 00:01:35.936000,6.0,2.0,0 days 00:22:39.171000,,0 days 00:00:31.248000,0 days 00:00:26.281000,0 days 00:00:38.407000,0 days 00:23:08.717000,0 days 00:23:34.998000,0 days 00:24:13.405000,242.0,267.0,243.0,240.0,False,SOFT,11.0,False,McLaren,0 days 00:22:37.469000,2026-05-23 20:10:54.523,1,,False,,False,False
0 days 00:25:40.802000,PIA,81,0 days 00:01:27.397000,7.0,2.0,,,0 days 00:00:23.744000,0 days 00:00:26.375000,0 days 00:00:37.278000,0 days 00:24:37.149000,0 days 00:25:03.524000,0 days 00:25:40.802000,236.0,268.0,267.0,258.0,False,SOFT,12.0,False,McLaren,0 days 00:24:13.405000,2026-05-23 20:12:30.459,1,,False,,False,True
0 days 00:26:54.361000,PIA,81,0 days 00:01:13.559000,8.0,2.0,,,0 days 00:00:21.055000,0 days 00:00:23.116000,0 days 00:00:29.388000,0 days 00:26:01.857000,0 days 00:26:24.973000,0 days 00:26:54.361000,254.0,288.0,272.0,315.0,True,SOFT,13.0,False,McLaren,0 days 00:25:40.802000,2026-05-23 20:13:57.856,1,,False,,False,True
0 days 00:28:32.989000,PIA,81,0 days 00:01:38.628000,9.0,2.0,,,0 days 00:00:27.771000,0 days 00:00:32.025000,0 days 00:00:38.832000,0 days 00:27:22.132000,0 days 00:27:54.157000,0 days 00:28:32.989000,196.0,216.0,269.0,243.0,False,SOFT,14.0,False,McLaren,0 days 00:26:54.361000,2026-05-23 20:15:11.415,1,,False,,False,True
0 days 00:29:49.965000,PIA,81,0 days 00:01:16.976000,10.0,2.0,,,0 days 00:00:21.239000,0 days 00:00:23.262000,0 days 00:00:32.475000,0 days 00:28:54.228000,0 days 00:29:17.490000,0 days 00:29:49.965000,252.0,290.0,204.0,318.0,False,SOFT,15.0,False,McLaren,0 days 00:28:32.989000,2026-05-23 20:16:50.043,1,,True,TRACK LIMITS AT TURN 14 LAP 11 ,False,True
0 days 00:36:57.792000,PIA,81,,11.0,2.0,,0 days 00:31:13.288000,0 days 00:00:26.362000,0 days 00:00:26.519000,,0 days 00:30:16.358000,0 days 00:30:42.869000,,237.0,227.0,,238.0,False,SOFT,16.0,False,McLaren,0 days 00:29:49.965000,2026-05-23 20:18:07.019,12,,False,,False,False
0 days 00:38:42.806000,PIA,81,0 days 00:01:45.014000,12.0,3.0,0 days 00:37:01.296000,,0 days 00:00:43.144000,0 days 00:00:26.424000,0 days 00:00:35.446000,0 days 00:37:40.936000,0 days 00:38:07.360000,0 days 00:38:42.806000,244.0,266.0,246.0,250.0,False,SOFT,1.0,True,McLaren,0 days 00:36:57.792000,2026-05-23 20:25:14.846,1,,False,,False,False
0 days 00:40:13.964000,PIA,81,0 days 00:01:31.158000,13.0,3.0,,,0 days 00:00:23.697000,0 days 00:00:26.259000,0 days 00:00:41.202000,0 days 00:39:06.503000,0 days 00:39:32.762000,0 days 00:40:13.964000,235.0,246.0,267.0,203.0,True,SOFT,2.0,True,McLaren,0 days 00:38:42.806000,2026-05-23 20:26:59.860,1,,False,,False,True
0 days 00:41:27.380000,PIA,81,0 days 00:01:13.416000,14.0,3.0,,,0 days 00:00:20.937000,0 days 00:00:23.056000,0 days 00:00:29.423000,0 days 00:40:34.901000,0 days 00:40:57.957000,0 days 00:41:27.380000,250.0,289.0,274.0,313.0,True,SOFT,3.0,True,McLaren,0 days 00:40:13.964000,2026-05-23 20:28:31.018,1,,False,,False,True
0 days 00:43:05.756000,PIA,81,0 days 00:01:38.376000,15.0,3.0,,,0 days 00:00:31.809000,0 days 00:00:30.001000,0 days 00:00:36.566000,0 days 00:41:59.189000,0 days 00:42:29.190000,0 days 00:43:05.756000,193.0,226.0,267.0,249.0,False,SOFT,4.0,True,McLaren,0 days 00:41:27.380000,2026-05-23 20:29:44.434,1,,False,,False,True
0 days 00:46:20.244000,PIA,81,,16.0,3.0,,0 days 00:44:25.993000,0 days 00:00:22.225000,0 days 00:00:27.887000,,0 days 00:43:28.021000,0 days 00:43:55.993000,,206.0,233.0,,247.0,False,SOFT,5.0,True,McLaren,0 days 00:43:05.756000,2026-05-23 20:31:22.810,1,,False,,False,False
0 days 00:47:50.906000,PIA,81,0 days 00:01:30.662000,17.0,4.0,0 days 00:46:22.167000,,0 days 00:00:29.819000,0 days 00:00:25.892000,0 days 00:00:34.951000,0 days 00:46:50.063000,0 days 00:47:15.955000,0 days 00:47:50.906000,243.0,268.0,238.0,253.0,False,UNKNOWN,1.0,False,McLaren,0 days 00:46:20.244000,2026-05-23 20:34:37.298,1,,False,,False,False
0 days 00:49:22.271000,PIA,81,0 days 00:01:31.365000,18.0,4.0,,,0 days 00:00:23.800000,0 days 00:00:26.673000,0 days 00:00:40.892000,0 days 00:48:14.706000,0 days 00:48:41.379000,0 days 00:49:22.271000,233.0,246.0,270.0,162.0,False,UNKNOWN,2.0,False,McLaren,0 days 00:47:50.906000,2026-05-23 20:36:07.960,1,,False,,False,True
0 days 00:50:52.114000,PIA,81,0 days 00:01:29.843000,19.0,4.0,,,0 days 00:00:21.093000,0 days 00:00:27.739000,0 days 00:00:41.011000,0 days 00:49:43.364000,0 days 00:50:11.103000,0 days 00:50:52.114000,254.0,233.0,271.0,177.0,False,UNKNOWN,3.0,False,McLaren,0 days 00:49:22.271000,2026-05-23 20:37:39.325,1,,False,,False,True
0 days 00:52:05.399000,PIA,81,0 days 00:01:13.285000,20.0,4.0,,,0 days 00:00:21.022000,0 days 00:00:22.994000,0 days 00:00:29.269000,0 days 00:51:13.136000,0 days 00:51:36.130000,0 days 00:52:05.399000,255.0,290.0,273.0,316.0,True,UNKNOWN,4.0,False,McLaren,0 days 00:50:52.114000,2026-05-23 20:39:09.168,1,,False,,False,True
0 days 00:58:03.735000,PIA,81,,21.0,4.0,,0 days 00:53:31.819000,0 days 00:00:24.994000,0 days 00:00:28.892000,,0 days 00:52:30.570000,0 days 00:52:59.474000,,197.0,227.0,,230.0,False,UNKNOWN,5.0,False,McLaren,0 days 00:52:05.399000,2026-05-23 20:40:22.453,1,,False,,False,False
0 days 01:00:26.310000,PIA,81,0 days 00:02:22.575000,22.0,5.0,0 days 00:58:54.637000,,0 days 00:01:20.739000,0 days 00:00:26.415000,0 days 00:00:35.421000,0 days 00:59:24.474000,0 days 00:59:50.889000,0 days 01:00:26.310000,246.0,267.0,205.0,253.0,False,SOFT,1.0,True,McLaren,0 days 00:58:03.735000,2026-05-23 20:46:20.789,1,,False,,False,False
0 days 01:01:55.751000,PIA,81,0 days 00:01:29.441000,23.0,5.0,,,0 days 00:00:26.426000,0 days 00:00:26.018000,0 days 00:00:36.997000,0 days 01:00:52.736000,0 days 01:01:18.754000,0 days 01:01:55.751000,233.0,240.0,269.0,201.0,True,SOFT,2.0,True,McLaren,0 days 01:00:26.310000,2026-05-23 20:48:43.364,1,,False,,False,True
0 days 01:03:08.754000,PIA,81,0 days 00:01:13.003000,24.0,5.0,,,0 days 00:00:20.873000,0 days 00:00:22.988000,0 days 00:00:29.142000,0 days 01:02:16.624000,0 days 01:02:39.612000,0 days 01:03:08.754000,253.0,289.0,273.0,315.0,True,SOFT,3.0,True,McLaren,0 days 01:01:55.751000,2026-05-23 20:50:12.805,1,,False,,False,True
0 days 01:07:26.705000,PIA,81,,25.0,5.0,,0 days 01:04:31.630000,0 days 00:00:25.078000,0 days 00:00:27.909000,,0 days 01:03:33.905000,0 days 01:04:01.949000,,199.0,248.0,,237.0,False,SOFT,4.0,True,McLaren,0 days 01:03:08.754000,2026-05-23 20:51:25.808,1,,False,,False,False
0 days 01:09:01.813000,PIA,81,0 days 00:01:35.108000,26.0,6.0,0 days 01:07:31.110000,,0 days 00:00:34.086000,0 days 00:00:26.064000,0 days 00:00:34.958000,0 days 01:08:00.791000,0 days 01:08:26.855000,0 days 01:09:01.813000,246.0,266.0,234.0,253.0,False,SOFT,1.0,True,McLaren,0 days 01:07:26.705000,2026-05-23 20:55:43.759,1,,False,,False,False
0 days 01:10:30.645000,PIA,81,0 days 00:01:28.832000,27.0,6.0,,,0 days 00:00:24.200000,0 days 00:00:26.493000,0 days 00:00:38.139000,0 days 01:09:26.013000,0 days 01:09:52.506000,0 days 01:10:30.645000,233.0,246.0,267.0,230.0,False,SOFT,2.0,True,McLaren,0 days 01:09:01.813000,2026-05-23 20:57:18.867,1,,False,,False,True
0 days 01:11:43.426000,PIA,81,0 days 00:01:12.781000,28.0,6.0,,,0 days 00:00:20.774000,0 days 00:00:22.926000,0 days 00:00:29.081000,0 days 01:10:51.419000,0 days 01:11:14.345000,0 days 01:11:43.426000,254.0,290.0,272.0,316.0,True,SOFT,3.0,True,McLaren,0 days 01:10:30.645000,2026-05-23 20:58:47.699,1,,False,,False,True
0 days 01:13:14.355000,PIA,81,,29.0,6.0,,0 days 01:13:14.355000,0 days 00:00:25.648000,0 days 00:00:28.859000,,0 days 01:12:09.179000,0 days 01:12:38.082000,,215.0,200.0,,188.0,False,SOFT,4.0,True,McLaren,0 days 01:11:43.426000,2026-05-23 21:00:00.480,1,,False,,False,False
0 days 00:15:27.043000,HAM,44,0 days 00:01:41.217000,1.0,1.0,0 days 00:13:50.299000,,0 days 00:00:33.607000,0 days 00:00:31.012000,0 days 00:00:36.598000,0 days 00:14:19.578000,0 days 00:14:50.548000,0 days 00:15:27.348000,220.0,249.0,236.0,253.0,False,SOFT,6.0,False,Ferrari,0 days 00:13:50.299000,2026-05-23 20:02:07.353,1,,False,,False,False
0 days 00:16:58.595000,HAM,44,0 days 00:01:31.552000,2.0,1.0,,,0 days 00:00:23.352000,0 days 00:00:26.058000,0 days 00:00:42.142000,0 days 00:15:50.395000,0 days 00:16:16.453000,0 days 00:16:58.595000,239.0,254.0,277.0,178.0,True,SOFT,7.0,False,Ferrari,0 days 00:15:27.043000,2026-05-23 20:03:44.097,1,,False,,False,True
0 days 00:18:13.430000,HAM,44,0 days 00:01:14.835000,3.0,1.0,,,0 days 00:00:21.365000,0 days 00:00:23.934000,0 days 00:00:29.536000,0 days 00:17:19.960000,0 days 00:17:43.894000,0 days 00:18:13.430000,246.0,283.0,270.0,328.0,True,SOFT,8.0,False,Ferrari,0 days 00:16:58.595000,2026-05-23 20:05:15.649,1,,False,,False,True
0 days 00:19:48.900000,HAM,44,0 days 00:01:35.470000,4.0,1.0,,,0 days 00:00:27.930000,0 days 00:00:30.969000,0 days 00:00:36.571000,0 days 00:18:41.360000,0 days 00:19:12.329000,0 days 00:19:48.900000,181.0,249.0,279.0,264.0,False,SOFT,9.0,False,Ferrari,0 days 00:18:13.430000,2026-05-23 20:06:30.484,1,,False,,False,True
0 days 00:21:03.202000,HAM,44,0 days 00:01:14.302000,5.0,1.0,,,0 days 00:00:21.180000,0 days 00:00:23.558000,0 days 00:00:29.564000,0 days 00:20:10.080000,0 days 00:20:33.638000,0 days 00:21:03.202000,245.0,283.0,267.0,321.0,True,SOFT,10.0,False,Ferrari,0 days 00:19:48.900000,2026-05-23 20:08:05.954,1,,False,,False,True
0 days 00:22:39.105000,HAM,44,0 days 00:01:35.903000,6.0,1.0,,,0 days 00:00:25.274000,0 days 00:00:32.812000,0 days 00:00:37.817000,0 days 00:21:28.476000,0 days 00:22:01.288000,0 days 00:22:39.105000,191.0,198.0,276.0,256.0,False,SOFT,11.0,False,Ferrari,0 days 00:21:03.202000,2026-05-23 20:09:20.256,1,,False,,False,True
0 days 00:23:53.079000,HAM,44,0 days 00:01:13.974000,7.0,1.0,,,0 days 00:00:20.943000,0 days 00:00:23.470000,0 days 00:00:29.561000,0 days 00:23:00.048000,0 days 00:23:23.518000,0 days 00:23:53.079000,247.0,281.0,266.0,317.0,True,SOFT,12.0,False,Ferrari,0 days 00:22:39.105000,2026-05-23 20:10:56.159,1,,False,,False,True
0 days 00:25:33.921000,HAM,44,0 days 00:01:40.842000,8.0,1.0,,,0 days 00:00:28.463000,0 days 00:00:31.049000,0 days 00:00:41.330000,0 days 00:24:21.542000,0 days 00:24:52.591000,0 days 00:25:33.921000,162.0,251.0,278.0,216.0,False,SOFT,13.0,False,Ferrari,0 days 00:23:53.079000,2026-05-23 20:12:10.133,1,,False,,False,True
0 days 00:27:04.844000,HAM,44,0 days 00:01:30.923000,9.0,1.0,,,0 days 00:00:29.284000,0 days 00:00:25.943000,0 days 00:00:35.696000,0 days 00:26:03.205000,0 days 00:26:29.148000,0 days 00:27:04.844000,219.0,234.0,280.0,257.0,False,SOFT,14.0,False,Ferrari,0 days 00:25:33.921000,2026-05-23 20:13:50.975,1,,True,TRACK LIMITS AT TURN 1 LAP 10 ,False,True
0 days 00:28:18.611000,HAM,44,0 days 00:01:13.767000,10.0,1.0,,,0 days 00:00:20.758000,0 days 00:00:23.432000,0 days 00:00:29.577000,0 days 00:27:25.602000,0 days 00:27:49.034000,0 days 00:28:18.611000,248.0,281.0,267.0,316.0,True,SOFT,15.0,False,Ferrari,0 days 00:27:04.844000,2026-05-23 20:15:21.898,1,,False,,False,True
0 days 00:37:21.217000,HAM,44,,11.0,1.0,,0 days 00:29:40.355000,0 days 00:00:25.491000,0 days 00:00:28.977000,,0 days 00:28:44.371000,0 days 00:29:13.250000,,203.0,263.0,,279.0,False,SOFT,16.0,False,Ferrari,0 days 00:28:18.611000,2026-05-23 20:16:35.665,12,,False,,False,False
0 days 00:39:09.361000,HAM,44,0 days 00:01:48.144000,12.0,2.0,0 days 00:37:30.576000,,0 days 00:00:44.757000,0 days 00:00:27.704000,0 days 00:00:35.683000,0 days 00:38:05.974000,0 days 00:38:33.678000,0 days 00:39:09.361000,226.0,254.0,235.0,248.0,False,SOFT,1.0,True,Ferrari,0 days 00:37:21.217000,2026-05-23 20:25:38.271,1,,False,,False,False
0 days 00:40:37.498000,HAM,44,0 days 00:01:28.137000,13.0,2.0,,,0 days 00:00:23.660000,0 days 00:00:26.088000,0 days 00:00:38.389000,0 days 00:39:33.021000,0 days 00:39:59.109000,0 days 00:40:37.498000,234.0,254.0,279.0,247.0,True,SOFT,2.0,True,Ferrari,0 days 00:39:09.361000,2026-05-23 20:27:26.415,1,,False,,False,True
0 days 00:41:50.768000,HAM,44,0 days 00:01:13.270000,14.0,2.0,,,0 days 00:00:20.753000,0 days 00:00:23.175000,0 days 00:00:29.342000,0 days 00:40:58.251000,0 days 00:41:21.426000,0 days 00:41:50.768000,251.0,285.0,268.0,319.0,True,SOFT,3.0,True,Ferrari,0 days 00:40:37.498000,2026-05-23 20:28:54.552,1,,False,,False,True
0 days 00:43:29.030000,HAM,44,0 days 00:01:38.262000,15.0,2.0,,,0 days 00:00:28.428000,0 days 00:00:32.809000,0 days 00:00:37.025000,0 days 00:42:19.196000,0 days 00:42:52.005000,0 days 00:43:29.030000,164.0,247.0,278.0,250.0,False,SOFT,4.0,True,Ferrari,0 days 00:41:50.768000,2026-05-23 20:30:07.822,1,,False,,False,True
0 days 00:46:37.053000,HAM,44,,16.0,2.0,,0 days 00:44:45.277000,0 days 00:00:20.902000,0 days 00:00:26.387000,,0 days 00:43:49.917000,0 days 00:44:16.375000,,248.0,260.0,,273.0,False,SOFT,5.0,True,Ferrari,0 days 00:43:29.030000,2026-05-23 20:31:46.084,1,,False,,False,False
0 days 00:48:04.717000,HAM,44,0 days 00:01:27.664000,17.0,3.0,0 days 00:46:38.521000,,0 days 00:00:26.840000,0 days 00:00:25.863000,0 days 00:00:34.961000,0 days 00:47:03.893000,0 days 00:47:29.756000,0 days 00:48:04.717000,240.0,264.0,247.0,253.0,False,SOFT,1.0,True,Ferrari,0 days 00:46:37.053000,2026-05-23 20:34:54.107,1,,False,,False,False
0 days 00:49:29.922000,HAM,44,0 days 00:01:25.205000,18.0,3.0,,,0 days 00:00:22.972000,0 days 00:00:25.718000,0 days 00:00:36.515000,0 days 00:48:27.689000,0 days 00:48:53.407000,0 days 00:49:29.922000,237.0,251.0,281.0,254.0,False,SOFT,2.0,True,Ferrari,0 days 00:48:04.717000,2026-05-23 20:36:21.771,1,,False,,False,True
0 days 00:50:42.963000,HAM,44,0 days 00:01:13.041000,19.0,3.0,,,0 days 00:00:20.658000,0 days 00:00:23.081000,0 days 00:00:29.302000,0 days 00:49:50.580000,0 days 00:50:13.661000,0 days 00:50:42.963000,245.0,285.0,268.0,316.0,True,SOFT,3.0,True,Ferrari,0 days 00:49:29.922000,2026-05-23 20:37:46.976,1,,False,,False,True
0 days 00:59:07.904000,HAM,44,,20.0,3.0,,0 days 00:52:12.982000,0 days 00:00:28.290000,0 days 00:00:31.963000,,0 days 00:51:11.427000,0 days 00:51:43.286000,,192.0,265.0,,167.0,False,SOFT,4.0,True,Ferrari,0 days 00:50:42.963000,2026-05-23 20:39:00.017,1,,False,,False,False
0 days 01:00:44.247000,HAM,44,0 days 00:01:36.343000,21.0,4.0,0 days 00:59:12.448000,,0 days 00:00:34.225000,0 days 00:00:26.327000,0 days 00:00:35.791000,0 days 00:59:42.129000,0 days 01:00:08.456000,0 days 01:00:44.247000,229.0,255.0,234.0,248.0,False,SOFT,1.0,True,Ferrari,0 days 00:59:07.904000,2026-05-23 20:47:24.958,1,,False,,False,False
0 days 01:02:14.808000,HAM,44,0 days 00:01:30.561000,22.0,4.0,,,0 days 00:00:22.637000,0 days 00:00:25.430000,0 days 00:00:42.494000,0 days 01:01:06.884000,0 days 01:01:32.314000,0 days 01:02:14.808000,241.0,248.0,279.0,247.0,True,SOFT,2.0,True,Ferrari,0 days 01:00:44.247000,2026-05-23 20:49:01.301,1,,False,,False,True
0 days 01:03:27.676000,HAM,44,0 days 00:01:12.868000,23.0,4.0,,,0 days 00:00:20.606000,0 days 00:00:23.029000,0 days 00:00:29.233000,0 days 01:02:35.414000,0 days 01:02:58.443000,0 days 01:03:27.676000,250.0,283.0,266.0,318.0,True,SOFT,3.0,True,Ferrari,0 days 01:02:14.808000,2026-05-23 20:50:31.862,1,,False,,False,True
0 days 01:06:59.813000,HAM,44,,24.0,4.0,,0 days 01:04:45.671000,0 days 00:00:22.647000,0 days 00:00:26.119000,,0 days 01:03:50.339000,0 days 01:04:16.425000,,232.0,243.0,,255.0,False,SOFT,4.0,True,Ferrari,0 days 01:03:27.676000,2026-05-23 20:51:44.730,1,,False,,False,False
0 days 01:08:45.271000,HAM,44,0 days 00:01:45.458000,25.0,5.0,0 days 01:07:14.585000,,0 days 00:00:43.736000,0 days 00:00:26.223000,0 days 00:00:35.499000,0 days 01:07:43.549000,0 days 01:08:09.772000,0 days 01:08:45.271000,238.0,254.0,234.0,247.0,False,SOFT,1.0,True,Ferrari,0 days 01:06:59.813000,2026-05-23 20:55:16.867,1,,False,,False,False
0 days 01:10:14.102000,HAM,44,0 days 00:01:28.831000,26.0,5.0,,,0 days 00:00:22.613000,0 days 00:00:25.463000,0 days 00:00:40.755000,0 days 01:09:07.884000,0 days 01:09:33.347000,0 days 01:10:14.102000,241.0,253.0,268.0,252.0,False,SOFT,2.0,True,Ferrari,0 days 01:08:45.271000,2026-05-23 20:57:02.325,1,,False,,False,True
0 days 01:11:31.513000,HAM,44,,27.0,5.0,,0 days 01:11:31.513000,0 days 00:00:20.732000,0 days 00:00:23.540000,,0 days 01:10:34.835000,0 days 01:10:58.372000,,250.0,257.0,,188.0,False,SOFT,3.0,True,Ferrari,0 days 01:10:14.102000,2026-05-23 20:58:31.156,1,,False,,False,False
0 days 00:15:44.837000,VER,3,0 days 00:01:46.145000,1.0,1.0,0 days 00:14:02.045000,,0 days 00:00:38.887000,0 days 00:00:28.521000,0 days 00:00:38.737000,0 days 00:14:37.627000,0 days 00:15:06.100000,0 days 00:15:44.954000,203.0,242.0,272.0,254.0,False,SOFT,5.0,False,Red Bull Racing,0 days 00:14:02.045000,2026-05-23 20:02:19.099,1,,False,,False,False
0 days 00:16:59.446000,VER,3,0 days 00:01:14.609000,2.0,1.0,,,0 days 00:00:21.382000,0 days 00:00:23.540000,0 days 00:00:29.687000,0 days 00:16:06.219000,0 days 00:16:29.759000,0 days 00:16:59.446000,248.0,282.0,280.0,313.0,True,SOFT,6.0,False,Red Bull Racing,0 days 00:15:44.837000,2026-05-23 20:04:01.891,1,,False,,False,True
0 days 00:18:36.618000,VER,3,0 days 00:01:37.172000,3.0,1.0,,,0 days 00:00:28.296000,0 days 00:00:28.082000,0 days 00:00:40.794000,0 days 00:17:27.742000,0 days 00:17:55.824000,0 days 00:18:36.618000,223.0,219.0,275.0,238.0,False,SOFT,7.0,False,Red Bull Racing,0 days 00:16:59.446000,2026-05-23 20:05:16.500,1,,False,,False,True
0 days 00:19:50.685000,VER,3,0 days 00:01:14.067000,4.0,1.0,,,0 days 00:00:21.105000,0 days 00:00:23.496000,0 days 00:00:29.466000,0 days 00:18:57.723000,0 days 00:19:21.219000,0 days 00:19:50.685000,249.0,285.0,283.0,319.0,True,SOFT,8.0,False,Red Bull Racing,0 days 00:18:36.618000,2026-05-23 20:06:53.672,1,,False,,False,True
0 days 00:37:36.219000,VER,3,,5.0,1.0,,0 days 00:21:11.833000,0 days 00:00:25.254000,0 days 00:00:27.520000,,0 days 00:20:15.913000,0 days 00:20:43.498000,,190.0,248.0,,276.0,False,SOFT,9.0,False,Red Bull Racing,0 days 00:19:50.685000,2026-05-23 20:08:07.739,12,,False,,False,False
0 days 00:39:24.687000,VER,3,0 days 00:01:48.468000,6.0,2.0,0 days 00:37:39.785000,,0 days 00:00:46.222000,0 days 00:00:26.639000,0 days 00:00:35.607000,0 days 00:38:22.441000,0 days 00:38:49.080000,0 days 00:39:24.687000,222.0,239.0,276.0,247.0,False,SOFT,1.0,True,Red Bull Racing,0 days 00:37:36.219000,2026-05-23 20:25:53.273,1,,False,,False,False
0 days 00:40:49.192000,VER,3,0 days 00:01:24.505000,7.0,2.0,,,0 days 00:00:20.958000,0 days 00:00:26.245000,0 days 00:00:37.302000,0 days 00:39:45.645000,0 days 00:40:11.890000,0 days 00:40:49.192000,252.0,248.0,276.0,275.0,True,SOFT,2.0,True,Red Bull Racing,0 days 00:39:24.687000,2026-05-23 20:27:41.741,1,,False,,False,True
0 days 00:42:16.663000,VER,3,0 days 00:01:27.471000,8.0,2.0,,,0 days 00:00:24.643000,0 days 00:00:28.822000,0 days 00:00:34.006000,0 days 00:41:13.835000,0 days 00:41:42.657000,0 days 00:42:16.663000,215.0,258.0,272.0,283.0,False,SOFT,3.0,True,Red Bull Racing,0 days 00:40:49.192000,2026-05-23 20:29:06.246,1,,True,TRACK LIMITS AT TURN 1 LAP 9 ,False,True
0 days 00:43:30.142000,VER,3,0 days 00:01:13.479000,9.0,2.0,,,0 days 00:00:20.952000,0 days 00:00:23.285000,0 days 00:00:29.242000,0 days 00:42:37.615000,0 days 00:43:00.900000,0 days 00:43:30.142000,250.0,284.0,281.0,314.0,True,SOFT,4.0,True,Red Bull Racing,0 days 00:42:16.663000,2026-05-23 20:30:33.717,1,,False,,False,True
0 days 00:46:57.577000,VER,3,,10.0,2.0,,0 days 00:44:47.920000,0 days 00:00:23.024000,0 days 00:00:26.111000,,0 days 00:43:53.226000,0 days 00:44:19.474000,,222.0,262.0,,258.0,False,SOFT,5.0,True,Red Bull Racing,0 days 00:43:30.142000,2026-05-23 20:31:47.196,1,,False,,False,False
0 days 00:48:30.242000,VER,3,0 days 00:01:32.665000,11.0,3.0,0 days 00:46:59.723000,,0 days 00:00:29.027000,0 days 00:00:27.801000,0 days 00:00:35.837000,0 days 00:47:26.604000,0 days 00:47:54.405000,0 days 00:48:30.242000,214.0,240.0,250.0,246.0,False,SOFT,1.0,True,Red Bull Racing,0 days 00:46:57.577000,2026-05-23 20:35:14.631,1,,False,,False,False
0 days 00:49:57.297000,VER,3,0 days 00:01:27.055000,12.0,3.0,,,0 days 00:00:24.351000,0 days 00:00:27.536000,0 days 00:00:35.168000,0 days 00:48:54.593000,0 days 00:49:22.129000,0 days 00:49:57.297000,221.0,243.0,276.0,245.0,False,SOFT,2.0,True,Red Bull Racing,0 days 00:48:30.242000,2026-05-23 20:36:47.296,1,,False,,False,True
0 days 00:51:10.850000,VER,3,0 days 00:01:13.553000,13.0,3.0,,,0 days 00:00:20.793000,0 days 00:00:23.336000,0 days 00:00:29.424000,0 days 00:50:18.090000,0 days 00:50:41.426000,0 days 00:51:10.850000,251.0,285.0,281.0,314.0,False,SOFT,3.0,True,Red Bull Racing,0 days 00:49:57.297000,2026-05-23 20:38:14.351,1,,False,,False,True
0 days 00:58:45.122000,VER,3,,14.0,3.0,,0 days 00:52:31.773000,0 days 00:00:24.478000,0 days 00:00:27.674000,,0 days 00:51:35.388000,0 days 00:52:03.058000,,175.0,262.0,,281.0,False,SOFT,4.0,True,Red Bull Racing,0 days 00:51:10.850000,2026-05-23 20:39:27.904,1,,False,,False,False
0 days 01:00:14.505000,VER,3,,15.0,4.0,0 days 00:58:45.122000,,,0 days 00:00:27.155000,0 days 00:00:35.446000,,0 days 00:59:39.268000,0 days 01:00:14.599000,230.0,231.0,249.0,249.0,False,SOFT,1.0,True,Red Bull Racing,0 days 00:58:45.122000,2026-05-23 20:47:02.176,1,,False,,False,False
0 days 01:01:40.375000,VER,3,0 days 00:01:25.870000,16.0,4.0,,,0 days 00:00:24.066000,0 days 00:00:27.112000,0 days 00:00:34.692000,0 days 01:00:38.571000,0 days 01:01:05.683000,0 days 01:01:40.375000,220.0,239.0,276.0,246.0,True,SOFT,2.0,True,Red Bull Racing,0 days 01:00:14.505000,2026-05-23 20:48:31.559,1,,False,,False,True
0 days 01:02:53.848000,VER,3,0 days 00:01:13.473000,17.0,4.0,,,0 days 00:00:20.633000,0 days 00:00:23.484000,0 days 00:00:29.356000,0 days 01:02:01.008000,0 days 01:02:24.492000,0 days 01:02:53.848000,251.0,282.0,275.0,314.0,True,SOFT,3.0,True,Red Bull Racing,0 days 01:01:40.375000,2026-05-23 20:49:57.429,1,,False,,False,True
0 days 01:06:41.270000,VER,3,,18.0,4.0,,0 days 01:04:14.075000,0 days 00:00:26.304000,0 days 00:00:26.222000,,0 days 01:03:20.242000,0 days 01:03:46.515000,,219.0,260.0,,281.0,False,SOFT,4.0,True,Red Bull Racing,0 days 01:02:53.848000,2026-05-23 20:51:10.902,1,,False,,False,False
0 days 01:08:11.030000,VER,3,0 days 00:01:29.760000,19.0,5.0,0 days 01:06:42.789000,,0 days 00:00:25.792000,0 days 00:00:26.266000,0 days 00:00:37.702000,0 days 01:07:07.062000,0 days 01:07:33.328000,0 days 01:08:11.030000,231.0,238.0,276.0,247.0,False,SOFT,1.0,True,Red Bull Racing,0 days 01:06:41.270000,2026-05-23 20:54:58.324,1,,False,,False,False
0 days 01:09:24.532000,VER,3,0 days 00:01:13.502000,20.0,5.0,,,0 days 00:00:20.736000,0 days 00:00:23.302000,0 days 00:00:29.464000,0 days 01:08:31.766000,0 days 01:08:55.068000,0 days 01:09:24.532000,252.0,281.0,271.0,314.0,False,SOFT,2.0,True,Red Bull Racing,0 days 01:08:11.030000,2026-05-23 20:56:28.084,1,,False,,False,True
0 days 01:11:00.590000,VER,3,0 days 00:01:36.058000,21.0,5.0,,,0 days 00:00:26.781000,0 days 00:00:29.659000,0 days 00:00:39.618000,0 days 01:09:51.313000,0 days 01:10:20.972000,0 days 01:11:00.590000,180.0,248.0,275.0,221.0,False,SOFT,3.0,True,Red Bull Racing,0 days 01:09:24.532000,2026-05-23 20:57:41.586,1,,False,,False,True
0 days 01:12:13.497000,VER,3,0 days 00:01:12.907000,22.0,5.0,,,0 days 00:00:20.580000,0 days 00:00:23.155000,0 days 00:00:29.172000,0 days 01:11:21.170000,0 days 01:11:44.325000,0 days 01:12:13.497000,251.0,285.0,280.0,318.0,True,SOFT,4.0,True,Red Bull Racing,0 days 01:11:00.590000,2026-05-23 20:59:17.644,1,,False,,False,True
0 days 01:13:43.347000,VER,3,,23.0,5.0,,0 days 01:13:43.347000,0 days 00:00:26.944000,0 days 00:00:29.652000,,0 days 01:12:40.638000,0 days 01:13:10.243000,,182.0,214.0,,248.0,False,SOFT,5.0,True,Red Bull Racing,0 days 01:12:13.497000,2026-05-23 21:00:30.551,1,,False,,False,False
0 days 00:16:52.005000,HAD,6,0 days 00:01:44.644000,1.0,1.0,0 days 00:15:08.844000,,0 days 00:00:28.412000,0 days 00:00:28.165000,0 days 00:00:48.067000,0 days 00:15:35.845000,0 days 00:16:04.076000,0 days 00:16:52.328000,232.0,242.0,274.0,212.0,False,SOFT,6.0,False,Red Bull Racing,0 days 00:15:08.844000,2026-05-23 20:03:25.898,1,,False,,False,False
0 days 00:18:07.386000,HAD,6,0 days 00:01:15.381000,2.0,1.0,,,0 days 00:00:21.443000,0 days 00:00:23.960000,0 days 00:00:29.978000,0 days 00:17:13.448000,0 days 00:17:37.408000,0 days 00:18:07.386000,249.0,284.0,272.0,315.0,True,SOFT,7.0,False,Red Bull Racing,0 days 00:16:52.005000,2026-05-23 20:05:09.059,1,,False,,False,True
0 days 00:19:43.664000,HAD,6,0 days 00:01:36.278000,3.0,1.0,,,0 days 00:00:27.684000,0 days 00:00:30.915000,0 days 00:00:37.679000,0 days 00:18:35.070000,0 days 00:19:05.985000,0 days 00:19:43.664000,208.0,251.0,275.0,236.0,False,SOFT,8.0,False,Red Bull Racing,0 days 00:18:07.386000,2026-05-23 20:06:24.440,1,,False,,False,True
0 days 00:20:57.318000,HAD,6,0 days 00:01:13.654000,4.0,1.0,,,0 days 00:00:20.957000,0 days 00:00:23.414000,0 days 00:00:29.283000,0 days 00:20:04.621000,0 days 00:20:28.035000,0 days 00:20:57.318000,252.0,289.0,282.0,323.0,True,SOFT,9.0,False,Red Bull Racing,0 days 00:19:43.664000,2026-05-23 20:08:00.718,1,,False,,False,True
0 days 00:37:49.649000,HAD,6,,5.0,1.0,,0 days 00:22:16.823000,0 days 00:00:23.932000,0 days 00:00:27.140000,,0 days 00:21:21.389000,0 days 00:21:48.464000,,227.0,258.0,,288.0,False,SOFT,10.0,False,Red Bull Racing,0 days 00:20:57.318000,2026-05-23 20:09:14.372,12,,False,,False,False
0 days 00:39:32.314000,HAD,6,0 days 00:01:42.665000,6.0,2.0,0 days 00:37:54.105000,,0 days 00:00:40.165000,0 days 00:00:27.814000,0 days 00:00:34.686000,0 days 00:38:29.814000,0 days 00:38:57.628000,0 days 00:39:32.314000,219.0,242.0,277.0,253.0,False,SOFT,1.0,True,Red Bull Racing,0 days 00:37:49.649000,2026-05-23 20:26:06.703,1,,False,,False,False
0 days 00:40:45.937000,HAD,6,0 days 00:01:13.623000,7.0,2.0,,,0 days 00:00:20.903000,0 days 00:00:23.359000,0 days 00:00:29.361000,0 days 00:39:53.217000,0 days 00:40:16.576000,0 days 00:40:45.937000,252.0,287.0,280.0,317.0,True,SOFT,2.0,True,Red Bull Racing,0 days 00:39:32.314000,2026-05-23 20:27:49.368,1,,False,,False,True
0 days 00:42:25.617000,HAD,6,0 days 00:01:39.680000,8.0,2.0,,,0 days 00:00:25.626000,0 days 00:00:33.399000,0 days 00:00:40.655000,0 days 00:41:11.563000,0 days 00:41:44.962000,0 days 00:42:25.617000,193.0,207.0,275.0,236.0,False,SOFT,3.0,True,Red Bull Racing,0 days 00:40:45.937000,2026-05-23 20:29:02.991,1,,False,,False,True
0 days 00:43:38.821000,HAD,6,0 days 00:01:13.204000,9.0,2.0,,,0 days 00:00:20.688000,0 days 00:00:23.335000,0 days 00:00:29.181000,0 days 00:42:46.305000,0 days 00:43:09.640000,0 days 00:43:38.821000,253.0,285.0,277.0,319.0,True,SOFT,4.0,True,Red Bull Racing,0 days 00:42:25.617000,2026-05-23 20:30:42.671,1,,False,,False,True
0 days 00:47:07.308000,HAD,6,,10.0,2.0,,0 days 00:45:02.262000,0 days 00:00:25.784000,0 days 00:00:27.970000,,0 days 00:44:04.814000,0 days 00:44:32.752000,,204.0,178.0,,277.0,False,SOFT,5.0,True,Red Bull Racing,0 days 00:43:38.821000,2026-05-23 20:31:55.875,1,,False,,False,False
0 days 00:48:45.599000,HAD,6,0 days 00:01:38.291000,11.0,3.0,0 days 00:47:08.838000,,0 days 00:00:29.602000,0 days 00:00:30.908000,0 days 00:00:37.781000,0 days 00:47:36.910000,0 days 00:48:07.818000,0 days 00:48:45.599000,185.0,256.0,251.0,123.0,False,SOFT,1.0,True,Red Bull Racing,0 days 00:47:07.308000,2026-05-23 20:35:24.362,1,,False,,False,False
0 days 00:50:13.164000,HAD,6,0 days 00:01:27.565000,12.0,3.0,,,0 days 00:00:24.400000,0 days 00:00:27.778000,0 days 00:00:35.387000,0 days 00:49:09.999000,0 days 00:49:37.777000,0 days 00:50:13.164000,225.0,232.0,276.0,250.0,False,SOFT,2.0,True,Red Bull Racing,0 days 00:48:45.599000,2026-05-23 20:37:02.653,1,,False,,False,True
0 days 00:51:26.139000,HAD,6,0 days 00:01:12.975000,13.0,3.0,,,0 days 00:00:20.575000,0 days 00:00:23.252000,0 days 00:00:29.148000,0 days 00:50:33.739000,0 days 00:50:56.991000,0 days 00:51:26.139000,254.0,287.0,281.0,318.0,True,SOFT,3.0,True,Red Bull Racing,0 days 00:50:13.164000,2026-05-23 20:38:30.218,1,,False,,False,True
0 days 00:57:58.705000,HAD,6,,14.0,3.0,,0 days 00:52:50.340000,0 days 00:00:24.626000,0 days 00:00:28.657000,,0 days 00:51:50.763000,0 days 00:52:19.448000,,193.0,244.0,,240.0,False,SOFT,4.0,True,Red Bull Racing,0 days 00:51:26.139000,2026-05-23 20:39:43.193,1,,False,,False,False
0 days 01:00:21.716000,HAD,6,0 days 00:02:23.011000,15.0,4.0,0 days 00:58:49.715000,,0 days 00:01:20.236000,0 days 00:00:27.758000,0 days 00:00:35.017000,0 days 00:59:18.941000,0 days 00:59:46.699000,0 days 01:00:21.716000,203.0,261.0,242.0,284.0,False,SOFT,1.0,True,Red Bull Racing,0 days 00:57:58.705000,2026-05-23 20:46:15.759,1,,False,,False,False
0 days 01:01:48.320000,HAD,6,0 days 00:01:26.604000,16.0,4.0,,,0 days 00:00:24.518000,0 days 00:00:26.889000,0 days 00:00:35.197000,0 days 01:00:46.234000,0 days 01:01:13.123000,0 days 01:01:48.320000,228.0,256.0,274.0,251.0,True,SOFT,2.0,True,Red Bull Racing,0 days 01:00:21.716000,2026-05-23 20:48:38.770,1,,False,,False,True
0 days 01:03:02.310000,HAD,6,0 days 00:01:13.990000,17.0,4.0,,,0 days 00:00:20.686000,0 days 00:00:23.782000,0 days 00:00:29.522000,0 days 01:02:09.006000,0 days 01:02:32.788000,0 days 01:03:02.310000,254.0,282.0,271.0,318.0,True,SOFT,3.0,True,Red Bull Racing,0 days 01:01:48.320000,2026-05-23 20:50:05.374,1,,False,,False,True
0 days 01:07:35.210000,HAD,6,,18.0,4.0,,0 days 01:04:20.326000,0 days 00:00:24.056000,0 days 00:00:26.193000,,0 days 01:03:26.502000,0 days 01:03:52.648000,,231.0,266.0,,285.0,False,SOFT,4.0,True,Red Bull Racing,0 days 01:03:02.310000,2026-05-23 20:51:19.364,1,,False,,False,False
0 days 01:09:11.589000,HAD,6,0 days 00:01:36.379000,19.0,5.0,0 days 01:07:39.159000,,0 days 00:00:33.971000,0 days 00:00:27.558000,0 days 00:00:34.850000,0 days 01:08:09.181000,0 days 01:08:36.739000,0 days 01:09:11.589000,218.0,260.0,233.0,286.0,False,SOFT,1.0,True,Red Bull Racing,0 days 01:07:35.210000,2026-05-23 20:55:52.264,1,,False,,False,False
0 days 01:10:38.715000,HAD,6,0 days 00:01:27.126000,20.0,5.0,,,0 days 00:00:24.164000,0 days 00:00:27.187000,0 days 00:00:35.775000,0 days 01:09:35.753000,0 days 01:10:02.940000,0 days 01:10:38.715000,227.0,256.0,274.0,250.0,False,SOFT,2.0,True,Red Bull Racing,0 days 01:09:11.589000,2026-05-23 20:57:28.643,1,,False,,False,True
0 days 01:11:51.650000,HAD,6,0 days 00:01:12.935000,21.0,5.0,,,0 days 00:00:20.549000,0 days 00:00:23.218000,0 days 00:00:29.168000,0 days 01:10:59.264000,0 days 01:11:22.482000,0 days 01:11:51.650000,253.0,286.0,279.0,320.0,True,SOFT,3.0,True,Red Bull Racing,0 days 01:10:38.715000,2026-05-23 20:58:55.769,1,,False,,False,True
0 days 01:13:22.714000,HAD,6,,22.0,5.0,,0 days 01:13:22.714000,0 days 00:00:23.961000,0 days 00:00:29.110000,,0 days 01:12:15.729000,0 days 01:12:45.230000,,245.0,196.0,,183.0,False,SOFT,4.0,True,Red Bull Racing,0 days 01:11:51.650000,2026-05-23 21:00:08.704,1,,False,,False,False
0 days 00:15:38.055000,LEC,16,0 days 00:01:45.132000,1.0,1.0,0 days 00:13:57.167000,,0 days 00:00:36.843000,0 days 00:00:28.406000,0 days 00:00:39.883000,0 days 00:14:29.878000,0 days 00:14:58.264000,0 days 00:15:38.304000,220.0,197.0,237.0,263.0,False,SOFT,6.0,False,Ferrari,0 days 00:13:57.167000,2026-05-23 20:02:14.221,1,,False,,False,False
0 days 00:17:04.597000,LEC,16,0 days 00:01:26.542000,2.0,1.0,,,0 days 00:00:23.442000,0 days 00:00:26.149000,0 days 00:00:36.951000,0 days 00:16:01.497000,0 days 00:16:27.646000,0 days 00:17:04.597000,242.0,238.0,278.0,254.0,True,SOFT,7.0,False,Ferrari,0 days 00:15:38.055000,2026-05-23 20:03:55.109,1,,False,,False,True
0 days 00:18:20.943000,LEC,16,0 days 00:01:16.346000,3.0,1.0,,,0 days 00:00:21.138000,0 days 00:00:23.734000,0 days 00:00:31.474000,0 days 00:17:25.735000,0 days 00:17:49.469000,0 days 00:18:20.943000,248.0,284.0,260.0,324.0,False,SOFT,8.0,False,Ferrari,0 days 00:17:04.597000,2026-05-23 20:05:21.651,1,,True,TRACK LIMITS AT TURN 14 LAP 4 ,False,True
0 days 00:19:57.461000,LEC,16,0 days 00:01:36.518000,4.0,1.0,,,0 days 00:00:24.071000,0 days 00:00:27.516000,0 days 00:00:44.931000,0 days 00:18:45.014000,0 days 00:19:12.530000,0 days 00:19:57.461000,231.0,258.0,278.0,213.0,False,SOFT,9.0,False,Ferrari,0 days 00:18:20.943000,2026-05-23 20:06:37.997,1,,False,,False,True
0 days 00:21:26.527000,LEC,16,0 days 00:01:29.066000,5.0,1.0,,,0 days 00:00:22.983000,0 days 00:00:27.248000,0 days 00:00:38.835000,0 days 00:20:20.444000,0 days 00:20:47.692000,0 days 00:21:26.527000,215.0,213.0,276.0,242.0,False,SOFT,10.0,False,Ferrari,0 days 00:19:57.461000,2026-05-23 20:08:14.515,1,,False,,False,True
0 days 00:22:41.001000,LEC,16,0 days 00:01:14.474000,6.0,1.0,,,0 days 00:00:21.107000,0 days 00:00:23.672000,0 days 00:00:29.695000,0 days 00:21:47.634000,0 days 00:22:11.306000,0 days 00:22:41.001000,246.0,283.0,269.0,322.0,True,SOFT,11.0,False,Ferrari,0 days 00:21:26.527000,2026-05-23 20:09:43.581,1,,False,,False,True
0 days 00:24:10.025000,LEC,16,0 days 00:01:29.024000,7.0,1.0,,,0 days 00:00:25.156000,0 days 00:00:27.894000,0 days 00:00:35.974000,0 days 00:23:06.157000,0 days 00:23:34.051000,0 days 00:24:10.025000,200.0,232.0,276.0,195.0,False,SOFT,12.0,False,Ferrari,0 days 00:22:41.001000,2026-05-23 20:10:58.055,1,,False,,False,True
0 days 00:25:29.953000,LEC,16,0 days 00:01:19.928000,8.0,1.0,,,0 days 00:00:21.035000,0 days 00:00:23.713000,0 days 00:00:35.180000,0 days 00:24:31.060000,0 days 00:24:54.773000,0 days 00:25:29.953000,249.0,282.0,278.0,268.0,False,SOFT,13.0,False,Ferrari,0 days 00:24:10.025000,2026-05-23 20:12:27.079,1,,False,,False,True
0 days 00:26:43.778000,LEC,16,0 days 00:01:13.825000,9.0,1.0,,,0 days 00:00:20.822000,0 days 00:00:23.518000,0 days 00:00:29.485000,0 days 00:25:50.775000,0 days 00:26:14.293000,0 days 00:26:43.778000,248.0,284.0,269.0,321.0,True,SOFT,14.0,False,Ferrari,0 days 00:25:29.953000,2026-05-23 20:13:47.007,1,,False,,False,True
0 days 00:28:12.992000,LEC,16,0 days 00:01:29.214000,10.0,1.0,,,0 days 00:00:25.036000,0 days 00:00:27.324000,0 days 00:00:36.854000,0 days 00:27:08.814000,0 days 00:27:36.138000,0 days 00:28:12.992000,209.0,262.0,280.0,211.0,False,SOFT,15.0,False,Ferrari,0 days 00:26:43.778000,2026-05-23 20:15:00.832,1,,False,,False,True
0 days 00:37:26.903000,LEC,16,,11.0,1.0,,0 days 00:29:31.785000,0 days 00:00:22.783000,0 days 00:00:27.237000,,0 days 00:28:35.928000,0 days 00:29:03.230000,,210.0,253.0,,256.0,False,SOFT,16.0,False,Ferrari,0 days 00:28:12.992000,2026-05-23 20:16:30.046,12,,False,,False,False
0 days 00:39:18.159000,LEC,16,0 days 00:01:51.256000,12.0,2.0,0 days 00:37:34.522000,,0 days 00:00:47.101000,0 days 00:00:27.312000,0 days 00:00:36.843000,0 days 00:38:14.004000,0 days 00:38:41.316000,0 days 00:39:18.159000,221.0,247.0,233.0,248.0,False,SOFT,1.0,True,Ferrari,0 days 00:37:26.903000,2026-05-23 20:25:43.957,1,,False,,False,False
0 days 00:40:56.020000,LEC,16,0 days 00:01:37.861000,13.0,2.0,,,0 days 00:00:26.334000,0 days 00:00:28.946000,0 days 00:00:42.581000,0 days 00:39:44.493000,0 days 00:40:13.439000,0 days 00:40:56.020000,168.0,246.0,280.0,248.0,True,SOFT,2.0,True,Ferrari,0 days 00:39:18.159000,2026-05-23 20:27:35.213,1,,False,,False,True
0 days 00:42:10.345000,LEC,16,0 days 00:01:14.325000,14.0,2.0,,,0 days 00:00:21.143000,0 days 00:00:23.510000,0 days 00:00:29.672000,0 days 00:41:17.163000,0 days 00:41:40.673000,0 days 00:42:10.345000,247.0,285.0,268.0,319.0,True,SOFT,3.0,True,Ferrari,0 days 00:40:56.020000,2026-05-23 20:29:13.074,1,,False,,False,True
0 days 00:43:41.413000,LEC,16,0 days 00:01:31.068000,15.0,2.0,,,0 days 00:00:22.924000,0 days 00:00:31.086000,0 days 00:00:37.058000,0 days 00:42:33.269000,0 days 00:43:04.355000,0 days 00:43:41.413000,232.0,210.0,278.0,166.0,False,SOFT,4.0,True,Ferrari,0 days 00:42:10.345000,2026-05-23 20:30:27.399,1,,False,,False,True
0 days 00:44:55.228000,LEC,16,0 days 00:01:13.815000,16.0,2.0,,,0 days 00:00:20.920000,0 days 00:00:23.350000,0 days 00:00:29.545000,0 days 00:44:02.333000,0 days 00:44:25.683000,0 days 00:44:55.228000,249.0,286.0,267.0,323.0,True,SOFT,5.0,True,Ferrari,0 days 00:43:41.413000,2026-05-23 20:31:58.467,1,,False,,False,True
0 days 00:47:57.638000,LEC,16,,17.0,2.0,,0 days 00:46:11.052000,0 days 00:00:22.597000,0 days 00:00:25.525000,,0 days 00:45:17.939000,0 days 00:45:43.389000,,232.0,257.0,,267.0,False,SOFT,6.0,True,Ferrari,0 days 00:44:55.228000,2026-05-23 20:33:12.282,1,,False,,False,False
0 days 00:49:28.207000,LEC,16,0 days 00:01:30.569000,18.0,3.0,0 days 00:47:59.219000,,0 days 00:00:26.655000,0 days 00:00:26.008000,0 days 00:00:37.906000,0 days 00:48:24.293000,0 days 00:48:50.301000,0 days 00:49:28.207000,240.0,251.0,121.0,149.0,False,SOFT,1.0,True,Ferrari,0 days 00:47:57.638000,2026-05-23 20:36:14.692,1,,False,,False,False
0 days 00:51:03.591000,LEC,16,0 days 00:01:35.384000,19.0,3.0,,,0 days 00:00:27.948000,0 days 00:00:25.637000,0 days 00:00:41.799000,0 days 00:49:56.155000,0 days 00:50:21.792000,0 days 00:51:03.591000,241.0,246.0,281.0,101.0,False,SOFT,2.0,True,Ferrari,0 days 00:49:28.207000,2026-05-23 20:37:45.261,1,,False,,False,True
0 days 00:52:17.087000,LEC,16,0 days 00:01:13.496000,20.0,3.0,,,0 days 00:00:20.862000,0 days 00:00:23.331000,0 days 00:00:29.303000,0 days 00:51:24.453000,0 days 00:51:47.784000,0 days 00:52:17.087000,249.0,287.0,272.0,323.0,True,SOFT,3.0,True,Ferrari,0 days 00:51:03.591000,2026-05-23 20:39:20.645,1,,False,,False,True
0 days 00:59:13.371000,LEC,16,,21.0,3.0,,0 days 00:53:42.049000,0 days 00:00:25.690000,0 days 00:00:28.462000,,0 days 00:52:42.799000,0 days 00:53:11.299000,,181.0,266.0,,222.0,False,SOFT,4.0,True,Ferrari,0 days 00:52:17.087000,2026-05-23 20:40:34.141,1,,False,,False,False
0 days 01:00:53.553000,LEC,16,0 days 00:01:40.182000,22.0,4.0,0 days 00:59:19.555000,,0 days 00:00:36.617000,0 days 00:00:26.901000,0 days 00:00:36.664000,0 days 00:59:49.988000,0 days 01:00:16.889000,0 days 01:00:53.553000,234.0,244.0,231.0,246.0,False,SOFT,1.0,True,Ferrari,0 days 00:59:13.371000,2026-05-23 20:47:30.425,1,,False,,False,False
0 days 01:02:26.660000,LEC,16,0 days 00:01:33.107000,23.0,4.0,,,0 days 00:00:24.176000,0 days 00:00:26.327000,0 days 00:00:42.604000,0 days 01:01:17.729000,0 days 01:01:44.056000,0 days 01:02:26.660000,241.0,246.0,280.0,245.0,True,SOFT,2.0,True,Ferrari,0 days 01:00:53.553000,2026-05-23 20:49:10.607,1,,False,,False,True
0 days 01:03:39.809000,LEC,16,0 days 00:01:13.149000,24.0,4.0,,,0 days 00:00:20.768000,0 days 00:00:23.143000,0 days 00:00:29.238000,0 days 01:02:47.428000,0 days 01:03:10.571000,0 days 01:03:39.809000,247.0,286.0,269.0,321.0,True,SOFT,3.0,True,Ferrari,0 days 01:02:26.660000,2026-05-23 20:50:43.714,1,,False,,False,True
0 days 01:06:53.417000,LEC,16,,25.0,4.0,,0 days 01:04:59.055000,0 days 00:00:23.379000,0 days 00:00:26.277000,,0 days 01:04:03.300000,0 days 01:04:29.537000,,232.0,255.0,,248.0,False,SOFT,4.0,True,Ferrari,0 days 01:03:39.809000,2026-05-23 20:51:56.863,1,,False,,False,False
0 days 01:08:36.005000,LEC,16,0 days 00:01:42.588000,26.0,5.0,0 days 01:06:57.619000,,0 days 00:00:39.529000,0 days 00:00:26.355000,0 days 00:00:36.704000,0 days 01:07:32.946000,0 days 01:07:59.301000,0 days 01:08:36.005000,241.0,245.0,230.0,249.0,False,SOFT,1.0,True,Ferrari,0 days 01:06:53.417000,2026-05-23 20:55:10.471,1,,False,,False,False
0 days 01:10:04.920000,LEC,16,0 days 00:01:28.915000,27.0,5.0,,,0 days 00:00:24.983000,0 days 00:00:26.854000,0 days 00:00:37.078000,0 days 01:09:00.988000,0 days 01:09:27.842000,0 days 01:10:04.920000,243.0,229.0,279.0,248.0,False,SOFT,2.0,True,Ferrari,0 days 01:08:36.005000,2026-05-23 20:56:53.059,1,,False,,False,True
0 days 01:11:17.896000,LEC,16,0 days 00:01:12.976000,28.0,5.0,,,0 days 00:00:20.656000,0 days 00:00:23.169000,0 days 00:00:29.151000,0 days 01:10:25.576000,0 days 01:10:48.745000,0 days 01:11:17.896000,250.0,283.0,270.0,321.0,True,SOFT,3.0,True,Ferrari,0 days 01:10:04.920000,2026-05-23 20:58:21.974,1,,False,,False,True
0 days 01:12:48.735000,LEC,16,,29.0,5.0,,0 days 01:12:48.735000,0 days 00:00:25.006000,0 days 00:00:29.764000,,0 days 01:11:43.145000,0 days 01:12:12.718000,,191.0,208.0,,171.0,False,SOFT,4.0,True,Ferrari,0 days 01:11:17.896000,2026-05-23 20:59:34.950,1,,False,,False,False
0 days 00:13:58.190000,LIN,41,0 days 00:01:50.115000,1.0,1.0,0 days 00:12:12.304000,,0 days 00:00:43.121000,0 days 00:00:29.660000,0 days 00:00:37.334000,0 days 00:12:51.379000,0 days 00:13:21.017000,0 days 00:13:58.474000,207.0,241.0,233.0,241.0,False,SOFT,7.0,False,Racing Bulls,0 days 00:12:12.304000,2026-05-23 20:00:29.358,1,,False,,False,False
0 days 00:15:24.999000,LIN,41,0 days 00:01:26.809000,2.0,1.0,,,0 days 00:00:24.146000,0 days 00:00:27.108000,0 days 00:00:35.555000,0 days 00:14:22.336000,0 days 00:14:49.444000,0 days 00:15:24.999000,233.0,242.0,272.0,273.0,True,SOFT,8.0,False,Racing Bulls,0 days 00:13:58.190000,2026-05-23 20:02:15.244,1,,False,,False,True
0 days 00:16:40.315000,LIN,41,0 days 00:01:15.316000,3.0,1.0,,,0 days 00:00:21.617000,0 days 00:00:23.864000,0 days 00:00:29.835000,0 days 00:15:46.616000,0 days 00:16:10.480000,0 days 00:16:40.315000,253.0,289.0,274.0,325.0,True,SOFT,9.0,False,Racing Bulls,0 days 00:15:24.999000,2026-05-23 20:03:42.053,1,,False,,False,True
0 days 00:18:32.274000,LIN,41,0 days 00:01:51.959000,4.0,1.0,,0 days 00:18:06.280000,0 days 00:00:22.501000,0 days 00:00:29.632000,0 days 00:00:59.826000,0 days 00:17:02.816000,0 days 00:17:32.448000,0 days 00:18:32.274000,236.0,240.0,,283.0,False,SOFT,10.0,False,Racing Bulls,0 days 00:16:40.315000,2026-05-23 20:04:57.369,1,,False,,False,False
0 days 00:20:05.234000,LIN,41,0 days 00:01:32.960000,5.0,2.0,0 days 00:18:33.882000,,0 days 00:00:30.371000,0 days 00:00:27.422000,0 days 00:00:35.167000,0 days 00:19:02.645000,0 days 00:19:30.067000,0 days 00:20:05.234000,231.0,247.0,239.0,262.0,False,SOFT,1.0,True,Racing Bulls,0 days 00:18:32.274000,2026-05-23 20:06:49.328,1,,False,,False,False
0 days 00:21:35.850000,LIN,41,0 days 00:01:30.616000,6.0,2.0,,,0 days 00:00:24.003000,0 days 00:00:27.240000,0 days 00:00:39.373000,0 days 00:20:29.237000,0 days 00:20:56.477000,0 days 00:21:35.850000,233.0,253.0,275.0,253.0,False,SOFT,2.0,True,Racing Bulls,0 days 00:20:05.234000,2026-05-23 20:08:22.288,1,,False,,False,True
0 days 00:22:49.745000,LIN,41,0 days 00:01:13.895000,7.0,2.0,,,0 days 00:00:20.938000,0 days 00:00:23.458000,0 days 00:00:29.499000,0 days 00:21:56.788000,0 days 00:22:20.246000,0 days 00:22:49.745000,253.0,286.0,276.0,320.0,True,SOFT,3.0,True,Racing Bulls,0 days 00:21:35.850000,2026-05-23 20:09:52.904,1,,False,,False,True
0 days 00:24:22.059000,LIN,41,0 days 00:01:32.314000,8.0,2.0,,,0 days 00:00:26.921000,0 days 00:00:28.125000,0 days 00:00:37.268000,0 days 00:23:16.666000,0 days 00:23:44.791000,0 days 00:24:22.059000,173.0,254.0,274.0,257.0,False,SOFT,4.0,True,Racing Bulls,0 days 00:22:49.745000,2026-05-23 20:11:06.799,1,,False,,False,True
0 days 00:25:36.106000,LIN,41,0 days 00:01:14.047000,9.0,2.0,,,0 days 00:00:21.040000,0 days 00:00:23.579000,0 days 00:00:29.428000,0 days 00:24:43.099000,0 days 00:25:06.678000,0 days 00:25:36.106000,251.0,288.0,279.0,323.0,False,SOFT,5.0,True,Racing Bulls,0 days 00:24:22.059000,2026-05-23 20:12:39.113,1,,False,,False,True
0 days 00:27:12.674000,LIN,41,0 days 00:01:36.568000,10.0,2.0,,,0 days 00:00:24.545000,0 days 00:00:36.257000,0 days 00:00:35.766000,0 days 00:26:00.651000,0 days 00:26:36.908000,0 days 00:27:12.674000,187.0,186.0,277.0,260.0,False,SOFT,6.0,True,Racing Bulls,0 days 00:25:36.106000,2026-05-23 20:13:53.160,1,,False,,False,True
0 days 00:28:27.459000,LIN,41,0 days 00:01:14.785000,11.0,2.0,,,0 days 00:00:21.046000,0 days 00:00:23.406000,0 days 00:00:30.333000,0 days 00:27:33.720000,0 days 00:27:57.126000,0 days 00:28:27.459000,252.0,288.0,275.0,327.0,False,SOFT,7.0,True,Racing Bulls,0 days 00:27:12.674000,2026-05-23 20:15:29.728,1,,True,TRACK LIMITS AT TURN 14 LAP 12 ,False,True
0 days 00:39:15.095000,LIN,41,,12.0,2.0,,0 days 00:29:46.749000,0 days 00:00:23.368000,0 days 00:00:29.190000,,0 days 00:28:51.010000,0 days 00:29:20.160000,,234.0,253.0,,286.0,False,SOFT,8.0,True,Racing Bulls,0 days 00:28:27.459000,2026-05-23 20:16:44.513,12,,False,,False,False
0 days 00:40:57.897000,LIN,41,0 days 00:01:42.802000,13.0,3.0,0 days 00:39:17.832000,,0 days 00:00:37.591000,0 days 00:00:29.025000,0 days 00:00:36.186000,0 days 00:39:52.686000,0 days 00:40:21.711000,0 days 00:40:57.897000,186.0,249.0,244.0,258.0,False,SOFT,1.0,True,Racing Bulls,0 days 00:39:15.095000,2026-05-23 20:27:32.149,1,,False,,False,False
0 days 00:42:30.786000,LIN,41,0 days 00:01:32.889000,14.0,3.0,,,0 days 00:00:23.917000,0 days 00:00:27.023000,0 days 00:00:41.949000,0 days 00:41:21.814000,0 days 00:41:48.837000,0 days 00:42:30.786000,231.0,247.0,277.0,223.0,True,SOFT,2.0,True,Racing Bulls,0 days 00:40:57.897000,2026-05-23 20:29:14.951,1,,False,,False,True
0 days 00:43:44.358000,LIN,41,0 days 00:01:13.572000,15.0,3.0,,,0 days 00:00:20.906000,0 days 00:00:23.356000,0 days 00:00:29.310000,0 days 00:42:51.692000,0 days 00:43:15.048000,0 days 00:43:44.358000,253.0,286.0,278.0,321.0,True,SOFT,3.0,True,Racing Bulls,0 days 00:42:30.786000,2026-05-23 20:30:47.840,1,,False,,False,True
0 days 00:47:31.697000,LIN,41,,16.0,3.0,,0 days 00:45:03.555000,0 days 00:00:23.066000,0 days 00:00:26.666000,,0 days 00:44:07.545000,0 days 00:44:34.244000,,235.0,253.0,,272.0,False,SOFT,4.0,True,Racing Bulls,0 days 00:43:44.358000,2026-05-23 20:32:01.412,1,,False,,False,False
0 days 00:49:17.228000,LIN,41,0 days 00:01:45.531000,17.0,4.0,0 days 00:47:34.395000,,0 days 00:00:40.067000,0 days 00:00:28.342000,0 days 00:00:37.122000,0 days 00:48:11.764000,0 days 00:48:40.106000,0 days 00:49:17.228000,231.0,250.0,241.0,147.0,False,SOFT,1.0,True,Racing Bulls,0 days 00:47:31.697000,2026-05-23 20:35:48.751,1,,False,,False,False
0 days 00:50:57.117000,LIN,41,0 days 00:01:39.889000,18.0,4.0,,,0 days 00:00:23.560000,0 days 00:00:30.943000,0 days 00:00:45.386000,0 days 00:49:40.788000,0 days 00:50:11.731000,0 days 00:50:57.117000,216.0,184.0,277.0,248.0,False,SOFT,2.0,True,Racing Bulls,0 days 00:49:17.228000,2026-05-23 20:37:34.282,1,,False,,False,True
0 days 00:52:10.665000,LIN,41,0 days 00:01:13.548000,19.0,4.0,,,0 days 00:00:20.927000,0 days 00:00:23.343000,0 days 00:00:29.278000,0 days 00:51:18.044000,0 days 00:51:41.387000,0 days 00:52:10.665000,253.0,289.0,279.0,322.0,True,SOFT,3.0,True,Racing Bulls,0 days 00:50:57.117000,2026-05-23 20:39:14.171,1,,False,,False,True
0 days 00:59:25.215000,LIN,41,,20.0,4.0,,0 days 00:53:33.334000,0 days 00:00:24.149000,0 days 00:00:27.926000,,0 days 00:52:34.930000,0 days 00:53:02.710000,,220.0,249.0,,262.0,False,SOFT,4.0,True,Racing Bulls,0 days 00:52:10.665000,2026-05-23 20:40:27.719,1,,False,,False,False
0 days 01:00:59.074000,LIN,41,0 days 00:01:33.859000,21.0,5.0,0 days 00:59:28.069000,,0 days 00:00:31.370000,0 days 00:00:27.450000,0 days 00:00:35.039000,0 days 00:59:56.585000,0 days 01:00:24.035000,0 days 01:00:59.074000,231.0,243.0,234.0,250.0,False,SOFT,5.0,False,Racing Bulls,0 days 00:59:25.215000,2026-05-23 20:47:42.269,1,,False,,False,False
0 days 01:02:33.797000,LIN,41,0 days 00:01:34.723000,22.0,5.0,,,0 days 00:00:22.801000,0 days 00:00:28.260000,0 days 00:00:43.662000,0 days 01:01:21.875000,0 days 01:01:50.135000,0 days 01:02:33.797000,232.0,244.0,277.0,251.0,True,SOFT,6.0,False,Racing Bulls,0 days 01:00:59.074000,2026-05-23 20:49:16.128,1,,False,,False,True
0 days 01:03:47.289000,LIN,41,0 days 00:01:13.492000,23.0,5.0,,,0 days 00:00:20.838000,0 days 00:00:23.320000,0 days 00:00:29.334000,0 days 01:02:54.635000,0 days 01:03:17.955000,0 days 01:03:47.289000,253.0,287.0,274.0,321.0,True,SOFT,7.0,False,Racing Bulls,0 days 01:02:33.797000,2026-05-23 20:50:50.851,1,,False,,False,True
0 days 01:06:48.427000,LIN,41,,24.0,5.0,,0 days 01:05:02.515000,0 days 00:00:22.506000,0 days 00:00:26.172000,,0 days 01:04:09.893000,0 days 01:04:36.113000,,239.0,253.0,,286.0,False,SOFT,8.0,False,Racing Bulls,0 days 01:03:47.289000,2026-05-23 20:52:04.343,1,,False,,False,False
0 days 01:08:19.515000,LIN,41,0 days 00:01:31.088000,25.0,6.0,0 days 01:06:50.430000,,0 days 00:00:28.708000,0 days 00:00:27.304000,0 days 00:00:35.076000,0 days 01:07:17.135000,0 days 01:07:44.439000,0 days 01:08:19.515000,212.0,246.0,238.0,256.0,False,SOFT,1.0,True,Racing Bulls,0 days 01:06:48.427000,2026-05-23 20:55:05.481,1,,False,,False,False
0 days 01:09:43.533000,LIN,41,0 days 00:01:24.018000,26.0,6.0,,,0 days 00:00:22.869000,0 days 00:00:26.509000,0 days 00:00:34.640000,0 days 01:08:42.384000,0 days 01:09:08.893000,0 days 01:09:43.533000,236.0,256.0,276.0,251.0,False,SOFT,2.0,True,Racing Bulls,0 days 01:08:19.515000,2026-05-23 20:56:36.569,1,,False,,False,True
0 days 01:10:56.813000,LIN,41,0 days 00:01:13.280000,27.0,6.0,,,0 days 00:00:20.654000,0 days 00:00:23.309000,0 days 00:00:29.317000,0 days 01:10:04.187000,0 days 01:10:27.496000,0 days 01:10:56.813000,253.0,286.0,274.0,320.0,True,SOFT,3.0,True,Racing Bulls,0 days 01:09:43.533000,2026-05-23 20:58:00.587,1,,False,,False,True
0 days 01:12:19.226000,LIN,41,,28.0,6.0,,0 days 01:12:19.226000,0 days 00:00:27.041000,0 days 00:00:26.763000,,0 days 01:11:23.867000,0 days 01:11:50.757000,,230.0,252.0,,272.0,False,SOFT,4.0,True,Racing Bulls,0 days 01:10:56.813000,2026-05-23 20:59:13.867,1,,False,,False,False
0 days 00:14:24.151000,COL,43,0 days 00:01:49.322000,1.0,1.0,0 days 00:12:38.985000,,0 days 00:00:43.976000,0 days 00:00:29.209000,0 days 00:00:36.137000,0 days 00:13:18.903000,0 days 00:13:48.101000,0 days 00:14:24.275000,223.0,239.0,265.0,251.0,False,SOFT,1.0,True,Alpine,0 days 00:12:38.985000,2026-05-23 20:00:56.039,1,,False,,False,False
0 days 00:15:51.762000,COL,43,0 days 00:01:27.611000,2.0,1.0,,,0 days 00:00:24.335000,0 days 00:00:27.573000,0 days 00:00:35.703000,0 days 00:14:48.486000,0 days 00:15:16.059000,0 days 00:15:51.762000,211.0,242.0,278.0,250.0,True,SOFT,2.0,True,Alpine,0 days 00:14:24.151000,2026-05-23 20:02:41.205,1,,False,,False,True
0 days 00:17:06.489000,COL,43,0 days 00:01:14.727000,3.0,1.0,,,0 days 00:00:21.386000,0 days 00:00:23.711000,0 days 00:00:29.630000,0 days 00:16:13.148000,0 days 00:16:36.859000,0 days 00:17:06.489000,249.0,289.0,279.0,320.0,True,SOFT,3.0,True,Alpine,0 days 00:15:51.762000,2026-05-23 20:04:08.816,1,,False,,False,True
0 days 00:21:45.140000,COL,43,,4.0,1.0,,0 days 00:18:39.268000,0 days 00:00:30.827000,0 days 00:00:31.249000,,0 days 00:17:37.328000,0 days 00:18:08.597000,,188.0,235.0,,253.0,False,SOFT,4.0,True,Alpine,0 days 00:17:06.489000,2026-05-23 20:05:23.543,1,,False,,False,False
0 days 00:23:17.864000,COL,43,0 days 00:01:32.724000,5.0,2.0,0 days 00:21:47.044000,,0 days 00:00:29.143000,0 days 00:00:27.670000,0 days 00:00:35.911000,0 days 00:22:14.283000,0 days 00:22:41.953000,0 days 00:23:17.864000,235.0,240.0,262.0,249.0,False,SOFT,1.0,True,Alpine,0 days 00:21:45.140000,2026-05-23 20:10:02.194,1,,False,,False,False
0 days 00:24:51.104000,COL,43,0 days 00:01:33.240000,6.0,2.0,,,0 days 00:00:24.376000,0 days 00:00:26.631000,0 days 00:00:42.233000,0 days 00:23:42.240000,0 days 00:24:08.871000,0 days 00:24:51.104000,228.0,242.0,252.0,127.0,False,SOFT,2.0,True,Alpine,0 days 00:23:17.864000,2026-05-23 20:11:34.918,1,,False,,False,True
0 days 00:26:08.445000,COL,43,0 days 00:01:17.341000,7.0,2.0,,,0 days 00:00:22.009000,0 days 00:00:24.723000,0 days 00:00:30.609000,0 days 00:25:13.113000,0 days 00:25:37.836000,0 days 00:26:08.445000,249.0,284.0,265.0,323.0,False,SOFT,3.0,True,Alpine,0 days 00:24:51.104000,2026-05-23 20:13:08.158,1,,False,,False,True
0 days 00:27:46.060000,COL,43,0 days 00:01:37.615000,8.0,2.0,,,0 days 00:00:29.737000,0 days 00:00:28.583000,0 days 00:00:39.295000,0 days 00:26:38.182000,0 days 00:27:06.765000,0 days 00:27:46.060000,192.0,248.0,248.0,255.0,False,SOFT,4.0,True,Alpine,0 days 00:26:08.445000,2026-05-23 20:14:25.499,1,,False,,False,True
0 days 00:29:00.526000,COL,43,0 days 00:01:14.466000,9.0,2.0,,,0 days 00:00:21.560000,0 days 00:00:23.621000,0 days 00:00:29.285000,0 days 00:28:07.620000,0 days 00:28:31.241000,0 days 00:29:00.526000,246.0,292.0,280.0,320.0,True,SOFT,5.0,True,Alpine,0 days 00:27:46.060000,2026-05-23 20:16:03.114,1,,False,,False,True
0 days 00:36:49.435000,COL,43,,10.0,2.0,,0 days 00:30:41.426000,0 days 00:00:30.584000,0 days 00:00:31.229000,,0 days 00:29:31.234000,0 days 00:30:02.514000,,178.0,187.0,,167.0,False,SOFT,6.0,True,Alpine,0 days 00:29:00.526000,2026-05-23 20:17:17.580,12,,False,,False,False
0 days 00:38:24.009000,COL,43,,11.0,3.0,0 days 00:36:49.435000,,,0 days 00:00:27.936000,0 days 00:00:36.393000,,0 days 00:37:47.685000,0 days 00:38:24.039000,224.0,239.0,262.0,247.0,False,SOFT,1.0,True,Alpine,0 days 00:36:49.435000,2026-05-23 20:25:06.489,1,,False,,False,False
0 days 00:39:49.990000,COL,43,0 days 00:01:25.981000,12.0,3.0,,,0 days 00:00:24.081000,0 days 00:00:26.390000,0 days 00:00:35.510000,0 days 00:38:48.090000,0 days 00:39:14.480000,0 days 00:39:49.990000,226.0,241.0,278.0,248.0,True,SOFT,2.0,True,Alpine,0 days 00:38:24.009000,2026-05-23 20:26:41.063,1,,False,,False,True
0 days 00:41:04.035000,COL,43,0 days 00:01:14.045000,13.0,3.0,,,0 days 00:00:21.155000,0 days 00:00:23.551000,0 days 00:00:29.339000,0 days 00:40:11.145000,0 days 00:40:34.696000,0 days 00:41:04.035000,249.0,289.0,278.0,318.0,True,SOFT,3.0,True,Alpine,0 days 00:39:49.990000,2026-05-23 20:28:07.044,1,,False,,False,True
0 days 00:44:54.671000,COL,43,,14.0,3.0,,0 days 00:42:31.149000,0 days 00:00:27.947000,0 days 00:00:27.977000,,0 days 00:41:32.050000,0 days 00:41:59.987000,,217.0,210.0,,230.0,False,SOFT,4.0,True,Alpine,0 days 00:41:04.035000,2026-05-23 20:29:21.089,1,,False,,False,False
0 days 00:46:30.847000,COL,43,0 days 00:01:36.176000,15.0,4.0,0 days 00:44:57.182000,,0 days 00:00:32.884000,0 days 00:00:27.582000,0 days 00:00:35.710000,0 days 00:45:27.555000,0 days 00:45:55.137000,0 days 00:46:30.847000,223.0,243.0,268.0,249.0,False,SOFT,1.0,True,Alpine,0 days 00:44:54.671000,2026-05-23 20:33:11.725,1,,False,,False,False
0 days 00:48:00.824000,COL,43,0 days 00:01:29.977000,16.0,4.0,,,0 days 00:00:24.563000,0 days 00:00:27.983000,0 days 00:00:37.431000,0 days 00:46:55.410000,0 days 00:47:23.393000,0 days 00:48:00.824000,231.0,243.0,278.0,244.0,False,SOFT,2.0,True,Alpine,0 days 00:46:30.847000,2026-05-23 20:34:47.901,1,,False,,False,True
0 days 00:49:14.681000,COL,43,0 days 00:01:13.857000,17.0,4.0,,,0 days 00:00:21.048000,0 days 00:00:23.434000,0 days 00:00:29.375000,0 days 00:48:21.872000,0 days 00:48:45.306000,0 days 00:49:14.681000,249.0,289.0,275.0,319.0,True,SOFT,3.0,True,Alpine,0 days 00:48:00.824000,2026-05-23 20:36:17.878,1,,False,,False,True
0 days 00:51:10.538000,COL,43,0 days 00:01:55.857000,18.0,4.0,,,0 days 00:00:32.118000,0 days 00:00:33.519000,0 days 00:00:50.220000,0 days 00:49:46.799000,0 days 00:50:20.318000,0 days 00:51:10.538000,182.0,238.0,270.0,110.0,False,SOFT,4.0,True,Alpine,0 days 00:49:14.681000,2026-05-23 20:37:31.735,1,,False,,False,True
0 days 00:59:48.178000,COL,43,,19.0,4.0,,0 days 00:52:30.717000,0 days 00:00:21.816000,0 days 00:00:25.560000,,0 days 00:51:32.383000,0 days 00:51:57.877000,,250.0,193.0,,237.0,False,SOFT,5.0,True,Alpine,0 days 00:51:10.538000,2026-05-23 20:39:27.592,1,,False,,False,False
0 days 01:01:27.162000,COL,43,0 days 00:01:38.984000,20.0,5.0,0 days 00:59:53.622000,,0 days 00:00:36.040000,0 days 00:00:27.278000,0 days 00:00:35.666000,0 days 01:00:24.218000,0 days 01:00:51.496000,0 days 01:01:27.162000,227.0,238.0,265.0,246.0,False,SOFT,1.0,True,Alpine,0 days 00:59:48.178000,2026-05-23 20:48:05.232,1,,False,,False,False
0 days 01:02:57.323000,COL,43,0 days 00:01:30.161000,21.0,5.0,,,0 days 00:00:23.352000,0 days 00:00:26.302000,0 days 00:00:40.507000,0 days 01:01:50.514000,0 days 01:02:16.816000,0 days 01:02:57.323000,228.0,242.0,280.0,255.0,True,SOFT,2.0,True,Alpine,0 days 01:01:27.162000,2026-05-23 20:49:44.216,1,,False,,False,True
0 days 01:04:11.020000,COL,43,0 days 00:01:13.697000,22.0,5.0,,,0 days 00:00:21.040000,0 days 00:00:23.407000,0 days 00:00:29.250000,0 days 01:03:18.363000,0 days 01:03:41.770000,0 days 01:04:11.020000,249.0,290.0,276.0,320.0,True,SOFT,3.0,True,Alpine,0 days 01:02:57.323000,2026-05-23 20:51:14.377,1,,False,,False,True
0 days 01:07:41.838000,COL,43,,23.0,5.0,,0 days 01:05:37.068000,0 days 00:00:24.834000,0 days 00:00:29.578000,,0 days 01:04:35.952000,0 days 01:05:05.510000,,201.0,208.0,,231.0,False,SOFT,4.0,True,Alpine,0 days 01:04:11.020000,2026-05-23 20:52:28.074,1,,False,,False,False
0 days 01:09:21.008000,COL,43,0 days 00:01:39.170000,24.0,6.0,0 days 01:07:46.311000,,0 days 00:00:35.755000,0 days 00:00:27.448000,0 days 00:00:35.967000,0 days 01:08:17.593000,0 days 01:08:45.041000,0 days 01:09:21.008000,220.0,243.0,269.0,249.0,False,SOFT,1.0,True,Alpine,0 days 01:07:41.838000,2026-05-23 20:55:58.892,1,,False,,False,False
0 days 01:10:47.365000,COL,43,0 days 00:01:26.357000,25.0,6.0,,,0 days 00:00:23.727000,0 days 00:00:26.860000,0 days 00:00:35.770000,0 days 01:09:44.735000,0 days 01:10:11.595000,0 days 01:10:47.365000,229.0,241.0,277.0,250.0,False,SOFT,2.0,True,Alpine,0 days 01:09:21.008000,2026-05-23 20:57:38.062,1,,False,,False,True
0 days 01:12:01.240000,COL,43,0 days 00:01:13.875000,26.0,6.0,,,0 days 00:00:20.997000,0 days 00:00:23.489000,0 days 00:00:29.389000,0 days 01:11:08.362000,0 days 01:11:31.851000,0 days 01:12:01.240000,248.0,288.0,275.0,320.0,False,SOFT,3.0,True,Alpine,0 days 01:10:47.365000,2026-05-23 20:59:04.419,1,,False,,False,True
0 days 01:13:39.333000,COL,43,,27.0,6.0,,0 days 01:13:39.333000,0 days 00:00:26.006000,0 days 00:00:32.568000,,0 days 01:12:27.335000,0 days 01:12:59.887000,,194.0,150.0,,143.0,False,SOFT,4.0,True,Alpine,0 days 01:12:01.240000,2026-05-23 21:00:18.294,1,,False,,False,False
0 days 00:14:56.381000,HUL,27,0 days 00:01:48.844000,1.0,1.0,0 days 00:13:21.837000,,0 days 00:00:41.846000,0 days 00:00:28.368000,0 days 00:00:38.630000,0 days 00:13:49.473000,0 days 00:14:17.854000,0 days 00:14:56.783000,215.0,246.0,264.0,254.0,False,SOFT,1.0,True,Audi,0 days 00:13:21.837000,2026-05-23 20:01:38.891,1,,False,,False,False
0 days 00:16:24,HUL,27,0 days 00:01:27.619000,2.0,1.0,,,0 days 00:00:23.127000,0 days 00:00:26.795000,0 days 00:00:37.697000,0 days 00:15:19.508000,0 days 00:15:46.303000,0 days 00:16:24,248.0,225.0,274.0,266.0,True,SOFT,2.0,True,Audi,0 days 00:14:56.381000,2026-05-23 20:03:13.435,1,,False,,False,True
0 days 00:17:40.244000,HUL,27,0 days 00:01:16.244000,3.0,1.0,,,0 days 00:00:21.831000,0 days 00:00:23.988000,0 days 00:00:30.425000,0 days 00:16:45.831000,0 days 00:17:09.819000,0 days 00:17:40.244000,249.0,286.0,268.0,316.0,True,SOFT,3.0,True,Audi,0 days 00:16:24,2026-05-23 20:04:41.054,1,,False,,False,True
0 days 00:19:13.916000,HUL,27,0 days 00:01:33.672000,4.0,1.0,,,0 days 00:00:23.852000,0 days 00:00:30.857000,0 days 00:00:38.963000,0 days 00:18:04.096000,0 days 00:18:34.953000,0 days 00:19:13.916000,221.0,250.0,275.0,203.0,False,SOFT,4.0,True,Audi,0 days 00:17:40.244000,2026-05-23 20:05:57.298,1,,False,,False,True
0 days 00:23:21.278000,HUL,27,,5.0,1.0,,0 days 00:20:38.038000,0 days 00:00:25.575000,0 days 00:00:30.373000,,0 days 00:19:39.578000,0 days 00:20:09.933000,,220.0,255.0,,280.0,False,SOFT,5.0,True,Audi,0 days 00:19:13.916000,2026-05-23 20:07:30.970,1,,False,,False,False
0 days 00:24:51.548000,HUL,27,0 days 00:01:30.270000,6.0,2.0,0 days 00:23:22.962000,,0 days 00:00:27.234000,0 days 00:00:27.579000,0 days 00:00:35.457000,0 days 00:23:48.512000,0 days 00:24:16.091000,0 days 00:24:51.548000,226.0,243.0,271.0,271.0,False,SOFT,1.0,True,Audi,0 days 00:23:21.278000,2026-05-23 20:11:38.332,1,,False,,False,False
0 days 00:26:23.647000,HUL,27,0 days 00:01:32.099000,7.0,2.0,,,0 days 00:00:22.988000,0 days 00:00:25.713000,0 days 00:00:43.398000,0 days 00:25:14.536000,0 days 00:25:40.249000,0 days 00:26:23.647000,249.0,247.0,275.0,120.0,False,SOFT,2.0,True,Audi,0 days 00:24:51.548000,2026-05-23 20:13:08.602,1,,False,,False,True
0 days 00:27:38.859000,HUL,27,0 days 00:01:15.212000,8.0,2.0,,,0 days 00:00:21.877000,0 days 00:00:23.641000,0 days 00:00:29.694000,0 days 00:26:45.524000,0 days 00:27:09.165000,0 days 00:27:38.859000,249.0,287.0,273.0,320.0,True,SOFT,3.0,True,Audi,0 days 00:26:23.647000,2026-05-23 20:14:40.701,1,,False,,False,True
0 days 00:29:11.272000,HUL,27,0 days 00:01:32.413000,9.0,2.0,,,0 days 00:00:23.850000,0 days 00:00:28.099000,0 days 00:00:40.464000,0 days 00:28:02.709000,0 days 00:28:30.808000,0 days 00:29:11.272000,224.0,184.0,277.0,240.0,False,SOFT,4.0,True,Audi,0 days 00:27:38.859000,2026-05-23 20:15:55.913,1,,False,,False,True
0 days 00:30:25.834000,HUL,27,0 days 00:01:14.562000,10.0,2.0,,,0 days 00:00:21.161000,0 days 00:00:23.538000,0 days 00:00:29.863000,0 days 00:29:32.433000,0 days 00:29:55.971000,0 days 00:30:25.834000,242.0,285.0,271.0,311.0,True,SOFT,5.0,True,Audi,0 days 00:29:11.272000,2026-05-23 20:17:28.326,1,,False,,False,True
0 days 00:38:37.471000,HUL,27,,11.0,2.0,,0 days 00:31:53.108000,0 days 00:00:28.602000,0 days 00:00:28.975000,,0 days 00:30:54.666000,0 days 00:31:23.603000,,193.0,242.0,,255.0,False,SOFT,6.0,True,Audi,0 days 00:30:25.834000,2026-05-23 20:18:42.888,12,,False,,False,False
0 days 00:40:06.387000,HUL,27,0 days 00:01:28.916000,12.0,3.0,0 days 00:38:39.257000,,0 days 00:00:26.934000,0 days 00:00:27.094000,0 days 00:00:34.888000,0 days 00:39:04.405000,0 days 00:39:31.499000,0 days 00:40:06.387000,226.0,245.0,268.0,260.0,False,SOFT,1.0,True,Audi,0 days 00:38:37.471000,2026-05-23 20:26:54.525,1,,False,,False,False
0 days 00:41:35.281000,HUL,27,0 days 00:01:28.894000,13.0,3.0,,,0 days 00:00:22.843000,0 days 00:00:26.203000,0 days 00:00:39.848000,0 days 00:40:29.230000,0 days 00:40:55.433000,0 days 00:41:35.281000,245.0,246.0,278.0,229.0,True,SOFT,2.0,True,Audi,0 days 00:40:06.387000,2026-05-23 20:28:23.441,1,,False,,False,True
0 days 00:42:49.258000,HUL,27,0 days 00:01:13.977000,14.0,3.0,,,0 days 00:00:21.116000,0 days 00:00:23.370000,0 days 00:00:29.491000,0 days 00:41:56.397000,0 days 00:42:19.767000,0 days 00:42:49.258000,250.0,286.0,275.0,319.0,True,SOFT,3.0,True,Audi,0 days 00:41:35.281000,2026-05-23 20:29:52.335,1,,False,,False,True
0 days 00:44:35.796000,HUL,27,0 days 00:01:46.538000,15.0,3.0,,0 days 00:44:10.386000,0 days 00:00:23.628000,0 days 00:00:29.447000,0 days 00:00:53.463000,0 days 00:43:12.886000,0 days 00:43:42.333000,0 days 00:44:35.796000,171.0,259.0,,279.0,False,SOFT,4.0,True,Audi,0 days 00:42:49.258000,2026-05-23 20:31:06.312,1,,False,,False,False
0 days 00:46:04.027000,HUL,27,0 days 00:01:28.231000,16.0,4.0,0 days 00:44:37.433000,,0 days 00:00:26.042000,0 days 00:00:27.122000,0 days 00:00:35.067000,0 days 00:45:01.838000,0 days 00:45:28.960000,0 days 00:46:04.027000,230.0,242.0,264.0,256.0,False,SOFT,1.0,True,Audi,0 days 00:44:35.796000,2026-05-23 20:32:52.850,1,,False,,False,False
0 days 00:47:29.006000,HUL,27,0 days 00:01:24.979000,17.0,4.0,,,0 days 00:00:22.272000,0 days 00:00:26.133000,0 days 00:00:36.574000,0 days 00:46:26.299000,0 days 00:46:52.432000,0 days 00:47:29.006000,247.0,242.0,276.0,217.0,False,SOFT,2.0,True,Audi,0 days 00:46:04.027000,2026-05-23 20:34:21.081,1,,False,,False,True
0 days 00:48:45.890000,HUL,27,0 days 00:01:16.884000,18.0,4.0,,,0 days 00:00:21.053000,0 days 00:00:23.335000,0 days 00:00:32.496000,0 days 00:47:50.059000,0 days 00:48:13.394000,0 days 00:48:45.890000,252.0,286.0,233.0,317.0,False,SOFT,3.0,True,Audi,0 days 00:47:29.006000,2026-05-23 20:35:46.060,1,,True,TRACK LIMITS AT TURN 14 LAP 19 ,False,True
0 days 00:50:20.742000,HUL,27,0 days 00:01:34.852000,19.0,4.0,,,0 days 00:00:24.925000,0 days 00:00:28.287000,0 days 00:00:41.640000,0 days 00:49:10.815000,0 days 00:49:39.102000,0 days 00:50:20.742000,209.0,236.0,276.0,215.0,False,SOFT,4.0,True,Audi,0 days 00:48:45.890000,2026-05-23 20:37:02.944,1,,True,TRACK LIMITS AT TURN 14 (NEXT LAP),False,True
0 days 00:51:34.628000,HUL,27,0 days 00:01:13.886000,20.0,4.0,,,0 days 00:00:21.108000,0 days 00:00:23.357000,0 days 00:00:29.421000,0 days 00:50:41.850000,0 days 00:51:05.207000,0 days 00:51:34.628000,252.0,287.0,275.0,316.0,True,SOFT,5.0,True,Audi,0 days 00:50:20.742000,2026-05-23 20:38:37.796,1,,False,,False,True
0 days 00:53:03.375000,HUL,27,,21.0,4.0,,0 days 00:53:03.375000,0 days 00:00:26.800000,0 days 00:00:30.054000,,0 days 00:52:01.511000,0 days 00:52:31.596000,,194.0,233.0,,213.0,False,SOFT,6.0,True,Audi,0 days 00:51:34.628000,2026-05-23 20:39:51.682,1,,False,,False,False
0 days 00:13:31.745000,LAW,30,,1.0,1.0,0 days 00:11:51.712000,,,0 days 00:00:30.105000,0 days 00:00:36.324000,,0 days 00:12:55.536000,0 days 00:13:31.956000,208.0,246.0,237.0,253.0,False,SOFT,1.0,True,Racing Bulls,0 days 00:11:51.712000,2026-05-23 20:00:08.766,1,,False,,False,False
0 days 00:15:02.580000,LAW,30,0 days 00:01:30.835000,2.0,1.0,,,0 days 00:00:24.770000,0 days 00:00:27.809000,0 days 00:00:38.256000,0 days 00:13:56.515000,0 days 00:14:24.324000,0 days 00:15:02.580000,229.0,245.0,272.0,178.0,True,SOFT,2.0,True,Racing Bulls,0 days 00:13:31.745000,2026-05-23 20:01:48.799,1,,False,,False,True
0 days 00:16:18.697000,LAW,30,0 days 00:01:16.117000,3.0,1.0,,,0 days 00:00:21.961000,0 days 00:00:24.082000,0 days 00:00:30.074000,0 days 00:15:24.541000,0 days 00:15:48.623000,0 days 00:16:18.697000,253.0,284.0,274.0,319.0,True,SOFT,3.0,True,Racing Bulls,0 days 00:15:02.580000,2026-05-23 20:03:19.634,1,,False,,False,True
0 days 00:17:56.484000,LAW,30,0 days 00:01:37.787000,4.0,1.0,,,0 days 00:00:29.266000,0 days 00:00:30.748000,0 days 00:00:37.773000,0 days 00:16:47.963000,0 days 00:17:18.711000,0 days 00:17:56.484000,173.0,251.0,280.0,243.0,False,SOFT,4.0,True,Racing Bulls,0 days 00:16:18.697000,2026-05-23 20:04:35.751,1,,False,,False,True
0 days 00:19:11.593000,LAW,30,0 days 00:01:15.109000,5.0,1.0,,,0 days 00:00:21.432000,0 days 00:00:23.847000,0 days 00:00:29.830000,0 days 00:18:17.916000,0 days 00:18:41.763000,0 days 00:19:11.593000,248.0,284.0,275.0,315.0,True,SOFT,5.0,True,Racing Bulls,0 days 00:17:56.484000,2026-05-23 20:06:13.538,1,,False,,False,True
0 days 00:22:07.169000,LAW,30,,6.0,1.0,,0 days 00:20:34.088000,0 days 00:00:25.316000,0 days 00:00:27.568000,,0 days 00:19:36.946000,0 days 00:20:04.548000,,204.0,248.0,,272.0,False,SOFT,6.0,True,Racing Bulls,0 days 00:19:11.593000,2026-05-23 20:07:28.647,1,,False,,False,False
0 days 00:23:40.424000,LAW,30,0 days 00:01:33.255000,7.0,2.0,0 days 00:22:08.752000,,0 days 00:00:29.080000,0 days 00:00:27.660000,0 days 00:00:36.515000,0 days 00:22:36.249000,0 days 00:23:03.909000,0 days 00:23:40.424000,223.0,243.0,235.0,256.0,False,SOFT,1.0,True,Racing Bulls,0 days 00:22:07.169000,2026-05-23 20:10:24.223,1,,False,,False,False
0 days 00:25:09.408000,LAW,30,0 days 00:01:28.984000,8.0,2.0,,,0 days 00:00:24.345000,0 days 00:00:27.033000,0 days 00:00:37.606000,0 days 00:24:04.769000,0 days 00:24:31.802000,0 days 00:25:09.408000,219.0,263.0,280.0,259.0,False,SOFT,2.0,True,Racing Bulls,0 days 00:23:40.424000,2026-05-23 20:11:57.478,1,,False,,False,True
0 days 00:26:23.754000,LAW,30,0 days 00:01:14.346000,9.0,2.0,,,0 days 00:00:21.153000,0 days 00:00:23.729000,0 days 00:00:29.464000,0 days 00:25:30.561000,0 days 00:25:54.290000,0 days 00:26:23.754000,249.0,285.0,282.0,321.0,True,SOFT,3.0,True,Racing Bulls,0 days 00:25:09.408000,2026-05-23 20:13:26.462,1,,False,,False,True
0 days 00:27:58.872000,LAW,30,0 days 00:01:35.118000,10.0,2.0,,,0 days 00:00:26.616000,0 days 00:00:32.173000,0 days 00:00:36.329000,0 days 00:26:50.370000,0 days 00:27:22.543000,0 days 00:27:58.872000,195.0,255.0,284.0,266.0,False,SOFT,4.0,True,Racing Bulls,0 days 00:26:23.754000,2026-05-23 20:14:40.808,1,,False,,False,True
0 days 00:29:13.241000,LAW,30,0 days 00:01:14.369000,11.0,2.0,,,0 days 00:00:21.132000,0 days 00:00:23.792000,0 days 00:00:29.445000,0 days 00:28:20.004000,0 days 00:28:43.796000,0 days 00:29:13.241000,249.0,286.0,279.0,318.0,False,SOFT,5.0,True,Racing Bulls,0 days 00:27:58.872000,2026-05-23 20:16:15.926,1,,False,,False,True
0 days 00:37:03.111000,LAW,30,,12.0,2.0,,0 days 00:30:40.376000,0 days 00:00:24.610000,0 days 00:00:27.895000,,0 days 00:29:37.955000,0 days 00:30:05.811000,,211.0,212.0,,218.0,False,SOFT,6.0,True,Racing Bulls,0 days 00:29:13.241000,2026-05-23 20:17:30.295,12,,False,,False,False
0 days 00:38:52.246000,LAW,30,0 days 00:01:49.135000,13.0,3.0,0 days 00:37:07.311000,,0 days 00:00:44.424000,0 days 00:00:28.390000,0 days 00:00:36.321000,0 days 00:37:47.535000,0 days 00:38:15.925000,0 days 00:38:52.246000,224.0,248.0,237.0,255.0,False,SOFT,1.0,True,Racing Bulls,0 days 00:37:03.111000,2026-05-23 20:25:20.165,1,,False,,False,False
0 days 00:40:23.948000,LAW,30,0 days 00:01:31.702000,14.0,3.0,,,0 days 00:00:24.407000,0 days 00:00:26.926000,0 days 00:00:40.369000,0 days 00:39:16.653000,0 days 00:39:43.579000,0 days 00:40:23.948000,234.0,245.0,281.0,254.0,True,SOFT,2.0,True,Racing Bulls,0 days 00:38:52.246000,2026-05-23 20:27:09.300,1,,False,,False,True
0 days 00:41:40.819000,LAW,30,0 days 00:01:16.871000,15.0,3.0,,,0 days 00:00:21.176000,0 days 00:00:23.586000,0 days 00:00:32.109000,0 days 00:40:45.124000,0 days 00:41:08.710000,0 days 00:41:40.819000,250.0,286.0,232.0,317.0,False,SOFT,3.0,True,Racing Bulls,0 days 00:40:23.948000,2026-05-23 20:28:41.002,1,,True,TRACK LIMITS AT TURN 14 LAP 16 ,False,True
0 days 00:44:16.841000,LAW,30,,16.0,3.0,,0 days 00:43:05.646000,0 days 00:00:26.348000,0 days 00:00:28.321000,,0 days 00:42:07.232000,0 days 00:42:35.615000,,226.0,245.0,,260.0,False,SOFT,4.0,True,Racing Bulls,0 days 00:41:40.819000,2026-05-23 20:29:57.873,1,,False,,False,False
0 days 00:45:52.370000,LAW,30,0 days 00:01:35.529000,17.0,4.0,0 days 00:44:18.386000,,0 days 00:00:30.401000,0 days 00:00:27.781000,0 days 00:00:37.347000,0 days 00:44:47.242000,0 days 00:45:15.023000,0 days 00:45:52.370000,214.0,247.0,236.0,255.0,False,SOFT,1.0,True,Racing Bulls,0 days 00:44:16.841000,2026-05-23 20:32:33.895,1,,False,,False,False
0 days 00:47:20.316000,LAW,30,0 days 00:01:27.946000,18.0,4.0,,,0 days 00:00:25.137000,0 days 00:00:27.352000,0 days 00:00:35.457000,0 days 00:46:17.507000,0 days 00:46:44.859000,0 days 00:47:20.316000,232.0,246.0,281.0,255.0,True,SOFT,2.0,True,Racing Bulls,0 days 00:45:52.370000,2026-05-23 20:34:09.424,1,,False,,False,True
0 days 00:48:34.719000,LAW,30,0 days 00:01:14.403000,19.0,4.0,,,0 days 00:00:21.070000,0 days 00:00:23.680000,0 days 00:00:29.653000,0 days 00:47:41.386000,0 days 00:48:05.066000,0 days 00:48:34.719000,251.0,286.0,275.0,315.0,True,SOFT,3.0,True,Racing Bulls,0 days 00:47:20.316000,2026-05-23 20:35:37.370,1,,False,,False,True
0 days 00:50:05.854000,LAW,30,0 days 00:01:31.135000,20.0,4.0,,,0 days 00:00:25.963000,0 days 00:00:29.175000,0 days 00:00:35.997000,0 days 00:49:00.682000,0 days 00:49:29.857000,0 days 00:50:05.854000,192.0,232.0,282.0,258.0,False,SOFT,4.0,True,Racing Bulls,0 days 00:48:34.719000,2026-05-23 20:36:51.773,1,,False,,False,True
0 days 00:51:19.751000,LAW,30,0 days 00:01:13.897000,21.0,4.0,,,0 days 00:00:20.886000,0 days 00:00:23.528000,0 days 00:00:29.483000,0 days 00:50:26.740000,0 days 00:50:50.268000,0 days 00:51:19.751000,250.0,286.0,280.0,315.0,True,SOFT,5.0,True,Racing Bulls,0 days 00:50:05.854000,2026-05-23 20:38:22.908,1,,False,,False,True
0 days 00:52:45.619000,LAW,30,,22.0,4.0,,0 days 00:52:45.619000,0 days 00:00:27.182000,0 days 00:00:27.249000,,0 days 00:51:47.088000,0 days 00:52:14.798000,,201.0,236.0,,246.0,False,SOFT,6.0,True,Racing Bulls,0 days 00:51:19.751000,2026-05-23 20:39:36.805,1,,False,,False,False
0 days 00:14:52.801000,BOR,5,0 days 00:01:55.154000,1.0,1.0,0 days 00:13:04.920000,,0 days 00:00:49.784000,0 days 00:00:28.523000,0 days 00:00:36.847000,0 days 00:13:47.491000,0 days 00:14:15.997000,0 days 00:14:53.021000,223.0,244.0,241.0,241.0,False,SOFT,1.0,True,Audi,0 days 00:13:04.920000,2026-05-23 20:01:21.974,1,,False,,False,False
0 days 00:16:30.176000,BOR,5,0 days 00:01:37.375000,2.0,1.0,,,0 days 00:00:23.859000,0 days 00:00:34.301000,0 days 00:00:39.215000,0 days 00:15:16.660000,0 days 00:15:50.961000,0 days 00:16:30.176000,233.0,232.0,275.0,267.0,True,SOFT,2.0,True,Audi,0 days 00:14:52.801000,2026-05-23 20:03:09.855,1,,False,,False,True
0 days 00:17:46.155000,BOR,5,0 days 00:01:15.979000,3.0,1.0,,,0 days 00:00:21.907000,0 days 00:00:24.047000,0 days 00:00:30.025000,0 days 00:16:52.083000,0 days 00:17:16.130000,0 days 00:17:46.155000,252.0,287.0,272.0,329.0,True,SOFT,3.0,True,Audi,0 days 00:16:30.176000,2026-05-23 20:04:47.230,1,,False,,False,True
0 days 00:19:28.603000,BOR,5,0 days 00:01:42.448000,4.0,1.0,,,0 days 00:00:29.932000,0 days 00:00:30.635000,0 days 00:00:41.881000,0 days 00:18:16.087000,0 days 00:18:46.722000,0 days 00:19:28.603000,171.0,200.0,275.0,220.0,False,SOFT,4.0,True,Audi,0 days 00:17:46.155000,2026-05-23 20:06:03.209,1,,False,,False,True
0 days 00:20:47.725000,BOR,5,0 days 00:01:19.122000,5.0,1.0,,,0 days 00:00:24.030000,0 days 00:00:24.719000,0 days 00:00:30.373000,0 days 00:19:52.633000,0 days 00:20:17.352000,0 days 00:20:47.725000,227.0,287.0,267.0,324.0,False,SOFT,5.0,True,Audi,0 days 00:19:28.603000,2026-05-23 20:07:45.657,1,,True,TRACK LIMITS AT TURN 4 LAP 6 ,False,True
0 days 00:23:25.473000,BOR,5,,6.0,1.0,,0 days 00:22:13.089000,0 days 00:00:27.432000,0 days 00:00:27.196000,,0 days 00:21:15.380000,0 days 00:21:42.434000,,221.0,247.0,,263.0,False,SOFT,6.0,True,Audi,0 days 00:20:47.725000,2026-05-23 20:09:04.779,1,,False,,False,False
0 days 00:24:57.272000,BOR,5,0 days 00:01:31.799000,7.0,2.0,0 days 00:23:28.273000,,0 days 00:00:28.957000,0 days 00:00:27.783000,0 days 00:00:35.059000,0 days 00:23:54.430000,0 days 00:24:22.213000,0 days 00:24:57.272000,228.0,246.0,242.0,259.0,False,SOFT,1.0,True,Audi,0 days 00:23:25.473000,2026-05-23 20:11:42.527,1,,False,,False,False
0 days 00:26:40.912000,BOR,5,0 days 00:01:43.640000,8.0,2.0,,,0 days 00:00:23.673000,0 days 00:00:30.087000,0 days 00:00:49.880000,0 days 00:25:20.945000,0 days 00:25:51.032000,0 days 00:26:40.912000,237.0,249.0,275.0,234.0,False,SOFT,2.0,True,Audi,0 days 00:24:57.272000,2026-05-23 20:13:14.326,1,,False,,False,True
0 days 00:27:55.792000,BOR,5,0 days 00:01:14.880000,9.0,2.0,,,0 days 00:00:21.582000,0 days 00:00:23.610000,0 days 00:00:29.688000,0 days 00:27:02.494000,0 days 00:27:26.104000,0 days 00:27:55.792000,250.0,287.0,272.0,320.0,True,SOFT,3.0,True,Audi,0 days 00:26:40.912000,2026-05-23 20:14:57.966,1,,False,,False,True
0 days 00:29:32.913000,BOR,5,0 days 00:01:37.121000,10.0,2.0,,,0 days 00:00:26.213000,0 days 00:00:29.399000,0 days 00:00:41.509000,0 days 00:28:22.005000,0 days 00:28:51.404000,0 days 00:29:32.913000,207.0,203.0,276.0,253.0,False,SOFT,4.0,True,Audi,0 days 00:27:55.792000,2026-05-23 20:16:12.846,1,,False,,False,True
0 days 00:30:47.688000,BOR,5,0 days 00:01:14.775000,11.0,2.0,,,0 days 00:00:21.525000,0 days 00:00:23.568000,0 days 00:00:29.682000,0 days 00:29:54.438000,0 days 00:30:18.006000,0 days 00:30:47.688000,250.0,285.0,272.0,319.0,True,SOFT,5.0,True,Audi,0 days 00:29:32.913000,2026-05-23 20:17:49.967,1,,False,,False,True
0 days 00:37:55.824000,BOR,5,,12.0,2.0,,0 days 00:32:12.966000,0 days 00:00:26.298000,0 days 00:00:28.831000,,0 days 00:31:14.098000,0 days 00:31:42.878000,,193.0,262.0,,214.0,False,SOFT,6.0,True,Audi,0 days 00:30:47.688000,2026-05-23 20:19:04.742,12,,False,,False,False
0 days 00:39:40.680000,BOR,5,0 days 00:01:44.856000,13.0,3.0,0 days 00:38:07.128000,,0 days 00:00:41.465000,0 days 00:00:28.286000,0 days 00:00:35.105000,0 days 00:38:37.289000,0 days 00:39:05.575000,0 days 00:39:40.680000,207.0,243.0,240.0,258.0,False,SOFT,1.0,True,Audi,0 days 00:37:55.824000,2026-05-23 20:26:12.878,1,,False,,False,False
0 days 00:41:08.744000,BOR,5,0 days 00:01:28.064000,14.0,3.0,,,0 days 00:00:23.301000,0 days 00:00:27.086000,0 days 00:00:37.677000,0 days 00:40:03.981000,0 days 00:40:31.067000,0 days 00:41:08.744000,237.0,248.0,278.0,258.0,True,SOFT,2.0,True,Audi,0 days 00:39:40.680000,2026-05-23 20:27:57.734,1,,False,,False,True
0 days 00:42:23.170000,BOR,5,0 days 00:01:14.426000,15.0,3.0,,,0 days 00:00:21.252000,0 days 00:00:23.591000,0 days 00:00:29.583000,0 days 00:41:29.996000,0 days 00:41:53.587000,0 days 00:42:23.170000,251.0,287.0,272.0,322.0,True,SOFT,3.0,True,Audi,0 days 00:41:08.744000,2026-05-23 20:29:25.798,1,,False,,False,True
0 days 00:44:48.405000,BOR,5,0 days 00:02:25.235000,16.0,3.0,,0 days 00:43:49.720000,0 days 00:00:30.176000,0 days 00:00:26.943000,0 days 00:01:28.116000,0 days 00:42:53.346000,0 days 00:43:20.289000,0 days 00:44:48.405000,229.0,243.0,,260.0,False,SOFT,4.0,True,Audi,0 days 00:42:23.170000,2026-05-23 20:30:40.224,1,,False,,False,False
0 days 00:46:19.400000,BOR,5,0 days 00:01:30.995000,17.0,4.0,0 days 00:44:50.244000,,0 days 00:00:28.127000,0 days 00:00:28.047000,0 days 00:00:34.821000,0 days 00:45:16.532000,0 days 00:45:44.579000,0 days 00:46:19.400000,236.0,245.0,238.0,258.0,False,SOFT,1.0,True,Audi,0 days 00:44:48.405000,2026-05-23 20:33:05.459,1,,False,,False,False
0 days 00:47:45.708000,BOR,5,0 days 00:01:26.308000,18.0,4.0,,,0 days 00:00:24.241000,0 days 00:00:26.972000,0 days 00:00:35.095000,0 days 00:46:43.641000,0 days 00:47:10.613000,0 days 00:47:45.708000,236.0,242.0,276.0,254.0,False,SOFT,2.0,True,Audi,0 days 00:46:19.400000,2026-05-23 20:34:36.454,1,,False,,False,True
0 days 00:49:00.258000,BOR,5,0 days 00:01:14.550000,19.0,4.0,,,0 days 00:00:21.279000,0 days 00:00:23.594000,0 days 00:00:29.677000,0 days 00:48:06.987000,0 days 00:48:30.581000,0 days 00:49:00.258000,251.0,285.0,271.0,320.0,False,SOFT,3.0,True,Audi,0 days 00:47:45.708000,2026-05-23 20:36:02.762,1,,False,,False,True
0 days 00:50:46.141000,BOR,5,0 days 00:01:45.883000,20.0,4.0,,,0 days 00:00:28.405000,0 days 00:00:34.452000,0 days 00:00:43.026000,0 days 00:49:28.663000,0 days 00:50:03.115000,0 days 00:50:46.141000,181.0,166.0,278.0,252.0,False,SOFT,4.0,True,Audi,0 days 00:49:00.258000,2026-05-23 20:37:17.312,1,,False,,False,True
0 days 00:52:00.212000,BOR,5,0 days 00:01:14.071000,21.0,4.0,,,0 days 00:00:21.168000,0 days 00:00:23.432000,0 days 00:00:29.471000,0 days 00:51:07.309000,0 days 00:51:30.741000,0 days 00:52:00.212000,251.0,287.0,275.0,320.0,True,SOFT,5.0,True,Audi,0 days 00:50:46.141000,2026-05-23 20:39:03.195,1,,False,,False,True
0 days 00:53:29.488000,BOR,5,,22.0,4.0,,0 days 00:53:29.488000,0 days 00:00:27.353000,0 days 00:00:30.487000,,0 days 00:52:27.752000,0 days 00:52:58.144000,,191.0,220.0,,244.0,False,SOFT,6.0,True,Audi,0 days 00:52:00.212000,2026-05-23 20:40:17.266,1,,False,,False,False
0 days 00:13:57.085000,GAS,10,0 days 00:01:47.974000,1.0,1.0,0 days 00:12:13.297000,,0 days 00:00:41.436000,0 days 00:00:29.648000,0 days 00:00:36.890000,0 days 00:12:50.647000,0 days 00:13:20.362000,0 days 00:13:57.436000,225.0,237.0,270.0,251.0,False,SOFT,1.0,True,Alpine,0 days 00:12:13.297000,2026-05-23 20:00:30.351,1,,False,,False,False
0 days 00:15:29.994000,GAS,10,0 days 00:01:32.909000,2.0,1.0,,,0 days 00:00:27.281000,0 days 00:00:28.934000,0 days 00:00:36.694000,0 days 00:14:24.366000,0 days 00:14:53.300000,0 days 00:15:29.994000,213.0,240.0,268.0,252.0,True,SOFT,2.0,True,Alpine,0 days 00:13:57.085000,2026-05-23 20:02:14.139,1,,False,,False,True
0 days 00:16:47.525000,GAS,10,0 days 00:01:17.531000,3.0,1.0,,,0 days 00:00:22.189000,0 days 00:00:24.379000,0 days 00:00:30.963000,0 days 00:15:52.183000,0 days 00:16:16.562000,0 days 00:16:47.525000,249.0,288.0,267.0,319.0,True,SOFT,3.0,True,Alpine,0 days 00:15:29.994000,2026-05-23 20:03:47.048,1,,False,,False,True
0 days 00:18:25.803000,GAS,10,0 days 00:01:38.278000,4.0,1.0,,,0 days 00:00:29.992000,0 days 00:00:31.780000,0 days 00:00:36.506000,0 days 00:17:17.517000,0 days 00:17:49.297000,0 days 00:18:25.803000,175.0,207.0,276.0,254.0,False,SOFT,4.0,True,Alpine,0 days 00:16:47.525000,2026-05-23 20:05:04.579,1,,False,,False,True
0 days 00:21:48.177000,GAS,10,,5.0,1.0,,0 days 00:19:36.512000,0 days 00:00:21.548000,0 days 00:00:23.794000,,0 days 00:18:47.567000,0 days 00:19:11.240000,,246.0,287.0,,319.0,False,SOFT,5.0,True,Alpine,0 days 00:18:25.803000,2026-05-23 20:06:42.857,1,,False,,False,False
0 days 00:23:25.137000,GAS,10,0 days 00:01:36.960000,6.0,2.0,0 days 00:21:50.987000,,0 days 00:00:31.695000,0 days 00:00:27.556000,0 days 00:00:37.709000,0 days 00:22:19.872000,0 days 00:22:47.428000,0 days 00:23:25.137000,232.0,242.0,251.0,249.0,False,SOFT,1.0,True,Alpine,0 days 00:21:48.177000,2026-05-23 20:10:05.231,1,,False,,False,False
0 days 00:24:56.567000,GAS,10,0 days 00:01:31.430000,7.0,2.0,,,0 days 00:00:26.280000,0 days 00:00:27.958000,0 days 00:00:37.192000,0 days 00:23:51.417000,0 days 00:24:19.375000,0 days 00:24:56.567000,228.0,239.0,277.0,253.0,False,SOFT,2.0,True,Alpine,0 days 00:23:25.137000,2026-05-23 20:11:42.191,1,,False,,False,True
0 days 00:26:11.265000,GAS,10,0 days 00:01:14.698000,8.0,2.0,,,0 days 00:00:21.355000,0 days 00:00:23.537000,0 days 00:00:29.806000,0 days 00:25:17.922000,0 days 00:25:41.459000,0 days 00:26:11.265000,246.0,289.0,271.0,320.0,True,SOFT,3.0,True,Alpine,0 days 00:24:56.567000,2026-05-23 20:13:13.621,1,,False,,False,True
0 days 00:27:52.380000,GAS,10,0 days 00:01:41.115000,9.0,2.0,,,0 days 00:00:30.519000,0 days 00:00:31.912000,0 days 00:00:38.684000,0 days 00:26:41.784000,0 days 00:27:13.696000,0 days 00:27:52.380000,170.0,242.0,275.0,252.0,False,SOFT,4.0,True,Alpine,0 days 00:26:11.265000,2026-05-23 20:14:28.319,1,,False,,False,True
0 days 00:36:51.070000,GAS,10,,10.0,2.0,,0 days 00:29:21.740000,0 days 00:00:25.078000,0 days 00:00:30.578000,,0 days 00:28:17.472000,0 days 00:28:48.024000,,176.0,214.0,,256.0,False,SOFT,5.0,True,Alpine,0 days 00:27:52.380000,2026-05-23 20:16:09.434,12,,False,,False,False
0 days 00:38:28.931000,GAS,10,,11.0,3.0,0 days 00:36:51.070000,,,0 days 00:00:27.864000,0 days 00:00:35.837000,,0 days 00:37:53.224000,0 days 00:38:29.002000,183.0,249.0,266.0,247.0,False,SOFT,1.0,True,Alpine,0 days 00:36:51.070000,2026-05-23 20:25:08.124,1,,False,,False,False
0 days 00:39:58.430000,GAS,10,0 days 00:01:29.499000,12.0,3.0,,,0 days 00:00:24.626000,0 days 00:00:28.385000,0 days 00:00:36.488000,0 days 00:38:53.557000,0 days 00:39:21.942000,0 days 00:39:58.430000,229.0,240.0,276.0,252.0,True,SOFT,2.0,True,Alpine,0 days 00:38:28.931000,2026-05-23 20:26:45.985,1,,False,,False,True
0 days 00:41:13.141000,GAS,10,0 days 00:01:14.711000,13.0,3.0,,,0 days 00:00:21.481000,0 days 00:00:23.603000,0 days 00:00:29.627000,0 days 00:40:19.911000,0 days 00:40:43.514000,0 days 00:41:13.141000,244.0,289.0,275.0,314.0,True,SOFT,3.0,True,Alpine,0 days 00:39:58.430000,2026-05-23 20:28:15.484,1,,False,,False,True
0 days 00:44:58.505000,GAS,10,,14.0,3.0,,0 days 00:42:39.711000,0 days 00:00:24.967000,0 days 00:00:30.449000,,0 days 00:41:38.254000,0 days 00:42:08.660000,,222.0,244.0,,240.0,False,SOFT,4.0,True,Alpine,0 days 00:41:13.141000,2026-05-23 20:29:30.195,1,,False,,False,False
0 days 00:46:39.138000,GAS,10,0 days 00:01:40.633000,15.0,4.0,0 days 00:45:02.025000,,0 days 00:00:37.806000,0 days 00:00:26.902000,0 days 00:00:35.925000,0 days 00:45:36.311000,0 days 00:46:03.213000,0 days 00:46:39.138000,235.0,258.0,265.0,250.0,False,SOFT,1.0,True,Alpine,0 days 00:44:58.505000,2026-05-23 20:33:15.559,1,,False,,False,False
0 days 00:48:10.208000,GAS,10,0 days 00:01:31.070000,16.0,4.0,,,0 days 00:00:23.788000,0 days 00:00:26.514000,0 days 00:00:40.768000,0 days 00:47:02.926000,0 days 00:47:29.440000,0 days 00:48:10.208000,230.0,245.0,275.0,118.0,False,SOFT,2.0,True,Alpine,0 days 00:46:39.138000,2026-05-23 20:34:56.192,1,,False,,False,True
0 days 00:49:24.668000,GAS,10,0 days 00:01:14.460000,17.0,4.0,,,0 days 00:00:21.509000,0 days 00:00:23.400000,0 days 00:00:29.551000,0 days 00:48:31.717000,0 days 00:48:55.117000,0 days 00:49:24.668000,244.0,288.0,274.0,317.0,True,SOFT,3.0,True,Alpine,0 days 00:48:10.208000,2026-05-23 20:36:27.262,1,,False,,False,True
0 days 00:51:15.176000,GAS,10,0 days 00:01:50.508000,18.0,4.0,,,0 days 00:00:28.724000,0 days 00:00:33.512000,0 days 00:00:48.272000,0 days 00:49:53.392000,0 days 00:50:26.904000,0 days 00:51:15.176000,182.0,180.0,274.0,87.0,False,SOFT,4.0,True,Alpine,0 days 00:49:24.668000,2026-05-23 20:37:41.722,1,,False,,False,True
0 days 00:52:29.363000,GAS,10,0 days 00:01:14.187000,19.0,4.0,,,0 days 00:00:21.270000,0 days 00:00:23.396000,0 days 00:00:29.521000,0 days 00:51:36.446000,0 days 00:51:59.842000,0 days 00:52:29.363000,246.0,290.0,279.0,316.0,True,SOFT,5.0,True,Alpine,0 days 00:51:15.176000,2026-05-23 20:39:32.230,1,,False,,False,True
0 days 00:53:57.893000,GAS,10,,20.0,4.0,,0 days 00:53:57.893000,0 days 00:00:29.235000,0 days 00:00:28.826000,,0 days 00:52:58.690000,0 days 00:53:27.573000,,187.0,220.0,,228.0,False,SOFT,6.0,True,Alpine,0 days 00:52:29.363000,2026-05-23 20:40:46.417,1,,False,,False,False
0 days 00:13:47.558000,SAI,55,0 days 00:01:45.164000,1.0,1.0,0 days 00:12:05.296000,,0 days 00:00:40.800000,0 days 00:00:27.512000,0 days 00:00:36.852000,0 days 00:12:43.261000,0 days 00:13:10.943000,0 days 00:13:47.859000,226.0,251.0,270.0,248.0,False,SOFT,1.0,True,Williams,0 days 00:12:05.296000,2026-05-23 20:00:22.350,1,,False,,False,False
0 days 00:15:16.091000,SAI,55,0 days 00:01:28.533000,2.0,1.0,,,0 days 00:00:22.180000,0 days 00:00:25.535000,0 days 00:00:40.818000,0 days 00:14:09.738000,0 days 00:14:35.273000,0 days 00:15:16.091000,248.0,252.0,267.0,173.0,True,SOFT,2.0,True,Williams,0 days 00:13:47.558000,2026-05-23 20:02:04.612,1,,False,,False,True
0 days 00:16:31.707000,SAI,55,0 days 00:01:15.616000,3.0,1.0,,,0 days 00:00:21.734000,0 days 00:00:23.906000,0 days 00:00:29.976000,0 days 00:15:37.825000,0 days 00:16:01.731000,0 days 00:16:31.707000,247.0,288.0,273.0,319.0,True,SOFT,3.0,True,Williams,0 days 00:15:16.091000,2026-05-23 20:03:33.145,1,,False,,False,True
0 days 00:18:11.438000,SAI,55,0 days 00:01:39.731000,4.0,1.0,,,0 days 00:00:30.052000,0 days 00:00:30.391000,0 days 00:00:39.288000,0 days 00:17:01.759000,0 days 00:17:32.150000,0 days 00:18:11.438000,174.0,226.0,275.0,254.0,False,SOFT,4.0,True,Williams,0 days 00:16:31.707000,2026-05-23 20:04:48.761,1,,False,,False,True
0 days 00:19:26.184000,SAI,55,0 days 00:01:14.746000,5.0,1.0,,,0 days 00:00:21.359000,0 days 00:00:23.664000,0 days 00:00:29.723000,0 days 00:18:32.797000,0 days 00:18:56.461000,0 days 00:19:26.184000,247.0,287.0,274.0,320.0,True,SOFT,5.0,True,Williams,0 days 00:18:11.438000,2026-05-23 20:06:28.492,1,,False,,False,True
0 days 00:22:51.040000,SAI,55,,6.0,1.0,,0 days 00:20:53.883000,0 days 00:00:28.420000,0 days 00:00:29.612000,,0 days 00:19:54.725000,0 days 00:20:24.326000,,189.0,248.0,,254.0,False,SOFT,6.0,True,Williams,0 days 00:19:26.184000,2026-05-23 20:07:43.238,1,,False,,False,False
0 days 00:24:37.511000,SAI,55,0 days 00:01:46.471000,7.0,2.0,0 days 00:22:55.088000,,0 days 00:00:41.443000,0 days 00:00:26.600000,0 days 00:00:38.428000,0 days 00:23:32.483000,0 days 00:23:59.083000,0 days 00:24:37.511000,230.0,288.0,270.0,253.0,False,SOFT,1.0,True,Williams,0 days 00:22:51.040000,2026-05-23 20:11:08.094,1,,False,,False,False
0 days 00:26:05.332000,SAI,55,0 days 00:01:27.821000,8.0,2.0,,,0 days 00:00:21.880000,0 days 00:00:26.849000,0 days 00:00:39.092000,0 days 00:24:59.391000,0 days 00:25:26.240000,0 days 00:26:05.332000,246.0,238.0,277.0,250.0,False,SOFT,2.0,True,Williams,0 days 00:24:37.511000,2026-05-23 20:12:54.565,1,,False,,False,True
0 days 00:27:19.608000,SAI,55,0 days 00:01:14.276000,9.0,2.0,,,0 days 00:00:21.241000,0 days 00:00:23.491000,0 days 00:00:29.544000,0 days 00:26:26.573000,0 days 00:26:50.064000,0 days 00:27:19.608000,248.0,289.0,274.0,318.0,True,SOFT,3.0,True,Williams,0 days 00:26:05.332000,2026-05-23 20:14:22.386,1,,False,,False,True
0 days 00:28:59.687000,SAI,55,0 days 00:01:40.079000,10.0,2.0,,,0 days 00:00:29.474000,0 days 00:00:33.486000,0 days 00:00:37.119000,0 days 00:27:49.082000,0 days 00:28:22.568000,0 days 00:28:59.687000,199.0,211.0,275.0,272.0,False,SOFT,4.0,True,Williams,0 days 00:27:19.608000,2026-05-23 20:15:36.662,1,,False,,False,True
0 days 00:30:29.424000,SAI,55,0 days 00:01:29.737000,11.0,2.0,,,0 days 00:00:21.634000,0 days 00:00:27.199000,0 days 00:00:40.904000,0 days 00:29:21.321000,0 days 00:29:48.520000,0 days 00:30:29.424000,244.0,246.0,272.0,242.0,False,SOFT,5.0,True,Williams,0 days 00:28:59.687000,2026-05-23 20:17:16.741,1,,False,,False,True
0 days 00:37:13.062000,SAI,55,,12.0,2.0,,0 days 00:31:54.350000,0 days 00:00:24.255000,0 days 00:00:28.113000,,0 days 00:30:53.701000,0 days 00:31:21.853000,,200.0,272.0,,202.0,False,SOFT,6.0,True,Williams,0 days 00:30:29.424000,2026-05-23 20:18:46.478,12,,False,,False,False
0 days 00:39:10.746000,SAI,55,0 days 00:01:57.684000,13.0,3.0,0 days 00:37:15.698000,0 days 00:38:46.265000,0 days 00:00:35.290000,0 days 00:00:28.852000,0 days 00:00:53.542000,0 days 00:37:48.352000,0 days 00:38:17.204000,0 days 00:39:10.746000,216.0,247.0,,265.0,False,SOFT,7.0,False,Williams,0 days 00:37:13.062000,2026-05-23 20:25:30.116,1,,False,,False,False
0 days 00:40:42.422000,SAI,55,0 days 00:01:31.676000,14.0,4.0,0 days 00:39:12.385000,,0 days 00:00:27.422000,0 days 00:00:26.269000,0 days 00:00:37.985000,0 days 00:39:38.168000,0 days 00:40:04.437000,0 days 00:40:42.422000,242.0,279.0,274.0,262.0,False,SOFT,1.0,True,Williams,0 days 00:39:10.746000,2026-05-23 20:27:27.800,1,,False,,False,False
0 days 00:42:06.057000,SAI,55,0 days 00:01:23.635000,15.0,4.0,,,0 days 00:00:21.894000,0 days 00:00:25.611000,0 days 00:00:36.130000,0 days 00:41:04.316000,0 days 00:41:29.927000,0 days 00:42:06.057000,248.0,257.0,276.0,248.0,True,SOFT,2.0,True,Williams,0 days 00:40:42.422000,2026-05-23 20:28:59.476,1,,False,,False,True
0 days 00:43:20.388000,SAI,55,0 days 00:01:14.331000,16.0,4.0,,,0 days 00:00:21.166000,0 days 00:00:23.497000,0 days 00:00:29.668000,0 days 00:42:27.223000,0 days 00:42:50.720000,0 days 00:43:20.388000,245.0,285.0,271.0,313.0,True,SOFT,3.0,True,Williams,0 days 00:42:06.057000,2026-05-23 20:30:23.111,1,,False,,False,True
0 days 00:47:26.288000,SAI,55,,17.0,4.0,,0 days 00:44:46.808000,0 days 00:00:28.715000,0 days 00:00:28.925000,,0 days 00:43:49.360000,0 days 00:44:18.149000,,192.0,262.0,,283.0,False,SOFT,4.0,True,Williams,0 days 00:43:20.388000,2026-05-23 20:31:37.442,1,,False,,False,False
0 days 00:49:07.863000,SAI,55,0 days 00:01:41.575000,18.0,5.0,0 days 00:47:28.392000,,0 days 00:00:35.609000,0 days 00:00:29.387000,0 days 00:00:36.579000,0 days 00:48:01.897000,0 days 00:48:31.284000,0 days 00:49:07.863000,248.0,266.0,272.0,250.0,False,SOFT,1.0,True,Williams,0 days 00:47:26.288000,2026-05-23 20:35:43.342,1,,False,,False,False
0 days 00:50:39.671000,SAI,55,0 days 00:01:31.808000,19.0,5.0,,,0 days 00:00:22.063000,0 days 00:00:28.011000,0 days 00:00:41.734000,0 days 00:49:29.926000,0 days 00:49:57.937000,0 days 00:50:39.671000,244.0,250.0,276.0,246.0,False,SOFT,2.0,True,Williams,0 days 00:49:07.863000,2026-05-23 20:37:24.917,1,,False,,False,True
0 days 00:51:53.944000,SAI,55,0 days 00:01:14.273000,20.0,5.0,,,0 days 00:00:21.483000,0 days 00:00:23.333000,0 days 00:00:29.457000,0 days 00:51:01.154000,0 days 00:51:24.487000,0 days 00:51:53.944000,242.0,287.0,275.0,317.0,True,SOFT,3.0,True,Williams,0 days 00:50:39.671000,2026-05-23 20:38:56.725,1,,False,,False,True
0 days 00:53:24.441000,SAI,55,,21.0,5.0,,0 days 00:53:24.441000,0 days 00:00:28.882000,0 days 00:00:30.079000,,0 days 00:52:22.892000,0 days 00:52:52.956000,,192.0,228.0,,241.0,False,SOFT,4.0,True,Williams,0 days 00:51:53.944000,2026-05-23 20:40:10.998,1,,False,,False,False
0 days 00:13:38.377000,BEA,87,,1.0,1.0,0 days 00:11:57.549000,,,0 days 00:00:31.134000,0 days 00:00:37.795000,,0 days 00:13:00.659000,0 days 00:13:38.626000,226.0,253.0,262.0,240.0,False,SOFT,1.0,True,Haas F1 Team,0 days 00:11:57.549000,2026-05-23 20:00:14.603,1,,False,,False,False
0 days 00:15:09.742000,BEA,87,0 days 00:01:31.365000,2.0,1.0,,,0 days 00:00:22.680000,0 days 00:00:28.301000,0 days 00:00:40.384000,0 days 00:14:01.057000,0 days 00:14:29.358000,0 days 00:15:09.742000,249.0,219.0,275.0,244.0,True,SOFT,2.0,True,Haas F1 Team,0 days 00:13:38.377000,2026-05-23 20:01:55.431,1,,False,,False,True
0 days 00:16:25.352000,BEA,87,0 days 00:01:15.610000,3.0,1.0,,,0 days 00:00:21.577000,0 days 00:00:24.164000,0 days 00:00:29.869000,0 days 00:15:31.319000,0 days 00:15:55.483000,0 days 00:16:25.352000,247.0,281.0,270.0,323.0,True,SOFT,3.0,True,Haas F1 Team,0 days 00:15:09.742000,2026-05-23 20:03:26.796,1,,False,,False,True
0 days 00:18:05.168000,BEA,87,0 days 00:01:39.816000,4.0,1.0,,,0 days 00:00:30.935000,0 days 00:00:32.237000,0 days 00:00:36.644000,0 days 00:16:56.287000,0 days 00:17:28.524000,0 days 00:18:05.168000,176.0,179.0,277.0,254.0,False,SOFT,4.0,True,Haas F1 Team,0 days 00:16:25.352000,2026-05-23 20:04:42.406,1,,False,,False,True
0 days 00:19:20.014000,BEA,87,0 days 00:01:14.846000,5.0,1.0,,,0 days 00:00:21.212000,0 days 00:00:23.782000,0 days 00:00:29.852000,0 days 00:18:26.380000,0 days 00:18:50.162000,0 days 00:19:20.014000,247.0,282.0,267.0,317.0,True,SOFT,5.0,True,Haas F1 Team,0 days 00:18:05.168000,2026-05-23 20:06:22.222,1,,False,,False,True
0 days 00:22:39.430000,BEA,87,,6.0,1.0,,0 days 00:20:40.769000,0 days 00:00:26.640000,0 days 00:00:26.021000,,0 days 00:19:46.688000,0 days 00:20:12.795000,,230.0,257.0,,282.0,False,SOFT,6.0,True,Haas F1 Team,0 days 00:19:20.014000,2026-05-23 20:07:37.068,1,,False,,False,False
0 days 00:24:17.848000,BEA,87,0 days 00:01:38.418000,7.0,2.0,0 days 00:22:41.646000,,0 days 00:00:35.354000,0 days 00:00:26.886000,0 days 00:00:36.178000,0 days 00:23:14.784000,0 days 00:23:41.670000,0 days 00:24:17.848000,209.0,276.0,263.0,196.0,False,SOFT,1.0,True,Haas F1 Team,0 days 00:22:39.430000,2026-05-23 20:10:56.484,1,,False,,False,False
0 days 00:25:45.682000,BEA,87,0 days 00:01:27.834000,8.0,2.0,,,0 days 00:00:23.140000,0 days 00:00:29.053000,0 days 00:00:35.641000,0 days 00:24:40.988000,0 days 00:25:10.041000,0 days 00:25:45.682000,247.0,208.0,275.0,250.0,False,SOFT,2.0,True,Haas F1 Team,0 days 00:24:17.848000,2026-05-23 20:12:34.902,1,,False,,False,True
0 days 00:27:00.249000,BEA,87,0 days 00:01:14.567000,9.0,2.0,,,0 days 00:00:21.098000,0 days 00:00:23.733000,0 days 00:00:29.736000,0 days 00:26:06.780000,0 days 00:26:30.513000,0 days 00:27:00.249000,250.0,283.0,267.0,318.0,True,SOFT,3.0,True,Haas F1 Team,0 days 00:25:45.682000,2026-05-23 20:14:02.736,1,,False,,False,True
0 days 00:28:44.255000,BEA,87,0 days 00:01:44.006000,10.0,2.0,,,0 days 00:00:34.073000,0 days 00:00:30.880000,0 days 00:00:39.053000,0 days 00:27:34.322000,0 days 00:28:05.202000,0 days 00:28:44.255000,166.0,213.0,278.0,205.0,False,SOFT,4.0,True,Haas F1 Team,0 days 00:27:00.249000,2026-05-23 20:15:17.303,1,,False,,False,True
0 days 00:29:58.704000,BEA,87,0 days 00:01:14.449000,11.0,2.0,,,0 days 00:00:21.206000,0 days 00:00:23.639000,0 days 00:00:29.604000,0 days 00:29:05.461000,0 days 00:29:29.100000,0 days 00:29:58.704000,249.0,282.0,273.0,319.0,True,SOFT,5.0,True,Haas F1 Team,0 days 00:28:44.255000,2026-05-23 20:17:01.309,1,,False,,False,True
0 days 00:37:09.668000,BEA,87,,12.0,2.0,,0 days 00:31:21.354000,0 days 00:00:25.318000,0 days 00:00:26.819000,,0 days 00:30:24.151000,0 days 00:30:50.946000,,228.0,256.0,,232.0,False,SOFT,6.0,True,Haas F1 Team,0 days 00:29:58.704000,2026-05-23 20:18:15.758,12,,False,,False,False
0 days 00:38:59.793000,BEA,87,0 days 00:01:50.125000,13.0,3.0,0 days 00:37:13.707000,,0 days 00:00:46.395000,0 days 00:00:27.254000,0 days 00:00:36.476000,0 days 00:37:56.063000,0 days 00:38:23.317000,0 days 00:38:59.793000,231.0,261.0,270.0,248.0,False,SOFT,1.0,True,Haas F1 Team,0 days 00:37:09.668000,2026-05-23 20:25:26.722,1,,False,,False,False
0 days 00:40:30.624000,BEA,87,0 days 00:01:30.831000,14.0,3.0,,,0 days 00:00:22.363000,0 days 00:00:27.851000,0 days 00:00:40.617000,0 days 00:39:22.156000,0 days 00:39:50.007000,0 days 00:40:30.624000,250.0,216.0,277.0,243.0,True,SOFT,2.0,True,Haas F1 Team,0 days 00:38:59.793000,2026-05-23 20:27:16.847,1,,False,,False,True
0 days 00:41:45.194000,BEA,87,0 days 00:01:14.570000,15.0,3.0,,,0 days 00:00:21.080000,0 days 00:00:23.641000,0 days 00:00:29.849000,0 days 00:40:51.704000,0 days 00:41:15.345000,0 days 00:41:45.194000,249.0,283.0,271.0,313.0,True,SOFT,3.0,True,Haas F1 Team,0 days 00:40:30.624000,2026-05-23 20:28:47.678,1,,False,,False,True
0 days 00:43:22.142000,BEA,87,0 days 00:01:36.948000,16.0,3.0,,,0 days 00:00:30.759000,0 days 00:00:29.175000,0 days 00:00:37.014000,0 days 00:42:15.953000,0 days 00:42:45.128000,0 days 00:43:22.142000,200.0,227.0,276.0,213.0,False,SOFT,4.0,True,Haas F1 Team,0 days 00:41:45.194000,2026-05-23 20:30:02.248,1,,False,,False,True
0 days 00:46:00.487000,BEA,87,,17.0,3.0,,0 days 00:44:39.893000,0 days 00:00:21.222000,0 days 00:00:28.830000,,0 days 00:43:43.486000,0 days 00:44:12.302000,,246.0,250.0,,274.0,False,SOFT,5.0,True,Haas F1 Team,0 days 00:43:22.142000,2026-05-23 20:31:39.196,1,,False,,False,False
0 days 00:47:35.310000,BEA,87,0 days 00:01:34.823000,18.0,4.0,0 days 00:46:02.062000,,0 days 00:00:32.449000,0 days 00:00:26.153000,0 days 00:00:36.221000,0 days 00:46:32.936000,0 days 00:46:59.089000,0 days 00:47:35.310000,240.0,259.0,277.0,205.0,False,SOFT,1.0,True,Haas F1 Team,0 days 00:46:00.487000,2026-05-23 20:34:17.541,1,,False,,False,False
0 days 00:48:53.946000,BEA,87,0 days 00:01:18.636000,19.0,4.0,,,0 days 00:00:21.130000,0 days 00:00:23.722000,0 days 00:00:33.784000,0 days 00:47:56.440000,0 days 00:48:20.162000,0 days 00:48:53.946000,249.0,283.0,169.0,315.0,False,SOFT,2.0,True,Haas F1 Team,0 days 00:47:35.310000,2026-05-23 20:35:52.364,1,,True,TRACK LIMITS AT TURN 14 LAP 20 ,False,True
0 days 00:50:33.589000,BEA,87,0 days 00:01:39.643000,20.0,4.0,,,0 days 00:00:30.538000,0 days 00:00:28.768000,0 days 00:00:40.337000,0 days 00:49:24.484000,0 days 00:49:53.252000,0 days 00:50:33.589000,211.0,239.0,277.0,175.0,False,SOFT,3.0,True,Haas F1 Team,0 days 00:48:53.946000,2026-05-23 20:37:11.000,1,,False,,False,True
0 days 00:51:48.005000,BEA,87,0 days 00:01:14.416000,21.0,4.0,,,0 days 00:00:21.143000,0 days 00:00:23.631000,0 days 00:00:29.642000,0 days 00:50:54.732000,0 days 00:51:18.363000,0 days 00:51:48.005000,247.0,284.0,272.0,315.0,True,SOFT,4.0,True,Haas F1 Team,0 days 00:50:33.589000,2026-05-23 20:38:50.643,1,,False,,False,True
0 days 00:53:13.108000,BEA,87,,22.0,4.0,,0 days 00:53:13.108000,0 days 00:00:26.354000,0 days 00:00:28.820000,,0 days 00:52:14.809000,0 days 00:52:43.245000,,187.0,204.0,,269.0,False,SOFT,5.0,True,Haas F1 Team,0 days 00:51:48.005000,2026-05-23 20:40:05.059,1,,False,,False,False
0 days 00:13:42.408000,OCO,31,0 days 00:01:44.132000,1.0,1.0,0 days 00:12:01.674000,,0 days 00:00:37.321000,0 days 00:00:27.706000,0 days 00:00:39.105000,0 days 00:12:35.797000,0 days 00:13:03.508000,0 days 00:13:42.696000,222.0,267.0,265.0,251.0,False,SOFT,1.0,True,Haas F1 Team,0 days 00:12:01.674000,2026-05-23 20:00:18.728,1,,False,,False,False
0 days 00:15:20.213000,OCO,31,0 days 00:01:37.805000,2.0,1.0,,,0 days 00:00:23.248000,0 days 00:00:27.464000,0 days 00:00:47.093000,0 days 00:14:05.656000,0 days 00:14:33.120000,0 days 00:15:20.213000,245.0,150.0,274.0,144.0,True,SOFT,2.0,True,Haas F1 Team,0 days 00:13:42.408000,2026-05-23 20:01:59.462,1,,False,,False,True
0 days 00:16:37.104000,OCO,31,0 days 00:01:16.891000,3.0,1.0,,,0 days 00:00:22.166000,0 days 00:00:24.361000,0 days 00:00:30.364000,0 days 00:15:42.379000,0 days 00:16:06.740000,0 days 00:16:37.104000,243.0,281.0,263.0,322.0,True,SOFT,3.0,True,Haas F1 Team,0 days 00:15:20.213000,2026-05-23 20:03:37.267,1,,False,,False,True
0 days 00:18:17.913000,OCO,31,0 days 00:01:40.809000,4.0,1.0,,,0 days 00:00:27.278000,0 days 00:00:30.543000,0 days 00:00:42.988000,0 days 00:17:04.382000,0 days 00:17:34.925000,0 days 00:18:17.913000,229.0,132.0,276.0,225.0,False,SOFT,4.0,True,Haas F1 Team,0 days 00:16:37.104000,2026-05-23 20:04:54.158,1,,False,,False,True
0 days 00:19:33.627000,OCO,31,0 days 00:01:15.714000,5.0,1.0,,,0 days 00:00:21.677000,0 days 00:00:23.960000,0 days 00:00:30.077000,0 days 00:18:39.590000,0 days 00:19:03.550000,0 days 00:19:33.627000,245.0,280.0,266.0,315.0,True,SOFT,5.0,True,Haas F1 Team,0 days 00:18:17.913000,2026-05-23 20:06:34.967,1,,False,,False,True
0 days 00:22:40.746000,OCO,31,,6.0,1.0,,0 days 00:20:55.432000,0 days 00:00:23.455000,0 days 00:00:27.825000,,0 days 00:19:57.350000,0 days 00:20:24.998000,,192.0,260.0,,242.0,False,SOFT,6.0,True,Haas F1 Team,0 days 00:19:33.627000,2026-05-23 20:07:50.681,1,,False,,False,False
0 days 00:24:25.356000,OCO,31,0 days 00:01:44.610000,7.0,2.0,0 days 00:22:42.886000,,0 days 00:00:37.277000,0 days 00:00:27.748000,0 days 00:00:39.585000,0 days 00:23:18.023000,0 days 00:23:45.771000,0 days 00:24:25.356000,239.0,234.0,264.0,246.0,False,SOFT,1.0,True,Haas F1 Team,0 days 00:22:40.746000,2026-05-23 20:10:57.800,1,,False,,False,False
0 days 00:25:51.038000,OCO,31,0 days 00:01:25.682000,8.0,2.0,,,0 days 00:00:22.913000,0 days 00:00:25.686000,0 days 00:00:37.083000,0 days 00:24:48.269000,0 days 00:25:13.955000,0 days 00:25:51.038000,246.0,220.0,277.0,256.0,False,SOFT,2.0,True,Haas F1 Team,0 days 00:24:25.356000,2026-05-23 20:12:42.410,1,,False,,False,True
0 days 00:27:05.939000,OCO,31,0 days 00:01:14.901000,9.0,2.0,,,0 days 00:00:21.388000,0 days 00:00:23.715000,0 days 00:00:29.798000,0 days 00:26:12.426000,0 days 00:26:36.141000,0 days 00:27:05.939000,248.0,282.0,272.0,315.0,True,SOFT,3.0,True,Haas F1 Team,0 days 00:25:51.038000,2026-05-23 20:14:08.092,1,,False,,False,True
0 days 00:28:39.717000,OCO,31,0 days 00:01:33.778000,10.0,2.0,,,0 days 00:00:23.875000,0 days 00:00:29.577000,0 days 00:00:40.326000,0 days 00:27:29.814000,0 days 00:27:59.391000,0 days 00:28:39.717000,200.0,236.0,276.0,182.0,False,SOFT,4.0,True,Haas F1 Team,0 days 00:27:05.939000,2026-05-23 20:15:22.993,1,,False,,False,True
0 days 00:29:54.562000,OCO,31,0 days 00:01:14.845000,11.0,2.0,,,0 days 00:00:21.351000,0 days 00:00:23.731000,0 days 00:00:29.763000,0 days 00:29:01.068000,0 days 00:29:24.799000,0 days 00:29:54.562000,244.0,279.0,271.0,315.0,True,SOFT,5.0,True,Haas F1 Team,0 days 00:28:39.717000,2026-05-23 20:16:56.771,1,,False,,False,True
0 days 00:31:20.096000,OCO,31,,12.0,2.0,,0 days 00:31:20.096000,0 days 00:00:24.667000,0 days 00:00:28.475000,,0 days 00:30:19.247000,0 days 00:30:47.873000,,208.0,226.0,,267.0,False,SOFT,6.0,True,Haas F1 Team,0 days 00:29:54.562000,2026-05-23 20:18:11.616,1,,False,,False,False
0 days 00:13:21.295000,ALB,23,,1.0,1.0,0 days 00:11:45.647000,,,0 days 00:00:28.135000,0 days 00:00:36.661000,,0 days 00:12:44.827000,0 days 00:13:21.562000,225.0,251.0,270.0,249.0,False,SOFT,1.0,True,Williams,0 days 00:11:45.647000,2026-05-23 20:00:02.701,1,,False,,False,False
0 days 00:14:51.584000,ALB,23,0 days 00:01:30.289000,2.0,1.0,,,0 days 00:00:22.741000,0 days 00:00:29.735000,0 days 00:00:37.813000,0 days 00:13:44.036000,0 days 00:14:13.771000,0 days 00:14:51.584000,246.0,228.0,273.0,253.0,True,SOFT,2.0,True,Williams,0 days 00:13:21.295000,2026-05-23 20:01:38.349,1,,False,,False,True
0 days 00:16:08.788000,ALB,23,0 days 00:01:17.204000,3.0,1.0,,,0 days 00:00:21.852000,0 days 00:00:25.090000,0 days 00:00:30.262000,0 days 00:15:13.436000,0 days 00:15:38.526000,0 days 00:16:08.788000,248.0,285.0,270.0,316.0,True,SOFT,3.0,True,Williams,0 days 00:14:51.584000,2026-05-23 20:03:08.638,1,,False,,False,True
0 days 00:17:45.916000,ALB,23,0 days 00:01:37.128000,4.0,1.0,,,0 days 00:00:30.863000,0 days 00:00:31.178000,0 days 00:00:35.087000,0 days 00:16:39.651000,0 days 00:17:10.829000,0 days 00:17:45.916000,190.0,240.0,258.0,274.0,False,SOFT,4.0,True,Williams,0 days 00:16:08.788000,2026-05-23 20:04:25.842,1,,False,,False,True
0 days 00:19:01.677000,ALB,23,0 days 00:01:15.761000,5.0,1.0,,,0 days 00:00:21.753000,0 days 00:00:24.012000,0 days 00:00:29.996000,0 days 00:18:07.669000,0 days 00:18:31.681000,0 days 00:19:01.677000,246.0,285.0,271.0,316.0,True,SOFT,5.0,True,Williams,0 days 00:17:45.916000,2026-05-23 20:06:02.970,1,,False,,False,True
0 days 00:21:00.786000,ALB,23,0 days 00:01:59.109000,6.0,1.0,,0 days 00:20:27.288000,0 days 00:00:26.359000,0 days 00:00:28.057000,0 days 00:01:04.693000,0 days 00:19:28.036000,0 days 00:19:56.093000,0 days 00:21:00.786000,201.0,247.0,,225.0,False,SOFT,6.0,True,Williams,0 days 00:19:01.677000,2026-05-23 20:07:18.731,1,,False,,False,False
0 days 00:22:33.844000,ALB,23,0 days 00:01:33.058000,7.0,2.0,0 days 00:21:02.392000,,0 days 00:00:29.776000,0 days 00:00:26.602000,0 days 00:00:36.680000,0 days 00:21:30.562000,0 days 00:21:57.164000,0 days 00:22:33.844000,223.0,251.0,272.0,254.0,False,SOFT,1.0,True,Williams,0 days 00:21:00.786000,2026-05-23 20:09:17.840,1,,False,,False,False
0 days 00:24:02.977000,ALB,23,0 days 00:01:29.133000,8.0,2.0,,,0 days 00:00:21.785000,0 days 00:00:30.916000,0 days 00:00:36.432000,0 days 00:22:55.629000,0 days 00:23:26.545000,0 days 00:24:02.977000,251.0,240.0,282.0,251.0,False,SOFT,2.0,True,Williams,0 days 00:22:33.844000,2026-05-23 20:10:50.898,1,,False,,False,True
0 days 00:25:17.828000,ALB,23,0 days 00:01:14.851000,9.0,2.0,,,0 days 00:00:21.253000,0 days 00:00:23.795000,0 days 00:00:29.803000,0 days 00:24:24.230000,0 days 00:24:48.025000,0 days 00:25:17.828000,245.0,285.0,267.0,314.0,True,SOFT,3.0,True,Williams,0 days 00:24:02.977000,2026-05-23 20:12:20.031,1,,False,,False,True
0 days 00:26:53.421000,ALB,23,0 days 00:01:35.593000,10.0,2.0,,,0 days 00:00:29.127000,0 days 00:00:29.584000,0 days 00:00:36.882000,0 days 00:25:46.955000,0 days 00:26:16.539000,0 days 00:26:53.421000,196.0,248.0,248.0,255.0,False,SOFT,4.0,True,Williams,0 days 00:25:17.828000,2026-05-23 20:13:34.882,1,,False,,False,True
0 days 00:28:26.108000,ALB,23,0 days 00:01:32.687000,11.0,2.0,,,0 days 00:00:26.559000,0 days 00:00:29.458000,0 days 00:00:36.670000,0 days 00:27:19.980000,0 days 00:27:49.438000,0 days 00:28:26.108000,215.0,234.0,263.0,265.0,False,SOFT,5.0,True,Williams,0 days 00:26:53.421000,2026-05-23 20:15:10.475,1,,False,,False,True
0 days 00:29:41.116000,ALB,23,0 days 00:01:15.008000,12.0,2.0,,,0 days 00:00:21.449000,0 days 00:00:23.857000,0 days 00:00:29.702000,0 days 00:28:47.557000,0 days 00:29:11.414000,0 days 00:29:41.116000,247.0,286.0,272.0,315.0,False,SOFT,6.0,True,Williams,0 days 00:28:26.108000,2026-05-23 20:16:43.162,1,,False,,False,True
0 days 00:31:04.233000,ALB,23,,13.0,2.0,,0 days 00:31:04.233000,0 days 00:00:26.294000,0 days 00:00:28.341000,,0 days 00:30:07.511000,0 days 00:30:35.907000,,193.0,242.0,,276.0,False,SOFT,7.0,True,Williams,0 days 00:29:41.116000,2026-05-23 20:17:58.170,1,,False,,False,False
0 days 00:14:16.581000,ALO,14,0 days 00:01:46.191000,1.0,1.0,0 days 00:12:37.909000,,0 days 00:00:39.808000,0 days 00:00:27.608000,0 days 00:00:38.775000,0 days 00:13:10.262000,0 days 00:13:37.902000,0 days 00:14:16.846000,226.0,231.0,260.0,261.0,False,SOFT,1.0,True,Aston Martin,0 days 00:12:37.909000,2026-05-23 20:00:54.963,1,,False,,False,False
0 days 00:15:34.853000,ALO,14,0 days 00:01:18.272000,2.0,1.0,,,0 days 00:00:22.262000,0 days 00:00:24.484000,0 days 00:00:31.526000,0 days 00:14:38.843000,0 days 00:15:03.327000,0 days 00:15:34.853000,243.0,278.0,266.0,316.0,True,SOFT,2.0,True,Aston Martin,0 days 00:14:16.581000,2026-05-23 20:02:33.635,1,,False,,False,True
0 days 00:17:18.924000,ALO,14,0 days 00:01:44.071000,3.0,1.0,,,0 days 00:00:33.429000,0 days 00:00:30.082000,0 days 00:00:40.560000,0 days 00:16:08.282000,0 days 00:16:38.364000,0 days 00:17:18.924000,170.0,227.0,262.0,192.0,False,SOFT,3.0,True,Aston Martin,0 days 00:15:34.853000,2026-05-23 20:03:51.907,1,,False,,False,True
0 days 00:18:35.108000,ALO,14,0 days 00:01:16.184000,4.0,1.0,,,0 days 00:00:21.709000,0 days 00:00:24.127000,0 days 00:00:30.348000,0 days 00:17:40.633000,0 days 00:18:04.760000,0 days 00:18:35.108000,244.0,277.0,272.0,314.0,True,SOFT,4.0,True,Aston Martin,0 days 00:17:18.924000,2026-05-23 20:05:35.978,1,,False,,False,True
0 days 00:22:47.971000,ALO,14,,5.0,1.0,,0 days 00:20:01.058000,0 days 00:00:28.057000,0 days 00:00:27.678000,,0 days 00:19:03.268000,0 days 00:19:30.988000,,220.0,244.0,,233.0,False,SOFT,5.0,True,Aston Martin,0 days 00:18:35.108000,2026-05-23 20:06:52.162,1,,False,,False,False
0 days 00:24:23.243000,ALO,14,0 days 00:01:35.272000,6.0,2.0,0 days 00:22:52.792000,,0 days 00:00:35.113000,0 days 00:00:26.274000,0 days 00:00:33.885000,0 days 00:23:23.084000,0 days 00:23:49.358000,0 days 00:24:23.243000,245.0,259.0,251.0,248.0,False,SOFT,1.0,True,Aston Martin,0 days 00:22:47.971000,2026-05-23 20:11:05.025,1,,False,,False,False
0 days 00:25:59.240000,ALO,14,0 days 00:01:35.997000,7.0,2.0,,,0 days 00:00:28.215000,0 days 00:00:30.368000,0 days 00:00:37.414000,0 days 00:24:51.458000,0 days 00:25:21.826000,0 days 00:25:59.240000,206.0,230.0,264.0,239.0,False,SOFT,2.0,True,Aston Martin,0 days 00:24:23.243000,2026-05-23 20:12:40.297,1,,False,,False,True
0 days 00:27:14.717000,ALO,14,0 days 00:01:15.477000,8.0,2.0,,,0 days 00:00:21.443000,0 days 00:00:23.946000,0 days 00:00:30.088000,0 days 00:26:20.683000,0 days 00:26:44.629000,0 days 00:27:14.717000,244.0,277.0,274.0,313.0,True,SOFT,3.0,True,Aston Martin,0 days 00:25:59.240000,2026-05-23 20:14:16.294,1,,False,,False,True
0 days 00:28:51.310000,ALO,14,0 days 00:01:36.593000,9.0,2.0,,,0 days 00:00:27.587000,0 days 00:00:31.375000,0 days 00:00:37.631000,0 days 00:27:42.304000,0 days 00:28:13.679000,0 days 00:28:51.310000,170.0,230.0,266.0,243.0,False,SOFT,4.0,True,Aston Martin,0 days 00:27:14.717000,2026-05-23 20:15:31.771,1,,False,,False,True
0 days 00:30:06.506000,ALO,14,0 days 00:01:15.196000,10.0,2.0,,,0 days 00:00:21.420000,0 days 00:00:23.893000,0 days 00:00:29.883000,0 days 00:29:12.730000,0 days 00:29:36.623000,0 days 00:30:06.506000,244.0,278.0,269.0,320.0,True,SOFT,5.0,True,Aston Martin,0 days 00:28:51.310000,2026-05-23 20:17:08.364,1,,False,,False,True
0 days 00:31:30.914000,ALO,14,,11.0,2.0,,0 days 00:31:30.914000,0 days 00:00:24.975000,0 days 00:00:28.062000,,0 days 00:30:31.735000,0 days 00:30:59.631000,,213.0,236.0,,192.0,False,SOFT,6.0,True,Aston Martin,0 days 00:30:06.506000,2026-05-23 20:18:23.560,1,,False,,False,False
0 days 00:14:04.721000,PER,11,0 days 00:01:47.701000,1.0,1.0,0 days 00:12:21.057000,,0 days 00:00:39.853000,0 days 00:00:29.772000,0 days 00:00:38.076000,0 days 00:12:56.987000,0 days 00:13:26.753000,0 days 00:14:04.976000,200.0,248.0,269.0,254.0,False,SOFT,1.0,True,Cadillac,0 days 00:12:21.057000,2026-05-23 20:00:38.111,1,,False,,False,False
0 days 00:15:36.381000,PER,11,0 days 00:01:31.660000,2.0,1.0,,,0 days 00:00:22.848000,0 days 00:00:27.014000,0 days 00:00:41.798000,0 days 00:14:27.569000,0 days 00:14:54.583000,0 days 00:15:36.381000,241.0,264.0,277.0,228.0,True,SOFT,2.0,True,Cadillac,0 days 00:14:04.721000,2026-05-23 20:02:21.775,1,,False,,False,True
0 days 00:16:52.780000,PER,11,0 days 00:01:16.399000,3.0,1.0,,,0 days 00:00:21.948000,0 days 00:00:24.294000,0 days 00:00:30.157000,0 days 00:15:58.329000,0 days 00:16:22.623000,0 days 00:16:52.780000,241.0,280.0,271.0,321.0,True,SOFT,3.0,True,Cadillac,0 days 00:15:36.381000,2026-05-23 20:03:53.435,1,,False,,False,True
0 days 00:18:39.043000,PER,11,0 days 00:01:46.263000,4.0,1.0,,,0 days 00:00:30.419000,0 days 00:00:33.332000,0 days 00:00:42.512000,0 days 00:17:23.199000,0 days 00:17:56.531000,0 days 00:18:39.043000,219.0,212.0,277.0,166.0,False,SOFT,4.0,True,Cadillac,0 days 00:16:52.780000,2026-05-23 20:05:09.834,1,,False,,False,True
0 days 00:19:54.637000,PER,11,0 days 00:01:15.594000,5.0,1.0,,,0 days 00:00:21.576000,0 days 00:00:24.179000,0 days 00:00:29.839000,0 days 00:19:00.619000,0 days 00:19:24.798000,0 days 00:19:54.637000,242.0,285.0,268.0,320.0,True,SOFT,5.0,True,Cadillac,0 days 00:18:39.043000,2026-05-23 20:06:56.097,1,,False,,False,True
0 days 00:23:32.172000,PER,11,,6.0,1.0,,0 days 00:21:22.774000,0 days 00:00:29.174000,0 days 00:00:28.384000,,0 days 00:20:23.884000,0 days 00:20:52.248000,,222.0,254.0,,274.0,False,SOFT,6.0,True,Cadillac,0 days 00:19:54.637000,2026-05-23 20:08:11.691,1,,False,,False,False
0 days 00:25:10.883000,PER,11,0 days 00:01:38.711000,7.0,2.0,0 days 00:23:36.580000,,0 days 00:00:35.748000,0 days 00:00:27.731000,0 days 00:00:35.232000,0 days 00:24:07.920000,0 days 00:24:35.651000,0 days 00:25:10.883000,178.0,258.0,274.0,266.0,False,SOFT,1.0,True,Cadillac,0 days 00:23:32.172000,2026-05-23 20:11:49.226,1,,False,,False,False
0 days 00:26:32.321000,PER,11,0 days 00:01:21.438000,8.0,2.0,,,0 days 00:00:21.931000,0 days 00:00:25.640000,0 days 00:00:33.867000,0 days 00:25:32.814000,0 days 00:25:58.454000,0 days 00:26:32.321000,242.0,267.0,276.0,277.0,False,SOFT,2.0,True,Cadillac,0 days 00:25:10.883000,2026-05-23 20:13:27.937,1,,False,,False,True
0 days 00:27:47.750000,PER,11,0 days 00:01:15.429000,9.0,2.0,,,0 days 00:00:21.429000,0 days 00:00:24.034000,0 days 00:00:29.966000,0 days 00:26:53.750000,0 days 00:27:17.784000,0 days 00:27:47.750000,245.0,280.0,266.0,312.0,True,SOFT,3.0,True,Cadillac,0 days 00:26:32.321000,2026-05-23 20:14:49.375,1,,False,,False,True
0 days 00:29:26.490000,PER,11,0 days 00:01:38.740000,10.0,2.0,,,0 days 00:00:28.592000,0 days 00:00:30.757000,0 days 00:00:39.391000,0 days 00:28:16.342000,0 days 00:28:47.099000,0 days 00:29:26.490000,220.0,246.0,274.0,232.0,False,SOFT,4.0,True,Cadillac,0 days 00:27:47.750000,2026-05-23 20:16:04.804,1,,False,,False,True
0 days 00:30:50.996000,PER,11,,11.0,2.0,,0 days 00:30:50.996000,0 days 00:00:23.500000,0 days 00:00:30.963000,,0 days 00:29:49.993000,0 days 00:30:20.915000,,209.0,254.0,,275.0,False,SOFT,5.0,True,Cadillac,0 days 00:29:26.490000,2026-05-23 20:17:43.544,1,,False,,False,False
0 days 00:14:12.019000,STR,18,0 days 00:01:49.338000,1.0,1.0,0 days 00:12:26.663000,,0 days 00:00:39.887000,0 days 00:00:28.277000,0 days 00:00:41.174000,0 days 00:13:02.568000,0 days 00:13:30.883000,0 days 00:14:12.314000,216.0,234.0,257.0,251.0,False,SOFT,1.0,True,Aston Martin,0 days 00:12:26.663000,2026-05-23 20:00:43.717,1,,False,,False,False
0 days 00:15:31.238000,STR,18,0 days 00:01:19.219000,2.0,1.0,,,0 days 00:00:22.882000,0 days 00:00:25.228000,0 days 00:00:31.109000,0 days 00:14:34.901000,0 days 00:15:00.129000,0 days 00:15:31.238000,242.0,274.0,274.0,314.0,True,SOFT,2.0,True,Aston Martin,0 days 00:14:12.019000,2026-05-23 20:02:29.073,1,,False,,False,True
0 days 00:17:10.880000,STR,18,0 days 00:01:39.642000,3.0,1.0,,,0 days 00:00:28.862000,0 days 00:00:30.209000,0 days 00:00:40.571000,0 days 00:16:00.100000,0 days 00:16:30.309000,0 days 00:17:10.880000,173.0,233.0,264.0,194.0,False,SOFT,3.0,True,Aston Martin,0 days 00:15:31.238000,2026-05-23 20:03:48.292,1,,False,,False,True
0 days 00:18:27.502000,STR,18,0 days 00:01:16.622000,4.0,1.0,,,0 days 00:00:21.854000,0 days 00:00:24.470000,0 days 00:00:30.298000,0 days 00:17:32.734000,0 days 00:17:57.204000,0 days 00:18:27.502000,245.0,280.0,270.0,312.0,True,SOFT,4.0,True,Aston Martin,0 days 00:17:10.880000,2026-05-23 20:05:27.934,1,,False,,False,True
0 days 00:22:53.709000,STR,18,,5.0,1.0,,0 days 00:19:53.977000,0 days 00:00:26.779000,0 days 00:00:29.993000,,0 days 00:18:54.297000,0 days 00:19:24.449000,,216.0,184.0,,270.0,False,SOFT,5.0,True,Aston Martin,0 days 00:18:27.502000,2026-05-23 20:06:44.556,1,,False,,False,False
0 days 00:24:43.066000,STR,18,0 days 00:01:49.357000,6.0,2.0,0 days 00:22:58.514000,,0 days 00:00:49.829000,0 days 00:00:26.598000,0 days 00:00:32.930000,0 days 00:23:43.538000,0 days 00:24:10.136000,0 days 00:24:43.066000,245.0,255.0,247.0,270.0,False,SOFT,1.0,True,Aston Martin,0 days 00:22:53.709000,2026-05-23 20:11:10.763,1,,False,,False,False
0 days 00:26:14.984000,STR,18,0 days 00:01:31.918000,7.0,2.0,,,0 days 00:00:23.938000,0 days 00:00:29.676000,0 days 00:00:38.304000,0 days 00:25:07.004000,0 days 00:25:36.680000,0 days 00:26:14.984000,219.0,141.0,263.0,249.0,False,SOFT,2.0,True,Aston Martin,0 days 00:24:43.066000,2026-05-23 20:13:00.120,1,,False,,False,True
0 days 00:27:31.179000,STR,18,0 days 00:01:16.195000,8.0,2.0,,,0 days 00:00:21.774000,0 days 00:00:24.196000,0 days 00:00:30.225000,0 days 00:26:36.758000,0 days 00:27:00.954000,0 days 00:27:31.179000,243.0,276.0,269.0,310.0,True,SOFT,3.0,True,Aston Martin,0 days 00:26:14.984000,2026-05-23 20:14:32.038,1,,False,,False,True
0 days 00:29:06.097000,STR,18,0 days 00:01:34.918000,9.0,2.0,,,0 days 00:00:26.519000,0 days 00:00:30.858000,0 days 00:00:37.541000,0 days 00:27:57.698000,0 days 00:28:28.556000,0 days 00:29:06.097000,183.0,233.0,264.0,259.0,False,SOFT,4.0,True,Aston Martin,0 days 00:27:31.179000,2026-05-23 20:15:48.233,1,,False,,False,True
0 days 00:30:36.125000,STR,18,,10.0,2.0,,0 days 00:30:36.125000,0 days 00:00:26.312000,0 days 00:00:32.115000,,0 days 00:29:32.575000,0 days 00:30:04.567000,,166.0,224.0,,263.0,False,SOFT,5.0,True,Aston Martin,0 days 00:29:06.097000,2026-05-23 20:17:23.151,1,,False,,False,False
0 days 00:14:01.021000,BOT,77,0 days 00:01:48.526000,1.0,1.0,0 days 00:12:16.762000,,0 days 00:00:39.619000,0 days 00:00:29.425000,0 days 00:00:39.482000,0 days 00:12:52.241000,0 days 00:13:21.642000,0 days 00:14:01.254000,219.0,247.0,270.0,204.0,False,SOFT,1.0,True,Cadillac,0 days 00:12:16.762000,2026-05-23 20:00:33.816,1,,False,,False,False
0 days 00:15:30.626000,BOT,77,0 days 00:01:29.605000,2.0,1.0,,,0 days 00:00:23.885000,0 days 00:00:29.199000,0 days 00:00:36.521000,0 days 00:14:24.906000,0 days 00:14:54.105000,0 days 00:15:30.626000,204.0,249.0,275.0,241.0,True,SOFT,2.0,True,Cadillac,0 days 00:14:01.021000,2026-05-23 20:02:18.075,1,,False,,False,True
0 days 00:16:48.364000,BOT,77,0 days 00:01:17.738000,3.0,1.0,,,0 days 00:00:22.085000,0 days 00:00:24.737000,0 days 00:00:30.916000,0 days 00:15:52.711000,0 days 00:16:17.448000,0 days 00:16:48.364000,245.0,282.0,261.0,315.0,True,SOFT,3.0,True,Cadillac,0 days 00:15:30.626000,2026-05-23 20:03:47.680,1,,False,,False,True
0 days 00:18:30.701000,BOT,77,0 days 00:01:42.337000,4.0,1.0,,,0 days 00:00:29.709000,0 days 00:00:32.115000,0 days 00:00:40.513000,0 days 00:17:18.073000,0 days 00:17:50.188000,0 days 00:18:30.701000,173.0,210.0,274.0,109.0,False,SOFT,4.0,True,Cadillac,0 days 00:16:48.364000,2026-05-23 20:05:05.418,1,,False,,False,True
0 days 00:19:46.973000,BOT,77,0 days 00:01:16.272000,5.0,1.0,,,0 days 00:00:21.847000,0 days 00:00:24.184000,0 days 00:00:30.241000,0 days 00:18:52.548000,0 days 00:19:16.732000,0 days 00:19:46.973000,243.0,278.0,266.0,307.0,True,SOFT,5.0,True,Cadillac,0 days 00:18:30.701000,2026-05-23 20:06:47.755,1,,False,,False,True
0 days 00:23:26.968000,BOT,77,,6.0,1.0,,0 days 00:21:08.115000,0 days 00:00:25.358000,0 days 00:00:27.184000,,0 days 00:20:12.341000,0 days 00:20:39.529000,,227.0,256.0,,273.0,False,SOFT,6.0,True,Cadillac,0 days 00:19:46.973000,2026-05-23 20:08:04.027,1,,False,,False,False
0 days 00:25:01.047000,BOT,77,0 days 00:01:34.079000,7.0,2.0,0 days 00:23:29.943000,,0 days 00:00:31.020000,0 days 00:00:27.489000,0 days 00:00:35.570000,0 days 00:23:57.988000,0 days 00:24:25.477000,0 days 00:25:01.047000,226.0,253.0,271.0,272.0,False,SOFT,1.0,True,Cadillac,0 days 00:23:26.968000,2026-05-23 20:11:44.022,1,,False,,False,False
0 days 00:26:23.017000,BOT,77,0 days 00:01:21.970000,8.0,2.0,,,0 days 00:00:21.970000,0 days 00:00:26.015000,0 days 00:00:33.985000,0 days 00:25:23.017000,0 days 00:25:49.032000,0 days 00:26:23.017000,242.0,255.0,273.0,276.0,False,SOFT,2.0,True,Cadillac,0 days 00:25:01.047000,2026-05-23 20:13:18.101,1,,False,,False,True
0 days 00:28:05.951000,BOT,77,0 days 00:01:42.934000,9.0,2.0,,,0 days 00:00:28.350000,0 days 00:00:31.536000,0 days 00:00:43.048000,0 days 00:26:51.367000,0 days 00:27:22.903000,0 days 00:28:05.951000,190.0,261.0,272.0,256.0,False,SOFT,3.0,True,Cadillac,0 days 00:26:23.017000,2026-05-23 20:14:40.071,1,,True,TRACK LIMITS AT TURN 1 LAP 10 ,False,True
0 days 00:29:19.472000,BOT,77,,10.0,2.0,,0 days 00:29:19.472000,0 days 00:00:22.588000,0 days 00:00:24.598000,,0 days 00:28:28.688000,0 days 00:28:53.259000,,237.0,278.0,,295.0,False,SOFT,4.0,True,Cadillac,0 days 00:28:05.951000,2026-05-23 20:16:23.005,1,,False,,False,False
