Time,Driver,DriverNumber,LapTime,LapNumber,Stint,PitOutTime,PitInTime,Sector1Time,Sector2Time,Sector3Time,Sector1SessionTime,Sector2SessionTime,Sector3SessionTime,SpeedI1,SpeedI2,SpeedFL,SpeedST,IsPersonalBest,Compound,TyreLife,FreshTyre,Team,LapStartTime,LapStartDate,TrackStatus,Position,Deleted,DeletedReason,FastF1Generated,IsAccurate
0 days 00:18:53.464000,ANT,12,,1.0,1.0,0 days 00:17:01.643000,,,0 days 00:00:43.904000,0 days 00:00:31.471000,,0 days 00:18:22.110000,0 days 00:18:53.668000,171.0,116.0,269.0,249.0,False,SOFT,4.0,False,Mercedes,0 days 00:17:01.643000,2026-05-02 20:04:19.440,1,,False,,False,False
0 days 00:20:22.622000,ANT,12,0 days 00:01:29.158000,2.0,1.0,,,0 days 00:00:30.138000,0 days 00:00:33.991000,0 days 00:00:25.029000,0 days 00:19:23.602000,0 days 00:19:57.593000,0 days 00:20:22.622000,218.0,193.0,270.0,324.0,True,SOFT,5.0,False,Mercedes,0 days 00:18:53.464000,2026-05-02 20:06:11.261,1,,False,,False,True
0 days 00:22:27.294000,ANT,12,0 days 00:02:04.672000,3.0,1.0,,0 days 00:22:21.426000,0 days 00:00:36.511000,0 days 00:00:47.737000,0 days 00:00:40.424000,0 days 00:20:59.133000,0 days 00:21:46.870000,0 days 00:22:27.294000,158.0,140.0,,104.0,False,SOFT,6.0,False,Mercedes,0 days 00:20:22.622000,2026-05-02 20:07:40.419,1,,False,,False,False
0 days 00:27:05.605000,ANT,12,,4.0,2.0,0 days 00:25:13.627000,,,0 days 00:00:42.641000,0 days 00:00:33.604000,,0 days 00:26:32.129000,0 days 00:27:05.729000,177.0,69.0,271.0,247.0,False,SOFT,1.0,True,Mercedes,0 days 00:22:27.294000,2026-05-02 20:09:45.091,1,,False,,False,False
0 days 00:28:34.258000,ANT,12,0 days 00:01:28.653000,5.0,2.0,,,0 days 00:00:29.817000,0 days 00:00:34.062000,0 days 00:00:24.774000,0 days 00:27:35.422000,0 days 00:28:09.484000,0 days 00:28:34.258000,219.0,192.0,268.0,324.0,True,SOFT,2.0,True,Mercedes,0 days 00:27:05.605000,2026-05-02 20:14:23.402,1,,False,,False,True
0 days 00:30:31.664000,ANT,12,0 days 00:01:57.406000,6.0,2.0,,0 days 00:30:25.802000,0 days 00:00:36.767000,0 days 00:00:40.627000,0 days 00:00:40.012000,0 days 00:29:11.025000,0 days 00:29:51.652000,0 days 00:30:31.664000,159.0,161.0,,137.0,False,SOFT,3.0,True,Mercedes,0 days 00:28:34.258000,2026-05-02 20:15:52.055,1,,False,,False,False
0 days 00:45:50.150000,ANT,12,,7.0,3.0,0 days 00:43:40.691000,,,0 days 00:00:46.595000,0 days 00:00:34.592000,,0 days 00:45:15.621000,0 days 00:45:50.184000,167.0,88.0,263.0,126.0,False,SOFT,1.0,True,Mercedes,0 days 00:30:31.664000,2026-05-02 20:17:49.461,12,,False,,False,False
0 days 00:47:18.502000,ANT,12,0 days 00:01:28.352000,8.0,3.0,,,0 days 00:00:29.969000,0 days 00:00:33.555000,0 days 00:00:24.828000,0 days 00:46:20.119000,0 days 00:46:53.674000,0 days 00:47:18.502000,223.0,193.0,267.0,327.0,True,SOFT,2.0,True,Mercedes,0 days 00:45:50.150000,2026-05-02 20:33:07.947,1,,False,,False,True
0 days 00:49:08.370000,ANT,12,0 days 00:01:49.868000,9.0,3.0,,0 days 00:49:02.095000,0 days 00:00:34.704000,0 days 00:00:39.196000,0 days 00:00:35.968000,0 days 00:47:53.206000,0 days 00:48:32.402000,0 days 00:49:08.370000,194.0,152.0,,262.0,False,SOFT,3.0,True,Mercedes,0 days 00:47:18.502000,2026-05-02 20:34:36.299,1,,False,,False,False
0 days 00:53:48.870000,ANT,12,,10.0,4.0,0 days 00:52:01.538000,,,0 days 00:00:39.886000,0 days 00:00:31.522000,,0 days 00:53:17.393000,0 days 00:53:49.140000,178.0,141.0,268.0,259.0,False,SOFT,1.0,True,Mercedes,0 days 00:49:08.370000,2026-05-02 20:36:26.167,1,,False,,False,False
0 days 00:55:17.159000,ANT,12,0 days 00:01:28.289000,11.0,4.0,,,0 days 00:00:29.879000,0 days 00:00:33.658000,0 days 00:00:24.752000,0 days 00:54:18.749000,0 days 00:54:52.407000,0 days 00:55:17.159000,220.0,194.0,267.0,325.0,True,SOFT,2.0,True,Mercedes,0 days 00:53:48.870000,2026-05-02 20:41:06.667,1,,False,,False,True
0 days 00:57:53.131000,ANT,12,0 days 00:02:35.972000,12.0,4.0,,0 days 00:57:07.410000,0 days 00:00:40.928000,0 days 00:00:41.371000,0 days 00:01:13.673000,0 days 00:55:58.087000,0 days 00:56:39.458000,0 days 00:57:53.131000,180.0,152.0,,288.0,False,SOFT,3.0,True,Mercedes,0 days 00:55:17.159000,2026-05-02 20:42:34.956,1,,False,,False,False
0 days 01:08:16.754000,ANT,12,,13.0,5.0,0 days 01:06:13.954000,,,0 days 00:00:45.431000,0 days 00:00:33.021000,,0 days 01:07:43.805000,0 days 01:08:16.790000,170.0,96.0,269.0,247.0,False,SOFT,1.0,True,Mercedes,0 days 00:57:53.131000,2026-05-02 20:45:10.928,12,,False,,False,False
0 days 01:09:44.552000,ANT,12,0 days 00:01:27.798000,14.0,5.0,,,0 days 00:00:29.743000,0 days 00:00:33.431000,0 days 00:00:24.624000,0 days 01:08:46.497000,0 days 01:09:19.928000,0 days 01:09:44.552000,222.0,193.0,267.0,325.0,True,SOFT,2.0,True,Mercedes,0 days 01:08:16.754000,2026-05-02 20:55:34.551,1,,False,,False,True
0 days 01:11:33.523000,ANT,12,0 days 00:01:48.971000,15.0,5.0,,0 days 01:11:26.963000,0 days 00:00:33.955000,0 days 00:00:37.286000,0 days 00:00:37.730000,0 days 01:10:18.507000,0 days 01:10:55.793000,0 days 01:11:33.523000,196.0,154.0,,225.0,False,SOFT,3.0,True,Mercedes,0 days 01:09:44.552000,2026-05-02 20:57:02.349,1,,False,,False,False
0 days 01:15:20.557000,ANT,12,,16.0,6.0,0 days 01:13:25.230000,,,0 days 00:00:39.505000,0 days 00:00:31.629000,,0 days 01:14:48.928000,0 days 01:15:20.637000,179.0,117.0,274.0,253.0,False,SOFT,1.0,True,Mercedes,0 days 01:11:33.523000,2026-05-02 20:58:51.320,1,,False,,False,False
0 days 01:17:14.629000,ANT,12,,17.0,6.0,,0 days 01:17:14.629000,0 days 00:00:35.112000,0 days 00:00:44.348000,,0 days 01:15:55.771000,0 days 01:16:40.109000,,185.0,104.0,,261.0,False,SOFT,2.0,True,Mercedes,0 days 01:15:20.557000,2026-05-02 21:02:38.354,1,,False,,False,False
0 days 00:16:05.776000,VER,3,,1.0,1.0,0 days 00:14:06.176000,,,0 days 00:00:38.549000,0 days 00:00:35.910000,,0 days 00:15:29.866000,0 days 00:16:05.993000,200.0,167.0,262.0,182.0,False,SOFT,4.0,False,Red Bull Racing,0 days 00:14:06.176000,2026-05-02 20:01:23.973,1,,False,,False,False
0 days 00:17:34.875000,VER,3,0 days 00:01:29.099000,2.0,1.0,,,0 days 00:00:30.369000,0 days 00:00:33.772000,0 days 00:00:24.958000,0 days 00:16:36.145000,0 days 00:17:09.917000,0 days 00:17:34.875000,222.0,192.0,269.0,319.0,True,SOFT,5.0,False,Red Bull Racing,0 days 00:16:05.776000,2026-05-02 20:03:23.573,1,,False,,False,True
0 days 00:19:23.326000,VER,3,0 days 00:01:48.451000,3.0,1.0,,0 days 00:19:17.797000,0 days 00:00:34.388000,0 days 00:00:38.203000,0 days 00:00:35.860000,0 days 00:18:09.263000,0 days 00:18:47.466000,0 days 00:19:23.326000,205.0,166.0,,213.0,False,SOFT,6.0,False,Red Bull Racing,0 days 00:17:34.875000,2026-05-02 20:04:52.672,1,,False,,False,False
0 days 00:43:40.862000,VER,3,,4.0,2.0,0 days 00:41:53.307000,,,0 days 00:00:40.073000,0 days 00:00:30.431000,,0 days 00:43:10.503000,0 days 00:43:40.941000,207.0,111.0,266.0,248.0,False,SOFT,1.0,True,Red Bull Racing,0 days 00:19:23.326000,2026-05-02 20:06:41.123,12,,False,,False,False
0 days 00:45:09.793000,VER,3,0 days 00:01:28.931000,5.0,2.0,,,0 days 00:00:30.398000,0 days 00:00:33.765000,0 days 00:00:24.768000,0 days 00:44:11.260000,0 days 00:44:45.025000,0 days 00:45:09.793000,224.0,193.0,274.0,322.0,True,SOFT,2.0,True,Red Bull Racing,0 days 00:43:40.862000,2026-05-02 20:30:58.659,1,,False,,False,True
0 days 00:47:02.424000,VER,3,0 days 00:01:52.631000,6.0,2.0,,0 days 00:46:56.326000,0 days 00:00:36.138000,0 days 00:00:40.227000,0 days 00:00:36.266000,0 days 00:45:45.931000,0 days 00:46:26.158000,0 days 00:47:02.424000,200.0,169.0,,211.0,False,SOFT,3.0,True,Red Bull Racing,0 days 00:45:09.793000,2026-05-02 20:32:27.590,1,,False,,False,False
0 days 00:54:44.767000,VER,3,,7.0,3.0,0 days 00:52:51.514000,,,0 days 00:00:40.716000,0 days 00:00:30.037000,,0 days 00:54:14.730000,0 days 00:54:44.985000,202.0,96.0,264.0,277.0,False,SOFT,1.0,True,Red Bull Racing,0 days 00:47:02.424000,2026-05-02 20:34:20.221,1,,False,,False,False
0 days 00:56:12.883000,VER,3,0 days 00:01:28.116000,8.0,3.0,,,0 days 00:00:30.072000,0 days 00:00:33.382000,0 days 00:00:24.662000,0 days 00:55:14.839000,0 days 00:55:48.221000,0 days 00:56:12.883000,224.0,194.0,274.0,324.0,True,SOFT,2.0,True,Red Bull Racing,0 days 00:54:44.767000,2026-05-02 20:42:02.564,1,,False,,False,True
0 days 00:58:00.701000,VER,3,0 days 00:01:47.818000,9.0,3.0,,0 days 00:57:55.176000,0 days 00:00:34.162000,0 days 00:00:38.847000,0 days 00:00:34.809000,0 days 00:56:47.045000,0 days 00:57:25.892000,0 days 00:58:00.701000,201.0,167.0,,231.0,False,SOFT,3.0,True,Red Bull Racing,0 days 00:56:12.883000,2026-05-02 20:43:30.680,1,,False,,False,False
0 days 01:07:30.759000,VER,3,,10.0,4.0,0 days 01:05:26.468000,,,0 days 00:00:42.632000,0 days 00:00:30.936000,,0 days 01:06:59.911000,0 days 01:07:30.774000,188.0,121.0,264.0,248.0,False,SOFT,1.0,True,Red Bull Racing,0 days 00:58:00.701000,2026-05-02 20:45:18.498,12,,False,,False,False
0 days 01:08:58.940000,VER,3,0 days 00:01:28.181000,11.0,4.0,,,0 days 00:00:30.279000,0 days 00:00:33.256000,0 days 00:00:24.646000,0 days 01:08:01.038000,0 days 01:08:34.294000,0 days 01:08:58.940000,223.0,194.0,271.0,322.0,True,SOFT,2.0,True,Red Bull Racing,0 days 01:07:30.759000,2026-05-02 20:54:48.556,1,,False,,False,True
0 days 01:10:46.940000,VER,3,0 days 00:01:48,12.0,4.0,,0 days 01:10:41.494000,0 days 00:00:34.377000,0 days 00:00:39.248000,0 days 00:00:34.375000,0 days 01:09:33.317000,0 days 01:10:12.565000,0 days 01:10:46.940000,199.0,167.0,,258.0,False,SOFT,3.0,True,Red Bull Racing,0 days 01:08:58.940000,2026-05-02 20:56:16.737,1,,False,,False,False
0 days 01:16:35.533000,VER,3,,13.0,5.0,0 days 01:14:43.086000,,,0 days 00:00:46.347000,0 days 00:00:30.871000,,0 days 01:16:04.662000,0 days 01:16:35.727000,194.0,107.0,268.0,263.0,False,SOFT,1.0,True,Red Bull Racing,0 days 01:10:46.940000,2026-05-02 20:58:04.737,1,,False,,False,False
0 days 01:18:03.497000,VER,3,0 days 00:01:27.964000,14.0,5.0,,,0 days 00:00:30.090000,0 days 00:00:33.172000,0 days 00:00:24.702000,0 days 01:17:05.623000,0 days 01:17:38.795000,0 days 01:18:03.497000,223.0,194.0,274.0,320.0,True,SOFT,2.0,True,Red Bull Racing,0 days 01:16:35.533000,2026-05-02 21:03:53.330,1,,False,,False,True
0 days 01:19:58.686000,VER,3,,15.0,5.0,,0 days 01:19:58.686000,0 days 00:00:38.826000,0 days 00:00:43.175000,,0 days 01:18:42.426000,0 days 01:19:25.647000,,193.0,122.0,,211.0,False,SOFT,3.0,True,Red Bull Racing,0 days 01:18:03.497000,2026-05-02 21:05:21.294,12,,False,,False,False
0 days 00:16:20.517000,LEC,16,,1.0,1.0,0 days 00:14:14.040000,,,0 days 00:00:47.383000,0 days 00:00:31.926000,,0 days 00:15:48.760000,0 days 00:16:20.827000,193.0,68.0,258.0,242.0,False,SOFT,4.0,False,Ferrari,0 days 00:14:14.040000,2026-05-02 20:01:31.837,1,,False,,False,False
0 days 00:17:49.953000,LEC,16,0 days 00:01:29.436000,2.0,1.0,,,0 days 00:00:30.420000,0 days 00:00:34.124000,0 days 00:00:24.892000,0 days 00:16:50.937000,0 days 00:17:25.061000,0 days 00:17:49.953000,222.0,191.0,269.0,322.0,True,SOFT,5.0,False,Ferrari,0 days 00:16:20.517000,2026-05-02 20:03:38.314,1,,False,,False,True
0 days 00:19:46.347000,LEC,16,0 days 00:01:56.394000,3.0,1.0,,0 days 00:19:40.561000,0 days 00:00:37.571000,0 days 00:00:43.285000,0 days 00:00:35.538000,0 days 00:18:27.524000,0 days 00:19:10.809000,0 days 00:19:46.347000,161.0,154.0,,237.0,False,SOFT,6.0,False,Ferrari,0 days 00:17:49.953000,2026-05-02 20:05:07.750,1,,False,,False,False
0 days 00:23:30.735000,LEC,16,,4.0,2.0,0 days 00:21:35.001000,,,0 days 00:00:39.240000,0 days 00:00:30.304000,,0 days 00:23:00.546000,0 days 00:23:30.903000,158.0,110.0,256.0,277.0,False,SOFT,7.0,False,Ferrari,0 days 00:19:46.347000,2026-05-02 20:07:04.144,1,,False,,False,False
0 days 00:25:08.329000,LEC,16,0 days 00:01:37.594000,5.0,2.0,,,0 days 00:00:30.207000,0 days 00:00:34.682000,0 days 00:00:32.705000,0 days 00:24:00.942000,0 days 00:24:35.624000,0 days 00:25:08.329000,216.0,163.0,128.0,233.0,False,SOFT,8.0,False,Ferrari,0 days 00:23:30.735000,2026-05-02 20:10:48.532,1,,False,,False,True
0 days 00:27:16.486000,LEC,16,0 days 00:02:08.157000,6.0,2.0,,,0 days 00:00:51.359000,0 days 00:00:42.834000,0 days 00:00:33.964000,0 days 00:25:59.688000,0 days 00:26:42.522000,0 days 00:27:16.486000,167.0,134.0,160.0,154.0,False,SOFT,9.0,False,Ferrari,0 days 00:25:08.329000,2026-05-02 20:12:26.126,1,,False,,False,True
0 days 00:29:22.206000,LEC,16,0 days 00:02:05.720000,7.0,2.0,,,0 days 00:00:40.326000,0 days 00:00:46.857000,0 days 00:00:38.537000,0 days 00:27:56.812000,0 days 00:28:43.669000,0 days 00:29:22.206000,196.0,66.0,252.0,133.0,False,SOFT,10.0,False,Ferrari,0 days 00:27:16.486000,2026-05-02 20:14:34.283,1,,False,,False,True
0 days 00:30:51.144000,LEC,16,0 days 00:01:28.938000,8.0,2.0,,,0 days 00:00:30.225000,0 days 00:00:33.814000,0 days 00:00:24.899000,0 days 00:29:52.431000,0 days 00:30:26.245000,0 days 00:30:51.144000,215.0,191.0,264.0,323.0,True,SOFT,11.0,False,Ferrari,0 days 00:29:22.206000,2026-05-02 20:16:40.003,1,,False,,False,True
0 days 00:32:56.334000,LEC,16,0 days 00:02:05.190000,9.0,2.0,,0 days 00:32:50.258000,0 days 00:00:38.936000,0 days 00:00:44.342000,0 days 00:00:41.912000,0 days 00:31:30.080000,0 days 00:32:14.422000,0 days 00:32:56.334000,170.0,163.0,,151.0,False,SOFT,12.0,False,Ferrari,0 days 00:30:51.144000,2026-05-02 20:18:08.941,1,,False,,False,False
0 days 00:44:26.427000,LEC,16,,10.0,3.0,0 days 00:42:27.729000,,,0 days 00:00:46.465000,0 days 00:00:31.124000,,0 days 00:43:55.316000,0 days 00:44:26.485000,184.0,138.0,260.0,245.0,False,SOFT,1.0,True,Ferrari,0 days 00:32:56.334000,2026-05-02 20:20:14.131,12,,False,,False,False
0 days 00:45:54.969000,LEC,16,0 days 00:01:28.542000,11.0,3.0,,,0 days 00:00:29.929000,0 days 00:00:33.809000,0 days 00:00:24.804000,0 days 00:44:56.356000,0 days 00:45:30.165000,0 days 00:45:54.969000,221.0,191.0,261.0,324.0,True,SOFT,2.0,True,Ferrari,0 days 00:44:26.427000,2026-05-02 20:31:44.224,1,,False,,False,True
0 days 00:47:52.839000,LEC,16,0 days 00:01:57.870000,12.0,3.0,,0 days 00:47:47.211000,0 days 00:00:41.928000,0 days 00:00:39.459000,0 days 00:00:36.483000,0 days 00:46:36.897000,0 days 00:47:16.356000,0 days 00:47:52.839000,178.0,166.0,,208.0,False,SOFT,3.0,True,Ferrari,0 days 00:45:54.969000,2026-05-02 20:33:12.766,1,,False,,False,False
0 days 00:54:55.869000,LEC,16,,13.0,4.0,0 days 00:52:56.733000,,,0 days 00:00:40.299000,0 days 00:00:31.932000,,0 days 00:54:23.937000,0 days 00:54:56.045000,181.0,160.0,259.0,246.0,False,SOFT,1.0,True,Ferrari,0 days 00:47:52.839000,2026-05-02 20:35:10.636,1,,False,,False,False
0 days 00:56:24.184000,LEC,16,0 days 00:01:28.315000,14.0,4.0,,,0 days 00:00:29.861000,0 days 00:00:33.710000,0 days 00:00:24.744000,0 days 00:55:25.730000,0 days 00:55:59.440000,0 days 00:56:24.184000,215.0,193.0,262.0,323.0,True,SOFT,2.0,True,Ferrari,0 days 00:54:55.869000,2026-05-02 20:42:13.666,1,,False,,False,True
0 days 00:58:31.174000,LEC,16,0 days 00:02:06.990000,15.0,4.0,,0 days 00:58:24.885000,0 days 00:00:39.673000,0 days 00:00:43.401000,0 days 00:00:43.916000,0 days 00:57:03.857000,0 days 00:57:47.258000,0 days 00:58:31.174000,170.0,144.0,,175.0,False,SOFT,3.0,True,Ferrari,0 days 00:56:24.184000,2026-05-02 20:43:41.981,1,,False,,False,False
0 days 01:07:41.884000,LEC,16,,16.0,5.0,0 days 01:05:39.905000,,,0 days 00:00:46.602000,0 days 00:00:33.484000,,0 days 01:07:08.628000,0 days 01:07:41.884000,194.0,68.0,260.0,226.0,False,SOFT,1.0,True,Ferrari,0 days 00:58:31.174000,2026-05-02 20:45:48.971,12,,False,,False,False
0 days 01:09:10.027000,LEC,16,0 days 00:01:28.143000,17.0,5.0,,,0 days 00:00:29.980000,0 days 00:00:33.339000,0 days 00:00:24.824000,0 days 01:08:11.864000,0 days 01:08:45.203000,0 days 01:09:10.027000,219.0,193.0,262.0,323.0,True,SOFT,2.0,True,Ferrari,0 days 01:07:41.884000,2026-05-02 20:54:59.681,1,,False,,False,True
0 days 01:11:09.115000,LEC,16,0 days 00:01:59.088000,18.0,5.0,,0 days 01:11:03.474000,0 days 00:00:37.668000,0 days 00:00:40.368000,0 days 00:00:41.052000,0 days 01:09:47.695000,0 days 01:10:28.063000,0 days 01:11:09.115000,185.0,162.0,,150.0,False,SOFT,3.0,True,Ferrari,0 days 01:09:10.027000,2026-05-02 20:56:27.824,1,,False,,False,False
0 days 01:15:50.386000,LEC,16,,19.0,6.0,0 days 01:13:35.017000,,,0 days 00:00:45.262000,0 days 00:00:30.326000,,0 days 01:15:20.110000,0 days 01:15:50.629000,191.0,144.0,260.0,252.0,False,SOFT,1.0,True,Ferrari,0 days 01:11:09.115000,2026-05-02 20:58:26.912,1,,False,,False,False
0 days 01:17:18.589000,LEC,16,0 days 00:01:28.203000,20.0,6.0,,,0 days 00:00:29.923000,0 days 00:00:33.435000,0 days 00:00:24.845000,0 days 01:16:20.309000,0 days 01:16:53.744000,0 days 01:17:18.589000,220.0,193.0,268.0,318.0,False,SOFT,2.0,True,Ferrari,0 days 01:15:50.386000,2026-05-02 21:03:08.183,1,,False,,False,True
0 days 01:19:20.444000,LEC,16,,21.0,6.0,,0 days 01:19:20.444000,0 days 00:00:38.075000,0 days 00:00:45.463000,,0 days 01:17:56.808000,0 days 01:18:42.161000,,173.0,147.0,,152.0,False,SOFT,3.0,True,Ferrari,0 days 01:17:18.589000,2026-05-02 21:04:36.386,1,,False,,False,False
0 days 00:16:41.430000,NOR,1,,1.0,1.0,0 days 00:14:43.716000,,,0 days 00:00:45.360000,0 days 00:00:35.175000,,0 days 00:16:06.294000,0 days 00:16:41.726000,118.0,79.0,262.0,272.0,False,SOFT,4.0,False,McLaren,0 days 00:14:43.716000,2026-05-02 20:02:01.513,1,,False,,False,False
0 days 00:18:10.613000,NOR,1,0 days 00:01:29.183000,2.0,1.0,,,0 days 00:00:30.478000,0 days 00:00:33.827000,0 days 00:00:24.878000,0 days 00:17:11.908000,0 days 00:17:45.735000,0 days 00:18:10.613000,220.0,187.0,272.0,321.0,True,SOFT,5.0,False,McLaren,0 days 00:16:41.430000,2026-05-02 20:03:59.227,1,,False,,False,True
0 days 00:20:39.881000,NOR,1,0 days 00:02:29.268000,3.0,1.0,,0 days 00:20:08.013000,0 days 00:00:39.791000,0 days 00:00:42.974000,0 days 00:01:06.503000,0 days 00:18:50.404000,0 days 00:19:33.378000,0 days 00:20:39.881000,169.0,153.0,,152.0,False,SOFT,6.0,False,McLaren,0 days 00:18:10.613000,2026-05-02 20:05:28.410,1,,False,,False,False
0 days 00:26:22.273000,NOR,1,,4.0,2.0,0 days 00:24:28.262000,,,0 days 00:00:43.488000,0 days 00:00:29.671000,,0 days 00:25:52.653000,0 days 00:26:22.495000,161.0,154.0,267.0,256.0,False,SOFT,7.0,False,McLaren,0 days 00:20:39.881000,2026-05-02 20:07:57.678,1,,False,,False,False
0 days 00:27:52.082000,NOR,1,0 days 00:01:29.809000,5.0,2.0,,,0 days 00:00:30.352000,0 days 00:00:34.236000,0 days 00:00:25.221000,0 days 00:26:52.625000,0 days 00:27:26.861000,0 days 00:27:52.082000,219.0,185.0,274.0,309.0,False,SOFT,8.0,False,McLaren,0 days 00:26:22.273000,2026-05-02 20:13:40.070,1,,False,,False,True
0 days 00:30:17.707000,NOR,1,0 days 00:02:25.625000,6.0,2.0,,0 days 00:30:09.740000,0 days 00:00:45.773000,0 days 00:00:42.023000,0 days 00:00:57.829000,0 days 00:28:37.855000,0 days 00:29:19.878000,0 days 00:30:17.707000,157.0,141.0,,94.0,False,SOFT,9.0,False,McLaren,0 days 00:27:52.082000,2026-05-02 20:15:09.879,1,,False,,False,False
0 days 00:44:58.324000,NOR,1,,7.0,3.0,0 days 00:42:56.354000,,,0 days 00:00:46.449000,0 days 00:00:30.497000,,0 days 00:44:27.911000,0 days 00:44:58.324000,162.0,116.0,265.0,272.0,False,SOFT,1.0,True,McLaren,0 days 00:30:17.707000,2026-05-02 20:17:35.504,12,,False,,False,False
0 days 00:46:39.274000,NOR,1,0 days 00:01:40.950000,8.0,3.0,,0 days 00:46:33.200000,0 days 00:00:30.624000,0 days 00:00:35.081000,0 days 00:00:35.245000,0 days 00:45:28.948000,0 days 00:46:04.029000,0 days 00:46:39.274000,219.0,173.0,,268.0,False,SOFT,2.0,True,McLaren,0 days 00:44:58.324000,2026-05-02 20:32:16.121,1,,False,,False,False
0 days 00:50:00.568000,NOR,1,,9.0,4.0,0 days 00:48:11.051000,,,0 days 00:00:41.435000,0 days 00:00:31.489000,,0 days 00:49:29.203000,0 days 00:50:00.771000,170.0,134.0,266.0,266.0,False,SOFT,1.0,True,McLaren,0 days 00:46:39.274000,2026-05-02 20:33:57.071,1,,False,,False,False
0 days 00:51:29.608000,NOR,1,0 days 00:01:29.040000,10.0,4.0,,,0 days 00:00:30.053000,0 days 00:00:33.796000,0 days 00:00:25.191000,0 days 00:50:30.621000,0 days 00:51:04.417000,0 days 00:51:29.608000,221.0,187.0,270.0,310.0,True,SOFT,2.0,True,McLaren,0 days 00:50:00.568000,2026-05-02 20:37:18.365,1,,False,,False,True
0 days 00:53:34.093000,NOR,1,0 days 00:02:04.485000,11.0,4.0,,,0 days 00:00:47.045000,0 days 00:00:42.581000,0 days 00:00:34.859000,0 days 00:52:16.653000,0 days 00:52:59.234000,0 days 00:53:34.093000,169.0,140.0,131.0,220.0,False,SOFT,3.0,True,McLaren,0 days 00:51:29.608000,2026-05-02 20:38:47.405,1,,False,,False,True
0 days 00:55:41.814000,NOR,1,0 days 00:02:07.721000,12.0,4.0,,,0 days 00:00:48.065000,0 days 00:00:46.963000,0 days 00:00:32.693000,0 days 00:54:22.158000,0 days 00:55:09.121000,0 days 00:55:41.814000,165.0,162.0,266.0,177.0,False,SOFT,4.0,True,McLaren,0 days 00:53:34.093000,2026-05-02 20:40:51.890,1,,False,,False,True
0 days 00:57:10.734000,NOR,1,0 days 00:01:28.920000,13.0,4.0,,,0 days 00:00:30.262000,0 days 00:00:33.707000,0 days 00:00:24.951000,0 days 00:56:12.076000,0 days 00:56:45.783000,0 days 00:57:10.734000,218.0,192.0,266.0,319.0,True,SOFT,5.0,True,McLaren,0 days 00:55:41.814000,2026-05-02 20:42:59.611,1,,False,,False,True
0 days 00:59:07.971000,NOR,1,0 days 00:01:57.237000,14.0,4.0,,0 days 00:59:01.463000,0 days 00:00:38.401000,0 days 00:00:40.856000,0 days 00:00:37.980000,0 days 00:57:49.135000,0 days 00:58:29.991000,0 days 00:59:07.971000,186.0,162.0,,182.0,False,SOFT,6.0,True,McLaren,0 days 00:57:10.734000,2026-05-02 20:44:28.531,1,,False,,False,False
0 days 01:07:13.316000,NOR,1,,15.0,5.0,0 days 01:05:12.565000,,,0 days 00:00:43.764000,0 days 00:00:30.848000,,0 days 01:06:42.551000,0 days 01:07:13.371000,148.0,128.0,266.0,270.0,False,SOFT,1.0,True,McLaren,0 days 00:59:07.971000,2026-05-02 20:46:25.768,12,,False,,False,False
0 days 01:08:41.499000,NOR,1,0 days 00:01:28.183000,16.0,5.0,,,0 days 00:00:30.111000,0 days 00:00:33.258000,0 days 00:00:24.814000,0 days 01:07:43.427000,0 days 01:08:16.685000,0 days 01:08:41.499000,220.0,192.0,268.0,313.0,True,SOFT,2.0,True,McLaren,0 days 01:07:13.316000,2026-05-02 20:54:31.113,1,,False,,False,True
0 days 01:10:39.538000,NOR,1,0 days 00:01:58.039000,17.0,5.0,,0 days 01:10:32.632000,0 days 00:00:37.512000,0 days 00:00:41.429000,0 days 00:00:39.098000,0 days 01:09:19.011000,0 days 01:10:00.440000,0 days 01:10:39.538000,187.0,164.0,,175.0,False,SOFT,3.0,True,McLaren,0 days 01:08:41.499000,2026-05-02 20:55:59.296,1,,False,,False,False
0 days 01:15:39.263000,NOR,1,,18.0,6.0,0 days 01:13:31.315000,,,0 days 00:00:42.995000,0 days 00:00:29.161000,,0 days 01:15:10.102000,0 days 01:15:39.547000,150.0,139.0,264.0,284.0,False,SOFT,1.0,True,McLaren,0 days 01:10:39.538000,2026-05-02 20:57:57.335,1,,False,,False,False
0 days 01:17:07.790000,NOR,1,0 days 00:01:28.527000,19.0,6.0,,,0 days 00:00:30.120000,0 days 00:00:33.435000,0 days 00:00:24.972000,0 days 01:16:09.383000,0 days 01:16:42.818000,0 days 01:17:07.790000,221.0,193.0,269.0,317.0,False,SOFT,2.0,True,McLaren,0 days 01:15:39.263000,2026-05-02 21:02:57.060,1,,False,,False,True
0 days 01:19:03.509000,NOR,1,,20.0,6.0,,0 days 01:19:03.509000,0 days 00:00:37.931000,0 days 00:00:44.126000,,0 days 01:17:45.727000,0 days 01:18:29.877000,,171.0,150.0,,180.0,False,SOFT,3.0,True,McLaren,0 days 01:17:07.790000,2026-05-02 21:04:25.587,1,,False,,False,False
0 days 00:19:07.999000,RUS,63,,1.0,1.0,0 days 00:17:10.803000,,,0 days 00:00:43.983000,0 days 00:00:31.013000,,0 days 00:18:37.106000,0 days 00:19:08.220000,198.0,121.0,262.0,270.0,False,SOFT,4.0,False,Mercedes,0 days 00:17:10.803000,2026-05-02 20:04:28.600,1,,False,,False,False
0 days 00:20:38.075000,RUS,63,0 days 00:01:30.076000,2.0,1.0,,,0 days 00:00:30.673000,0 days 00:00:34.265000,0 days 00:00:25.138000,0 days 00:19:38.672000,0 days 00:20:12.937000,0 days 00:20:38.075000,220.0,192.0,264.0,317.0,True,SOFT,5.0,False,Mercedes,0 days 00:19:07.999000,2026-05-02 20:06:25.796,1,,False,,False,True
0 days 00:22:39.658000,RUS,63,0 days 00:02:01.583000,3.0,1.0,,0 days 00:22:33.561000,0 days 00:00:37.938000,0 days 00:00:45.335000,0 days 00:00:38.310000,0 days 00:21:16.013000,0 days 00:22:01.348000,0 days 00:22:39.658000,154.0,149.0,,231.0,False,SOFT,6.0,False,Mercedes,0 days 00:20:38.075000,2026-05-02 20:07:55.872,1,,False,,False,False
0 days 00:26:58.585000,RUS,63,,4.0,2.0,0 days 00:25:00.128000,,,0 days 00:00:46.433000,0 days 00:00:31.985000,,0 days 00:26:26.600000,0 days 00:26:58.736000,164.0,75.0,263.0,276.0,False,SOFT,7.0,False,Mercedes,0 days 00:22:39.658000,2026-05-02 20:09:57.455,1,,False,,False,False
0 days 00:28:28.077000,RUS,63,0 days 00:01:29.492000,5.0,2.0,,,0 days 00:00:30.297000,0 days 00:00:34.292000,0 days 00:00:24.903000,0 days 00:27:28.882000,0 days 00:28:03.174000,0 days 00:28:28.077000,221.0,192.0,270.0,320.0,True,SOFT,8.0,False,Mercedes,0 days 00:26:58.585000,2026-05-02 20:14:16.382,1,,False,,False,True
0 days 00:30:54.516000,RUS,63,0 days 00:02:26.439000,6.0,2.0,,0 days 00:30:13.793000,0 days 00:00:35.748000,0 days 00:00:37.884000,0 days 00:01:12.807000,0 days 00:29:03.825000,0 days 00:29:41.709000,0 days 00:30:54.516000,187.0,153.0,,209.0,False,SOFT,9.0,False,Mercedes,0 days 00:28:28.077000,2026-05-02 20:15:45.874,1,,False,,False,False
0 days 00:46:00.660000,RUS,63,,7.0,3.0,0 days 00:43:51.300000,,,0 days 00:00:46.527000,0 days 00:00:36.721000,,0 days 00:45:24.137000,0 days 00:46:00.660000,169.0,63.0,261.0,275.0,False,SOFT,1.0,True,Mercedes,0 days 00:30:54.516000,2026-05-02 20:18:12.313,12,,False,,False,False
0 days 00:47:29.137000,RUS,63,0 days 00:01:28.477000,8.0,3.0,,,0 days 00:00:29.971000,0 days 00:00:33.648000,0 days 00:00:24.858000,0 days 00:46:30.631000,0 days 00:47:04.279000,0 days 00:47:29.137000,221.0,194.0,267.0,326.0,True,SOFT,2.0,True,Mercedes,0 days 00:46:00.660000,2026-05-02 20:33:18.457,1,,False,,False,True
0 days 00:49:23.559000,RUS,63,0 days 00:01:54.422000,9.0,3.0,,0 days 00:49:17.027000,0 days 00:00:38.870000,0 days 00:00:39.416000,0 days 00:00:36.136000,0 days 00:48:08.007000,0 days 00:48:47.423000,0 days 00:49:23.559000,172.0,154.0,,252.0,False,SOFT,3.0,True,Mercedes,0 days 00:47:29.137000,2026-05-02 20:34:46.934,1,,False,,False,False
0 days 00:53:58.511000,RUS,63,,10.0,4.0,0 days 00:52:08.314000,,,0 days 00:00:42.369000,0 days 00:00:30.009000,,0 days 00:53:28.502000,0 days 00:53:58.671000,179.0,150.0,258.0,283.0,False,SOFT,1.0,True,Mercedes,0 days 00:49:23.559000,2026-05-02 20:36:41.356,1,,False,,False,False
0 days 00:55:27.333000,RUS,63,0 days 00:01:28.822000,11.0,4.0,,,0 days 00:00:30.547000,0 days 00:00:33.500000,0 days 00:00:24.775000,0 days 00:54:29.058000,0 days 00:55:02.558000,0 days 00:55:27.333000,221.0,195.0,267.0,321.0,False,SOFT,2.0,True,Mercedes,0 days 00:53:58.511000,2026-05-02 20:41:16.308,1,,False,,False,True
0 days 00:57:21.827000,RUS,63,0 days 00:01:54.494000,12.0,4.0,,0 days 00:57:15.554000,0 days 00:00:39.056000,0 days 00:00:37.865000,0 days 00:00:37.573000,0 days 00:56:06.389000,0 days 00:56:44.254000,0 days 00:57:21.827000,188.0,125.0,,258.0,False,SOFT,3.0,True,Mercedes,0 days 00:55:27.333000,2026-05-02 20:42:45.130,1,,False,,False,False
0 days 01:08:28.131000,RUS,63,,13.0,5.0,0 days 01:06:26.813000,,,0 days 00:00:44.723000,0 days 00:00:30.559000,,0 days 01:07:57.649000,0 days 01:08:28.134000,170.0,80.0,265.0,278.0,False,SOFT,1.0,True,Mercedes,0 days 00:57:21.827000,2026-05-02 20:44:39.624,12,,False,,False,False
0 days 01:09:56.328000,RUS,63,0 days 00:01:28.197000,14.0,5.0,,,0 days 00:00:29.977000,0 days 00:00:33.559000,0 days 00:00:24.661000,0 days 01:08:58.108000,0 days 01:09:31.667000,0 days 01:09:56.328000,220.0,194.0,270.0,320.0,True,SOFT,2.0,True,Mercedes,0 days 01:08:28.131000,2026-05-02 20:55:45.928,1,,False,,False,True
0 days 01:11:43.055000,RUS,63,0 days 00:01:46.727000,15.0,5.0,,0 days 01:11:36.956000,0 days 00:00:35.171000,0 days 00:00:36.491000,0 days 00:00:35.065000,0 days 01:10:31.499000,0 days 01:11:07.990000,0 days 01:11:43.055000,200.0,175.0,,278.0,False,SOFT,3.0,True,Mercedes,0 days 01:09:56.328000,2026-05-02 20:57:14.125,1,,False,,False,False
0 days 01:15:14.304000,RUS,63,,16.0,6.0,0 days 01:13:21.527000,,,0 days 00:00:41.756000,0 days 00:00:31.218000,,0 days 01:14:43.086000,0 days 01:15:14.466000,196.0,118.0,266.0,281.0,False,SOFT,1.0,True,Mercedes,0 days 01:11:43.055000,2026-05-02 20:59:00.852,1,,False,,False,False
0 days 01:16:42.671000,RUS,63,0 days 00:01:28.367000,17.0,6.0,,,0 days 00:00:29.806000,0 days 00:00:33.544000,0 days 00:00:25.017000,0 days 01:15:44.110000,0 days 01:16:17.654000,0 days 01:16:42.671000,223.0,193.0,269.0,322.0,False,SOFT,2.0,True,Mercedes,0 days 01:15:14.304000,2026-05-02 21:02:32.101,1,,False,,False,True
0 days 01:18:40.796000,RUS,63,,18.0,6.0,,0 days 01:18:40.796000,0 days 00:00:41.962000,0 days 00:00:42.526000,,0 days 01:17:24.727000,0 days 01:18:07.233000,,164.0,149.0,,227.0,False,SOFT,3.0,True,Mercedes,0 days 01:16:42.671000,2026-05-02 21:04:00.468,1,,False,,False,False
0 days 00:16:32.054000,HAM,44,,1.0,1.0,0 days 00:14:28.200000,,,0 days 00:00:45.475000,0 days 00:00:31.796000,,0 days 00:16:00.349000,0 days 00:16:32.350000,131.0,129.0,262.0,249.0,False,SOFT,4.0,False,Ferrari,0 days 00:14:28.200000,2026-05-02 20:01:45.997,1,,False,,False,False
0 days 00:18:01.564000,HAM,44,0 days 00:01:29.510000,2.0,1.0,,,0 days 00:00:30.429000,0 days 00:00:34.139000,0 days 00:00:24.942000,0 days 00:17:02.483000,0 days 00:17:36.622000,0 days 00:18:01.564000,219.0,192.0,260.0,325.0,True,SOFT,5.0,False,Ferrari,0 days 00:16:32.054000,2026-05-02 20:03:49.851,1,,False,,False,True
0 days 00:20:01.171000,HAM,44,0 days 00:01:59.607000,3.0,1.0,,0 days 00:19:55.575000,0 days 00:00:40.303000,0 days 00:00:38.316000,0 days 00:00:40.988000,0 days 00:18:41.867000,0 days 00:19:20.183000,0 days 00:20:01.171000,172.0,175.0,,142.0,False,SOFT,6.0,False,Ferrari,0 days 00:18:01.564000,2026-05-02 20:05:19.361,1,,False,,False,False
0 days 00:23:57.547000,HAM,44,,4.0,2.0,0 days 00:21:57.026000,,,0 days 00:00:45.456000,0 days 00:00:30.490000,,0 days 00:23:27.162000,0 days 00:23:57.826000,151.0,142.0,262.0,249.0,False,SOFT,7.0,False,Ferrari,0 days 00:20:01.171000,2026-05-02 20:07:18.968,1,,False,,False,False
0 days 00:25:27.030000,HAM,44,0 days 00:01:29.483000,5.0,2.0,,,0 days 00:00:30.555000,0 days 00:00:34.098000,0 days 00:00:24.830000,0 days 00:24:28.102000,0 days 00:25:02.200000,0 days 00:25:27.030000,218.0,191.0,263.0,322.0,True,SOFT,8.0,False,Ferrari,0 days 00:23:57.547000,2026-05-02 20:11:15.344,1,,False,,False,True
0 days 00:27:30.635000,HAM,44,0 days 00:02:03.605000,6.0,2.0,,,0 days 00:00:40.800000,0 days 00:00:43.746000,0 days 00:00:39.059000,0 days 00:26:07.830000,0 days 00:26:51.576000,0 days 00:27:30.635000,146.0,117.0,118.0,209.0,False,SOFT,9.0,False,Ferrari,0 days 00:25:27.030000,2026-05-02 20:12:44.827,1,,False,,False,True
0 days 00:29:52.200000,HAM,44,0 days 00:02:21.565000,7.0,2.0,,,0 days 00:00:47.861000,0 days 00:00:46.142000,0 days 00:00:47.562000,0 days 00:28:18.496000,0 days 00:29:04.638000,0 days 00:29:52.200000,153.0,157.0,224.0,176.0,False,SOFT,10.0,False,Ferrari,0 days 00:27:30.635000,2026-05-02 20:14:48.432,1,,False,,False,True
0 days 00:31:22.800000,HAM,44,0 days 00:01:30.600000,8.0,2.0,,,0 days 00:00:31.102000,0 days 00:00:34.542000,0 days 00:00:24.956000,0 days 00:30:23.302000,0 days 00:30:57.844000,0 days 00:31:22.800000,220.0,193.0,256.0,323.0,False,SOFT,11.0,False,Ferrari,0 days 00:29:52.200000,2026-05-02 20:17:09.997,1,,False,,False,True
0 days 00:33:23.813000,HAM,44,0 days 00:02:01.013000,9.0,2.0,,0 days 00:33:17.583000,0 days 00:00:38.639000,0 days 00:00:42.201000,0 days 00:00:40.173000,0 days 00:32:01.439000,0 days 00:32:43.640000,0 days 00:33:23.813000,168.0,145.0,,195.0,False,SOFT,12.0,False,Ferrari,0 days 00:31:22.800000,2026-05-02 20:18:40.597,1,,False,,False,False
0 days 00:44:33.219000,HAM,44,,10.0,3.0,0 days 00:42:35.214000,,,0 days 00:00:43.542000,0 days 00:00:30.330000,,0 days 00:44:02.941000,0 days 00:44:33.219000,154.0,134.0,261.0,253.0,False,SOFT,1.0,True,Ferrari,0 days 00:33:23.813000,2026-05-02 20:20:41.610,12,,False,,False,False
0 days 00:46:01.696000,HAM,44,0 days 00:01:28.477000,11.0,3.0,,,0 days 00:00:30.091000,0 days 00:00:33.566000,0 days 00:00:24.820000,0 days 00:45:03.310000,0 days 00:45:36.876000,0 days 00:46:01.696000,220.0,193.0,261.0,326.0,True,SOFT,2.0,True,Ferrari,0 days 00:44:33.219000,2026-05-02 20:31:51.016,1,,False,,False,True
0 days 00:48:28.366000,HAM,44,0 days 00:02:26.670000,12.0,3.0,,0 days 00:47:54.277000,0 days 00:00:39.463000,0 days 00:00:40.672000,0 days 00:01:06.535000,0 days 00:46:41.159000,0 days 00:47:21.831000,0 days 00:48:28.366000,185.0,165.0,,172.0,False,SOFT,3.0,True,Ferrari,0 days 00:46:01.696000,2026-05-02 20:33:19.493,1,,False,,False,False
0 days 00:55:32.054000,HAM,44,,13.0,4.0,0 days 00:53:34.582000,,,0 days 00:00:44.816000,0 days 00:00:32.124000,,0 days 00:54:59.944000,0 days 00:55:32.199000,152.0,110.0,260.0,260.0,False,SOFT,1.0,True,Ferrari,0 days 00:48:28.366000,2026-05-02 20:35:46.163,1,,False,,False,False
0 days 00:57:00.884000,HAM,44,0 days 00:01:28.830000,14.0,4.0,,,0 days 00:00:30.163000,0 days 00:00:33.890000,0 days 00:00:24.777000,0 days 00:56:02.217000,0 days 00:56:36.107000,0 days 00:57:00.884000,220.0,191.0,263.0,324.0,False,SOFT,2.0,True,Ferrari,0 days 00:55:32.054000,2026-05-02 20:42:49.851,1,,False,,False,True
0 days 00:59:03.048000,HAM,44,0 days 00:02:02.164000,15.0,4.0,,0 days 00:58:56.345000,0 days 00:00:39.065000,0 days 00:00:41.365000,0 days 00:00:41.734000,0 days 00:57:39.949000,0 days 00:58:21.314000,0 days 00:59:03.048000,185.0,158.0,,145.0,False,SOFT,3.0,True,Ferrari,0 days 00:57:00.884000,2026-05-02 20:44:18.681,1,,False,,False,False
0 days 01:07:48.904000,HAM,44,,16.0,5.0,0 days 01:05:54.247000,,,0 days 00:00:42.623000,0 days 00:00:30.995000,,0 days 01:07:18.063000,0 days 01:07:49.055000,152.0,116.0,262.0,219.0,False,SOFT,1.0,True,Ferrari,0 days 00:59:03.048000,2026-05-02 20:46:20.845,12,,False,,False,False
0 days 01:09:17.280000,HAM,44,0 days 00:01:28.376000,17.0,5.0,,,0 days 00:00:30.231000,0 days 00:00:33.402000,0 days 00:00:24.743000,0 days 01:08:19.135000,0 days 01:08:52.537000,0 days 01:09:17.280000,218.0,194.0,264.0,324.0,True,SOFT,2.0,True,Ferrari,0 days 01:07:48.904000,2026-05-02 20:55:06.701,1,,False,,False,True
0 days 01:11:17.839000,HAM,44,0 days 00:02:00.559000,18.0,5.0,,0 days 01:11:12.037000,0 days 00:00:35.201000,0 days 00:00:39.934000,0 days 00:00:45.424000,0 days 01:09:52.481000,0 days 01:10:32.415000,0 days 01:11:17.839000,203.0,139.0,,120.0,False,SOFT,3.0,True,Ferrari,0 days 01:09:17.280000,2026-05-02 20:56:35.077,1,,False,,False,False
0 days 01:15:57.974000,HAM,44,,19.0,6.0,0 days 01:14:00.032000,,,0 days 00:00:46.279000,0 days 00:00:29.865000,,0 days 01:15:28.235000,0 days 01:15:58.251000,135.0,137.0,261.0,252.0,False,SOFT,1.0,True,Ferrari,0 days 01:11:17.839000,2026-05-02 20:58:35.636,1,,False,,False,False
0 days 01:17:26.293000,HAM,44,0 days 00:01:28.319000,20.0,6.0,,,0 days 00:00:29.907000,0 days 00:00:33.504000,0 days 00:00:24.908000,0 days 01:16:27.881000,0 days 01:17:01.385000,0 days 01:17:26.293000,222.0,194.0,265.0,318.0,True,SOFT,2.0,True,Ferrari,0 days 01:15:57.974000,2026-05-02 21:03:15.771,1,,False,,False,True
0 days 01:19:29.195000,HAM,44,,21.0,6.0,,0 days 01:19:29.195000,0 days 00:00:41.145000,0 days 00:00:44.570000,,0 days 01:18:07.623000,0 days 01:18:52.227000,,165.0,144.0,,208.0,False,SOFT,3.0,True,Ferrari,0 days 01:17:26.293000,2026-05-02 21:04:44.090,1,,False,,False,False
0 days 00:18:46.691000,PIA,81,,1.0,1.0,0 days 00:16:54.526000,,,0 days 00:00:40.704000,0 days 00:00:30.359000,,0 days 00:18:16.486000,0 days 00:18:46.887000,189.0,147.0,258.0,276.0,False,SOFT,4.0,False,McLaren,0 days 00:16:54.526000,2026-05-02 20:04:12.323,1,,False,,False,False
0 days 00:20:16.731000,PIA,81,0 days 00:01:30.040000,2.0,1.0,,,0 days 00:00:30.662000,0 days 00:00:34.169000,0 days 00:00:25.209000,0 days 00:19:17.353000,0 days 00:19:51.522000,0 days 00:20:16.731000,221.0,186.0,271.0,310.0,True,SOFT,5.0,False,McLaren,0 days 00:18:46.691000,2026-05-02 20:06:04.488,1,,False,,False,True
0 days 00:22:47.056000,PIA,81,,3.0,1.0,,0 days 00:22:13.303000,0 days 00:00:39.596000,0 days 00:00:42.242000,0 days 00:01:08.383000,0 days 00:20:56.481000,0 days 00:21:38.673000,0 days 00:22:47.456000,183.0,93.0,,178.0,False,SOFT,6.0,False,McLaren,0 days 00:20:16.731000,2026-05-02 20:07:34.528,1,,False,,False,False
0 days 00:26:33.051000,PIA,81,,4.0,2.0,0 days 00:24:38.877000,,,0 days 00:00:44.486000,0 days 00:00:31.931000,,0 days 00:26:01.231000,0 days 00:26:33.343000,174.0,94.0,259.0,270.0,False,SOFT,7.0,False,McLaren,0 days 00:22:47.056000,2026-05-02 20:10:04.853,1,,False,,False,False
0 days 00:28:03.117000,PIA,81,0 days 00:01:30.066000,5.0,2.0,,,0 days 00:00:30.479000,0 days 00:00:34.359000,0 days 00:00:25.228000,0 days 00:27:03.530000,0 days 00:27:37.889000,0 days 00:28:03.117000,218.0,187.0,274.0,311.0,False,SOFT,8.0,False,McLaren,0 days 00:26:33.051000,2026-05-02 20:13:50.848,1,,False,,False,True
0 days 00:30:16.224000,PIA,81,0 days 00:02:13.107000,6.0,2.0,,,0 days 00:00:44.252000,0 days 00:00:47.377000,0 days 00:00:41.478000,0 days 00:28:47.369000,0 days 00:29:34.746000,0 days 00:30:16.224000,159.0,101.0,246.0,138.0,False,SOFT,9.0,False,McLaren,0 days 00:28:03.117000,2026-05-02 20:15:20.914,1,,False,,False,True
0 days 00:31:46.144000,PIA,81,0 days 00:01:29.920000,7.0,2.0,,,0 days 00:00:30.845000,0 days 00:00:33.916000,0 days 00:00:25.159000,0 days 00:30:47.069000,0 days 00:31:20.985000,0 days 00:31:46.144000,221.0,191.0,273.0,311.0,True,SOFT,10.0,False,McLaren,0 days 00:30:16.224000,2026-05-02 20:17:34.021,1,,False,,False,True
0 days 00:43:27.253000,PIA,81,,8.0,2.0,,0 days 00:33:39.170000,0 days 00:00:36.441000,0 days 00:00:40.252000,,0 days 00:32:22.719000,0 days 00:33:02.904000,,193.0,147.0,,205.0,False,SOFT,11.0,False,McLaren,0 days 00:31:46.144000,2026-05-02 20:19:03.941,12,,False,,False,False
0 days 00:45:40.631000,PIA,81,,9.0,3.0,0 days 00:43:27.253000,,0 days 00:01:23.313000,0 days 00:00:47.186000,0 days 00:00:32.652000,0 days 00:44:20.793000,0 days 00:45:08.110000,0 days 00:45:40.731000,150.0,65.0,260.0,247.0,False,SOFT,1.0,True,McLaren,0 days 00:43:27.253000,2026-05-02 20:30:45.050,1,,False,,False,False
0 days 00:47:09.533000,PIA,81,0 days 00:01:28.902000,10.0,3.0,,,0 days 00:00:30.091000,0 days 00:00:33.687000,0 days 00:00:25.124000,0 days 00:46:10.722000,0 days 00:46:44.409000,0 days 00:47:09.533000,219.0,191.0,264.0,314.0,True,SOFT,2.0,True,McLaren,0 days 00:45:40.631000,2026-05-02 20:32:58.428,1,,False,,False,True
0 days 00:53:21.877000,PIA,81,,11.0,3.0,,0 days 00:48:57.564000,0 days 00:00:38.911000,0 days 00:00:39.327000,,0 days 00:47:48.429000,0 days 00:48:27.920000,,186.0,159.0,,269.0,False,SOFT,3.0,True,McLaren,0 days 00:47:09.533000,2026-05-02 20:34:27.330,1,,False,,False,False
0 days 00:55:24.016000,PIA,81,,12.0,4.0,0 days 00:53:21.877000,,,0 days 00:00:43.883000,0 days 00:00:33.540000,,0 days 00:54:50.713000,0 days 00:55:24.325000,158.0,66.0,260.0,254.0,False,SOFT,1.0,True,McLaren,0 days 00:53:21.877000,2026-05-02 20:40:39.674,1,,False,,False,False
0 days 00:56:52.348000,PIA,81,0 days 00:01:28.332000,13.0,4.0,,,0 days 00:00:29.945000,0 days 00:00:33.510000,0 days 00:00:24.877000,0 days 00:55:53.961000,0 days 00:56:27.471000,0 days 00:56:52.348000,223.0,193.0,266.0,317.0,True,SOFT,2.0,True,McLaren,0 days 00:55:24.016000,2026-05-02 20:42:41.813,1,,False,,False,True
0 days 01:04:48.437000,PIA,81,,14.0,4.0,,0 days 00:58:47.705000,0 days 00:00:37.876000,0 days 00:00:42.485000,,0 days 00:57:30.254000,0 days 00:58:12.828000,,178.0,141.0,,185.0,False,SOFT,3.0,True,McLaren,0 days 00:56:52.348000,2026-05-02 20:44:10.145,12,,False,,False,False
0 days 01:07:03.321000,PIA,81,0 days 00:02:14.884000,15.0,5.0,0 days 01:05:08.704000,,0 days 00:01:01.323000,0 days 00:00:43.210000,0 days 00:00:30.351000,0 days 01:05:49.760000,0 days 01:06:32.970000,0 days 01:07:03.321000,157.0,131.0,259.0,254.0,False,SOFT,1.0,True,McLaren,0 days 01:04:48.437000,2026-05-02 20:52:06.234,1,,False,,False,False
0 days 01:08:32.008000,PIA,81,0 days 00:01:28.687000,16.0,5.0,,,0 days 00:00:30.087000,0 days 00:00:33.618000,0 days 00:00:24.982000,0 days 01:07:33.408000,0 days 01:08:07.026000,0 days 01:08:32.008000,217.0,192.0,266.0,314.0,True,SOFT,2.0,True,McLaren,0 days 01:07:03.321000,2026-05-02 20:54:21.118,1,,False,,False,True
0 days 01:13:07.168000,PIA,81,,17.0,5.0,,0 days 01:10:19.645000,0 days 00:00:36.806000,0 days 00:00:40.356000,,0 days 01:09:08.905000,0 days 01:09:49.338000,,183.0,145.0,,267.0,False,SOFT,3.0,True,McLaren,0 days 01:08:32.008000,2026-05-02 20:55:49.805,1,,False,,False,False
0 days 01:15:30.793000,PIA,81,0 days 00:02:23.625000,18.0,6.0,0 days 01:13:28.565000,,0 days 00:01:09.629000,0 days 00:00:43.157000,0 days 00:00:30.839000,0 days 01:14:16.797000,0 days 01:14:59.954000,0 days 01:15:30.793000,168.0,92.0,262.0,268.0,False,SOFT,1.0,True,McLaren,0 days 01:13:07.168000,2026-05-02 21:00:24.965,1,,False,,False,False
0 days 01:16:59.293000,PIA,81,0 days 00:01:28.500000,19.0,6.0,,,0 days 00:00:30.228000,0 days 00:00:33.248000,0 days 00:00:25.024000,0 days 01:16:01.021000,0 days 01:16:34.269000,0 days 01:16:59.293000,222.0,193.0,267.0,311.0,True,SOFT,2.0,True,McLaren,0 days 01:15:30.793000,2026-05-02 21:02:48.590,1,,False,,False,True
0 days 01:18:57.036000,PIA,81,,20.0,6.0,,0 days 01:18:57.036000,0 days 00:00:40.848000,0 days 00:00:43.172000,,0 days 01:17:40.327000,0 days 01:18:23.457000,,173.0,140.0,,208.0,False,SOFT,3.0,True,McLaren,0 days 01:16:59.293000,2026-05-02 21:04:17.090,1,,False,,False,False
0 days 00:17:00.637000,COL,43,,1.0,1.0,0 days 00:14:55.122000,,,0 days 00:00:41.268000,0 days 00:00:38.666000,,0 days 00:16:22.062000,0 days 00:17:00.726000,199.0,170.0,275.0,222.0,False,SOFT,9.0,False,Alpine,0 days 00:14:55.122000,2026-05-02 20:02:12.919,1,,False,,False,False
0 days 00:18:37.704000,COL,43,0 days 00:01:37.067000,2.0,1.0,,0 days 00:18:31.965000,0 days 00:00:31.353000,0 days 00:00:33.871000,0 days 00:00:31.843000,0 days 00:17:31.990000,0 days 00:18:05.861000,0 days 00:18:37.704000,219.0,192.0,,327.0,False,SOFT,10.0,False,Alpine,0 days 00:17:00.637000,2026-05-02 20:04:18.434,1,,False,,False,False
0 days 00:23:04.997000,COL,43,,3.0,2.0,0 days 00:21:05.091000,,,0 days 00:00:43.938000,0 days 00:00:30.910000,,0 days 00:22:34.159000,0 days 00:23:05.144000,195.0,130.0,277.0,253.0,False,SOFT,1.0,True,Alpine,0 days 00:18:37.704000,2026-05-02 20:05:55.501,1,,False,,False,False
0 days 00:24:34.914000,COL,43,0 days 00:01:29.917000,4.0,2.0,,,0 days 00:00:30.506000,0 days 00:00:34.168000,0 days 00:00:25.243000,0 days 00:23:35.503000,0 days 00:24:09.671000,0 days 00:24:34.914000,220.0,191.0,267.0,319.0,True,SOFT,2.0,True,Alpine,0 days 00:23:04.997000,2026-05-02 20:10:22.794,1,,False,,False,True
0 days 00:26:45.003000,COL,43,0 days 00:02:10.089000,5.0,2.0,,,0 days 00:00:49.344000,0 days 00:00:43.022000,0 days 00:00:37.723000,0 days 00:25:24.258000,0 days 00:26:07.280000,0 days 00:26:45.003000,188.0,122.0,118.0,208.0,False,SOFT,3.0,True,Alpine,0 days 00:24:34.914000,2026-05-02 20:11:52.711,1,,True,TRACK LIMITS AT TURN 15 LAP 6 ,False,True
0 days 00:29:01.953000,COL,43,0 days 00:02:16.950000,6.0,2.0,,,0 days 00:00:54.771000,0 days 00:00:43.312000,0 days 00:00:38.867000,0 days 00:27:39.774000,0 days 00:28:23.086000,0 days 00:29:01.953000,179.0,113.0,274.0,243.0,False,SOFT,4.0,True,Alpine,0 days 00:26:45.003000,2026-05-02 20:14:02.800,1,,True,TRACK LIMITS AT TURN 15 LAP 7 ,False,True
0 days 00:30:31.537000,COL,43,0 days 00:01:29.584000,7.0,2.0,,,0 days 00:00:30.593000,0 days 00:00:33.942000,0 days 00:00:25.049000,0 days 00:29:32.546000,0 days 00:30:06.488000,0 days 00:30:31.537000,221.0,192.0,271.0,324.0,True,SOFT,5.0,True,Alpine,0 days 00:29:01.953000,2026-05-02 20:16:19.750,1,,False,,False,True
0 days 00:32:28.525000,COL,43,0 days 00:01:56.988000,8.0,2.0,,0 days 00:32:23.010000,0 days 00:00:38.153000,0 days 00:00:41.457000,0 days 00:00:37.378000,0 days 00:31:09.690000,0 days 00:31:51.147000,0 days 00:32:28.525000,182.0,157.0,,230.0,False,SOFT,6.0,True,Alpine,0 days 00:30:31.537000,2026-05-02 20:17:49.334,1,,False,,False,False
0 days 00:45:20.152000,COL,43,,9.0,3.0,0 days 00:43:07.076000,,,0 days 00:00:44.091000,0 days 00:00:36.843000,,0 days 00:44:43.407000,0 days 00:45:20.215000,176.0,98.0,274.0,249.0,False,SOFT,1.0,True,Alpine,0 days 00:32:28.525000,2026-05-02 20:19:46.322,12,,False,,False,False
0 days 00:46:49.127000,COL,43,0 days 00:01:28.975000,10.0,3.0,,,0 days 00:00:30.454000,0 days 00:00:33.624000,0 days 00:00:24.897000,0 days 00:45:50.606000,0 days 00:46:24.230000,0 days 00:46:49.127000,221.0,192.0,266.0,325.0,True,SOFT,2.0,True,Alpine,0 days 00:45:20.152000,2026-05-02 20:32:37.949,1,,False,,False,True
0 days 00:48:48.643000,COL,43,0 days 00:01:59.516000,11.0,3.0,,0 days 00:48:42.954000,0 days 00:00:38.630000,0 days 00:00:42.540000,0 days 00:00:38.346000,0 days 00:47:27.757000,0 days 00:48:10.297000,0 days 00:48:48.643000,181.0,142.0,,194.0,False,SOFT,3.0,True,Alpine,0 days 00:46:49.127000,2026-05-02 20:34:06.924,1,,False,,False,False
0 days 00:54:19.212000,COL,43,,12.0,4.0,0 days 00:52:13.361000,,,0 days 00:00:41.704000,0 days 00:00:31.246000,,0 days 00:53:48.077000,0 days 00:54:19.419000,187.0,131.0,276.0,238.0,False,SOFT,1.0,True,Alpine,0 days 00:48:48.643000,2026-05-02 20:36:06.440,1,,False,,False,False
0 days 00:55:48.335000,COL,43,0 days 00:01:29.123000,13.0,4.0,,,0 days 00:00:30.380000,0 days 00:00:33.883000,0 days 00:00:24.860000,0 days 00:54:49.592000,0 days 00:55:23.475000,0 days 00:55:48.335000,220.0,193.0,272.0,326.0,False,SOFT,2.0,True,Alpine,0 days 00:54:19.212000,2026-05-02 20:41:37.009,1,,False,,False,True
0 days 00:57:51.663000,COL,43,0 days 00:02:03.328000,14.0,4.0,,0 days 00:57:46.170000,0 days 00:00:40.883000,0 days 00:00:47.600000,0 days 00:00:34.845000,0 days 00:56:29.218000,0 days 00:57:16.818000,0 days 00:57:51.663000,149.0,178.0,,278.0,False,SOFT,3.0,True,Alpine,0 days 00:55:48.335000,2026-05-02 20:43:06.132,1,,False,,False,False
0 days 01:08:10.462000,COL,43,,15.0,5.0,0 days 01:06:08.838000,,,0 days 00:00:43.081000,0 days 00:00:33.776000,,0 days 01:07:36.743000,0 days 01:08:10.462000,188.0,86.0,277.0,250.0,False,SOFT,1.0,True,Alpine,0 days 00:57:51.663000,2026-05-02 20:45:09.460,12,,False,,False,False
0 days 01:09:39.224000,COL,43,0 days 00:01:28.762000,16.0,5.0,,,0 days 00:00:30.247000,0 days 00:00:33.686000,0 days 00:00:24.829000,0 days 01:08:40.709000,0 days 01:09:14.395000,0 days 01:09:39.224000,221.0,193.0,271.0,324.0,True,SOFT,2.0,True,Alpine,0 days 01:08:10.462000,2026-05-02 20:55:28.259,1,,False,,False,True
0 days 01:11:31.293000,COL,43,0 days 00:01:52.069000,17.0,5.0,,0 days 01:11:24.899000,0 days 00:00:36.872000,0 days 00:00:38.327000,0 days 00:00:36.870000,0 days 01:10:16.096000,0 days 01:10:54.423000,0 days 01:11:31.293000,197.0,168.0,,272.0,False,SOFT,3.0,True,Alpine,0 days 01:09:39.224000,2026-05-02 20:56:57.021,1,,False,,False,False
0 days 01:16:19.264000,COL,43,,18.0,6.0,0 days 01:14:12.508000,,,0 days 00:00:46.784000,0 days 00:00:32.137000,,0 days 01:15:47.127000,0 days 01:16:19.429000,126.0,119.0,271.0,248.0,False,SOFT,1.0,True,Alpine,0 days 01:11:31.293000,2026-05-02 20:58:49.090,1,,False,,False,False
0 days 01:18:02.685000,COL,43,,19.0,6.0,,0 days 01:18:02.685000,0 days 00:00:30.518000,0 days 00:00:35.672000,,0 days 01:16:49.885000,0 days 01:17:25.385000,,221.0,127.0,,282.0,False,SOFT,2.0,True,Alpine,0 days 01:16:19.264000,2026-05-02 21:03:37.061,1,,False,,False,False
0 days 00:16:52.584000,GAS,10,,1.0,1.0,0 days 00:14:50.731000,,,0 days 00:00:41.543000,0 days 00:00:38.272000,,0 days 00:16:14.312000,0 days 00:16:52.649000,191.0,169.0,248.0,189.0,False,SOFT,10.0,False,Alpine,0 days 00:14:50.731000,2026-05-02 20:02:08.528,1,,False,,False,False
0 days 00:18:35.840000,GAS,10,0 days 00:01:43.256000,2.0,1.0,,0 days 00:18:28.749000,0 days 00:00:31.814000,0 days 00:00:35.880000,0 days 00:00:35.562000,0 days 00:17:24.398000,0 days 00:18:00.278000,0 days 00:18:35.840000,218.0,185.0,,327.0,False,SOFT,11.0,False,Alpine,0 days 00:16:52.584000,2026-05-02 20:04:10.381,1,,False,,False,False
0 days 00:22:54.882000,GAS,10,,3.0,2.0,0 days 00:21:02.919000,,,0 days 00:00:44.353000,0 days 00:00:30.303000,,0 days 00:22:24.693000,0 days 00:22:55.143000,177.0,159.0,261.0,220.0,False,SOFT,1.0,True,Alpine,0 days 00:18:35.840000,2026-05-02 20:05:53.637,1,,False,,False,False
0 days 00:24:24.974000,GAS,10,0 days 00:01:30.092000,4.0,2.0,,,0 days 00:00:30.888000,0 days 00:00:33.958000,0 days 00:00:25.246000,0 days 00:23:25.770000,0 days 00:23:59.728000,0 days 00:24:24.974000,218.0,190.0,262.0,316.0,True,SOFT,2.0,True,Alpine,0 days 00:22:54.882000,2026-05-02 20:10:12.679,1,,False,,False,True
0 days 00:26:30.564000,GAS,10,0 days 00:02:05.590000,5.0,2.0,,,0 days 00:00:48.070000,0 days 00:00:42.025000,0 days 00:00:35.495000,0 days 00:25:13.044000,0 days 00:25:55.069000,0 days 00:26:30.564000,127.0,152.0,97.0,275.0,False,SOFT,3.0,True,Alpine,0 days 00:24:24.974000,2026-05-02 20:11:42.771,1,,False,,False,True
0 days 00:28:43.154000,GAS,10,0 days 00:02:12.590000,6.0,2.0,,,0 days 00:00:56.422000,0 days 00:00:46.310000,0 days 00:00:29.858000,0 days 00:27:26.986000,0 days 00:28:13.296000,0 days 00:28:43.154000,168.0,160.0,270.0,276.0,False,SOFT,4.0,True,Alpine,0 days 00:26:30.564000,2026-05-02 20:13:48.361,1,,False,,False,True
0 days 00:30:13.068000,GAS,10,0 days 00:01:29.914000,7.0,2.0,,,0 days 00:00:30.893000,0 days 00:00:33.849000,0 days 00:00:25.172000,0 days 00:29:14.047000,0 days 00:29:47.896000,0 days 00:30:13.068000,216.0,190.0,263.0,320.0,True,SOFT,5.0,True,Alpine,0 days 00:28:43.154000,2026-05-02 20:16:00.951,1,,False,,False,True
0 days 00:32:19.910000,GAS,10,0 days 00:02:06.842000,8.0,2.0,,0 days 00:32:13.776000,0 days 00:00:48.142000,0 days 00:00:39.656000,0 days 00:00:39.044000,0 days 00:31:01.210000,0 days 00:31:40.866000,0 days 00:32:19.910000,189.0,164.0,,238.0,False,SOFT,6.0,True,Alpine,0 days 00:30:13.068000,2026-05-02 20:17:30.865,1,,False,,False,False
0 days 00:45:11.497000,GAS,10,,9.0,3.0,0 days 00:42:59.564000,,,0 days 00:00:44.189000,0 days 00:00:37.035000,,0 days 00:44:34.462000,0 days 00:45:11.512000,164.0,84.0,265.0,257.0,False,SOFT,1.0,True,Alpine,0 days 00:32:19.910000,2026-05-02 20:19:37.707,12,,False,,False,False
0 days 00:46:40.658000,GAS,10,0 days 00:01:29.161000,10.0,3.0,,,0 days 00:00:30.497000,0 days 00:00:33.765000,0 days 00:00:24.899000,0 days 00:45:41.994000,0 days 00:46:15.759000,0 days 00:46:40.658000,222.0,191.0,267.0,323.0,True,SOFT,2.0,True,Alpine,0 days 00:45:11.497000,2026-05-02 20:32:29.294,1,,False,,False,True
0 days 00:48:47.075000,GAS,10,0 days 00:02:06.417000,11.0,3.0,,0 days 00:48:41.046000,0 days 00:00:40.315000,0 days 00:00:45.751000,0 days 00:00:40.351000,0 days 00:47:20.973000,0 days 00:48:06.724000,0 days 00:48:47.075000,170.0,154.0,,191.0,False,SOFT,3.0,True,Alpine,0 days 00:46:40.658000,2026-05-02 20:33:58.455,1,,False,,False,False
0 days 00:54:10.457000,GAS,10,,12.0,4.0,0 days 00:52:11.361000,,,0 days 00:00:41.648000,0 days 00:00:32.974000,,0 days 00:53:37.643000,0 days 00:54:10.637000,180.0,145.0,263.0,252.0,False,SOFT,1.0,True,Alpine,0 days 00:48:47.075000,2026-05-02 20:36:04.872,1,,False,,False,False
0 days 00:55:39.527000,GAS,10,0 days 00:01:29.070000,13.0,4.0,,,0 days 00:00:30.523000,0 days 00:00:33.743000,0 days 00:00:24.804000,0 days 00:54:40.980000,0 days 00:55:14.723000,0 days 00:55:39.527000,221.0,193.0,266.0,324.0,True,SOFT,2.0,True,Alpine,0 days 00:54:10.457000,2026-05-02 20:41:28.254,1,,False,,False,True
0 days 00:57:48.979000,GAS,10,0 days 00:02:09.452000,14.0,4.0,,0 days 00:57:42.558000,0 days 00:00:46.341000,0 days 00:00:45.175000,0 days 00:00:37.936000,0 days 00:56:25.868000,0 days 00:57:11.043000,0 days 00:57:48.979000,176.0,169.0,,282.0,False,SOFT,3.0,True,Alpine,0 days 00:55:39.527000,2026-05-02 20:42:57.324,1,,False,,False,False
0 days 01:07:58.045000,GAS,10,,15.0,5.0,0 days 01:06:06.409000,,,0 days 00:00:41.689000,0 days 00:00:29.863000,,0 days 01:07:28.274000,0 days 01:07:58.165000,167.0,136.0,273.0,258.0,False,SOFT,1.0,True,Alpine,0 days 00:57:48.979000,2026-05-02 20:45:06.776,12,,False,,False,False
0 days 01:09:27.033000,GAS,10,0 days 00:01:28.988000,16.0,5.0,,,0 days 00:00:30.236000,0 days 00:00:33.805000,0 days 00:00:24.947000,0 days 01:08:28.281000,0 days 01:09:02.086000,0 days 01:09:27.033000,217.0,191.0,266.0,320.0,True,SOFT,2.0,True,Alpine,0 days 01:07:58.045000,2026-05-02 20:55:15.842,1,,False,,False,True
0 days 01:11:30.041000,GAS,10,0 days 00:02:03.008000,17.0,5.0,,0 days 01:11:23.736000,0 days 00:00:39.056000,0 days 00:00:43.673000,0 days 00:00:40.279000,0 days 01:10:06.089000,0 days 01:10:49.762000,0 days 01:11:30.041000,175.0,149.0,,203.0,False,SOFT,3.0,True,Alpine,0 days 01:09:27.033000,2026-05-02 20:56:44.830,1,,False,,False,False
0 days 01:16:08.817000,GAS,10,,18.0,6.0,0 days 01:14:06.476000,,,0 days 00:00:43.664000,0 days 00:00:30.965000,,0 days 01:15:37.928000,0 days 01:16:09.053000,150.0,138.0,273.0,253.0,False,SOFT,1.0,True,Alpine,0 days 01:11:30.041000,2026-05-02 20:58:47.838,1,,False,,False,False
0 days 01:17:37.627000,GAS,10,0 days 00:01:28.810000,19.0,6.0,,,0 days 00:00:30.194000,0 days 00:00:33.640000,0 days 00:00:24.976000,0 days 01:16:39.011000,0 days 01:17:12.651000,0 days 01:17:37.627000,219.0,193.0,264.0,321.0,True,SOFT,2.0,True,Alpine,0 days 01:16:08.817000,2026-05-02 21:03:26.614,1,,False,,False,True
0 days 01:19:38.864000,GAS,10,,20.0,6.0,,0 days 01:19:38.864000,0 days 00:00:39.981000,0 days 00:00:44.635000,,0 days 01:18:17.728000,0 days 01:19:02.294000,,162.0,138.0,,171.0,False,SOFT,3.0,True,Alpine,0 days 01:17:37.627000,2026-05-02 21:04:55.424,1,,False,,False,False
0 days 00:15:42.137000,HUL,27,,1.0,1.0,0 days 00:13:53.469000,,,0 days 00:00:40.402000,0 days 00:00:30.698000,,0 days 00:15:11.461000,0 days 00:15:42.401000,198.0,175.0,286.0,239.0,False,MEDIUM,7.0,False,Audi,0 days 00:13:53.469000,2026-05-02 20:01:11.266,1,,False,,False,False
0 days 00:17:13.640000,HUL,27,0 days 00:01:31.503000,2.0,1.0,,,0 days 00:00:31.355000,0 days 00:00:34.234000,0 days 00:00:25.914000,0 days 00:16:13.492000,0 days 00:16:47.726000,0 days 00:17:13.640000,219.0,189.0,256.0,312.0,True,MEDIUM,8.0,False,Audi,0 days 00:15:42.137000,2026-05-02 20:02:59.934,1,,False,,False,True
0 days 00:19:33.888000,HUL,27,0 days 00:02:20.248000,3.0,1.0,,0 days 00:18:54.450000,0 days 00:00:35.251000,0 days 00:00:37.577000,0 days 00:01:07.420000,0 days 00:17:48.891000,0 days 00:18:26.468000,0 days 00:19:33.888000,212.0,178.0,,263.0,False,MEDIUM,9.0,False,Audi,0 days 00:17:13.640000,2026-05-02 20:04:31.437,1,,False,,False,False
0 days 00:22:03.914000,HUL,27,,4.0,2.0,0 days 00:20:09.841000,,0 days 00:01:14.927000,0 days 00:00:42.579000,0 days 00:00:32.597000,0 days 00:20:48.810000,0 days 00:21:31.466000,0 days 00:22:04.176000,185.0,175.0,271.0,140.0,False,SOFT,1.0,True,Audi,0 days 00:19:33.888000,2026-05-02 20:06:51.685,1,,False,,False,False
0 days 00:23:33.559000,HUL,27,0 days 00:01:29.645000,5.0,2.0,,,0 days 00:00:30.595000,0 days 00:00:33.891000,0 days 00:00:25.159000,0 days 00:22:34.509000,0 days 00:23:08.400000,0 days 00:23:33.559000,223.0,192.0,264.0,326.0,True,SOFT,2.0,True,Audi,0 days 00:22:03.914000,2026-05-02 20:09:21.711,1,,False,,False,True
0 days 00:25:28.721000,HUL,27,0 days 00:01:55.162000,6.0,2.0,,0 days 00:25:23.002000,0 days 00:00:36.634000,0 days 00:00:38.636000,0 days 00:00:39.892000,0 days 00:24:10.193000,0 days 00:24:48.829000,0 days 00:25:28.721000,199.0,170.0,,172.0,False,SOFT,3.0,True,Audi,0 days 00:23:33.559000,2026-05-02 20:10:51.356,1,,False,,False,False
0 days 00:30:11.645000,HUL,27,,7.0,3.0,0 days 00:28:00.785000,,,0 days 00:00:45.164000,0 days 00:00:45.374000,,0 days 00:29:26.271000,0 days 00:30:11.764000,180.0,141.0,268.0,50.0,False,SOFT,1.0,True,Audi,0 days 00:25:28.721000,2026-05-02 20:12:46.518,1,,False,,False,False
0 days 00:31:56.486000,HUL,27,0 days 00:01:44.841000,8.0,3.0,,0 days 00:31:50.620000,0 days 00:00:30.492000,0 days 00:00:35.455000,0 days 00:00:38.894000,0 days 00:30:42.137000,0 days 00:31:17.592000,0 days 00:31:56.486000,220.0,133.0,,262.0,False,SOFT,2.0,True,Audi,0 days 00:30:11.645000,2026-05-02 20:17:29.442,1,,False,,False,False
0 days 00:43:54.784000,HUL,27,,9.0,4.0,0 days 00:42:05.573000,,,0 days 00:00:39.661000,0 days 00:00:31.857000,,0 days 00:43:23.066000,0 days 00:43:54.784000,177.0,165.0,272.0,239.0,False,SOFT,1.0,True,Audi,0 days 00:31:56.486000,2026-05-02 20:19:14.283,12,,False,,False,False
0 days 00:45:24.699000,HUL,27,0 days 00:01:29.915000,10.0,4.0,,,0 days 00:00:30.635000,0 days 00:00:33.875000,0 days 00:00:25.405000,0 days 00:44:25.419000,0 days 00:44:59.294000,0 days 00:45:24.699000,220.0,191.0,260.0,321.0,True,SOFT,2.0,True,Audi,0 days 00:43:54.784000,2026-05-02 20:31:12.581,1,,False,,False,True
0 days 00:47:20.933000,HUL,27,0 days 00:01:56.234000,11.0,4.0,,0 days 00:47:15.200000,0 days 00:00:39.797000,0 days 00:00:42.365000,0 days 00:00:34.072000,0 days 00:46:04.496000,0 days 00:46:46.861000,0 days 00:47:20.933000,209.0,177.0,,266.0,False,SOFT,3.0,True,Audi,0 days 00:45:24.699000,2026-05-02 20:32:42.496,1,,False,,False,False
0 days 00:55:05.686000,HUL,27,,12.0,5.0,0 days 00:53:09.532000,,,0 days 00:00:41.497000,0 days 00:00:32.973000,,0 days 00:54:32.730000,0 days 00:55:05.897000,157.0,88.0,271.0,248.0,False,SOFT,1.0,True,Audi,0 days 00:47:20.933000,2026-05-02 20:34:38.730,1,,False,,False,False
0 days 00:56:35.125000,HUL,27,0 days 00:01:29.439000,13.0,5.0,,,0 days 00:00:30.216000,0 days 00:00:34.089000,0 days 00:00:25.134000,0 days 00:55:35.902000,0 days 00:56:09.991000,0 days 00:56:35.125000,221.0,189.0,261.0,322.0,True,SOFT,2.0,True,Audi,0 days 00:55:05.686000,2026-05-02 20:42:23.483,1,,False,,False,True
0 days 00:58:38.575000,HUL,27,0 days 00:02:03.450000,14.0,5.0,,0 days 00:58:32.798000,0 days 00:00:42.615000,0 days 00:00:42.725000,0 days 00:00:38.110000,0 days 00:57:17.740000,0 days 00:58:00.465000,0 days 00:58:38.575000,168.0,158.0,,195.0,False,SOFT,3.0,True,Audi,0 days 00:56:35.125000,2026-05-02 20:43:52.922,1,,False,,False,False
0 days 00:15:26.062000,LAW,30,,1.0,1.0,0 days 00:13:29.245000,,,0 days 00:00:40.913000,0 days 00:00:34.669000,,0 days 00:14:51.465000,0 days 00:15:26.227000,191.0,137.0,266.0,140.0,False,SOFT,1.0,True,Racing Bulls,0 days 00:13:29.245000,2026-05-02 20:00:47.042,1,,False,,False,False
0 days 00:17:02.106000,LAW,30,0 days 00:01:36.044000,2.0,1.0,,0 days 00:16:56.565000,0 days 00:00:30.946000,0 days 00:00:33.940000,0 days 00:00:31.158000,0 days 00:15:57.008000,0 days 00:16:30.948000,0 days 00:17:02.106000,222.0,191.0,,318.0,False,SOFT,2.0,True,Racing Bulls,0 days 00:15:26.062000,2026-05-02 20:02:43.859,1,,False,,False,False
0 days 00:20:48.058000,LAW,30,,3.0,2.0,0 days 00:18:54.215000,,,0 days 00:00:44.231000,0 days 00:00:32.045000,,0 days 00:20:16.013000,0 days 00:20:48.153000,177.0,143.0,256.0,169.0,False,SOFT,1.0,True,Racing Bulls,0 days 00:17:02.106000,2026-05-02 20:04:19.903,1,,False,,False,False
0 days 00:22:17.967000,LAW,30,0 days 00:01:29.909000,4.0,2.0,,,0 days 00:00:30.733000,0 days 00:00:33.934000,0 days 00:00:25.242000,0 days 00:21:18.791000,0 days 00:21:52.725000,0 days 00:22:17.967000,223.0,192.0,275.0,317.0,True,SOFT,2.0,True,Racing Bulls,0 days 00:20:48.058000,2026-05-02 20:08:05.855,1,,False,,False,True
0 days 00:24:12.948000,LAW,30,0 days 00:01:54.981000,5.0,2.0,,0 days 00:24:07.420000,0 days 00:00:35.761000,0 days 00:00:42.536000,0 days 00:00:36.684000,0 days 00:22:53.728000,0 days 00:23:36.264000,0 days 00:24:12.948000,180.0,157.0,,217.0,False,SOFT,3.0,True,Racing Bulls,0 days 00:22:17.967000,2026-05-02 20:09:35.764,1,,False,,False,False
0 days 00:29:16.471000,LAW,30,,6.0,3.0,0 days 00:27:03.893000,,,0 days 00:00:44.290000,0 days 00:00:38.404000,,0 days 00:28:38.208000,0 days 00:29:16.673000,178.0,92.0,261.0,162.0,False,SOFT,1.0,True,Racing Bulls,0 days 00:24:12.948000,2026-05-02 20:11:30.745,1,,False,,False,False
0 days 00:30:46.066000,LAW,30,0 days 00:01:29.595000,7.0,3.0,,,0 days 00:00:30.709000,0 days 00:00:33.810000,0 days 00:00:25.076000,0 days 00:29:47.180000,0 days 00:30:20.990000,0 days 00:30:46.066000,222.0,193.0,277.0,318.0,True,SOFT,2.0,True,Racing Bulls,0 days 00:29:16.471000,2026-05-02 20:16:34.268,1,,False,,False,True
0 days 00:32:42.167000,LAW,30,0 days 00:01:56.101000,8.0,3.0,,0 days 00:32:36.562000,0 days 00:00:36.085000,0 days 00:00:40.829000,0 days 00:00:39.187000,0 days 00:31:22.151000,0 days 00:32:02.980000,0 days 00:32:42.167000,192.0,162.0,,175.0,False,SOFT,3.0,True,Racing Bulls,0 days 00:30:46.066000,2026-05-02 20:18:03.863,1,,False,,False,False
0 days 00:45:30.481000,LAW,30,,9.0,4.0,0 days 00:43:19.644000,,,0 days 00:00:42.633000,0 days 00:00:34.447000,,0 days 00:44:56.105000,0 days 00:45:30.481000,170.0,78.0,259.0,240.0,False,SOFT,1.0,True,Racing Bulls,0 days 00:32:42.167000,2026-05-02 20:19:59.964,12,,False,,False,False
0 days 00:47:00.064000,LAW,30,0 days 00:01:29.583000,10.0,4.0,,,0 days 00:00:30.682000,0 days 00:00:33.903000,0 days 00:00:24.998000,0 days 00:46:01.163000,0 days 00:46:35.066000,0 days 00:47:00.064000,220.0,193.0,273.0,321.0,True,SOFT,2.0,True,Racing Bulls,0 days 00:45:30.481000,2026-05-02 20:32:48.278,1,,False,,False,True
0 days 00:49:33.979000,LAW,30,,11.0,4.0,,0 days 00:48:48.267000,0 days 00:00:35.783000,0 days 00:00:40.984000,0 days 00:01:17.052000,0 days 00:47:35.943000,0 days 00:48:17.020000,0 days 00:49:34.125000,195.0,152.0,,227.0,False,SOFT,3.0,True,Racing Bulls,0 days 00:47:00.064000,2026-05-02 20:34:17.861,1,,False,,False,False
0 days 00:55:14.650000,LAW,30,,12.0,5.0,0 days 00:53:17.011000,,,0 days 00:00:42.598000,0 days 00:00:34.911000,,0 days 00:54:39.879000,0 days 00:55:14.776000,177.0,129.0,259.0,233.0,False,SOFT,1.0,True,Racing Bulls,0 days 00:49:33.979000,2026-05-02 20:36:51.776,1,,False,,False,False
0 days 00:56:44.149000,LAW,30,0 days 00:01:29.499000,13.0,5.0,,,0 days 00:00:30.530000,0 days 00:00:33.843000,0 days 00:00:25.126000,0 days 00:55:45.180000,0 days 00:56:19.023000,0 days 00:56:44.149000,225.0,192.0,273.0,317.0,True,SOFT,2.0,True,Racing Bulls,0 days 00:55:14.650000,2026-05-02 20:42:32.447,1,,False,,False,True
0 days 00:58:52.169000,LAW,30,0 days 00:02:08.020000,14.0,5.0,,0 days 00:58:45.736000,0 days 00:00:36.975000,0 days 00:00:45.546000,0 days 00:00:45.499000,0 days 00:57:21.124000,0 days 00:58:06.670000,0 days 00:58:52.169000,167.0,136.0,,160.0,False,SOFT,3.0,True,Racing Bulls,0 days 00:56:44.149000,2026-05-02 20:44:01.946,1,,False,,False,False
0 days 00:14:51.189000,BEA,87,,1.0,1.0,0 days 00:12:58.909000,,,0 days 00:00:41.971000,0 days 00:00:31.595000,,0 days 00:14:19.618000,0 days 00:14:51.434000,178.0,147.0,264.0,225.0,False,SOFT,1.0,True,Haas F1 Team,0 days 00:12:58.909000,2026-05-02 20:00:16.706,1,,False,,False,False
0 days 00:16:21.392000,BEA,87,0 days 00:01:30.203000,2.0,1.0,,,0 days 00:00:31.173000,0 days 00:00:33.879000,0 days 00:00:25.151000,0 days 00:15:22.362000,0 days 00:15:56.241000,0 days 00:16:21.392000,218.0,191.0,270.0,322.0,True,SOFT,2.0,True,Haas F1 Team,0 days 00:14:51.189000,2026-05-02 20:02:08.986,1,,False,,False,True
0 days 00:18:16.896000,BEA,87,0 days 00:01:55.504000,3.0,1.0,,0 days 00:18:10.911000,0 days 00:00:37.949000,0 days 00:00:41.793000,0 days 00:00:35.762000,0 days 00:16:59.341000,0 days 00:17:41.134000,0 days 00:18:16.896000,178.0,161.0,,284.0,False,SOFT,3.0,True,Haas F1 Team,0 days 00:16:21.392000,2026-05-02 20:03:39.189,1,,False,,False,False
0 days 00:21:58.044000,BEA,87,,4.0,2.0,0 days 00:19:52.934000,,,0 days 00:00:44.523000,0 days 00:00:33.625000,,0 days 00:21:24.419000,0 days 00:21:58.252000,165.0,126.0,264.0,241.0,False,SOFT,1.0,True,Haas F1 Team,0 days 00:18:16.896000,2026-05-02 20:05:34.693,1,,False,,False,False
0 days 00:23:27.384000,BEA,87,0 days 00:01:29.340000,5.0,2.0,,,0 days 00:00:30.728000,0 days 00:00:33.723000,0 days 00:00:24.889000,0 days 00:22:28.772000,0 days 00:23:02.495000,0 days 00:23:27.384000,219.0,192.0,275.0,323.0,True,SOFT,2.0,True,Haas F1 Team,0 days 00:21:58.044000,2026-05-02 20:09:15.841,1,,False,,False,True
0 days 00:25:24.571000,BEA,87,0 days 00:01:57.187000,6.0,2.0,,0 days 00:25:18.377000,0 days 00:00:42.539000,0 days 00:00:38.063000,0 days 00:00:36.585000,0 days 00:24:09.923000,0 days 00:24:47.986000,0 days 00:25:24.571000,175.0,161.0,,267.0,False,SOFT,3.0,True,Haas F1 Team,0 days 00:23:27.384000,2026-05-02 20:10:45.181,1,,False,,False,False
0 days 00:44:47.173000,BEA,87,,7.0,3.0,0 days 00:42:44.646000,,,0 days 00:00:41.552000,0 days 00:00:29.375000,,0 days 00:44:17.828000,0 days 00:44:47.294000,152.0,147.0,265.0,270.0,False,SOFT,1.0,True,Haas F1 Team,0 days 00:25:24.571000,2026-05-02 20:12:42.368,12,,False,,False,False
0 days 00:46:17.195000,BEA,87,0 days 00:01:30.022000,8.0,3.0,,,0 days 00:00:30.943000,0 days 00:00:34.103000,0 days 00:00:24.976000,0 days 00:45:18.116000,0 days 00:45:52.219000,0 days 00:46:17.195000,220.0,190.0,266.0,325.0,True,SOFT,2.0,True,Haas F1 Team,0 days 00:44:47.173000,2026-05-02 20:32:04.970,1,,False,,False,True
0 days 00:48:17.009000,BEA,87,0 days 00:01:59.814000,9.0,3.0,,0 days 00:48:10.973000,0 days 00:00:38.401000,0 days 00:00:42.137000,0 days 00:00:39.276000,0 days 00:46:55.596000,0 days 00:47:37.733000,0 days 00:48:17.009000,190.0,147.0,,223.0,False,SOFT,3.0,True,Haas F1 Team,0 days 00:46:17.195000,2026-05-02 20:33:34.992,1,,False,,False,False
0 days 00:55:53.094000,BEA,87,,10.0,4.0,0 days 00:53:46.893000,,,0 days 00:00:43.847000,0 days 00:00:34.743000,,0 days 00:55:18.352000,0 days 00:55:53.246000,166.0,150.0,265.0,98.0,False,SOFT,1.0,True,Haas F1 Team,0 days 00:48:17.009000,2026-05-02 20:35:34.806,1,,False,,False,False
0 days 00:57:22.661000,BEA,87,0 days 00:01:29.567000,11.0,4.0,,,0 days 00:00:30.787000,0 days 00:00:33.937000,0 days 00:00:24.843000,0 days 00:56:23.881000,0 days 00:56:57.818000,0 days 00:57:22.661000,220.0,193.0,269.0,326.0,True,SOFT,2.0,True,Haas F1 Team,0 days 00:55:53.094000,2026-05-02 20:43:10.891,1,,False,,False,True
0 days 00:59:25.577000,BEA,87,0 days 00:02:02.916000,12.0,4.0,,0 days 00:59:19.354000,0 days 00:00:40.767000,0 days 00:00:44.572000,0 days 00:00:37.577000,0 days 00:58:03.428000,0 days 00:58:48,0 days 00:59:25.577000,166.0,175.0,,203.0,False,SOFT,3.0,True,Haas F1 Team,0 days 00:57:22.661000,2026-05-02 20:44:40.458,12,,False,,False,False
0 days 00:15:49.674000,SAI,55,,1.0,1.0,0 days 00:13:42.672000,,,0 days 00:00:46.425000,0 days 00:00:38.097000,,0 days 00:15:11.742000,0 days 00:15:49.869000,190.0,170.0,253.0,114.0,False,SOFT,1.0,True,Williams,0 days 00:13:42.672000,2026-05-02 20:01:00.469,1,,False,,False,False
0 days 00:17:22.100000,SAI,55,0 days 00:01:32.426000,2.0,1.0,,,0 days 00:00:32.611000,0 days 00:00:34.425000,0 days 00:00:25.390000,0 days 00:16:22.285000,0 days 00:16:56.710000,0 days 00:17:22.100000,220.0,190.0,262.0,317.0,True,SOFT,2.0,True,Williams,0 days 00:15:49.674000,2026-05-02 20:03:07.471,1,,False,,False,True
0 days 00:19:20.024000,SAI,55,0 days 00:01:57.924000,3.0,1.0,,0 days 00:19:14.227000,0 days 00:00:38.849000,0 days 00:00:43.014000,0 days 00:00:36.061000,0 days 00:18:00.949000,0 days 00:18:43.963000,0 days 00:19:20.024000,198.0,113.0,,265.0,False,SOFT,3.0,True,Williams,0 days 00:17:22.100000,2026-05-02 20:04:39.897,1,,False,,False,False
0 days 00:21:46.348000,SAI,55,0 days 00:02:26.324000,4.0,2.0,0 days 00:19:46.669000,,0 days 00:01:09.472000,0 days 00:00:46.439000,0 days 00:00:30.413000,0 days 00:20:29.496000,0 days 00:21:15.935000,0 days 00:21:46.348000,170.0,162.0,268.0,229.0,False,SOFT,1.0,True,Williams,0 days 00:19:20.024000,2026-05-02 20:06:37.821,1,,False,,False,False
0 days 00:23:16.558000,SAI,55,0 days 00:01:30.210000,5.0,2.0,,,0 days 00:00:30.946000,0 days 00:00:34.134000,0 days 00:00:25.130000,0 days 00:22:17.294000,0 days 00:22:51.428000,0 days 00:23:16.558000,221.0,192.0,264.0,316.0,True,SOFT,2.0,True,Williams,0 days 00:21:46.348000,2026-05-02 20:09:04.145,1,,False,,False,True
0 days 00:25:12.296000,SAI,55,0 days 00:01:55.738000,6.0,2.0,,0 days 00:25:06.560000,0 days 00:00:39.555000,0 days 00:00:41.835000,0 days 00:00:34.348000,0 days 00:23:56.113000,0 days 00:24:37.948000,0 days 00:25:12.296000,184.0,156.0,,256.0,False,SOFT,3.0,True,Williams,0 days 00:23:16.558000,2026-05-02 20:10:34.355,1,,False,,False,False
0 days 00:29:33.791000,SAI,55,,7.0,3.0,0 days 00:27:08.262000,,,0 days 00:00:53.771000,0 days 00:00:37.925000,,0 days 00:28:55.985000,0 days 00:29:34.111000,140.0,36.0,271.0,243.0,False,SOFT,1.0,True,Williams,0 days 00:25:12.296000,2026-05-02 20:12:30.093,1,,False,,False,False
0 days 00:31:03.331000,SAI,55,0 days 00:01:29.540000,8.0,3.0,,,0 days 00:00:30.761000,0 days 00:00:33.763000,0 days 00:00:25.016000,0 days 00:30:04.552000,0 days 00:30:38.315000,0 days 00:31:03.331000,221.0,192.0,266.0,321.0,True,SOFT,2.0,True,Williams,0 days 00:29:33.791000,2026-05-02 20:16:51.588,1,,False,,False,True
0 days 00:33:00.036000,SAI,55,0 days 00:01:56.705000,9.0,3.0,,0 days 00:32:54.163000,0 days 00:00:40.238000,0 days 00:00:40.074000,0 days 00:00:36.393000,0 days 00:31:43.569000,0 days 00:32:23.643000,0 days 00:33:00.036000,178.0,152.0,,250.0,False,SOFT,3.0,True,Williams,0 days 00:31:03.331000,2026-05-02 20:18:21.128,1,,False,,False,False
0 days 00:44:04.050000,SAI,55,,10.0,4.0,0 days 00:42:14.073000,,,0 days 00:00:41.263000,0 days 00:00:29.381000,,0 days 00:43:34.831000,0 days 00:44:04.050000,168.0,159.0,273.0,248.0,False,SOFT,1.0,True,Williams,0 days 00:33:00.036000,2026-05-02 20:20:17.833,12,,False,,False,False
0 days 00:45:34.274000,SAI,55,0 days 00:01:30.224000,11.0,4.0,,,0 days 00:00:30.914000,0 days 00:00:34.091000,0 days 00:00:25.219000,0 days 00:44:34.964000,0 days 00:45:09.055000,0 days 00:45:34.274000,221.0,192.0,260.0,319.0,True,SOFT,2.0,True,Williams,0 days 00:44:04.050000,2026-05-02 20:31:21.847,1,,False,,False,True
0 days 00:47:32.330000,SAI,55,0 days 00:01:58.056000,12.0,4.0,,0 days 00:47:26.736000,0 days 00:00:40.753000,0 days 00:00:42.739000,0 days 00:00:34.564000,0 days 00:46:15.027000,0 days 00:46:57.766000,0 days 00:47:32.330000,175.0,154.0,,265.0,False,SOFT,3.0,True,Williams,0 days 00:45:34.274000,2026-05-02 20:32:52.071,1,,False,,False,False
0 days 00:54:27.483000,SAI,55,,13.0,5.0,0 days 00:52:16.392000,,,0 days 00:00:41.688000,0 days 00:00:29.766000,,0 days 00:53:57.863000,0 days 00:54:27.697000,173.0,139.0,273.0,241.0,False,SOFT,1.0,True,Williams,0 days 00:47:32.330000,2026-05-02 20:34:50.127,1,,False,,False,False
0 days 00:55:57.051000,SAI,55,0 days 00:01:29.568000,14.0,5.0,,,0 days 00:00:30.677000,0 days 00:00:33.907000,0 days 00:00:24.984000,0 days 00:54:58.160000,0 days 00:55:32.067000,0 days 00:55:57.051000,221.0,192.0,265.0,322.0,True,SOFT,2.0,True,Williams,0 days 00:54:27.483000,2026-05-02 20:41:45.280,1,,False,,False,True
0 days 00:57:57.257000,SAI,55,0 days 00:02:00.206000,15.0,5.0,,0 days 00:57:49.963000,0 days 00:00:41.379000,0 days 00:00:40.874000,0 days 00:00:37.953000,0 days 00:56:38.430000,0 days 00:57:19.304000,0 days 00:57:57.257000,184.0,145.0,,247.0,False,SOFT,3.0,True,Williams,0 days 00:55:57.051000,2026-05-02 20:43:14.848,1,,False,,False,False
0 days 00:15:19.074000,OCO,31,,1.0,1.0,0 days 00:13:15.073000,,,0 days 00:00:44.599000,0 days 00:00:34.034000,,0 days 00:14:45.106000,0 days 00:15:19.270000,172.0,143.0,263.0,122.0,False,SOFT,1.0,True,Haas F1 Team,0 days 00:13:15.073000,2026-05-02 20:00:32.870,1,,False,,False,False
0 days 00:16:49.857000,OCO,31,0 days 00:01:30.783000,2.0,1.0,,,0 days 00:00:31.511000,0 days 00:00:34.107000,0 days 00:00:25.165000,0 days 00:15:50.585000,0 days 00:16:24.692000,0 days 00:16:49.857000,222.0,193.0,263.0,324.0,True,SOFT,2.0,True,Haas F1 Team,0 days 00:15:19.074000,2026-05-02 20:02:36.871,1,,False,,False,True
0 days 00:18:43.228000,OCO,31,0 days 00:01:53.371000,3.0,1.0,,0 days 00:18:37.637000,0 days 00:00:38.452000,0 days 00:00:39.933000,0 days 00:00:34.986000,0 days 00:17:28.309000,0 days 00:18:08.242000,0 days 00:18:43.228000,206.0,167.0,,285.0,False,SOFT,3.0,True,Haas F1 Team,0 days 00:16:49.857000,2026-05-02 20:04:07.654,1,,False,,False,False
0 days 00:21:39.630000,OCO,31,,4.0,2.0,0 days 00:19:44.231000,,,0 days 00:00:43.854000,0 days 00:00:32.081000,,0 days 00:21:07.606000,0 days 00:21:39.955000,174.0,141.0,262.0,235.0,False,SOFT,1.0,True,Haas F1 Team,0 days 00:18:43.228000,2026-05-02 20:06:01.025,1,,False,,False,False
0 days 00:23:09.923000,OCO,31,0 days 00:01:30.293000,5.0,2.0,,,0 days 00:00:31.131000,0 days 00:00:33.960000,0 days 00:00:25.202000,0 days 00:22:10.761000,0 days 00:22:44.721000,0 days 00:23:09.923000,223.0,192.0,264.0,320.0,True,SOFT,2.0,True,Haas F1 Team,0 days 00:21:39.630000,2026-05-02 20:08:57.427,1,,False,,False,True
0 days 00:25:42.262000,OCO,31,,6.0,2.0,,0 days 00:25:00.194000,0 days 00:00:43.083000,0 days 00:00:37.746000,0 days 00:01:11.424000,0 days 00:23:53.092000,0 days 00:24:30.852000,0 days 00:25:42.512000,200.0,160.0,,269.0,False,SOFT,3.0,True,Haas F1 Team,0 days 00:23:09.923000,2026-05-02 20:10:27.720,1,,False,,False,False
0 days 00:29:27.260000,OCO,31,,7.0,3.0,0 days 00:27:24.549000,,,0 days 00:00:42.906000,0 days 00:00:34.025000,,0 days 00:28:53.235000,0 days 00:29:27.538000,170.0,153.0,263.0,117.0,False,SOFT,1.0,True,Haas F1 Team,0 days 00:25:42.262000,2026-05-02 20:13:00.059,1,,False,,False,False
0 days 00:30:57.098000,OCO,31,0 days 00:01:29.838000,8.0,3.0,,,0 days 00:00:30.805000,0 days 00:00:33.978000,0 days 00:00:25.055000,0 days 00:29:58.065000,0 days 00:30:32.043000,0 days 00:30:57.098000,219.0,192.0,268.0,318.0,True,SOFT,2.0,True,Haas F1 Team,0 days 00:29:27.260000,2026-05-02 20:16:45.057,1,,False,,False,True
0 days 00:32:57.907000,OCO,31,0 days 00:02:00.809000,9.0,3.0,,0 days 00:32:52.494000,0 days 00:00:38.631000,0 days 00:00:42.691000,0 days 00:00:39.487000,0 days 00:31:35.729000,0 days 00:32:18.420000,0 days 00:32:57.907000,178.0,147.0,,198.0,False,SOFT,3.0,True,Haas F1 Team,0 days 00:30:57.098000,2026-05-02 20:18:14.895,1,,False,,False,False
0 days 00:44:41.285000,OCO,31,,10.0,4.0,0 days 00:42:39.915000,,,0 days 00:00:42.988000,0 days 00:00:31.474000,,0 days 00:44:09.861000,0 days 00:44:41.326000,165.0,145.0,262.0,255.0,False,SOFT,1.0,True,Haas F1 Team,0 days 00:32:57.907000,2026-05-02 20:20:15.704,12,,False,,False,False
0 days 00:46:11.196000,OCO,31,0 days 00:01:29.911000,11.0,4.0,,,0 days 00:00:30.841000,0 days 00:00:33.885000,0 days 00:00:25.185000,0 days 00:45:12.126000,0 days 00:45:46.011000,0 days 00:46:11.196000,221.0,194.0,264.0,316.0,True,SOFT,2.0,True,Haas F1 Team,0 days 00:44:41.285000,2026-05-02 20:31:59.082,1,,False,,False,True
0 days 00:48:14.165000,OCO,31,0 days 00:02:02.969000,12.0,4.0,,0 days 00:48:08.598000,0 days 00:00:39.853000,0 days 00:00:43.259000,0 days 00:00:39.857000,0 days 00:46:51.049000,0 days 00:47:34.308000,0 days 00:48:14.165000,176.0,146.0,,215.0,False,SOFT,3.0,True,Haas F1 Team,0 days 00:46:11.196000,2026-05-02 20:33:28.993,1,,False,,False,False
0 days 00:55:47.418000,OCO,31,,13.0,5.0,0 days 00:53:42.286000,,,0 days 00:00:44.624000,0 days 00:00:37.735000,,0 days 00:55:09.748000,0 days 00:55:47.636000,170.0,167.0,258.0,138.0,False,SOFT,1.0,True,Haas F1 Team,0 days 00:48:14.165000,2026-05-02 20:35:31.962,1,,False,,False,False
0 days 00:57:17.190000,OCO,31,0 days 00:01:29.772000,14.0,5.0,,,0 days 00:00:30.786000,0 days 00:00:33.795000,0 days 00:00:25.191000,0 days 00:56:18.204000,0 days 00:56:51.999000,0 days 00:57:17.190000,220.0,193.0,265.0,321.0,True,SOFT,2.0,True,Haas F1 Team,0 days 00:55:47.418000,2026-05-02 20:43:05.215,1,,False,,False,True
0 days 00:59:21.281000,OCO,31,0 days 00:02:04.091000,15.0,5.0,,0 days 00:59:15.757000,0 days 00:00:41.455000,0 days 00:00:45.675000,0 days 00:00:36.961000,0 days 00:57:58.645000,0 days 00:58:44.320000,0 days 00:59:21.281000,146.0,137.0,,234.0,False,SOFT,3.0,True,Haas F1 Team,0 days 00:57:17.190000,2026-05-02 20:44:34.987,12,,False,,False,False
0 days 00:15:35.105000,ALB,23,,1.0,1.0,0 days 00:13:35.458000,,,0 days 00:00:47.617000,0 days 00:00:30.189000,,0 days 00:15:04.994000,0 days 00:15:35.246000,169.0,160.0,261.0,258.0,False,SOFT,1.0,True,Williams,0 days 00:13:35.458000,2026-05-02 20:00:53.255,1,,False,,False,False
0 days 00:17:17.544000,ALB,23,0 days 00:01:42.439000,2.0,1.0,,,0 days 00:00:31.413000,0 days 00:00:44.105000,0 days 00:00:26.921000,0 days 00:16:06.518000,0 days 00:16:50.623000,0 days 00:17:17.544000,215.0,175.0,288.0,263.0,False,SOFT,2.0,True,Williams,0 days 00:15:35.105000,2026-05-02 20:02:52.902,1,,True,TRACK LIMITS AT TURN 11 LAP 3 ,False,True
0 days 00:19:03.958000,ALB,23,0 days 00:01:46.414000,3.0,1.0,,0 days 00:18:58.356000,0 days 00:00:34.355000,0 days 00:00:36.591000,0 days 00:00:35.468000,0 days 00:17:51.899000,0 days 00:18:28.490000,0 days 00:19:03.958000,199.0,167.0,,254.0,False,SOFT,3.0,True,Williams,0 days 00:17:17.544000,2026-05-02 20:04:35.341,1,,False,,False,False
0 days 00:21:16.381000,ALB,23,0 days 00:02:12.423000,4.0,2.0,0 days 00:19:28.151000,,0 days 00:00:58.765000,0 days 00:00:43.047000,0 days 00:00:30.611000,0 days 00:20:02.723000,0 days 00:20:45.770000,0 days 00:21:16.381000,183.0,162.0,275.0,204.0,False,SOFT,1.0,True,Williams,0 days 00:19:03.958000,2026-05-02 20:06:21.755,1,,False,,False,False
0 days 00:22:46.524000,ALB,23,0 days 00:01:30.143000,5.0,2.0,,,0 days 00:00:30.762000,0 days 00:00:34.098000,0 days 00:00:25.283000,0 days 00:21:47.143000,0 days 00:22:21.241000,0 days 00:22:46.524000,219.0,192.0,264.0,316.0,True,SOFT,2.0,True,Williams,0 days 00:21:16.381000,2026-05-02 20:08:34.178,1,,False,,False,True
0 days 00:24:37.516000,ALB,23,0 days 00:01:50.992000,6.0,2.0,,0 days 00:24:31.774000,0 days 00:00:36.149000,0 days 00:00:40.473000,0 days 00:00:34.370000,0 days 00:23:22.673000,0 days 00:24:03.146000,0 days 00:24:37.516000,185.0,161.0,,266.0,False,SOFT,3.0,True,Williams,0 days 00:22:46.524000,2026-05-02 20:10:04.321,1,,False,,False,False
0 days 00:29:08.549000,ALB,23,,7.0,3.0,0 days 00:26:59.940000,,,0 days 00:00:51.686000,0 days 00:00:33.437000,,0 days 00:28:35.230000,0 days 00:29:08.720000,193.0,125.0,273.0,177.0,False,SOFT,1.0,True,Williams,0 days 00:24:37.516000,2026-05-02 20:11:55.313,1,,False,,False,False
0 days 00:30:38.269000,ALB,23,0 days 00:01:29.720000,8.0,3.0,,,0 days 00:00:30.595000,0 days 00:00:33.955000,0 days 00:00:25.170000,0 days 00:29:39.144000,0 days 00:30:13.099000,0 days 00:30:38.269000,217.0,191.0,267.0,319.0,True,SOFT,2.0,True,Williams,0 days 00:29:08.549000,2026-05-02 20:16:26.346,1,,False,,False,True
0 days 00:32:34.458000,ALB,23,0 days 00:01:56.189000,9.0,3.0,,0 days 00:32:28.926000,0 days 00:00:38.739000,0 days 00:00:40.675000,0 days 00:00:36.775000,0 days 00:31:17.008000,0 days 00:31:57.683000,0 days 00:32:34.458000,172.0,151.0,,265.0,False,SOFT,3.0,True,Williams,0 days 00:30:38.269000,2026-05-02 20:17:56.066,1,,False,,False,False
0 days 00:44:16.923000,ALB,23,,10.0,4.0,0 days 00:42:17.729000,,,0 days 00:00:47.792000,0 days 00:00:30.328000,,0 days 00:43:46.597000,0 days 00:44:16.927000,196.0,153.0,274.0,209.0,False,SOFT,1.0,True,Williams,0 days 00:32:34.458000,2026-05-02 20:19:52.255,12,,False,,False,False
0 days 00:45:47.052000,ALB,23,0 days 00:01:30.129000,11.0,4.0,,,0 days 00:00:30.622000,0 days 00:00:33.998000,0 days 00:00:25.509000,0 days 00:44:47.545000,0 days 00:45:21.543000,0 days 00:45:47.052000,214.0,190.0,261.0,318.0,True,SOFT,2.0,True,Williams,0 days 00:44:16.923000,2026-05-02 20:31:34.720,1,,False,,False,True
0 days 00:47:42.218000,ALB,23,0 days 00:01:55.166000,12.0,4.0,,0 days 00:47:36.271000,0 days 00:00:40.483000,0 days 00:00:40.136000,0 days 00:00:34.547000,0 days 00:46:27.535000,0 days 00:47:07.671000,0 days 00:47:42.218000,183.0,157.0,,269.0,False,SOFT,3.0,True,Williams,0 days 00:45:47.052000,2026-05-02 20:33:04.849,1,,False,,False,False
0 days 00:56:00.719000,ALB,23,,13.0,5.0,0 days 00:54:02.578000,,,0 days 00:00:48.730000,0 days 00:00:32.920000,,0 days 00:55:27.886000,0 days 00:56:00.981000,180.0,161.0,255.0,175.0,False,SOFT,1.0,True,Williams,0 days 00:47:42.218000,2026-05-02 20:35:00.015,1,,False,,False,False
0 days 00:57:30.665000,ALB,23,0 days 00:01:29.946000,14.0,5.0,,,0 days 00:00:31.087000,0 days 00:00:33.748000,0 days 00:00:25.111000,0 days 00:56:31.806000,0 days 00:57:05.554000,0 days 00:57:30.665000,215.0,192.0,262.0,321.0,True,SOFT,2.0,True,Williams,0 days 00:56:00.719000,2026-05-02 20:43:18.516,1,,False,,False,True
0 days 00:59:29.053000,ALB,23,,15.0,5.0,,0 days 00:59:29.053000,0 days 00:00:45.485000,0 days 00:00:41.732000,,0 days 00:58:16.227000,0 days 00:58:57.964000,,151.0,150.0,,247.0,False,SOFT,3.0,True,Williams,0 days 00:57:30.665000,2026-05-02 20:44:48.462,12,,False,,False,False
0 days 00:14:59.386000,LIN,41,,1.0,1.0,0 days 00:13:05.309000,,,0 days 00:00:40.675000,0 days 00:00:32.650000,,0 days 00:14:26.872000,0 days 00:14:59.591000,174.0,145.0,260.0,223.0,False,SOFT,1.0,True,Racing Bulls,0 days 00:13:05.309000,2026-05-02 20:00:23.106,1,,False,,False,False
0 days 00:16:30.662000,LIN,41,0 days 00:01:31.276000,2.0,1.0,,,0 days 00:00:31.519000,0 days 00:00:34.388000,0 days 00:00:25.369000,0 days 00:15:30.905000,0 days 00:16:05.293000,0 days 00:16:30.662000,218.0,189.0,274.0,319.0,True,SOFT,2.0,True,Racing Bulls,0 days 00:14:59.386000,2026-05-02 20:02:17.183,1,,False,,False,True
0 days 00:18:18.741000,LIN,41,0 days 00:01:48.079000,3.0,1.0,,0 days 00:18:13.298000,0 days 00:00:36.059000,0 days 00:00:37.663000,0 days 00:00:34.357000,0 days 00:17:06.721000,0 days 00:17:44.384000,0 days 00:18:18.741000,202.0,174.0,,256.0,False,SOFT,3.0,True,Racing Bulls,0 days 00:16:30.662000,2026-05-02 20:03:48.459,1,,False,,False,False
0 days 00:20:34.263000,LIN,41,0 days 00:02:15.522000,4.0,2.0,0 days 00:18:44.403000,,0 days 00:01:04.122000,0 days 00:00:40.997000,0 days 00:00:30.403000,0 days 00:19:22.863000,0 days 00:20:03.860000,0 days 00:20:34.263000,157.0,143.0,264.0,254.0,False,SOFT,1.0,True,Racing Bulls,0 days 00:18:18.741000,2026-05-02 20:05:36.538,1,,False,,False,False
0 days 00:22:04.604000,LIN,41,0 days 00:01:30.341000,5.0,2.0,,,0 days 00:00:30.913000,0 days 00:00:34.176000,0 days 00:00:25.252000,0 days 00:21:05.176000,0 days 00:21:39.352000,0 days 00:22:04.604000,217.0,191.0,276.0,319.0,True,SOFT,2.0,True,Racing Bulls,0 days 00:20:34.263000,2026-05-02 20:07:52.060,1,,False,,False,True
0 days 00:24:31.669000,LIN,41,0 days 00:02:27.065000,6.0,2.0,,0 days 00:23:49.077000,0 days 00:00:33.884000,0 days 00:00:41.389000,0 days 00:01:11.792000,0 days 00:22:38.488000,0 days 00:23:19.877000,0 days 00:24:31.669000,203.0,167.0,,248.0,False,SOFT,3.0,True,Racing Bulls,0 days 00:22:04.604000,2026-05-02 20:09:22.401,1,,False,,False,False
0 days 00:29:44.541000,LIN,41,,7.0,3.0,0 days 00:27:41.629000,,,0 days 00:00:41.379000,0 days 00:00:40.056000,,0 days 00:29:04.485000,0 days 00:29:44.793000,170.0,138.0,249.0,216.0,False,SOFT,1.0,True,Racing Bulls,0 days 00:24:31.669000,2026-05-02 20:11:49.466,1,,False,,False,False
0 days 00:31:14.674000,LIN,41,0 days 00:01:30.133000,8.0,3.0,,,0 days 00:00:30.998000,0 days 00:00:34.184000,0 days 00:00:24.951000,0 days 00:30:15.539000,0 days 00:30:49.723000,0 days 00:31:14.674000,218.0,191.0,274.0,322.0,True,SOFT,2.0,True,Racing Bulls,0 days 00:29:44.541000,2026-05-02 20:17:02.338,1,,False,,False,True
0 days 00:33:17.982000,LIN,41,0 days 00:02:03.308000,9.0,3.0,,0 days 00:33:11.944000,0 days 00:00:41.516000,0 days 00:00:43.932000,0 days 00:00:37.860000,0 days 00:31:56.190000,0 days 00:32:40.122000,0 days 00:33:17.982000,184.0,120.0,,258.0,False,SOFT,3.0,True,Racing Bulls,0 days 00:31:14.674000,2026-05-02 20:18:32.471,1,,False,,False,False
0 days 00:15:13.190000,ALO,14,,1.0,1.0,0 days 00:13:23.980000,,,0 days 00:00:39.376000,0 days 00:00:31.493000,,0 days 00:14:41.731000,0 days 00:15:13.367000,195.0,165.0,254.0,251.0,False,SOFT,1.0,True,Aston Martin,0 days 00:13:23.980000,2026-05-02 20:00:41.777,1,,False,,False,False
0 days 00:16:44.851000,ALO,14,0 days 00:01:31.661000,2.0,1.0,,,0 days 00:00:31.417000,0 days 00:00:34.532000,0 days 00:00:25.712000,0 days 00:15:44.607000,0 days 00:16:19.139000,0 days 00:16:44.851000,214.0,187.0,261.0,303.0,True,SOFT,2.0,True,Aston Martin,0 days 00:15:13.190000,2026-05-02 20:02:30.987,1,,False,,False,True
0 days 00:18:39.619000,ALO,14,0 days 00:01:54.768000,3.0,1.0,,0 days 00:18:34.184000,0 days 00:00:35.113000,0 days 00:00:41.512000,0 days 00:00:38.143000,0 days 00:17:19.964000,0 days 00:18:01.476000,0 days 00:18:39.619000,195.0,159.0,,173.0,False,SOFT,3.0,True,Aston Martin,0 days 00:16:44.851000,2026-05-02 20:04:02.648,1,,False,,False,False
0 days 00:22:11.088000,ALO,14,,4.0,2.0,0 days 00:20:10.966000,,,0 days 00:00:38.569000,0 days 00:00:39.040000,,0 days 00:21:32.106000,0 days 00:22:11.292000,191.0,168.0,252.0,182.0,False,SOFT,1.0,True,Aston Martin,0 days 00:18:39.619000,2026-05-02 20:05:57.416,1,,False,,False,False
0 days 00:23:42.186000,ALO,14,0 days 00:01:31.098000,5.0,2.0,,,0 days 00:00:31.073000,0 days 00:00:34.339000,0 days 00:00:25.686000,0 days 00:22:42.161000,0 days 00:23:16.500000,0 days 00:23:42.186000,215.0,188.0,267.0,302.0,True,SOFT,2.0,True,Aston Martin,0 days 00:22:11.088000,2026-05-02 20:09:28.885,1,,False,,False,True
0 days 00:25:34.647000,ALO,14,0 days 00:01:52.461000,6.0,2.0,,0 days 00:25:29.266000,0 days 00:00:35.446000,0 days 00:00:38.818000,0 days 00:00:38.197000,0 days 00:24:17.632000,0 days 00:24:56.450000,0 days 00:25:34.647000,195.0,161.0,,167.0,False,SOFT,3.0,True,Aston Martin,0 days 00:23:42.186000,2026-05-02 20:10:59.983,1,,False,,False,False
0 days 00:29:57.284000,ALO,14,,7.0,3.0,0 days 00:27:47.363000,,,0 days 00:00:38.010000,0 days 00:00:52.189000,,0 days 00:29:05.095000,0 days 00:29:57.462000,195.0,169.0,239.0,136.0,False,SOFT,1.0,True,Aston Martin,0 days 00:25:34.647000,2026-05-02 20:12:52.444,1,,False,,False,False
0 days 00:31:35.421000,ALO,14,0 days 00:01:38.137000,8.0,3.0,,0 days 00:31:29.253000,0 days 00:00:31.233000,0 days 00:00:34.061000,0 days 00:00:32.843000,0 days 00:30:28.517000,0 days 00:31:02.578000,0 days 00:31:35.421000,212.0,179.0,,298.0,False,SOFT,2.0,True,Aston Martin,0 days 00:29:57.284000,2026-05-02 20:17:15.081,1,,False,,False,False
0 days 00:15:05.528000,STR,18,,1.0,1.0,0 days 00:13:08.726000,,,0 days 00:00:42.068000,0 days 00:00:33.650000,,0 days 00:14:31.950000,0 days 00:15:05.693000,196.0,131.0,248.0,216.0,False,SOFT,1.0,True,Aston Martin,0 days 00:13:08.726000,2026-05-02 20:00:26.523,1,,False,,False,False
0 days 00:16:37.836000,STR,18,0 days 00:01:32.308000,2.0,1.0,,,0 days 00:00:31.857000,0 days 00:00:34.633000,0 days 00:00:25.818000,0 days 00:15:37.385000,0 days 00:16:12.018000,0 days 00:16:37.836000,204.0,187.0,262.0,302.0,True,SOFT,2.0,True,Aston Martin,0 days 00:15:05.528000,2026-05-02 20:02:23.325,1,,False,,False,True
0 days 00:18:29.768000,STR,18,0 days 00:01:51.932000,3.0,1.0,,0 days 00:18:24.361000,0 days 00:00:38.295000,0 days 00:00:38.363000,0 days 00:00:35.274000,0 days 00:17:16.131000,0 days 00:17:54.494000,0 days 00:18:29.768000,198.0,166.0,,234.0,False,SOFT,3.0,True,Aston Martin,0 days 00:16:37.836000,2026-05-02 20:03:55.633,1,,False,,False,False
0 days 00:21:50.763000,STR,18,,4.0,2.0,0 days 00:20:04.872000,,,0 days 00:00:39.792000,0 days 00:00:32.040000,,0 days 00:21:19.028000,0 days 00:21:50.993000,190.0,151.0,251.0,216.0,False,SOFT,1.0,True,Aston Martin,0 days 00:18:29.768000,2026-05-02 20:05:47.565,1,,False,,False,False
0 days 00:23:21.927000,STR,18,0 days 00:01:31.164000,5.0,2.0,,,0 days 00:00:31.125000,0 days 00:00:34.539000,0 days 00:00:25.500000,0 days 00:22:21.888000,0 days 00:22:56.427000,0 days 00:23:21.927000,217.0,187.0,272.0,301.0,True,SOFT,2.0,True,Aston Martin,0 days 00:21:50.763000,2026-05-02 20:09:08.560,1,,False,,False,True
0 days 00:25:18.981000,STR,18,0 days 00:01:57.054000,6.0,2.0,,0 days 00:25:13.477000,0 days 00:00:39.060000,0 days 00:00:41.326000,0 days 00:00:36.668000,0 days 00:24:00.987000,0 days 00:24:42.313000,0 days 00:25:18.981000,118.0,161.0,,204.0,False,SOFT,3.0,True,Aston Martin,0 days 00:23:21.927000,2026-05-02 20:10:39.724,1,,False,,False,False
0 days 00:30:00.931000,STR,18,,7.0,3.0,0 days 00:27:28.576000,,,0 days 00:00:46.232000,0 days 00:00:57.243000,,0 days 00:29:03.688000,0 days 00:30:01.139000,188.0,50.0,236.0,90.0,False,SOFT,1.0,True,Aston Martin,0 days 00:25:18.981000,2026-05-02 20:12:36.778,1,,False,,False,False
0 days 00:31:32.320000,STR,18,0 days 00:01:31.389000,8.0,3.0,,,0 days 00:00:31.414000,0 days 00:00:34.552000,0 days 00:00:25.423000,0 days 00:30:32.345000,0 days 00:31:06.897000,0 days 00:31:32.320000,216.0,188.0,269.0,307.0,False,SOFT,2.0,True,Aston Martin,0 days 00:30:00.931000,2026-05-02 20:17:18.728,1,,False,,False,True
0 days 00:33:22.942000,STR,18,,9.0,3.0,,0 days 00:33:22.942000,0 days 00:00:36.846000,0 days 00:00:42.769000,,0 days 00:32:09.188000,0 days 00:32:52.026000,,200.0,158.0,,208.0,False,SOFT,3.0,True,Aston Martin,0 days 00:31:32.320000,2026-05-02 20:18:50.117,1,,False,,False,False
0 days 00:14:36.596000,BOT,77,,1.0,1.0,0 days 00:12:45.826000,,,0 days 00:00:42.144000,0 days 00:00:30.156000,,0 days 00:14:06.534000,0 days 00:14:36.762000,185.0,147.0,257.0,265.0,False,SOFT,1.0,True,Cadillac,0 days 00:12:45.826000,2026-05-02 20:00:03.623,1,,False,,False,False
0 days 00:16:09.294000,BOT,77,0 days 00:01:32.698000,2.0,1.0,,,0 days 00:00:31.832000,0 days 00:00:35.164000,0 days 00:00:25.702000,0 days 00:15:08.428000,0 days 00:15:43.592000,0 days 00:16:09.294000,216.0,190.0,267.0,300.0,True,SOFT,2.0,True,Cadillac,0 days 00:14:36.596000,2026-05-02 20:01:54.393,1,,False,,False,True
0 days 00:18:41.780000,BOT,77,,3.0,1.0,,0 days 00:17:54.462000,0 days 00:00:35.751000,0 days 00:00:37.736000,0 days 00:01:18.961000,0 days 00:16:45.158000,0 days 00:17:22.819000,0 days 00:18:42.075000,198.0,174.0,,220.0,False,SOFT,3.0,True,Cadillac,0 days 00:16:09.294000,2026-05-02 20:03:27.091,1,,False,,False,False
0 days 00:22:26.392000,BOT,77,,4.0,2.0,0 days 00:20:26.075000,,,0 days 00:00:43.436000,0 days 00:00:30.228000,,0 days 00:21:56.219000,0 days 00:22:26.631000,179.0,165.0,258.0,250.0,False,SOFT,1.0,True,Cadillac,0 days 00:18:41.780000,2026-05-02 20:05:59.577,1,,False,,False,False
0 days 00:23:58.752000,BOT,77,0 days 00:01:32.360000,5.0,2.0,,,0 days 00:00:31.244000,0 days 00:00:35.457000,0 days 00:00:25.659000,0 days 00:22:57.636000,0 days 00:23:33.093000,0 days 00:23:58.752000,216.0,188.0,269.0,303.0,True,SOFT,2.0,True,Cadillac,0 days 00:22:26.392000,2026-05-02 20:09:44.189,1,,False,,False,True
0 days 00:25:51.153000,BOT,77,0 days 00:01:52.401000,6.0,2.0,,0 days 00:25:45.465000,0 days 00:00:38.263000,0 days 00:00:38.243000,0 days 00:00:35.895000,0 days 00:24:37.015000,0 days 00:25:15.258000,0 days 00:25:51.153000,197.0,169.0,,257.0,False,SOFT,3.0,True,Cadillac,0 days 00:23:58.752000,2026-05-02 20:11:16.549,1,,False,,False,False
0 days 00:30:20.939000,BOT,77,,7.0,3.0,0 days 00:28:07.945000,,,0 days 00:00:44.461000,0 days 00:00:41.060000,,0 days 00:29:39.893000,0 days 00:30:21.212000,170.0,122.0,258.0,146.0,False,SOFT,1.0,True,Cadillac,0 days 00:25:51.153000,2026-05-02 20:13:08.950,1,,False,,False,False
0 days 00:31:52.568000,BOT,77,0 days 00:01:31.629000,8.0,3.0,,,0 days 00:00:31.243000,0 days 00:00:34.756000,0 days 00:00:25.630000,0 days 00:30:52.182000,0 days 00:31:26.938000,0 days 00:31:52.568000,215.0,189.0,268.0,306.0,True,SOFT,2.0,True,Cadillac,0 days 00:30:20.939000,2026-05-02 20:17:38.736,1,,False,,False,True
0 days 00:34:00.218000,BOT,77,0 days 00:02:07.650000,9.0,3.0,,0 days 00:33:53.958000,0 days 00:00:41.191000,0 days 00:00:44.292000,0 days 00:00:42.167000,0 days 00:32:33.759000,0 days 00:33:18.051000,0 days 00:34:00.218000,160.0,146.0,,233.0,False,SOFT,3.0,True,Cadillac,0 days 00:31:52.568000,2026-05-02 20:19:10.365,12,,False,,False,False
0 days 00:14:43.445000,PER,11,,1.0,1.0,0 days 00:12:50.302000,,,0 days 00:00:44.733000,0 days 00:00:32.704000,,0 days 00:14:10.918000,0 days 00:14:43.700000,200.0,85.0,261.0,243.0,False,SOFT,1.0,True,Cadillac,0 days 00:12:50.302000,2026-05-02 20:00:08.099,1,,False,,False,False
0 days 00:16:15.548000,PER,11,0 days 00:01:32.103000,2.0,1.0,,,0 days 00:00:31.645000,0 days 00:00:34.530000,0 days 00:00:25.928000,0 days 00:15:15.090000,0 days 00:15:49.620000,0 days 00:16:15.548000,220.0,191.0,269.0,304.0,True,SOFT,2.0,True,Cadillac,0 days 00:14:43.445000,2026-05-02 20:02:01.242,1,,False,,False,True
0 days 00:18:11.784000,PER,11,0 days 00:01:56.236000,3.0,1.0,,0 days 00:18:04.986000,0 days 00:00:39.531000,0 days 00:00:38.790000,0 days 00:00:37.915000,0 days 00:16:55.079000,0 days 00:17:33.869000,0 days 00:18:11.784000,197.0,175.0,,199.0,False,SOFT,3.0,True,Cadillac,0 days 00:16:15.548000,2026-05-02 20:03:33.345,1,,False,,False,False
0 days 00:22:16.534000,PER,11,,4.0,2.0,0 days 00:20:15.372000,,,0 days 00:00:40.192000,0 days 00:00:31.038000,,0 days 00:21:45.595000,0 days 00:22:16.786000,118.0,161.0,249.0,184.0,False,SOFT,1.0,True,Cadillac,0 days 00:18:11.784000,2026-05-02 20:05:29.581,1,,False,,False,False
0 days 00:23:54.758000,PER,11,0 days 00:01:38.224000,5.0,2.0,,,0 days 00:00:32.271000,0 days 00:00:36.321000,0 days 00:00:29.632000,0 days 00:22:48.805000,0 days 00:23:25.126000,0 days 00:23:54.758000,207.0,138.0,265.0,260.0,False,SOFT,2.0,True,Cadillac,0 days 00:22:16.534000,2026-05-02 20:09:34.331,1,,False,,False,True
0 days 00:25:49.142000,PER,11,0 days 00:01:54.384000,6.0,2.0,,0 days 00:25:43.028000,0 days 00:00:38.575000,0 days 00:00:38.553000,0 days 00:00:37.256000,0 days 00:24:33.333000,0 days 00:25:11.886000,0 days 00:25:49.142000,203.0,145.0,,224.0,False,SOFT,3.0,True,Cadillac,0 days 00:23:54.758000,2026-05-02 20:11:12.555,1,,False,,False,False
0 days 00:30:02.880000,PER,11,,7.0,3.0,0 days 00:28:04.720000,,,0 days 00:00:46.765000,0 days 00:00:32.321000,,0 days 00:29:30.659000,0 days 00:30:03.086000,175.0,125.0,263.0,207.0,False,SOFT,1.0,True,Cadillac,0 days 00:25:49.142000,2026-05-02 20:13:06.939,1,,False,,False,False
0 days 00:31:34.847000,PER,11,0 days 00:01:31.967000,8.0,3.0,,,0 days 00:00:31.197000,0 days 00:00:35.478000,0 days 00:00:25.292000,0 days 00:30:34.077000,0 days 00:31:09.555000,0 days 00:31:34.847000,217.0,190.0,271.0,318.0,True,SOFT,2.0,True,Cadillac,0 days 00:30:02.880000,2026-05-02 20:17:20.677,1,,False,,False,True
0 days 00:33:45.855000,PER,11,0 days 00:02:11.008000,9.0,3.0,,0 days 00:33:37.395000,0 days 00:00:41.557000,0 days 00:00:44.838000,0 days 00:00:44.613000,0 days 00:32:16.404000,0 days 00:33:01.242000,0 days 00:33:45.855000,167.0,130.0,,237.0,False,SOFT,3.0,True,Cadillac,0 days 00:31:34.847000,2026-05-02 20:18:52.644,12,,False,,False,False
0 days 00:29:38.482000,BOR,5,,1.0,1.0,0 days 00:27:12.844000,,,0 days 00:00:52.480000,0 days 00:00:48.222000,,0 days 00:28:50.360000,0 days 00:29:38.711000,214.0,62.0,251.0,204.0,False,SOFT,1.0,True,Audi,0 days 00:27:12.844000,2026-05-02 20:14:30.641,1,,False,,False,False
0 days 00:31:12.219000,BOR,5,0 days 00:01:33.737000,2.0,1.0,,,0 days 00:00:31.944000,0 days 00:00:34.988000,0 days 00:00:26.805000,0 days 00:30:10.426000,0 days 00:30:45.414000,0 days 00:31:12.219000,219.0,183.0,237.0,281.0,True,SOFT,2.0,True,Audi,0 days 00:29:38.482000,2026-05-02 20:16:56.279,1,,False,,False,True
0 days 00:40:48.490000,BOR,5,,3.0,1.0,,0 days 00:40:48.490000,0 days 00:00:50.619000,0 days 00:00:51.226000,,0 days 00:32:02.908000,0 days 00:32:54.118000,,179.0,99.0,,281.0,False,SOFT,3.0,True,Audi,0 days 00:31:12.219000,2026-05-02 20:18:30.016,12,,False,,False,False
0 days 00:15:57.997000,HAD,6,,1.0,1.0,0 days 00:13:58.719000,,,0 days 00:00:39.627000,0 days 00:00:37.731000,,0 days 00:15:20.470000,0 days 00:15:58.316000,196.0,138.0,264.0,153.0,False,SOFT,4.0,False,Red Bull Racing,0 days 00:13:58.719000,2026-05-02 20:01:16.516,1,,False,,False,False
0 days 00:17:27.975000,HAD,6,0 days 00:01:29.978000,2.0,1.0,,,0 days 00:00:30.919000,0 days 00:00:33.990000,0 days 00:00:25.069000,0 days 00:16:28.916000,0 days 00:17:02.906000,0 days 00:17:27.975000,221.0,189.0,272.0,321.0,True,SOFT,5.0,False,Red Bull Racing,0 days 00:15:57.997000,2026-05-02 20:03:15.794,1,,False,,False,True
0 days 00:19:21.999000,HAD,6,0 days 00:01:54.024000,3.0,1.0,,0 days 00:19:16.508000,0 days 00:00:36.828000,0 days 00:00:40.608000,0 days 00:00:36.588000,0 days 00:18:04.803000,0 days 00:18:45.411000,0 days 00:19:21.999000,180.0,143.0,,211.0,False,SOFT,6.0,False,Red Bull Racing,0 days 00:17:27.975000,2026-05-02 20:04:45.772,1,,False,,False,False
0 days 00:23:18.976000,HAD,6,,4.0,2.0,0 days 00:21:24.716000,,,0 days 00:00:42.168000,0 days 00:00:37.860000,,0 days 00:22:41.253000,0 days 00:23:19.194000,186.0,117.0,268.0,106.0,False,SOFT,1.0,True,Red Bull Racing,0 days 00:19:21.999000,2026-05-02 20:06:39.796,1,,False,,False,False
0 days 00:24:48.839000,HAD,6,0 days 00:01:29.863000,5.0,2.0,,,0 days 00:00:30.467000,0 days 00:00:34.287000,0 days 00:00:25.109000,0 days 00:23:49.443000,0 days 00:24:23.730000,0 days 00:24:48.839000,220.0,190.0,275.0,314.0,True,SOFT,2.0,True,Red Bull Racing,0 days 00:23:18.976000,2026-05-02 20:10:36.773,1,,False,,False,True
0 days 00:26:50.624000,HAD,6,0 days 00:02:01.785000,6.0,2.0,,,0 days 00:00:40.306000,0 days 00:00:46.582000,0 days 00:00:34.897000,0 days 00:25:29.145000,0 days 00:26:15.727000,0 days 00:26:50.624000,155.0,117.0,223.0,220.0,False,SOFT,3.0,True,Red Bull Racing,0 days 00:24:48.839000,2026-05-02 20:12:06.636,1,,False,,False,True
0 days 00:28:51.759000,HAD,6,0 days 00:02:01.135000,7.0,2.0,,,0 days 00:00:45.145000,0 days 00:00:45.252000,0 days 00:00:30.738000,0 days 00:27:35.769000,0 days 00:28:21.021000,0 days 00:28:51.759000,132.0,140.0,261.0,243.0,False,SOFT,4.0,True,Red Bull Racing,0 days 00:26:50.624000,2026-05-02 20:14:08.421,1,,False,,False,True
0 days 00:30:21.083000,HAD,6,0 days 00:01:29.324000,8.0,2.0,,,0 days 00:00:30.576000,0 days 00:00:33.780000,0 days 00:00:24.968000,0 days 00:29:22.335000,0 days 00:29:56.115000,0 days 00:30:21.083000,221.0,191.0,275.0,320.0,True,SOFT,5.0,True,Red Bull Racing,0 days 00:28:51.759000,2026-05-02 20:16:09.556,1,,False,,False,True
0 days 00:32:09.524000,HAD,6,0 days 00:01:48.441000,9.0,2.0,,0 days 00:32:03.927000,0 days 00:00:35.727000,0 days 00:00:38.300000,0 days 00:00:34.414000,0 days 00:30:56.810000,0 days 00:31:35.110000,0 days 00:32:09.524000,183.0,157.0,,262.0,False,SOFT,6.0,True,Red Bull Racing,0 days 00:30:21.083000,2026-05-02 20:17:38.880,1,,False,,False,False
0 days 00:43:31.820000,HAD,6,,10.0,3.0,0 days 00:41:45.182000,,,0 days 00:00:39.879000,0 days 00:00:30.091000,,0 days 00:43:01.894000,0 days 00:43:31.909000,182.0,149.0,268.0,250.0,False,SOFT,1.0,True,Red Bull Racing,0 days 00:32:09.524000,2026-05-02 20:19:27.321,12,,False,,False,False
0 days 00:45:00.761000,HAD,6,0 days 00:01:28.941000,11.0,3.0,,,0 days 00:00:30.272000,0 days 00:00:33.777000,0 days 00:00:24.892000,0 days 00:44:02.092000,0 days 00:44:35.869000,0 days 00:45:00.761000,221.0,191.0,277.0,322.0,True,SOFT,2.0,True,Red Bull Racing,0 days 00:43:31.820000,2026-05-02 20:30:49.617,1,,False,,False,True
0 days 00:47:37.938000,HAD,6,,12.0,3.0,,0 days 00:46:55.135000,0 days 00:00:36.502000,0 days 00:00:45.291000,0 days 00:01:15.267000,0 days 00:45:37.380000,0 days 00:46:22.785000,0 days 00:47:37.985000,178.0,54.0,,241.0,False,SOFT,3.0,True,Red Bull Racing,0 days 00:45:00.761000,2026-05-02 20:32:18.558,1,,False,,False,False
0 days 00:54:36.636000,HAD,6,,13.0,4.0,0 days 00:52:40.244000,,,0 days 00:00:44.733000,0 days 00:00:30.649000,,0 days 00:54:06.029000,0 days 00:54:36.813000,187.0,138.0,268.0,234.0,False,SOFT,4.0,False,Red Bull Racing,0 days 00:47:37.938000,2026-05-02 20:34:55.735,1,,False,,False,False
0 days 00:56:05.895000,HAD,6,0 days 00:01:29.259000,14.0,4.0,,,0 days 00:00:30.462000,0 days 00:00:33.937000,0 days 00:00:24.860000,0 days 00:55:07.098000,0 days 00:55:41.035000,0 days 00:56:05.895000,221.0,191.0,274.0,321.0,False,SOFT,5.0,False,Red Bull Racing,0 days 00:54:36.636000,2026-05-02 20:41:54.433,1,,False,,False,True
0 days 00:58:02.804000,HAD,6,0 days 00:01:56.909000,15.0,4.0,,0 days 00:57:57.444000,0 days 00:00:36.482000,0 days 00:00:42.132000,0 days 00:00:38.295000,0 days 00:56:42.377000,0 days 00:57:24.509000,0 days 00:58:02.804000,171.0,123.0,,231.0,False,SOFT,6.0,False,Red Bull Racing,0 days 00:56:05.895000,2026-05-02 20:43:23.692,1,,False,,False,False
0 days 01:07:22.287000,HAD,6,,16.0,5.0,0 days 01:05:14.999000,,,0 days 00:00:46.627000,0 days 00:00:31.178000,,0 days 01:06:51.176000,0 days 01:07:22.294000,163.0,124.0,267.0,243.0,False,SOFT,1.0,True,Red Bull Racing,0 days 00:58:02.804000,2026-05-02 20:45:20.601,12,,False,,False,False
0 days 01:08:51.076000,HAD,6,0 days 00:01:28.789000,17.0,5.0,,,0 days 00:00:30.364000,0 days 00:00:33.545000,0 days 00:00:24.880000,0 days 01:07:52.651000,0 days 01:08:26.196000,0 days 01:08:51.076000,222.0,190.0,277.0,318.0,True,SOFT,2.0,True,Red Bull Racing,0 days 01:07:22.287000,2026-05-02 20:54:40.084,1,,False,,False,True
0 days 01:10:43.445000,HAD,6,0 days 00:01:52.369000,18.0,5.0,,0 days 01:10:37.779000,0 days 00:00:34.546000,0 days 00:00:40.665000,0 days 00:00:37.158000,0 days 01:09:25.622000,0 days 01:10:06.287000,0 days 01:10:43.445000,190.0,133.0,,255.0,False,SOFT,3.0,True,Red Bull Racing,0 days 01:08:51.076000,2026-05-02 20:56:08.873,1,,False,,False,False
0 days 01:16:26.272000,HAD,6,,19.0,6.0,0 days 01:14:22.647000,,,0 days 00:00:46.796000,0 days 00:00:30.987000,,0 days 01:15:55.285000,0 days 01:16:26.510000,187.0,117.0,270.0,245.0,False,SOFT,1.0,True,Red Bull Racing,0 days 01:10:43.445000,2026-05-02 20:58:01.242,1,,False,,False,False
0 days 01:17:55.574000,HAD,6,0 days 00:01:29.302000,20.0,6.0,,,0 days 00:00:31.055000,0 days 00:00:33.398000,0 days 00:00:24.849000,0 days 01:16:57.327000,0 days 01:17:30.725000,0 days 01:17:55.574000,222.0,191.0,274.0,319.0,False,SOFT,2.0,True,Red Bull Racing,0 days 01:16:26.272000,2026-05-02 21:03:44.069,1,,False,,False,True
0 days 01:19:43.129000,HAD,6,,21.0,6.0,,0 days 01:19:43.129000,0 days 00:00:36.953000,0 days 00:00:39.173000,,0 days 01:18:32.535000,0 days 01:19:11.953000,,182.0,147.0,,255.0,False,SOFT,3.0,True,Red Bull Racing,0 days 01:17:55.574000,2026-05-02 21:05:13.371,1,,False,,False,False
