year,round,race_name,season_era,driver_name,team_name,grid_position,finish_position,points,status,fastest_lap_time
2023,14,Italian Grand Prix,post_covid,Max Verstappen,Red Bull Racing,2.0,1.0,25.0,Finished,85.24
2023,14,Italian Grand Prix,post_covid,Sergio Perez,Red Bull Racing,5.0,2.0,18.0,Finished,85.522
2023,14,Italian Grand Prix,post_covid,Carlos Sainz,Ferrari,1.0,3.0,15.0,Finished,85.501
2023,14,Italian Grand Prix,post_covid,Charles Leclerc,Ferrari,3.0,4.0,12.0,Finished,85.58
2023,14,Italian Grand Prix,post_covid,George Russell,Mercedes,4.0,5.0,10.0,Finished,85.847
2023,14,Italian Grand Prix,post_covid,Lewis Hamilton,Mercedes,8.0,6.0,8.0,Finished,85.582
2023,14,Italian Grand Prix,post_covid,Alexander Albon,Williams,6.0,7.0,6.0,Finished,86.389
2023,14,Italian Grand Prix,post_covid,Lando Norris,McLaren,9.0,8.0,4.0,Finished,86.144
2023,14,Italian Grand Prix,post_covid,Fernando Alonso,Aston Martin,10.0,9.0,2.0,Finished,86.105
2023,14,Italian Grand Prix,post_covid,Valtteri Bottas,Kick Sauber,14.0,10.0,1.0,Finished,85.988
2023,14,Italian Grand Prix,post_covid,Liam Lawson,RB,12.0,11.0,0.0,Finished,85.842
2023,14,Italian Grand Prix,post_covid,Oscar Piastri,McLaren,7.0,12.0,0.0,Finished,85.072
2023,14,Italian Grand Prix,post_covid,Logan Sargeant,Williams,15.0,13.0,0.0,Finished,86.84
2023,14,Italian Grand Prix,post_covid,Guanyu Zhou,Kick Sauber,16.0,14.0,0.0,Finished,85.983
2023,14,Italian Grand Prix,post_covid,Pierre Gasly,Alpine,17.0,15.0,0.0,Finished,85.758
2023,14,Italian Grand Prix,post_covid,Lance Stroll,Aston Martin,20.0,16.0,0.0,Finished,86.617
2023,14,Italian Grand Prix,post_covid,Nico Hulkenberg,Haas F1 Team,13.0,17.0,0.0,Lapped,85.894
2023,14,Italian Grand Prix,post_covid,Kevin Magnussen,Haas F1 Team,19.0,18.0,0.0,Lapped,86.278
2023,14,Italian Grand Prix,post_covid,Esteban Ocon,Alpine,18.0,19.0,0.0,Retired,86.963
2023,14,Italian Grand Prix,post_covid,Yuki Tsunoda,RB,11.0,20.0,0.0,Did not start,
2024,21,São Paulo Grand Prix,post_covid,Max Verstappen,Red Bull Racing,17.0,1.0,26.0,Finished,80.472
2024,21,São Paulo Grand Prix,post_covid,Esteban Ocon,Alpine,4.0,2.0,18.0,Finished,81.771
2024,21,São Paulo Grand Prix,post_covid,Pierre Gasly,Alpine,13.0,3.0,15.0,Finished,81.645
2024,21,São Paulo Grand Prix,post_covid,George Russell,Mercedes,2.0,4.0,12.0,Finished,81.645
2024,21,São Paulo Grand Prix,post_covid,Charles Leclerc,Ferrari,6.0,5.0,10.0,Finished,81.631
2024,21,São Paulo Grand Prix,post_covid,Lando Norris,McLaren,1.0,6.0,8.0,Finished,81.517
2024,21,São Paulo Grand Prix,post_covid,Yuki Tsunoda,RB,3.0,7.0,6.0,Finished,81.828
2024,21,São Paulo Grand Prix,post_covid,Oscar Piastri,McLaren,8.0,8.0,4.0,Finished,81.532
2024,21,São Paulo Grand Prix,post_covid,Liam Lawson,RB,5.0,9.0,2.0,Finished,82.123
2024,21,São Paulo Grand Prix,post_covid,Lewis Hamilton,Mercedes,14.0,10.0,1.0,Finished,82.041
2024,21,São Paulo Grand Prix,post_covid,Sergio Perez,Red Bull Racing,12.0,11.0,0.0,Finished,82.143
2024,21,São Paulo Grand Prix,post_covid,Oliver Bearman,Haas F1 Team,15.0,12.0,0.0,Finished,82.494
2024,21,São Paulo Grand Prix,post_covid,Valtteri Bottas,Kick Sauber,11.0,13.0,0.0,Finished,82.877
2024,21,São Paulo Grand Prix,post_covid,Fernando Alonso,Aston Martin,9.0,14.0,0.0,Finished,82.293
2024,21,São Paulo Grand Prix,post_covid,Guanyu Zhou,Kick Sauber,19.0,15.0,0.0,Finished,83.058
2024,21,São Paulo Grand Prix,post_covid,Carlos Sainz,Ferrari,20.0,16.0,0.0,Retired,84.201
2024,21,São Paulo Grand Prix,post_covid,Franco Colapinto,Williams,16.0,17.0,0.0,Retired,84.296
2024,21,São Paulo Grand Prix,post_covid,Alexander Albon,Williams,7.0,18.0,0.0,Did not start,
2024,21,São Paulo Grand Prix,post_covid,Lance Stroll,Aston Martin,10.0,19.0,0.0,Did not start,
2024,21,São Paulo Grand Prix,post_covid,Nico Hulkenberg,Haas F1 Team,18.0,20.0,0.0,Disqualified,83.764
2023,6,Monaco Grand Prix,post_covid,Max Verstappen,Red Bull Racing,1.0,1.0,25.0,Finished,76.604
2023,6,Monaco Grand Prix,post_covid,Fernando Alonso,Aston Martin,2.0,2.0,18.0,Finished,76.674
2023,6,Monaco Grand Prix,post_covid,Esteban Ocon,Alpine,3.0,3.0,15.0,Finished,76.528
2023,6,Monaco Grand Prix,post_covid,Lewis Hamilton,Mercedes,5.0,4.0,13.0,Finished,75.65
2023,6,Monaco Grand Prix,post_covid,George Russell,Mercedes,8.0,5.0,10.0,Finished,76.798
2023,6,Monaco Grand Prix,post_covid,Charles Leclerc,Ferrari,6.0,6.0,8.0,Finished,75.773
2023,6,Monaco Grand Prix,post_covid,Pierre Gasly,Alpine,7.0,7.0,6.0,Finished,75.831
2023,6,Monaco Grand Prix,post_covid,Carlos Sainz,Ferrari,4.0,8.0,4.0,Finished,76.449
2023,6,Monaco Grand Prix,post_covid,Lando Norris,McLaren,10.0,9.0,2.0,Lapped,77.844
2023,6,Monaco Grand Prix,post_covid,Oscar Piastri,McLaren,11.0,10.0,1.0,Lapped,77.513
2023,6,Monaco Grand Prix,post_covid,Valtteri Bottas,Kick Sauber,15.0,11.0,0.0,Lapped,77.824
2023,6,Monaco Grand Prix,post_covid,Nyck De Vries,RB,12.0,12.0,0.0,Lapped,77.561
2023,6,Monaco Grand Prix,post_covid,Guanyu Zhou,Kick Sauber,19.0,13.0,0.0,Lapped,76.926
2023,6,Monaco Grand Prix,post_covid,Alexander Albon,Williams,13.0,14.0,0.0,Lapped,76.672
2023,6,Monaco Grand Prix,post_covid,Yuki Tsunoda,RB,9.0,15.0,0.0,Lapped,77.68
2023,6,Monaco Grand Prix,post_covid,Sergio Perez,Red Bull Racing,20.0,16.0,0.0,Lapped,76.269
2023,6,Monaco Grand Prix,post_covid,Nico Hulkenberg,Haas F1 Team,18.0,17.0,0.0,Lapped,76.991
2023,6,Monaco Grand Prix,post_covid,Logan Sargeant,Williams,16.0,18.0,0.0,Lapped,77.302
2023,6,Monaco Grand Prix,post_covid,Kevin Magnussen,Haas F1 Team,17.0,19.0,0.0,Retired,78.351
2023,6,Monaco Grand Prix,post_covid,Lance Stroll,Aston Martin,14.0,20.0,0.0,Retired,77.769
2019,15,Singapore Grand Prix,pre_covid,Sebastian Vettel,Ferrari,3.0,1.0,25.0,Finished,104.802
2019,15,Singapore Grand Prix,pre_covid,Charles Leclerc,Ferrari,1.0,2.0,18.0,Finished,104.723
2019,15,Singapore Grand Prix,pre_covid,Max Verstappen,Red Bull Racing,4.0,3.0,15.0,Finished,105.176
2019,15,Singapore Grand Prix,pre_covid,Lewis Hamilton,Mercedes,2.0,4.0,12.0,Finished,104.914
2019,15,Singapore Grand Prix,pre_covid,Valtteri Bottas,Mercedes,5.0,5.0,10.0,Finished,103.534
2019,15,Singapore Grand Prix,pre_covid,Alexander Albon,Red Bull Racing,6.0,6.0,8.0,Finished,105.26
2019,15,Singapore Grand Prix,pre_covid,Lando Norris,McLaren,9.0,7.0,6.0,Finished,105.716
2019,15,Singapore Grand Prix,pre_covid,Pierre Gasly,RB,11.0,8.0,4.0,Finished,105.769
2019,15,Singapore Grand Prix,pre_covid,Nico Hulkenberg,Alpine,8.0,9.0,2.0,Finished,105.765
2019,15,Singapore Grand Prix,pre_covid,Antonio Giovinazzi,Kick Sauber,10.0,10.0,1.0,Finished,105.63
2019,15,Singapore Grand Prix,pre_covid,Romain Grosjean,Haas F1 Team,17.0,11.0,0.0,Finished,106.274
2019,15,Singapore Grand Prix,pre_covid,Carlos Sainz,McLaren,7.0,12.0,0.0,Finished,105.969
2019,15,Singapore Grand Prix,pre_covid,Lance Stroll,Aston Martin,16.0,13.0,0.0,Finished,104.896
2019,15,Singapore Grand Prix,pre_covid,Daniel Ricciardo,Alpine,20.0,14.0,0.0,Finished,105.915
2019,15,Singapore Grand Prix,pre_covid,Daniil Kvyat,RB,14.0,15.0,0.0,Finished,104.371
2019,15,Singapore Grand Prix,pre_covid,Robert Kubica,Williams,19.0,16.0,0.0,Finished,106.793
2019,15,Singapore Grand Prix,pre_covid,Kevin Magnussen,Haas F1 Team,13.0,17.0,0.0,Finished,102.301
2019,15,Singapore Grand Prix,pre_covid,Kimi Räikkönen,Kick Sauber,12.0,18.0,0.0,Collision,107.062
2019,15,Singapore Grand Prix,pre_covid,Sergio Perez,Aston Martin,15.0,19.0,0.0,Engine,106.683
2019,15,Singapore Grand Prix,pre_covid,George Russell,Williams,18.0,20.0,0.0,Collision,108.285
2021,11,Hungarian Grand Prix,post_covid,Esteban Ocon,Alpine,8.0,1.0,25.0,Finished,81.421
2021,11,Hungarian Grand Prix,post_covid,Lewis Hamilton,Mercedes,1.0,2.0,18.0,Finished,78.715
2021,11,Hungarian Grand Prix,post_covid,Carlos Sainz,Ferrari,15.0,3.0,15.0,Finished,81.423
2021,11,Hungarian Grand Prix,post_covid,Fernando Alonso,Alpine,9.0,4.0,12.0,Finished,80.359
2021,11,Hungarian Grand Prix,post_covid,Pierre Gasly,RB,5.0,5.0,11.0,Finished,78.394
2021,11,Hungarian Grand Prix,post_covid,Yuki Tsunoda,RB,16.0,6.0,8.0,Finished,82.45
2021,11,Hungarian Grand Prix,post_covid,Nicholas Latifi,Williams,18.0,7.0,6.0,Finished,82.831
2021,11,Hungarian Grand Prix,post_covid,George Russell,Williams,17.0,8.0,4.0,Finished,82.112
2021,11,Hungarian Grand Prix,post_covid,Max Verstappen,Red Bull Racing,3.0,9.0,2.0,Finished,80.945
2021,11,Hungarian Grand Prix,post_covid,Kimi Räikkönen,Kick Sauber,13.0,10.0,1.0,+1 Lap,81.518
2021,11,Hungarian Grand Prix,post_covid,Daniel Ricciardo,McLaren,11.0,11.0,0.0,+1 Lap,82.802
2021,11,Hungarian Grand Prix,post_covid,Mick Schumacher,Haas F1 Team,20.0,12.0,0.0,+1 Lap,82.711
2021,11,Hungarian Grand Prix,post_covid,Antonio Giovinazzi,Kick Sauber,0.0,13.0,0.0,+1 Lap,82.736
2021,11,Hungarian Grand Prix,post_covid,Nikita Mazepin,Haas F1 Team,19.0,14.0,0.0,Collision,137.794
2021,11,Hungarian Grand Prix,post_covid,Lando Norris,McLaren,6.0,15.0,0.0,Collision,142.425
2021,11,Hungarian Grand Prix,post_covid,Valtteri Bottas,Mercedes,2.0,16.0,0.0,Collision,
2021,11,Hungarian Grand Prix,post_covid,Sergio Perez,Red Bull Racing,4.0,17.0,0.0,Collision,
2021,11,Hungarian Grand Prix,post_covid,Charles Leclerc,Ferrari,7.0,18.0,0.0,Collision,
2021,11,Hungarian Grand Prix,post_covid,Lance Stroll,Aston Martin,12.0,19.0,0.0,Collision,
2021,11,Hungarian Grand Prix,post_covid,Sebastian Vettel,Aston Martin,10.0,20.0,0.0,Disqualified,81.459
2021,4,Spanish Grand Prix,post_covid,Lewis Hamilton,Mercedes,1.0,1.0,25.0,Finished,80.665
2021,4,Spanish Grand Prix,post_covid,Max Verstappen,Red Bull Racing,2.0,2.0,19.0,Finished,78.149
2021,4,Spanish Grand Prix,post_covid,Valtteri Bottas,Mercedes,3.0,3.0,15.0,Finished,79.43
2021,4,Spanish Grand Prix,post_covid,Charles Leclerc,Ferrari,4.0,4.0,12.0,Finished,80.459
2021,4,Spanish Grand Prix,post_covid,Sergio Perez,Red Bull Racing,8.0,5.0,10.0,Finished,79.483
2021,4,Spanish Grand Prix,post_covid,Daniel Ricciardo,McLaren,7.0,6.0,8.0,Finished,81.853
2021,4,Spanish Grand Prix,post_covid,Carlos Sainz,Ferrari,6.0,7.0,6.0,Finished,81.568
2021,4,Spanish Grand Prix,post_covid,Lando Norris,McLaren,9.0,8.0,4.0,+1 Lap,81.279
2021,4,Spanish Grand Prix,post_covid,Esteban Ocon,Alpine,5.0,9.0,2.0,+1 Lap,83.311
2021,4,Spanish Grand Prix,post_covid,Pierre Gasly,RB,12.0,10.0,1.0,+1 Lap,81.375
2021,4,Spanish Grand Prix,post_covid,Lance Stroll,Aston Martin,11.0,11.0,0.0,+1 Lap,82.607
2021,4,Spanish Grand Prix,post_covid,Kimi Räikkönen,Kick Sauber,17.0,12.0,0.0,+1 Lap,82.868
2021,4,Spanish Grand Prix,post_covid,Sebastian Vettel,Aston Martin,13.0,13.0,0.0,+1 Lap,82.82
2021,4,Spanish Grand Prix,post_covid,George Russell,Williams,15.0,14.0,0.0,+1 Lap,83.208
2021,4,Spanish Grand Prix,post_covid,Antonio Giovinazzi,Kick Sauber,14.0,15.0,0.0,+1 Lap,82.802
2021,4,Spanish Grand Prix,post_covid,Nicholas Latifi,Williams,19.0,16.0,0.0,+1 Lap,82.905
2021,4,Spanish Grand Prix,post_covid,Fernando Alonso,Alpine,10.0,17.0,0.0,+1 Lap,81.182
2021,4,Spanish Grand Prix,post_covid,Mick Schumacher,Haas F1 Team,18.0,18.0,0.0,+2 Laps,82.637
2021,4,Spanish Grand Prix,post_covid,Nikita Mazepin,Haas F1 Team,20.0,19.0,0.0,+2 Laps,84.04
2021,4,Spanish Grand Prix,post_covid,Yuki Tsunoda,RB,16.0,20.0,0.0,Electrical,84.825
2021,5,Monaco Grand Prix,post_covid,Max Verstappen,Red Bull Racing,2.0,1.0,25.0,Finished,74.649
2021,5,Monaco Grand Prix,post_covid,Carlos Sainz,Ferrari,4.0,2.0,18.0,Finished,74.621
2021,5,Monaco Grand Prix,post_covid,Lando Norris,McLaren,5.0,3.0,15.0,Finished,74.67
2021,5,Monaco Grand Prix,post_covid,Sergio Perez,Red Bull Racing,9.0,4.0,12.0,Finished,74.552
2021,5,Monaco Grand Prix,post_covid,Sebastian Vettel,Aston Martin,8.0,5.0,10.0,Finished,75.316
2021,5,Monaco Grand Prix,post_covid,Pierre Gasly,RB,6.0,6.0,8.0,Finished,75.412
2021,5,Monaco Grand Prix,post_covid,Lewis Hamilton,Mercedes,7.0,7.0,7.0,Finished,72.909
2021,5,Monaco Grand Prix,post_covid,Lance Stroll,Aston Martin,13.0,8.0,4.0,+1 Lap,74.674
2021,5,Monaco Grand Prix,post_covid,Esteban Ocon,Alpine,11.0,9.0,2.0,+1 Lap,75.316
2021,5,Monaco Grand Prix,post_covid,Antonio Giovinazzi,Kick Sauber,10.0,10.0,1.0,+1 Lap,75.331
2021,5,Monaco Grand Prix,post_covid,Kimi Räikkönen,Kick Sauber,14.0,11.0,0.0,+1 Lap,74.971
2021,5,Monaco Grand Prix,post_covid,Daniel Ricciardo,McLaren,12.0,12.0,0.0,+1 Lap,74.578
2021,5,Monaco Grand Prix,post_covid,Fernando Alonso,Alpine,17.0,13.0,0.0,+1 Lap,75.026
2021,5,Monaco Grand Prix,post_covid,George Russell,Williams,15.0,14.0,0.0,+1 Lap,75.539
2021,5,Monaco Grand Prix,post_covid,Nicholas Latifi,Williams,18.0,15.0,0.0,+1 Lap,75.573
2021,5,Monaco Grand Prix,post_covid,Yuki Tsunoda,RB,16.0,16.0,0.0,+1 Lap,74.037
2021,5,Monaco Grand Prix,post_covid,Nikita Mazepin,Haas F1 Team,19.0,17.0,0.0,+3 Laps,76.866
2021,5,Monaco Grand Prix,post_covid,Mick Schumacher,Haas F1 Team,20.0,18.0,0.0,+3 Laps,76.425
2021,5,Monaco Grand Prix,post_covid,Valtteri Bottas,Mercedes,3.0,19.0,0.0,Wheel nut,75.706
2021,5,Monaco Grand Prix,post_covid,Charles Leclerc,Ferrari,1.0,20.0,0.0,Driveshaft,
2021,10,British Grand Prix,post_covid,Lewis Hamilton,Mercedes,2.0,1.0,25.0,Finished,89.699
2021,10,British Grand Prix,post_covid,Charles Leclerc,Ferrari,4.0,2.0,18.0,Finished,90.569
2021,10,British Grand Prix,post_covid,Valtteri Bottas,Mercedes,3.0,3.0,15.0,Finished,90.524
2021,10,British Grand Prix,post_covid,Lando Norris,McLaren,5.0,4.0,12.0,Finished,91.418
2021,10,British Grand Prix,post_covid,Daniel Ricciardo,McLaren,6.0,5.0,10.0,Finished,91.284
2021,10,British Grand Prix,post_covid,Carlos Sainz,Ferrari,10.0,6.0,8.0,Finished,91.223
2021,10,British Grand Prix,post_covid,Fernando Alonso,Alpine,7.0,7.0,6.0,Finished,91.698
2021,10,British Grand Prix,post_covid,Lance Stroll,Aston Martin,14.0,8.0,4.0,Finished,91.992
2021,10,British Grand Prix,post_covid,Esteban Ocon,Alpine,9.0,9.0,2.0,Finished,92.21
2021,10,British Grand Prix,post_covid,Yuki Tsunoda,RB,16.0,10.0,1.0,Finished,90.826
2021,10,British Grand Prix,post_covid,Pierre Gasly,RB,11.0,11.0,0.0,Finished,90.266
2021,10,British Grand Prix,post_covid,George Russell,Williams,12.0,12.0,0.0,+1 Lap,92.049
2021,10,British Grand Prix,post_covid,Antonio Giovinazzi,Kick Sauber,15.0,13.0,0.0,+1 Lap,92.346
2021,10,British Grand Prix,post_covid,Nicholas Latifi,Williams,17.0,14.0,0.0,+1 Lap,92.477
2021,10,British Grand Prix,post_covid,Kimi Räikkönen,Kick Sauber,13.0,15.0,0.0,+1 Lap,91.895
2021,10,British Grand Prix,post_covid,Sergio Perez,Red Bull Racing,0.0,16.0,0.0,+1 Lap,88.617
2021,10,British Grand Prix,post_covid,Nikita Mazepin,Haas F1 Team,19.0,17.0,0.0,+1 Lap,92.909
2021,10,British Grand Prix,post_covid,Mick Schumacher,Haas F1 Team,18.0,18.0,0.0,+1 Lap,92.862
2021,10,British Grand Prix,post_covid,Sebastian Vettel,Aston Martin,8.0,19.0,0.0,Retired,93.059
2021,10,British Grand Prix,post_covid,Max Verstappen,Red Bull Racing,1.0,20.0,0.0,Collision,
2019,14,Italian Grand Prix,pre_covid,Charles Leclerc,Ferrari,1.0,1.0,25.0,Finished,83.009
2019,14,Italian Grand Prix,pre_covid,Valtteri Bottas,Mercedes,3.0,2.0,18.0,Finished,82.859
2019,14,Italian Grand Prix,pre_covid,Lewis Hamilton,Mercedes,2.0,3.0,16.0,Finished,81.779
2019,14,Italian Grand Prix,pre_covid,Daniel Ricciardo,Alpine,5.0,4.0,12.0,Finished,83.466
2019,14,Italian Grand Prix,pre_covid,Nico Hulkenberg,Alpine,6.0,5.0,10.0,Finished,83.641
2019,14,Italian Grand Prix,pre_covid,Alexander Albon,Red Bull Racing,8.0,6.0,8.0,Finished,83.364
2019,14,Italian Grand Prix,pre_covid,Sergio Perez,Aston Martin,18.0,7.0,6.0,Finished,83.77
2019,14,Italian Grand Prix,pre_covid,Max Verstappen,Red Bull Racing,19.0,8.0,4.0,Finished,83.143
2019,14,Italian Grand Prix,pre_covid,Antonio Giovinazzi,Kick Sauber,10.0,9.0,2.0,+1 Lap,84.503
2019,14,Italian Grand Prix,pre_covid,Lando Norris,McLaren,16.0,10.0,1.0,+1 Lap,84.044
2019,14,Italian Grand Prix,pre_covid,Pierre Gasly,RB,17.0,11.0,0.0,+1 Lap,83.885
2019,14,Italian Grand Prix,pre_covid,Lance Stroll,Aston Martin,9.0,12.0,0.0,+1 Lap,84.165
2019,14,Italian Grand Prix,pre_covid,Sebastian Vettel,Ferrari,4.0,13.0,0.0,+1 Lap,82.799
2019,14,Italian Grand Prix,pre_covid,George Russell,Williams,14.0,14.0,0.0,+1 Lap,84.842
2019,14,Italian Grand Prix,pre_covid,Kimi Räikkönen,Kick Sauber,0.0,15.0,0.0,+1 Lap,84.419
2019,14,Italian Grand Prix,pre_covid,Romain Grosjean,Haas F1 Team,13.0,16.0,0.0,+1 Lap,84.985
2019,14,Italian Grand Prix,pre_covid,Robert Kubica,Williams,15.0,17.0,0.0,+2 Laps,84.989
2019,14,Italian Grand Prix,pre_covid,Kevin Magnussen,Haas F1 Team,11.0,18.0,0.0,Hydraulics,84.443
2019,14,Italian Grand Prix,pre_covid,Daniil Kvyat,RB,12.0,19.0,0.0,Engine,85.772
2019,14,Italian Grand Prix,pre_covid,Carlos Sainz,McLaren,7.0,20.0,0.0,Wheel,85.637
2018,1,Australian Grand Prix,pre_covid,Sebastian Vettel,Ferrari,3.0,1.0,25.0,Finished,86.469
2018,1,Australian Grand Prix,pre_covid,Lewis Hamilton,Mercedes,1.0,2.0,18.0,Finished,86.444
2018,1,Australian Grand Prix,pre_covid,Kimi Räikkönen,Ferrari,2.0,3.0,15.0,Finished,86.373
2018,1,Australian Grand Prix,pre_covid,Daniel Ricciardo,Red Bull Racing,8.0,4.0,12.0,Finished,85.945
2018,1,Australian Grand Prix,pre_covid,Fernando Alonso,McLaren,10.0,5.0,10.0,Finished,86.978
2018,1,Australian Grand Prix,pre_covid,Max Verstappen,Red Bull Racing,4.0,6.0,8.0,Finished,86.88
2018,1,Australian Grand Prix,pre_covid,Nico Hulkenberg,Alpine,7.0,7.0,6.0,Finished,87.081
2018,1,Australian Grand Prix,pre_covid,Valtteri Bottas,Mercedes,15.0,8.0,4.0,Finished,87.019
2018,1,Australian Grand Prix,pre_covid,Stoffel Vandoorne,McLaren,11.0,9.0,2.0,Finished,86.958
2018,1,Australian Grand Prix,pre_covid,Carlos Sainz,Alpine,9.0,10.0,1.0,Finished,87.944
2018,1,Australian Grand Prix,pre_covid,Sergio Perez,Aston Martin,12.0,11.0,0.0,Finished,87.633
2018,1,Australian Grand Prix,pre_covid,Esteban Ocon,Aston Martin,14.0,12.0,0.0,Finished,87.6
2018,1,Australian Grand Prix,pre_covid,Charles Leclerc,Sauber,18.0,13.0,0.0,Finished,88.759
2018,1,Australian Grand Prix,pre_covid,Lance Stroll,Williams,13.0,14.0,0.0,Finished,88.511
2018,1,Australian Grand Prix,pre_covid,Brendon Hartley,RB,16.0,15.0,0.0,+1 Lap,88.176
2018,1,Australian Grand Prix,pre_covid,Romain Grosjean,Haas F1 Team,6.0,16.0,0.0,Wheel,88.805
2018,1,Australian Grand Prix,pre_covid,Kevin Magnussen,Haas F1 Team,5.0,17.0,0.0,Wheel,89.534
2018,1,Australian Grand Prix,pre_covid,Pierre Gasly,RB,20.0,18.0,0.0,Engine,90.649
2018,1,Australian Grand Prix,pre_covid,Marcus Ericsson,Sauber,17.0,19.0,0.0,Steering,92.21
2018,1,Australian Grand Prix,pre_covid,Sergey Sirotkin,Williams,19.0,20.0,0.0,Brakes,92.573
2023,7,Spanish Grand Prix,post_covid,Max Verstappen,Red Bull Racing,1.0,1.0,26.0,Finished,76.33
2023,7,Spanish Grand Prix,post_covid,Lewis Hamilton,Mercedes,4.0,2.0,18.0,Finished,76.676
2023,7,Spanish Grand Prix,post_covid,George Russell,Mercedes,12.0,3.0,15.0,Finished,77.875
2023,7,Spanish Grand Prix,post_covid,Sergio Perez,Red Bull Racing,11.0,4.0,12.0,Finished,76.666
2023,7,Spanish Grand Prix,post_covid,Carlos Sainz,Ferrari,2.0,5.0,10.0,Finished,78.403
2023,7,Spanish Grand Prix,post_covid,Lance Stroll,Aston Martin,5.0,6.0,8.0,Finished,78.722
2023,7,Spanish Grand Prix,post_covid,Fernando Alonso,Aston Martin,8.0,7.0,6.0,Finished,78.083
2023,7,Spanish Grand Prix,post_covid,Esteban Ocon,Alpine,6.0,8.0,4.0,Finished,78.946
2023,7,Spanish Grand Prix,post_covid,Guanyu Zhou,Kick Sauber,13.0,9.0,2.0,Finished,78.753
2023,7,Spanish Grand Prix,post_covid,Pierre Gasly,Alpine,10.0,10.0,1.0,Finished,78.375
2023,7,Spanish Grand Prix,post_covid,Charles Leclerc,Ferrari,19.0,11.0,0.0,Finished,78.357
2023,7,Spanish Grand Prix,post_covid,Yuki Tsunoda,RB,15.0,12.0,0.0,Finished,78.904
2023,7,Spanish Grand Prix,post_covid,Oscar Piastri,McLaren,9.0,13.0,0.0,Lapped,78.679
2023,7,Spanish Grand Prix,post_covid,Nyck De Vries,RB,14.0,14.0,0.0,Lapped,78.594
2023,7,Spanish Grand Prix,post_covid,Nico Hulkenberg,Haas F1 Team,7.0,15.0,0.0,Lapped,78.776
2023,7,Spanish Grand Prix,post_covid,Alexander Albon,Williams,18.0,16.0,0.0,Lapped,79.133
2023,7,Spanish Grand Prix,post_covid,Lando Norris,McLaren,3.0,17.0,0.0,Lapped,77.182
2023,7,Spanish Grand Prix,post_covid,Kevin Magnussen,Haas F1 Team,17.0,18.0,0.0,Lapped,78.069
2023,7,Spanish Grand Prix,post_covid,Valtteri Bottas,Kick Sauber,16.0,19.0,0.0,Lapped,78.242
2023,7,Spanish Grand Prix,post_covid,Logan Sargeant,Williams,20.0,20.0,0.0,Lapped,79.247
2025,1,Australian Grand Prix,post_covid,Lando Norris,McLaren,1.0,1.0,25.0,Finished,82.167
2025,1,Australian Grand Prix,post_covid,Max Verstappen,Red Bull Racing,3.0,2.0,18.0,Finished,83.081
2025,1,Australian Grand Prix,post_covid,George Russell,Mercedes,4.0,3.0,15.0,Finished,85.065
2025,1,Australian Grand Prix,post_covid,Andrea Kimi Antonelli,Mercedes,16.0,4.0,12.0,Finished,84.901
2025,1,Australian Grand Prix,post_covid,Alexander Albon,Williams,6.0,5.0,10.0,Finished,84.597
2025,1,Australian Grand Prix,post_covid,Lance Stroll,Aston Martin,13.0,6.0,8.0,Finished,85.538
2025,1,Australian Grand Prix,post_covid,Nico Hulkenberg,Kick Sauber,17.0,7.0,6.0,Finished,85.243
2025,1,Australian Grand Prix,post_covid,Charles Leclerc,Ferrari,7.0,8.0,4.0,Finished,85.271
2025,1,Australian Grand Prix,post_covid,Oscar Piastri,McLaren,2.0,9.0,2.0,Finished,83.242
2025,1,Australian Grand Prix,post_covid,Lewis Hamilton,Ferrari,8.0,10.0,1.0,Finished,84.218
2025,1,Australian Grand Prix,post_covid,Pierre Gasly,Alpine,9.0,11.0,0.0,Finished,85.02
2025,1,Australian Grand Prix,post_covid,Yuki Tsunoda,Racing Bulls,5.0,12.0,0.0,Finished,84.194
2025,1,Australian Grand Prix,post_covid,Esteban Ocon,Haas F1 Team,19.0,13.0,0.0,Finished,86.764
2025,1,Australian Grand Prix,post_covid,Oliver Bearman,Haas F1 Team,20.0,14.0,0.0,Finished,87.603
2025,1,Australian Grand Prix,post_covid,Liam Lawson,Red Bull Racing,18.0,15.0,0.0,Retired,82.97
2025,1,Australian Grand Prix,post_covid,Gabriel Bortoleto,Kick Sauber,15.0,16.0,0.0,Retired,84.192
2025,1,Australian Grand Prix,post_covid,Fernando Alonso,Aston Martin,12.0,17.0,0.0,Retired,88.819
2025,1,Australian Grand Prix,post_covid,Carlos Sainz,Williams,10.0,18.0,0.0,Retired,
2025,1,Australian Grand Prix,post_covid,Jack Doohan,Alpine,14.0,19.0,0.0,Retired,
2025,1,Australian Grand Prix,post_covid,Isack Hadjar,Racing Bulls,11.0,20.0,0.0,Retired,
2024,20,Mexico City Grand Prix,post_covid,Carlos Sainz,Ferrari,1.0,1.0,25.0,Finished,80.137
2024,20,Mexico City Grand Prix,post_covid,Lando Norris,McLaren,3.0,2.0,18.0,Finished,79.691
2024,20,Mexico City Grand Prix,post_covid,Charles Leclerc,Ferrari,4.0,3.0,16.0,Finished,78.336
2024,20,Mexico City Grand Prix,post_covid,Lewis Hamilton,Mercedes,6.0,4.0,12.0,Finished,80.371
2024,20,Mexico City Grand Prix,post_covid,George Russell,Mercedes,5.0,5.0,10.0,Finished,80.731
2024,20,Mexico City Grand Prix,post_covid,Max Verstappen,Red Bull Racing,2.0,6.0,8.0,Finished,80.872
2024,20,Mexico City Grand Prix,post_covid,Kevin Magnussen,Haas F1 Team,7.0,7.0,6.0,Finished,80.637
2024,20,Mexico City Grand Prix,post_covid,Oscar Piastri,McLaren,17.0,8.0,4.0,Finished,80.064
2024,20,Mexico City Grand Prix,post_covid,Nico Hulkenberg,Haas F1 Team,10.0,9.0,2.0,Lapped,80.748
2024,20,Mexico City Grand Prix,post_covid,Pierre Gasly,Alpine,8.0,10.0,1.0,Lapped,81.274
2024,20,Mexico City Grand Prix,post_covid,Lance Stroll,Aston Martin,14.0,11.0,0.0,Lapped,81.311
2024,20,Mexico City Grand Prix,post_covid,Franco Colapinto,Williams,16.0,12.0,0.0,Lapped,80.09
2024,20,Mexico City Grand Prix,post_covid,Esteban Ocon,Alpine,0.0,13.0,0.0,Lapped,80.659
2024,20,Mexico City Grand Prix,post_covid,Valtteri Bottas,Kick Sauber,15.0,14.0,0.0,Lapped,81.085
2024,20,Mexico City Grand Prix,post_covid,Guanyu Zhou,Kick Sauber,19.0,15.0,0.0,Lapped,81.553
2024,20,Mexico City Grand Prix,post_covid,Liam Lawson,RB,12.0,16.0,0.0,Lapped,79.502
2024,20,Mexico City Grand Prix,post_covid,Sergio Perez,Red Bull Racing,18.0,17.0,0.0,Lapped,79.209
2024,20,Mexico City Grand Prix,post_covid,Fernando Alonso,Aston Martin,13.0,18.0,0.0,Retired,82.722
2024,20,Mexico City Grand Prix,post_covid,Alexander Albon,Williams,9.0,19.0,0.0,Retired,
2024,20,Mexico City Grand Prix,post_covid,Yuki Tsunoda,RB,11.0,20.0,0.0,Retired,
2023,15,Singapore Grand Prix,post_covid,Carlos Sainz,Ferrari,1.0,1.0,25.0,Finished,97.666
2023,15,Singapore Grand Prix,post_covid,Lando Norris,McLaren,4.0,2.0,18.0,Finished,98.046
2023,15,Singapore Grand Prix,post_covid,Lewis Hamilton,Mercedes,5.0,3.0,16.0,Finished,95.867
2023,15,Singapore Grand Prix,post_covid,Charles Leclerc,Ferrari,3.0,4.0,12.0,Finished,98.275
2023,15,Singapore Grand Prix,post_covid,Max Verstappen,Red Bull Racing,11.0,5.0,10.0,Finished,96.575
2023,15,Singapore Grand Prix,post_covid,Pierre Gasly,Alpine,12.0,6.0,8.0,Finished,98.277
2023,15,Singapore Grand Prix,post_covid,Oscar Piastri,McLaren,17.0,7.0,6.0,Finished,98.492
2023,15,Singapore Grand Prix,post_covid,Sergio Perez,Red Bull Racing,13.0,8.0,4.0,Finished,97.108
2023,15,Singapore Grand Prix,post_covid,Liam Lawson,RB,10.0,9.0,2.0,Finished,99.028
2023,15,Singapore Grand Prix,post_covid,Kevin Magnussen,Haas F1 Team,6.0,10.0,1.0,Finished,98.107
2023,15,Singapore Grand Prix,post_covid,Alexander Albon,Williams,14.0,11.0,0.0,Finished,97.342
2023,15,Singapore Grand Prix,post_covid,Guanyu Zhou,Kick Sauber,19.0,12.0,0.0,Finished,99.316
2023,15,Singapore Grand Prix,post_covid,Nico Hulkenberg,Haas F1 Team,9.0,13.0,0.0,Finished,99.923
2023,15,Singapore Grand Prix,post_covid,Logan Sargeant,Williams,18.0,14.0,0.0,Finished,98.531
2023,15,Singapore Grand Prix,post_covid,Fernando Alonso,Aston Martin,7.0,15.0,0.0,Finished,96.456
2023,15,Singapore Grand Prix,post_covid,George Russell,Mercedes,2.0,16.0,0.0,Retired,96.273
2023,15,Singapore Grand Prix,post_covid,Valtteri Bottas,Kick Sauber,16.0,17.0,0.0,Retired,98.075
2023,15,Singapore Grand Prix,post_covid,Esteban Ocon,Alpine,8.0,18.0,0.0,Retired,99.93
2023,15,Singapore Grand Prix,post_covid,Yuki Tsunoda,RB,15.0,19.0,0.0,Retired,
2023,15,Singapore Grand Prix,post_covid,Lance Stroll,Aston Martin,,,0.0,Withdrew,
2023,17,Qatar Grand Prix,post_covid,Max Verstappen,Red Bull Racing,1.0,1.0,26.0,Finished,84.319
2023,17,Qatar Grand Prix,post_covid,Oscar Piastri,McLaren,6.0,2.0,18.0,Finished,84.921
2023,17,Qatar Grand Prix,post_covid,Lando Norris,McLaren,10.0,3.0,15.0,Finished,84.842
2023,17,Qatar Grand Prix,post_covid,George Russell,Mercedes,2.0,4.0,12.0,Finished,85.77
2023,17,Qatar Grand Prix,post_covid,Charles Leclerc,Ferrari,5.0,5.0,10.0,Finished,84.992
2023,17,Qatar Grand Prix,post_covid,Fernando Alonso,Aston Martin,4.0,6.0,8.0,Finished,86.045
2023,17,Qatar Grand Prix,post_covid,Esteban Ocon,Alpine,8.0,7.0,6.0,Finished,86.45
2023,17,Qatar Grand Prix,post_covid,Valtteri Bottas,Kick Sauber,9.0,8.0,4.0,Finished,86.652
2023,17,Qatar Grand Prix,post_covid,Guanyu Zhou,Kick Sauber,19.0,9.0,2.0,Finished,86.323
2023,17,Qatar Grand Prix,post_covid,Sergio Perez,Red Bull Racing,20.0,10.0,1.0,Finished,86.22
2023,17,Qatar Grand Prix,post_covid,Lance Stroll,Aston Martin,16.0,11.0,0.0,Finished,86.352
2023,17,Qatar Grand Prix,post_covid,Pierre Gasly,Alpine,7.0,12.0,0.0,Finished,85.793
2023,17,Qatar Grand Prix,post_covid,Alexander Albon,Williams,13.0,13.0,0.0,Finished,86.666
2023,17,Qatar Grand Prix,post_covid,Kevin Magnussen,Haas F1 Team,18.0,14.0,0.0,Lapped,87.067
2023,17,Qatar Grand Prix,post_covid,Yuki Tsunoda,RB,11.0,15.0,0.0,Lapped,87.174
2023,17,Qatar Grand Prix,post_covid,Nico Hulkenberg,Haas F1 Team,14.0,16.0,0.0,Lapped,86.444
2023,17,Qatar Grand Prix,post_covid,Liam Lawson,RB,17.0,17.0,0.0,Lapped,87.113
2023,17,Qatar Grand Prix,post_covid,Logan Sargeant,Williams,15.0,18.0,0.0,Retired,87.983
2023,17,Qatar Grand Prix,post_covid,Lewis Hamilton,Mercedes,3.0,19.0,0.0,Retired,
2023,17,Qatar Grand Prix,post_covid,Carlos Sainz,Ferrari,12.0,20.0,0.0,Did not start,
2024,22,Las Vegas Grand Prix,post_covid,George Russell,Mercedes,1.0,1.0,25.0,Finished,95.717
2024,22,Las Vegas Grand Prix,post_covid,Lewis Hamilton,Mercedes,10.0,2.0,18.0,Finished,95.48
2024,22,Las Vegas Grand Prix,post_covid,Carlos Sainz,Ferrari,2.0,3.0,15.0,Finished,95.875
2024,22,Las Vegas Grand Prix,post_covid,Charles Leclerc,Ferrari,4.0,4.0,12.0,Finished,95.674
2024,22,Las Vegas Grand Prix,post_covid,Max Verstappen,Red Bull Racing,5.0,5.0,10.0,Finished,96.248
2024,22,Las Vegas Grand Prix,post_covid,Lando Norris,McLaren,6.0,6.0,9.0,Finished,94.876
2024,22,Las Vegas Grand Prix,post_covid,Oscar Piastri,McLaren,8.0,7.0,6.0,Finished,96.598
2024,22,Las Vegas Grand Prix,post_covid,Nico Hulkenberg,Haas F1 Team,9.0,8.0,4.0,Finished,96.585
2024,22,Las Vegas Grand Prix,post_covid,Yuki Tsunoda,RB,7.0,9.0,2.0,Finished,96.957
2024,22,Las Vegas Grand Prix,post_covid,Sergio Perez,Red Bull Racing,15.0,10.0,1.0,Finished,96.326
2024,22,Las Vegas Grand Prix,post_covid,Fernando Alonso,Aston Martin,16.0,11.0,0.0,Finished,96.553
2024,22,Las Vegas Grand Prix,post_covid,Kevin Magnussen,Haas F1 Team,12.0,12.0,0.0,Finished,96.557
2024,22,Las Vegas Grand Prix,post_covid,Guanyu Zhou,Kick Sauber,13.0,13.0,0.0,Finished,96.324
2024,22,Las Vegas Grand Prix,post_covid,Franco Colapinto,Williams,20.0,14.0,0.0,Finished,96.867
2024,22,Las Vegas Grand Prix,post_covid,Lance Stroll,Aston Martin,18.0,15.0,0.0,Finished,97.179
2024,22,Las Vegas Grand Prix,post_covid,Liam Lawson,RB,14.0,16.0,0.0,Finished,96.98
2024,22,Las Vegas Grand Prix,post_covid,Esteban Ocon,Alpine,11.0,17.0,0.0,Lapped,96.511
2024,22,Las Vegas Grand Prix,post_covid,Valtteri Bottas,Kick Sauber,19.0,18.0,0.0,Lapped,96.601
2024,22,Las Vegas Grand Prix,post_covid,Alexander Albon,Williams,17.0,19.0,0.0,Retired,98.008
2024,22,Las Vegas Grand Prix,post_covid,Pierre Gasly,Alpine,3.0,20.0,0.0,Retired,98.314
2025,3,Japanese Grand Prix,post_covid,Max Verstappen,Red Bull Racing,1.0,1.0,25.0,Finished,91.041
2025,3,Japanese Grand Prix,post_covid,Lando Norris,McLaren,2.0,2.0,18.0,Finished,91.116
2025,3,Japanese Grand Prix,post_covid,Oscar Piastri,McLaren,3.0,3.0,15.0,Finished,91.039
2025,3,Japanese Grand Prix,post_covid,Charles Leclerc,Ferrari,4.0,4.0,12.0,Finished,91.469
2025,3,Japanese Grand Prix,post_covid,George Russell,Mercedes,5.0,5.0,10.0,Finished,91.357
2025,3,Japanese Grand Prix,post_covid,Andrea Kimi Antonelli,Mercedes,6.0,6.0,8.0,Finished,90.965
2025,3,Japanese Grand Prix,post_covid,Lewis Hamilton,Ferrari,8.0,7.0,6.0,Finished,91.406
2025,3,Japanese Grand Prix,post_covid,Isack Hadjar,Racing Bulls,7.0,8.0,4.0,Finished,91.317
2025,3,Japanese Grand Prix,post_covid,Alexander Albon,Williams,9.0,9.0,2.0,Finished,91.125
2025,3,Japanese Grand Prix,post_covid,Oliver Bearman,Haas F1 Team,10.0,10.0,1.0,Finished,92.006
2025,3,Japanese Grand Prix,post_covid,Fernando Alonso,Aston Martin,12.0,11.0,0.0,Finished,91.77
2025,3,Japanese Grand Prix,post_covid,Yuki Tsunoda,Red Bull Racing,14.0,12.0,0.0,Finished,91.871
2025,3,Japanese Grand Prix,post_covid,Pierre Gasly,Alpine,11.0,13.0,0.0,Finished,91.82
2025,3,Japanese Grand Prix,post_covid,Carlos Sainz,Williams,15.0,14.0,0.0,Finished,91.106
2025,3,Japanese Grand Prix,post_covid,Jack Doohan,Alpine,19.0,15.0,0.0,Finished,92.685
2025,3,Japanese Grand Prix,post_covid,Nico Hulkenberg,Kick Sauber,16.0,16.0,0.0,Finished,92.572
2025,3,Japanese Grand Prix,post_covid,Liam Lawson,Racing Bulls,13.0,17.0,0.0,Finished,92.043
2025,3,Japanese Grand Prix,post_covid,Esteban Ocon,Haas F1 Team,18.0,18.0,0.0,Finished,91.967
2025,3,Japanese Grand Prix,post_covid,Gabriel Bortoleto,Kick Sauber,17.0,19.0,0.0,Finished,92.034
2025,3,Japanese Grand Prix,post_covid,Lance Stroll,Aston Martin,20.0,20.0,0.0,Lapped,92.052
2023,5,Miami Grand Prix,post_covid,Max Verstappen,Red Bull Racing,9.0,1.0,26.0,Finished,89.708
2023,5,Miami Grand Prix,post_covid,Sergio Perez,Red Bull Racing,1.0,2.0,18.0,Finished,90.56
2023,5,Miami Grand Prix,post_covid,Fernando Alonso,Aston Martin,2.0,3.0,15.0,Finished,90.519
2023,5,Miami Grand Prix,post_covid,George Russell,Mercedes,6.0,4.0,12.0,Finished,91.015
2023,5,Miami Grand Prix,post_covid,Carlos Sainz,Ferrari,3.0,5.0,10.0,Finished,91.362
2023,5,Miami Grand Prix,post_covid,Lewis Hamilton,Mercedes,13.0,6.0,8.0,Finished,90.669
2023,5,Miami Grand Prix,post_covid,Charles Leclerc,Ferrari,7.0,7.0,6.0,Finished,91.434
2023,5,Miami Grand Prix,post_covid,Pierre Gasly,Alpine,5.0,8.0,4.0,Finished,91.971
2023,5,Miami Grand Prix,post_covid,Esteban Ocon,Alpine,8.0,9.0,2.0,Finished,91.143
2023,5,Miami Grand Prix,post_covid,Kevin Magnussen,Haas F1 Team,4.0,10.0,1.0,Finished,91.691
2023,5,Miami Grand Prix,post_covid,Yuki Tsunoda,RB,17.0,11.0,0.0,Finished,91.038
2023,5,Miami Grand Prix,post_covid,Lance Stroll,Aston Martin,18.0,12.0,0.0,Finished,90.862
2023,5,Miami Grand Prix,post_covid,Valtteri Bottas,Kick Sauber,10.0,13.0,0.0,Finished,91.838
2023,5,Miami Grand Prix,post_covid,Alexander Albon,Williams,11.0,14.0,0.0,Finished,91.852
2023,5,Miami Grand Prix,post_covid,Nico Hulkenberg,Haas F1 Team,12.0,15.0,0.0,Finished,90.901
2023,5,Miami Grand Prix,post_covid,Guanyu Zhou,Kick Sauber,14.0,16.0,0.0,Finished,91.736
2023,5,Miami Grand Prix,post_covid,Lando Norris,McLaren,16.0,17.0,0.0,Finished,92.401
2023,5,Miami Grand Prix,post_covid,Nyck De Vries,RB,15.0,18.0,0.0,Finished,91.562
2023,5,Miami Grand Prix,post_covid,Oscar Piastri,McLaren,19.0,19.0,0.0,Lapped,92.006
2023,5,Miami Grand Prix,post_covid,Logan Sargeant,Williams,20.0,20.0,0.0,Lapped,92.384
2019,16,Russian Grand Prix,pre_covid,Lewis Hamilton,Mercedes,2.0,1.0,26.0,Finished,95.761
2019,16,Russian Grand Prix,pre_covid,Valtteri Bottas,Mercedes,4.0,2.0,18.0,Finished,96.316
2019,16,Russian Grand Prix,pre_covid,Charles Leclerc,Ferrari,1.0,3.0,15.0,Finished,96.193
2019,16,Russian Grand Prix,pre_covid,Max Verstappen,Red Bull Racing,9.0,4.0,12.0,Finished,96.937
2019,16,Russian Grand Prix,pre_covid,Alexander Albon,Red Bull Racing,0.0,5.0,10.0,Finished,96.762
2019,16,Russian Grand Prix,pre_covid,Carlos Sainz,McLaren,5.0,6.0,8.0,Finished,98.02
2019,16,Russian Grand Prix,pre_covid,Sergio Perez,Aston Martin,11.0,7.0,6.0,Finished,98.043
2019,16,Russian Grand Prix,pre_covid,Lando Norris,McLaren,7.0,8.0,4.0,Finished,98.301
2019,16,Russian Grand Prix,pre_covid,Kevin Magnussen,Haas F1 Team,13.0,9.0,2.0,Finished,98.13
2019,16,Russian Grand Prix,pre_covid,Nico Hulkenberg,Alpine,6.0,10.0,1.0,Finished,98.519
2019,16,Russian Grand Prix,pre_covid,Lance Stroll,Aston Martin,14.0,11.0,0.0,Finished,98.611
2019,16,Russian Grand Prix,pre_covid,Daniil Kvyat,RB,19.0,12.0,0.0,Finished,98.228
2019,16,Russian Grand Prix,pre_covid,Kimi Räikkönen,Kick Sauber,15.0,13.0,0.0,Finished,98.589
2019,16,Russian Grand Prix,pre_covid,Pierre Gasly,RB,16.0,14.0,0.0,Finished,98.606
2019,16,Russian Grand Prix,pre_covid,Antonio Giovinazzi,Kick Sauber,12.0,15.0,0.0,Finished,98.696
2019,16,Russian Grand Prix,pre_covid,Robert Kubica,Williams,18.0,16.0,0.0,Brakes,102.327
2019,16,Russian Grand Prix,pre_covid,George Russell,Williams,17.0,17.0,0.0,Brakes,101.705
2019,16,Russian Grand Prix,pre_covid,Sebastian Vettel,Ferrari,3.0,18.0,0.0,Power loss,98.245
2019,16,Russian Grand Prix,pre_covid,Daniel Ricciardo,Alpine,10.0,19.0,0.0,Collision,101.284
2019,16,Russian Grand Prix,pre_covid,Romain Grosjean,Haas F1 Team,8.0,20.0,0.0,Collision,
2018,3,Chinese Grand Prix,pre_covid,Daniel Ricciardo,Red Bull Racing,6.0,1.0,25.0,Finished,95.785
2018,3,Chinese Grand Prix,pre_covid,Valtteri Bottas,Mercedes,3.0,2.0,18.0,Finished,96.987
2018,3,Chinese Grand Prix,pre_covid,Kimi Räikkönen,Ferrari,2.0,3.0,15.0,Finished,96.456
2018,3,Chinese Grand Prix,pre_covid,Lewis Hamilton,Mercedes,4.0,4.0,12.0,Finished,96.878
2018,3,Chinese Grand Prix,pre_covid,Max Verstappen,Red Bull Racing,5.0,5.0,10.0,Finished,96.206
2018,3,Chinese Grand Prix,pre_covid,Nico Hulkenberg,Alpine,7.0,6.0,8.0,Finished,96.881
2018,3,Chinese Grand Prix,pre_covid,Fernando Alonso,McLaren,13.0,7.0,6.0,Finished,97.234
2018,3,Chinese Grand Prix,pre_covid,Sebastian Vettel,Ferrari,1.0,8.0,4.0,Finished,97.479
2018,3,Chinese Grand Prix,pre_covid,Carlos Sainz,Alpine,9.0,9.0,2.0,Finished,97.754
2018,3,Chinese Grand Prix,pre_covid,Kevin Magnussen,Haas F1 Team,11.0,10.0,1.0,Finished,98.152
2018,3,Chinese Grand Prix,pre_covid,Esteban Ocon,Aston Martin,12.0,11.0,0.0,Finished,97.985
2018,3,Chinese Grand Prix,pre_covid,Sergio Perez,Aston Martin,8.0,12.0,0.0,Finished,97.673
2018,3,Chinese Grand Prix,pre_covid,Stoffel Vandoorne,McLaren,14.0,13.0,0.0,Finished,98.137
2018,3,Chinese Grand Prix,pre_covid,Lance Stroll,Williams,18.0,14.0,0.0,Finished,98.5
2018,3,Chinese Grand Prix,pre_covid,Sergey Sirotkin,Williams,16.0,15.0,0.0,Finished,98.624
2018,3,Chinese Grand Prix,pre_covid,Marcus Ericsson,Sauber,20.0,16.0,0.0,Finished,98.386
2018,3,Chinese Grand Prix,pre_covid,Romain Grosjean,Haas F1 Team,10.0,17.0,0.0,Finished,97.41
2018,3,Chinese Grand Prix,pre_covid,Pierre Gasly,RB,17.0,18.0,0.0,Finished,98.367
2018,3,Chinese Grand Prix,pre_covid,Charles Leclerc,Sauber,19.0,19.0,0.0,Finished,98.808
2018,3,Chinese Grand Prix,pre_covid,Brendon Hartley,RB,15.0,20.0,0.0,Collision damage,99.376
2021,12,Belgian Grand Prix,post_covid,Max Verstappen,Red Bull Racing,1.0,1.0,12.5,Finished,207.071
2021,12,Belgian Grand Prix,post_covid,George Russell,Williams,2.0,2.0,9.0,Finished,209.066
2021,12,Belgian Grand Prix,post_covid,Lewis Hamilton,Mercedes,3.0,3.0,7.5,Finished,209.672
2021,12,Belgian Grand Prix,post_covid,Daniel Ricciardo,McLaren,4.0,4.0,6.0,Finished,211.567
2021,12,Belgian Grand Prix,post_covid,Sebastian Vettel,Aston Martin,5.0,5.0,5.0,Finished,214.55
2021,12,Belgian Grand Prix,post_covid,Pierre Gasly,RB,6.0,6.0,4.0,Finished,217.248
2021,12,Belgian Grand Prix,post_covid,Esteban Ocon,Alpine,8.0,7.0,3.0,Finished,218.65
2021,12,Belgian Grand Prix,post_covid,Charles Leclerc,Ferrari,9.0,8.0,2.0,Finished,219.679
2021,12,Belgian Grand Prix,post_covid,Nicholas Latifi,Williams,10.0,9.0,1.0,Finished,222.556
2021,12,Belgian Grand Prix,post_covid,Carlos Sainz,Ferrari,11.0,10.0,0.5,Finished,223.237
2021,12,Belgian Grand Prix,post_covid,Fernando Alonso,Alpine,12.0,11.0,0.0,Finished,227.661
2021,12,Belgian Grand Prix,post_covid,Valtteri Bottas,Mercedes,13.0,12.0,0.0,Finished,229.485
2021,12,Belgian Grand Prix,post_covid,Antonio Giovinazzi,Kick Sauber,14.0,13.0,0.0,Finished,231.234
2021,12,Belgian Grand Prix,post_covid,Lando Norris,McLaren,15.0,14.0,0.0,Finished,234.181
2021,12,Belgian Grand Prix,post_covid,Yuki Tsunoda,RB,16.0,15.0,0.0,Finished,235.4
2021,12,Belgian Grand Prix,post_covid,Mick Schumacher,Haas F1 Team,17.0,16.0,0.0,Finished,236.578
2021,12,Belgian Grand Prix,post_covid,Nikita Mazepin,Haas F1 Team,18.0,17.0,0.0,Finished,239.064
2021,12,Belgian Grand Prix,post_covid,Kimi Räikkönen,Kick Sauber,0.0,18.0,0.0,Finished,243.125
2021,12,Belgian Grand Prix,post_covid,Sergio Perez,Red Bull Racing,0.0,19.0,0.0,Finished,245.276
2021,12,Belgian Grand Prix,post_covid,Lance Stroll,Aston Martin,19.0,20.0,0.0,Finished,241.179
2021,7,French Grand Prix,post_covid,Max Verstappen,Red Bull Racing,1.0,1.0,26.0,Finished,96.404
2021,7,French Grand Prix,post_covid,Lewis Hamilton,Mercedes,2.0,2.0,18.0,Finished,97.41
2021,7,French Grand Prix,post_covid,Sergio Perez,Red Bull Racing,4.0,3.0,15.0,Finished,96.693
2021,7,French Grand Prix,post_covid,Valtteri Bottas,Mercedes,3.0,4.0,12.0,Finished,96.96
2021,7,French Grand Prix,post_covid,Lando Norris,McLaren,8.0,5.0,10.0,Finished,97.425
2021,7,French Grand Prix,post_covid,Daniel Ricciardo,McLaren,10.0,6.0,8.0,Finished,98.324
2021,7,French Grand Prix,post_covid,Pierre Gasly,RB,6.0,7.0,6.0,Finished,98.103
2021,7,French Grand Prix,post_covid,Fernando Alonso,Alpine,9.0,8.0,4.0,Finished,97.646
2021,7,French Grand Prix,post_covid,Sebastian Vettel,Aston Martin,12.0,9.0,2.0,Finished,97.138
2021,7,French Grand Prix,post_covid,Lance Stroll,Aston Martin,19.0,10.0,1.0,Finished,97.828
2021,7,French Grand Prix,post_covid,Carlos Sainz,Ferrari,5.0,11.0,0.0,Finished,98.931
2021,7,French Grand Prix,post_covid,George Russell,Williams,14.0,12.0,0.0,+1 Lap,98.314
2021,7,French Grand Prix,post_covid,Yuki Tsunoda,RB,0.0,13.0,0.0,+1 Lap,98.98
2021,7,French Grand Prix,post_covid,Esteban Ocon,Alpine,11.0,14.0,0.0,+1 Lap,98.645
2021,7,French Grand Prix,post_covid,Antonio Giovinazzi,Kick Sauber,13.0,15.0,0.0,+1 Lap,98.702
2021,7,French Grand Prix,post_covid,Charles Leclerc,Ferrari,7.0,16.0,0.0,+1 Lap,97.681
2021,7,French Grand Prix,post_covid,Kimi Räikkönen,Kick Sauber,17.0,17.0,0.0,+1 Lap,97.992
2021,7,French Grand Prix,post_covid,Nicholas Latifi,Williams,16.0,18.0,0.0,+1 Lap,98.313
2021,7,French Grand Prix,post_covid,Mick Schumacher,Haas F1 Team,15.0,19.0,0.0,+1 Lap,98.847
2021,7,French Grand Prix,post_covid,Nikita Mazepin,Haas F1 Team,18.0,20.0,0.0,+1 Lap,99.317
2021,6,Azerbaijan Grand Prix,post_covid,Sergio Perez,Red Bull Racing,6.0,1.0,25.0,Finished,104.687
2021,6,Azerbaijan Grand Prix,post_covid,Sebastian Vettel,Aston Martin,11.0,2.0,18.0,Finished,104.89
2021,6,Azerbaijan Grand Prix,post_covid,Pierre Gasly,RB,4.0,3.0,15.0,Finished,105.22
2021,6,Azerbaijan Grand Prix,post_covid,Charles Leclerc,Ferrari,1.0,4.0,12.0,Finished,105.382
2021,6,Azerbaijan Grand Prix,post_covid,Lando Norris,McLaren,9.0,5.0,10.0,Finished,105.326
2021,6,Azerbaijan Grand Prix,post_covid,Fernando Alonso,Alpine,8.0,6.0,8.0,Finished,105.624
2021,6,Azerbaijan Grand Prix,post_covid,Yuki Tsunoda,RB,7.0,7.0,6.0,Finished,104.939
2021,6,Azerbaijan Grand Prix,post_covid,Carlos Sainz,Ferrari,5.0,8.0,4.0,Finished,105.7
2021,6,Azerbaijan Grand Prix,post_covid,Daniel Ricciardo,McLaren,13.0,9.0,2.0,Finished,105.713
2021,6,Azerbaijan Grand Prix,post_covid,Kimi Räikkönen,Kick Sauber,14.0,10.0,1.0,Finished,105.601
2021,6,Azerbaijan Grand Prix,post_covid,Antonio Giovinazzi,Kick Sauber,20.0,11.0,0.0,Finished,105.575
2021,6,Azerbaijan Grand Prix,post_covid,Valtteri Bottas,Mercedes,10.0,12.0,0.0,Finished,105.665
2021,6,Azerbaijan Grand Prix,post_covid,Mick Schumacher,Haas F1 Team,17.0,13.0,0.0,Finished,107.624
2021,6,Azerbaijan Grand Prix,post_covid,Nikita Mazepin,Haas F1 Team,18.0,14.0,0.0,Finished,107.747
2021,6,Azerbaijan Grand Prix,post_covid,Lewis Hamilton,Mercedes,2.0,15.0,0.0,Finished,104.769
2021,6,Azerbaijan Grand Prix,post_covid,Nicholas Latifi,Williams,16.0,16.0,0.0,Finished,106.608
2021,6,Azerbaijan Grand Prix,post_covid,George Russell,Williams,15.0,17.0,0.0,Gearbox,105.959
2021,6,Azerbaijan Grand Prix,post_covid,Max Verstappen,Red Bull Racing,3.0,18.0,0.0,Accident,104.481
2021,6,Azerbaijan Grand Prix,post_covid,Lance Stroll,Aston Martin,19.0,19.0,0.0,Accident,106.207
2021,6,Azerbaijan Grand Prix,post_covid,Esteban Ocon,Alpine,12.0,20.0,0.0,Turbo,110.85
2021,13,Dutch Grand Prix,post_covid,Max Verstappen,Red Bull Racing,1.0,1.0,25.0,Finished,73.275
2021,13,Dutch Grand Prix,post_covid,Lewis Hamilton,Mercedes,2.0,2.0,19.0,Finished,71.097
2021,13,Dutch Grand Prix,post_covid,Valtteri Bottas,Mercedes,3.0,3.0,15.0,Finished,72.549
2021,13,Dutch Grand Prix,post_covid,Pierre Gasly,RB,4.0,4.0,12.0,+1 Lap,74.818
2021,13,Dutch Grand Prix,post_covid,Charles Leclerc,Ferrari,5.0,5.0,10.0,+1 Lap,74.78
2021,13,Dutch Grand Prix,post_covid,Fernando Alonso,Alpine,9.0,6.0,8.0,+1 Lap,74.323
2021,13,Dutch Grand Prix,post_covid,Carlos Sainz,Ferrari,6.0,7.0,6.0,+1 Lap,75.26
2021,13,Dutch Grand Prix,post_covid,Sergio Perez,Red Bull Racing,0.0,8.0,4.0,+1 Lap,73.461
2021,13,Dutch Grand Prix,post_covid,Esteban Ocon,Alpine,8.0,9.0,2.0,+1 Lap,74.675
2021,13,Dutch Grand Prix,post_covid,Lando Norris,McLaren,13.0,10.0,1.0,+1 Lap,74.236
2021,13,Dutch Grand Prix,post_covid,Daniel Ricciardo,McLaren,10.0,11.0,0.0,+1 Lap,74.92
2021,13,Dutch Grand Prix,post_covid,Lance Stroll,Aston Martin,12.0,12.0,0.0,+2 Laps,75.611
2021,13,Dutch Grand Prix,post_covid,Sebastian Vettel,Aston Martin,15.0,13.0,0.0,+2 Laps,73.958
2021,13,Dutch Grand Prix,post_covid,Antonio Giovinazzi,Kick Sauber,7.0,14.0,0.0,+2 Laps,75.125
2021,13,Dutch Grand Prix,post_covid,Robert Kubica,Kick Sauber,16.0,15.0,0.0,+2 Laps,75.442
2021,13,Dutch Grand Prix,post_covid,Nicholas Latifi,Williams,0.0,16.0,0.0,+2 Laps,75.79
2021,13,Dutch Grand Prix,post_covid,George Russell,Williams,11.0,17.0,0.0,Gearbox,75.628
2021,13,Dutch Grand Prix,post_covid,Mick Schumacher,Haas F1 Team,17.0,18.0,0.0,+3 Laps,75.927
2021,13,Dutch Grand Prix,post_covid,Yuki Tsunoda,RB,14.0,19.0,0.0,Power Unit,75.783
2021,13,Dutch Grand Prix,post_covid,Nikita Mazepin,Haas F1 Team,18.0,20.0,0.0,Hydraulics,76.066
2018,2,Bahrain Grand Prix,pre_covid,Sebastian Vettel,Ferrari,1.0,1.0,25.0,Finished,94.453
2018,2,Bahrain Grand Prix,pre_covid,Valtteri Bottas,Mercedes,3.0,2.0,18.0,Finished,93.74
2018,2,Bahrain Grand Prix,pre_covid,Lewis Hamilton,Mercedes,9.0,3.0,15.0,Finished,93.953
2018,2,Bahrain Grand Prix,pre_covid,Pierre Gasly,RB,5.0,4.0,12.0,Finished,94.863
2018,2,Bahrain Grand Prix,pre_covid,Kevin Magnussen,Haas F1 Team,6.0,5.0,10.0,Finished,94.327
2018,2,Bahrain Grand Prix,pre_covid,Nico Hulkenberg,Alpine,7.0,6.0,8.0,Finished,94.667
2018,2,Bahrain Grand Prix,pre_covid,Fernando Alonso,McLaren,13.0,7.0,6.0,+1 Lap,94.168
2018,2,Bahrain Grand Prix,pre_covid,Stoffel Vandoorne,McLaren,14.0,8.0,4.0,+1 Lap,95.131
2018,2,Bahrain Grand Prix,pre_covid,Marcus Ericsson,Sauber,17.0,9.0,2.0,+1 Lap,95.093
2018,2,Bahrain Grand Prix,pre_covid,Esteban Ocon,Aston Martin,8.0,10.0,1.0,+1 Lap,95.043
2018,2,Bahrain Grand Prix,pre_covid,Carlos Sainz,Alpine,10.0,11.0,0.0,+1 Lap,95.535
2018,2,Bahrain Grand Prix,pre_covid,Charles Leclerc,Sauber,19.0,12.0,0.0,+1 Lap,95.058
2018,2,Bahrain Grand Prix,pre_covid,Romain Grosjean,Haas F1 Team,16.0,13.0,0.0,+1 Lap,94.053
2018,2,Bahrain Grand Prix,pre_covid,Lance Stroll,Williams,20.0,14.0,0.0,+1 Lap,95.266
2018,2,Bahrain Grand Prix,pre_covid,Sergey Sirotkin,Williams,18.0,15.0,0.0,+1 Lap,94.563
2018,2,Bahrain Grand Prix,pre_covid,Sergio Perez,Aston Martin,12.0,16.0,0.0,+1 Lap,95.075
2018,2,Bahrain Grand Prix,pre_covid,Brendon Hartley,RB,11.0,17.0,0.0,+1 Lap,94.689
2018,2,Bahrain Grand Prix,pre_covid,Kimi Räikkönen,Ferrari,2.0,18.0,0.0,Wheel,94.337
2018,2,Bahrain Grand Prix,pre_covid,Max Verstappen,Red Bull Racing,15.0,19.0,0.0,Puncture,103.654
2018,2,Bahrain Grand Prix,pre_covid,Daniel Ricciardo,Red Bull Racing,4.0,20.0,0.0,Electrical,98.684
2019,17,Japanese Grand Prix,pre_covid,Valtteri Bottas,Mercedes,3.0,1.0,25.0,Finished,91.862
2019,17,Japanese Grand Prix,pre_covid,Sebastian Vettel,Ferrari,1.0,2.0,18.0,Finished,92.122
2019,17,Japanese Grand Prix,pre_covid,Lewis Hamilton,Mercedes,4.0,3.0,16.0,Finished,90.983
2019,17,Japanese Grand Prix,pre_covid,Alexander Albon,Red Bull Racing,6.0,4.0,12.0,Finished,92.775
2019,17,Japanese Grand Prix,pre_covid,Carlos Sainz,McLaren,7.0,5.0,10.0,Finished,93.563
2019,17,Japanese Grand Prix,pre_covid,Charles Leclerc,Ferrari,2.0,6.0,8.0,+1 Lap,91.611
2019,17,Japanese Grand Prix,pre_covid,Pierre Gasly,RB,9.0,7.0,6.0,+1 Lap,95.321
2019,17,Japanese Grand Prix,pre_covid,Sergio Perez,Aston Martin,17.0,8.0,4.0,+1 Lap,92.621
2019,17,Japanese Grand Prix,pre_covid,Lance Stroll,Aston Martin,12.0,9.0,2.0,+1 Lap,94.713
2019,17,Japanese Grand Prix,pre_covid,Daniil Kvyat,RB,14.0,10.0,1.0,+1 Lap,93.239
2019,17,Japanese Grand Prix,pre_covid,Lando Norris,McLaren,8.0,11.0,0.0,+1 Lap,94.116
2019,17,Japanese Grand Prix,pre_covid,Kimi Räikkönen,Kick Sauber,13.0,12.0,0.0,+1 Lap,93.19
2019,17,Japanese Grand Prix,pre_covid,Romain Grosjean,Haas F1 Team,10.0,13.0,0.0,+1 Lap,94.988
2019,17,Japanese Grand Prix,pre_covid,Antonio Giovinazzi,Kick Sauber,11.0,14.0,0.0,+1 Lap,92.369
2019,17,Japanese Grand Prix,pre_covid,Kevin Magnussen,Haas F1 Team,19.0,15.0,0.0,+1 Lap,91.732
2019,17,Japanese Grand Prix,pre_covid,George Russell,Williams,18.0,16.0,0.0,+2 Laps,95.458
2019,17,Japanese Grand Prix,pre_covid,Robert Kubica,Williams,0.0,17.0,0.0,+2 Laps,96.332
2019,17,Japanese Grand Prix,pre_covid,Max Verstappen,Red Bull Racing,5.0,18.0,0.0,Brakes,97.249
2019,17,Japanese Grand Prix,pre_covid,Daniel Ricciardo,Alpine,16.0,19.0,0.0,Disqualified,93.481
2019,17,Japanese Grand Prix,pre_covid,Nico Hulkenberg,Alpine,15.0,20.0,0.0,Disqualified,94.921
2023,4,Azerbaijan Grand Prix,post_covid,Sergio Perez,Red Bull Racing,3.0,1.0,25.0,Finished,104.589
2023,4,Azerbaijan Grand Prix,post_covid,Max Verstappen,Red Bull Racing,2.0,2.0,18.0,Finished,104.232
2023,4,Azerbaijan Grand Prix,post_covid,Charles Leclerc,Ferrari,1.0,3.0,15.0,Finished,104.561
2023,4,Azerbaijan Grand Prix,post_covid,Fernando Alonso,Aston Martin,6.0,4.0,12.0,Finished,104.241
2023,4,Azerbaijan Grand Prix,post_covid,Carlos Sainz,Ferrari,4.0,5.0,10.0,Finished,105.175
2023,4,Azerbaijan Grand Prix,post_covid,Lewis Hamilton,Mercedes,5.0,6.0,8.0,Finished,105.346
2023,4,Azerbaijan Grand Prix,post_covid,Lance Stroll,Aston Martin,9.0,7.0,6.0,Finished,105.627
2023,4,Azerbaijan Grand Prix,post_covid,George Russell,Mercedes,11.0,8.0,5.0,Finished,103.37
2023,4,Azerbaijan Grand Prix,post_covid,Lando Norris,McLaren,7.0,9.0,2.0,Finished,105.738
2023,4,Azerbaijan Grand Prix,post_covid,Yuki Tsunoda,RB,8.0,10.0,1.0,Finished,105.727
2023,4,Azerbaijan Grand Prix,post_covid,Oscar Piastri,McLaren,10.0,11.0,0.0,Finished,105.631
2023,4,Azerbaijan Grand Prix,post_covid,Alexander Albon,Williams,12.0,12.0,0.0,Finished,105.925
2023,4,Azerbaijan Grand Prix,post_covid,Kevin Magnussen,Haas F1 Team,16.0,13.0,0.0,Finished,105.85
2023,4,Azerbaijan Grand Prix,post_covid,Pierre Gasly,Alpine,17.0,14.0,0.0,Finished,105.54
2023,4,Azerbaijan Grand Prix,post_covid,Esteban Ocon,Alpine,19.0,15.0,0.0,Finished,105.908
2023,4,Azerbaijan Grand Prix,post_covid,Logan Sargeant,Williams,14.0,16.0,0.0,Finished,106.501
2023,4,Azerbaijan Grand Prix,post_covid,Nico Hulkenberg,Haas F1 Team,20.0,17.0,0.0,Lapped,106.731
2023,4,Azerbaijan Grand Prix,post_covid,Valtteri Bottas,Kick Sauber,13.0,18.0,0.0,Lapped,106.304
2023,4,Azerbaijan Grand Prix,post_covid,Guanyu Zhou,Kick Sauber,15.0,19.0,0.0,Retired,107.553
2023,4,Azerbaijan Grand Prix,post_covid,Nyck De Vries,RB,18.0,20.0,0.0,Retired,108.781
2025,2,Chinese Grand Prix,post_covid,Oscar Piastri,McLaren,1.0,1.0,25.0,Finished,95.52
2025,2,Chinese Grand Prix,post_covid,Lando Norris,McLaren,3.0,2.0,18.0,Finished,95.454
2025,2,Chinese Grand Prix,post_covid,George Russell,Mercedes,2.0,3.0,15.0,Finished,95.816
2025,2,Chinese Grand Prix,post_covid,Max Verstappen,Red Bull Racing,4.0,4.0,12.0,Finished,95.488
2025,2,Chinese Grand Prix,post_covid,Esteban Ocon,Haas F1 Team,11.0,5.0,10.0,Finished,95.74
2025,2,Chinese Grand Prix,post_covid,Andrea Kimi Antonelli,Mercedes,8.0,6.0,8.0,Finished,96.046
2025,2,Chinese Grand Prix,post_covid,Alexander Albon,Williams,10.0,7.0,6.0,Finished,96.254
2025,2,Chinese Grand Prix,post_covid,Oliver Bearman,Haas F1 Team,17.0,8.0,4.0,Finished,96.363
2025,2,Chinese Grand Prix,post_covid,Lance Stroll,Aston Martin,14.0,9.0,2.0,Finished,96.044
2025,2,Chinese Grand Prix,post_covid,Carlos Sainz,Williams,15.0,10.0,1.0,Finished,96.779
2025,2,Chinese Grand Prix,post_covid,Isack Hadjar,Racing Bulls,7.0,11.0,0.0,Finished,95.868
2025,2,Chinese Grand Prix,post_covid,Liam Lawson,Red Bull Racing,20.0,12.0,0.0,Finished,95.985
2025,2,Chinese Grand Prix,post_covid,Jack Doohan,Alpine,18.0,13.0,0.0,Finished,96.424
2025,2,Chinese Grand Prix,post_covid,Gabriel Bortoleto,Kick Sauber,19.0,14.0,0.0,Lapped,95.874
2025,2,Chinese Grand Prix,post_covid,Nico Hulkenberg,Kick Sauber,12.0,15.0,0.0,Lapped,97.275
2025,2,Chinese Grand Prix,post_covid,Yuki Tsunoda,Racing Bulls,9.0,16.0,0.0,Lapped,95.871
2025,2,Chinese Grand Prix,post_covid,Fernando Alonso,Aston Martin,13.0,17.0,0.0,Retired,99.256
2025,2,Chinese Grand Prix,post_covid,Charles Leclerc,Ferrari,6.0,18.0,0.0,Disqualified,96.157
2025,2,Chinese Grand Prix,post_covid,Lewis Hamilton,Ferrari,5.0,19.0,0.0,Disqualified,95.069
2025,2,Chinese Grand Prix,post_covid,Pierre Gasly,Alpine,16.0,20.0,0.0,Disqualified,96.425
2024,23,Qatar Grand Prix,post_covid,Max Verstappen,Red Bull Racing,2.0,1.0,25.0,Finished,82.905
2024,23,Qatar Grand Prix,post_covid,Charles Leclerc,Ferrari,5.0,2.0,18.0,Finished,83.242
2024,23,Qatar Grand Prix,post_covid,Oscar Piastri,McLaren,4.0,3.0,15.0,Finished,83.218
2024,23,Qatar Grand Prix,post_covid,George Russell,Mercedes,1.0,4.0,12.0,Finished,83.355
2024,23,Qatar Grand Prix,post_covid,Pierre Gasly,Alpine,11.0,5.0,10.0,Finished,83.705
2024,23,Qatar Grand Prix,post_covid,Carlos Sainz,Ferrari,7.0,6.0,8.0,Finished,83.465
2024,23,Qatar Grand Prix,post_covid,Fernando Alonso,Aston Martin,8.0,7.0,6.0,Finished,83.667
2024,23,Qatar Grand Prix,post_covid,Guanyu Zhou,Kick Sauber,12.0,8.0,4.0,Finished,83.889
2024,23,Qatar Grand Prix,post_covid,Kevin Magnussen,Haas F1 Team,10.0,9.0,2.0,Finished,84.259
2024,23,Qatar Grand Prix,post_covid,Lando Norris,McLaren,3.0,10.0,2.0,Finished,82.384
2024,23,Qatar Grand Prix,post_covid,Valtteri Bottas,Kick Sauber,13.0,11.0,0.0,Finished,85.533
2024,23,Qatar Grand Prix,post_covid,Lewis Hamilton,Mercedes,6.0,12.0,0.0,Finished,83.865
2024,23,Qatar Grand Prix,post_covid,Yuki Tsunoda,RB,14.0,13.0,0.0,Finished,86.144
2024,23,Qatar Grand Prix,post_covid,Liam Lawson,RB,17.0,14.0,0.0,Finished,86.076
2024,23,Qatar Grand Prix,post_covid,Alexander Albon,Williams,16.0,15.0,0.0,Lapped,85.559
2024,23,Qatar Grand Prix,post_covid,Nico Hulkenberg,Haas F1 Team,18.0,16.0,0.0,Retired,85.767
2024,23,Qatar Grand Prix,post_covid,Sergio Perez,Red Bull Racing,9.0,17.0,0.0,Retired,85.288
2024,23,Qatar Grand Prix,post_covid,Lance Stroll,Aston Martin,15.0,18.0,0.0,Retired,90.935
2024,23,Qatar Grand Prix,post_covid,Franco Colapinto,Williams,19.0,19.0,0.0,Retired,
2024,23,Qatar Grand Prix,post_covid,Esteban Ocon,Alpine,20.0,20.0,0.0,Retired,
2023,16,Japanese Grand Prix,post_covid,Max Verstappen,Red Bull Racing,1.0,1.0,26.0,Finished,94.183
2023,16,Japanese Grand Prix,post_covid,Lando Norris,McLaren,3.0,2.0,18.0,Finished,95.247
2023,16,Japanese Grand Prix,post_covid,Oscar Piastri,McLaren,2.0,3.0,15.0,Finished,96.328
2023,16,Japanese Grand Prix,post_covid,Charles Leclerc,Ferrari,4.0,4.0,12.0,Finished,96.362
2023,16,Japanese Grand Prix,post_covid,Lewis Hamilton,Mercedes,7.0,5.0,10.0,Finished,95.611
2023,16,Japanese Grand Prix,post_covid,Carlos Sainz,Ferrari,6.0,6.0,8.0,Finished,96.187
2023,16,Japanese Grand Prix,post_covid,George Russell,Mercedes,8.0,7.0,6.0,Finished,97.653
2023,16,Japanese Grand Prix,post_covid,Fernando Alonso,Aston Martin,10.0,8.0,4.0,Finished,97.203
2023,16,Japanese Grand Prix,post_covid,Esteban Ocon,Alpine,14.0,9.0,2.0,Finished,97.398
2023,16,Japanese Grand Prix,post_covid,Pierre Gasly,Alpine,12.0,10.0,1.0,Finished,96.371
2023,16,Japanese Grand Prix,post_covid,Liam Lawson,RB,11.0,11.0,0.0,Lapped,98.267
2023,16,Japanese Grand Prix,post_covid,Yuki Tsunoda,RB,9.0,12.0,0.0,Lapped,97.768
2023,16,Japanese Grand Prix,post_covid,Guanyu Zhou,Kick Sauber,19.0,13.0,0.0,Lapped,97.791
2023,16,Japanese Grand Prix,post_covid,Nico Hulkenberg,Haas F1 Team,18.0,14.0,0.0,Lapped,97.25
2023,16,Japanese Grand Prix,post_covid,Kevin Magnussen,Haas F1 Team,15.0,15.0,0.0,Lapped,97.842
2023,16,Japanese Grand Prix,post_covid,Alexander Albon,Williams,13.0,16.0,0.0,Retired,99.185
2023,16,Japanese Grand Prix,post_covid,Logan Sargeant,Williams,20.0,17.0,0.0,Retired,98.848
2023,16,Japanese Grand Prix,post_covid,Lance Stroll,Aston Martin,17.0,18.0,0.0,Retired,99.05
2023,16,Japanese Grand Prix,post_covid,Sergio Perez,Red Bull Racing,5.0,19.0,0.0,Retired,99.704
2023,16,Japanese Grand Prix,post_covid,Valtteri Bottas,Kick Sauber,16.0,20.0,0.0,Retired,106.852
2023,12,Belgian Grand Prix,post_covid,Max Verstappen,Red Bull Racing,6.0,1.0,25.0,Finished,108.922
2023,12,Belgian Grand Prix,post_covid,Sergio Perez,Red Bull Racing,2.0,2.0,18.0,Finished,110.308
2023,12,Belgian Grand Prix,post_covid,Charles Leclerc,Ferrari,1.0,3.0,15.0,Finished,110.436
2023,12,Belgian Grand Prix,post_covid,Lewis Hamilton,Mercedes,3.0,4.0,13.0,Finished,107.305
2023,12,Belgian Grand Prix,post_covid,Fernando Alonso,Aston Martin,9.0,5.0,10.0,Finished,110.938
2023,12,Belgian Grand Prix,post_covid,George Russell,Mercedes,8.0,6.0,8.0,Finished,110.603
2023,12,Belgian Grand Prix,post_covid,Lando Norris,McLaren,7.0,7.0,6.0,Finished,111.682
2023,12,Belgian Grand Prix,post_covid,Esteban Ocon,Alpine,14.0,8.0,4.0,Finished,110.439
2023,12,Belgian Grand Prix,post_covid,Lance Stroll,Aston Martin,10.0,9.0,2.0,Finished,111.297
2023,12,Belgian Grand Prix,post_covid,Yuki Tsunoda,RB,11.0,10.0,1.0,Finished,111.394
2023,12,Belgian Grand Prix,post_covid,Pierre Gasly,Alpine,12.0,11.0,0.0,Finished,110.911
2023,12,Belgian Grand Prix,post_covid,Valtteri Bottas,Kick Sauber,13.0,12.0,0.0,Finished,110.515
2023,12,Belgian Grand Prix,post_covid,Guanyu Zhou,Kick Sauber,17.0,13.0,0.0,Finished,110.188
2023,12,Belgian Grand Prix,post_covid,Alexander Albon,Williams,15.0,14.0,0.0,Finished,109.841
2023,12,Belgian Grand Prix,post_covid,Kevin Magnussen,Haas F1 Team,16.0,15.0,0.0,Finished,110.993
2023,12,Belgian Grand Prix,post_covid,Daniel Ricciardo,RB,19.0,16.0,0.0,Finished,110.994
2023,12,Belgian Grand Prix,post_covid,Logan Sargeant,Williams,18.0,17.0,0.0,Finished,110.236
2023,12,Belgian Grand Prix,post_covid,Nico Hulkenberg,Haas F1 Team,20.0,18.0,0.0,Finished,109.907
2023,12,Belgian Grand Prix,post_covid,Carlos Sainz,Ferrari,4.0,19.0,0.0,Retired,113.138
2023,12,Belgian Grand Prix,post_covid,Oscar Piastri,McLaren,5.0,20.0,0.0,Retired,
2025,6,Miami Grand Prix,post_covid,Oscar Piastri,McLaren,4.0,1.0,25.0,Finished,89.822
2025,6,Miami Grand Prix,post_covid,Lando Norris,McLaren,2.0,2.0,18.0,Finished,89.746
2025,6,Miami Grand Prix,post_covid,George Russell,Mercedes,5.0,3.0,15.0,Finished,90.318
2025,6,Miami Grand Prix,post_covid,Max Verstappen,Red Bull Racing,1.0,4.0,12.0,Finished,90.466
2025,6,Miami Grand Prix,post_covid,Alexander Albon,Williams,7.0,5.0,10.0,Finished,90.482
2025,6,Miami Grand Prix,post_covid,Andrea Kimi Antonelli,Mercedes,3.0,6.0,8.0,Finished,90.795
2025,6,Miami Grand Prix,post_covid,Charles Leclerc,Ferrari,8.0,7.0,6.0,Finished,90.461
2025,6,Miami Grand Prix,post_covid,Lewis Hamilton,Ferrari,12.0,8.0,4.0,Finished,90.562
2025,6,Miami Grand Prix,post_covid,Carlos Sainz,Williams,6.0,9.0,2.0,Finished,90.703
2025,6,Miami Grand Prix,post_covid,Yuki Tsunoda,Red Bull Racing,10.0,10.0,1.0,Finished,90.964
2025,6,Miami Grand Prix,post_covid,Isack Hadjar,Racing Bulls,11.0,11.0,0.0,Finished,90.971
2025,6,Miami Grand Prix,post_covid,Esteban Ocon,Haas F1 Team,9.0,12.0,0.0,Finished,91.122
2025,6,Miami Grand Prix,post_covid,Pierre Gasly,Alpine,20.0,13.0,0.0,Finished,91.159
2025,6,Miami Grand Prix,post_covid,Nico Hulkenberg,Kick Sauber,16.0,14.0,0.0,Lapped,91.015
2025,6,Miami Grand Prix,post_covid,Fernando Alonso,Aston Martin,17.0,15.0,0.0,Lapped,91.287
2025,6,Miami Grand Prix,post_covid,Lance Stroll,Aston Martin,18.0,16.0,0.0,Lapped,91.769
2025,6,Miami Grand Prix,post_covid,Liam Lawson,Racing Bulls,15.0,17.0,0.0,Retired,91.77
2025,6,Miami Grand Prix,post_covid,Gabriel Bortoleto,Kick Sauber,13.0,18.0,0.0,Retired,92.328
2025,6,Miami Grand Prix,post_covid,Oliver Bearman,Haas F1 Team,19.0,19.0,0.0,Retired,92.68
2025,6,Miami Grand Prix,post_covid,Jack Doohan,Alpine,14.0,20.0,0.0,Retired,
2019,13,Belgian Grand Prix,pre_covid,Charles Leclerc,Ferrari,1.0,1.0,25.0,Finished,106.664
2019,13,Belgian Grand Prix,pre_covid,Lewis Hamilton,Mercedes,3.0,2.0,18.0,Finished,106.58
2019,13,Belgian Grand Prix,pre_covid,Valtteri Bottas,Mercedes,4.0,3.0,15.0,Finished,106.465
2019,13,Belgian Grand Prix,pre_covid,Sebastian Vettel,Ferrari,2.0,4.0,13.0,Finished,106.409
2019,13,Belgian Grand Prix,pre_covid,Alexander Albon,Red Bull Racing,17.0,5.0,10.0,Finished,107.507
2019,13,Belgian Grand Prix,pre_covid,Sergio Perez,Aston Martin,7.0,6.0,8.0,Finished,108.781
2019,13,Belgian Grand Prix,pre_covid,Daniil Kvyat,RB,19.0,7.0,6.0,Finished,108.143
2019,13,Belgian Grand Prix,pre_covid,Nico Hulkenberg,Alpine,12.0,8.0,4.0,Finished,108.349
2019,13,Belgian Grand Prix,pre_covid,Pierre Gasly,RB,13.0,9.0,2.0,Finished,109.7
2019,13,Belgian Grand Prix,pre_covid,Lance Stroll,Aston Martin,16.0,10.0,1.0,Finished,108.357
2019,13,Belgian Grand Prix,pre_covid,Lando Norris,McLaren,11.0,11.0,0.0,Engine,108.321
2019,13,Belgian Grand Prix,pre_covid,Kevin Magnussen,Haas F1 Team,8.0,12.0,0.0,+1 Lap,108.677
2019,13,Belgian Grand Prix,pre_covid,Romain Grosjean,Haas F1 Team,9.0,13.0,0.0,+1 Lap,109.274
2019,13,Belgian Grand Prix,pre_covid,Daniel Ricciardo,Alpine,10.0,14.0,0.0,+1 Lap,110.451
2019,13,Belgian Grand Prix,pre_covid,George Russell,Williams,14.0,15.0,0.0,+1 Lap,108.86
2019,13,Belgian Grand Prix,pre_covid,Kimi Räikkönen,Kick Sauber,6.0,16.0,0.0,+1 Lap,108.753
2019,13,Belgian Grand Prix,pre_covid,Robert Kubica,Williams,0.0,17.0,0.0,+1 Lap,109.22
2019,13,Belgian Grand Prix,pre_covid,Antonio Giovinazzi,Kick Sauber,18.0,18.0,0.0,Accident,107.56
2019,13,Belgian Grand Prix,pre_covid,Carlos Sainz,McLaren,15.0,19.0,0.0,Power loss,194.682
2019,13,Belgian Grand Prix,pre_covid,Max Verstappen,Red Bull Racing,5.0,20.0,0.0,Accident,
2018,6,Monaco Grand Prix,pre_covid,Daniel Ricciardo,Red Bull Racing,1.0,1.0,25.0,Finished,75.562
2018,6,Monaco Grand Prix,pre_covid,Sebastian Vettel,Ferrari,2.0,2.0,18.0,Finished,76.065
2018,6,Monaco Grand Prix,pre_covid,Lewis Hamilton,Mercedes,3.0,3.0,15.0,Finished,76.27
2018,6,Monaco Grand Prix,pre_covid,Kimi Räikkönen,Ferrari,4.0,4.0,12.0,Finished,76.392
2018,6,Monaco Grand Prix,pre_covid,Valtteri Bottas,Mercedes,5.0,5.0,10.0,Finished,76.312
2018,6,Monaco Grand Prix,pre_covid,Esteban Ocon,Aston Martin,6.0,6.0,8.0,Finished,77.027
2018,6,Monaco Grand Prix,pre_covid,Pierre Gasly,RB,10.0,7.0,6.0,Finished,77.099
2018,6,Monaco Grand Prix,pre_covid,Nico Hulkenberg,Alpine,11.0,8.0,4.0,Finished,76.061
2018,6,Monaco Grand Prix,pre_covid,Max Verstappen,Red Bull Racing,20.0,9.0,2.0,Finished,74.26
2018,6,Monaco Grand Prix,pre_covid,Carlos Sainz,Alpine,8.0,10.0,1.0,Finished,77.491
2018,6,Monaco Grand Prix,pre_covid,Marcus Ericsson,Sauber,16.0,11.0,0.0,Finished,76.936
2018,6,Monaco Grand Prix,pre_covid,Sergio Perez,Aston Martin,9.0,12.0,0.0,Finished,77.546
2018,6,Monaco Grand Prix,pre_covid,Kevin Magnussen,Haas F1 Team,19.0,13.0,0.0,Finished,77.476
2018,6,Monaco Grand Prix,pre_covid,Stoffel Vandoorne,McLaren,12.0,14.0,0.0,+1 Lap,76.864
2018,6,Monaco Grand Prix,pre_covid,Romain Grosjean,Haas F1 Team,18.0,15.0,0.0,+1 Lap,74.822
2018,6,Monaco Grand Prix,pre_covid,Sergey Sirotkin,Williams,13.0,16.0,0.0,+1 Lap,75.325
2018,6,Monaco Grand Prix,pre_covid,Lance Stroll,Williams,17.0,17.0,0.0,+2 Laps,74.944
2018,6,Monaco Grand Prix,pre_covid,Charles Leclerc,Sauber,14.0,18.0,0.0,Collision,77.71
2018,6,Monaco Grand Prix,pre_covid,Brendon Hartley,RB,15.0,19.0,0.0,Collision,77.172
2018,6,Monaco Grand Prix,pre_covid,Fernando Alonso,McLaren,7.0,20.0,0.0,Gearbox,77.018
2021,2,Emilia Romagna Grand Prix,post_covid,Max Verstappen,Red Bull Racing,3.0,1.0,25.0,Finished,77.524
2021,2,Emilia Romagna Grand Prix,post_covid,Lewis Hamilton,Mercedes,1.0,2.0,19.0,Finished,76.702
2021,2,Emilia Romagna Grand Prix,post_covid,Lando Norris,McLaren,7.0,3.0,15.0,Finished,78.259
2021,2,Emilia Romagna Grand Prix,post_covid,Charles Leclerc,Ferrari,4.0,4.0,12.0,Finished,78.379
2021,2,Emilia Romagna Grand Prix,post_covid,Carlos Sainz,Ferrari,11.0,5.0,10.0,Finished,78.49
2021,2,Emilia Romagna Grand Prix,post_covid,Daniel Ricciardo,McLaren,6.0,6.0,8.0,Finished,79.341
2021,2,Emilia Romagna Grand Prix,post_covid,Pierre Gasly,RB,5.0,7.0,6.0,Finished,78.782
2021,2,Emilia Romagna Grand Prix,post_covid,Lance Stroll,Aston Martin,10.0,8.0,4.0,Finished,78.994
2021,2,Emilia Romagna Grand Prix,post_covid,Esteban Ocon,Alpine,9.0,9.0,2.0,Finished,79.417
2021,2,Emilia Romagna Grand Prix,post_covid,Fernando Alonso,Alpine,15.0,10.0,1.0,Finished,79.396
2021,2,Emilia Romagna Grand Prix,post_covid,Sergio Perez,Red Bull Racing,2.0,11.0,0.0,Finished,78.334
2021,2,Emilia Romagna Grand Prix,post_covid,Yuki Tsunoda,RB,20.0,12.0,0.0,Finished,78.353
2021,2,Emilia Romagna Grand Prix,post_covid,Kimi Räikkönen,Kick Sauber,16.0,13.0,0.0,Finished,79.422
2021,2,Emilia Romagna Grand Prix,post_covid,Antonio Giovinazzi,Kick Sauber,17.0,14.0,0.0,+1 Lap,79.47
2021,2,Emilia Romagna Grand Prix,post_covid,Sebastian Vettel,Aston Martin,0.0,15.0,0.0,Gearbox,79.074
2021,2,Emilia Romagna Grand Prix,post_covid,Mick Schumacher,Haas F1 Team,18.0,16.0,0.0,+2 Laps,79.193
2021,2,Emilia Romagna Grand Prix,post_covid,Nikita Mazepin,Haas F1 Team,19.0,17.0,0.0,+2 Laps,80.402
2021,2,Emilia Romagna Grand Prix,post_covid,Valtteri Bottas,Mercedes,8.0,18.0,0.0,Collision,88.485
2021,2,Emilia Romagna Grand Prix,post_covid,George Russell,Williams,12.0,19.0,0.0,Collision,86.543
2021,2,Emilia Romagna Grand Prix,post_covid,Nicholas Latifi,Williams,14.0,20.0,0.0,Collision,
2021,17,United States Grand Prix,post_covid,Max Verstappen,Red Bull Racing,1.0,1.0,25.0,Finished,99.096
2021,17,United States Grand Prix,post_covid,Lewis Hamilton,Mercedes,2.0,2.0,19.0,Finished,98.485
2021,17,United States Grand Prix,post_covid,Sergio Perez,Red Bull Racing,3.0,3.0,15.0,Finished,99.566
2021,17,United States Grand Prix,post_covid,Charles Leclerc,Ferrari,4.0,4.0,12.0,Finished,99.303
2021,17,United States Grand Prix,post_covid,Daniel Ricciardo,McLaren,6.0,5.0,10.0,Finished,100.345
2021,17,United States Grand Prix,post_covid,Valtteri Bottas,Mercedes,9.0,6.0,8.0,Finished,100.147
2021,17,United States Grand Prix,post_covid,Carlos Sainz,Ferrari,5.0,7.0,6.0,Finished,100.377
2021,17,United States Grand Prix,post_covid,Lando Norris,McLaren,7.0,8.0,4.0,Finished,100.228
2021,17,United States Grand Prix,post_covid,Yuki Tsunoda,RB,10.0,9.0,2.0,+1 Lap,101.151
2021,17,United States Grand Prix,post_covid,Sebastian Vettel,Aston Martin,18.0,10.0,1.0,+1 Lap,100.481
2021,17,United States Grand Prix,post_covid,Antonio Giovinazzi,Kick Sauber,12.0,11.0,0.0,+1 Lap,100.792
2021,17,United States Grand Prix,post_covid,Lance Stroll,Aston Martin,13.0,12.0,0.0,+1 Lap,101.189
2021,17,United States Grand Prix,post_covid,Kimi Räikkönen,Kick Sauber,15.0,13.0,0.0,+1 Lap,101.34
2021,17,United States Grand Prix,post_covid,George Russell,Williams,20.0,14.0,0.0,+1 Lap,101.12
2021,17,United States Grand Prix,post_covid,Nicholas Latifi,Williams,14.0,15.0,0.0,+1 Lap,101.818
2021,17,United States Grand Prix,post_covid,Mick Schumacher,Haas F1 Team,16.0,16.0,0.0,+2 Laps,101.395
2021,17,United States Grand Prix,post_covid,Nikita Mazepin,Haas F1 Team,17.0,17.0,0.0,+2 Laps,102.886
2021,17,United States Grand Prix,post_covid,Fernando Alonso,Alpine,19.0,18.0,0.0,Rear wing,100.067
2021,17,United States Grand Prix,post_covid,Esteban Ocon,Alpine,11.0,19.0,0.0,Mechanical,102.194
2021,17,United States Grand Prix,post_covid,Pierre Gasly,RB,8.0,20.0,0.0,Suspension,102.015
2021,16,Turkish Grand Prix,post_covid,Valtteri Bottas,Mercedes,1.0,1.0,26.0,Finished,90.432
2021,16,Turkish Grand Prix,post_covid,Max Verstappen,Red Bull Racing,2.0,2.0,18.0,Finished,92.759
2021,16,Turkish Grand Prix,post_covid,Sergio Perez,Red Bull Racing,6.0,3.0,15.0,Finished,92.459
2021,16,Turkish Grand Prix,post_covid,Charles Leclerc,Ferrari,3.0,4.0,12.0,Finished,92.737
2021,16,Turkish Grand Prix,post_covid,Lewis Hamilton,Mercedes,11.0,5.0,10.0,Finished,92.763
2021,16,Turkish Grand Prix,post_covid,Pierre Gasly,RB,4.0,6.0,8.0,Finished,92.814
2021,16,Turkish Grand Prix,post_covid,Lando Norris,McLaren,7.0,7.0,6.0,Finished,92.446
2021,16,Turkish Grand Prix,post_covid,Carlos Sainz,Ferrari,19.0,8.0,4.0,Finished,91.921
2021,16,Turkish Grand Prix,post_covid,Lance Stroll,Aston Martin,8.0,9.0,2.0,Finished,92.608
2021,16,Turkish Grand Prix,post_covid,Esteban Ocon,Alpine,12.0,10.0,1.0,+1 Lap,94.584
2021,16,Turkish Grand Prix,post_covid,Antonio Giovinazzi,Kick Sauber,16.0,11.0,0.0,+1 Lap,92.904
2021,16,Turkish Grand Prix,post_covid,Kimi Räikkönen,Kick Sauber,17.0,12.0,0.0,+1 Lap,92.586
2021,16,Turkish Grand Prix,post_covid,Daniel Ricciardo,McLaren,20.0,13.0,0.0,+1 Lap,93.255
2021,16,Turkish Grand Prix,post_covid,Yuki Tsunoda,RB,9.0,14.0,0.0,+1 Lap,92.844
2021,16,Turkish Grand Prix,post_covid,George Russell,Williams,13.0,15.0,0.0,+1 Lap,93.399
2021,16,Turkish Grand Prix,post_covid,Fernando Alonso,Alpine,5.0,16.0,0.0,+1 Lap,93.252
2021,16,Turkish Grand Prix,post_covid,Nicholas Latifi,Williams,15.0,17.0,0.0,+1 Lap,93.672
2021,16,Turkish Grand Prix,post_covid,Sebastian Vettel,Aston Martin,10.0,18.0,0.0,+1 Lap,92.73
2021,16,Turkish Grand Prix,post_covid,Mick Schumacher,Haas F1 Team,14.0,19.0,0.0,+2 Laps,94.209
2021,16,Turkish Grand Prix,post_covid,Nikita Mazepin,Haas F1 Team,18.0,20.0,0.0,+2 Laps,95.438
2021,3,Portuguese Grand Prix,post_covid,Lewis Hamilton,Mercedes,2.0,1.0,25.0,Finished,80.933
2021,3,Portuguese Grand Prix,post_covid,Max Verstappen,Red Bull Racing,3.0,2.0,18.0,Finished,79.849
2021,3,Portuguese Grand Prix,post_covid,Valtteri Bottas,Mercedes,1.0,3.0,16.0,Finished,79.865
2021,3,Portuguese Grand Prix,post_covid,Sergio Perez,Red Bull Racing,4.0,4.0,12.0,Finished,80.643
2021,3,Portuguese Grand Prix,post_covid,Lando Norris,McLaren,7.0,5.0,10.0,Finished,81.696
2021,3,Portuguese Grand Prix,post_covid,Charles Leclerc,Ferrari,8.0,6.0,8.0,Finished,81.496
2021,3,Portuguese Grand Prix,post_covid,Esteban Ocon,Alpine,6.0,7.0,6.0,Finished,81.886
2021,3,Portuguese Grand Prix,post_covid,Fernando Alonso,Alpine,13.0,8.0,4.0,Finished,81.032
2021,3,Portuguese Grand Prix,post_covid,Daniel Ricciardo,McLaren,16.0,9.0,2.0,Finished,81.987
2021,3,Portuguese Grand Prix,post_covid,Pierre Gasly,RB,9.0,10.0,1.0,Finished,82.014
2021,3,Portuguese Grand Prix,post_covid,Carlos Sainz,Ferrari,5.0,11.0,0.0,Finished,82.325
2021,3,Portuguese Grand Prix,post_covid,Antonio Giovinazzi,Kick Sauber,12.0,12.0,0.0,+1 Lap,82.167
2021,3,Portuguese Grand Prix,post_covid,Sebastian Vettel,Aston Martin,10.0,13.0,0.0,+1 Lap,82.416
2021,3,Portuguese Grand Prix,post_covid,Lance Stroll,Aston Martin,17.0,14.0,0.0,+1 Lap,81.97
2021,3,Portuguese Grand Prix,post_covid,Yuki Tsunoda,RB,14.0,15.0,0.0,+1 Lap,82.058
2021,3,Portuguese Grand Prix,post_covid,George Russell,Williams,11.0,16.0,0.0,+1 Lap,82.654
2021,3,Portuguese Grand Prix,post_covid,Mick Schumacher,Haas F1 Team,19.0,17.0,0.0,+2 Laps,82.755
2021,3,Portuguese Grand Prix,post_covid,Nicholas Latifi,Williams,18.0,18.0,0.0,+2 Laps,83.155
2021,3,Portuguese Grand Prix,post_covid,Nikita Mazepin,Haas F1 Team,20.0,19.0,0.0,+2 Laps,83.641
2021,3,Portuguese Grand Prix,post_covid,Kimi Räikkönen,Kick Sauber,15.0,20.0,0.0,Collision damage,93.673
2018,7,Canadian Grand Prix,pre_covid,Sebastian Vettel,Ferrari,1.0,1.0,25.0,Finished,73.964
2018,7,Canadian Grand Prix,pre_covid,Valtteri Bottas,Mercedes,2.0,2.0,18.0,Finished,73.992
2018,7,Canadian Grand Prix,pre_covid,Max Verstappen,Red Bull Racing,3.0,3.0,15.0,Finished,73.864
2018,7,Canadian Grand Prix,pre_covid,Daniel Ricciardo,Red Bull Racing,6.0,4.0,12.0,Finished,73.835
2018,7,Canadian Grand Prix,pre_covid,Lewis Hamilton,Mercedes,4.0,5.0,10.0,Finished,74.183
2018,7,Canadian Grand Prix,pre_covid,Kimi Räikkönen,Ferrari,5.0,6.0,8.0,Finished,74.075
2018,7,Canadian Grand Prix,pre_covid,Nico Hulkenberg,Alpine,7.0,7.0,6.0,+1 Lap,75.488
2018,7,Canadian Grand Prix,pre_covid,Carlos Sainz,Alpine,9.0,8.0,4.0,+1 Lap,75.666
2018,7,Canadian Grand Prix,pre_covid,Esteban Ocon,Aston Martin,8.0,9.0,2.0,+1 Lap,75.498
2018,7,Canadian Grand Prix,pre_covid,Charles Leclerc,Sauber,13.0,10.0,1.0,+1 Lap,75.351
2018,7,Canadian Grand Prix,pre_covid,Pierre Gasly,RB,16.0,11.0,0.0,+1 Lap,75.699
2018,7,Canadian Grand Prix,pre_covid,Romain Grosjean,Haas F1 Team,20.0,12.0,0.0,+1 Lap,75.47
2018,7,Canadian Grand Prix,pre_covid,Kevin Magnussen,Haas F1 Team,11.0,13.0,0.0,+1 Lap,75.401
2018,7,Canadian Grand Prix,pre_covid,Sergio Perez,Aston Martin,10.0,14.0,0.0,+1 Lap,75.1
2018,7,Canadian Grand Prix,pre_covid,Marcus Ericsson,Sauber,19.0,15.0,0.0,+2 Laps,76.403
2018,7,Canadian Grand Prix,pre_covid,Stoffel Vandoorne,McLaren,15.0,16.0,0.0,+2 Laps,75.765
2018,7,Canadian Grand Prix,pre_covid,Sergey Sirotkin,Williams,18.0,17.0,0.0,+2 Laps,75.924
2018,7,Canadian Grand Prix,pre_covid,Fernando Alonso,McLaren,14.0,18.0,0.0,Exhaust,76.18
2018,7,Canadian Grand Prix,pre_covid,Brendon Hartley,RB,12.0,19.0,0.0,Collision,
2018,7,Canadian Grand Prix,pre_covid,Lance Stroll,Williams,17.0,20.0,0.0,Collision,
2019,12,Hungarian Grand Prix,pre_covid,Lewis Hamilton,Mercedes,3.0,1.0,25.0,Finished,78.528
2019,12,Hungarian Grand Prix,pre_covid,Max Verstappen,Red Bull Racing,1.0,2.0,19.0,Finished,77.103
2019,12,Hungarian Grand Prix,pre_covid,Sebastian Vettel,Ferrari,5.0,3.0,15.0,Finished,79.786
2019,12,Hungarian Grand Prix,pre_covid,Charles Leclerc,Ferrari,4.0,4.0,12.0,Finished,80.493
2019,12,Hungarian Grand Prix,pre_covid,Carlos Sainz,McLaren,8.0,5.0,10.0,+1 Lap,81.002
2019,12,Hungarian Grand Prix,pre_covid,Pierre Gasly,Red Bull Racing,6.0,6.0,8.0,+1 Lap,81.045
2019,12,Hungarian Grand Prix,pre_covid,Kimi Räikkönen,Kick Sauber,10.0,7.0,6.0,+1 Lap,80.88
2019,12,Hungarian Grand Prix,pre_covid,Valtteri Bottas,Mercedes,2.0,8.0,4.0,+1 Lap,79.331
2019,12,Hungarian Grand Prix,pre_covid,Lando Norris,McLaren,7.0,9.0,2.0,+1 Lap,81.188
2019,12,Hungarian Grand Prix,pre_covid,Alexander Albon,RB,12.0,10.0,1.0,+1 Lap,80.621
2019,12,Hungarian Grand Prix,pre_covid,Sergio Perez,Aston Martin,16.0,11.0,0.0,+1 Lap,81.734
2019,12,Hungarian Grand Prix,pre_covid,Nico Hulkenberg,Alpine,11.0,12.0,0.0,+1 Lap,81.65
2019,12,Hungarian Grand Prix,pre_covid,Kevin Magnussen,Haas F1 Team,14.0,13.0,0.0,+1 Lap,81.008
2019,12,Hungarian Grand Prix,pre_covid,Daniel Ricciardo,Alpine,20.0,14.0,0.0,+1 Lap,80.839
2019,12,Hungarian Grand Prix,pre_covid,Daniil Kvyat,RB,13.0,15.0,0.0,+2 Laps,81.932
2019,12,Hungarian Grand Prix,pre_covid,George Russell,Williams,15.0,16.0,0.0,+2 Laps,82.386
2019,12,Hungarian Grand Prix,pre_covid,Lance Stroll,Aston Martin,18.0,17.0,0.0,+2 Laps,80.603
2019,12,Hungarian Grand Prix,pre_covid,Antonio Giovinazzi,Kick Sauber,17.0,18.0,0.0,+2 Laps,83.134
2019,12,Hungarian Grand Prix,pre_covid,Robert Kubica,Williams,19.0,19.0,0.0,+3 Laps,83.436
2019,12,Hungarian Grand Prix,pre_covid,Romain Grosjean,Haas F1 Team,9.0,20.0,0.0,Water pressure,82.809
2023,1,Bahrain Grand Prix,post_covid,Max Verstappen,Red Bull Racing,1.0,1.0,25.0,Finished,96.236
2023,1,Bahrain Grand Prix,post_covid,Sergio Perez,Red Bull Racing,2.0,2.0,18.0,Finished,96.344
2023,1,Bahrain Grand Prix,post_covid,Fernando Alonso,Aston Martin,5.0,3.0,15.0,Finished,96.156
2023,1,Bahrain Grand Prix,post_covid,Carlos Sainz,Ferrari,4.0,4.0,12.0,Finished,97.13
2023,1,Bahrain Grand Prix,post_covid,Lewis Hamilton,Mercedes,7.0,5.0,10.0,Finished,96.546
2023,1,Bahrain Grand Prix,post_covid,Lance Stroll,Aston Martin,8.0,6.0,8.0,Finished,96.546
2023,1,Bahrain Grand Prix,post_covid,George Russell,Mercedes,6.0,7.0,6.0,Finished,97.035
2023,1,Bahrain Grand Prix,post_covid,Valtteri Bottas,Kick Sauber,12.0,8.0,4.0,Finished,97.379
2023,1,Bahrain Grand Prix,post_covid,Pierre Gasly,Alpine,20.0,9.0,2.0,Finished,95.068
2023,1,Bahrain Grand Prix,post_covid,Alexander Albon,Williams,15.0,10.0,1.0,Finished,97.144
2023,1,Bahrain Grand Prix,post_covid,Yuki Tsunoda,RB,14.0,11.0,0.0,Finished,96.637
2023,1,Bahrain Grand Prix,post_covid,Logan Sargeant,Williams,16.0,12.0,0.0,Lapped,96.037
2023,1,Bahrain Grand Prix,post_covid,Kevin Magnussen,Haas F1 Team,17.0,13.0,0.0,Lapped,96.471
2023,1,Bahrain Grand Prix,post_covid,Nyck De Vries,RB,19.0,14.0,0.0,Lapped,97.709
2023,1,Bahrain Grand Prix,post_covid,Nico Hulkenberg,Haas F1 Team,10.0,15.0,0.0,Lapped,96.616
2023,1,Bahrain Grand Prix,post_covid,Guanyu Zhou,Kick Sauber,13.0,16.0,0.0,Lapped,93.996
2023,1,Bahrain Grand Prix,post_covid,Lando Norris,McLaren,11.0,17.0,0.0,Lapped,95.257
2023,1,Bahrain Grand Prix,post_covid,Esteban Ocon,Alpine,9.0,18.0,0.0,Retired,96.797
2023,1,Bahrain Grand Prix,post_covid,Charles Leclerc,Ferrari,3.0,19.0,0.0,Retired,97.17
2023,1,Bahrain Grand Prix,post_covid,Oscar Piastri,McLaren,18.0,20.0,0.0,Retired,100.691
2025,7,Emilia Romagna Grand Prix,post_covid,Max Verstappen,Red Bull Racing,2.0,1.0,25.0,Finished,77.988
2025,7,Emilia Romagna Grand Prix,post_covid,Lando Norris,McLaren,4.0,2.0,18.0,Finished,78.311
2025,7,Emilia Romagna Grand Prix,post_covid,Oscar Piastri,McLaren,1.0,3.0,15.0,Finished,78.894
2025,7,Emilia Romagna Grand Prix,post_covid,Lewis Hamilton,Ferrari,12.0,4.0,12.0,Finished,78.265
2025,7,Emilia Romagna Grand Prix,post_covid,Alexander Albon,Williams,7.0,5.0,10.0,Finished,78.289
2025,7,Emilia Romagna Grand Prix,post_covid,Charles Leclerc,Ferrari,11.0,6.0,8.0,Finished,79.048
2025,7,Emilia Romagna Grand Prix,post_covid,George Russell,Mercedes,3.0,7.0,6.0,Finished,79.733
2025,7,Emilia Romagna Grand Prix,post_covid,Carlos Sainz,Williams,6.0,8.0,4.0,Finished,79.836
2025,7,Emilia Romagna Grand Prix,post_covid,Isack Hadjar,Racing Bulls,9.0,9.0,2.0,Finished,79.473
2025,7,Emilia Romagna Grand Prix,post_covid,Yuki Tsunoda,Red Bull Racing,20.0,10.0,1.0,Finished,80.039
2025,7,Emilia Romagna Grand Prix,post_covid,Fernando Alonso,Aston Martin,5.0,11.0,0.0,Finished,79.894
2025,7,Emilia Romagna Grand Prix,post_covid,Nico Hulkenberg,Kick Sauber,17.0,12.0,0.0,Finished,80.401
2025,7,Emilia Romagna Grand Prix,post_covid,Pierre Gasly,Alpine,10.0,13.0,0.0,Finished,80.398
2025,7,Emilia Romagna Grand Prix,post_covid,Liam Lawson,Racing Bulls,15.0,14.0,0.0,Finished,80.473
2025,7,Emilia Romagna Grand Prix,post_covid,Lance Stroll,Aston Martin,8.0,15.0,0.0,Finished,80.501
2025,7,Emilia Romagna Grand Prix,post_covid,Franco Colapinto,Alpine,16.0,16.0,0.0,Finished,80.345
2025,7,Emilia Romagna Grand Prix,post_covid,Oliver Bearman,Haas F1 Team,19.0,17.0,0.0,Finished,79.521
2025,7,Emilia Romagna Grand Prix,post_covid,Gabriel Bortoleto,Kick Sauber,14.0,18.0,0.0,Finished,80.63
2025,7,Emilia Romagna Grand Prix,post_covid,Andrea Kimi Antonelli,Mercedes,13.0,19.0,0.0,Retired,80.62
2025,7,Emilia Romagna Grand Prix,post_covid,Esteban Ocon,Haas F1 Team,18.0,20.0,0.0,Retired,81.413
2023,13,Dutch Grand Prix,post_covid,Max Verstappen,Red Bull Racing,1.0,1.0,25.0,Finished,73.889
2023,13,Dutch Grand Prix,post_covid,Fernando Alonso,Aston Martin,5.0,2.0,19.0,Finished,73.837
2023,13,Dutch Grand Prix,post_covid,Pierre Gasly,Alpine,12.0,3.0,15.0,Finished,74.441
2023,13,Dutch Grand Prix,post_covid,Sergio Perez,Red Bull Racing,7.0,4.0,12.0,Finished,74.231
2023,13,Dutch Grand Prix,post_covid,Carlos Sainz,Ferrari,6.0,5.0,10.0,Finished,74.934
2023,13,Dutch Grand Prix,post_covid,Lewis Hamilton,Mercedes,13.0,6.0,8.0,Finished,73.904
2023,13,Dutch Grand Prix,post_covid,Lando Norris,McLaren,2.0,7.0,6.0,Finished,74.39
2023,13,Dutch Grand Prix,post_covid,Alexander Albon,Williams,4.0,8.0,4.0,Finished,74.468
2023,13,Dutch Grand Prix,post_covid,Oscar Piastri,McLaren,8.0,9.0,2.0,Finished,74.299
2023,13,Dutch Grand Prix,post_covid,Esteban Ocon,Alpine,16.0,10.0,1.0,Finished,74.57
2023,13,Dutch Grand Prix,post_covid,Lance Stroll,Aston Martin,11.0,11.0,0.0,Finished,75.171
2023,13,Dutch Grand Prix,post_covid,Nico Hulkenberg,Haas F1 Team,14.0,12.0,0.0,Finished,74.472
2023,13,Dutch Grand Prix,post_covid,Liam Lawson,RB,19.0,13.0,0.0,Finished,74.82
2023,13,Dutch Grand Prix,post_covid,Valtteri Bottas,Kick Sauber,18.0,14.0,0.0,Finished,74.698
2023,13,Dutch Grand Prix,post_covid,Yuki Tsunoda,RB,17.0,15.0,0.0,Finished,76.253
2023,13,Dutch Grand Prix,post_covid,Kevin Magnussen,Haas F1 Team,0.0,16.0,0.0,Finished,75.489
2023,13,Dutch Grand Prix,post_covid,George Russell,Mercedes,3.0,17.0,0.0,Finished,75.124
2023,13,Dutch Grand Prix,post_covid,Guanyu Zhou,Kick Sauber,15.0,18.0,0.0,Accident,75.417
2023,13,Dutch Grand Prix,post_covid,Charles Leclerc,Ferrari,9.0,19.0,0.0,Undertray,77.277
2023,13,Dutch Grand Prix,post_covid,Logan Sargeant,Williams,10.0,20.0,0.0,Accident,77.399
2024,24,Abu Dhabi Grand Prix,post_covid,Lando Norris,McLaren,1.0,1.0,25.0,Finished,87.438
2024,24,Abu Dhabi Grand Prix,post_covid,Carlos Sainz,Ferrari,3.0,2.0,18.0,Finished,87.765
2024,24,Abu Dhabi Grand Prix,post_covid,Charles Leclerc,Ferrari,19.0,3.0,15.0,Finished,88.018
2024,24,Abu Dhabi Grand Prix,post_covid,Lewis Hamilton,Mercedes,16.0,4.0,12.0,Finished,87.278
2024,24,Abu Dhabi Grand Prix,post_covid,George Russell,Mercedes,6.0,5.0,10.0,Finished,88.195
2024,24,Abu Dhabi Grand Prix,post_covid,Max Verstappen,Red Bull Racing,4.0,6.0,8.0,Finished,87.765
2024,24,Abu Dhabi Grand Prix,post_covid,Pierre Gasly,Alpine,5.0,7.0,6.0,Finished,89.212
2024,24,Abu Dhabi Grand Prix,post_covid,Nico Hulkenberg,Haas F1 Team,7.0,8.0,4.0,Finished,89.152
2024,24,Abu Dhabi Grand Prix,post_covid,Fernando Alonso,Aston Martin,8.0,9.0,2.0,Finished,87.948
2024,24,Abu Dhabi Grand Prix,post_covid,Oscar Piastri,McLaren,2.0,10.0,1.0,Finished,87.69
2024,24,Abu Dhabi Grand Prix,post_covid,Alexander Albon,Williams,18.0,11.0,0.0,Lapped,89.438
2024,24,Abu Dhabi Grand Prix,post_covid,Yuki Tsunoda,RB,11.0,12.0,0.0,Lapped,89.2
2024,24,Abu Dhabi Grand Prix,post_covid,Guanyu Zhou,Kick Sauber,15.0,13.0,0.0,Lapped,87.982
2024,24,Abu Dhabi Grand Prix,post_covid,Lance Stroll,Aston Martin,13.0,14.0,0.0,Lapped,88.604
2024,24,Abu Dhabi Grand Prix,post_covid,Jack Doohan,Alpine,17.0,15.0,0.0,Lapped,89.121
2024,24,Abu Dhabi Grand Prix,post_covid,Kevin Magnussen,Haas F1 Team,14.0,16.0,0.0,Lapped,85.637
2024,24,Abu Dhabi Grand Prix,post_covid,Liam Lawson,RB,12.0,17.0,0.0,Retired,88.751
2024,24,Abu Dhabi Grand Prix,post_covid,Valtteri Bottas,Kick Sauber,9.0,18.0,0.0,Retired,89.482
2024,24,Abu Dhabi Grand Prix,post_covid,Franco Colapinto,Williams,20.0,19.0,0.0,Retired,89.411
2024,24,Abu Dhabi Grand Prix,post_covid,Sergio Perez,Red Bull Racing,10.0,20.0,0.0,Retired,
2023,11,Hungarian Grand Prix,post_covid,Max Verstappen,Red Bull Racing,2.0,1.0,26.0,Finished,80.504
2023,11,Hungarian Grand Prix,post_covid,Lando Norris,McLaren,3.0,2.0,18.0,Finished,82.178
2023,11,Hungarian Grand Prix,post_covid,Sergio Perez,Red Bull Racing,9.0,3.0,15.0,Finished,82.295
2023,11,Hungarian Grand Prix,post_covid,Lewis Hamilton,Mercedes,1.0,4.0,12.0,Finished,81.601
2023,11,Hungarian Grand Prix,post_covid,Oscar Piastri,McLaren,4.0,5.0,10.0,Finished,82.736
2023,11,Hungarian Grand Prix,post_covid,George Russell,Mercedes,18.0,6.0,8.0,Finished,82.158
2023,11,Hungarian Grand Prix,post_covid,Charles Leclerc,Ferrari,6.0,7.0,6.0,Finished,82.469
2023,11,Hungarian Grand Prix,post_covid,Carlos Sainz,Ferrari,11.0,8.0,4.0,Finished,82.584
2023,11,Hungarian Grand Prix,post_covid,Fernando Alonso,Aston Martin,8.0,9.0,2.0,Finished,82.745
2023,11,Hungarian Grand Prix,post_covid,Lance Stroll,Aston Martin,14.0,10.0,1.0,Lapped,83.425
2023,11,Hungarian Grand Prix,post_covid,Alexander Albon,Williams,16.0,11.0,0.0,Lapped,84.051
2023,11,Hungarian Grand Prix,post_covid,Valtteri Bottas,Kick Sauber,7.0,12.0,0.0,Lapped,83.651
2023,11,Hungarian Grand Prix,post_covid,Daniel Ricciardo,RB,13.0,13.0,0.0,Lapped,83.934
2023,11,Hungarian Grand Prix,post_covid,Nico Hulkenberg,Haas F1 Team,10.0,14.0,0.0,Lapped,83.573
2023,11,Hungarian Grand Prix,post_covid,Yuki Tsunoda,RB,17.0,15.0,0.0,Lapped,83.269
2023,11,Hungarian Grand Prix,post_covid,Guanyu Zhou,Kick Sauber,5.0,16.0,0.0,Lapped,83.743
2023,11,Hungarian Grand Prix,post_covid,Kevin Magnussen,Haas F1 Team,19.0,17.0,0.0,Lapped,83.864
2023,11,Hungarian Grand Prix,post_covid,Logan Sargeant,Williams,20.0,18.0,0.0,Retired,83.496
2023,11,Hungarian Grand Prix,post_covid,Esteban Ocon,Alpine,12.0,19.0,0.0,Retired,101.181
2023,11,Hungarian Grand Prix,post_covid,Pierre Gasly,Alpine,15.0,20.0,0.0,Retired,124.981
2024,18,Singapore Grand Prix,post_covid,Lando Norris,McLaren,1.0,1.0,25.0,Finished,94.925
2024,18,Singapore Grand Prix,post_covid,Max Verstappen,Red Bull Racing,2.0,2.0,18.0,Finished,95.967
2024,18,Singapore Grand Prix,post_covid,Oscar Piastri,McLaren,5.0,3.0,15.0,Finished,95.745
2024,18,Singapore Grand Prix,post_covid,George Russell,Mercedes,4.0,4.0,12.0,Finished,97.047
2024,18,Singapore Grand Prix,post_covid,Charles Leclerc,Ferrari,9.0,5.0,10.0,Finished,95.371
2024,18,Singapore Grand Prix,post_covid,Lewis Hamilton,Mercedes,3.0,6.0,8.0,Finished,97.393
2024,18,Singapore Grand Prix,post_covid,Carlos Sainz,Ferrari,10.0,7.0,6.0,Finished,96.561
2024,18,Singapore Grand Prix,post_covid,Fernando Alonso,Aston Martin,7.0,8.0,4.0,Lapped,97.741
2024,18,Singapore Grand Prix,post_covid,Nico Hulkenberg,Haas F1 Team,6.0,9.0,2.0,Lapped,97.47
2024,18,Singapore Grand Prix,post_covid,Sergio Perez,Red Bull Racing,13.0,10.0,1.0,Lapped,97.477
2024,18,Singapore Grand Prix,post_covid,Franco Colapinto,Williams,12.0,11.0,0.0,Lapped,97.262
2024,18,Singapore Grand Prix,post_covid,Yuki Tsunoda,RB,8.0,12.0,0.0,Lapped,96.393
2024,18,Singapore Grand Prix,post_covid,Esteban Ocon,Alpine,15.0,13.0,0.0,Lapped,97.964
2024,18,Singapore Grand Prix,post_covid,Lance Stroll,Aston Martin,17.0,14.0,0.0,Lapped,97.851
2024,18,Singapore Grand Prix,post_covid,Guanyu Zhou,Kick Sauber,20.0,15.0,0.0,Lapped,97.461
2024,18,Singapore Grand Prix,post_covid,Valtteri Bottas,Kick Sauber,19.0,16.0,0.0,Lapped,97.524
2024,18,Singapore Grand Prix,post_covid,Pierre Gasly,Alpine,18.0,17.0,0.0,Lapped,96.927
2024,18,Singapore Grand Prix,post_covid,Daniel Ricciardo,RB,16.0,18.0,0.0,Lapped,94.486
2024,18,Singapore Grand Prix,post_covid,Kevin Magnussen,Haas F1 Team,14.0,19.0,0.0,Retired,94.754
2024,18,Singapore Grand Prix,post_covid,Alexander Albon,Williams,11.0,20.0,0.0,Retired,96.888
2025,5,Saudi Arabian Grand Prix,post_covid,Oscar Piastri,McLaren,2.0,1.0,25.0,Finished,92.228
2025,5,Saudi Arabian Grand Prix,post_covid,Max Verstappen,Red Bull Racing,1.0,2.0,18.0,Finished,92.28
2025,5,Saudi Arabian Grand Prix,post_covid,Charles Leclerc,Ferrari,4.0,3.0,15.0,Finished,92.192
2025,5,Saudi Arabian Grand Prix,post_covid,Lando Norris,McLaren,10.0,4.0,12.0,Finished,91.778
2025,5,Saudi Arabian Grand Prix,post_covid,George Russell,Mercedes,3.0,5.0,10.0,Finished,92.893
2025,5,Saudi Arabian Grand Prix,post_covid,Andrea Kimi Antonelli,Mercedes,5.0,6.0,8.0,Finished,92.396
2025,5,Saudi Arabian Grand Prix,post_covid,Lewis Hamilton,Ferrari,7.0,7.0,6.0,Finished,92.6
2025,5,Saudi Arabian Grand Prix,post_covid,Carlos Sainz,Williams,6.0,8.0,4.0,Finished,92.466
2025,5,Saudi Arabian Grand Prix,post_covid,Alexander Albon,Williams,11.0,9.0,2.0,Finished,93.477
2025,5,Saudi Arabian Grand Prix,post_covid,Isack Hadjar,Racing Bulls,14.0,10.0,1.0,Finished,93.257
2025,5,Saudi Arabian Grand Prix,post_covid,Fernando Alonso,Aston Martin,13.0,11.0,0.0,Finished,93.009
2025,5,Saudi Arabian Grand Prix,post_covid,Liam Lawson,Racing Bulls,12.0,12.0,0.0,Finished,92.998
2025,5,Saudi Arabian Grand Prix,post_covid,Oliver Bearman,Haas F1 Team,15.0,13.0,0.0,Finished,93.238
2025,5,Saudi Arabian Grand Prix,post_covid,Esteban Ocon,Haas F1 Team,19.0,14.0,0.0,Finished,94.309
2025,5,Saudi Arabian Grand Prix,post_covid,Nico Hulkenberg,Kick Sauber,18.0,15.0,0.0,Lapped,93.446
2025,5,Saudi Arabian Grand Prix,post_covid,Lance Stroll,Aston Martin,16.0,16.0,0.0,Lapped,92.745
2025,5,Saudi Arabian Grand Prix,post_covid,Jack Doohan,Alpine,17.0,17.0,0.0,Lapped,93.15
2025,5,Saudi Arabian Grand Prix,post_covid,Gabriel Bortoleto,Kick Sauber,20.0,18.0,0.0,Lapped,94.447
2025,5,Saudi Arabian Grand Prix,post_covid,Yuki Tsunoda,Red Bull Racing,8.0,19.0,0.0,Retired,165.662
2025,5,Saudi Arabian Grand Prix,post_covid,Pierre Gasly,Alpine,9.0,20.0,0.0,Retired,
2023,3,Australian Grand Prix,post_covid,Max Verstappen,Red Bull Racing,1.0,1.0,25.0,Finished,80.342
2023,3,Australian Grand Prix,post_covid,Lewis Hamilton,Mercedes,3.0,2.0,18.0,Finished,80.613
2023,3,Australian Grand Prix,post_covid,Fernando Alonso,Aston Martin,4.0,3.0,15.0,Finished,80.476
2023,3,Australian Grand Prix,post_covid,Lance Stroll,Aston Martin,6.0,4.0,12.0,Finished,80.934
2023,3,Australian Grand Prix,post_covid,Sergio Perez,Red Bull Racing,20.0,5.0,11.0,Finished,80.235
2023,3,Australian Grand Prix,post_covid,Lando Norris,McLaren,13.0,6.0,8.0,Finished,81.173
2023,3,Australian Grand Prix,post_covid,Nico Hulkenberg,Haas F1 Team,10.0,7.0,6.0,Finished,81.124
2023,3,Australian Grand Prix,post_covid,Oscar Piastri,McLaren,16.0,8.0,4.0,Finished,81.335
2023,3,Australian Grand Prix,post_covid,Guanyu Zhou,Kick Sauber,17.0,9.0,2.0,Finished,81.819
2023,3,Australian Grand Prix,post_covid,Yuki Tsunoda,RB,12.0,10.0,1.0,Finished,81.789
2023,3,Australian Grand Prix,post_covid,Valtteri Bottas,Kick Sauber,19.0,11.0,0.0,Finished,82.233
2023,3,Australian Grand Prix,post_covid,Carlos Sainz,Ferrari,5.0,12.0,0.0,Finished,80.467
2023,3,Australian Grand Prix,post_covid,Pierre Gasly,Alpine,9.0,13.0,0.0,Retired,80.995
2023,3,Australian Grand Prix,post_covid,Esteban Ocon,Alpine,11.0,14.0,0.0,Retired,81.203
2023,3,Australian Grand Prix,post_covid,Nyck De Vries,RB,15.0,15.0,0.0,Retired,81.183
2023,3,Australian Grand Prix,post_covid,Logan Sargeant,Williams,18.0,16.0,0.0,Retired,81.456
2023,3,Australian Grand Prix,post_covid,Kevin Magnussen,Haas F1 Team,14.0,17.0,0.0,Retired,81.685
2023,3,Australian Grand Prix,post_covid,George Russell,Mercedes,2.0,18.0,0.0,Retired,82.68
2023,3,Australian Grand Prix,post_covid,Alexander Albon,Williams,8.0,19.0,0.0,Retired,83.349
2023,3,Australian Grand Prix,post_covid,Charles Leclerc,Ferrari,7.0,20.0,0.0,Retired,
2018,5,Spanish Grand Prix,pre_covid,Lewis Hamilton,Mercedes,1.0,1.0,25.0,Finished,79.133
2018,5,Spanish Grand Prix,pre_covid,Valtteri Bottas,Mercedes,2.0,2.0,18.0,Finished,79.478
2018,5,Spanish Grand Prix,pre_covid,Max Verstappen,Red Bull Racing,5.0,3.0,15.0,Finished,79.422
2018,5,Spanish Grand Prix,pre_covid,Sebastian Vettel,Ferrari,3.0,4.0,12.0,Finished,79.128
2018,5,Spanish Grand Prix,pre_covid,Daniel Ricciardo,Red Bull Racing,6.0,5.0,10.0,Finished,78.441
2018,5,Spanish Grand Prix,pre_covid,Kevin Magnussen,Haas F1 Team,7.0,6.0,8.0,+1 Lap,80.246
2018,5,Spanish Grand Prix,pre_covid,Carlos Sainz,Alpine,9.0,7.0,6.0,+1 Lap,81.324
2018,5,Spanish Grand Prix,pre_covid,Fernando Alonso,McLaren,8.0,8.0,4.0,+1 Lap,80.727
2018,5,Spanish Grand Prix,pre_covid,Sergio Perez,Aston Martin,15.0,9.0,2.0,+2 Laps,81.128
2018,5,Spanish Grand Prix,pre_covid,Charles Leclerc,Sauber,14.0,10.0,1.0,+2 Laps,82.122
2018,5,Spanish Grand Prix,pre_covid,Lance Stroll,Williams,18.0,11.0,0.0,+2 Laps,82.095
2018,5,Spanish Grand Prix,pre_covid,Brendon Hartley,RB,20.0,12.0,0.0,+2 Laps,81.439
2018,5,Spanish Grand Prix,pre_covid,Marcus Ericsson,Sauber,17.0,13.0,0.0,+2 Laps,82.487
2018,5,Spanish Grand Prix,pre_covid,Sergey Sirotkin,Williams,19.0,14.0,0.0,+3 Laps,82.68
2018,5,Spanish Grand Prix,pre_covid,Stoffel Vandoorne,McLaren,11.0,15.0,0.0,Gearbox,82.594
2018,5,Spanish Grand Prix,pre_covid,Esteban Ocon,Aston Martin,13.0,16.0,0.0,Oil leak,82.117
2018,5,Spanish Grand Prix,pre_covid,Kimi Räikkönen,Ferrari,4.0,17.0,0.0,Turbo,81.531
2018,5,Spanish Grand Prix,pre_covid,Romain Grosjean,Haas F1 Team,10.0,18.0,0.0,Collision,
2018,5,Spanish Grand Prix,pre_covid,Pierre Gasly,RB,12.0,19.0,0.0,Collision,
2018,5,Spanish Grand Prix,pre_covid,Nico Hulkenberg,Alpine,16.0,20.0,0.0,Collision,
2019,10,British Grand Prix,pre_covid,Lewis Hamilton,Mercedes,2.0,1.0,26.0,Finished,87.369
2019,10,British Grand Prix,pre_covid,Valtteri Bottas,Mercedes,1.0,2.0,18.0,Finished,87.406
2019,10,British Grand Prix,pre_covid,Charles Leclerc,Ferrari,3.0,3.0,15.0,Finished,89.313
2019,10,British Grand Prix,pre_covid,Pierre Gasly,Red Bull Racing,5.0,4.0,12.0,Finished,89.544
2019,10,British Grand Prix,pre_covid,Max Verstappen,Red Bull Racing,4.0,5.0,10.0,Finished,89.272
2019,10,British Grand Prix,pre_covid,Carlos Sainz,McLaren,13.0,6.0,8.0,Finished,89.757
2019,10,British Grand Prix,pre_covid,Daniel Ricciardo,Alpine,7.0,7.0,6.0,Finished,89.624
2019,10,British Grand Prix,pre_covid,Kimi Räikkönen,Kick Sauber,12.0,8.0,4.0,Finished,90.034
2019,10,British Grand Prix,pre_covid,Daniil Kvyat,RB,17.0,9.0,2.0,Finished,89.91
2019,10,British Grand Prix,pre_covid,Nico Hulkenberg,Alpine,10.0,10.0,1.0,Finished,89.949
2019,10,British Grand Prix,pre_covid,Lando Norris,McLaren,8.0,11.0,0.0,Finished,89.636
2019,10,British Grand Prix,pre_covid,Alexander Albon,RB,9.0,12.0,0.0,Finished,90.872
2019,10,British Grand Prix,pre_covid,Lance Stroll,Aston Martin,18.0,13.0,0.0,Finished,89.39
2019,10,British Grand Prix,pre_covid,George Russell,Williams,19.0,14.0,0.0,+1 Lap,91.013
2019,10,British Grand Prix,pre_covid,Robert Kubica,Williams,20.0,15.0,0.0,+1 Lap,91.509
2019,10,British Grand Prix,pre_covid,Sebastian Vettel,Ferrari,6.0,16.0,0.0,+1 Lap,88.733
2019,10,British Grand Prix,pre_covid,Sergio Perez,Aston Martin,15.0,17.0,0.0,+1 Lap,89.456
2019,10,British Grand Prix,pre_covid,Antonio Giovinazzi,Kick Sauber,11.0,18.0,0.0,Spun off,92.464
2019,10,British Grand Prix,pre_covid,Romain Grosjean,Haas F1 Team,14.0,19.0,0.0,Collision,94.35
2019,10,British Grand Prix,pre_covid,Kevin Magnussen,Haas F1 Team,16.0,20.0,0.0,Collision,93.425
2021,1,Bahrain Grand Prix,post_covid,Lewis Hamilton,Mercedes,2.0,1.0,25.0,Finished,94.015
2021,1,Bahrain Grand Prix,post_covid,Max Verstappen,Red Bull Racing,1.0,2.0,18.0,Finished,93.228
2021,1,Bahrain Grand Prix,post_covid,Valtteri Bottas,Mercedes,3.0,3.0,16.0,Finished,92.09
2021,1,Bahrain Grand Prix,post_covid,Lando Norris,McLaren,7.0,4.0,12.0,Finished,94.396
2021,1,Bahrain Grand Prix,post_covid,Sergio Perez,Red Bull Racing,0.0,5.0,10.0,Finished,93.97
2021,1,Bahrain Grand Prix,post_covid,Charles Leclerc,Ferrari,4.0,6.0,8.0,Finished,94.988
2021,1,Bahrain Grand Prix,post_covid,Daniel Ricciardo,McLaren,6.0,7.0,6.0,Finished,94.932
2021,1,Bahrain Grand Prix,post_covid,Carlos Sainz,Ferrari,8.0,8.0,4.0,Finished,94.509
2021,1,Bahrain Grand Prix,post_covid,Yuki Tsunoda,RB,13.0,9.0,2.0,Finished,94.761
2021,1,Bahrain Grand Prix,post_covid,Lance Stroll,Aston Martin,10.0,10.0,1.0,Finished,94.865
2021,1,Bahrain Grand Prix,post_covid,Kimi Räikkönen,Kick Sauber,14.0,11.0,0.0,Finished,95.192
2021,1,Bahrain Grand Prix,post_covid,Antonio Giovinazzi,Kick Sauber,12.0,12.0,0.0,+1 Lap,95.122
2021,1,Bahrain Grand Prix,post_covid,Esteban Ocon,Alpine,16.0,13.0,0.0,+1 Lap,95.25
2021,1,Bahrain Grand Prix,post_covid,George Russell,Williams,15.0,14.0,0.0,+1 Lap,95.036
2021,1,Bahrain Grand Prix,post_covid,Sebastian Vettel,Aston Martin,20.0,15.0,0.0,+1 Lap,95.566
2021,1,Bahrain Grand Prix,post_covid,Mick Schumacher,Haas F1 Team,18.0,16.0,0.0,+1 Lap,96.134
2021,1,Bahrain Grand Prix,post_covid,Pierre Gasly,RB,5.0,17.0,0.0,Retired,94.09
2021,1,Bahrain Grand Prix,post_covid,Nicholas Latifi,Williams,17.0,18.0,0.0,Retired,96.602
2021,1,Bahrain Grand Prix,post_covid,Fernando Alonso,Alpine,9.0,19.0,0.0,Brakes,96.063
2021,1,Bahrain Grand Prix,post_covid,Nikita Mazepin,Haas F1 Team,19.0,20.0,0.0,Accident,
2021,14,Italian Grand Prix,post_covid,Daniel Ricciardo,McLaren,2.0,1.0,26.0,Finished,84.812
2021,14,Italian Grand Prix,post_covid,Lando Norris,McLaren,3.0,2.0,18.0,Finished,84.971
2021,14,Italian Grand Prix,post_covid,Valtteri Bottas,Mercedes,19.0,3.0,15.0,Finished,84.827
2021,14,Italian Grand Prix,post_covid,Charles Leclerc,Ferrari,5.0,4.0,12.0,Finished,85.319
2021,14,Italian Grand Prix,post_covid,Sergio Perez,Red Bull Racing,8.0,5.0,10.0,Finished,85.156
2021,14,Italian Grand Prix,post_covid,Carlos Sainz,Ferrari,6.0,6.0,8.0,Finished,85.559
2021,14,Italian Grand Prix,post_covid,Lance Stroll,Aston Martin,9.0,7.0,6.0,Finished,85.853
2021,14,Italian Grand Prix,post_covid,Fernando Alonso,Alpine,10.0,8.0,4.0,Finished,85.472
2021,14,Italian Grand Prix,post_covid,George Russell,Williams,14.0,9.0,2.0,Finished,85.835
2021,14,Italian Grand Prix,post_covid,Esteban Ocon,Alpine,12.0,10.0,1.0,Finished,85.566
2021,14,Italian Grand Prix,post_covid,Nicholas Latifi,Williams,13.0,11.0,0.0,Finished,85.953
2021,14,Italian Grand Prix,post_covid,Sebastian Vettel,Aston Martin,11.0,12.0,0.0,Finished,85.938
2021,14,Italian Grand Prix,post_covid,Antonio Giovinazzi,Kick Sauber,7.0,13.0,0.0,Finished,85.718
2021,14,Italian Grand Prix,post_covid,Robert Kubica,Kick Sauber,17.0,14.0,0.0,Finished,85.849
2021,14,Italian Grand Prix,post_covid,Mick Schumacher,Haas F1 Team,18.0,15.0,0.0,Finished,86.707
2021,14,Italian Grand Prix,post_covid,Nikita Mazepin,Haas F1 Team,16.0,16.0,0.0,Power Unit,87.202
2021,14,Italian Grand Prix,post_covid,Lewis Hamilton,Mercedes,4.0,17.0,0.0,Collision,85.87
2021,14,Italian Grand Prix,post_covid,Max Verstappen,Red Bull Racing,1.0,18.0,0.0,Collision,85.173
2021,14,Italian Grand Prix,post_covid,Pierre Gasly,RB,0.0,19.0,0.0,Suspension,89.005
2021,14,Italian Grand Prix,post_covid,Yuki Tsunoda,RB,0.0,20.0,0.0,Brakes,
2021,15,Russian Grand Prix,post_covid,Lewis Hamilton,Mercedes,4.0,1.0,25.0,Finished,97.575
2021,15,Russian Grand Prix,post_covid,Max Verstappen,Red Bull Racing,20.0,2.0,18.0,Finished,98.396
2021,15,Russian Grand Prix,post_covid,Carlos Sainz,Ferrari,2.0,3.0,15.0,Finished,99.294
2021,15,Russian Grand Prix,post_covid,Daniel Ricciardo,McLaren,5.0,4.0,12.0,Finished,99.124
2021,15,Russian Grand Prix,post_covid,Valtteri Bottas,Mercedes,16.0,5.0,10.0,Finished,98.216
2021,15,Russian Grand Prix,post_covid,Fernando Alonso,Alpine,6.0,6.0,8.0,Finished,98.686
2021,15,Russian Grand Prix,post_covid,Lando Norris,McLaren,1.0,7.0,7.0,Finished,97.423
2021,15,Russian Grand Prix,post_covid,Kimi Räikkönen,Kick Sauber,13.0,8.0,4.0,Finished,100.289
2021,15,Russian Grand Prix,post_covid,Sergio Perez,Red Bull Racing,8.0,9.0,2.0,Finished,99.215
2021,15,Russian Grand Prix,post_covid,George Russell,Williams,3.0,10.0,1.0,Finished,100.596
2021,15,Russian Grand Prix,post_covid,Lance Stroll,Aston Martin,7.0,11.0,0.0,Finished,100.464
2021,15,Russian Grand Prix,post_covid,Sebastian Vettel,Aston Martin,10.0,12.0,0.0,+1 Lap,99.251
2021,15,Russian Grand Prix,post_covid,Pierre Gasly,RB,11.0,13.0,0.0,+1 Lap,98.279
2021,15,Russian Grand Prix,post_covid,Esteban Ocon,Alpine,9.0,14.0,0.0,+1 Lap,100.598
2021,15,Russian Grand Prix,post_covid,Charles Leclerc,Ferrari,19.0,15.0,0.0,+1 Lap,98.994
2021,15,Russian Grand Prix,post_covid,Antonio Giovinazzi,Kick Sauber,17.0,16.0,0.0,+1 Lap,99.058
2021,15,Russian Grand Prix,post_covid,Yuki Tsunoda,RB,12.0,17.0,0.0,+1 Lap,99.96
2021,15,Russian Grand Prix,post_covid,Nikita Mazepin,Haas F1 Team,15.0,18.0,0.0,+2 Laps,101.713
2021,15,Russian Grand Prix,post_covid,Nicholas Latifi,Williams,18.0,19.0,0.0,Accident,100.0
2021,15,Russian Grand Prix,post_covid,Mick Schumacher,Haas F1 Team,14.0,20.0,0.0,Oil leak,100.276
2019,11,German Grand Prix,pre_covid,Max Verstappen,Red Bull Racing,2.0,1.0,26.0,Finished,76.645
2019,11,German Grand Prix,pre_covid,Sebastian Vettel,Ferrari,20.0,2.0,18.0,Finished,76.794
2019,11,German Grand Prix,pre_covid,Daniil Kvyat,RB,14.0,3.0,15.0,Finished,77.708
2019,11,German Grand Prix,pre_covid,Lance Stroll,Aston Martin,15.0,4.0,12.0,Finished,77.831
2019,11,German Grand Prix,pre_covid,Carlos Sainz,McLaren,7.0,5.0,10.0,Finished,77.841
2019,11,German Grand Prix,pre_covid,Alexander Albon,RB,16.0,6.0,8.0,Finished,77.85
2019,11,German Grand Prix,pre_covid,Romain Grosjean,Haas F1 Team,6.0,7.0,6.0,Finished,78.811
2019,11,German Grand Prix,pre_covid,Kevin Magnussen,Haas F1 Team,12.0,8.0,4.0,Finished,79.062
2019,11,German Grand Prix,pre_covid,Lewis Hamilton,Mercedes,1.0,9.0,2.0,Finished,77.485
2019,11,German Grand Prix,pre_covid,Robert Kubica,Williams,18.0,10.0,1.0,Finished,79.563
2019,11,German Grand Prix,pre_covid,George Russell,Williams,17.0,11.0,0.0,Finished,79.3
2019,11,German Grand Prix,pre_covid,Kimi Räikkönen,Kick Sauber,5.0,12.0,0.0,Finished,77.746
2019,11,German Grand Prix,pre_covid,Antonio Giovinazzi,Kick Sauber,11.0,13.0,0.0,Finished,77.507
2019,11,German Grand Prix,pre_covid,Pierre Gasly,Red Bull Racing,4.0,14.0,0.0,Collision,77.495
2019,11,German Grand Prix,pre_covid,Valtteri Bottas,Mercedes,3.0,15.0,0.0,Accident,78.272
2019,11,German Grand Prix,pre_covid,Nico Hulkenberg,Alpine,9.0,16.0,0.0,Accident,89.576
2019,11,German Grand Prix,pre_covid,Charles Leclerc,Ferrari,10.0,17.0,0.0,Accident,87.697
2019,11,German Grand Prix,pre_covid,Lando Norris,McLaren,19.0,18.0,0.0,Power loss,91.081
2019,11,German Grand Prix,pre_covid,Daniel Ricciardo,Alpine,13.0,19.0,0.0,Exhaust,92.654
2019,11,German Grand Prix,pre_covid,Sergio Perez,Aston Martin,8.0,20.0,0.0,Spun off,112.843
2018,4,Azerbaijan Grand Prix,pre_covid,Lewis Hamilton,Mercedes,2.0,1.0,25.0,Finished,105.412
2018,4,Azerbaijan Grand Prix,pre_covid,Kimi Räikkönen,Ferrari,6.0,2.0,18.0,Finished,106.523
2018,4,Azerbaijan Grand Prix,pre_covid,Sergio Perez,Aston Martin,8.0,3.0,15.0,Finished,106.206
2018,4,Azerbaijan Grand Prix,pre_covid,Sebastian Vettel,Ferrari,1.0,4.0,12.0,Finished,105.53
2018,4,Azerbaijan Grand Prix,pre_covid,Carlos Sainz,Alpine,9.0,5.0,10.0,Finished,106.856
2018,4,Azerbaijan Grand Prix,pre_covid,Charles Leclerc,Sauber,13.0,6.0,8.0,Finished,107.403
2018,4,Azerbaijan Grand Prix,pre_covid,Fernando Alonso,McLaren,12.0,7.0,6.0,Finished,107.449
2018,4,Azerbaijan Grand Prix,pre_covid,Lance Stroll,Williams,10.0,8.0,4.0,Finished,106.815
2018,4,Azerbaijan Grand Prix,pre_covid,Stoffel Vandoorne,McLaren,16.0,9.0,2.0,Finished,107.666
2018,4,Azerbaijan Grand Prix,pre_covid,Brendon Hartley,RB,19.0,10.0,1.0,Finished,108.288
2018,4,Azerbaijan Grand Prix,pre_covid,Marcus Ericsson,Sauber,18.0,11.0,0.0,Finished,107.925
2018,4,Azerbaijan Grand Prix,pre_covid,Pierre Gasly,RB,17.0,12.0,0.0,Finished,108.035
2018,4,Azerbaijan Grand Prix,pre_covid,Kevin Magnussen,Haas F1 Team,15.0,13.0,0.0,Finished,108.155
2018,4,Azerbaijan Grand Prix,pre_covid,Valtteri Bottas,Mercedes,3.0,14.0,0.0,Puncture,105.149
2018,4,Azerbaijan Grand Prix,pre_covid,Romain Grosjean,Haas F1 Team,20.0,15.0,0.0,Accident,106.88
2018,4,Azerbaijan Grand Prix,pre_covid,Max Verstappen,Red Bull Racing,5.0,16.0,0.0,Collision,105.771
2018,4,Azerbaijan Grand Prix,pre_covid,Daniel Ricciardo,Red Bull Racing,4.0,17.0,0.0,Collision,105.419
2018,4,Azerbaijan Grand Prix,pre_covid,Nico Hulkenberg,Alpine,14.0,18.0,0.0,Accident,108.867
2018,4,Azerbaijan Grand Prix,pre_covid,Esteban Ocon,Aston Martin,7.0,19.0,0.0,Collision,
2018,4,Azerbaijan Grand Prix,pre_covid,Sergey Sirotkin,Williams,11.0,20.0,0.0,Collision,
2023,2,Saudi Arabian Grand Prix,post_covid,Sergio Perez,Red Bull Racing,1.0,1.0,25.0,Finished,92.188
2023,2,Saudi Arabian Grand Prix,post_covid,Max Verstappen,Red Bull Racing,15.0,2.0,19.0,Finished,91.906
2023,2,Saudi Arabian Grand Prix,post_covid,Fernando Alonso,Aston Martin,2.0,3.0,15.0,Finished,92.24
2023,2,Saudi Arabian Grand Prix,post_covid,George Russell,Mercedes,3.0,4.0,12.0,Finished,92.433
2023,2,Saudi Arabian Grand Prix,post_covid,Lewis Hamilton,Mercedes,7.0,5.0,10.0,Finished,92.941
2023,2,Saudi Arabian Grand Prix,post_covid,Carlos Sainz,Ferrari,4.0,6.0,8.0,Finished,92.822
2023,2,Saudi Arabian Grand Prix,post_covid,Charles Leclerc,Ferrari,12.0,7.0,6.0,Finished,93.056
2023,2,Saudi Arabian Grand Prix,post_covid,Esteban Ocon,Alpine,6.0,8.0,4.0,Finished,93.222
2023,2,Saudi Arabian Grand Prix,post_covid,Pierre Gasly,Alpine,9.0,9.0,2.0,Finished,93.392
2023,2,Saudi Arabian Grand Prix,post_covid,Kevin Magnussen,Haas F1 Team,13.0,10.0,1.0,Finished,93.374
2023,2,Saudi Arabian Grand Prix,post_covid,Yuki Tsunoda,RB,16.0,11.0,0.0,Finished,93.931
2023,2,Saudi Arabian Grand Prix,post_covid,Nico Hulkenberg,Haas F1 Team,10.0,12.0,0.0,Finished,93.78
2023,2,Saudi Arabian Grand Prix,post_covid,Guanyu Zhou,Kick Sauber,11.0,13.0,0.0,Finished,93.894
2023,2,Saudi Arabian Grand Prix,post_covid,Nyck De Vries,RB,18.0,14.0,0.0,Finished,93.609
2023,2,Saudi Arabian Grand Prix,post_covid,Oscar Piastri,McLaren,8.0,15.0,0.0,Finished,94.287
2023,2,Saudi Arabian Grand Prix,post_covid,Logan Sargeant,Williams,20.0,16.0,0.0,Finished,94.469
2023,2,Saudi Arabian Grand Prix,post_covid,Lando Norris,McLaren,19.0,17.0,0.0,Finished,94.122
2023,2,Saudi Arabian Grand Prix,post_covid,Valtteri Bottas,Kick Sauber,14.0,18.0,0.0,Lapped,94.384
2023,2,Saudi Arabian Grand Prix,post_covid,Alexander Albon,Williams,17.0,19.0,0.0,Retired,95.567
2023,2,Saudi Arabian Grand Prix,post_covid,Lance Stroll,Aston Martin,5.0,20.0,0.0,Retired,95.14
2025,4,Bahrain Grand Prix,post_covid,Oscar Piastri,McLaren,1.0,1.0,25.0,Finished,95.14
2025,4,Bahrain Grand Prix,post_covid,George Russell,Mercedes,3.0,2.0,18.0,Finished,95.518
2025,4,Bahrain Grand Prix,post_covid,Lando Norris,McLaren,6.0,3.0,15.0,Finished,95.728
2025,4,Bahrain Grand Prix,post_covid,Charles Leclerc,Ferrari,2.0,4.0,12.0,Finished,96.132
2025,4,Bahrain Grand Prix,post_covid,Lewis Hamilton,Ferrari,9.0,5.0,10.0,Finished,96.235
2025,4,Bahrain Grand Prix,post_covid,Max Verstappen,Red Bull Racing,7.0,6.0,8.0,Finished,96.167
2025,4,Bahrain Grand Prix,post_covid,Pierre Gasly,Alpine,4.0,7.0,6.0,Finished,96.531
2025,4,Bahrain Grand Prix,post_covid,Esteban Ocon,Haas F1 Team,14.0,8.0,4.0,Finished,97.098
2025,4,Bahrain Grand Prix,post_covid,Yuki Tsunoda,Red Bull Racing,10.0,9.0,2.0,Finished,97.225
2025,4,Bahrain Grand Prix,post_covid,Oliver Bearman,Haas F1 Team,20.0,10.0,1.0,Finished,97.303
2025,4,Bahrain Grand Prix,post_covid,Andrea Kimi Antonelli,Mercedes,5.0,11.0,0.0,Finished,96.69
2025,4,Bahrain Grand Prix,post_covid,Alexander Albon,Williams,15.0,12.0,0.0,Finished,97.141
2025,4,Bahrain Grand Prix,post_covid,Isack Hadjar,Racing Bulls,12.0,13.0,0.0,Finished,96.952
2025,4,Bahrain Grand Prix,post_covid,Jack Doohan,Alpine,11.0,14.0,0.0,Finished,96.682
2025,4,Bahrain Grand Prix,post_covid,Fernando Alonso,Aston Martin,13.0,15.0,0.0,Finished,97.906
2025,4,Bahrain Grand Prix,post_covid,Liam Lawson,Racing Bulls,17.0,16.0,0.0,Finished,97.38
2025,4,Bahrain Grand Prix,post_covid,Lance Stroll,Aston Martin,19.0,17.0,0.0,Finished,98.064
2025,4,Bahrain Grand Prix,post_covid,Gabriel Bortoleto,Kick Sauber,18.0,18.0,0.0,Finished,98.006
2025,4,Bahrain Grand Prix,post_covid,Carlos Sainz,Williams,8.0,19.0,0.0,Retired,96.954
2025,4,Bahrain Grand Prix,post_covid,Nico Hulkenberg,Kick Sauber,16.0,20.0,0.0,Disqualified,97.338
2023,10,British Grand Prix,post_covid,Max Verstappen,Red Bull Racing,1.0,1.0,26.0,Finished,90.275
2023,10,British Grand Prix,post_covid,Lando Norris,McLaren,2.0,2.0,18.0,Finished,90.543
2023,10,British Grand Prix,post_covid,Lewis Hamilton,Mercedes,7.0,3.0,15.0,Finished,90.545
2023,10,British Grand Prix,post_covid,Oscar Piastri,McLaren,3.0,4.0,12.0,Finished,90.85
2023,10,British Grand Prix,post_covid,George Russell,Mercedes,6.0,5.0,10.0,Finished,91.124
2023,10,British Grand Prix,post_covid,Sergio Perez,Red Bull Racing,15.0,6.0,8.0,Finished,90.914
2023,10,British Grand Prix,post_covid,Fernando Alonso,Aston Martin,9.0,7.0,6.0,Finished,91.338
2023,10,British Grand Prix,post_covid,Alexander Albon,Williams,8.0,8.0,4.0,Finished,91.273
2023,10,British Grand Prix,post_covid,Charles Leclerc,Ferrari,4.0,9.0,2.0,Finished,91.255
2023,10,British Grand Prix,post_covid,Carlos Sainz,Ferrari,5.0,10.0,1.0,Finished,91.366
2023,10,British Grand Prix,post_covid,Logan Sargeant,Williams,14.0,11.0,0.0,Finished,91.699
2023,10,British Grand Prix,post_covid,Valtteri Bottas,Kick Sauber,20.0,12.0,0.0,Finished,91.852
2023,10,British Grand Prix,post_covid,Nico Hulkenberg,Haas F1 Team,11.0,13.0,0.0,Finished,91.776
2023,10,British Grand Prix,post_covid,Lance Stroll,Aston Martin,12.0,14.0,0.0,Finished,91.508
2023,10,British Grand Prix,post_covid,Guanyu Zhou,Kick Sauber,17.0,15.0,0.0,Finished,91.769
2023,10,British Grand Prix,post_covid,Yuki Tsunoda,RB,16.0,16.0,0.0,Finished,92.084
2023,10,British Grand Prix,post_covid,Nyck De Vries,RB,18.0,17.0,0.0,Finished,92.353
2023,10,British Grand Prix,post_covid,Pierre Gasly,Alpine,10.0,18.0,0.0,Retired,91.539
2023,10,British Grand Prix,post_covid,Kevin Magnussen,Haas F1 Team,19.0,19.0,0.0,Retired,93.356
2023,10,British Grand Prix,post_covid,Esteban Ocon,Alpine,13.0,20.0,0.0,Retired,93.846
2024,19,United States Grand Prix,post_covid,Charles Leclerc,Ferrari,4.0,1.0,25.0,Finished,97.834
2024,19,United States Grand Prix,post_covid,Carlos Sainz,Ferrari,3.0,2.0,18.0,Finished,97.763
2024,19,United States Grand Prix,post_covid,Max Verstappen,Red Bull Racing,2.0,3.0,15.0,Finished,98.117
2024,19,United States Grand Prix,post_covid,Lando Norris,McLaren,1.0,4.0,12.0,Finished,97.679
2024,19,United States Grand Prix,post_covid,Oscar Piastri,McLaren,5.0,5.0,10.0,Finished,97.883
2024,19,United States Grand Prix,post_covid,George Russell,Mercedes,20.0,6.0,8.0,Finished,97.656
2024,19,United States Grand Prix,post_covid,Sergio Perez,Red Bull Racing,9.0,7.0,6.0,Finished,98.514
2024,19,United States Grand Prix,post_covid,Nico Hulkenberg,Haas F1 Team,11.0,8.0,4.0,Finished,98.404
2024,19,United States Grand Prix,post_covid,Liam Lawson,RB,19.0,9.0,2.0,Finished,98.091
2024,19,United States Grand Prix,post_covid,Franco Colapinto,Williams,15.0,10.0,1.0,Finished,97.611
2024,19,United States Grand Prix,post_covid,Kevin Magnussen,Haas F1 Team,8.0,11.0,0.0,Finished,98.21
2024,19,United States Grand Prix,post_covid,Pierre Gasly,Alpine,6.0,12.0,0.0,Finished,98.311
2024,19,United States Grand Prix,post_covid,Fernando Alonso,Aston Martin,7.0,13.0,0.0,Lapped,99.261
2024,19,United States Grand Prix,post_covid,Yuki Tsunoda,RB,10.0,14.0,0.0,Lapped,99.193
2024,19,United States Grand Prix,post_covid,Lance Stroll,Aston Martin,13.0,15.0,0.0,Lapped,99.214
2024,19,United States Grand Prix,post_covid,Alexander Albon,Williams,14.0,16.0,0.0,Lapped,99.084
2024,19,United States Grand Prix,post_covid,Valtteri Bottas,Kick Sauber,16.0,17.0,0.0,Lapped,100.575
2024,19,United States Grand Prix,post_covid,Esteban Ocon,Alpine,12.0,18.0,0.0,Lapped,97.33
2024,19,United States Grand Prix,post_covid,Guanyu Zhou,Kick Sauber,18.0,19.0,0.0,Lapped,99.272
2024,19,United States Grand Prix,post_covid,Lewis Hamilton,Mercedes,17.0,20.0,0.0,Retired,108.064
2020,7,Belgian Grand Prix,covid,Lewis Hamilton,Mercedes,1.0,1.0,25.0,Finished,107.758
2020,7,Belgian Grand Prix,covid,Valtteri Bottas,Mercedes,2.0,2.0,18.0,Finished,107.983
2020,7,Belgian Grand Prix,covid,Max Verstappen,Red Bull Racing,3.0,3.0,15.0,Finished,108.305
2020,7,Belgian Grand Prix,covid,Daniel Ricciardo,Alpine,4.0,4.0,13.0,Finished,107.483
2020,7,Belgian Grand Prix,covid,Esteban Ocon,Alpine,6.0,5.0,10.0,Finished,108.54
2020,7,Belgian Grand Prix,covid,Alexander Albon,Red Bull Racing,5.0,6.0,8.0,Finished,108.736
2020,7,Belgian Grand Prix,covid,Lando Norris,McLaren,10.0,7.0,6.0,Finished,108.552
2020,7,Belgian Grand Prix,covid,Pierre Gasly,RB,12.0,8.0,4.0,Finished,107.839
2020,7,Belgian Grand Prix,covid,Lance Stroll,Aston Martin,9.0,9.0,2.0,Finished,109.136
2020,7,Belgian Grand Prix,covid,Sergio Perez,Aston Martin,8.0,10.0,1.0,Finished,108.389
2020,7,Belgian Grand Prix,covid,Daniil Kvyat,RB,11.0,11.0,0.0,Finished,109.832
2020,7,Belgian Grand Prix,covid,Kimi Räikkönen,Kick Sauber,16.0,12.0,0.0,Finished,109.822
2020,7,Belgian Grand Prix,covid,Sebastian Vettel,Ferrari,14.0,13.0,0.0,Finished,109.958
2020,7,Belgian Grand Prix,covid,Charles Leclerc,Ferrari,13.0,14.0,0.0,Finished,107.84
2020,7,Belgian Grand Prix,covid,Romain Grosjean,Haas F1 Team,17.0,15.0,0.0,Finished,110.018
2020,7,Belgian Grand Prix,covid,Nicholas Latifi,Williams,19.0,16.0,0.0,Finished,108.048
2020,7,Belgian Grand Prix,covid,Kevin Magnussen,Haas F1 Team,20.0,17.0,0.0,Finished,108.083
2020,7,Belgian Grand Prix,covid,Antonio Giovinazzi,Kick Sauber,18.0,18.0,0.0,Accident,111.793
2020,7,Belgian Grand Prix,covid,George Russell,Williams,15.0,19.0,0.0,Debris,111.754
2020,7,Belgian Grand Prix,covid,Carlos Sainz,McLaren,7.0,20.0,0.0,Exhaust,
2022,5,Miami Grand Prix,post_covid,Max Verstappen,Red Bull Racing,3.0,1.0,26.0,Finished,91.361
2022,5,Miami Grand Prix,post_covid,Charles Leclerc,Ferrari,1.0,2.0,18.0,Finished,91.488
2022,5,Miami Grand Prix,post_covid,Carlos Sainz,Ferrari,2.0,3.0,15.0,Finished,91.79
2022,5,Miami Grand Prix,post_covid,Sergio Perez,Red Bull Racing,4.0,4.0,12.0,Finished,91.819
2022,5,Miami Grand Prix,post_covid,George Russell,Mercedes,12.0,5.0,10.0,Finished,92.195
2022,5,Miami Grand Prix,post_covid,Lewis Hamilton,Mercedes,6.0,6.0,8.0,Finished,92.941
2022,5,Miami Grand Prix,post_covid,Valtteri Bottas,Kick Sauber,5.0,7.0,6.0,Finished,93.184
2022,5,Miami Grand Prix,post_covid,Esteban Ocon,Alpine,20.0,8.0,4.0,Finished,93.163
2022,5,Miami Grand Prix,post_covid,Alexander Albon,Williams,18.0,9.0,2.0,Finished,93.447
2022,5,Miami Grand Prix,post_covid,Lance Stroll,Aston Martin,0.0,10.0,1.0,Finished,93.312
2022,5,Miami Grand Prix,post_covid,Fernando Alonso,Alpine,11.0,11.0,0.0,Finished,93.331
2022,5,Miami Grand Prix,post_covid,Yuki Tsunoda,RB,9.0,12.0,0.0,Finished,93.035
2022,5,Miami Grand Prix,post_covid,Daniel Ricciardo,McLaren,14.0,13.0,0.0,Finished,93.265
2022,5,Miami Grand Prix,post_covid,Nicholas Latifi,Williams,19.0,14.0,0.0,Finished,94.169
2022,5,Miami Grand Prix,post_covid,Mick Schumacher,Haas F1 Team,15.0,15.0,0.0,Finished,92.528
2022,5,Miami Grand Prix,post_covid,Kevin Magnussen,Haas F1 Team,16.0,16.0,0.0,Front wing,93.511
2022,5,Miami Grand Prix,post_covid,Sebastian Vettel,Aston Martin,0.0,17.0,0.0,Collision,93.479
2022,5,Miami Grand Prix,post_covid,Pierre Gasly,RB,7.0,18.0,0.0,Suspension,94.487
2022,5,Miami Grand Prix,post_covid,Lando Norris,McLaren,8.0,19.0,0.0,Collision,93.411
2022,5,Miami Grand Prix,post_covid,Guanyu Zhou,Kick Sauber,17.0,20.0,0.0,Water leak,95.731
2019,3,Chinese Grand Prix,pre_covid,Lewis Hamilton,Mercedes,2.0,1.0,25.0,Finished,95.892
2019,3,Chinese Grand Prix,pre_covid,Valtteri Bottas,Mercedes,1.0,2.0,18.0,Finished,94.872
2019,3,Chinese Grand Prix,pre_covid,Sebastian Vettel,Ferrari,3.0,3.0,15.0,Finished,94.836
2019,3,Chinese Grand Prix,pre_covid,Max Verstappen,Red Bull Racing,5.0,4.0,12.0,Finished,96.143
2019,3,Chinese Grand Prix,pre_covid,Charles Leclerc,Ferrari,4.0,5.0,10.0,Finished,94.86
2019,3,Chinese Grand Prix,pre_covid,Pierre Gasly,Red Bull Racing,6.0,6.0,9.0,Finished,94.742
2019,3,Chinese Grand Prix,pre_covid,Daniel Ricciardo,Alpine,7.0,7.0,6.0,+1 Lap,98.632
2019,3,Chinese Grand Prix,pre_covid,Sergio Perez,Aston Martin,12.0,8.0,4.0,+1 Lap,98.702
2019,3,Chinese Grand Prix,pre_covid,Kimi Räikkönen,Kick Sauber,13.0,9.0,2.0,+1 Lap,97.812
2019,3,Chinese Grand Prix,pre_covid,Alexander Albon,RB,0.0,10.0,1.0,+1 Lap,98.901
2019,3,Chinese Grand Prix,pre_covid,Romain Grosjean,Haas F1 Team,10.0,11.0,0.0,+1 Lap,96.873
2019,3,Chinese Grand Prix,pre_covid,Lance Stroll,Aston Martin,16.0,12.0,0.0,+1 Lap,96.678
2019,3,Chinese Grand Prix,pre_covid,Kevin Magnussen,Haas F1 Team,9.0,13.0,0.0,+1 Lap,97.471
2019,3,Chinese Grand Prix,pre_covid,Carlos Sainz,McLaren,14.0,14.0,0.0,+1 Lap,97.502
2019,3,Chinese Grand Prix,pre_covid,Antonio Giovinazzi,Kick Sauber,19.0,15.0,0.0,+1 Lap,98.048
2019,3,Chinese Grand Prix,pre_covid,George Russell,Williams,17.0,16.0,0.0,+2 Laps,97.283
2019,3,Chinese Grand Prix,pre_covid,Robert Kubica,Williams,18.0,17.0,0.0,+2 Laps,99.772
2019,3,Chinese Grand Prix,pre_covid,Lando Norris,McLaren,15.0,18.0,0.0,Collision,98.346
2019,3,Chinese Grand Prix,pre_covid,Daniil Kvyat,RB,11.0,19.0,0.0,Collision,97.975
2019,3,Chinese Grand Prix,pre_covid,Nico Hulkenberg,Alpine,8.0,20.0,0.0,Power Unit,99.677
2025,16,Italian Grand Prix,post_covid,Max Verstappen,Red Bull Racing,1.0,1.0,25.0,Finished,81.003
2025,16,Italian Grand Prix,post_covid,Lando Norris,McLaren,2.0,2.0,18.0,Finished,80.901
2025,16,Italian Grand Prix,post_covid,Oscar Piastri,McLaren,3.0,3.0,15.0,Finished,81.245
2025,16,Italian Grand Prix,post_covid,Charles Leclerc,Ferrari,4.0,4.0,12.0,Finished,81.294
2025,16,Italian Grand Prix,post_covid,George Russell,Mercedes,5.0,5.0,10.0,Finished,81.8
2025,16,Italian Grand Prix,post_covid,Lewis Hamilton,Ferrari,10.0,6.0,8.0,Finished,81.546
2025,16,Italian Grand Prix,post_covid,Alexander Albon,Williams,14.0,7.0,6.0,Finished,81.368
2025,16,Italian Grand Prix,post_covid,Gabriel Bortoleto,Kick Sauber,7.0,8.0,4.0,Finished,82.139
2025,16,Italian Grand Prix,post_covid,Andrea Kimi Antonelli,Mercedes,6.0,9.0,2.0,Finished,81.968
2025,16,Italian Grand Prix,post_covid,Isack Hadjar,Racing Bulls,19.0,10.0,1.0,Finished,82.133
2025,16,Italian Grand Prix,post_covid,Carlos Sainz,Williams,13.0,11.0,0.0,Finished,81.74
2025,16,Italian Grand Prix,post_covid,Oliver Bearman,Haas F1 Team,11.0,12.0,0.0,Finished,81.82
2025,16,Italian Grand Prix,post_covid,Yuki Tsunoda,Red Bull Racing,9.0,13.0,0.0,Finished,82.712
2025,16,Italian Grand Prix,post_covid,Liam Lawson,Racing Bulls,18.0,14.0,0.0,Finished,82.777
2025,16,Italian Grand Prix,post_covid,Esteban Ocon,Haas F1 Team,15.0,15.0,0.0,Lapped,82.892
2025,16,Italian Grand Prix,post_covid,Pierre Gasly,Alpine,20.0,16.0,0.0,Lapped,82.185
2025,16,Italian Grand Prix,post_covid,Franco Colapinto,Alpine,17.0,17.0,0.0,Lapped,82.239
2025,16,Italian Grand Prix,post_covid,Lance Stroll,Aston Martin,16.0,18.0,0.0,Lapped,82.164
2025,16,Italian Grand Prix,post_covid,Fernando Alonso,Aston Martin,8.0,19.0,0.0,Retired,83.757
2025,16,Italian Grand Prix,post_covid,Nico Hulkenberg,Kick Sauber,12.0,20.0,0.0,Did not start,
2024,3,Australian Grand Prix,post_covid,Carlos Sainz,Ferrari,2.0,1.0,25.0,Finished,80.031
2024,3,Australian Grand Prix,post_covid,Charles Leclerc,Ferrari,4.0,2.0,19.0,Finished,79.813
2024,3,Australian Grand Prix,post_covid,Lando Norris,McLaren,3.0,3.0,15.0,Finished,79.915
2024,3,Australian Grand Prix,post_covid,Oscar Piastri,McLaren,5.0,4.0,12.0,Finished,80.199
2024,3,Australian Grand Prix,post_covid,Sergio Perez,Red Bull Racing,6.0,5.0,10.0,Finished,80.388
2024,3,Australian Grand Prix,post_covid,Lance Stroll,Aston Martin,9.0,6.0,8.0,Finished,80.93
2024,3,Australian Grand Prix,post_covid,Yuki Tsunoda,RB,8.0,7.0,6.0,Finished,81.134
2024,3,Australian Grand Prix,post_covid,Fernando Alonso,Aston Martin,10.0,8.0,4.0,Finished,80.493
2024,3,Australian Grand Prix,post_covid,Nico Hulkenberg,Haas F1 Team,16.0,9.0,2.0,Finished,81.145
2024,3,Australian Grand Prix,post_covid,Kevin Magnussen,Haas F1 Team,14.0,10.0,1.0,Lapped,81.082
2024,3,Australian Grand Prix,post_covid,Alexander Albon,Williams,12.0,11.0,0.0,Lapped,81.618
2024,3,Australian Grand Prix,post_covid,Daniel Ricciardo,RB,18.0,12.0,0.0,Lapped,81.239
2024,3,Australian Grand Prix,post_covid,Pierre Gasly,Alpine,17.0,13.0,0.0,Lapped,81.09
2024,3,Australian Grand Prix,post_covid,Valtteri Bottas,Kick Sauber,13.0,14.0,0.0,Lapped,81.422
2024,3,Australian Grand Prix,post_covid,Guanyu Zhou,Kick Sauber,19.0,15.0,0.0,Lapped,81.327
2024,3,Australian Grand Prix,post_covid,Esteban Ocon,Alpine,15.0,16.0,0.0,Lapped,81.354
2024,3,Australian Grand Prix,post_covid,George Russell,Mercedes,7.0,17.0,0.0,Retired,80.284
2024,3,Australian Grand Prix,post_covid,Lewis Hamilton,Mercedes,11.0,18.0,0.0,Retired,82.444
2024,3,Australian Grand Prix,post_covid,Max Verstappen,Red Bull Racing,1.0,19.0,0.0,Retired,83.115
2022,22,Abu Dhabi Grand Prix,post_covid,Max Verstappen,Red Bull Racing,1.0,1.0,25.0,Finished,89.392
2022,22,Abu Dhabi Grand Prix,post_covid,Charles Leclerc,Ferrari,3.0,2.0,18.0,Finished,89.719
2022,22,Abu Dhabi Grand Prix,post_covid,Sergio Perez,Red Bull Racing,2.0,3.0,15.0,Finished,88.972
2022,22,Abu Dhabi Grand Prix,post_covid,Carlos Sainz,Ferrari,4.0,4.0,12.0,Finished,88.879
2022,22,Abu Dhabi Grand Prix,post_covid,George Russell,Mercedes,6.0,5.0,10.0,Finished,88.836
2022,22,Abu Dhabi Grand Prix,post_covid,Lando Norris,McLaren,7.0,6.0,9.0,Finished,88.391
2022,22,Abu Dhabi Grand Prix,post_covid,Esteban Ocon,Alpine,8.0,7.0,6.0,Finished,89.333
2022,22,Abu Dhabi Grand Prix,post_covid,Lance Stroll,Aston Martin,14.0,8.0,4.0,Finished,89.62
2022,22,Abu Dhabi Grand Prix,post_covid,Daniel Ricciardo,McLaren,13.0,9.0,2.0,Finished,90.785
2022,22,Abu Dhabi Grand Prix,post_covid,Sebastian Vettel,Aston Martin,9.0,10.0,1.0,Finished,90.312
2022,22,Abu Dhabi Grand Prix,post_covid,Yuki Tsunoda,RB,11.0,11.0,0.0,Finished,89.489
2022,22,Abu Dhabi Grand Prix,post_covid,Guanyu Zhou,Kick Sauber,15.0,12.0,0.0,+1 Lap,89.6
2022,22,Abu Dhabi Grand Prix,post_covid,Alexander Albon,Williams,19.0,13.0,0.0,+1 Lap,89.939
2022,22,Abu Dhabi Grand Prix,post_covid,Pierre Gasly,RB,17.0,14.0,0.0,+1 Lap,91.018
2022,22,Abu Dhabi Grand Prix,post_covid,Valtteri Bottas,Kick Sauber,18.0,15.0,0.0,+1 Lap,90.352
2022,22,Abu Dhabi Grand Prix,post_covid,Mick Schumacher,Haas F1 Team,12.0,16.0,0.0,+1 Lap,89.833
2022,22,Abu Dhabi Grand Prix,post_covid,Kevin Magnussen,Haas F1 Team,16.0,17.0,0.0,+1 Lap,91.158
2022,22,Abu Dhabi Grand Prix,post_covid,Lewis Hamilton,Mercedes,5.0,18.0,0.0,Hydraulics,89.788
2022,22,Abu Dhabi Grand Prix,post_covid,Nicholas Latifi,Williams,20.0,19.0,0.0,Collision damage,90.309
2022,22,Abu Dhabi Grand Prix,post_covid,Fernando Alonso,Alpine,10.0,20.0,0.0,Water leak,90.579
2024,2,Saudi Arabian Grand Prix,post_covid,Max Verstappen,Red Bull Racing,1.0,1.0,25.0,Finished,91.773
2024,2,Saudi Arabian Grand Prix,post_covid,Sergio Perez,Red Bull Racing,3.0,2.0,18.0,Finished,92.273
2024,2,Saudi Arabian Grand Prix,post_covid,Charles Leclerc,Ferrari,2.0,3.0,16.0,Finished,91.632
2024,2,Saudi Arabian Grand Prix,post_covid,Oscar Piastri,McLaren,5.0,4.0,12.0,Finished,92.31
2024,2,Saudi Arabian Grand Prix,post_covid,Fernando Alonso,Aston Martin,4.0,5.0,10.0,Finished,92.387
2024,2,Saudi Arabian Grand Prix,post_covid,George Russell,Mercedes,7.0,6.0,8.0,Finished,92.254
2024,2,Saudi Arabian Grand Prix,post_covid,Oliver Bearman,Ferrari,11.0,7.0,6.0,Finished,92.186
2024,2,Saudi Arabian Grand Prix,post_covid,Lando Norris,McLaren,6.0,8.0,4.0,Finished,91.944
2024,2,Saudi Arabian Grand Prix,post_covid,Lewis Hamilton,Mercedes,8.0,9.0,2.0,Finished,91.746
2024,2,Saudi Arabian Grand Prix,post_covid,Nico Hulkenberg,Haas F1 Team,15.0,10.0,1.0,Finished,92.366
2024,2,Saudi Arabian Grand Prix,post_covid,Alexander Albon,Williams,12.0,11.0,0.0,Finished,92.307
2024,2,Saudi Arabian Grand Prix,post_covid,Kevin Magnussen,Haas F1 Team,13.0,12.0,0.0,Finished,92.338
2024,2,Saudi Arabian Grand Prix,post_covid,Esteban Ocon,Alpine,17.0,13.0,0.0,Lapped,93.481
2024,2,Saudi Arabian Grand Prix,post_covid,Logan Sargeant,Williams,19.0,14.0,0.0,Lapped,93.026
2024,2,Saudi Arabian Grand Prix,post_covid,Yuki Tsunoda,RB,9.0,15.0,0.0,Lapped,93.523
2024,2,Saudi Arabian Grand Prix,post_covid,Daniel Ricciardo,RB,14.0,16.0,0.0,Lapped,93.323
2024,2,Saudi Arabian Grand Prix,post_covid,Valtteri Bottas,Kick Sauber,16.0,17.0,0.0,Lapped,92.706
2024,2,Saudi Arabian Grand Prix,post_covid,Guanyu Zhou,Kick Sauber,20.0,18.0,0.0,Lapped,92.208
2024,2,Saudi Arabian Grand Prix,post_covid,Lance Stroll,Aston Martin,10.0,19.0,0.0,Retired,95.56
2024,2,Saudi Arabian Grand Prix,post_covid,Pierre Gasly,Alpine,18.0,20.0,0.0,Retired,121.453
2025,17,Azerbaijan Grand Prix,post_covid,Max Verstappen,Red Bull Racing,1.0,1.0,25.0,Finished,103.388
2025,17,Azerbaijan Grand Prix,post_covid,George Russell,Mercedes,5.0,2.0,18.0,Finished,103.754
2025,17,Azerbaijan Grand Prix,post_covid,Carlos Sainz,Williams,2.0,3.0,15.0,Finished,103.972
2025,17,Azerbaijan Grand Prix,post_covid,Andrea Kimi Antonelli,Mercedes,4.0,4.0,12.0,Finished,104.091
2025,17,Azerbaijan Grand Prix,post_covid,Liam Lawson,Racing Bulls,3.0,5.0,10.0,Finished,104.531
2025,17,Azerbaijan Grand Prix,post_covid,Yuki Tsunoda,Red Bull Racing,6.0,6.0,8.0,Finished,104.434
2025,17,Azerbaijan Grand Prix,post_covid,Lando Norris,McLaren,7.0,7.0,6.0,Finished,104.155
2025,17,Azerbaijan Grand Prix,post_covid,Lewis Hamilton,Ferrari,12.0,8.0,4.0,Finished,103.977
2025,17,Azerbaijan Grand Prix,post_covid,Charles Leclerc,Ferrari,10.0,9.0,2.0,Finished,104.274
2025,17,Azerbaijan Grand Prix,post_covid,Isack Hadjar,Racing Bulls,8.0,10.0,1.0,Finished,103.884
2025,17,Azerbaijan Grand Prix,post_covid,Gabriel Bortoleto,Kick Sauber,13.0,11.0,0.0,Finished,104.93
2025,17,Azerbaijan Grand Prix,post_covid,Oliver Bearman,Haas F1 Team,15.0,12.0,0.0,Finished,104.288
2025,17,Azerbaijan Grand Prix,post_covid,Alexander Albon,Williams,19.0,13.0,0.0,Finished,104.152
2025,17,Azerbaijan Grand Prix,post_covid,Esteban Ocon,Haas F1 Team,20.0,14.0,0.0,Finished,105.388
2025,17,Azerbaijan Grand Prix,post_covid,Fernando Alonso,Aston Martin,11.0,15.0,0.0,Finished,105.002
2025,17,Azerbaijan Grand Prix,post_covid,Nico Hulkenberg,Kick Sauber,17.0,16.0,0.0,Finished,104.37
2025,17,Azerbaijan Grand Prix,post_covid,Lance Stroll,Aston Martin,14.0,17.0,0.0,Finished,105.083
2025,17,Azerbaijan Grand Prix,post_covid,Pierre Gasly,Alpine,18.0,18.0,0.0,Lapped,105.492
2025,17,Azerbaijan Grand Prix,post_covid,Franco Colapinto,Alpine,16.0,19.0,0.0,Lapped,106.055
2025,17,Azerbaijan Grand Prix,post_covid,Oscar Piastri,McLaren,9.0,20.0,0.0,Retired,
2019,2,Bahrain Grand Prix,pre_covid,Lewis Hamilton,Mercedes,3.0,1.0,25.0,Finished,93.528
2019,2,Bahrain Grand Prix,pre_covid,Valtteri Bottas,Mercedes,4.0,2.0,18.0,Finished,94.209
2019,2,Bahrain Grand Prix,pre_covid,Charles Leclerc,Ferrari,1.0,3.0,16.0,Finished,93.411
2019,2,Bahrain Grand Prix,pre_covid,Max Verstappen,Red Bull Racing,5.0,4.0,12.0,Finished,95.311
2019,2,Bahrain Grand Prix,pre_covid,Sebastian Vettel,Ferrari,2.0,5.0,10.0,Finished,94.895
2019,2,Bahrain Grand Prix,pre_covid,Lando Norris,McLaren,9.0,6.0,8.0,Finished,95.777
2019,2,Bahrain Grand Prix,pre_covid,Kimi Räikkönen,Kick Sauber,8.0,7.0,6.0,Finished,95.589
2019,2,Bahrain Grand Prix,pre_covid,Pierre Gasly,Red Bull Racing,13.0,8.0,4.0,Finished,95.291
2019,2,Bahrain Grand Prix,pre_covid,Alexander Albon,RB,12.0,9.0,2.0,Finished,96.752
2019,2,Bahrain Grand Prix,pre_covid,Sergio Perez,Aston Martin,14.0,10.0,1.0,Finished,96.33
2019,2,Bahrain Grand Prix,pre_covid,Antonio Giovinazzi,Kick Sauber,16.0,11.0,0.0,Finished,95.237
2019,2,Bahrain Grand Prix,pre_covid,Daniil Kvyat,RB,15.0,12.0,0.0,+1 Lap,94.934
2019,2,Bahrain Grand Prix,pre_covid,Kevin Magnussen,Haas F1 Team,6.0,13.0,0.0,+1 Lap,95.892
2019,2,Bahrain Grand Prix,pre_covid,Lance Stroll,Aston Martin,18.0,14.0,0.0,+1 Lap,97.037
2019,2,Bahrain Grand Prix,pre_covid,George Russell,Williams,19.0,15.0,0.0,+1 Lap,97.313
2019,2,Bahrain Grand Prix,pre_covid,Robert Kubica,Williams,20.0,16.0,0.0,+2 Laps,97.903
2019,2,Bahrain Grand Prix,pre_covid,Nico Hulkenberg,Alpine,17.0,17.0,0.0,Engine,95.215
2019,2,Bahrain Grand Prix,pre_covid,Daniel Ricciardo,Alpine,10.0,18.0,0.0,Out of fuel,96.697
2019,2,Bahrain Grand Prix,pre_covid,Carlos Sainz,McLaren,7.0,19.0,0.0,Collision damage,95.586
2019,2,Bahrain Grand Prix,pre_covid,Romain Grosjean,Haas F1 Team,11.0,20.0,0.0,Retired,97.262
2022,4,Emilia Romagna Grand Prix,post_covid,Max Verstappen,Red Bull Racing,1.0,1.0,26.0,Finished,78.446
2022,4,Emilia Romagna Grand Prix,post_covid,Sergio Perez,Red Bull Racing,3.0,2.0,18.0,Finished,78.949
2022,4,Emilia Romagna Grand Prix,post_covid,Lando Norris,McLaren,5.0,3.0,15.0,Finished,80.903
2022,4,Emilia Romagna Grand Prix,post_covid,George Russell,Mercedes,11.0,4.0,12.0,Finished,80.962
2022,4,Emilia Romagna Grand Prix,post_covid,Valtteri Bottas,Kick Sauber,7.0,5.0,10.0,Finished,80.758
2022,4,Emilia Romagna Grand Prix,post_covid,Charles Leclerc,Ferrari,2.0,6.0,8.0,Finished,78.574
2022,4,Emilia Romagna Grand Prix,post_covid,Yuki Tsunoda,RB,12.0,7.0,6.0,Finished,80.544
2022,4,Emilia Romagna Grand Prix,post_covid,Sebastian Vettel,Aston Martin,13.0,8.0,4.0,Finished,81.211
2022,4,Emilia Romagna Grand Prix,post_covid,Kevin Magnussen,Haas F1 Team,8.0,9.0,2.0,Finished,81.238
2022,4,Emilia Romagna Grand Prix,post_covid,Lance Stroll,Aston Martin,15.0,10.0,1.0,+1 Lap,81.75
2022,4,Emilia Romagna Grand Prix,post_covid,Alexander Albon,Williams,18.0,11.0,0.0,+1 Lap,81.757
2022,4,Emilia Romagna Grand Prix,post_covid,Pierre Gasly,RB,17.0,12.0,0.0,+1 Lap,81.713
2022,4,Emilia Romagna Grand Prix,post_covid,Lewis Hamilton,Mercedes,14.0,13.0,0.0,+1 Lap,81.419
2022,4,Emilia Romagna Grand Prix,post_covid,Esteban Ocon,Alpine,16.0,14.0,0.0,+1 Lap,81.887
2022,4,Emilia Romagna Grand Prix,post_covid,Guanyu Zhou,Kick Sauber,0.0,15.0,0.0,+1 Lap,81.286
2022,4,Emilia Romagna Grand Prix,post_covid,Nicholas Latifi,Williams,19.0,16.0,0.0,+1 Lap,81.338
2022,4,Emilia Romagna Grand Prix,post_covid,Mick Schumacher,Haas F1 Team,10.0,17.0,0.0,+1 Lap,78.999
2022,4,Emilia Romagna Grand Prix,post_covid,Daniel Ricciardo,McLaren,6.0,18.0,0.0,+1 Lap,81.577
2022,4,Emilia Romagna Grand Prix,post_covid,Fernando Alonso,Alpine,9.0,19.0,0.0,Collision damage,99.685
2022,4,Emilia Romagna Grand Prix,post_covid,Carlos Sainz,Ferrari,4.0,20.0,0.0,Collision,
2020,6,Spanish Grand Prix,covid,Lewis Hamilton,Mercedes,1.0,1.0,25.0,Finished,79.822
2020,6,Spanish Grand Prix,covid,Max Verstappen,Red Bull Racing,3.0,2.0,18.0,Finished,81.477
2020,6,Spanish Grand Prix,covid,Valtteri Bottas,Mercedes,2.0,3.0,16.0,Finished,78.183
2020,6,Spanish Grand Prix,covid,Lance Stroll,Aston Martin,5.0,4.0,12.0,+1 Lap,82.024
2020,6,Spanish Grand Prix,covid,Sergio Perez,Aston Martin,4.0,5.0,10.0,+1 Lap,82.515
2020,6,Spanish Grand Prix,covid,Carlos Sainz,McLaren,7.0,6.0,8.0,+1 Lap,81.771
2020,6,Spanish Grand Prix,covid,Sebastian Vettel,Ferrari,11.0,7.0,6.0,+1 Lap,82.707
2020,6,Spanish Grand Prix,covid,Alexander Albon,Red Bull Racing,6.0,8.0,4.0,+1 Lap,82.194
2020,6,Spanish Grand Prix,covid,Pierre Gasly,RB,10.0,9.0,2.0,+1 Lap,82.543
2020,6,Spanish Grand Prix,covid,Lando Norris,McLaren,8.0,10.0,1.0,+1 Lap,82.392
2020,6,Spanish Grand Prix,covid,Daniel Ricciardo,Alpine,13.0,11.0,0.0,+1 Lap,82.464
2020,6,Spanish Grand Prix,covid,Daniil Kvyat,RB,12.0,12.0,0.0,+1 Lap,82.336
2020,6,Spanish Grand Prix,covid,Esteban Ocon,Alpine,15.0,13.0,0.0,+1 Lap,82.174
2020,6,Spanish Grand Prix,covid,Kimi Räikkönen,Kick Sauber,14.0,14.0,0.0,+1 Lap,81.888
2020,6,Spanish Grand Prix,covid,Kevin Magnussen,Haas F1 Team,16.0,15.0,0.0,+1 Lap,83.474
2020,6,Spanish Grand Prix,covid,Antonio Giovinazzi,Kick Sauber,20.0,16.0,0.0,+1 Lap,81.801
2020,6,Spanish Grand Prix,covid,George Russell,Williams,18.0,17.0,0.0,+1 Lap,82.503
2020,6,Spanish Grand Prix,covid,Nicholas Latifi,Williams,19.0,18.0,0.0,+2 Laps,82.03
2020,6,Spanish Grand Prix,covid,Romain Grosjean,Haas F1 Team,17.0,19.0,0.0,+2 Laps,80.409
2020,6,Spanish Grand Prix,covid,Charles Leclerc,Ferrari,9.0,20.0,0.0,Electronics,83.968
2020,4,British Grand Prix,covid,Lewis Hamilton,Mercedes,1.0,1.0,25.0,Finished,89.238
2020,4,British Grand Prix,covid,Max Verstappen,Red Bull Racing,3.0,2.0,19.0,Finished,87.097
2020,4,British Grand Prix,covid,Charles Leclerc,Ferrari,4.0,3.0,15.0,Finished,89.813
2020,4,British Grand Prix,covid,Daniel Ricciardo,Alpine,8.0,4.0,12.0,Finished,89.482
2020,4,British Grand Prix,covid,Lando Norris,McLaren,5.0,5.0,10.0,Finished,90.058
2020,4,British Grand Prix,covid,Esteban Ocon,Alpine,9.0,6.0,8.0,Finished,89.491
2020,4,British Grand Prix,covid,Pierre Gasly,RB,11.0,7.0,6.0,Finished,89.603
2020,4,British Grand Prix,covid,Alexander Albon,Red Bull Racing,12.0,8.0,4.0,Finished,88.689
2020,4,British Grand Prix,covid,Lance Stroll,Aston Martin,6.0,9.0,2.0,Finished,90.475
2020,4,British Grand Prix,covid,Sebastian Vettel,Ferrari,10.0,10.0,1.0,Finished,90.537
2020,4,British Grand Prix,covid,Valtteri Bottas,Mercedes,2.0,11.0,0.0,Finished,89.265
2020,4,British Grand Prix,covid,George Russell,Williams,20.0,12.0,0.0,Finished,90.862
2020,4,British Grand Prix,covid,Carlos Sainz,McLaren,7.0,13.0,0.0,Finished,89.948
2020,4,British Grand Prix,covid,Antonio Giovinazzi,Kick Sauber,15.0,14.0,0.0,Finished,90.977
2020,4,British Grand Prix,covid,Nicholas Latifi,Williams,18.0,15.0,0.0,Finished,90.501
2020,4,British Grand Prix,covid,Romain Grosjean,Haas F1 Team,17.0,16.0,0.0,Finished,89.782
2020,4,British Grand Prix,covid,Kimi Räikkönen,Kick Sauber,16.0,17.0,0.0,+1 Lap,89.973
2020,4,British Grand Prix,covid,Daniil Kvyat,RB,19.0,18.0,0.0,Accident,92.443
2020,4,British Grand Prix,covid,Kevin Magnussen,Haas F1 Team,14.0,19.0,0.0,Collision,103.754
2020,4,British Grand Prix,covid,Nico Hulkenberg,Aston Martin,13.0,20.0,0.0,Power Unit,
2018,21,Abu Dhabi Grand Prix,pre_covid,Lewis Hamilton,Mercedes,1.0,1.0,25.0,Finished,101.357
2018,21,Abu Dhabi Grand Prix,pre_covid,Sebastian Vettel,Ferrari,3.0,2.0,18.0,Finished,100.867
2018,21,Abu Dhabi Grand Prix,pre_covid,Max Verstappen,Red Bull Racing,6.0,3.0,15.0,Finished,101.909
2018,21,Abu Dhabi Grand Prix,pre_covid,Daniel Ricciardo,Red Bull Racing,5.0,4.0,12.0,Finished,101.249
2018,21,Abu Dhabi Grand Prix,pre_covid,Valtteri Bottas,Mercedes,2.0,5.0,10.0,Finished,100.953
2018,21,Abu Dhabi Grand Prix,pre_covid,Carlos Sainz,Alpine,11.0,6.0,8.0,Finished,101.351
2018,21,Abu Dhabi Grand Prix,pre_covid,Charles Leclerc,Sauber,8.0,7.0,6.0,Finished,102.876
2018,21,Abu Dhabi Grand Prix,pre_covid,Sergio Perez,Aston Martin,14.0,8.0,4.0,Finished,102.816
2018,21,Abu Dhabi Grand Prix,pre_covid,Romain Grosjean,Haas F1 Team,7.0,9.0,2.0,+1 Lap,103.195
2018,21,Abu Dhabi Grand Prix,pre_covid,Kevin Magnussen,Haas F1 Team,13.0,10.0,1.0,+1 Lap,102.822
2018,21,Abu Dhabi Grand Prix,pre_covid,Fernando Alonso,McLaren,15.0,11.0,0.0,+1 Lap,102.393
2018,21,Abu Dhabi Grand Prix,pre_covid,Brendon Hartley,RB,16.0,12.0,0.0,+1 Lap,104.174
2018,21,Abu Dhabi Grand Prix,pre_covid,Lance Stroll,Williams,20.0,13.0,0.0,+1 Lap,104.033
2018,21,Abu Dhabi Grand Prix,pre_covid,Stoffel Vandoorne,McLaren,18.0,14.0,0.0,+1 Lap,103.249
2018,21,Abu Dhabi Grand Prix,pre_covid,Sergey Sirotkin,Williams,19.0,15.0,0.0,+1 Lap,103.831
2018,21,Abu Dhabi Grand Prix,pre_covid,Pierre Gasly,RB,17.0,16.0,0.0,Engine,103.988
2018,21,Abu Dhabi Grand Prix,pre_covid,Esteban Ocon,Aston Martin,9.0,17.0,0.0,Engine,103.591
2018,21,Abu Dhabi Grand Prix,pre_covid,Marcus Ericsson,Sauber,12.0,18.0,0.0,Power loss,106.077
2018,21,Abu Dhabi Grand Prix,pre_covid,Kimi Räikkönen,Ferrari,4.0,19.0,0.0,Power loss,105.198
2018,21,Abu Dhabi Grand Prix,pre_covid,Nico Hulkenberg,Alpine,10.0,20.0,0.0,Collision,
2022,6,Spanish Grand Prix,post_covid,Max Verstappen,Red Bull Racing,2.0,1.0,25.0,Finished,85.456
2022,6,Spanish Grand Prix,post_covid,Sergio Perez,Red Bull Racing,5.0,2.0,19.0,Finished,84.108
2022,6,Spanish Grand Prix,post_covid,George Russell,Mercedes,4.0,3.0,15.0,Finished,84.636
2022,6,Spanish Grand Prix,post_covid,Carlos Sainz,Ferrari,3.0,4.0,12.0,Finished,85.985
2022,6,Spanish Grand Prix,post_covid,Lewis Hamilton,Mercedes,6.0,5.0,10.0,Finished,84.253
2022,6,Spanish Grand Prix,post_covid,Valtteri Bottas,Kick Sauber,7.0,6.0,8.0,Finished,86.395
2022,6,Spanish Grand Prix,post_covid,Esteban Ocon,Alpine,12.0,7.0,6.0,Finished,85.935
2022,6,Spanish Grand Prix,post_covid,Lando Norris,McLaren,11.0,8.0,4.0,Finished,85.619
2022,6,Spanish Grand Prix,post_covid,Fernando Alonso,Alpine,20.0,9.0,2.0,+1 Lap,86.599
2022,6,Spanish Grand Prix,post_covid,Yuki Tsunoda,RB,13.0,10.0,1.0,+1 Lap,86.828
2022,6,Spanish Grand Prix,post_covid,Sebastian Vettel,Aston Martin,16.0,11.0,0.0,+1 Lap,87.629
2022,6,Spanish Grand Prix,post_covid,Daniel Ricciardo,McLaren,9.0,12.0,0.0,+1 Lap,87.285
2022,6,Spanish Grand Prix,post_covid,Pierre Gasly,RB,14.0,13.0,0.0,+1 Lap,86.987
2022,6,Spanish Grand Prix,post_covid,Mick Schumacher,Haas F1 Team,10.0,14.0,0.0,+1 Lap,87.447
2022,6,Spanish Grand Prix,post_covid,Lance Stroll,Aston Martin,17.0,15.0,0.0,+1 Lap,86.876
2022,6,Spanish Grand Prix,post_covid,Nicholas Latifi,Williams,19.0,16.0,0.0,+2 Laps,87.246
2022,6,Spanish Grand Prix,post_covid,Kevin Magnussen,Haas F1 Team,8.0,17.0,0.0,+2 Laps,87.537
2022,6,Spanish Grand Prix,post_covid,Alexander Albon,Williams,18.0,18.0,0.0,+2 Laps,88.281
2022,6,Spanish Grand Prix,post_covid,Guanyu Zhou,Kick Sauber,15.0,19.0,0.0,Power loss,88.415
2022,6,Spanish Grand Prix,post_covid,Charles Leclerc,Ferrari,1.0,20.0,0.0,Turbo,87.03
2025,15,Dutch Grand Prix,post_covid,Oscar Piastri,McLaren,1.0,1.0,25.0,Finished,72.271
2025,15,Dutch Grand Prix,post_covid,Max Verstappen,Red Bull Racing,3.0,2.0,18.0,Finished,72.921
2025,15,Dutch Grand Prix,post_covid,Isack Hadjar,Racing Bulls,4.0,3.0,15.0,Finished,73.327
2025,15,Dutch Grand Prix,post_covid,George Russell,Mercedes,5.0,4.0,12.0,Finished,73.728
2025,15,Dutch Grand Prix,post_covid,Alexander Albon,Williams,15.0,5.0,10.0,Finished,73.687
2025,15,Dutch Grand Prix,post_covid,Oliver Bearman,Haas F1 Team,20.0,6.0,8.0,Finished,73.95
2025,15,Dutch Grand Prix,post_covid,Lance Stroll,Aston Martin,19.0,7.0,6.0,Finished,73.822
2025,15,Dutch Grand Prix,post_covid,Fernando Alonso,Aston Martin,10.0,8.0,4.0,Finished,73.719
2025,15,Dutch Grand Prix,post_covid,Yuki Tsunoda,Red Bull Racing,12.0,9.0,2.0,Finished,74.354
2025,15,Dutch Grand Prix,post_covid,Esteban Ocon,Haas F1 Team,18.0,10.0,1.0,Finished,73.986
2025,15,Dutch Grand Prix,post_covid,Franco Colapinto,Alpine,16.0,11.0,0.0,Finished,73.049
2025,15,Dutch Grand Prix,post_covid,Liam Lawson,Racing Bulls,8.0,12.0,0.0,Finished,73.879
2025,15,Dutch Grand Prix,post_covid,Carlos Sainz,Williams,9.0,13.0,0.0,Finished,73.808
2025,15,Dutch Grand Prix,post_covid,Nico Hulkenberg,Kick Sauber,17.0,14.0,0.0,Finished,74.912
2025,15,Dutch Grand Prix,post_covid,Gabriel Bortoleto,Kick Sauber,13.0,15.0,0.0,Finished,74.307
2025,15,Dutch Grand Prix,post_covid,Andrea Kimi Antonelli,Mercedes,11.0,16.0,0.0,Finished,73.48
2025,15,Dutch Grand Prix,post_covid,Pierre Gasly,Alpine,14.0,17.0,0.0,Finished,75.248
2025,15,Dutch Grand Prix,post_covid,Lando Norris,McLaren,2.0,18.0,0.0,Retired,72.379
2025,15,Dutch Grand Prix,post_covid,Charles Leclerc,Ferrari,6.0,19.0,0.0,Retired,74.557
2025,15,Dutch Grand Prix,post_covid,Lewis Hamilton,Ferrari,7.0,20.0,0.0,Retired,75.684
2022,20,Mexico City Grand Prix,post_covid,Max Verstappen,Red Bull Racing,1.0,1.0,25.0,Finished,82.046
2022,20,Mexico City Grand Prix,post_covid,Lewis Hamilton,Mercedes,3.0,2.0,18.0,Finished,82.062
2022,20,Mexico City Grand Prix,post_covid,Sergio Perez,Red Bull Racing,4.0,3.0,15.0,Finished,81.775
2022,20,Mexico City Grand Prix,post_covid,George Russell,Mercedes,2.0,4.0,13.0,Finished,80.153
2022,20,Mexico City Grand Prix,post_covid,Carlos Sainz,Ferrari,5.0,5.0,10.0,Finished,82.199
2022,20,Mexico City Grand Prix,post_covid,Charles Leclerc,Ferrari,7.0,6.0,8.0,Finished,82.603
2022,20,Mexico City Grand Prix,post_covid,Daniel Ricciardo,McLaren,11.0,7.0,6.0,+1 Lap,82.022
2022,20,Mexico City Grand Prix,post_covid,Esteban Ocon,Alpine,10.0,8.0,4.0,+1 Lap,83.279
2022,20,Mexico City Grand Prix,post_covid,Lando Norris,McLaren,8.0,9.0,2.0,+1 Lap,83.402
2022,20,Mexico City Grand Prix,post_covid,Valtteri Bottas,Kick Sauber,6.0,10.0,1.0,+1 Lap,83.363
2022,20,Mexico City Grand Prix,post_covid,Pierre Gasly,RB,14.0,11.0,0.0,+1 Lap,82.277
2022,20,Mexico City Grand Prix,post_covid,Alexander Albon,Williams,17.0,12.0,0.0,+1 Lap,82.914
2022,20,Mexico City Grand Prix,post_covid,Guanyu Zhou,Kick Sauber,12.0,13.0,0.0,+1 Lap,82.26
2022,20,Mexico City Grand Prix,post_covid,Sebastian Vettel,Aston Martin,16.0,14.0,0.0,+1 Lap,83.086
2022,20,Mexico City Grand Prix,post_covid,Lance Stroll,Aston Martin,20.0,15.0,0.0,+1 Lap,82.463
2022,20,Mexico City Grand Prix,post_covid,Mick Schumacher,Haas F1 Team,15.0,16.0,0.0,+1 Lap,83.641
2022,20,Mexico City Grand Prix,post_covid,Kevin Magnussen,Haas F1 Team,19.0,17.0,0.0,+1 Lap,83.3
2022,20,Mexico City Grand Prix,post_covid,Nicholas Latifi,Williams,18.0,18.0,0.0,+2 Laps,83.709
2022,20,Mexico City Grand Prix,post_covid,Fernando Alonso,Alpine,9.0,19.0,0.0,Engine,82.866
2022,20,Mexico City Grand Prix,post_covid,Yuki Tsunoda,RB,13.0,20.0,0.0,Collision damage,83.403
2024,1,Bahrain Grand Prix,post_covid,Max Verstappen,Red Bull Racing,1.0,1.0,26.0,Finished,92.608
2024,1,Bahrain Grand Prix,post_covid,Sergio Perez,Red Bull Racing,5.0,2.0,18.0,Finished,94.364
2024,1,Bahrain Grand Prix,post_covid,Carlos Sainz,Ferrari,4.0,3.0,15.0,Finished,94.507
2024,1,Bahrain Grand Prix,post_covid,Charles Leclerc,Ferrari,2.0,4.0,12.0,Finished,94.09
2024,1,Bahrain Grand Prix,post_covid,George Russell,Mercedes,3.0,5.0,10.0,Finished,95.065
2024,1,Bahrain Grand Prix,post_covid,Lando Norris,McLaren,7.0,6.0,8.0,Finished,94.476
2024,1,Bahrain Grand Prix,post_covid,Lewis Hamilton,Mercedes,9.0,7.0,6.0,Finished,94.722
2024,1,Bahrain Grand Prix,post_covid,Oscar Piastri,McLaren,8.0,8.0,4.0,Finished,94.774
2024,1,Bahrain Grand Prix,post_covid,Fernando Alonso,Aston Martin,6.0,9.0,2.0,Finished,94.199
2024,1,Bahrain Grand Prix,post_covid,Lance Stroll,Aston Martin,12.0,10.0,1.0,Finished,95.632
2024,1,Bahrain Grand Prix,post_covid,Guanyu Zhou,Kick Sauber,17.0,11.0,0.0,Lapped,95.458
2024,1,Bahrain Grand Prix,post_covid,Kevin Magnussen,Haas F1 Team,15.0,12.0,0.0,Lapped,95.57
2024,1,Bahrain Grand Prix,post_covid,Daniel Ricciardo,RB,14.0,13.0,0.0,Lapped,95.163
2024,1,Bahrain Grand Prix,post_covid,Yuki Tsunoda,RB,11.0,14.0,0.0,Lapped,95.833
2024,1,Bahrain Grand Prix,post_covid,Alexander Albon,Williams,13.0,15.0,0.0,Lapped,95.723
2024,1,Bahrain Grand Prix,post_covid,Nico Hulkenberg,Haas F1 Team,10.0,16.0,0.0,Lapped,94.834
2024,1,Bahrain Grand Prix,post_covid,Esteban Ocon,Alpine,19.0,17.0,0.0,Lapped,96.226
2024,1,Bahrain Grand Prix,post_covid,Pierre Gasly,Alpine,20.0,18.0,0.0,Lapped,94.805
2024,1,Bahrain Grand Prix,post_covid,Valtteri Bottas,Kick Sauber,16.0,19.0,0.0,Lapped,96.202
2024,1,Bahrain Grand Prix,post_covid,Logan Sargeant,Williams,18.0,20.0,0.0,Lapped,94.735
2022,21,São Paulo Grand Prix,post_covid,George Russell,Mercedes,1.0,1.0,26.0,Finished,73.785
2022,21,São Paulo Grand Prix,post_covid,Lewis Hamilton,Mercedes,2.0,2.0,18.0,Finished,73.942
2022,21,São Paulo Grand Prix,post_covid,Carlos Sainz,Ferrari,7.0,3.0,15.0,Finished,73.953
2022,21,São Paulo Grand Prix,post_covid,Charles Leclerc,Ferrari,5.0,4.0,12.0,Finished,74.253
2022,21,São Paulo Grand Prix,post_covid,Fernando Alonso,Alpine,17.0,5.0,10.0,Finished,74.164
2022,21,São Paulo Grand Prix,post_covid,Max Verstappen,Red Bull Racing,3.0,6.0,8.0,Finished,74.195
2022,21,São Paulo Grand Prix,post_covid,Sergio Perez,Red Bull Racing,4.0,7.0,6.0,Finished,74.283
2022,21,São Paulo Grand Prix,post_covid,Esteban Ocon,Alpine,16.0,8.0,4.0,Finished,75.093
2022,21,São Paulo Grand Prix,post_covid,Valtteri Bottas,Kick Sauber,14.0,9.0,2.0,Finished,75.511
2022,21,São Paulo Grand Prix,post_covid,Lance Stroll,Aston Martin,15.0,10.0,1.0,Finished,74.831
2022,21,São Paulo Grand Prix,post_covid,Sebastian Vettel,Aston Martin,9.0,11.0,0.0,Finished,75.549
2022,21,São Paulo Grand Prix,post_covid,Guanyu Zhou,Kick Sauber,13.0,12.0,0.0,Finished,75.802
2022,21,São Paulo Grand Prix,post_covid,Mick Schumacher,Haas F1 Team,12.0,13.0,0.0,Finished,75.251
2022,21,São Paulo Grand Prix,post_covid,Pierre Gasly,RB,10.0,14.0,0.0,Finished,75.327
2022,21,São Paulo Grand Prix,post_covid,Alexander Albon,Williams,19.0,15.0,0.0,Finished,75.613
2022,21,São Paulo Grand Prix,post_covid,Nicholas Latifi,Williams,18.0,16.0,0.0,Finished,75.327
2022,21,São Paulo Grand Prix,post_covid,Yuki Tsunoda,RB,0.0,17.0,0.0,+1 Lap,75.508
2022,21,São Paulo Grand Prix,post_covid,Lando Norris,McLaren,6.0,18.0,0.0,Gearbox,75.855
2022,21,São Paulo Grand Prix,post_covid,Kevin Magnussen,Haas F1 Team,8.0,19.0,0.0,Collision,
2022,21,São Paulo Grand Prix,post_covid,Daniel Ricciardo,McLaren,11.0,20.0,0.0,Collision,
2025,14,Hungarian Grand Prix,post_covid,Lando Norris,McLaren,3.0,1.0,25.0,Finished,79.918
2025,14,Hungarian Grand Prix,post_covid,Oscar Piastri,McLaren,2.0,2.0,18.0,Finished,79.412
2025,14,Hungarian Grand Prix,post_covid,George Russell,Mercedes,4.0,3.0,15.0,Finished,79.409
2025,14,Hungarian Grand Prix,post_covid,Charles Leclerc,Ferrari,1.0,4.0,12.0,Finished,80.44
2025,14,Hungarian Grand Prix,post_covid,Fernando Alonso,Aston Martin,5.0,5.0,10.0,Finished,80.113
2025,14,Hungarian Grand Prix,post_covid,Gabriel Bortoleto,Kick Sauber,7.0,6.0,8.0,Finished,80.705
2025,14,Hungarian Grand Prix,post_covid,Lance Stroll,Aston Martin,6.0,7.0,6.0,Finished,80.708
2025,14,Hungarian Grand Prix,post_covid,Liam Lawson,Racing Bulls,9.0,8.0,4.0,Finished,80.457
2025,14,Hungarian Grand Prix,post_covid,Max Verstappen,Red Bull Racing,8.0,9.0,2.0,Finished,79.576
2025,14,Hungarian Grand Prix,post_covid,Andrea Kimi Antonelli,Mercedes,15.0,10.0,1.0,Lapped,80.745
2025,14,Hungarian Grand Prix,post_covid,Isack Hadjar,Racing Bulls,10.0,11.0,0.0,Lapped,80.802
2025,14,Hungarian Grand Prix,post_covid,Lewis Hamilton,Ferrari,12.0,12.0,0.0,Lapped,80.022
2025,14,Hungarian Grand Prix,post_covid,Nico Hulkenberg,Kick Sauber,18.0,13.0,0.0,Lapped,80.013
2025,14,Hungarian Grand Prix,post_covid,Carlos Sainz,Williams,13.0,14.0,0.0,Lapped,79.79
2025,14,Hungarian Grand Prix,post_covid,Alexander Albon,Williams,19.0,15.0,0.0,Lapped,80.779
2025,14,Hungarian Grand Prix,post_covid,Esteban Ocon,Haas F1 Team,17.0,16.0,0.0,Lapped,81.916
2025,14,Hungarian Grand Prix,post_covid,Yuki Tsunoda,Red Bull Racing,20.0,17.0,0.0,Lapped,81.18
2025,14,Hungarian Grand Prix,post_covid,Franco Colapinto,Alpine,14.0,18.0,0.0,Lapped,80.827
2025,14,Hungarian Grand Prix,post_covid,Pierre Gasly,Alpine,16.0,19.0,0.0,Lapped,81.433
2025,14,Hungarian Grand Prix,post_covid,Oliver Bearman,Haas F1 Team,11.0,20.0,0.0,Retired,81.989
2019,1,Australian Grand Prix,pre_covid,Valtteri Bottas,Mercedes,2.0,1.0,26.0,Finished,85.58
2019,1,Australian Grand Prix,pre_covid,Lewis Hamilton,Mercedes,1.0,2.0,18.0,Finished,86.057
2019,1,Australian Grand Prix,pre_covid,Max Verstappen,Red Bull Racing,4.0,3.0,15.0,Finished,86.256
2019,1,Australian Grand Prix,pre_covid,Sebastian Vettel,Ferrari,3.0,4.0,12.0,Finished,87.954
2019,1,Australian Grand Prix,pre_covid,Charles Leclerc,Ferrari,5.0,5.0,10.0,Finished,86.926
2019,1,Australian Grand Prix,pre_covid,Kevin Magnussen,Haas F1 Team,7.0,6.0,8.0,Finished,88.182
2019,1,Australian Grand Prix,pre_covid,Nico Hulkenberg,Alpine,11.0,7.0,6.0,+1 Lap,88.444
2019,1,Australian Grand Prix,pre_covid,Kimi Räikkönen,Kick Sauber,9.0,8.0,4.0,+1 Lap,88.27
2019,1,Australian Grand Prix,pre_covid,Lance Stroll,Aston Martin,16.0,9.0,2.0,+1 Lap,87.568
2019,1,Australian Grand Prix,pre_covid,Daniil Kvyat,RB,15.0,10.0,1.0,+1 Lap,87.448
2019,1,Australian Grand Prix,pre_covid,Pierre Gasly,Red Bull Racing,17.0,11.0,0.0,+1 Lap,87.229
2019,1,Australian Grand Prix,pre_covid,Lando Norris,McLaren,8.0,12.0,0.0,+1 Lap,88.555
2019,1,Australian Grand Prix,pre_covid,Sergio Perez,Aston Martin,10.0,13.0,0.0,+1 Lap,88.485
2019,1,Australian Grand Prix,pre_covid,Alexander Albon,RB,13.0,14.0,0.0,+1 Lap,88.188
2019,1,Australian Grand Prix,pre_covid,Antonio Giovinazzi,Kick Sauber,14.0,15.0,0.0,+1 Lap,88.479
2019,1,Australian Grand Prix,pre_covid,George Russell,Williams,19.0,16.0,0.0,+2 Laps,88.713
2019,1,Australian Grand Prix,pre_covid,Robert Kubica,Williams,20.0,17.0,0.0,+3 Laps,89.284
2019,1,Australian Grand Prix,pre_covid,Romain Grosjean,Haas F1 Team,6.0,18.0,0.0,Wheel,88.462
2019,1,Australian Grand Prix,pre_covid,Daniel Ricciardo,Alpine,12.0,19.0,0.0,Damage,89.848
2019,1,Australian Grand Prix,pre_covid,Carlos Sainz,McLaren,18.0,20.0,0.0,Engine,90.899
2022,7,Monaco Grand Prix,post_covid,Sergio Perez,Red Bull Racing,3.0,1.0,25.0,Finished,76.028
2022,7,Monaco Grand Prix,post_covid,Carlos Sainz,Ferrari,2.0,2.0,18.0,Finished,76.421
2022,7,Monaco Grand Prix,post_covid,Max Verstappen,Red Bull Racing,4.0,3.0,15.0,Finished,76.052
2022,7,Monaco Grand Prix,post_covid,Charles Leclerc,Ferrari,1.0,4.0,12.0,Finished,76.249
2022,7,Monaco Grand Prix,post_covid,George Russell,Mercedes,6.0,5.0,10.0,Finished,76.83
2022,7,Monaco Grand Prix,post_covid,Lando Norris,McLaren,5.0,6.0,9.0,Finished,74.693
2022,7,Monaco Grand Prix,post_covid,Fernando Alonso,Alpine,7.0,7.0,6.0,Finished,75.882
2022,7,Monaco Grand Prix,post_covid,Lewis Hamilton,Mercedes,8.0,8.0,4.0,Finished,77.203
2022,7,Monaco Grand Prix,post_covid,Valtteri Bottas,Kick Sauber,12.0,9.0,2.0,Finished,77.6
2022,7,Monaco Grand Prix,post_covid,Sebastian Vettel,Aston Martin,9.0,10.0,1.0,Finished,77.558
2022,7,Monaco Grand Prix,post_covid,Pierre Gasly,RB,17.0,11.0,0.0,Finished,77.344
2022,7,Monaco Grand Prix,post_covid,Esteban Ocon,Alpine,10.0,12.0,0.0,Finished,77.571
2022,7,Monaco Grand Prix,post_covid,Daniel Ricciardo,McLaren,14.0,13.0,0.0,Finished,77.532
2022,7,Monaco Grand Prix,post_covid,Lance Stroll,Aston Martin,18.0,14.0,0.0,Finished,77.672
2022,7,Monaco Grand Prix,post_covid,Nicholas Latifi,Williams,19.0,15.0,0.0,+1 Lap,78.579
2022,7,Monaco Grand Prix,post_covid,Guanyu Zhou,Kick Sauber,20.0,16.0,0.0,+1 Lap,78.2
2022,7,Monaco Grand Prix,post_covid,Yuki Tsunoda,RB,11.0,17.0,0.0,+1 Lap,75.334
2022,7,Monaco Grand Prix,post_covid,Alexander Albon,Williams,16.0,18.0,0.0,Mechanical,78.023
2022,7,Monaco Grand Prix,post_covid,Mick Schumacher,Haas F1 Team,15.0,19.0,0.0,Accident,84.778
2022,7,Monaco Grand Prix,post_covid,Kevin Magnussen,Haas F1 Team,13.0,20.0,0.0,Water pressure,93.754
2018,20,Brazilian Grand Prix,pre_covid,Lewis Hamilton,Mercedes,1.0,1.0,25.0,Finished,71.795
2018,20,Brazilian Grand Prix,pre_covid,Max Verstappen,Red Bull Racing,5.0,2.0,18.0,Finished,71.578
2018,20,Brazilian Grand Prix,pre_covid,Kimi Räikkönen,Ferrari,4.0,3.0,15.0,Finished,71.769
2018,20,Brazilian Grand Prix,pre_covid,Daniel Ricciardo,Red Bull Racing,11.0,4.0,12.0,Finished,71.343
2018,20,Brazilian Grand Prix,pre_covid,Valtteri Bottas,Mercedes,3.0,5.0,10.0,Finished,70.54
2018,20,Brazilian Grand Prix,pre_covid,Sebastian Vettel,Ferrari,2.0,6.0,8.0,Finished,70.831
2018,20,Brazilian Grand Prix,pre_covid,Charles Leclerc,Sauber,7.0,7.0,6.0,Finished,72.082
2018,20,Brazilian Grand Prix,pre_covid,Romain Grosjean,Haas F1 Team,8.0,8.0,4.0,Finished,72.362
2018,20,Brazilian Grand Prix,pre_covid,Kevin Magnussen,Haas F1 Team,10.0,9.0,2.0,Finished,72.206
2018,20,Brazilian Grand Prix,pre_covid,Sergio Perez,Aston Martin,12.0,10.0,1.0,+1 Lap,72.472
2018,20,Brazilian Grand Prix,pre_covid,Brendon Hartley,RB,16.0,11.0,0.0,+1 Lap,72.949
2018,20,Brazilian Grand Prix,pre_covid,Carlos Sainz,Alpine,15.0,12.0,0.0,+1 Lap,72.169
2018,20,Brazilian Grand Prix,pre_covid,Pierre Gasly,RB,9.0,13.0,0.0,+1 Lap,73.822
2018,20,Brazilian Grand Prix,pre_covid,Stoffel Vandoorne,McLaren,20.0,14.0,0.0,+1 Lap,72.968
2018,20,Brazilian Grand Prix,pre_covid,Esteban Ocon,Aston Martin,18.0,15.0,0.0,+1 Lap,72.352
2018,20,Brazilian Grand Prix,pre_covid,Sergey Sirotkin,Williams,14.0,16.0,0.0,+2 Laps,74.262
2018,20,Brazilian Grand Prix,pre_covid,Fernando Alonso,McLaren,17.0,17.0,0.0,+2 Laps,72.643
2018,20,Brazilian Grand Prix,pre_covid,Lance Stroll,Williams,19.0,18.0,0.0,+2 Laps,71.751
2018,20,Brazilian Grand Prix,pre_covid,Nico Hulkenberg,Alpine,13.0,19.0,0.0,Overheating,74.029
2018,20,Brazilian Grand Prix,pre_covid,Marcus Ericsson,Sauber,6.0,20.0,0.0,Collision,75.281
2020,5,70th Anniversary Grand Prix,covid,Max Verstappen,Red Bull Racing,4.0,1.0,25.0,Finished,89.465
2020,5,70th Anniversary Grand Prix,covid,Lewis Hamilton,Mercedes,2.0,2.0,19.0,Finished,88.451
2020,5,70th Anniversary Grand Prix,covid,Valtteri Bottas,Mercedes,1.0,3.0,15.0,Finished,89.765
2020,5,70th Anniversary Grand Prix,covid,Charles Leclerc,Ferrari,8.0,4.0,12.0,Finished,90.552
2020,5,70th Anniversary Grand Prix,covid,Alexander Albon,Red Bull Racing,9.0,5.0,10.0,Finished,89.477
2020,5,70th Anniversary Grand Prix,covid,Lance Stroll,Aston Martin,6.0,6.0,8.0,Finished,90.379
2020,5,70th Anniversary Grand Prix,covid,Nico Hulkenberg,Aston Martin,3.0,7.0,6.0,Finished,90.087
2020,5,70th Anniversary Grand Prix,covid,Esteban Ocon,Alpine,14.0,8.0,4.0,Finished,90.575
2020,5,70th Anniversary Grand Prix,covid,Lando Norris,McLaren,10.0,9.0,2.0,Finished,90.698
2020,5,70th Anniversary Grand Prix,covid,Daniil Kvyat,RB,16.0,10.0,1.0,Finished,90.738
2020,5,70th Anniversary Grand Prix,covid,Pierre Gasly,RB,7.0,11.0,0.0,Finished,90.092
2020,5,70th Anniversary Grand Prix,covid,Sebastian Vettel,Ferrari,11.0,12.0,0.0,Finished,90.785
2020,5,70th Anniversary Grand Prix,covid,Carlos Sainz,McLaren,12.0,13.0,0.0,Finished,90.556
2020,5,70th Anniversary Grand Prix,covid,Daniel Ricciardo,Alpine,5.0,14.0,0.0,+1 Lap,91.168
2020,5,70th Anniversary Grand Prix,covid,Kimi Räikkönen,Kick Sauber,20.0,15.0,0.0,+1 Lap,91.756
2020,5,70th Anniversary Grand Prix,covid,Romain Grosjean,Haas F1 Team,13.0,16.0,0.0,+1 Lap,90.793
2020,5,70th Anniversary Grand Prix,covid,Antonio Giovinazzi,Kick Sauber,19.0,17.0,0.0,+1 Lap,91.826
2020,5,70th Anniversary Grand Prix,covid,George Russell,Williams,15.0,18.0,0.0,+1 Lap,91.408
2020,5,70th Anniversary Grand Prix,covid,Nicholas Latifi,Williams,18.0,19.0,0.0,+1 Lap,89.95
2020,5,70th Anniversary Grand Prix,covid,Kevin Magnussen,Haas F1 Team,17.0,20.0,0.0,Retired,91.83
2020,1,Austrian Grand Prix,covid,Valtteri Bottas,Mercedes,1.0,1.0,25.0,Finished,67.657
2020,1,Austrian Grand Prix,covid,Charles Leclerc,Ferrari,7.0,2.0,18.0,Finished,67.901
2020,1,Austrian Grand Prix,covid,Lando Norris,McLaren,3.0,3.0,16.0,Finished,67.475
2020,1,Austrian Grand Prix,covid,Lewis Hamilton,Mercedes,5.0,4.0,12.0,Finished,67.712
2020,1,Austrian Grand Prix,covid,Carlos Sainz,McLaren,8.0,5.0,10.0,Finished,67.974
2020,1,Austrian Grand Prix,covid,Sergio Perez,Aston Martin,6.0,6.0,8.0,Finished,68.305
2020,1,Austrian Grand Prix,covid,Pierre Gasly,RB,12.0,7.0,6.0,Finished,69.025
2020,1,Austrian Grand Prix,covid,Esteban Ocon,Alpine,14.0,8.0,4.0,Finished,68.912
2020,1,Austrian Grand Prix,covid,Antonio Giovinazzi,Kick Sauber,18.0,9.0,2.0,Finished,68.796
2020,1,Austrian Grand Prix,covid,Sebastian Vettel,Ferrari,11.0,10.0,1.0,Finished,68.623
2020,1,Austrian Grand Prix,covid,Nicholas Latifi,Williams,20.0,11.0,0.0,Finished,69.662
2020,1,Austrian Grand Prix,covid,Daniil Kvyat,RB,13.0,12.0,0.0,Suspension,69.135
2020,1,Austrian Grand Prix,covid,Alexander Albon,Red Bull Racing,4.0,13.0,0.0,Electronics,68.432
2020,1,Austrian Grand Prix,covid,Kimi Räikkönen,Kick Sauber,19.0,14.0,0.0,Wheel,69.031
2020,1,Austrian Grand Prix,covid,George Russell,Williams,17.0,15.0,0.0,Fuel pressure,69.317
2020,1,Austrian Grand Prix,covid,Romain Grosjean,Haas F1 Team,15.0,16.0,0.0,Brakes,70.228
2020,1,Austrian Grand Prix,covid,Kevin Magnussen,Haas F1 Team,16.0,17.0,0.0,Brakes,70.72
2020,1,Austrian Grand Prix,covid,Lance Stroll,Aston Martin,9.0,18.0,0.0,Engine,70.326
2020,1,Austrian Grand Prix,covid,Daniel Ricciardo,Alpine,10.0,19.0,0.0,Overheating,70.61
2020,1,Austrian Grand Prix,covid,Max Verstappen,Red Bull Racing,2.0,20.0,0.0,Electronics,69.351
2018,18,United States Grand Prix,pre_covid,Kimi Räikkönen,Ferrari,2.0,1.0,25.0,Finished,98.482
2018,18,United States Grand Prix,pre_covid,Max Verstappen,Red Bull Racing,18.0,2.0,18.0,Finished,98.246
2018,18,United States Grand Prix,pre_covid,Lewis Hamilton,Mercedes,1.0,3.0,15.0,Finished,97.392
2018,18,United States Grand Prix,pre_covid,Sebastian Vettel,Ferrari,5.0,4.0,12.0,Finished,98.28
2018,18,United States Grand Prix,pre_covid,Valtteri Bottas,Mercedes,3.0,5.0,10.0,Finished,98.47
2018,18,United States Grand Prix,pre_covid,Nico Hulkenberg,Alpine,7.0,6.0,8.0,Finished,99.548
2018,18,United States Grand Prix,pre_covid,Carlos Sainz,Alpine,11.0,7.0,6.0,Finished,99.858
2018,18,United States Grand Prix,pre_covid,Sergio Perez,Aston Martin,10.0,8.0,4.0,Finished,99.569
2018,18,United States Grand Prix,pre_covid,Brendon Hartley,RB,20.0,9.0,2.0,+1 Lap,99.915
2018,18,United States Grand Prix,pre_covid,Marcus Ericsson,Sauber,16.0,10.0,1.0,+1 Lap,100.098
2018,18,United States Grand Prix,pre_covid,Stoffel Vandoorne,McLaren,17.0,11.0,0.0,+1 Lap,99.24
2018,18,United States Grand Prix,pre_covid,Pierre Gasly,RB,19.0,12.0,0.0,+1 Lap,99.646
2018,18,United States Grand Prix,pre_covid,Sergey Sirotkin,Williams,14.0,13.0,0.0,+1 Lap,100.522
2018,18,United States Grand Prix,pre_covid,Lance Stroll,Williams,15.0,14.0,0.0,+2 Laps,100.433
2018,18,United States Grand Prix,pre_covid,Charles Leclerc,Sauber,9.0,15.0,0.0,Collision damage,101.982
2018,18,United States Grand Prix,pre_covid,Daniel Ricciardo,Red Bull Racing,4.0,16.0,0.0,Battery,100.933
2018,18,United States Grand Prix,pre_covid,Romain Grosjean,Haas F1 Team,8.0,17.0,0.0,Collision damage,129.819
2018,18,United States Grand Prix,pre_covid,Fernando Alonso,McLaren,13.0,18.0,0.0,Collision,133.811
2018,18,United States Grand Prix,pre_covid,Esteban Ocon,Aston Martin,6.0,19.0,0.0,Disqualified,99.992
2018,18,United States Grand Prix,pre_covid,Kevin Magnussen,Haas F1 Team,12.0,20.0,0.0,Disqualified,98.963
2022,3,Australian Grand Prix,post_covid,Charles Leclerc,Ferrari,1.0,1.0,26.0,Finished,80.26
2022,3,Australian Grand Prix,post_covid,Sergio Perez,Red Bull Racing,3.0,2.0,18.0,Finished,81.094
2022,3,Australian Grand Prix,post_covid,George Russell,Mercedes,6.0,3.0,15.0,Finished,81.495
2022,3,Australian Grand Prix,post_covid,Lewis Hamilton,Mercedes,5.0,4.0,12.0,Finished,81.886
2022,3,Australian Grand Prix,post_covid,Lando Norris,McLaren,4.0,5.0,10.0,Finished,82.248
2022,3,Australian Grand Prix,post_covid,Daniel Ricciardo,McLaren,7.0,6.0,8.0,Finished,82.451
2022,3,Australian Grand Prix,post_covid,Esteban Ocon,Alpine,8.0,7.0,6.0,Finished,82.469
2022,3,Australian Grand Prix,post_covid,Valtteri Bottas,Kick Sauber,12.0,8.0,4.0,Finished,81.651
2022,3,Australian Grand Prix,post_covid,Pierre Gasly,RB,11.0,9.0,2.0,Finished,82.731
2022,3,Australian Grand Prix,post_covid,Alexander Albon,Williams,20.0,10.0,1.0,Finished,82.589
2022,3,Australian Grand Prix,post_covid,Guanyu Zhou,Kick Sauber,14.0,11.0,0.0,Finished,82.541
2022,3,Australian Grand Prix,post_covid,Lance Stroll,Aston Martin,19.0,12.0,0.0,Finished,83.592
2022,3,Australian Grand Prix,post_covid,Mick Schumacher,Haas F1 Team,15.0,13.0,0.0,+1 Lap,83.006
2022,3,Australian Grand Prix,post_covid,Kevin Magnussen,Haas F1 Team,16.0,14.0,0.0,+1 Lap,83.071
2022,3,Australian Grand Prix,post_covid,Yuki Tsunoda,RB,13.0,15.0,0.0,+1 Lap,83.342
2022,3,Australian Grand Prix,post_covid,Nicholas Latifi,Williams,18.0,16.0,0.0,+1 Lap,83.882
2022,3,Australian Grand Prix,post_covid,Fernando Alonso,Alpine,10.0,17.0,0.0,+1 Lap,80.846
2022,3,Australian Grand Prix,post_covid,Max Verstappen,Red Bull Racing,2.0,18.0,0.0,Fuel leak,81.677
2022,3,Australian Grand Prix,post_covid,Sebastian Vettel,Aston Martin,17.0,19.0,0.0,Accident,85.189
2022,3,Australian Grand Prix,post_covid,Carlos Sainz,Ferrari,9.0,20.0,0.0,Spun off,99.028
2019,5,Spanish Grand Prix,pre_covid,Lewis Hamilton,Mercedes,2.0,1.0,26.0,Finished,78.492
2019,5,Spanish Grand Prix,pre_covid,Valtteri Bottas,Mercedes,1.0,2.0,18.0,Finished,78.737
2019,5,Spanish Grand Prix,pre_covid,Max Verstappen,Red Bull Racing,4.0,3.0,15.0,Finished,79.769
2019,5,Spanish Grand Prix,pre_covid,Sebastian Vettel,Ferrari,3.0,4.0,12.0,Finished,79.82
2019,5,Spanish Grand Prix,pre_covid,Charles Leclerc,Ferrari,5.0,5.0,10.0,Finished,80.002
2019,5,Spanish Grand Prix,pre_covid,Pierre Gasly,Red Bull Racing,6.0,6.0,8.0,Finished,80.536
2019,5,Spanish Grand Prix,pre_covid,Kevin Magnussen,Haas F1 Team,8.0,7.0,6.0,Finished,80.77
2019,5,Spanish Grand Prix,pre_covid,Carlos Sainz,McLaren,12.0,8.0,4.0,Finished,80.859
2019,5,Spanish Grand Prix,pre_covid,Daniil Kvyat,RB,9.0,9.0,2.0,Finished,80.726
2019,5,Spanish Grand Prix,pre_covid,Romain Grosjean,Haas F1 Team,7.0,10.0,1.0,Finished,81.057
2019,5,Spanish Grand Prix,pre_covid,Alexander Albon,RB,11.0,11.0,0.0,Finished,81.028
2019,5,Spanish Grand Prix,pre_covid,Daniel Ricciardo,Alpine,13.0,12.0,0.0,Finished,80.615
2019,5,Spanish Grand Prix,pre_covid,Nico Hulkenberg,Alpine,0.0,13.0,0.0,Finished,81.282
2019,5,Spanish Grand Prix,pre_covid,Kimi Räikkönen,Kick Sauber,14.0,14.0,0.0,Finished,81.382
2019,5,Spanish Grand Prix,pre_covid,Sergio Perez,Aston Martin,15.0,15.0,0.0,Finished,81.859
2019,5,Spanish Grand Prix,pre_covid,Antonio Giovinazzi,Kick Sauber,18.0,16.0,0.0,Finished,81.833
2019,5,Spanish Grand Prix,pre_covid,George Russell,Williams,19.0,17.0,0.0,+1 Lap,82.382
2019,5,Spanish Grand Prix,pre_covid,Robert Kubica,Williams,17.0,18.0,0.0,+1 Lap,83.202
2019,5,Spanish Grand Prix,pre_covid,Lance Stroll,Aston Martin,16.0,19.0,0.0,Collision,83.226
2019,5,Spanish Grand Prix,pre_covid,Lando Norris,McLaren,10.0,20.0,0.0,Collision,82.561
2024,5,Chinese Grand Prix,post_covid,Max Verstappen,Red Bull Racing,1.0,1.0,25.0,Finished,98.406
2024,5,Chinese Grand Prix,post_covid,Lando Norris,McLaren,4.0,2.0,18.0,Finished,98.751
2024,5,Chinese Grand Prix,post_covid,Sergio Perez,Red Bull Racing,2.0,3.0,15.0,Finished,99.388
2024,5,Chinese Grand Prix,post_covid,Charles Leclerc,Ferrari,6.0,4.0,12.0,Finished,99.384
2024,5,Chinese Grand Prix,post_covid,Carlos Sainz,Ferrari,7.0,5.0,10.0,Finished,99.764
2024,5,Chinese Grand Prix,post_covid,George Russell,Mercedes,8.0,6.0,8.0,Finished,100.112
2024,5,Chinese Grand Prix,post_covid,Fernando Alonso,Aston Martin,3.0,7.0,7.0,Finished,97.81
2024,5,Chinese Grand Prix,post_covid,Oscar Piastri,McLaren,5.0,8.0,4.0,Finished,99.739
2024,5,Chinese Grand Prix,post_covid,Lewis Hamilton,Mercedes,18.0,9.0,2.0,Finished,100.835
2024,5,Chinese Grand Prix,post_covid,Nico Hulkenberg,Haas F1 Team,9.0,10.0,1.0,Finished,100.815
2024,5,Chinese Grand Prix,post_covid,Esteban Ocon,Alpine,13.0,11.0,0.0,Finished,100.937
2024,5,Chinese Grand Prix,post_covid,Alexander Albon,Williams,14.0,12.0,0.0,Finished,100.79
2024,5,Chinese Grand Prix,post_covid,Pierre Gasly,Alpine,15.0,13.0,0.0,Finished,99.198
2024,5,Chinese Grand Prix,post_covid,Guanyu Zhou,Kick Sauber,16.0,14.0,0.0,Finished,98.633
2024,5,Chinese Grand Prix,post_covid,Lance Stroll,Aston Martin,11.0,15.0,0.0,Finished,99.444
2024,5,Chinese Grand Prix,post_covid,Kevin Magnussen,Haas F1 Team,17.0,16.0,0.0,Finished,101.077
2024,5,Chinese Grand Prix,post_covid,Logan Sargeant,Williams,20.0,17.0,0.0,Finished,101.0
2024,5,Chinese Grand Prix,post_covid,Daniel Ricciardo,RB,12.0,18.0,0.0,Retired,100.994
2024,5,Chinese Grand Prix,post_covid,Yuki Tsunoda,RB,19.0,19.0,0.0,Retired,101.593
2024,5,Chinese Grand Prix,post_covid,Valtteri Bottas,Kick Sauber,10.0,20.0,0.0,Retired,101.276
2025,10,Canadian Grand Prix,post_covid,George Russell,Mercedes,1.0,1.0,25.0,Finished,74.119
2025,10,Canadian Grand Prix,post_covid,Max Verstappen,Red Bull Racing,2.0,2.0,18.0,Finished,74.287
2025,10,Canadian Grand Prix,post_covid,Andrea Kimi Antonelli,Mercedes,4.0,3.0,15.0,Finished,74.455
2025,10,Canadian Grand Prix,post_covid,Oscar Piastri,McLaren,3.0,4.0,12.0,Finished,74.255
2025,10,Canadian Grand Prix,post_covid,Charles Leclerc,Ferrari,8.0,5.0,10.0,Finished,74.261
2025,10,Canadian Grand Prix,post_covid,Lewis Hamilton,Ferrari,5.0,6.0,8.0,Finished,74.805
2025,10,Canadian Grand Prix,post_covid,Fernando Alonso,Aston Martin,6.0,7.0,6.0,Finished,75.024
2025,10,Canadian Grand Prix,post_covid,Nico Hulkenberg,Kick Sauber,11.0,8.0,4.0,Finished,75.372
2025,10,Canadian Grand Prix,post_covid,Esteban Ocon,Haas F1 Team,14.0,9.0,2.0,Lapped,74.593
2025,10,Canadian Grand Prix,post_covid,Carlos Sainz,Williams,16.0,10.0,1.0,Lapped,74.389
2025,10,Canadian Grand Prix,post_covid,Oliver Bearman,Haas F1 Team,13.0,11.0,0.0,Lapped,75.397
2025,10,Canadian Grand Prix,post_covid,Yuki Tsunoda,Red Bull Racing,18.0,12.0,0.0,Lapped,75.358
2025,10,Canadian Grand Prix,post_covid,Franco Colapinto,Alpine,10.0,13.0,0.0,Lapped,76.076
2025,10,Canadian Grand Prix,post_covid,Gabriel Bortoleto,Kick Sauber,15.0,14.0,0.0,Lapped,75.414
2025,10,Canadian Grand Prix,post_covid,Pierre Gasly,Alpine,20.0,15.0,0.0,Lapped,74.993
2025,10,Canadian Grand Prix,post_covid,Isack Hadjar,Racing Bulls,12.0,16.0,0.0,Lapped,76.292
2025,10,Canadian Grand Prix,post_covid,Lance Stroll,Aston Martin,17.0,17.0,0.0,Lapped,74.902
2025,10,Canadian Grand Prix,post_covid,Lando Norris,McLaren,7.0,18.0,0.0,Retired,74.229
2025,10,Canadian Grand Prix,post_covid,Liam Lawson,Racing Bulls,19.0,19.0,0.0,Retired,76.32
2025,10,Canadian Grand Prix,post_covid,Alexander Albon,Williams,9.0,20.0,0.0,Retired,76.197
2022,19,United States Grand Prix,post_covid,Max Verstappen,Red Bull Racing,2.0,1.0,25.0,Finished,99.541
2022,19,United States Grand Prix,post_covid,Lewis Hamilton,Mercedes,3.0,2.0,18.0,Finished,99.83
2022,19,United States Grand Prix,post_covid,Charles Leclerc,Ferrari,12.0,3.0,15.0,Finished,99.731
2022,19,United States Grand Prix,post_covid,Sergio Perez,Red Bull Racing,9.0,4.0,12.0,Finished,99.563
2022,19,United States Grand Prix,post_covid,George Russell,Mercedes,4.0,5.0,11.0,Finished,98.788
2022,19,United States Grand Prix,post_covid,Lando Norris,McLaren,6.0,6.0,8.0,Finished,101.322
2022,19,United States Grand Prix,post_covid,Fernando Alonso,Alpine,14.0,7.0,6.0,Finished,101.804
2022,19,United States Grand Prix,post_covid,Sebastian Vettel,Aston Martin,10.0,8.0,4.0,Finished,101.538
2022,19,United States Grand Prix,post_covid,Kevin Magnussen,Haas F1 Team,13.0,9.0,2.0,Finished,102.546
2022,19,United States Grand Prix,post_covid,Yuki Tsunoda,RB,19.0,10.0,1.0,Finished,102.206
2022,19,United States Grand Prix,post_covid,Esteban Ocon,Alpine,0.0,11.0,0.0,Finished,101.243
2022,19,United States Grand Prix,post_covid,Guanyu Zhou,Kick Sauber,18.0,12.0,0.0,Finished,102.394
2022,19,United States Grand Prix,post_covid,Alexander Albon,Williams,8.0,13.0,0.0,Finished,102.471
2022,19,United States Grand Prix,post_covid,Pierre Gasly,RB,11.0,14.0,0.0,Finished,101.674
2022,19,United States Grand Prix,post_covid,Mick Schumacher,Haas F1 Team,16.0,15.0,0.0,Finished,102.32
2022,19,United States Grand Prix,post_covid,Daniel Ricciardo,McLaren,15.0,16.0,0.0,Finished,102.42
2022,19,United States Grand Prix,post_covid,Nicholas Latifi,Williams,17.0,17.0,0.0,Finished,103.485
2022,19,United States Grand Prix,post_covid,Lance Stroll,Aston Martin,5.0,18.0,0.0,Collision,103.08
2022,19,United States Grand Prix,post_covid,Valtteri Bottas,Kick Sauber,7.0,19.0,0.0,Spun off,103.391
2022,19,United States Grand Prix,post_covid,Carlos Sainz,Ferrari,1.0,20.0,0.0,Collision damage,115.016
2025,11,Austrian Grand Prix,post_covid,Lando Norris,McLaren,1.0,1.0,25.0,Finished,68.272
2025,11,Austrian Grand Prix,post_covid,Oscar Piastri,McLaren,3.0,2.0,18.0,Finished,67.924
2025,11,Austrian Grand Prix,post_covid,Charles Leclerc,Ferrari,2.0,3.0,15.0,Finished,68.765
2025,11,Austrian Grand Prix,post_covid,Lewis Hamilton,Ferrari,4.0,4.0,12.0,Finished,68.628
2025,11,Austrian Grand Prix,post_covid,George Russell,Mercedes,5.0,5.0,10.0,Finished,69.372
2025,11,Austrian Grand Prix,post_covid,Liam Lawson,Racing Bulls,6.0,6.0,8.0,Finished,69.977
2025,11,Austrian Grand Prix,post_covid,Fernando Alonso,Aston Martin,11.0,7.0,6.0,Lapped,69.935
2025,11,Austrian Grand Prix,post_covid,Gabriel Bortoleto,Kick Sauber,8.0,8.0,4.0,Lapped,69.247
2025,11,Austrian Grand Prix,post_covid,Nico Hulkenberg,Kick Sauber,20.0,9.0,2.0,Lapped,69.459
2025,11,Austrian Grand Prix,post_covid,Esteban Ocon,Haas F1 Team,17.0,10.0,1.0,Lapped,69.55
2025,11,Austrian Grand Prix,post_covid,Oliver Bearman,Haas F1 Team,15.0,11.0,0.0,Lapped,69.96
2025,11,Austrian Grand Prix,post_covid,Isack Hadjar,Racing Bulls,13.0,12.0,0.0,Lapped,70.204
2025,11,Austrian Grand Prix,post_covid,Pierre Gasly,Alpine,10.0,13.0,0.0,Lapped,70.151
2025,11,Austrian Grand Prix,post_covid,Lance Stroll,Aston Martin,16.0,14.0,0.0,Lapped,69.214
2025,11,Austrian Grand Prix,post_covid,Franco Colapinto,Alpine,14.0,15.0,0.0,Lapped,69.621
2025,11,Austrian Grand Prix,post_covid,Yuki Tsunoda,Red Bull Racing,18.0,16.0,0.0,Lapped,69.802
2025,11,Austrian Grand Prix,post_covid,Alexander Albon,Williams,12.0,17.0,0.0,Retired,70.641
2025,11,Austrian Grand Prix,post_covid,Max Verstappen,Red Bull Racing,7.0,18.0,0.0,Retired,
2025,11,Austrian Grand Prix,post_covid,Andrea Kimi Antonelli,Mercedes,9.0,19.0,0.0,Retired,
2025,11,Austrian Grand Prix,post_covid,Carlos Sainz,Williams,19.0,20.0,0.0,Did not start,
2022,18,Japanese Grand Prix,post_covid,Max Verstappen,Red Bull Racing,1.0,1.0,25.0,Finished,104.911
2022,18,Japanese Grand Prix,post_covid,Sergio Perez,Red Bull Racing,4.0,2.0,18.0,Finished,106.12
2022,18,Japanese Grand Prix,post_covid,Charles Leclerc,Ferrari,2.0,3.0,15.0,Finished,104.489
2022,18,Japanese Grand Prix,post_covid,Esteban Ocon,Alpine,5.0,4.0,12.0,Finished,106.559
2022,18,Japanese Grand Prix,post_covid,Lewis Hamilton,Mercedes,6.0,5.0,10.0,Finished,105.53
2022,18,Japanese Grand Prix,post_covid,Sebastian Vettel,Aston Martin,9.0,6.0,8.0,Finished,106.964
2022,18,Japanese Grand Prix,post_covid,Fernando Alonso,Alpine,7.0,7.0,6.0,Finished,104.412
2022,18,Japanese Grand Prix,post_covid,George Russell,Mercedes,8.0,8.0,4.0,Finished,107.004
2022,18,Japanese Grand Prix,post_covid,Nicholas Latifi,Williams,20.0,9.0,2.0,Finished,108.371
2022,18,Japanese Grand Prix,post_covid,Lando Norris,McLaren,10.0,10.0,1.0,Finished,108.175
2022,18,Japanese Grand Prix,post_covid,Daniel Ricciardo,McLaren,11.0,11.0,0.0,Finished,107.843
2022,18,Japanese Grand Prix,post_covid,Lance Stroll,Aston Martin,19.0,12.0,0.0,Finished,105.205
2022,18,Japanese Grand Prix,post_covid,Yuki Tsunoda,RB,13.0,13.0,0.0,Finished,105.893
2022,18,Japanese Grand Prix,post_covid,Kevin Magnussen,Haas F1 Team,18.0,14.0,0.0,Finished,108.072
2022,18,Japanese Grand Prix,post_covid,Valtteri Bottas,Kick Sauber,12.0,15.0,0.0,Finished,107.82
2022,18,Japanese Grand Prix,post_covid,Guanyu Zhou,Kick Sauber,14.0,16.0,0.0,Finished,104.411
2022,18,Japanese Grand Prix,post_covid,Mick Schumacher,Haas F1 Team,15.0,17.0,0.0,Finished,106.545
2022,18,Japanese Grand Prix,post_covid,Pierre Gasly,RB,17.0,18.0,0.0,Finished,105.387
2022,18,Japanese Grand Prix,post_covid,Carlos Sainz,Ferrari,3.0,19.0,0.0,Accident,
2022,18,Japanese Grand Prix,post_covid,Alexander Albon,Williams,16.0,20.0,0.0,Hydraulics,
2024,4,Japanese Grand Prix,post_covid,Max Verstappen,Red Bull Racing,1.0,1.0,26.0,Finished,93.706
2024,4,Japanese Grand Prix,post_covid,Sergio Perez,Red Bull Racing,2.0,2.0,18.0,Finished,93.945
2024,4,Japanese Grand Prix,post_covid,Carlos Sainz,Ferrari,4.0,3.0,15.0,Finished,93.841
2024,4,Japanese Grand Prix,post_covid,Charles Leclerc,Ferrari,8.0,4.0,12.0,Finished,95.044
2024,4,Japanese Grand Prix,post_covid,Lando Norris,McLaren,3.0,5.0,10.0,Finished,95.186
2024,4,Japanese Grand Prix,post_covid,Fernando Alonso,Aston Martin,5.0,6.0,8.0,Finished,94.726
2024,4,Japanese Grand Prix,post_covid,George Russell,Mercedes,9.0,7.0,6.0,Finished,94.404
2024,4,Japanese Grand Prix,post_covid,Oscar Piastri,McLaren,6.0,8.0,4.0,Finished,94.802
2024,4,Japanese Grand Prix,post_covid,Lewis Hamilton,Mercedes,7.0,9.0,2.0,Finished,93.952
2024,4,Japanese Grand Prix,post_covid,Yuki Tsunoda,RB,10.0,10.0,1.0,Lapped,96.342
2024,4,Japanese Grand Prix,post_covid,Nico Hulkenberg,Haas F1 Team,12.0,11.0,0.0,Lapped,95.325
2024,4,Japanese Grand Prix,post_covid,Lance Stroll,Aston Martin,16.0,12.0,0.0,Lapped,95.798
2024,4,Japanese Grand Prix,post_covid,Kevin Magnussen,Haas F1 Team,18.0,13.0,0.0,Lapped,96.654
2024,4,Japanese Grand Prix,post_covid,Valtteri Bottas,Kick Sauber,13.0,14.0,0.0,Lapped,96.608
2024,4,Japanese Grand Prix,post_covid,Esteban Ocon,Alpine,15.0,15.0,0.0,Lapped,96.232
2024,4,Japanese Grand Prix,post_covid,Pierre Gasly,Alpine,17.0,16.0,0.0,Lapped,96.642
2024,4,Japanese Grand Prix,post_covid,Logan Sargeant,Williams,19.0,17.0,0.0,Lapped,94.9
2024,4,Japanese Grand Prix,post_covid,Guanyu Zhou,Kick Sauber,20.0,18.0,0.0,Retired,97.16
2024,4,Japanese Grand Prix,post_covid,Daniel Ricciardo,RB,11.0,19.0,0.0,Retired,
2024,4,Japanese Grand Prix,post_covid,Alexander Albon,Williams,14.0,20.0,0.0,Retired,
2019,4,Azerbaijan Grand Prix,pre_covid,Valtteri Bottas,Mercedes,1.0,1.0,25.0,Finished,104.024
2019,4,Azerbaijan Grand Prix,pre_covid,Lewis Hamilton,Mercedes,2.0,2.0,18.0,Finished,104.166
2019,4,Azerbaijan Grand Prix,pre_covid,Sebastian Vettel,Ferrari,3.0,3.0,15.0,Finished,104.629
2019,4,Azerbaijan Grand Prix,pre_covid,Max Verstappen,Red Bull Racing,4.0,4.0,12.0,Finished,104.794
2019,4,Azerbaijan Grand Prix,pre_covid,Charles Leclerc,Ferrari,8.0,5.0,11.0,Finished,103.009
2019,4,Azerbaijan Grand Prix,pre_covid,Sergio Perez,Aston Martin,5.0,6.0,8.0,Finished,105.524
2019,4,Azerbaijan Grand Prix,pre_covid,Carlos Sainz,McLaren,9.0,7.0,6.0,Finished,105.807
2019,4,Azerbaijan Grand Prix,pre_covid,Lando Norris,McLaren,7.0,8.0,4.0,Finished,105.394
2019,4,Azerbaijan Grand Prix,pre_covid,Lance Stroll,Aston Martin,13.0,9.0,2.0,Finished,106.009
2019,4,Azerbaijan Grand Prix,pre_covid,Kimi Räikkönen,Kick Sauber,0.0,10.0,1.0,+1 Lap,106.479
2019,4,Azerbaijan Grand Prix,pre_covid,Alexander Albon,RB,11.0,11.0,0.0,+1 Lap,105.754
2019,4,Azerbaijan Grand Prix,pre_covid,Antonio Giovinazzi,Kick Sauber,17.0,12.0,0.0,+1 Lap,105.969
2019,4,Azerbaijan Grand Prix,pre_covid,Kevin Magnussen,Haas F1 Team,12.0,13.0,0.0,+1 Lap,106.682
2019,4,Azerbaijan Grand Prix,pre_covid,Nico Hulkenberg,Alpine,15.0,14.0,0.0,+1 Lap,107.407
2019,4,Azerbaijan Grand Prix,pre_covid,George Russell,Williams,16.0,15.0,0.0,+2 Laps,107.251
2019,4,Azerbaijan Grand Prix,pre_covid,Robert Kubica,Williams,0.0,16.0,0.0,+2 Laps,107.709
2019,4,Azerbaijan Grand Prix,pre_covid,Pierre Gasly,Red Bull Racing,0.0,17.0,0.0,Transmission,105.712
2019,4,Azerbaijan Grand Prix,pre_covid,Romain Grosjean,Haas F1 Team,14.0,18.0,0.0,Brakes,108.517
2019,4,Azerbaijan Grand Prix,pre_covid,Daniil Kvyat,RB,6.0,19.0,0.0,Collision,107.681
2019,4,Azerbaijan Grand Prix,pre_covid,Daniel Ricciardo,Alpine,10.0,20.0,0.0,Collision,106.767
2022,2,Saudi Arabian Grand Prix,post_covid,Max Verstappen,Red Bull Racing,4.0,1.0,25.0,Finished,91.772
2022,2,Saudi Arabian Grand Prix,post_covid,Charles Leclerc,Ferrari,2.0,2.0,19.0,Finished,91.634
2022,2,Saudi Arabian Grand Prix,post_covid,Carlos Sainz,Ferrari,3.0,3.0,15.0,Finished,91.905
2022,2,Saudi Arabian Grand Prix,post_covid,Sergio Perez,Red Bull Racing,1.0,4.0,12.0,Finished,92.042
2022,2,Saudi Arabian Grand Prix,post_covid,George Russell,Mercedes,6.0,5.0,10.0,Finished,92.821
2022,2,Saudi Arabian Grand Prix,post_covid,Esteban Ocon,Alpine,5.0,6.0,8.0,Finished,93.103
2022,2,Saudi Arabian Grand Prix,post_covid,Lando Norris,McLaren,11.0,7.0,6.0,Finished,92.753
2022,2,Saudi Arabian Grand Prix,post_covid,Pierre Gasly,RB,9.0,8.0,4.0,Finished,93.468
2022,2,Saudi Arabian Grand Prix,post_covid,Kevin Magnussen,Haas F1 Team,10.0,9.0,2.0,Finished,92.779
2022,2,Saudi Arabian Grand Prix,post_covid,Lewis Hamilton,Mercedes,15.0,10.0,1.0,Finished,92.997
2022,2,Saudi Arabian Grand Prix,post_covid,Guanyu Zhou,Kick Sauber,12.0,11.0,0.0,Finished,93.924
2022,2,Saudi Arabian Grand Prix,post_covid,Nico Hulkenberg,Aston Martin,17.0,12.0,0.0,Finished,93.651
2022,2,Saudi Arabian Grand Prix,post_covid,Lance Stroll,Aston Martin,13.0,13.0,0.0,+1 Lap,94.446
2022,2,Saudi Arabian Grand Prix,post_covid,Alexander Albon,Williams,16.0,14.0,0.0,Collision damage,94.368
2022,2,Saudi Arabian Grand Prix,post_covid,Valtteri Bottas,Kick Sauber,8.0,15.0,0.0,Cooling system,93.979
2022,2,Saudi Arabian Grand Prix,post_covid,Fernando Alonso,Alpine,7.0,16.0,0.0,Water pump,93.831
2022,2,Saudi Arabian Grand Prix,post_covid,Daniel Ricciardo,McLaren,14.0,17.0,0.0,Gearbox,94.487
2022,2,Saudi Arabian Grand Prix,post_covid,Nicholas Latifi,Williams,18.0,18.0,0.0,Accident,97.53
2022,2,Saudi Arabian Grand Prix,post_covid,Yuki Tsunoda,RB,19.0,19.0,0.0,Power Unit,
2022,2,Saudi Arabian Grand Prix,post_covid,Mick Schumacher,Haas F1 Team,,,0.0,Withdrew,
2018,19,Mexican Grand Prix,pre_covid,Max Verstappen,Red Bull Racing,2.0,1.0,25.0,Finished,79.186
2018,19,Mexican Grand Prix,pre_covid,Sebastian Vettel,Ferrari,4.0,2.0,18.0,Finished,79.522
2018,19,Mexican Grand Prix,pre_covid,Kimi Räikkönen,Ferrari,6.0,3.0,15.0,Finished,80.334
2018,19,Mexican Grand Prix,pre_covid,Lewis Hamilton,Mercedes,3.0,4.0,12.0,Finished,80.728
2018,19,Mexican Grand Prix,pre_covid,Valtteri Bottas,Mercedes,5.0,5.0,10.0,+1 Lap,78.741
2018,19,Mexican Grand Prix,pre_covid,Nico Hulkenberg,Alpine,7.0,6.0,8.0,+2 Laps,80.637
2018,19,Mexican Grand Prix,pre_covid,Charles Leclerc,Sauber,9.0,7.0,6.0,+2 Laps,80.537
2018,19,Mexican Grand Prix,pre_covid,Stoffel Vandoorne,McLaren,15.0,8.0,4.0,+2 Laps,81.921
2018,19,Mexican Grand Prix,pre_covid,Marcus Ericsson,Sauber,10.0,9.0,2.0,+2 Laps,82.44
2018,19,Mexican Grand Prix,pre_covid,Pierre Gasly,RB,20.0,10.0,1.0,+2 Laps,82.755
2018,19,Mexican Grand Prix,pre_covid,Esteban Ocon,Aston Martin,11.0,11.0,0.0,+2 Laps,82.629
2018,19,Mexican Grand Prix,pre_covid,Lance Stroll,Williams,17.0,12.0,0.0,+2 Laps,82.983
2018,19,Mexican Grand Prix,pre_covid,Sergey Sirotkin,Williams,19.0,13.0,0.0,+2 Laps,82.64
2018,19,Mexican Grand Prix,pre_covid,Brendon Hartley,RB,14.0,14.0,0.0,+2 Laps,82.438
2018,19,Mexican Grand Prix,pre_covid,Kevin Magnussen,Haas F1 Team,16.0,15.0,0.0,+2 Laps,81.874
2018,19,Mexican Grand Prix,pre_covid,Romain Grosjean,Haas F1 Team,18.0,16.0,0.0,+3 Laps,81.37
2018,19,Mexican Grand Prix,pre_covid,Daniel Ricciardo,Red Bull Racing,1.0,17.0,0.0,Engine,79.462
2018,19,Mexican Grand Prix,pre_covid,Sergio Perez,Aston Martin,13.0,18.0,0.0,Brakes,83.545
2018,19,Mexican Grand Prix,pre_covid,Carlos Sainz,Alpine,8.0,19.0,0.0,Suspension,82.386
2018,19,Mexican Grand Prix,pre_covid,Fernando Alonso,McLaren,12.0,20.0,0.0,Engine,84.197
2020,2,Styrian Grand Prix,covid,Lewis Hamilton,Mercedes,1.0,1.0,25.0,Finished,66.719
2020,2,Styrian Grand Prix,covid,Valtteri Bottas,Mercedes,4.0,2.0,18.0,Finished,67.534
2020,2,Styrian Grand Prix,covid,Max Verstappen,Red Bull Racing,2.0,3.0,15.0,Finished,66.145
2020,2,Styrian Grand Prix,covid,Alexander Albon,Red Bull Racing,6.0,4.0,12.0,Finished,67.109
2020,2,Styrian Grand Prix,covid,Lando Norris,McLaren,9.0,5.0,10.0,Finished,67.193
2020,2,Styrian Grand Prix,covid,Sergio Perez,Aston Martin,17.0,6.0,8.0,Finished,67.188
2020,2,Styrian Grand Prix,covid,Lance Stroll,Aston Martin,12.0,7.0,6.0,Finished,67.833
2020,2,Styrian Grand Prix,covid,Daniel Ricciardo,Alpine,8.0,8.0,4.0,Finished,67.832
2020,2,Styrian Grand Prix,covid,Carlos Sainz,McLaren,3.0,9.0,3.0,+1 Lap,65.619
2020,2,Styrian Grand Prix,covid,Daniil Kvyat,RB,13.0,10.0,1.0,+1 Lap,68.378
2020,2,Styrian Grand Prix,covid,Kimi Räikkönen,Kick Sauber,16.0,11.0,0.0,+1 Lap,68.382
2020,2,Styrian Grand Prix,covid,Kevin Magnussen,Haas F1 Team,15.0,12.0,0.0,+1 Lap,68.009
2020,2,Styrian Grand Prix,covid,Romain Grosjean,Haas F1 Team,0.0,13.0,0.0,+1 Lap,68.047
2020,2,Styrian Grand Prix,covid,Antonio Giovinazzi,Kick Sauber,19.0,14.0,0.0,+1 Lap,68.512
2020,2,Styrian Grand Prix,covid,Pierre Gasly,RB,7.0,15.0,0.0,+1 Lap,67.827
2020,2,Styrian Grand Prix,covid,George Russell,Williams,11.0,16.0,0.0,+2 Laps,68.601
2020,2,Styrian Grand Prix,covid,Nicholas Latifi,Williams,18.0,17.0,0.0,+2 Laps,68.806
2020,2,Styrian Grand Prix,covid,Esteban Ocon,Alpine,5.0,18.0,0.0,Overheating,69.321
2020,2,Styrian Grand Prix,covid,Charles Leclerc,Ferrari,14.0,19.0,0.0,Collision damage,92.548
2020,2,Styrian Grand Prix,covid,Sebastian Vettel,Ferrari,10.0,20.0,0.0,Collision damage,101.037
2019,6,Monaco Grand Prix,pre_covid,Lewis Hamilton,Mercedes,1.0,1.0,25.0,Finished,76.167
2019,6,Monaco Grand Prix,pre_covid,Sebastian Vettel,Ferrari,4.0,2.0,18.0,Finished,76.277
2019,6,Monaco Grand Prix,pre_covid,Valtteri Bottas,Mercedes,2.0,3.0,15.0,Finished,75.163
2019,6,Monaco Grand Prix,pre_covid,Max Verstappen,Red Bull Racing,3.0,4.0,12.0,Finished,76.229
2019,6,Monaco Grand Prix,pre_covid,Pierre Gasly,Red Bull Racing,8.0,5.0,11.0,Finished,74.279
2019,6,Monaco Grand Prix,pre_covid,Carlos Sainz,McLaren,9.0,6.0,8.0,Finished,75.891
2019,6,Monaco Grand Prix,pre_covid,Daniil Kvyat,RB,7.0,7.0,6.0,Finished,76.288
2019,6,Monaco Grand Prix,pre_covid,Alexander Albon,RB,10.0,8.0,4.0,Finished,75.607
2019,6,Monaco Grand Prix,pre_covid,Daniel Ricciardo,Alpine,6.0,9.0,2.0,Finished,75.697
2019,6,Monaco Grand Prix,pre_covid,Romain Grosjean,Haas F1 Team,13.0,10.0,1.0,Finished,76.746
2019,6,Monaco Grand Prix,pre_covid,Lando Norris,McLaren,12.0,11.0,0.0,Finished,76.413
2019,6,Monaco Grand Prix,pre_covid,Sergio Perez,Aston Martin,16.0,12.0,0.0,+1 Lap,76.613
2019,6,Monaco Grand Prix,pre_covid,Nico Hulkenberg,Alpine,11.0,13.0,0.0,+1 Lap,76.276
2019,6,Monaco Grand Prix,pre_covid,Kevin Magnussen,Haas F1 Team,5.0,14.0,0.0,+1 Lap,76.992
2019,6,Monaco Grand Prix,pre_covid,George Russell,Williams,19.0,15.0,0.0,+1 Lap,77.038
2019,6,Monaco Grand Prix,pre_covid,Lance Stroll,Aston Martin,17.0,16.0,0.0,+1 Lap,76.379
2019,6,Monaco Grand Prix,pre_covid,Kimi Räikkönen,Kick Sauber,14.0,17.0,0.0,+1 Lap,76.436
2019,6,Monaco Grand Prix,pre_covid,Robert Kubica,Williams,20.0,18.0,0.0,+1 Lap,77.388
2019,6,Monaco Grand Prix,pre_covid,Antonio Giovinazzi,Kick Sauber,18.0,19.0,0.0,+2 Laps,76.299
2019,6,Monaco Grand Prix,pre_covid,Charles Leclerc,Ferrari,15.0,20.0,0.0,Collision,79.151
2024,6,Miami Grand Prix,post_covid,Lando Norris,McLaren,5.0,1.0,25.0,Finished,90.98
2024,6,Miami Grand Prix,post_covid,Max Verstappen,Red Bull Racing,1.0,2.0,18.0,Finished,91.261
2024,6,Miami Grand Prix,post_covid,Charles Leclerc,Ferrari,2.0,3.0,15.0,Finished,91.084
2024,6,Miami Grand Prix,post_covid,Sergio Perez,Red Bull Racing,4.0,4.0,12.0,Finished,90.855
2024,6,Miami Grand Prix,post_covid,Carlos Sainz,Ferrari,3.0,5.0,10.0,Finished,90.928
2024,6,Miami Grand Prix,post_covid,Lewis Hamilton,Mercedes,8.0,6.0,8.0,Finished,91.233
2024,6,Miami Grand Prix,post_covid,Yuki Tsunoda,RB,10.0,7.0,6.0,Finished,91.682
2024,6,Miami Grand Prix,post_covid,George Russell,Mercedes,7.0,8.0,4.0,Finished,91.921
2024,6,Miami Grand Prix,post_covid,Fernando Alonso,Aston Martin,15.0,9.0,2.0,Finished,91.727
2024,6,Miami Grand Prix,post_covid,Esteban Ocon,Alpine,13.0,10.0,1.0,Finished,92.037
2024,6,Miami Grand Prix,post_covid,Nico Hulkenberg,Haas F1 Team,9.0,11.0,0.0,Finished,91.941
2024,6,Miami Grand Prix,post_covid,Pierre Gasly,Alpine,12.0,12.0,0.0,Finished,92.055
2024,6,Miami Grand Prix,post_covid,Oscar Piastri,McLaren,6.0,13.0,0.0,Finished,90.634
2024,6,Miami Grand Prix,post_covid,Guanyu Zhou,Kick Sauber,19.0,14.0,0.0,Finished,91.991
2024,6,Miami Grand Prix,post_covid,Daniel Ricciardo,RB,20.0,15.0,0.0,Finished,92.122
2024,6,Miami Grand Prix,post_covid,Valtteri Bottas,Kick Sauber,16.0,16.0,0.0,Finished,92.098
2024,6,Miami Grand Prix,post_covid,Lance Stroll,Aston Martin,11.0,17.0,0.0,Finished,91.588
2024,6,Miami Grand Prix,post_covid,Alexander Albon,Williams,14.0,18.0,0.0,Finished,90.849
2024,6,Miami Grand Prix,post_covid,Kevin Magnussen,Haas F1 Team,18.0,19.0,0.0,Finished,91.774
2024,6,Miami Grand Prix,post_covid,Logan Sargeant,Williams,17.0,20.0,0.0,Retired,93.452
2025,13,Belgian Grand Prix,post_covid,Oscar Piastri,McLaren,2.0,1.0,25.0,Finished,105.706
2025,13,Belgian Grand Prix,post_covid,Lando Norris,McLaren,1.0,2.0,18.0,Finished,105.257
2025,13,Belgian Grand Prix,post_covid,Charles Leclerc,Ferrari,3.0,3.0,15.0,Finished,106.174
2025,13,Belgian Grand Prix,post_covid,Max Verstappen,Red Bull Racing,4.0,4.0,12.0,Finished,106.096
2025,13,Belgian Grand Prix,post_covid,George Russell,Mercedes,6.0,5.0,10.0,Finished,106.566
2025,13,Belgian Grand Prix,post_covid,Alexander Albon,Williams,5.0,6.0,8.0,Finished,106.813
2025,13,Belgian Grand Prix,post_covid,Lewis Hamilton,Ferrari,18.0,7.0,6.0,Finished,106.534
2025,13,Belgian Grand Prix,post_covid,Liam Lawson,Racing Bulls,9.0,8.0,4.0,Finished,106.649
2025,13,Belgian Grand Prix,post_covid,Gabriel Bortoleto,Kick Sauber,10.0,9.0,2.0,Finished,106.966
2025,13,Belgian Grand Prix,post_covid,Pierre Gasly,Alpine,13.0,10.0,1.0,Finished,107.177
2025,13,Belgian Grand Prix,post_covid,Oliver Bearman,Haas F1 Team,12.0,11.0,0.0,Finished,106.709
2025,13,Belgian Grand Prix,post_covid,Nico Hulkenberg,Kick Sauber,14.0,12.0,0.0,Finished,105.068
2025,13,Belgian Grand Prix,post_covid,Yuki Tsunoda,Red Bull Racing,7.0,13.0,0.0,Finished,107.241
2025,13,Belgian Grand Prix,post_covid,Lance Stroll,Aston Martin,16.0,14.0,0.0,Finished,107.212
2025,13,Belgian Grand Prix,post_covid,Esteban Ocon,Haas F1 Team,11.0,15.0,0.0,Finished,106.744
2025,13,Belgian Grand Prix,post_covid,Andrea Kimi Antonelli,Mercedes,19.0,16.0,0.0,Finished,104.861
2025,13,Belgian Grand Prix,post_covid,Fernando Alonso,Aston Martin,20.0,17.0,0.0,Finished,105.849
2025,13,Belgian Grand Prix,post_covid,Carlos Sainz,Williams,17.0,18.0,0.0,Finished,106.073
2025,13,Belgian Grand Prix,post_covid,Franco Colapinto,Alpine,15.0,19.0,0.0,Finished,106.104
2025,13,Belgian Grand Prix,post_covid,Isack Hadjar,Racing Bulls,8.0,20.0,0.0,Lapped,107.667
2025,12,British Grand Prix,post_covid,Lando Norris,McLaren,3.0,1.0,25.0,Finished,89.734
2025,12,British Grand Prix,post_covid,Oscar Piastri,McLaren,2.0,2.0,18.0,Finished,89.337
2025,12,British Grand Prix,post_covid,Nico Hulkenberg,Kick Sauber,19.0,3.0,15.0,Finished,90.933
2025,12,British Grand Prix,post_covid,Lewis Hamilton,Ferrari,5.0,4.0,12.0,Finished,90.016
2025,12,British Grand Prix,post_covid,Max Verstappen,Red Bull Racing,1.0,5.0,10.0,Finished,90.179
2025,12,British Grand Prix,post_covid,Pierre Gasly,Alpine,8.0,6.0,8.0,Finished,90.751
2025,12,British Grand Prix,post_covid,Lance Stroll,Aston Martin,17.0,7.0,6.0,Finished,92.088
2025,12,British Grand Prix,post_covid,Alexander Albon,Williams,13.0,8.0,4.0,Finished,90.047
2025,12,British Grand Prix,post_covid,Fernando Alonso,Aston Martin,7.0,9.0,2.0,Finished,90.353
2025,12,British Grand Prix,post_covid,George Russell,Mercedes,4.0,10.0,1.0,Finished,90.869
2025,12,British Grand Prix,post_covid,Oliver Bearman,Haas F1 Team,18.0,11.0,0.0,Finished,90.921
2025,12,British Grand Prix,post_covid,Carlos Sainz,Williams,9.0,12.0,0.0,Finished,90.645
2025,12,British Grand Prix,post_covid,Esteban Ocon,Haas F1 Team,14.0,13.0,0.0,Finished,90.818
2025,12,British Grand Prix,post_covid,Charles Leclerc,Ferrari,6.0,14.0,0.0,Finished,90.819
2025,12,British Grand Prix,post_covid,Yuki Tsunoda,Red Bull Racing,11.0,15.0,0.0,Lapped,90.873
2025,12,British Grand Prix,post_covid,Andrea Kimi Antonelli,Mercedes,10.0,16.0,0.0,Retired,99.336
2025,12,British Grand Prix,post_covid,Isack Hadjar,Racing Bulls,12.0,17.0,0.0,Retired,101.705
2025,12,British Grand Prix,post_covid,Gabriel Bortoleto,Kick Sauber,16.0,18.0,0.0,Retired,135.202
2025,12,British Grand Prix,post_covid,Liam Lawson,Racing Bulls,15.0,19.0,0.0,Retired,
2025,12,British Grand Prix,post_covid,Franco Colapinto,Alpine,20.0,20.0,0.0,Did not start,
2024,7,Emilia Romagna Grand Prix,post_covid,Max Verstappen,Red Bull Racing,1.0,1.0,25.0,Finished,80.366
2024,7,Emilia Romagna Grand Prix,post_covid,Lando Norris,McLaren,2.0,2.0,18.0,Finished,79.994
2024,7,Emilia Romagna Grand Prix,post_covid,Charles Leclerc,Ferrari,3.0,3.0,15.0,Finished,79.935
2024,7,Emilia Romagna Grand Prix,post_covid,Oscar Piastri,McLaren,5.0,4.0,12.0,Finished,79.907
2024,7,Emilia Romagna Grand Prix,post_covid,Carlos Sainz,Ferrari,4.0,5.0,10.0,Finished,80.22
2024,7,Emilia Romagna Grand Prix,post_covid,Lewis Hamilton,Mercedes,8.0,6.0,8.0,Finished,80.331
2024,7,Emilia Romagna Grand Prix,post_covid,George Russell,Mercedes,6.0,7.0,7.0,Finished,78.589
2024,7,Emilia Romagna Grand Prix,post_covid,Sergio Perez,Red Bull Racing,11.0,8.0,4.0,Finished,79.686
2024,7,Emilia Romagna Grand Prix,post_covid,Lance Stroll,Aston Martin,13.0,9.0,2.0,Finished,80.57
2024,7,Emilia Romagna Grand Prix,post_covid,Yuki Tsunoda,RB,7.0,10.0,1.0,Lapped,80.936
2024,7,Emilia Romagna Grand Prix,post_covid,Nico Hulkenberg,Haas F1 Team,10.0,11.0,0.0,Lapped,81.7
2024,7,Emilia Romagna Grand Prix,post_covid,Kevin Magnussen,Haas F1 Team,18.0,12.0,0.0,Lapped,81.009
2024,7,Emilia Romagna Grand Prix,post_covid,Daniel Ricciardo,RB,9.0,13.0,0.0,Lapped,81.569
2024,7,Emilia Romagna Grand Prix,post_covid,Esteban Ocon,Alpine,12.0,14.0,0.0,Lapped,81.304
2024,7,Emilia Romagna Grand Prix,post_covid,Guanyu Zhou,Kick Sauber,17.0,15.0,0.0,Lapped,81.016
2024,7,Emilia Romagna Grand Prix,post_covid,Pierre Gasly,Alpine,15.0,16.0,0.0,Lapped,81.371
2024,7,Emilia Romagna Grand Prix,post_covid,Logan Sargeant,Williams,19.0,17.0,0.0,Lapped,81.229
2024,7,Emilia Romagna Grand Prix,post_covid,Valtteri Bottas,Kick Sauber,16.0,18.0,0.0,Lapped,81.455
2024,7,Emilia Romagna Grand Prix,post_covid,Fernando Alonso,Aston Martin,20.0,19.0,0.0,Lapped,79.004
2024,7,Emilia Romagna Grand Prix,post_covid,Alexander Albon,Williams,14.0,20.0,0.0,Retired,81.274
2019,7,Canadian Grand Prix,pre_covid,Lewis Hamilton,Mercedes,2.0,1.0,25.0,Finished,74.813
2019,7,Canadian Grand Prix,pre_covid,Sebastian Vettel,Ferrari,1.0,2.0,18.0,Finished,74.875
2019,7,Canadian Grand Prix,pre_covid,Charles Leclerc,Ferrari,3.0,3.0,15.0,Finished,74.356
2019,7,Canadian Grand Prix,pre_covid,Valtteri Bottas,Mercedes,6.0,4.0,13.0,Finished,73.078
2019,7,Canadian Grand Prix,pre_covid,Max Verstappen,Red Bull Racing,9.0,5.0,10.0,Finished,74.767
2019,7,Canadian Grand Prix,pre_covid,Daniel Ricciardo,Alpine,4.0,6.0,8.0,+1 Lap,76.075
2019,7,Canadian Grand Prix,pre_covid,Nico Hulkenberg,Alpine,7.0,7.0,6.0,+1 Lap,75.995
2019,7,Canadian Grand Prix,pre_covid,Pierre Gasly,Red Bull Racing,5.0,8.0,4.0,+1 Lap,76.157
2019,7,Canadian Grand Prix,pre_covid,Lance Stroll,Aston Martin,17.0,9.0,2.0,+1 Lap,76.043
2019,7,Canadian Grand Prix,pre_covid,Daniil Kvyat,RB,10.0,10.0,1.0,+1 Lap,76.198
2019,7,Canadian Grand Prix,pre_covid,Carlos Sainz,McLaren,11.0,11.0,0.0,+1 Lap,76.471
2019,7,Canadian Grand Prix,pre_covid,Sergio Perez,Aston Martin,15.0,12.0,0.0,+1 Lap,76.314
2019,7,Canadian Grand Prix,pre_covid,Antonio Giovinazzi,Kick Sauber,12.0,13.0,0.0,+1 Lap,76.365
2019,7,Canadian Grand Prix,pre_covid,Romain Grosjean,Haas F1 Team,14.0,14.0,0.0,+1 Lap,76.245
2019,7,Canadian Grand Prix,pre_covid,Kimi Räikkönen,Kick Sauber,16.0,15.0,0.0,+1 Lap,75.442
2019,7,Canadian Grand Prix,pre_covid,George Russell,Williams,18.0,16.0,0.0,+2 Laps,77.241
2019,7,Canadian Grand Prix,pre_covid,Kevin Magnussen,Haas F1 Team,0.0,17.0,0.0,+2 Laps,77.309
2019,7,Canadian Grand Prix,pre_covid,Robert Kubica,Williams,19.0,18.0,0.0,+3 Laps,77.285
2019,7,Canadian Grand Prix,pre_covid,Alexander Albon,RB,13.0,19.0,0.0,Collision damage,77.151
2019,7,Canadian Grand Prix,pre_covid,Lando Norris,McLaren,8.0,20.0,0.0,Suspension,78.023
2022,1,Bahrain Grand Prix,post_covid,Charles Leclerc,Ferrari,1.0,1.0,26.0,Finished,94.57
2022,1,Bahrain Grand Prix,post_covid,Carlos Sainz,Ferrari,3.0,2.0,18.0,Finished,95.74
2022,1,Bahrain Grand Prix,post_covid,Lewis Hamilton,Mercedes,5.0,3.0,15.0,Finished,96.228
2022,1,Bahrain Grand Prix,post_covid,George Russell,Mercedes,9.0,4.0,12.0,Finished,96.302
2022,1,Bahrain Grand Prix,post_covid,Kevin Magnussen,Haas F1 Team,7.0,5.0,10.0,Finished,96.623
2022,1,Bahrain Grand Prix,post_covid,Valtteri Bottas,Kick Sauber,6.0,6.0,8.0,Finished,96.599
2022,1,Bahrain Grand Prix,post_covid,Esteban Ocon,Alpine,11.0,7.0,6.0,Finished,97.11
2022,1,Bahrain Grand Prix,post_covid,Yuki Tsunoda,RB,16.0,8.0,4.0,Finished,97.104
2022,1,Bahrain Grand Prix,post_covid,Fernando Alonso,Alpine,8.0,9.0,2.0,Finished,96.733
2022,1,Bahrain Grand Prix,post_covid,Guanyu Zhou,Kick Sauber,15.0,10.0,1.0,Finished,96.685
2022,1,Bahrain Grand Prix,post_covid,Mick Schumacher,Haas F1 Team,12.0,11.0,0.0,Finished,96.956
2022,1,Bahrain Grand Prix,post_covid,Lance Stroll,Aston Martin,19.0,12.0,0.0,Finished,97.146
2022,1,Bahrain Grand Prix,post_covid,Alexander Albon,Williams,14.0,13.0,0.0,Finished,97.355
2022,1,Bahrain Grand Prix,post_covid,Daniel Ricciardo,McLaren,18.0,14.0,0.0,Finished,97.261
2022,1,Bahrain Grand Prix,post_covid,Lando Norris,McLaren,13.0,15.0,0.0,Finished,96.988
2022,1,Bahrain Grand Prix,post_covid,Nicholas Latifi,Williams,20.0,16.0,0.0,Finished,98.251
2022,1,Bahrain Grand Prix,post_covid,Nico Hulkenberg,Aston Martin,17.0,17.0,0.0,Finished,98.201
2022,1,Bahrain Grand Prix,post_covid,Sergio Perez,Red Bull Racing,4.0,18.0,0.0,Fuel pressure,96.089
2022,1,Bahrain Grand Prix,post_covid,Max Verstappen,Red Bull Racing,2.0,19.0,0.0,Fuel pressure,95.44
2022,1,Bahrain Grand Prix,post_covid,Pierre Gasly,RB,10.0,20.0,0.0,Power Unit,97.324
2020,3,Hungarian Grand Prix,covid,Lewis Hamilton,Mercedes,1.0,1.0,26.0,Finished,76.627
2020,3,Hungarian Grand Prix,covid,Max Verstappen,Red Bull Racing,7.0,2.0,18.0,Finished,79.184
2020,3,Hungarian Grand Prix,covid,Valtteri Bottas,Mercedes,2.0,3.0,15.0,Finished,77.665
2020,3,Hungarian Grand Prix,covid,Lance Stroll,Aston Martin,3.0,4.0,12.0,Finished,78.973
2020,3,Hungarian Grand Prix,covid,Alexander Albon,Red Bull Racing,13.0,5.0,10.0,Finished,79.44
2020,3,Hungarian Grand Prix,covid,Sebastian Vettel,Ferrari,5.0,6.0,8.0,+1 Lap,80.363
2020,3,Hungarian Grand Prix,covid,Sergio Perez,Aston Martin,4.0,7.0,6.0,+1 Lap,80.09
2020,3,Hungarian Grand Prix,covid,Daniel Ricciardo,Alpine,11.0,8.0,4.0,+1 Lap,79.532
2020,3,Hungarian Grand Prix,covid,Carlos Sainz,McLaren,9.0,9.0,2.0,+1 Lap,79.457
2020,3,Hungarian Grand Prix,covid,Kevin Magnussen,Haas F1 Team,0.0,10.0,1.0,+1 Lap,80.477
2020,3,Hungarian Grand Prix,covid,Charles Leclerc,Ferrari,6.0,11.0,0.0,+1 Lap,80.821
2020,3,Hungarian Grand Prix,covid,Daniil Kvyat,RB,17.0,12.0,0.0,+1 Lap,80.946
2020,3,Hungarian Grand Prix,covid,Lando Norris,McLaren,8.0,13.0,0.0,+1 Lap,79.945
2020,3,Hungarian Grand Prix,covid,Esteban Ocon,Alpine,14.0,14.0,0.0,+1 Lap,80.261
2020,3,Hungarian Grand Prix,covid,Kimi Räikkönen,Kick Sauber,20.0,15.0,0.0,+1 Lap,80.232
2020,3,Hungarian Grand Prix,covid,Romain Grosjean,Haas F1 Team,0.0,16.0,0.0,+1 Lap,80.889
2020,3,Hungarian Grand Prix,covid,Antonio Giovinazzi,Kick Sauber,19.0,17.0,0.0,+1 Lap,80.096
2020,3,Hungarian Grand Prix,covid,George Russell,Williams,12.0,18.0,0.0,+1 Lap,79.984
2020,3,Hungarian Grand Prix,covid,Nicholas Latifi,Williams,15.0,19.0,0.0,+5 Laps,81.198
2020,3,Hungarian Grand Prix,covid,Pierre Gasly,RB,10.0,20.0,0.0,Engine,83.939
2018,17,Japanese Grand Prix,pre_covid,Lewis Hamilton,Mercedes,1.0,1.0,25.0,Finished,92.785
2018,17,Japanese Grand Prix,pre_covid,Valtteri Bottas,Mercedes,2.0,2.0,18.0,Finished,93.11
2018,17,Japanese Grand Prix,pre_covid,Max Verstappen,Red Bull Racing,3.0,3.0,15.0,Finished,93.367
2018,17,Japanese Grand Prix,pre_covid,Daniel Ricciardo,Red Bull Racing,15.0,4.0,12.0,Finished,93.187
2018,17,Japanese Grand Prix,pre_covid,Kimi Räikkönen,Ferrari,4.0,5.0,10.0,Finished,94.223
2018,17,Japanese Grand Prix,pre_covid,Sebastian Vettel,Ferrari,8.0,6.0,8.0,Finished,92.318
2018,17,Japanese Grand Prix,pre_covid,Sergio Perez,Aston Martin,9.0,7.0,6.0,Finished,94.073
2018,17,Japanese Grand Prix,pre_covid,Romain Grosjean,Haas F1 Team,5.0,8.0,4.0,Finished,94.786
2018,17,Japanese Grand Prix,pre_covid,Esteban Ocon,Aston Martin,11.0,9.0,2.0,Finished,94.67
2018,17,Japanese Grand Prix,pre_covid,Carlos Sainz,Alpine,13.0,10.0,1.0,+1 Lap,94.197
2018,17,Japanese Grand Prix,pre_covid,Pierre Gasly,RB,7.0,11.0,0.0,+1 Lap,94.133
2018,17,Japanese Grand Prix,pre_covid,Marcus Ericsson,Sauber,20.0,12.0,0.0,+1 Lap,96.294
2018,17,Japanese Grand Prix,pre_covid,Brendon Hartley,RB,6.0,13.0,0.0,+1 Lap,94.857
2018,17,Japanese Grand Prix,pre_covid,Fernando Alonso,McLaren,18.0,14.0,0.0,+1 Lap,93.943
2018,17,Japanese Grand Prix,pre_covid,Stoffel Vandoorne,McLaren,19.0,15.0,0.0,+1 Lap,95.023
2018,17,Japanese Grand Prix,pre_covid,Sergey Sirotkin,Williams,17.0,16.0,0.0,+1 Lap,93.985
2018,17,Japanese Grand Prix,pre_covid,Lance Stroll,Williams,14.0,17.0,0.0,+1 Lap,93.354
2018,17,Japanese Grand Prix,pre_covid,Charles Leclerc,Sauber,10.0,18.0,0.0,Mechanical,94.515
2018,17,Japanese Grand Prix,pre_covid,Nico Hulkenberg,Alpine,16.0,19.0,0.0,Engine,94.934
2018,17,Japanese Grand Prix,pre_covid,Kevin Magnussen,Haas F1 Team,12.0,20.0,0.0,Collision damage,99.908
2020,13,Emilia Romagna Grand Prix,covid,Lewis Hamilton,Mercedes,2.0,1.0,26.0,Finished,75.484
2020,13,Emilia Romagna Grand Prix,covid,Valtteri Bottas,Mercedes,1.0,2.0,18.0,Finished,75.902
2020,13,Emilia Romagna Grand Prix,covid,Daniel Ricciardo,Alpine,5.0,3.0,15.0,Finished,77.552
2020,13,Emilia Romagna Grand Prix,covid,Daniil Kvyat,RB,8.0,4.0,12.0,Finished,77.666
2020,13,Emilia Romagna Grand Prix,covid,Charles Leclerc,Ferrari,7.0,5.0,10.0,Finished,78.173
2020,13,Emilia Romagna Grand Prix,covid,Sergio Perez,Aston Martin,11.0,6.0,8.0,Finished,78.084
2020,13,Emilia Romagna Grand Prix,covid,Carlos Sainz,McLaren,10.0,7.0,6.0,Finished,78.118
2020,13,Emilia Romagna Grand Prix,covid,Lando Norris,McLaren,9.0,8.0,4.0,Finished,78.069
2020,13,Emilia Romagna Grand Prix,covid,Kimi Räikkönen,Kick Sauber,18.0,9.0,2.0,Finished,78.088
2020,13,Emilia Romagna Grand Prix,covid,Antonio Giovinazzi,Kick Sauber,20.0,10.0,1.0,Finished,78.794
2020,13,Emilia Romagna Grand Prix,covid,Nicholas Latifi,Williams,19.0,11.0,0.0,Finished,78.719
2020,13,Emilia Romagna Grand Prix,covid,Sebastian Vettel,Ferrari,14.0,12.0,0.0,Finished,77.767
2020,13,Emilia Romagna Grand Prix,covid,Lance Stroll,Aston Martin,15.0,13.0,0.0,Finished,78.36
2020,13,Emilia Romagna Grand Prix,covid,Romain Grosjean,Haas F1 Team,16.0,14.0,0.0,Finished,78.822
2020,13,Emilia Romagna Grand Prix,covid,Alexander Albon,Red Bull Racing,6.0,15.0,0.0,Finished,76.177
2020,13,Emilia Romagna Grand Prix,covid,George Russell,Williams,13.0,16.0,0.0,Accident,78.811
2020,13,Emilia Romagna Grand Prix,covid,Max Verstappen,Red Bull Racing,3.0,17.0,0.0,Puncture,77.637
2020,13,Emilia Romagna Grand Prix,covid,Kevin Magnussen,Haas F1 Team,17.0,18.0,0.0,Illness,79.273
2020,13,Emilia Romagna Grand Prix,covid,Esteban Ocon,Alpine,12.0,19.0,0.0,Gearbox,79.606
2020,13,Emilia Romagna Grand Prix,covid,Pierre Gasly,RB,4.0,20.0,0.0,Water pressure,80.403
2025,23,Qatar Grand Prix,post_covid,Max Verstappen,Red Bull Racing,3.0,1.0,25.0,Finished,83.498
2025,23,Qatar Grand Prix,post_covid,Oscar Piastri,McLaren,1.0,2.0,18.0,Finished,82.996
2025,23,Qatar Grand Prix,post_covid,Carlos Sainz,Williams,7.0,3.0,15.0,Finished,83.859
2025,23,Qatar Grand Prix,post_covid,Lando Norris,McLaren,2.0,4.0,12.0,Finished,83.197
2025,23,Qatar Grand Prix,post_covid,Andrea Kimi Antonelli,Mercedes,5.0,5.0,10.0,Finished,83.955
2025,23,Qatar Grand Prix,post_covid,George Russell,Mercedes,4.0,6.0,8.0,Finished,83.198
2025,23,Qatar Grand Prix,post_covid,Fernando Alonso,Aston Martin,8.0,7.0,6.0,Finished,83.94
2025,23,Qatar Grand Prix,post_covid,Charles Leclerc,Ferrari,10.0,8.0,4.0,Finished,84.432
2025,23,Qatar Grand Prix,post_covid,Liam Lawson,Racing Bulls,12.0,9.0,2.0,Finished,83.971
2025,23,Qatar Grand Prix,post_covid,Yuki Tsunoda,Red Bull Racing,15.0,10.0,1.0,Finished,84.139
2025,23,Qatar Grand Prix,post_covid,Alexander Albon,Williams,14.0,11.0,0.0,Finished,84.261
2025,23,Qatar Grand Prix,post_covid,Lewis Hamilton,Ferrari,17.0,12.0,0.0,Finished,84.848
2025,23,Qatar Grand Prix,post_covid,Gabriel Bortoleto,Kick Sauber,19.0,13.0,0.0,Finished,85.233
2025,23,Qatar Grand Prix,post_covid,Franco Colapinto,Alpine,20.0,14.0,0.0,Lapped,85.644
2025,23,Qatar Grand Prix,post_covid,Esteban Ocon,Haas F1 Team,16.0,15.0,0.0,Lapped,85.056
2025,23,Qatar Grand Prix,post_covid,Pierre Gasly,Alpine,9.0,16.0,0.0,Lapped,85.376
2025,23,Qatar Grand Prix,post_covid,Lance Stroll,Aston Martin,18.0,17.0,0.0,Retired,83.484
2025,23,Qatar Grand Prix,post_covid,Isack Hadjar,Racing Bulls,6.0,18.0,0.0,Retired,84.317
2025,23,Qatar Grand Prix,post_covid,Oliver Bearman,Haas F1 Team,13.0,19.0,0.0,Retired,84.93
2025,23,Qatar Grand Prix,post_covid,Nico Hulkenberg,Kick Sauber,11.0,20.0,0.0,Retired,88.139
2022,16,Italian Grand Prix,post_covid,Max Verstappen,Red Bull Racing,7.0,1.0,25.0,Finished,84.745
2022,16,Italian Grand Prix,post_covid,Charles Leclerc,Ferrari,1.0,2.0,18.0,Finished,84.336
2022,16,Italian Grand Prix,post_covid,George Russell,Mercedes,2.0,3.0,15.0,Finished,85.288
2022,16,Italian Grand Prix,post_covid,Carlos Sainz,Ferrari,18.0,4.0,12.0,Finished,84.42
2022,16,Italian Grand Prix,post_covid,Lewis Hamilton,Mercedes,19.0,5.0,10.0,Finished,84.434
2022,16,Italian Grand Prix,post_covid,Sergio Perez,Red Bull Racing,13.0,6.0,9.0,Finished,84.03
2022,16,Italian Grand Prix,post_covid,Lando Norris,McLaren,3.0,7.0,6.0,Finished,84.718
2022,16,Italian Grand Prix,post_covid,Pierre Gasly,RB,5.0,8.0,4.0,Finished,86.718
2022,16,Italian Grand Prix,post_covid,Nyck De Vries,Williams,8.0,9.0,2.0,Finished,86.624
2022,16,Italian Grand Prix,post_covid,Guanyu Zhou,Kick Sauber,9.0,10.0,1.0,Finished,86.361
2022,16,Italian Grand Prix,post_covid,Esteban Ocon,Alpine,14.0,11.0,0.0,Finished,86.593
2022,16,Italian Grand Prix,post_covid,Mick Schumacher,Haas F1 Team,17.0,12.0,0.0,Finished,85.298
2022,16,Italian Grand Prix,post_covid,Valtteri Bottas,Kick Sauber,15.0,13.0,0.0,+1 Lap,85.706
2022,16,Italian Grand Prix,post_covid,Yuki Tsunoda,RB,20.0,14.0,0.0,+1 Lap,86.857
2022,16,Italian Grand Prix,post_covid,Nicholas Latifi,Williams,10.0,15.0,0.0,+1 Lap,86.798
2022,16,Italian Grand Prix,post_covid,Kevin Magnussen,Haas F1 Team,16.0,16.0,0.0,+1 Lap,86.798
2022,16,Italian Grand Prix,post_covid,Daniel Ricciardo,McLaren,4.0,17.0,0.0,Oil leak,86.603
2022,16,Italian Grand Prix,post_covid,Lance Stroll,Aston Martin,12.0,18.0,0.0,Engine,87.467
2022,16,Italian Grand Prix,post_covid,Fernando Alonso,Alpine,6.0,19.0,0.0,Water pressure,87.203
2022,16,Italian Grand Prix,post_covid,Sebastian Vettel,Aston Martin,11.0,20.0,0.0,Engine,87.501
2022,17,Singapore Grand Prix,post_covid,Sergio Perez,Red Bull Racing,2.0,1.0,25.0,Finished,108.165
2022,17,Singapore Grand Prix,post_covid,Charles Leclerc,Ferrari,1.0,2.0,18.0,Finished,108.753
2022,17,Singapore Grand Prix,post_covid,Carlos Sainz,Ferrari,4.0,3.0,15.0,Finished,108.414
2022,17,Singapore Grand Prix,post_covid,Lando Norris,McLaren,6.0,4.0,12.0,Finished,109.212
2022,17,Singapore Grand Prix,post_covid,Daniel Ricciardo,McLaren,16.0,5.0,10.0,Finished,111.006
2022,17,Singapore Grand Prix,post_covid,Lance Stroll,Aston Martin,11.0,6.0,8.0,Finished,110.283
2022,17,Singapore Grand Prix,post_covid,Max Verstappen,Red Bull Racing,8.0,7.0,6.0,Finished,109.142
2022,17,Singapore Grand Prix,post_covid,Sebastian Vettel,Aston Martin,13.0,8.0,4.0,Finished,110.669
2022,17,Singapore Grand Prix,post_covid,Lewis Hamilton,Mercedes,3.0,9.0,2.0,Finished,110.622
2022,17,Singapore Grand Prix,post_covid,Pierre Gasly,RB,7.0,10.0,1.0,Finished,110.569
2022,17,Singapore Grand Prix,post_covid,Valtteri Bottas,Kick Sauber,15.0,11.0,0.0,Finished,111.864
2022,17,Singapore Grand Prix,post_covid,Kevin Magnussen,Haas F1 Team,9.0,12.0,0.0,Finished,112.067
2022,17,Singapore Grand Prix,post_covid,Mick Schumacher,Haas F1 Team,12.0,13.0,0.0,+1 Lap,110.29
2022,17,Singapore Grand Prix,post_covid,George Russell,Mercedes,0.0,14.0,0.0,+2 Laps,106.458
2022,17,Singapore Grand Prix,post_covid,Yuki Tsunoda,RB,10.0,15.0,0.0,Accident,118.716
2022,17,Singapore Grand Prix,post_covid,Esteban Ocon,Alpine,17.0,16.0,0.0,Engine,121.105
2022,17,Singapore Grand Prix,post_covid,Alexander Albon,Williams,18.0,17.0,0.0,Collision damage,122.121
2022,17,Singapore Grand Prix,post_covid,Fernando Alonso,Alpine,5.0,18.0,0.0,Engine,120.463
2022,17,Singapore Grand Prix,post_covid,Nicholas Latifi,Williams,19.0,19.0,0.0,Collision damage,125.585
2022,17,Singapore Grand Prix,post_covid,Guanyu Zhou,Kick Sauber,14.0,20.0,0.0,Collision,125.556
2025,22,Las Vegas Grand Prix,post_covid,Max Verstappen,Red Bull Racing,2.0,1.0,25.0,Finished,93.365
2025,22,Las Vegas Grand Prix,post_covid,George Russell,Mercedes,4.0,2.0,18.0,Finished,94.592
2025,22,Las Vegas Grand Prix,post_covid,Andrea Kimi Antonelli,Mercedes,17.0,3.0,15.0,Finished,93.998
2025,22,Las Vegas Grand Prix,post_covid,Charles Leclerc,Ferrari,9.0,4.0,12.0,Finished,94.304
2025,22,Las Vegas Grand Prix,post_covid,Carlos Sainz,Williams,3.0,5.0,10.0,Finished,94.496
2025,22,Las Vegas Grand Prix,post_covid,Isack Hadjar,Racing Bulls,8.0,6.0,8.0,Finished,94.62
2025,22,Las Vegas Grand Prix,post_covid,Nico Hulkenberg,Kick Sauber,11.0,7.0,6.0,Finished,94.592
2025,22,Las Vegas Grand Prix,post_covid,Lewis Hamilton,Ferrari,19.0,8.0,4.0,Finished,94.553
2025,22,Las Vegas Grand Prix,post_covid,Esteban Ocon,Haas F1 Team,13.0,9.0,2.0,Finished,94.557
2025,22,Las Vegas Grand Prix,post_covid,Oliver Bearman,Haas F1 Team,14.0,10.0,1.0,Finished,94.519
2025,22,Las Vegas Grand Prix,post_covid,Fernando Alonso,Aston Martin,7.0,11.0,0.0,Finished,95.629
2025,22,Las Vegas Grand Prix,post_covid,Yuki Tsunoda,Red Bull Racing,20.0,12.0,0.0,Finished,94.967
2025,22,Las Vegas Grand Prix,post_covid,Pierre Gasly,Alpine,10.0,13.0,0.0,Finished,95.674
2025,22,Las Vegas Grand Prix,post_covid,Liam Lawson,Racing Bulls,6.0,14.0,0.0,Lapped,94.837
2025,22,Las Vegas Grand Prix,post_covid,Franco Colapinto,Alpine,15.0,15.0,0.0,Lapped,95.78
2025,22,Las Vegas Grand Prix,post_covid,Alexander Albon,Williams,16.0,16.0,0.0,Retired,95.184
2025,22,Las Vegas Grand Prix,post_covid,Gabriel Bortoleto,Kick Sauber,18.0,17.0,0.0,Retired,130.427
2025,22,Las Vegas Grand Prix,post_covid,Lance Stroll,Aston Martin,12.0,18.0,0.0,Retired,
2025,22,Las Vegas Grand Prix,post_covid,Lando Norris,McLaren,1.0,19.0,0.0,Disqualified,93.965
2025,22,Las Vegas Grand Prix,post_covid,Oscar Piastri,McLaren,5.0,20.0,0.0,Disqualified,94.086
2020,12,Portuguese Grand Prix,covid,Lewis Hamilton,Mercedes,1.0,1.0,26.0,Finished,78.75
2020,12,Portuguese Grand Prix,covid,Valtteri Bottas,Mercedes,2.0,2.0,18.0,Finished,79.345
2020,12,Portuguese Grand Prix,covid,Max Verstappen,Red Bull Racing,3.0,3.0,15.0,Finished,79.854
2020,12,Portuguese Grand Prix,covid,Charles Leclerc,Ferrari,4.0,4.0,12.0,Finished,80.408
2020,12,Portuguese Grand Prix,covid,Pierre Gasly,RB,9.0,5.0,10.0,+1 Lap,80.551
2020,12,Portuguese Grand Prix,covid,Carlos Sainz,McLaren,7.0,6.0,8.0,+1 Lap,80.268
2020,12,Portuguese Grand Prix,covid,Sergio Perez,Aston Martin,5.0,7.0,6.0,+1 Lap,80.802
2020,12,Portuguese Grand Prix,covid,Esteban Ocon,Alpine,11.0,8.0,4.0,+1 Lap,80.859
2020,12,Portuguese Grand Prix,covid,Daniel Ricciardo,Alpine,10.0,9.0,2.0,+1 Lap,80.906
2020,12,Portuguese Grand Prix,covid,Sebastian Vettel,Ferrari,15.0,10.0,1.0,+1 Lap,80.731
2020,12,Portuguese Grand Prix,covid,Kimi Räikkönen,Kick Sauber,16.0,11.0,0.0,+1 Lap,81.058
2020,12,Portuguese Grand Prix,covid,Alexander Albon,Red Bull Racing,6.0,12.0,0.0,+1 Lap,79.89
2020,12,Portuguese Grand Prix,covid,Lando Norris,McLaren,8.0,13.0,0.0,+1 Lap,79.36
2020,12,Portuguese Grand Prix,covid,George Russell,Williams,14.0,14.0,0.0,+1 Lap,80.882
2020,12,Portuguese Grand Prix,covid,Antonio Giovinazzi,Kick Sauber,17.0,15.0,0.0,+1 Lap,81.893
2020,12,Portuguese Grand Prix,covid,Kevin Magnussen,Haas F1 Team,19.0,16.0,0.0,+1 Lap,81.46
2020,12,Portuguese Grand Prix,covid,Romain Grosjean,Haas F1 Team,18.0,17.0,0.0,+1 Lap,81.664
2020,12,Portuguese Grand Prix,covid,Nicholas Latifi,Williams,20.0,18.0,0.0,+2 Laps,81.859
2020,12,Portuguese Grand Prix,covid,Daniil Kvyat,RB,13.0,19.0,0.0,+2 Laps,80.449
2020,12,Portuguese Grand Prix,covid,Lance Stroll,Aston Martin,12.0,20.0,0.0,Collision damage,81.694
2018,16,Russian Grand Prix,pre_covid,Lewis Hamilton,Mercedes,2.0,1.0,25.0,Finished,95.916
2018,16,Russian Grand Prix,pre_covid,Valtteri Bottas,Mercedes,1.0,2.0,18.0,Finished,95.861
2018,16,Russian Grand Prix,pre_covid,Sebastian Vettel,Ferrari,3.0,3.0,15.0,Finished,95.99
2018,16,Russian Grand Prix,pre_covid,Kimi Räikkönen,Ferrari,4.0,4.0,12.0,Finished,96.611
2018,16,Russian Grand Prix,pre_covid,Max Verstappen,Red Bull Racing,19.0,5.0,10.0,Finished,96.283
2018,16,Russian Grand Prix,pre_covid,Daniel Ricciardo,Red Bull Racing,18.0,6.0,8.0,Finished,96.345
2018,16,Russian Grand Prix,pre_covid,Charles Leclerc,Sauber,7.0,7.0,6.0,Finished,98.107
2018,16,Russian Grand Prix,pre_covid,Kevin Magnussen,Haas F1 Team,5.0,8.0,4.0,+1 Lap,98.015
2018,16,Russian Grand Prix,pre_covid,Esteban Ocon,Aston Martin,6.0,9.0,2.0,+1 Lap,98.366
2018,16,Russian Grand Prix,pre_covid,Sergio Perez,Aston Martin,8.0,10.0,1.0,+1 Lap,98.3
2018,16,Russian Grand Prix,pre_covid,Romain Grosjean,Haas F1 Team,9.0,11.0,0.0,+1 Lap,98.244
2018,16,Russian Grand Prix,pre_covid,Nico Hulkenberg,Alpine,12.0,12.0,0.0,+1 Lap,99.108
2018,16,Russian Grand Prix,pre_covid,Marcus Ericsson,Sauber,10.0,13.0,0.0,+1 Lap,97.931
2018,16,Russian Grand Prix,pre_covid,Fernando Alonso,McLaren,16.0,14.0,0.0,+1 Lap,99.59
2018,16,Russian Grand Prix,pre_covid,Lance Stroll,Williams,14.0,15.0,0.0,+1 Lap,99.435
2018,16,Russian Grand Prix,pre_covid,Stoffel Vandoorne,McLaren,15.0,16.0,0.0,+2 Laps,99.922
2018,16,Russian Grand Prix,pre_covid,Carlos Sainz,Alpine,11.0,17.0,0.0,+2 Laps,99.731
2018,16,Russian Grand Prix,pre_covid,Sergey Sirotkin,Williams,13.0,18.0,0.0,+2 Laps,99.838
2018,16,Russian Grand Prix,pre_covid,Pierre Gasly,RB,17.0,19.0,0.0,Brakes,104.071
2018,16,Russian Grand Prix,pre_covid,Brendon Hartley,RB,20.0,20.0,0.0,Brakes,105.852
2020,10,Russian Grand Prix,covid,Valtteri Bottas,Mercedes,3.0,1.0,26.0,Finished,97.03
2020,10,Russian Grand Prix,covid,Max Verstappen,Red Bull Racing,2.0,2.0,18.0,Finished,97.332
2020,10,Russian Grand Prix,covid,Lewis Hamilton,Mercedes,1.0,3.0,15.0,Finished,98.075
2020,10,Russian Grand Prix,covid,Sergio Perez,Aston Martin,4.0,4.0,12.0,Finished,98.141
2020,10,Russian Grand Prix,covid,Daniel Ricciardo,Alpine,5.0,5.0,10.0,Finished,97.886
2020,10,Russian Grand Prix,covid,Charles Leclerc,Ferrari,10.0,6.0,8.0,Finished,99.053
2020,10,Russian Grand Prix,covid,Esteban Ocon,Alpine,7.0,7.0,6.0,Finished,99.216
2020,10,Russian Grand Prix,covid,Daniil Kvyat,RB,11.0,8.0,4.0,Finished,99.133
2020,10,Russian Grand Prix,covid,Pierre Gasly,RB,9.0,9.0,2.0,Finished,97.231
2020,10,Russian Grand Prix,covid,Alexander Albon,Red Bull Racing,15.0,10.0,1.0,Finished,98.377
2020,10,Russian Grand Prix,covid,Antonio Giovinazzi,Kick Sauber,17.0,11.0,0.0,+1 Lap,99.766
2020,10,Russian Grand Prix,covid,Kevin Magnussen,Haas F1 Team,18.0,12.0,0.0,+1 Lap,100.38
2020,10,Russian Grand Prix,covid,Sebastian Vettel,Ferrari,14.0,13.0,0.0,+1 Lap,99.588
2020,10,Russian Grand Prix,covid,Kimi Räikkönen,Kick Sauber,19.0,14.0,0.0,+1 Lap,98.858
2020,10,Russian Grand Prix,covid,Lando Norris,McLaren,8.0,15.0,0.0,+1 Lap,97.377
2020,10,Russian Grand Prix,covid,Nicholas Latifi,Williams,20.0,16.0,0.0,+1 Lap,101.044
2020,10,Russian Grand Prix,covid,Romain Grosjean,Haas F1 Team,16.0,17.0,0.0,+1 Lap,99.614
2020,10,Russian Grand Prix,covid,George Russell,Williams,13.0,18.0,0.0,+1 Lap,97.352
2020,10,Russian Grand Prix,covid,Carlos Sainz,McLaren,6.0,19.0,0.0,Accident,
2020,10,Russian Grand Prix,covid,Lance Stroll,Aston Martin,12.0,20.0,0.0,Collision,
2019,9,Austrian Grand Prix,pre_covid,Max Verstappen,Red Bull Racing,2.0,1.0,26.0,Finished,67.475
2019,9,Austrian Grand Prix,pre_covid,Charles Leclerc,Ferrari,1.0,2.0,18.0,Finished,67.994
2019,9,Austrian Grand Prix,pre_covid,Valtteri Bottas,Mercedes,3.0,3.0,15.0,Finished,68.565
2019,9,Austrian Grand Prix,pre_covid,Sebastian Vettel,Ferrari,9.0,4.0,12.0,Finished,67.676
2019,9,Austrian Grand Prix,pre_covid,Lewis Hamilton,Mercedes,4.0,5.0,10.0,Finished,68.05
2019,9,Austrian Grand Prix,pre_covid,Lando Norris,McLaren,5.0,6.0,8.0,+1 Lap,68.699
2019,9,Austrian Grand Prix,pre_covid,Pierre Gasly,Red Bull Racing,8.0,7.0,6.0,+1 Lap,68.79
2019,9,Austrian Grand Prix,pre_covid,Carlos Sainz,McLaren,19.0,8.0,4.0,+1 Lap,68.117
2019,9,Austrian Grand Prix,pre_covid,Kimi Räikkönen,Kick Sauber,6.0,9.0,2.0,+1 Lap,69.126
2019,9,Austrian Grand Prix,pre_covid,Antonio Giovinazzi,Kick Sauber,7.0,10.0,1.0,+1 Lap,69.051
2019,9,Austrian Grand Prix,pre_covid,Sergio Perez,Aston Martin,13.0,11.0,0.0,+1 Lap,69.061
2019,9,Austrian Grand Prix,pre_covid,Daniel Ricciardo,Alpine,12.0,12.0,0.0,+1 Lap,68.019
2019,9,Austrian Grand Prix,pre_covid,Nico Hulkenberg,Alpine,15.0,13.0,0.0,+1 Lap,69.248
2019,9,Austrian Grand Prix,pre_covid,Lance Stroll,Aston Martin,14.0,14.0,0.0,+1 Lap,69.288
2019,9,Austrian Grand Prix,pre_covid,Alexander Albon,RB,18.0,15.0,0.0,+1 Lap,68.946
2019,9,Austrian Grand Prix,pre_covid,Romain Grosjean,Haas F1 Team,11.0,16.0,0.0,+1 Lap,68.987
2019,9,Austrian Grand Prix,pre_covid,Daniil Kvyat,RB,16.0,17.0,0.0,+1 Lap,69.498
2019,9,Austrian Grand Prix,pre_covid,George Russell,Williams,0.0,18.0,0.0,+2 Laps,69.926
2019,9,Austrian Grand Prix,pre_covid,Kevin Magnussen,Haas F1 Team,10.0,19.0,0.0,+2 Laps,68.903
2019,9,Austrian Grand Prix,pre_covid,Robert Kubica,Williams,17.0,20.0,0.0,+3 Laps,70.964
2025,20,Mexico City Grand Prix,post_covid,Lando Norris,McLaren,1.0,1.0,25.0,Finished,80.764
2025,20,Mexico City Grand Prix,post_covid,Charles Leclerc,Ferrari,2.0,2.0,18.0,Finished,81.588
2025,20,Mexico City Grand Prix,post_covid,Max Verstappen,Red Bull Racing,5.0,3.0,15.0,Finished,81.108
2025,20,Mexico City Grand Prix,post_covid,Oliver Bearman,Haas F1 Team,9.0,4.0,12.0,Finished,80.705
2025,20,Mexico City Grand Prix,post_covid,Oscar Piastri,McLaren,7.0,5.0,10.0,Finished,80.422
2025,20,Mexico City Grand Prix,post_covid,Andrea Kimi Antonelli,Mercedes,6.0,6.0,8.0,Finished,80.826
2025,20,Mexico City Grand Prix,post_covid,George Russell,Mercedes,4.0,7.0,6.0,Finished,80.052
2025,20,Mexico City Grand Prix,post_covid,Lewis Hamilton,Ferrari,3.0,8.0,4.0,Finished,80.601
2025,20,Mexico City Grand Prix,post_covid,Esteban Ocon,Haas F1 Team,11.0,9.0,2.0,Finished,81.869
2025,20,Mexico City Grand Prix,post_covid,Gabriel Bortoleto,Kick Sauber,16.0,10.0,1.0,Finished,81.121
2025,20,Mexico City Grand Prix,post_covid,Yuki Tsunoda,Red Bull Racing,10.0,11.0,0.0,Finished,81.486
2025,20,Mexico City Grand Prix,post_covid,Alexander Albon,Williams,17.0,12.0,0.0,Lapped,80.48
2025,20,Mexico City Grand Prix,post_covid,Isack Hadjar,Racing Bulls,8.0,13.0,0.0,Lapped,81.714
2025,20,Mexico City Grand Prix,post_covid,Lance Stroll,Aston Martin,19.0,14.0,0.0,Lapped,80.593
2025,20,Mexico City Grand Prix,post_covid,Pierre Gasly,Alpine,18.0,15.0,0.0,Lapped,82.271
2025,20,Mexico City Grand Prix,post_covid,Franco Colapinto,Alpine,20.0,16.0,0.0,Lapped,81.342
2025,20,Mexico City Grand Prix,post_covid,Carlos Sainz,Williams,12.0,17.0,0.0,Retired,80.098
2025,20,Mexico City Grand Prix,post_covid,Fernando Alonso,Aston Martin,14.0,18.0,0.0,Retired,81.708
2025,20,Mexico City Grand Prix,post_covid,Nico Hulkenberg,Kick Sauber,13.0,19.0,0.0,Retired,83.091
2025,20,Mexico City Grand Prix,post_covid,Liam Lawson,Racing Bulls,15.0,20.0,0.0,Retired,85.124
2024,9,Canadian Grand Prix,post_covid,Max Verstappen,Red Bull Racing,2.0,1.0,25.0,Finished,75.569
2024,9,Canadian Grand Prix,post_covid,Lando Norris,McLaren,3.0,2.0,18.0,Finished,75.558
2024,9,Canadian Grand Prix,post_covid,George Russell,Mercedes,1.0,3.0,15.0,Finished,74.895
2024,9,Canadian Grand Prix,post_covid,Lewis Hamilton,Mercedes,7.0,4.0,13.0,Finished,74.856
2024,9,Canadian Grand Prix,post_covid,Oscar Piastri,McLaren,4.0,5.0,10.0,Finished,76.247
2024,9,Canadian Grand Prix,post_covid,Fernando Alonso,Aston Martin,6.0,6.0,8.0,Finished,76.303
2024,9,Canadian Grand Prix,post_covid,Lance Stroll,Aston Martin,9.0,7.0,6.0,Finished,76.762
2024,9,Canadian Grand Prix,post_covid,Daniel Ricciardo,RB,5.0,8.0,4.0,Finished,77.076
2024,9,Canadian Grand Prix,post_covid,Pierre Gasly,Alpine,15.0,9.0,2.0,Finished,77.013
2024,9,Canadian Grand Prix,post_covid,Esteban Ocon,Alpine,18.0,10.0,1.0,Finished,77.012
2024,9,Canadian Grand Prix,post_covid,Nico Hulkenberg,Haas F1 Team,17.0,11.0,0.0,Finished,76.683
2024,9,Canadian Grand Prix,post_covid,Kevin Magnussen,Haas F1 Team,14.0,12.0,0.0,Finished,76.499
2024,9,Canadian Grand Prix,post_covid,Valtteri Bottas,Kick Sauber,19.0,13.0,0.0,Finished,77.25
2024,9,Canadian Grand Prix,post_covid,Yuki Tsunoda,RB,8.0,14.0,0.0,Finished,77.309
2024,9,Canadian Grand Prix,post_covid,Guanyu Zhou,Kick Sauber,20.0,15.0,0.0,Lapped,77.325
2024,9,Canadian Grand Prix,post_covid,Carlos Sainz,Ferrari,12.0,16.0,0.0,Retired,78.957
2024,9,Canadian Grand Prix,post_covid,Alexander Albon,Williams,10.0,17.0,0.0,Retired,79.359
2024,9,Canadian Grand Prix,post_covid,Sergio Perez,Red Bull Racing,16.0,18.0,0.0,Retired,78.819
2024,9,Canadian Grand Prix,post_covid,Charles Leclerc,Ferrari,11.0,19.0,0.0,Retired,86.012
2024,9,Canadian Grand Prix,post_covid,Logan Sargeant,Williams,13.0,20.0,0.0,Retired,86.484
2022,15,Dutch Grand Prix,post_covid,Max Verstappen,Red Bull Racing,1.0,1.0,26.0,Finished,73.652
2022,15,Dutch Grand Prix,post_covid,George Russell,Mercedes,6.0,2.0,18.0,Finished,73.671
2022,15,Dutch Grand Prix,post_covid,Charles Leclerc,Ferrari,2.0,3.0,15.0,Finished,74.413
2022,15,Dutch Grand Prix,post_covid,Lewis Hamilton,Mercedes,4.0,4.0,12.0,Finished,73.854
2022,15,Dutch Grand Prix,post_covid,Sergio Perez,Red Bull Racing,5.0,5.0,10.0,Finished,74.404
2022,15,Dutch Grand Prix,post_covid,Fernando Alonso,Alpine,13.0,6.0,8.0,Finished,74.144
2022,15,Dutch Grand Prix,post_covid,Lando Norris,McLaren,7.0,7.0,6.0,Finished,74.706
2022,15,Dutch Grand Prix,post_covid,Carlos Sainz,Ferrari,3.0,8.0,4.0,Finished,74.643
2022,15,Dutch Grand Prix,post_covid,Esteban Ocon,Alpine,12.0,9.0,2.0,Finished,75.084
2022,15,Dutch Grand Prix,post_covid,Lance Stroll,Aston Martin,10.0,10.0,1.0,Finished,75.043
2022,15,Dutch Grand Prix,post_covid,Pierre Gasly,RB,11.0,11.0,0.0,Finished,75.165
2022,15,Dutch Grand Prix,post_covid,Alexander Albon,Williams,15.0,12.0,0.0,Finished,75.534
2022,15,Dutch Grand Prix,post_covid,Mick Schumacher,Haas F1 Team,8.0,13.0,0.0,Finished,75.233
2022,15,Dutch Grand Prix,post_covid,Sebastian Vettel,Aston Martin,19.0,14.0,0.0,Finished,74.862
2022,15,Dutch Grand Prix,post_covid,Kevin Magnussen,Haas F1 Team,18.0,15.0,0.0,Finished,75.369
2022,15,Dutch Grand Prix,post_covid,Guanyu Zhou,Kick Sauber,14.0,16.0,0.0,Finished,75.94
2022,15,Dutch Grand Prix,post_covid,Daniel Ricciardo,McLaren,17.0,17.0,0.0,Finished,75.577
2022,15,Dutch Grand Prix,post_covid,Nicholas Latifi,Williams,20.0,18.0,0.0,+1 Lap,76.066
2022,15,Dutch Grand Prix,post_covid,Valtteri Bottas,Kick Sauber,16.0,19.0,0.0,Engine,76.844
2022,15,Dutch Grand Prix,post_covid,Yuki Tsunoda,RB,9.0,20.0,0.0,Differential,77.138
2022,14,Belgian Grand Prix,post_covid,Max Verstappen,Red Bull Racing,14.0,1.0,26.0,Finished,109.354
2022,14,Belgian Grand Prix,post_covid,Sergio Perez,Red Bull Racing,2.0,2.0,18.0,Finished,110.764
2022,14,Belgian Grand Prix,post_covid,Carlos Sainz,Ferrari,1.0,3.0,15.0,Finished,111.977
2022,14,Belgian Grand Prix,post_covid,George Russell,Mercedes,5.0,4.0,12.0,Finished,110.793
2022,14,Belgian Grand Prix,post_covid,Fernando Alonso,Alpine,3.0,5.0,10.0,Finished,112.868
2022,14,Belgian Grand Prix,post_covid,Charles Leclerc,Ferrari,15.0,6.0,8.0,Finished,109.984
2022,14,Belgian Grand Prix,post_covid,Esteban Ocon,Alpine,16.0,7.0,6.0,Finished,111.717
2022,14,Belgian Grand Prix,post_covid,Sebastian Vettel,Aston Martin,10.0,8.0,4.0,Finished,112.515
2022,14,Belgian Grand Prix,post_covid,Pierre Gasly,RB,0.0,9.0,2.0,Finished,113.002
2022,14,Belgian Grand Prix,post_covid,Alexander Albon,Williams,6.0,10.0,1.0,Finished,113.055
2022,14,Belgian Grand Prix,post_covid,Lance Stroll,Aston Martin,9.0,11.0,0.0,Finished,112.88
2022,14,Belgian Grand Prix,post_covid,Lando Norris,McLaren,17.0,12.0,0.0,Finished,111.678
2022,14,Belgian Grand Prix,post_covid,Yuki Tsunoda,RB,0.0,13.0,0.0,Finished,112.436
2022,14,Belgian Grand Prix,post_covid,Guanyu Zhou,Kick Sauber,18.0,14.0,0.0,Finished,112.317
2022,14,Belgian Grand Prix,post_covid,Daniel Ricciardo,McLaren,7.0,15.0,0.0,Finished,113.08
2022,14,Belgian Grand Prix,post_covid,Kevin Magnussen,Haas F1 Team,12.0,16.0,0.0,+1 Lap,113.332
2022,14,Belgian Grand Prix,post_covid,Mick Schumacher,Haas F1 Team,19.0,17.0,0.0,+1 Lap,112.212
2022,14,Belgian Grand Prix,post_covid,Nicholas Latifi,Williams,11.0,18.0,0.0,+1 Lap,112.256
2022,14,Belgian Grand Prix,post_covid,Valtteri Bottas,Kick Sauber,13.0,19.0,0.0,Accident,125.651
2022,14,Belgian Grand Prix,post_covid,Lewis Hamilton,Mercedes,4.0,20.0,0.0,Collision damage,
2025,21,São Paulo Grand Prix,post_covid,Lando Norris,McLaren,1.0,1.0,25.0,Finished,73.04
2025,21,São Paulo Grand Prix,post_covid,Andrea Kimi Antonelli,Mercedes,2.0,2.0,18.0,Finished,73.123
2025,21,São Paulo Grand Prix,post_covid,Max Verstappen,Red Bull Racing,19.0,3.0,15.0,Finished,72.447
2025,21,São Paulo Grand Prix,post_covid,George Russell,Mercedes,6.0,4.0,12.0,Finished,73.097
2025,21,São Paulo Grand Prix,post_covid,Oscar Piastri,McLaren,4.0,5.0,10.0,Finished,72.742
2025,21,São Paulo Grand Prix,post_covid,Oliver Bearman,Haas F1 Team,8.0,6.0,8.0,Finished,73.483
2025,21,São Paulo Grand Prix,post_covid,Liam Lawson,Racing Bulls,7.0,7.0,6.0,Finished,74.029
2025,21,São Paulo Grand Prix,post_covid,Isack Hadjar,Racing Bulls,5.0,8.0,4.0,Finished,73.694
2025,21,São Paulo Grand Prix,post_covid,Nico Hulkenberg,Kick Sauber,10.0,9.0,2.0,Finished,73.474
2025,21,São Paulo Grand Prix,post_covid,Pierre Gasly,Alpine,9.0,10.0,1.0,Finished,73.736
2025,21,São Paulo Grand Prix,post_covid,Alexander Albon,Williams,12.0,11.0,0.0,Finished,72.4
2025,21,São Paulo Grand Prix,post_covid,Esteban Ocon,Haas F1 Team,20.0,12.0,0.0,Finished,73.481
2025,21,São Paulo Grand Prix,post_covid,Carlos Sainz,Williams,15.0,13.0,0.0,Finished,73.683
2025,21,São Paulo Grand Prix,post_covid,Fernando Alonso,Aston Martin,11.0,14.0,0.0,Finished,73.312
2025,21,São Paulo Grand Prix,post_covid,Franco Colapinto,Alpine,16.0,15.0,0.0,Finished,72.816
2025,21,São Paulo Grand Prix,post_covid,Lance Stroll,Aston Martin,14.0,16.0,0.0,Finished,73.094
2025,21,São Paulo Grand Prix,post_covid,Yuki Tsunoda,Red Bull Racing,17.0,17.0,0.0,Finished,72.774
2025,21,São Paulo Grand Prix,post_covid,Lewis Hamilton,Ferrari,13.0,18.0,0.0,Retired,73.844
2025,21,São Paulo Grand Prix,post_covid,Charles Leclerc,Ferrari,3.0,19.0,0.0,Retired,79.556
2025,21,São Paulo Grand Prix,post_covid,Gabriel Bortoleto,Kick Sauber,18.0,20.0,0.0,Retired,
2024,8,Monaco Grand Prix,post_covid,Charles Leclerc,Ferrari,1.0,1.0,25.0,Finished,75.162
2024,8,Monaco Grand Prix,post_covid,Oscar Piastri,McLaren,2.0,2.0,18.0,Finished,76.281
2024,8,Monaco Grand Prix,post_covid,Carlos Sainz,Ferrari,3.0,3.0,15.0,Finished,74.726
2024,8,Monaco Grand Prix,post_covid,Lando Norris,McLaren,4.0,4.0,12.0,Finished,75.742
2024,8,Monaco Grand Prix,post_covid,George Russell,Mercedes,5.0,5.0,10.0,Finished,75.228
2024,8,Monaco Grand Prix,post_covid,Max Verstappen,Red Bull Racing,6.0,6.0,8.0,Finished,74.569
2024,8,Monaco Grand Prix,post_covid,Lewis Hamilton,Mercedes,7.0,7.0,7.0,Finished,74.165
2024,8,Monaco Grand Prix,post_covid,Yuki Tsunoda,RB,8.0,8.0,4.0,Lapped,74.72
2024,8,Monaco Grand Prix,post_covid,Alexander Albon,Williams,9.0,9.0,2.0,Lapped,77.06
2024,8,Monaco Grand Prix,post_covid,Pierre Gasly,Alpine,10.0,10.0,1.0,Lapped,75.625
2024,8,Monaco Grand Prix,post_covid,Fernando Alonso,Aston Martin,14.0,11.0,0.0,Lapped,77.939
2024,8,Monaco Grand Prix,post_covid,Daniel Ricciardo,RB,12.0,12.0,0.0,Lapped,77.172
2024,8,Monaco Grand Prix,post_covid,Valtteri Bottas,Kick Sauber,17.0,13.0,0.0,Lapped,76.561
2024,8,Monaco Grand Prix,post_covid,Lance Stroll,Aston Martin,13.0,14.0,0.0,Lapped,76.71
2024,8,Monaco Grand Prix,post_covid,Logan Sargeant,Williams,15.0,15.0,0.0,Lapped,75.525
2024,8,Monaco Grand Prix,post_covid,Guanyu Zhou,Kick Sauber,18.0,16.0,0.0,Lapped,74.718
2024,8,Monaco Grand Prix,post_covid,Esteban Ocon,Alpine,11.0,17.0,0.0,Retired,
2024,8,Monaco Grand Prix,post_covid,Sergio Perez,Red Bull Racing,16.0,18.0,0.0,Retired,
2024,8,Monaco Grand Prix,post_covid,Nico Hulkenberg,Haas F1 Team,19.0,19.0,0.0,Retired,
2024,8,Monaco Grand Prix,post_covid,Kevin Magnussen,Haas F1 Team,20.0,20.0,0.0,Retired,
2019,8,French Grand Prix,pre_covid,Lewis Hamilton,Mercedes,1.0,1.0,25.0,Finished,92.764
2019,8,French Grand Prix,pre_covid,Valtteri Bottas,Mercedes,2.0,2.0,18.0,Finished,93.586
2019,8,French Grand Prix,pre_covid,Charles Leclerc,Ferrari,3.0,3.0,15.0,Finished,93.828
2019,8,French Grand Prix,pre_covid,Max Verstappen,Red Bull Racing,4.0,4.0,12.0,Finished,94.162
2019,8,French Grand Prix,pre_covid,Sebastian Vettel,Ferrari,7.0,5.0,11.0,Finished,92.74
2019,8,French Grand Prix,pre_covid,Carlos Sainz,McLaren,6.0,6.0,8.0,Finished,94.561
2019,8,French Grand Prix,pre_covid,Kimi Räikkönen,Kick Sauber,12.0,7.0,6.0,+1 Lap,94.95
2019,8,French Grand Prix,pre_covid,Nico Hulkenberg,Alpine,13.0,8.0,4.0,+1 Lap,94.754
2019,8,French Grand Prix,pre_covid,Lando Norris,McLaren,5.0,9.0,2.0,+1 Lap,95.197
2019,8,French Grand Prix,pre_covid,Pierre Gasly,Red Bull Racing,9.0,10.0,1.0,+1 Lap,95.15
2019,8,French Grand Prix,pre_covid,Daniel Ricciardo,Alpine,8.0,11.0,0.0,+1 Lap,94.873
2019,8,French Grand Prix,pre_covid,Sergio Perez,Aston Martin,14.0,12.0,0.0,+1 Lap,95.014
2019,8,French Grand Prix,pre_covid,Lance Stroll,Aston Martin,17.0,13.0,0.0,+1 Lap,94.924
2019,8,French Grand Prix,pre_covid,Daniil Kvyat,RB,19.0,14.0,0.0,+1 Lap,95.225
2019,8,French Grand Prix,pre_covid,Alexander Albon,RB,11.0,15.0,0.0,+1 Lap,95.029
2019,8,French Grand Prix,pre_covid,Antonio Giovinazzi,Kick Sauber,10.0,16.0,0.0,+1 Lap,95.115
2019,8,French Grand Prix,pre_covid,Kevin Magnussen,Haas F1 Team,15.0,17.0,0.0,+1 Lap,95.692
2019,8,French Grand Prix,pre_covid,Robert Kubica,Williams,18.0,18.0,0.0,+2 Laps,96.608
2019,8,French Grand Prix,pre_covid,George Russell,Williams,20.0,19.0,0.0,+2 Laps,95.83
2019,8,French Grand Prix,pre_covid,Romain Grosjean,Haas F1 Team,16.0,20.0,0.0,Retired,95.691
2020,11,Eifel Grand Prix,covid,Lewis Hamilton,Mercedes,2.0,1.0,25.0,Finished,88.145
2020,11,Eifel Grand Prix,covid,Max Verstappen,Red Bull Racing,3.0,2.0,19.0,Finished,88.139
2020,11,Eifel Grand Prix,covid,Daniel Ricciardo,Alpine,6.0,3.0,15.0,Finished,89.584
2020,11,Eifel Grand Prix,covid,Sergio Perez,Aston Martin,9.0,4.0,12.0,Finished,89.7
2020,11,Eifel Grand Prix,covid,Carlos Sainz,McLaren,10.0,5.0,10.0,Finished,90.129
2020,11,Eifel Grand Prix,covid,Pierre Gasly,RB,12.0,6.0,8.0,Finished,90.11
2020,11,Eifel Grand Prix,covid,Charles Leclerc,Ferrari,4.0,7.0,6.0,Finished,90.712
2020,11,Eifel Grand Prix,covid,Nico Hulkenberg,Aston Martin,20.0,8.0,4.0,Finished,90.733
2020,11,Eifel Grand Prix,covid,Romain Grosjean,Haas F1 Team,16.0,9.0,2.0,Finished,91.562
2020,11,Eifel Grand Prix,covid,Antonio Giovinazzi,Kick Sauber,14.0,10.0,1.0,Finished,90.909
2020,11,Eifel Grand Prix,covid,Sebastian Vettel,Ferrari,11.0,11.0,0.0,Finished,90.408
2020,11,Eifel Grand Prix,covid,Kimi Räikkönen,Kick Sauber,19.0,12.0,0.0,Finished,90.512
2020,11,Eifel Grand Prix,covid,Kevin Magnussen,Haas F1 Team,15.0,13.0,0.0,Finished,90.456
2020,11,Eifel Grand Prix,covid,Nicholas Latifi,Williams,18.0,14.0,0.0,Finished,91.377
2020,11,Eifel Grand Prix,covid,Daniil Kvyat,RB,13.0,15.0,0.0,Finished,92.214
2020,11,Eifel Grand Prix,covid,Lando Norris,McLaren,8.0,16.0,0.0,Power Unit,92.328
2020,11,Eifel Grand Prix,covid,Alexander Albon,Red Bull Racing,5.0,17.0,0.0,Radiator,92.33
2020,11,Eifel Grand Prix,covid,Esteban Ocon,Alpine,7.0,18.0,0.0,Gearbox,93.189
2020,11,Eifel Grand Prix,covid,Valtteri Bottas,Mercedes,1.0,19.0,0.0,Power Unit,91.884
2020,11,Eifel Grand Prix,covid,George Russell,Williams,17.0,20.0,0.0,Collision,94.526
2018,15,Singapore Grand Prix,pre_covid,Lewis Hamilton,Mercedes,1.0,1.0,25.0,Finished,102.913
2018,15,Singapore Grand Prix,pre_covid,Max Verstappen,Red Bull Racing,2.0,2.0,18.0,Finished,103.345
2018,15,Singapore Grand Prix,pre_covid,Sebastian Vettel,Ferrari,3.0,3.0,15.0,Finished,104.669
2018,15,Singapore Grand Prix,pre_covid,Valtteri Bottas,Mercedes,4.0,4.0,12.0,Finished,104.72
2018,15,Singapore Grand Prix,pre_covid,Kimi Räikkönen,Ferrari,5.0,5.0,10.0,Finished,104.715
2018,15,Singapore Grand Prix,pre_covid,Daniel Ricciardo,Red Bull Racing,6.0,6.0,8.0,Finished,103.12
2018,15,Singapore Grand Prix,pre_covid,Fernando Alonso,McLaren,11.0,7.0,6.0,Finished,103.164
2018,15,Singapore Grand Prix,pre_covid,Carlos Sainz,Alpine,12.0,8.0,4.0,+1 Lap,105.211
2018,15,Singapore Grand Prix,pre_covid,Charles Leclerc,Sauber,13.0,9.0,2.0,+1 Lap,105.203
2018,15,Singapore Grand Prix,pre_covid,Nico Hulkenberg,Alpine,10.0,10.0,1.0,+1 Lap,106.093
2018,15,Singapore Grand Prix,pre_covid,Marcus Ericsson,Sauber,14.0,11.0,0.0,+1 Lap,105.169
2018,15,Singapore Grand Prix,pre_covid,Stoffel Vandoorne,McLaren,18.0,12.0,0.0,+1 Lap,105.555
2018,15,Singapore Grand Prix,pre_covid,Pierre Gasly,RB,15.0,13.0,0.0,+1 Lap,106.063
2018,15,Singapore Grand Prix,pre_covid,Lance Stroll,Williams,20.0,14.0,0.0,+1 Lap,106.033
2018,15,Singapore Grand Prix,pre_covid,Romain Grosjean,Haas F1 Team,8.0,15.0,0.0,+1 Lap,105.904
2018,15,Singapore Grand Prix,pre_covid,Sergio Perez,Aston Martin,7.0,16.0,0.0,+1 Lap,105.389
2018,15,Singapore Grand Prix,pre_covid,Brendon Hartley,RB,17.0,17.0,0.0,+1 Lap,104.889
2018,15,Singapore Grand Prix,pre_covid,Kevin Magnussen,Haas F1 Team,16.0,18.0,0.0,+2 Laps,101.905
2018,15,Singapore Grand Prix,pre_covid,Sergey Sirotkin,Williams,19.0,19.0,0.0,+2 Laps,105.902
2018,15,Singapore Grand Prix,pre_covid,Esteban Ocon,Aston Martin,9.0,20.0,0.0,Collision,
2020,8,Italian Grand Prix,covid,Pierre Gasly,RB,10.0,1.0,25.0,Finished,84.037
2020,8,Italian Grand Prix,covid,Carlos Sainz,McLaren,3.0,2.0,18.0,Finished,83.882
2020,8,Italian Grand Prix,covid,Lance Stroll,Aston Martin,8.0,3.0,15.0,Finished,83.897
2020,8,Italian Grand Prix,covid,Lando Norris,McLaren,6.0,4.0,12.0,Finished,84.232
2020,8,Italian Grand Prix,covid,Valtteri Bottas,Mercedes,2.0,5.0,10.0,Finished,83.961
2020,8,Italian Grand Prix,covid,Daniel Ricciardo,Alpine,7.0,6.0,8.0,Finished,83.898
2020,8,Italian Grand Prix,covid,Lewis Hamilton,Mercedes,1.0,7.0,7.0,Finished,82.746
2020,8,Italian Grand Prix,covid,Esteban Ocon,Alpine,12.0,8.0,4.0,Finished,84.49
2020,8,Italian Grand Prix,covid,Daniil Kvyat,RB,11.0,9.0,2.0,Finished,84.479
2020,8,Italian Grand Prix,covid,Sergio Perez,Aston Martin,4.0,10.0,1.0,Finished,84.336
2020,8,Italian Grand Prix,covid,Nicholas Latifi,Williams,20.0,11.0,0.0,Finished,84.999
2020,8,Italian Grand Prix,covid,Romain Grosjean,Haas F1 Team,16.0,12.0,0.0,Finished,84.785
2020,8,Italian Grand Prix,covid,Kimi Räikkönen,Kick Sauber,14.0,13.0,0.0,Finished,84.835
2020,8,Italian Grand Prix,covid,George Russell,Williams,19.0,14.0,0.0,Finished,84.421
2020,8,Italian Grand Prix,covid,Alexander Albon,Red Bull Racing,9.0,15.0,0.0,Finished,84.888
2020,8,Italian Grand Prix,covid,Antonio Giovinazzi,Kick Sauber,18.0,16.0,0.0,Finished,84.856
2020,8,Italian Grand Prix,covid,Max Verstappen,Red Bull Racing,5.0,17.0,0.0,Power Unit,85.539
2020,8,Italian Grand Prix,covid,Charles Leclerc,Ferrari,13.0,18.0,0.0,Accident,86.026
2020,8,Italian Grand Prix,covid,Kevin Magnussen,Haas F1 Team,15.0,19.0,0.0,Power Unit,85.787
2020,8,Italian Grand Prix,covid,Sebastian Vettel,Ferrari,17.0,20.0,0.0,Brakes,87.107
2018,11,German Grand Prix,pre_covid,Lewis Hamilton,Mercedes,14.0,1.0,25.0,Finished,75.545
2018,11,German Grand Prix,pre_covid,Valtteri Bottas,Mercedes,2.0,2.0,18.0,Finished,75.721
2018,11,German Grand Prix,pre_covid,Kimi Räikkönen,Ferrari,3.0,3.0,15.0,Finished,75.99
2018,11,German Grand Prix,pre_covid,Max Verstappen,Red Bull Racing,4.0,4.0,12.0,Finished,75.852
2018,11,German Grand Prix,pre_covid,Nico Hulkenberg,Alpine,7.0,5.0,10.0,Finished,77.91
2018,11,German Grand Prix,pre_covid,Romain Grosjean,Haas F1 Team,6.0,6.0,8.0,Finished,76.716
2018,11,German Grand Prix,pre_covid,Sergio Perez,Aston Martin,10.0,7.0,6.0,Finished,77.867
2018,11,German Grand Prix,pre_covid,Esteban Ocon,Aston Martin,15.0,8.0,4.0,Finished,77.941
2018,11,German Grand Prix,pre_covid,Marcus Ericsson,Sauber,13.0,9.0,2.0,Finished,77.745
2018,11,German Grand Prix,pre_covid,Brendon Hartley,RB,17.0,10.0,1.0,Finished,77.681
2018,11,German Grand Prix,pre_covid,Kevin Magnussen,Haas F1 Team,5.0,11.0,0.0,Finished,77.697
2018,11,German Grand Prix,pre_covid,Carlos Sainz,Alpine,8.0,12.0,0.0,Finished,77.43
2018,11,German Grand Prix,pre_covid,Stoffel Vandoorne,McLaren,19.0,13.0,0.0,Finished,77.537
2018,11,German Grand Prix,pre_covid,Pierre Gasly,RB,16.0,14.0,0.0,+1 Lap,77.762
2018,11,German Grand Prix,pre_covid,Charles Leclerc,Sauber,9.0,15.0,0.0,+1 Lap,77.852
2018,11,German Grand Prix,pre_covid,Fernando Alonso,McLaren,11.0,16.0,0.0,Retired,77.741
2018,11,German Grand Prix,pre_covid,Lance Stroll,Williams,18.0,17.0,0.0,Engine,78.861
2018,11,German Grand Prix,pre_covid,Sebastian Vettel,Ferrari,1.0,18.0,0.0,Accident,77.29
2018,11,German Grand Prix,pre_covid,Sergey Sirotkin,Williams,12.0,19.0,0.0,Engine,78.934
2018,11,German Grand Prix,pre_covid,Daniel Ricciardo,Red Bull Racing,20.0,20.0,0.0,Engine,78.262
2020,15,Bahrain Grand Prix,covid,Lewis Hamilton,Mercedes,1.0,1.0,25.0,Finished,92.864
2020,15,Bahrain Grand Prix,covid,Max Verstappen,Red Bull Racing,3.0,2.0,19.0,Finished,92.014
2020,15,Bahrain Grand Prix,covid,Alexander Albon,Red Bull Racing,4.0,3.0,15.0,Finished,93.684
2020,15,Bahrain Grand Prix,covid,Lando Norris,McLaren,9.0,4.0,12.0,Finished,93.588
2020,15,Bahrain Grand Prix,covid,Carlos Sainz,McLaren,15.0,5.0,10.0,Finished,93.411
2020,15,Bahrain Grand Prix,covid,Pierre Gasly,RB,8.0,6.0,8.0,Finished,94.817
2020,15,Bahrain Grand Prix,covid,Daniel Ricciardo,Alpine,6.0,7.0,6.0,Finished,92.827
2020,15,Bahrain Grand Prix,covid,Valtteri Bottas,Mercedes,2.0,8.0,4.0,Finished,93.352
2020,15,Bahrain Grand Prix,covid,Esteban Ocon,Alpine,7.0,9.0,2.0,Finished,94.354
2020,15,Bahrain Grand Prix,covid,Charles Leclerc,Ferrari,12.0,10.0,1.0,+1 Lap,93.625
2020,15,Bahrain Grand Prix,covid,Daniil Kvyat,RB,10.0,11.0,0.0,+1 Lap,94.141
2020,15,Bahrain Grand Prix,covid,George Russell,Williams,14.0,12.0,0.0,+1 Lap,95.042
2020,15,Bahrain Grand Prix,covid,Sebastian Vettel,Ferrari,11.0,13.0,0.0,+1 Lap,93.861
2020,15,Bahrain Grand Prix,covid,Nicholas Latifi,Williams,20.0,14.0,0.0,+1 Lap,94.591
2020,15,Bahrain Grand Prix,covid,Kimi Räikkönen,Kick Sauber,17.0,15.0,0.0,+1 Lap,93.573
2020,15,Bahrain Grand Prix,covid,Antonio Giovinazzi,Kick Sauber,16.0,16.0,0.0,+1 Lap,94.536
2020,15,Bahrain Grand Prix,covid,Kevin Magnussen,Haas F1 Team,18.0,17.0,0.0,+1 Lap,95.241
2020,15,Bahrain Grand Prix,covid,Sergio Perez,Aston Martin,5.0,18.0,0.0,Engine,93.629
2020,15,Bahrain Grand Prix,covid,Lance Stroll,Aston Martin,13.0,19.0,0.0,Collision,165.807
2020,15,Bahrain Grand Prix,covid,Romain Grosjean,Haas F1 Team,19.0,20.0,0.0,Collision,
2022,10,British Grand Prix,post_covid,Carlos Sainz,Ferrari,1.0,1.0,25.0,Finished,90.813
2022,10,British Grand Prix,post_covid,Sergio Perez,Red Bull Racing,4.0,2.0,18.0,Finished,90.937
2022,10,British Grand Prix,post_covid,Lewis Hamilton,Mercedes,5.0,3.0,16.0,Finished,90.51
2022,10,British Grand Prix,post_covid,Charles Leclerc,Ferrari,3.0,4.0,12.0,Finished,91.282
2022,10,British Grand Prix,post_covid,Fernando Alonso,Alpine,7.0,5.0,10.0,Finished,91.609
2022,10,British Grand Prix,post_covid,Lando Norris,McLaren,6.0,6.0,8.0,Finished,91.645
2022,10,British Grand Prix,post_covid,Max Verstappen,Red Bull Racing,2.0,7.0,6.0,Finished,92.135
2022,10,British Grand Prix,post_covid,Mick Schumacher,Haas F1 Team,19.0,8.0,4.0,Finished,92.109
2022,10,British Grand Prix,post_covid,Sebastian Vettel,Aston Martin,18.0,9.0,2.0,Finished,92.471
2022,10,British Grand Prix,post_covid,Kevin Magnussen,Haas F1 Team,17.0,10.0,1.0,Finished,92.661
2022,10,British Grand Prix,post_covid,Lance Stroll,Aston Martin,20.0,11.0,0.0,Finished,92.379
2022,10,British Grand Prix,post_covid,Nicholas Latifi,Williams,10.0,12.0,0.0,Finished,93.286
2022,10,British Grand Prix,post_covid,Daniel Ricciardo,McLaren,14.0,13.0,0.0,Finished,92.644
2022,10,British Grand Prix,post_covid,Yuki Tsunoda,RB,13.0,14.0,0.0,Finished,93.832
2022,10,British Grand Prix,post_covid,Esteban Ocon,Alpine,15.0,15.0,0.0,Fuel pump,93.537
2022,10,British Grand Prix,post_covid,Pierre Gasly,RB,11.0,16.0,0.0,Collision damage,94.275
2022,10,British Grand Prix,post_covid,Valtteri Bottas,Kick Sauber,12.0,17.0,0.0,Gearbox,95.103
2022,10,British Grand Prix,post_covid,George Russell,Mercedes,8.0,18.0,0.0,Collision,
2022,10,British Grand Prix,post_covid,Guanyu Zhou,Kick Sauber,9.0,19.0,0.0,Collision,
2022,10,British Grand Prix,post_covid,Alexander Albon,Williams,16.0,20.0,0.0,Collision,
2025,19,United States Grand Prix,post_covid,Max Verstappen,Red Bull Racing,1.0,1.0,25.0,Finished,97.991
2025,19,United States Grand Prix,post_covid,Lando Norris,McLaren,2.0,2.0,18.0,Finished,97.62
2025,19,United States Grand Prix,post_covid,Charles Leclerc,Ferrari,3.0,3.0,15.0,Finished,98.231
2025,19,United States Grand Prix,post_covid,Lewis Hamilton,Ferrari,5.0,4.0,12.0,Finished,98.361
2025,19,United States Grand Prix,post_covid,Oscar Piastri,McLaren,6.0,5.0,10.0,Finished,98.564
2025,19,United States Grand Prix,post_covid,George Russell,Mercedes,4.0,6.0,8.0,Finished,98.224
2025,19,United States Grand Prix,post_covid,Yuki Tsunoda,Red Bull Racing,13.0,7.0,6.0,Finished,98.803
2025,19,United States Grand Prix,post_covid,Nico Hulkenberg,Kick Sauber,11.0,8.0,4.0,Finished,98.372
2025,19,United States Grand Prix,post_covid,Oliver Bearman,Haas F1 Team,8.0,9.0,2.0,Finished,99.119
2025,19,United States Grand Prix,post_covid,Fernando Alonso,Aston Martin,10.0,10.0,1.0,Finished,98.789
2025,19,United States Grand Prix,post_covid,Liam Lawson,Racing Bulls,12.0,11.0,0.0,Finished,98.983
2025,19,United States Grand Prix,post_covid,Lance Stroll,Aston Martin,19.0,12.0,0.0,Finished,99.071
2025,19,United States Grand Prix,post_covid,Andrea Kimi Antonelli,Mercedes,7.0,13.0,0.0,Finished,97.577
2025,19,United States Grand Prix,post_covid,Alexander Albon,Williams,18.0,14.0,0.0,Finished,98.328
2025,19,United States Grand Prix,post_covid,Esteban Ocon,Haas F1 Team,17.0,15.0,0.0,Finished,99.263
2025,19,United States Grand Prix,post_covid,Isack Hadjar,Racing Bulls,20.0,16.0,0.0,Finished,98.724
2025,19,United States Grand Prix,post_covid,Franco Colapinto,Alpine,15.0,17.0,0.0,Lapped,99.173
2025,19,United States Grand Prix,post_covid,Gabriel Bortoleto,Kick Sauber,16.0,18.0,0.0,Lapped,98.275
2025,19,United States Grand Prix,post_covid,Pierre Gasly,Alpine,14.0,19.0,0.0,Lapped,99.27
2025,19,United States Grand Prix,post_covid,Carlos Sainz,Williams,9.0,20.0,0.0,Retired,100.327
2025,24,Abu Dhabi Grand Prix,post_covid,Max Verstappen,Red Bull Racing,1.0,1.0,25.0,Finished,87.625
2025,24,Abu Dhabi Grand Prix,post_covid,Oscar Piastri,McLaren,3.0,2.0,18.0,Finished,86.765
2025,24,Abu Dhabi Grand Prix,post_covid,Lando Norris,McLaren,2.0,3.0,15.0,Finished,86.818
2025,24,Abu Dhabi Grand Prix,post_covid,Charles Leclerc,Ferrari,5.0,4.0,12.0,Finished,86.725
2025,24,Abu Dhabi Grand Prix,post_covid,George Russell,Mercedes,4.0,5.0,10.0,Finished,88.599
2025,24,Abu Dhabi Grand Prix,post_covid,Fernando Alonso,Aston Martin,6.0,6.0,8.0,Finished,88.279
2025,24,Abu Dhabi Grand Prix,post_covid,Esteban Ocon,Haas F1 Team,8.0,7.0,6.0,Finished,88.655
2025,24,Abu Dhabi Grand Prix,post_covid,Lewis Hamilton,Ferrari,16.0,8.0,4.0,Finished,88.094
2025,24,Abu Dhabi Grand Prix,post_covid,Nico Hulkenberg,Kick Sauber,18.0,9.0,2.0,Finished,87.05
2025,24,Abu Dhabi Grand Prix,post_covid,Lance Stroll,Aston Martin,15.0,10.0,1.0,Finished,87.626
2025,24,Abu Dhabi Grand Prix,post_covid,Gabriel Bortoleto,Kick Sauber,7.0,11.0,0.0,Finished,89.114
2025,24,Abu Dhabi Grand Prix,post_covid,Oliver Bearman,Haas F1 Team,11.0,12.0,0.0,Finished,88.976
2025,24,Abu Dhabi Grand Prix,post_covid,Carlos Sainz,Williams,12.0,13.0,0.0,Finished,89.052
2025,24,Abu Dhabi Grand Prix,post_covid,Yuki Tsunoda,Red Bull Racing,10.0,14.0,0.0,Finished,88.557
2025,24,Abu Dhabi Grand Prix,post_covid,Andrea Kimi Antonelli,Mercedes,14.0,15.0,0.0,Finished,88.029
2025,24,Abu Dhabi Grand Prix,post_covid,Alexander Albon,Williams,17.0,16.0,0.0,Finished,88.367
2025,24,Abu Dhabi Grand Prix,post_covid,Isack Hadjar,Racing Bulls,9.0,17.0,0.0,Lapped,89.375
2025,24,Abu Dhabi Grand Prix,post_covid,Liam Lawson,Racing Bulls,13.0,18.0,0.0,Lapped,88.886
2025,24,Abu Dhabi Grand Prix,post_covid,Pierre Gasly,Alpine,19.0,19.0,0.0,Lapped,87.767
2025,24,Abu Dhabi Grand Prix,post_covid,Franco Colapinto,Alpine,20.0,20.0,0.0,Lapped,87.71
2022,11,Austrian Grand Prix,post_covid,Charles Leclerc,Ferrari,2.0,1.0,25.0,Finished,67.583
2022,11,Austrian Grand Prix,post_covid,Max Verstappen,Red Bull Racing,1.0,2.0,19.0,Finished,67.275
2022,11,Austrian Grand Prix,post_covid,Lewis Hamilton,Mercedes,8.0,3.0,15.0,Finished,69.0
2022,11,Austrian Grand Prix,post_covid,George Russell,Mercedes,4.0,4.0,12.0,Finished,69.075
2022,11,Austrian Grand Prix,post_covid,Esteban Ocon,Alpine,6.0,5.0,10.0,Finished,69.559
2022,11,Austrian Grand Prix,post_covid,Mick Schumacher,Haas F1 Team,9.0,6.0,8.0,+1 Lap,69.625
2022,11,Austrian Grand Prix,post_covid,Lando Norris,McLaren,10.0,7.0,6.0,+1 Lap,69.304
2022,11,Austrian Grand Prix,post_covid,Kevin Magnussen,Haas F1 Team,7.0,8.0,4.0,+1 Lap,69.938
2022,11,Austrian Grand Prix,post_covid,Daniel Ricciardo,McLaren,11.0,9.0,2.0,+1 Lap,69.924
2022,11,Austrian Grand Prix,post_covid,Fernando Alonso,Alpine,19.0,10.0,1.0,+1 Lap,68.558
2022,11,Austrian Grand Prix,post_covid,Valtteri Bottas,Kick Sauber,0.0,11.0,0.0,+1 Lap,69.266
2022,11,Austrian Grand Prix,post_covid,Alexander Albon,Williams,15.0,12.0,0.0,+1 Lap,69.669
2022,11,Austrian Grand Prix,post_covid,Lance Stroll,Aston Martin,12.0,13.0,0.0,+1 Lap,70.004
2022,11,Austrian Grand Prix,post_covid,Guanyu Zhou,Kick Sauber,13.0,14.0,0.0,+1 Lap,69.38
2022,11,Austrian Grand Prix,post_covid,Pierre Gasly,RB,14.0,15.0,0.0,+1 Lap,70.104
2022,11,Austrian Grand Prix,post_covid,Yuki Tsunoda,RB,16.0,16.0,0.0,+1 Lap,70.023
2022,11,Austrian Grand Prix,post_covid,Sebastian Vettel,Aston Martin,18.0,17.0,0.0,+1 Lap,70.0
2022,11,Austrian Grand Prix,post_covid,Carlos Sainz,Ferrari,3.0,18.0,0.0,Power Unit,68.649
2022,11,Austrian Grand Prix,post_covid,Nicholas Latifi,Williams,17.0,19.0,0.0,Undertray,70.89
2022,11,Austrian Grand Prix,post_covid,Sergio Perez,Red Bull Racing,5.0,20.0,0.0,Collision damage,71.843
2025,18,Singapore Grand Prix,post_covid,George Russell,Mercedes,1.0,1.0,25.0,Finished,95.676
2025,18,Singapore Grand Prix,post_covid,Max Verstappen,Red Bull Racing,2.0,2.0,18.0,Finished,95.649
2025,18,Singapore Grand Prix,post_covid,Lando Norris,McLaren,5.0,3.0,15.0,Finished,95.555
2025,18,Singapore Grand Prix,post_covid,Oscar Piastri,McLaren,3.0,4.0,12.0,Finished,95.408
2025,18,Singapore Grand Prix,post_covid,Andrea Kimi Antonelli,Mercedes,4.0,5.0,10.0,Finished,95.303
2025,18,Singapore Grand Prix,post_covid,Charles Leclerc,Ferrari,7.0,6.0,8.0,Finished,95.983
2025,18,Singapore Grand Prix,post_covid,Fernando Alonso,Aston Martin,10.0,7.0,6.0,Finished,95.862
2025,18,Singapore Grand Prix,post_covid,Lewis Hamilton,Ferrari,6.0,8.0,4.0,Finished,93.808
2025,18,Singapore Grand Prix,post_covid,Oliver Bearman,Haas F1 Team,9.0,9.0,2.0,Finished,96.201
2025,18,Singapore Grand Prix,post_covid,Carlos Sainz,Williams,18.0,10.0,1.0,Lapped,94.963
2025,18,Singapore Grand Prix,post_covid,Isack Hadjar,Racing Bulls,8.0,11.0,0.0,Lapped,96.938
2025,18,Singapore Grand Prix,post_covid,Yuki Tsunoda,Red Bull Racing,13.0,12.0,0.0,Lapped,96.831
2025,18,Singapore Grand Prix,post_covid,Lance Stroll,Aston Martin,15.0,13.0,0.0,Lapped,95.851
2025,18,Singapore Grand Prix,post_covid,Alexander Albon,Williams,20.0,14.0,0.0,Lapped,95.648
2025,18,Singapore Grand Prix,post_covid,Liam Lawson,Racing Bulls,12.0,15.0,0.0,Lapped,95.641
2025,18,Singapore Grand Prix,post_covid,Franco Colapinto,Alpine,16.0,16.0,0.0,Lapped,97.182
2025,18,Singapore Grand Prix,post_covid,Gabriel Bortoleto,Kick Sauber,14.0,17.0,0.0,Lapped,97.126
2025,18,Singapore Grand Prix,post_covid,Esteban Ocon,Haas F1 Team,17.0,18.0,0.0,Lapped,96.646
2025,18,Singapore Grand Prix,post_covid,Pierre Gasly,Alpine,19.0,19.0,0.0,Lapped,94.573
2025,18,Singapore Grand Prix,post_covid,Nico Hulkenberg,Kick Sauber,11.0,20.0,0.0,Lapped,95.404
2020,14,Turkish Grand Prix,covid,Lewis Hamilton,Mercedes,6.0,1.0,25.0,Finished,99.413
2020,14,Turkish Grand Prix,covid,Sergio Perez,Aston Martin,3.0,2.0,18.0,Finished,100.392
2020,14,Turkish Grand Prix,covid,Sebastian Vettel,Ferrari,11.0,3.0,15.0,Finished,99.662
2020,14,Turkish Grand Prix,covid,Charles Leclerc,Ferrari,12.0,4.0,12.0,Finished,99.961
2020,14,Turkish Grand Prix,covid,Carlos Sainz,McLaren,15.0,5.0,10.0,Finished,98.754
2020,14,Turkish Grand Prix,covid,Max Verstappen,Red Bull Racing,2.0,6.0,8.0,Finished,98.431
2020,14,Turkish Grand Prix,covid,Alexander Albon,Red Bull Racing,4.0,7.0,6.0,Finished,99.099
2020,14,Turkish Grand Prix,covid,Lando Norris,McLaren,14.0,8.0,5.0,Finished,96.806
2020,14,Turkish Grand Prix,covid,Lance Stroll,Aston Martin,1.0,9.0,2.0,Finished,99.921
2020,14,Turkish Grand Prix,covid,Daniel Ricciardo,Alpine,5.0,10.0,1.0,Finished,100.677
2020,14,Turkish Grand Prix,covid,Esteban Ocon,Alpine,7.0,11.0,0.0,+1 Lap,101.006
2020,14,Turkish Grand Prix,covid,Daniil Kvyat,RB,16.0,12.0,0.0,+1 Lap,101.019
2020,14,Turkish Grand Prix,covid,Pierre Gasly,RB,19.0,13.0,0.0,+1 Lap,99.586
2020,14,Turkish Grand Prix,covid,Valtteri Bottas,Mercedes,9.0,14.0,0.0,+1 Lap,98.193
2020,14,Turkish Grand Prix,covid,Kimi Räikkönen,Kick Sauber,8.0,15.0,0.0,+1 Lap,99.743
2020,14,Turkish Grand Prix,covid,George Russell,Williams,0.0,16.0,0.0,+1 Lap,100.814
2020,14,Turkish Grand Prix,covid,Kevin Magnussen,Haas F1 Team,13.0,17.0,0.0,Withdrew,100.948
2020,14,Turkish Grand Prix,covid,Romain Grosjean,Haas F1 Team,17.0,18.0,0.0,Collision damage,103.281
2020,14,Turkish Grand Prix,covid,Nicholas Latifi,Williams,0.0,19.0,0.0,Collision damage,103.495
2020,14,Turkish Grand Prix,covid,Antonio Giovinazzi,Kick Sauber,10.0,20.0,0.0,Gearbox,111.122
2018,10,British Grand Prix,pre_covid,Sebastian Vettel,Ferrari,2.0,1.0,25.0,Finished,90.696
2018,10,British Grand Prix,pre_covid,Lewis Hamilton,Mercedes,1.0,2.0,18.0,Finished,91.245
2018,10,British Grand Prix,pre_covid,Kimi Räikkönen,Ferrari,3.0,3.0,15.0,Finished,90.795
2018,10,British Grand Prix,pre_covid,Valtteri Bottas,Mercedes,4.0,4.0,12.0,Finished,91.377
2018,10,British Grand Prix,pre_covid,Daniel Ricciardo,Red Bull Racing,6.0,5.0,10.0,Finished,91.589
2018,10,British Grand Prix,pre_covid,Nico Hulkenberg,Alpine,11.0,6.0,8.0,Finished,93.405
2018,10,British Grand Prix,pre_covid,Esteban Ocon,Aston Martin,10.0,7.0,6.0,Finished,93.606
2018,10,British Grand Prix,pre_covid,Fernando Alonso,McLaren,13.0,8.0,4.0,Finished,93.482
2018,10,British Grand Prix,pre_covid,Kevin Magnussen,Haas F1 Team,7.0,9.0,2.0,Finished,93.604
2018,10,British Grand Prix,pre_covid,Sergio Perez,Aston Martin,12.0,10.0,1.0,Finished,93.472
2018,10,British Grand Prix,pre_covid,Stoffel Vandoorne,McLaren,17.0,11.0,0.0,Finished,93.551
2018,10,British Grand Prix,pre_covid,Lance Stroll,Williams,19.0,12.0,0.0,Finished,93.869
2018,10,British Grand Prix,pre_covid,Pierre Gasly,RB,14.0,13.0,0.0,Finished,93.465
2018,10,British Grand Prix,pre_covid,Sergey Sirotkin,Williams,18.0,14.0,0.0,Finished,94.62
2018,10,British Grand Prix,pre_covid,Max Verstappen,Red Bull Racing,5.0,15.0,0.0,Brakes,92.007
2018,10,British Grand Prix,pre_covid,Romain Grosjean,Haas F1 Team,8.0,16.0,0.0,Collision,94.391
2018,10,British Grand Prix,pre_covid,Carlos Sainz,Alpine,16.0,17.0,0.0,Collision,94.602
2018,10,British Grand Prix,pre_covid,Marcus Ericsson,Sauber,15.0,18.0,0.0,Accident,93.675
2018,10,British Grand Prix,pre_covid,Charles Leclerc,Sauber,9.0,19.0,0.0,Tyre,95.209
2018,10,British Grand Prix,pre_covid,Brendon Hartley,RB,0.0,20.0,0.0,Power Unit,174.472
2020,9,Tuscan Grand Prix,covid,Lewis Hamilton,Mercedes,1.0,1.0,26.0,Finished,78.833
2020,9,Tuscan Grand Prix,covid,Valtteri Bottas,Mercedes,2.0,2.0,18.0,Finished,79.432
2020,9,Tuscan Grand Prix,covid,Alexander Albon,Red Bull Racing,4.0,3.0,15.0,Finished,80.039
2020,9,Tuscan Grand Prix,covid,Daniel Ricciardo,Alpine,8.0,4.0,12.0,Finished,80.426
2020,9,Tuscan Grand Prix,covid,Sergio Perez,Aston Martin,7.0,5.0,10.0,Finished,80.632
2020,9,Tuscan Grand Prix,covid,Lando Norris,McLaren,11.0,6.0,8.0,Finished,81.198
2020,9,Tuscan Grand Prix,covid,Daniil Kvyat,RB,12.0,7.0,6.0,Finished,81.458
2020,9,Tuscan Grand Prix,covid,Charles Leclerc,Ferrari,5.0,8.0,4.0,Finished,81.229
2020,9,Tuscan Grand Prix,covid,Kimi Räikkönen,Kick Sauber,13.0,9.0,2.0,Finished,81.164
2020,9,Tuscan Grand Prix,covid,Sebastian Vettel,Ferrari,14.0,10.0,1.0,Finished,81.202
2020,9,Tuscan Grand Prix,covid,George Russell,Williams,18.0,11.0,0.0,Finished,81.645
2020,9,Tuscan Grand Prix,covid,Romain Grosjean,Haas F1 Team,15.0,12.0,0.0,Finished,82.263
2020,9,Tuscan Grand Prix,covid,Lance Stroll,Aston Martin,6.0,13.0,0.0,Puncture,82.068
2020,9,Tuscan Grand Prix,covid,Esteban Ocon,Alpine,10.0,14.0,0.0,Brakes,123.478
2020,9,Tuscan Grand Prix,covid,Nicholas Latifi,Williams,19.0,15.0,0.0,Collision,129.418
2020,9,Tuscan Grand Prix,covid,Kevin Magnussen,Haas F1 Team,20.0,16.0,0.0,Collision,128.433
2020,9,Tuscan Grand Prix,covid,Antonio Giovinazzi,Kick Sauber,17.0,17.0,0.0,Collision,130.612
2020,9,Tuscan Grand Prix,covid,Carlos Sainz,McLaren,9.0,18.0,0.0,Collision,134.103
2020,9,Tuscan Grand Prix,covid,Max Verstappen,Red Bull Racing,3.0,19.0,0.0,Collision,
2020,9,Tuscan Grand Prix,covid,Pierre Gasly,RB,16.0,20.0,0.0,Collision,
2018,12,Hungarian Grand Prix,pre_covid,Lewis Hamilton,Mercedes,1.0,1.0,25.0,Finished,81.107
2018,12,Hungarian Grand Prix,pre_covid,Sebastian Vettel,Ferrari,4.0,2.0,18.0,Finished,80.056
2018,12,Hungarian Grand Prix,pre_covid,Kimi Räikkönen,Ferrari,3.0,3.0,15.0,Finished,80.292
2018,12,Hungarian Grand Prix,pre_covid,Daniel Ricciardo,Red Bull Racing,12.0,4.0,12.0,Finished,80.012
2018,12,Hungarian Grand Prix,pre_covid,Valtteri Bottas,Mercedes,2.0,5.0,10.0,Finished,81.736
2018,12,Hungarian Grand Prix,pre_covid,Pierre Gasly,RB,6.0,6.0,8.0,Finished,81.685
2018,12,Hungarian Grand Prix,pre_covid,Kevin Magnussen,Haas F1 Team,9.0,7.0,6.0,+1 Lap,81.302
2018,12,Hungarian Grand Prix,pre_covid,Fernando Alonso,McLaren,11.0,8.0,4.0,+1 Lap,82.09
2018,12,Hungarian Grand Prix,pre_covid,Carlos Sainz,Alpine,5.0,9.0,2.0,+1 Lap,82.774
2018,12,Hungarian Grand Prix,pre_covid,Romain Grosjean,Haas F1 Team,10.0,10.0,1.0,+1 Lap,82.606
2018,12,Hungarian Grand Prix,pre_covid,Brendon Hartley,RB,8.0,11.0,0.0,+1 Lap,82.612
2018,12,Hungarian Grand Prix,pre_covid,Nico Hulkenberg,Alpine,13.0,12.0,0.0,+1 Lap,81.261
2018,12,Hungarian Grand Prix,pre_covid,Esteban Ocon,Aston Martin,18.0,13.0,0.0,+1 Lap,82.876
2018,12,Hungarian Grand Prix,pre_covid,Sergio Perez,Aston Martin,19.0,14.0,0.0,+1 Lap,83.263
2018,12,Hungarian Grand Prix,pre_covid,Marcus Ericsson,Sauber,14.0,15.0,0.0,+2 Laps,83.671
2018,12,Hungarian Grand Prix,pre_covid,Sergey Sirotkin,Williams,20.0,16.0,0.0,+2 Laps,83.708
2018,12,Hungarian Grand Prix,pre_covid,Lance Stroll,Williams,15.0,17.0,0.0,+2 Laps,82.66
2018,12,Hungarian Grand Prix,pre_covid,Stoffel Vandoorne,McLaren,16.0,18.0,0.0,Gearbox,83.077
2018,12,Hungarian Grand Prix,pre_covid,Max Verstappen,Red Bull Racing,7.0,19.0,0.0,Power loss,83.985
2018,12,Hungarian Grand Prix,pre_covid,Charles Leclerc,Sauber,17.0,20.0,0.0,Suspension,
2020,16,Sakhir Grand Prix,covid,Sergio Perez,Aston Martin,5.0,1.0,25.0,Finished,56.789
2020,16,Sakhir Grand Prix,covid,Esteban Ocon,Alpine,11.0,2.0,18.0,Finished,57.35
2020,16,Sakhir Grand Prix,covid,Lance Stroll,Aston Martin,10.0,3.0,15.0,Finished,57.388
2020,16,Sakhir Grand Prix,covid,Carlos Sainz,McLaren,8.0,4.0,12.0,Finished,57.165
2020,16,Sakhir Grand Prix,covid,Daniel Ricciardo,Alpine,7.0,5.0,10.0,Finished,56.979
2020,16,Sakhir Grand Prix,covid,Alexander Albon,Red Bull Racing,12.0,6.0,8.0,Finished,57.056
2020,16,Sakhir Grand Prix,covid,Daniil Kvyat,RB,6.0,7.0,6.0,Finished,57.001
2020,16,Sakhir Grand Prix,covid,Valtteri Bottas,Mercedes,1.0,8.0,4.0,Finished,56.563
2020,16,Sakhir Grand Prix,covid,George Russell,Mercedes,2.0,9.0,3.0,Finished,55.404
2020,16,Sakhir Grand Prix,covid,Lando Norris,McLaren,19.0,10.0,1.0,Finished,57.27
2020,16,Sakhir Grand Prix,covid,Pierre Gasly,RB,9.0,11.0,0.0,Finished,57.22
2020,16,Sakhir Grand Prix,covid,Sebastian Vettel,Ferrari,13.0,12.0,0.0,Finished,56.905
2020,16,Sakhir Grand Prix,covid,Antonio Giovinazzi,Kick Sauber,14.0,13.0,0.0,Finished,56.887
2020,16,Sakhir Grand Prix,covid,Kimi Räikkönen,Kick Sauber,18.0,14.0,0.0,Finished,57.375
2020,16,Sakhir Grand Prix,covid,Kevin Magnussen,Haas F1 Team,15.0,15.0,0.0,Finished,57.516
2020,16,Sakhir Grand Prix,covid,Jack Aitken,Williams,17.0,16.0,0.0,Finished,57.392
2020,16,Sakhir Grand Prix,covid,Pietro Fittipaldi,Haas F1 Team,20.0,17.0,0.0,Finished,57.742
2020,16,Sakhir Grand Prix,covid,Nicholas Latifi,Williams,16.0,18.0,0.0,Engine,58.206
2020,16,Sakhir Grand Prix,covid,Max Verstappen,Red Bull Racing,3.0,19.0,0.0,Accident,
2020,16,Sakhir Grand Prix,covid,Charles Leclerc,Ferrari,4.0,20.0,0.0,Collision,
2022,9,Canadian Grand Prix,post_covid,Max Verstappen,Red Bull Racing,1.0,1.0,25.0,Finished,75.839
2022,9,Canadian Grand Prix,post_covid,Carlos Sainz,Ferrari,3.0,2.0,19.0,Finished,75.749
2022,9,Canadian Grand Prix,post_covid,Lewis Hamilton,Mercedes,4.0,3.0,15.0,Finished,76.167
2022,9,Canadian Grand Prix,post_covid,George Russell,Mercedes,8.0,4.0,12.0,Finished,76.418
2022,9,Canadian Grand Prix,post_covid,Charles Leclerc,Ferrari,19.0,5.0,10.0,Finished,75.901
2022,9,Canadian Grand Prix,post_covid,Esteban Ocon,Alpine,7.0,6.0,8.0,Finished,77.11
2022,9,Canadian Grand Prix,post_covid,Valtteri Bottas,Kick Sauber,11.0,7.0,6.0,Finished,76.927
2022,9,Canadian Grand Prix,post_covid,Guanyu Zhou,Kick Sauber,10.0,8.0,4.0,Finished,76.578
2022,9,Canadian Grand Prix,post_covid,Fernando Alonso,Alpine,2.0,9.0,2.0,Finished,77.01
2022,9,Canadian Grand Prix,post_covid,Lance Stroll,Aston Martin,17.0,10.0,1.0,Finished,77.421
2022,9,Canadian Grand Prix,post_covid,Daniel Ricciardo,McLaren,9.0,11.0,0.0,Finished,77.932
2022,9,Canadian Grand Prix,post_covid,Sebastian Vettel,Aston Martin,16.0,12.0,0.0,Finished,77.956
2022,9,Canadian Grand Prix,post_covid,Alexander Albon,Williams,12.0,13.0,0.0,Finished,77.951
2022,9,Canadian Grand Prix,post_covid,Pierre Gasly,RB,15.0,14.0,0.0,Finished,77.81
2022,9,Canadian Grand Prix,post_covid,Lando Norris,McLaren,14.0,15.0,0.0,Finished,77.495
2022,9,Canadian Grand Prix,post_covid,Nicholas Latifi,Williams,18.0,16.0,0.0,Finished,78.54
2022,9,Canadian Grand Prix,post_covid,Kevin Magnussen,Haas F1 Team,5.0,17.0,0.0,Finished,78.046
2022,9,Canadian Grand Prix,post_covid,Yuki Tsunoda,RB,20.0,18.0,0.0,Accident,78.309
2022,9,Canadian Grand Prix,post_covid,Mick Schumacher,Haas F1 Team,6.0,19.0,0.0,Engine,78.967
2022,9,Canadian Grand Prix,post_covid,Sergio Perez,Red Bull Racing,13.0,20.0,0.0,Gearbox,78.844
2022,13,Hungarian Grand Prix,post_covid,Max Verstappen,Red Bull Racing,10.0,1.0,25.0,Finished,82.126
2022,13,Hungarian Grand Prix,post_covid,Lewis Hamilton,Mercedes,7.0,2.0,19.0,Finished,81.386
2022,13,Hungarian Grand Prix,post_covid,George Russell,Mercedes,1.0,3.0,15.0,Finished,82.766
2022,13,Hungarian Grand Prix,post_covid,Carlos Sainz,Ferrari,2.0,4.0,12.0,Finished,82.0
2022,13,Hungarian Grand Prix,post_covid,Sergio Perez,Red Bull Racing,11.0,5.0,10.0,Finished,81.94
2022,13,Hungarian Grand Prix,post_covid,Charles Leclerc,Ferrari,3.0,6.0,8.0,Finished,81.622
2022,13,Hungarian Grand Prix,post_covid,Lando Norris,McLaren,4.0,7.0,6.0,Finished,83.043
2022,13,Hungarian Grand Prix,post_covid,Fernando Alonso,Alpine,6.0,8.0,4.0,+1 Lap,83.979
2022,13,Hungarian Grand Prix,post_covid,Esteban Ocon,Alpine,5.0,9.0,2.0,+1 Lap,84.149
2022,13,Hungarian Grand Prix,post_covid,Sebastian Vettel,Aston Martin,18.0,10.0,1.0,+1 Lap,82.824
2022,13,Hungarian Grand Prix,post_covid,Lance Stroll,Aston Martin,14.0,11.0,0.0,+1 Lap,82.437
2022,13,Hungarian Grand Prix,post_covid,Pierre Gasly,RB,0.0,12.0,0.0,+1 Lap,83.199
2022,13,Hungarian Grand Prix,post_covid,Guanyu Zhou,Kick Sauber,12.0,13.0,0.0,+1 Lap,82.029
2022,13,Hungarian Grand Prix,post_covid,Mick Schumacher,Haas F1 Team,15.0,14.0,0.0,+1 Lap,83.151
2022,13,Hungarian Grand Prix,post_covid,Daniel Ricciardo,McLaren,9.0,15.0,0.0,+1 Lap,83.59
2022,13,Hungarian Grand Prix,post_covid,Kevin Magnussen,Haas F1 Team,13.0,16.0,0.0,+1 Lap,83.511
2022,13,Hungarian Grand Prix,post_covid,Alexander Albon,Williams,17.0,17.0,0.0,+1 Lap,83.047
2022,13,Hungarian Grand Prix,post_covid,Nicholas Latifi,Williams,19.0,18.0,0.0,+1 Lap,82.478
2022,13,Hungarian Grand Prix,post_covid,Yuki Tsunoda,RB,16.0,19.0,0.0,+2 Laps,83.538
2022,13,Hungarian Grand Prix,post_covid,Valtteri Bottas,Kick Sauber,8.0,20.0,0.0,Power Unit,84.002
2022,12,French Grand Prix,post_covid,Max Verstappen,Red Bull Racing,2.0,1.0,25.0,Finished,97.491
2022,12,French Grand Prix,post_covid,Lewis Hamilton,Mercedes,4.0,2.0,18.0,Finished,97.668
2022,12,French Grand Prix,post_covid,George Russell,Mercedes,6.0,3.0,15.0,Finished,97.548
2022,12,French Grand Prix,post_covid,Sergio Perez,Red Bull Racing,3.0,4.0,12.0,Finished,97.78
2022,12,French Grand Prix,post_covid,Carlos Sainz,Ferrari,19.0,5.0,11.0,Finished,95.781
2022,12,French Grand Prix,post_covid,Fernando Alonso,Alpine,7.0,6.0,8.0,Finished,98.16
2022,12,French Grand Prix,post_covid,Lando Norris,McLaren,5.0,7.0,6.0,Finished,98.985
2022,12,French Grand Prix,post_covid,Esteban Ocon,Alpine,10.0,8.0,4.0,Finished,98.684
2022,12,French Grand Prix,post_covid,Daniel Ricciardo,McLaren,9.0,9.0,2.0,Finished,99.133
2022,12,French Grand Prix,post_covid,Lance Stroll,Aston Martin,15.0,10.0,1.0,Finished,99.185
2022,12,French Grand Prix,post_covid,Sebastian Vettel,Aston Martin,12.0,11.0,0.0,Finished,99.044
2022,12,French Grand Prix,post_covid,Pierre Gasly,RB,14.0,12.0,0.0,Finished,98.786
2022,12,French Grand Prix,post_covid,Alexander Albon,Williams,13.0,13.0,0.0,Finished,99.199
2022,12,French Grand Prix,post_covid,Valtteri Bottas,Kick Sauber,11.0,14.0,0.0,Finished,97.963
2022,12,French Grand Prix,post_covid,Mick Schumacher,Haas F1 Team,17.0,15.0,0.0,Finished,99.068
2022,12,French Grand Prix,post_covid,Guanyu Zhou,Kick Sauber,16.0,16.0,0.0,+6 Laps,99.368
2022,12,French Grand Prix,post_covid,Nicholas Latifi,Williams,18.0,17.0,0.0,Collision damage,99.65
2022,12,French Grand Prix,post_covid,Kevin Magnussen,Haas F1 Team,20.0,18.0,0.0,Collision damage,99.265
2022,12,French Grand Prix,post_covid,Charles Leclerc,Ferrari,1.0,19.0,0.0,Accident,98.088
2022,12,French Grand Prix,post_covid,Yuki Tsunoda,RB,8.0,20.0,0.0,Undertray,100.216
2022,8,Azerbaijan Grand Prix,post_covid,Max Verstappen,Red Bull Racing,3.0,1.0,25.0,Finished,106.05
2022,8,Azerbaijan Grand Prix,post_covid,Sergio Perez,Red Bull Racing,2.0,2.0,19.0,Finished,106.046
2022,8,Azerbaijan Grand Prix,post_covid,George Russell,Mercedes,5.0,3.0,15.0,Finished,107.177
2022,8,Azerbaijan Grand Prix,post_covid,Lewis Hamilton,Mercedes,7.0,4.0,12.0,Finished,107.044
2022,8,Azerbaijan Grand Prix,post_covid,Pierre Gasly,RB,6.0,5.0,10.0,Finished,108.519
2022,8,Azerbaijan Grand Prix,post_covid,Sebastian Vettel,Aston Martin,9.0,6.0,8.0,Finished,108.206
2022,8,Azerbaijan Grand Prix,post_covid,Fernando Alonso,Alpine,10.0,7.0,6.0,Finished,107.989
2022,8,Azerbaijan Grand Prix,post_covid,Daniel Ricciardo,McLaren,12.0,8.0,4.0,Finished,108.276
2022,8,Azerbaijan Grand Prix,post_covid,Lando Norris,McLaren,11.0,9.0,2.0,Finished,107.997
2022,8,Azerbaijan Grand Prix,post_covid,Esteban Ocon,Alpine,13.0,10.0,1.0,Finished,108.297
2022,8,Azerbaijan Grand Prix,post_covid,Valtteri Bottas,Kick Sauber,15.0,11.0,0.0,+1 Lap,108.179
2022,8,Azerbaijan Grand Prix,post_covid,Alexander Albon,Williams,17.0,12.0,0.0,+1 Lap,107.966
2022,8,Azerbaijan Grand Prix,post_covid,Yuki Tsunoda,RB,8.0,13.0,0.0,+1 Lap,107.523
2022,8,Azerbaijan Grand Prix,post_covid,Mick Schumacher,Haas F1 Team,20.0,14.0,0.0,+1 Lap,108.41
2022,8,Azerbaijan Grand Prix,post_covid,Nicholas Latifi,Williams,18.0,15.0,0.0,+1 Lap,109.583
2022,8,Azerbaijan Grand Prix,post_covid,Lance Stroll,Aston Martin,19.0,16.0,0.0,Vibrations,108.038
2022,8,Azerbaijan Grand Prix,post_covid,Kevin Magnussen,Haas F1 Team,16.0,17.0,0.0,Power Unit,108.789
2022,8,Azerbaijan Grand Prix,post_covid,Guanyu Zhou,Kick Sauber,14.0,18.0,0.0,Hydraulics,108.723
2022,8,Azerbaijan Grand Prix,post_covid,Charles Leclerc,Ferrari,1.0,19.0,0.0,Power Unit,107.531
2022,8,Azerbaijan Grand Prix,post_covid,Carlos Sainz,Ferrari,4.0,20.0,0.0,Hydraulics,108.978
2020,17,Abu Dhabi Grand Prix,covid,Max Verstappen,Red Bull Racing,1.0,1.0,25.0,Finished,100.958
2020,17,Abu Dhabi Grand Prix,covid,Valtteri Bottas,Mercedes,2.0,2.0,18.0,Finished,101.131
2020,17,Abu Dhabi Grand Prix,covid,Lewis Hamilton,Mercedes,3.0,3.0,15.0,Finished,101.42
2020,17,Abu Dhabi Grand Prix,covid,Alexander Albon,Red Bull Racing,5.0,4.0,12.0,Finished,101.227
2020,17,Abu Dhabi Grand Prix,covid,Lando Norris,McLaren,4.0,5.0,10.0,Finished,101.964
2020,17,Abu Dhabi Grand Prix,covid,Carlos Sainz,McLaren,6.0,6.0,8.0,Finished,101.947
2020,17,Abu Dhabi Grand Prix,covid,Daniel Ricciardo,Alpine,11.0,7.0,7.0,Finished,100.926
2020,17,Abu Dhabi Grand Prix,covid,Pierre Gasly,RB,9.0,8.0,4.0,Finished,102.474
2020,17,Abu Dhabi Grand Prix,covid,Esteban Ocon,Alpine,10.0,9.0,2.0,Finished,102.894
2020,17,Abu Dhabi Grand Prix,covid,Lance Stroll,Aston Martin,8.0,10.0,1.0,Finished,101.866
2020,17,Abu Dhabi Grand Prix,covid,Daniil Kvyat,RB,7.0,11.0,0.0,+1 Lap,102.704
2020,17,Abu Dhabi Grand Prix,covid,Kimi Räikkönen,Kick Sauber,15.0,12.0,0.0,+1 Lap,102.148
2020,17,Abu Dhabi Grand Prix,covid,Charles Leclerc,Ferrari,12.0,13.0,0.0,+1 Lap,101.908
2020,17,Abu Dhabi Grand Prix,covid,Sebastian Vettel,Ferrari,13.0,14.0,0.0,+1 Lap,101.475
2020,17,Abu Dhabi Grand Prix,covid,George Russell,Williams,16.0,15.0,0.0,+1 Lap,103.328
2020,17,Abu Dhabi Grand Prix,covid,Antonio Giovinazzi,Kick Sauber,14.0,16.0,0.0,+1 Lap,101.675
2020,17,Abu Dhabi Grand Prix,covid,Nicholas Latifi,Williams,18.0,17.0,0.0,+1 Lap,102.497
2020,17,Abu Dhabi Grand Prix,covid,Kevin Magnussen,Haas F1 Team,20.0,18.0,0.0,+1 Lap,101.999
2020,17,Abu Dhabi Grand Prix,covid,Pietro Fittipaldi,Haas F1 Team,17.0,19.0,0.0,+2 Laps,101.707
2020,17,Abu Dhabi Grand Prix,covid,Sergio Perez,Aston Martin,19.0,20.0,0.0,Transmission,103.263
2018,13,Belgian Grand Prix,pre_covid,Sebastian Vettel,Ferrari,2.0,1.0,25.0,Finished,106.644
2018,13,Belgian Grand Prix,pre_covid,Lewis Hamilton,Mercedes,1.0,2.0,18.0,Finished,106.721
2018,13,Belgian Grand Prix,pre_covid,Max Verstappen,Red Bull Racing,7.0,3.0,15.0,Finished,106.946
2018,13,Belgian Grand Prix,pre_covid,Valtteri Bottas,Mercedes,19.0,4.0,12.0,Finished,106.286
2018,13,Belgian Grand Prix,pre_covid,Sergio Perez,Aston Martin,4.0,5.0,10.0,Finished,108.08
2018,13,Belgian Grand Prix,pre_covid,Esteban Ocon,Aston Martin,3.0,6.0,8.0,Finished,108.078
2018,13,Belgian Grand Prix,pre_covid,Romain Grosjean,Haas F1 Team,5.0,7.0,6.0,Finished,108.283
2018,13,Belgian Grand Prix,pre_covid,Kevin Magnussen,Haas F1 Team,9.0,8.0,4.0,Finished,107.937
2018,13,Belgian Grand Prix,pre_covid,Pierre Gasly,RB,10.0,9.0,2.0,Finished,108.588
2018,13,Belgian Grand Prix,pre_covid,Marcus Ericsson,Sauber,13.0,10.0,1.0,+1 Lap,108.694
2018,13,Belgian Grand Prix,pre_covid,Carlos Sainz,Alpine,14.0,11.0,0.0,+1 Lap,108.67
2018,13,Belgian Grand Prix,pre_covid,Sergey Sirotkin,Williams,16.0,12.0,0.0,+1 Lap,109.113
2018,13,Belgian Grand Prix,pre_covid,Lance Stroll,Williams,17.0,13.0,0.0,+1 Lap,109.287
2018,13,Belgian Grand Prix,pre_covid,Brendon Hartley,RB,11.0,14.0,0.0,+1 Lap,108.756
2018,13,Belgian Grand Prix,pre_covid,Stoffel Vandoorne,McLaren,18.0,15.0,0.0,+1 Lap,108.956
2018,13,Belgian Grand Prix,pre_covid,Daniel Ricciardo,Red Bull Racing,8.0,16.0,0.0,Retired,109.242
2018,13,Belgian Grand Prix,pre_covid,Kimi Räikkönen,Ferrari,6.0,17.0,0.0,Brakes,114.32
2018,13,Belgian Grand Prix,pre_covid,Charles Leclerc,Sauber,12.0,18.0,0.0,Accident,
2018,13,Belgian Grand Prix,pre_covid,Fernando Alonso,McLaren,15.0,19.0,0.0,Accident,
2018,13,Belgian Grand Prix,pre_covid,Nico Hulkenberg,Alpine,20.0,20.0,0.0,Accident,
2023,21,Las Vegas Grand Prix,post_covid,Max Verstappen,Red Bull Racing,2.0,1.0,25.0,Finished,95.614
2023,21,Las Vegas Grand Prix,post_covid,Charles Leclerc,Ferrari,1.0,2.0,18.0,Finished,95.669
2023,21,Las Vegas Grand Prix,post_covid,Sergio Perez,Red Bull Racing,11.0,3.0,15.0,Finished,95.939
2023,21,Las Vegas Grand Prix,post_covid,Esteban Ocon,Alpine,16.0,4.0,12.0,Finished,96.637
2023,21,Las Vegas Grand Prix,post_covid,Lance Stroll,Aston Martin,19.0,5.0,10.0,Finished,96.584
2023,21,Las Vegas Grand Prix,post_covid,Carlos Sainz,Ferrari,12.0,6.0,8.0,Finished,95.984
2023,21,Las Vegas Grand Prix,post_covid,Lewis Hamilton,Mercedes,10.0,7.0,6.0,Finished,95.716
2023,21,Las Vegas Grand Prix,post_covid,George Russell,Mercedes,3.0,8.0,4.0,Finished,96.071
2023,21,Las Vegas Grand Prix,post_covid,Fernando Alonso,Aston Martin,9.0,9.0,2.0,Finished,96.559
2023,21,Las Vegas Grand Prix,post_covid,Oscar Piastri,McLaren,18.0,10.0,2.0,Finished,95.49
2023,21,Las Vegas Grand Prix,post_covid,Pierre Gasly,Alpine,4.0,11.0,0.0,Finished,96.913
2023,21,Las Vegas Grand Prix,post_covid,Alexander Albon,Williams,5.0,12.0,0.0,Finished,97.357
2023,21,Las Vegas Grand Prix,post_covid,Kevin Magnussen,Haas F1 Team,8.0,13.0,0.0,Finished,97.455
2023,21,Las Vegas Grand Prix,post_covid,Daniel Ricciardo,RB,14.0,14.0,0.0,Finished,97.108
2023,21,Las Vegas Grand Prix,post_covid,Guanyu Zhou,Kick Sauber,17.0,15.0,0.0,Finished,97.375
2023,21,Las Vegas Grand Prix,post_covid,Logan Sargeant,Williams,6.0,16.0,0.0,Finished,97.74
2023,21,Las Vegas Grand Prix,post_covid,Valtteri Bottas,Kick Sauber,7.0,17.0,0.0,Finished,97.562
2023,21,Las Vegas Grand Prix,post_covid,Yuki Tsunoda,RB,20.0,18.0,0.0,Retired,97.587
2023,21,Las Vegas Grand Prix,post_covid,Nico Hulkenberg,Haas F1 Team,13.0,19.0,0.0,Retired,97.565
2023,21,Las Vegas Grand Prix,post_covid,Lando Norris,McLaren,15.0,20.0,0.0,Retired,119.327
2024,14,Belgian Grand Prix,post_covid,Lewis Hamilton,Mercedes,3.0,1.0,25.0,Finished,106.653
2024,14,Belgian Grand Prix,post_covid,Oscar Piastri,McLaren,5.0,2.0,18.0,Finished,105.84
2024,14,Belgian Grand Prix,post_covid,Charles Leclerc,Ferrari,1.0,3.0,15.0,Finished,107.013
2024,14,Belgian Grand Prix,post_covid,Max Verstappen,Red Bull Racing,11.0,4.0,12.0,Finished,106.128
2024,14,Belgian Grand Prix,post_covid,Lando Norris,McLaren,4.0,5.0,10.0,Finished,105.563
2024,14,Belgian Grand Prix,post_covid,Carlos Sainz,Ferrari,7.0,6.0,8.0,Finished,106.364
2024,14,Belgian Grand Prix,post_covid,Sergio Perez,Red Bull Racing,2.0,7.0,7.0,Finished,104.701
2024,14,Belgian Grand Prix,post_covid,Fernando Alonso,Aston Martin,8.0,8.0,4.0,Finished,108.051
2024,14,Belgian Grand Prix,post_covid,Esteban Ocon,Alpine,9.0,9.0,2.0,Finished,106.957
2024,14,Belgian Grand Prix,post_covid,Daniel Ricciardo,RB,13.0,10.0,1.0,Finished,107.435
2024,14,Belgian Grand Prix,post_covid,Lance Stroll,Aston Martin,15.0,11.0,0.0,Finished,108.105
2024,14,Belgian Grand Prix,post_covid,Alexander Albon,Williams,10.0,12.0,0.0,Finished,107.996
2024,14,Belgian Grand Prix,post_covid,Pierre Gasly,Alpine,12.0,13.0,0.0,Finished,107.418
2024,14,Belgian Grand Prix,post_covid,Kevin Magnussen,Haas F1 Team,17.0,14.0,0.0,Finished,107.848
2024,14,Belgian Grand Prix,post_covid,Valtteri Bottas,Kick Sauber,14.0,15.0,0.0,Finished,107.019
2024,14,Belgian Grand Prix,post_covid,Yuki Tsunoda,RB,20.0,16.0,0.0,Finished,107.969
2024,14,Belgian Grand Prix,post_covid,Logan Sargeant,Williams,18.0,17.0,0.0,Finished,107.49
2024,14,Belgian Grand Prix,post_covid,Nico Hulkenberg,Haas F1 Team,16.0,18.0,0.0,Finished,108.954
2024,14,Belgian Grand Prix,post_covid,Guanyu Zhou,Kick Sauber,19.0,19.0,0.0,Retired,112.099
2024,14,Belgian Grand Prix,post_covid,George Russell,Mercedes,6.0,20.0,0.0,Disqualified,107.113
2025,9,Spanish Grand Prix,post_covid,Oscar Piastri,McLaren,1.0,1.0,25.0,Finished,75.743
2025,9,Spanish Grand Prix,post_covid,Lando Norris,McLaren,2.0,2.0,18.0,Finished,76.187
2025,9,Spanish Grand Prix,post_covid,Charles Leclerc,Ferrari,7.0,3.0,15.0,Finished,77.259
2025,9,Spanish Grand Prix,post_covid,George Russell,Mercedes,4.0,4.0,12.0,Finished,77.244
2025,9,Spanish Grand Prix,post_covid,Nico Hulkenberg,Kick Sauber,15.0,5.0,10.0,Finished,77.575
2025,9,Spanish Grand Prix,post_covid,Lewis Hamilton,Ferrari,5.0,6.0,8.0,Finished,77.706
2025,9,Spanish Grand Prix,post_covid,Isack Hadjar,Racing Bulls,9.0,7.0,6.0,Finished,77.77
2025,9,Spanish Grand Prix,post_covid,Pierre Gasly,Alpine,8.0,8.0,4.0,Finished,77.896
2025,9,Spanish Grand Prix,post_covid,Fernando Alonso,Aston Martin,10.0,9.0,2.0,Finished,78.128
2025,9,Spanish Grand Prix,post_covid,Max Verstappen,Red Bull Racing,3.0,10.0,1.0,Finished,77.019
2025,9,Spanish Grand Prix,post_covid,Liam Lawson,Racing Bulls,13.0,11.0,0.0,Finished,79.424
2025,9,Spanish Grand Prix,post_covid,Gabriel Bortoleto,Kick Sauber,12.0,12.0,0.0,Finished,78.297
2025,9,Spanish Grand Prix,post_covid,Yuki Tsunoda,Red Bull Racing,19.0,13.0,0.0,Finished,77.998
2025,9,Spanish Grand Prix,post_covid,Carlos Sainz,Williams,17.0,14.0,0.0,Finished,79.317
2025,9,Spanish Grand Prix,post_covid,Franco Colapinto,Alpine,18.0,15.0,0.0,Finished,78.353
2025,9,Spanish Grand Prix,post_covid,Esteban Ocon,Haas F1 Team,16.0,16.0,0.0,Finished,78.624
2025,9,Spanish Grand Prix,post_covid,Oliver Bearman,Haas F1 Team,14.0,17.0,0.0,Finished,78.907
2025,9,Spanish Grand Prix,post_covid,Andrea Kimi Antonelli,Mercedes,6.0,18.0,0.0,Retired,78.255
2025,9,Spanish Grand Prix,post_covid,Alexander Albon,Williams,11.0,19.0,0.0,Retired,80.508
2018,9,Austrian Grand Prix,pre_covid,Max Verstappen,Red Bull Racing,4.0,1.0,25.0,Finished,67.442
2018,9,Austrian Grand Prix,pre_covid,Kimi Räikkönen,Ferrari,3.0,2.0,18.0,Finished,66.957
2018,9,Austrian Grand Prix,pre_covid,Sebastian Vettel,Ferrari,6.0,3.0,15.0,Finished,67.082
2018,9,Austrian Grand Prix,pre_covid,Romain Grosjean,Haas F1 Team,5.0,4.0,12.0,+1 Lap,69.071
2018,9,Austrian Grand Prix,pre_covid,Kevin Magnussen,Haas F1 Team,8.0,5.0,10.0,+1 Lap,68.476
2018,9,Austrian Grand Prix,pre_covid,Esteban Ocon,Aston Martin,11.0,6.0,8.0,+1 Lap,68.85
2018,9,Austrian Grand Prix,pre_covid,Sergio Perez,Aston Martin,16.0,7.0,6.0,+1 Lap,68.504
2018,9,Austrian Grand Prix,pre_covid,Fernando Alonso,McLaren,13.0,8.0,4.0,+1 Lap,68.661
2018,9,Austrian Grand Prix,pre_covid,Charles Leclerc,Sauber,18.0,9.0,2.0,+1 Lap,69.006
2018,9,Austrian Grand Prix,pre_covid,Marcus Ericsson,Sauber,20.0,10.0,1.0,+1 Lap,68.216
2018,9,Austrian Grand Prix,pre_covid,Pierre Gasly,RB,12.0,11.0,0.0,+1 Lap,69.295
2018,9,Austrian Grand Prix,pre_covid,Carlos Sainz,Alpine,9.0,12.0,0.0,+1 Lap,68.766
2018,9,Austrian Grand Prix,pre_covid,Sergey Sirotkin,Williams,17.0,13.0,0.0,+2 Laps,68.971
2018,9,Austrian Grand Prix,pre_covid,Lance Stroll,Williams,14.0,14.0,0.0,+2 Laps,69.203
2018,9,Austrian Grand Prix,pre_covid,Stoffel Vandoorne,McLaren,15.0,15.0,0.0,Collision damage,68.894
2018,9,Austrian Grand Prix,pre_covid,Lewis Hamilton,Mercedes,2.0,16.0,0.0,Fuel pressure,67.241
2018,9,Austrian Grand Prix,pre_covid,Brendon Hartley,RB,19.0,17.0,0.0,Hydraulics,69.171
2018,9,Austrian Grand Prix,pre_covid,Daniel Ricciardo,Red Bull Racing,7.0,18.0,0.0,Exhaust,67.591
2018,9,Austrian Grand Prix,pre_covid,Valtteri Bottas,Mercedes,1.0,19.0,0.0,Hydraulics,69.044
2018,9,Austrian Grand Prix,pre_covid,Nico Hulkenberg,Alpine,10.0,20.0,0.0,Engine,70.38
2019,20,Brazilian Grand Prix,pre_covid,Max Verstappen,Red Bull Racing,1.0,1.0,25.0,Finished,70.862
2019,20,Brazilian Grand Prix,pre_covid,Pierre Gasly,RB,6.0,2.0,18.0,Finished,72.425
2019,20,Brazilian Grand Prix,pre_covid,Carlos Sainz,McLaren,20.0,3.0,15.0,Finished,73.158
2019,20,Brazilian Grand Prix,pre_covid,Kimi Räikkönen,Kick Sauber,8.0,4.0,12.0,Finished,73.135
2019,20,Brazilian Grand Prix,pre_covid,Antonio Giovinazzi,Kick Sauber,12.0,5.0,10.0,Finished,73.02
2019,20,Brazilian Grand Prix,pre_covid,Daniel Ricciardo,Alpine,11.0,6.0,8.0,Finished,72.733
2019,20,Brazilian Grand Prix,pre_covid,Lewis Hamilton,Mercedes,3.0,7.0,6.0,Finished,71.082
2019,20,Brazilian Grand Prix,pre_covid,Lando Norris,McLaren,10.0,8.0,4.0,Finished,72.328
2019,20,Brazilian Grand Prix,pre_covid,Sergio Perez,Aston Martin,15.0,9.0,2.0,Finished,72.84
2019,20,Brazilian Grand Prix,pre_covid,Daniil Kvyat,RB,16.0,10.0,1.0,Finished,72.385
2019,20,Brazilian Grand Prix,pre_covid,Kevin Magnussen,Haas F1 Team,9.0,11.0,0.0,Finished,73.262
2019,20,Brazilian Grand Prix,pre_covid,George Russell,Williams,18.0,12.0,0.0,Finished,73.752
2019,20,Brazilian Grand Prix,pre_covid,Romain Grosjean,Haas F1 Team,7.0,13.0,0.0,Finished,73.619
2019,20,Brazilian Grand Prix,pre_covid,Alexander Albon,Red Bull Racing,5.0,14.0,0.0,Finished,71.087
2019,20,Brazilian Grand Prix,pre_covid,Nico Hulkenberg,Alpine,13.0,15.0,0.0,Finished,72.934
2019,20,Brazilian Grand Prix,pre_covid,Robert Kubica,Williams,19.0,16.0,0.0,+1 Lap,74.553
2019,20,Brazilian Grand Prix,pre_covid,Sebastian Vettel,Ferrari,2.0,17.0,0.0,Collision,71.384
2019,20,Brazilian Grand Prix,pre_covid,Charles Leclerc,Ferrari,14.0,18.0,0.0,Collision,71.423
2019,20,Brazilian Grand Prix,pre_covid,Lance Stroll,Aston Martin,17.0,19.0,0.0,Suspension,72.603
2019,20,Brazilian Grand Prix,pre_covid,Valtteri Bottas,Mercedes,4.0,20.0,0.0,Power Unit,70.698
2021,18,Mexico City Grand Prix,post_covid,Max Verstappen,Red Bull Racing,3.0,1.0,25.0,Finished,78.999
2021,18,Mexico City Grand Prix,post_covid,Lewis Hamilton,Mercedes,2.0,2.0,18.0,Finished,79.82
2021,18,Mexico City Grand Prix,post_covid,Sergio Perez,Red Bull Racing,4.0,3.0,15.0,Finished,79.468
2021,18,Mexico City Grand Prix,post_covid,Pierre Gasly,RB,5.0,4.0,12.0,Finished,80.51
2021,18,Mexico City Grand Prix,post_covid,Charles Leclerc,Ferrari,8.0,5.0,10.0,Finished,80.665
2021,18,Mexico City Grand Prix,post_covid,Carlos Sainz,Ferrari,6.0,6.0,8.0,+1 Lap,80.081
2021,18,Mexico City Grand Prix,post_covid,Sebastian Vettel,Aston Martin,9.0,7.0,6.0,+1 Lap,80.46
2021,18,Mexico City Grand Prix,post_covid,Kimi Räikkönen,Kick Sauber,10.0,8.0,4.0,+1 Lap,80.713
2021,18,Mexico City Grand Prix,post_covid,Fernando Alonso,Alpine,12.0,9.0,2.0,+1 Lap,80.711
2021,18,Mexico City Grand Prix,post_covid,Lando Norris,McLaren,18.0,10.0,1.0,+1 Lap,80.617
2021,18,Mexico City Grand Prix,post_covid,Antonio Giovinazzi,Kick Sauber,11.0,11.0,0.0,+1 Lap,81.523
2021,18,Mexico City Grand Prix,post_covid,Daniel Ricciardo,McLaren,7.0,12.0,0.0,+1 Lap,81.069
2021,18,Mexico City Grand Prix,post_covid,Esteban Ocon,Alpine,19.0,13.0,0.0,+1 Lap,81.348
2021,18,Mexico City Grand Prix,post_covid,Lance Stroll,Aston Martin,20.0,14.0,0.0,+2 Laps,80.93
2021,18,Mexico City Grand Prix,post_covid,Valtteri Bottas,Mercedes,1.0,15.0,0.0,+2 Laps,77.774
2021,18,Mexico City Grand Prix,post_covid,George Russell,Williams,16.0,16.0,0.0,+2 Laps,82.016
2021,18,Mexico City Grand Prix,post_covid,Nicholas Latifi,Williams,13.0,17.0,0.0,+2 Laps,81.546
2021,18,Mexico City Grand Prix,post_covid,Nikita Mazepin,Haas F1 Team,15.0,18.0,0.0,+3 Laps,81.402
2021,18,Mexico City Grand Prix,post_covid,Mick Schumacher,Haas F1 Team,14.0,19.0,0.0,Collision,
2021,18,Mexico City Grand Prix,post_covid,Yuki Tsunoda,RB,17.0,20.0,0.0,Collision,
2021,19,São Paulo Grand Prix,post_covid,Lewis Hamilton,Mercedes,10.0,1.0,25.0,Finished,71.982
2021,19,São Paulo Grand Prix,post_covid,Max Verstappen,Red Bull Racing,2.0,2.0,18.0,Finished,72.486
2021,19,São Paulo Grand Prix,post_covid,Valtteri Bottas,Mercedes,1.0,3.0,15.0,Finished,72.526
2021,19,São Paulo Grand Prix,post_covid,Sergio Perez,Red Bull Racing,4.0,4.0,13.0,Finished,71.01
2021,19,São Paulo Grand Prix,post_covid,Charles Leclerc,Ferrari,6.0,5.0,10.0,Finished,72.822
2021,19,São Paulo Grand Prix,post_covid,Carlos Sainz,Ferrari,3.0,6.0,8.0,Finished,72.71
2021,19,São Paulo Grand Prix,post_covid,Pierre Gasly,RB,7.0,7.0,6.0,+1 Lap,73.227
2021,19,São Paulo Grand Prix,post_covid,Esteban Ocon,Alpine,8.0,8.0,4.0,+1 Lap,74.43
2021,19,São Paulo Grand Prix,post_covid,Fernando Alonso,Alpine,12.0,9.0,2.0,+1 Lap,73.922
2021,19,São Paulo Grand Prix,post_covid,Lando Norris,McLaren,5.0,10.0,1.0,+1 Lap,73.761
2021,19,São Paulo Grand Prix,post_covid,Sebastian Vettel,Aston Martin,9.0,11.0,0.0,+1 Lap,73.634
2021,19,São Paulo Grand Prix,post_covid,Kimi Räikkönen,Kick Sauber,0.0,12.0,0.0,+1 Lap,72.621
2021,19,São Paulo Grand Prix,post_covid,George Russell,Williams,17.0,13.0,0.0,+1 Lap,74.355
2021,19,São Paulo Grand Prix,post_covid,Antonio Giovinazzi,Kick Sauber,13.0,14.0,0.0,+1 Lap,74.227
2021,19,São Paulo Grand Prix,post_covid,Yuki Tsunoda,RB,15.0,15.0,0.0,+1 Lap,74.204
2021,19,São Paulo Grand Prix,post_covid,Nicholas Latifi,Williams,16.0,16.0,0.0,+1 Lap,74.616
2021,19,São Paulo Grand Prix,post_covid,Nikita Mazepin,Haas F1 Team,19.0,17.0,0.0,+2 Laps,74.954
2021,19,São Paulo Grand Prix,post_covid,Mick Schumacher,Haas F1 Team,18.0,18.0,0.0,+2 Laps,73.793
2021,19,São Paulo Grand Prix,post_covid,Daniel Ricciardo,McLaren,11.0,19.0,0.0,Power loss,74.443
2021,19,São Paulo Grand Prix,post_covid,Lance Stroll,Aston Martin,14.0,20.0,0.0,Collision damage,75.344
2019,21,Abu Dhabi Grand Prix,pre_covid,Lewis Hamilton,Mercedes,1.0,1.0,26.0,Finished,99.283
2019,21,Abu Dhabi Grand Prix,pre_covid,Max Verstappen,Red Bull Racing,2.0,2.0,18.0,Finished,101.119
2019,21,Abu Dhabi Grand Prix,pre_covid,Charles Leclerc,Ferrari,3.0,3.0,15.0,Finished,100.442
2019,21,Abu Dhabi Grand Prix,pre_covid,Valtteri Bottas,Mercedes,20.0,4.0,12.0,Finished,99.715
2019,21,Abu Dhabi Grand Prix,pre_covid,Sebastian Vettel,Ferrari,4.0,5.0,10.0,Finished,100.128
2019,21,Abu Dhabi Grand Prix,pre_covid,Alexander Albon,Red Bull Racing,5.0,6.0,8.0,Finished,102.219
2019,21,Abu Dhabi Grand Prix,pre_covid,Sergio Perez,Aston Martin,10.0,7.0,6.0,+1 Lap,102.639
2019,21,Abu Dhabi Grand Prix,pre_covid,Lando Norris,McLaren,6.0,8.0,4.0,+1 Lap,103.026
2019,21,Abu Dhabi Grand Prix,pre_covid,Daniil Kvyat,RB,13.0,9.0,2.0,+1 Lap,102.222
2019,21,Abu Dhabi Grand Prix,pre_covid,Carlos Sainz,McLaren,8.0,10.0,1.0,+1 Lap,101.294
2019,21,Abu Dhabi Grand Prix,pre_covid,Daniel Ricciardo,Alpine,7.0,11.0,0.0,+1 Lap,101.19
2019,21,Abu Dhabi Grand Prix,pre_covid,Nico Hulkenberg,Alpine,9.0,12.0,0.0,+1 Lap,103.274
2019,21,Abu Dhabi Grand Prix,pre_covid,Kimi Räikkönen,Kick Sauber,17.0,13.0,0.0,+1 Lap,103.142
2019,21,Abu Dhabi Grand Prix,pre_covid,Kevin Magnussen,Haas F1 Team,14.0,14.0,0.0,+1 Lap,103.79
2019,21,Abu Dhabi Grand Prix,pre_covid,Romain Grosjean,Haas F1 Team,15.0,15.0,0.0,+1 Lap,103.666
2019,21,Abu Dhabi Grand Prix,pre_covid,Antonio Giovinazzi,Kick Sauber,16.0,16.0,0.0,+1 Lap,103.256
2019,21,Abu Dhabi Grand Prix,pre_covid,George Russell,Williams,18.0,17.0,0.0,+1 Lap,103.074
2019,21,Abu Dhabi Grand Prix,pre_covid,Pierre Gasly,RB,11.0,18.0,0.0,+2 Laps,102.414
2019,21,Abu Dhabi Grand Prix,pre_covid,Robert Kubica,Williams,19.0,19.0,0.0,+2 Laps,104.5
2019,21,Abu Dhabi Grand Prix,pre_covid,Lance Stroll,Aston Martin,12.0,20.0,0.0,Brakes,103.326
2018,8,French Grand Prix,pre_covid,Lewis Hamilton,Mercedes,1.0,1.0,25.0,Finished,94.509
2018,8,French Grand Prix,pre_covid,Max Verstappen,Red Bull Racing,4.0,2.0,18.0,Finished,94.275
2018,8,French Grand Prix,pre_covid,Kimi Räikkönen,Ferrari,6.0,3.0,15.0,Finished,94.398
2018,8,French Grand Prix,pre_covid,Daniel Ricciardo,Red Bull Racing,5.0,4.0,12.0,Finished,95.382
2018,8,French Grand Prix,pre_covid,Sebastian Vettel,Ferrari,3.0,5.0,10.0,Finished,94.485
2018,8,French Grand Prix,pre_covid,Kevin Magnussen,Haas F1 Team,9.0,6.0,8.0,Finished,95.425
2018,8,French Grand Prix,pre_covid,Valtteri Bottas,Mercedes,2.0,7.0,6.0,Finished,94.225
2018,8,French Grand Prix,pre_covid,Carlos Sainz,Alpine,7.0,8.0,4.0,Finished,95.638
2018,8,French Grand Prix,pre_covid,Nico Hulkenberg,Alpine,12.0,9.0,2.0,Finished,95.873
2018,8,French Grand Prix,pre_covid,Charles Leclerc,Sauber,8.0,10.0,1.0,Finished,95.977
2018,8,French Grand Prix,pre_covid,Romain Grosjean,Haas F1 Team,10.0,11.0,0.0,+1 Lap,95.695
2018,8,French Grand Prix,pre_covid,Stoffel Vandoorne,McLaren,17.0,12.0,0.0,+1 Lap,96.675
2018,8,French Grand Prix,pre_covid,Marcus Ericsson,Sauber,15.0,13.0,0.0,+1 Lap,96.494
2018,8,French Grand Prix,pre_covid,Brendon Hartley,RB,20.0,14.0,0.0,+1 Lap,96.839
2018,8,French Grand Prix,pre_covid,Sergey Sirotkin,Williams,18.0,15.0,0.0,+1 Lap,98.3
2018,8,French Grand Prix,pre_covid,Fernando Alonso,McLaren,16.0,16.0,0.0,Wheel,95.133
2018,8,French Grand Prix,pre_covid,Lance Stroll,Williams,19.0,17.0,0.0,Puncture,98.319
2018,8,French Grand Prix,pre_covid,Sergio Perez,Aston Martin,13.0,18.0,0.0,Engine,98.319
2018,8,French Grand Prix,pre_covid,Esteban Ocon,Aston Martin,11.0,19.0,0.0,Collision,
2018,8,French Grand Prix,pre_covid,Pierre Gasly,RB,14.0,20.0,0.0,Collision,
2025,8,Monaco Grand Prix,post_covid,Lando Norris,McLaren,1.0,1.0,25.0,Finished,73.221
2025,8,Monaco Grand Prix,post_covid,Charles Leclerc,Ferrari,2.0,2.0,18.0,Finished,74.055
2025,8,Monaco Grand Prix,post_covid,Oscar Piastri,McLaren,3.0,3.0,15.0,Finished,73.745
2025,8,Monaco Grand Prix,post_covid,Max Verstappen,Red Bull Racing,4.0,4.0,12.0,Finished,74.23
2025,8,Monaco Grand Prix,post_covid,Lewis Hamilton,Ferrari,7.0,5.0,10.0,Finished,74.09
2025,8,Monaco Grand Prix,post_covid,Isack Hadjar,Racing Bulls,5.0,6.0,8.0,Lapped,75.981
2025,8,Monaco Grand Prix,post_covid,Esteban Ocon,Haas F1 Team,8.0,7.0,6.0,Lapped,75.157
2025,8,Monaco Grand Prix,post_covid,Liam Lawson,Racing Bulls,9.0,8.0,4.0,Lapped,75.321
2025,8,Monaco Grand Prix,post_covid,Alexander Albon,Williams,10.0,9.0,2.0,Lapped,74.597
2025,8,Monaco Grand Prix,post_covid,Carlos Sainz,Williams,11.0,10.0,1.0,Lapped,73.988
2025,8,Monaco Grand Prix,post_covid,George Russell,Mercedes,14.0,11.0,0.0,Lapped,73.405
2025,8,Monaco Grand Prix,post_covid,Oliver Bearman,Haas F1 Team,20.0,12.0,0.0,Lapped,74.855
2025,8,Monaco Grand Prix,post_covid,Franco Colapinto,Alpine,18.0,13.0,0.0,Lapped,75.298
2025,8,Monaco Grand Prix,post_covid,Gabriel Bortoleto,Kick Sauber,16.0,14.0,0.0,Lapped,74.884
2025,8,Monaco Grand Prix,post_covid,Lance Stroll,Aston Martin,19.0,15.0,0.0,Lapped,74.877
2025,8,Monaco Grand Prix,post_covid,Nico Hulkenberg,Kick Sauber,13.0,16.0,0.0,Lapped,75.223
2025,8,Monaco Grand Prix,post_covid,Yuki Tsunoda,Red Bull Racing,12.0,17.0,0.0,Lapped,74.913
2025,8,Monaco Grand Prix,post_covid,Andrea Kimi Antonelli,Mercedes,15.0,18.0,0.0,Lapped,73.518
2025,8,Monaco Grand Prix,post_covid,Fernando Alonso,Aston Martin,6.0,19.0,0.0,Retired,75.593
2025,8,Monaco Grand Prix,post_covid,Pierre Gasly,Alpine,17.0,20.0,0.0,Retired,78.054
2024,15,Dutch Grand Prix,post_covid,Lando Norris,McLaren,1.0,1.0,26.0,Finished,73.817
2024,15,Dutch Grand Prix,post_covid,Max Verstappen,Red Bull Racing,2.0,2.0,18.0,Finished,74.752
2024,15,Dutch Grand Prix,post_covid,Charles Leclerc,Ferrari,6.0,3.0,15.0,Finished,74.585
2024,15,Dutch Grand Prix,post_covid,Oscar Piastri,McLaren,3.0,4.0,12.0,Finished,74.237
2024,15,Dutch Grand Prix,post_covid,Carlos Sainz,Ferrari,10.0,5.0,10.0,Finished,74.117
2024,15,Dutch Grand Prix,post_covid,Sergio Perez,Red Bull Racing,5.0,6.0,8.0,Finished,74.587
2024,15,Dutch Grand Prix,post_covid,George Russell,Mercedes,4.0,7.0,6.0,Finished,73.927
2024,15,Dutch Grand Prix,post_covid,Lewis Hamilton,Mercedes,14.0,8.0,4.0,Finished,73.878
2024,15,Dutch Grand Prix,post_covid,Pierre Gasly,Alpine,9.0,9.0,2.0,Lapped,74.855
2024,15,Dutch Grand Prix,post_covid,Fernando Alonso,Aston Martin,7.0,10.0,1.0,Lapped,74.758
2024,15,Dutch Grand Prix,post_covid,Nico Hulkenberg,Haas F1 Team,12.0,11.0,0.0,Lapped,75.657
2024,15,Dutch Grand Prix,post_covid,Daniel Ricciardo,RB,13.0,12.0,0.0,Lapped,75.222
2024,15,Dutch Grand Prix,post_covid,Lance Stroll,Aston Martin,8.0,13.0,0.0,Lapped,75.255
2024,15,Dutch Grand Prix,post_covid,Alexander Albon,Williams,19.0,14.0,0.0,Lapped,74.434
2024,15,Dutch Grand Prix,post_covid,Esteban Ocon,Alpine,15.0,15.0,0.0,Lapped,75.39
2024,15,Dutch Grand Prix,post_covid,Logan Sargeant,Williams,18.0,16.0,0.0,Lapped,75.539
2024,15,Dutch Grand Prix,post_covid,Yuki Tsunoda,RB,11.0,17.0,0.0,Lapped,75.552
2024,15,Dutch Grand Prix,post_covid,Kevin Magnussen,Haas F1 Team,20.0,18.0,0.0,Lapped,74.954
2024,15,Dutch Grand Prix,post_covid,Valtteri Bottas,Kick Sauber,16.0,19.0,0.0,Lapped,75.822
2024,15,Dutch Grand Prix,post_covid,Guanyu Zhou,Kick Sauber,17.0,20.0,0.0,Lapped,75.724
2023,20,São Paulo Grand Prix,post_covid,Max Verstappen,Red Bull Racing,1.0,1.0,25.0,Finished,73.422
2023,20,São Paulo Grand Prix,post_covid,Lando Norris,McLaren,6.0,2.0,19.0,Finished,72.486
2023,20,São Paulo Grand Prix,post_covid,Fernando Alonso,Aston Martin,4.0,3.0,15.0,Finished,74.442
2023,20,São Paulo Grand Prix,post_covid,Sergio Perez,Red Bull Racing,9.0,4.0,12.0,Finished,74.124
2023,20,São Paulo Grand Prix,post_covid,Lance Stroll,Aston Martin,3.0,5.0,10.0,Finished,74.007
2023,20,São Paulo Grand Prix,post_covid,Carlos Sainz,Ferrari,7.0,6.0,8.0,Finished,74.406
2023,20,São Paulo Grand Prix,post_covid,Pierre Gasly,Alpine,15.0,7.0,6.0,Finished,74.521
2023,20,São Paulo Grand Prix,post_covid,Lewis Hamilton,Mercedes,5.0,8.0,4.0,Finished,74.739
2023,20,São Paulo Grand Prix,post_covid,Yuki Tsunoda,RB,16.0,9.0,2.0,Finished,74.231
2023,20,São Paulo Grand Prix,post_covid,Esteban Ocon,Alpine,14.0,10.0,1.0,Lapped,74.206
2023,20,São Paulo Grand Prix,post_covid,Logan Sargeant,Williams,19.0,11.0,0.0,Lapped,75.738
2023,20,São Paulo Grand Prix,post_covid,Nico Hulkenberg,Haas F1 Team,11.0,12.0,0.0,Lapped,75.036
2023,20,São Paulo Grand Prix,post_covid,Daniel Ricciardo,RB,17.0,13.0,0.0,Lapped,73.866
2023,20,São Paulo Grand Prix,post_covid,Oscar Piastri,McLaren,10.0,14.0,0.0,Lapped,74.31
2023,20,São Paulo Grand Prix,post_covid,George Russell,Mercedes,8.0,15.0,0.0,Retired,74.934
2023,20,São Paulo Grand Prix,post_covid,Valtteri Bottas,Kick Sauber,18.0,16.0,0.0,Retired,75.731
2023,20,São Paulo Grand Prix,post_covid,Guanyu Zhou,Kick Sauber,20.0,17.0,0.0,Retired,76.232
2023,20,São Paulo Grand Prix,post_covid,Kevin Magnussen,Haas F1 Team,12.0,18.0,0.0,Retired,
2023,20,São Paulo Grand Prix,post_covid,Alexander Albon,Williams,13.0,19.0,0.0,Retired,
2023,20,São Paulo Grand Prix,post_covid,Charles Leclerc,Ferrari,2.0,20.0,0.0,Did not start,
2023,22,Abu Dhabi Grand Prix,post_covid,Max Verstappen,Red Bull Racing,1.0,1.0,26.0,Finished,86.993
2023,22,Abu Dhabi Grand Prix,post_covid,Charles Leclerc,Ferrari,2.0,2.0,18.0,Finished,88.199
2023,22,Abu Dhabi Grand Prix,post_covid,George Russell,Mercedes,4.0,3.0,15.0,Finished,88.187
2023,22,Abu Dhabi Grand Prix,post_covid,Sergio Perez,Red Bull Racing,9.0,4.0,12.0,Finished,87.493
2023,22,Abu Dhabi Grand Prix,post_covid,Lando Norris,McLaren,5.0,5.0,10.0,Finished,88.164
2023,22,Abu Dhabi Grand Prix,post_covid,Oscar Piastri,McLaren,3.0,6.0,8.0,Finished,88.138
2023,22,Abu Dhabi Grand Prix,post_covid,Fernando Alonso,Aston Martin,7.0,7.0,6.0,Finished,88.256
2023,22,Abu Dhabi Grand Prix,post_covid,Yuki Tsunoda,RB,6.0,8.0,4.0,Finished,89.256
2023,22,Abu Dhabi Grand Prix,post_covid,Lewis Hamilton,Mercedes,11.0,9.0,2.0,Finished,88.372
2023,22,Abu Dhabi Grand Prix,post_covid,Lance Stroll,Aston Martin,13.0,10.0,1.0,Finished,88.05
2023,22,Abu Dhabi Grand Prix,post_covid,Daniel Ricciardo,RB,15.0,11.0,0.0,Finished,88.571
2023,22,Abu Dhabi Grand Prix,post_covid,Esteban Ocon,Alpine,12.0,12.0,0.0,Finished,90.033
2023,22,Abu Dhabi Grand Prix,post_covid,Pierre Gasly,Alpine,10.0,13.0,0.0,Finished,89.016
2023,22,Abu Dhabi Grand Prix,post_covid,Alexander Albon,Williams,14.0,14.0,0.0,Finished,87.845
2023,22,Abu Dhabi Grand Prix,post_covid,Nico Hulkenberg,Haas F1 Team,8.0,15.0,0.0,Finished,89.217
2023,22,Abu Dhabi Grand Prix,post_covid,Logan Sargeant,Williams,20.0,16.0,0.0,Finished,88.58
2023,22,Abu Dhabi Grand Prix,post_covid,Guanyu Zhou,Kick Sauber,19.0,17.0,0.0,Finished,88.746
2023,22,Abu Dhabi Grand Prix,post_covid,Carlos Sainz,Ferrari,16.0,18.0,0.0,Retired,89.452
2023,22,Abu Dhabi Grand Prix,post_covid,Valtteri Bottas,Kick Sauber,18.0,19.0,0.0,Lapped,89.863
2023,22,Abu Dhabi Grand Prix,post_covid,Kevin Magnussen,Haas F1 Team,17.0,20.0,0.0,Lapped,89.934
2024,17,Azerbaijan Grand Prix,post_covid,Oscar Piastri,McLaren,2.0,1.0,25.0,Finished,107.06
2024,17,Azerbaijan Grand Prix,post_covid,Charles Leclerc,Ferrari,1.0,2.0,18.0,Finished,107.067
2024,17,Azerbaijan Grand Prix,post_covid,George Russell,Mercedes,5.0,3.0,15.0,Finished,106.628
2024,17,Azerbaijan Grand Prix,post_covid,Lando Norris,McLaren,15.0,4.0,13.0,Finished,105.255
2024,17,Azerbaijan Grand Prix,post_covid,Max Verstappen,Red Bull Racing,6.0,5.0,10.0,Finished,106.798
2024,17,Azerbaijan Grand Prix,post_covid,Fernando Alonso,Aston Martin,7.0,6.0,8.0,Finished,107.057
2024,17,Azerbaijan Grand Prix,post_covid,Alexander Albon,Williams,9.0,7.0,6.0,Finished,106.947
2024,17,Azerbaijan Grand Prix,post_covid,Franco Colapinto,Williams,8.0,8.0,4.0,Finished,107.274
2024,17,Azerbaijan Grand Prix,post_covid,Lewis Hamilton,Mercedes,19.0,9.0,2.0,Finished,107.236
2024,17,Azerbaijan Grand Prix,post_covid,Oliver Bearman,Haas F1 Team,10.0,10.0,1.0,Finished,107.048
2024,17,Azerbaijan Grand Prix,post_covid,Nico Hulkenberg,Haas F1 Team,12.0,11.0,0.0,Finished,107.691
2024,17,Azerbaijan Grand Prix,post_covid,Pierre Gasly,Alpine,18.0,12.0,0.0,Finished,108.018
2024,17,Azerbaijan Grand Prix,post_covid,Daniel Ricciardo,RB,14.0,13.0,0.0,Finished,108.38
2024,17,Azerbaijan Grand Prix,post_covid,Guanyu Zhou,Kick Sauber,17.0,14.0,0.0,Finished,107.644
2024,17,Azerbaijan Grand Prix,post_covid,Esteban Ocon,Alpine,20.0,15.0,0.0,Lapped,108.831
2024,17,Azerbaijan Grand Prix,post_covid,Valtteri Bottas,Kick Sauber,16.0,16.0,0.0,Lapped,108.418
2024,17,Azerbaijan Grand Prix,post_covid,Sergio Perez,Red Bull Racing,4.0,17.0,0.0,Retired,107.013
2024,17,Azerbaijan Grand Prix,post_covid,Carlos Sainz,Ferrari,3.0,18.0,0.0,Retired,106.866
2024,17,Azerbaijan Grand Prix,post_covid,Lance Stroll,Aston Martin,13.0,19.0,0.0,Retired,108.148
2024,17,Azerbaijan Grand Prix,post_covid,Yuki Tsunoda,RB,11.0,20.0,0.0,Retired,110.887
2024,16,Italian Grand Prix,post_covid,Charles Leclerc,Ferrari,4.0,1.0,25.0,Finished,83.226
2024,16,Italian Grand Prix,post_covid,Oscar Piastri,McLaren,2.0,2.0,18.0,Finished,81.943
2024,16,Italian Grand Prix,post_covid,Lando Norris,McLaren,1.0,3.0,16.0,Finished,81.432
2024,16,Italian Grand Prix,post_covid,Carlos Sainz,Ferrari,5.0,4.0,12.0,Finished,83.219
2024,16,Italian Grand Prix,post_covid,Lewis Hamilton,Mercedes,6.0,5.0,10.0,Finished,81.512
2024,16,Italian Grand Prix,post_covid,Max Verstappen,Red Bull Racing,7.0,6.0,8.0,Finished,81.745
2024,16,Italian Grand Prix,post_covid,George Russell,Mercedes,3.0,7.0,6.0,Finished,82.036
2024,16,Italian Grand Prix,post_covid,Sergio Perez,Red Bull Racing,8.0,8.0,4.0,Finished,82.971
2024,16,Italian Grand Prix,post_covid,Alexander Albon,Williams,9.0,9.0,2.0,Finished,83.918
2024,16,Italian Grand Prix,post_covid,Kevin Magnussen,Haas F1 Team,13.0,10.0,1.0,Finished,83.437
2024,16,Italian Grand Prix,post_covid,Fernando Alonso,Aston Martin,11.0,11.0,0.0,Finished,82.944
2024,16,Italian Grand Prix,post_covid,Franco Colapinto,Williams,18.0,12.0,0.0,Finished,83.728
2024,16,Italian Grand Prix,post_covid,Daniel Ricciardo,RB,12.0,13.0,0.0,Finished,84.219
2024,16,Italian Grand Prix,post_covid,Esteban Ocon,Alpine,15.0,14.0,0.0,Lapped,84.343
2024,16,Italian Grand Prix,post_covid,Pierre Gasly,Alpine,14.0,15.0,0.0,Lapped,83.755
2024,16,Italian Grand Prix,post_covid,Valtteri Bottas,Kick Sauber,19.0,16.0,0.0,Lapped,83.609
2024,16,Italian Grand Prix,post_covid,Nico Hulkenberg,Haas F1 Team,10.0,17.0,0.0,Lapped,83.275
2024,16,Italian Grand Prix,post_covid,Guanyu Zhou,Kick Sauber,20.0,18.0,0.0,Lapped,85.092
2024,16,Italian Grand Prix,post_covid,Lance Stroll,Aston Martin,17.0,19.0,0.0,Lapped,82.232
2024,16,Italian Grand Prix,post_covid,Yuki Tsunoda,RB,16.0,20.0,0.0,Retired,86.198
2024,12,British Grand Prix,post_covid,Lewis Hamilton,Mercedes,2.0,1.0,25.0,Finished,89.438
2024,12,British Grand Prix,post_covid,Max Verstappen,Red Bull Racing,4.0,2.0,18.0,Finished,88.952
2024,12,British Grand Prix,post_covid,Lando Norris,McLaren,3.0,3.0,15.0,Finished,89.262
2024,12,British Grand Prix,post_covid,Oscar Piastri,McLaren,5.0,4.0,12.0,Finished,88.748
2024,12,British Grand Prix,post_covid,Carlos Sainz,Ferrari,7.0,5.0,11.0,Finished,88.293
2024,12,British Grand Prix,post_covid,Nico Hulkenberg,Haas F1 Team,6.0,6.0,8.0,Finished,89.836
2024,12,British Grand Prix,post_covid,Lance Stroll,Aston Martin,8.0,7.0,6.0,Finished,89.897
2024,12,British Grand Prix,post_covid,Fernando Alonso,Aston Martin,10.0,8.0,4.0,Finished,89.71
2024,12,British Grand Prix,post_covid,Alexander Albon,Williams,9.0,9.0,2.0,Finished,89.718
2024,12,British Grand Prix,post_covid,Yuki Tsunoda,RB,13.0,10.0,1.0,Finished,90.229
2024,12,British Grand Prix,post_covid,Logan Sargeant,Williams,12.0,11.0,0.0,Finished,89.972
2024,12,British Grand Prix,post_covid,Kevin Magnussen,Haas F1 Team,17.0,12.0,0.0,Finished,90.093
2024,12,British Grand Prix,post_covid,Daniel Ricciardo,RB,15.0,13.0,0.0,Lapped,90.735
2024,12,British Grand Prix,post_covid,Charles Leclerc,Ferrari,11.0,14.0,0.0,Lapped,89.748
2024,12,British Grand Prix,post_covid,Valtteri Bottas,Kick Sauber,16.0,15.0,0.0,Lapped,91.277
2024,12,British Grand Prix,post_covid,Esteban Ocon,Alpine,18.0,16.0,0.0,Lapped,90.875
2024,12,British Grand Prix,post_covid,Sergio Perez,Red Bull Racing,20.0,17.0,0.0,Lapped,89.707
2024,12,British Grand Prix,post_covid,Guanyu Zhou,Kick Sauber,14.0,18.0,0.0,Lapped,91.014
2024,12,British Grand Prix,post_covid,George Russell,Mercedes,1.0,19.0,0.0,Retired,91.298
2024,12,British Grand Prix,post_covid,Pierre Gasly,Alpine,19.0,20.0,0.0,Did not start,
2023,9,Austrian Grand Prix,post_covid,Max Verstappen,Red Bull Racing,1.0,1.0,26.0,Finished,67.012
2023,9,Austrian Grand Prix,post_covid,Charles Leclerc,Ferrari,2.0,2.0,18.0,Finished,68.82
2023,9,Austrian Grand Prix,post_covid,Sergio Perez,Red Bull Racing,15.0,3.0,15.0,Finished,68.111
2023,9,Austrian Grand Prix,post_covid,Lando Norris,McLaren,4.0,4.0,12.0,Finished,68.739
2023,9,Austrian Grand Prix,post_covid,Fernando Alonso,Aston Martin,7.0,5.0,10.0,Finished,69.108
2023,9,Austrian Grand Prix,post_covid,Carlos Sainz,Ferrari,3.0,6.0,8.0,Finished,68.88
2023,9,Austrian Grand Prix,post_covid,George Russell,Mercedes,11.0,7.0,6.0,Finished,69.283
2023,9,Austrian Grand Prix,post_covid,Lewis Hamilton,Mercedes,5.0,8.0,4.0,Finished,69.16
2023,9,Austrian Grand Prix,post_covid,Lance Stroll,Aston Martin,6.0,9.0,2.0,Finished,68.463
2023,9,Austrian Grand Prix,post_covid,Pierre Gasly,Alpine,9.0,10.0,1.0,Finished,69.046
2023,9,Austrian Grand Prix,post_covid,Alexander Albon,Williams,10.0,11.0,0.0,Finished,69.56
2023,9,Austrian Grand Prix,post_covid,Guanyu Zhou,Kick Sauber,17.0,12.0,0.0,Lapped,69.786
2023,9,Austrian Grand Prix,post_covid,Logan Sargeant,Williams,18.0,13.0,0.0,Lapped,69.611
2023,9,Austrian Grand Prix,post_covid,Esteban Ocon,Alpine,12.0,14.0,0.0,Lapped,69.797
2023,9,Austrian Grand Prix,post_covid,Valtteri Bottas,Kick Sauber,14.0,15.0,0.0,Lapped,69.94
2023,9,Austrian Grand Prix,post_covid,Oscar Piastri,McLaren,13.0,16.0,0.0,Lapped,69.862
2023,9,Austrian Grand Prix,post_covid,Nyck De Vries,RB,20.0,17.0,0.0,Lapped,69.852
2023,9,Austrian Grand Prix,post_covid,Kevin Magnussen,Haas F1 Team,19.0,18.0,0.0,Lapped,70.176
2023,9,Austrian Grand Prix,post_covid,Yuki Tsunoda,RB,16.0,19.0,0.0,Lapped,69.62
2023,9,Austrian Grand Prix,post_covid,Nico Hulkenberg,Haas F1 Team,8.0,20.0,0.0,Retired,71.066
2021,22,Abu Dhabi Grand Prix,post_covid,Max Verstappen,Red Bull Racing,1.0,1.0,26.0,Finished,86.103
2021,22,Abu Dhabi Grand Prix,post_covid,Lewis Hamilton,Mercedes,2.0,2.0,18.0,Finished,86.615
2021,22,Abu Dhabi Grand Prix,post_covid,Carlos Sainz,Ferrari,5.0,3.0,15.0,Finished,87.618
2021,22,Abu Dhabi Grand Prix,post_covid,Yuki Tsunoda,RB,8.0,4.0,12.0,Finished,87.496
2021,22,Abu Dhabi Grand Prix,post_covid,Pierre Gasly,RB,12.0,5.0,10.0,Finished,87.342
2021,22,Abu Dhabi Grand Prix,post_covid,Valtteri Bottas,Mercedes,6.0,6.0,8.0,Finished,86.862
2021,22,Abu Dhabi Grand Prix,post_covid,Lando Norris,McLaren,3.0,7.0,6.0,Finished,86.762
2021,22,Abu Dhabi Grand Prix,post_covid,Fernando Alonso,Alpine,11.0,8.0,4.0,Finished,87.607
2021,22,Abu Dhabi Grand Prix,post_covid,Esteban Ocon,Alpine,9.0,9.0,2.0,Finished,88.249
2021,22,Abu Dhabi Grand Prix,post_covid,Charles Leclerc,Ferrari,7.0,10.0,1.0,Finished,88.338
2021,22,Abu Dhabi Grand Prix,post_covid,Sebastian Vettel,Aston Martin,15.0,11.0,0.0,Finished,88.303
2021,22,Abu Dhabi Grand Prix,post_covid,Daniel Ricciardo,McLaren,10.0,12.0,0.0,+1 Lap,88.723
2021,22,Abu Dhabi Grand Prix,post_covid,Lance Stroll,Aston Martin,13.0,13.0,0.0,+1 Lap,88.567
2021,22,Abu Dhabi Grand Prix,post_covid,Mick Schumacher,Haas F1 Team,19.0,14.0,0.0,+1 Lap,89.457
2021,22,Abu Dhabi Grand Prix,post_covid,Sergio Perez,Red Bull Racing,4.0,15.0,0.0,Engine,86.419
2021,22,Abu Dhabi Grand Prix,post_covid,Nicholas Latifi,Williams,16.0,16.0,0.0,Accident,89.293
2021,22,Abu Dhabi Grand Prix,post_covid,Antonio Giovinazzi,Kick Sauber,14.0,17.0,0.0,Gearbox,89.442
2021,22,Abu Dhabi Grand Prix,post_covid,George Russell,Williams,17.0,18.0,0.0,Gearbox,90.647
2021,22,Abu Dhabi Grand Prix,post_covid,Kimi Räikkönen,Kick Sauber,18.0,19.0,0.0,Brakes,89.698
2021,22,Abu Dhabi Grand Prix,post_covid,Nikita Mazepin,Haas F1 Team,,,0.0,Illness,
2023,8,Canadian Grand Prix,post_covid,Max Verstappen,Red Bull Racing,1.0,1.0,25.0,Finished,75.594
2023,8,Canadian Grand Prix,post_covid,Fernando Alonso,Aston Martin,2.0,2.0,18.0,Finished,75.779
2023,8,Canadian Grand Prix,post_covid,Lewis Hamilton,Mercedes,3.0,3.0,15.0,Finished,75.396
2023,8,Canadian Grand Prix,post_covid,Charles Leclerc,Ferrari,10.0,4.0,12.0,Finished,75.907
2023,8,Canadian Grand Prix,post_covid,Carlos Sainz,Ferrari,11.0,5.0,10.0,Finished,75.911
2023,8,Canadian Grand Prix,post_covid,Sergio Perez,Red Bull Racing,12.0,6.0,9.0,Finished,74.481
2023,8,Canadian Grand Prix,post_covid,Alexander Albon,Williams,9.0,7.0,6.0,Finished,76.917
2023,8,Canadian Grand Prix,post_covid,Esteban Ocon,Alpine,6.0,8.0,4.0,Finished,76.782
2023,8,Canadian Grand Prix,post_covid,Lance Stroll,Aston Martin,16.0,9.0,2.0,Finished,76.564
2023,8,Canadian Grand Prix,post_covid,Valtteri Bottas,Kick Sauber,14.0,10.0,1.0,Finished,76.625
2023,8,Canadian Grand Prix,post_covid,Oscar Piastri,McLaren,8.0,11.0,0.0,Finished,76.598
2023,8,Canadian Grand Prix,post_covid,Pierre Gasly,Alpine,15.0,12.0,0.0,Finished,76.425
2023,8,Canadian Grand Prix,post_covid,Lando Norris,McLaren,7.0,13.0,0.0,Finished,76.374
2023,8,Canadian Grand Prix,post_covid,Yuki Tsunoda,RB,19.0,14.0,0.0,Finished,76.666
2023,8,Canadian Grand Prix,post_covid,Nico Hulkenberg,Haas F1 Team,5.0,15.0,0.0,Lapped,77.232
2023,8,Canadian Grand Prix,post_covid,Guanyu Zhou,Kick Sauber,20.0,16.0,0.0,Lapped,77.09
2023,8,Canadian Grand Prix,post_covid,Kevin Magnussen,Haas F1 Team,13.0,17.0,0.0,Lapped,76.126
2023,8,Canadian Grand Prix,post_covid,Nyck De Vries,RB,17.0,18.0,0.0,Lapped,76.656
2023,8,Canadian Grand Prix,post_covid,George Russell,Mercedes,4.0,19.0,0.0,Retired,77.097
2023,8,Canadian Grand Prix,post_covid,Logan Sargeant,Williams,18.0,20.0,0.0,Retired,78.437
2024,13,Hungarian Grand Prix,post_covid,Oscar Piastri,McLaren,2.0,1.0,25.0,Finished,81.716
2024,13,Hungarian Grand Prix,post_covid,Lando Norris,McLaren,1.0,2.0,18.0,Finished,81.712
2024,13,Hungarian Grand Prix,post_covid,Lewis Hamilton,Mercedes,5.0,3.0,15.0,Finished,82.153
2024,13,Hungarian Grand Prix,post_covid,Charles Leclerc,Ferrari,6.0,4.0,12.0,Finished,82.182
2024,13,Hungarian Grand Prix,post_covid,Max Verstappen,Red Bull Racing,3.0,5.0,10.0,Finished,80.908
2024,13,Hungarian Grand Prix,post_covid,Carlos Sainz,Ferrari,4.0,6.0,8.0,Finished,81.441
2024,13,Hungarian Grand Prix,post_covid,Sergio Perez,Red Bull Racing,16.0,7.0,6.0,Finished,81.096
2024,13,Hungarian Grand Prix,post_covid,George Russell,Mercedes,17.0,8.0,5.0,Finished,80.305
2024,13,Hungarian Grand Prix,post_covid,Yuki Tsunoda,RB,10.0,9.0,2.0,Finished,83.533
2024,13,Hungarian Grand Prix,post_covid,Lance Stroll,Aston Martin,8.0,10.0,1.0,Finished,82.338
2024,13,Hungarian Grand Prix,post_covid,Fernando Alonso,Aston Martin,7.0,11.0,0.0,Finished,83.063
2024,13,Hungarian Grand Prix,post_covid,Daniel Ricciardo,RB,9.0,12.0,0.0,Lapped,82.64
2024,13,Hungarian Grand Prix,post_covid,Nico Hulkenberg,Haas F1 Team,11.0,13.0,0.0,Lapped,83.461
2024,13,Hungarian Grand Prix,post_covid,Alexander Albon,Williams,13.0,14.0,0.0,Lapped,83.93
2024,13,Hungarian Grand Prix,post_covid,Kevin Magnussen,Haas F1 Team,15.0,15.0,0.0,Lapped,83.553
2024,13,Hungarian Grand Prix,post_covid,Valtteri Bottas,Kick Sauber,12.0,16.0,0.0,Lapped,82.792
2024,13,Hungarian Grand Prix,post_covid,Logan Sargeant,Williams,14.0,17.0,0.0,Lapped,80.561
2024,13,Hungarian Grand Prix,post_covid,Esteban Ocon,Alpine,19.0,18.0,0.0,Lapped,81.61
2024,13,Hungarian Grand Prix,post_covid,Guanyu Zhou,Kick Sauber,18.0,19.0,0.0,Lapped,83.487
2024,13,Hungarian Grand Prix,post_covid,Pierre Gasly,Alpine,20.0,20.0,0.0,Retired,83.34
2024,11,Austrian Grand Prix,post_covid,George Russell,Mercedes,3.0,1.0,25.0,Finished,69.164
2024,11,Austrian Grand Prix,post_covid,Oscar Piastri,McLaren,7.0,2.0,18.0,Finished,68.697
2024,11,Austrian Grand Prix,post_covid,Carlos Sainz,Ferrari,4.0,3.0,15.0,Finished,69.282
2024,11,Austrian Grand Prix,post_covid,Lewis Hamilton,Mercedes,5.0,4.0,12.0,Finished,69.562
2024,11,Austrian Grand Prix,post_covid,Max Verstappen,Red Bull Racing,1.0,5.0,10.0,Finished,67.719
2024,11,Austrian Grand Prix,post_covid,Nico Hulkenberg,Haas F1 Team,9.0,6.0,8.0,Finished,70.215
2024,11,Austrian Grand Prix,post_covid,Sergio Perez,Red Bull Racing,8.0,7.0,6.0,Finished,69.694
2024,11,Austrian Grand Prix,post_covid,Kevin Magnussen,Haas F1 Team,12.0,8.0,4.0,Finished,70.125
2024,11,Austrian Grand Prix,post_covid,Daniel Ricciardo,RB,11.0,9.0,2.0,Finished,70.426
2024,11,Austrian Grand Prix,post_covid,Pierre Gasly,Alpine,13.0,10.0,1.0,Finished,69.609
2024,11,Austrian Grand Prix,post_covid,Charles Leclerc,Ferrari,6.0,11.0,0.0,Finished,69.584
2024,11,Austrian Grand Prix,post_covid,Esteban Ocon,Alpine,10.0,12.0,0.0,Finished,69.649
2024,11,Austrian Grand Prix,post_covid,Lance Stroll,Aston Martin,17.0,13.0,0.0,Lapped,70.143
2024,11,Austrian Grand Prix,post_covid,Yuki Tsunoda,RB,14.0,14.0,0.0,Lapped,70.318
2024,11,Austrian Grand Prix,post_covid,Alexander Albon,Williams,16.0,15.0,0.0,Lapped,70.364
2024,11,Austrian Grand Prix,post_covid,Valtteri Bottas,Kick Sauber,18.0,16.0,0.0,Lapped,70.449
2024,11,Austrian Grand Prix,post_covid,Guanyu Zhou,Kick Sauber,20.0,17.0,0.0,Lapped,70.47
2024,11,Austrian Grand Prix,post_covid,Fernando Alonso,Aston Martin,15.0,18.0,0.0,Lapped,67.694
2024,11,Austrian Grand Prix,post_covid,Logan Sargeant,Williams,19.0,19.0,0.0,Lapped,70.406
2024,11,Austrian Grand Prix,post_covid,Lando Norris,McLaren,2.0,20.0,0.0,Lapped,68.016
2023,18,United States Grand Prix,post_covid,Max Verstappen,Red Bull Racing,6.0,1.0,25.0,Finished,100.028
2023,18,United States Grand Prix,post_covid,Lando Norris,McLaren,2.0,2.0,18.0,Finished,99.985
2023,18,United States Grand Prix,post_covid,Carlos Sainz,Ferrari,4.0,3.0,15.0,Finished,100.034
2023,18,United States Grand Prix,post_covid,Sergio Perez,Red Bull Racing,9.0,4.0,12.0,Finished,99.737
2023,18,United States Grand Prix,post_covid,George Russell,Mercedes,5.0,5.0,10.0,Finished,99.393
2023,18,United States Grand Prix,post_covid,Pierre Gasly,Alpine,7.0,6.0,8.0,Finished,100.412
2023,18,United States Grand Prix,post_covid,Lance Stroll,Aston Martin,20.0,7.0,6.0,Finished,99.908
2023,18,United States Grand Prix,post_covid,Yuki Tsunoda,RB,11.0,8.0,5.0,Finished,98.139
2023,18,United States Grand Prix,post_covid,Alexander Albon,Williams,15.0,9.0,2.0,Finished,101.318
2023,18,United States Grand Prix,post_covid,Logan Sargeant,Williams,16.0,10.0,1.0,Finished,101.238
2023,18,United States Grand Prix,post_covid,Nico Hulkenberg,Haas F1 Team,18.0,11.0,0.0,Finished,100.925
2023,18,United States Grand Prix,post_covid,Valtteri Bottas,Kick Sauber,13.0,12.0,0.0,Finished,101.972
2023,18,United States Grand Prix,post_covid,Guanyu Zhou,Kick Sauber,12.0,13.0,0.0,Lapped,101.879
2023,18,United States Grand Prix,post_covid,Kevin Magnussen,Haas F1 Team,17.0,14.0,0.0,Lapped,101.506
2023,18,United States Grand Prix,post_covid,Daniel Ricciardo,RB,14.0,15.0,0.0,Lapped,99.366
2023,18,United States Grand Prix,post_covid,Fernando Alonso,Aston Martin,19.0,16.0,0.0,Retired,99.954
2023,18,United States Grand Prix,post_covid,Oscar Piastri,McLaren,10.0,17.0,0.0,Retired,102.705
2023,18,United States Grand Prix,post_covid,Esteban Ocon,Alpine,8.0,18.0,0.0,Retired,104.789
2023,18,United States Grand Prix,post_covid,Lewis Hamilton,Mercedes,3.0,19.0,0.0,Disqualified,99.582
2023,18,United States Grand Prix,post_covid,Charles Leclerc,Ferrari,1.0,20.0,0.0,Disqualified,101.025
2019,19,United States Grand Prix,pre_covid,Valtteri Bottas,Mercedes,1.0,1.0,25.0,Finished,96.957
2019,19,United States Grand Prix,pre_covid,Lewis Hamilton,Mercedes,5.0,2.0,18.0,Finished,98.446
2019,19,United States Grand Prix,pre_covid,Max Verstappen,Red Bull Racing,3.0,3.0,15.0,Finished,98.214
2019,19,United States Grand Prix,pre_covid,Charles Leclerc,Ferrari,4.0,4.0,13.0,Finished,96.169
2019,19,United States Grand Prix,pre_covid,Alexander Albon,Red Bull Racing,6.0,5.0,10.0,Finished,98.029
2019,19,United States Grand Prix,pre_covid,Daniel Ricciardo,Alpine,9.0,6.0,8.0,Finished,100.564
2019,19,United States Grand Prix,pre_covid,Lando Norris,McLaren,8.0,7.0,6.0,Finished,98.074
2019,19,United States Grand Prix,pre_covid,Carlos Sainz,McLaren,7.0,8.0,4.0,+1 Lap,100.844
2019,19,United States Grand Prix,pre_covid,Nico Hulkenberg,Alpine,11.0,9.0,2.0,+1 Lap,98.437
2019,19,United States Grand Prix,pre_covid,Sergio Perez,Aston Martin,0.0,10.0,1.0,+1 Lap,100.165
2019,19,United States Grand Prix,pre_covid,Kimi Räikkönen,Kick Sauber,17.0,11.0,0.0,+1 Lap,99.608
2019,19,United States Grand Prix,pre_covid,Daniil Kvyat,RB,13.0,12.0,0.0,+1 Lap,98.969
2019,19,United States Grand Prix,pre_covid,Lance Stroll,Aston Martin,14.0,13.0,0.0,+1 Lap,100.38
2019,19,United States Grand Prix,pre_covid,Antonio Giovinazzi,Kick Sauber,16.0,14.0,0.0,+1 Lap,99.964
2019,19,United States Grand Prix,pre_covid,Romain Grosjean,Haas F1 Team,15.0,15.0,0.0,+1 Lap,101.27
2019,19,United States Grand Prix,pre_covid,Pierre Gasly,RB,10.0,16.0,0.0,Suspension,100.85
2019,19,United States Grand Prix,pre_covid,George Russell,Williams,18.0,17.0,0.0,+2 Laps,101.239
2019,19,United States Grand Prix,pre_covid,Kevin Magnussen,Haas F1 Team,12.0,18.0,0.0,Brakes,100.347
2019,19,United States Grand Prix,pre_covid,Robert Kubica,Williams,19.0,19.0,0.0,Oil leak,103.83
2019,19,United States Grand Prix,pre_covid,Sebastian Vettel,Ferrari,2.0,20.0,0.0,Suspension,102.165
2021,8,Styrian Grand Prix,post_covid,Max Verstappen,Red Bull Racing,1.0,1.0,25.0,Finished,68.017
2021,8,Styrian Grand Prix,post_covid,Lewis Hamilton,Mercedes,2.0,2.0,19.0,Finished,67.058
2021,8,Styrian Grand Prix,post_covid,Valtteri Bottas,Mercedes,5.0,3.0,15.0,Finished,68.619
2021,8,Styrian Grand Prix,post_covid,Sergio Perez,Red Bull Racing,4.0,4.0,12.0,Finished,67.894
2021,8,Styrian Grand Prix,post_covid,Lando Norris,McLaren,3.0,5.0,10.0,+1 Lap,68.903
2021,8,Styrian Grand Prix,post_covid,Carlos Sainz,Ferrari,12.0,6.0,8.0,+1 Lap,68.609
2021,8,Styrian Grand Prix,post_covid,Charles Leclerc,Ferrari,7.0,7.0,6.0,+1 Lap,68.738
2021,8,Styrian Grand Prix,post_covid,Lance Stroll,Aston Martin,9.0,8.0,4.0,+1 Lap,69.787
2021,8,Styrian Grand Prix,post_covid,Fernando Alonso,Alpine,8.0,9.0,2.0,+1 Lap,69.749
2021,8,Styrian Grand Prix,post_covid,Yuki Tsunoda,RB,11.0,10.0,1.0,+1 Lap,69.65
2021,8,Styrian Grand Prix,post_covid,Kimi Räikkönen,Kick Sauber,18.0,11.0,0.0,+1 Lap,69.128
2021,8,Styrian Grand Prix,post_covid,Sebastian Vettel,Aston Martin,14.0,12.0,0.0,+1 Lap,69.821
2021,8,Styrian Grand Prix,post_covid,Daniel Ricciardo,McLaren,13.0,13.0,0.0,+1 Lap,69.305
2021,8,Styrian Grand Prix,post_covid,Esteban Ocon,Alpine,17.0,14.0,0.0,+1 Lap,69.576
2021,8,Styrian Grand Prix,post_covid,Antonio Giovinazzi,Kick Sauber,15.0,15.0,0.0,+1 Lap,69.723
2021,8,Styrian Grand Prix,post_covid,Mick Schumacher,Haas F1 Team,19.0,16.0,0.0,+2 Laps,70.005
2021,8,Styrian Grand Prix,post_covid,Nicholas Latifi,Williams,16.0,17.0,0.0,+3 Laps,70.104
2021,8,Styrian Grand Prix,post_covid,Nikita Mazepin,Haas F1 Team,20.0,18.0,0.0,+3 Laps,70.951
2021,8,Styrian Grand Prix,post_covid,George Russell,Williams,10.0,19.0,0.0,Engine,70.499
2021,8,Styrian Grand Prix,post_covid,Pierre Gasly,RB,6.0,20.0,0.0,Collision,123.661
2021,21,Saudi Arabian Grand Prix,post_covid,Lewis Hamilton,Mercedes,1.0,1.0,26.0,Finished,90.734
2021,21,Saudi Arabian Grand Prix,post_covid,Max Verstappen,Red Bull Racing,3.0,2.0,18.0,Finished,91.488
2021,21,Saudi Arabian Grand Prix,post_covid,Valtteri Bottas,Mercedes,2.0,3.0,15.0,Finished,91.408
2021,21,Saudi Arabian Grand Prix,post_covid,Esteban Ocon,Alpine,9.0,4.0,12.0,Finished,91.797
2021,21,Saudi Arabian Grand Prix,post_covid,Daniel Ricciardo,McLaren,11.0,5.0,10.0,Finished,92.716
2021,21,Saudi Arabian Grand Prix,post_covid,Pierre Gasly,RB,6.0,6.0,8.0,Finished,92.297
2021,21,Saudi Arabian Grand Prix,post_covid,Charles Leclerc,Ferrari,4.0,7.0,6.0,Finished,91.601
2021,21,Saudi Arabian Grand Prix,post_covid,Carlos Sainz,Ferrari,15.0,8.0,4.0,Finished,91.851
2021,21,Saudi Arabian Grand Prix,post_covid,Antonio Giovinazzi,Kick Sauber,10.0,9.0,2.0,Finished,92.865
2021,21,Saudi Arabian Grand Prix,post_covid,Lando Norris,McLaren,7.0,10.0,1.0,Finished,91.914
2021,21,Saudi Arabian Grand Prix,post_covid,Lance Stroll,Aston Martin,18.0,11.0,0.0,Finished,92.804
2021,21,Saudi Arabian Grand Prix,post_covid,Nicholas Latifi,Williams,16.0,12.0,0.0,Finished,92.751
2021,21,Saudi Arabian Grand Prix,post_covid,Fernando Alonso,Alpine,13.0,13.0,0.0,+1 Lap,91.633
2021,21,Saudi Arabian Grand Prix,post_covid,Yuki Tsunoda,RB,8.0,14.0,0.0,+1 Lap,92.506
2021,21,Saudi Arabian Grand Prix,post_covid,Kimi Räikkönen,Kick Sauber,12.0,15.0,0.0,+1 Lap,92.778
2021,21,Saudi Arabian Grand Prix,post_covid,Sebastian Vettel,Aston Martin,17.0,16.0,0.0,Collision damage,94.03
2021,21,Saudi Arabian Grand Prix,post_covid,Sergio Perez,Red Bull Racing,5.0,17.0,0.0,Collision,94.138
2021,21,Saudi Arabian Grand Prix,post_covid,Nikita Mazepin,Haas F1 Team,20.0,18.0,0.0,Collision,97.043
2021,21,Saudi Arabian Grand Prix,post_covid,George Russell,Williams,14.0,19.0,0.0,Collision,96.13
2021,21,Saudi Arabian Grand Prix,post_covid,Mick Schumacher,Haas F1 Team,19.0,20.0,0.0,Accident,96.043
2021,20,Qatar Grand Prix,post_covid,Lewis Hamilton,Mercedes,1.0,1.0,25.0,Finished,85.084
2021,20,Qatar Grand Prix,post_covid,Max Verstappen,Red Bull Racing,7.0,2.0,19.0,Finished,83.196
2021,20,Qatar Grand Prix,post_covid,Fernando Alonso,Alpine,3.0,3.0,15.0,Finished,86.682
2021,20,Qatar Grand Prix,post_covid,Sergio Perez,Red Bull Racing,11.0,4.0,12.0,Finished,85.613
2021,20,Qatar Grand Prix,post_covid,Esteban Ocon,Alpine,9.0,5.0,10.0,Finished,87.061
2021,20,Qatar Grand Prix,post_covid,Lance Stroll,Aston Martin,12.0,6.0,8.0,Finished,87.356
2021,20,Qatar Grand Prix,post_covid,Carlos Sainz,Ferrari,5.0,7.0,6.0,Finished,86.57
2021,20,Qatar Grand Prix,post_covid,Charles Leclerc,Ferrari,13.0,8.0,4.0,Finished,86.555
2021,20,Qatar Grand Prix,post_covid,Lando Norris,McLaren,4.0,9.0,2.0,+1 Lap,85.746
2021,20,Qatar Grand Prix,post_covid,Sebastian Vettel,Aston Martin,10.0,10.0,1.0,+1 Lap,86.434
2021,20,Qatar Grand Prix,post_covid,Pierre Gasly,RB,2.0,11.0,0.0,+1 Lap,87.019
2021,20,Qatar Grand Prix,post_covid,Daniel Ricciardo,McLaren,14.0,12.0,0.0,+1 Lap,87.198
2021,20,Qatar Grand Prix,post_covid,Yuki Tsunoda,RB,8.0,13.0,0.0,+1 Lap,87.043
2021,20,Qatar Grand Prix,post_covid,Kimi Räikkönen,Kick Sauber,16.0,14.0,0.0,+1 Lap,86.358
2021,20,Qatar Grand Prix,post_covid,Antonio Giovinazzi,Kick Sauber,18.0,15.0,0.0,+1 Lap,87.823
2021,20,Qatar Grand Prix,post_covid,Mick Schumacher,Haas F1 Team,19.0,16.0,0.0,+1 Lap,88.412
2021,20,Qatar Grand Prix,post_covid,George Russell,Williams,15.0,17.0,0.0,+2 Laps,85.768
2021,20,Qatar Grand Prix,post_covid,Nikita Mazepin,Haas F1 Team,20.0,18.0,0.0,+2 Laps,87.34
2021,20,Qatar Grand Prix,post_covid,Nicholas Latifi,Williams,17.0,19.0,0.0,Puncture,88.732
2021,20,Qatar Grand Prix,post_covid,Valtteri Bottas,Mercedes,6.0,20.0,0.0,Damage,87.246
2021,9,Austrian Grand Prix,post_covid,Max Verstappen,Red Bull Racing,1.0,1.0,26.0,Finished,66.2
2021,9,Austrian Grand Prix,post_covid,Valtteri Bottas,Mercedes,5.0,2.0,18.0,Finished,68.374
2021,9,Austrian Grand Prix,post_covid,Lando Norris,McLaren,2.0,3.0,15.0,Finished,68.471
2021,9,Austrian Grand Prix,post_covid,Lewis Hamilton,Mercedes,4.0,4.0,12.0,Finished,68.126
2021,9,Austrian Grand Prix,post_covid,Carlos Sainz,Ferrari,10.0,5.0,10.0,Finished,67.762
2021,9,Austrian Grand Prix,post_covid,Sergio Perez,Red Bull Racing,3.0,6.0,8.0,Finished,68.192
2021,9,Austrian Grand Prix,post_covid,Daniel Ricciardo,McLaren,13.0,7.0,6.0,Finished,68.82
2021,9,Austrian Grand Prix,post_covid,Charles Leclerc,Ferrari,12.0,8.0,4.0,Finished,68.698
2021,9,Austrian Grand Prix,post_covid,Pierre Gasly,RB,6.0,9.0,2.0,Finished,68.146
2021,9,Austrian Grand Prix,post_covid,Fernando Alonso,Alpine,14.0,10.0,1.0,+1 Lap,68.405
2021,9,Austrian Grand Prix,post_covid,George Russell,Williams,8.0,11.0,0.0,+1 Lap,68.9
2021,9,Austrian Grand Prix,post_covid,Yuki Tsunoda,RB,7.0,12.0,0.0,+1 Lap,68.455
2021,9,Austrian Grand Prix,post_covid,Lance Stroll,Aston Martin,9.0,13.0,0.0,+1 Lap,68.659
2021,9,Austrian Grand Prix,post_covid,Antonio Giovinazzi,Kick Sauber,15.0,14.0,0.0,+1 Lap,69.042
2021,9,Austrian Grand Prix,post_covid,Kimi Räikkönen,Kick Sauber,16.0,15.0,0.0,+1 Lap,68.52
2021,9,Austrian Grand Prix,post_covid,Nicholas Latifi,Williams,18.0,16.0,0.0,+1 Lap,68.874
2021,9,Austrian Grand Prix,post_covid,Sebastian Vettel,Aston Martin,11.0,17.0,0.0,Collision,68.42
2021,9,Austrian Grand Prix,post_covid,Mick Schumacher,Haas F1 Team,19.0,18.0,0.0,+2 Laps,69.394
2021,9,Austrian Grand Prix,post_covid,Nikita Mazepin,Haas F1 Team,20.0,19.0,0.0,+2 Laps,69.757
2021,9,Austrian Grand Prix,post_covid,Esteban Ocon,Alpine,17.0,20.0,0.0,Collision,
2019,18,Mexican Grand Prix,pre_covid,Lewis Hamilton,Mercedes,3.0,1.0,25.0,Finished,79.461
2019,18,Mexican Grand Prix,pre_covid,Sebastian Vettel,Ferrari,2.0,2.0,18.0,Finished,79.381
2019,18,Mexican Grand Prix,pre_covid,Valtteri Bottas,Mercedes,6.0,3.0,15.0,Finished,79.494
2019,18,Mexican Grand Prix,pre_covid,Charles Leclerc,Ferrari,1.0,4.0,13.0,Finished,79.232
2019,18,Mexican Grand Prix,pre_covid,Alexander Albon,Red Bull Racing,5.0,5.0,10.0,Finished,79.325
2019,18,Mexican Grand Prix,pre_covid,Max Verstappen,Red Bull Racing,4.0,6.0,8.0,Finished,80.406
2019,18,Mexican Grand Prix,pre_covid,Sergio Perez,Aston Martin,11.0,7.0,6.0,Finished,80.485
2019,18,Mexican Grand Prix,pre_covid,Daniel Ricciardo,Alpine,13.0,8.0,4.0,Finished,80.146
2019,18,Mexican Grand Prix,pre_covid,Pierre Gasly,RB,10.0,9.0,2.0,+1 Lap,79.53
2019,18,Mexican Grand Prix,pre_covid,Nico Hulkenberg,Alpine,12.0,10.0,1.0,+1 Lap,80.791
2019,18,Mexican Grand Prix,pre_covid,Daniil Kvyat,RB,9.0,11.0,0.0,+1 Lap,79.905
2019,18,Mexican Grand Prix,pre_covid,Lance Stroll,Aston Martin,16.0,12.0,0.0,+1 Lap,80.922
2019,18,Mexican Grand Prix,pre_covid,Carlos Sainz,McLaren,7.0,13.0,0.0,+1 Lap,80.311
2019,18,Mexican Grand Prix,pre_covid,Antonio Giovinazzi,Kick Sauber,15.0,14.0,0.0,+1 Lap,81.014
2019,18,Mexican Grand Prix,pre_covid,Kevin Magnussen,Haas F1 Team,17.0,15.0,0.0,+2 Laps,81.682
2019,18,Mexican Grand Prix,pre_covid,George Russell,Williams,19.0,16.0,0.0,+2 Laps,81.286
2019,18,Mexican Grand Prix,pre_covid,Romain Grosjean,Haas F1 Team,18.0,17.0,0.0,+2 Laps,81.581
2019,18,Mexican Grand Prix,pre_covid,Robert Kubica,Williams,20.0,18.0,0.0,+2 Laps,80.696
2019,18,Mexican Grand Prix,pre_covid,Kimi Räikkönen,Kick Sauber,14.0,19.0,0.0,Overheating,80.082
2019,18,Mexican Grand Prix,pre_covid,Lando Norris,McLaren,8.0,20.0,0.0,Withdrew,81.643
2024,10,Spanish Grand Prix,post_covid,Max Verstappen,Red Bull Racing,2.0,1.0,25.0,Finished,77.776
2024,10,Spanish Grand Prix,post_covid,Lando Norris,McLaren,1.0,2.0,19.0,Finished,77.115
2024,10,Spanish Grand Prix,post_covid,Lewis Hamilton,Mercedes,3.0,3.0,15.0,Finished,77.809
2024,10,Spanish Grand Prix,post_covid,George Russell,Mercedes,4.0,4.0,12.0,Finished,78.29
2024,10,Spanish Grand Prix,post_covid,Charles Leclerc,Ferrari,5.0,5.0,10.0,Finished,77.897
2024,10,Spanish Grand Prix,post_covid,Carlos Sainz,Ferrari,6.0,6.0,8.0,Finished,78.539
2024,10,Spanish Grand Prix,post_covid,Oscar Piastri,McLaren,9.0,7.0,6.0,Finished,77.874
2024,10,Spanish Grand Prix,post_covid,Sergio Perez,Red Bull Racing,11.0,8.0,4.0,Finished,77.785
2024,10,Spanish Grand Prix,post_covid,Pierre Gasly,Alpine,7.0,9.0,2.0,Finished,79.045
2024,10,Spanish Grand Prix,post_covid,Esteban Ocon,Alpine,8.0,10.0,1.0,Finished,78.982
2024,10,Spanish Grand Prix,post_covid,Nico Hulkenberg,Haas F1 Team,13.0,11.0,0.0,Finished,78.609
2024,10,Spanish Grand Prix,post_covid,Fernando Alonso,Aston Martin,10.0,12.0,0.0,Lapped,78.334
2024,10,Spanish Grand Prix,post_covid,Guanyu Zhou,Kick Sauber,15.0,13.0,0.0,Lapped,78.771
2024,10,Spanish Grand Prix,post_covid,Lance Stroll,Aston Martin,14.0,14.0,0.0,Lapped,79.318
2024,10,Spanish Grand Prix,post_covid,Daniel Ricciardo,RB,18.0,15.0,0.0,Lapped,79.45
2024,10,Spanish Grand Prix,post_covid,Valtteri Bottas,Kick Sauber,12.0,16.0,0.0,Lapped,79.608
2024,10,Spanish Grand Prix,post_covid,Kevin Magnussen,Haas F1 Team,16.0,17.0,0.0,Lapped,79.805
2024,10,Spanish Grand Prix,post_covid,Alexander Albon,Williams,20.0,18.0,0.0,Lapped,79.132
2024,10,Spanish Grand Prix,post_covid,Yuki Tsunoda,RB,17.0,19.0,0.0,Lapped,79.447
2024,10,Spanish Grand Prix,post_covid,Logan Sargeant,Williams,19.0,20.0,0.0,Lapped,80.172
2023,19,Mexico City Grand Prix,post_covid,Max Verstappen,Red Bull Racing,3.0,1.0,25.0,Finished,81.644
2023,19,Mexico City Grand Prix,post_covid,Lewis Hamilton,Mercedes,6.0,2.0,19.0,Finished,81.334
2023,19,Mexico City Grand Prix,post_covid,Charles Leclerc,Ferrari,1.0,3.0,15.0,Finished,82.332
2023,19,Mexico City Grand Prix,post_covid,Carlos Sainz,Ferrari,2.0,4.0,12.0,Finished,82.539
2023,19,Mexico City Grand Prix,post_covid,Lando Norris,McLaren,17.0,5.0,10.0,Finished,81.944
2023,19,Mexico City Grand Prix,post_covid,George Russell,Mercedes,8.0,6.0,8.0,Finished,82.78
2023,19,Mexico City Grand Prix,post_covid,Daniel Ricciardo,RB,4.0,7.0,6.0,Finished,82.679
2023,19,Mexico City Grand Prix,post_covid,Oscar Piastri,McLaren,7.0,8.0,4.0,Finished,82.76
2023,19,Mexico City Grand Prix,post_covid,Alexander Albon,Williams,14.0,9.0,2.0,Finished,82.773
2023,19,Mexico City Grand Prix,post_covid,Esteban Ocon,Alpine,15.0,10.0,1.0,Finished,82.976
2023,19,Mexico City Grand Prix,post_covid,Pierre Gasly,Alpine,11.0,11.0,0.0,Finished,83.23
2023,19,Mexico City Grand Prix,post_covid,Yuki Tsunoda,RB,18.0,12.0,0.0,Finished,82.501
2023,19,Mexico City Grand Prix,post_covid,Nico Hulkenberg,Haas F1 Team,12.0,13.0,0.0,Finished,83.222
2023,19,Mexico City Grand Prix,post_covid,Guanyu Zhou,Kick Sauber,10.0,14.0,0.0,Finished,83.567
2023,19,Mexico City Grand Prix,post_covid,Valtteri Bottas,Kick Sauber,9.0,15.0,0.0,Finished,83.166
2023,19,Mexico City Grand Prix,post_covid,Logan Sargeant,Williams,19.0,16.0,0.0,Retired,83.003
2023,19,Mexico City Grand Prix,post_covid,Lance Stroll,Aston Martin,0.0,17.0,0.0,Collision damage,83.257
2023,19,Mexico City Grand Prix,post_covid,Fernando Alonso,Aston Martin,13.0,18.0,0.0,Withdrew,83.531
2023,19,Mexico City Grand Prix,post_covid,Kevin Magnussen,Haas F1 Team,16.0,19.0,0.0,Accident,83.146
2023,19,Mexico City Grand Prix,post_covid,Sergio Perez,Red Bull Racing,5.0,20.0,0.0,Collision damage,103.446
