Time,Driver,DriverNumber,LapTime,LapNumber,Stint,PitOutTime,PitInTime,Sector1Time,Sector2Time,Sector3Time,Sector1SessionTime,Sector2SessionTime,Sector3SessionTime,SpeedI1,SpeedI2,SpeedFL,SpeedST,IsPersonalBest,Compound,TyreLife,FreshTyre,Team,LapStartTime,LapStartDate,TrackStatus,Position,Deleted,DeletedReason,FastF1Generated,IsAccurate
0 days 00:58:08.742000,NOR,1,0 days 00:01:24.177000,1.0,1.0,,,,0 days 00:00:27.056000,0 days 00:00:25.560000,,0 days 00:57:44.833000,0 days 00:58:10.361000,290.0,280.0,308.0,208.0,False,MEDIUM,1.0,True,McLaren,0 days 00:56:45.791000,2026-08-23 13:03:28.568,1,1.0,False,,False,False
0 days 01:00:11.939000,NOR,1,0 days 00:02:03.197000,2.0,1.0,,0 days 01:00:10.950000,0 days 00:00:26.899000,0 days 00:00:40.058000,0 days 00:00:56.240000,0 days 00:58:37.260000,0 days 00:59:17.318000,0 days 01:00:13.558000,271.0,163.0,,269.0,False,MEDIUM,2.0,True,McLaren,0 days 00:58:08.742000,2026-08-23 13:04:51.519,125,1.0,False,,False,False
0 days 01:28:33.657000,NOR,1,,3.0,2.0,0 days 01:26:22.390000,,,0 days 00:00:35.231000,0 days 00:01:01.496000,,0 days 01:27:33.798000,0 days 01:28:35.276000,267.0,199.0,82.0,269.0,False,SOFT,4.0,False,McLaren,0 days 01:26:17.312000,2026-08-23 13:33:00.089,1,1.0,False,,False,False
0 days 01:31:52.188000,NOR,1,,4.0,2.0,,,,0 days 00:00:28.340000,0 days 00:00:58.131000,,0 days 01:30:55.700000,0 days 01:31:53.916000,246.0,176.0,52.0,112.0,False,SOFT,5.0,False,McLaren,0 days 01:28:33.657000,2026-08-23 13:35:16.434,12,1.0,False,,False,False
0 days 01:34:18.122000,NOR,1,0 days 00:02:25.934000,5.0,2.0,,,0 days 00:01:35.385000,0 days 00:00:27.429000,0 days 00:00:23.120000,0 days 01:33:29.192000,0 days 01:33:56.621000,0 days 01:34:19.741000,266.0,269.0,311.0,212.0,True,SOFT,6.0,False,McLaren,0 days 01:31:52.188000,2026-08-23 13:38:34.965,12,2.0,False,,False,True
0 days 01:35:34.989000,NOR,1,0 days 00:01:16.867000,6.0,2.0,,,0 days 00:00:26.295000,0 days 00:00:27.442000,0 days 00:00:23.130000,0 days 01:34:46.036000,0 days 01:35:13.478000,0 days 01:35:36.608000,277.0,276.0,314.0,301.0,True,SOFT,7.0,False,McLaren,0 days 01:34:18.122000,2026-08-23 13:41:00.899,1,2.0,False,,False,True
0 days 01:36:51.882000,NOR,1,0 days 00:01:16.893000,7.0,2.0,,,0 days 00:00:26.209000,0 days 00:00:27.466000,0 days 00:00:23.218000,0 days 01:36:02.817000,0 days 01:36:30.283000,0 days 01:36:53.501000,286.0,279.0,315.0,300.0,False,SOFT,8.0,False,McLaren,0 days 01:35:34.989000,2026-08-23 13:42:17.766,1,2.0,False,,False,True
0 days 01:38:08.629000,NOR,1,0 days 00:01:16.747000,8.0,2.0,,,0 days 00:00:25.922000,0 days 00:00:27.712000,0 days 00:00:23.113000,0 days 01:37:19.423000,0 days 01:37:47.135000,0 days 01:38:10.248000,285.0,279.0,318.0,307.0,True,SOFT,9.0,False,McLaren,0 days 01:36:51.882000,2026-08-23 13:43:34.659,1,2.0,False,,False,True
0 days 01:39:25.295000,NOR,1,0 days 00:01:16.666000,9.0,2.0,,,0 days 00:00:25.905000,0 days 00:00:27.682000,0 days 00:00:23.079000,0 days 01:38:36.153000,0 days 01:39:03.835000,0 days 01:39:26.914000,287.0,278.0,313.0,306.0,True,SOFT,10.0,False,McLaren,0 days 01:38:08.629000,2026-08-23 13:44:51.406,1,2.0,False,,False,True
0 days 01:40:42.190000,NOR,1,0 days 00:01:16.895000,10.0,2.0,,,0 days 00:00:25.976000,0 days 00:00:27.796000,0 days 00:00:23.123000,0 days 01:39:52.890000,0 days 01:40:20.686000,0 days 01:40:43.809000,289.0,279.0,314.0,300.0,False,SOFT,11.0,False,McLaren,0 days 01:39:25.295000,2026-08-23 13:46:08.072,1,2.0,False,,False,True
0 days 01:41:59.235000,NOR,1,0 days 00:01:17.045000,11.0,2.0,,,0 days 00:00:25.975000,0 days 00:00:27.893000,0 days 00:00:23.177000,0 days 01:41:09.784000,0 days 01:41:37.677000,0 days 01:42:00.854000,283.0,272.0,312.0,302.0,False,SOFT,12.0,False,McLaren,0 days 01:40:42.190000,2026-08-23 13:47:24.967,1,2.0,False,,False,True
0 days 01:43:16.305000,NOR,1,0 days 00:01:17.070000,12.0,2.0,,,0 days 00:00:26.011000,0 days 00:00:27.857000,0 days 00:00:23.202000,0 days 01:42:26.865000,0 days 01:42:54.722000,0 days 01:43:17.924000,282.0,273.0,313.0,305.0,False,SOFT,13.0,False,McLaren,0 days 01:41:59.235000,2026-08-23 13:48:42.012,1,2.0,False,,False,True
0 days 01:44:33.370000,NOR,1,0 days 00:01:17.065000,13.0,2.0,,,0 days 00:00:25.988000,0 days 00:00:27.868000,0 days 00:00:23.209000,0 days 01:43:43.912000,0 days 01:44:11.780000,0 days 01:44:34.989000,283.0,275.0,312.0,306.0,False,SOFT,14.0,False,McLaren,0 days 01:43:16.305000,2026-08-23 13:49:59.082,1,2.0,False,,False,True
0 days 01:45:50.611000,NOR,1,0 days 00:01:17.241000,14.0,2.0,,,0 days 00:00:25.894000,0 days 00:00:28.041000,0 days 00:00:23.306000,0 days 01:45:00.883000,0 days 01:45:28.924000,0 days 01:45:52.230000,283.0,273.0,312.0,306.0,False,SOFT,15.0,False,McLaren,0 days 01:44:33.370000,2026-08-23 13:51:16.147,1,2.0,False,,False,True
0 days 01:47:07.803000,NOR,1,0 days 00:01:17.192000,15.0,2.0,,,0 days 00:00:25.971000,0 days 00:00:27.951000,0 days 00:00:23.270000,0 days 01:46:18.201000,0 days 01:46:46.152000,0 days 01:47:09.422000,282.0,273.0,312.0,305.0,False,SOFT,16.0,False,McLaren,0 days 01:45:50.611000,2026-08-23 13:52:33.388,1,2.0,False,,False,True
0 days 01:48:24.995000,NOR,1,0 days 00:01:17.192000,16.0,2.0,,,0 days 00:00:25.908000,0 days 00:00:28.026000,0 days 00:00:23.258000,0 days 01:47:35.330000,0 days 01:48:03.356000,0 days 01:48:26.614000,282.0,274.0,314.0,306.0,False,SOFT,17.0,False,McLaren,0 days 01:47:07.803000,2026-08-23 13:53:50.580,1,2.0,False,,False,True
0 days 01:49:42.409000,NOR,1,0 days 00:01:17.414000,17.0,2.0,,,0 days 00:00:25.910000,0 days 00:00:28.135000,0 days 00:00:23.369000,0 days 01:48:52.524000,0 days 01:49:20.659000,0 days 01:49:44.028000,281.0,274.0,313.0,309.0,False,SOFT,18.0,False,McLaren,0 days 01:48:24.995000,2026-08-23 13:55:07.772,1,2.0,False,,False,True
0 days 01:50:59.851000,NOR,1,0 days 00:01:17.442000,18.0,2.0,,,0 days 00:00:26.031000,0 days 00:00:28.074000,0 days 00:00:23.337000,0 days 01:50:10.059000,0 days 01:50:38.133000,0 days 01:51:01.470000,281.0,275.0,312.0,309.0,False,SOFT,19.0,False,McLaren,0 days 01:49:42.409000,2026-08-23 13:56:25.186,1,2.0,False,,False,True
0 days 01:52:17.359000,NOR,1,0 days 00:01:17.508000,19.0,2.0,,,0 days 00:00:25.971000,0 days 00:00:28.202000,0 days 00:00:23.335000,0 days 01:51:27.441000,0 days 01:51:55.643000,0 days 01:52:18.978000,281.0,273.0,314.0,307.0,False,SOFT,20.0,False,McLaren,0 days 01:50:59.851000,2026-08-23 13:57:42.628,1,2.0,False,,False,True
0 days 01:53:35.180000,NOR,1,0 days 00:01:17.821000,20.0,2.0,,,0 days 00:00:26.007000,0 days 00:00:28.469000,0 days 00:00:23.345000,0 days 01:52:44.985000,0 days 01:53:13.454000,0 days 01:53:36.799000,281.0,275.0,313.0,309.0,False,SOFT,21.0,False,McLaren,0 days 01:52:17.359000,2026-08-23 13:59:00.136,1,2.0,False,,False,True
0 days 01:54:55.760000,NOR,1,0 days 00:01:20.580000,21.0,2.0,,0 days 01:54:56.178000,0 days 00:00:26.032000,0 days 00:00:28.348000,0 days 00:00:26.200000,0 days 01:54:02.831000,0 days 01:54:31.179000,0 days 01:54:57.379000,283.0,274.0,,307.0,False,SOFT,22.0,False,McLaren,0 days 01:53:35.180000,2026-08-23 14:00:17.957,1,2.0,False,,False,False
0 days 01:56:29.030000,NOR,1,0 days 00:01:33.270000,22.0,3.0,0 days 01:55:14.266000,,0 days 00:00:43.107000,0 days 00:00:27.310000,0 days 00:00:22.853000,0 days 01:55:40.486000,0 days 01:56:07.796000,0 days 01:56:30.649000,287.0,276.0,313.0,307.0,False,HARD,1.0,True,McLaren,0 days 01:54:55.760000,2026-08-23 14:01:38.537,1,3.0,False,,False,False
0 days 01:57:44.999000,NOR,1,0 days 00:01:15.969000,23.0,3.0,,,0 days 00:00:25.782000,0 days 00:00:27.335000,0 days 00:00:22.852000,0 days 01:56:56.431000,0 days 01:57:23.766000,0 days 01:57:46.618000,283.0,276.0,314.0,302.0,True,HARD,2.0,True,McLaren,0 days 01:56:29.030000,2026-08-23 14:03:11.807,1,3.0,False,,False,True
0 days 01:59:01.265000,NOR,1,0 days 00:01:16.266000,24.0,3.0,,,0 days 00:00:25.752000,0 days 00:00:27.576000,0 days 00:00:22.938000,0 days 01:58:12.370000,0 days 01:58:39.946000,0 days 01:59:02.884000,284.0,274.0,314.0,303.0,False,HARD,3.0,True,McLaren,0 days 01:57:44.999000,2026-08-23 14:04:27.776,1,3.0,False,,False,True
0 days 02:00:17.409000,NOR,1,0 days 00:01:16.144000,25.0,3.0,,,0 days 00:00:25.695000,0 days 00:00:27.491000,0 days 00:00:22.958000,0 days 01:59:28.579000,0 days 01:59:56.070000,0 days 02:00:19.028000,284.0,274.0,312.0,303.0,False,HARD,4.0,True,McLaren,0 days 01:59:01.265000,2026-08-23 14:05:44.042,1,3.0,False,,False,True
0 days 02:01:33.651000,NOR,1,0 days 00:01:16.242000,26.0,3.0,,,0 days 00:00:25.788000,0 days 00:00:27.427000,0 days 00:00:23.027000,0 days 02:00:44.816000,0 days 02:01:12.243000,0 days 02:01:35.270000,280.0,276.0,314.0,303.0,False,HARD,5.0,True,McLaren,0 days 02:00:17.409000,2026-08-23 14:07:00.186,1,2.0,False,,False,True
0 days 02:02:49.462000,NOR,1,0 days 00:01:15.811000,27.0,3.0,,,0 days 00:00:25.696000,0 days 00:00:27.305000,0 days 00:00:22.810000,0 days 02:02:00.966000,0 days 02:02:28.271000,0 days 02:02:51.081000,282.0,280.0,317.0,307.0,True,HARD,6.0,True,McLaren,0 days 02:01:33.651000,2026-08-23 14:08:16.428,1,2.0,False,,False,True
0 days 02:04:05.339000,NOR,1,0 days 00:01:15.877000,28.0,3.0,,,0 days 00:00:25.725000,0 days 00:00:27.293000,0 days 00:00:22.859000,0 days 02:03:16.806000,0 days 02:03:44.099000,0 days 02:04:06.958000,282.0,278.0,317.0,305.0,False,HARD,7.0,True,McLaren,0 days 02:02:49.462000,2026-08-23 14:09:32.239,1,2.0,False,,False,True
0 days 02:05:21.484000,NOR,1,0 days 00:01:16.145000,29.0,3.0,,,0 days 00:00:25.680000,0 days 00:00:27.539000,0 days 00:00:22.926000,0 days 02:04:32.638000,0 days 02:05:00.177000,0 days 02:05:23.103000,285.0,281.0,317.0,312.0,False,HARD,8.0,True,McLaren,0 days 02:04:05.339000,2026-08-23 14:10:48.116,1,2.0,False,,False,True
0 days 02:06:37.705000,NOR,1,0 days 00:01:16.221000,30.0,3.0,,,0 days 00:00:25.832000,0 days 00:00:27.447000,0 days 00:00:22.942000,0 days 02:05:48.935000,0 days 02:06:16.382000,0 days 02:06:39.324000,290.0,281.0,323.0,291.0,False,HARD,9.0,True,McLaren,0 days 02:05:21.484000,2026-08-23 14:12:04.261,1,2.0,False,,False,True
0 days 02:07:54.021000,NOR,1,0 days 00:01:16.316000,31.0,3.0,,,0 days 00:00:25.824000,0 days 00:00:27.416000,0 days 00:00:23.076000,0 days 02:07:05.148000,0 days 02:07:32.564000,0 days 02:07:55.640000,290.0,292.0,318.0,306.0,False,HARD,10.0,True,McLaren,0 days 02:06:37.705000,2026-08-23 14:13:20.482,1,2.0,False,,False,True
0 days 02:09:10.419000,NOR,1,0 days 00:01:16.398000,32.0,3.0,,,0 days 00:00:25.699000,0 days 00:00:27.690000,0 days 00:00:23.009000,0 days 02:08:21.339000,0 days 02:08:49.029000,0 days 02:09:12.038000,287.0,278.0,322.0,309.0,False,HARD,11.0,True,McLaren,0 days 02:07:54.021000,2026-08-23 14:14:36.798,1,2.0,False,,False,True
0 days 02:10:27.239000,NOR,1,0 days 00:01:16.820000,33.0,3.0,,,0 days 00:00:25.715000,0 days 00:00:27.790000,0 days 00:00:23.315000,0 days 02:09:37.753000,0 days 02:10:05.543000,0 days 02:10:28.858000,291.0,279.0,321.0,309.0,False,HARD,12.0,True,McLaren,0 days 02:09:10.419000,2026-08-23 14:15:53.196,1,2.0,False,,False,True
0 days 02:11:43.709000,NOR,1,0 days 00:01:16.470000,34.0,3.0,,,0 days 00:00:25.951000,0 days 00:00:27.523000,0 days 00:00:22.996000,0 days 02:10:54.809000,0 days 02:11:22.332000,0 days 02:11:45.328000,290.0,281.0,316.0,306.0,False,HARD,13.0,True,McLaren,0 days 02:10:27.239000,2026-08-23 14:17:10.016,1,2.0,False,,False,True
0 days 02:13:00.363000,NOR,1,0 days 00:01:16.654000,35.0,3.0,,,0 days 00:00:25.797000,0 days 00:00:27.726000,0 days 00:00:23.131000,0 days 02:12:11.125000,0 days 02:12:38.851000,0 days 02:13:01.982000,284.0,281.0,319.0,309.0,False,HARD,14.0,True,McLaren,0 days 02:11:43.709000,2026-08-23 14:18:26.486,1,2.0,False,,False,True
0 days 02:14:18.411000,NOR,1,0 days 00:01:18.048000,36.0,3.0,,,0 days 00:00:27.129000,0 days 00:00:27.486000,0 days 00:00:23.433000,0 days 02:13:29.111000,0 days 02:13:56.597000,0 days 02:14:20.030000,290.0,283.0,321.0,311.0,False,HARD,15.0,True,McLaren,0 days 02:13:00.363000,2026-08-23 14:19:43.140,1,2.0,False,,False,True
0 days 02:15:35.103000,NOR,1,0 days 00:01:16.692000,37.0,3.0,,,0 days 00:00:25.940000,0 days 00:00:27.715000,0 days 00:00:23.037000,0 days 02:14:45.970000,0 days 02:15:13.685000,0 days 02:15:36.722000,290.0,279.0,318.0,304.0,False,HARD,16.0,True,McLaren,0 days 02:14:18.411000,2026-08-23 14:21:01.188,1,2.0,False,,False,True
0 days 02:16:51.436000,NOR,1,0 days 00:01:16.333000,38.0,3.0,,,0 days 00:00:25.680000,0 days 00:00:27.670000,0 days 00:00:22.983000,0 days 02:16:02.402000,0 days 02:16:30.072000,0 days 02:16:53.055000,286.0,278.0,316.0,310.0,False,HARD,17.0,True,McLaren,0 days 02:15:35.103000,2026-08-23 14:22:17.880,1,2.0,False,,False,True
0 days 02:18:07.865000,NOR,1,0 days 00:01:16.429000,39.0,3.0,,,0 days 00:00:25.857000,0 days 00:00:27.599000,0 days 00:00:22.973000,0 days 02:17:18.912000,0 days 02:17:46.511000,0 days 02:18:09.484000,285.0,280.0,331.0,307.0,False,HARD,18.0,True,McLaren,0 days 02:16:51.436000,2026-08-23 14:23:34.213,1,2.0,False,,False,True
0 days 02:19:24.847000,NOR,1,0 days 00:01:16.982000,40.0,3.0,,,0 days 00:00:25.811000,0 days 00:00:27.753000,0 days 00:00:23.418000,0 days 02:18:35.295000,0 days 02:19:03.048000,0 days 02:19:26.466000,290.0,277.0,311.0,317.0,False,HARD,19.0,True,McLaren,0 days 02:18:07.865000,2026-08-23 14:24:50.642,1,1.0,False,,False,True
0 days 02:20:41.146000,NOR,1,0 days 00:01:16.299000,41.0,3.0,,,0 days 00:00:25.807000,0 days 00:00:27.455000,0 days 00:00:23.037000,0 days 02:19:52.273000,0 days 02:20:19.728000,0 days 02:20:42.765000,290.0,277.0,312.0,299.0,False,HARD,20.0,True,McLaren,0 days 02:19:24.847000,2026-08-23 14:26:07.624,1,1.0,False,,False,True
0 days 02:21:57.741000,NOR,1,0 days 00:01:16.595000,42.0,3.0,,,0 days 00:00:25.910000,0 days 00:00:27.523000,0 days 00:00:23.162000,0 days 02:21:08.675000,0 days 02:21:36.198000,0 days 02:21:59.360000,283.0,273.0,311.0,303.0,False,HARD,21.0,True,McLaren,0 days 02:20:41.146000,2026-08-23 14:27:23.923,1,1.0,False,,False,True
0 days 02:23:14.076000,NOR,1,0 days 00:01:16.335000,43.0,3.0,,,0 days 00:00:25.837000,0 days 00:00:27.390000,0 days 00:00:23.108000,0 days 02:22:25.197000,0 days 02:22:52.587000,0 days 02:23:15.695000,284.0,277.0,313.0,304.0,False,HARD,22.0,True,McLaren,0 days 02:21:57.741000,2026-08-23 14:28:40.518,1,1.0,False,,False,True
0 days 02:24:31.192000,NOR,1,0 days 00:01:17.116000,44.0,3.0,,,0 days 00:00:25.896000,0 days 00:00:27.779000,0 days 00:00:23.441000,0 days 02:23:41.591000,0 days 02:24:09.370000,0 days 02:24:32.811000,286.0,275.0,307.0,307.0,False,HARD,23.0,True,McLaren,0 days 02:23:14.076000,2026-08-23 14:29:56.853,1,1.0,False,,False,True
0 days 02:25:47.785000,NOR,1,0 days 00:01:16.593000,45.0,3.0,,,0 days 00:00:25.879000,0 days 00:00:27.497000,0 days 00:00:23.217000,0 days 02:24:58.690000,0 days 02:25:26.187000,0 days 02:25:49.404000,284.0,276.0,312.0,301.0,False,HARD,24.0,True,McLaren,0 days 02:24:31.192000,2026-08-23 14:31:13.969,1,1.0,False,,False,True
0 days 02:27:04.505000,NOR,1,0 days 00:01:16.720000,46.0,3.0,,,0 days 00:00:25.819000,0 days 00:00:27.682000,0 days 00:00:23.219000,0 days 02:26:15.223000,0 days 02:26:42.905000,0 days 02:27:06.124000,284.0,275.0,312.0,305.0,False,HARD,25.0,True,McLaren,0 days 02:25:47.785000,2026-08-23 14:32:30.562,1,1.0,False,,False,True
0 days 02:28:23.821000,NOR,1,0 days 00:01:19.316000,47.0,3.0,,0 days 02:28:24.236000,0 days 00:00:25.852000,0 days 00:00:27.588000,0 days 00:00:25.876000,0 days 02:27:31.976000,0 days 02:27:59.564000,0 days 02:28:25.440000,286.0,286.0,,304.0,False,HARD,26.0,True,McLaren,0 days 02:27:04.505000,2026-08-23 14:33:47.282,1,1.0,False,,False,False
0 days 02:29:55.490000,NOR,1,0 days 00:01:31.669000,48.0,4.0,0 days 02:28:41.704000,,0 days 00:00:42.409000,0 days 00:00:26.698000,0 days 00:00:22.562000,0 days 02:29:07.849000,0 days 02:29:34.547000,0 days 02:29:57.109000,284.0,278.0,323.0,304.0,False,HARD,1.0,True,McLaren,0 days 02:28:23.821000,2026-08-23 14:35:06.598,1,3.0,False,,False,False
0 days 02:31:09.811000,NOR,1,0 days 00:01:14.321000,49.0,4.0,,,0 days 00:00:25.336000,0 days 00:00:26.500000,0 days 00:00:22.485000,0 days 02:30:22.445000,0 days 02:30:48.945000,0 days 02:31:11.430000,291.0,279.0,315.0,311.0,True,HARD,2.0,True,McLaren,0 days 02:29:55.490000,2026-08-23 14:36:38.267,1,3.0,False,,False,True
0 days 02:32:24.176000,NOR,1,0 days 00:01:14.365000,50.0,4.0,,,0 days 00:00:25.267000,0 days 00:00:26.644000,0 days 00:00:22.454000,0 days 02:31:36.697000,0 days 02:32:03.341000,0 days 02:32:25.795000,282.0,278.0,314.0,305.0,False,HARD,3.0,True,McLaren,0 days 02:31:09.811000,2026-08-23 14:37:52.588,1,3.0,False,,False,True
0 days 02:33:38.742000,NOR,1,0 days 00:01:14.566000,51.0,4.0,,,0 days 00:00:25.288000,0 days 00:00:26.779000,0 days 00:00:22.499000,0 days 02:32:51.083000,0 days 02:33:17.862000,0 days 02:33:40.361000,285.0,282.0,334.0,308.0,False,HARD,4.0,True,McLaren,0 days 02:32:24.176000,2026-08-23 14:39:06.953,1,3.0,False,,False,True
0 days 02:34:54.127000,NOR,1,0 days 00:01:15.385000,52.0,4.0,,,0 days 00:00:25.574000,0 days 00:00:27.176000,0 days 00:00:22.635000,0 days 02:34:05.935000,0 days 02:34:33.111000,0 days 02:34:55.746000,280.0,298.0,342.0,320.0,False,HARD,5.0,True,McLaren,0 days 02:33:38.742000,2026-08-23 14:40:21.519,1,3.0,False,,False,True
0 days 02:36:10.392000,NOR,1,0 days 00:01:16.265000,53.0,4.0,,,0 days 00:00:25.793000,0 days 00:00:27.628000,0 days 00:00:22.844000,0 days 02:35:21.539000,0 days 02:35:49.167000,0 days 02:36:12.011000,293.0,284.0,343.0,318.0,False,HARD,6.0,True,McLaren,0 days 02:34:54.127000,2026-08-23 14:41:36.904,1,3.0,False,,False,True
0 days 02:37:26.694000,NOR,1,0 days 00:01:16.302000,54.0,4.0,,,0 days 00:00:25.805000,0 days 00:00:27.735000,0 days 00:00:22.762000,0 days 02:36:37.816000,0 days 02:37:05.551000,0 days 02:37:28.313000,278.0,291.0,317.0,333.0,False,HARD,7.0,True,McLaren,0 days 02:36:10.392000,2026-08-23 14:42:53.169,12,1.0,False,,False,True
0 days 02:39:03.985000,NOR,1,0 days 00:01:37.291000,55.0,4.0,,,0 days 00:00:26.268000,0 days 00:00:38.464000,0 days 00:00:32.559000,0 days 02:37:54.581000,0 days 02:38:33.045000,0 days 02:39:05.604000,275.0,199.0,227.0,305.0,False,HARD,8.0,True,McLaren,0 days 02:37:26.694000,2026-08-23 14:44:09.471,26,1.0,False,,False,False
0 days 02:40:45.644000,NOR,1,0 days 00:01:41.659000,56.0,4.0,,,0 days 00:00:34.777000,0 days 00:00:36.440000,0 days 00:00:30.442000,0 days 02:39:40.381000,0 days 02:40:16.821000,0 days 02:40:47.263000,241.0,217.0,258.0,259.0,False,HARD,9.0,True,McLaren,0 days 02:39:03.985000,2026-08-23 14:45:46.762,6,1.0,False,,False,False
0 days 02:42:24.410000,NOR,1,0 days 00:01:38.766000,57.0,4.0,,,0 days 00:00:38.040000,0 days 00:00:33.689000,0 days 00:00:27.037000,0 days 02:41:25.303000,0 days 02:41:58.992000,0 days 02:42:26.029000,239.0,153.0,305.0,179.0,False,HARD,10.0,True,McLaren,0 days 02:40:45.644000,2026-08-23 14:47:28.421,671,1.0,False,,False,False
0 days 02:43:39.120000,NOR,1,0 days 00:01:14.710000,58.0,4.0,,,0 days 00:00:25.735000,0 days 00:00:26.476000,0 days 00:00:22.499000,0 days 02:42:51.764000,0 days 02:43:18.240000,0 days 02:43:40.739000,280.0,274.0,308.0,296.0,False,HARD,11.0,True,McLaren,0 days 02:42:24.410000,2026-08-23 14:49:07.187,1,1.0,False,,False,True
0 days 02:44:53.865000,NOR,1,0 days 00:01:14.745000,59.0,4.0,,,0 days 00:00:25.424000,0 days 00:00:26.724000,0 days 00:00:22.597000,0 days 02:44:06.163000,0 days 02:44:32.887000,0 days 02:44:55.484000,285.0,273.0,312.0,300.0,False,HARD,12.0,True,McLaren,0 days 02:43:39.120000,2026-08-23 14:50:21.897,1,1.0,False,,False,True
0 days 02:46:08.349000,NOR,1,0 days 00:01:14.484000,60.0,4.0,,,0 days 00:00:25.304000,0 days 00:00:26.574000,0 days 00:00:22.606000,0 days 02:45:20.788000,0 days 02:45:47.362000,0 days 02:46:09.968000,286.0,275.0,316.0,304.0,False,HARD,13.0,True,McLaren,0 days 02:44:53.865000,2026-08-23 14:51:36.642,1,1.0,False,,False,True
0 days 02:47:23.109000,NOR,1,0 days 00:01:14.760000,61.0,4.0,,,0 days 00:00:25.373000,0 days 00:00:26.726000,0 days 00:00:22.661000,0 days 02:46:35.341000,0 days 02:47:02.067000,0 days 02:47:24.728000,285.0,275.0,312.0,300.0,False,HARD,14.0,True,McLaren,0 days 02:46:08.349000,2026-08-23 14:52:51.126,1,1.0,False,,False,True
0 days 02:48:37.978000,NOR,1,0 days 00:01:14.869000,62.0,4.0,,,0 days 00:00:25.433000,0 days 00:00:26.787000,0 days 00:00:22.649000,0 days 02:47:50.161000,0 days 02:48:16.948000,0 days 02:48:39.597000,283.0,275.0,313.0,297.0,False,HARD,15.0,True,McLaren,0 days 02:47:23.109000,2026-08-23 14:54:05.886,1,1.0,False,,False,True
0 days 02:49:52.943000,NOR,1,0 days 00:01:14.965000,63.0,4.0,,,0 days 00:00:25.646000,0 days 00:00:26.668000,0 days 00:00:22.651000,0 days 02:49:05.243000,0 days 02:49:31.911000,0 days 02:49:54.562000,286.0,276.0,312.0,302.0,False,HARD,16.0,True,McLaren,0 days 02:48:37.978000,2026-08-23 14:55:20.755,1,1.0,False,,False,True
0 days 02:51:08.031000,NOR,1,0 days 00:01:15.088000,64.0,4.0,,,0 days 00:00:25.441000,0 days 00:00:26.908000,0 days 00:00:22.739000,0 days 02:50:20.003000,0 days 02:50:46.911000,0 days 02:51:09.650000,284.0,279.0,317.0,304.0,False,HARD,17.0,True,McLaren,0 days 02:49:52.943000,2026-08-23 14:56:35.720,1,1.0,False,,False,True
0 days 02:52:23.490000,NOR,1,0 days 00:01:15.459000,65.0,4.0,,,0 days 00:00:25.401000,0 days 00:00:26.882000,0 days 00:00:23.176000,0 days 02:51:35.051000,0 days 02:52:01.933000,0 days 02:52:25.109000,285.0,279.0,316.0,310.0,False,HARD,18.0,True,McLaren,0 days 02:51:08.031000,2026-08-23 14:57:50.808,1,1.0,False,,False,True
0 days 02:53:39.607000,NOR,1,0 days 00:01:16.117000,66.0,4.0,,,0 days 00:00:25.922000,0 days 00:00:27.549000,0 days 00:00:22.646000,0 days 02:52:51.031000,0 days 02:53:18.580000,0 days 02:53:41.226000,296.0,280.0,315.0,303.0,False,HARD,19.0,True,McLaren,0 days 02:52:23.490000,2026-08-23 14:59:06.267,1,1.0,False,,False,True
0 days 02:54:54.804000,NOR,1,0 days 00:01:15.197000,67.0,4.0,,,0 days 00:00:25.563000,0 days 00:00:26.945000,0 days 00:00:22.689000,0 days 02:54:06.789000,0 days 02:54:33.734000,0 days 02:54:56.423000,283.0,275.0,311.0,298.0,False,HARD,20.0,True,McLaren,0 days 02:53:39.607000,2026-08-23 15:00:22.384,1,1.0,False,,False,True
0 days 02:56:09.987000,NOR,1,0 days 00:01:15.183000,68.0,4.0,,,0 days 00:00:25.552000,0 days 00:00:26.867000,0 days 00:00:22.764000,0 days 02:55:21.975000,0 days 02:55:48.842000,0 days 02:56:11.606000,284.0,278.0,312.0,303.0,False,HARD,21.0,True,McLaren,0 days 02:54:54.804000,2026-08-23 15:01:37.581,1,1.0,False,,False,True
0 days 02:57:25.179000,NOR,1,0 days 00:01:15.192000,69.0,4.0,,,0 days 00:00:25.569000,0 days 00:00:26.950000,0 days 00:00:22.673000,0 days 02:56:37.175000,0 days 02:57:04.125000,0 days 02:57:26.798000,286.0,277.0,313.0,304.0,False,HARD,22.0,True,McLaren,0 days 02:56:09.987000,2026-08-23 15:02:52.764,1,1.0,False,,False,True
0 days 02:58:58.609000,NOR,1,0 days 00:01:33.430000,70.0,4.0,,,0 days 00:00:32.230000,0 days 00:00:36.173000,0 days 00:00:25.027000,0 days 02:57:59.028000,0 days 02:58:35.201000,0 days 02:59:00.228000,221.0,188.0,311.0,304.0,False,HARD,23.0,True,McLaren,0 days 02:57:25.179000,2026-08-23 15:04:07.956,167,1.0,False,,False,False
0 days 03:00:14.048000,NOR,1,0 days 00:01:15.439000,71.0,4.0,,,0 days 00:00:25.831000,0 days 00:00:26.876000,0 days 00:00:22.732000,0 days 02:59:26.059000,0 days 02:59:52.935000,0 days 03:00:15.667000,288.0,276.0,314.0,301.0,False,HARD,24.0,True,McLaren,0 days 02:58:58.609000,2026-08-23 15:05:41.386,1,1.0,False,,False,True
0 days 03:01:29.313000,NOR,1,0 days 00:01:15.265000,72.0,4.0,,,0 days 00:00:25.477000,0 days 00:00:27.063000,0 days 00:00:22.725000,0 days 03:00:41.144000,0 days 03:01:08.207000,0 days 03:01:30.932000,287.0,275.0,313.0,305.0,False,HARD,25.0,True,McLaren,0 days 03:00:14.048000,2026-08-23 15:06:56.825,1,1.0,False,,False,True
0 days 00:58:17.025000,GAS,10,0 days 00:01:32.536000,1.0,1.0,,,,0 days 00:00:28.712000,0 days 00:00:28.951000,,0 days 00:57:49.836000,0 days 00:58:18.865000,293.0,279.0,278.0,182.0,False,MEDIUM,1.0,True,Alpine,0 days 00:56:45.791000,2026-08-23 13:03:28.568,12,8.0,False,,False,False
0 days 01:00:37.247000,GAS,10,0 days 00:02:20.222000,2.0,1.0,,0 days 01:00:36.503000,0 days 00:00:28.151000,0 days 00:00:47.511000,0 days 00:01:04.560000,0 days 00:58:46.793000,0 days 00:59:34.304000,0 days 01:00:38.864000,269.0,126.0,,275.0,False,MEDIUM,2.0,True,Alpine,0 days 00:58:17.025000,2026-08-23 13:04:59.802,25,9.0,False,,False,False
0 days 01:30:07.955000,GAS,10,,3.0,2.0,0 days 01:26:53.752000,,,0 days 00:00:30.188000,,,0 days 01:27:55.977000,,279.0,249.0,1.0,275.0,False,MEDIUM,4.0,False,Alpine,0 days 01:26:17.312000,2026-08-23 13:33:00.089,12,8.0,False,,False,False
0 days 01:32:58.294000,GAS,10,,4.0,2.0,,,0 days 00:00:42.680000,0 days 00:00:29.297000,0 days 00:01:38.678000,0 days 01:30:51.937000,0 days 01:31:21.320000,0 days 01:33:00.045000,237.0,227.0,2.0,153.0,False,MEDIUM,5.0,False,Alpine,0 days 01:30:07.955000,2026-08-23 13:36:50.732,1,8.0,False,,False,False
0 days 01:34:22.652000,GAS,10,0 days 00:01:24.358000,5.0,2.0,,,0 days 00:00:31.494000,0 days 00:00:28.986000,0 days 00:00:23.878000,0 days 01:33:31.405000,0 days 01:34:00.391000,0 days 01:34:24.269000,288.0,285.0,328.0,212.0,True,MEDIUM,6.0,False,Alpine,0 days 01:32:58.294000,2026-08-23 13:39:41.071,12,8.0,False,,False,True
0 days 01:35:41.330000,GAS,10,0 days 00:01:18.678000,6.0,2.0,,,0 days 00:00:27.041000,0 days 00:00:28.129000,0 days 00:00:23.508000,0 days 01:34:51.310000,0 days 01:35:19.439000,0 days 01:35:42.947000,275.0,278.0,333.0,292.0,True,MEDIUM,7.0,False,Alpine,0 days 01:34:22.652000,2026-08-23 13:41:05.429,1,8.0,False,,False,True
0 days 01:36:59.866000,GAS,10,0 days 00:01:18.536000,7.0,2.0,,,0 days 00:00:26.889000,0 days 00:00:28.179000,0 days 00:00:23.468000,0 days 01:36:09.836000,0 days 01:36:38.015000,0 days 01:37:01.483000,277.0,276.0,326.0,296.0,True,MEDIUM,8.0,False,Alpine,0 days 01:35:41.330000,2026-08-23 13:42:24.107,1,8.0,False,,False,True
0 days 01:38:18.214000,GAS,10,0 days 00:01:18.348000,8.0,2.0,,,0 days 00:00:26.819000,0 days 00:00:28.091000,0 days 00:00:23.438000,0 days 01:37:28.302000,0 days 01:37:56.393000,0 days 01:38:19.831000,286.0,279.0,324.0,294.0,True,MEDIUM,9.0,False,Alpine,0 days 01:36:59.866000,2026-08-23 13:43:42.643,1,8.0,False,,False,True
0 days 01:39:36.939000,GAS,10,0 days 00:01:18.725000,9.0,2.0,,,0 days 00:00:26.845000,0 days 00:00:28.310000,0 days 00:00:23.570000,0 days 01:38:46.676000,0 days 01:39:14.986000,0 days 01:39:38.556000,279.0,273.0,323.0,298.0,False,MEDIUM,10.0,False,Alpine,0 days 01:38:18.214000,2026-08-23 13:45:00.991,1,8.0,False,,False,True
0 days 01:40:55.378000,GAS,10,0 days 00:01:18.439000,10.0,2.0,,,0 days 00:00:26.717000,0 days 00:00:28.343000,0 days 00:00:23.379000,0 days 01:40:05.273000,0 days 01:40:33.616000,0 days 01:40:56.995000,275.0,273.0,323.0,301.0,False,MEDIUM,11.0,False,Alpine,0 days 01:39:36.939000,2026-08-23 13:46:19.716,1,8.0,False,,False,True
0 days 01:42:14.331000,GAS,10,0 days 00:01:18.953000,11.0,2.0,,,0 days 00:00:26.989000,0 days 00:00:28.516000,0 days 00:00:23.448000,0 days 01:41:23.984000,0 days 01:41:52.500000,0 days 01:42:15.948000,276.0,269.0,322.0,283.0,False,MEDIUM,12.0,False,Alpine,0 days 01:40:55.378000,2026-08-23 13:47:38.155,1,8.0,False,,False,True
0 days 01:43:32.919000,GAS,10,0 days 00:01:18.588000,12.0,2.0,,,0 days 00:00:26.708000,0 days 00:00:28.397000,0 days 00:00:23.483000,0 days 01:42:42.656000,0 days 01:43:11.053000,0 days 01:43:34.536000,275.0,267.0,321.0,295.0,False,MEDIUM,13.0,False,Alpine,0 days 01:42:14.331000,2026-08-23 13:48:57.108,1,8.0,False,,False,True
0 days 01:44:51.472000,GAS,10,0 days 00:01:18.553000,13.0,2.0,,,0 days 00:00:26.690000,0 days 00:00:28.417000,0 days 00:00:23.446000,0 days 01:44:01.226000,0 days 01:44:29.643000,0 days 01:44:53.089000,279.0,271.0,321.0,295.0,False,MEDIUM,14.0,False,Alpine,0 days 01:43:32.919000,2026-08-23 13:50:15.696,1,8.0,False,,False,True
0 days 01:46:10.053000,GAS,10,0 days 00:01:18.581000,14.0,2.0,,,0 days 00:00:26.557000,0 days 00:00:28.519000,0 days 00:00:23.505000,0 days 01:45:19.646000,0 days 01:45:48.165000,0 days 01:46:11.670000,278.0,269.0,320.0,308.0,False,MEDIUM,15.0,False,Alpine,0 days 01:44:51.472000,2026-08-23 13:51:34.249,1,8.0,False,,False,True
0 days 01:47:29.051000,GAS,10,0 days 00:01:18.998000,15.0,2.0,,,0 days 00:00:26.696000,0 days 00:00:28.614000,0 days 00:00:23.688000,0 days 01:46:38.366000,0 days 01:47:06.980000,0 days 01:47:30.668000,275.0,272.0,320.0,303.0,False,MEDIUM,16.0,False,Alpine,0 days 01:46:10.053000,2026-08-23 13:52:52.830,1,8.0,False,,False,True
0 days 01:48:47.867000,GAS,10,0 days 00:01:18.816000,16.0,2.0,,,0 days 00:00:26.685000,0 days 00:00:28.651000,0 days 00:00:23.480000,0 days 01:47:57.353000,0 days 01:48:26.004000,0 days 01:48:49.484000,275.0,272.0,320.0,300.0,False,MEDIUM,17.0,False,Alpine,0 days 01:47:29.051000,2026-08-23 13:54:11.828,1,8.0,False,,False,True
0 days 01:50:06.811000,GAS,10,0 days 00:01:18.944000,17.0,2.0,,,0 days 00:00:26.789000,0 days 00:00:28.598000,0 days 00:00:23.557000,0 days 01:49:16.273000,0 days 01:49:44.871000,0 days 01:50:08.428000,277.0,271.0,321.0,300.0,False,MEDIUM,18.0,False,Alpine,0 days 01:48:47.867000,2026-08-23 13:55:30.644,1,8.0,False,,False,True
0 days 01:51:29.083000,GAS,10,0 days 00:01:22.272000,18.0,2.0,,0 days 01:51:29.482000,0 days 00:00:26.787000,0 days 00:00:28.870000,0 days 00:00:26.615000,0 days 01:50:35.215000,0 days 01:51:04.085000,0 days 01:51:30.700000,277.0,272.0,,304.0,False,MEDIUM,19.0,False,Alpine,0 days 01:50:06.811000,2026-08-23 13:56:49.588,1,9.0,False,,False,False
0 days 01:53:04.182000,GAS,10,0 days 00:01:35.099000,19.0,3.0,0 days 01:51:47.479000,,0 days 00:00:43.533000,0 days 00:00:28.138000,0 days 00:00:23.428000,0 days 01:52:14.233000,0 days 01:52:42.371000,0 days 01:53:05.799000,285.0,277.0,324.0,304.0,False,HARD,1.0,True,Alpine,0 days 01:51:29.083000,2026-08-23 13:58:11.860,1,13.0,False,,False,False
0 days 01:54:22.467000,GAS,10,0 days 00:01:18.285000,20.0,3.0,,,0 days 00:00:26.653000,0 days 00:00:28.261000,0 days 00:00:23.371000,0 days 01:53:32.452000,0 days 01:54:00.713000,0 days 01:54:24.084000,275.0,274.0,333.0,296.0,True,HARD,2.0,True,Alpine,0 days 01:53:04.182000,2026-08-23 13:59:46.959,1,12.0,False,,False,True
0 days 01:55:41.359000,GAS,10,0 days 00:01:18.892000,21.0,3.0,,,0 days 00:00:26.760000,0 days 00:00:28.365000,0 days 00:00:23.767000,0 days 01:54:50.844000,0 days 01:55:19.209000,0 days 01:55:42.976000,271.0,280.0,337.0,287.0,False,HARD,3.0,True,Alpine,0 days 01:54:22.467000,2026-08-23 14:01:05.244,1,12.0,False,,False,True
0 days 01:57:00.195000,GAS,10,0 days 00:01:18.836000,22.0,3.0,,,0 days 00:00:26.651000,0 days 00:00:28.577000,0 days 00:00:23.608000,0 days 01:56:09.627000,0 days 01:56:38.204000,0 days 01:57:01.812000,281.0,277.0,339.0,296.0,False,HARD,4.0,True,Alpine,0 days 01:55:41.359000,2026-08-23 14:02:24.136,1,12.0,False,,False,True
0 days 01:58:19.537000,GAS,10,0 days 00:01:19.342000,23.0,3.0,,,0 days 00:00:26.817000,0 days 00:00:28.611000,0 days 00:00:23.914000,0 days 01:57:28.629000,0 days 01:57:57.240000,0 days 01:58:21.154000,273.0,287.0,341.0,279.0,False,HARD,5.0,True,Alpine,0 days 01:57:00.195000,2026-08-23 14:03:42.972,1,11.0,False,,False,True
0 days 01:59:38.929000,GAS,10,0 days 00:01:19.392000,24.0,3.0,,,0 days 00:00:27.139000,0 days 00:00:28.529000,0 days 00:00:23.724000,0 days 01:58:48.293000,0 days 01:59:16.822000,0 days 01:59:40.546000,276.0,285.0,341.0,295.0,False,HARD,6.0,True,Alpine,0 days 01:58:19.537000,2026-08-23 14:05:02.314,1,11.0,False,,False,True
0 days 02:00:58.291000,GAS,10,0 days 00:01:19.362000,25.0,3.0,,,0 days 00:00:27.107000,0 days 00:00:28.724000,0 days 00:00:23.531000,0 days 02:00:07.653000,0 days 02:00:36.377000,0 days 02:00:59.908000,281.0,281.0,341.0,272.0,False,HARD,7.0,True,Alpine,0 days 01:59:38.929000,2026-08-23 14:06:21.706,1,11.0,False,,False,True
0 days 02:02:18.975000,GAS,10,0 days 00:01:20.684000,26.0,3.0,,,0 days 00:00:27.150000,0 days 00:00:28.733000,0 days 00:00:24.801000,0 days 02:01:27.058000,0 days 02:01:55.791000,0 days 02:02:20.592000,282.0,284.0,336.0,293.0,False,HARD,8.0,True,Alpine,0 days 02:00:58.291000,2026-08-23 14:07:41.068,1,12.0,False,,False,True
0 days 02:03:38.848000,GAS,10,0 days 00:01:19.873000,27.0,3.0,,,0 days 00:00:26.975000,0 days 00:00:29.073000,0 days 00:00:23.825000,0 days 02:02:47.567000,0 days 02:03:16.640000,0 days 02:03:40.465000,274.0,276.0,344.0,313.0,False,HARD,9.0,True,Alpine,0 days 02:02:18.975000,2026-08-23 14:09:01.752,1,12.0,False,,False,True
0 days 02:04:59.680000,GAS,10,0 days 00:01:20.832000,28.0,3.0,,,0 days 00:00:27.351000,0 days 00:00:29.666000,0 days 00:00:23.815000,0 days 02:04:07.816000,0 days 02:04:37.482000,0 days 02:05:01.297000,281.0,265.0,338.0,300.0,False,HARD,10.0,True,Alpine,0 days 02:03:38.848000,2026-08-23 14:10:21.625,1,13.0,False,,False,True
0 days 02:06:19.747000,GAS,10,0 days 00:01:20.067000,29.0,3.0,,,0 days 00:00:27.305000,0 days 00:00:29.062000,0 days 00:00:23.700000,0 days 02:05:28.602000,0 days 02:05:57.664000,0 days 02:06:21.364000,282.0,282.0,342.0,298.0,False,HARD,11.0,True,Alpine,0 days 02:04:59.680000,2026-08-23 14:11:42.457,1,13.0,False,,False,True
0 days 02:07:39.595000,GAS,10,0 days 00:01:19.848000,30.0,3.0,,,0 days 00:00:26.862000,0 days 00:00:28.849000,0 days 00:00:24.137000,0 days 02:06:48.226000,0 days 02:07:17.075000,0 days 02:07:41.212000,282.0,280.0,339.0,302.0,False,HARD,12.0,True,Alpine,0 days 02:06:19.747000,2026-08-23 14:13:02.524,1,12.0,False,,False,True
0 days 02:08:58.298000,GAS,10,0 days 00:01:18.703000,31.0,3.0,,,0 days 00:00:26.658000,0 days 00:00:28.560000,0 days 00:00:23.485000,0 days 02:08:07.870000,0 days 02:08:36.430000,0 days 02:08:59.915000,272.0,285.0,339.0,301.0,False,HARD,13.0,True,Alpine,0 days 02:07:39.595000,2026-08-23 14:14:22.372,1,12.0,False,,False,True
0 days 02:10:17.354000,GAS,10,0 days 00:01:19.056000,32.0,3.0,,,0 days 00:00:26.792000,0 days 00:00:28.863000,0 days 00:00:23.401000,0 days 02:09:26.707000,0 days 02:09:55.570000,0 days 02:10:18.971000,282.0,272.0,338.0,313.0,False,HARD,14.0,True,Alpine,0 days 02:08:58.298000,2026-08-23 14:15:41.075,1,12.0,False,,False,True
0 days 02:11:36.296000,GAS,10,0 days 00:01:18.942000,33.0,3.0,,,0 days 00:00:26.802000,0 days 00:00:28.680000,0 days 00:00:23.460000,0 days 02:10:45.773000,0 days 02:11:14.453000,0 days 02:11:37.913000,280.0,273.0,336.0,291.0,False,HARD,15.0,True,Alpine,0 days 02:10:17.354000,2026-08-23 14:17:00.131,1,12.0,False,,False,True
0 days 02:12:55.257000,GAS,10,0 days 00:01:18.961000,34.0,3.0,,,0 days 00:00:26.839000,0 days 00:00:28.530000,0 days 00:00:23.592000,0 days 02:12:04.752000,0 days 02:12:33.282000,0 days 02:12:56.874000,282.0,280.0,339.0,312.0,False,HARD,16.0,True,Alpine,0 days 02:11:36.296000,2026-08-23 14:18:19.073,1,12.0,False,,False,True
0 days 02:14:12.655000,GAS,10,0 days 00:01:17.398000,35.0,3.0,,,0 days 00:00:26.315000,0 days 00:00:27.865000,0 days 00:00:23.218000,0 days 02:13:23.189000,0 days 02:13:51.054000,0 days 02:14:14.272000,277.0,274.0,321.0,326.0,True,HARD,17.0,True,Alpine,0 days 02:12:55.257000,2026-08-23 14:19:38.034,1,10.0,False,,False,True
0 days 02:15:30.289000,GAS,10,0 days 00:01:17.634000,36.0,3.0,,,0 days 00:00:26.395000,0 days 00:00:28.008000,0 days 00:00:23.231000,0 days 02:14:40.667000,0 days 02:15:08.675000,0 days 02:15:31.906000,282.0,277.0,320.0,314.0,False,HARD,18.0,True,Alpine,0 days 02:14:12.655000,2026-08-23 14:20:55.432,1,10.0,False,,False,True
0 days 02:16:48.037000,GAS,10,0 days 00:01:17.748000,37.0,3.0,,,0 days 00:00:26.393000,0 days 00:00:27.998000,0 days 00:00:23.357000,0 days 02:15:58.299000,0 days 02:16:26.297000,0 days 02:16:49.654000,280.0,270.0,321.0,310.0,False,HARD,19.0,True,Alpine,0 days 02:15:30.289000,2026-08-23 14:22:13.066,1,10.0,False,,False,True
0 days 02:18:05.682000,GAS,10,0 days 00:01:17.645000,38.0,3.0,,,0 days 00:00:26.315000,0 days 00:00:27.986000,0 days 00:00:23.344000,0 days 02:17:15.969000,0 days 02:17:43.955000,0 days 02:18:07.299000,280.0,273.0,321.0,309.0,False,HARD,20.0,True,Alpine,0 days 02:16:48.037000,2026-08-23 14:23:30.814,1,10.0,False,,False,True
0 days 02:19:25.875000,GAS,10,0 days 00:01:20.193000,39.0,3.0,,,0 days 00:00:26.472000,0 days 00:00:29.958000,0 days 00:00:23.763000,0 days 02:18:33.771000,0 days 02:19:03.729000,0 days 02:19:27.492000,278.0,273.0,329.0,304.0,False,HARD,21.0,True,Alpine,0 days 02:18:05.682000,2026-08-23 14:24:48.459,1,10.0,False,,False,True
0 days 02:20:43.987000,GAS,10,0 days 00:01:18.112000,40.0,3.0,,,0 days 00:00:26.490000,0 days 00:00:28.220000,0 days 00:00:23.402000,0 days 02:19:53.982000,0 days 02:20:22.202000,0 days 02:20:45.604000,280.0,277.0,322.0,307.0,False,HARD,22.0,True,Alpine,0 days 02:19:25.875000,2026-08-23 14:26:08.652,1,10.0,False,,False,True
0 days 02:22:01.604000,GAS,10,0 days 00:01:17.617000,41.0,3.0,,,0 days 00:00:26.267000,0 days 00:00:28.073000,0 days 00:00:23.277000,0 days 02:21:11.871000,0 days 02:21:39.944000,0 days 02:22:03.221000,282.0,276.0,322.0,320.0,False,HARD,23.0,True,Alpine,0 days 02:20:43.987000,2026-08-23 14:27:26.764,1,10.0,False,,False,True
0 days 02:23:19.104000,GAS,10,0 days 00:01:17.500000,42.0,3.0,,,0 days 00:00:26.302000,0 days 00:00:27.991000,0 days 00:00:23.207000,0 days 02:22:29.523000,0 days 02:22:57.514000,0 days 02:23:20.721000,278.0,276.0,321.0,312.0,False,HARD,24.0,True,Alpine,0 days 02:22:01.604000,2026-08-23 14:28:44.381,1,10.0,False,,False,True
0 days 02:24:36.970000,GAS,10,0 days 00:01:17.866000,43.0,3.0,,,0 days 00:00:26.300000,0 days 00:00:28.135000,0 days 00:00:23.431000,0 days 02:23:47.021000,0 days 02:24:15.156000,0 days 02:24:38.587000,283.0,273.0,323.0,317.0,False,HARD,25.0,True,Alpine,0 days 02:23:19.104000,2026-08-23 14:30:01.881,1,10.0,False,,False,True
0 days 02:25:55.521000,GAS,10,0 days 00:01:18.551000,44.0,3.0,,,0 days 00:00:26.556000,0 days 00:00:28.547000,0 days 00:00:23.448000,0 days 02:25:05.143000,0 days 02:25:33.690000,0 days 02:25:57.138000,287.0,275.0,325.0,310.0,False,HARD,26.0,True,Alpine,0 days 02:24:36.970000,2026-08-23 14:31:19.747,1,9.0,False,,False,True
0 days 02:27:13.558000,GAS,10,0 days 00:01:18.037000,45.0,3.0,,,0 days 00:00:26.404000,0 days 00:00:28.284000,0 days 00:00:23.349000,0 days 02:26:23.542000,0 days 02:26:51.826000,0 days 02:27:15.175000,283.0,273.0,321.0,311.0,False,HARD,27.0,True,Alpine,0 days 02:25:55.521000,2026-08-23 14:32:38.298,1,9.0,False,,False,True
0 days 02:28:34.230000,GAS,10,0 days 00:01:20.672000,46.0,3.0,,0 days 02:28:34.729000,0 days 00:00:26.238000,0 days 00:00:28.200000,0 days 00:00:26.234000,0 days 02:27:41.413000,0 days 02:28:09.613000,0 days 02:28:35.847000,287.0,277.0,,313.0,False,HARD,28.0,True,Alpine,0 days 02:27:13.558000,2026-08-23 14:33:56.335,1,9.0,False,,False,False
0 days 02:30:07.806000,GAS,10,0 days 00:01:33.576000,47.0,4.0,0 days 02:28:52.725000,,0 days 00:00:42.835000,0 days 00:00:27.704000,0 days 00:00:23.037000,0 days 02:29:18.682000,0 days 02:29:46.386000,0 days 02:30:09.423000,290.0,279.0,324.0,313.0,False,MEDIUM,3.0,False,Alpine,0 days 02:28:34.230000,2026-08-23 14:35:17.007,1,11.0,False,,False,False
0 days 02:31:24.374000,GAS,10,0 days 00:01:16.568000,48.0,4.0,,,0 days 00:00:26.114000,0 days 00:00:27.496000,0 days 00:00:22.958000,0 days 02:30:35.537000,0 days 02:31:03.033000,0 days 02:31:25.991000,280.0,274.0,332.0,310.0,True,MEDIUM,4.0,False,Alpine,0 days 02:30:07.806000,2026-08-23 14:36:50.583,1,11.0,False,,False,True
0 days 02:32:40.764000,GAS,10,0 days 00:01:16.390000,49.0,4.0,,,0 days 00:00:25.879000,0 days 00:00:27.622000,0 days 00:00:22.889000,0 days 02:31:51.870000,0 days 02:32:19.492000,0 days 02:32:42.381000,284.0,276.0,337.0,314.0,True,MEDIUM,5.0,False,Alpine,0 days 02:31:24.374000,2026-08-23 14:38:07.151,1,11.0,False,,False,True
0 days 02:33:57.352000,GAS,10,0 days 00:01:16.588000,50.0,4.0,,,0 days 00:00:26.063000,0 days 00:00:27.699000,0 days 00:00:22.826000,0 days 02:33:08.444000,0 days 02:33:36.143000,0 days 02:33:58.969000,287.0,276.0,339.0,323.0,False,MEDIUM,6.0,False,Alpine,0 days 02:32:40.764000,2026-08-23 14:39:23.541,1,11.0,False,,False,True
0 days 02:35:14.161000,GAS,10,0 days 00:01:16.809000,51.0,4.0,,,0 days 00:00:26.209000,0 days 00:00:27.704000,0 days 00:00:22.896000,0 days 02:34:25.178000,0 days 02:34:52.882000,0 days 02:35:15.778000,275.0,281.0,337.0,304.0,False,MEDIUM,7.0,False,Alpine,0 days 02:33:57.352000,2026-08-23 14:40:40.129,1,11.0,False,,False,True
0 days 02:36:31.259000,GAS,10,0 days 00:01:17.098000,52.0,4.0,,,0 days 00:00:26.189000,0 days 00:00:27.932000,0 days 00:00:22.977000,0 days 02:35:41.967000,0 days 02:36:09.899000,0 days 02:36:32.876000,275.0,281.0,336.0,307.0,False,MEDIUM,8.0,False,Alpine,0 days 02:35:14.161000,2026-08-23 14:41:56.938,1,11.0,False,,False,True
0 days 02:37:48.231000,GAS,10,0 days 00:01:16.972000,53.0,4.0,,,0 days 00:00:25.884000,0 days 00:00:27.984000,0 days 00:00:23.104000,0 days 02:36:58.760000,0 days 02:37:26.744000,0 days 02:37:49.848000,285.0,272.0,337.0,306.0,False,MEDIUM,9.0,False,Alpine,0 days 02:36:31.259000,2026-08-23 14:43:14.036,12,11.0,False,,False,True
0 days 02:39:30.259000,GAS,10,0 days 00:01:42.028000,54.0,4.0,,,0 days 00:00:37.265000,0 days 00:00:35.481000,0 days 00:00:29.282000,0 days 02:38:27.113000,0 days 02:39:02.594000,0 days 02:39:31.876000,247.0,152.0,214.0,310.0,False,MEDIUM,10.0,False,Alpine,0 days 02:37:48.231000,2026-08-23 14:44:31.008,26,11.0,False,,False,False
0 days 02:41:14.324000,GAS,10,0 days 00:01:44.065000,55.0,4.0,,,0 days 00:00:38.187000,0 days 00:00:34.946000,0 days 00:00:30.932000,0 days 02:40:10.063000,0 days 02:40:45.009000,0 days 02:41:15.941000,234.0,214.0,215.0,214.0,False,MEDIUM,11.0,False,Alpine,0 days 02:39:30.259000,2026-08-23 14:46:13.036,6,11.0,False,,False,False
0 days 02:42:45.663000,GAS,10,0 days 00:01:31.339000,56.0,4.0,,,0 days 00:00:37.062000,0 days 00:00:30.125000,0 days 00:00:24.152000,0 days 02:41:53.003000,0 days 02:42:23.128000,0 days 02:42:47.280000,243.0,276.0,349.0,243.0,False,MEDIUM,12.0,False,Alpine,0 days 02:41:14.324000,2026-08-23 14:47:57.101,671,11.0,False,,False,False
0 days 02:44:02.111000,GAS,10,0 days 00:01:16.448000,57.0,4.0,,,0 days 00:00:26.229000,0 days 00:00:27.352000,0 days 00:00:22.867000,0 days 02:43:13.509000,0 days 02:43:40.861000,0 days 02:44:03.728000,287.0,280.0,324.0,318.0,False,MEDIUM,13.0,False,Alpine,0 days 02:42:45.663000,2026-08-23 14:49:28.440,1,10.0,False,,False,True
0 days 02:45:18.331000,GAS,10,0 days 00:01:16.220000,58.0,4.0,,,0 days 00:00:25.818000,0 days 00:00:27.510000,0 days 00:00:22.892000,0 days 02:44:29.546000,0 days 02:44:57.056000,0 days 02:45:19.948000,288.0,280.0,323.0,320.0,True,MEDIUM,14.0,False,Alpine,0 days 02:44:02.111000,2026-08-23 14:50:44.888,1,10.0,False,,False,True
0 days 02:46:34.808000,GAS,10,0 days 00:01:16.477000,59.0,4.0,,,0 days 00:00:26.007000,0 days 00:00:27.575000,0 days 00:00:22.895000,0 days 02:45:45.955000,0 days 02:46:13.530000,0 days 02:46:36.425000,279.0,276.0,324.0,324.0,False,MEDIUM,15.0,False,Alpine,0 days 02:45:18.331000,2026-08-23 14:52:01.108,1,10.0,False,,False,True
0 days 02:47:51.530000,GAS,10,0 days 00:01:16.722000,60.0,4.0,,,0 days 00:00:25.992000,0 days 00:00:27.750000,0 days 00:00:22.980000,0 days 02:47:02.417000,0 days 02:47:30.167000,0 days 02:47:53.147000,279.0,277.0,325.0,319.0,False,MEDIUM,16.0,False,Alpine,0 days 02:46:34.808000,2026-08-23 14:53:17.585,1,10.0,False,,False,True
0 days 02:49:08.249000,GAS,10,0 days 00:01:16.719000,61.0,4.0,,,0 days 00:00:26.067000,0 days 00:00:27.682000,0 days 00:00:22.970000,0 days 02:48:19.214000,0 days 02:48:46.896000,0 days 02:49:09.866000,282.0,279.0,326.0,325.0,False,MEDIUM,17.0,False,Alpine,0 days 02:47:51.530000,2026-08-23 14:54:34.307,1,10.0,False,,False,True
0 days 02:50:25.378000,GAS,10,0 days 00:01:17.129000,62.0,4.0,,,0 days 00:00:26.111000,0 days 00:00:27.880000,0 days 00:00:23.138000,0 days 02:49:35.977000,0 days 02:50:03.857000,0 days 02:50:26.995000,285.0,279.0,326.0,325.0,False,MEDIUM,18.0,False,Alpine,0 days 02:49:08.249000,2026-08-23 14:55:51.026,1,10.0,False,,False,True
0 days 02:51:43.595000,GAS,10,0 days 00:01:18.217000,63.0,4.0,,,0 days 00:00:26.146000,0 days 00:00:28.772000,0 days 00:00:23.299000,0 days 02:50:53.141000,0 days 02:51:21.913000,0 days 02:51:45.212000,285.0,286.0,334.0,319.0,False,MEDIUM,19.0,False,Alpine,0 days 02:50:25.378000,2026-08-23 14:57:08.155,1,10.0,False,,False,True
0 days 02:53:00.767000,GAS,10,0 days 00:01:17.172000,64.0,4.0,,,0 days 00:00:26.063000,0 days 00:00:28.102000,0 days 00:00:23.007000,0 days 02:52:11.275000,0 days 02:52:39.377000,0 days 02:53:02.384000,289.0,283.0,339.0,305.0,False,MEDIUM,20.0,False,Alpine,0 days 02:51:43.595000,2026-08-23 14:58:26.372,1,10.0,False,,False,True
0 days 02:54:18.168000,GAS,10,0 days 00:01:17.401000,65.0,4.0,,,0 days 00:00:26.037000,0 days 00:00:28.302000,0 days 00:00:23.062000,0 days 02:53:28.421000,0 days 02:53:56.723000,0 days 02:54:19.785000,291.0,281.0,339.0,317.0,False,MEDIUM,21.0,False,Alpine,0 days 02:53:00.767000,2026-08-23 14:59:43.544,1,10.0,False,,False,True
0 days 02:55:35.469000,GAS,10,0 days 00:01:17.301000,66.0,4.0,,,0 days 00:00:26.123000,0 days 00:00:28.158000,0 days 00:00:23.020000,0 days 02:54:45.908000,0 days 02:55:14.066000,0 days 02:55:37.086000,289.0,278.0,327.0,318.0,False,MEDIUM,22.0,False,Alpine,0 days 02:54:18.168000,2026-08-23 15:01:00.945,1,10.0,False,,False,True
0 days 02:56:52.611000,GAS,10,0 days 00:01:17.142000,67.0,4.0,,,0 days 00:00:26.044000,0 days 00:00:28.028000,0 days 00:00:23.070000,0 days 02:56:03.130000,0 days 02:56:31.158000,0 days 02:56:54.228000,293.0,284.0,336.0,319.0,False,MEDIUM,23.0,False,Alpine,0 days 02:55:35.469000,2026-08-23 15:02:18.246,1,10.0,False,,False,True
0 days 02:58:21.591000,GAS,10,0 days 00:01:28.980000,68.0,4.0,,,0 days 00:00:25.996000,0 days 00:00:31.665000,0 days 00:00:31.319000,0 days 02:57:20.224000,0 days 02:57:51.889000,0 days 02:58:23.208000,288.0,234.0,273.0,319.0,False,MEDIUM,24.0,False,Alpine,0 days 02:56:52.611000,2026-08-23 15:03:35.388,16,10.0,False,,False,False
0 days 02:59:44.065000,GAS,10,0 days 00:01:22.474000,69.0,4.0,,,0 days 00:00:31.210000,0 days 00:00:28.015000,0 days 00:00:23.249000,0 days 02:58:54.418000,0 days 02:59:22.433000,0 days 02:59:45.682000,296.0,294.0,326.0,135.0,False,MEDIUM,25.0,False,Alpine,0 days 02:58:21.591000,2026-08-23 15:05:04.368,671,10.0,False,,False,False
0 days 03:01:01.206000,GAS,10,0 days 00:01:17.141000,70.0,4.0,,,0 days 00:00:26.018000,0 days 00:00:27.953000,0 days 00:00:23.170000,0 days 03:00:11.700000,0 days 03:00:39.653000,0 days 03:01:02.823000,294.0,292.0,325.0,313.0,False,MEDIUM,26.0,False,Alpine,0 days 02:59:44.065000,2026-08-23 15:06:26.842,1,10.0,False,,False,True
0 days 03:02:18.953000,GAS,10,0 days 00:01:17.747000,71.0,4.0,,,0 days 00:00:26.199000,0 days 00:00:28.031000,0 days 00:00:23.517000,0 days 03:01:29.022000,0 days 03:01:57.053000,0 days 03:02:20.570000,284.0,290.0,324.0,313.0,False,MEDIUM,27.0,False,Alpine,0 days 03:01:01.206000,2026-08-23 15:07:43.983,1,10.0,False,,False,True
0 days 00:58:25.579000,PER,11,0 days 00:01:41.067000,1.0,1.0,0 days 00:56:59.347000,,,0 days 00:00:28.536000,0 days 00:00:30.194000,,0 days 00:57:56.977000,0 days 00:58:27.166000,291.0,277.0,254.0,,False,SOFT,1.0,True,Cadillac,0 days 00:56:45.791000,2026-08-23 13:03:28.568,12,21.0,False,,False,False
0 days 01:01:06.944000,PER,11,,2.0,1.0,,0 days 01:01:04.947000,0 days 00:00:40.017000,0 days 00:00:47.124000,0 days 00:01:14.268000,0 days 00:59:07.184000,0 days 00:59:54.379000,0 days 01:01:08.531000,115.0,156.0,,239.0,False,SOFT,2.0,True,Cadillac,0 days 00:58:25.579000,2026-08-23 13:05:08.356,25,20.0,False,,False,False
0 days 01:30:36.054000,PER,11,,3.0,2.0,0 days 01:28:03.167000,,,0 days 00:00:31.250000,0 days 00:01:33.763000,,0 days 01:29:03.917000,0 days 01:30:37.717000,260.0,157.0,66.0,239.0,False,HARD,1.0,True,Cadillac,0 days 01:26:17.312000,2026-08-23 13:33:00.089,12,19.0,False,,False,False
0 days 01:33:01.524000,PER,11,0 days 00:02:25.470000,4.0,2.0,,,0 days 00:00:37.405000,0 days 00:00:29.441000,0 days 00:01:18.624000,0 days 01:31:15.046000,0 days 01:31:44.487000,0 days 01:33:03.111000,272.0,190.0,167.0,131.0,True,HARD,2.0,True,Cadillac,0 days 01:30:36.054000,2026-08-23 13:37:18.831,1,18.0,False,,False,True
0 days 01:34:27.614000,PER,11,0 days 00:01:26.090000,5.0,2.0,,,0 days 00:00:31.034000,0 days 00:00:30.425000,0 days 00:00:24.631000,0 days 01:33:34.145000,0 days 01:34:04.570000,0 days 01:34:29.201000,269.0,268.0,326.0,216.0,True,HARD,3.0,True,Cadillac,0 days 01:33:01.524000,2026-08-23 13:39:44.301,12,19.0,False,,False,True
0 days 01:35:48.632000,PER,11,0 days 00:01:21.018000,6.0,2.0,,,0 days 00:00:27.908000,0 days 00:00:29.043000,0 days 00:00:24.067000,0 days 01:34:57.109000,0 days 01:35:26.152000,0 days 01:35:50.219000,283.0,266.0,331.0,261.0,True,HARD,4.0,True,Cadillac,0 days 01:34:27.614000,2026-08-23 13:41:10.391,1,18.0,False,,False,True
0 days 01:37:08.857000,PER,11,0 days 00:01:20.225000,7.0,2.0,,,0 days 00:00:27.292000,0 days 00:00:29.108000,0 days 00:00:23.825000,0 days 01:36:17.511000,0 days 01:36:46.619000,0 days 01:37:10.444000,277.0,267.0,330.0,270.0,True,HARD,5.0,True,Cadillac,0 days 01:35:48.632000,2026-08-23 13:42:31.409,1,18.0,False,,False,True
0 days 01:38:28.796000,PER,11,0 days 00:01:19.939000,8.0,2.0,,,0 days 00:00:27.072000,0 days 00:00:29.065000,0 days 00:00:23.802000,0 days 01:37:37.516000,0 days 01:38:06.581000,0 days 01:38:30.383000,282.0,267.0,328.0,268.0,True,HARD,6.0,True,Cadillac,0 days 01:37:08.857000,2026-08-23 13:43:51.634,1,19.0,False,,False,True
0 days 01:39:48.672000,PER,11,0 days 00:01:19.876000,9.0,2.0,,,0 days 00:00:27.126000,0 days 00:00:29.083000,0 days 00:00:23.667000,0 days 01:38:57.509000,0 days 01:39:26.592000,0 days 01:39:50.259000,276.0,264.0,319.0,276.0,True,HARD,7.0,True,Cadillac,0 days 01:38:28.796000,2026-08-23 13:45:11.573,1,18.0,False,,False,True
0 days 01:41:08.725000,PER,11,0 days 00:01:20.053000,10.0,2.0,,,0 days 00:00:26.879000,0 days 00:00:29.385000,0 days 00:00:23.789000,0 days 01:40:17.138000,0 days 01:40:46.523000,0 days 01:41:10.312000,285.0,266.0,315.0,286.0,False,HARD,8.0,True,Cadillac,0 days 01:39:48.672000,2026-08-23 13:46:31.449,1,18.0,False,,False,True
0 days 01:42:28.648000,PER,11,0 days 00:01:19.923000,11.0,2.0,,,0 days 00:00:27.067000,0 days 00:00:29.177000,0 days 00:00:23.679000,0 days 01:41:37.379000,0 days 01:42:06.556000,0 days 01:42:30.235000,280.0,262.0,314.0,279.0,False,HARD,9.0,True,Cadillac,0 days 01:41:08.725000,2026-08-23 13:47:51.502,1,18.0,False,,False,True
0 days 01:43:48.392000,PER,11,0 days 00:01:19.744000,12.0,2.0,,,0 days 00:00:26.951000,0 days 00:00:29.089000,0 days 00:00:23.704000,0 days 01:42:57.186000,0 days 01:43:26.275000,0 days 01:43:49.979000,283.0,265.0,318.0,280.0,True,HARD,10.0,True,Cadillac,0 days 01:42:28.648000,2026-08-23 13:49:11.425,1,17.0,False,,False,True
0 days 01:45:09.369000,PER,11,0 days 00:01:20.977000,13.0,2.0,,,0 days 00:00:27.808000,0 days 00:00:29.316000,0 days 00:00:23.853000,0 days 01:44:17.787000,0 days 01:44:47.103000,0 days 01:45:10.956000,281.0,267.0,315.0,291.0,False,HARD,11.0,True,Cadillac,0 days 01:43:48.392000,2026-08-23 13:50:31.169,1,18.0,False,,False,True
0 days 01:46:29.554000,PER,11,0 days 00:01:20.185000,14.0,2.0,,,0 days 00:00:27.108000,0 days 00:00:29.319000,0 days 00:00:23.758000,0 days 01:45:38.064000,0 days 01:46:07.383000,0 days 01:46:31.141000,277.0,263.0,315.0,277.0,False,HARD,12.0,True,Cadillac,0 days 01:45:09.369000,2026-08-23 13:51:52.146,1,18.0,False,,False,True
0 days 01:47:49.703000,PER,11,0 days 00:01:20.149000,15.0,2.0,,,0 days 00:00:27.034000,0 days 00:00:29.317000,0 days 00:00:23.798000,0 days 01:46:58.175000,0 days 01:47:27.492000,0 days 01:47:51.290000,277.0,264.0,316.0,290.0,False,HARD,13.0,True,Cadillac,0 days 01:46:29.554000,2026-08-23 13:53:12.331,1,18.0,False,,False,True
0 days 01:49:09.893000,PER,11,0 days 00:01:20.190000,16.0,2.0,,,0 days 00:00:26.998000,0 days 00:00:29.138000,0 days 00:00:24.054000,0 days 01:48:18.288000,0 days 01:48:47.426000,0 days 01:49:11.480000,281.0,286.0,307.0,286.0,False,HARD,14.0,True,Cadillac,0 days 01:47:49.703000,2026-08-23 13:54:32.480,1,17.0,False,,False,True
0 days 01:50:30.644000,PER,11,0 days 00:01:20.751000,17.0,2.0,,,0 days 00:00:27.189000,0 days 00:00:29.374000,0 days 00:00:24.188000,0 days 01:49:38.669000,0 days 01:50:08.043000,0 days 01:50:32.231000,276.0,253.0,328.0,281.0,False,HARD,15.0,True,Cadillac,0 days 01:49:09.893000,2026-08-23 13:55:52.670,1,17.0,False,,False,True
0 days 01:51:51.289000,PER,11,0 days 00:01:20.645000,18.0,2.0,,,0 days 00:00:27.123000,0 days 00:00:29.593000,0 days 00:00:23.929000,0 days 01:50:59.354000,0 days 01:51:28.947000,0 days 01:51:52.876000,277.0,268.0,318.0,282.0,False,HARD,16.0,True,Cadillac,0 days 01:50:30.644000,2026-08-23 13:57:13.421,1,17.0,False,,False,True
0 days 01:53:11.973000,PER,11,0 days 00:01:20.684000,19.0,2.0,,,0 days 00:00:27.107000,0 days 00:00:29.610000,0 days 00:00:23.967000,0 days 01:52:19.983000,0 days 01:52:49.593000,0 days 01:53:13.560000,279.0,266.0,327.0,282.0,False,HARD,17.0,True,Cadillac,0 days 01:51:51.289000,2026-08-23 13:58:34.066,1,17.0,False,,False,True
0 days 01:54:32.544000,PER,11,0 days 00:01:20.571000,20.0,2.0,,,0 days 00:00:26.986000,0 days 00:00:29.532000,0 days 00:00:24.053000,0 days 01:53:40.546000,0 days 01:54:10.078000,0 days 01:54:34.131000,281.0,268.0,317.0,302.0,False,HARD,18.0,True,Cadillac,0 days 01:53:11.973000,2026-08-23 13:59:54.750,1,17.0,False,,False,True
0 days 01:55:53.208000,PER,11,0 days 00:01:20.664000,21.0,2.0,,,0 days 00:00:27.190000,0 days 00:00:29.368000,0 days 00:00:24.106000,0 days 01:55:01.321000,0 days 01:55:30.689000,0 days 01:55:54.795000,280.0,264.0,315.0,279.0,False,HARD,19.0,True,Cadillac,0 days 01:54:32.544000,2026-08-23 14:01:15.321,1,17.0,False,,False,True
0 days 01:57:13.217000,PER,11,0 days 00:01:20.009000,22.0,2.0,,,0 days 00:00:26.955000,0 days 00:00:29.257000,0 days 00:00:23.797000,0 days 01:56:21.750000,0 days 01:56:51.007000,0 days 01:57:14.804000,277.0,272.0,317.0,287.0,False,HARD,20.0,True,Cadillac,0 days 01:55:53.208000,2026-08-23 14:02:35.985,1,17.0,False,,False,True
0 days 01:58:33.666000,PER,11,0 days 00:01:20.449000,23.0,2.0,,,0 days 00:00:27.277000,0 days 00:00:29.273000,0 days 00:00:23.899000,0 days 01:57:42.081000,0 days 01:58:11.354000,0 days 01:58:35.253000,277.0,258.0,311.0,286.0,False,HARD,21.0,True,Cadillac,0 days 01:57:13.217000,2026-08-23 14:03:55.994,1,17.0,False,,False,True
0 days 01:59:55.176000,PER,11,0 days 00:01:21.510000,24.0,2.0,,,0 days 00:00:27.477000,0 days 00:00:29.584000,0 days 00:00:24.449000,0 days 01:59:02.730000,0 days 01:59:32.314000,0 days 01:59:56.763000,281.0,262.0,327.0,276.0,False,HARD,22.0,True,Cadillac,0 days 01:58:33.666000,2026-08-23 14:05:16.443,1,19.0,False,,False,True
0 days 02:01:15.755000,PER,11,0 days 00:01:20.579000,25.0,2.0,,,0 days 00:00:27.215000,0 days 00:00:29.398000,0 days 00:00:23.966000,0 days 02:00:23.978000,0 days 02:00:53.376000,0 days 02:01:17.342000,280.0,265.0,315.0,276.0,False,HARD,23.0,True,Cadillac,0 days 01:59:55.176000,2026-08-23 14:06:37.953,1,19.0,False,,False,True
0 days 02:02:36.117000,PER,11,0 days 00:01:20.362000,26.0,2.0,,,0 days 00:00:27.136000,0 days 00:00:29.356000,0 days 00:00:23.870000,0 days 02:01:44.478000,0 days 02:02:13.834000,0 days 02:02:37.704000,280.0,260.0,312.0,300.0,False,HARD,24.0,True,Cadillac,0 days 02:01:15.755000,2026-08-23 14:07:58.532,1,19.0,False,,False,True
0 days 02:03:56.256000,PER,11,0 days 00:01:20.139000,27.0,2.0,,,0 days 00:00:26.921000,0 days 00:00:29.292000,0 days 00:00:23.926000,0 days 02:03:04.625000,0 days 02:03:33.917000,0 days 02:03:57.843000,282.0,264.0,316.0,293.0,False,HARD,25.0,True,Cadillac,0 days 02:02:36.117000,2026-08-23 14:09:18.894,1,19.0,False,,False,True
0 days 02:05:16.586000,PER,11,0 days 00:01:20.330000,28.0,2.0,,,0 days 00:00:27.029000,0 days 00:00:29.293000,0 days 00:00:24.008000,0 days 02:04:24.872000,0 days 02:04:54.165000,0 days 02:05:18.173000,280.0,262.0,313.0,297.0,False,HARD,26.0,True,Cadillac,0 days 02:03:56.256000,2026-08-23 14:10:39.033,1,18.0,False,,False,True
0 days 02:06:40.494000,PER,11,0 days 00:01:23.908000,29.0,2.0,,0 days 02:06:40.882000,0 days 00:00:26.850000,0 days 00:00:29.511000,0 days 00:00:27.547000,0 days 02:05:45.023000,0 days 02:06:14.534000,0 days 02:06:42.081000,279.0,264.0,,296.0,False,HARD,27.0,True,Cadillac,0 days 02:05:16.586000,2026-08-23 14:11:59.363,1,18.0,False,,False,False
0 days 02:08:15.362000,PER,11,0 days 00:01:34.868000,30.0,3.0,0 days 02:06:59.236000,,0 days 00:00:43.336000,0 days 00:00:28.041000,0 days 00:00:23.491000,0 days 02:07:25.417000,0 days 02:07:53.458000,0 days 02:08:16.949000,283.0,267.0,313.0,296.0,False,HARD,1.0,False,Cadillac,0 days 02:06:40.494000,2026-08-23 14:13:23.271,1,19.0,False,,False,False
0 days 02:09:33.253000,PER,11,0 days 00:01:17.891000,31.0,3.0,,,0 days 00:00:26.521000,0 days 00:00:28.038000,0 days 00:00:23.332000,0 days 02:08:43.470000,0 days 02:09:11.508000,0 days 02:09:34.840000,274.0,263.0,311.0,286.0,True,HARD,2.0,False,Cadillac,0 days 02:08:15.362000,2026-08-23 14:14:58.139,1,19.0,False,,False,True
0 days 02:10:51.403000,PER,11,0 days 00:01:18.150000,32.0,3.0,,,0 days 00:00:26.579000,0 days 00:00:28.135000,0 days 00:00:23.436000,0 days 02:10:01.419000,0 days 02:10:29.554000,0 days 02:10:52.990000,278.0,263.0,311.0,295.0,False,HARD,3.0,False,Cadillac,0 days 02:09:33.253000,2026-08-23 14:16:16.030,1,19.0,False,,False,True
0 days 02:12:09.882000,PER,11,0 days 00:01:18.479000,33.0,3.0,,,0 days 00:00:26.661000,0 days 00:00:28.410000,0 days 00:00:23.408000,0 days 02:11:19.651000,0 days 02:11:48.061000,0 days 02:12:11.469000,276.0,266.0,311.0,291.0,False,HARD,4.0,False,Cadillac,0 days 02:10:51.403000,2026-08-23 14:17:34.180,1,19.0,False,,False,True
0 days 02:13:28.381000,PER,11,0 days 00:01:18.499000,34.0,3.0,,,0 days 00:00:26.558000,0 days 00:00:28.399000,0 days 00:00:23.542000,0 days 02:12:38.027000,0 days 02:13:06.426000,0 days 02:13:29.968000,278.0,264.0,312.0,296.0,False,HARD,5.0,False,Cadillac,0 days 02:12:09.882000,2026-08-23 14:18:52.659,1,19.0,False,,False,True
0 days 02:14:46.864000,PER,11,0 days 00:01:18.483000,35.0,3.0,,,0 days 00:00:26.678000,0 days 00:00:28.343000,0 days 00:00:23.462000,0 days 02:13:56.646000,0 days 02:14:24.989000,0 days 02:14:48.451000,276.0,264.0,313.0,298.0,False,HARD,6.0,False,Cadillac,0 days 02:13:28.381000,2026-08-23 14:20:11.158,1,19.0,False,,False,True
0 days 02:16:05.349000,PER,11,0 days 00:01:18.485000,36.0,3.0,,,0 days 00:00:26.558000,0 days 00:00:28.414000,0 days 00:00:23.513000,0 days 02:15:15.009000,0 days 02:15:43.423000,0 days 02:16:06.936000,280.0,266.0,314.0,301.0,False,HARD,7.0,False,Cadillac,0 days 02:14:46.864000,2026-08-23 14:21:29.641,1,19.0,False,,False,True
0 days 02:17:23.485000,PER,11,0 days 00:01:18.136000,37.0,3.0,,,0 days 00:00:26.471000,0 days 00:00:28.329000,0 days 00:00:23.336000,0 days 02:16:33.407000,0 days 02:17:01.736000,0 days 02:17:25.072000,280.0,266.0,314.0,301.0,False,HARD,8.0,False,Cadillac,0 days 02:16:05.349000,2026-08-23 14:22:48.126,1,19.0,False,,False,True
0 days 02:18:42.042000,PER,11,0 days 00:01:18.557000,38.0,3.0,,,0 days 00:00:26.587000,0 days 00:00:28.418000,0 days 00:00:23.552000,0 days 02:17:51.659000,0 days 02:18:20.077000,0 days 02:18:43.629000,280.0,268.0,314.0,303.0,False,HARD,9.0,False,Cadillac,0 days 02:17:23.485000,2026-08-23 14:24:06.262,1,19.0,False,,False,True
0 days 02:20:00.518000,PER,11,0 days 00:01:18.476000,39.0,3.0,,,0 days 00:00:26.600000,0 days 00:00:28.332000,0 days 00:00:23.544000,0 days 02:19:10.229000,0 days 02:19:38.561000,0 days 02:20:02.105000,280.0,267.0,314.0,303.0,False,HARD,10.0,False,Cadillac,0 days 02:18:42.042000,2026-08-23 14:25:24.819,1,19.0,False,,False,True
0 days 02:21:21.408000,PER,11,0 days 00:01:20.890000,40.0,3.0,,,0 days 00:00:28.420000,0 days 00:00:28.936000,0 days 00:00:23.534000,0 days 02:20:30.525000,0 days 02:20:59.461000,0 days 02:21:22.995000,259.0,281.0,318.0,301.0,False,HARD,11.0,False,Cadillac,0 days 02:20:00.518000,2026-08-23 14:26:43.295,1,19.0,False,,False,True
0 days 02:22:40.490000,PER,11,0 days 00:01:19.082000,41.0,3.0,,,0 days 00:00:26.710000,0 days 00:00:28.740000,0 days 00:00:23.632000,0 days 02:21:49.705000,0 days 02:22:18.445000,0 days 02:22:42.077000,280.0,266.0,314.0,301.0,False,HARD,12.0,False,Cadillac,0 days 02:21:21.408000,2026-08-23 14:28:04.185,1,19.0,False,,False,True
0 days 02:23:59.299000,PER,11,0 days 00:01:18.809000,42.0,3.0,,,0 days 00:00:26.734000,0 days 00:00:28.565000,0 days 00:00:23.510000,0 days 02:23:08.811000,0 days 02:23:37.376000,0 days 02:24:00.886000,280.0,267.0,313.0,295.0,False,HARD,13.0,False,Cadillac,0 days 02:22:40.490000,2026-08-23 14:29:23.267,1,19.0,False,,False,True
0 days 02:25:18.235000,PER,11,0 days 00:01:18.936000,43.0,3.0,,,0 days 00:00:26.714000,0 days 00:00:28.537000,0 days 00:00:23.685000,0 days 02:24:27.600000,0 days 02:24:56.137000,0 days 02:25:19.822000,279.0,263.0,312.0,300.0,False,HARD,14.0,False,Cadillac,0 days 02:23:59.299000,2026-08-23 14:30:42.076,1,19.0,False,,False,True
0 days 02:26:37.084000,PER,11,0 days 00:01:18.849000,44.0,3.0,,,0 days 00:00:26.661000,0 days 00:00:28.592000,0 days 00:00:23.596000,0 days 02:25:46.483000,0 days 02:26:15.075000,0 days 02:26:38.671000,279.0,264.0,311.0,299.0,False,HARD,15.0,False,Cadillac,0 days 02:25:18.235000,2026-08-23 14:32:01.012,1,19.0,False,,False,True
0 days 02:27:56.018000,PER,11,0 days 00:01:18.934000,45.0,3.0,,,0 days 00:00:26.714000,0 days 00:00:28.574000,0 days 00:00:23.646000,0 days 02:27:05.385000,0 days 02:27:33.959000,0 days 02:27:57.605000,280.0,268.0,312.0,302.0,False,HARD,16.0,False,Cadillac,0 days 02:26:37.084000,2026-08-23 14:33:19.861,1,18.0,False,,False,True
0 days 02:29:15.094000,PER,11,0 days 00:01:19.076000,46.0,3.0,,,0 days 00:00:26.825000,0 days 00:00:28.634000,0 days 00:00:23.617000,0 days 02:28:24.430000,0 days 02:28:53.064000,0 days 02:29:16.681000,280.0,260.0,308.0,299.0,False,HARD,17.0,False,Cadillac,0 days 02:27:56.018000,2026-08-23 14:34:38.795,1,17.0,False,,False,True
0 days 02:30:34.061000,PER,11,0 days 00:01:18.967000,47.0,3.0,,,0 days 00:00:26.670000,0 days 00:00:28.682000,0 days 00:00:23.615000,0 days 02:29:43.351000,0 days 02:30:12.033000,0 days 02:30:35.648000,281.0,263.0,312.0,297.0,False,HARD,18.0,False,Cadillac,0 days 02:29:15.094000,2026-08-23 14:35:57.871,1,17.0,False,,False,True
0 days 02:31:53.267000,PER,11,0 days 00:01:19.206000,48.0,3.0,,,0 days 00:00:26.755000,0 days 00:00:28.710000,0 days 00:00:23.741000,0 days 02:31:02.403000,0 days 02:31:31.113000,0 days 02:31:54.854000,280.0,263.0,312.0,301.0,False,HARD,19.0,False,Cadillac,0 days 02:30:34.061000,2026-08-23 14:37:16.838,1,17.0,False,,False,True
0 days 02:33:12.562000,PER,11,0 days 00:01:19.295000,49.0,3.0,,,0 days 00:00:26.844000,0 days 00:00:28.617000,0 days 00:00:23.834000,0 days 02:32:21.698000,0 days 02:32:50.315000,0 days 02:33:14.149000,272.0,270.0,324.0,300.0,False,HARD,20.0,False,Cadillac,0 days 02:31:53.267000,2026-08-23 14:38:36.044,1,18.0,False,,False,True
0 days 02:34:32.937000,PER,11,0 days 00:01:20.375000,50.0,3.0,,,0 days 00:00:26.684000,0 days 00:00:29.164000,0 days 00:00:24.527000,0 days 02:33:40.833000,0 days 02:34:09.997000,0 days 02:34:34.524000,286.0,224.0,327.0,303.0,False,HARD,21.0,False,Cadillac,0 days 02:33:12.562000,2026-08-23 14:39:55.339,1,18.0,False,,False,True
0 days 02:35:51.898000,PER,11,0 days 00:01:18.961000,51.0,3.0,,,0 days 00:00:26.653000,0 days 00:00:28.614000,0 days 00:00:23.694000,0 days 02:35:01.177000,0 days 02:35:29.791000,0 days 02:35:53.485000,284.0,272.0,315.0,311.0,False,HARD,22.0,False,Cadillac,0 days 02:34:32.937000,2026-08-23 14:41:15.714,1,18.0,False,,False,True
0 days 02:37:14.226000,PER,11,0 days 00:01:22.328000,52.0,3.0,,0 days 02:37:14.623000,0 days 00:00:26.639000,0 days 00:00:28.667000,0 days 00:00:27.022000,0 days 02:36:20.124000,0 days 02:36:48.791000,0 days 02:37:15.813000,280.0,268.0,,304.0,False,HARD,23.0,False,Cadillac,0 days 02:35:51.898000,2026-08-23 14:42:34.675,1,18.0,False,,False,False
0 days 02:39:11.548000,PER,11,0 days 00:01:57.322000,53.0,4.0,0 days 02:37:33.176000,,0 days 00:00:48.708000,0 days 00:00:36.619000,0 days 00:00:31.995000,0 days 02:38:04.521000,0 days 02:38:41.140000,0 days 02:39:13.135000,132.0,180.0,236.0,304.0,False,SOFT,1.0,True,Cadillac,0 days 02:37:14.226000,2026-08-23 14:43:57.003,126,17.0,False,,False,False
0 days 02:40:55.697000,PER,11,0 days 00:01:44.149000,54.0,4.0,,,0 days 00:00:35.158000,0 days 00:00:37.025000,0 days 00:00:31.966000,0 days 02:39:48.293000,0 days 02:40:25.318000,0 days 02:40:57.284000,241.0,176.0,263.0,207.0,False,SOFT,2.0,True,Cadillac,0 days 02:39:11.548000,2026-08-23 14:45:54.325,6,17.0,False,,False,False
0 days 02:42:29.339000,PER,11,0 days 00:01:33.642000,55.0,4.0,,,0 days 00:00:34.611000,0 days 00:00:34.479000,0 days 00:00:24.552000,0 days 02:41:31.895000,0 days 02:42:06.374000,0 days 02:42:30.926000,235.0,201.0,315.0,232.0,False,SOFT,3.0,True,Cadillac,0 days 02:40:55.697000,2026-08-23 14:47:38.474,671,17.0,False,,False,False
0 days 02:43:48.432000,PER,11,0 days 00:01:19.093000,56.0,4.0,,,0 days 00:00:28.156000,0 days 00:00:27.827000,0 days 00:00:23.110000,0 days 02:42:59.082000,0 days 02:43:26.909000,0 days 02:43:50.019000,286.0,272.0,314.0,294.0,False,SOFT,4.0,True,Cadillac,0 days 02:42:29.339000,2026-08-23 14:49:12.116,1,17.0,False,,False,True
0 days 02:45:05.581000,PER,11,0 days 00:01:17.149000,57.0,4.0,,,0 days 00:00:26.245000,0 days 00:00:27.673000,0 days 00:00:23.231000,0 days 02:44:16.264000,0 days 02:44:43.937000,0 days 02:45:07.168000,280.0,264.0,308.0,303.0,False,SOFT,5.0,True,Cadillac,0 days 02:43:48.432000,2026-08-23 14:50:31.209,1,17.0,True,TRACK LIMITS AT TURN 3 LAP 57 ,False,True
0 days 02:46:25.253000,PER,11,0 days 00:01:19.672000,58.0,4.0,,,0 days 00:00:27.280000,0 days 00:00:29,0 days 00:00:23.392000,0 days 02:45:34.448000,0 days 02:46:03.448000,0 days 02:46:26.840000,282.0,272.0,316.0,241.0,False,SOFT,6.0,True,Cadillac,0 days 02:45:05.581000,2026-08-23 14:51:48.358,1,17.0,False,,False,True
0 days 02:47:46.497000,PER,11,0 days 00:01:21.244000,59.0,4.0,,,0 days 00:00:26.255000,0 days 00:00:30.543000,0 days 00:00:24.446000,0 days 02:46:53.095000,0 days 02:47:23.638000,0 days 02:47:48.084000,282.0,220.0,325.0,302.0,False,SOFT,7.0,True,Cadillac,0 days 02:46:25.253000,2026-08-23 14:53:08.030,1,17.0,False,,False,True
0 days 02:49:04.423000,PER,11,0 days 00:01:17.926000,60.0,4.0,,,0 days 00:00:26.545000,0 days 00:00:27.964000,0 days 00:00:23.417000,0 days 02:48:14.629000,0 days 02:48:42.593000,0 days 02:49:06.010000,284.0,273.0,315.0,288.0,False,SOFT,8.0,True,Cadillac,0 days 02:47:46.497000,2026-08-23 14:54:29.274,1,17.0,False,,False,True
0 days 02:50:22.697000,PER,11,0 days 00:01:18.274000,61.0,4.0,,,0 days 00:00:26.850000,0 days 00:00:28.023000,0 days 00:00:23.401000,0 days 02:49:32.860000,0 days 02:50:00.883000,0 days 02:50:24.284000,277.0,267.0,313.0,299.0,False,SOFT,9.0,True,Cadillac,0 days 02:49:04.423000,2026-08-23 14:55:47.200,1,17.0,False,,False,True
0 days 02:51:44.615000,PER,11,0 days 00:01:21.918000,62.0,4.0,,,0 days 00:00:26.353000,0 days 00:00:29.821000,0 days 00:00:25.744000,0 days 02:50:50.637000,0 days 02:51:20.458000,0 days 02:51:46.202000,280.0,269.0,328.0,302.0,False,SOFT,10.0,True,Cadillac,0 days 02:50:22.697000,2026-08-23 14:57:05.474,1,17.0,False,,False,True
0 days 02:53:03.038000,PER,11,0 days 00:01:18.423000,63.0,4.0,,,0 days 00:00:26.568000,0 days 00:00:28.443000,0 days 00:00:23.412000,0 days 02:52:12.770000,0 days 02:52:41.213000,0 days 02:53:04.625000,281.0,272.0,316.0,294.0,False,SOFT,11.0,True,Cadillac,0 days 02:51:44.615000,2026-08-23 14:58:27.392,1,17.0,False,,False,True
0 days 02:54:23.261000,PER,11,0 days 00:01:20.223000,64.0,4.0,,,0 days 00:00:28.283000,0 days 00:00:28.515000,0 days 00:00:23.425000,0 days 02:53:32.908000,0 days 02:54:01.423000,0 days 02:54:24.848000,289.0,277.0,319.0,267.0,False,SOFT,12.0,True,Cadillac,0 days 02:53:03.038000,2026-08-23 14:59:45.815,1,17.0,False,,False,True
0 days 02:55:41.397000,PER,11,0 days 00:01:18.136000,65.0,4.0,,,0 days 00:00:26.576000,0 days 00:00:28.189000,0 days 00:00:23.371000,0 days 02:54:51.424000,0 days 02:55:19.613000,0 days 02:55:42.984000,282.0,267.0,314.0,306.0,False,SOFT,13.0,True,Cadillac,0 days 02:54:23.261000,2026-08-23 15:01:06.038,1,17.0,False,,False,True
0 days 02:56:59.699000,PER,11,0 days 00:01:18.302000,66.0,4.0,,,0 days 00:00:26.559000,0 days 00:00:28.447000,0 days 00:00:23.296000,0 days 02:56:09.543000,0 days 02:56:37.990000,0 days 02:57:01.286000,281.0,268.0,315.0,302.0,False,SOFT,14.0,True,Cadillac,0 days 02:55:41.397000,2026-08-23 15:02:24.174,1,16.0,False,,False,True
0 days 02:58:34.735000,PER,11,0 days 00:01:35.036000,67.0,4.0,,,0 days 00:00:26.476000,0 days 00:00:35.876000,0 days 00:00:32.684000,0 days 02:57:27.762000,0 days 02:58:03.638000,0 days 02:58:36.322000,281.0,167.0,297.0,305.0,False,SOFT,15.0,True,Cadillac,0 days 02:56:59.699000,2026-08-23 15:03:42.476,167,15.0,False,,False,False
0 days 02:59:52.736000,PER,11,0 days 00:01:18.001000,68.0,4.0,,,0 days 00:00:26.846000,0 days 00:00:27.875000,0 days 00:00:23.280000,0 days 02:59:03.168000,0 days 02:59:31.043000,0 days 02:59:54.323000,289.0,280.0,316.0,279.0,False,SOFT,16.0,True,Cadillac,0 days 02:58:34.735000,2026-08-23 15:05:17.512,71,15.0,False,,False,False
0 days 03:01:10.372000,PER,11,0 days 00:01:17.636000,69.0,4.0,,,0 days 00:00:26.307000,0 days 00:00:28.048000,0 days 00:00:23.281000,0 days 03:00:20.630000,0 days 03:00:48.678000,0 days 03:01:11.959000,281.0,263.0,317.0,306.0,True,SOFT,17.0,True,Cadillac,0 days 02:59:52.736000,2026-08-23 15:06:35.513,1,15.0,False,,False,True
0 days 03:02:27.895000,PER,11,0 days 00:01:17.523000,70.0,4.0,,,0 days 00:00:26.318000,0 days 00:00:28,0 days 00:00:23.205000,0 days 03:01:38.277000,0 days 03:02:06.277000,0 days 03:02:29.482000,280.0,285.0,308.0,311.0,True,SOFT,18.0,True,Cadillac,0 days 03:01:10.372000,2026-08-23 15:07:53.149,1,15.0,False,,False,True
0 days 00:58:09.370000,ANT,12,0 days 00:01:24.884000,1.0,1.0,,,,0 days 00:00:27.451000,0 days 00:00:25.629000,,0 days 00:57:45.364000,0 days 00:58:11.072000,290.0,280.0,319.0,216.0,False,MEDIUM,1.0,True,Mercedes,0 days 00:56:45.791000,2026-08-23 13:03:28.568,1,2.0,False,,False,False
0 days 01:00:13.664000,ANT,12,0 days 00:02:04.294000,2.0,1.0,,0 days 01:00:12.684000,0 days 00:00:26.765000,0 days 00:00:41.318000,0 days 00:00:56.211000,0 days 00:58:37.758000,0 days 00:59:19.076000,0 days 01:00:15.287000,285.0,154.0,,266.0,False,MEDIUM,2.0,True,Mercedes,0 days 00:58:09.370000,2026-08-23 13:04:52.147,125,2.0,False,,False,False
0 days 01:28:37.051000,ANT,12,,3.0,2.0,0 days 01:26:25.178000,,,0 days 00:00:35.121000,0 days 00:01:02.344000,,0 days 01:27:36.330000,0 days 01:28:38.677000,230.0,216.0,81.0,266.0,False,MEDIUM,3.0,False,Mercedes,0 days 01:26:17.312000,2026-08-23 13:33:00.089,1,2.0,False,,False,False
0 days 01:31:54.990000,ANT,12,,4.0,2.0,,,,0 days 00:00:28.874000,0 days 00:00:56.249000,,0 days 01:31:00.479000,0 days 01:31:56.681000,243.0,249.0,63.0,154.0,False,MEDIUM,4.0,False,Mercedes,0 days 01:28:37.051000,2026-08-23 13:35:19.828,12,2.0,False,,False,False
0 days 01:34:17.241000,ANT,12,0 days 00:02:22.251000,5.0,2.0,,,0 days 00:01:31.889000,0 days 00:00:27.352000,0 days 00:00:23.010000,0 days 01:33:28.502000,0 days 01:33:55.854000,0 days 01:34:18.864000,260.0,259.0,318.0,215.0,True,MEDIUM,5.0,False,Mercedes,0 days 01:31:54.990000,2026-08-23 13:38:37.767,12,1.0,False,,False,True
0 days 01:35:34.223000,ANT,12,0 days 00:01:16.982000,6.0,2.0,,,0 days 00:00:26.349000,0 days 00:00:27.544000,0 days 00:00:23.089000,0 days 01:34:45.213000,0 days 01:35:12.757000,0 days 01:35:35.846000,271.0,271.0,319.0,300.0,True,MEDIUM,6.0,False,Mercedes,0 days 01:34:17.241000,2026-08-23 13:41:00.018,1,1.0,False,,False,True
0 days 01:36:50.904000,ANT,12,0 days 00:01:16.681000,7.0,2.0,,,0 days 00:00:26.282000,0 days 00:00:27.411000,0 days 00:00:22.988000,0 days 01:36:02.128000,0 days 01:36:29.539000,0 days 01:36:52.527000,272.0,271.0,318.0,304.0,True,MEDIUM,7.0,False,Mercedes,0 days 01:35:34.223000,2026-08-23 13:42:17.000,1,1.0,False,,False,True
0 days 01:38:07.707000,ANT,12,0 days 00:01:16.803000,8.0,2.0,,,0 days 00:00:26.250000,0 days 00:00:27.606000,0 days 00:00:22.947000,0 days 01:37:18.777000,0 days 01:37:46.383000,0 days 01:38:09.330000,273.0,271.0,320.0,302.0,False,MEDIUM,8.0,False,Mercedes,0 days 01:36:50.904000,2026-08-23 13:43:33.681,1,1.0,False,,False,True
0 days 01:39:24.259000,ANT,12,0 days 00:01:16.552000,9.0,2.0,,,0 days 00:00:25.963000,0 days 00:00:27.608000,0 days 00:00:22.981000,0 days 01:38:35.293000,0 days 01:39:02.901000,0 days 01:39:25.882000,277.0,270.0,319.0,309.0,True,MEDIUM,9.0,False,Mercedes,0 days 01:38:07.707000,2026-08-23 13:44:50.484,1,1.0,False,,False,True
0 days 01:40:40.978000,ANT,12,0 days 00:01:16.719000,10.0,2.0,,,0 days 00:00:26.069000,0 days 00:00:27.742000,0 days 00:00:22.908000,0 days 01:39:51.951000,0 days 01:40:19.693000,0 days 01:40:42.601000,276.0,271.0,320.0,309.0,False,MEDIUM,10.0,False,Mercedes,0 days 01:39:24.259000,2026-08-23 13:46:07.036,1,1.0,False,,False,True
0 days 01:41:57.686000,ANT,12,0 days 00:01:16.708000,11.0,2.0,,,0 days 00:00:25.885000,0 days 00:00:27.877000,0 days 00:00:22.946000,0 days 01:41:08.486000,0 days 01:41:36.363000,0 days 01:41:59.309000,278.0,268.0,320.0,311.0,False,MEDIUM,11.0,False,Mercedes,0 days 01:40:40.978000,2026-08-23 13:47:23.755,1,1.0,False,,False,True
0 days 01:43:14.555000,ANT,12,0 days 00:01:16.869000,12.0,2.0,,,0 days 00:00:26.063000,0 days 00:00:27.871000,0 days 00:00:22.935000,0 days 01:42:25.372000,0 days 01:42:53.243000,0 days 01:43:16.178000,278.0,271.0,319.0,312.0,False,MEDIUM,12.0,False,Mercedes,0 days 01:41:57.686000,2026-08-23 13:48:40.463,1,1.0,False,,False,True
0 days 01:44:31.613000,ANT,12,0 days 00:01:17.058000,13.0,2.0,,,0 days 00:00:25.964000,0 days 00:00:28.052000,0 days 00:00:23.042000,0 days 01:43:42.142000,0 days 01:44:10.194000,0 days 01:44:33.236000,277.0,270.0,310.0,306.0,False,MEDIUM,13.0,False,Mercedes,0 days 01:43:14.555000,2026-08-23 13:49:57.332,1,1.0,False,,False,True
0 days 01:45:48.594000,ANT,12,0 days 00:01:16.981000,14.0,2.0,,,0 days 00:00:26.002000,0 days 00:00:27.995000,0 days 00:00:22.984000,0 days 01:44:59.238000,0 days 01:45:27.233000,0 days 01:45:50.217000,284.0,272.0,314.0,293.0,False,MEDIUM,14.0,False,Mercedes,0 days 01:44:31.613000,2026-08-23 13:51:14.390,1,1.0,False,,False,True
0 days 01:47:05.817000,ANT,12,0 days 00:01:17.223000,15.0,2.0,,,0 days 00:00:25.963000,0 days 00:00:28.052000,0 days 00:00:23.208000,0 days 01:46:16.180000,0 days 01:46:44.232000,0 days 01:47:07.440000,283.0,272.0,314.0,296.0,False,MEDIUM,15.0,False,Mercedes,0 days 01:45:48.594000,2026-08-23 13:52:31.371,1,1.0,False,,False,True
0 days 01:48:23.183000,ANT,12,0 days 00:01:17.366000,16.0,2.0,,,0 days 00:00:26.013000,0 days 00:00:28.202000,0 days 00:00:23.151000,0 days 01:47:33.453000,0 days 01:48:01.655000,0 days 01:48:24.806000,285.0,272.0,314.0,293.0,False,MEDIUM,16.0,False,Mercedes,0 days 01:47:05.817000,2026-08-23 13:53:48.594,1,1.0,False,,False,True
0 days 01:49:40.496000,ANT,12,0 days 00:01:17.313000,17.0,2.0,,,0 days 00:00:26.006000,0 days 00:00:28.035000,0 days 00:00:23.272000,0 days 01:48:50.812000,0 days 01:49:18.847000,0 days 01:49:42.119000,283.0,274.0,313.0,293.0,False,MEDIUM,17.0,False,Mercedes,0 days 01:48:23.183000,2026-08-23 13:55:05.960,1,1.0,False,,False,True
0 days 01:50:57.840000,ANT,12,0 days 00:01:17.344000,18.0,2.0,,,0 days 00:00:26.163000,0 days 00:00:28.102000,0 days 00:00:23.079000,0 days 01:50:08.282000,0 days 01:50:36.384000,0 days 01:50:59.463000,283.0,275.0,317.0,295.0,False,MEDIUM,18.0,False,Mercedes,0 days 01:49:40.496000,2026-08-23 13:56:23.273,1,1.0,False,,False,True
0 days 01:52:15.282000,ANT,12,0 days 00:01:17.442000,19.0,2.0,,,0 days 00:00:26.025000,0 days 00:00:28.154000,0 days 00:00:23.263000,0 days 01:51:25.488000,0 days 01:51:53.642000,0 days 01:52:16.905000,284.0,274.0,316.0,296.0,False,MEDIUM,19.0,False,Mercedes,0 days 01:50:57.840000,2026-08-23 13:57:40.617,1,1.0,False,,False,True
0 days 01:53:32.883000,ANT,12,0 days 00:01:17.601000,20.0,2.0,,,0 days 00:00:26.185000,0 days 00:00:28.186000,0 days 00:00:23.230000,0 days 01:52:43.090000,0 days 01:53:11.276000,0 days 01:53:34.506000,282.0,275.0,316.0,293.0,False,MEDIUM,20.0,False,Mercedes,0 days 01:52:15.282000,2026-08-23 13:58:58.059,1,1.0,False,,False,True
0 days 01:54:53.422000,ANT,12,0 days 00:01:20.539000,21.0,2.0,,0 days 01:54:53.788000,0 days 00:00:26.029000,0 days 00:00:28.472000,0 days 00:00:26.038000,0 days 01:54:00.535000,0 days 01:54:29.007000,0 days 01:54:55.045000,283.0,273.0,,294.0,False,MEDIUM,21.0,False,Mercedes,0 days 01:53:32.883000,2026-08-23 14:00:15.660,1,1.0,False,,False,False
0 days 01:56:27.625000,ANT,12,0 days 00:01:34.203000,22.0,3.0,0 days 01:55:12.626000,,0 days 00:00:44.084000,0 days 00:00:27.269000,0 days 00:00:22.850000,0 days 01:55:39.129000,0 days 01:56:06.398000,0 days 01:56:29.248000,282.0,274.0,316.0,294.0,False,HARD,1.0,True,Mercedes,0 days 01:54:53.422000,2026-08-23 14:01:36.199,1,2.0,False,,False,False
0 days 01:57:43.429000,ANT,12,0 days 00:01:15.804000,23.0,3.0,,,0 days 00:00:25.706000,0 days 00:00:27.354000,0 days 00:00:22.744000,0 days 01:56:54.954000,0 days 01:57:22.308000,0 days 01:57:45.052000,283.0,275.0,315.0,295.0,True,HARD,2.0,True,Mercedes,0 days 01:56:27.625000,2026-08-23 14:03:10.402,1,2.0,False,,False,True
0 days 01:58:59.574000,ANT,12,0 days 00:01:16.145000,24.0,3.0,,,0 days 00:00:25.772000,0 days 00:00:27.542000,0 days 00:00:22.831000,0 days 01:58:10.824000,0 days 01:58:38.366000,0 days 01:59:01.197000,285.0,275.0,317.0,293.0,False,HARD,3.0,True,Mercedes,0 days 01:57:43.429000,2026-08-23 14:04:26.206,1,2.0,False,,False,True
0 days 02:00:15.839000,ANT,12,0 days 00:01:16.265000,25.0,3.0,,,0 days 00:00:25.828000,0 days 00:00:27.530000,0 days 00:00:22.907000,0 days 01:59:27.025000,0 days 01:59:54.555000,0 days 02:00:17.462000,285.0,277.0,317.0,290.0,False,HARD,4.0,True,Mercedes,0 days 01:58:59.574000,2026-08-23 14:05:42.351,1,1.0,False,,False,True
0 days 02:01:32.047000,ANT,12,0 days 00:01:16.208000,26.0,3.0,,,0 days 00:00:25.747000,0 days 00:00:27.592000,0 days 00:00:22.869000,0 days 02:00:43.209000,0 days 02:01:10.801000,0 days 02:01:33.670000,283.0,275.0,317.0,289.0,False,HARD,5.0,True,Mercedes,0 days 02:00:15.839000,2026-08-23 14:06:58.616,1,1.0,False,,False,True
0 days 02:02:48.171000,ANT,12,0 days 00:01:16.124000,27.0,3.0,,,0 days 00:00:25.702000,0 days 00:00:27.653000,0 days 00:00:22.769000,0 days 02:01:59.372000,0 days 02:02:27.025000,0 days 02:02:49.794000,285.0,276.0,318.0,296.0,False,HARD,6.0,True,Mercedes,0 days 02:01:32.047000,2026-08-23 14:08:14.824,1,1.0,False,,False,True
0 days 02:04:04.366000,ANT,12,0 days 00:01:16.195000,28.0,3.0,,,0 days 00:00:25.781000,0 days 00:00:27.521000,0 days 00:00:22.893000,0 days 02:03:15.575000,0 days 02:03:43.096000,0 days 02:04:05.989000,285.0,277.0,321.0,295.0,False,HARD,7.0,True,Mercedes,0 days 02:02:48.171000,2026-08-23 14:09:30.948,1,1.0,False,,False,True
0 days 02:05:20.539000,ANT,12,0 days 00:01:16.173000,29.0,3.0,,,0 days 00:00:25.724000,0 days 00:00:27.426000,0 days 00:00:23.023000,0 days 02:04:31.713000,0 days 02:04:59.139000,0 days 02:05:22.162000,284.0,280.0,319.0,297.0,False,HARD,8.0,True,Mercedes,0 days 02:04:04.366000,2026-08-23 14:10:47.143,1,1.0,False,,False,True
0 days 02:06:37.012000,ANT,12,0 days 00:01:16.473000,30.0,3.0,,,0 days 00:00:25.816000,0 days 00:00:27.510000,0 days 00:00:23.147000,0 days 02:05:47.978000,0 days 02:06:15.488000,0 days 02:06:38.635000,288.0,270.0,328.0,295.0,False,HARD,9.0,True,Mercedes,0 days 02:05:20.539000,2026-08-23 14:12:03.316,1,1.0,False,,False,True
0 days 02:07:53.093000,ANT,12,0 days 00:01:16.081000,31.0,3.0,,,0 days 00:00:25.669000,0 days 00:00:27.598000,0 days 00:00:22.814000,0 days 02:07:04.304000,0 days 02:07:31.902000,0 days 02:07:54.716000,287.0,277.0,322.0,306.0,False,HARD,10.0,True,Mercedes,0 days 02:06:37.012000,2026-08-23 14:13:19.789,1,1.0,False,,False,True
0 days 02:09:09.537000,ANT,12,0 days 00:01:16.444000,32.0,3.0,,,0 days 00:00:25.831000,0 days 00:00:27.669000,0 days 00:00:22.944000,0 days 02:08:20.547000,0 days 02:08:48.216000,0 days 02:09:11.160000,280.0,277.0,324.0,315.0,False,HARD,11.0,True,Mercedes,0 days 02:07:53.093000,2026-08-23 14:14:35.870,1,1.0,False,,False,True
0 days 02:10:26.141000,ANT,12,0 days 00:01:16.604000,33.0,3.0,,,0 days 00:00:25.880000,0 days 00:00:27.787000,0 days 00:00:22.937000,0 days 02:09:37.040000,0 days 02:10:04.827000,0 days 02:10:27.764000,281.0,273.0,323.0,317.0,False,HARD,12.0,True,Mercedes,0 days 02:09:09.537000,2026-08-23 14:15:52.314,1,1.0,False,,False,True
0 days 02:11:42.545000,ANT,12,0 days 00:01:16.404000,34.0,3.0,,,0 days 00:00:25.801000,0 days 00:00:27.668000,0 days 00:00:22.935000,0 days 02:10:53.565000,0 days 02:11:21.233000,0 days 02:11:44.168000,279.0,280.0,324.0,308.0,False,HARD,13.0,True,Mercedes,0 days 02:10:26.141000,2026-08-23 14:17:08.918,1,1.0,False,,False,True
0 days 02:12:59.383000,ANT,12,0 days 00:01:16.838000,35.0,3.0,,,0 days 00:00:25.850000,0 days 00:00:28.014000,0 days 00:00:22.974000,0 days 02:12:10.018000,0 days 02:12:38.032000,0 days 02:13:01.006000,282.0,278.0,325.0,313.0,False,HARD,14.0,True,Mercedes,0 days 02:11:42.545000,2026-08-23 14:18:25.322,1,1.0,False,,False,True
0 days 02:14:16.857000,ANT,12,0 days 00:01:17.474000,36.0,3.0,,,0 days 00:00:25.973000,0 days 00:00:28.469000,0 days 00:00:23.032000,0 days 02:13:26.979000,0 days 02:13:55.448000,0 days 02:14:18.480000,283.0,275.0,324.0,310.0,False,HARD,15.0,True,Mercedes,0 days 02:12:59.383000,2026-08-23 14:19:42.160,1,1.0,False,,False,True
0 days 02:15:34.001000,ANT,12,0 days 00:01:17.144000,37.0,3.0,,,0 days 00:00:25.966000,0 days 00:00:28.125000,0 days 00:00:23.053000,0 days 02:14:44.446000,0 days 02:15:12.571000,0 days 02:15:35.624000,280.0,276.0,322.0,312.0,False,HARD,16.0,True,Mercedes,0 days 02:14:16.857000,2026-08-23 14:20:59.634,1,1.0,False,,False,True
0 days 02:16:50.407000,ANT,12,0 days 00:01:16.406000,38.0,3.0,,,0 days 00:00:25.918000,0 days 00:00:27.566000,0 days 00:00:22.922000,0 days 02:16:01.542000,0 days 02:16:29.108000,0 days 02:16:52.030000,278.0,279.0,322.0,306.0,False,HARD,17.0,True,Mercedes,0 days 02:15:34.001000,2026-08-23 14:22:16.778,1,1.0,False,,False,True
0 days 02:18:07.121000,ANT,12,0 days 00:01:16.714000,39.0,3.0,,,0 days 00:00:25.920000,0 days 00:00:27.764000,0 days 00:00:23.030000,0 days 02:17:17.950000,0 days 02:17:45.714000,0 days 02:18:08.744000,281.0,275.0,324.0,312.0,False,HARD,18.0,True,Mercedes,0 days 02:16:50.407000,2026-08-23 14:23:33.184,1,1.0,False,,False,True
0 days 02:19:26.510000,ANT,12,0 days 00:01:19.389000,40.0,3.0,,0 days 02:19:26.845000,0 days 00:00:25.915000,0 days 00:00:27.829000,0 days 00:00:25.645000,0 days 02:18:34.659000,0 days 02:19:02.488000,0 days 02:19:28.133000,282.0,276.0,,311.0,False,HARD,19.0,True,Mercedes,0 days 02:18:07.121000,2026-08-23 14:24:49.898,1,2.0,False,,False,False
0 days 02:20:59.094000,ANT,12,0 days 00:01:32.584000,41.0,4.0,0 days 02:19:44.638000,,0 days 00:00:42.620000,0 days 00:00:27.321000,0 days 00:00:22.643000,0 days 02:20:10.753000,0 days 02:20:38.074000,0 days 02:21:00.717000,292.0,282.0,325.0,311.0,False,HARD,1.0,True,Mercedes,0 days 02:19:26.510000,2026-08-23 14:26:09.287,1,4.0,False,,False,False
0 days 02:22:14.794000,ANT,12,0 days 00:01:15.700000,42.0,4.0,,,0 days 00:00:25.697000,0 days 00:00:27.309000,0 days 00:00:22.694000,0 days 02:21:26.414000,0 days 02:21:53.723000,0 days 02:22:16.417000,279.0,279.0,321.0,319.0,True,HARD,2.0,True,Mercedes,0 days 02:20:59.094000,2026-08-23 14:27:41.871,1,4.0,False,,False,True
0 days 02:23:30.681000,ANT,12,0 days 00:01:15.887000,43.0,4.0,,,0 days 00:00:25.783000,0 days 00:00:27.266000,0 days 00:00:22.838000,0 days 02:22:42.200000,0 days 02:23:09.466000,0 days 02:23:32.304000,278.0,280.0,322.0,311.0,False,HARD,3.0,True,Mercedes,0 days 02:22:14.794000,2026-08-23 14:28:57.571,1,4.0,False,,False,True
0 days 02:24:46.921000,ANT,12,0 days 00:01:16.240000,44.0,4.0,,,0 days 00:00:25.726000,0 days 00:00:27.554000,0 days 00:00:22.960000,0 days 02:23:58.030000,0 days 02:24:25.584000,0 days 02:24:48.544000,279.0,278.0,308.0,316.0,False,HARD,4.0,True,Mercedes,0 days 02:23:30.681000,2026-08-23 14:30:13.458,1,3.0,False,,False,True
0 days 02:26:03.026000,ANT,12,0 days 00:01:16.105000,45.0,4.0,,,0 days 00:00:25.864000,0 days 00:00:27.355000,0 days 00:00:22.886000,0 days 02:25:14.408000,0 days 02:25:41.763000,0 days 02:26:04.649000,288.0,282.0,325.0,300.0,False,HARD,5.0,True,Mercedes,0 days 02:24:46.921000,2026-08-23 14:31:29.698,1,3.0,False,,False,True
0 days 02:27:18.754000,ANT,12,0 days 00:01:15.728000,46.0,4.0,,,0 days 00:00:25.682000,0 days 00:00:27.272000,0 days 00:00:22.774000,0 days 02:26:30.331000,0 days 02:26:57.603000,0 days 02:27:20.377000,289.0,280.0,321.0,313.0,False,HARD,6.0,True,Mercedes,0 days 02:26:03.026000,2026-08-23 14:32:45.803,1,3.0,False,,False,True
0 days 02:28:34.713000,ANT,12,0 days 00:01:15.959000,47.0,4.0,,,0 days 00:00:25.764000,0 days 00:00:27.344000,0 days 00:00:22.851000,0 days 02:27:46.141000,0 days 02:28:13.485000,0 days 02:28:36.336000,286.0,279.0,322.0,304.0,False,HARD,7.0,True,Mercedes,0 days 02:27:18.754000,2026-08-23 14:34:01.531,1,3.0,False,,False,True
0 days 02:29:50.687000,ANT,12,0 days 00:01:15.974000,48.0,4.0,,,0 days 00:00:25.679000,0 days 00:00:27.444000,0 days 00:00:22.851000,0 days 02:29:02.015000,0 days 02:29:29.459000,0 days 02:29:52.310000,289.0,278.0,322.0,308.0,False,HARD,8.0,True,Mercedes,0 days 02:28:34.713000,2026-08-23 14:35:17.490,1,2.0,False,,False,True
0 days 02:31:06.537000,ANT,12,0 days 00:01:15.850000,49.0,4.0,,,0 days 00:00:25.633000,0 days 00:00:27.471000,0 days 00:00:22.746000,0 days 02:30:17.943000,0 days 02:30:45.414000,0 days 02:31:08.160000,290.0,278.0,322.0,307.0,False,HARD,9.0,True,Mercedes,0 days 02:29:50.687000,2026-08-23 14:36:33.464,1,2.0,False,,False,True
0 days 02:32:22.479000,ANT,12,0 days 00:01:15.942000,50.0,4.0,,,0 days 00:00:25.674000,0 days 00:00:27.453000,0 days 00:00:22.815000,0 days 02:31:33.834000,0 days 02:32:01.287000,0 days 02:32:24.102000,287.0,280.0,323.0,306.0,False,HARD,10.0,True,Mercedes,0 days 02:31:06.537000,2026-08-23 14:37:49.314,1,2.0,False,,False,True
0 days 02:33:38.244000,ANT,12,0 days 00:01:15.765000,51.0,4.0,,,0 days 00:00:25.651000,0 days 00:00:27.355000,0 days 00:00:22.759000,0 days 02:32:49.753000,0 days 02:33:17.108000,0 days 02:33:39.867000,288.0,280.0,324.0,309.0,False,HARD,11.0,True,Mercedes,0 days 02:32:22.479000,2026-08-23 14:39:05.256,1,2.0,False,,False,True
0 days 02:34:53.832000,ANT,12,0 days 00:01:15.588000,52.0,4.0,,,0 days 00:00:25.629000,0 days 00:00:27.226000,0 days 00:00:22.733000,0 days 02:34:05.496000,0 days 02:34:32.722000,0 days 02:34:55.455000,288.0,281.0,339.0,314.0,True,HARD,12.0,True,Mercedes,0 days 02:33:38.244000,2026-08-23 14:40:21.021,1,2.0,False,,False,True
0 days 02:36:10.172000,ANT,12,0 days 00:01:16.340000,53.0,4.0,,,0 days 00:00:25.890000,0 days 00:00:27.507000,0 days 00:00:22.943000,0 days 02:35:21.345000,0 days 02:35:48.852000,0 days 02:36:11.795000,284.0,280.0,341.0,326.0,False,HARD,13.0,True,Mercedes,0 days 02:34:53.832000,2026-08-23 14:41:36.609,1,2.0,False,,False,True
0 days 02:37:28.054000,ANT,12,0 days 00:01:17.882000,54.0,4.0,,,0 days 00:00:26.510000,0 days 00:00:28.296000,0 days 00:00:23.076000,0 days 02:36:38.305000,0 days 02:37:06.601000,0 days 02:37:29.677000,296.0,273.0,344.0,311.0,False,HARD,14.0,True,Mercedes,0 days 02:36:10.172000,2026-08-23 14:42:52.949,12,3.0,False,,False,True
0 days 02:39:05.490000,ANT,12,0 days 00:01:37.436000,55.0,4.0,,,0 days 00:00:27.147000,0 days 00:00:38.490000,0 days 00:00:31.799000,0 days 02:37:56.824000,0 days 02:38:35.314000,0 days 02:39:07.113000,180.0,224.0,215.0,317.0,False,HARD,15.0,True,Mercedes,0 days 02:37:28.054000,2026-08-23 14:44:10.831,26,2.0,False,,False,False
0 days 02:40:49.700000,ANT,12,0 days 00:01:44.210000,56.0,4.0,,0 days 02:40:50.115000,0 days 00:00:35.848000,0 days 00:00:36.551000,0 days 00:00:31.811000,0 days 02:39:42.961000,0 days 02:40:19.512000,0 days 02:40:51.323000,245.0,215.0,,244.0,False,HARD,16.0,True,Mercedes,0 days 02:39:05.490000,2026-08-23 14:45:48.267,6,2.0,False,,False,False
0 days 02:42:36.910000,ANT,12,0 days 00:01:47.210000,57.0,5.0,0 days 02:41:09.206000,,0 days 00:00:50.402000,0 days 00:00:33.979000,0 days 00:00:22.829000,0 days 02:41:41.725000,0 days 02:42:15.704000,0 days 02:42:38.533000,242.0,277.0,325.0,244.0,False,SOFT,4.0,False,Mercedes,0 days 02:40:49.700000,2026-08-23 14:47:32.477,671,3.0,False,,False,False
0 days 02:43:51.600000,ANT,12,0 days 00:01:14.690000,58.0,5.0,,,0 days 00:00:25.557000,0 days 00:00:26.753000,0 days 00:00:22.380000,0 days 02:43:04.090000,0 days 02:43:30.843000,0 days 02:43:53.223000,281.0,276.0,322.0,313.0,True,SOFT,5.0,False,Mercedes,0 days 02:42:36.910000,2026-08-23 14:49:19.687,1,3.0,False,,False,True
0 days 02:45:06.171000,ANT,12,0 days 00:01:14.571000,59.0,5.0,,,0 days 00:00:25.362000,0 days 00:00:26.702000,0 days 00:00:22.507000,0 days 02:44:18.585000,0 days 02:44:45.287000,0 days 02:45:07.794000,279.0,269.0,332.0,318.0,True,SOFT,6.0,False,Mercedes,0 days 02:43:51.600000,2026-08-23 14:50:34.377,1,3.0,False,,False,True
0 days 02:46:20.909000,ANT,12,0 days 00:01:14.738000,60.0,5.0,,,0 days 00:00:25.623000,0 days 00:00:26.640000,0 days 00:00:22.475000,0 days 02:45:33.417000,0 days 02:46:00.057000,0 days 02:46:22.532000,289.0,267.0,323.0,273.0,False,SOFT,7.0,False,Mercedes,0 days 02:45:06.171000,2026-08-23 14:51:48.948,1,3.0,False,,False,True
0 days 02:47:35.588000,ANT,12,0 days 00:01:14.679000,61.0,5.0,,,0 days 00:00:25.444000,0 days 00:00:26.700000,0 days 00:00:22.535000,0 days 02:46:47.976000,0 days 02:47:14.676000,0 days 02:47:37.211000,286.0,280.0,321.0,296.0,False,SOFT,8.0,False,Mercedes,0 days 02:46:20.909000,2026-08-23 14:53:03.686,1,3.0,False,,False,True
0 days 02:48:50.395000,ANT,12,0 days 00:01:14.807000,62.0,5.0,,,0 days 00:00:25.519000,0 days 00:00:26.917000,0 days 00:00:22.371000,0 days 02:48:02.730000,0 days 02:48:29.647000,0 days 02:48:52.018000,292.0,283.0,322.0,295.0,False,SOFT,9.0,False,Mercedes,0 days 02:47:35.588000,2026-08-23 14:54:18.365,1,3.0,False,,False,True
0 days 02:50:05.493000,ANT,12,0 days 00:01:15.098000,63.0,5.0,,,0 days 00:00:25.373000,0 days 00:00:27.109000,0 days 00:00:22.616000,0 days 02:49:17.391000,0 days 02:49:44.500000,0 days 02:50:07.116000,278.0,275.0,314.0,309.0,False,SOFT,10.0,False,Mercedes,0 days 02:48:50.395000,2026-08-23 14:55:33.172,1,3.0,False,,False,True
0 days 02:51:20.363000,ANT,12,0 days 00:01:14.870000,64.0,5.0,,,0 days 00:00:25.415000,0 days 00:00:26.989000,0 days 00:00:22.466000,0 days 02:50:32.531000,0 days 02:50:59.520000,0 days 02:51:21.986000,287.0,282.0,325.0,298.0,False,SOFT,11.0,False,Mercedes,0 days 02:50:05.493000,2026-08-23 14:56:48.270,1,3.0,False,,False,True
0 days 02:52:35.581000,ANT,12,0 days 00:01:15.218000,65.0,5.0,,,0 days 00:00:25.373000,0 days 00:00:27.241000,0 days 00:00:22.604000,0 days 02:51:47.359000,0 days 02:52:14.600000,0 days 02:52:37.204000,288.0,283.0,325.0,309.0,False,SOFT,12.0,False,Mercedes,0 days 02:51:20.363000,2026-08-23 14:58:03.140,1,3.0,False,,False,True
0 days 02:53:50.834000,ANT,12,0 days 00:01:15.253000,66.0,5.0,,,0 days 00:00:25.380000,0 days 00:00:27.044000,0 days 00:00:22.829000,0 days 02:53:02.584000,0 days 02:53:29.628000,0 days 02:53:52.457000,291.0,266.0,322.0,296.0,False,SOFT,13.0,False,Mercedes,0 days 02:52:35.581000,2026-08-23 14:59:18.358,1,2.0,False,,False,True
0 days 02:55:06.239000,ANT,12,0 days 00:01:15.405000,67.0,5.0,,,0 days 00:00:25.688000,0 days 00:00:27.045000,0 days 00:00:22.672000,0 days 02:54:18.145000,0 days 02:54:45.190000,0 days 02:55:07.862000,285.0,278.0,317.0,299.0,False,SOFT,14.0,False,Mercedes,0 days 02:53:50.834000,2026-08-23 15:00:33.611,1,2.0,False,,False,True
0 days 02:56:21.538000,ANT,12,0 days 00:01:15.299000,68.0,5.0,,,0 days 00:00:25.550000,0 days 00:00:27.090000,0 days 00:00:22.659000,0 days 02:55:33.412000,0 days 02:56:00.502000,0 days 02:56:23.161000,287.0,279.0,320.0,297.0,False,SOFT,15.0,False,Mercedes,0 days 02:55:06.239000,2026-08-23 15:01:49.016,1,2.0,False,,False,True
0 days 02:57:36.721000,ANT,12,0 days 00:01:15.183000,69.0,5.0,,,0 days 00:00:25.443000,0 days 00:00:27.149000,0 days 00:00:22.591000,0 days 02:56:48.604000,0 days 02:57:15.753000,0 days 02:57:38.344000,288.0,280.0,322.0,298.0,False,SOFT,16.0,False,Mercedes,0 days 02:56:21.538000,2026-08-23 15:03:04.315,1,2.0,False,,False,True
0 days 02:59:09.807000,ANT,12,0 days 00:01:33.086000,70.0,5.0,,,0 days 00:00:37.779000,0 days 00:00:32.498000,0 days 00:00:22.809000,0 days 02:58:16.123000,0 days 02:58:48.621000,0 days 02:59:11.430000,183.0,274.0,323.0,277.0,False,SOFT,17.0,False,Mercedes,0 days 02:57:36.721000,2026-08-23 15:04:19.498,167,2.0,False,,False,False
0 days 03:00:24.891000,ANT,12,0 days 00:01:15.084000,71.0,5.0,,,0 days 00:00:25.460000,0 days 00:00:26.981000,0 days 00:00:22.643000,0 days 02:59:36.890000,0 days 03:00:03.871000,0 days 03:00:26.514000,287.0,280.0,323.0,304.0,False,SOFT,18.0,False,Mercedes,0 days 02:59:09.807000,2026-08-23 15:05:52.584,1,2.0,False,,False,True
0 days 03:01:40.849000,ANT,12,0 days 00:01:15.958000,72.0,5.0,,,0 days 00:00:25.491000,0 days 00:00:27.519000,0 days 00:00:22.948000,0 days 03:00:52.005000,0 days 03:01:19.524000,0 days 03:01:42.472000,288.0,281.0,299.0,304.0,False,SOFT,19.0,False,Mercedes,0 days 03:00:24.891000,2026-08-23 15:07:07.668,1,2.0,False,,False,True
0 days 00:58:21.451000,ALO,14,0 days 00:01:36.971000,1.0,1.0,,,,0 days 00:00:29.843000,0 days 00:00:30.264000,,0 days 00:57:52.806000,0 days 00:58:23.172000,283.0,270.0,272.0,191.0,False,SOFT,1.0,True,Aston Martin,0 days 00:56:45.791000,2026-08-23 13:03:28.568,12,15.0,False,,False,False
0 days 01:00:51.052000,ALO,14,0 days 00:02:29.601000,2.0,1.0,,0 days 01:00:50.253000,0 days 00:00:34.915000,0 days 00:00:44.411000,0 days 00:01:10.275000,0 days 00:58:57.985000,0 days 00:59:42.396000,0 days 01:00:52.671000,122.0,186.0,,247.0,False,SOFT,2.0,True,Aston Martin,0 days 00:58:21.451000,2026-08-23 13:05:04.228,25,15.0,False,,False,False
0 days 01:30:20.523000,ALO,14,,3.0,2.0,0 days 01:27:17.467000,,,0 days 00:00:29.481000,,,0 days 01:28:16.798000,,265.0,243.0,55.0,247.0,False,SOFT,1.0,True,Aston Martin,0 days 01:26:17.312000,2026-08-23 13:33:00.089,12,14.0,False,,False,False
0 days 01:33:00.420000,ALO,14,,4.0,2.0,,,0 days 00:00:42.836000,0 days 00:00:30.369000,0 days 00:01:26.761000,0 days 01:31:04.990000,0 days 01:31:35.352000,0 days 01:33:02.154000,266.0,224.0,107.0,136.0,False,SOFT,2.0,True,Aston Martin,0 days 01:30:20.523000,2026-08-23 13:37:03.300,1,14.0,False,,False,False
0 days 01:34:25.192000,ALO,14,0 days 00:01:24.772000,5.0,2.0,,,0 days 00:00:30.822000,0 days 00:00:29.134000,0 days 00:00:24.816000,0 days 01:33:32.861000,0 days 01:34:01.995000,0 days 01:34:26.811000,262.0,291.0,312.0,227.0,True,SOFT,3.0,True,Aston Martin,0 days 01:33:00.420000,2026-08-23 13:39:43.197,12,14.0,False,,False,True
0 days 01:35:45.847000,ALO,14,0 days 00:01:20.655000,6.0,2.0,,,0 days 00:00:27.711000,0 days 00:00:28.856000,0 days 00:00:24.088000,0 days 01:34:54.522000,0 days 01:35:23.378000,0 days 01:35:47.466000,278.0,268.0,305.0,294.0,True,SOFT,4.0,True,Aston Martin,0 days 01:34:25.192000,2026-08-23 13:41:07.969,1,14.0,False,,False,True
0 days 01:37:05.691000,ALO,14,0 days 00:01:19.844000,7.0,2.0,,,0 days 00:00:27.498000,0 days 00:00:28.566000,0 days 00:00:23.780000,0 days 01:36:14.964000,0 days 01:36:43.530000,0 days 01:37:07.310000,271.0,268.0,322.0,273.0,True,SOFT,5.0,True,Aston Martin,0 days 01:35:45.847000,2026-08-23 13:42:28.624,1,15.0,False,,False,True
0 days 01:38:24.825000,ALO,14,0 days 00:01:19.134000,8.0,2.0,,,0 days 00:00:26.820000,0 days 00:00:28.593000,0 days 00:00:23.721000,0 days 01:37:34.130000,0 days 01:38:02.723000,0 days 01:38:26.444000,270.0,269.0,322.0,300.0,True,SOFT,6.0,True,Aston Martin,0 days 01:37:05.691000,2026-08-23 13:43:48.468,1,15.0,False,,False,True
0 days 01:39:43.800000,ALO,14,0 days 00:01:18.975000,9.0,2.0,,,0 days 00:00:26.768000,0 days 00:00:28.551000,0 days 00:00:23.656000,0 days 01:38:53.212000,0 days 01:39:21.763000,0 days 01:39:45.419000,270.0,267.0,308.0,296.0,True,SOFT,7.0,True,Aston Martin,0 days 01:38:24.825000,2026-08-23 13:45:07.602,1,14.0,False,,False,True
0 days 01:41:02.957000,ALO,14,0 days 00:01:19.157000,10.0,2.0,,,0 days 00:00:26.759000,0 days 00:00:28.799000,0 days 00:00:23.599000,0 days 01:40:12.178000,0 days 01:40:40.977000,0 days 01:41:04.576000,272.0,267.0,309.0,294.0,False,SOFT,8.0,True,Aston Martin,0 days 01:39:43.800000,2026-08-23 13:46:26.577,1,14.0,False,,False,True
0 days 01:42:22.139000,ALO,14,0 days 00:01:19.182000,11.0,2.0,,,0 days 00:00:26.765000,0 days 00:00:28.895000,0 days 00:00:23.522000,0 days 01:41:31.341000,0 days 01:42:00.236000,0 days 01:42:23.758000,272.0,266.0,308.0,301.0,False,SOFT,9.0,True,Aston Martin,0 days 01:41:02.957000,2026-08-23 13:47:45.734,1,13.0,False,,False,True
0 days 01:43:40.864000,ALO,14,0 days 00:01:18.725000,12.0,2.0,,,0 days 00:00:26.654000,0 days 00:00:28.432000,0 days 00:00:23.639000,0 days 01:42:50.412000,0 days 01:43:18.844000,0 days 01:43:42.483000,271.0,266.0,310.0,300.0,True,SOFT,10.0,True,Aston Martin,0 days 01:42:22.139000,2026-08-23 13:49:04.916,1,13.0,False,,False,True
0 days 01:44:59.874000,ALO,14,0 days 00:01:19.010000,13.0,2.0,,,0 days 00:00:26.827000,0 days 00:00:28.599000,0 days 00:00:23.584000,0 days 01:44:09.310000,0 days 01:44:37.909000,0 days 01:45:01.493000,267.0,264.0,322.0,296.0,False,SOFT,11.0,True,Aston Martin,0 days 01:43:40.864000,2026-08-23 13:50:23.641,1,13.0,False,,False,True
0 days 01:46:18.900000,ALO,14,0 days 00:01:19.026000,14.0,2.0,,,0 days 00:00:26.738000,0 days 00:00:28.601000,0 days 00:00:23.687000,0 days 01:45:28.231000,0 days 01:45:56.832000,0 days 01:46:20.519000,274.0,269.0,324.0,302.0,False,SOFT,12.0,True,Aston Martin,0 days 01:44:59.874000,2026-08-23 13:51:42.651,1,13.0,False,,False,True
0 days 01:47:37.993000,ALO,14,0 days 00:01:19.093000,15.0,2.0,,,0 days 00:00:26.626000,0 days 00:00:28.660000,0 days 00:00:23.807000,0 days 01:46:47.145000,0 days 01:47:15.805000,0 days 01:47:39.612000,273.0,273.0,327.0,299.0,False,SOFT,13.0,True,Aston Martin,0 days 01:46:18.900000,2026-08-23 13:53:01.677,1,13.0,False,,False,True
0 days 01:48:57.759000,ALO,14,0 days 00:01:19.766000,16.0,2.0,,,0 days 00:00:26.805000,0 days 00:00:29.124000,0 days 00:00:23.837000,0 days 01:48:06.417000,0 days 01:48:35.541000,0 days 01:48:59.378000,264.0,267.0,318.0,303.0,False,SOFT,14.0,True,Aston Martin,0 days 01:47:37.993000,2026-08-23 13:54:20.770,1,12.0,False,,False,True
0 days 01:50:16.316000,ALO,14,0 days 00:01:18.557000,17.0,2.0,,,0 days 00:00:26.452000,0 days 00:00:28.555000,0 days 00:00:23.550000,0 days 01:49:25.830000,0 days 01:49:54.385000,0 days 01:50:17.935000,272.0,265.0,309.0,310.0,True,SOFT,15.0,True,Aston Martin,0 days 01:48:57.759000,2026-08-23 13:55:40.536,1,12.0,False,,False,True
0 days 01:51:35.366000,ALO,14,0 days 00:01:19.050000,18.0,2.0,,,0 days 00:00:26.604000,0 days 00:00:28.639000,0 days 00:00:23.807000,0 days 01:50:44.539000,0 days 01:51:13.178000,0 days 01:51:36.985000,271.0,265.0,311.0,304.0,False,SOFT,16.0,True,Aston Martin,0 days 01:50:16.316000,2026-08-23 13:56:59.093,1,12.0,False,,False,True
0 days 01:52:54.232000,ALO,14,0 days 00:01:18.866000,19.0,2.0,,,0 days 00:00:26.647000,0 days 00:00:28.644000,0 days 00:00:23.575000,0 days 01:52:03.632000,0 days 01:52:32.276000,0 days 01:52:55.851000,273.0,267.0,322.0,304.0,False,SOFT,17.0,True,Aston Martin,0 days 01:51:35.366000,2026-08-23 13:58:18.143,1,10.0,False,,False,True
0 days 01:54:13.423000,ALO,14,0 days 00:01:19.191000,20.0,2.0,,,0 days 00:00:26.672000,0 days 00:00:28.806000,0 days 00:00:23.713000,0 days 01:53:22.523000,0 days 01:53:51.329000,0 days 01:54:15.042000,270.0,265.0,322.0,313.0,False,SOFT,18.0,True,Aston Martin,0 days 01:52:54.232000,2026-08-23 13:59:37.009,1,9.0,False,,False,True
0 days 01:55:32.333000,ALO,14,0 days 00:01:18.910000,21.0,2.0,,,0 days 00:00:26.556000,0 days 00:00:28.821000,0 days 00:00:23.533000,0 days 01:54:41.598000,0 days 01:55:10.419000,0 days 01:55:33.952000,271.0,263.0,319.0,307.0,False,SOFT,19.0,True,Aston Martin,0 days 01:54:13.423000,2026-08-23 14:00:56.200,1,9.0,False,,False,True
0 days 01:56:51.534000,ALO,14,0 days 00:01:19.201000,22.0,2.0,,,0 days 00:00:26.667000,0 days 00:00:28.811000,0 days 00:00:23.723000,0 days 01:56:00.619000,0 days 01:56:29.430000,0 days 01:56:53.153000,271.0,264.0,317.0,300.0,False,SOFT,20.0,True,Aston Martin,0 days 01:55:32.333000,2026-08-23 14:02:15.110,1,8.0,False,,False,True
0 days 01:58:11.560000,ALO,14,0 days 00:01:20.026000,23.0,2.0,,,0 days 00:00:27.158000,0 days 00:00:28.975000,0 days 00:00:23.893000,0 days 01:57:20.311000,0 days 01:57:49.286000,0 days 01:58:13.179000,273.0,266.0,305.0,280.0,False,SOFT,21.0,True,Aston Martin,0 days 01:56:51.534000,2026-08-23 14:03:34.311,1,9.0,False,,False,True
0 days 01:59:30.685000,ALO,14,0 days 00:01:19.125000,24.0,2.0,,,0 days 00:00:26.785000,0 days 00:00:28.591000,0 days 00:00:23.749000,0 days 01:58:39.964000,0 days 01:59:08.555000,0 days 01:59:32.304000,273.0,269.0,321.0,292.0,False,SOFT,22.0,True,Aston Martin,0 days 01:58:11.560000,2026-08-23 14:04:54.337,1,9.0,False,,False,True
0 days 02:00:49.693000,ALO,14,0 days 00:01:19.008000,25.0,2.0,,,0 days 00:00:26.545000,0 days 00:00:28.717000,0 days 00:00:23.746000,0 days 01:59:58.849000,0 days 02:00:27.566000,0 days 02:00:51.312000,275.0,271.0,320.0,300.0,False,SOFT,23.0,True,Aston Martin,0 days 01:59:30.685000,2026-08-23 14:06:13.462,1,9.0,False,,False,True
0 days 02:02:08.946000,ALO,14,0 days 00:01:19.253000,26.0,2.0,,,0 days 00:00:26.614000,0 days 00:00:28.953000,0 days 00:00:23.686000,0 days 02:01:17.926000,0 days 02:01:46.879000,0 days 02:02:10.565000,274.0,266.0,313.0,300.0,False,SOFT,24.0,True,Aston Martin,0 days 02:00:49.693000,2026-08-23 14:07:32.470,1,8.0,False,,False,True
0 days 02:03:27.823000,ALO,14,0 days 00:01:18.877000,27.0,2.0,,,0 days 00:00:26.460000,0 days 00:00:28.777000,0 days 00:00:23.640000,0 days 02:02:37.025000,0 days 02:03:05.802000,0 days 02:03:29.442000,270.0,263.0,297.0,295.0,False,SOFT,25.0,True,Aston Martin,0 days 02:02:08.946000,2026-08-23 14:08:51.723,1,8.0,False,,False,True
0 days 02:04:46.907000,ALO,14,0 days 00:01:19.084000,28.0,2.0,,,0 days 00:00:26.663000,0 days 00:00:28.715000,0 days 00:00:23.706000,0 days 02:03:56.105000,0 days 02:04:24.820000,0 days 02:04:48.526000,268.0,262.0,295.0,290.0,False,SOFT,26.0,True,Aston Martin,0 days 02:03:27.823000,2026-08-23 14:10:10.600,1,8.0,False,,False,True
0 days 02:06:05.913000,ALO,14,0 days 00:01:19.006000,29.0,2.0,,,0 days 00:00:26.692000,0 days 00:00:28.612000,0 days 00:00:23.702000,0 days 02:05:15.218000,0 days 02:05:43.830000,0 days 02:06:07.532000,271.0,265.0,294.0,289.0,False,SOFT,27.0,True,Aston Martin,0 days 02:04:46.907000,2026-08-23 14:11:29.684,1,8.0,False,,False,True
0 days 02:07:24.953000,ALO,14,0 days 00:01:19.040000,30.0,2.0,,,0 days 00:00:26.758000,0 days 00:00:28.655000,0 days 00:00:23.627000,0 days 02:06:34.290000,0 days 02:07:02.945000,0 days 02:07:26.572000,271.0,265.0,296.0,288.0,False,SOFT,28.0,True,Aston Martin,0 days 02:06:05.913000,2026-08-23 14:12:48.690,1,8.0,False,,False,True
0 days 02:08:43.928000,ALO,14,0 days 00:01:18.975000,31.0,2.0,,,0 days 00:00:26.655000,0 days 00:00:28.674000,0 days 00:00:23.646000,0 days 02:07:53.227000,0 days 02:08:21.901000,0 days 02:08:45.547000,269.0,264.0,296.0,289.0,False,SOFT,29.0,True,Aston Martin,0 days 02:07:24.953000,2026-08-23 14:14:07.730,1,8.0,False,,False,True
0 days 02:10:02.909000,ALO,14,0 days 00:01:18.981000,32.0,2.0,,,0 days 00:00:26.695000,0 days 00:00:28.621000,0 days 00:00:23.665000,0 days 02:09:12.242000,0 days 02:09:40.863000,0 days 02:10:04.528000,269.0,264.0,300.0,290.0,False,SOFT,30.0,True,Aston Martin,0 days 02:08:43.928000,2026-08-23 14:15:26.705,1,8.0,False,,False,True
0 days 02:11:21.980000,ALO,14,0 days 00:01:19.071000,33.0,2.0,,,0 days 00:00:26.688000,0 days 00:00:28.652000,0 days 00:00:23.731000,0 days 02:10:31.216000,0 days 02:10:59.868000,0 days 02:11:23.599000,269.0,263.0,297.0,292.0,False,SOFT,31.0,True,Aston Martin,0 days 02:10:02.909000,2026-08-23 14:16:45.686,1,8.0,False,,False,True
0 days 02:12:44.666000,ALO,14,0 days 00:01:22.686000,34.0,2.0,,0 days 02:12:45.044000,0 days 00:00:26.794000,0 days 00:00:29.156000,0 days 00:00:26.736000,0 days 02:11:50.393000,0 days 02:12:19.549000,0 days 02:12:46.285000,271.0,263.0,,290.0,False,SOFT,32.0,True,Aston Martin,0 days 02:11:21.980000,2026-08-23 14:18:04.757,1,9.0,False,,False,False
0 days 02:14:19.269000,ALO,14,0 days 00:01:34.603000,35.0,3.0,0 days 02:13:02.723000,,0 days 00:00:43.160000,0 days 00:00:28.077000,0 days 00:00:23.366000,0 days 02:13:29.445000,0 days 02:13:57.522000,0 days 02:14:20.888000,274.0,274.0,320.0,290.0,False,HARD,1.0,True,Aston Martin,0 days 02:12:44.666000,2026-08-23 14:19:27.443,1,13.0,False,,False,False
0 days 02:15:38.289000,ALO,14,0 days 00:01:19.020000,36.0,3.0,,,0 days 00:00:26.892000,0 days 00:00:27.979000,0 days 00:00:24.149000,0 days 02:14:47.780000,0 days 02:15:15.759000,0 days 02:15:39.908000,268.0,290.0,320.0,289.0,False,HARD,2.0,True,Aston Martin,0 days 02:14:19.269000,2026-08-23 14:21:02.046,1,12.0,False,,False,True
0 days 02:16:57.113000,ALO,14,0 days 00:01:18.824000,37.0,3.0,,,0 days 00:00:27.018000,0 days 00:00:28.012000,0 days 00:00:23.794000,0 days 02:16:06.926000,0 days 02:16:34.938000,0 days 02:16:58.732000,263.0,268.0,335.0,288.0,False,HARD,3.0,True,Aston Martin,0 days 02:15:38.289000,2026-08-23 14:22:21.066,1,12.0,False,,False,True
0 days 02:18:15.123000,ALO,14,0 days 00:01:18.010000,38.0,3.0,,,0 days 00:00:26.582000,0 days 00:00:28.120000,0 days 00:00:23.308000,0 days 02:17:25.314000,0 days 02:17:53.434000,0 days 02:18:16.742000,272.0,271.0,300.0,296.0,True,HARD,4.0,True,Aston Martin,0 days 02:16:57.113000,2026-08-23 14:23:39.890,1,11.0,False,,False,True
0 days 02:19:32.611000,ALO,14,0 days 00:01:17.488000,39.0,3.0,,,0 days 00:00:26.368000,0 days 00:00:27.887000,0 days 00:00:23.233000,0 days 02:18:43.110000,0 days 02:19:10.997000,0 days 02:19:34.230000,271.0,265.0,302.0,294.0,True,HARD,5.0,True,Aston Martin,0 days 02:18:15.123000,2026-08-23 14:24:57.900,1,11.0,False,,False,True
0 days 02:20:49.937000,ALO,14,0 days 00:01:17.326000,40.0,3.0,,,0 days 00:00:26.301000,0 days 00:00:27.771000,0 days 00:00:23.254000,0 days 02:20:00.531000,0 days 02:20:28.302000,0 days 02:20:51.556000,270.0,264.0,302.0,294.0,True,HARD,6.0,True,Aston Martin,0 days 02:19:32.611000,2026-08-23 14:26:15.388,1,11.0,False,,False,True
0 days 02:22:07.054000,ALO,14,0 days 00:01:17.117000,41.0,3.0,,,0 days 00:00:26.167000,0 days 00:00:27.774000,0 days 00:00:23.176000,0 days 02:21:17.723000,0 days 02:21:45.497000,0 days 02:22:08.673000,269.0,264.0,301.0,295.0,True,HARD,7.0,True,Aston Martin,0 days 02:20:49.937000,2026-08-23 14:27:32.714,1,11.0,False,,False,True
0 days 02:23:27.201000,ALO,14,0 days 00:01:20.147000,42.0,3.0,,,0 days 00:00:26.322000,0 days 00:00:28.486000,0 days 00:00:25.339000,0 days 02:22:34.995000,0 days 02:23:03.481000,0 days 02:23:28.820000,268.0,253.0,321.0,293.0,False,HARD,8.0,True,Aston Martin,0 days 02:22:07.054000,2026-08-23 14:28:49.831,1,11.0,False,,False,True
0 days 02:24:44.812000,ALO,14,0 days 00:01:17.611000,43.0,3.0,,,0 days 00:00:26.395000,0 days 00:00:27.965000,0 days 00:00:23.251000,0 days 02:23:55.215000,0 days 02:24:23.180000,0 days 02:24:46.431000,271.0,267.0,305.0,301.0,False,HARD,9.0,True,Aston Martin,0 days 02:23:27.201000,2026-08-23 14:30:09.978,1,11.0,False,,False,True
0 days 02:26:01.895000,ALO,14,0 days 00:01:17.083000,44.0,3.0,,,0 days 00:00:26.182000,0 days 00:00:27.727000,0 days 00:00:23.174000,0 days 02:25:12.613000,0 days 02:25:40.340000,0 days 02:26:03.514000,273.0,273.0,303.0,299.0,True,HARD,10.0,True,Aston Martin,0 days 02:24:44.812000,2026-08-23 14:31:27.589,1,11.0,False,,False,True
0 days 02:27:20.513000,ALO,14,0 days 00:01:18.618000,45.0,3.0,,,0 days 00:00:27.093000,0 days 00:00:28.179000,0 days 00:00:23.346000,0 days 02:26:30.607000,0 days 02:26:58.786000,0 days 02:27:22.132000,230.0,271.0,308.0,298.0,False,HARD,11.0,True,Aston Martin,0 days 02:26:01.895000,2026-08-23 14:32:44.672,1,10.0,False,,False,True
0 days 02:28:37.719000,ALO,14,0 days 00:01:17.206000,46.0,3.0,,,0 days 00:00:26.191000,0 days 00:00:27.824000,0 days 00:00:23.191000,0 days 02:27:48.323000,0 days 02:28:16.147000,0 days 02:28:39.338000,273.0,268.0,305.0,302.0,False,HARD,12.0,True,Aston Martin,0 days 02:27:20.513000,2026-08-23 14:34:03.290,1,10.0,False,,False,True
0 days 02:29:55.254000,ALO,14,0 days 00:01:17.535000,47.0,3.0,,,0 days 00:00:26.143000,0 days 00:00:27.767000,0 days 00:00:23.625000,0 days 02:29:05.481000,0 days 02:29:33.248000,0 days 02:29:56.873000,275.0,268.0,290.0,298.0,False,HARD,13.0,True,Aston Martin,0 days 02:28:37.719000,2026-08-23 14:35:20.496,1,9.0,False,,False,True
0 days 02:31:12.924000,ALO,14,0 days 00:01:17.670000,48.0,3.0,,,0 days 00:00:26.664000,0 days 00:00:27.794000,0 days 00:00:23.212000,0 days 02:30:23.537000,0 days 02:30:51.331000,0 days 02:31:14.543000,277.0,281.0,304.0,277.0,False,HARD,14.0,True,Aston Martin,0 days 02:29:55.254000,2026-08-23 14:36:38.031,1,9.0,False,,False,True
0 days 02:32:30.330000,ALO,14,0 days 00:01:17.406000,49.0,3.0,,,0 days 00:00:26.217000,0 days 00:00:27.816000,0 days 00:00:23.373000,0 days 02:31:40.760000,0 days 02:32:08.576000,0 days 02:32:31.949000,274.0,271.0,293.0,298.0,False,HARD,15.0,True,Aston Martin,0 days 02:31:12.924000,2026-08-23 14:37:55.701,1,9.0,False,,False,True
0 days 02:33:48.416000,ALO,14,0 days 00:01:18.086000,50.0,3.0,,,0 days 00:00:26.859000,0 days 00:00:27.862000,0 days 00:00:23.365000,0 days 02:32:58.808000,0 days 02:33:26.670000,0 days 02:33:50.035000,276.0,289.0,304.0,271.0,False,HARD,16.0,True,Aston Martin,0 days 02:32:30.330000,2026-08-23 14:39:13.107,1,9.0,False,,False,True
0 days 02:35:07.142000,ALO,14,0 days 00:01:18.726000,51.0,3.0,,,0 days 00:00:27.393000,0 days 00:00:27.904000,0 days 00:00:23.429000,0 days 02:34:17.428000,0 days 02:34:45.332000,0 days 02:35:08.761000,275.0,270.0,298.0,300.0,False,HARD,17.0,True,Aston Martin,0 days 02:33:48.416000,2026-08-23 14:40:31.193,1,9.0,False,,False,True
0 days 02:36:24.428000,ALO,14,0 days 00:01:17.286000,52.0,3.0,,,0 days 00:00:26.265000,0 days 00:00:27.878000,0 days 00:00:23.143000,0 days 02:35:35.026000,0 days 02:36:02.904000,0 days 02:36:26.047000,267.0,270.0,306.0,294.0,False,HARD,18.0,True,Aston Martin,0 days 02:35:07.142000,2026-08-23 14:41:49.919,1,9.0,False,,False,True
0 days 02:37:41.701000,ALO,14,0 days 00:01:17.273000,53.0,3.0,,,0 days 00:00:26.197000,0 days 00:00:27.886000,0 days 00:00:23.190000,0 days 02:36:52.244000,0 days 02:37:20.130000,0 days 02:37:43.320000,267.0,265.0,307.0,300.0,False,HARD,19.0,True,Aston Martin,0 days 02:36:24.428000,2026-08-23 14:43:07.205,12,9.0,False,,False,True
0 days 02:39:23.202000,ALO,14,0 days 00:01:41.501000,54.0,3.0,,,0 days 00:00:32.144000,0 days 00:00:37.933000,0 days 00:00:31.424000,0 days 02:38:15.464000,0 days 02:38:53.397000,0 days 02:39:24.821000,233.0,178.0,242.0,299.0,False,HARD,20.0,True,Aston Martin,0 days 02:37:41.701000,2026-08-23 14:44:24.478,26,9.0,False,,False,False
0 days 02:41:06.725000,ALO,14,0 days 00:01:43.523000,55.0,3.0,,,0 days 00:00:39.381000,0 days 00:00:34.070000,0 days 00:00:30.072000,0 days 02:40:04.202000,0 days 02:40:38.272000,0 days 02:41:08.344000,249.0,144.0,275.0,254.0,False,HARD,21.0,True,Aston Martin,0 days 02:39:23.202000,2026-08-23 14:46:05.979,6,9.0,False,,False,False
0 days 02:42:40.144000,ALO,14,0 days 00:01:33.419000,56.0,3.0,,,0 days 00:00:38.668000,0 days 00:00:31.265000,0 days 00:00:23.486000,0 days 02:41:47.012000,0 days 02:42:18.277000,0 days 02:42:41.763000,274.0,272.0,307.0,237.0,False,HARD,22.0,True,Aston Martin,0 days 02:41:06.725000,2026-08-23 14:47:49.502,671,9.0,False,,False,False
0 days 02:43:57.270000,ALO,14,0 days 00:01:17.126000,57.0,3.0,,,0 days 00:00:26.127000,0 days 00:00:27.737000,0 days 00:00:23.262000,0 days 02:43:07.890000,0 days 02:43:35.627000,0 days 02:43:58.889000,284.0,268.0,307.0,301.0,False,HARD,23.0,True,Aston Martin,0 days 02:42:40.144000,2026-08-23 14:49:22.921,1,9.0,False,,False,True
0 days 02:45:15.359000,ALO,14,0 days 00:01:18.089000,58.0,3.0,,,0 days 00:00:26.233000,0 days 00:00:27.792000,0 days 00:00:24.064000,0 days 02:44:25.122000,0 days 02:44:52.914000,0 days 02:45:16.978000,272.0,268.0,325.0,302.0,False,HARD,24.0,True,Aston Martin,0 days 02:43:57.270000,2026-08-23 14:50:40.047,1,9.0,False,,False,True
0 days 02:46:32.305000,ALO,14,0 days 00:01:16.946000,59.0,3.0,,,0 days 00:00:26.069000,0 days 00:00:27.729000,0 days 00:00:23.148000,0 days 02:45:43.047000,0 days 02:46:10.776000,0 days 02:46:33.924000,275.0,269.0,309.0,314.0,True,HARD,25.0,True,Aston Martin,0 days 02:45:15.359000,2026-08-23 14:51:58.136,1,9.0,False,,False,True
0 days 02:47:49.404000,ALO,14,0 days 00:01:17.099000,60.0,3.0,,,0 days 00:00:26.104000,0 days 00:00:27.822000,0 days 00:00:23.173000,0 days 02:47:00.028000,0 days 02:47:27.850000,0 days 02:47:51.023000,275.0,270.0,307.0,300.0,False,HARD,26.0,True,Aston Martin,0 days 02:46:32.305000,2026-08-23 14:53:15.082,1,9.0,False,,False,True
0 days 02:49:06.687000,ALO,14,0 days 00:01:17.283000,61.0,3.0,,,0 days 00:00:26.159000,0 days 00:00:27.803000,0 days 00:00:23.321000,0 days 02:48:17.182000,0 days 02:48:44.985000,0 days 02:49:08.306000,274.0,271.0,307.0,299.0,False,HARD,27.0,True,Aston Martin,0 days 02:47:49.404000,2026-08-23 14:54:32.181,1,9.0,False,,False,True
0 days 02:50:24.329000,ALO,14,0 days 00:01:17.642000,62.0,3.0,,,0 days 00:00:26.395000,0 days 00:00:27.981000,0 days 00:00:23.266000,0 days 02:49:34.701000,0 days 02:50:02.682000,0 days 02:50:25.948000,275.0,272.0,307.0,301.0,False,HARD,28.0,True,Aston Martin,0 days 02:49:06.687000,2026-08-23 14:55:49.464,1,9.0,False,,False,True
0 days 02:51:41.715000,ALO,14,0 days 00:01:17.386000,63.0,3.0,,,0 days 00:00:26.167000,0 days 00:00:27.954000,0 days 00:00:23.265000,0 days 02:50:52.115000,0 days 02:51:20.069000,0 days 02:51:43.334000,276.0,269.0,305.0,302.0,False,HARD,29.0,True,Aston Martin,0 days 02:50:24.329000,2026-08-23 14:57:07.106,1,9.0,False,,False,True
0 days 02:53:00.101000,ALO,14,0 days 00:01:18.386000,64.0,3.0,,,0 days 00:00:26.484000,0 days 00:00:28.619000,0 days 00:00:23.283000,0 days 02:52:09.818000,0 days 02:52:38.437000,0 days 02:53:01.720000,246.0,270.0,308.0,298.0,False,HARD,30.0,True,Aston Martin,0 days 02:51:41.715000,2026-08-23 14:58:24.492,1,9.0,False,,False,True
0 days 02:54:17.470000,ALO,14,0 days 00:01:17.369000,65.0,3.0,,,0 days 00:00:26.231000,0 days 00:00:27.868000,0 days 00:00:23.270000,0 days 02:53:27.951000,0 days 02:53:55.819000,0 days 02:54:19.089000,276.0,269.0,316.0,303.0,False,HARD,31.0,True,Aston Martin,0 days 02:53:00.101000,2026-08-23 14:59:42.878,1,9.0,False,,False,True
0 days 02:55:34.608000,ALO,14,0 days 00:01:17.138000,66.0,3.0,,,0 days 00:00:26.197000,0 days 00:00:27.813000,0 days 00:00:23.128000,0 days 02:54:45.286000,0 days 02:55:13.099000,0 days 02:55:36.227000,271.0,269.0,315.0,309.0,False,HARD,32.0,True,Aston Martin,0 days 02:54:17.470000,2026-08-23 15:01:00.247,1,9.0,False,,False,True
0 days 02:56:51.999000,ALO,14,0 days 00:01:17.391000,67.0,3.0,,,0 days 00:00:26.262000,0 days 00:00:27.924000,0 days 00:00:23.205000,0 days 02:56:02.489000,0 days 02:56:30.413000,0 days 02:56:53.618000,272.0,268.0,314.0,307.0,False,HARD,33.0,True,Aston Martin,0 days 02:55:34.608000,2026-08-23 15:02:17.385,1,9.0,False,,False,True
0 days 02:58:20.705000,ALO,14,0 days 00:01:28.706000,68.0,3.0,,,0 days 00:00:26.214000,0 days 00:00:31.108000,0 days 00:00:31.384000,0 days 02:57:19.832000,0 days 02:57:50.940000,0 days 02:58:22.324000,271.0,248.0,305.0,306.0,False,HARD,34.0,True,Aston Martin,0 days 02:56:51.999000,2026-08-23 15:03:34.776,16,9.0,False,,False,False
0 days 02:59:43.035000,ALO,14,0 days 00:01:22.330000,69.0,3.0,,,0 days 00:00:31.669000,0 days 00:00:27.570000,0 days 00:00:23.091000,0 days 02:58:53.993000,0 days 02:59:21.563000,0 days 02:59:44.654000,284.0,283.0,314.0,150.0,False,HARD,35.0,True,Aston Martin,0 days 02:58:20.705000,2026-08-23 15:05:03.482,671,9.0,False,,False,False
0 days 03:01:00.051000,ALO,14,0 days 00:01:17.016000,70.0,3.0,,,0 days 00:00:26.091000,0 days 00:00:27.739000,0 days 00:00:23.186000,0 days 03:00:10.745000,0 days 03:00:38.484000,0 days 03:01:01.670000,271.0,269.0,313.0,306.0,False,HARD,36.0,True,Aston Martin,0 days 02:59:43.035000,2026-08-23 15:06:25.812,1,9.0,False,,False,True
0 days 03:02:17.706000,ALO,14,0 days 00:01:17.655000,71.0,3.0,,,0 days 00:00:26.319000,0 days 00:00:28.040000,0 days 00:00:23.296000,0 days 03:01:27.989000,0 days 03:01:56.029000,0 days 03:02:19.325000,268.0,267.0,315.0,302.0,False,HARD,37.0,True,Aston Martin,0 days 03:01:00.051000,2026-08-23 15:07:42.828,1,9.0,False,,False,True
0 days 00:58:11.469000,LEC,16,0 days 00:01:26.929000,1.0,1.0,,,,0 days 00:00:27.908000,0 days 00:00:25.989000,,0 days 00:57:47.146000,0 days 00:58:13.072000,293.0,286.0,313.0,217.0,False,SOFT,5.0,False,Ferrari,0 days 00:56:45.791000,2026-08-23 13:03:28.568,1,4.0,False,,False,False
0 days 01:00:19.930000,LEC,16,0 days 00:02:08.461000,2.0,1.0,,0 days 01:00:19.691000,0 days 00:00:27.389000,0 days 00:00:41.443000,0 days 00:00:59.629000,0 days 00:58:40.430000,0 days 00:59:21.873000,0 days 01:00:21.502000,291.0,147.0,,254.0,False,SOFT,6.0,False,Ferrari,0 days 00:58:11.469000,2026-08-23 13:04:54.246,125,4.0,False,,False,False
0 days 01:28:42.167000,LEC,16,,3.0,2.0,0 days 01:26:33.356000,,,0 days 00:00:34.820000,0 days 00:01:03.557000,,0 days 01:27:40.182000,0 days 01:28:43.795000,278.0,216.0,50.0,254.0,False,SOFT,1.0,True,Ferrari,0 days 01:26:17.312000,2026-08-23 13:33:00.089,1,4.0,False,,False,False
0 days 01:32:01.695000,LEC,16,,4.0,2.0,,,,0 days 00:00:29.127000,0 days 00:00:58.846000,,0 days 01:31:04.615000,0 days 01:32:03.483000,264.0,221.0,49.0,127.0,False,SOFT,2.0,True,Ferrari,0 days 01:28:42.167000,2026-08-23 13:35:24.944,12,4.0,False,,False,False
0 days 01:34:20.529000,LEC,16,0 days 00:02:18.834000,5.0,2.0,,,0 days 00:01:26.625000,0 days 00:00:28.593000,0 days 00:00:23.616000,0 days 01:33:29.892000,0 days 01:33:58.485000,0 days 01:34:22.101000,283.0,282.0,328.0,218.0,True,SOFT,3.0,True,Ferrari,0 days 01:32:01.695000,2026-08-23 13:38:44.472,12,5.0,False,,False,True
0 days 01:35:38.745000,LEC,16,0 days 00:01:18.216000,6.0,2.0,,,0 days 00:00:26.600000,0 days 00:00:28.220000,0 days 00:00:23.396000,0 days 01:34:48.701000,0 days 01:35:16.921000,0 days 01:35:40.317000,289.0,268.0,332.0,300.0,True,SOFT,4.0,True,Ferrari,0 days 01:34:20.529000,2026-08-23 13:41:03.306,1,5.0,False,,False,True
0 days 01:36:56.146000,LEC,16,0 days 00:01:17.401000,7.0,2.0,,,0 days 00:00:26.553000,0 days 00:00:27.833000,0 days 00:00:23.015000,0 days 01:36:06.870000,0 days 01:36:34.703000,0 days 01:36:57.718000,272.0,267.0,336.0,302.0,True,SOFT,5.0,True,Ferrari,0 days 01:35:38.745000,2026-08-23 13:42:21.522,1,5.0,False,,False,True
0 days 01:38:13.438000,LEC,16,0 days 00:01:17.292000,8.0,2.0,,,0 days 00:00:26.569000,0 days 00:00:27.806000,0 days 00:00:22.917000,0 days 01:37:24.287000,0 days 01:37:52.093000,0 days 01:38:15.010000,270.0,268.0,337.0,295.0,True,SOFT,6.0,True,Ferrari,0 days 01:36:56.146000,2026-08-23 13:43:38.923,1,5.0,False,,False,True
0 days 01:39:30.444000,LEC,16,0 days 00:01:17.006000,9.0,2.0,,,0 days 00:00:26.374000,0 days 00:00:27.801000,0 days 00:00:22.831000,0 days 01:38:41.384000,0 days 01:39:09.185000,0 days 01:39:32.016000,270.0,268.0,336.0,307.0,True,SOFT,7.0,True,Ferrari,0 days 01:38:13.438000,2026-08-23 13:44:56.215,1,5.0,False,,False,True
0 days 01:40:47.679000,LEC,16,0 days 00:01:17.235000,10.0,2.0,,,0 days 00:00:26.274000,0 days 00:00:28.055000,0 days 00:00:22.906000,0 days 01:39:58.290000,0 days 01:40:26.345000,0 days 01:40:49.251000,272.0,268.0,337.0,315.0,False,SOFT,8.0,True,Ferrari,0 days 01:39:30.444000,2026-08-23 13:46:13.221,1,5.0,False,,False,True
0 days 01:42:05.408000,LEC,16,0 days 00:01:17.729000,11.0,2.0,,,0 days 00:00:26.389000,0 days 00:00:28.265000,0 days 00:00:23.075000,0 days 01:41:15.640000,0 days 01:41:43.905000,0 days 01:42:06.980000,274.0,268.0,336.0,312.0,False,SOFT,9.0,True,Ferrari,0 days 01:40:47.679000,2026-08-23 13:47:30.456,1,5.0,False,,False,True
0 days 01:43:22.766000,LEC,16,0 days 00:01:17.358000,12.0,2.0,,,0 days 00:00:26.228000,0 days 00:00:28.096000,0 days 00:00:23.034000,0 days 01:42:33.208000,0 days 01:43:01.304000,0 days 01:43:24.338000,275.0,267.0,326.0,307.0,False,SOFT,10.0,True,Ferrari,0 days 01:42:05.408000,2026-08-23 13:48:48.185,1,5.0,False,,False,True
0 days 01:44:40.020000,LEC,16,0 days 00:01:17.254000,13.0,2.0,,,0 days 00:00:26.105000,0 days 00:00:28.059000,0 days 00:00:23.090000,0 days 01:43:50.443000,0 days 01:44:18.502000,0 days 01:44:41.592000,283.0,275.0,329.0,312.0,False,SOFT,11.0,True,Ferrari,0 days 01:43:22.766000,2026-08-23 13:50:05.543,1,5.0,False,,False,True
0 days 01:45:57.629000,LEC,16,0 days 00:01:17.609000,14.0,2.0,,,0 days 00:00:26.212000,0 days 00:00:28.264000,0 days 00:00:23.133000,0 days 01:45:07.804000,0 days 01:45:36.068000,0 days 01:45:59.201000,285.0,277.0,336.0,315.0,False,SOFT,12.0,True,Ferrari,0 days 01:44:40.020000,2026-08-23 13:51:22.797,1,5.0,False,,False,True
0 days 01:47:15.587000,LEC,16,0 days 00:01:17.958000,15.0,2.0,,,0 days 00:00:26.403000,0 days 00:00:28.337000,0 days 00:00:23.218000,0 days 01:46:25.604000,0 days 01:46:53.941000,0 days 01:47:17.159000,271.0,266.0,334.0,307.0,False,SOFT,13.0,True,Ferrari,0 days 01:45:57.629000,2026-08-23 13:52:40.406,1,5.0,False,,False,True
0 days 01:48:32.918000,LEC,16,0 days 00:01:17.331000,16.0,2.0,,,0 days 00:00:26.178000,0 days 00:00:28.209000,0 days 00:00:22.944000,0 days 01:47:43.337000,0 days 01:48:11.546000,0 days 01:48:34.490000,275.0,269.0,337.0,314.0,False,SOFT,14.0,True,Ferrari,0 days 01:47:15.587000,2026-08-23 13:53:58.364,1,5.0,False,,False,True
0 days 01:49:50.861000,LEC,16,0 days 00:01:17.943000,17.0,2.0,,,0 days 00:00:26.546000,0 days 00:00:28.268000,0 days 00:00:23.129000,0 days 01:49:01.036000,0 days 01:49:29.304000,0 days 01:49:52.433000,271.0,264.0,328.0,307.0,False,SOFT,15.0,True,Ferrari,0 days 01:48:32.918000,2026-08-23 13:55:15.695,1,4.0,False,,False,True
0 days 01:51:08.111000,LEC,16,0 days 00:01:17.250000,18.0,2.0,,,0 days 00:00:26.023000,0 days 00:00:28.047000,0 days 00:00:23.180000,0 days 01:50:18.456000,0 days 01:50:46.503000,0 days 01:51:09.683000,271.0,265.0,319.0,324.0,False,SOFT,16.0,True,Ferrari,0 days 01:49:50.861000,2026-08-23 13:56:33.638,1,3.0,False,,False,True
0 days 01:52:25.625000,LEC,16,0 days 00:01:17.514000,19.0,2.0,,,0 days 00:00:26.078000,0 days 00:00:28.219000,0 days 00:00:23.217000,0 days 01:51:35.761000,0 days 01:52:03.980000,0 days 01:52:27.197000,280.0,266.0,314.0,309.0,False,SOFT,17.0,True,Ferrari,0 days 01:51:08.111000,2026-08-23 13:57:50.888,1,3.0,False,,False,True
0 days 01:53:43.060000,LEC,16,0 days 00:01:17.435000,20.0,2.0,,,0 days 00:00:26.179000,0 days 00:00:28.077000,0 days 00:00:23.179000,0 days 01:52:53.376000,0 days 01:53:21.453000,0 days 01:53:44.632000,279.0,265.0,315.0,304.0,False,SOFT,18.0,True,Ferrari,0 days 01:52:25.625000,2026-08-23 13:59:08.402,1,3.0,False,,False,True
0 days 01:55:04.034000,LEC,16,0 days 00:01:20.974000,21.0,2.0,,0 days 01:55:04.538000,0 days 00:00:26.241000,0 days 00:00:28.247000,0 days 00:00:26.486000,0 days 01:54:10.873000,0 days 01:54:39.120000,0 days 01:55:05.606000,277.0,260.0,,306.0,False,SOFT,19.0,True,Ferrari,0 days 01:53:43.060000,2026-08-23 14:00:25.837,1,4.0,False,,False,False
0 days 01:56:38.728000,LEC,16,0 days 00:01:34.694000,22.0,3.0,0 days 01:55:24.241000,,0 days 00:00:44.874000,0 days 00:00:27.004000,0 days 00:00:22.816000,0 days 01:55:50.480000,0 days 01:56:17.484000,0 days 01:56:40.300000,282.0,272.0,317.0,306.0,False,MEDIUM,1.0,True,Ferrari,0 days 01:55:04.034000,2026-08-23 14:01:46.811,1,6.0,False,,False,False
0 days 01:57:54.517000,LEC,16,0 days 00:01:15.789000,23.0,3.0,,,0 days 00:00:25.920000,0 days 00:00:27.056000,0 days 00:00:22.813000,0 days 01:57:06.220000,0 days 01:57:33.276000,0 days 01:57:56.089000,277.0,267.0,313.0,304.0,True,MEDIUM,2.0,True,Ferrari,0 days 01:56:38.728000,2026-08-23 14:03:21.505,1,6.0,False,,False,True
0 days 01:59:10.440000,LEC,16,0 days 00:01:15.923000,24.0,3.0,,,0 days 00:00:25.973000,0 days 00:00:27.165000,0 days 00:00:22.785000,0 days 01:58:22.062000,0 days 01:58:49.227000,0 days 01:59:12.012000,277.0,268.0,315.0,302.0,False,MEDIUM,3.0,True,Ferrari,0 days 01:57:54.517000,2026-08-23 14:04:37.294,1,6.0,False,,False,True
0 days 02:00:26.229000,LEC,16,0 days 00:01:15.789000,25.0,3.0,,,0 days 00:00:25.964000,0 days 00:00:27.095000,0 days 00:00:22.730000,0 days 01:59:37.976000,0 days 02:00:05.071000,0 days 02:00:27.801000,278.0,268.0,318.0,307.0,False,MEDIUM,4.0,True,Ferrari,0 days 01:59:10.440000,2026-08-23 14:05:53.217,1,6.0,False,,False,True
0 days 02:01:42.359000,LEC,16,0 days 00:01:16.130000,26.0,3.0,,,0 days 00:00:26.043000,0 days 00:00:27.256000,0 days 00:00:22.831000,0 days 02:00:53.844000,0 days 02:01:21.100000,0 days 02:01:43.931000,275.0,268.0,315.0,308.0,False,MEDIUM,5.0,True,Ferrari,0 days 02:00:26.229000,2026-08-23 14:07:09.006,1,5.0,False,,False,True
0 days 02:02:58.240000,LEC,16,0 days 00:01:15.881000,27.0,3.0,,,0 days 00:00:25.942000,0 days 00:00:27.298000,0 days 00:00:22.641000,0 days 02:02:09.873000,0 days 02:02:37.171000,0 days 02:02:59.812000,276.0,279.0,321.0,308.0,False,MEDIUM,6.0,True,Ferrari,0 days 02:01:42.359000,2026-08-23 14:08:25.136,1,5.0,False,,False,True
0 days 02:04:14.266000,LEC,16,0 days 00:01:16.026000,28.0,3.0,,,0 days 00:00:25.799000,0 days 00:00:27.507000,0 days 00:00:22.720000,0 days 02:03:25.611000,0 days 02:03:53.118000,0 days 02:04:15.838000,276.0,274.0,331.0,314.0,False,MEDIUM,7.0,True,Ferrari,0 days 02:02:58.240000,2026-08-23 14:09:41.017,1,5.0,False,,False,True
0 days 02:05:30.509000,LEC,16,0 days 00:01:16.243000,29.0,3.0,,,0 days 00:00:25.849000,0 days 00:00:27.587000,0 days 00:00:22.807000,0 days 02:04:41.687000,0 days 02:05:09.274000,0 days 02:05:32.081000,278.0,271.0,336.0,313.0,False,MEDIUM,8.0,True,Ferrari,0 days 02:04:14.266000,2026-08-23 14:10:57.043,1,5.0,False,,False,True
0 days 02:06:47.088000,LEC,16,0 days 00:01:16.579000,30.0,3.0,,,0 days 00:00:25.979000,0 days 00:00:27.778000,0 days 00:00:22.822000,0 days 02:05:58.060000,0 days 02:06:25.838000,0 days 02:06:48.660000,275.0,267.0,338.0,318.0,False,MEDIUM,9.0,True,Ferrari,0 days 02:05:30.509000,2026-08-23 14:12:13.286,1,5.0,False,,False,True
0 days 02:08:03.968000,LEC,16,0 days 00:01:16.880000,31.0,3.0,,,0 days 00:00:26.147000,0 days 00:00:27.798000,0 days 00:00:22.935000,0 days 02:07:14.807000,0 days 02:07:42.605000,0 days 02:08:05.540000,276.0,272.0,338.0,313.0,False,MEDIUM,10.0,True,Ferrari,0 days 02:06:47.088000,2026-08-23 14:13:29.865,1,5.0,False,,False,True
0 days 02:09:20.873000,LEC,16,0 days 00:01:16.905000,32.0,3.0,,,0 days 00:00:26.128000,0 days 00:00:27.876000,0 days 00:00:22.901000,0 days 02:08:31.668000,0 days 02:08:59.544000,0 days 02:09:22.445000,272.0,267.0,336.0,302.0,False,MEDIUM,11.0,True,Ferrari,0 days 02:08:03.968000,2026-08-23 14:14:46.745,1,5.0,False,,False,True
0 days 02:10:38.247000,LEC,16,0 days 00:01:17.374000,33.0,3.0,,,0 days 00:00:26.590000,0 days 00:00:27.843000,0 days 00:00:22.941000,0 days 02:09:49.035000,0 days 02:10:16.878000,0 days 02:10:39.819000,255.0,287.0,340.0,296.0,False,MEDIUM,12.0,True,Ferrari,0 days 02:09:20.873000,2026-08-23 14:16:03.650,1,5.0,False,,False,True
0 days 02:11:55.207000,LEC,16,0 days 00:01:16.960000,34.0,3.0,,,0 days 00:00:26.274000,0 days 00:00:27.634000,0 days 00:00:23.052000,0 days 02:11:06.093000,0 days 02:11:33.727000,0 days 02:11:56.779000,265.0,271.0,320.0,328.0,False,MEDIUM,13.0,True,Ferrari,0 days 02:10:38.247000,2026-08-23 14:17:21.024,1,4.0,False,,False,True
0 days 02:13:11.714000,LEC,16,0 days 00:01:16.507000,35.0,3.0,,,0 days 00:00:25.982000,0 days 00:00:27.573000,0 days 00:00:22.952000,0 days 02:12:22.761000,0 days 02:12:50.334000,0 days 02:13:13.286000,283.0,272.0,319.0,312.0,False,MEDIUM,14.0,True,Ferrari,0 days 02:11:55.207000,2026-08-23 14:18:37.984,1,4.0,False,,False,True
0 days 02:14:28.113000,LEC,16,0 days 00:01:16.399000,36.0,3.0,,,0 days 00:00:25.931000,0 days 00:00:27.517000,0 days 00:00:22.951000,0 days 02:13:39.217000,0 days 02:14:06.734000,0 days 02:14:29.685000,281.0,269.0,317.0,310.0,False,MEDIUM,15.0,True,Ferrari,0 days 02:13:11.714000,2026-08-23 14:19:54.491,1,4.0,False,,False,True
0 days 02:15:44.733000,LEC,16,0 days 00:01:16.620000,37.0,3.0,,,0 days 00:00:26.072000,0 days 00:00:27.594000,0 days 00:00:22.954000,0 days 02:14:55.757000,0 days 02:15:23.351000,0 days 02:15:46.305000,280.0,268.0,317.0,303.0,False,MEDIUM,16.0,True,Ferrari,0 days 02:14:28.113000,2026-08-23 14:21:10.890,1,4.0,False,,False,True
0 days 02:17:01.125000,LEC,16,0 days 00:01:16.392000,38.0,3.0,,,0 days 00:00:25.924000,0 days 00:00:27.599000,0 days 00:00:22.869000,0 days 02:16:12.229000,0 days 02:16:39.828000,0 days 02:17:02.697000,282.0,270.0,320.0,310.0,False,MEDIUM,17.0,True,Ferrari,0 days 02:15:44.733000,2026-08-23 14:22:27.510,1,4.0,False,,False,True
0 days 02:18:17.990000,LEC,16,0 days 00:01:16.865000,39.0,3.0,,,0 days 00:00:25.960000,0 days 00:00:27.923000,0 days 00:00:22.982000,0 days 02:17:28.657000,0 days 02:17:56.580000,0 days 02:18:19.562000,283.0,271.0,332.0,311.0,False,MEDIUM,18.0,True,Ferrari,0 days 02:17:01.125000,2026-08-23 14:23:43.902,1,4.0,False,,False,True
0 days 02:19:34.924000,LEC,16,0 days 00:01:16.934000,40.0,3.0,,,0 days 00:00:25.975000,0 days 00:00:27.974000,0 days 00:00:22.985000,0 days 02:18:45.537000,0 days 02:19:13.511000,0 days 02:19:36.496000,280.0,272.0,321.0,318.0,False,MEDIUM,19.0,True,Ferrari,0 days 02:18:17.990000,2026-08-23 14:25:00.767,1,3.0,False,,False,True
0 days 02:20:51.639000,LEC,16,0 days 00:01:16.715000,41.0,3.0,,,0 days 00:00:25.880000,0 days 00:00:27.775000,0 days 00:00:23.060000,0 days 02:20:02.376000,0 days 02:20:30.151000,0 days 02:20:53.211000,285.0,273.0,316.0,306.0,False,MEDIUM,20.0,True,Ferrari,0 days 02:19:34.924000,2026-08-23 14:26:17.701,1,2.0,False,,False,True
0 days 02:22:08.528000,LEC,16,0 days 00:01:16.889000,42.0,3.0,,,0 days 00:00:26.074000,0 days 00:00:27.832000,0 days 00:00:22.983000,0 days 02:21:19.285000,0 days 02:21:47.117000,0 days 02:22:10.100000,285.0,275.0,322.0,310.0,False,MEDIUM,21.0,True,Ferrari,0 days 02:20:51.639000,2026-08-23 14:27:34.416,1,2.0,False,,False,True
0 days 02:23:28.966000,LEC,16,0 days 00:01:20.438000,43.0,3.0,,0 days 02:23:29.308000,0 days 00:00:26.063000,0 days 00:00:28.235000,0 days 00:00:26.140000,0 days 02:22:36.163000,0 days 02:23:04.398000,0 days 02:23:30.538000,279.0,268.0,,315.0,False,MEDIUM,22.0,True,Ferrari,0 days 02:22:08.528000,2026-08-23 14:28:51.305,1,3.0,False,,False,False
0 days 02:25:03.047000,LEC,16,0 days 00:01:34.081000,44.0,4.0,0 days 02:23:48.134000,,0 days 00:00:44.045000,0 days 00:00:27.334000,0 days 00:00:22.702000,0 days 02:24:14.583000,0 days 02:24:41.917000,0 days 02:25:04.619000,279.0,268.0,313.0,315.0,False,HARD,1.0,True,Ferrari,0 days 02:23:28.966000,2026-08-23 14:30:11.743,1,6.0,False,,False,False
0 days 02:26:18.443000,LEC,16,0 days 00:01:15.396000,45.0,4.0,,,0 days 00:00:26.005000,0 days 00:00:26.778000,0 days 00:00:22.613000,0 days 02:25:30.624000,0 days 02:25:57.402000,0 days 02:26:20.015000,280.0,271.0,316.0,303.0,True,HARD,2.0,True,Ferrari,0 days 02:25:03.047000,2026-08-23 14:31:45.824,1,5.0,False,,False,True
0 days 02:27:33.936000,LEC,16,0 days 00:01:15.493000,46.0,4.0,,,0 days 00:00:25.692000,0 days 00:00:27.319000,0 days 00:00:22.482000,0 days 02:26:45.707000,0 days 02:27:13.026000,0 days 02:27:35.508000,282.0,272.0,328.0,309.0,False,HARD,3.0,True,Ferrari,0 days 02:26:18.443000,2026-08-23 14:33:01.220,1,5.0,False,,False,True
0 days 02:28:48.921000,LEC,16,0 days 00:01:14.985000,47.0,4.0,,,0 days 00:00:25.499000,0 days 00:00:26.802000,0 days 00:00:22.684000,0 days 02:28:01.007000,0 days 02:28:27.809000,0 days 02:28:50.493000,279.0,276.0,314.0,310.0,True,HARD,4.0,True,Ferrari,0 days 02:27:33.936000,2026-08-23 14:34:16.713,1,5.0,False,,False,True
0 days 02:30:04.338000,LEC,16,0 days 00:01:15.417000,48.0,4.0,,,0 days 00:00:26.188000,0 days 00:00:26.692000,0 days 00:00:22.537000,0 days 02:29:16.681000,0 days 02:29:43.373000,0 days 02:30:05.910000,287.0,275.0,318.0,304.0,False,HARD,5.0,True,Ferrari,0 days 02:28:48.921000,2026-08-23 14:35:31.698,1,5.0,False,,False,True
0 days 02:31:19.472000,LEC,16,0 days 00:01:15.134000,49.0,4.0,,,0 days 00:00:25.527000,0 days 00:00:26.933000,0 days 00:00:22.674000,0 days 02:30:31.437000,0 days 02:30:58.370000,0 days 02:31:21.044000,279.0,270.0,316.0,306.0,False,HARD,6.0,True,Ferrari,0 days 02:30:04.338000,2026-08-23 14:36:47.115,1,5.0,False,,False,True
0 days 02:32:34.349000,LEC,16,0 days 00:01:14.877000,50.0,4.0,,,0 days 00:00:25.617000,0 days 00:00:26.799000,0 days 00:00:22.461000,0 days 02:31:46.661000,0 days 02:32:13.460000,0 days 02:32:35.921000,282.0,273.0,320.0,303.0,True,HARD,7.0,True,Ferrari,0 days 02:31:19.472000,2026-08-23 14:38:02.249,1,5.0,False,,False,True
0 days 02:33:49.270000,LEC,16,0 days 00:01:14.921000,51.0,4.0,,,0 days 00:00:25.624000,0 days 00:00:26.807000,0 days 00:00:22.490000,0 days 02:33:01.545000,0 days 02:33:28.352000,0 days 02:33:50.842000,283.0,279.0,324.0,307.0,False,HARD,8.0,True,Ferrari,0 days 02:32:34.349000,2026-08-23 14:39:17.126,1,5.0,False,,False,True
0 days 02:35:04.356000,LEC,16,0 days 00:01:15.086000,52.0,4.0,,,0 days 00:00:25.777000,0 days 00:00:26.741000,0 days 00:00:22.568000,0 days 02:34:16.619000,0 days 02:34:43.360000,0 days 02:35:05.928000,282.0,271.0,318.0,313.0,False,HARD,9.0,True,Ferrari,0 days 02:33:49.270000,2026-08-23 14:40:32.047,1,5.0,False,,False,True
0 days 02:36:19.715000,LEC,16,0 days 00:01:15.359000,53.0,4.0,,,0 days 00:00:25.645000,0 days 00:00:27.090000,0 days 00:00:22.624000,0 days 02:35:31.573000,0 days 02:35:58.663000,0 days 02:36:21.287000,287.0,272.0,317.0,310.0,False,HARD,10.0,True,Ferrari,0 days 02:35:04.356000,2026-08-23 14:41:47.133,1,5.0,False,,False,True
0 days 02:37:34.956000,LEC,16,0 days 00:01:15.241000,54.0,4.0,,,0 days 00:00:25.655000,0 days 00:00:26.869000,0 days 00:00:22.717000,0 days 02:36:46.942000,0 days 02:37:13.811000,0 days 02:37:36.528000,283.0,275.0,319.0,308.0,False,HARD,11.0,True,Ferrari,0 days 02:36:19.715000,2026-08-23 14:43:02.492,12,5.0,False,,False,True
0 days 02:39:16.425000,LEC,16,0 days 00:01:41.469000,55.0,4.0,,0 days 02:39:16.860000,0 days 00:00:31.814000,0 days 00:00:36.488000,0 days 00:00:33.167000,0 days 02:38:08.342000,0 days 02:38:44.830000,0 days 02:39:17.997000,223.0,202.0,,308.0,False,HARD,12.0,True,Ferrari,0 days 02:37:34.956000,2026-08-23 14:44:17.733,26,5.0,False,,False,False
0 days 02:41:15.040000,LEC,16,0 days 00:01:58.615000,56.0,5.0,0 days 02:39:35.563000,,0 days 00:00:53.455000,0 days 00:00:34.185000,0 days 00:00:30.975000,0 days 02:40:11.452000,0 days 02:40:45.637000,0 days 02:41:16.612000,220.0,212.0,220.0,308.0,False,SOFT,1.0,False,Ferrari,0 days 02:39:16.425000,2026-08-23 14:45:59.202,6,5.0,False,,False,False
0 days 02:42:45.156000,LEC,16,0 days 00:01:30.116000,57.0,5.0,,,0 days 00:00:37.231000,0 days 00:00:29.013000,0 days 00:00:23.872000,0 days 02:41:53.843000,0 days 02:42:22.856000,0 days 02:42:46.728000,253.0,257.0,313.0,215.0,False,SOFT,2.0,False,Ferrari,0 days 02:41:15.040000,2026-08-23 14:47:57.817,671,5.0,False,,False,False
0 days 02:43:59.582000,LEC,16,0 days 00:01:14.426000,58.0,5.0,,,0 days 00:00:25.665000,0 days 00:00:26.439000,0 days 00:00:22.322000,0 days 02:43:12.393000,0 days 02:43:38.832000,0 days 02:44:01.154000,283.0,275.0,319.0,302.0,True,SOFT,3.0,False,Ferrari,0 days 02:42:45.156000,2026-08-23 14:49:27.933,1,5.0,False,,False,True
0 days 02:45:14.602000,LEC,16,0 days 00:01:15.020000,59.0,5.0,,,0 days 00:00:25.414000,0 days 00:00:26.757000,0 days 00:00:22.849000,0 days 02:44:26.568000,0 days 02:44:53.325000,0 days 02:45:16.174000,280.0,276.0,317.0,310.0,False,SOFT,4.0,False,Ferrari,0 days 02:43:59.582000,2026-08-23 14:50:42.359,1,5.0,False,,False,True
0 days 02:46:28.832000,LEC,16,0 days 00:01:14.230000,60.0,5.0,,,0 days 00:00:25.333000,0 days 00:00:26.607000,0 days 00:00:22.290000,0 days 02:45:41.507000,0 days 02:46:08.114000,0 days 02:46:30.404000,282.0,276.0,320.0,307.0,True,SOFT,5.0,False,Ferrari,0 days 02:45:14.602000,2026-08-23 14:51:57.379,1,5.0,False,,False,True
0 days 02:47:43.228000,LEC,16,0 days 00:01:14.396000,61.0,5.0,,,0 days 00:00:25.385000,0 days 00:00:26.596000,0 days 00:00:22.415000,0 days 02:46:55.789000,0 days 02:47:22.385000,0 days 02:47:44.800000,285.0,271.0,314.0,309.0,False,SOFT,6.0,False,Ferrari,0 days 02:46:28.832000,2026-08-23 14:53:11.609,1,5.0,False,,False,True
0 days 02:48:57.783000,LEC,16,0 days 00:01:14.555000,62.0,5.0,,,0 days 00:00:25.504000,0 days 00:00:26.649000,0 days 00:00:22.402000,0 days 02:48:10.304000,0 days 02:48:36.953000,0 days 02:48:59.355000,281.0,274.0,317.0,297.0,False,SOFT,7.0,False,Ferrari,0 days 02:47:43.228000,2026-08-23 14:54:26.005,1,5.0,False,,False,True
0 days 02:50:12.215000,LEC,16,0 days 00:01:14.432000,63.0,5.0,,,0 days 00:00:25.415000,0 days 00:00:26.662000,0 days 00:00:22.355000,0 days 02:49:24.770000,0 days 02:49:51.432000,0 days 02:50:13.787000,282.0,274.0,317.0,298.0,False,SOFT,8.0,False,Ferrari,0 days 02:48:57.783000,2026-08-23 14:55:40.560,1,5.0,False,,False,True
0 days 02:51:26.909000,LEC,16,0 days 00:01:14.694000,64.0,5.0,,,0 days 00:00:25.356000,0 days 00:00:26.873000,0 days 00:00:22.465000,0 days 02:50:39.143000,0 days 02:51:06.016000,0 days 02:51:28.481000,282.0,272.0,317.0,301.0,False,SOFT,9.0,False,Ferrari,0 days 02:50:12.215000,2026-08-23 14:56:54.992,1,5.0,False,,False,True
0 days 02:52:41.637000,LEC,16,0 days 00:01:14.728000,65.0,5.0,,,0 days 00:00:25.475000,0 days 00:00:26.772000,0 days 00:00:22.481000,0 days 02:51:53.956000,0 days 02:52:20.728000,0 days 02:52:43.209000,285.0,279.0,319.0,300.0,False,SOFT,10.0,False,Ferrari,0 days 02:51:26.909000,2026-08-23 14:58:09.686,1,5.0,False,,False,True
0 days 02:53:56.324000,LEC,16,0 days 00:01:14.687000,66.0,5.0,,,0 days 00:00:25.449000,0 days 00:00:26.856000,0 days 00:00:22.382000,0 days 02:53:08.658000,0 days 02:53:35.514000,0 days 02:53:57.896000,280.0,273.0,315.0,304.0,False,SOFT,11.0,False,Ferrari,0 days 02:52:41.637000,2026-08-23 14:59:24.414,1,5.0,False,,False,True
0 days 02:55:11.734000,LEC,16,0 days 00:01:15.410000,67.0,5.0,,,0 days 00:00:25.827000,0 days 00:00:26.943000,0 days 00:00:22.640000,0 days 02:54:23.723000,0 days 02:54:50.666000,0 days 02:55:13.306000,292.0,270.0,315.0,300.0,False,SOFT,12.0,False,Ferrari,0 days 02:53:56.324000,2026-08-23 15:00:39.101,1,5.0,False,,False,True
0 days 02:56:26.920000,LEC,16,0 days 00:01:15.186000,68.0,5.0,,,0 days 00:00:25.566000,0 days 00:00:27.023000,0 days 00:00:22.597000,0 days 02:55:38.872000,0 days 02:56:05.895000,0 days 02:56:28.492000,287.0,276.0,322.0,303.0,False,SOFT,13.0,False,Ferrari,0 days 02:55:11.734000,2026-08-23 15:01:54.511,1,5.0,False,,False,True
0 days 02:57:43.632000,LEC,16,0 days 00:01:16.712000,69.0,5.0,,,0 days 00:00:25.516000,0 days 00:00:27.174000,0 days 00:00:24.022000,0 days 02:56:54.008000,0 days 02:57:21.182000,0 days 02:57:45.204000,287.0,280.0,126.0,311.0,False,SOFT,14.0,False,Ferrari,0 days 02:56:26.920000,2026-08-23 15:03:09.697,16,5.0,False,,False,False
0 days 02:59:15.474000,LEC,16,0 days 00:01:31.842000,70.0,5.0,,,0 days 00:00:37.729000,0 days 00:00:31.648000,0 days 00:00:22.465000,0 days 02:58:22.933000,0 days 02:58:54.581000,0 days 02:59:17.046000,173.0,292.0,331.0,169.0,False,SOFT,15.0,False,Ferrari,0 days 02:57:43.632000,2026-08-23 15:04:26.409,671,5.0,False,,False,False
0 days 03:00:30.417000,LEC,16,0 days 00:01:14.943000,71.0,5.0,,,0 days 00:00:25.515000,0 days 00:00:27.032000,0 days 00:00:22.396000,0 days 02:59:42.561000,0 days 03:00:09.593000,0 days 03:00:31.989000,287.0,283.0,334.0,316.0,False,SOFT,16.0,False,Ferrari,0 days 02:59:15.474000,2026-08-23 15:05:58.251,1,5.0,False,,False,True
0 days 03:01:46.571000,LEC,16,0 days 00:01:16.154000,72.0,5.0,,,0 days 00:00:25.469000,0 days 00:00:28.009000,0 days 00:00:22.676000,0 days 03:00:57.458000,0 days 03:01:25.467000,0 days 03:01:48.143000,300.0,274.0,336.0,321.0,False,SOFT,17.0,False,Ferrari,0 days 03:00:30.417000,2026-08-23 15:07:13.194,1,5.0,False,,False,True
0 days 00:58:22.401000,STR,18,0 days 00:01:37.846000,1.0,1.0,,,,0 days 00:00:30.413000,0 days 00:00:30.724000,,0 days 00:57:53.258000,0 days 00:58:24.063000,275.0,270.0,269.0,198.0,False,SOFT,1.0,True,Aston Martin,0 days 00:56:45.791000,2026-08-23 13:03:28.568,12,17.0,False,,False,False
0 days 01:00:58.303000,STR,18,,2.0,1.0,,0 days 01:00:57.218000,0 days 00:00:36.326000,0 days 00:00:44.937000,0 days 00:01:14.615000,0 days 00:59:00.355000,0 days 00:59:45.269000,0 days 01:00:59.894000,117.0,141.0,,248.0,False,SOFT,2.0,True,Aston Martin,0 days 00:58:22.401000,2026-08-23 13:05:05.178,25,17.0,False,,False,False
0 days 01:30:26.537000,STR,18,,3.0,2.0,0 days 01:27:57.242000,,,0 days 00:00:29.372000,0 days 00:01:30.880000,,0 days 01:28:57.238000,0 days 01:30:28.173000,269.0,236.0,55.0,248.0,False,SOFT,1.0,True,Aston Martin,0 days 01:26:17.312000,2026-08-23 13:33:00.089,12,16.0,False,,False,False
0 days 01:33:01.036000,STR,18,,4.0,2.0,,,0 days 00:00:41.200000,0 days 00:00:29.274000,0 days 00:01:24.100000,0 days 01:31:09.303000,0 days 01:31:38.696000,0 days 01:33:02.822000,267.0,231.0,140.0,134.0,False,SOFT,2.0,True,Aston Martin,0 days 01:30:26.537000,2026-08-23 13:37:09.314,1,16.0,False,,False,False
0 days 01:34:26.237000,STR,18,0 days 00:01:25.201000,5.0,2.0,,,0 days 00:00:30.468000,0 days 00:00:30.195000,0 days 00:00:24.538000,0 days 01:33:33.085000,0 days 01:34:03.280000,0 days 01:34:27.818000,281.0,281.0,319.0,215.0,True,SOFT,3.0,True,Aston Martin,0 days 01:33:01.036000,2026-08-23 13:39:43.813,12,17.0,False,,False,True
0 days 01:35:46.740000,STR,18,0 days 00:01:20.503000,6.0,2.0,,,0 days 00:00:27.446000,0 days 00:00:28.936000,0 days 00:00:24.121000,0 days 01:34:55.264000,0 days 01:35:24.200000,0 days 01:35:48.321000,276.0,273.0,322.0,272.0,True,SOFT,4.0,True,Aston Martin,0 days 01:34:26.237000,2026-08-23 13:41:09.014,1,16.0,False,,False,True
0 days 01:37:06.383000,STR,18,0 days 00:01:19.643000,7.0,2.0,,,0 days 00:00:27.071000,0 days 00:00:28.643000,0 days 00:00:23.929000,0 days 01:36:15.392000,0 days 01:36:44.035000,0 days 01:37:07.964000,274.0,269.0,326.0,284.0,True,SOFT,5.0,True,Aston Martin,0 days 01:35:46.740000,2026-08-23 13:42:29.517,1,16.0,False,,False,True
0 days 01:38:25.571000,STR,18,0 days 00:01:19.188000,8.0,2.0,,,0 days 00:00:26.974000,0 days 00:00:28.443000,0 days 00:00:23.771000,0 days 01:37:34.938000,0 days 01:38:03.381000,0 days 01:38:27.152000,268.0,268.0,329.0,295.0,True,SOFT,6.0,True,Aston Martin,0 days 01:37:06.383000,2026-08-23 13:43:49.160,1,16.0,False,,False,True
0 days 01:39:44.721000,STR,18,0 days 00:01:19.150000,9.0,2.0,,,0 days 00:00:26.771000,0 days 00:00:28.714000,0 days 00:00:23.665000,0 days 01:38:53.923000,0 days 01:39:22.637000,0 days 01:39:46.302000,275.0,269.0,322.0,290.0,True,SOFT,7.0,True,Aston Martin,0 days 01:38:25.571000,2026-08-23 13:45:08.348,1,15.0,False,,False,True
0 days 01:41:04.087000,STR,18,0 days 00:01:19.366000,10.0,2.0,,,0 days 00:00:26.998000,0 days 00:00:28.582000,0 days 00:00:23.786000,0 days 01:40:13.300000,0 days 01:40:41.882000,0 days 01:41:05.668000,263.0,267.0,313.0,293.0,False,SOFT,8.0,True,Aston Martin,0 days 01:39:44.721000,2026-08-23 13:46:27.498,1,15.0,False,,False,True
0 days 01:42:23.279000,STR,18,0 days 00:01:19.192000,11.0,2.0,,,0 days 00:00:26.679000,0 days 00:00:28.813000,0 days 00:00:23.700000,0 days 01:41:32.347000,0 days 01:42:01.160000,0 days 01:42:24.860000,276.0,268.0,311.0,291.0,False,SOFT,9.0,True,Aston Martin,0 days 01:41:04.087000,2026-08-23 13:47:46.864,1,14.0,False,,False,True
0 days 01:43:42.381000,STR,18,0 days 00:01:19.102000,12.0,2.0,,,0 days 00:00:26.648000,0 days 00:00:28.561000,0 days 00:00:23.893000,0 days 01:42:51.508000,0 days 01:43:20.069000,0 days 01:43:43.962000,275.0,267.0,308.0,297.0,True,SOFT,10.0,True,Aston Martin,0 days 01:42:23.279000,2026-08-23 13:49:06.056,1,14.0,False,,False,True
0 days 01:45:02.073000,STR,18,0 days 00:01:19.692000,13.0,2.0,,,0 days 00:00:26.930000,0 days 00:00:28.842000,0 days 00:00:23.920000,0 days 01:44:10.892000,0 days 01:44:39.734000,0 days 01:45:03.654000,273.0,266.0,308.0,296.0,False,SOFT,11.0,True,Aston Martin,0 days 01:43:42.381000,2026-08-23 13:50:25.158,1,14.0,False,,False,True
0 days 01:46:21.364000,STR,18,0 days 00:01:19.291000,14.0,2.0,,,0 days 00:00:26.870000,0 days 00:00:28.585000,0 days 00:00:23.836000,0 days 01:45:30.524000,0 days 01:45:59.109000,0 days 01:46:22.945000,271.0,265.0,306.0,297.0,False,SOFT,12.0,True,Aston Martin,0 days 01:45:02.073000,2026-08-23 13:51:44.850,1,14.0,False,,False,True
0 days 01:47:44.019000,STR,18,0 days 00:01:22.655000,15.0,2.0,,0 days 01:47:44.438000,0 days 00:00:26.864000,0 days 00:00:28.793000,0 days 00:00:26.998000,0 days 01:46:49.809000,0 days 01:47:18.602000,0 days 01:47:45.600000,271.0,265.0,,295.0,False,SOFT,13.0,True,Aston Martin,0 days 01:46:21.364000,2026-08-23 13:53:04.141,1,14.0,False,,False,False
0 days 01:49:18.284000,STR,18,0 days 00:01:34.265000,16.0,3.0,0 days 01:48:02.314000,,0 days 00:00:42.987000,0 days 00:00:27.766000,0 days 00:00:23.512000,0 days 01:48:28.587000,0 days 01:48:56.353000,0 days 01:49:19.865000,271.0,264.0,304.0,295.0,False,HARD,1.0,True,Aston Martin,0 days 01:47:44.019000,2026-08-23 13:54:26.796,1,20.0,False,,False,False
0 days 01:50:37.043000,STR,18,0 days 00:01:18.759000,17.0,3.0,,,0 days 00:00:26.788000,0 days 00:00:28.273000,0 days 00:00:23.698000,0 days 01:49:46.653000,0 days 01:50:14.926000,0 days 01:50:38.624000,272.0,267.0,306.0,294.0,True,HARD,2.0,True,Aston Martin,0 days 01:49:18.284000,2026-08-23 13:56:01.061,1,20.0,False,,False,True
0 days 01:51:55.612000,STR,18,0 days 00:01:18.569000,18.0,3.0,,,0 days 00:00:26.608000,0 days 00:00:28.136000,0 days 00:00:23.825000,0 days 01:51:05.232000,0 days 01:51:33.368000,0 days 01:51:57.193000,271.0,268.0,307.0,296.0,True,HARD,3.0,True,Aston Martin,0 days 01:50:37.043000,2026-08-23 13:57:19.820,1,20.0,False,,False,True
0 days 01:53:14.609000,STR,18,0 days 00:01:18.997000,19.0,3.0,,,0 days 00:00:26.794000,0 days 00:00:28.391000,0 days 00:00:23.812000,0 days 01:52:23.987000,0 days 01:52:52.378000,0 days 01:53:16.190000,271.0,269.0,310.0,289.0,False,HARD,4.0,True,Aston Martin,0 days 01:51:55.612000,2026-08-23 13:58:38.389,1,20.0,False,,False,True
0 days 01:54:34.532000,STR,18,0 days 00:01:19.923000,20.0,3.0,,,0 days 00:00:27.416000,0 days 00:00:28.684000,0 days 00:00:23.823000,0 days 01:53:43.606000,0 days 01:54:12.290000,0 days 01:54:36.113000,269.0,270.0,312.0,292.0,False,HARD,5.0,True,Aston Martin,0 days 01:53:14.609000,2026-08-23 13:59:57.386,1,20.0,True,TRACK LIMITS AT TURN 3 LAP 20 ,False,True
0 days 01:55:55.191000,STR,18,0 days 00:01:20.659000,21.0,3.0,,,0 days 00:00:27.104000,0 days 00:00:29.084000,0 days 00:00:24.471000,0 days 01:55:03.217000,0 days 01:55:32.301000,0 days 01:55:56.772000,273.0,270.0,320.0,298.0,False,HARD,6.0,True,Aston Martin,0 days 01:54:34.532000,2026-08-23 14:01:17.309,1,19.0,False,,False,True
0 days 01:57:14.927000,STR,18,0 days 00:01:19.736000,22.0,3.0,,,0 days 00:00:26.918000,0 days 00:00:28.822000,0 days 00:00:23.996000,0 days 01:56:23.690000,0 days 01:56:52.512000,0 days 01:57:16.508000,273.0,269.0,311.0,293.0,False,HARD,7.0,True,Aston Martin,0 days 01:55:55.191000,2026-08-23 14:02:37.968,1,19.0,False,,False,True
0 days 01:58:34.629000,STR,18,0 days 00:01:19.702000,23.0,3.0,,,0 days 00:00:27.064000,0 days 00:00:28.716000,0 days 00:00:23.922000,0 days 01:57:43.572000,0 days 01:58:12.288000,0 days 01:58:36.210000,273.0,269.0,325.0,283.0,False,HARD,8.0,True,Aston Martin,0 days 01:57:14.927000,2026-08-23 14:03:57.704,1,19.0,False,,False,True
0 days 01:59:54.430000,STR,18,0 days 00:01:19.801000,24.0,3.0,,,0 days 00:00:27.030000,0 days 00:00:28.998000,0 days 00:00:23.773000,0 days 01:59:03.240000,0 days 01:59:32.238000,0 days 01:59:56.011000,276.0,281.0,308.0,290.0,False,HARD,9.0,True,Aston Martin,0 days 01:58:34.629000,2026-08-23 14:05:17.406,1,18.0,False,,False,True
0 days 02:01:14.045000,STR,18,0 days 00:01:19.615000,25.0,3.0,,,0 days 00:00:26.996000,0 days 00:00:28.624000,0 days 00:00:23.995000,0 days 02:00:23.007000,0 days 02:00:51.631000,0 days 02:01:15.626000,269.0,269.0,314.0,283.0,False,HARD,10.0,True,Aston Martin,0 days 01:59:54.430000,2026-08-23 14:06:37.207,1,18.0,False,,False,True
0 days 02:02:33.673000,STR,18,0 days 00:01:19.628000,26.0,3.0,,,0 days 00:00:26.933000,0 days 00:00:28.757000,0 days 00:00:23.938000,0 days 02:01:42.559000,0 days 02:02:11.316000,0 days 02:02:35.254000,276.0,283.0,301.0,288.0,False,HARD,11.0,True,Aston Martin,0 days 02:01:14.045000,2026-08-23 14:07:56.822,1,17.0,False,,False,True
0 days 02:03:52.534000,STR,18,0 days 00:01:18.861000,27.0,3.0,,,0 days 00:00:26.865000,0 days 00:00:28.318000,0 days 00:00:23.678000,0 days 02:03:02.119000,0 days 02:03:30.437000,0 days 02:03:54.115000,272.0,266.0,302.0,292.0,False,HARD,12.0,True,Aston Martin,0 days 02:02:33.673000,2026-08-23 14:09:16.450,1,17.0,False,,False,True
0 days 02:05:11.130000,STR,18,0 days 00:01:18.596000,28.0,3.0,,,0 days 00:00:26.834000,0 days 00:00:28.172000,0 days 00:00:23.590000,0 days 02:04:20.949000,0 days 02:04:49.121000,0 days 02:05:12.711000,271.0,265.0,309.0,290.0,False,HARD,13.0,True,Aston Martin,0 days 02:03:52.534000,2026-08-23 14:10:35.311,1,17.0,False,,False,True
0 days 02:06:30.088000,STR,18,0 days 00:01:18.958000,29.0,3.0,,,0 days 00:00:26.914000,0 days 00:00:28.397000,0 days 00:00:23.647000,0 days 02:05:39.625000,0 days 02:06:08.022000,0 days 02:06:31.669000,273.0,265.0,303.0,292.0,False,HARD,14.0,True,Aston Martin,0 days 02:05:11.130000,2026-08-23 14:11:53.907,1,17.0,False,,False,True
0 days 02:07:48.826000,STR,18,0 days 00:01:18.738000,30.0,3.0,,,0 days 00:00:26.961000,0 days 00:00:28.202000,0 days 00:00:23.575000,0 days 02:06:58.630000,0 days 02:07:26.832000,0 days 02:07:50.407000,273.0,267.0,302.0,295.0,False,HARD,15.0,True,Aston Martin,0 days 02:06:30.088000,2026-08-23 14:13:12.865,1,17.0,False,,False,True
0 days 02:09:07.562000,STR,18,0 days 00:01:18.736000,31.0,3.0,,,0 days 00:00:26.844000,0 days 00:00:28.219000,0 days 00:00:23.673000,0 days 02:08:17.251000,0 days 02:08:45.470000,0 days 02:09:09.143000,273.0,265.0,303.0,288.0,False,HARD,16.0,True,Aston Martin,0 days 02:07:48.826000,2026-08-23 14:14:31.603,1,16.0,False,,False,True
0 days 02:10:28.488000,STR,18,0 days 00:01:20.926000,32.0,3.0,,,0 days 00:00:26.875000,0 days 00:00:30.047000,0 days 00:00:24.004000,0 days 02:09:36.018000,0 days 02:10:06.065000,0 days 02:10:30.069000,271.0,272.0,308.0,292.0,False,HARD,17.0,True,Aston Martin,0 days 02:09:07.562000,2026-08-23 14:15:50.339,1,16.0,False,,False,True
0 days 02:11:48.168000,STR,18,0 days 00:01:19.680000,33.0,3.0,,,0 days 00:00:27.210000,0 days 00:00:28.602000,0 days 00:00:23.868000,0 days 02:10:57.279000,0 days 02:11:25.881000,0 days 02:11:49.749000,272.0,265.0,302.0,296.0,False,HARD,18.0,True,Aston Martin,0 days 02:10:28.488000,2026-08-23 14:17:11.265,1,16.0,False,,False,True
0 days 02:13:07.078000,STR,18,0 days 00:01:18.910000,34.0,3.0,,,0 days 00:00:26.926000,0 days 00:00:28.347000,0 days 00:00:23.637000,0 days 02:12:16.675000,0 days 02:12:45.022000,0 days 02:13:08.659000,273.0,265.0,305.0,294.0,False,HARD,19.0,True,Aston Martin,0 days 02:11:48.168000,2026-08-23 14:18:30.945,1,16.0,False,,False,True
0 days 02:14:28.514000,STR,18,0 days 00:01:21.436000,35.0,3.0,,0 days 02:14:28.939000,0 days 00:00:26.835000,0 days 00:00:28.201000,0 days 00:00:26.400000,0 days 02:13:35.494000,0 days 02:14:03.695000,0 days 02:14:30.095000,272.0,267.0,,293.0,False,HARD,20.0,True,Aston Martin,0 days 02:13:07.078000,2026-08-23 14:19:49.855,1,15.0,False,,False,False
0 days 02:16:01.830000,STR,18,0 days 00:01:33.316000,36.0,4.0,0 days 02:14:46.112000,,0 days 00:00:42.535000,0 days 00:00:27.419000,0 days 00:00:23.362000,0 days 02:15:12.630000,0 days 02:15:40.049000,0 days 02:16:03.411000,275.0,267.0,305.0,293.0,False,HARD,1.0,True,Aston Martin,0 days 02:14:28.514000,2026-08-23 14:21:11.291,1,18.0,False,,False,False
0 days 02:17:19.713000,STR,18,0 days 00:01:17.883000,37.0,4.0,,,0 days 00:00:26.604000,0 days 00:00:27.770000,0 days 00:00:23.509000,0 days 02:16:30.015000,0 days 02:16:57.785000,0 days 02:17:21.294000,276.0,270.0,304.0,293.0,True,HARD,2.0,True,Aston Martin,0 days 02:16:01.830000,2026-08-23 14:22:44.607,1,18.0,False,,False,True
0 days 02:18:37.845000,STR,18,0 days 00:01:18.132000,38.0,4.0,,,0 days 00:00:26.699000,0 days 00:00:27.966000,0 days 00:00:23.467000,0 days 02:17:47.993000,0 days 02:18:15.959000,0 days 02:18:39.426000,274.0,269.0,309.0,288.0,False,HARD,3.0,True,Aston Martin,0 days 02:17:19.713000,2026-08-23 14:24:02.490,1,18.0,False,,False,True
0 days 02:19:56.246000,STR,18,0 days 00:01:18.401000,39.0,4.0,,,0 days 00:00:26.786000,0 days 00:00:28.025000,0 days 00:00:23.590000,0 days 02:19:06.212000,0 days 02:19:34.237000,0 days 02:19:57.827000,273.0,268.0,306.0,290.0,False,HARD,4.0,True,Aston Martin,0 days 02:18:37.845000,2026-08-23 14:25:20.622,1,18.0,False,,False,True
0 days 02:21:14.308000,STR,18,0 days 00:01:18.062000,40.0,4.0,,,0 days 00:00:26.736000,0 days 00:00:27.769000,0 days 00:00:23.557000,0 days 02:20:24.563000,0 days 02:20:52.332000,0 days 02:21:15.889000,275.0,271.0,307.0,295.0,False,HARD,5.0,True,Aston Martin,0 days 02:19:56.246000,2026-08-23 14:26:39.023,1,18.0,False,,False,True
0 days 02:22:32.726000,STR,18,0 days 00:01:18.418000,41.0,4.0,,,0 days 00:00:26.638000,0 days 00:00:27.980000,0 days 00:00:23.800000,0 days 02:21:42.527000,0 days 02:22:10.507000,0 days 02:22:34.307000,276.0,273.0,318.0,293.0,False,HARD,6.0,True,Aston Martin,0 days 02:21:14.308000,2026-08-23 14:27:57.085,1,18.0,False,,False,True
0 days 02:23:50.652000,STR,18,0 days 00:01:17.926000,42.0,4.0,,,0 days 00:00:26.639000,0 days 00:00:28.028000,0 days 00:00:23.259000,0 days 02:23:00.946000,0 days 02:23:28.974000,0 days 02:23:52.233000,276.0,274.0,325.0,301.0,False,HARD,7.0,True,Aston Martin,0 days 02:22:32.726000,2026-08-23 14:29:15.503,1,18.0,False,,False,True
0 days 02:25:09.225000,STR,18,0 days 00:01:18.573000,43.0,4.0,,,0 days 00:00:26.475000,0 days 00:00:28.268000,0 days 00:00:23.830000,0 days 02:24:18.708000,0 days 02:24:46.976000,0 days 02:25:10.806000,275.0,271.0,321.0,306.0,False,HARD,8.0,True,Aston Martin,0 days 02:23:50.652000,2026-08-23 14:30:33.429,1,18.0,False,,False,True
0 days 02:26:27.914000,STR,18,0 days 00:01:18.689000,44.0,4.0,,,0 days 00:00:26.740000,0 days 00:00:28.328000,0 days 00:00:23.621000,0 days 02:25:37.546000,0 days 02:26:05.874000,0 days 02:26:29.495000,277.0,277.0,326.0,286.0,False,HARD,9.0,True,Aston Martin,0 days 02:25:09.225000,2026-08-23 14:31:52.002,1,18.0,False,,False,True
0 days 02:27:56.651000,STR,18,0 days 00:01:28.737000,45.0,4.0,,0 days 02:27:56.803000,0 days 00:00:26.735000,0 days 00:00:30.056000,0 days 00:00:31.946000,0 days 02:26:56.230000,0 days 02:27:26.286000,0 days 02:27:58.232000,266.0,192.0,,298.0,False,HARD,10.0,True,Aston Martin,0 days 02:26:27.914000,2026-08-23 14:33:10.691,1,19.0,False,,False,False
0 days 00:58:18.068000,TSU,22,0 days 00:01:33.561000,1.0,1.0,,,,0 days 00:00:29.037000,0 days 00:00:29.111000,,0 days 00:57:50.571000,0 days 00:58:19.713000,269.0,262.0,273.0,188.0,False,SOFT,1.0,True,Racing Bulls,0 days 00:56:45.791000,2026-08-23 13:03:28.568,12,11.0,False,,False,False
0 days 01:00:42.835000,TSU,22,0 days 00:02:24.767000,2.0,1.0,,0 days 01:00:41.894000,0 days 00:00:28.194000,0 days 00:00:49.848000,0 days 00:01:06.725000,0 days 00:58:47.876000,0 days 00:59:37.724000,0 days 01:00:44.449000,213.0,148.0,,235.0,False,SOFT,2.0,True,Racing Bulls,0 days 00:58:18.068000,2026-08-23 13:05:00.845,25,11.0,False,,False,False
0 days 01:30:12.942000,TSU,22,,3.0,2.0,0 days 01:27:03.017000,,,0 days 00:00:28.857000,,,0 days 01:28:04.926000,,236.0,217.0,1.0,235.0,False,SOFT,1.0,False,Racing Bulls,0 days 01:26:17.312000,2026-08-23 13:33:00.089,12,11.0,False,,False,False
0 days 01:32:59.255000,TSU,22,,4.0,2.0,,,0 days 00:00:40.500000,0 days 00:00:30.879000,0 days 00:01:35.086000,0 days 01:30:55.008000,0 days 01:31:25.835000,0 days 01:33:00.870000,237.0,190.0,2.0,154.0,False,SOFT,2.0,False,Racing Bulls,0 days 01:30:12.942000,2026-08-23 13:36:55.719,1,10.0,False,,False,False
0 days 01:34:23.908000,TSU,22,0 days 00:01:24.653000,5.0,2.0,,,0 days 00:00:31.415000,0 days 00:00:29.226000,0 days 00:00:24.012000,0 days 01:33:32.284000,0 days 01:34:01.510000,0 days 01:34:25.522000,290.0,282.0,322.0,228.0,True,SOFT,3.0,False,Racing Bulls,0 days 01:32:59.255000,2026-08-23 13:39:42.032,12,11.0,False,,False,True
0 days 01:35:43.557000,TSU,22,0 days 00:01:19.649000,6.0,2.0,,,0 days 00:00:27.045000,0 days 00:00:28.831000,0 days 00:00:23.773000,0 days 01:34:52.567000,0 days 01:35:21.398000,0 days 01:35:45.171000,289.0,266.0,315.0,277.0,True,SOFT,4.0,False,Racing Bulls,0 days 01:34:23.908000,2026-08-23 13:41:06.685,1,11.0,False,,False,True
0 days 01:37:02.465000,TSU,22,0 days 00:01:18.908000,7.0,2.0,,,0 days 00:00:26.819000,0 days 00:00:28.651000,0 days 00:00:23.438000,0 days 01:36:11.990000,0 days 01:36:40.641000,0 days 01:37:04.079000,276.0,277.0,333.0,294.0,True,SOFT,5.0,False,Racing Bulls,0 days 01:35:43.557000,2026-08-23 13:42:26.334,1,11.0,False,,False,True
0 days 01:38:21.505000,TSU,22,0 days 00:01:19.040000,8.0,2.0,,,0 days 00:00:26.878000,0 days 00:00:28.734000,0 days 00:00:23.428000,0 days 01:37:30.957000,0 days 01:37:59.691000,0 days 01:38:23.119000,278.0,274.0,324.0,292.0,False,SOFT,6.0,False,Racing Bulls,0 days 01:37:02.465000,2026-08-23 13:43:45.242,1,10.0,False,,False,True
0 days 01:39:40.106000,TSU,22,0 days 00:01:18.601000,9.0,2.0,,,0 days 00:00:26.562000,0 days 00:00:28.661000,0 days 00:00:23.378000,0 days 01:38:49.681000,0 days 01:39:18.342000,0 days 01:39:41.720000,275.0,274.0,322.0,302.0,True,SOFT,7.0,False,Racing Bulls,0 days 01:38:21.505000,2026-08-23 13:45:04.282,1,10.0,False,,False,True
0 days 01:40:58.771000,TSU,22,0 days 00:01:18.665000,10.0,2.0,,,0 days 00:00:26.625000,0 days 00:00:28.630000,0 days 00:00:23.410000,0 days 01:40:08.345000,0 days 01:40:36.975000,0 days 01:41:00.385000,272.0,269.0,321.0,307.0,False,SOFT,8.0,False,Racing Bulls,0 days 01:39:40.106000,2026-08-23 13:46:22.883,1,10.0,False,,False,True
0 days 01:42:17.361000,TSU,22,0 days 00:01:18.590000,11.0,2.0,,,0 days 00:00:26.569000,0 days 00:00:28.663000,0 days 00:00:23.358000,0 days 01:41:26.954000,0 days 01:41:55.617000,0 days 01:42:18.975000,276.0,272.0,323.0,300.0,True,SOFT,9.0,False,Racing Bulls,0 days 01:40:58.771000,2026-08-23 13:47:41.548,1,10.0,False,,False,True
0 days 01:43:36.213000,TSU,22,0 days 00:01:18.852000,12.0,2.0,,,0 days 00:00:26.599000,0 days 00:00:28.836000,0 days 00:00:23.417000,0 days 01:42:45.574000,0 days 01:43:14.410000,0 days 01:43:37.827000,274.0,269.0,304.0,305.0,False,SOFT,10.0,False,Racing Bulls,0 days 01:42:17.361000,2026-08-23 13:49:00.138,1,10.0,False,,False,True
0 days 01:44:55.252000,TSU,22,0 days 00:01:19.039000,13.0,2.0,,,0 days 00:00:26.722000,0 days 00:00:28.830000,0 days 00:00:23.487000,0 days 01:44:04.549000,0 days 01:44:33.379000,0 days 01:44:56.866000,275.0,269.0,321.0,288.0,False,SOFT,11.0,False,Racing Bulls,0 days 01:43:36.213000,2026-08-23 13:50:18.990,1,10.0,False,,False,True
0 days 01:46:14.331000,TSU,22,0 days 00:01:19.079000,14.0,2.0,,,0 days 00:00:26.600000,0 days 00:00:28.988000,0 days 00:00:23.491000,0 days 01:45:23.466000,0 days 01:45:52.454000,0 days 01:46:15.945000,275.0,272.0,321.0,311.0,False,SOFT,12.0,False,Racing Bulls,0 days 01:44:55.252000,2026-08-23 13:51:38.029,1,10.0,False,,False,True
0 days 01:47:33.323000,TSU,22,0 days 00:01:18.992000,15.0,2.0,,,0 days 00:00:26.595000,0 days 00:00:28.870000,0 days 00:00:23.527000,0 days 01:46:42.540000,0 days 01:47:11.410000,0 days 01:47:34.937000,275.0,268.0,314.0,310.0,False,SOFT,13.0,False,Racing Bulls,0 days 01:46:14.331000,2026-08-23 13:52:57.108,1,10.0,False,,False,True
0 days 01:48:52.418000,TSU,22,0 days 00:01:19.095000,16.0,2.0,,,0 days 00:00:26.635000,0 days 00:00:28.924000,0 days 00:00:23.536000,0 days 01:48:01.572000,0 days 01:48:30.496000,0 days 01:48:54.032000,276.0,272.0,319.0,304.0,False,SOFT,14.0,False,Racing Bulls,0 days 01:47:33.323000,2026-08-23 13:54:16.100,1,10.0,False,,False,True
0 days 01:50:11.143000,TSU,22,0 days 00:01:18.725000,17.0,2.0,,,0 days 00:00:26.438000,0 days 00:00:28.807000,0 days 00:00:23.480000,0 days 01:49:20.470000,0 days 01:49:49.277000,0 days 01:50:12.757000,275.0,270.0,320.0,311.0,False,SOFT,15.0,False,Racing Bulls,0 days 01:48:52.418000,2026-08-23 13:55:35.195,1,10.0,False,,False,True
0 days 01:51:33.253000,TSU,22,0 days 00:01:22.110000,18.0,2.0,,0 days 01:51:33.659000,0 days 00:00:26.621000,0 days 00:00:28.970000,0 days 00:00:26.519000,0 days 01:50:39.378000,0 days 01:51:08.348000,0 days 01:51:34.867000,275.0,271.0,,308.0,False,SOFT,16.0,False,Racing Bulls,0 days 01:50:11.143000,2026-08-23 13:56:53.920,1,10.0,False,,False,False
0 days 01:53:07.510000,TSU,22,0 days 00:01:34.257000,19.0,3.0,0 days 01:51:51.917000,,0 days 00:00:43.308000,0 days 00:00:27.724000,0 days 00:00:23.225000,0 days 01:52:18.175000,0 days 01:52:45.899000,0 days 01:53:09.124000,276.0,282.0,321.0,308.0,False,HARD,1.0,True,Racing Bulls,0 days 01:51:33.253000,2026-08-23 13:58:16.030,1,14.0,False,,False,False
0 days 01:54:25.572000,TSU,22,0 days 00:01:18.062000,20.0,3.0,,,0 days 00:00:26.395000,0 days 00:00:28.491000,0 days 00:00:23.176000,0 days 01:53:35.519000,0 days 01:54:04.010000,0 days 01:54:27.186000,274.0,271.0,321.0,305.0,True,HARD,2.0,True,Racing Bulls,0 days 01:53:07.510000,2026-08-23 13:59:50.287,1,14.0,False,,False,True
0 days 01:55:43.735000,TSU,22,0 days 00:01:18.163000,21.0,3.0,,,0 days 00:00:26.367000,0 days 00:00:28.511000,0 days 00:00:23.285000,0 days 01:54:53.553000,0 days 01:55:22.064000,0 days 01:55:45.349000,275.0,272.0,322.0,306.0,False,HARD,3.0,True,Racing Bulls,0 days 01:54:25.572000,2026-08-23 14:01:08.349,1,14.0,False,,False,True
0 days 01:57:02.346000,TSU,22,0 days 00:01:18.611000,22.0,3.0,,,0 days 00:00:26.433000,0 days 00:00:28.822000,0 days 00:00:23.356000,0 days 01:56:11.782000,0 days 01:56:40.604000,0 days 01:57:03.960000,276.0,271.0,324.0,301.0,False,HARD,4.0,True,Racing Bulls,0 days 01:55:43.735000,2026-08-23 14:02:26.512,1,14.0,False,,False,True
0 days 01:58:21.255000,TSU,22,0 days 00:01:18.909000,23.0,3.0,,,0 days 00:00:26.619000,0 days 00:00:28.825000,0 days 00:00:23.465000,0 days 01:57:30.579000,0 days 01:57:59.404000,0 days 01:58:22.869000,277.0,274.0,324.0,301.0,False,HARD,5.0,True,Racing Bulls,0 days 01:57:02.346000,2026-08-23 14:03:45.123,1,14.0,False,,False,True
0 days 01:59:40.259000,TSU,22,0 days 00:01:19.004000,24.0,3.0,,,0 days 00:00:26.677000,0 days 00:00:28.915000,0 days 00:00:23.412000,0 days 01:58:49.546000,0 days 01:59:18.461000,0 days 01:59:41.873000,278.0,276.0,329.0,296.0,False,HARD,6.0,True,Racing Bulls,0 days 01:58:21.255000,2026-08-23 14:05:04.032,1,14.0,False,,False,True
0 days 02:00:59.363000,TSU,22,0 days 00:01:19.104000,25.0,3.0,,,0 days 00:00:26.764000,0 days 00:00:28.715000,0 days 00:00:23.625000,0 days 02:00:08.637000,0 days 02:00:37.352000,0 days 02:01:00.977000,282.0,276.0,340.0,274.0,False,HARD,7.0,True,Racing Bulls,0 days 01:59:40.259000,2026-08-23 14:06:23.036,1,14.0,False,,False,True
0 days 02:02:19.218000,TSU,22,0 days 00:01:19.855000,26.0,3.0,,,0 days 00:00:26.819000,0 days 00:00:29.022000,0 days 00:00:24.014000,0 days 02:01:27.796000,0 days 02:01:56.818000,0 days 02:02:20.832000,282.0,278.0,344.0,273.0,False,HARD,8.0,True,Racing Bulls,0 days 02:00:59.363000,2026-08-23 14:07:42.140,1,14.0,False,,False,True
0 days 02:03:39.312000,TSU,22,0 days 00:01:20.094000,27.0,3.0,,,0 days 00:00:26.888000,0 days 00:00:29.272000,0 days 00:00:23.934000,0 days 02:02:47.720000,0 days 02:03:16.992000,0 days 02:03:40.926000,290.0,279.0,337.0,268.0,False,HARD,9.0,True,Racing Bulls,0 days 02:02:19.218000,2026-08-23 14:09:01.995,1,13.0,False,,False,True
0 days 02:04:59.041000,TSU,22,0 days 00:01:19.729000,28.0,3.0,,,0 days 00:00:26.902000,0 days 00:00:28.930000,0 days 00:00:23.897000,0 days 02:04:07.828000,0 days 02:04:36.758000,0 days 02:05:00.655000,282.0,274.0,329.0,291.0,False,HARD,10.0,True,Racing Bulls,0 days 02:03:39.312000,2026-08-23 14:10:22.089,1,12.0,False,,False,True
0 days 02:06:18.037000,TSU,22,0 days 00:01:18.996000,29.0,3.0,,,0 days 00:00:26.910000,0 days 00:00:28.610000,0 days 00:00:23.476000,0 days 02:05:27.565000,0 days 02:05:56.175000,0 days 02:06:19.651000,276.0,275.0,339.0,278.0,False,HARD,11.0,True,Racing Bulls,0 days 02:04:59.041000,2026-08-23 14:11:41.818,1,10.0,False,,False,True
0 days 02:07:36.272000,TSU,22,0 days 00:01:18.235000,30.0,3.0,,,0 days 00:00:26.527000,0 days 00:00:28.275000,0 days 00:00:23.433000,0 days 02:06:46.178000,0 days 02:07:14.453000,0 days 02:07:37.886000,276.0,270.0,319.0,330.0,False,HARD,12.0,True,Racing Bulls,0 days 02:06:18.037000,2026-08-23 14:13:00.814,1,10.0,False,,False,True
0 days 02:08:54.567000,TSU,22,0 days 00:01:18.295000,31.0,3.0,,,0 days 00:00:26.522000,0 days 00:00:28.379000,0 days 00:00:23.394000,0 days 02:08:04.408000,0 days 02:08:32.787000,0 days 02:08:56.181000,274.0,271.0,314.0,307.0,False,HARD,13.0,True,Racing Bulls,0 days 02:07:36.272000,2026-08-23 14:14:19.049,1,10.0,False,,False,True
0 days 02:10:12.541000,TSU,22,0 days 00:01:17.974000,32.0,3.0,,,0 days 00:00:26.473000,0 days 00:00:28.254000,0 days 00:00:23.247000,0 days 02:09:22.654000,0 days 02:09:50.908000,0 days 02:10:14.155000,276.0,270.0,319.0,298.0,True,HARD,14.0,True,Racing Bulls,0 days 02:08:54.567000,2026-08-23 14:15:37.344,1,10.0,False,,False,True
0 days 02:11:30.392000,TSU,22,0 days 00:01:17.851000,33.0,3.0,,,0 days 00:00:26.346000,0 days 00:00:28.275000,0 days 00:00:23.230000,0 days 02:10:40.501000,0 days 02:11:08.776000,0 days 02:11:32.006000,276.0,271.0,318.0,308.0,True,HARD,15.0,True,Racing Bulls,0 days 02:10:12.541000,2026-08-23 14:16:55.318,1,10.0,False,,False,True
0 days 02:12:48.453000,TSU,22,0 days 00:01:18.061000,34.0,3.0,,,0 days 00:00:26.330000,0 days 00:00:28.402000,0 days 00:00:23.329000,0 days 02:11:58.336000,0 days 02:12:26.738000,0 days 02:12:50.067000,275.0,272.0,318.0,309.0,False,HARD,16.0,True,Racing Bulls,0 days 02:11:30.392000,2026-08-23 14:18:13.169,1,10.0,False,,False,True
0 days 02:14:06.395000,TSU,22,0 days 00:01:17.942000,35.0,3.0,,,0 days 00:00:26.469000,0 days 00:00:28.176000,0 days 00:00:23.297000,0 days 02:13:16.536000,0 days 02:13:44.712000,0 days 02:14:08.009000,276.0,272.0,318.0,307.0,False,HARD,17.0,True,Racing Bulls,0 days 02:12:48.453000,2026-08-23 14:19:31.230,1,9.0,False,,False,True
0 days 02:15:24.336000,TSU,22,0 days 00:01:17.941000,36.0,3.0,,,0 days 00:00:26.378000,0 days 00:00:28.374000,0 days 00:00:23.189000,0 days 02:14:34.387000,0 days 02:15:02.761000,0 days 02:15:25.950000,276.0,272.0,316.0,308.0,False,HARD,18.0,True,Racing Bulls,0 days 02:14:06.395000,2026-08-23 14:20:49.172,1,9.0,False,,False,True
0 days 02:16:42.299000,TSU,22,0 days 00:01:17.963000,37.0,3.0,,,0 days 00:00:26.398000,0 days 00:00:28.353000,0 days 00:00:23.212000,0 days 02:15:52.348000,0 days 02:16:20.701000,0 days 02:16:43.913000,277.0,271.0,317.0,301.0,False,HARD,19.0,True,Racing Bulls,0 days 02:15:24.336000,2026-08-23 14:22:07.113,1,9.0,False,,False,True
0 days 02:18:00.095000,TSU,22,0 days 00:01:17.796000,38.0,3.0,,,0 days 00:00:26.326000,0 days 00:00:28.234000,0 days 00:00:23.236000,0 days 02:17:10.239000,0 days 02:17:38.473000,0 days 02:18:01.709000,278.0,271.0,318.0,309.0,True,HARD,20.0,True,Racing Bulls,0 days 02:16:42.299000,2026-08-23 14:23:25.076,1,9.0,False,,False,True
0 days 02:19:17.818000,TSU,22,0 days 00:01:17.723000,39.0,3.0,,,0 days 00:00:26.290000,0 days 00:00:28.193000,0 days 00:00:23.240000,0 days 02:18:27.999000,0 days 02:18:56.192000,0 days 02:19:19.432000,276.0,271.0,317.0,310.0,True,HARD,21.0,True,Racing Bulls,0 days 02:18:00.095000,2026-08-23 14:24:42.872,1,9.0,False,,False,True
0 days 02:20:35.625000,TSU,22,0 days 00:01:17.807000,40.0,3.0,,,0 days 00:00:26.282000,0 days 00:00:28.240000,0 days 00:00:23.285000,0 days 02:19:45.714000,0 days 02:20:13.954000,0 days 02:20:37.239000,276.0,273.0,317.0,310.0,False,HARD,22.0,True,Racing Bulls,0 days 02:19:17.818000,2026-08-23 14:26:00.595,1,9.0,False,,False,True
0 days 02:21:53.534000,TSU,22,0 days 00:01:17.909000,41.0,3.0,,,0 days 00:00:26.451000,0 days 00:00:28.242000,0 days 00:00:23.216000,0 days 02:21:03.690000,0 days 02:21:31.932000,0 days 02:21:55.148000,277.0,272.0,318.0,308.0,False,HARD,23.0,True,Racing Bulls,0 days 02:20:35.625000,2026-08-23 14:27:18.402,1,9.0,False,,False,True
0 days 02:23:11.405000,TSU,22,0 days 00:01:17.871000,42.0,3.0,,,0 days 00:00:26.344000,0 days 00:00:28.313000,0 days 00:00:23.214000,0 days 02:22:21.492000,0 days 02:22:49.805000,0 days 02:23:13.019000,276.0,273.0,317.0,309.0,False,HARD,24.0,True,Racing Bulls,0 days 02:21:53.534000,2026-08-23 14:28:36.311,1,9.0,False,,False,True
0 days 02:24:35.486000,TSU,22,0 days 00:01:24.081000,43.0,3.0,,,0 days 00:00:26.366000,0 days 00:00:28.513000,0 days 00:00:29.202000,0 days 02:23:39.385000,0 days 02:24:07.898000,0 days 02:24:37.100000,277.0,272.0,312.0,307.0,False,HARD,25.0,True,Racing Bulls,0 days 02:23:11.405000,2026-08-23 14:29:54.182,1,9.0,True,TRACK LIMITS AT TURN 13 LAP 43 ,False,True
0 days 02:25:57.470000,TSU,22,0 days 00:01:21.984000,44.0,3.0,,0 days 02:25:57.903000,0 days 00:00:27.361000,0 days 00:00:28.358000,0 days 00:00:26.265000,0 days 02:25:04.461000,0 days 02:25:32.819000,0 days 02:25:59.084000,277.0,271.0,,282.0,False,HARD,26.0,True,Racing Bulls,0 days 02:24:35.486000,2026-08-23 14:31:18.263,1,10.0,False,,False,False
0 days 02:27:30.686000,TSU,22,0 days 00:01:33.216000,45.0,4.0,0 days 02:26:15.751000,,0 days 00:00:42.866000,0 days 00:00:27.354000,0 days 00:00:22.996000,0 days 02:26:41.950000,0 days 02:27:09.304000,0 days 02:27:32.300000,279.0,277.0,320.0,282.0,False,SOFT,3.0,False,Racing Bulls,0 days 02:25:57.470000,2026-08-23 14:32:40.247,1,11.0,False,,False,False
0 days 02:28:48.038000,TSU,22,0 days 00:01:17.352000,46.0,4.0,,,0 days 00:00:26.252000,0 days 00:00:28.023000,0 days 00:00:23.077000,0 days 02:27:58.552000,0 days 02:28:26.575000,0 days 02:28:49.652000,278.0,272.0,304.0,304.0,True,SOFT,4.0,False,Racing Bulls,0 days 02:27:30.686000,2026-08-23 14:34:13.463,1,11.0,False,,False,True
0 days 02:30:06.509000,TSU,22,0 days 00:01:18.471000,47.0,4.0,,,0 days 00:00:27.453000,0 days 00:00:28.051000,0 days 00:00:22.967000,0 days 02:29:17.105000,0 days 02:29:45.156000,0 days 02:30:08.123000,281.0,275.0,321.0,289.0,False,SOFT,5.0,False,Racing Bulls,0 days 02:28:48.038000,2026-08-23 14:35:30.815,1,10.0,False,,False,True
0 days 02:31:23.480000,TSU,22,0 days 00:01:16.971000,48.0,4.0,,,0 days 00:00:26.018000,0 days 00:00:28.008000,0 days 00:00:22.945000,0 days 02:30:34.141000,0 days 02:31:02.149000,0 days 02:31:25.094000,279.0,273.0,320.0,312.0,True,SOFT,6.0,False,Racing Bulls,0 days 02:30:06.509000,2026-08-23 14:36:49.286,1,10.0,False,,False,True
0 days 02:32:40.119000,TSU,22,0 days 00:01:16.639000,49.0,4.0,,,0 days 00:00:25.897000,0 days 00:00:27.775000,0 days 00:00:22.967000,0 days 02:31:50.991000,0 days 02:32:18.766000,0 days 02:32:41.733000,277.0,274.0,319.0,311.0,True,SOFT,7.0,False,Racing Bulls,0 days 02:31:23.480000,2026-08-23 14:38:06.257,1,10.0,False,,False,True
0 days 02:33:56.972000,TSU,22,0 days 00:01:16.853000,50.0,4.0,,,0 days 00:00:26.064000,0 days 00:00:27.865000,0 days 00:00:22.924000,0 days 02:33:07.797000,0 days 02:33:35.662000,0 days 02:33:58.586000,277.0,272.0,319.0,306.0,False,SOFT,8.0,False,Racing Bulls,0 days 02:32:40.119000,2026-08-23 14:39:22.896,1,10.0,False,,False,True
0 days 02:35:13.698000,TSU,22,0 days 00:01:16.726000,51.0,4.0,,,0 days 00:00:26.044000,0 days 00:00:27.757000,0 days 00:00:22.925000,0 days 02:34:24.630000,0 days 02:34:52.387000,0 days 02:35:15.312000,275.0,271.0,317.0,315.0,False,SOFT,9.0,False,Racing Bulls,0 days 02:33:56.972000,2026-08-23 14:40:39.749,1,10.0,False,,False,True
0 days 02:36:30.527000,TSU,22,0 days 00:01:16.829000,52.0,4.0,,,0 days 00:00:26.009000,0 days 00:00:27.890000,0 days 00:00:22.930000,0 days 02:35:41.321000,0 days 02:36:09.211000,0 days 02:36:32.141000,277.0,273.0,317.0,306.0,False,SOFT,10.0,False,Racing Bulls,0 days 02:35:13.698000,2026-08-23 14:41:56.475,1,10.0,False,,False,True
0 days 02:37:47.468000,TSU,22,0 days 00:01:16.941000,53.0,4.0,,,0 days 00:00:26.084000,0 days 00:00:27.836000,0 days 00:00:23.021000,0 days 02:36:58.225000,0 days 02:37:26.061000,0 days 02:37:49.082000,276.0,273.0,320.0,304.0,False,SOFT,11.0,False,Racing Bulls,0 days 02:36:30.527000,2026-08-23 14:43:13.304,12,10.0,False,,False,True
0 days 02:39:29.706000,TSU,22,0 days 00:01:42.238000,54.0,4.0,,,0 days 00:00:36.937000,0 days 00:00:35.687000,0 days 00:00:29.614000,0 days 02:38:26.019000,0 days 02:39:01.706000,0 days 02:39:31.320000,263.0,144.0,218.0,311.0,False,SOFT,12.0,False,Racing Bulls,0 days 02:37:47.468000,2026-08-23 14:44:30.245,26,10.0,False,,False,False
0 days 02:41:13.489000,TSU,22,0 days 00:01:43.783000,55.0,4.0,,,0 days 00:00:37.337000,0 days 00:00:35.103000,0 days 00:00:31.343000,0 days 02:40:08.657000,0 days 02:40:43.760000,0 days 02:41:15.103000,256.0,220.0,226.0,208.0,False,SOFT,13.0,False,Racing Bulls,0 days 02:39:29.706000,2026-08-23 14:46:12.483,6,10.0,False,,False,False
0 days 02:42:45.600000,TSU,22,0 days 00:01:32.111000,56.0,4.0,,,0 days 00:00:36.571000,0 days 00:00:30.973000,0 days 00:00:24.567000,0 days 02:41:51.674000,0 days 02:42:22.647000,0 days 02:42:47.214000,276.0,229.0,337.0,245.0,False,SOFT,14.0,False,Racing Bulls,0 days 02:41:13.489000,2026-08-23 14:47:56.266,671,10.0,False,,False,False
0 days 02:44:03.884000,TSU,22,0 days 00:01:18.284000,57.0,4.0,,,0 days 00:00:27.208000,0 days 00:00:27.762000,0 days 00:00:23.314000,0 days 02:43:14.422000,0 days 02:43:42.184000,0 days 02:44:05.498000,281.0,278.0,323.0,306.0,False,SOFT,15.0,False,Racing Bulls,0 days 02:42:45.600000,2026-08-23 14:49:28.377,1,11.0,False,,False,True
0 days 02:45:20.557000,TSU,22,0 days 00:01:16.673000,58.0,4.0,,,0 days 00:00:26.014000,0 days 00:00:27.651000,0 days 00:00:23.008000,0 days 02:44:31.512000,0 days 02:44:59.163000,0 days 02:45:22.171000,277.0,275.0,320.0,314.0,False,SOFT,16.0,False,Racing Bulls,0 days 02:44:03.884000,2026-08-23 14:50:46.661,1,11.0,False,,False,True
0 days 02:46:37.255000,TSU,22,0 days 00:01:16.698000,59.0,4.0,,,0 days 00:00:25.964000,0 days 00:00:27.689000,0 days 00:00:23.045000,0 days 02:45:48.135000,0 days 02:46:15.824000,0 days 02:46:38.869000,278.0,276.0,321.0,307.0,False,SOFT,17.0,False,Racing Bulls,0 days 02:45:20.557000,2026-08-23 14:52:03.334,1,11.0,False,,False,True
0 days 02:47:54.224000,TSU,22,0 days 00:01:16.969000,60.0,4.0,,,0 days 00:00:26.118000,0 days 00:00:27.869000,0 days 00:00:22.982000,0 days 02:47:04.987000,0 days 02:47:32.856000,0 days 02:47:55.838000,279.0,276.0,322.0,306.0,False,SOFT,18.0,False,Racing Bulls,0 days 02:46:37.255000,2026-08-23 14:53:20.032,1,11.0,False,,False,True
0 days 02:49:11.574000,TSU,22,0 days 00:01:17.350000,61.0,4.0,,,0 days 00:00:26.101000,0 days 00:00:27.941000,0 days 00:00:23.308000,0 days 02:48:21.939000,0 days 02:48:49.880000,0 days 02:49:13.188000,277.0,275.0,298.0,310.0,False,SOFT,19.0,False,Racing Bulls,0 days 02:47:54.224000,2026-08-23 14:54:37.001,1,11.0,False,,False,True
0 days 02:50:29.582000,TSU,22,0 days 00:01:18.008000,62.0,4.0,,,0 days 00:00:27.074000,0 days 00:00:27.907000,0 days 00:00:23.027000,0 days 02:49:40.262000,0 days 02:50:08.169000,0 days 02:50:31.196000,281.0,276.0,320.0,221.0,False,SOFT,20.0,False,Racing Bulls,0 days 02:49:11.574000,2026-08-23 14:55:54.351,1,11.0,False,,False,True
0 days 02:51:46.841000,TSU,22,0 days 00:01:17.259000,63.0,4.0,,,0 days 00:00:26.047000,0 days 00:00:27.983000,0 days 00:00:23.229000,0 days 02:50:57.243000,0 days 02:51:25.226000,0 days 02:51:48.455000,278.0,276.0,323.0,305.0,False,SOFT,21.0,False,Racing Bulls,0 days 02:50:29.582000,2026-08-23 14:57:12.359,1,11.0,False,,False,True
0 days 02:53:04.237000,TSU,22,0 days 00:01:17.396000,64.0,4.0,,,0 days 00:00:26.162000,0 days 00:00:27.986000,0 days 00:00:23.248000,0 days 02:52:14.617000,0 days 02:52:42.603000,0 days 02:53:05.851000,279.0,277.0,324.0,310.0,False,SOFT,22.0,False,Racing Bulls,0 days 02:51:46.841000,2026-08-23 14:58:29.618,1,11.0,False,,False,True
0 days 02:54:21.789000,TSU,22,0 days 00:01:17.552000,65.0,4.0,,,0 days 00:00:26.418000,0 days 00:00:27.932000,0 days 00:00:23.202000,0 days 02:53:32.269000,0 days 02:54:00.201000,0 days 02:54:23.403000,277.0,275.0,321.0,307.0,False,SOFT,23.0,False,Racing Bulls,0 days 02:53:04.237000,2026-08-23 14:59:47.014,1,11.0,False,,False,True
0 days 02:55:39.368000,TSU,22,0 days 00:01:17.579000,66.0,4.0,,,0 days 00:00:26.261000,0 days 00:00:27.975000,0 days 00:00:23.343000,0 days 02:54:49.664000,0 days 02:55:17.639000,0 days 02:55:40.982000,278.0,276.0,321.0,309.0,False,SOFT,24.0,False,Racing Bulls,0 days 02:54:21.789000,2026-08-23 15:01:04.566,1,11.0,False,,False,True
0 days 02:56:56.812000,TSU,22,0 days 00:01:17.444000,67.0,4.0,,,0 days 00:00:26.276000,0 days 00:00:28.085000,0 days 00:00:23.083000,0 days 02:56:07.258000,0 days 02:56:35.343000,0 days 02:56:58.426000,280.0,277.0,321.0,310.0,False,SOFT,25.0,False,Racing Bulls,0 days 02:55:39.368000,2026-08-23 15:02:22.145,1,11.0,False,,False,True
0 days 02:58:27.028000,TSU,22,0 days 00:01:30.216000,68.0,4.0,,,0 days 00:00:26.085000,0 days 00:00:32.854000,0 days 00:00:31.277000,0 days 02:57:24.511000,0 days 02:57:57.365000,0 days 02:58:28.642000,280.0,227.0,237.0,312.0,False,SOFT,26.0,False,Racing Bulls,0 days 02:56:56.812000,2026-08-23 15:03:39.589,16,11.0,False,,False,False
0 days 02:59:48.867000,TSU,22,0 days 00:01:21.839000,69.0,4.0,,,0 days 00:00:30.792000,0 days 00:00:27.936000,0 days 00:00:23.111000,0 days 02:58:59.434000,0 days 02:59:27.370000,0 days 02:59:50.481000,298.0,293.0,320.0,208.0,False,SOFT,27.0,False,Racing Bulls,0 days 02:58:27.028000,2026-08-23 15:05:09.805,671,11.0,False,,False,False
0 days 03:01:06.252000,TSU,22,0 days 00:01:17.385000,70.0,4.0,,,0 days 00:00:26.110000,0 days 00:00:27.976000,0 days 00:00:23.299000,0 days 03:00:16.591000,0 days 03:00:44.567000,0 days 03:01:07.866000,279.0,275.0,321.0,311.0,False,SOFT,28.0,False,Racing Bulls,0 days 02:59:48.867000,2026-08-23 15:06:31.644,1,11.0,False,,False,True
0 days 03:02:23.635000,TSU,22,0 days 00:01:17.383000,71.0,4.0,,,0 days 00:00:26.123000,0 days 00:00:27.982000,0 days 00:00:23.278000,0 days 03:01:33.989000,0 days 03:02:01.971000,0 days 03:02:25.249000,280.0,276.0,320.0,312.0,False,SOFT,29.0,False,Racing Bulls,0 days 03:01:06.252000,2026-08-23 15:07:49.029,1,11.0,False,,False,True
0 days 00:58:21.006000,ALB,23,0 days 00:01:36.533000,1.0,1.0,,,,0 days 00:00:29.806000,0 days 00:00:30.486000,,0 days 00:57:52.227000,0 days 00:58:22.662000,276.0,261.0,257.0,206.0,False,SOFT,1.0,True,Williams,0 days 00:56:45.791000,2026-08-23 13:03:28.568,12,13.0,False,,False,False
0 days 01:00:49.550000,ALB,23,0 days 00:02:28.544000,2.0,1.0,,0 days 01:00:48.831000,0 days 00:00:33.893000,0 days 00:00:45.105000,0 days 00:01:09.546000,0 days 00:58:56.524000,0 days 00:59:41.629000,0 days 01:00:51.175000,115.0,145.0,,246.0,False,SOFT,2.0,True,Williams,0 days 00:58:21.006000,2026-08-23 13:05:03.783,25,14.0,False,,False,False
0 days 01:30:14.142000,ALB,23,,3.0,2.0,0 days 01:27:08.133000,,,0 days 00:00:29.608000,,,0 days 01:28:11.942000,,202.0,238.0,32.0,246.0,False,HARD,1.0,True,Williams,0 days 01:26:17.312000,2026-08-23 13:33:00.089,12,12.0,False,,False,False
0 days 01:32:59.713000,ALB,23,,4.0,2.0,,,0 days 00:00:43.587000,0 days 00:00:29.070000,0 days 00:01:33.043000,0 days 01:30:59.241000,0 days 01:31:28.450000,0 days 01:33:01.448000,241.0,216.0,85.0,118.0,False,HARD,2.0,True,Williams,0 days 01:30:14.142000,2026-08-23 13:36:56.919,1,12.0,False,,False,False
0 days 01:34:24.652000,ALB,23,0 days 00:01:24.939000,5.0,2.0,,,0 days 00:00:31.194000,0 days 00:00:29.384000,0 days 00:00:24.361000,0 days 01:33:32.532000,0 days 01:34:01.916000,0 days 01:34:26.277000,281.0,290.0,326.0,205.0,True,HARD,3.0,True,Williams,0 days 01:32:59.713000,2026-08-23 13:39:42.490,12,12.0,False,,False,True
0 days 01:35:44.348000,ALB,23,0 days 00:01:19.696000,6.0,2.0,,,0 days 00:00:27.230000,0 days 00:00:28.548000,0 days 00:00:23.918000,0 days 01:34:53.507000,0 days 01:35:22.055000,0 days 01:35:45.973000,280.0,274.0,315.0,290.0,True,HARD,4.0,True,Williams,0 days 01:34:24.652000,2026-08-23 13:41:07.429,1,12.0,False,,False,True
0 days 01:37:03.439000,ALB,23,0 days 00:01:19.091000,7.0,2.0,,,0 days 00:00:26.951000,0 days 00:00:28.577000,0 days 00:00:23.563000,0 days 01:36:12.924000,0 days 01:36:41.501000,0 days 01:37:05.064000,284.0,280.0,328.0,296.0,True,HARD,5.0,True,Williams,0 days 01:35:44.348000,2026-08-23 13:42:27.125,1,12.0,False,,False,True
0 days 01:38:22.548000,ALB,23,0 days 00:01:19.109000,8.0,2.0,,,0 days 00:00:26.794000,0 days 00:00:28.769000,0 days 00:00:23.546000,0 days 01:37:31.858000,0 days 01:38:00.627000,0 days 01:38:24.173000,284.0,279.0,327.0,307.0,False,HARD,6.0,True,Williams,0 days 01:37:03.439000,2026-08-23 13:43:46.216,1,11.0,False,,False,True
0 days 01:39:41.287000,ALB,23,0 days 00:01:18.739000,9.0,2.0,,,0 days 00:00:26.585000,0 days 00:00:28.723000,0 days 00:00:23.431000,0 days 01:38:50.758000,0 days 01:39:19.481000,0 days 01:39:42.912000,284.0,278.0,325.0,308.0,True,HARD,7.0,True,Williams,0 days 01:38:22.548000,2026-08-23 13:45:05.325,1,11.0,False,,False,True
0 days 01:41:00.316000,ALB,23,0 days 00:01:19.029000,10.0,2.0,,,0 days 00:00:26.662000,0 days 00:00:28.758000,0 days 00:00:23.609000,0 days 01:40:09.574000,0 days 01:40:38.332000,0 days 01:41:01.941000,278.0,276.0,313.0,306.0,False,HARD,8.0,True,Williams,0 days 01:39:41.287000,2026-08-23 13:46:24.064,1,11.0,False,,False,True
0 days 01:42:19.378000,ALB,23,0 days 00:01:19.062000,11.0,2.0,,,0 days 00:00:26.711000,0 days 00:00:28.818000,0 days 00:00:23.533000,0 days 01:41:28.652000,0 days 01:41:57.470000,0 days 01:42:21.003000,278.0,274.0,317.0,305.0,False,HARD,9.0,True,Williams,0 days 01:41:00.316000,2026-08-23 13:47:43.093,1,11.0,False,,False,True
0 days 01:43:38.655000,ALB,23,0 days 00:01:19.277000,12.0,2.0,,,0 days 00:00:26.879000,0 days 00:00:28.777000,0 days 00:00:23.621000,0 days 01:42:47.882000,0 days 01:43:16.659000,0 days 01:43:40.280000,277.0,271.0,317.0,300.0,False,HARD,10.0,True,Williams,0 days 01:42:19.378000,2026-08-23 13:49:02.155,1,11.0,False,,False,True
0 days 01:44:57.870000,ALB,23,0 days 00:01:19.215000,13.0,2.0,,,0 days 00:00:26.774000,0 days 00:00:28.885000,0 days 00:00:23.556000,0 days 01:44:07.054000,0 days 01:44:35.939000,0 days 01:44:59.495000,276.0,268.0,318.0,303.0,False,HARD,11.0,True,Williams,0 days 01:43:38.655000,2026-08-23 13:50:21.432,1,11.0,False,,False,True
0 days 01:46:17.186000,ALB,23,0 days 00:01:19.316000,14.0,2.0,,,0 days 00:00:26.672000,0 days 00:00:28.914000,0 days 00:00:23.730000,0 days 01:45:26.167000,0 days 01:45:55.081000,0 days 01:46:18.811000,280.0,273.0,318.0,298.0,False,HARD,12.0,True,Williams,0 days 01:44:57.870000,2026-08-23 13:51:40.647,1,11.0,False,,False,True
0 days 01:47:36.560000,ALB,23,0 days 00:01:19.374000,15.0,2.0,,,0 days 00:00:26.673000,0 days 00:00:29.004000,0 days 00:00:23.697000,0 days 01:46:45.484000,0 days 01:47:14.488000,0 days 01:47:38.185000,280.0,272.0,315.0,299.0,False,HARD,13.0,True,Williams,0 days 01:46:17.186000,2026-08-23 13:52:59.963,1,11.0,False,,False,True
0 days 01:48:55.718000,ALB,23,0 days 00:01:19.158000,16.0,2.0,,,0 days 00:00:26.813000,0 days 00:00:28.785000,0 days 00:00:23.560000,0 days 01:48:04.998000,0 days 01:48:33.783000,0 days 01:48:57.343000,280.0,275.0,319.0,305.0,False,HARD,14.0,True,Williams,0 days 01:47:36.560000,2026-08-23 13:54:19.337,1,11.0,False,,False,True
0 days 01:50:14.784000,ALB,23,0 days 00:01:19.066000,17.0,2.0,,,0 days 00:00:26.564000,0 days 00:00:28.836000,0 days 00:00:23.666000,0 days 01:49:23.907000,0 days 01:49:52.743000,0 days 01:50:16.409000,280.0,272.0,317.0,310.0,False,HARD,15.0,True,Williams,0 days 01:48:55.718000,2026-08-23 13:55:38.495,1,11.0,False,,False,True
0 days 01:51:34.167000,ALB,23,0 days 00:01:19.383000,18.0,2.0,,,0 days 00:00:26.766000,0 days 00:00:28.970000,0 days 00:00:23.647000,0 days 01:50:43.175000,0 days 01:51:12.145000,0 days 01:51:35.792000,280.0,273.0,314.0,306.0,False,HARD,16.0,True,Williams,0 days 01:50:14.784000,2026-08-23 13:56:57.561,1,11.0,False,,False,True
0 days 01:52:53.362000,ALB,23,0 days 00:01:19.195000,19.0,2.0,,,0 days 00:00:26.829000,0 days 00:00:28.722000,0 days 00:00:23.644000,0 days 01:52:02.621000,0 days 01:52:31.343000,0 days 01:52:54.987000,281.0,274.0,319.0,301.0,False,HARD,17.0,True,Williams,0 days 01:51:34.167000,2026-08-23 13:58:16.944,1,9.0,False,,False,True
0 days 01:54:12.489000,ALB,23,0 days 00:01:19.127000,20.0,2.0,,,0 days 00:00:26.651000,0 days 00:00:28.875000,0 days 00:00:23.601000,0 days 01:53:21.638000,0 days 01:53:50.513000,0 days 01:54:14.114000,280.0,274.0,317.0,309.0,False,HARD,18.0,True,Williams,0 days 01:52:53.362000,2026-08-23 13:59:36.139,1,8.0,False,,False,True
0 days 01:55:31.490000,ALB,23,0 days 00:01:19.001000,21.0,2.0,,,0 days 00:00:26.586000,0 days 00:00:28.859000,0 days 00:00:23.556000,0 days 01:54:40.700000,0 days 01:55:09.559000,0 days 01:55:33.115000,281.0,272.0,313.0,309.0,False,HARD,19.0,True,Williams,0 days 01:54:12.489000,2026-08-23 14:00:55.266,1,8.0,False,,False,True
0 days 01:56:50.508000,ALB,23,0 days 00:01:19.018000,22.0,2.0,,,0 days 00:00:26.612000,0 days 00:00:28.811000,0 days 00:00:23.595000,0 days 01:55:59.727000,0 days 01:56:28.538000,0 days 01:56:52.133000,281.0,271.0,317.0,307.0,False,HARD,20.0,True,Williams,0 days 01:55:31.490000,2026-08-23 14:02:14.267,1,7.0,False,,False,True
0 days 01:58:09.752000,ALB,23,0 days 00:01:19.244000,23.0,2.0,,,0 days 00:00:26.630000,0 days 00:00:28.862000,0 days 00:00:23.752000,0 days 01:57:18.763000,0 days 01:57:47.625000,0 days 01:58:11.377000,280.0,274.0,312.0,305.0,False,HARD,21.0,True,Williams,0 days 01:56:50.508000,2026-08-23 14:03:33.285,1,7.0,False,,False,True
0 days 01:59:29.823000,ALB,23,0 days 00:01:20.071000,24.0,2.0,,,0 days 00:00:27.346000,0 days 00:00:29.026000,0 days 00:00:23.699000,0 days 01:58:38.723000,0 days 01:59:07.749000,0 days 01:59:31.448000,283.0,274.0,319.0,295.0,False,HARD,22.0,True,Williams,0 days 01:58:09.752000,2026-08-23 14:04:52.529,1,8.0,False,,False,True
0 days 02:00:48.960000,ALB,23,0 days 00:01:19.137000,25.0,2.0,,,0 days 00:00:26.621000,0 days 00:00:28.725000,0 days 00:00:23.791000,0 days 01:59:58.069000,0 days 02:00:26.794000,0 days 02:00:50.585000,280.0,273.0,318.0,308.0,False,HARD,23.0,True,Williams,0 days 01:59:29.823000,2026-08-23 14:06:12.600,1,8.0,False,,False,True
0 days 02:02:11.072000,ALB,23,0 days 00:01:22.112000,26.0,2.0,,0 days 02:02:11.473000,0 days 00:00:26.718000,0 days 00:00:28.847000,0 days 00:00:26.547000,0 days 02:01:17.303000,0 days 02:01:46.150000,0 days 02:02:12.697000,281.0,273.0,,307.0,False,HARD,24.0,True,Williams,0 days 02:00:48.960000,2026-08-23 14:07:31.737,1,9.0,False,,False,False
0 days 02:03:45.436000,ALB,23,0 days 00:01:34.364000,27.0,3.0,0 days 02:02:29.107000,,0 days 00:00:43.061000,0 days 00:00:27.971000,0 days 00:00:23.332000,0 days 02:02:55.758000,0 days 02:03:23.729000,0 days 02:03:47.061000,277.0,273.0,314.0,307.0,False,HARD,1.0,True,Williams,0 days 02:02:11.072000,2026-08-23 14:08:53.849,1,15.0,False,,False,False
0 days 02:05:03.738000,ALB,23,0 days 00:01:18.302000,28.0,3.0,,,0 days 00:00:26.633000,0 days 00:00:28.323000,0 days 00:00:23.346000,0 days 02:04:13.694000,0 days 02:04:42.017000,0 days 02:05:05.363000,280.0,274.0,318.0,302.0,True,HARD,2.0,True,Williams,0 days 02:03:45.436000,2026-08-23 14:10:28.213,1,15.0,False,,False,True
0 days 02:06:22.077000,ALB,23,0 days 00:01:18.339000,29.0,3.0,,,0 days 00:00:26.576000,0 days 00:00:28.352000,0 days 00:00:23.411000,0 days 02:05:31.939000,0 days 02:06:00.291000,0 days 02:06:23.702000,281.0,276.0,321.0,302.0,False,HARD,3.0,True,Williams,0 days 02:05:03.738000,2026-08-23 14:11:46.515,1,15.0,False,,False,True
0 days 02:07:41.061000,ALB,23,0 days 00:01:18.984000,30.0,3.0,,,0 days 00:00:26.737000,0 days 00:00:28.715000,0 days 00:00:23.532000,0 days 02:06:50.439000,0 days 02:07:19.154000,0 days 02:07:42.686000,279.0,279.0,327.0,309.0,False,HARD,4.0,True,Williams,0 days 02:06:22.077000,2026-08-23 14:13:04.854,1,14.0,False,,False,True
0 days 02:09:00.113000,ALB,23,0 days 00:01:19.052000,31.0,3.0,,,0 days 00:00:26.708000,0 days 00:00:28.820000,0 days 00:00:23.524000,0 days 02:08:09.394000,0 days 02:08:38.214000,0 days 02:09:01.738000,288.0,280.0,330.0,299.0,False,HARD,5.0,True,Williams,0 days 02:07:41.061000,2026-08-23 14:14:23.838,1,14.0,False,,False,True
0 days 02:10:19.220000,ALB,23,0 days 00:01:19.107000,32.0,3.0,,,0 days 00:00:26.725000,0 days 00:00:28.744000,0 days 00:00:23.638000,0 days 02:09:28.463000,0 days 02:09:57.207000,0 days 02:10:20.845000,289.0,285.0,331.0,305.0,False,HARD,6.0,True,Williams,0 days 02:09:00.113000,2026-08-23 14:15:42.890,1,14.0,False,,False,True
0 days 02:11:38.667000,ALB,23,0 days 00:01:19.447000,33.0,3.0,,,0 days 00:00:26.936000,0 days 00:00:28.865000,0 days 00:00:23.646000,0 days 02:10:47.781000,0 days 02:11:16.646000,0 days 02:11:40.292000,288.0,281.0,323.0,300.0,False,HARD,7.0,True,Williams,0 days 02:10:19.220000,2026-08-23 14:17:01.997,1,14.0,False,,False,True
0 days 02:12:57.847000,ALB,23,0 days 00:01:19.180000,34.0,3.0,,,0 days 00:00:26.756000,0 days 00:00:28.861000,0 days 00:00:23.563000,0 days 02:12:07.048000,0 days 02:12:35.909000,0 days 02:12:59.472000,278.0,275.0,321.0,306.0,False,HARD,8.0,True,Williams,0 days 02:11:38.667000,2026-08-23 14:18:21.444,1,13.0,False,,False,True
0 days 02:14:18.223000,ALB,23,0 days 00:01:20.376000,35.0,3.0,,,0 days 00:00:26.758000,0 days 00:00:29.816000,0 days 00:00:23.802000,0 days 02:13:26.230000,0 days 02:13:56.046000,0 days 02:14:19.848000,278.0,283.0,293.0,304.0,False,HARD,9.0,True,Williams,0 days 02:12:57.847000,2026-08-23 14:19:40.624,1,12.0,False,,False,True
0 days 02:15:37.921000,ALB,23,0 days 00:01:19.698000,36.0,3.0,,,0 days 00:00:27.390000,0 days 00:00:28.538000,0 days 00:00:23.770000,0 days 02:14:47.238000,0 days 02:15:15.776000,0 days 02:15:39.546000,290.0,280.0,309.0,254.0,False,HARD,10.0,True,Williams,0 days 02:14:18.223000,2026-08-23 14:21:01.000,1,11.0,False,,False,True
0 days 02:16:56.911000,ALB,23,0 days 00:01:18.990000,37.0,3.0,,,0 days 00:00:26.761000,0 days 00:00:28.549000,0 days 00:00:23.680000,0 days 02:16:06.307000,0 days 02:16:34.856000,0 days 02:16:58.536000,276.0,285.0,314.0,301.0,False,HARD,11.0,True,Williams,0 days 02:15:37.921000,2026-08-23 14:22:20.698,1,11.0,False,,False,True
0 days 02:18:19.458000,ALB,23,0 days 00:01:22.547000,38.0,3.0,,,0 days 00:00:27.667000,0 days 00:00:29.098000,0 days 00:00:25.782000,0 days 02:17:26.203000,0 days 02:17:55.301000,0 days 02:18:21.083000,275.0,221.0,318.0,290.0,False,HARD,12.0,True,Williams,0 days 02:16:56.911000,2026-08-23 14:23:39.688,1,12.0,False,,False,True
0 days 02:19:39.149000,ALB,23,0 days 00:01:19.691000,39.0,3.0,,,0 days 00:00:27.455000,0 days 00:00:28.715000,0 days 00:00:23.521000,0 days 02:18:48.538000,0 days 02:19:17.253000,0 days 02:19:40.774000,275.0,278.0,321.0,303.0,False,HARD,13.0,True,Williams,0 days 02:18:19.458000,2026-08-23 14:25:02.235,1,12.0,False,,False,True
0 days 02:20:57.751000,ALB,23,0 days 00:01:18.602000,40.0,3.0,,,0 days 00:00:26.528000,0 days 00:00:28.532000,0 days 00:00:23.542000,0 days 02:20:07.302000,0 days 02:20:35.834000,0 days 02:20:59.376000,276.0,281.0,316.0,310.0,False,HARD,14.0,True,Williams,0 days 02:19:39.149000,2026-08-23 14:26:21.926,1,12.0,False,,False,True
0 days 02:22:17.417000,ALB,23,0 days 00:01:19.666000,41.0,3.0,,,0 days 00:00:27.364000,0 days 00:00:28.760000,0 days 00:00:23.542000,0 days 02:21:26.740000,0 days 02:21:55.500000,0 days 02:22:19.042000,220.0,284.0,321.0,306.0,False,HARD,15.0,True,Williams,0 days 02:20:57.751000,2026-08-23 14:27:40.528,1,12.0,False,,False,True
0 days 02:23:37.531000,ALB,23,0 days 00:01:20.114000,42.0,3.0,,,0 days 00:00:26.466000,0 days 00:00:30.072000,0 days 00:00:23.576000,0 days 02:22:45.508000,0 days 02:23:15.580000,0 days 02:23:39.156000,278.0,270.0,321.0,311.0,False,HARD,16.0,True,Williams,0 days 02:22:17.417000,2026-08-23 14:29:00.194,1,12.0,False,,False,True
0 days 02:24:56.670000,ALB,23,0 days 00:01:19.139000,43.0,3.0,,,0 days 00:00:26.795000,0 days 00:00:28.848000,0 days 00:00:23.496000,0 days 02:24:05.951000,0 days 02:24:34.799000,0 days 02:24:58.295000,281.0,283.0,305.0,312.0,False,HARD,17.0,True,Williams,0 days 02:23:37.531000,2026-08-23 14:30:20.308,1,12.0,False,,False,True
0 days 02:26:15.862000,ALB,23,0 days 00:01:19.192000,44.0,3.0,,,0 days 00:00:27.067000,0 days 00:00:28.694000,0 days 00:00:23.431000,0 days 02:25:25.362000,0 days 02:25:54.056000,0 days 02:26:17.487000,280.0,278.0,320.0,278.0,False,HARD,18.0,True,Williams,0 days 02:24:56.670000,2026-08-23 14:31:39.447,1,12.0,False,,False,True
0 days 02:27:35.401000,ALB,23,0 days 00:01:19.539000,45.0,3.0,,,0 days 00:00:26.927000,0 days 00:00:29.053000,0 days 00:00:23.559000,0 days 02:26:44.414000,0 days 02:27:13.467000,0 days 02:27:37.026000,281.0,284.0,323.0,311.0,False,HARD,19.0,True,Williams,0 days 02:26:15.862000,2026-08-23 14:32:58.639,1,13.0,False,,False,True
0 days 02:28:54.367000,ALB,23,0 days 00:01:18.966000,46.0,3.0,,,0 days 00:00:26.586000,0 days 00:00:28.846000,0 days 00:00:23.534000,0 days 02:28:03.612000,0 days 02:28:32.458000,0 days 02:28:55.992000,284.0,276.0,323.0,307.0,False,HARD,20.0,True,Williams,0 days 02:27:35.401000,2026-08-23 14:34:18.178,1,13.0,False,,False,True
0 days 02:30:12.951000,ALB,23,0 days 00:01:18.584000,47.0,3.0,,,0 days 00:00:26.470000,0 days 00:00:28.708000,0 days 00:00:23.406000,0 days 02:29:22.462000,0 days 02:29:51.170000,0 days 02:30:14.576000,281.0,277.0,322.0,313.0,False,HARD,21.0,True,Williams,0 days 02:28:54.367000,2026-08-23 14:35:37.144,1,13.0,False,,False,True
0 days 02:31:31.301000,ALB,23,0 days 00:01:18.350000,48.0,3.0,,,0 days 00:00:26.401000,0 days 00:00:28.586000,0 days 00:00:23.363000,0 days 02:30:40.977000,0 days 02:31:09.563000,0 days 02:31:32.926000,281.0,277.0,322.0,313.0,False,HARD,22.0,True,Williams,0 days 02:30:12.951000,2026-08-23 14:36:55.728,1,13.0,False,,False,True
0 days 02:32:52.710000,ALB,23,0 days 00:01:21.409000,49.0,3.0,,0 days 02:32:53.204000,0 days 00:00:26.430000,0 days 00:00:29.002000,0 days 00:00:25.977000,0 days 02:31:59.356000,0 days 02:32:28.358000,0 days 02:32:54.335000,280.0,284.0,,314.0,False,HARD,23.0,True,Williams,0 days 02:31:31.301000,2026-08-23 14:38:14.078,1,14.0,False,,False,False
0 days 02:34:26.841000,ALB,23,0 days 00:01:34.131000,50.0,4.0,0 days 02:33:10.606000,,0 days 00:00:43.032000,0 days 00:00:27.909000,0 days 00:00:23.190000,0 days 02:33:37.367000,0 days 02:34:05.276000,0 days 02:34:28.466000,283.0,279.0,319.0,314.0,False,MEDIUM,1.0,True,Williams,0 days 02:32:52.710000,2026-08-23 14:39:35.487,1,16.0,False,,False,False
0 days 02:35:43.988000,ALB,23,0 days 00:01:17.147000,51.0,4.0,,,0 days 00:00:26.259000,0 days 00:00:27.917000,0 days 00:00:22.971000,0 days 02:34:54.725000,0 days 02:35:22.642000,0 days 02:35:45.613000,280.0,276.0,319.0,308.0,True,MEDIUM,2.0,True,Williams,0 days 02:34:26.841000,2026-08-23 14:41:09.618,1,16.0,False,,False,True
0 days 02:37:01.280000,ALB,23,0 days 00:01:17.292000,52.0,4.0,,,0 days 00:00:26.132000,0 days 00:00:28.074000,0 days 00:00:23.086000,0 days 02:36:11.745000,0 days 02:36:39.819000,0 days 02:37:02.905000,281.0,277.0,320.0,306.0,False,MEDIUM,3.0,True,Williams,0 days 02:35:43.988000,2026-08-23 14:42:26.765,1,16.0,False,,False,True
0 days 02:38:29.215000,ALB,23,0 days 00:01:27.935000,53.0,4.0,,,0 days 00:00:26.165000,0 days 00:00:29.654000,0 days 00:00:32.116000,0 days 02:37:29.070000,0 days 02:37:58.724000,0 days 02:38:30.840000,281.0,104.0,250.0,310.0,False,MEDIUM,4.0,True,Williams,0 days 02:37:01.280000,2026-08-23 14:43:44.057,126,15.0,False,,False,False
0 days 02:40:12.389000,ALB,23,0 days 00:01:43.174000,54.0,4.0,,,0 days 00:00:36.542000,0 days 00:00:36.201000,0 days 00:00:30.431000,0 days 02:39:07.382000,0 days 02:39:43.583000,0 days 02:40:14.014000,248.0,200.0,228.0,214.0,False,MEDIUM,5.0,True,Williams,0 days 02:38:29.215000,2026-08-23 14:45:11.992,6,15.0,False,,False,False
0 days 02:41:56.359000,ALB,23,0 days 00:01:43.970000,55.0,4.0,,,0 days 00:00:37.072000,0 days 00:00:35.196000,0 days 00:00:31.702000,0 days 02:40:51.086000,0 days 02:41:26.282000,0 days 02:41:57.984000,237.0,187.0,229.0,167.0,False,MEDIUM,6.0,True,Williams,0 days 02:40:12.389000,2026-08-23 14:46:55.166,6,15.0,False,,False,False
0 days 02:43:16.258000,ALB,23,0 days 00:01:19.899000,56.0,4.0,,,0 days 00:00:29.642000,0 days 00:00:27.383000,0 days 00:00:22.874000,0 days 02:42:27.626000,0 days 02:42:55.009000,0 days 02:43:17.883000,296.0,290.0,321.0,185.0,False,MEDIUM,7.0,True,Williams,0 days 02:41:56.359000,2026-08-23 14:48:39.136,671,15.0,False,,False,False
0 days 02:44:33.550000,ALB,23,0 days 00:01:17.292000,57.0,4.0,,,0 days 00:00:26,0 days 00:00:27.773000,0 days 00:00:23.519000,0 days 02:43:43.883000,0 days 02:44:11.656000,0 days 02:44:35.175000,280.0,277.0,271.0,308.0,False,MEDIUM,8.0,True,Williams,0 days 02:43:16.258000,2026-08-23 14:49:59.035,1,15.0,False,,False,True
0 days 02:45:52.241000,ALB,23,0 days 00:01:18.691000,58.0,4.0,,,0 days 00:00:27.716000,0 days 00:00:28.016000,0 days 00:00:22.959000,0 days 02:45:02.891000,0 days 02:45:30.907000,0 days 02:45:53.866000,287.0,280.0,324.0,232.0,False,MEDIUM,9.0,True,Williams,0 days 02:44:33.550000,2026-08-23 14:51:16.327,1,15.0,False,,False,True
0 days 02:47:09.432000,ALB,23,0 days 00:01:17.191000,59.0,4.0,,,0 days 00:00:25.995000,0 days 00:00:28.107000,0 days 00:00:23.089000,0 days 02:46:19.861000,0 days 02:46:47.968000,0 days 02:47:11.057000,281.0,277.0,324.0,317.0,False,MEDIUM,10.0,True,Williams,0 days 02:45:52.241000,2026-08-23 14:52:35.018,1,14.0,False,,False,True
0 days 02:48:26.881000,ALB,23,0 days 00:01:17.449000,60.0,4.0,,,0 days 00:00:26.033000,0 days 00:00:28.330000,0 days 00:00:23.086000,0 days 02:47:37.090000,0 days 02:48:05.420000,0 days 02:48:28.506000,285.0,283.0,337.0,314.0,False,MEDIUM,11.0,True,Williams,0 days 02:47:09.432000,2026-08-23 14:53:52.209,1,14.0,False,,False,True
0 days 02:49:45.129000,ALB,23,0 days 00:01:18.248000,61.0,4.0,,,0 days 00:00:26.519000,0 days 00:00:28.437000,0 days 00:00:23.292000,0 days 02:48:55.025000,0 days 02:49:23.462000,0 days 02:49:46.754000,288.0,285.0,337.0,313.0,False,MEDIUM,12.0,True,Williams,0 days 02:48:26.881000,2026-08-23 14:55:09.658,1,14.0,False,,False,True
0 days 02:51:03.416000,ALB,23,0 days 00:01:18.287000,62.0,4.0,,,0 days 00:00:26.419000,0 days 00:00:28.418000,0 days 00:00:23.450000,0 days 02:50:13.173000,0 days 02:50:41.591000,0 days 02:51:05.041000,287.0,287.0,333.0,309.0,False,MEDIUM,13.0,True,Williams,0 days 02:49:45.129000,2026-08-23 14:56:27.906,1,14.0,False,,False,True
0 days 02:52:22.225000,ALB,23,0 days 00:01:18.809000,63.0,4.0,,,0 days 00:00:26.749000,0 days 00:00:28.591000,0 days 00:00:23.469000,0 days 02:51:31.790000,0 days 02:52:00.381000,0 days 02:52:23.850000,295.0,287.0,340.0,312.0,False,MEDIUM,14.0,True,Williams,0 days 02:51:03.416000,2026-08-23 14:57:46.193,1,14.0,False,,False,True
0 days 02:53:41.884000,ALB,23,0 days 00:01:19.659000,64.0,4.0,,,0 days 00:00:27.524000,0 days 00:00:28.774000,0 days 00:00:23.361000,0 days 02:52:51.374000,0 days 02:53:20.148000,0 days 02:53:43.509000,241.0,288.0,344.0,293.0,False,MEDIUM,15.0,True,Williams,0 days 02:52:22.225000,2026-08-23 14:59:05.002,1,14.0,False,,False,True
0 days 02:55:15.053000,ALB,23,0 days 00:01:33.169000,65.0,4.0,,,0 days 00:00:41.070000,0 days 00:00:28.643000,0 days 00:00:23.456000,0 days 02:54:24.579000,0 days 02:54:53.222000,0 days 02:55:16.678000,264.0,283.0,323.0,335.0,False,MEDIUM,16.0,True,Williams,0 days 02:53:41.884000,2026-08-23 15:00:24.661,1,15.0,True,TRACK LIMITS AT TURN 1 LAP 65 ,False,True
0 days 02:56:53.783000,ALB,23,0 days 00:01:38.730000,66.0,4.0,,0 days 02:56:53.911000,0 days 00:00:27.212000,0 days 00:00:38.591000,0 days 00:00:32.927000,0 days 02:55:43.890000,0 days 02:56:22.481000,0 days 02:56:55.408000,222.0,190.0,,311.0,False,MEDIUM,17.0,True,Williams,0 days 02:55:15.053000,2026-08-23 15:01:57.830,1,15.0,False,,False,False
0 days 00:58:19.923000,HUL,27,0 days 00:01:35.429000,1.0,1.0,,,,0 days 00:00:30,0 days 00:00:29.606000,,0 days 00:57:51.961000,0 days 00:58:21.591000,277.0,266.0,278.0,197.0,False,SOFT,4.0,False,Audi,0 days 00:56:45.791000,2026-08-23 13:03:28.568,12,12.0,False,,False,False
0 days 01:00:44.634000,HUL,27,0 days 00:02:24.711000,2.0,1.0,,0 days 01:00:43.238000,0 days 00:00:30.586000,0 days 00:00:46.694000,0 days 00:01:07.431000,0 days 00:58:52.113000,0 days 00:59:38.807000,0 days 01:00:46.238000,115.0,147.0,,226.0,False,SOFT,5.0,False,Audi,0 days 00:58:19.923000,2026-08-23 13:05:02.700,25,12.0,False,,False,False
0 days 01:30:11.937000,HUL,27,,3.0,2.0,0 days 01:27:06.236000,,,0 days 00:00:29.251000,,,0 days 01:28:06.075000,,260.0,229.0,56.0,226.0,False,SOFT,4.0,False,Audi,0 days 01:26:17.312000,2026-08-23 13:33:00.089,12,10.0,False,,False,False
0 days 01:32:59.534000,HUL,27,,4.0,2.0,,,0 days 00:00:41.842000,0 days 00:00:32.010000,0 days 00:01:33.872000,0 days 01:30:55.296000,0 days 01:31:27.419000,0 days 01:33:01.352000,212.0,227.0,63.0,142.0,False,SOFT,5.0,False,Audi,0 days 01:30:11.937000,2026-08-23 13:36:54.714,1,11.0,False,,False,False
0 days 01:34:23.180000,HUL,27,0 days 00:01:23.646000,5.0,2.0,,,0 days 00:00:30.700000,0 days 00:00:28.909000,0 days 00:00:24.037000,0 days 01:33:31.838000,0 days 01:34:00.747000,0 days 01:34:24.784000,273.0,285.0,325.0,217.0,False,SOFT,6.0,False,Audi,0 days 01:32:59.534000,2026-08-23 13:39:42.311,12,9.0,True,TRACK LIMITS AT TURN 3 LAP 5 ,False,True
0 days 01:35:42.011000,HUL,27,0 days 00:01:18.831000,6.0,2.0,,,0 days 00:00:26.929000,0 days 00:00:28.341000,0 days 00:00:23.561000,0 days 01:34:51.713000,0 days 01:35:20.054000,0 days 01:35:43.615000,276.0,278.0,325.0,283.0,True,SOFT,7.0,False,Audi,0 days 01:34:23.180000,2026-08-23 13:41:05.957,1,9.0,False,,False,True
0 days 01:37:00.809000,HUL,27,0 days 00:01:18.798000,7.0,2.0,,,0 days 00:00:26.874000,0 days 00:00:28.287000,0 days 00:00:23.637000,0 days 01:36:10.489000,0 days 01:36:38.776000,0 days 01:37:02.413000,277.0,280.0,323.0,298.0,True,SOFT,8.0,False,Audi,0 days 01:35:42.011000,2026-08-23 13:42:24.788,1,9.0,False,,False,True
0 days 01:38:19.522000,HUL,27,0 days 00:01:18.713000,8.0,2.0,,,0 days 00:00:26.987000,0 days 00:00:28.344000,0 days 00:00:23.382000,0 days 01:37:29.400000,0 days 01:37:57.744000,0 days 01:38:21.126000,276.0,274.0,320.0,298.0,True,SOFT,9.0,False,Audi,0 days 01:37:00.809000,2026-08-23 13:43:43.586,1,9.0,False,,False,True
0 days 01:39:38.054000,HUL,27,0 days 00:01:18.532000,9.0,2.0,,,0 days 00:00:26.757000,0 days 00:00:28.546000,0 days 00:00:23.229000,0 days 01:38:47.883000,0 days 01:39:16.429000,0 days 01:39:39.658000,270.0,272.0,320.0,300.0,True,SOFT,10.0,False,Audi,0 days 01:38:19.522000,2026-08-23 13:45:02.299,1,9.0,False,,False,True
0 days 01:40:56.609000,HUL,27,0 days 00:01:18.555000,10.0,2.0,,,0 days 00:00:26.713000,0 days 00:00:28.446000,0 days 00:00:23.396000,0 days 01:40:06.371000,0 days 01:40:34.817000,0 days 01:40:58.213000,271.0,267.0,320.0,302.0,False,SOFT,11.0,False,Audi,0 days 01:39:38.054000,2026-08-23 13:46:20.831,1,9.0,False,,False,True
0 days 01:42:15.079000,HUL,27,0 days 00:01:18.470000,11.0,2.0,,,0 days 00:00:26.531000,0 days 00:00:28.542000,0 days 00:00:23.397000,0 days 01:41:24.744000,0 days 01:41:53.286000,0 days 01:42:16.683000,273.0,272.0,324.0,306.0,True,SOFT,12.0,False,Audi,0 days 01:40:56.609000,2026-08-23 13:47:39.386,1,9.0,False,,False,True
0 days 01:43:33.539000,HUL,27,0 days 00:01:18.460000,12.0,2.0,,,0 days 00:00:26.405000,0 days 00:00:28.685000,0 days 00:00:23.370000,0 days 01:42:43.088000,0 days 01:43:11.773000,0 days 01:43:35.143000,277.0,277.0,331.0,301.0,True,SOFT,13.0,False,Audi,0 days 01:42:15.079000,2026-08-23 13:48:57.856,1,9.0,False,,False,True
0 days 01:44:52.853000,HUL,27,0 days 00:01:19.314000,13.0,2.0,,,0 days 00:00:26.900000,0 days 00:00:28.939000,0 days 00:00:23.475000,0 days 01:44:02.043000,0 days 01:44:30.982000,0 days 01:44:54.457000,274.0,275.0,305.0,307.0,False,SOFT,14.0,False,Audi,0 days 01:43:33.539000,2026-08-23 13:50:16.316,1,9.0,False,,False,True
0 days 01:46:12.206000,HUL,27,0 days 00:01:19.353000,14.0,2.0,,,0 days 00:00:26.862000,0 days 00:00:29.062000,0 days 00:00:23.429000,0 days 01:45:21.319000,0 days 01:45:50.381000,0 days 01:46:13.810000,272.0,271.0,307.0,297.0,False,SOFT,15.0,False,Audi,0 days 01:44:52.853000,2026-08-23 13:51:35.630,1,9.0,False,,False,True
0 days 01:47:30.932000,HUL,27,0 days 00:01:18.726000,15.0,2.0,,,0 days 00:00:26.600000,0 days 00:00:28.721000,0 days 00:00:23.405000,0 days 01:46:40.410000,0 days 01:47:09.131000,0 days 01:47:32.536000,273.0,272.0,308.0,298.0,False,SOFT,16.0,False,Audi,0 days 01:46:12.206000,2026-08-23 13:52:54.983,1,9.0,False,,False,True
0 days 01:48:49.500000,HUL,27,0 days 00:01:18.568000,16.0,2.0,,,0 days 00:00:26.543000,0 days 00:00:28.623000,0 days 00:00:23.402000,0 days 01:47:59.079000,0 days 01:48:27.702000,0 days 01:48:51.104000,275.0,273.0,315.0,297.0,False,SOFT,17.0,False,Audi,0 days 01:47:30.932000,2026-08-23 13:54:13.709,1,9.0,False,,False,True
0 days 01:50:08.165000,HUL,27,0 days 00:01:18.665000,17.0,2.0,,,0 days 00:00:26.469000,0 days 00:00:28.748000,0 days 00:00:23.448000,0 days 01:49:17.573000,0 days 01:49:46.321000,0 days 01:50:09.769000,272.0,273.0,320.0,306.0,False,SOFT,18.0,False,Audi,0 days 01:48:49.500000,2026-08-23 13:55:32.277,1,9.0,False,,False,True
0 days 01:51:27.226000,HUL,27,0 days 00:01:19.061000,18.0,2.0,,,0 days 00:00:26.675000,0 days 00:00:28.818000,0 days 00:00:23.568000,0 days 01:50:36.444000,0 days 01:51:05.262000,0 days 01:51:28.830000,273.0,277.0,330.0,305.0,False,SOFT,19.0,False,Audi,0 days 01:50:08.165000,2026-08-23 13:56:50.942,1,8.0,False,,False,True
0 days 01:52:49.276000,HUL,27,0 days 00:01:22.050000,19.0,2.0,,0 days 01:52:49.812000,0 days 00:00:26.832000,0 days 00:00:28.717000,0 days 00:00:26.501000,0 days 01:51:55.662000,0 days 01:52:24.379000,0 days 01:52:50.880000,274.0,274.0,,316.0,False,SOFT,20.0,False,Audi,0 days 01:51:27.226000,2026-08-23 13:58:10.003,1,8.0,False,,False,False
0 days 01:54:22.868000,HUL,27,0 days 00:01:33.592000,20.0,3.0,0 days 01:53:06.688000,,0 days 00:00:42.116000,0 days 00:00:27.987000,0 days 00:00:23.489000,0 days 01:53:32.996000,0 days 01:54:00.983000,0 days 01:54:24.472000,281.0,264.0,338.0,316.0,False,SOFT,1.0,True,Audi,0 days 01:52:49.276000,2026-08-23 13:59:32.053,1,13.0,False,,False,False
0 days 01:55:41.639000,HUL,27,0 days 00:01:18.771000,21.0,3.0,,,0 days 00:00:26.851000,0 days 00:00:27.936000,0 days 00:00:23.984000,0 days 01:54:51.323000,0 days 01:55:19.259000,0 days 01:55:43.243000,267.0,299.0,317.0,295.0,False,SOFT,2.0,True,Audi,0 days 01:54:22.868000,2026-08-23 14:01:05.645,1,13.0,False,,False,True
0 days 01:57:00.615000,HUL,27,0 days 00:01:18.976000,22.0,3.0,,,0 days 00:00:27.076000,0 days 00:00:28.251000,0 days 00:00:23.649000,0 days 01:56:10.319000,0 days 01:56:38.570000,0 days 01:57:02.219000,263.0,267.0,325.0,294.0,False,SOFT,3.0,True,Audi,0 days 01:55:41.639000,2026-08-23 14:02:24.416,1,13.0,False,,False,True
0 days 01:58:19.916000,HUL,27,0 days 00:01:19.301000,23.0,3.0,,,0 days 00:00:26.864000,0 days 00:00:28.343000,0 days 00:00:24.094000,0 days 01:57:29.083000,0 days 01:57:57.426000,0 days 01:58:21.520000,271.0,283.0,318.0,280.0,False,SOFT,4.0,True,Audi,0 days 01:57:00.615000,2026-08-23 14:03:43.392,1,13.0,False,,False,True
0 days 01:59:39.820000,HUL,27,0 days 00:01:19.904000,24.0,3.0,,,0 days 00:00:27.129000,0 days 00:00:28.188000,0 days 00:00:24.587000,0 days 01:58:48.649000,0 days 01:59:16.837000,0 days 01:59:41.424000,274.0,299.0,323.0,286.0,False,SOFT,5.0,True,Audi,0 days 01:58:19.916000,2026-08-23 14:05:02.693,1,13.0,False,,False,True
0 days 02:00:58.951000,HUL,27,0 days 00:01:19.131000,25.0,3.0,,,0 days 00:00:26.757000,0 days 00:00:28.432000,0 days 00:00:23.942000,0 days 02:00:08.181000,0 days 02:00:36.613000,0 days 02:01:00.555000,274.0,274.0,320.0,298.0,False,SOFT,6.0,True,Audi,0 days 01:59:39.820000,2026-08-23 14:06:22.597,1,12.0,False,,False,True
0 days 02:02:18.480000,HUL,27,0 days 00:01:19.529000,26.0,3.0,,,0 days 00:00:26.960000,0 days 00:00:28.879000,0 days 00:00:23.690000,0 days 02:01:27.515000,0 days 02:01:56.394000,0 days 02:02:20.084000,275.0,281.0,338.0,302.0,False,SOFT,7.0,True,Audi,0 days 02:00:58.951000,2026-08-23 14:07:41.728,1,11.0,False,,False,True
0 days 02:03:37.851000,HUL,27,0 days 00:01:19.371000,27.0,3.0,,,0 days 00:00:26.727000,0 days 00:00:28.565000,0 days 00:00:24.079000,0 days 02:02:46.811000,0 days 02:03:15.376000,0 days 02:03:39.455000,280.0,275.0,314.0,312.0,False,SOFT,8.0,True,Audi,0 days 02:02:18.480000,2026-08-23 14:09:01.257,1,9.0,False,,False,True
0 days 02:04:57.205000,HUL,27,0 days 00:01:19.354000,28.0,3.0,,,0 days 00:00:26.823000,0 days 00:00:28.631000,0 days 00:00:23.900000,0 days 02:04:06.278000,0 days 02:04:34.909000,0 days 02:04:58.809000,273.0,282.0,337.0,297.0,False,SOFT,9.0,True,Audi,0 days 02:03:37.851000,2026-08-23 14:10:20.628,1,9.0,False,,False,True
0 days 02:06:14.823000,HUL,27,0 days 00:01:17.618000,29.0,3.0,,,0 days 00:00:26.604000,0 days 00:00:27.822000,0 days 00:00:23.192000,0 days 02:05:25.413000,0 days 02:05:53.235000,0 days 02:06:16.427000,268.0,271.0,315.0,295.0,True,SOFT,10.0,True,Audi,0 days 02:04:57.205000,2026-08-23 14:11:39.982,1,9.0,False,,False,True
0 days 02:07:32.311000,HUL,27,0 days 00:01:17.488000,30.0,3.0,,,0 days 00:00:26.485000,0 days 00:00:27.760000,0 days 00:00:23.243000,0 days 02:06:42.912000,0 days 02:07:10.672000,0 days 02:07:33.915000,269.0,269.0,304.0,297.0,True,SOFT,11.0,True,Audi,0 days 02:06:14.823000,2026-08-23 14:12:57.600,1,9.0,False,,False,True
0 days 02:08:49.590000,HUL,27,0 days 00:01:17.279000,31.0,3.0,,,0 days 00:00:26.320000,0 days 00:00:27.798000,0 days 00:00:23.161000,0 days 02:08:00.235000,0 days 02:08:28.033000,0 days 02:08:51.194000,272.0,270.0,318.0,295.0,True,SOFT,12.0,True,Audi,0 days 02:07:32.311000,2026-08-23 14:14:15.088,1,9.0,False,,False,True
0 days 02:10:06.868000,HUL,27,0 days 00:01:17.278000,32.0,3.0,,,0 days 00:00:26.192000,0 days 00:00:27.995000,0 days 00:00:23.091000,0 days 02:09:17.386000,0 days 02:09:45.381000,0 days 02:10:08.472000,267.0,270.0,318.0,310.0,True,SOFT,13.0,True,Audi,0 days 02:08:49.590000,2026-08-23 14:15:32.367,1,9.0,False,,False,True
0 days 02:11:24.112000,HUL,27,0 days 00:01:17.244000,33.0,3.0,,,0 days 00:00:26.214000,0 days 00:00:27.960000,0 days 00:00:23.070000,0 days 02:10:34.686000,0 days 02:11:02.646000,0 days 02:11:25.716000,269.0,271.0,319.0,304.0,True,SOFT,14.0,True,Audi,0 days 02:10:06.868000,2026-08-23 14:16:49.645,1,9.0,False,,False,True
0 days 02:12:42.029000,HUL,27,0 days 00:01:17.917000,34.0,3.0,,,0 days 00:00:26.309000,0 days 00:00:28.286000,0 days 00:00:23.322000,0 days 02:11:52.025000,0 days 02:12:20.311000,0 days 02:12:43.633000,270.0,273.0,312.0,304.0,False,SOFT,15.0,True,Audi,0 days 02:11:24.112000,2026-08-23 14:18:06.889,1,8.0,False,,False,True
0 days 02:13:59.425000,HUL,27,0 days 00:01:17.396000,35.0,3.0,,,0 days 00:00:26.250000,0 days 00:00:27.903000,0 days 00:00:23.243000,0 days 02:13:09.883000,0 days 02:13:37.786000,0 days 02:14:01.029000,273.0,276.0,315.0,295.0,False,SOFT,16.0,True,Audi,0 days 02:12:42.029000,2026-08-23 14:19:24.806,1,8.0,False,,False,True
0 days 02:15:17.092000,HUL,27,0 days 00:01:17.667000,36.0,3.0,,,0 days 00:00:26.349000,0 days 00:00:28.153000,0 days 00:00:23.165000,0 days 02:14:27.378000,0 days 02:14:55.531000,0 days 02:15:18.696000,271.0,272.0,306.0,302.0,False,SOFT,17.0,True,Audi,0 days 02:13:59.425000,2026-08-23 14:20:42.202,1,8.0,False,,False,True
0 days 02:16:34.755000,HUL,27,0 days 00:01:17.663000,37.0,3.0,,,0 days 00:00:26.332000,0 days 00:00:28.134000,0 days 00:00:23.197000,0 days 02:15:45.028000,0 days 02:16:13.162000,0 days 02:16:36.359000,272.0,274.0,317.0,295.0,False,SOFT,18.0,True,Audi,0 days 02:15:17.092000,2026-08-23 14:21:59.869,1,8.0,False,,False,True
0 days 02:17:52.440000,HUL,27,0 days 00:01:17.685000,38.0,3.0,,,0 days 00:00:26.230000,0 days 00:00:28.163000,0 days 00:00:23.292000,0 days 02:17:02.589000,0 days 02:17:30.752000,0 days 02:17:54.044000,269.0,269.0,317.0,305.0,False,SOFT,19.0,True,Audi,0 days 02:16:34.755000,2026-08-23 14:23:17.532,1,8.0,False,,False,True
0 days 02:19:09.873000,HUL,27,0 days 00:01:17.433000,39.0,3.0,,,0 days 00:00:26.214000,0 days 00:00:28.156000,0 days 00:00:23.063000,0 days 02:18:20.258000,0 days 02:18:48.414000,0 days 02:19:11.477000,269.0,269.0,316.0,300.0,False,SOFT,20.0,True,Audi,0 days 02:17:52.440000,2026-08-23 14:24:35.217,1,8.0,False,,False,True
0 days 02:20:27.833000,HUL,27,0 days 00:01:17.960000,40.0,3.0,,,0 days 00:00:26.483000,0 days 00:00:28.222000,0 days 00:00:23.255000,0 days 02:19:37.960000,0 days 02:20:06.182000,0 days 02:20:29.437000,267.0,270.0,304.0,302.0,False,SOFT,21.0,True,Audi,0 days 02:19:09.873000,2026-08-23 14:25:52.650,1,8.0,True,TRACK LIMITS AT TURN 3 LAP 40 ,False,True
0 days 02:21:45.730000,HUL,27,0 days 00:01:17.897000,41.0,3.0,,,0 days 00:00:26.462000,0 days 00:00:28.137000,0 days 00:00:23.298000,0 days 02:20:55.899000,0 days 02:21:24.036000,0 days 02:21:47.334000,271.0,272.0,305.0,293.0,False,SOFT,22.0,True,Audi,0 days 02:20:27.833000,2026-08-23 14:27:10.610,1,8.0,False,,False,True
0 days 02:23:03.522000,HUL,27,0 days 00:01:17.792000,42.0,3.0,,,0 days 00:00:26.355000,0 days 00:00:28.296000,0 days 00:00:23.141000,0 days 02:22:13.689000,0 days 02:22:41.985000,0 days 02:23:05.126000,272.0,272.0,306.0,294.0,False,SOFT,23.0,True,Audi,0 days 02:21:45.730000,2026-08-23 14:28:28.507,1,8.0,False,,False,True
0 days 02:24:21.413000,HUL,27,0 days 00:01:17.891000,43.0,3.0,,,0 days 00:00:26.346000,0 days 00:00:28.299000,0 days 00:00:23.246000,0 days 02:23:31.472000,0 days 02:23:59.771000,0 days 02:24:23.017000,272.0,273.0,307.0,296.0,False,SOFT,24.0,True,Audi,0 days 02:23:03.522000,2026-08-23 14:29:46.299,1,8.0,False,,False,True
0 days 02:25:39.381000,HUL,27,0 days 00:01:17.968000,44.0,3.0,,,0 days 00:00:26.479000,0 days 00:00:28.216000,0 days 00:00:23.273000,0 days 02:24:49.496000,0 days 02:25:17.712000,0 days 02:25:40.985000,273.0,272.0,310.0,296.0,False,SOFT,25.0,True,Audi,0 days 02:24:21.413000,2026-08-23 14:31:04.190,1,8.0,False,,False,True
0 days 02:26:57.170000,HUL,27,0 days 00:01:17.789000,45.0,3.0,,,0 days 00:00:26.458000,0 days 00:00:28.115000,0 days 00:00:23.216000,0 days 02:26:07.443000,0 days 02:26:35.558000,0 days 02:26:58.774000,277.0,276.0,308.0,298.0,False,SOFT,26.0,True,Audi,0 days 02:25:39.381000,2026-08-23 14:32:22.158,1,8.0,False,,False,True
0 days 02:28:14.996000,HUL,27,0 days 00:01:17.826000,46.0,3.0,,,0 days 00:00:26.325000,0 days 00:00:28.258000,0 days 00:00:23.243000,0 days 02:27:25.099000,0 days 02:27:53.357000,0 days 02:28:16.600000,276.0,274.0,307.0,296.0,False,SOFT,27.0,True,Audi,0 days 02:26:57.170000,2026-08-23 14:33:39.947,1,8.0,False,,False,True
0 days 02:29:33.127000,HUL,27,0 days 00:01:18.131000,47.0,3.0,,,0 days 00:00:26.441000,0 days 00:00:28.321000,0 days 00:00:23.369000,0 days 02:28:43.041000,0 days 02:29:11.362000,0 days 02:29:34.731000,278.0,273.0,307.0,295.0,False,SOFT,28.0,True,Audi,0 days 02:28:14.996000,2026-08-23 14:34:57.773,1,8.0,False,,False,True
0 days 02:30:54.163000,HUL,27,0 days 00:01:21.036000,48.0,3.0,,0 days 02:30:54.552000,0 days 00:00:26.344000,0 days 00:00:28.442000,0 days 00:00:26.250000,0 days 02:30:01.075000,0 days 02:30:29.517000,0 days 02:30:55.767000,276.0,276.0,,297.0,False,SOFT,29.0,True,Audi,0 days 02:29:33.127000,2026-08-23 14:36:15.904,1,8.0,False,,False,False
0 days 02:32:27.527000,HUL,27,0 days 00:01:33.364000,49.0,4.0,0 days 02:31:12.252000,,0 days 00:00:42.609000,0 days 00:00:27.785000,0 days 00:00:22.970000,0 days 02:31:38.376000,0 days 02:32:06.161000,0 days 02:32:29.131000,286.0,283.0,312.0,297.0,False,HARD,1.0,True,Audi,0 days 02:30:54.163000,2026-08-23 14:37:36.940,1,8.0,False,,False,False
0 days 02:33:44.409000,HUL,27,0 days 00:01:16.882000,50.0,4.0,,,0 days 00:00:26.132000,0 days 00:00:27.730000,0 days 00:00:23.020000,0 days 02:32:55.263000,0 days 02:33:22.993000,0 days 02:33:46.013000,275.0,276.0,309.0,300.0,True,HARD,2.0,True,Audi,0 days 02:32:27.527000,2026-08-23 14:39:10.304,1,8.0,False,,False,True
0 days 02:35:02.872000,HUL,27,0 days 00:01:18.463000,51.0,4.0,,,0 days 00:00:26.082000,0 days 00:00:28.703000,0 days 00:00:23.678000,0 days 02:34:12.095000,0 days 02:34:40.798000,0 days 02:35:04.476000,275.0,221.0,327.0,296.0,False,HARD,3.0,True,Audi,0 days 02:33:44.409000,2026-08-23 14:40:27.186,1,8.0,False,,False,True
0 days 02:36:21.112000,HUL,27,0 days 00:01:18.240000,52.0,4.0,,,0 days 00:00:26.144000,0 days 00:00:29.005000,0 days 00:00:23.091000,0 days 02:35:30.620000,0 days 02:35:59.625000,0 days 02:36:22.716000,282.0,286.0,315.0,306.0,False,HARD,4.0,True,Audi,0 days 02:35:02.872000,2026-08-23 14:41:45.649,1,8.0,False,,False,True
0 days 02:37:38.052000,HUL,27,0 days 00:01:16.940000,53.0,4.0,,,0 days 00:00:26.167000,0 days 00:00:27.883000,0 days 00:00:22.890000,0 days 02:36:48.883000,0 days 02:37:16.766000,0 days 02:37:39.656000,278.0,277.0,312.0,302.0,False,HARD,5.0,True,Audi,0 days 02:36:21.112000,2026-08-23 14:43:03.889,12,8.0,False,,False,True
0 days 02:39:18.991000,HUL,27,0 days 00:01:40.939000,54.0,4.0,,,0 days 00:00:31.994000,0 days 00:00:37.513000,0 days 00:00:31.432000,0 days 02:38:11.650000,0 days 02:38:49.163000,0 days 02:39:20.595000,209.0,168.0,269.0,301.0,False,HARD,6.0,True,Audi,0 days 02:37:38.052000,2026-08-23 14:44:20.829,26,8.0,False,,False,False
0 days 02:41:01.550000,HUL,27,0 days 00:01:42.559000,55.0,4.0,,,0 days 00:00:35.241000,0 days 00:00:35.215000,0 days 00:00:32.103000,0 days 02:39:55.836000,0 days 02:40:31.051000,0 days 02:41:03.154000,214.0,227.0,212.0,233.0,False,HARD,7.0,True,Audi,0 days 02:39:18.991000,2026-08-23 14:46:01.768,6,8.0,False,,False,False
0 days 02:42:35.675000,HUL,27,0 days 00:01:34.125000,56.0,4.0,,,0 days 00:00:33.793000,0 days 00:00:37.102000,0 days 00:00:23.230000,0 days 02:41:36.947000,0 days 02:42:14.049000,0 days 02:42:37.279000,249.0,266.0,316.0,266.0,False,HARD,8.0,True,Audi,0 days 02:41:01.550000,2026-08-23 14:47:44.327,671,8.0,False,,False,False
0 days 02:43:54.664000,HUL,27,0 days 00:01:18.989000,57.0,4.0,,,0 days 00:00:26.277000,0 days 00:00:29.199000,0 days 00:00:23.513000,0 days 02:43:03.556000,0 days 02:43:32.755000,0 days 02:43:56.268000,238.0,247.0,325.0,301.0,False,HARD,9.0,True,Audi,0 days 02:42:35.675000,2026-08-23 14:49:18.452,1,8.0,False,,False,True
0 days 02:45:11.025000,HUL,27,0 days 00:01:16.361000,58.0,4.0,,,0 days 00:00:26.001000,0 days 00:00:27.450000,0 days 00:00:22.910000,0 days 02:44:22.269000,0 days 02:44:49.719000,0 days 02:45:12.629000,283.0,281.0,311.0,308.0,True,HARD,10.0,True,Audi,0 days 02:43:54.664000,2026-08-23 14:50:37.441,1,8.0,False,,False,True
0 days 02:46:27.437000,HUL,27,0 days 00:01:16.412000,59.0,4.0,,,0 days 00:00:26.018000,0 days 00:00:27.441000,0 days 00:00:22.953000,0 days 02:45:38.647000,0 days 02:46:06.088000,0 days 02:46:29.041000,278.0,278.0,311.0,300.0,False,HARD,11.0,True,Audi,0 days 02:45:11.025000,2026-08-23 14:51:53.802,1,8.0,False,,False,True
0 days 02:47:45.571000,HUL,27,0 days 00:01:18.134000,60.0,4.0,,,0 days 00:00:26.365000,0 days 00:00:28.612000,0 days 00:00:23.157000,0 days 02:46:55.406000,0 days 02:47:24.018000,0 days 02:47:47.175000,249.0,283.0,310.0,302.0,False,HARD,12.0,True,Audi,0 days 02:46:27.437000,2026-08-23 14:53:10.214,1,8.0,False,,False,True
0 days 02:49:01.636000,HUL,27,0 days 00:01:16.065000,61.0,4.0,,,0 days 00:00:26.077000,0 days 00:00:27.273000,0 days 00:00:22.715000,0 days 02:48:13.252000,0 days 02:48:40.525000,0 days 02:49:03.240000,276.0,278.0,308.0,300.0,True,HARD,13.0,True,Audi,0 days 02:47:45.571000,2026-08-23 14:54:28.348,1,8.0,False,,False,True
0 days 02:50:17.684000,HUL,27,0 days 00:01:16.048000,62.0,4.0,,,0 days 00:00:25.983000,0 days 00:00:27.319000,0 days 00:00:22.746000,0 days 02:49:29.223000,0 days 02:49:56.542000,0 days 02:50:19.288000,275.0,277.0,308.0,298.0,True,HARD,14.0,True,Audi,0 days 02:49:01.636000,2026-08-23 14:55:44.413,1,8.0,False,,False,True
0 days 02:51:33.736000,HUL,27,0 days 00:01:16.052000,63.0,4.0,,,0 days 00:00:25.920000,0 days 00:00:27.382000,0 days 00:00:22.750000,0 days 02:50:45.208000,0 days 02:51:12.590000,0 days 02:51:35.340000,274.0,276.0,309.0,298.0,False,HARD,15.0,True,Audi,0 days 02:50:17.684000,2026-08-23 14:57:00.461,1,8.0,False,,False,True
0 days 02:52:49.931000,HUL,27,0 days 00:01:16.195000,64.0,4.0,,,0 days 00:00:26.009000,0 days 00:00:27.356000,0 days 00:00:22.830000,0 days 02:52:01.349000,0 days 02:52:28.705000,0 days 02:52:51.535000,277.0,277.0,311.0,298.0,False,HARD,16.0,True,Audi,0 days 02:51:33.736000,2026-08-23 14:58:16.513,1,8.0,False,,False,True
0 days 02:54:06.065000,HUL,27,0 days 00:01:16.134000,65.0,4.0,,,0 days 00:00:25.993000,0 days 00:00:27.236000,0 days 00:00:22.905000,0 days 02:53:17.528000,0 days 02:53:44.764000,0 days 02:54:07.669000,278.0,277.0,311.0,300.0,False,HARD,17.0,True,Audi,0 days 02:52:49.931000,2026-08-23 14:59:32.708,1,8.0,False,,False,True
0 days 02:55:22.666000,HUL,27,0 days 00:01:16.601000,66.0,4.0,,,0 days 00:00:26.123000,0 days 00:00:27.520000,0 days 00:00:22.958000,0 days 02:54:33.792000,0 days 02:55:01.312000,0 days 02:55:24.270000,278.0,277.0,311.0,298.0,False,HARD,18.0,True,Audi,0 days 02:54:06.065000,2026-08-23 15:00:48.842,1,8.0,False,,False,True
0 days 02:56:39.439000,HUL,27,0 days 00:01:16.773000,67.0,4.0,,,0 days 00:00:26.185000,0 days 00:00:27.669000,0 days 00:00:22.919000,0 days 02:55:50.455000,0 days 02:56:18.124000,0 days 02:56:41.043000,278.0,277.0,310.0,300.0,False,HARD,19.0,True,Audi,0 days 02:55:22.666000,2026-08-23 15:02:05.443,1,8.0,False,,False,True
0 days 02:58:03.619000,HUL,27,0 days 00:01:24.180000,68.0,4.0,,,0 days 00:00:25.987000,0 days 00:00:27.501000,0 days 00:00:30.692000,0 days 02:57:07.030000,0 days 02:57:34.531000,0 days 02:58:05.223000,279.0,276.0,270.0,299.0,False,HARD,20.0,True,Audi,0 days 02:56:39.439000,2026-08-23 15:03:22.216,16,8.0,False,,False,False
0 days 02:59:30.748000,HUL,27,0 days 00:01:27.129000,69.0,4.0,,,0 days 00:00:35.544000,0 days 00:00:28.477000,0 days 00:00:23.108000,0 days 02:58:40.767000,0 days 02:59:09.244000,0 days 02:59:32.352000,229.0,281.0,289.0,243.0,False,HARD,21.0,True,Audi,0 days 02:58:03.619000,2026-08-23 15:04:46.396,671,8.0,False,,False,False
0 days 03:00:49.045000,HUL,27,0 days 00:01:18.297000,70.0,4.0,,,0 days 00:00:27.720000,0 days 00:00:27.649000,0 days 00:00:22.928000,0 days 03:00:00.072000,0 days 03:00:27.721000,0 days 03:00:50.649000,292.0,284.0,317.0,218.0,False,HARD,22.0,True,Audi,0 days 02:59:30.748000,2026-08-23 15:06:13.525,1,8.0,False,,False,True
0 days 03:02:05.362000,HUL,27,0 days 00:01:16.317000,71.0,4.0,,,0 days 00:00:25.921000,0 days 00:00:27.451000,0 days 00:00:22.945000,0 days 03:01:16.570000,0 days 03:01:44.021000,0 days 03:02:06.966000,280.0,279.0,294.0,300.0,False,HARD,23.0,True,Audi,0 days 03:00:49.045000,2026-08-23 15:07:31.822,1,8.0,False,,False,True
0 days 00:58:08.742000,VER,3,,1.0,1.0,,,,,,,,,,,,,False,SOFT,1.0,True,Red Bull Racing,0 days 00:56:45.791000,2026-08-23 13:03:28.568,1,,False,,True,False
0 days 00:58:15.021000,LAW,30,0 days 00:01:30.598000,1.0,1.0,,,,0 days 00:00:28.808000,0 days 00:00:27.475000,,0 days 00:57:49.368000,0 days 00:58:16.647000,281.0,278.0,305.0,205.0,False,SOFT,4.0,False,Red Bull Racing,0 days 00:56:45.791000,2026-08-23 13:03:28.568,12,7.0,False,,False,False
0 days 01:00:28.195000,LAW,30,0 days 00:02:13.174000,2.0,1.0,,0 days 01:00:28.072000,0 days 00:00:27.953000,0 days 00:00:46.317000,0 days 00:00:58.904000,0 days 00:58:44.600000,0 days 00:59:30.917000,0 days 01:00:29.821000,285.0,136.0,,256.0,False,SOFT,5.0,False,Red Bull Racing,0 days 00:58:15.021000,2026-08-23 13:04:57.798,25,7.0,False,,False,False
0 days 01:29:46.650000,LAW,30,,3.0,2.0,0 days 01:26:44.951000,,,0 days 00:00:30.075000,,,0 days 01:27:49.919000,,235.0,212.0,1.0,256.0,False,SOFT,1.0,False,Red Bull Racing,0 days 01:26:17.312000,2026-08-23 13:33:00.089,12,7.0,False,,False,False
0 days 01:32:48.241000,LAW,30,,4.0,2.0,,,0 days 00:00:57.466000,0 days 00:00:31.970000,0 days 00:01:32.535000,0 days 01:30:45.417000,0 days 01:31:17.435000,0 days 01:32:50.300000,241.0,190.0,2.0,111.0,False,SOFT,2.0,False,Red Bull Racing,0 days 01:29:46.650000,2026-08-23 13:36:29.427,21,7.0,False,,False,False
0 days 01:34:21.893000,LAW,30,0 days 00:01:33.652000,5.0,2.0,,,0 days 00:00:40.858000,0 days 00:00:28.869000,0 days 00:00:23.925000,0 days 01:33:30.725000,0 days 01:33:59.594000,0 days 01:34:23.519000,281.0,276.0,304.0,229.0,True,SOFT,3.0,False,Red Bull Racing,0 days 01:32:48.241000,2026-08-23 13:39:31.018,12,7.0,False,,False,True
0 days 01:35:40.540000,LAW,30,0 days 00:01:18.647000,6.0,2.0,,,0 days 00:00:26.918000,0 days 00:00:28.239000,0 days 00:00:23.490000,0 days 01:34:50.437000,0 days 01:35:18.676000,0 days 01:35:42.166000,280.0,274.0,319.0,290.0,True,SOFT,4.0,False,Red Bull Racing,0 days 01:34:21.893000,2026-08-23 13:41:04.670,1,7.0,False,,False,True
0 days 01:36:58.628000,LAW,30,0 days 00:01:18.088000,7.0,2.0,,,0 days 00:00:26.604000,0 days 00:00:28.103000,0 days 00:00:23.381000,0 days 01:36:08.770000,0 days 01:36:36.873000,0 days 01:37:00.254000,281.0,273.0,319.0,291.0,True,SOFT,5.0,False,Red Bull Racing,0 days 01:35:40.540000,2026-08-23 13:42:23.317,1,7.0,False,,False,True
0 days 01:38:16.389000,LAW,30,0 days 00:01:17.761000,8.0,2.0,,,0 days 00:00:26.414000,0 days 00:00:28.063000,0 days 00:00:23.284000,0 days 01:37:26.668000,0 days 01:37:54.731000,0 days 01:38:18.015000,284.0,273.0,321.0,295.0,True,SOFT,6.0,False,Red Bull Racing,0 days 01:36:58.628000,2026-08-23 13:43:41.405,1,7.0,False,,False,True
0 days 01:39:34.015000,LAW,30,0 days 00:01:17.626000,9.0,2.0,,,0 days 00:00:26.274000,0 days 00:00:28.085000,0 days 00:00:23.267000,0 days 01:38:44.289000,0 days 01:39:12.374000,0 days 01:39:35.641000,282.0,273.0,316.0,299.0,True,SOFT,7.0,False,Red Bull Racing,0 days 01:38:16.389000,2026-08-23 13:44:59.166,1,7.0,False,,False,True
0 days 01:40:51.803000,LAW,30,0 days 00:01:17.788000,10.0,2.0,,,0 days 00:00:26.432000,0 days 00:00:28.097000,0 days 00:00:23.259000,0 days 01:40:02.073000,0 days 01:40:30.170000,0 days 01:40:53.429000,285.0,273.0,322.0,297.0,False,SOFT,8.0,False,Red Bull Racing,0 days 01:39:34.015000,2026-08-23 13:46:16.792,1,7.0,False,,False,True
0 days 01:42:09.708000,LAW,30,0 days 00:01:17.905000,11.0,2.0,,,0 days 00:00:26.372000,0 days 00:00:28.204000,0 days 00:00:23.329000,0 days 01:41:19.801000,0 days 01:41:48.005000,0 days 01:42:11.334000,284.0,272.0,315.0,303.0,False,SOFT,9.0,False,Red Bull Racing,0 days 01:40:51.803000,2026-08-23 13:47:34.580,1,7.0,False,,False,True
0 days 01:43:27.693000,LAW,30,0 days 00:01:17.985000,12.0,2.0,,,0 days 00:00:26.425000,0 days 00:00:28.240000,0 days 00:00:23.320000,0 days 01:42:37.759000,0 days 01:43:05.999000,0 days 01:43:29.319000,283.0,271.0,320.0,293.0,False,SOFT,10.0,False,Red Bull Racing,0 days 01:42:09.708000,2026-08-23 13:48:52.485,1,7.0,False,,False,True
0 days 01:44:45.582000,LAW,30,0 days 00:01:17.889000,13.0,2.0,,,0 days 00:00:26.395000,0 days 00:00:28.260000,0 days 00:00:23.234000,0 days 01:43:55.714000,0 days 01:44:23.974000,0 days 01:44:47.208000,284.0,272.0,319.0,304.0,False,SOFT,11.0,False,Red Bull Racing,0 days 01:43:27.693000,2026-08-23 13:50:10.470,1,7.0,False,,False,True
0 days 01:46:03.934000,LAW,30,0 days 00:01:18.352000,14.0,2.0,,,0 days 00:00:26.553000,0 days 00:00:28.285000,0 days 00:00:23.514000,0 days 01:45:13.761000,0 days 01:45:42.046000,0 days 01:46:05.560000,282.0,270.0,318.0,300.0,False,SOFT,12.0,False,Red Bull Racing,0 days 01:44:45.582000,2026-08-23 13:51:28.359,1,7.0,False,,False,True
0 days 01:47:21.901000,LAW,30,0 days 00:01:17.967000,15.0,2.0,,,0 days 00:00:26.332000,0 days 00:00:28.191000,0 days 00:00:23.444000,0 days 01:46:31.892000,0 days 01:47:00.083000,0 days 01:47:23.527000,284.0,272.0,313.0,294.0,False,SOFT,13.0,False,Red Bull Racing,0 days 01:46:03.934000,2026-08-23 13:52:46.711,1,7.0,False,,False,True
0 days 01:48:40.272000,LAW,30,0 days 00:01:18.371000,16.0,2.0,,,0 days 00:00:26.596000,0 days 00:00:28.325000,0 days 00:00:23.450000,0 days 01:47:50.123000,0 days 01:48:18.448000,0 days 01:48:41.898000,285.0,272.0,318.0,295.0,False,SOFT,14.0,False,Red Bull Racing,0 days 01:47:21.901000,2026-08-23 13:54:04.678,1,7.0,False,,False,True
0 days 01:49:58.506000,LAW,30,0 days 00:01:18.234000,17.0,2.0,,,0 days 00:00:26.430000,0 days 00:00:28.336000,0 days 00:00:23.468000,0 days 01:49:08.328000,0 days 01:49:36.664000,0 days 01:50:00.132000,283.0,273.0,313.0,298.0,False,SOFT,15.0,False,Red Bull Racing,0 days 01:48:40.272000,2026-08-23 13:55:23.049,1,7.0,False,,False,True
0 days 01:51:17.256000,LAW,30,0 days 00:01:18.750000,18.0,2.0,,,0 days 00:00:26.612000,0 days 00:00:28.532000,0 days 00:00:23.606000,0 days 01:50:26.744000,0 days 01:50:55.276000,0 days 01:51:18.882000,283.0,272.0,319.0,297.0,False,SOFT,16.0,False,Red Bull Racing,0 days 01:49:58.506000,2026-08-23 13:56:41.283,1,6.0,False,,False,True
0 days 01:52:36.256000,LAW,30,0 days 00:01:19,19.0,2.0,,,0 days 00:00:26.751000,0 days 00:00:28.571000,0 days 00:00:23.678000,0 days 01:51:45.633000,0 days 01:52:14.204000,0 days 01:52:37.882000,284.0,270.0,313.0,297.0,False,SOFT,17.0,False,Red Bull Racing,0 days 01:51:17.256000,2026-08-23 13:58:00.033,1,5.0,False,,False,True
0 days 01:53:54.993000,LAW,30,0 days 00:01:18.737000,20.0,2.0,,,0 days 00:00:26.673000,0 days 00:00:28.516000,0 days 00:00:23.548000,0 days 01:53:04.555000,0 days 01:53:33.071000,0 days 01:53:56.619000,284.0,271.0,314.0,298.0,False,SOFT,18.0,False,Red Bull Racing,0 days 01:52:36.256000,2026-08-23 13:59:19.033,1,5.0,False,,False,True
0 days 01:55:16.983000,LAW,30,0 days 00:01:21.990000,21.0,2.0,,0 days 01:55:17.501000,0 days 00:00:26.755000,0 days 00:00:28.384000,0 days 00:00:26.851000,0 days 01:54:23.374000,0 days 01:54:51.758000,0 days 01:55:18.609000,283.0,288.0,,298.0,False,SOFT,19.0,False,Red Bull Racing,0 days 01:53:54.993000,2026-08-23 14:00:37.770,1,7.0,False,,False,False
0 days 01:56:51.740000,LAW,30,0 days 00:01:34.757000,22.0,3.0,0 days 01:55:35.955000,,0 days 00:00:43.555000,0 days 00:00:27.856000,0 days 00:00:23.346000,0 days 01:56:02.164000,0 days 01:56:30.020000,0 days 01:56:53.366000,282.0,274.0,337.0,298.0,False,MEDIUM,1.0,True,Red Bull Racing,0 days 01:55:16.983000,2026-08-23 14:01:59.760,1,9.0,False,,False,False
0 days 01:58:09.989000,LAW,30,0 days 00:01:18.249000,23.0,3.0,,,0 days 00:00:26.308000,0 days 00:00:28.038000,0 days 00:00:23.903000,0 days 01:57:19.674000,0 days 01:57:47.712000,0 days 01:58:11.615000,284.0,263.0,331.0,293.0,False,MEDIUM,2.0,True,Red Bull Racing,0 days 01:56:51.740000,2026-08-23 14:03:34.517,1,8.0,False,,False,True
0 days 01:59:27.223000,LAW,30,0 days 00:01:17.234000,24.0,3.0,,,0 days 00:00:26.445000,0 days 00:00:27.603000,0 days 00:00:23.186000,0 days 01:58:38.060000,0 days 01:59:05.663000,0 days 01:59:28.849000,277.0,272.0,318.0,307.0,True,MEDIUM,3.0,True,Red Bull Racing,0 days 01:58:09.989000,2026-08-23 14:04:52.766,1,7.0,False,,False,True
0 days 02:00:44.017000,LAW,30,0 days 00:01:16.794000,25.0,3.0,,,0 days 00:00:26.116000,0 days 00:00:27.624000,0 days 00:00:23.054000,0 days 01:59:54.965000,0 days 02:00:22.589000,0 days 02:00:45.643000,280.0,270.0,310.0,300.0,True,MEDIUM,4.0,True,Red Bull Racing,0 days 01:59:27.223000,2026-08-23 14:06:10.000,1,7.0,False,,False,True
0 days 02:02:00.872000,LAW,30,0 days 00:01:16.855000,26.0,3.0,,,0 days 00:00:26.217000,0 days 00:00:27.636000,0 days 00:00:23.002000,0 days 02:01:11.860000,0 days 02:01:39.496000,0 days 02:02:02.498000,284.0,271.0,313.0,295.0,False,MEDIUM,5.0,True,Red Bull Racing,0 days 02:00:44.017000,2026-08-23 14:07:26.794,1,7.0,False,,False,True
0 days 02:03:17.724000,LAW,30,0 days 00:01:16.852000,27.0,3.0,,,0 days 00:00:26.290000,0 days 00:00:27.540000,0 days 00:00:23.022000,0 days 02:02:28.788000,0 days 02:02:56.328000,0 days 02:03:19.350000,282.0,271.0,312.0,292.0,False,MEDIUM,6.0,True,Red Bull Racing,0 days 02:02:00.872000,2026-08-23 14:08:43.649,1,7.0,False,,False,True
0 days 02:04:34.651000,LAW,30,0 days 00:01:16.927000,28.0,3.0,,,0 days 00:00:26.329000,0 days 00:00:27.564000,0 days 00:00:23.034000,0 days 02:03:45.679000,0 days 02:04:13.243000,0 days 02:04:36.277000,282.0,272.0,313.0,296.0,False,MEDIUM,7.0,True,Red Bull Racing,0 days 02:03:17.724000,2026-08-23 14:10:00.501,1,7.0,False,,False,True
0 days 02:05:51.732000,LAW,30,0 days 00:01:17.081000,29.0,3.0,,,0 days 00:00:26.267000,0 days 00:00:27.730000,0 days 00:00:23.084000,0 days 02:05:02.544000,0 days 02:05:30.274000,0 days 02:05:53.358000,283.0,270.0,313.0,298.0,False,MEDIUM,8.0,True,Red Bull Racing,0 days 02:04:34.651000,2026-08-23 14:11:17.428,1,7.0,False,,False,True
0 days 02:07:08.858000,LAW,30,0 days 00:01:17.126000,30.0,3.0,,,0 days 00:00:26.282000,0 days 00:00:27.839000,0 days 00:00:23.005000,0 days 02:06:19.640000,0 days 02:06:47.479000,0 days 02:07:10.484000,284.0,273.0,313.0,295.0,False,MEDIUM,9.0,True,Red Bull Racing,0 days 02:05:51.732000,2026-08-23 14:12:34.509,1,7.0,False,,False,True
0 days 02:08:26.035000,LAW,30,0 days 00:01:17.177000,31.0,3.0,,,0 days 00:00:26.246000,0 days 00:00:27.841000,0 days 00:00:23.090000,0 days 02:07:36.730000,0 days 02:08:04.571000,0 days 02:08:27.661000,284.0,273.0,313.0,295.0,False,MEDIUM,10.0,True,Red Bull Racing,0 days 02:07:08.858000,2026-08-23 14:13:51.635,1,7.0,False,,False,True
0 days 02:09:42.876000,LAW,30,0 days 00:01:16.841000,32.0,3.0,,,0 days 00:00:26.198000,0 days 00:00:27.730000,0 days 00:00:22.913000,0 days 02:08:53.859000,0 days 02:09:21.589000,0 days 02:09:44.502000,284.0,274.0,317.0,300.0,False,MEDIUM,11.0,True,Red Bull Racing,0 days 02:08:26.035000,2026-08-23 14:15:08.812,1,7.0,False,,False,True
0 days 02:10:59.860000,LAW,30,0 days 00:01:16.984000,33.0,3.0,,,0 days 00:00:26.171000,0 days 00:00:27.750000,0 days 00:00:23.063000,0 days 02:10:10.673000,0 days 02:10:38.423000,0 days 02:11:01.486000,284.0,273.0,318.0,300.0,False,MEDIUM,12.0,True,Red Bull Racing,0 days 02:09:42.876000,2026-08-23 14:16:25.653,1,7.0,False,,False,True
0 days 02:12:16.853000,LAW,30,0 days 00:01:16.993000,34.0,3.0,,,0 days 00:00:26.255000,0 days 00:00:27.809000,0 days 00:00:22.929000,0 days 02:11:27.741000,0 days 02:11:55.550000,0 days 02:12:18.479000,284.0,274.0,317.0,302.0,False,MEDIUM,13.0,True,Red Bull Racing,0 days 02:10:59.860000,2026-08-23 14:17:42.637,1,7.0,False,,False,True
0 days 02:13:34.388000,LAW,30,0 days 00:01:17.535000,35.0,3.0,,,0 days 00:00:26.414000,0 days 00:00:27.908000,0 days 00:00:23.213000,0 days 02:12:44.893000,0 days 02:13:12.801000,0 days 02:13:36.014000,285.0,273.0,320.0,298.0,False,MEDIUM,14.0,True,Red Bull Racing,0 days 02:12:16.853000,2026-08-23 14:18:59.630,1,7.0,False,,False,True
0 days 02:14:51.978000,LAW,30,0 days 00:01:17.590000,36.0,3.0,,,0 days 00:00:26.390000,0 days 00:00:27.996000,0 days 00:00:23.204000,0 days 02:14:02.404000,0 days 02:14:30.400000,0 days 02:14:53.604000,285.0,275.0,321.0,298.0,False,MEDIUM,15.0,True,Red Bull Racing,0 days 02:13:34.388000,2026-08-23 14:20:17.165,1,7.0,False,,False,True
0 days 02:16:09.498000,LAW,30,0 days 00:01:17.520000,37.0,3.0,,,0 days 00:00:26.408000,0 days 00:00:27.982000,0 days 00:00:23.130000,0 days 02:15:20.012000,0 days 02:15:47.994000,0 days 02:16:11.124000,286.0,274.0,319.0,301.0,False,MEDIUM,16.0,True,Red Bull Racing,0 days 02:14:51.978000,2026-08-23 14:21:34.755,1,7.0,False,,False,True
0 days 02:17:26.870000,LAW,30,0 days 00:01:17.372000,38.0,3.0,,,0 days 00:00:26.215000,0 days 00:00:27.930000,0 days 00:00:23.227000,0 days 02:16:37.339000,0 days 02:17:05.269000,0 days 02:17:28.496000,287.0,274.0,319.0,301.0,False,MEDIUM,17.0,True,Red Bull Racing,0 days 02:16:09.498000,2026-08-23 14:22:52.275,1,7.0,False,,False,True
0 days 02:18:44.456000,LAW,30,0 days 00:01:17.586000,39.0,3.0,,,0 days 00:00:26.402000,0 days 00:00:27.897000,0 days 00:00:23.287000,0 days 02:17:54.898000,0 days 02:18:22.795000,0 days 02:18:46.082000,286.0,274.0,321.0,299.0,False,MEDIUM,18.0,True,Red Bull Racing,0 days 02:17:26.870000,2026-08-23 14:24:09.647,1,7.0,False,,False,True
0 days 02:20:01.801000,LAW,30,0 days 00:01:17.345000,40.0,3.0,,,0 days 00:00:26.184000,0 days 00:00:27.894000,0 days 00:00:23.267000,0 days 02:19:12.266000,0 days 02:19:40.160000,0 days 02:20:03.427000,287.0,274.0,322.0,302.0,False,MEDIUM,19.0,True,Red Bull Racing,0 days 02:18:44.456000,2026-08-23 14:25:27.233,1,7.0,False,,False,True
0 days 02:21:19.345000,LAW,30,0 days 00:01:17.544000,41.0,3.0,,,0 days 00:00:26.517000,0 days 00:00:27.894000,0 days 00:00:23.133000,0 days 02:20:29.944000,0 days 02:20:57.838000,0 days 02:21:20.971000,286.0,275.0,321.0,308.0,False,MEDIUM,20.0,True,Red Bull Racing,0 days 02:20:01.801000,2026-08-23 14:26:44.578,1,7.0,False,,False,True
0 days 02:22:36.685000,LAW,30,0 days 00:01:17.340000,42.0,3.0,,,0 days 00:00:26.172000,0 days 00:00:27.920000,0 days 00:00:23.248000,0 days 02:21:47.143000,0 days 02:22:15.063000,0 days 02:22:38.311000,286.0,276.0,320.0,303.0,False,MEDIUM,21.0,True,Red Bull Racing,0 days 02:21:19.345000,2026-08-23 14:28:02.122,1,7.0,False,,False,True
0 days 02:23:54.354000,LAW,30,0 days 00:01:17.669000,43.0,3.0,,,0 days 00:00:26.281000,0 days 00:00:28.053000,0 days 00:00:23.335000,0 days 02:23:04.592000,0 days 02:23:32.645000,0 days 02:23:55.980000,288.0,275.0,320.0,302.0,False,MEDIUM,22.0,True,Red Bull Racing,0 days 02:22:36.685000,2026-08-23 14:29:19.462,1,7.0,False,,False,True
0 days 02:25:12.012000,LAW,30,0 days 00:01:17.658000,44.0,3.0,,,0 days 00:00:26.215000,0 days 00:00:28.030000,0 days 00:00:23.413000,0 days 02:24:22.195000,0 days 02:24:50.225000,0 days 02:25:13.638000,286.0,276.0,322.0,307.0,False,MEDIUM,23.0,True,Red Bull Racing,0 days 02:23:54.354000,2026-08-23 14:30:37.131,1,7.0,False,,False,True
0 days 02:26:29.989000,LAW,30,0 days 00:01:17.977000,45.0,3.0,,,0 days 00:00:26.374000,0 days 00:00:28.219000,0 days 00:00:23.384000,0 days 02:25:40.012000,0 days 02:26:08.231000,0 days 02:26:31.615000,286.0,276.0,323.0,304.0,False,MEDIUM,24.0,True,Red Bull Racing,0 days 02:25:12.012000,2026-08-23 14:31:54.789,1,6.0,False,,False,True
0 days 02:27:48.683000,LAW,30,0 days 00:01:18.694000,46.0,3.0,,,0 days 00:00:26.923000,0 days 00:00:28.410000,0 days 00:00:23.361000,0 days 02:26:58.538000,0 days 02:27:26.948000,0 days 02:27:50.309000,290.0,277.0,319.0,294.0,False,MEDIUM,25.0,True,Red Bull Racing,0 days 02:26:29.989000,2026-08-23 14:33:12.766,1,7.0,False,,False,True
0 days 02:29:09.955000,LAW,30,0 days 00:01:21.272000,47.0,3.0,,0 days 02:29:10.396000,0 days 00:00:26.433000,0 days 00:00:28.280000,0 days 00:00:26.559000,0 days 02:28:16.742000,0 days 02:28:45.022000,0 days 02:29:11.581000,288.0,286.0,,302.0,False,MEDIUM,26.0,True,Red Bull Racing,0 days 02:27:48.683000,2026-08-23 14:34:31.460,1,7.0,False,,False,False
0 days 02:30:43.356000,LAW,30,0 days 00:01:33.401000,48.0,4.0,0 days 02:29:28.574000,,0 days 00:00:43.029000,0 days 00:00:27.340000,0 days 00:00:23.032000,0 days 02:29:54.610000,0 days 02:30:21.950000,0 days 02:30:44.982000,282.0,271.0,312.0,302.0,False,MEDIUM,1.0,True,Red Bull Racing,0 days 02:29:09.955000,2026-08-23 14:35:52.732,1,7.0,False,,False,False
0 days 02:31:59.157000,LAW,30,0 days 00:01:15.801000,49.0,4.0,,,0 days 00:00:25.815000,0 days 00:00:27.245000,0 days 00:00:22.741000,0 days 02:31:10.797000,0 days 02:31:38.042000,0 days 02:32:00.783000,287.0,274.0,319.0,298.0,True,MEDIUM,2.0,True,Red Bull Racing,0 days 02:30:43.356000,2026-08-23 14:37:26.133,1,7.0,False,,False,True
0 days 02:33:14.735000,LAW,30,0 days 00:01:15.578000,50.0,4.0,,,0 days 00:00:25.761000,0 days 00:00:27.153000,0 days 00:00:22.664000,0 days 02:32:26.544000,0 days 02:32:53.697000,0 days 02:33:16.361000,286.0,276.0,320.0,304.0,True,MEDIUM,3.0,True,Red Bull Racing,0 days 02:31:59.157000,2026-08-23 14:38:41.934,1,7.0,False,,False,True
0 days 02:34:31.648000,LAW,30,0 days 00:01:16.913000,51.0,4.0,,,0 days 00:00:25.987000,0 days 00:00:27.911000,0 days 00:00:23.015000,0 days 02:33:42.348000,0 days 02:34:10.259000,0 days 02:34:33.274000,287.0,276.0,320.0,300.0,False,MEDIUM,4.0,True,Red Bull Racing,0 days 02:33:14.735000,2026-08-23 14:39:57.512,1,7.0,False,,False,True
0 days 02:35:47.697000,LAW,30,0 days 00:01:16.049000,52.0,4.0,,,0 days 00:00:25.881000,0 days 00:00:27.325000,0 days 00:00:22.843000,0 days 02:34:59.155000,0 days 02:35:26.480000,0 days 02:35:49.323000,286.0,277.0,323.0,301.0,False,MEDIUM,5.0,True,Red Bull Racing,0 days 02:34:31.648000,2026-08-23 14:41:14.425,1,7.0,False,,False,True
0 days 02:37:04.145000,LAW,30,0 days 00:01:16.448000,53.0,4.0,,,0 days 00:00:25.927000,0 days 00:00:27.662000,0 days 00:00:22.859000,0 days 02:36:15.250000,0 days 02:36:42.912000,0 days 02:37:05.771000,288.0,277.0,319.0,304.0,False,MEDIUM,6.0,True,Red Bull Racing,0 days 02:35:47.697000,2026-08-23 14:42:30.474,1,7.0,False,,False,True
0 days 02:38:34.495000,LAW,30,0 days 00:01:30.350000,54.0,4.0,,,0 days 00:00:25.911000,0 days 00:00:31.811000,0 days 00:00:32.628000,0 days 02:37:31.682000,0 days 02:38:03.493000,0 days 02:38:36.121000,285.0,212.0,257.0,300.0,False,MEDIUM,7.0,True,Red Bull Racing,0 days 02:37:04.145000,2026-08-23 14:43:46.922,126,7.0,False,,False,False
0 days 02:40:17.732000,LAW,30,0 days 00:01:43.237000,55.0,4.0,,,0 days 00:00:35.742000,0 days 00:00:34.735000,0 days 00:00:32.760000,0 days 02:39:11.863000,0 days 02:39:46.598000,0 days 02:40:19.358000,278.0,216.0,247.0,256.0,False,MEDIUM,8.0,True,Red Bull Racing,0 days 02:38:34.495000,2026-08-23 14:45:17.272,6,7.0,False,,False,False
0 days 02:42:00.129000,LAW,30,0 days 00:01:42.397000,56.0,4.0,,,0 days 00:00:36.067000,0 days 00:00:34.670000,0 days 00:00:31.660000,0 days 02:40:55.425000,0 days 02:41:30.095000,0 days 02:42:01.755000,257.0,184.0,239.0,266.0,False,MEDIUM,9.0,True,Red Bull Racing,0 days 02:40:17.732000,2026-08-23 14:47:00.509,67,7.0,False,,False,False
0 days 02:43:17.908000,LAW,30,0 days 00:01:17.779000,57.0,4.0,,,0 days 00:00:28.288000,0 days 00:00:26.913000,0 days 00:00:22.578000,0 days 02:42:30.043000,0 days 02:42:56.956000,0 days 02:43:19.534000,294.0,284.0,324.0,239.0,False,MEDIUM,10.0,True,Red Bull Racing,0 days 02:42:00.129000,2026-08-23 14:48:42.906,71,7.0,False,,False,False
0 days 02:44:34.098000,LAW,30,0 days 00:01:16.190000,58.0,4.0,,,0 days 00:00:25.738000,0 days 00:00:27.451000,0 days 00:00:23.001000,0 days 02:43:45.272000,0 days 02:44:12.723000,0 days 02:44:35.724000,283.0,277.0,319.0,312.0,False,MEDIUM,11.0,True,Red Bull Racing,0 days 02:43:17.908000,2026-08-23 14:50:00.685,1,7.0,False,,False,True
0 days 02:45:50.173000,LAW,30,0 days 00:01:16.075000,59.0,4.0,,,0 days 00:00:26.126000,0 days 00:00:27.204000,0 days 00:00:22.745000,0 days 02:45:01.850000,0 days 02:45:29.054000,0 days 02:45:51.799000,291.0,277.0,323.0,273.0,False,MEDIUM,12.0,True,Red Bull Racing,0 days 02:44:34.098000,2026-08-23 14:51:16.875,1,7.0,False,,False,True
0 days 02:47:06.669000,LAW,30,0 days 00:01:16.496000,60.0,4.0,,,0 days 00:00:25.648000,0 days 00:00:28.044000,0 days 00:00:22.804000,0 days 02:46:17.447000,0 days 02:46:45.491000,0 days 02:47:08.295000,291.0,274.0,319.0,311.0,False,MEDIUM,13.0,True,Red Bull Racing,0 days 02:45:50.173000,2026-08-23 14:52:32.950,1,7.0,False,,False,True
0 days 02:48:22.104000,LAW,30,0 days 00:01:15.435000,61.0,4.0,,,0 days 00:00:25.654000,0 days 00:00:27.096000,0 days 00:00:22.685000,0 days 02:47:33.949000,0 days 02:48:01.045000,0 days 02:48:23.730000,288.0,276.0,318.0,304.0,True,MEDIUM,14.0,True,Red Bull Racing,0 days 02:47:06.669000,2026-08-23 14:53:49.446,1,7.0,False,,False,True
0 days 02:49:38.362000,LAW,30,0 days 00:01:16.258000,62.0,4.0,,,0 days 00:00:26.055000,0 days 00:00:27.366000,0 days 00:00:22.837000,0 days 02:48:49.785000,0 days 02:49:17.151000,0 days 02:49:39.988000,289.0,276.0,320.0,301.0,False,MEDIUM,15.0,True,Red Bull Racing,0 days 02:48:22.104000,2026-08-23 14:55:04.881,1,7.0,False,,False,True
0 days 02:50:54.708000,LAW,30,0 days 00:01:16.346000,63.0,4.0,,,0 days 00:00:26.010000,0 days 00:00:27.342000,0 days 00:00:22.994000,0 days 02:50:05.998000,0 days 02:50:33.340000,0 days 02:50:56.334000,288.0,276.0,319.0,299.0,False,MEDIUM,16.0,True,Red Bull Racing,0 days 02:49:38.362000,2026-08-23 14:56:21.139,1,7.0,False,,False,True
0 days 02:52:10.744000,LAW,30,0 days 00:01:16.036000,64.0,4.0,,,0 days 00:00:25.795000,0 days 00:00:27.350000,0 days 00:00:22.891000,0 days 02:51:22.129000,0 days 02:51:49.479000,0 days 02:52:12.370000,287.0,276.0,318.0,302.0,False,MEDIUM,17.0,True,Red Bull Racing,0 days 02:50:54.708000,2026-08-23 14:57:37.485,1,7.0,False,,False,True
0 days 02:53:27.039000,LAW,30,0 days 00:01:16.295000,65.0,4.0,,,0 days 00:00:25.939000,0 days 00:00:27.424000,0 days 00:00:22.932000,0 days 02:52:38.309000,0 days 02:53:05.733000,0 days 02:53:28.665000,286.0,274.0,317.0,300.0,False,MEDIUM,18.0,True,Red Bull Racing,0 days 02:52:10.744000,2026-08-23 14:58:53.521,1,7.0,False,,False,True
0 days 02:54:43.230000,LAW,30,0 days 00:01:16.191000,66.0,4.0,,,0 days 00:00:25.739000,0 days 00:00:27.394000,0 days 00:00:23.058000,0 days 02:53:54.404000,0 days 02:54:21.798000,0 days 02:54:44.856000,288.0,275.0,320.0,302.0,False,MEDIUM,19.0,True,Red Bull Racing,0 days 02:53:27.039000,2026-08-23 15:00:09.816,1,7.0,False,,False,True
0 days 02:55:59.443000,LAW,30,0 days 00:01:16.213000,67.0,4.0,,,0 days 00:00:25.896000,0 days 00:00:27.437000,0 days 00:00:22.880000,0 days 02:55:10.752000,0 days 02:55:38.189000,0 days 02:56:01.069000,289.0,276.0,320.0,299.0,False,MEDIUM,20.0,True,Red Bull Racing,0 days 02:54:43.230000,2026-08-23 15:01:26.007,1,7.0,False,,False,True
0 days 02:57:15.640000,LAW,30,0 days 00:01:16.197000,68.0,4.0,,,0 days 00:00:25.803000,0 days 00:00:27.502000,0 days 00:00:22.892000,0 days 02:56:26.872000,0 days 02:56:54.374000,0 days 02:57:17.266000,288.0,276.0,321.0,307.0,False,MEDIUM,21.0,True,Red Bull Racing,0 days 02:55:59.443000,2026-08-23 15:02:42.220,1,7.0,False,,False,True
0 days 02:58:50.160000,LAW,30,0 days 00:01:34.520000,69.0,4.0,,,0 days 00:00:28.792000,0 days 00:00:38.320000,0 days 00:00:27.408000,0 days 02:57:46.058000,0 days 02:58:24.378000,0 days 02:58:51.786000,80.0,187.0,312.0,297.0,False,MEDIUM,22.0,True,Red Bull Racing,0 days 02:57:15.640000,2026-08-23 15:03:58.417,167,7.0,False,,False,False
0 days 03:00:06.463000,LAW,30,0 days 00:01:16.303000,70.0,4.0,,,0 days 00:00:26.041000,0 days 00:00:27.389000,0 days 00:00:22.873000,0 days 02:59:17.827000,0 days 02:59:45.216000,0 days 03:00:08.089000,276.0,276.0,320.0,302.0,False,MEDIUM,23.0,True,Red Bull Racing,0 days 02:58:50.160000,2026-08-23 15:05:32.937,1,7.0,False,,False,True
0 days 03:01:22.685000,LAW,30,0 days 00:01:16.222000,71.0,4.0,,,0 days 00:00:25.827000,0 days 00:00:27.538000,0 days 00:00:22.857000,0 days 03:00:33.916000,0 days 03:01:01.454000,0 days 03:01:24.311000,284.0,275.0,313.0,303.0,False,MEDIUM,24.0,True,Red Bull Racing,0 days 03:00:06.463000,2026-08-23 15:06:49.240,1,7.0,False,,False,True
0 days 03:02:39.228000,LAW,30,0 days 00:01:16.543000,72.0,4.0,,,0 days 00:00:25.931000,0 days 00:00:27.603000,0 days 00:00:23.009000,0 days 03:01:50.242000,0 days 03:02:17.845000,0 days 03:02:40.854000,289.0,277.0,297.0,299.0,False,MEDIUM,25.0,True,Red Bull Racing,0 days 03:01:22.685000,2026-08-23 15:08:05.462,1,7.0,False,,False,True
0 days 00:58:21.088000,OCO,31,0 days 00:01:36.553000,1.0,1.0,,,,0 days 00:00:29.977000,0 days 00:00:30.057000,,0 days 00:57:52.711000,0 days 00:58:22.778000,273.0,266.0,276.0,189.0,False,MEDIUM,1.0,True,Haas F1 Team,0 days 00:56:45.791000,2026-08-23 13:03:28.568,12,14.0,False,,False,False
0 days 01:00:47.710000,OCO,31,0 days 00:02:26.622000,2.0,1.0,,0 days 01:00:46.878000,0 days 00:00:32.639000,0 days 00:00:45.273000,0 days 00:01:08.710000,0 days 00:58:55.324000,0 days 00:59:40.597000,0 days 01:00:49.307000,116.0,145.0,,252.0,False,MEDIUM,2.0,True,Haas F1 Team,0 days 00:58:21.088000,2026-08-23 13:05:03.865,25,13.0,False,,False,False
0 days 01:30:16.738000,OCO,31,,3.0,2.0,0 days 01:27:11.692000,,,0 days 00:00:30.244000,,,0 days 01:28:13.659000,,263.0,211.0,48.0,252.0,False,SOFT,4.0,False,Haas F1 Team,0 days 01:26:17.312000,2026-08-23 13:33:00.089,12,13.0,False,,False,False
0 days 01:33:00.061000,OCO,31,,4.0,2.0,,,0 days 00:00:41.477000,0 days 00:00:30.560000,0 days 00:01:31.399000,0 days 01:30:59.795000,0 days 01:31:30.341000,0 days 01:33:01.995000,268.0,201.0,98.0,111.0,False,SOFT,5.0,False,Haas F1 Team,0 days 01:30:16.738000,2026-08-23 13:36:59.515,1,13.0,False,,False,False
0 days 01:34:25.355000,OCO,31,0 days 00:01:25.294000,5.0,2.0,,,0 days 00:00:31.094000,0 days 00:00:29.646000,0 days 00:00:24.554000,0 days 01:33:32.752000,0 days 01:34:02.398000,0 days 01:34:26.952000,270.0,287.0,332.0,206.0,True,SOFT,6.0,False,Haas F1 Team,0 days 01:33:00.061000,2026-08-23 13:39:42.838,12,15.0,False,,False,True
0 days 01:35:45.012000,OCO,31,0 days 00:01:19.657000,6.0,2.0,,,0 days 00:00:27.272000,0 days 00:00:28.649000,0 days 00:00:23.736000,0 days 01:34:54.224000,0 days 01:35:22.873000,0 days 01:35:46.609000,273.0,266.0,331.0,297.0,True,SOFT,7.0,False,Haas F1 Team,0 days 01:34:25.355000,2026-08-23 13:41:08.132,1,13.0,False,,False,True
0 days 01:37:04.213000,OCO,31,0 days 00:01:19.201000,7.0,2.0,,,0 days 00:00:26.966000,0 days 00:00:28.763000,0 days 00:00:23.472000,0 days 01:36:13.575000,0 days 01:36:42.338000,0 days 01:37:05.810000,274.0,266.0,330.0,291.0,True,SOFT,8.0,False,Haas F1 Team,0 days 01:35:45.012000,2026-08-23 13:42:27.789,1,13.0,False,,False,True
0 days 01:38:23.237000,OCO,31,0 days 00:01:19.024000,8.0,2.0,,,0 days 00:00:26.841000,0 days 00:00:28.659000,0 days 00:00:23.524000,0 days 01:37:32.651000,0 days 01:38:01.310000,0 days 01:38:24.834000,276.0,272.0,328.0,297.0,True,SOFT,9.0,False,Haas F1 Team,0 days 01:37:04.213000,2026-08-23 13:43:46.990,1,12.0,False,,False,True
0 days 01:39:42.031000,OCO,31,0 days 00:01:18.794000,9.0,2.0,,,0 days 00:00:26.704000,0 days 00:00:28.701000,0 days 00:00:23.389000,0 days 01:38:51.538000,0 days 01:39:20.239000,0 days 01:39:43.628000,278.0,271.0,326.0,304.0,True,SOFT,10.0,False,Haas F1 Team,0 days 01:38:23.237000,2026-08-23 13:45:06.014,1,12.0,False,,False,True
0 days 01:41:01.064000,OCO,31,0 days 00:01:19.033000,10.0,2.0,,,0 days 00:00:26.726000,0 days 00:00:28.860000,0 days 00:00:23.447000,0 days 01:40:10.354000,0 days 01:40:39.214000,0 days 01:41:02.661000,278.0,271.0,330.0,306.0,False,SOFT,11.0,False,Haas F1 Team,0 days 01:39:42.031000,2026-08-23 13:46:24.808,1,12.0,False,,False,True
0 days 01:42:20.209000,OCO,31,0 days 00:01:19.145000,11.0,2.0,,,0 days 00:00:26.806000,0 days 00:00:28.796000,0 days 00:00:23.543000,0 days 01:41:29.467000,0 days 01:41:58.263000,0 days 01:42:21.806000,278.0,270.0,327.0,299.0,False,SOFT,12.0,False,Haas F1 Team,0 days 01:41:01.064000,2026-08-23 13:47:43.841,1,12.0,False,,False,True
0 days 01:43:39.515000,OCO,31,0 days 00:01:19.306000,12.0,2.0,,,0 days 00:00:26.802000,0 days 00:00:28.847000,0 days 00:00:23.657000,0 days 01:42:48.608000,0 days 01:43:17.455000,0 days 01:43:41.112000,281.0,271.0,326.0,291.0,False,SOFT,13.0,False,Haas F1 Team,0 days 01:42:20.209000,2026-08-23 13:49:02.986,1,12.0,False,,False,True
0 days 01:44:58.923000,OCO,31,0 days 00:01:19.408000,13.0,2.0,,,0 days 00:00:26.825000,0 days 00:00:28.958000,0 days 00:00:23.625000,0 days 01:44:07.937000,0 days 01:44:36.895000,0 days 01:45:00.520000,280.0,267.0,319.0,298.0,False,SOFT,14.0,False,Haas F1 Team,0 days 01:43:39.515000,2026-08-23 13:50:22.292,1,12.0,False,,False,True
0 days 01:46:18.180000,OCO,31,0 days 00:01:19.257000,14.0,2.0,,,0 days 00:00:26.725000,0 days 00:00:28.878000,0 days 00:00:23.654000,0 days 01:45:27.245000,0 days 01:45:56.123000,0 days 01:46:19.777000,279.0,269.0,315.0,298.0,False,SOFT,15.0,False,Haas F1 Team,0 days 01:44:58.923000,2026-08-23 13:51:41.700,1,12.0,False,,False,True
0 days 01:47:37.424000,OCO,31,0 days 00:01:19.244000,15.0,2.0,,,0 days 00:00:26.758000,0 days 00:00:28.946000,0 days 00:00:23.540000,0 days 01:46:46.535000,0 days 01:47:15.481000,0 days 01:47:39.021000,271.0,279.0,324.0,295.0,False,SOFT,16.0,False,Haas F1 Team,0 days 01:46:18.180000,2026-08-23 13:53:00.957,1,12.0,False,,False,True
0 days 01:49:00.151000,OCO,31,0 days 00:01:22.727000,16.0,2.0,,0 days 01:49:00.596000,0 days 00:00:26.934000,0 days 00:00:28.979000,0 days 00:00:26.814000,0 days 01:48:05.955000,0 days 01:48:34.934000,0 days 01:49:01.748000,272.0,278.0,,297.0,False,SOFT,17.0,False,Haas F1 Team,0 days 01:47:37.424000,2026-08-23 13:54:20.201,1,13.0,False,,False,False
0 days 01:50:35.024000,OCO,31,0 days 00:01:34.873000,17.0,3.0,0 days 01:49:19.180000,,0 days 00:00:43.555000,0 days 00:00:27.899000,0 days 00:00:23.419000,0 days 01:49:45.303000,0 days 01:50:13.202000,0 days 01:50:36.621000,281.0,270.0,317.0,297.0,False,HARD,1.0,True,Haas F1 Team,0 days 01:49:00.151000,2026-08-23 13:55:42.928,1,19.0,False,,False,False
0 days 01:51:53.478000,OCO,31,0 days 00:01:18.454000,18.0,3.0,,,0 days 00:00:26.520000,0 days 00:00:28.271000,0 days 00:00:23.663000,0 days 01:51:03.141000,0 days 01:51:31.412000,0 days 01:51:55.075000,270.0,271.0,318.0,304.0,True,HARD,2.0,True,Haas F1 Team,0 days 01:50:35.024000,2026-08-23 13:57:17.801,1,19.0,False,,False,True
0 days 01:53:12.845000,OCO,31,0 days 00:01:19.367000,19.0,3.0,,,0 days 00:00:26.835000,0 days 00:00:28.811000,0 days 00:00:23.721000,0 days 01:52:21.910000,0 days 01:52:50.721000,0 days 01:53:14.442000,270.0,277.0,336.0,298.0,False,HARD,3.0,True,Haas F1 Team,0 days 01:51:53.478000,2026-08-23 13:58:36.255,1,19.0,False,,False,True
0 days 01:54:33.695000,OCO,31,0 days 00:01:20.850000,20.0,3.0,,,0 days 00:00:26.966000,0 days 00:00:29.405000,0 days 00:00:24.479000,0 days 01:53:41.408000,0 days 01:54:10.813000,0 days 01:54:35.292000,274.0,286.0,319.0,293.0,False,HARD,4.0,True,Haas F1 Team,0 days 01:53:12.845000,2026-08-23 13:59:55.622,1,19.0,False,,False,True
0 days 01:55:53.770000,OCO,31,0 days 00:01:20.075000,21.0,3.0,,,0 days 00:00:27.082000,0 days 00:00:29.184000,0 days 00:00:23.809000,0 days 01:55:02.374000,0 days 01:55:31.558000,0 days 01:55:55.367000,278.0,264.0,322.0,298.0,False,HARD,5.0,True,Haas F1 Team,0 days 01:54:33.695000,2026-08-23 14:01:16.472,1,18.0,False,,False,True
0 days 01:57:13.471000,OCO,31,0 days 00:01:19.701000,22.0,3.0,,,0 days 00:00:27.047000,0 days 00:00:28.910000,0 days 00:00:23.744000,0 days 01:56:22.414000,0 days 01:56:51.324000,0 days 01:57:15.068000,278.0,268.0,334.0,299.0,False,HARD,6.0,True,Haas F1 Team,0 days 01:55:53.770000,2026-08-23 14:02:36.547,1,18.0,False,,False,True
0 days 01:58:33.846000,OCO,31,0 days 00:01:20.375000,23.0,3.0,,,0 days 00:00:27.521000,0 days 00:00:28.938000,0 days 00:00:23.916000,0 days 01:57:42.589000,0 days 01:58:11.527000,0 days 01:58:35.443000,270.0,274.0,332.0,295.0,False,HARD,7.0,True,Haas F1 Team,0 days 01:57:13.471000,2026-08-23 14:03:56.248,1,18.0,False,,False,True
0 days 01:59:53.021000,OCO,31,0 days 00:01:19.175000,24.0,3.0,,,0 days 00:00:26.802000,0 days 00:00:28.640000,0 days 00:00:23.733000,0 days 01:59:02.245000,0 days 01:59:30.885000,0 days 01:59:54.618000,275.0,262.0,318.0,299.0,False,HARD,8.0,True,Haas F1 Team,0 days 01:58:33.846000,2026-08-23 14:05:16.623,1,17.0,False,,False,True
0 days 02:01:12.305000,OCO,31,0 days 00:01:19.284000,25.0,3.0,,,0 days 00:00:26.946000,0 days 00:00:28.779000,0 days 00:00:23.559000,0 days 02:00:21.564000,0 days 02:00:50.343000,0 days 02:01:13.902000,279.0,289.0,313.0,299.0,False,HARD,9.0,True,Haas F1 Team,0 days 01:59:53.021000,2026-08-23 14:06:35.798,1,16.0,False,,False,True
0 days 02:02:30.705000,OCO,31,0 days 00:01:18.400000,26.0,3.0,,,0 days 00:00:26.751000,0 days 00:00:28.228000,0 days 00:00:23.421000,0 days 02:01:40.653000,0 days 02:02:08.881000,0 days 02:02:32.302000,271.0,262.0,310.0,299.0,True,HARD,10.0,True,Haas F1 Team,0 days 02:01:12.305000,2026-08-23 14:07:55.082,1,16.0,False,,False,True
0 days 02:03:49.337000,OCO,31,0 days 00:01:18.632000,27.0,3.0,,,0 days 00:00:26.653000,0 days 00:00:28.478000,0 days 00:00:23.501000,0 days 02:02:58.955000,0 days 02:03:27.433000,0 days 02:03:50.934000,271.0,260.0,316.0,295.0,False,HARD,11.0,True,Haas F1 Team,0 days 02:02:30.705000,2026-08-23 14:09:13.482,1,16.0,False,,False,True
0 days 02:05:07.610000,OCO,31,0 days 00:01:18.273000,28.0,3.0,,,0 days 00:00:26.462000,0 days 00:00:28.333000,0 days 00:00:23.478000,0 days 02:04:17.396000,0 days 02:04:45.729000,0 days 02:05:09.207000,271.0,263.0,313.0,305.0,True,HARD,12.0,True,Haas F1 Team,0 days 02:03:49.337000,2026-08-23 14:10:32.114,1,16.0,False,,False,True
0 days 02:06:25.941000,OCO,31,0 days 00:01:18.331000,29.0,3.0,,,0 days 00:00:26.541000,0 days 00:00:28.344000,0 days 00:00:23.446000,0 days 02:05:35.748000,0 days 02:06:04.092000,0 days 02:06:27.538000,276.0,263.0,313.0,298.0,False,HARD,13.0,True,Haas F1 Team,0 days 02:05:07.610000,2026-08-23 14:11:50.387,1,16.0,False,,False,True
0 days 02:07:44.562000,OCO,31,0 days 00:01:18.621000,30.0,3.0,,,0 days 00:00:26.630000,0 days 00:00:28.428000,0 days 00:00:23.563000,0 days 02:06:54.168000,0 days 02:07:22.596000,0 days 02:07:46.159000,278.0,267.0,316.0,300.0,False,HARD,14.0,True,Haas F1 Team,0 days 02:06:25.941000,2026-08-23 14:13:08.718,1,16.0,False,,False,True
0 days 02:09:03.275000,OCO,31,0 days 00:01:18.713000,31.0,3.0,,,0 days 00:00:26.554000,0 days 00:00:28.654000,0 days 00:00:23.505000,0 days 02:08:12.713000,0 days 02:08:41.367000,0 days 02:09:04.872000,279.0,267.0,314.0,298.0,False,HARD,15.0,True,Haas F1 Team,0 days 02:07:44.562000,2026-08-23 14:14:27.339,1,15.0,False,,False,True
0 days 02:10:22.103000,OCO,31,0 days 00:01:18.828000,32.0,3.0,,,0 days 00:00:26.668000,0 days 00:00:28.594000,0 days 00:00:23.566000,0 days 02:09:31.540000,0 days 02:10:00.134000,0 days 02:10:23.700000,278.0,268.0,317.0,299.0,False,HARD,16.0,True,Haas F1 Team,0 days 02:09:03.275000,2026-08-23 14:15:46.052,1,15.0,False,,False,True
0 days 02:11:40.549000,OCO,31,0 days 00:01:18.446000,33.0,3.0,,,0 days 00:00:26.443000,0 days 00:00:28.522000,0 days 00:00:23.481000,0 days 02:10:50.143000,0 days 02:11:18.665000,0 days 02:11:42.146000,281.0,267.0,315.0,304.0,False,HARD,17.0,True,Haas F1 Team,0 days 02:10:22.103000,2026-08-23 14:17:04.880,1,15.0,False,,False,True
0 days 02:13:01.362000,OCO,31,0 days 00:01:20.813000,34.0,3.0,,,0 days 00:00:26.598000,0 days 00:00:29.424000,0 days 00:00:24.791000,0 days 02:12:08.744000,0 days 02:12:38.168000,0 days 02:13:02.959000,280.0,186.0,328.0,297.0,False,HARD,18.0,True,Haas F1 Team,0 days 02:11:40.549000,2026-08-23 14:18:23.326,1,15.0,False,,False,True
0 days 02:14:20.861000,OCO,31,0 days 00:01:19.499000,35.0,3.0,,,0 days 00:00:26.906000,0 days 00:00:29.015000,0 days 00:00:23.578000,0 days 02:13:29.865000,0 days 02:13:58.880000,0 days 02:14:22.458000,286.0,273.0,319.0,304.0,False,HARD,19.0,True,Haas F1 Team,0 days 02:13:01.362000,2026-08-23 14:19:44.139,1,14.0,False,,False,True
0 days 02:15:43.563000,OCO,31,0 days 00:01:22.702000,36.0,3.0,,0 days 02:15:44.019000,0 days 00:00:26.708000,0 days 00:00:28.899000,0 days 00:00:27.095000,0 days 02:14:49.166000,0 days 02:15:18.065000,0 days 02:15:45.160000,287.0,271.0,,296.0,False,HARD,20.0,True,Haas F1 Team,0 days 02:14:20.861000,2026-08-23 14:21:03.638,1,14.0,False,,False,False
0 days 02:17:17.412000,OCO,31,0 days 00:01:33.849000,37.0,4.0,0 days 02:16:01.872000,,0 days 00:00:42.749000,0 days 00:00:27.854000,0 days 00:00:23.246000,0 days 02:16:27.909000,0 days 02:16:55.763000,0 days 02:17:19.009000,284.0,269.0,316.0,296.0,False,HARD,1.0,True,Haas F1 Team,0 days 02:15:43.563000,2026-08-23 14:22:26.340,1,17.0,False,,False,False
0 days 02:18:35.166000,OCO,31,0 days 00:01:17.754000,38.0,4.0,,,0 days 00:00:26.277000,0 days 00:00:28.078000,0 days 00:00:23.399000,0 days 02:17:45.286000,0 days 02:18:13.364000,0 days 02:18:36.763000,280.0,268.0,314.0,305.0,True,HARD,2.0,True,Haas F1 Team,0 days 02:17:17.412000,2026-08-23 14:24:00.189,1,17.0,False,,False,True
0 days 02:19:52.944000,OCO,31,0 days 00:01:17.778000,39.0,4.0,,,0 days 00:00:26.415000,0 days 00:00:28.004000,0 days 00:00:23.359000,0 days 02:19:03.178000,0 days 02:19:31.182000,0 days 02:19:54.541000,280.0,269.0,321.0,303.0,False,HARD,3.0,True,Haas F1 Team,0 days 02:18:35.166000,2026-08-23 14:25:17.943,1,17.0,False,,False,True
0 days 02:21:12.102000,OCO,31,0 days 00:01:19.158000,40.0,4.0,,,0 days 00:00:26.714000,0 days 00:00:28.718000,0 days 00:00:23.726000,0 days 02:20:21.255000,0 days 02:20:49.973000,0 days 02:21:13.699000,274.0,295.0,309.0,311.0,False,HARD,4.0,True,Haas F1 Team,0 days 02:19:52.944000,2026-08-23 14:26:35.721,1,16.0,False,,False,True
0 days 02:22:30.141000,OCO,31,0 days 00:01:18.039000,41.0,4.0,,,0 days 00:00:26.559000,0 days 00:00:28.219000,0 days 00:00:23.261000,0 days 02:21:40.258000,0 days 02:22:08.477000,0 days 02:22:31.738000,272.0,264.0,312.0,302.0,False,HARD,5.0,True,Haas F1 Team,0 days 02:21:12.102000,2026-08-23 14:27:54.879,1,16.0,False,,False,True
0 days 02:23:47.944000,OCO,31,0 days 00:01:17.803000,42.0,4.0,,,0 days 00:00:26.399000,0 days 00:00:28.181000,0 days 00:00:23.223000,0 days 02:22:58.137000,0 days 02:23:26.318000,0 days 02:23:49.541000,271.0,268.0,315.0,303.0,False,HARD,6.0,True,Haas F1 Team,0 days 02:22:30.141000,2026-08-23 14:29:12.918,1,16.0,False,,False,True
0 days 02:25:06.162000,OCO,31,0 days 00:01:18.218000,43.0,4.0,,,0 days 00:00:26.541000,0 days 00:00:28.311000,0 days 00:00:23.366000,0 days 02:24:16.082000,0 days 02:24:44.393000,0 days 02:25:07.759000,273.0,280.0,321.0,300.0,False,HARD,7.0,True,Haas F1 Team,0 days 02:23:47.944000,2026-08-23 14:30:30.721,1,15.0,False,,False,True
0 days 02:26:24.845000,OCO,31,0 days 00:01:18.683000,44.0,4.0,,,0 days 00:00:26.603000,0 days 00:00:28.749000,0 days 00:00:23.331000,0 days 02:25:34.362000,0 days 02:26:03.111000,0 days 02:26:26.442000,275.0,283.0,336.0,308.0,False,HARD,8.0,True,Haas F1 Team,0 days 02:25:06.162000,2026-08-23 14:31:48.939,1,15.0,False,,False,True
0 days 02:27:43.374000,OCO,31,0 days 00:01:18.529000,45.0,4.0,,,0 days 00:00:26.670000,0 days 00:00:28.583000,0 days 00:00:23.276000,0 days 02:26:53.112000,0 days 02:27:21.695000,0 days 02:27:44.971000,277.0,276.0,330.0,298.0,False,HARD,9.0,True,Haas F1 Team,0 days 02:26:24.845000,2026-08-23 14:33:07.622,1,15.0,False,,False,True
0 days 02:29:03.080000,OCO,31,0 days 00:01:19.706000,46.0,4.0,,,0 days 00:00:26.583000,0 days 00:00:29.312000,0 days 00:00:23.811000,0 days 02:28:11.554000,0 days 02:28:40.866000,0 days 02:29:04.677000,286.0,207.0,329.0,309.0,False,HARD,10.0,True,Haas F1 Team,0 days 02:27:43.374000,2026-08-23 14:34:26.151,1,15.0,False,,False,True
0 days 02:30:21.727000,OCO,31,0 days 00:01:18.647000,47.0,4.0,,,0 days 00:00:26.475000,0 days 00:00:28.760000,0 days 00:00:23.412000,0 days 02:29:31.152000,0 days 02:29:59.912000,0 days 02:30:23.324000,283.0,267.0,312.0,297.0,False,HARD,11.0,True,Haas F1 Team,0 days 02:29:03.080000,2026-08-23 14:35:45.857,1,15.0,False,,False,True
0 days 02:31:39.315000,OCO,31,0 days 00:01:17.588000,48.0,4.0,,,0 days 00:00:26.327000,0 days 00:00:28.112000,0 days 00:00:23.149000,0 days 02:30:49.651000,0 days 02:31:17.763000,0 days 02:31:40.912000,278.0,267.0,315.0,304.0,True,HARD,12.0,True,Haas F1 Team,0 days 02:30:21.727000,2026-08-23 14:37:04.504,1,15.0,False,,False,True
0 days 02:32:57.176000,OCO,31,0 days 00:01:17.861000,49.0,4.0,,,0 days 00:00:26.307000,0 days 00:00:28.310000,0 days 00:00:23.244000,0 days 02:32:07.219000,0 days 02:32:35.529000,0 days 02:32:58.773000,281.0,267.0,314.0,301.0,False,HARD,13.0,True,Haas F1 Team,0 days 02:31:39.315000,2026-08-23 14:38:22.092,1,15.0,False,,False,True
0 days 02:34:14.946000,OCO,31,0 days 00:01:17.770000,50.0,4.0,,,0 days 00:00:26.488000,0 days 00:00:28.054000,0 days 00:00:23.228000,0 days 02:33:25.261000,0 days 02:33:53.315000,0 days 02:34:16.543000,271.0,274.0,316.0,303.0,False,HARD,14.0,True,Haas F1 Team,0 days 02:32:57.176000,2026-08-23 14:39:39.953,1,14.0,False,,False,True
0 days 02:35:32.542000,OCO,31,0 days 00:01:17.596000,51.0,4.0,,,0 days 00:00:26.211000,0 days 00:00:28.049000,0 days 00:00:23.336000,0 days 02:34:42.754000,0 days 02:35:10.803000,0 days 02:35:34.139000,273.0,271.0,316.0,304.0,False,HARD,15.0,True,Haas F1 Team,0 days 02:34:14.946000,2026-08-23 14:40:57.723,1,14.0,False,,False,True
0 days 02:36:50.389000,OCO,31,0 days 00:01:17.847000,52.0,4.0,,,0 days 00:00:26.431000,0 days 00:00:28.114000,0 days 00:00:23.302000,0 days 02:36:00.570000,0 days 02:36:28.684000,0 days 02:36:51.986000,271.0,271.0,315.0,305.0,False,HARD,16.0,True,Haas F1 Team,0 days 02:35:32.542000,2026-08-23 14:42:15.319,1,14.0,True,TRACK LIMITS AT TURN 3 LAP 52 ,False,True
0 days 02:39:20.389000,OCO,31,,53.0,4.0,,,,,,,,,,,,,,HARD,17.0,True,Haas F1 Team,0 days 02:36:50.389000,2026-08-23 14:43:33.166,126,,False,,True,False
0 days 00:58:17.044000,LIN,41,0 days 00:01:32.531000,1.0,1.0,,,,0 days 00:00:28.905000,0 days 00:00:28.464000,,0 days 00:57:50.180000,0 days 00:58:18.746000,286.0,283.0,281.0,200.0,False,SOFT,4.0,False,Racing Bulls,0 days 00:56:45.791000,2026-08-23 13:03:28.568,12,9.0,False,,False,False
0 days 01:00:32.923000,LIN,41,0 days 00:02:15.879000,2.0,1.0,,0 days 01:00:32.491000,0 days 00:00:27.589000,0 days 00:00:46.308000,0 days 00:01:01.982000,0 days 00:58:46.233000,0 days 00:59:32.541000,0 days 01:00:34.523000,280.0,141.0,,293.0,False,SOFT,5.0,False,Racing Bulls,0 days 00:58:17.044000,2026-08-23 13:04:59.821,25,8.0,False,,False,False
0 days 01:32:58.069000,LIN,41,,3.0,2.0,0 days 01:26:50.732000,,,0 days 00:00:28.932000,,,0 days 01:31:18.777000,,218.0,194.0,2.0,152.0,False,MEDIUM,1.0,True,Racing Bulls,0 days 01:26:17.312000,2026-08-23 13:33:00.089,12,20.0,False,,False,False
0 days 01:33:53.343000,LIN,41,,4.0,2.0,,,0 days 00:00:31.802000,,,0 days 01:33:31.168000,,,284.0,194.0,2.0,223.0,False,MEDIUM,2.0,True,Racing Bulls,0 days 01:32:58.069000,2026-08-23 13:39:40.846,12,20.0,False,,False,False
0 days 01:34:24.984000,LIN,41,0 days 00:01:27.335000,5.0,2.0,,0 days 01:34:25.247000,0 days 00:00:31.802000,0 days 00:00:28.998000,0 days 00:00:26.535000,,0 days 01:34:00.230000,0 days 01:34:26.653000,284.0,281.0,,223.0,False,MEDIUM,3.0,True,Racing Bulls,0 days 01:33:53.343000,2026-08-23 13:40:36.120,1,13.0,False,,False,False
0 days 01:35:54.756000,LIN,41,0 days 00:01:29.772000,6.0,3.0,0 days 01:34:37.435000,,0 days 00:00:38.029000,0 days 00:00:28.117000,0 days 00:00:23.626000,0 days 01:35:04.613000,0 days 01:35:32.730000,0 days 01:35:56.356000,271.0,285.0,314.0,223.0,False,MEDIUM,1.0,False,Racing Bulls,0 days 01:34:24.984000,2026-08-23 13:41:07.761,1,20.0,True,TRACK LIMITS AT TURN 3 LAP 6 ,False,False
0 days 01:37:13.200000,LIN,41,0 days 00:01:18.444000,7.0,3.0,,,0 days 00:00:26.958000,0 days 00:00:28.079000,0 days 00:00:23.407000,0 days 01:36:23.314000,0 days 01:36:51.393000,0 days 01:37:14.800000,270.0,270.0,314.0,300.0,True,MEDIUM,2.0,False,Racing Bulls,0 days 01:35:54.756000,2026-08-23 13:42:37.533,1,20.0,False,,False,True
0 days 01:38:31.814000,LIN,41,0 days 00:01:18.614000,8.0,3.0,,,0 days 00:00:26.897000,0 days 00:00:28.215000,0 days 00:00:23.502000,0 days 01:37:41.697000,0 days 01:38:09.912000,0 days 01:38:33.414000,274.0,272.0,322.0,299.0,False,MEDIUM,3.0,False,Racing Bulls,0 days 01:37:13.200000,2026-08-23 13:43:55.977,1,20.0,False,,False,True
0 days 01:39:50.627000,LIN,41,0 days 00:01:18.813000,9.0,3.0,,,0 days 00:00:26.826000,0 days 00:00:28.527000,0 days 00:00:23.460000,0 days 01:39:00.240000,0 days 01:39:28.767000,0 days 01:39:52.227000,274.0,272.0,322.0,306.0,False,MEDIUM,4.0,False,Racing Bulls,0 days 01:38:31.814000,2026-08-23 13:45:14.591,1,19.0,False,,False,True
0 days 01:41:09.524000,LIN,41,0 days 00:01:18.897000,10.0,3.0,,,0 days 00:00:26.667000,0 days 00:00:28.743000,0 days 00:00:23.487000,0 days 01:40:18.894000,0 days 01:40:47.637000,0 days 01:41:11.124000,274.0,273.0,326.0,306.0,False,MEDIUM,5.0,False,Racing Bulls,0 days 01:39:50.627000,2026-08-23 13:46:33.404,1,19.0,False,,False,True
0 days 01:42:29.073000,LIN,41,0 days 00:01:19.549000,11.0,3.0,,,0 days 00:00:26.949000,0 days 00:00:28.859000,0 days 00:00:23.741000,0 days 01:41:38.073000,0 days 01:42:06.932000,0 days 01:42:30.673000,281.0,275.0,336.0,301.0,False,MEDIUM,6.0,False,Racing Bulls,0 days 01:41:09.524000,2026-08-23 13:47:52.301,1,19.0,False,,False,True
0 days 01:43:48.749000,LIN,41,0 days 00:01:19.676000,12.0,3.0,,,0 days 00:00:26.685000,0 days 00:00:29.347000,0 days 00:00:23.644000,0 days 01:42:57.358000,0 days 01:43:26.705000,0 days 01:43:50.349000,289.0,272.0,334.0,283.0,False,MEDIUM,7.0,False,Racing Bulls,0 days 01:42:29.073000,2026-08-23 13:49:11.850,1,18.0,False,,False,True
0 days 01:45:08.014000,LIN,41,0 days 00:01:19.265000,13.0,3.0,,,0 days 00:00:26.812000,0 days 00:00:28.841000,0 days 00:00:23.612000,0 days 01:44:17.161000,0 days 01:44:46.002000,0 days 01:45:09.614000,274.0,273.0,323.0,310.0,False,MEDIUM,8.0,False,Racing Bulls,0 days 01:43:48.749000,2026-08-23 13:50:31.526,1,17.0,False,,False,True
0 days 01:46:27.303000,LIN,41,0 days 00:01:19.289000,14.0,3.0,,,0 days 00:00:26.684000,0 days 00:00:28.935000,0 days 00:00:23.670000,0 days 01:45:36.298000,0 days 01:46:05.233000,0 days 01:46:28.903000,276.0,272.0,337.0,309.0,False,MEDIUM,9.0,False,Racing Bulls,0 days 01:45:08.014000,2026-08-23 13:51:50.791,1,17.0,False,,False,True
0 days 01:47:46.575000,LIN,41,0 days 00:01:19.272000,15.0,3.0,,,0 days 00:00:26.934000,0 days 00:00:28.783000,0 days 00:00:23.555000,0 days 01:46:55.837000,0 days 01:47:24.620000,0 days 01:47:48.175000,274.0,271.0,320.0,309.0,False,MEDIUM,10.0,False,Racing Bulls,0 days 01:46:27.303000,2026-08-23 13:53:10.080,1,16.0,False,,False,True
0 days 01:49:05.507000,LIN,41,0 days 00:01:18.932000,16.0,3.0,,,0 days 00:00:26.735000,0 days 00:00:28.680000,0 days 00:00:23.517000,0 days 01:48:14.910000,0 days 01:48:43.590000,0 days 01:49:07.107000,273.0,271.0,319.0,304.0,False,MEDIUM,11.0,False,Racing Bulls,0 days 01:47:46.575000,2026-08-23 13:54:29.352,1,15.0,False,,False,True
0 days 01:50:24.709000,LIN,41,0 days 00:01:19.202000,17.0,3.0,,,0 days 00:00:26.737000,0 days 00:00:28.882000,0 days 00:00:23.583000,0 days 01:49:33.844000,0 days 01:50:02.726000,0 days 01:50:26.309000,275.0,271.0,320.0,302.0,False,MEDIUM,12.0,False,Racing Bulls,0 days 01:49:05.507000,2026-08-23 13:55:48.284,1,14.0,False,,False,True
0 days 01:51:43.601000,LIN,41,0 days 00:01:18.892000,18.0,3.0,,,0 days 00:00:26.719000,0 days 00:00:28.728000,0 days 00:00:23.445000,0 days 01:50:53.028000,0 days 01:51:21.756000,0 days 01:51:45.201000,274.0,272.0,321.0,305.0,False,MEDIUM,13.0,False,Racing Bulls,0 days 01:50:24.709000,2026-08-23 13:57:07.486,1,14.0,False,,False,True
0 days 01:53:02.697000,LIN,41,0 days 00:01:19.096000,19.0,3.0,,,0 days 00:00:26.632000,0 days 00:00:28.922000,0 days 00:00:23.542000,0 days 01:52:11.833000,0 days 01:52:40.755000,0 days 01:53:04.297000,273.0,270.0,314.0,315.0,False,MEDIUM,14.0,False,Racing Bulls,0 days 01:51:43.601000,2026-08-23 13:58:26.378,1,12.0,False,,False,True
0 days 01:54:21.770000,LIN,41,0 days 00:01:19.073000,20.0,3.0,,,0 days 00:00:26.668000,0 days 00:00:28.914000,0 days 00:00:23.491000,0 days 01:53:30.965000,0 days 01:53:59.879000,0 days 01:54:23.370000,276.0,273.0,322.0,302.0,False,MEDIUM,15.0,False,Racing Bulls,0 days 01:53:02.697000,2026-08-23 13:59:45.474,1,11.0,False,,False,True
0 days 01:55:40.781000,LIN,41,0 days 00:01:19.011000,21.0,3.0,,,0 days 00:00:26.574000,0 days 00:00:28.866000,0 days 00:00:23.571000,0 days 01:54:49.944000,0 days 01:55:18.810000,0 days 01:55:42.381000,274.0,273.0,321.0,306.0,False,MEDIUM,16.0,False,Racing Bulls,0 days 01:54:21.770000,2026-08-23 14:01:04.547,1,11.0,False,,False,True
0 days 01:56:59.744000,LIN,41,0 days 00:01:18.963000,22.0,3.0,,,0 days 00:00:26.648000,0 days 00:00:28.885000,0 days 00:00:23.430000,0 days 01:56:09.029000,0 days 01:56:37.914000,0 days 01:57:01.344000,276.0,273.0,323.0,304.0,False,MEDIUM,17.0,False,Racing Bulls,0 days 01:55:40.781000,2026-08-23 14:02:23.558,1,10.0,False,,False,True
0 days 01:58:19.315000,LIN,41,0 days 00:01:19.571000,23.0,3.0,,,0 days 00:00:26.652000,0 days 00:00:29.106000,0 days 00:00:23.813000,0 days 01:57:27.996000,0 days 01:57:57.102000,0 days 01:58:20.915000,276.0,288.0,321.0,311.0,False,MEDIUM,18.0,False,Racing Bulls,0 days 01:56:59.744000,2026-08-23 14:03:42.521,1,10.0,False,,False,True
0 days 01:59:38.605000,LIN,41,0 days 00:01:19.290000,24.0,3.0,,,0 days 00:00:26.827000,0 days 00:00:28.806000,0 days 00:00:23.657000,0 days 01:58:47.742000,0 days 01:59:16.548000,0 days 01:59:40.205000,273.0,284.0,321.0,311.0,False,MEDIUM,19.0,False,Racing Bulls,0 days 01:58:19.315000,2026-08-23 14:05:02.092,1,10.0,False,,False,True
0 days 02:00:57.908000,LIN,41,0 days 00:01:19.303000,25.0,3.0,,,0 days 00:00:26.690000,0 days 00:00:29.095000,0 days 00:00:23.518000,0 days 02:00:06.895000,0 days 02:00:35.990000,0 days 02:00:59.508000,276.0,275.0,336.0,308.0,False,MEDIUM,20.0,False,Racing Bulls,0 days 01:59:38.605000,2026-08-23 14:06:21.382,1,10.0,False,,False,True
0 days 02:02:18.287000,LIN,41,0 days 00:01:20.379000,26.0,3.0,,,0 days 00:00:27.068000,0 days 00:00:29.223000,0 days 00:00:24.088000,0 days 02:01:26.576000,0 days 02:01:55.799000,0 days 02:02:19.887000,278.0,292.0,327.0,295.0,False,MEDIUM,21.0,False,Racing Bulls,0 days 02:00:57.908000,2026-08-23 14:07:40.685,1,10.0,False,,False,True
0 days 02:03:38.619000,LIN,41,0 days 00:01:20.332000,27.0,3.0,,,0 days 00:00:27.100000,0 days 00:00:29.513000,0 days 00:00:23.719000,0 days 02:02:46.987000,0 days 02:03:16.500000,0 days 02:03:40.219000,261.0,282.0,330.0,299.0,False,MEDIUM,22.0,False,Racing Bulls,0 days 02:02:18.287000,2026-08-23 14:09:01.064,1,10.0,False,,False,True
0 days 02:04:58.470000,LIN,41,0 days 00:01:19.851000,28.0,3.0,,,0 days 00:00:27.058000,0 days 00:00:29.119000,0 days 00:00:23.674000,0 days 02:04:07.277000,0 days 02:04:36.396000,0 days 02:05:00.070000,275.0,273.0,323.0,316.0,False,MEDIUM,23.0,False,Racing Bulls,0 days 02:03:38.619000,2026-08-23 14:10:21.396,1,10.0,False,,False,True
0 days 02:06:19.443000,LIN,41,0 days 00:01:20.973000,29.0,3.0,,,0 days 00:00:28.089000,0 days 00:00:29.273000,0 days 00:00:23.611000,0 days 02:05:28.159000,0 days 02:05:57.432000,0 days 02:06:21.043000,277.0,274.0,323.0,245.0,False,MEDIUM,24.0,False,Racing Bulls,0 days 02:04:58.470000,2026-08-23 14:11:41.247,1,12.0,False,,False,True
0 days 02:07:39.289000,LIN,41,0 days 00:01:19.846000,30.0,3.0,,,0 days 00:00:26.756000,0 days 00:00:29.174000,0 days 00:00:23.916000,0 days 02:06:47.799000,0 days 02:07:16.973000,0 days 02:07:40.889000,274.0,275.0,328.0,316.0,False,MEDIUM,25.0,False,Racing Bulls,0 days 02:06:19.443000,2026-08-23 14:13:02.220,1,11.0,False,,False,True
0 days 02:08:58.008000,LIN,41,0 days 00:01:18.719000,31.0,3.0,,,0 days 00:00:26.552000,0 days 00:00:28.776000,0 days 00:00:23.391000,0 days 02:08:07.441000,0 days 02:08:36.217000,0 days 02:08:59.608000,274.0,272.0,320.0,315.0,False,MEDIUM,26.0,False,Racing Bulls,0 days 02:07:39.289000,2026-08-23 14:14:22.066,1,11.0,False,,False,True
0 days 02:10:17.015000,LIN,41,0 days 00:01:19.007000,32.0,3.0,,,0 days 00:00:26.744000,0 days 00:00:28.786000,0 days 00:00:23.477000,0 days 02:09:26.352000,0 days 02:09:55.138000,0 days 02:10:18.615000,273.0,271.0,317.0,307.0,False,MEDIUM,27.0,False,Racing Bulls,0 days 02:08:58.008000,2026-08-23 14:15:40.785,1,11.0,False,,False,True
0 days 02:11:35.960000,LIN,41,0 days 00:01:18.945000,33.0,3.0,,,0 days 00:00:26.795000,0 days 00:00:28.733000,0 days 00:00:23.417000,0 days 02:10:45.410000,0 days 02:11:14.143000,0 days 02:11:37.560000,276.0,272.0,318.0,305.0,False,MEDIUM,28.0,False,Racing Bulls,0 days 02:10:17.015000,2026-08-23 14:16:59.792,1,11.0,False,,False,True
0 days 02:12:55.054000,LIN,41,0 days 00:01:19.094000,34.0,3.0,,,0 days 00:00:26.632000,0 days 00:00:28.785000,0 days 00:00:23.677000,0 days 02:12:04.192000,0 days 02:12:32.977000,0 days 02:12:56.654000,274.0,271.0,318.0,309.0,False,MEDIUM,29.0,False,Racing Bulls,0 days 02:11:35.960000,2026-08-23 14:18:18.737,1,11.0,False,,False,True
0 days 02:14:14.973000,LIN,41,0 days 00:01:19.919000,35.0,3.0,,,0 days 00:00:27.229000,0 days 00:00:28.955000,0 days 00:00:23.735000,0 days 02:13:23.883000,0 days 02:13:52.838000,0 days 02:14:16.573000,275.0,271.0,313.0,317.0,False,MEDIUM,30.0,False,Racing Bulls,0 days 02:12:55.054000,2026-08-23 14:19:37.831,1,11.0,False,,False,True
0 days 02:15:39.371000,LIN,41,0 days 00:01:24.398000,36.0,3.0,,0 days 02:15:39.823000,0 days 00:00:26.831000,0 days 00:00:30.441000,0 days 00:00:27.126000,0 days 02:14:43.404000,0 days 02:15:13.845000,0 days 02:15:40.971000,275.0,257.0,,296.0,False,MEDIUM,31.0,False,Racing Bulls,0 days 02:14:14.973000,2026-08-23 14:20:57.750,1,13.0,False,,False,False
0 days 02:17:14.019000,LIN,41,0 days 00:01:34.648000,37.0,4.0,0 days 02:15:58.341000,,0 days 00:00:43.560000,0 days 00:00:28.136000,0 days 00:00:22.952000,0 days 02:16:24.531000,0 days 02:16:52.667000,0 days 02:17:15.619000,281.0,281.0,341.0,296.0,False,HARD,1.0,True,Racing Bulls,0 days 02:15:39.371000,2026-08-23 14:22:22.148,1,15.0,False,,False,False
0 days 02:18:32.769000,LIN,41,0 days 00:01:18.750000,38.0,4.0,,,0 days 00:00:26.638000,0 days 00:00:28.121000,0 days 00:00:23.991000,0 days 02:17:42.257000,0 days 02:18:10.378000,0 days 02:18:34.369000,280.0,296.0,330.0,336.0,False,HARD,2.0,True,Racing Bulls,0 days 02:17:14.019000,2026-08-23 14:23:56.796,1,16.0,False,,False,True
0 days 02:19:51.081000,LIN,41,0 days 00:01:18.312000,39.0,4.0,,,0 days 00:00:26.433000,0 days 00:00:28.428000,0 days 00:00:23.451000,0 days 02:19:00.802000,0 days 02:19:29.230000,0 days 02:19:52.681000,280.0,275.0,340.0,315.0,True,HARD,3.0,True,Racing Bulls,0 days 02:18:32.769000,2026-08-23 14:25:15.546,1,16.0,False,,False,True
0 days 02:21:09.518000,LIN,41,0 days 00:01:18.437000,40.0,4.0,,,0 days 00:00:26.287000,0 days 00:00:27.994000,0 days 00:00:24.156000,0 days 02:20:18.968000,0 days 02:20:46.962000,0 days 02:21:11.118000,271.0,277.0,334.0,335.0,False,HARD,4.0,True,Racing Bulls,0 days 02:19:51.081000,2026-08-23 14:26:33.858,1,15.0,False,,False,True
0 days 02:22:26.976000,LIN,41,0 days 00:01:17.458000,41.0,4.0,,,0 days 00:00:26.356000,0 days 00:00:28.060000,0 days 00:00:23.042000,0 days 02:21:37.474000,0 days 02:22:05.534000,0 days 02:22:28.576000,277.0,277.0,341.0,319.0,True,HARD,5.0,True,Racing Bulls,0 days 02:21:09.518000,2026-08-23 14:27:52.295,1,14.0,False,,False,True
0 days 02:23:45.350000,LIN,41,0 days 00:01:18.374000,42.0,4.0,,,0 days 00:00:26.742000,0 days 00:00:28.583000,0 days 00:00:23.049000,0 days 02:22:55.318000,0 days 02:23:23.901000,0 days 02:23:46.950000,280.0,277.0,340.0,332.0,False,HARD,6.0,True,Racing Bulls,0 days 02:22:26.976000,2026-08-23 14:29:09.753,1,14.0,False,,False,True
0 days 02:25:04.942000,LIN,41,0 days 00:01:19.592000,43.0,4.0,,,0 days 00:00:26.752000,0 days 00:00:29.527000,0 days 00:00:23.313000,0 days 02:24:13.702000,0 days 02:24:43.229000,0 days 02:25:06.542000,276.0,279.0,342.0,326.0,False,HARD,7.0,True,Racing Bulls,0 days 02:23:45.350000,2026-08-23 14:30:28.127,1,14.0,False,,False,True
0 days 02:26:22.602000,LIN,41,0 days 00:01:17.660000,44.0,4.0,,,0 days 00:00:26.305000,0 days 00:00:28.175000,0 days 00:00:23.180000,0 days 02:25:32.847000,0 days 02:26:01.022000,0 days 02:26:24.202000,275.0,272.0,320.0,320.0,False,HARD,8.0,True,Racing Bulls,0 days 02:25:04.942000,2026-08-23 14:31:47.719,1,14.0,False,,False,True
0 days 02:27:40.091000,LIN,41,0 days 00:01:17.489000,45.0,4.0,,,0 days 00:00:26.215000,0 days 00:00:28.071000,0 days 00:00:23.203000,0 days 02:26:50.417000,0 days 02:27:18.488000,0 days 02:27:41.691000,275.0,272.0,320.0,304.0,False,HARD,9.0,True,Racing Bulls,0 days 02:26:22.602000,2026-08-23 14:33:05.379,1,14.0,False,,False,True
0 days 02:28:57.389000,LIN,41,0 days 00:01:17.298000,46.0,4.0,,,0 days 00:00:26.170000,0 days 00:00:28.050000,0 days 00:00:23.078000,0 days 02:28:07.861000,0 days 02:28:35.911000,0 days 02:28:58.989000,277.0,274.0,321.0,304.0,True,HARD,10.0,True,Racing Bulls,0 days 02:27:40.091000,2026-08-23 14:34:22.868,1,14.0,False,,False,True
0 days 02:30:14.829000,LIN,41,0 days 00:01:17.440000,47.0,4.0,,,0 days 00:00:26.275000,0 days 00:00:28.033000,0 days 00:00:23.132000,0 days 02:29:25.264000,0 days 02:29:53.297000,0 days 02:30:16.429000,277.0,276.0,322.0,305.0,False,HARD,11.0,True,Racing Bulls,0 days 02:28:57.389000,2026-08-23 14:35:40.166,1,14.0,False,,False,True
0 days 02:31:33.580000,LIN,41,0 days 00:01:18.751000,48.0,4.0,,,0 days 00:00:26.203000,0 days 00:00:28.264000,0 days 00:00:24.284000,0 days 02:30:42.632000,0 days 02:31:10.896000,0 days 02:31:35.180000,278.0,276.0,332.0,312.0,False,HARD,12.0,True,Racing Bulls,0 days 02:30:14.829000,2026-08-23 14:36:57.606,1,14.0,False,,False,True
0 days 02:32:50.954000,LIN,41,0 days 00:01:17.374000,49.0,4.0,,,0 days 00:00:26.286000,0 days 00:00:28.010000,0 days 00:00:23.078000,0 days 02:32:01.466000,0 days 02:32:29.476000,0 days 02:32:52.554000,281.0,280.0,328.0,312.0,False,HARD,13.0,True,Racing Bulls,0 days 02:31:33.580000,2026-08-23 14:38:16.357,1,13.0,False,,False,True
0 days 02:34:08.309000,LIN,41,0 days 00:01:17.355000,50.0,4.0,,,0 days 00:00:26.138000,0 days 00:00:28.032000,0 days 00:00:23.185000,0 days 02:33:18.692000,0 days 02:33:46.724000,0 days 02:34:09.909000,279.0,275.0,321.0,311.0,False,HARD,14.0,True,Racing Bulls,0 days 02:32:50.954000,2026-08-23 14:39:33.731,1,13.0,False,,False,True
0 days 02:35:25.964000,LIN,41,0 days 00:01:17.655000,51.0,4.0,,,0 days 00:00:26.265000,0 days 00:00:28.157000,0 days 00:00:23.233000,0 days 02:34:36.174000,0 days 02:35:04.331000,0 days 02:35:27.564000,276.0,272.0,319.0,310.0,False,HARD,15.0,True,Racing Bulls,0 days 02:34:08.309000,2026-08-23 14:40:51.086,1,13.0,False,,False,True
0 days 02:36:43.541000,LIN,41,0 days 00:01:17.577000,52.0,4.0,,,0 days 00:00:26.187000,0 days 00:00:28.120000,0 days 00:00:23.270000,0 days 02:35:53.751000,0 days 02:36:21.871000,0 days 02:36:45.141000,277.0,275.0,319.0,302.0,False,HARD,16.0,True,Racing Bulls,0 days 02:35:25.964000,2026-08-23 14:42:08.741,1,13.0,False,,False,True
0 days 02:38:08.216000,LIN,41,0 days 00:01:24.675000,53.0,4.0,,,0 days 00:00:26.256000,0 days 00:00:28.103000,0 days 00:00:30.316000,0 days 02:37:11.397000,0 days 02:37:39.500000,0 days 02:38:09.816000,276.0,273.0,219.0,303.0,False,HARD,17.0,True,Racing Bulls,0 days 02:36:43.541000,2026-08-23 14:43:26.318,126,13.0,False,,False,False
0 days 02:39:49.591000,LIN,41,0 days 00:01:41.375000,54.0,4.0,,,0 days 00:00:36.499000,0 days 00:00:33.399000,0 days 00:00:31.477000,0 days 02:38:46.315000,0 days 02:39:19.714000,0 days 02:39:51.191000,201.0,168.0,220.0,243.0,False,HARD,18.0,True,Racing Bulls,0 days 02:38:08.216000,2026-08-23 14:44:50.993,6,12.0,False,,False,False
0 days 02:41:33.458000,LIN,41,0 days 00:01:43.867000,55.0,4.0,,,0 days 00:00:34.914000,0 days 00:00:37.477000,0 days 00:00:31.476000,0 days 02:40:26.105000,0 days 02:41:03.582000,0 days 02:41:35.058000,266.0,186.0,245.0,242.0,False,HARD,19.0,True,Racing Bulls,0 days 02:39:49.591000,2026-08-23 14:46:32.368,6,12.0,False,,False,False
0 days 02:42:59.808000,LIN,41,0 days 00:01:26.350000,56.0,4.0,,,0 days 00:00:34.139000,0 days 00:00:28.332000,0 days 00:00:23.879000,0 days 02:42:09.197000,0 days 02:42:37.529000,0 days 02:43:01.408000,193.0,286.0,334.0,257.0,False,HARD,20.0,True,Racing Bulls,0 days 02:41:33.458000,2026-08-23 14:48:16.235,671,12.0,False,,False,False
0 days 02:44:17.032000,LIN,41,0 days 00:01:17.224000,57.0,4.0,,,0 days 00:00:26.309000,0 days 00:00:27.721000,0 days 00:00:23.194000,0 days 02:43:27.717000,0 days 02:43:55.438000,0 days 02:44:18.632000,278.0,275.0,322.0,311.0,True,HARD,21.0,True,Racing Bulls,0 days 02:42:59.808000,2026-08-23 14:49:42.585,1,12.0,False,,False,True
0 days 02:45:34.214000,LIN,41,0 days 00:01:17.182000,58.0,4.0,,,0 days 00:00:26.079000,0 days 00:00:27.925000,0 days 00:00:23.178000,0 days 02:44:44.711000,0 days 02:45:12.636000,0 days 02:45:35.814000,279.0,276.0,318.0,312.0,True,HARD,22.0,True,Racing Bulls,0 days 02:44:17.032000,2026-08-23 14:50:59.809,1,12.0,False,,False,True
0 days 02:46:51.200000,LIN,41,0 days 00:01:16.986000,59.0,4.0,,,0 days 00:00:26.168000,0 days 00:00:27.687000,0 days 00:00:23.131000,0 days 02:46:01.982000,0 days 02:46:29.669000,0 days 02:46:52.800000,278.0,274.0,319.0,300.0,True,HARD,23.0,True,Racing Bulls,0 days 02:45:34.214000,2026-08-23 14:52:16.991,1,12.0,False,,False,True
0 days 02:48:07.853000,LIN,41,0 days 00:01:16.653000,60.0,4.0,,,0 days 00:00:25.968000,0 days 00:00:27.634000,0 days 00:00:23.051000,0 days 02:47:18.768000,0 days 02:47:46.402000,0 days 02:48:09.453000,278.0,275.0,319.0,303.0,True,HARD,24.0,True,Racing Bulls,0 days 02:46:51.200000,2026-08-23 14:53:33.977,1,12.0,False,,False,True
0 days 02:49:24.643000,LIN,41,0 days 00:01:16.790000,61.0,4.0,,,0 days 00:00:26.062000,0 days 00:00:27.665000,0 days 00:00:23.063000,0 days 02:48:35.515000,0 days 02:49:03.180000,0 days 02:49:26.243000,277.0,275.0,320.0,303.0,False,HARD,25.0,True,Racing Bulls,0 days 02:48:07.853000,2026-08-23 14:54:50.630,1,12.0,False,,False,True
0 days 02:50:41.774000,LIN,41,0 days 00:01:17.131000,62.0,4.0,,,0 days 00:00:26.068000,0 days 00:00:27.911000,0 days 00:00:23.152000,0 days 02:49:52.311000,0 days 02:50:20.222000,0 days 02:50:43.374000,277.0,274.0,319.0,303.0,False,HARD,26.0,True,Racing Bulls,0 days 02:49:24.643000,2026-08-23 14:56:07.420,1,12.0,False,,False,True
0 days 02:51:58.835000,LIN,41,0 days 00:01:17.061000,63.0,4.0,,,0 days 00:00:26.044000,0 days 00:00:27.876000,0 days 00:00:23.141000,0 days 02:51:09.418000,0 days 02:51:37.294000,0 days 02:52:00.435000,274.0,272.0,319.0,320.0,False,HARD,27.0,True,Racing Bulls,0 days 02:50:41.774000,2026-08-23 14:57:24.551,1,12.0,False,,False,True
0 days 02:53:16.410000,LIN,41,0 days 00:01:17.575000,64.0,4.0,,,0 days 00:00:26.549000,0 days 00:00:27.922000,0 days 00:00:23.104000,0 days 02:52:26.984000,0 days 02:52:54.906000,0 days 02:53:18.010000,274.0,271.0,312.0,308.0,False,HARD,28.0,True,Racing Bulls,0 days 02:51:58.835000,2026-08-23 14:58:41.612,1,12.0,False,,False,True
0 days 02:54:34.006000,LIN,41,0 days 00:01:17.596000,65.0,4.0,,,0 days 00:00:26.248000,0 days 00:00:28.172000,0 days 00:00:23.176000,0 days 02:53:44.258000,0 days 02:54:12.430000,0 days 02:54:35.606000,276.0,273.0,318.0,300.0,False,HARD,29.0,True,Racing Bulls,0 days 02:53:16.410000,2026-08-23 14:59:59.187,1,12.0,False,,False,True
0 days 02:55:51.419000,LIN,41,0 days 00:01:17.413000,66.0,4.0,,,0 days 00:00:26.242000,0 days 00:00:27.951000,0 days 00:00:23.220000,0 days 02:55:01.848000,0 days 02:55:29.799000,0 days 02:55:53.019000,279.0,275.0,320.0,300.0,False,HARD,30.0,True,Racing Bulls,0 days 02:54:34.006000,2026-08-23 15:01:16.783,1,12.0,False,,False,True
0 days 02:57:08.934000,LIN,41,0 days 00:01:17.515000,67.0,4.0,,,0 days 00:00:26.344000,0 days 00:00:28.090000,0 days 00:00:23.081000,0 days 02:56:19.363000,0 days 02:56:47.453000,0 days 02:57:10.534000,279.0,276.0,320.0,302.0,False,HARD,31.0,True,Racing Bulls,0 days 02:55:51.419000,2026-08-23 15:02:34.196,1,12.0,False,,False,True
0 days 02:58:42.857000,LIN,41,0 days 00:01:33.923000,68.0,4.0,,,0 days 00:00:26.229000,0 days 00:00:37.241000,0 days 00:00:30.453000,0 days 02:57:36.763000,0 days 02:58:14.004000,0 days 02:58:44.457000,278.0,211.0,244.0,305.0,False,HARD,32.0,True,Racing Bulls,0 days 02:57:08.934000,2026-08-23 15:03:51.711,167,12.0,False,,False,False
0 days 03:00:00.688000,LIN,41,0 days 00:01:17.831000,69.0,4.0,,,0 days 00:00:26.800000,0 days 00:00:27.913000,0 days 00:00:23.118000,0 days 02:59:11.257000,0 days 02:59:39.170000,0 days 03:00:02.288000,276.0,275.0,318.0,289.0,False,HARD,33.0,True,Racing Bulls,0 days 02:58:42.857000,2026-08-23 15:05:25.634,1,12.0,False,,False,True
0 days 03:01:17.942000,LIN,41,0 days 00:01:17.254000,70.0,4.0,,,0 days 00:00:26.175000,0 days 00:00:27.942000,0 days 00:00:23.137000,0 days 03:00:28.463000,0 days 03:00:56.405000,0 days 03:01:19.542000,278.0,275.0,321.0,301.0,False,HARD,34.0,True,Racing Bulls,0 days 03:00:00.688000,2026-08-23 15:06:43.465,1,12.0,False,,False,True
0 days 03:02:34.993000,LIN,41,0 days 00:01:17.051000,71.0,4.0,,,0 days 00:00:26.098000,0 days 00:00:27.828000,0 days 00:00:23.125000,0 days 03:01:45.640000,0 days 03:02:13.468000,0 days 03:02:36.593000,276.0,291.0,319.0,321.0,False,HARD,35.0,True,Racing Bulls,0 days 03:01:17.942000,2026-08-23 15:08:00.719,1,12.0,False,,False,True
0 days 00:58:17.505000,COL,43,0 days 00:01:33.003000,1.0,1.0,,,,0 days 00:00:29.250000,0 days 00:00:28.184000,,0 days 00:57:51.040000,0 days 00:58:19.169000,276.0,267.0,293.0,192.0,False,MEDIUM,1.0,True,Alpine,0 days 00:56:45.791000,2026-08-23 13:03:28.568,12,10.0,False,,False,False
0 days 01:00:39.135000,COL,43,0 days 00:02:21.630000,2.0,1.0,,0 days 01:00:38.378000,0 days 00:00:28.255000,0 days 00:00:47.706000,0 days 00:01:05.669000,0 days 00:58:47.366000,0 days 00:59:35.072000,0 days 01:00:40.741000,252.0,112.0,,265.0,False,MEDIUM,2.0,True,Alpine,0 days 00:58:17.505000,2026-08-23 13:05:00.282,25,10.0,False,,False,False
0 days 01:30:09.483000,COL,43,,3.0,2.0,0 days 01:26:57.187000,,,0 days 00:00:28.801000,,,0 days 01:27:57.367000,,262.0,246.0,1.0,265.0,False,MEDIUM,1.0,True,Alpine,0 days 01:26:17.312000,2026-08-23 13:33:00.089,12,9.0,False,,False,False
0 days 01:32:58.723000,COL,43,,4.0,2.0,,,0 days 00:00:41.472000,0 days 00:00:30.593000,0 days 00:01:37.193000,0 days 01:30:52.597000,0 days 01:31:23.186000,0 days 01:33:00.369000,249.0,248.0,2.0,147.0,False,MEDIUM,2.0,True,Alpine,0 days 01:30:09.483000,2026-08-23 13:36:52.260,1,9.0,False,,False,False
0 days 01:34:23.500000,COL,43,0 days 00:01:24.777000,5.0,2.0,,,0 days 00:00:31.349000,0 days 00:00:29.270000,0 days 00:00:24.158000,0 days 01:33:31.678000,0 days 01:34:00.948000,0 days 01:34:25.106000,282.0,272.0,332.0,210.0,True,MEDIUM,3.0,True,Alpine,0 days 01:32:58.723000,2026-08-23 13:39:41.500,12,10.0,False,,False,True
0 days 01:35:42.724000,COL,43,0 days 00:01:19.224000,6.0,2.0,,,0 days 00:00:27.314000,0 days 00:00:28.359000,0 days 00:00:23.551000,0 days 01:34:52.420000,0 days 01:35:20.779000,0 days 01:35:44.330000,284.0,283.0,336.0,277.0,True,MEDIUM,4.0,True,Alpine,0 days 01:34:23.500000,2026-08-23 13:41:06.277,1,10.0,False,,False,True
0 days 01:37:01.887000,COL,43,0 days 00:01:19.163000,7.0,2.0,,,0 days 00:00:27.015000,0 days 00:00:28.471000,0 days 00:00:23.677000,0 days 01:36:11.345000,0 days 01:36:39.816000,0 days 01:37:03.493000,278.0,276.0,327.0,295.0,True,MEDIUM,5.0,True,Alpine,0 days 01:35:42.724000,2026-08-23 13:42:25.501,1,10.0,False,,False,True
0 days 01:38:23.611000,COL,43,0 days 00:01:21.724000,8.0,2.0,,0 days 01:38:24.040000,0 days 00:00:26.896000,0 days 00:00:28.349000,0 days 00:00:26.479000,0 days 01:37:30.389000,0 days 01:37:58.738000,0 days 01:38:25.217000,286.0,281.0,,294.0,False,MEDIUM,6.0,True,Alpine,0 days 01:37:01.887000,2026-08-23 13:43:44.664,1,13.0,False,,False,False
0 days 01:39:53.325000,COL,43,0 days 00:01:29.714000,9.0,3.0,0 days 01:38:36.118000,,0 days 00:00:37.496000,0 days 00:00:28.436000,0 days 00:00:23.782000,0 days 01:39:02.713000,0 days 01:39:31.149000,0 days 01:39:54.931000,273.0,280.0,323.0,294.0,False,MEDIUM,7.0,False,Alpine,0 days 01:38:23.611000,2026-08-23 13:45:06.388,1,20.0,False,,False,False
0 days 01:41:12.206000,COL,43,0 days 00:01:18.881000,10.0,3.0,,,0 days 00:00:26.715000,0 days 00:00:28.603000,0 days 00:00:23.563000,0 days 01:40:21.646000,0 days 01:40:50.249000,0 days 01:41:13.812000,277.0,273.0,324.0,303.0,True,MEDIUM,8.0,False,Alpine,0 days 01:39:53.325000,2026-08-23 13:46:36.102,1,20.0,False,,False,True
0 days 01:42:31.729000,COL,43,0 days 00:01:19.523000,11.0,3.0,,,0 days 00:00:26.688000,0 days 00:00:28.931000,0 days 00:00:23.904000,0 days 01:41:40.500000,0 days 01:42:09.431000,0 days 01:42:33.335000,276.0,273.0,323.0,299.0,False,MEDIUM,9.0,False,Alpine,0 days 01:41:12.206000,2026-08-23 13:47:54.983,1,20.0,False,,False,True
0 days 01:43:51.485000,COL,43,0 days 00:01:19.756000,12.0,3.0,,,0 days 00:00:27.090000,0 days 00:00:28.943000,0 days 00:00:23.723000,0 days 01:43:00.425000,0 days 01:43:29.368000,0 days 01:43:53.091000,279.0,276.0,323.0,295.0,False,MEDIUM,10.0,False,Alpine,0 days 01:42:31.729000,2026-08-23 13:49:14.506,1,19.0,False,,False,True
0 days 01:45:10.801000,COL,43,0 days 00:01:19.316000,13.0,3.0,,,0 days 00:00:26.709000,0 days 00:00:28.954000,0 days 00:00:23.653000,0 days 01:44:19.800000,0 days 01:44:48.754000,0 days 01:45:12.407000,278.0,277.0,325.0,302.0,False,MEDIUM,11.0,False,Alpine,0 days 01:43:51.485000,2026-08-23 13:50:34.262,1,19.0,False,,False,True
0 days 01:46:30.002000,COL,43,0 days 00:01:19.201000,14.0,3.0,,,0 days 00:00:26.571000,0 days 00:00:29.026000,0 days 00:00:23.604000,0 days 01:45:38.978000,0 days 01:46:08.004000,0 days 01:46:31.608000,277.0,279.0,334.0,304.0,False,MEDIUM,12.0,False,Alpine,0 days 01:45:10.801000,2026-08-23 13:51:53.578,1,19.0,False,,False,True
0 days 01:47:50.252000,COL,43,0 days 00:01:20.250000,15.0,3.0,,,0 days 00:00:27.010000,0 days 00:00:29.317000,0 days 00:00:23.923000,0 days 01:46:58.618000,0 days 01:47:27.935000,0 days 01:47:51.858000,281.0,276.0,338.0,289.0,False,MEDIUM,13.0,False,Alpine,0 days 01:46:30.002000,2026-08-23 13:53:12.779,1,19.0,False,,False,True
0 days 01:49:11.028000,COL,43,0 days 00:01:20.776000,16.0,3.0,,,0 days 00:00:26.913000,0 days 00:00:29.470000,0 days 00:00:24.393000,0 days 01:48:18.771000,0 days 01:48:48.241000,0 days 01:49:12.634000,283.0,278.0,339.0,285.0,False,MEDIUM,14.0,False,Alpine,0 days 01:47:50.252000,2026-08-23 13:54:33.029,1,19.0,False,,False,True
0 days 01:50:31.747000,COL,43,0 days 00:01:20.719000,17.0,3.0,,,0 days 00:00:27.030000,0 days 00:00:29.566000,0 days 00:00:24.123000,0 days 01:49:39.664000,0 days 01:50:09.230000,0 days 01:50:33.353000,283.0,278.0,326.0,303.0,False,MEDIUM,15.0,False,Alpine,0 days 01:49:11.028000,2026-08-23 13:55:53.805,1,18.0,False,,False,True
0 days 01:51:51.933000,COL,43,0 days 00:01:20.186000,18.0,3.0,,,0 days 00:00:26.876000,0 days 00:00:29.199000,0 days 00:00:24.111000,0 days 01:51:00.229000,0 days 01:51:29.428000,0 days 01:51:53.539000,289.0,278.0,332.0,303.0,False,MEDIUM,16.0,False,Alpine,0 days 01:50:31.747000,2026-08-23 13:57:14.524,1,18.0,False,,False,True
0 days 01:53:12.441000,COL,43,0 days 00:01:20.508000,19.0,3.0,,,0 days 00:00:27.062000,0 days 00:00:29.597000,0 days 00:00:23.849000,0 days 01:52:20.601000,0 days 01:52:50.198000,0 days 01:53:14.047000,281.0,278.0,340.0,294.0,False,MEDIUM,17.0,False,Alpine,0 days 01:51:51.933000,2026-08-23 13:58:34.710,1,18.0,False,,False,True
0 days 01:54:33.082000,COL,43,0 days 00:01:20.641000,20.0,3.0,,,0 days 00:00:26.816000,0 days 00:00:29.892000,0 days 00:00:23.933000,0 days 01:53:40.863000,0 days 01:54:10.755000,0 days 01:54:34.688000,286.0,280.0,338.0,300.0,False,MEDIUM,18.0,False,Alpine,0 days 01:53:12.441000,2026-08-23 13:59:55.218,1,18.0,False,,False,True
0 days 01:55:57.451000,COL,43,0 days 00:01:24.369000,21.0,3.0,,0 days 01:55:57.860000,0 days 00:00:27.058000,0 days 00:00:29.968000,0 days 00:00:27.343000,0 days 01:55:01.746000,0 days 01:55:31.714000,0 days 01:55:59.057000,286.0,265.0,,295.0,False,MEDIUM,19.0,False,Alpine,0 days 01:54:33.082000,2026-08-23 14:01:15.859,1,20.0,False,,False,False
0 days 01:57:34.249000,COL,43,0 days 00:01:36.798000,22.0,4.0,0 days 01:56:17.321000,,0 days 00:00:44.818000,0 days 00:00:28.466000,0 days 00:00:23.514000,0 days 01:56:43.875000,0 days 01:57:12.341000,0 days 01:57:35.855000,287.0,278.0,319.0,295.0,False,HARD,1.0,True,Alpine,0 days 01:55:57.451000,2026-08-23 14:02:40.228,1,20.0,False,,False,False
0 days 01:58:52.495000,COL,43,0 days 00:01:18.246000,23.0,4.0,,,0 days 00:00:26.684000,0 days 00:00:28.147000,0 days 00:00:23.415000,0 days 01:58:02.539000,0 days 01:58:30.686000,0 days 01:58:54.101000,274.0,273.0,318.0,295.0,True,HARD,2.0,True,Alpine,0 days 01:57:34.249000,2026-08-23 14:04:17.026,1,20.0,False,,False,True
0 days 02:00:09.983000,COL,43,0 days 00:01:17.488000,24.0,4.0,,,0 days 00:00:26.236000,0 days 00:00:27.961000,0 days 00:00:23.291000,0 days 01:59:20.337000,0 days 01:59:48.298000,0 days 02:00:11.589000,272.0,265.0,320.0,315.0,True,HARD,3.0,True,Alpine,0 days 01:58:52.495000,2026-08-23 14:05:35.272,1,20.0,False,,False,True
0 days 02:01:27.437000,COL,43,0 days 00:01:17.454000,25.0,4.0,,,0 days 00:00:26.160000,0 days 00:00:27.954000,0 days 00:00:23.340000,0 days 02:00:37.749000,0 days 02:01:05.703000,0 days 02:01:29.043000,278.0,274.0,304.0,304.0,True,HARD,4.0,True,Alpine,0 days 02:00:09.983000,2026-08-23 14:06:52.760,1,20.0,False,,False,True
0 days 02:02:44.670000,COL,43,0 days 00:01:17.233000,26.0,4.0,,,0 days 00:00:26.172000,0 days 00:00:27.887000,0 days 00:00:23.174000,0 days 02:01:55.215000,0 days 02:02:23.102000,0 days 02:02:46.276000,288.0,276.0,309.0,292.0,True,HARD,5.0,True,Alpine,0 days 02:01:27.437000,2026-08-23 14:08:10.214,1,20.0,False,,False,True
0 days 02:04:02.439000,COL,43,0 days 00:01:17.769000,27.0,4.0,,,0 days 00:00:26.346000,0 days 00:00:28.089000,0 days 00:00:23.334000,0 days 02:03:12.622000,0 days 02:03:40.711000,0 days 02:04:04.045000,288.0,277.0,306.0,295.0,False,HARD,6.0,True,Alpine,0 days 02:02:44.670000,2026-08-23 14:09:27.447,1,20.0,False,,False,True
0 days 02:05:20.872000,COL,43,0 days 00:01:18.433000,28.0,4.0,,,0 days 00:00:26.168000,0 days 00:00:27.844000,0 days 00:00:24.421000,0 days 02:04:30.213000,0 days 02:04:58.057000,0 days 02:05:22.478000,289.0,277.0,250.0,298.0,False,HARD,7.0,True,Alpine,0 days 02:04:02.439000,2026-08-23 14:10:45.216,1,20.0,False,,False,True
0 days 02:06:40.906000,COL,43,0 days 00:01:20.034000,29.0,4.0,,,0 days 00:00:27.747000,0 days 00:00:28.539000,0 days 00:00:23.748000,0 days 02:05:50.225000,0 days 02:06:18.764000,0 days 02:06:42.512000,293.0,284.0,307.0,248.0,False,HARD,8.0,True,Alpine,0 days 02:05:20.872000,2026-08-23 14:12:03.649,1,19.0,False,,False,True
0 days 02:07:58.723000,COL,43,0 days 00:01:17.817000,30.0,4.0,,,0 days 00:00:26.410000,0 days 00:00:28.144000,0 days 00:00:23.263000,0 days 02:07:08.922000,0 days 02:07:37.066000,0 days 02:08:00.329000,288.0,280.0,323.0,299.0,False,HARD,9.0,True,Alpine,0 days 02:06:40.906000,2026-08-23 14:13:23.683,1,18.0,False,,False,True
0 days 02:09:18.551000,COL,43,0 days 00:01:19.828000,31.0,4.0,,,0 days 00:00:26.583000,0 days 00:00:28.907000,0 days 00:00:24.338000,0 days 02:08:26.912000,0 days 02:08:55.819000,0 days 02:09:20.157000,279.0,276.0,307.0,307.0,False,HARD,10.0,True,Alpine,0 days 02:07:58.723000,2026-08-23 14:14:41.500,1,18.0,False,,False,True
0 days 02:10:39.581000,COL,43,0 days 00:01:21.030000,32.0,4.0,,,0 days 00:00:26.582000,0 days 00:00:28.757000,0 days 00:00:25.691000,0 days 02:09:46.739000,0 days 02:10:15.496000,0 days 02:10:41.187000,293.0,274.0,282.0,293.0,False,HARD,11.0,True,Alpine,0 days 02:09:18.551000,2026-08-23 14:16:01.328,1,18.0,False,,False,True
0 days 02:11:59.527000,COL,43,0 days 00:01:19.946000,33.0,4.0,,,0 days 00:00:27.018000,0 days 00:00:28.867000,0 days 00:00:24.061000,0 days 02:11:08.205000,0 days 02:11:37.072000,0 days 02:12:01.133000,295.0,288.0,306.0,281.0,False,HARD,12.0,True,Alpine,0 days 02:10:39.581000,2026-08-23 14:17:22.358,1,18.0,False,,False,True
0 days 02:13:18.252000,COL,43,0 days 00:01:18.725000,34.0,4.0,,,0 days 00:00:26.455000,0 days 00:00:28.602000,0 days 00:00:23.668000,0 days 02:12:27.588000,0 days 02:12:56.190000,0 days 02:13:19.858000,292.0,285.0,308.0,294.0,False,HARD,13.0,True,Alpine,0 days 02:11:59.527000,2026-08-23 14:18:42.304,1,18.0,False,,False,True
0 days 02:14:37.113000,COL,43,0 days 00:01:18.861000,35.0,4.0,,,0 days 00:00:26.651000,0 days 00:00:28.690000,0 days 00:00:23.520000,0 days 02:13:46.509000,0 days 02:14:15.199000,0 days 02:14:38.719000,292.0,285.0,311.0,297.0,False,HARD,14.0,True,Alpine,0 days 02:13:18.252000,2026-08-23 14:20:01.029,1,17.0,False,,False,True
0 days 02:15:55.530000,COL,43,0 days 00:01:18.417000,36.0,4.0,,,0 days 00:00:26.514000,0 days 00:00:28.430000,0 days 00:00:23.473000,0 days 02:15:05.233000,0 days 02:15:33.663000,0 days 02:15:57.136000,290.0,284.0,325.0,303.0,False,HARD,15.0,True,Alpine,0 days 02:14:37.113000,2026-08-23 14:21:19.890,1,16.0,False,,False,True
0 days 02:17:13.721000,COL,43,0 days 00:01:18.191000,37.0,4.0,,,0 days 00:00:26.311000,0 days 00:00:28.417000,0 days 00:00:23.463000,0 days 02:16:23.447000,0 days 02:16:51.864000,0 days 02:17:15.327000,283.0,289.0,323.0,314.0,False,HARD,16.0,True,Alpine,0 days 02:15:55.530000,2026-08-23 14:22:38.307,1,14.0,False,,False,True
0 days 02:18:32.442000,COL,43,0 days 00:01:18.721000,38.0,4.0,,,0 days 00:00:26.481000,0 days 00:00:28.516000,0 days 00:00:23.724000,0 days 02:17:41.808000,0 days 02:18:10.324000,0 days 02:18:34.048000,278.0,290.0,325.0,319.0,False,HARD,17.0,True,Alpine,0 days 02:17:13.721000,2026-08-23 14:23:56.498,1,14.0,False,,False,True
0 days 02:19:50.781000,COL,43,0 days 00:01:18.339000,39.0,4.0,,,0 days 00:00:26.387000,0 days 00:00:28.505000,0 days 00:00:23.447000,0 days 02:19:00.435000,0 days 02:19:28.940000,0 days 02:19:52.387000,276.0,275.0,325.0,317.0,False,HARD,18.0,True,Alpine,0 days 02:18:32.442000,2026-08-23 14:25:15.219,1,15.0,False,,False,True
0 days 02:21:12.586000,COL,43,0 days 00:01:21.805000,40.0,4.0,,,0 days 00:00:28.301000,0 days 00:00:29.276000,0 days 00:00:24.228000,0 days 02:20:20.688000,0 days 02:20:49.964000,0 days 02:21:14.192000,285.0,288.0,332.0,324.0,False,HARD,19.0,True,Alpine,0 days 02:19:50.781000,2026-08-23 14:26:33.558,1,17.0,False,,False,True
0 days 02:22:31.834000,COL,43,0 days 00:01:19.248000,41.0,4.0,,,0 days 00:00:26.866000,0 days 00:00:28.727000,0 days 00:00:23.655000,0 days 02:21:41.058000,0 days 02:22:09.785000,0 days 02:22:33.440000,291.0,280.0,325.0,286.0,False,HARD,20.0,True,Alpine,0 days 02:21:12.586000,2026-08-23 14:27:55.363,1,17.0,False,,False,True
0 days 02:23:50.093000,COL,43,0 days 00:01:18.259000,42.0,4.0,,,0 days 00:00:26.430000,0 days 00:00:28.530000,0 days 00:00:23.299000,0 days 02:22:59.870000,0 days 02:23:28.400000,0 days 02:23:51.699000,284.0,280.0,324.0,314.0,False,HARD,21.0,True,Alpine,0 days 02:22:31.834000,2026-08-23 14:29:14.611,1,17.0,False,,False,True
0 days 02:25:08.728000,COL,43,0 days 00:01:18.635000,43.0,4.0,,,0 days 00:00:26.398000,0 days 00:00:28.591000,0 days 00:00:23.646000,0 days 02:24:18.097000,0 days 02:24:46.688000,0 days 02:25:10.334000,280.0,276.0,319.0,309.0,False,HARD,22.0,True,Alpine,0 days 02:23:50.093000,2026-08-23 14:30:32.870,1,17.0,False,,False,True
0 days 02:26:27.387000,COL,43,0 days 00:01:18.659000,44.0,4.0,,,0 days 00:00:26.636000,0 days 00:00:28.555000,0 days 00:00:23.468000,0 days 02:25:36.970000,0 days 02:26:05.525000,0 days 02:26:28.993000,277.0,280.0,324.0,309.0,False,HARD,23.0,True,Alpine,0 days 02:25:08.728000,2026-08-23 14:31:51.505,1,17.0,False,,False,True
0 days 02:27:48.332000,COL,43,0 days 00:01:20.945000,45.0,4.0,,0 days 02:27:48.718000,0 days 00:00:26.440000,0 days 00:00:28.577000,0 days 00:00:25.928000,0 days 02:26:55.433000,0 days 02:27:24.010000,0 days 02:27:49.938000,282.0,281.0,,311.0,False,HARD,24.0,True,Alpine,0 days 02:26:27.387000,2026-08-23 14:33:10.164,1,17.0,False,,False,False
0 days 02:29:21.636000,COL,43,0 days 00:01:33.304000,46.0,5.0,0 days 02:28:07.044000,,0 days 00:00:42.845000,0 days 00:00:27.329000,0 days 00:00:23.130000,0 days 02:28:32.783000,0 days 02:29:00.112000,0 days 02:29:23.242000,295.0,283.0,321.0,311.0,False,SOFT,1.0,True,Alpine,0 days 02:27:48.332000,2026-08-23 14:34:31.109,1,18.0,False,,False,False
0 days 02:30:39.094000,COL,43,0 days 00:01:17.458000,47.0,5.0,,,0 days 00:00:26.106000,0 days 00:00:28.051000,0 days 00:00:23.301000,0 days 02:29:49.348000,0 days 02:30:17.399000,0 days 02:30:40.700000,275.0,271.0,304.0,310.0,False,SOFT,2.0,True,Alpine,0 days 02:29:21.636000,2026-08-23 14:36:04.413,1,18.0,False,,False,True
0 days 02:31:54.672000,COL,43,0 days 00:01:15.578000,48.0,5.0,,,0 days 00:00:25.672000,0 days 00:00:27.112000,0 days 00:00:22.794000,0 days 02:31:06.372000,0 days 02:31:33.484000,0 days 02:31:56.278000,291.0,281.0,310.0,300.0,True,SOFT,3.0,True,Alpine,0 days 02:30:39.094000,2026-08-23 14:37:21.871,1,18.0,False,,False,True
0 days 02:33:11.550000,COL,43,0 days 00:01:16.878000,49.0,5.0,,,0 days 00:00:26.204000,0 days 00:00:27.783000,0 days 00:00:22.891000,0 days 02:32:22.482000,0 days 02:32:50.265000,0 days 02:33:13.156000,293.0,293.0,321.0,301.0,False,SOFT,4.0,True,Alpine,0 days 02:31:54.672000,2026-08-23 14:38:37.449,1,17.0,False,,False,True
0 days 02:34:29.369000,COL,43,0 days 00:01:17.819000,50.0,5.0,,,0 days 00:00:26.200000,0 days 00:00:28.317000,0 days 00:00:23.302000,0 days 02:33:39.356000,0 days 02:34:07.673000,0 days 02:34:30.975000,277.0,276.0,323.0,308.0,False,SOFT,5.0,True,Alpine,0 days 02:33:11.550000,2026-08-23 14:39:54.327,1,17.0,False,,False,True
0 days 02:35:46.446000,COL,43,0 days 00:01:17.077000,51.0,5.0,,,0 days 00:00:25.922000,0 days 00:00:28.074000,0 days 00:00:23.081000,0 days 02:34:56.897000,0 days 02:35:24.971000,0 days 02:35:48.052000,282.0,279.0,324.0,316.0,False,SOFT,6.0,True,Alpine,0 days 02:34:29.369000,2026-08-23 14:41:12.146,1,17.0,False,,False,True
0 days 02:37:04.901000,COL,43,0 days 00:01:18.455000,52.0,5.0,,,0 days 00:00:25.955000,0 days 00:00:28.926000,0 days 00:00:23.574000,0 days 02:36:14.007000,0 days 02:36:42.933000,0 days 02:37:06.507000,280.0,240.0,335.0,317.0,False,SOFT,7.0,True,Alpine,0 days 02:35:46.446000,2026-08-23 14:42:29.223,1,17.0,False,,False,True
0 days 02:38:35.210000,COL,43,0 days 00:01:30.309000,53.0,5.0,,,0 days 00:00:25.973000,0 days 00:00:34.410000,0 days 00:00:29.926000,0 days 02:37:32.480000,0 days 02:38:06.890000,0 days 02:38:36.816000,288.0,207.0,235.0,311.0,False,SOFT,8.0,True,Alpine,0 days 02:37:04.901000,2026-08-23 14:43:47.678,126,16.0,False,,False,False
0 days 02:40:18.252000,COL,43,0 days 00:01:43.042000,54.0,5.0,,,0 days 00:00:36.175000,0 days 00:00:35.808000,0 days 00:00:31.059000,0 days 02:39:12.991000,0 days 02:39:48.799000,0 days 02:40:19.858000,246.0,124.0,225.0,229.0,False,SOFT,9.0,True,Alpine,0 days 02:38:35.210000,2026-08-23 14:45:17.987,6,16.0,False,,False,False
0 days 02:42:00.500000,COL,43,0 days 00:01:42.248000,55.0,5.0,,,0 days 00:00:36.494000,0 days 00:00:35.144000,0 days 00:00:30.610000,0 days 02:40:56.352000,0 days 02:41:31.496000,0 days 02:42:02.106000,246.0,127.0,246.0,242.0,False,SOFT,10.0,True,Alpine,0 days 02:40:18.252000,2026-08-23 14:47:01.029,67,16.0,False,,False,False
0 days 02:43:20.013000,COL,43,0 days 00:01:19.513000,56.0,5.0,,,0 days 00:00:28.674000,0 days 00:00:27.758000,0 days 00:00:23.081000,0 days 02:42:30.780000,0 days 02:42:58.538000,0 days 02:43:21.619000,303.0,295.0,325.0,173.0,False,SOFT,11.0,True,Alpine,0 days 02:42:00.500000,2026-08-23 14:48:43.277,71,16.0,False,,False,False
0 days 02:44:36.639000,COL,43,0 days 00:01:16.626000,57.0,5.0,,,0 days 00:00:25.884000,0 days 00:00:27.735000,0 days 00:00:23.007000,0 days 02:43:47.503000,0 days 02:44:15.238000,0 days 02:44:38.245000,280.0,282.0,324.0,314.0,False,SOFT,12.0,True,Alpine,0 days 02:43:20.013000,2026-08-23 14:50:02.790,1,16.0,False,,False,True
0 days 02:45:53.531000,COL,43,0 days 00:01:16.892000,58.0,5.0,,,0 days 00:00:25.936000,0 days 00:00:27.926000,0 days 00:00:23.030000,0 days 02:45:04.181000,0 days 02:45:32.107000,0 days 02:45:55.137000,280.0,283.0,327.0,320.0,False,SOFT,13.0,True,Alpine,0 days 02:44:36.639000,2026-08-23 14:51:19.416,1,16.0,False,,False,True
0 days 02:47:10.535000,COL,43,0 days 00:01:17.004000,59.0,5.0,,,0 days 00:00:25.942000,0 days 00:00:27.957000,0 days 00:00:23.105000,0 days 02:46:21.079000,0 days 02:46:49.036000,0 days 02:47:12.141000,286.0,281.0,327.0,321.0,False,SOFT,14.0,True,Alpine,0 days 02:45:53.531000,2026-08-23 14:52:36.308,1,16.0,False,,False,True
0 days 02:48:28.016000,COL,43,0 days 00:01:17.481000,60.0,5.0,,,0 days 00:00:25.934000,0 days 00:00:28.319000,0 days 00:00:23.228000,0 days 02:47:38.075000,0 days 02:48:06.394000,0 days 02:48:29.622000,285.0,283.0,327.0,324.0,False,SOFT,15.0,True,Alpine,0 days 02:47:10.535000,2026-08-23 14:53:53.312,1,16.0,False,,False,True
0 days 02:49:45.892000,COL,43,0 days 00:01:17.876000,61.0,5.0,,,0 days 00:00:26.052000,0 days 00:00:28.426000,0 days 00:00:23.398000,0 days 02:48:55.674000,0 days 02:49:24.100000,0 days 02:49:47.498000,284.0,285.0,338.0,315.0,False,SOFT,16.0,True,Alpine,0 days 02:48:28.016000,2026-08-23 14:55:10.793,1,15.0,False,,False,True
0 days 02:51:04.221000,COL,43,0 days 00:01:18.329000,62.0,5.0,,,0 days 00:00:26.157000,0 days 00:00:28.652000,0 days 00:00:23.520000,0 days 02:50:13.655000,0 days 02:50:42.307000,0 days 02:51:05.827000,291.0,284.0,339.0,323.0,False,SOFT,17.0,True,Alpine,0 days 02:49:45.892000,2026-08-23 14:56:28.669,1,15.0,False,,False,True
0 days 02:52:23.389000,COL,43,0 days 00:01:19.168000,63.0,5.0,,,0 days 00:00:26.279000,0 days 00:00:28.572000,0 days 00:00:24.317000,0 days 02:51:32.106000,0 days 02:52:00.678000,0 days 02:52:24.995000,293.0,287.0,284.0,315.0,False,SOFT,18.0,True,Alpine,0 days 02:51:04.221000,2026-08-23 14:57:46.998,1,15.0,False,,False,True
0 days 02:53:42.638000,COL,43,0 days 00:01:19.249000,64.0,5.0,,,0 days 00:00:26.868000,0 days 00:00:29.036000,0 days 00:00:23.345000,0 days 02:52:51.863000,0 days 02:53:20.899000,0 days 02:53:44.244000,297.0,290.0,336.0,262.0,False,SOFT,19.0,True,Alpine,0 days 02:52:23.389000,2026-08-23 14:59:06.166,1,15.0,False,,False,True
0 days 02:54:59.805000,COL,43,0 days 00:01:17.167000,65.0,5.0,,,0 days 00:00:26.262000,0 days 00:00:27.861000,0 days 00:00:23.044000,0 days 02:54:10.506000,0 days 02:54:38.367000,0 days 02:55:01.411000,293.0,282.0,323.0,313.0,False,SOFT,20.0,True,Alpine,0 days 02:53:42.638000,2026-08-23 15:00:25.415,1,14.0,False,,False,True
0 days 02:56:16.781000,COL,43,0 days 00:01:16.976000,66.0,5.0,,,0 days 00:00:25.906000,0 days 00:00:27.908000,0 days 00:00:23.162000,0 days 02:55:27.317000,0 days 02:55:55.225000,0 days 02:56:18.387000,285.0,280.0,323.0,311.0,False,SOFT,21.0,True,Alpine,0 days 02:54:59.805000,2026-08-23 15:01:42.582,1,14.0,False,,False,True
0 days 02:57:33.708000,COL,43,0 days 00:01:16.927000,67.0,5.0,,,0 days 00:00:25.954000,0 days 00:00:27.925000,0 days 00:00:23.048000,0 days 02:56:44.341000,0 days 02:57:12.266000,0 days 02:57:35.314000,284.0,279.0,323.0,318.0,False,SOFT,22.0,True,Alpine,0 days 02:56:16.781000,2026-08-23 15:02:59.558,1,14.0,False,,False,True
0 days 02:59:06.851000,COL,43,0 days 00:01:33.143000,68.0,5.0,,,0 days 00:00:37.284000,0 days 00:00:32.533000,0 days 00:00:23.326000,0 days 02:58:12.598000,0 days 02:58:45.131000,0 days 02:59:08.457000,182.0,242.0,322.0,319.0,False,SOFT,23.0,True,Alpine,0 days 02:57:33.708000,2026-08-23 15:04:16.485,167,14.0,False,,False,False
0 days 03:00:23.177000,COL,43,0 days 00:01:16.326000,69.0,5.0,,,0 days 00:00:25.626000,0 days 00:00:27.742000,0 days 00:00:22.958000,0 days 02:59:34.083000,0 days 03:00:01.825000,0 days 03:00:24.783000,284.0,279.0,322.0,322.0,False,SOFT,24.0,True,Alpine,0 days 02:59:06.851000,2026-08-23 15:05:49.628,1,14.0,False,,False,True
0 days 03:01:39.847000,COL,43,0 days 00:01:16.670000,70.0,5.0,,,0 days 00:00:25.637000,0 days 00:00:27.961000,0 days 00:00:23.072000,0 days 03:00:50.420000,0 days 03:01:18.381000,0 days 03:01:41.453000,289.0,293.0,319.0,319.0,False,SOFT,25.0,True,Alpine,0 days 03:00:23.177000,2026-08-23 15:07:05.954,1,14.0,False,,False,True
0 days 00:58:13.405000,HAM,44,0 days 00:01:28.878000,1.0,1.0,,,,0 days 00:00:28.108000,0 days 00:00:26.902000,,0 days 00:57:48.118000,0 days 00:58:15.096000,285.0,285.0,314.0,208.0,False,SOFT,1.0,True,Ferrari,0 days 00:56:45.791000,2026-08-23 13:03:28.568,1,6.0,False,,False,False
0 days 01:00:25.377000,HAM,44,0 days 00:02:11.972000,2.0,1.0,,0 days 01:00:25.507000,0 days 00:00:27.499000,0 days 00:00:46.430000,0 days 00:00:58.043000,0 days 00:58:42.519000,0 days 00:59:28.949000,0 days 01:00:26.992000,290.0,129.0,,270.0,False,SOFT,2.0,True,Ferrari,0 days 00:58:13.405000,2026-08-23 13:04:56.182,125,6.0,False,,False,False
0 days 01:28:47.160000,HAM,44,,3.0,2.0,0 days 01:26:42.232000,,,0 days 00:00:28.499000,0 days 00:01:04.125000,,0 days 01:27:44.695000,0 days 01:28:48.775000,275.0,238.0,53.0,270.0,False,SOFT,4.0,False,Ferrari,0 days 01:26:17.312000,2026-08-23 13:33:00.089,12,6.0,False,,False,False
0 days 01:32:06.098000,HAM,44,,4.0,2.0,,,,0 days 00:00:29.922000,0 days 00:00:53.420000,,0 days 01:31:14.360000,0 days 01:32:07.812000,245.0,223.0,59.0,104.0,False,SOFT,5.0,False,Ferrari,0 days 01:28:47.160000,2026-08-23 13:35:29.937,21,6.0,False,,False,False
0 days 01:34:21.047000,HAM,44,0 days 00:02:14.949000,5.0,2.0,,,0 days 00:01:22.487000,0 days 00:00:28.673000,0 days 00:00:23.789000,0 days 01:33:30.200000,0 days 01:33:58.873000,0 days 01:34:22.662000,284.0,282.0,326.0,219.0,True,SOFT,6.0,False,Ferrari,0 days 01:32:06.098000,2026-08-23 13:38:48.875,12,6.0,False,,False,True
0 days 01:35:39.272000,HAM,44,0 days 00:01:18.225000,6.0,2.0,,,0 days 00:00:26.790000,0 days 00:00:28.153000,0 days 00:00:23.282000,0 days 01:34:49.452000,0 days 01:35:17.605000,0 days 01:35:40.887000,278.0,270.0,331.0,299.0,True,SOFT,7.0,False,Ferrari,0 days 01:34:21.047000,2026-08-23 13:41:03.824,1,6.0,False,,False,True
0 days 01:36:57.068000,HAM,44,0 days 00:01:17.796000,7.0,2.0,,,0 days 00:00:26.578000,0 days 00:00:27.966000,0 days 00:00:23.252000,0 days 01:36:07.465000,0 days 01:36:35.431000,0 days 01:36:58.683000,277.0,270.0,328.0,301.0,True,SOFT,8.0,False,Ferrari,0 days 01:35:39.272000,2026-08-23 13:42:22.049,1,6.0,False,,False,True
0 days 01:38:14.396000,HAM,44,0 days 00:01:17.328000,8.0,2.0,,,0 days 00:00:26.380000,0 days 00:00:27.858000,0 days 00:00:23.090000,0 days 01:37:25.063000,0 days 01:37:52.921000,0 days 01:38:16.011000,276.0,273.0,327.0,304.0,True,SOFT,9.0,False,Ferrari,0 days 01:36:57.068000,2026-08-23 13:43:39.845,1,6.0,False,,False,True
0 days 01:39:31.364000,HAM,44,0 days 00:01:16.968000,9.0,2.0,,,0 days 00:00:26.295000,0 days 00:00:27.765000,0 days 00:00:22.908000,0 days 01:38:42.306000,0 days 01:39:10.071000,0 days 01:39:32.979000,277.0,272.0,328.0,292.0,True,SOFT,10.0,False,Ferrari,0 days 01:38:14.396000,2026-08-23 13:44:57.173,1,6.0,False,,False,True
0 days 01:40:48.863000,HAM,44,0 days 00:01:17.499000,10.0,2.0,,,0 days 00:00:26.247000,0 days 00:00:28.141000,0 days 00:00:23.111000,0 days 01:39:59.226000,0 days 01:40:27.367000,0 days 01:40:50.478000,278.0,268.0,319.0,305.0,False,SOFT,11.0,False,Ferrari,0 days 01:39:31.364000,2026-08-23 13:46:14.141,1,6.0,False,,False,True
0 days 01:42:06.165000,HAM,44,0 days 00:01:17.302000,11.0,2.0,,,0 days 00:00:26.297000,0 days 00:00:27.948000,0 days 00:00:23.057000,0 days 01:41:16.775000,0 days 01:41:44.723000,0 days 01:42:07.780000,278.0,273.0,331.0,306.0,False,SOFT,12.0,False,Ferrari,0 days 01:40:48.863000,2026-08-23 13:47:31.640,1,6.0,False,,False,True
0 days 01:43:23.726000,HAM,44,0 days 00:01:17.561000,12.0,2.0,,,0 days 00:00:26.262000,0 days 00:00:28.161000,0 days 00:00:23.138000,0 days 01:42:34.042000,0 days 01:43:02.203000,0 days 01:43:25.341000,276.0,269.0,327.0,312.0,False,SOFT,13.0,False,Ferrari,0 days 01:42:06.165000,2026-08-23 13:48:48.942,1,6.0,False,,False,True
0 days 01:44:41.012000,HAM,44,0 days 00:01:17.286000,13.0,2.0,,,0 days 00:00:26.098000,0 days 00:00:28.196000,0 days 00:00:22.992000,0 days 01:43:51.439000,0 days 01:44:19.635000,0 days 01:44:42.627000,278.0,271.0,326.0,308.0,False,SOFT,14.0,False,Ferrari,0 days 01:43:23.726000,2026-08-23 13:50:06.503,1,6.0,False,,False,True
0 days 01:45:58.520000,HAM,44,0 days 00:01:17.508000,14.0,2.0,,,0 days 00:00:26.090000,0 days 00:00:28.182000,0 days 00:00:23.236000,0 days 01:45:08.717000,0 days 01:45:36.899000,0 days 01:46:00.135000,280.0,269.0,327.0,311.0,False,SOFT,15.0,False,Ferrari,0 days 01:44:41.012000,2026-08-23 13:51:23.789,1,6.0,False,,False,True
0 days 01:47:16.429000,HAM,44,0 days 00:01:17.909000,15.0,2.0,,,0 days 00:00:26.173000,0 days 00:00:28.365000,0 days 00:00:23.371000,0 days 01:46:26.308000,0 days 01:46:54.673000,0 days 01:47:18.044000,283.0,269.0,328.0,315.0,False,SOFT,16.0,False,Ferrari,0 days 01:45:58.520000,2026-08-23 13:52:41.297,1,6.0,False,,False,True
0 days 01:48:34.180000,HAM,44,0 days 00:01:17.751000,16.0,2.0,,,0 days 00:00:26.260000,0 days 00:00:28.208000,0 days 00:00:23.283000,0 days 01:47:44.304000,0 days 01:48:12.512000,0 days 01:48:35.795000,280.0,276.0,318.0,308.0,False,SOFT,17.0,False,Ferrari,0 days 01:47:16.429000,2026-08-23 13:53:59.206,1,6.0,False,,False,True
0 days 01:49:51.986000,HAM,44,0 days 00:01:17.806000,17.0,2.0,,,0 days 00:00:26.362000,0 days 00:00:28.155000,0 days 00:00:23.289000,0 days 01:49:02.157000,0 days 01:49:30.312000,0 days 01:49:53.601000,285.0,273.0,322.0,298.0,False,SOFT,18.0,False,Ferrari,0 days 01:48:34.180000,2026-08-23 13:55:16.957,1,5.0,False,,False,True
0 days 01:51:09.476000,HAM,44,0 days 00:01:17.490000,18.0,2.0,,,0 days 00:00:26.219000,0 days 00:00:28.122000,0 days 00:00:23.149000,0 days 01:50:19.820000,0 days 01:50:47.942000,0 days 01:51:11.091000,281.0,270.0,320.0,306.0,False,SOFT,19.0,False,Ferrari,0 days 01:49:51.986000,2026-08-23 13:56:34.763,1,5.0,False,,False,True
0 days 01:52:26.896000,HAM,44,0 days 00:01:17.420000,19.0,2.0,,,0 days 00:00:26.092000,0 days 00:00:28.113000,0 days 00:00:23.215000,0 days 01:51:37.183000,0 days 01:52:05.296000,0 days 01:52:28.511000,280.0,268.0,320.0,311.0,False,SOFT,20.0,False,Ferrari,0 days 01:51:09.476000,2026-08-23 13:57:52.253,1,4.0,False,,False,True
0 days 01:53:44.617000,HAM,44,0 days 00:01:17.721000,20.0,2.0,,,0 days 00:00:26.220000,0 days 00:00:28.240000,0 days 00:00:23.261000,0 days 01:52:54.731000,0 days 01:53:22.971000,0 days 01:53:46.232000,281.0,267.0,318.0,309.0,False,SOFT,21.0,False,Ferrari,0 days 01:52:26.896000,2026-08-23 13:59:09.673,1,4.0,False,,False,True
0 days 01:55:02.369000,HAM,44,0 days 00:01:17.752000,21.0,2.0,,,0 days 00:00:26.217000,0 days 00:00:28.147000,0 days 00:00:23.388000,0 days 01:54:12.449000,0 days 01:54:40.596000,0 days 01:55:03.984000,281.0,273.0,315.0,305.0,False,SOFT,22.0,False,Ferrari,0 days 01:53:44.617000,2026-08-23 14:00:27.394,1,3.0,False,,False,True
0 days 01:56:19.817000,HAM,44,0 days 00:01:17.448000,22.0,2.0,,,0 days 00:00:26.074000,0 days 00:00:28.034000,0 days 00:00:23.340000,0 days 01:55:30.058000,0 days 01:55:58.092000,0 days 01:56:21.432000,280.0,261.0,310.0,309.0,False,SOFT,23.0,False,Ferrari,0 days 01:55:02.369000,2026-08-23 14:01:45.146,1,1.0,False,,False,True
0 days 01:57:37.688000,HAM,44,0 days 00:01:17.871000,23.0,2.0,,,0 days 00:00:26.389000,0 days 00:00:28.183000,0 days 00:00:23.299000,0 days 01:56:47.821000,0 days 01:57:16.004000,0 days 01:57:39.303000,283.0,270.0,317.0,304.0,False,SOFT,24.0,False,Ferrari,0 days 01:56:19.817000,2026-08-23 14:03:02.594,1,1.0,False,,False,True
0 days 01:58:55.403000,HAM,44,0 days 00:01:17.715000,24.0,2.0,,,0 days 00:00:26.228000,0 days 00:00:28.069000,0 days 00:00:23.418000,0 days 01:58:05.531000,0 days 01:58:33.600000,0 days 01:58:57.018000,281.0,265.0,315.0,309.0,False,SOFT,25.0,False,Ferrari,0 days 01:57:37.688000,2026-08-23 14:04:20.465,1,1.0,False,,False,True
0 days 02:00:16.382000,HAM,44,0 days 00:01:20.979000,25.0,2.0,,0 days 02:00:16.710000,0 days 00:00:26.392000,0 days 00:00:28.251000,0 days 00:00:26.336000,0 days 01:59:23.410000,0 days 01:59:51.661000,0 days 02:00:17.997000,282.0,271.0,,308.0,False,SOFT,26.0,False,Ferrari,0 days 01:58:55.403000,2026-08-23 14:05:38.180,1,2.0,False,,False,False
0 days 02:01:49.296000,HAM,44,0 days 00:01:32.914000,26.0,3.0,0 days 02:00:34.716000,,0 days 00:00:42.979000,0 days 00:00:27.174000,0 days 00:00:22.761000,0 days 02:01:00.976000,0 days 02:01:28.150000,0 days 02:01:50.911000,281.0,270.0,314.0,308.0,False,HARD,1.0,True,Ferrari,0 days 02:00:16.382000,2026-08-23 14:06:59.159,1,6.0,False,,False,False
0 days 02:03:05.278000,HAM,44,0 days 00:01:15.982000,27.0,3.0,,,0 days 00:00:25.898000,0 days 00:00:27.392000,0 days 00:00:22.692000,0 days 02:02:16.809000,0 days 02:02:44.201000,0 days 02:03:06.893000,278.0,268.0,313.0,299.0,True,HARD,2.0,True,Ferrari,0 days 02:01:49.296000,2026-08-23 14:08:32.073,1,6.0,False,,False,True
0 days 02:04:20.844000,HAM,44,0 days 00:01:15.566000,28.0,3.0,,,0 days 00:00:25.720000,0 days 00:00:27.112000,0 days 00:00:22.734000,0 days 02:03:32.613000,0 days 02:03:59.725000,0 days 02:04:22.459000,277.0,267.0,315.0,306.0,True,HARD,3.0,True,Ferrari,0 days 02:03:05.278000,2026-08-23 14:09:48.055,1,6.0,False,,False,True
0 days 02:05:36.358000,HAM,44,0 days 00:01:15.514000,29.0,3.0,,,0 days 00:00:25.683000,0 days 00:00:27.060000,0 days 00:00:22.771000,0 days 02:04:48.142000,0 days 02:05:15.202000,0 days 02:05:37.973000,277.0,268.0,316.0,308.0,True,HARD,4.0,True,Ferrari,0 days 02:04:20.844000,2026-08-23 14:11:03.621,1,6.0,False,,False,True
0 days 02:06:52.365000,HAM,44,0 days 00:01:16.007000,30.0,3.0,,,0 days 00:00:25.868000,0 days 00:00:27.285000,0 days 00:00:22.854000,0 days 02:06:03.841000,0 days 02:06:31.126000,0 days 02:06:53.980000,277.0,267.0,316.0,307.0,False,HARD,5.0,True,Ferrari,0 days 02:05:36.358000,2026-08-23 14:12:19.135,1,6.0,False,,False,True
0 days 02:08:08.031000,HAM,44,0 days 00:01:15.666000,31.0,3.0,,,0 days 00:00:25.838000,0 days 00:00:27.140000,0 days 00:00:22.688000,0 days 02:07:19.818000,0 days 02:07:46.958000,0 days 02:08:09.646000,279.0,269.0,318.0,304.0,False,HARD,6.0,True,Ferrari,0 days 02:06:52.365000,2026-08-23 14:13:35.142,1,6.0,False,,False,True
0 days 02:09:23.603000,HAM,44,0 days 00:01:15.572000,32.0,3.0,,,0 days 00:00:25.734000,0 days 00:00:27.021000,0 days 00:00:22.817000,0 days 02:08:35.380000,0 days 02:09:02.401000,0 days 02:09:25.218000,279.0,270.0,318.0,308.0,False,HARD,7.0,True,Ferrari,0 days 02:08:08.031000,2026-08-23 14:14:50.808,1,6.0,False,,False,True
0 days 02:10:39.528000,HAM,44,0 days 00:01:15.925000,33.0,3.0,,,0 days 00:00:25.797000,0 days 00:00:27.263000,0 days 00:00:22.865000,0 days 02:09:51.015000,0 days 02:10:18.278000,0 days 02:10:41.143000,283.0,273.0,329.0,310.0,False,HARD,8.0,True,Ferrari,0 days 02:09:23.603000,2026-08-23 14:16:06.380,1,6.0,False,,False,True
0 days 02:11:57.475000,HAM,44,0 days 00:01:17.947000,34.0,3.0,,,0 days 00:00:26.314000,0 days 00:00:28.074000,0 days 00:00:23.559000,0 days 02:11:07.457000,0 days 02:11:35.531000,0 days 02:11:59.090000,281.0,277.0,340.0,315.0,False,HARD,9.0,True,Ferrari,0 days 02:10:39.528000,2026-08-23 14:17:22.305,1,6.0,False,,False,True
0 days 02:13:14.891000,HAM,44,0 days 00:01:17.416000,35.0,3.0,,,0 days 00:00:26.751000,0 days 00:00:27.677000,0 days 00:00:22.988000,0 days 02:12:25.841000,0 days 02:12:53.518000,0 days 02:13:16.506000,278.0,268.0,330.0,308.0,False,HARD,10.0,True,Ferrari,0 days 02:11:57.475000,2026-08-23 14:18:40.252,1,5.0,False,,False,True
0 days 02:14:31.318000,HAM,44,0 days 00:01:16.427000,36.0,3.0,,,0 days 00:00:26.445000,0 days 00:00:27.177000,0 days 00:00:22.805000,0 days 02:13:42.951000,0 days 02:14:10.128000,0 days 02:14:32.933000,284.0,275.0,316.0,288.0,False,HARD,11.0,True,Ferrari,0 days 02:13:14.891000,2026-08-23 14:19:57.668,1,5.0,False,,False,True
0 days 02:15:47.283000,HAM,44,0 days 00:01:15.965000,37.0,3.0,,,0 days 00:00:25.788000,0 days 00:00:27.235000,0 days 00:00:22.942000,0 days 02:14:58.721000,0 days 02:15:25.956000,0 days 02:15:48.898000,284.0,273.0,319.0,309.0,False,HARD,12.0,True,Ferrari,0 days 02:14:31.318000,2026-08-23 14:21:14.095,1,5.0,False,,False,True
0 days 02:17:03.387000,HAM,44,0 days 00:01:16.104000,38.0,3.0,,,0 days 00:00:25.797000,0 days 00:00:27.270000,0 days 00:00:23.037000,0 days 02:16:14.695000,0 days 02:16:41.965000,0 days 02:17:05.002000,282.0,271.0,318.0,312.0,False,HARD,13.0,True,Ferrari,0 days 02:15:47.283000,2026-08-23 14:22:30.060,1,5.0,False,,False,True
0 days 02:18:19.700000,HAM,44,0 days 00:01:16.313000,39.0,3.0,,,0 days 00:00:25.866000,0 days 00:00:27.417000,0 days 00:00:23.030000,0 days 02:17:30.868000,0 days 02:17:58.285000,0 days 02:18:21.315000,285.0,271.0,338.0,310.0,False,HARD,14.0,True,Ferrari,0 days 02:17:03.387000,2026-08-23 14:23:46.164,1,5.0,False,,False,True
0 days 02:19:36.203000,HAM,44,0 days 00:01:16.503000,40.0,3.0,,,0 days 00:00:26.127000,0 days 00:00:27.406000,0 days 00:00:22.970000,0 days 02:18:47.442000,0 days 02:19:14.848000,0 days 02:19:37.818000,283.0,271.0,318.0,301.0,False,HARD,15.0,True,Ferrari,0 days 02:18:19.700000,2026-08-23 14:25:02.477,1,4.0,False,,False,True
0 days 02:20:52.247000,HAM,44,0 days 00:01:16.044000,41.0,3.0,,,0 days 00:00:25.827000,0 days 00:00:27.326000,0 days 00:00:22.891000,0 days 02:20:03.645000,0 days 02:20:30.971000,0 days 02:20:53.862000,288.0,281.0,335.0,313.0,False,HARD,16.0,True,Ferrari,0 days 02:19:36.203000,2026-08-23 14:26:18.980,1,3.0,False,,False,True
0 days 02:22:09.082000,HAM,44,0 days 00:01:16.835000,42.0,3.0,,,0 days 00:00:26.105000,0 days 00:00:27.747000,0 days 00:00:22.983000,0 days 02:21:19.967000,0 days 02:21:47.714000,0 days 02:22:10.697000,279.0,267.0,337.0,314.0,False,HARD,17.0,True,Ferrari,0 days 02:20:52.247000,2026-08-23 14:27:35.024,1,3.0,False,,False,True
0 days 02:23:26.495000,HAM,44,0 days 00:01:17.413000,43.0,3.0,,,0 days 00:00:25.946000,0 days 00:00:28.108000,0 days 00:00:23.359000,0 days 02:22:36.643000,0 days 02:23:04.751000,0 days 02:23:28.110000,280.0,269.0,327.0,313.0,False,HARD,18.0,True,Ferrari,0 days 02:22:09.082000,2026-08-23 14:28:51.859,1,2.0,False,,False,True
0 days 02:24:42.648000,HAM,44,0 days 00:01:16.153000,44.0,3.0,,,0 days 00:00:25.729000,0 days 00:00:27.438000,0 days 00:00:22.986000,0 days 02:23:53.839000,0 days 02:24:21.277000,0 days 02:24:44.263000,274.0,265.0,312.0,322.0,False,HARD,19.0,True,Ferrari,0 days 02:23:26.495000,2026-08-23 14:30:09.272,1,2.0,False,,False,True
0 days 02:25:58.850000,HAM,44,0 days 00:01:16.202000,45.0,3.0,,,0 days 00:00:25.963000,0 days 00:00:27.342000,0 days 00:00:22.897000,0 days 02:25:10.226000,0 days 02:25:37.568000,0 days 02:26:00.465000,286.0,275.0,317.0,304.0,False,HARD,20.0,True,Ferrari,0 days 02:24:42.648000,2026-08-23 14:31:25.425,1,2.0,False,,False,True
0 days 02:27:15.407000,HAM,44,0 days 00:01:16.557000,46.0,3.0,,,0 days 00:00:26.105000,0 days 00:00:27.450000,0 days 00:00:23.002000,0 days 02:26:26.570000,0 days 02:26:54.020000,0 days 02:27:17.022000,284.0,270.0,317.0,302.0,False,HARD,21.0,True,Ferrari,0 days 02:25:58.850000,2026-08-23 14:32:41.627,1,2.0,False,,False,True
0 days 02:28:31.936000,HAM,44,0 days 00:01:16.529000,47.0,3.0,,,0 days 00:00:25.900000,0 days 00:00:27.452000,0 days 00:00:23.177000,0 days 02:27:42.922000,0 days 02:28:10.374000,0 days 02:28:33.551000,284.0,272.0,324.0,310.0,False,HARD,22.0,True,Ferrari,0 days 02:27:15.407000,2026-08-23 14:33:58.184,1,2.0,False,,False,True
0 days 02:29:48.241000,HAM,44,0 days 00:01:16.305000,48.0,3.0,,,0 days 00:00:25.797000,0 days 00:00:27.418000,0 days 00:00:23.090000,0 days 02:28:59.348000,0 days 02:29:26.766000,0 days 02:29:49.856000,278.0,262.0,312.0,311.0,False,HARD,23.0,True,Ferrari,0 days 02:28:31.936000,2026-08-23 14:35:14.713,1,1.0,False,,False,True
0 days 02:31:04.515000,HAM,44,0 days 00:01:16.274000,49.0,3.0,,,0 days 00:00:26.022000,0 days 00:00:27.302000,0 days 00:00:22.950000,0 days 02:30:15.878000,0 days 02:30:43.180000,0 days 02:31:06.130000,287.0,278.0,315.0,304.0,False,HARD,24.0,True,Ferrari,0 days 02:29:48.241000,2026-08-23 14:36:31.018,1,1.0,False,,False,True
0 days 02:32:20.685000,HAM,44,0 days 00:01:16.170000,50.0,3.0,,,0 days 00:00:25.924000,0 days 00:00:27.296000,0 days 00:00:22.950000,0 days 02:31:32.054000,0 days 02:31:59.350000,0 days 02:32:22.300000,280.0,264.0,313.0,308.0,False,HARD,25.0,True,Ferrari,0 days 02:31:04.515000,2026-08-23 14:37:47.292,1,1.0,False,,False,True
0 days 02:33:36.796000,HAM,44,0 days 00:01:16.111000,51.0,3.0,,,0 days 00:00:25.971000,0 days 00:00:27.250000,0 days 00:00:22.890000,0 days 02:32:48.271000,0 days 02:33:15.521000,0 days 02:33:38.411000,283.0,269.0,316.0,303.0,False,HARD,26.0,True,Ferrari,0 days 02:32:20.685000,2026-08-23 14:39:03.462,1,1.0,False,,False,True
0 days 02:34:53.123000,HAM,44,0 days 00:01:16.327000,52.0,3.0,,,0 days 00:00:25.983000,0 days 00:00:27.329000,0 days 00:00:23.015000,0 days 02:34:04.394000,0 days 02:34:31.723000,0 days 02:34:54.738000,281.0,268.0,315.0,306.0,False,HARD,27.0,True,Ferrari,0 days 02:33:36.796000,2026-08-23 14:40:19.573,1,1.0,False,,False,True
0 days 02:36:09.845000,HAM,44,0 days 00:01:16.722000,53.0,3.0,,,0 days 00:00:26.012000,0 days 00:00:27.638000,0 days 00:00:23.072000,0 days 02:35:20.750000,0 days 02:35:48.388000,0 days 02:36:11.460000,285.0,269.0,316.0,307.0,False,HARD,28.0,True,Ferrari,0 days 02:34:53.123000,2026-08-23 14:41:35.900,1,1.0,False,,False,True
0 days 02:37:27.856000,HAM,44,0 days 00:01:18.011000,54.0,3.0,,,0 days 00:00:26.250000,0 days 00:00:27.871000,0 days 00:00:23.890000,0 days 02:36:37.710000,0 days 02:37:05.581000,0 days 02:37:29.471000,280.0,281.0,314.0,317.0,False,HARD,29.0,True,Ferrari,0 days 02:36:09.845000,2026-08-23 14:42:52.622,12,2.0,False,,False,True
0 days 02:39:08.336000,HAM,44,0 days 00:01:40.480000,55.0,3.0,,0 days 02:39:08.675000,0 days 00:00:30.631000,0 days 00:00:37.342000,0 days 00:00:32.507000,0 days 02:38:00.102000,0 days 02:38:37.444000,0 days 02:39:09.951000,131.0,203.0,,293.0,False,HARD,30.0,True,Ferrari,0 days 02:37:27.856000,2026-08-23 14:44:10.633,26,3.0,False,,False,False
0 days 02:41:05.772000,HAM,44,0 days 00:01:57.436000,56.0,4.0,0 days 02:39:27.501000,,0 days 00:00:52.047000,0 days 00:00:35.531000,0 days 00:00:29.858000,0 days 02:40:01.998000,0 days 02:40:37.529000,0 days 02:41:07.387000,230.0,182.0,245.0,293.0,False,SOFT,8.0,False,Ferrari,0 days 02:39:08.336000,2026-08-23 14:45:51.113,6,4.0,False,,False,False
0 days 02:42:38.284000,HAM,44,0 days 00:01:32.512000,57.0,4.0,,,0 days 00:00:39.036000,0 days 00:00:30.746000,0 days 00:00:22.730000,0 days 02:41:46.423000,0 days 02:42:17.169000,0 days 02:42:39.899000,266.0,286.0,322.0,232.0,False,SOFT,9.0,False,Ferrari,0 days 02:41:05.772000,2026-08-23 14:47:48.549,671,4.0,False,,False,False
0 days 02:43:53.726000,HAM,44,0 days 00:01:15.442000,58.0,4.0,,,0 days 00:00:25.649000,0 days 00:00:27.188000,0 days 00:00:22.605000,0 days 02:43:05.548000,0 days 02:43:32.736000,0 days 02:43:55.341000,280.0,271.0,314.0,313.0,True,SOFT,10.0,False,Ferrari,0 days 02:42:38.284000,2026-08-23 14:49:21.061,1,4.0,False,,False,True
0 days 02:45:08.608000,HAM,44,0 days 00:01:14.882000,59.0,4.0,,,0 days 00:00:25.740000,0 days 00:00:26.610000,0 days 00:00:22.532000,0 days 02:44:21.081000,0 days 02:44:47.691000,0 days 02:45:10.223000,280.0,271.0,317.0,308.0,True,SOFT,11.0,False,Ferrari,0 days 02:43:53.726000,2026-08-23 14:50:36.503,1,4.0,False,,False,True
0 days 02:46:23.729000,HAM,44,0 days 00:01:15.121000,60.0,4.0,,,0 days 00:00:25.558000,0 days 00:00:26.978000,0 days 00:00:22.585000,0 days 02:45:35.781000,0 days 02:46:02.759000,0 days 02:46:25.344000,282.0,269.0,317.0,308.0,False,SOFT,12.0,False,Ferrari,0 days 02:45:08.608000,2026-08-23 14:51:51.385,1,4.0,False,,False,True
0 days 02:47:38.295000,HAM,44,0 days 00:01:14.566000,61.0,4.0,,,0 days 00:00:25.410000,0 days 00:00:26.655000,0 days 00:00:22.501000,0 days 02:46:50.754000,0 days 02:47:17.409000,0 days 02:47:39.910000,281.0,272.0,318.0,307.0,True,SOFT,13.0,False,Ferrari,0 days 02:46:23.729000,2026-08-23 14:53:06.506,1,4.0,False,,False,True
0 days 02:48:52.947000,HAM,44,0 days 00:01:14.652000,62.0,4.0,,,0 days 00:00:25.459000,0 days 00:00:26.650000,0 days 00:00:22.543000,0 days 02:48:05.369000,0 days 02:48:32.019000,0 days 02:48:54.562000,282.0,273.0,317.0,309.0,False,SOFT,14.0,False,Ferrari,0 days 02:47:38.295000,2026-08-23 14:54:21.072,1,4.0,False,,False,True
0 days 02:50:07.656000,HAM,44,0 days 00:01:14.709000,63.0,4.0,,,0 days 00:00:25.562000,0 days 00:00:26.636000,0 days 00:00:22.511000,0 days 02:49:20.124000,0 days 02:49:46.760000,0 days 02:50:09.271000,281.0,275.0,318.0,303.0,False,SOFT,15.0,False,Ferrari,0 days 02:48:52.947000,2026-08-23 14:55:35.724,1,4.0,False,,False,True
0 days 02:51:22.640000,HAM,44,0 days 00:01:14.984000,64.0,4.0,,,0 days 00:00:25.508000,0 days 00:00:26.900000,0 days 00:00:22.576000,0 days 02:50:34.779000,0 days 02:51:01.679000,0 days 02:51:24.255000,282.0,270.0,317.0,305.0,False,SOFT,16.0,False,Ferrari,0 days 02:50:07.656000,2026-08-23 14:56:50.433,1,4.0,False,,False,True
0 days 02:52:37.474000,HAM,44,0 days 00:01:14.834000,65.0,4.0,,,0 days 00:00:25.476000,0 days 00:00:26.768000,0 days 00:00:22.590000,0 days 02:51:49.731000,0 days 02:52:16.499000,0 days 02:52:39.089000,285.0,275.0,321.0,303.0,False,SOFT,17.0,False,Ferrari,0 days 02:51:22.640000,2026-08-23 14:58:05.417,1,4.0,False,,False,True
0 days 02:53:52.785000,HAM,44,0 days 00:01:15.311000,66.0,4.0,,,0 days 00:00:25.539000,0 days 00:00:27.142000,0 days 00:00:22.630000,0 days 02:53:04.628000,0 days 02:53:31.770000,0 days 02:53:54.400000,286.0,277.0,340.0,305.0,False,SOFT,18.0,False,Ferrari,0 days 02:52:37.474000,2026-08-23 14:59:20.251,1,4.0,False,,False,True
0 days 02:55:09.154000,HAM,44,0 days 00:01:16.369000,67.0,4.0,,,0 days 00:00:26.064000,0 days 00:00:27.594000,0 days 00:00:22.711000,0 days 02:54:20.464000,0 days 02:54:48.058000,0 days 02:55:10.769000,277.0,272.0,340.0,316.0,False,SOFT,19.0,False,Ferrari,0 days 02:53:52.785000,2026-08-23 15:00:35.562,1,4.0,False,,False,True
0 days 02:56:25.138000,HAM,44,0 days 00:01:15.984000,68.0,4.0,,,0 days 00:00:25.850000,0 days 00:00:27.454000,0 days 00:00:22.680000,0 days 02:55:36.619000,0 days 02:56:04.073000,0 days 02:56:26.753000,276.0,271.0,341.0,316.0,False,SOFT,20.0,False,Ferrari,0 days 02:55:09.154000,2026-08-23 15:01:51.931,1,4.0,False,,False,True
0 days 02:57:42.891000,HAM,44,0 days 00:01:17.753000,69.0,4.0,,,0 days 00:00:25.862000,0 days 00:00:27.174000,0 days 00:00:24.717000,0 days 02:56:52.615000,0 days 02:57:19.789000,0 days 02:57:44.506000,276.0,294.0,113.0,333.0,False,SOFT,21.0,False,Ferrari,0 days 02:56:25.138000,2026-08-23 15:03:07.915,16,4.0,False,,False,False
0 days 02:59:14.565000,HAM,44,0 days 00:01:31.674000,70.0,4.0,,,0 days 00:00:37.419000,0 days 00:00:31.640000,0 days 00:00:22.615000,0 days 02:58:21.925000,0 days 02:58:53.565000,0 days 02:59:16.180000,199.0,289.0,337.0,155.0,False,SOFT,22.0,False,Ferrari,0 days 02:57:42.891000,2026-08-23 15:04:25.668,671,4.0,False,,False,False
0 days 03:00:29.803000,HAM,44,0 days 00:01:15.238000,71.0,4.0,,,0 days 00:00:25.460000,0 days 00:00:27.200000,0 days 00:00:22.578000,0 days 02:59:41.640000,0 days 03:00:08.840000,0 days 03:00:31.418000,282.0,269.0,340.0,330.0,False,SOFT,23.0,False,Ferrari,0 days 02:59:14.565000,2026-08-23 15:05:57.342,1,4.0,False,,False,True
0 days 03:01:46.068000,HAM,44,0 days 00:01:16.265000,72.0,4.0,,,0 days 00:00:25.963000,0 days 00:00:27.267000,0 days 00:00:23.035000,0 days 03:00:57.381000,0 days 03:01:24.648000,0 days 03:01:47.683000,279.0,287.0,324.0,329.0,False,SOFT,24.0,False,Ferrari,0 days 03:00:29.803000,2026-08-23 15:07:12.580,1,4.0,False,,False,True
0 days 00:58:22.253000,BOR,5,0 days 00:01:37.716000,1.0,1.0,,,,0 days 00:00:29.511000,0 days 00:00:32.255000,,0 days 00:57:51.665000,0 days 00:58:23.860000,275.0,266.0,250.0,190.0,False,SOFT,4.0,False,Audi,0 days 00:56:45.791000,2026-08-23 13:03:28.568,12,16.0,False,,False,False
0 days 01:01:00.621000,BOR,5,,2.0,1.0,,0 days 01:00:59.141000,0 days 00:00:37.458000,0 days 00:00:45.230000,0 days 00:01:15.677000,0 days 00:59:01.324000,0 days 00:59:46.551000,0 days 01:01:02.289000,116.0,155.0,,227.0,False,SOFT,5.0,False,Audi,0 days 00:58:22.253000,2026-08-23 13:05:05.030,25,18.0,False,,False,False
0 days 01:30:23.597000,BOR,5,,3.0,2.0,0 days 01:27:22.793000,,,0 days 00:00:34.095000,,,0 days 01:28:28.289000,,264.0,196.0,56.0,227.0,False,SOFT,4.0,False,Audi,0 days 01:26:17.312000,2026-08-23 13:33:00.089,12,15.0,False,,False,False
0 days 01:33:00.776000,BOR,5,,4.0,2.0,,,0 days 00:00:41.640000,0 days 00:00:30.258000,0 days 00:01:25.427000,0 days 01:31:06.850000,0 days 01:31:37.013000,0 days 01:33:02.612000,259.0,193.0,126.0,163.0,False,SOFT,5.0,False,Audi,0 days 01:30:23.597000,2026-08-23 13:37:06.374,1,15.0,False,,False,False
0 days 01:34:25.657000,BOR,5,0 days 00:01:24.881000,5.0,2.0,,,0 days 00:00:30.582000,0 days 00:00:29.926000,0 days 00:00:24.373000,0 days 01:33:32.965000,0 days 01:34:02.891000,0 days 01:34:27.264000,264.0,275.0,326.0,224.0,True,SOFT,6.0,False,Audi,0 days 01:33:00.776000,2026-08-23 13:39:43.553,12,16.0,False,,False,True
0 days 01:35:45.930000,BOR,5,0 days 00:01:20.273000,6.0,2.0,,,0 days 00:00:27.485000,0 days 00:00:28.968000,0 days 00:00:23.820000,0 days 01:34:54.749000,0 days 01:35:23.717000,0 days 01:35:47.537000,282.0,278.0,331.0,272.0,True,SOFT,7.0,False,Audi,0 days 01:34:25.657000,2026-08-23 13:41:08.434,1,15.0,False,,False,True
0 days 01:37:04.700000,BOR,5,0 days 00:01:18.770000,7.0,2.0,,,0 days 00:00:26.932000,0 days 00:00:28.303000,0 days 00:00:23.535000,0 days 01:36:14.469000,0 days 01:36:42.772000,0 days 01:37:06.307000,275.0,278.0,325.0,283.0,True,SOFT,8.0,False,Audi,0 days 01:35:45.930000,2026-08-23 13:42:28.707,1,14.0,False,,False,True
0 days 01:38:23.717000,BOR,5,0 days 00:01:19.017000,8.0,2.0,,,0 days 00:00:26.767000,0 days 00:00:28.715000,0 days 00:00:23.535000,0 days 01:37:33.074000,0 days 01:38:01.789000,0 days 01:38:25.324000,270.0,281.0,322.0,298.0,False,SOFT,9.0,False,Audi,0 days 01:37:04.700000,2026-08-23 13:43:47.477,1,14.0,False,,False,True
0 days 01:39:42.510000,BOR,5,0 days 00:01:18.793000,9.0,2.0,,,0 days 00:00:26.553000,0 days 00:00:28.818000,0 days 00:00:23.422000,0 days 01:38:51.877000,0 days 01:39:20.695000,0 days 01:39:44.117000,278.0,269.0,321.0,287.0,False,SOFT,10.0,False,Audi,0 days 01:38:23.717000,2026-08-23 13:45:06.494,1,13.0,False,,False,True
0 days 01:41:01.590000,BOR,5,0 days 00:01:19.080000,10.0,2.0,,,0 days 00:00:26.691000,0 days 00:00:28.862000,0 days 00:00:23.527000,0 days 01:40:10.808000,0 days 01:40:39.670000,0 days 01:41:03.197000,278.0,274.0,321.0,294.0,False,SOFT,11.0,False,Audi,0 days 01:39:42.510000,2026-08-23 13:46:25.287,1,13.0,False,,False,True
0 days 01:42:23.633000,BOR,5,0 days 00:01:22.043000,11.0,2.0,,0 days 01:42:24.114000,0 days 00:00:26.696000,0 days 00:00:28.680000,0 days 00:00:26.667000,0 days 01:41:29.893000,0 days 01:41:58.573000,0 days 01:42:25.240000,278.0,280.0,,301.0,False,SOFT,12.0,False,Audi,0 days 01:41:01.590000,2026-08-23 13:47:44.367,1,15.0,False,,False,False
0 days 01:43:56.889000,BOR,5,0 days 00:01:33.256000,12.0,3.0,0 days 01:42:42.103000,,0 days 00:00:42.870000,0 days 00:00:27.247000,0 days 00:00:23.139000,0 days 01:43:08.110000,0 days 01:43:35.357000,0 days 01:43:58.496000,275.0,272.0,302.0,301.0,False,MEDIUM,1.0,True,Audi,0 days 01:42:23.633000,2026-08-23 13:49:06.410,1,20.0,False,,False,False
0 days 01:45:14.041000,BOR,5,0 days 00:01:17.152000,13.0,3.0,,,0 days 00:00:26.487000,0 days 00:00:27.529000,0 days 00:00:23.136000,0 days 01:44:24.983000,0 days 01:44:52.512000,0 days 01:45:15.648000,271.0,268.0,306.0,287.0,True,MEDIUM,2.0,True,Audi,0 days 01:43:56.889000,2026-08-23 13:50:39.666,1,20.0,False,,False,True
0 days 01:46:31.629000,BOR,5,0 days 00:01:17.588000,14.0,3.0,,,0 days 00:00:26.440000,0 days 00:00:27.847000,0 days 00:00:23.301000,0 days 01:45:42.088000,0 days 01:46:09.935000,0 days 01:46:33.236000,271.0,273.0,310.0,293.0,False,MEDIUM,3.0,True,Audi,0 days 01:45:14.041000,2026-08-23 13:51:56.818,1,20.0,False,,False,True
0 days 01:47:50.732000,BOR,5,0 days 00:01:19.103000,15.0,3.0,,,0 days 00:00:26.538000,0 days 00:00:28.446000,0 days 00:00:24.119000,0 days 01:46:59.774000,0 days 01:47:28.220000,0 days 01:47:52.339000,275.0,279.0,325.0,298.0,False,MEDIUM,4.0,True,Audi,0 days 01:46:31.629000,2026-08-23 13:53:14.406,1,20.0,False,,False,True
0 days 01:49:10.242000,BOR,5,0 days 00:01:19.510000,16.0,3.0,,,0 days 00:00:26.755000,0 days 00:00:29.179000,0 days 00:00:23.576000,0 days 01:48:19.094000,0 days 01:48:48.273000,0 days 01:49:11.849000,280.0,286.0,333.0,290.0,False,MEDIUM,5.0,True,Audi,0 days 01:47:50.732000,2026-08-23 13:54:33.509,1,18.0,False,,False,True
0 days 01:50:29.896000,BOR,5,0 days 00:01:19.654000,17.0,3.0,,,0 days 00:00:27.162000,0 days 00:00:28.946000,0 days 00:00:23.546000,0 days 01:49:39.011000,0 days 01:50:07.957000,0 days 01:50:31.503000,278.0,285.0,310.0,281.0,False,MEDIUM,6.0,True,Audi,0 days 01:49:10.242000,2026-08-23 13:55:53.019,1,16.0,False,,False,True
0 days 01:51:50.079000,BOR,5,0 days 00:01:20.183000,18.0,3.0,,,0 days 00:00:26.850000,0 days 00:00:29.190000,0 days 00:00:24.143000,0 days 01:50:58.353000,0 days 01:51:27.543000,0 days 01:51:51.686000,276.0,274.0,331.0,286.0,False,MEDIUM,7.0,True,Audi,0 days 01:50:29.896000,2026-08-23 13:57:12.673,1,16.0,False,,False,True
0 days 01:53:08.832000,BOR,5,0 days 00:01:18.753000,19.0,3.0,,,0 days 00:00:26.862000,0 days 00:00:28.533000,0 days 00:00:23.358000,0 days 01:52:18.548000,0 days 01:52:47.081000,0 days 01:53:10.439000,274.0,278.0,308.0,285.0,False,MEDIUM,8.0,True,Audi,0 days 01:51:50.079000,2026-08-23 13:58:32.856,1,15.0,False,,False,True
0 days 01:54:27.235000,BOR,5,0 days 00:01:18.403000,20.0,3.0,,,0 days 00:00:26.540000,0 days 00:00:28.387000,0 days 00:00:23.476000,0 days 01:53:36.979000,0 days 01:54:05.366000,0 days 01:54:28.842000,272.0,273.0,310.0,294.0,False,MEDIUM,9.0,True,Audi,0 days 01:53:08.832000,2026-08-23 13:59:51.609,1,15.0,False,,False,True
0 days 01:55:45.877000,BOR,5,0 days 00:01:18.642000,21.0,3.0,,,0 days 00:00:26.715000,0 days 00:00:28.398000,0 days 00:00:23.529000,0 days 01:54:55.557000,0 days 01:55:23.955000,0 days 01:55:47.484000,275.0,273.0,310.0,290.0,False,MEDIUM,10.0,True,Audi,0 days 01:54:27.235000,2026-08-23 14:01:10.012,1,15.0,False,,False,True
0 days 01:57:04.535000,BOR,5,0 days 00:01:18.658000,22.0,3.0,,,0 days 00:00:26.715000,0 days 00:00:28.445000,0 days 00:00:23.498000,,0 days 01:56:42.644000,0 days 01:57:06.142000,275.0,276.0,309.0,292.0,False,MEDIUM,11.0,True,Audi,0 days 01:55:45.877000,2026-08-23 14:02:28.654,1,15.0,False,,False,True
0 days 01:58:23.520000,BOR,5,0 days 00:01:18.985000,23.0,3.0,,,0 days 00:00:26.837000,0 days 00:00:28.631000,0 days 00:00:23.517000,0 days 01:57:32.979000,0 days 01:58:01.610000,0 days 01:58:25.127000,274.0,274.0,308.0,291.0,False,MEDIUM,12.0,True,Audi,0 days 01:57:04.535000,2026-08-23 14:03:47.312,1,15.0,False,,False,True
0 days 01:59:42.395000,BOR,5,0 days 00:01:18.875000,24.0,3.0,,,0 days 00:00:26.747000,0 days 00:00:28.533000,0 days 00:00:23.595000,0 days 01:58:51.874000,0 days 01:59:20.407000,0 days 01:59:44.002000,274.0,275.0,311.0,293.0,False,MEDIUM,13.0,True,Audi,0 days 01:58:23.520000,2026-08-23 14:05:06.297,1,15.0,False,,False,True
0 days 02:01:01.413000,BOR,5,0 days 00:01:19.018000,25.0,3.0,,,0 days 00:00:26.740000,0 days 00:00:28.570000,0 days 00:00:23.708000,0 days 02:00:10.742000,0 days 02:00:39.312000,0 days 02:01:03.020000,275.0,275.0,310.0,293.0,False,MEDIUM,14.0,True,Audi,0 days 01:59:42.395000,2026-08-23 14:06:25.172,1,15.0,False,,False,True
0 days 02:02:20.644000,BOR,5,0 days 00:01:19.231000,26.0,3.0,,,0 days 00:00:26.900000,0 days 00:00:28.541000,0 days 00:00:23.790000,0 days 02:01:29.920000,0 days 02:01:58.461000,0 days 02:02:22.251000,275.0,275.0,310.0,293.0,False,MEDIUM,15.0,True,Audi,0 days 02:01:01.413000,2026-08-23 14:07:44.190,1,15.0,False,,False,True
0 days 02:03:40.267000,BOR,5,0 days 00:01:19.623000,27.0,3.0,,,0 days 00:00:26.940000,0 days 00:00:28.822000,0 days 00:00:23.861000,0 days 02:02:49.191000,0 days 02:03:18.013000,0 days 02:03:41.874000,276.0,278.0,323.0,285.0,False,MEDIUM,16.0,True,Audi,0 days 02:02:20.644000,2026-08-23 14:09:03.421,1,14.0,False,,False,True
0 days 02:05:00.299000,BOR,5,0 days 00:01:20.032000,28.0,3.0,,,0 days 00:00:26.771000,0 days 00:00:29.291000,0 days 00:00:23.970000,0 days 02:04:08.645000,0 days 02:04:37.936000,0 days 02:05:01.906000,281.0,282.0,323.0,292.0,False,MEDIUM,17.0,True,Audi,0 days 02:03:40.267000,2026-08-23 14:10:23.044,1,14.0,False,,False,True
0 days 02:06:20.516000,BOR,5,0 days 00:01:20.217000,29.0,3.0,,,0 days 00:00:27.057000,0 days 00:00:29.353000,0 days 00:00:23.807000,0 days 02:05:28.963000,0 days 02:05:58.316000,0 days 02:06:22.123000,281.0,283.0,322.0,293.0,False,MEDIUM,18.0,True,Audi,0 days 02:05:00.299000,2026-08-23 14:11:43.076,1,14.0,False,,False,True
0 days 02:07:40.300000,BOR,5,0 days 00:01:19.784000,30.0,3.0,,,0 days 00:00:26.773000,0 days 00:00:28.961000,0 days 00:00:24.050000,0 days 02:06:48.896000,0 days 02:07:17.857000,0 days 02:07:41.907000,279.0,282.0,322.0,296.0,False,MEDIUM,19.0,True,Audi,0 days 02:06:20.516000,2026-08-23 14:13:03.293,1,13.0,False,,False,True
0 days 02:08:59.445000,BOR,5,0 days 00:01:19.145000,31.0,3.0,,,0 days 00:00:27.022000,0 days 00:00:28.624000,0 days 00:00:23.499000,0 days 02:08:08.929000,0 days 02:08:37.553000,0 days 02:09:01.052000,277.0,281.0,322.0,293.0,False,MEDIUM,20.0,True,Audi,0 days 02:07:40.300000,2026-08-23 14:14:23.077,1,13.0,False,,False,True
0 days 02:10:18.435000,BOR,5,0 days 00:01:18.990000,32.0,3.0,,,0 days 00:00:26.796000,0 days 00:00:28.657000,0 days 00:00:23.537000,0 days 02:09:27.848000,0 days 02:09:56.505000,0 days 02:10:20.042000,279.0,280.0,321.0,294.0,False,MEDIUM,21.0,True,Audi,0 days 02:08:59.445000,2026-08-23 14:15:42.222,1,13.0,False,,False,True
0 days 02:11:37.340000,BOR,5,0 days 00:01:18.905000,33.0,3.0,,,0 days 00:00:26.747000,0 days 00:00:28.688000,0 days 00:00:23.470000,0 days 02:10:46.789000,0 days 02:11:15.477000,0 days 02:11:38.947000,280.0,281.0,320.0,301.0,False,MEDIUM,22.0,True,Audi,0 days 02:10:18.435000,2026-08-23 14:17:01.212,1,13.0,False,,False,True
0 days 02:12:59.153000,BOR,5,0 days 00:01:21.813000,34.0,3.0,,0 days 02:12:59.608000,0 days 00:00:26.531000,0 days 00:00:28.715000,0 days 00:00:26.567000,0 days 02:12:05.478000,0 days 02:12:34.193000,0 days 02:13:00.760000,279.0,280.0,,298.0,False,MEDIUM,23.0,True,Audi,0 days 02:11:37.340000,2026-08-23 14:18:20.117,1,14.0,False,,False,False
0 days 02:14:32.777000,BOR,5,0 days 00:01:33.624000,35.0,4.0,0 days 02:13:17.059000,,0 days 00:00:42.371000,0 days 00:00:28.055000,0 days 00:00:23.198000,0 days 02:13:43.131000,0 days 02:14:11.186000,0 days 02:14:34.384000,272.0,283.0,310.0,298.0,False,HARD,1.0,True,Audi,0 days 02:12:59.153000,2026-08-23 14:19:41.930,1,16.0,False,,False,False
0 days 02:15:50.202000,BOR,5,0 days 00:01:17.425000,36.0,4.0,,,0 days 00:00:26.507000,0 days 00:00:27.694000,0 days 00:00:23.224000,0 days 02:15:00.891000,0 days 02:15:28.585000,0 days 02:15:51.809000,274.0,272.0,308.0,297.0,False,HARD,2.0,True,Audi,0 days 02:14:32.777000,2026-08-23 14:21:15.554,1,15.0,False,,False,True
0 days 02:17:07.536000,BOR,5,0 days 00:01:17.334000,37.0,4.0,,,0 days 00:00:26.409000,0 days 00:00:27.692000,0 days 00:00:23.233000,0 days 02:16:18.218000,0 days 02:16:45.910000,0 days 02:17:09.143000,273.0,274.0,308.0,296.0,False,HARD,3.0,True,Audi,0 days 02:15:50.202000,2026-08-23 14:22:32.979,1,13.0,False,,False,True
0 days 02:18:24.604000,BOR,5,0 days 00:01:17.068000,38.0,4.0,,,0 days 00:00:26.467000,0 days 00:00:27.625000,0 days 00:00:22.976000,0 days 02:17:35.610000,0 days 02:18:03.235000,0 days 02:18:26.211000,274.0,289.0,302.0,291.0,True,HARD,4.0,True,Audi,0 days 02:17:07.536000,2026-08-23 14:23:50.313,1,13.0,False,,False,True
0 days 02:19:42.081000,BOR,5,0 days 00:01:17.477000,39.0,4.0,,,0 days 00:00:26.571000,0 days 00:00:27.707000,0 days 00:00:23.199000,0 days 02:18:52.782000,0 days 02:19:20.489000,0 days 02:19:43.688000,273.0,273.0,308.0,277.0,False,HARD,5.0,True,Audi,0 days 02:18:24.604000,2026-08-23 14:25:07.381,1,13.0,False,,False,True
0 days 02:21:02.629000,BOR,5,0 days 00:01:20.548000,40.0,4.0,,,0 days 00:00:26.825000,0 days 00:00:30.248000,0 days 00:00:23.475000,0 days 02:20:10.513000,0 days 02:20:40.761000,0 days 02:21:04.236000,243.0,280.0,322.0,293.0,False,HARD,6.0,True,Audi,0 days 02:19:42.081000,2026-08-23 14:26:24.858,1,13.0,False,,False,True
0 days 02:22:20.357000,BOR,5,0 days 00:01:17.728000,41.0,4.0,,,0 days 00:00:26.508000,0 days 00:00:28.027000,0 days 00:00:23.193000,0 days 02:21:30.744000,0 days 02:21:58.771000,0 days 02:22:21.964000,279.0,280.0,314.0,294.0,False,HARD,7.0,True,Audi,0 days 02:21:02.629000,2026-08-23 14:27:45.406,1,13.0,False,,False,True
0 days 02:23:37.797000,BOR,5,0 days 00:01:17.440000,42.0,4.0,,,0 days 00:00:26.369000,0 days 00:00:27.891000,0 days 00:00:23.180000,0 days 02:22:48.333000,0 days 02:23:16.224000,0 days 02:23:39.404000,276.0,278.0,340.0,296.0,False,HARD,8.0,True,Audi,0 days 02:22:20.357000,2026-08-23 14:29:03.134,1,13.0,False,,False,True
0 days 02:24:57.766000,BOR,5,0 days 00:01:19.969000,43.0,4.0,,,0 days 00:00:26.656000,0 days 00:00:29.866000,0 days 00:00:23.447000,0 days 02:24:06.060000,0 days 02:24:35.926000,0 days 02:24:59.373000,286.0,282.0,309.0,288.0,False,HARD,9.0,True,Audi,0 days 02:23:37.797000,2026-08-23 14:30:20.574,1,13.0,False,,False,True
0 days 02:26:15.964000,BOR,5,0 days 00:01:18.198000,44.0,4.0,,,0 days 00:00:26.597000,0 days 00:00:28.404000,0 days 00:00:23.197000,0 days 02:25:25.970000,0 days 02:25:54.374000,0 days 02:26:17.571000,278.0,282.0,339.0,295.0,False,HARD,10.0,True,Audi,0 days 02:24:57.766000,2026-08-23 14:31:40.543,1,13.0,False,,False,True
0 days 02:27:33.669000,BOR,5,0 days 00:01:17.705000,45.0,4.0,,,0 days 00:00:26.273000,0 days 00:00:27.942000,0 days 00:00:23.490000,0 days 02:26:43.844000,0 days 02:27:11.786000,0 days 02:27:35.276000,273.0,275.0,279.0,317.0,False,HARD,11.0,True,Audi,0 days 02:26:15.964000,2026-08-23 14:32:58.741,1,12.0,False,,False,True
0 days 02:28:52.146000,BOR,5,0 days 00:01:18.477000,46.0,4.0,,,0 days 00:00:27.332000,0 days 00:00:27.978000,0 days 00:00:23.167000,0 days 02:28:02.608000,0 days 02:28:30.586000,0 days 02:28:53.753000,275.0,275.0,319.0,246.0,False,HARD,12.0,True,Audi,0 days 02:27:33.669000,2026-08-23 14:34:16.446,1,12.0,False,,False,True
0 days 02:30:09.802000,BOR,5,0 days 00:01:17.656000,47.0,4.0,,,0 days 00:00:26.547000,0 days 00:00:27.981000,0 days 00:00:23.128000,0 days 02:29:20.300000,0 days 02:29:48.281000,0 days 02:30:11.409000,274.0,273.0,308.0,300.0,False,HARD,13.0,True,Audi,0 days 02:28:52.146000,2026-08-23 14:35:34.923,1,12.0,False,,False,True
0 days 02:31:27.380000,BOR,5,0 days 00:01:17.578000,48.0,4.0,,,0 days 00:00:26.410000,0 days 00:00:27.889000,0 days 00:00:23.279000,0 days 02:30:37.819000,0 days 02:31:05.708000,0 days 02:31:28.987000,275.0,275.0,310.0,290.0,False,HARD,14.0,True,Audi,0 days 02:30:09.802000,2026-08-23 14:36:52.579,1,12.0,False,,False,True
0 days 02:32:44.816000,BOR,5,0 days 00:01:17.436000,49.0,4.0,,,0 days 00:00:26.463000,0 days 00:00:27.799000,0 days 00:00:23.174000,0 days 02:31:55.450000,0 days 02:32:23.249000,0 days 02:32:46.423000,275.0,277.0,310.0,294.0,False,HARD,15.0,True,Audi,0 days 02:31:27.380000,2026-08-23 14:38:10.157,1,12.0,False,,False,True
0 days 02:34:02.329000,BOR,5,0 days 00:01:17.513000,50.0,4.0,,,0 days 00:00:26.492000,0 days 00:00:27.882000,0 days 00:00:23.139000,0 days 02:33:12.915000,0 days 02:33:40.797000,0 days 02:34:03.936000,274.0,275.0,311.0,292.0,False,HARD,16.0,True,Audi,0 days 02:32:44.816000,2026-08-23 14:39:27.593,1,12.0,False,,False,True
0 days 02:35:21.379000,BOR,5,0 days 00:01:19.050000,51.0,4.0,,,0 days 00:00:26.381000,0 days 00:00:28.703000,0 days 00:00:23.966000,0 days 02:34:30.317000,0 days 02:34:59.020000,0 days 02:35:22.986000,276.0,192.0,319.0,293.0,False,HARD,17.0,True,Audi,0 days 02:34:02.329000,2026-08-23 14:40:45.106,1,12.0,False,,False,True
0 days 02:36:38.774000,BOR,5,0 days 00:01:17.395000,52.0,4.0,,,0 days 00:00:26.372000,0 days 00:00:27.960000,0 days 00:00:23.063000,0 days 02:35:49.358000,0 days 02:36:17.318000,0 days 02:36:40.381000,276.0,274.0,307.0,298.0,False,HARD,18.0,True,Audi,0 days 02:35:21.379000,2026-08-23 14:42:04.156,1,12.0,False,,False,True
0 days 02:38:00.367000,BOR,5,0 days 00:01:21.593000,53.0,4.0,,0 days 02:38:00.786000,0 days 00:00:26.385000,0 days 00:00:28.144000,0 days 00:00:27.064000,0 days 02:37:06.766000,0 days 02:37:34.910000,0 days 02:38:01.974000,276.0,276.0,,294.0,False,HARD,19.0,True,Audi,0 days 02:36:38.774000,2026-08-23 14:43:21.551,126,12.0,False,,False,False
0 days 02:39:59.822000,BOR,5,0 days 00:01:59.455000,54.0,5.0,0 days 02:38:19.850000,,0 days 00:00:51.996000,0 days 00:00:36.523000,0 days 00:00:30.936000,0 days 02:38:53.970000,0 days 02:39:30.493000,0 days 02:40:01.429000,198.0,162.0,212.0,294.0,False,SOFT,4.0,False,Audi,0 days 02:38:00.367000,2026-08-23 14:44:43.144,6,13.0,False,,False,False
0 days 02:41:43.267000,BOR,5,0 days 00:01:43.445000,55.0,5.0,,,0 days 00:00:36.274000,0 days 00:00:36.332000,0 days 00:00:30.839000,0 days 02:40:37.703000,0 days 02:41:14.035000,0 days 02:41:44.874000,236.0,167.0,248.0,235.0,False,SOFT,5.0,False,Audi,0 days 02:39:59.822000,2026-08-23 14:46:42.599,6,13.0,False,,False,False
0 days 02:43:05.149000,BOR,5,0 days 00:01:21.882000,56.0,5.0,,,0 days 00:00:32.397000,0 days 00:00:26.870000,0 days 00:00:22.615000,0 days 02:42:17.271000,0 days 02:42:44.141000,0 days 02:43:06.756000,287.0,276.0,309.0,212.0,False,SOFT,6.0,False,Audi,0 days 02:41:43.267000,2026-08-23 14:48:26.044,671,13.0,False,,False,False
0 days 02:44:20.664000,BOR,5,0 days 00:01:15.515000,57.0,5.0,,,0 days 00:00:25.849000,0 days 00:00:26.924000,0 days 00:00:22.742000,0 days 02:43:32.605000,0 days 02:43:59.529000,0 days 02:44:22.271000,275.0,275.0,311.0,298.0,True,SOFT,7.0,False,Audi,0 days 02:43:05.149000,2026-08-23 14:49:47.926,1,13.0,False,,False,True
0 days 02:45:36.712000,BOR,5,0 days 00:01:16.048000,58.0,5.0,,,0 days 00:00:25.852000,0 days 00:00:27.390000,0 days 00:00:22.806000,0 days 02:44:48.123000,0 days 02:45:15.513000,0 days 02:45:38.319000,276.0,276.0,310.0,298.0,False,SOFT,8.0,False,Audi,0 days 02:44:20.664000,2026-08-23 14:51:03.441,1,13.0,False,,False,True
0 days 02:46:53.103000,BOR,5,0 days 00:01:16.391000,59.0,5.0,,,0 days 00:00:26.066000,0 days 00:00:27.495000,0 days 00:00:22.830000,0 days 02:46:04.385000,0 days 02:46:31.880000,0 days 02:46:54.710000,277.0,275.0,310.0,295.0,False,SOFT,9.0,False,Audi,0 days 02:45:36.712000,2026-08-23 14:52:19.489,1,13.0,False,,False,True
0 days 02:48:08.958000,BOR,5,0 days 00:01:15.855000,60.0,5.0,,,0 days 00:00:25.740000,0 days 00:00:27.331000,0 days 00:00:22.784000,0 days 02:47:20.450000,0 days 02:47:47.781000,0 days 02:48:10.565000,276.0,279.0,312.0,297.0,False,SOFT,10.0,False,Audi,0 days 02:46:53.103000,2026-08-23 14:53:35.880,1,13.0,False,,False,True
0 days 02:49:25.306000,BOR,5,0 days 00:01:16.348000,61.0,5.0,,,0 days 00:00:26.053000,0 days 00:00:27.432000,0 days 00:00:22.863000,0 days 02:48:36.618000,0 days 02:49:04.050000,0 days 02:49:26.913000,278.0,282.0,323.0,297.0,False,SOFT,11.0,False,Audi,0 days 02:48:08.958000,2026-08-23 14:54:51.735,1,13.0,False,,False,True
0 days 02:50:42.037000,BOR,5,0 days 00:01:16.731000,62.0,5.0,,,0 days 00:00:25.933000,0 days 00:00:27.923000,0 days 00:00:22.875000,0 days 02:49:52.846000,0 days 02:50:20.769000,0 days 02:50:43.644000,280.0,283.0,336.0,302.0,False,SOFT,12.0,False,Audi,0 days 02:49:25.306000,2026-08-23 14:56:08.083,1,13.0,False,,False,True
0 days 02:51:59.104000,BOR,5,0 days 00:01:17.067000,63.0,5.0,,,0 days 00:00:26.475000,0 days 00:00:27.708000,0 days 00:00:22.884000,0 days 02:51:10.119000,0 days 02:51:37.827000,0 days 02:52:00.711000,261.0,285.0,337.0,303.0,False,SOFT,13.0,False,Audi,0 days 02:50:42.037000,2026-08-23 14:57:24.814,1,13.0,False,,False,True
0 days 02:53:16.987000,BOR,5,0 days 00:01:17.883000,64.0,5.0,,,0 days 00:00:26.838000,0 days 00:00:27.930000,0 days 00:00:23.115000,0 days 02:52:27.549000,0 days 02:52:55.479000,0 days 02:53:18.594000,277.0,281.0,317.0,298.0,False,SOFT,14.0,False,Audi,0 days 02:51:59.104000,2026-08-23 14:58:41.881,1,13.0,False,,False,True
0 days 02:54:34.430000,BOR,5,0 days 00:01:17.443000,65.0,5.0,,,0 days 00:00:26.284000,0 days 00:00:28.123000,0 days 00:00:23.036000,0 days 02:53:44.878000,0 days 02:54:13.001000,0 days 02:54:36.037000,281.0,280.0,322.0,298.0,False,SOFT,15.0,False,Audi,0 days 02:53:16.987000,2026-08-23 14:59:59.764,1,13.0,False,,False,True
0 days 02:55:51.949000,BOR,5,0 days 00:01:17.519000,66.0,5.0,,,0 days 00:00:26.303000,0 days 00:00:28.133000,0 days 00:00:23.083000,0 days 02:55:02.340000,0 days 02:55:30.473000,0 days 02:55:53.556000,281.0,281.0,324.0,294.0,False,SOFT,16.0,False,Audi,0 days 02:54:34.430000,2026-08-23 15:01:17.207,1,13.0,False,,False,True
0 days 02:57:09.547000,BOR,5,0 days 00:01:17.598000,67.0,5.0,,,0 days 00:00:26.358000,0 days 00:00:28.295000,0 days 00:00:22.945000,0 days 02:56:19.914000,0 days 02:56:48.209000,0 days 02:57:11.154000,282.0,283.0,322.0,299.0,False,SOFT,17.0,False,Audi,0 days 02:55:51.949000,2026-08-23 15:02:34.726,1,13.0,False,,False,True
0 days 02:58:43.501000,BOR,5,0 days 00:01:33.954000,68.0,5.0,,,0 days 00:00:26.383000,0 days 00:00:37.420000,0 days 00:00:30.151000,0 days 02:57:37.537000,0 days 02:58:14.957000,0 days 02:58:45.108000,282.0,170.0,213.0,299.0,False,SOFT,18.0,False,Audi,0 days 02:57:09.547000,2026-08-23 15:03:52.324,167,13.0,False,,False,False
0 days 03:00:01.412000,BOR,5,0 days 00:01:17.911000,69.0,5.0,,,0 days 00:00:27.126000,0 days 00:00:27.705000,0 days 00:00:23.080000,0 days 02:59:12.234000,0 days 02:59:39.939000,0 days 03:00:03.019000,285.0,285.0,327.0,261.0,False,SOFT,19.0,False,Audi,0 days 02:58:43.501000,2026-08-23 15:05:26.278,1,13.0,False,,False,True
0 days 03:01:18.296000,BOR,5,0 days 00:01:16.884000,70.0,5.0,,,0 days 00:00:26.133000,0 days 00:00:27.978000,0 days 00:00:22.773000,0 days 03:00:29.152000,0 days 03:00:57.130000,0 days 03:01:19.903000,284.0,285.0,334.0,298.0,False,SOFT,20.0,False,Audi,0 days 03:00:01.412000,2026-08-23 15:06:44.189,1,13.0,False,,False,True
0 days 03:02:35.548000,BOR,5,0 days 00:01:17.252000,71.0,5.0,,,0 days 00:00:26.136000,0 days 00:00:28.045000,0 days 00:00:23.071000,0 days 03:01:46.039000,0 days 03:02:14.084000,0 days 03:02:37.155000,282.0,283.0,305.0,294.0,False,SOFT,21.0,False,Audi,0 days 03:01:18.296000,2026-08-23 15:08:01.073,1,13.0,False,,False,True
0 days 00:58:24.083000,SAI,55,0 days 00:01:37.966000,1.0,1.0,,,,0 days 00:00:30.035000,0 days 00:00:30.340000,,0 days 00:57:53.743000,0 days 00:58:24.094000,262.0,260.0,275.0,184.0,False,SOFT,1.0,True,Williams,0 days 00:56:45.791000,2026-08-23 13:03:28.568,12,19.0,False,,False,False
0 days 01:01:04.391000,SAI,55,,2.0,1.0,,0 days 01:01:01.348000,0 days 00:00:39.136000,0 days 00:00:45.754000,0 days 00:01:15.425000,0 days 00:59:03.261000,0 days 00:59:48.973000,0 days 01:01:04.391000,111.0,142.0,,258.0,False,SOFT,2.0,True,Williams,0 days 00:58:24.083000,2026-08-23 13:05:06.860,25,19.0,False,,False,False
0 days 01:30:29.510000,SAI,55,,3.0,2.0,0 days 01:27:58.844000,,,0 days 00:00:29.242000,0 days 00:01:30.386000,,0 days 01:28:59.124000,0 days 01:30:29.549000,246.0,236.0,66.0,258.0,False,SOFT,1.0,True,Williams,0 days 01:26:17.312000,2026-08-23 13:33:00.089,12,18.0,False,,False,False
0 days 01:33:02.538000,SAI,55,,4.0,2.0,,,0 days 00:00:41.986000,0 days 00:00:29.529000,0 days 00:01:21.630000,0 days 01:31:11.459000,0 days 01:31:41.103000,0 days 01:33:02.612000,275.0,240.0,153.0,133.0,False,SOFT,2.0,True,Williams,0 days 01:30:29.510000,2026-08-23 13:37:12.287,1,19.0,False,,False,False
0 days 01:34:28.458000,SAI,55,0 days 00:01:25.920000,5.0,2.0,,,0 days 00:00:30.935000,0 days 00:00:29.863000,0 days 00:00:25.122000,0 days 01:33:33.473000,0 days 01:34:03.336000,0 days 01:34:28.458000,269.0,290.0,327.0,210.0,True,SOFT,3.0,True,Williams,0 days 01:33:02.538000,2026-08-23 13:39:45.315,12,20.0,False,,False,True
0 days 01:35:48.906000,SAI,55,0 days 00:01:20.448000,6.0,2.0,,,0 days 00:00:27.653000,0 days 00:00:28.992000,0 days 00:00:23.803000,0 days 01:34:56.111000,0 days 01:35:25.103000,0 days 01:35:48.906000,283.0,279.0,330.0,261.0,True,SOFT,4.0,True,Williams,0 days 01:34:28.458000,2026-08-23 13:41:11.235,1,19.0,False,,False,True
0 days 01:37:08.967000,SAI,55,0 days 00:01:20.061000,7.0,2.0,,,0 days 00:00:27.421000,0 days 00:00:28.746000,0 days 00:00:23.894000,0 days 01:36:16.327000,0 days 01:36:45.073000,0 days 01:37:08.967000,289.0,280.0,320.0,282.0,True,SOFT,5.0,True,Williams,0 days 01:35:48.906000,2026-08-23 13:42:31.683,1,19.0,False,,False,True
0 days 01:38:28.482000,SAI,55,0 days 00:01:19.515000,8.0,2.0,,,0 days 00:00:27.107000,0 days 00:00:28.764000,0 days 00:00:23.644000,0 days 01:37:36.074000,0 days 01:38:04.838000,0 days 01:38:28.482000,279.0,276.0,318.0,293.0,True,SOFT,6.0,True,Williams,0 days 01:37:08.967000,2026-08-23 13:43:51.744,1,18.0,False,,False,True
0 days 01:39:47.677000,SAI,55,0 days 00:01:19.195000,9.0,2.0,,,0 days 00:00:26.912000,0 days 00:00:28.806000,0 days 00:00:23.477000,0 days 01:38:55.394000,0 days 01:39:24.200000,0 days 01:39:47.677000,280.0,274.0,320.0,308.0,True,SOFT,7.0,True,Williams,0 days 01:38:28.482000,2026-08-23 13:45:11.259,1,16.0,False,,False,True
0 days 01:41:06.901000,SAI,55,0 days 00:01:19.224000,10.0,2.0,,,0 days 00:00:26.693000,0 days 00:00:28.977000,0 days 00:00:23.554000,0 days 01:40:14.370000,0 days 01:40:43.347000,0 days 01:41:06.901000,283.0,275.0,320.0,300.0,False,SOFT,8.0,True,Williams,0 days 01:39:47.677000,2026-08-23 13:46:30.454,1,16.0,False,,False,True
0 days 01:42:26.090000,SAI,55,0 days 00:01:19.189000,11.0,2.0,,,0 days 00:00:26.757000,0 days 00:00:28.888000,0 days 00:00:23.544000,0 days 01:41:33.658000,0 days 01:42:02.546000,0 days 01:42:26.090000,286.0,278.0,325.0,298.0,True,SOFT,9.0,True,Williams,0 days 01:41:06.901000,2026-08-23 13:47:49.678,1,16.0,False,,False,True
0 days 01:43:45.740000,SAI,55,0 days 00:01:19.650000,12.0,2.0,,,0 days 00:00:26.781000,0 days 00:00:28.906000,0 days 00:00:23.963000,0 days 01:42:52.871000,0 days 01:43:21.777000,0 days 01:43:45.740000,286.0,276.0,308.0,302.0,False,SOFT,10.0,True,Williams,0 days 01:42:26.090000,2026-08-23 13:49:08.867,1,15.0,False,,False,True
0 days 01:45:05.196000,SAI,55,0 days 00:01:19.456000,13.0,2.0,,,0 days 00:00:26.921000,0 days 00:00:28.953000,0 days 00:00:23.582000,0 days 01:44:12.661000,0 days 01:44:41.614000,0 days 01:45:05.196000,285.0,273.0,322.0,299.0,False,SOFT,11.0,True,Williams,0 days 01:43:45.740000,2026-08-23 13:50:28.517,1,15.0,False,,False,True
0 days 01:46:24.752000,SAI,55,0 days 00:01:19.556000,14.0,2.0,,,0 days 00:00:26.747000,0 days 00:00:29.155000,0 days 00:00:23.654000,0 days 01:45:31.943000,0 days 01:46:01.098000,0 days 01:46:24.752000,281.0,272.0,318.0,308.0,False,SOFT,12.0,True,Williams,0 days 01:45:05.196000,2026-08-23 13:51:47.973,1,15.0,False,,False,True
0 days 01:47:44.288000,SAI,55,0 days 00:01:19.536000,15.0,2.0,,,0 days 00:00:26.738000,0 days 00:00:29.079000,0 days 00:00:23.719000,0 days 01:46:51.490000,0 days 01:47:20.569000,0 days 01:47:44.288000,284.0,272.0,317.0,311.0,False,SOFT,13.0,True,Williams,0 days 01:46:24.752000,2026-08-23 13:53:07.529,1,15.0,False,,False,True
0 days 01:49:03.626000,SAI,55,0 days 00:01:19.338000,16.0,2.0,,,0 days 00:00:26.667000,0 days 00:00:29.080000,0 days 00:00:23.591000,0 days 01:48:10.955000,0 days 01:48:40.035000,0 days 01:49:03.626000,283.0,273.0,318.0,303.0,False,SOFT,14.0,True,Williams,0 days 01:47:44.288000,2026-08-23 13:54:27.065,1,14.0,False,,False,True
0 days 01:50:22.853000,SAI,55,0 days 00:01:19.227000,17.0,2.0,,,0 days 00:00:26.582000,0 days 00:00:29.068000,0 days 00:00:23.577000,0 days 01:49:30.208000,0 days 01:49:59.276000,0 days 01:50:22.853000,286.0,272.0,314.0,308.0,False,SOFT,15.0,True,Williams,0 days 01:49:03.626000,2026-08-23 13:55:46.403,1,13.0,False,,False,True
0 days 01:51:42.371000,SAI,55,0 days 00:01:19.518000,18.0,2.0,,,0 days 00:00:26.718000,0 days 00:00:29.159000,0 days 00:00:23.641000,0 days 01:50:49.571000,0 days 01:51:18.730000,0 days 01:51:42.371000,285.0,272.0,316.0,306.0,False,SOFT,16.0,True,Williams,0 days 01:50:22.853000,2026-08-23 13:57:05.630,1,13.0,False,,False,True
0 days 01:53:01.787000,SAI,55,0 days 00:01:19.416000,19.0,2.0,,,0 days 00:00:26.692000,0 days 00:00:29.084000,0 days 00:00:23.640000,0 days 01:52:09.063000,0 days 01:52:38.147000,0 days 01:53:01.787000,285.0,274.0,318.0,307.0,False,SOFT,17.0,True,Williams,0 days 01:51:42.371000,2026-08-23 13:58:25.148,1,11.0,False,,False,True
0 days 01:54:21.107000,SAI,55,0 days 00:01:19.320000,20.0,2.0,,,0 days 00:00:26.741000,0 days 00:00:29.040000,0 days 00:00:23.539000,0 days 01:53:28.528000,0 days 01:53:57.568000,0 days 01:54:21.107000,285.0,274.0,318.0,309.0,False,SOFT,18.0,True,Williams,0 days 01:53:01.787000,2026-08-23 13:59:44.564,1,10.0,False,,False,True
0 days 01:55:40.645000,SAI,55,0 days 00:01:19.538000,21.0,2.0,,,0 days 00:00:26.659000,0 days 00:00:29.209000,0 days 00:00:23.670000,0 days 01:54:47.766000,0 days 01:55:16.975000,0 days 01:55:40.645000,285.0,275.0,315.0,309.0,False,SOFT,19.0,True,Williams,0 days 01:54:21.107000,2026-08-23 14:01:03.884,1,10.0,False,,False,True
0 days 01:57:00.026000,SAI,55,0 days 00:01:19.381000,22.0,2.0,,,0 days 00:00:26.632000,0 days 00:00:29.083000,0 days 00:00:23.666000,0 days 01:56:07.277000,0 days 01:56:36.360000,0 days 01:57:00.026000,287.0,274.0,316.0,308.0,False,SOFT,20.0,True,Williams,0 days 01:55:40.645000,2026-08-23 14:02:23.422,1,11.0,False,,False,True
0 days 01:58:19.713000,SAI,55,0 days 00:01:19.687000,23.0,2.0,,,0 days 00:00:26.643000,0 days 00:00:29.347000,0 days 00:00:23.697000,0 days 01:57:26.669000,0 days 01:57:56.016000,0 days 01:58:19.713000,288.0,276.0,318.0,306.0,False,SOFT,21.0,True,Williams,0 days 01:57:00.026000,2026-08-23 14:03:42.803,1,12.0,False,,False,True
0 days 01:59:39.429000,SAI,55,0 days 00:01:19.716000,24.0,2.0,,,0 days 00:00:26.762000,0 days 00:00:29.158000,0 days 00:00:23.796000,0 days 01:58:46.475000,0 days 01:59:15.633000,0 days 01:59:39.429000,277.0,275.0,319.0,306.0,False,SOFT,22.0,True,Williams,0 days 01:58:19.713000,2026-08-23 14:05:02.490,1,12.0,False,,False,True
0 days 02:00:59.056000,SAI,55,0 days 00:01:19.627000,25.0,2.0,,,0 days 00:00:26.690000,0 days 00:00:29.231000,0 days 00:00:23.706000,0 days 02:00:06.119000,0 days 02:00:35.350000,0 days 02:00:59.056000,279.0,272.0,315.0,311.0,False,SOFT,23.0,True,Williams,0 days 01:59:39.429000,2026-08-23 14:06:22.206,1,13.0,False,,False,True
0 days 02:02:19.036000,SAI,55,0 days 00:01:19.980000,26.0,2.0,,,0 days 00:00:26.931000,0 days 00:00:29.283000,0 days 00:00:23.766000,0 days 02:01:25.987000,0 days 02:01:55.270000,0 days 02:02:19.036000,280.0,271.0,317.0,302.0,False,SOFT,24.0,True,Williams,0 days 02:00:59.056000,2026-08-23 14:07:41.833,1,13.0,False,,False,True
0 days 02:03:38.715000,SAI,55,0 days 00:01:19.679000,27.0,2.0,,,0 days 00:00:26.726000,0 days 00:00:29.237000,0 days 00:00:23.716000,0 days 02:02:45.762000,0 days 02:03:14.999000,0 days 02:03:38.715000,279.0,275.0,319.0,306.0,False,SOFT,25.0,True,Williams,0 days 02:02:19.036000,2026-08-23 14:09:01.813,1,11.0,False,,False,True
0 days 02:04:58.658000,SAI,55,0 days 00:01:19.943000,28.0,2.0,,,0 days 00:00:26.818000,0 days 00:00:29.232000,0 days 00:00:23.893000,0 days 02:04:05.533000,0 days 02:04:34.765000,0 days 02:04:58.658000,273.0,290.0,313.0,311.0,False,SOFT,26.0,True,Williams,0 days 02:03:38.715000,2026-08-23 14:10:21.492,1,11.0,False,,False,True
0 days 02:06:19.364000,SAI,55,0 days 00:01:20.706000,29.0,2.0,,,0 days 00:00:27.678000,0 days 00:00:29.282000,0 days 00:00:23.746000,0 days 02:05:26.336000,0 days 02:05:55.618000,0 days 02:06:19.364000,276.0,273.0,321.0,279.0,False,SOFT,27.0,True,Williams,0 days 02:04:58.658000,2026-08-23 14:11:41.435,1,11.0,False,,False,True
0 days 02:07:43.068000,SAI,55,0 days 00:01:23.704000,30.0,2.0,,0 days 02:07:42.082000,0 days 00:00:27.520000,0 days 00:00:29.516000,0 days 00:00:26.668000,0 days 02:06:46.884000,0 days 02:07:16.400000,0 days 02:07:43.068000,278.0,276.0,,304.0,False,SOFT,28.0,True,Williams,0 days 02:06:19.364000,2026-08-23 14:13:02.141,1,15.0,False,,False,False
0 days 02:09:17.858000,SAI,55,0 days 00:01:34.790000,31.0,3.0,0 days 02:07:59.802000,,0 days 00:00:43.445000,0 days 00:00:28.022000,0 days 00:00:23.323000,0 days 02:08:26.513000,0 days 02:08:54.535000,0 days 02:09:17.858000,279.0,273.0,309.0,304.0,False,HARD,1.0,True,Williams,0 days 02:07:43.068000,2026-08-23 14:14:25.845,1,17.0,False,,False,False
0 days 02:10:37.467000,SAI,55,0 days 00:01:19.609000,32.0,3.0,,,0 days 00:00:26.630000,0 days 00:00:28.129000,0 days 00:00:24.850000,0 days 02:09:44.488000,0 days 02:10:12.617000,0 days 02:10:37.467000,283.0,275.0,321.0,301.0,False,HARD,2.0,True,Williams,0 days 02:09:17.858000,2026-08-23 14:16:00.635,1,17.0,False,,False,True
0 days 02:11:55.667000,SAI,55,0 days 00:01:18.200000,33.0,3.0,,,0 days 00:00:26.740000,0 days 00:00:28.132000,0 days 00:00:23.328000,0 days 02:11:04.207000,0 days 02:11:32.339000,0 days 02:11:55.667000,292.0,279.0,320.0,298.0,True,HARD,3.0,True,Williams,0 days 02:10:37.467000,2026-08-23 14:17:20.244,1,17.0,False,,False,True
0 days 02:13:15.907000,SAI,55,0 days 00:01:20.240000,34.0,3.0,,,0 days 00:00:28.351000,0 days 00:00:28.354000,0 days 00:00:23.535000,0 days 02:12:24.018000,0 days 02:12:52.372000,0 days 02:13:15.907000,284.0,277.0,314.0,277.0,False,HARD,4.0,True,Williams,0 days 02:11:55.667000,2026-08-23 14:18:38.444,1,17.0,False,,False,True
0 days 02:14:37.280000,SAI,55,0 days 00:01:21.373000,35.0,3.0,,,0 days 00:00:27.736000,0 days 00:00:29.888000,0 days 00:00:23.749000,0 days 02:13:43.643000,0 days 02:14:13.531000,0 days 02:14:37.280000,292.0,281.0,315.0,219.0,False,HARD,5.0,True,Williams,0 days 02:13:15.907000,2026-08-23 14:19:58.684,1,18.0,False,,False,True
0 days 02:15:55.680000,SAI,55,0 days 00:01:18.400000,36.0,3.0,,,0 days 00:00:26.476000,0 days 00:00:28.492000,0 days 00:00:23.432000,0 days 02:15:03.756000,0 days 02:15:32.248000,0 days 02:15:55.680000,291.0,278.0,323.0,302.0,False,HARD,6.0,True,Williams,0 days 02:14:37.280000,2026-08-23 14:21:20.057,1,17.0,False,,False,True
0 days 02:17:14.026000,SAI,55,0 days 00:01:18.346000,37.0,3.0,,,0 days 00:00:26.531000,0 days 00:00:28.428000,0 days 00:00:23.387000,0 days 02:16:22.211000,0 days 02:16:50.639000,0 days 02:17:14.026000,283.0,276.0,320.0,310.0,False,HARD,7.0,True,Williams,0 days 02:15:55.680000,2026-08-23 14:22:38.457,1,16.0,False,,False,True
0 days 02:18:32.510000,SAI,55,0 days 00:01:18.484000,38.0,3.0,,,0 days 00:00:26.529000,0 days 00:00:28.622000,0 days 00:00:23.333000,0 days 02:17:40.555000,0 days 02:18:09.177000,0 days 02:18:32.510000,284.0,275.0,320.0,309.0,False,HARD,8.0,True,Williams,0 days 02:17:14.026000,2026-08-23 14:23:56.803,1,15.0,False,,False,True
0 days 02:19:50.607000,SAI,55,0 days 00:01:18.097000,39.0,3.0,,,0 days 00:00:26.326000,0 days 00:00:28.449000,0 days 00:00:23.322000,0 days 02:18:58.836000,0 days 02:19:27.285000,0 days 02:19:50.607000,286.0,275.0,321.0,312.0,True,HARD,9.0,True,Williams,0 days 02:18:32.510000,2026-08-23 14:25:15.287,1,14.0,False,,False,True
0 days 02:21:08.838000,SAI,55,0 days 00:01:18.231000,40.0,3.0,,,0 days 00:00:26.399000,0 days 00:00:28.496000,0 days 00:00:23.336000,0 days 02:20:17.006000,0 days 02:20:45.502000,0 days 02:21:08.838000,287.0,275.0,320.0,314.0,False,HARD,10.0,True,Williams,0 days 02:19:50.607000,2026-08-23 14:26:33.384,1,14.0,False,,False,True
0 days 02:22:28.199000,SAI,55,0 days 00:01:19.361000,41.0,3.0,,,0 days 00:00:26.562000,0 days 00:00:29.187000,0 days 00:00:23.612000,0 days 02:21:35.400000,0 days 02:22:04.587000,0 days 02:22:28.199000,288.0,278.0,323.0,310.0,False,HARD,11.0,True,Williams,0 days 02:21:08.838000,2026-08-23 14:27:51.615,1,15.0,False,,False,True
0 days 02:23:46.620000,SAI,55,0 days 00:01:18.421000,42.0,3.0,,,0 days 00:00:26.674000,0 days 00:00:28.544000,0 days 00:00:23.203000,0 days 02:22:54.873000,0 days 02:23:23.417000,0 days 02:23:46.620000,282.0,275.0,319.0,317.0,False,HARD,12.0,True,Williams,0 days 02:22:28.199000,2026-08-23 14:29:10.976,1,15.0,False,,False,True
0 days 02:25:06.232000,SAI,55,0 days 00:01:19.612000,43.0,3.0,,,0 days 00:00:26.873000,0 days 00:00:29.226000,0 days 00:00:23.513000,0 days 02:24:13.493000,0 days 02:24:42.719000,0 days 02:25:06.232000,279.0,280.0,321.0,305.0,False,HARD,13.0,True,Williams,0 days 02:23:46.620000,2026-08-23 14:30:29.397,1,16.0,False,,False,True
0 days 02:26:25.990000,SAI,55,0 days 00:01:19.758000,44.0,3.0,,,0 days 00:00:27.502000,0 days 00:00:28.896000,0 days 00:00:23.360000,0 days 02:25:33.734000,0 days 02:26:02.630000,0 days 02:26:25.990000,283.0,277.0,318.0,316.0,False,HARD,14.0,True,Williams,0 days 02:25:06.232000,2026-08-23 14:31:49.009,1,16.0,False,,False,True
0 days 02:27:44.393000,SAI,55,0 days 00:01:18.403000,45.0,3.0,,,0 days 00:00:26.534000,0 days 00:00:28.572000,0 days 00:00:23.297000,0 days 02:26:52.524000,0 days 02:27:21.096000,0 days 02:27:44.393000,291.0,278.0,321.0,312.0,False,HARD,15.0,True,Williams,0 days 02:26:25.990000,2026-08-23 14:33:08.767,1,16.0,False,,False,True
0 days 02:29:03.277000,SAI,55,0 days 00:01:18.884000,46.0,3.0,,,0 days 00:00:26.586000,0 days 00:00:28.644000,0 days 00:00:23.654000,0 days 02:28:10.979000,0 days 02:28:39.623000,0 days 02:29:03.277000,291.0,279.0,317.0,312.0,False,HARD,16.0,True,Williams,0 days 02:27:44.393000,2026-08-23 14:34:27.170,1,16.0,False,,False,True
0 days 02:30:24.879000,SAI,55,0 days 00:01:21.602000,47.0,3.0,,,0 days 00:00:27.354000,0 days 00:00:30.168000,0 days 00:00:24.080000,0 days 02:29:30.631000,0 days 02:30:00.799000,0 days 02:30:24.879000,291.0,278.0,319.0,266.0,False,HARD,17.0,True,Williams,0 days 02:29:03.277000,2026-08-23 14:35:46.054,1,16.0,True,TRACK LIMITS AT TURN 3 LAP 47 ,False,True
0 days 02:31:43.824000,SAI,55,0 days 00:01:18.945000,48.0,3.0,,,0 days 00:00:26.747000,0 days 00:00:28.726000,0 days 00:00:23.472000,0 days 02:30:51.626000,0 days 02:31:20.352000,0 days 02:31:43.824000,289.0,279.0,322.0,311.0,False,HARD,18.0,True,Williams,0 days 02:30:24.879000,2026-08-23 14:37:07.656,1,16.0,False,,False,True
0 days 02:33:02.144000,SAI,55,0 days 00:01:18.320000,49.0,3.0,,,0 days 00:00:26.489000,0 days 00:00:28.506000,0 days 00:00:23.325000,0 days 02:32:10.313000,0 days 02:32:38.819000,0 days 02:33:02.144000,288.0,279.0,319.0,315.0,False,HARD,19.0,True,Williams,0 days 02:31:43.824000,2026-08-23 14:38:26.601,1,16.0,False,,False,True
0 days 02:34:20.673000,SAI,55,0 days 00:01:18.529000,50.0,3.0,,,0 days 00:00:26.570000,0 days 00:00:28.625000,0 days 00:00:23.334000,0 days 02:33:28.714000,0 days 02:33:57.339000,0 days 02:34:20.673000,288.0,276.0,320.0,310.0,False,HARD,20.0,True,Williams,0 days 02:33:02.144000,2026-08-23 14:39:44.921,1,15.0,False,,False,True
0 days 02:35:39.199000,SAI,55,0 days 00:01:18.526000,51.0,3.0,,,0 days 00:00:26.483000,0 days 00:00:28.582000,0 days 00:00:23.461000,0 days 02:34:47.156000,0 days 02:35:15.738000,0 days 02:35:39.199000,290.0,277.0,320.0,311.0,False,HARD,21.0,True,Williams,0 days 02:34:20.673000,2026-08-23 14:41:03.450,1,15.0,False,,False,True
0 days 02:36:57.517000,SAI,55,0 days 00:01:18.318000,52.0,3.0,,,0 days 00:00:26.494000,0 days 00:00:28.430000,0 days 00:00:23.394000,0 days 02:36:05.693000,0 days 02:36:34.123000,0 days 02:36:57.517000,289.0,278.0,319.0,310.0,False,HARD,22.0,True,Williams,0 days 02:35:39.199000,2026-08-23 14:42:21.976,1,15.0,False,,False,True
0 days 02:38:24.143000,SAI,55,0 days 00:01:26.626000,53.0,3.0,,,0 days 00:00:26.543000,0 days 00:00:28.679000,0 days 00:00:31.404000,0 days 02:37:24.060000,0 days 02:37:52.739000,0 days 02:38:24.143000,289.0,276.0,223.0,312.0,False,HARD,23.0,True,Williams,0 days 02:36:57.517000,2026-08-23 14:43:40.294,126,14.0,False,,False,False
0 days 02:40:08.392000,SAI,55,0 days 00:01:44.249000,54.0,3.0,,,0 days 00:00:37.074000,0 days 00:00:36.720000,0 days 00:00:30.455000,0 days 02:39:01.217000,0 days 02:39:37.937000,0 days 02:40:08.392000,284.0,211.0,222.0,190.0,False,HARD,24.0,True,Williams,0 days 02:38:24.143000,2026-08-23 14:45:06.920,6,14.0,False,,False,False
0 days 02:41:50.878000,SAI,55,0 days 00:01:42.486000,55.0,3.0,,,0 days 00:00:36.721000,0 days 00:00:34.438000,0 days 00:00:31.327000,0 days 02:40:45.113000,0 days 02:41:19.551000,0 days 02:41:50.878000,270.0,204.0,238.0,250.0,False,HARD,25.0,True,Williams,0 days 02:40:08.392000,2026-08-23 14:46:51.169,6,14.0,False,,False,False
0 days 02:43:13.744000,SAI,55,0 days 00:01:22.866000,56.0,3.0,,,0 days 00:00:31.485000,0 days 00:00:28.067000,0 days 00:00:23.314000,0 days 02:42:22.363000,0 days 02:42:50.430000,0 days 02:43:13.744000,298.0,290.0,321.0,164.0,False,HARD,26.0,True,Williams,0 days 02:41:50.878000,2026-08-23 14:48:33.655,671,14.0,False,,False,False
0 days 02:44:31.711000,SAI,55,0 days 00:01:17.967000,57.0,3.0,,,0 days 00:00:26.268000,0 days 00:00:28.350000,0 days 00:00:23.349000,0 days 02:43:40.012000,0 days 02:44:08.362000,0 days 02:44:31.711000,294.0,279.0,320.0,317.0,True,HARD,27.0,True,Williams,0 days 02:43:13.744000,2026-08-23 14:49:56.521,1,14.0,False,,False,True
0 days 02:45:49.956000,SAI,55,0 days 00:01:18.245000,58.0,3.0,,,0 days 00:00:26.466000,0 days 00:00:28.427000,0 days 00:00:23.352000,0 days 02:44:58.177000,0 days 02:45:26.604000,0 days 02:45:49.956000,282.0,277.0,321.0,314.0,False,HARD,28.0,True,Williams,0 days 02:44:31.711000,2026-08-23 14:51:14.488,1,14.0,False,,False,True
0 days 02:47:09.526000,SAI,55,0 days 00:01:19.570000,59.0,3.0,,,0 days 00:00:26.426000,0 days 00:00:29.407000,0 days 00:00:23.737000,0 days 02:46:16.382000,0 days 02:46:45.789000,0 days 02:47:09.526000,282.0,285.0,328.0,317.0,False,HARD,29.0,True,Williams,0 days 02:45:49.956000,2026-08-23 14:52:32.733,1,15.0,False,,False,True
0 days 02:48:27.929000,SAI,55,0 days 00:01:18.403000,60.0,3.0,,,0 days 00:00:26.439000,0 days 00:00:28.640000,0 days 00:00:23.324000,0 days 02:47:35.965000,0 days 02:48:04.605000,0 days 02:48:27.929000,283.0,276.0,322.0,320.0,False,HARD,30.0,True,Williams,0 days 02:47:09.526000,2026-08-23 14:53:52.303,1,15.0,False,,False,True
0 days 02:49:46.230000,SAI,55,0 days 00:01:18.301000,61.0,3.0,,,0 days 00:00:26.546000,0 days 00:00:28.534000,0 days 00:00:23.221000,0 days 02:48:54.475000,0 days 02:49:23.009000,0 days 02:49:46.230000,291.0,282.0,321.0,313.0,False,HARD,31.0,True,Williams,0 days 02:48:27.929000,2026-08-23 14:55:10.706,1,16.0,False,,False,True
0 days 02:51:04.660000,SAI,55,0 days 00:01:18.430000,62.0,3.0,,,0 days 00:00:26.444000,0 days 00:00:28.563000,0 days 00:00:23.423000,0 days 02:50:12.674000,0 days 02:50:41.237000,0 days 02:51:04.660000,281.0,279.0,321.0,316.0,False,HARD,32.0,True,Williams,0 days 02:49:46.230000,2026-08-23 14:56:29.007,1,16.0,False,,False,True
0 days 02:52:23.504000,SAI,55,0 days 00:01:18.844000,63.0,3.0,,,0 days 00:00:26.666000,0 days 00:00:28.666000,0 days 00:00:23.512000,0 days 02:51:31.326000,0 days 02:51:59.992000,0 days 02:52:23.504000,285.0,277.0,320.0,312.0,False,HARD,33.0,True,Williams,0 days 02:51:04.660000,2026-08-23 14:57:47.437,1,16.0,False,,False,True
0 days 02:53:43.236000,SAI,55,0 days 00:01:19.732000,64.0,3.0,,,0 days 00:00:26.752000,0 days 00:00:29.344000,0 days 00:00:23.636000,0 days 02:52:50.256000,0 days 02:53:19.600000,0 days 02:53:43.236000,283.0,281.0,322.0,301.0,False,HARD,34.0,True,Williams,0 days 02:52:23.504000,2026-08-23 14:59:06.281,1,16.0,False,,False,True
0 days 02:55:28.460000,SAI,55,0 days 00:01:45.224000,65.0,3.0,,0 days 02:55:27.324000,0 days 00:00:41.810000,0 days 00:00:32.920000,0 days 00:00:30.494000,0 days 02:54:25.046000,0 days 02:54:57.966000,0 days 02:55:28.460000,155.0,236.0,,315.0,False,HARD,35.0,True,Williams,0 days 02:53:43.236000,2026-08-23 15:00:26.013,1,16.0,False,,False,False
0 days 02:57:04.274000,SAI,55,0 days 00:01:35.814000,66.0,4.0,0 days 02:55:45.388000,,0 days 00:00:44.309000,0 days 00:00:28.299000,0 days 00:00:23.206000,0 days 02:56:12.769000,0 days 02:56:41.068000,0 days 02:57:04.274000,285.0,287.0,322.0,315.0,False,SOFT,3.0,False,Williams,0 days 02:55:28.460000,2026-08-23 15:02:11.237,1,17.0,False,,False,False
0 days 02:58:37.384000,SAI,55,0 days 00:01:33.110000,67.0,4.0,,,0 days 00:00:26.138000,0 days 00:00:36.829000,0 days 00:00:30.143000,0 days 02:57:30.412000,0 days 02:58:07.241000,0 days 02:58:37.384000,292.0,208.0,290.0,310.0,False,SOFT,4.0,False,Williams,0 days 02:57:04.274000,2026-08-23 15:03:47.051,167,16.0,False,,False,False
0 days 02:59:55.513000,SAI,55,0 days 00:01:18.129000,68.0,4.0,,,0 days 00:00:27.310000,0 days 00:00:27.764000,0 days 00:00:23.055000,0 days 02:59:04.694000,0 days 02:59:32.458000,0 days 02:59:55.513000,301.0,293.0,324.0,243.0,False,SOFT,5.0,False,Williams,0 days 02:58:37.384000,2026-08-23 15:05:20.161,71,16.0,False,,False,False
0 days 03:01:12.841000,SAI,55,0 days 00:01:17.328000,69.0,4.0,,,0 days 00:00:26.289000,0 days 00:00:27.829000,0 days 00:00:23.210000,0 days 03:00:21.802000,0 days 03:00:49.631000,0 days 03:01:12.841000,291.0,280.0,325.0,298.0,True,SOFT,6.0,False,Williams,0 days 02:59:55.513000,2026-08-23 15:06:38.290,1,16.0,False,,False,True
0 days 03:02:31.148000,SAI,55,0 days 00:01:18.307000,70.0,4.0,,,0 days 00:00:26.403000,0 days 00:00:28.257000,0 days 00:00:23.647000,0 days 03:01:39.244000,0 days 03:02:07.501000,0 days 03:02:31.148000,296.0,281.0,312.0,304.0,False,SOFT,7.0,False,Williams,0 days 03:01:12.841000,2026-08-23 15:07:55.618,1,16.0,False,,False,True
0 days 00:58:10.459000,RUS,63,0 days 00:01:25.937000,1.0,1.0,,,,0 days 00:00:27.717000,0 days 00:00:25.891000,,0 days 00:57:46.271000,0 days 00:58:12.096000,284.0,278.0,318.0,212.0,False,MEDIUM,1.0,True,Mercedes,0 days 00:56:45.791000,2026-08-23 13:03:28.568,1,3.0,False,,False,False
0 days 01:00:16.695000,RUS,63,0 days 00:02:06.236000,2.0,1.0,,0 days 01:00:15.872000,0 days 00:00:26.817000,0 days 00:00:40.909000,0 days 00:00:58.510000,0 days 00:58:38.899000,0 days 00:59:19.808000,0 days 01:00:18.318000,285.0,136.0,,262.0,False,MEDIUM,2.0,True,Mercedes,0 days 00:58:10.459000,2026-08-23 13:04:53.236,125,3.0,False,,False,False
0 days 01:28:39.132000,RUS,63,,3.0,2.0,0 days 01:26:29.569000,,,0 days 00:00:35.135000,0 days 00:01:02.378000,,0 days 01:27:38.448000,0 days 01:28:40.755000,251.0,224.0,51.0,262.0,False,MEDIUM,3.0,False,Mercedes,0 days 01:26:17.312000,2026-08-23 13:33:00.089,1,3.0,False,,False,False
0 days 01:31:58.339000,RUS,63,,4.0,2.0,,,,0 days 00:00:28.967000,0 days 00:00:57.762000,,0 days 01:31:02.356000,0 days 01:32:00.258000,242.0,246.0,54.0,147.0,False,MEDIUM,4.0,False,Mercedes,0 days 01:28:39.132000,2026-08-23 13:35:21.909,12,3.0,False,,False,False
0 days 01:34:20.148000,RUS,63,0 days 00:02:21.809000,5.0,2.0,,,0 days 00:01:29.781000,0 days 00:00:28.590000,0 days 00:00:23.438000,0 days 01:33:29.743000,0 days 01:33:58.333000,0 days 01:34:21.771000,264.0,265.0,328.0,220.0,True,MEDIUM,5.0,False,Mercedes,0 days 01:31:58.339000,2026-08-23 13:38:41.116,12,4.0,False,,False,True
0 days 01:35:38.106000,RUS,63,0 days 00:01:17.958000,6.0,2.0,,,0 days 00:00:26.774000,0 days 00:00:27.981000,0 days 00:00:23.203000,0 days 01:34:48.545000,0 days 01:35:16.526000,0 days 01:35:39.729000,285.0,266.0,332.0,282.0,True,MEDIUM,6.0,False,Mercedes,0 days 01:34:20.148000,2026-08-23 13:41:02.925,1,4.0,False,,False,True
0 days 01:36:55.650000,RUS,63,0 days 00:01:17.544000,7.0,2.0,,,0 days 00:00:26.498000,0 days 00:00:27.877000,0 days 00:00:23.169000,0 days 01:36:06.227000,0 days 01:36:34.104000,0 days 01:36:57.273000,278.0,275.0,325.0,289.0,True,MEDIUM,7.0,False,Mercedes,0 days 01:35:38.106000,2026-08-23 13:42:20.883,1,4.0,False,,False,True
0 days 01:38:12.964000,RUS,63,0 days 00:01:17.314000,8.0,2.0,,,0 days 00:00:26.277000,0 days 00:00:27.940000,0 days 00:00:23.097000,0 days 01:37:23.550000,0 days 01:37:51.490000,0 days 01:38:14.587000,277.0,271.0,324.0,299.0,True,MEDIUM,8.0,False,Mercedes,0 days 01:36:55.650000,2026-08-23 13:43:38.427,1,4.0,False,,False,True
0 days 01:39:29.945000,RUS,63,0 days 00:01:16.981000,9.0,2.0,,,0 days 00:00:26.033000,0 days 00:00:27.832000,0 days 00:00:23.116000,0 days 01:38:40.620000,0 days 01:39:08.452000,0 days 01:39:31.568000,281.0,274.0,324.0,308.0,True,MEDIUM,9.0,False,Mercedes,0 days 01:38:12.964000,2026-08-23 13:44:55.741,1,4.0,False,,False,True
0 days 01:40:47.294000,RUS,63,0 days 00:01:17.349000,10.0,2.0,,,0 days 00:00:26.125000,0 days 00:00:28.121000,0 days 00:00:23.103000,0 days 01:39:57.693000,0 days 01:40:25.814000,0 days 01:40:48.917000,278.0,269.0,324.0,312.0,False,MEDIUM,10.0,False,Mercedes,0 days 01:39:29.945000,2026-08-23 13:46:12.722,1,4.0,False,,False,True
0 days 01:42:04.828000,RUS,63,0 days 00:01:17.534000,11.0,2.0,,,0 days 00:00:26.175000,0 days 00:00:28.261000,0 days 00:00:23.098000,0 days 01:41:15.092000,0 days 01:41:43.353000,0 days 01:42:06.451000,276.0,270.0,324.0,309.0,False,MEDIUM,11.0,False,Mercedes,0 days 01:40:47.294000,2026-08-23 13:47:30.071,1,4.0,False,,False,True
0 days 01:43:22.117000,RUS,63,0 days 00:01:17.289000,12.0,2.0,,,0 days 00:00:26.128000,0 days 00:00:28.076000,0 days 00:00:23.085000,0 days 01:42:32.579000,0 days 01:43:00.655000,0 days 01:43:23.740000,278.0,269.0,324.0,311.0,False,MEDIUM,12.0,False,Mercedes,0 days 01:42:04.828000,2026-08-23 13:48:47.605,1,4.0,False,,False,True
0 days 01:44:39.539000,RUS,63,0 days 00:01:17.422000,13.0,2.0,,,0 days 00:00:26.092000,0 days 00:00:28.184000,0 days 00:00:23.146000,0 days 01:43:49.832000,0 days 01:44:18.016000,0 days 01:44:41.162000,279.0,272.0,323.0,313.0,False,MEDIUM,13.0,False,Mercedes,0 days 01:43:22.117000,2026-08-23 13:50:04.894,1,4.0,False,,False,True
0 days 01:45:57.160000,RUS,63,0 days 00:01:17.621000,14.0,2.0,,,0 days 00:00:26.050000,0 days 00:00:28.417000,0 days 00:00:23.154000,0 days 01:45:07.212000,0 days 01:45:35.629000,0 days 01:45:58.783000,278.0,270.0,323.0,316.0,False,MEDIUM,14.0,False,Mercedes,0 days 01:44:39.539000,2026-08-23 13:51:22.316,1,4.0,False,,False,True
0 days 01:47:14.952000,RUS,63,0 days 00:01:17.792000,15.0,2.0,,,0 days 00:00:26.086000,0 days 00:00:28.426000,0 days 00:00:23.280000,0 days 01:46:24.869000,0 days 01:46:53.295000,0 days 01:47:16.575000,279.0,270.0,322.0,310.0,False,MEDIUM,15.0,False,Mercedes,0 days 01:45:57.160000,2026-08-23 13:52:39.937,1,4.0,False,,False,True
0 days 01:48:32.608000,RUS,63,0 days 00:01:17.656000,16.0,2.0,,,0 days 00:00:26.127000,0 days 00:00:28.346000,0 days 00:00:23.183000,0 days 01:47:42.702000,0 days 01:48:11.048000,0 days 01:48:34.231000,280.0,272.0,322.0,311.0,False,MEDIUM,16.0,False,Mercedes,0 days 01:47:14.952000,2026-08-23 13:53:57.729,1,4.0,False,,False,True
0 days 01:49:52.743000,RUS,63,0 days 00:01:20.135000,17.0,2.0,,0 days 01:49:53.121000,0 days 00:00:26.208000,0 days 00:00:28.156000,0 days 00:00:25.771000,0 days 01:49:00.439000,0 days 01:49:28.595000,0 days 01:49:54.366000,277.0,274.0,,314.0,False,MEDIUM,17.0,False,Mercedes,0 days 01:48:32.608000,2026-08-23 13:55:15.385,1,6.0,False,,False,False
0 days 01:51:26.415000,RUS,63,0 days 00:01:33.672000,18.0,3.0,0 days 01:50:11.221000,,0 days 00:00:42.558000,0 days 00:00:27.890000,0 days 00:00:23.224000,0 days 01:50:36.924000,0 days 01:51:04.814000,0 days 01:51:28.038000,289.0,278.0,324.0,314.0,False,HARD,1.0,True,Mercedes,0 days 01:49:52.743000,2026-08-23 13:56:35.520,1,7.0,False,,False,False
0 days 01:52:42.597000,RUS,63,0 days 00:01:16.182000,19.0,3.0,,,0 days 00:00:25.785000,0 days 00:00:27.463000,0 days 00:00:22.934000,0 days 01:51:53.823000,0 days 01:52:21.286000,0 days 01:52:44.220000,274.0,269.0,321.0,312.0,True,HARD,2.0,True,Mercedes,0 days 01:51:26.415000,2026-08-23 13:58:09.192,1,6.0,False,,False,True
0 days 01:53:59.166000,RUS,63,0 days 00:01:16.569000,20.0,3.0,,,0 days 00:00:25.907000,0 days 00:00:27.726000,0 days 00:00:22.936000,0 days 01:53:10.127000,0 days 01:53:37.853000,0 days 01:54:00.789000,281.0,275.0,321.0,310.0,False,HARD,3.0,True,Mercedes,0 days 01:52:42.597000,2026-08-23 13:59:25.374,1,6.0,False,,False,True
0 days 01:55:15.711000,RUS,63,0 days 00:01:16.545000,21.0,3.0,,,0 days 00:00:25.822000,0 days 00:00:27.862000,0 days 00:00:22.861000,0 days 01:54:26.611000,0 days 01:54:54.473000,0 days 01:55:17.334000,280.0,275.0,320.0,307.0,False,HARD,4.0,True,Mercedes,0 days 01:53:59.166000,2026-08-23 14:00:41.943,1,5.0,False,,False,True
0 days 01:56:32.128000,RUS,63,0 days 00:01:16.417000,22.0,3.0,,,0 days 00:00:25.922000,0 days 00:00:27.667000,0 days 00:00:22.828000,0 days 01:55:43.256000,0 days 01:56:10.923000,0 days 01:56:33.751000,281.0,274.0,322.0,309.0,False,HARD,5.0,True,Mercedes,0 days 01:55:15.711000,2026-08-23 14:01:58.488,1,4.0,False,,False,True
0 days 01:57:48.423000,RUS,63,0 days 00:01:16.295000,23.0,3.0,,,0 days 00:00:25.779000,0 days 00:00:27.721000,0 days 00:00:22.795000,0 days 01:56:59.530000,0 days 01:57:27.251000,0 days 01:57:50.046000,279.0,275.0,322.0,312.0,False,HARD,6.0,True,Mercedes,0 days 01:56:32.128000,2026-08-23 14:03:14.905,1,4.0,False,,False,True
0 days 01:59:05.038000,RUS,63,0 days 00:01:16.615000,24.0,3.0,,,0 days 00:00:25.800000,0 days 00:00:27.875000,0 days 00:00:22.940000,0 days 01:58:15.846000,0 days 01:58:43.721000,0 days 01:59:06.661000,280.0,272.0,322.0,310.0,False,HARD,7.0,True,Mercedes,0 days 01:57:48.423000,2026-08-23 14:04:31.200,1,4.0,False,,False,True
0 days 02:00:21.701000,RUS,63,0 days 00:01:16.663000,25.0,3.0,,,0 days 00:00:25.946000,0 days 00:00:27.786000,0 days 00:00:22.931000,0 days 01:59:32.607000,0 days 02:00:00.393000,0 days 02:00:23.324000,279.0,272.0,321.0,312.0,False,HARD,8.0,True,Mercedes,0 days 01:59:05.038000,2026-08-23 14:05:47.815,1,4.0,False,,False,True
0 days 02:01:38.390000,RUS,63,0 days 00:01:16.689000,26.0,3.0,,,0 days 00:00:25.913000,0 days 00:00:27.893000,0 days 00:00:22.883000,0 days 02:00:49.237000,0 days 02:01:17.130000,0 days 02:01:40.013000,279.0,275.0,321.0,313.0,False,HARD,9.0,True,Mercedes,0 days 02:00:21.701000,2026-08-23 14:07:04.478,1,3.0,False,,False,True
0 days 02:02:54.907000,RUS,63,0 days 00:01:16.517000,27.0,3.0,,,0 days 00:00:25.826000,0 days 00:00:27.870000,0 days 00:00:22.821000,0 days 02:02:05.839000,0 days 02:02:33.709000,0 days 02:02:56.530000,280.0,273.0,321.0,314.0,False,HARD,10.0,True,Mercedes,0 days 02:01:38.390000,2026-08-23 14:08:21.167,1,3.0,False,,False,True
0 days 02:04:11.610000,RUS,63,0 days 00:01:16.703000,28.0,3.0,,,0 days 00:00:25.928000,0 days 00:00:27.876000,0 days 00:00:22.899000,0 days 02:03:22.458000,0 days 02:03:50.334000,0 days 02:04:13.233000,278.0,271.0,321.0,312.0,False,HARD,11.0,True,Mercedes,0 days 02:02:54.907000,2026-08-23 14:09:37.684,1,3.0,False,,False,True
0 days 02:05:28.209000,RUS,63,0 days 00:01:16.599000,29.0,3.0,,,0 days 00:00:25.899000,0 days 00:00:27.804000,0 days 00:00:22.896000,0 days 02:04:39.132000,0 days 02:05:06.936000,0 days 02:05:29.832000,279.0,273.0,321.0,315.0,False,HARD,12.0,True,Mercedes,0 days 02:04:11.610000,2026-08-23 14:10:54.387,1,3.0,False,,False,True
0 days 02:06:44.804000,RUS,63,0 days 00:01:16.595000,30.0,3.0,,,0 days 00:00:25.842000,0 days 00:00:27.743000,0 days 00:00:23.010000,0 days 02:05:55.674000,0 days 02:06:23.417000,0 days 02:06:46.427000,279.0,275.0,323.0,313.0,False,HARD,13.0,True,Mercedes,0 days 02:05:28.209000,2026-08-23 14:12:10.986,1,3.0,False,,False,True
0 days 02:08:01.334000,RUS,63,0 days 00:01:16.530000,31.0,3.0,,,0 days 00:00:25.895000,0 days 00:00:27.846000,0 days 00:00:22.789000,0 days 02:07:12.322000,0 days 02:07:40.168000,0 days 02:08:02.957000,280.0,275.0,323.0,311.0,False,HARD,14.0,True,Mercedes,0 days 02:06:44.804000,2026-08-23 14:13:27.581,1,3.0,False,,False,True
0 days 02:09:18.292000,RUS,63,0 days 00:01:16.958000,32.0,3.0,,,0 days 00:00:25.853000,0 days 00:00:27.948000,0 days 00:00:23.157000,0 days 02:08:28.810000,0 days 02:08:56.758000,0 days 02:09:19.915000,280.0,277.0,329.0,318.0,False,HARD,15.0,True,Mercedes,0 days 02:08:01.334000,2026-08-23 14:14:44.111,1,3.0,False,,False,True
0 days 02:10:35.133000,RUS,63,0 days 00:01:16.841000,33.0,3.0,,,0 days 00:00:26.015000,0 days 00:00:27.901000,0 days 00:00:22.925000,0 days 02:09:45.930000,0 days 02:10:13.831000,0 days 02:10:36.756000,285.0,276.0,321.0,312.0,False,HARD,16.0,True,Mercedes,0 days 02:09:18.292000,2026-08-23 14:16:01.069,1,3.0,False,,False,True
0 days 02:11:51.990000,RUS,63,0 days 00:01:16.857000,34.0,3.0,,,0 days 00:00:25.899000,0 days 00:00:27.830000,0 days 00:00:23.128000,0 days 02:11:02.655000,0 days 02:11:30.485000,0 days 02:11:53.613000,283.0,274.0,321.0,313.0,False,HARD,17.0,True,Mercedes,0 days 02:10:35.133000,2026-08-23 14:17:17.910,1,3.0,False,,False,True
0 days 02:13:08.934000,RUS,63,0 days 00:01:16.944000,35.0,3.0,,,0 days 00:00:25.937000,0 days 00:00:27.926000,0 days 00:00:23.081000,0 days 02:12:19.550000,0 days 02:12:47.476000,0 days 02:13:10.557000,281.0,274.0,324.0,311.0,False,HARD,18.0,True,Mercedes,0 days 02:11:51.990000,2026-08-23 14:18:34.767,1,3.0,False,,False,True
0 days 02:14:26.110000,RUS,63,0 days 00:01:17.176000,36.0,3.0,,,0 days 00:00:25.995000,0 days 00:00:27.964000,0 days 00:00:23.217000,0 days 02:13:36.552000,0 days 02:14:04.516000,0 days 02:14:27.733000,283.0,278.0,327.0,314.0,False,HARD,19.0,True,Mercedes,0 days 02:13:08.934000,2026-08-23 14:19:51.711,1,3.0,False,,False,True
0 days 02:15:43.028000,RUS,63,0 days 00:01:16.918000,37.0,3.0,,,0 days 00:00:26.021000,0 days 00:00:27.805000,0 days 00:00:23.092000,0 days 02:14:53.754000,0 days 02:15:21.559000,0 days 02:15:44.651000,283.0,276.0,322.0,306.0,False,HARD,20.0,True,Mercedes,0 days 02:14:26.110000,2026-08-23 14:21:08.887,1,3.0,False,,False,True
0 days 02:16:59.790000,RUS,63,0 days 00:01:16.762000,38.0,3.0,,,0 days 00:00:25.924000,0 days 00:00:27.843000,0 days 00:00:22.995000,0 days 02:16:10.575000,0 days 02:16:38.418000,0 days 02:17:01.413000,284.0,278.0,323.0,314.0,False,HARD,21.0,True,Mercedes,0 days 02:15:43.028000,2026-08-23 14:22:25.805,1,3.0,False,,False,True
0 days 02:18:17.192000,RUS,63,0 days 00:01:17.402000,39.0,3.0,,,0 days 00:00:26.148000,0 days 00:00:28.174000,0 days 00:00:23.080000,0 days 02:17:27.561000,0 days 02:17:55.735000,0 days 02:18:18.815000,283.0,277.0,323.0,305.0,False,HARD,22.0,True,Mercedes,0 days 02:16:59.790000,2026-08-23 14:23:42.567,1,3.0,False,,False,True
0 days 02:19:36.685000,RUS,63,0 days 00:01:19.493000,40.0,3.0,,0 days 02:19:37.092000,0 days 00:00:25.918000,0 days 00:00:27.892000,0 days 00:00:25.683000,0 days 02:18:44.733000,0 days 02:19:12.625000,0 days 02:19:38.308000,281.0,277.0,,315.0,False,HARD,23.0,True,Mercedes,0 days 02:18:17.192000,2026-08-23 14:24:59.969,1,5.0,False,,False,False
0 days 02:21:08.792000,RUS,63,0 days 00:01:32.107000,41.0,4.0,0 days 02:19:54.548000,,0 days 00:00:42.112000,0 days 00:00:27.248000,0 days 00:00:22.747000,0 days 02:20:20.420000,0 days 02:20:47.668000,0 days 02:21:10.415000,285.0,281.0,324.0,315.0,False,HARD,1.0,True,Mercedes,0 days 02:19:36.685000,2026-08-23 14:26:19.462,1,6.0,False,,False,False
0 days 02:22:24.616000,RUS,63,0 days 00:01:15.824000,42.0,4.0,,,0 days 00:00:25.763000,0 days 00:00:27.477000,0 days 00:00:22.584000,0 days 02:21:36.178000,0 days 02:22:03.655000,0 days 02:22:26.239000,280.0,272.0,322.0,312.0,True,HARD,2.0,True,Mercedes,0 days 02:21:08.792000,2026-08-23 14:27:51.569,1,6.0,False,,False,True
0 days 02:23:40.031000,RUS,63,0 days 00:01:15.415000,43.0,4.0,,,0 days 00:00:25.627000,0 days 00:00:27.152000,0 days 00:00:22.636000,0 days 02:22:51.866000,0 days 02:23:19.018000,0 days 02:23:41.654000,279.0,279.0,324.0,313.0,True,HARD,3.0,True,Mercedes,0 days 02:22:24.616000,2026-08-23 14:29:07.393,1,6.0,False,,False,True
0 days 02:24:56.728000,RUS,63,0 days 00:01:16.697000,44.0,4.0,,,0 days 00:00:25.686000,0 days 00:00:28.039000,0 days 00:00:22.972000,0 days 02:24:07.340000,0 days 02:24:35.379000,0 days 02:24:58.351000,281.0,281.0,331.0,310.0,False,HARD,4.0,True,Mercedes,0 days 02:23:40.031000,2026-08-23 14:30:22.808,1,4.0,False,,False,True
0 days 02:26:12.675000,RUS,63,0 days 00:01:15.947000,45.0,4.0,,,0 days 00:00:25.979000,0 days 00:00:27.282000,0 days 00:00:22.686000,0 days 02:25:24.330000,0 days 02:25:51.612000,0 days 02:26:14.298000,283.0,276.0,320.0,300.0,False,HARD,5.0,True,Mercedes,0 days 02:24:56.728000,2026-08-23 14:31:39.505,1,4.0,False,,False,True
0 days 02:27:28.068000,RUS,63,0 days 00:01:15.393000,46.0,4.0,,,0 days 00:00:25.548000,0 days 00:00:27.238000,0 days 00:00:22.607000,0 days 02:26:39.846000,0 days 02:27:07.084000,0 days 02:27:29.691000,282.0,278.0,321.0,314.0,True,HARD,6.0,True,Mercedes,0 days 02:26:12.675000,2026-08-23 14:32:55.452,1,4.0,False,,False,True
0 days 02:28:43.651000,RUS,63,0 days 00:01:15.583000,47.0,4.0,,,0 days 00:00:25.620000,0 days 00:00:27.291000,0 days 00:00:22.672000,0 days 02:27:55.311000,0 days 02:28:22.602000,0 days 02:28:45.274000,282.0,275.0,320.0,315.0,False,HARD,7.0,True,Mercedes,0 days 02:27:28.068000,2026-08-23 14:34:10.845,1,4.0,False,,False,True
0 days 02:29:59.476000,RUS,63,0 days 00:01:15.825000,48.0,4.0,,,0 days 00:00:25.702000,0 days 00:00:27.385000,0 days 00:00:22.738000,0 days 02:29:10.976000,0 days 02:29:38.361000,0 days 02:30:01.099000,290.0,274.0,318.0,309.0,False,HARD,8.0,True,Mercedes,0 days 02:28:43.651000,2026-08-23 14:35:26.428,1,4.0,False,,False,True
0 days 02:31:15.009000,RUS,63,0 days 00:01:15.533000,49.0,4.0,,,0 days 00:00:25.564000,0 days 00:00:27.278000,0 days 00:00:22.691000,0 days 02:30:26.663000,0 days 02:30:53.941000,0 days 02:31:16.632000,286.0,277.0,322.0,304.0,False,HARD,9.0,True,Mercedes,0 days 02:29:59.476000,2026-08-23 14:36:42.253,1,4.0,False,,False,True
0 days 02:32:30.580000,RUS,63,0 days 00:01:15.571000,50.0,4.0,,,0 days 00:00:25.507000,0 days 00:00:27.416000,0 days 00:00:22.648000,0 days 02:31:42.139000,0 days 02:32:09.555000,0 days 02:32:32.203000,287.0,279.0,333.0,310.0,False,HARD,10.0,True,Mercedes,0 days 02:31:15.009000,2026-08-23 14:37:57.786,1,4.0,False,,False,True
0 days 02:33:46.203000,RUS,63,0 days 00:01:15.623000,51.0,4.0,,,0 days 00:00:25.750000,0 days 00:00:27.273000,0 days 00:00:22.600000,0 days 02:32:57.953000,0 days 02:33:25.226000,0 days 02:33:47.826000,293.0,283.0,323.0,300.0,False,HARD,11.0,True,Mercedes,0 days 02:32:30.580000,2026-08-23 14:39:13.357,1,4.0,False,,False,True
0 days 02:35:01.865000,RUS,63,0 days 00:01:15.662000,52.0,4.0,,,0 days 00:00:25.630000,0 days 00:00:27.416000,0 days 00:00:22.616000,0 days 02:34:13.456000,0 days 02:34:40.872000,0 days 02:35:03.488000,289.0,278.0,320.0,305.0,False,HARD,12.0,True,Mercedes,0 days 02:33:46.203000,2026-08-23 14:40:28.980,1,4.0,False,,False,True
0 days 02:36:17.411000,RUS,63,0 days 00:01:15.546000,53.0,4.0,,,0 days 00:00:25.637000,0 days 00:00:27.229000,0 days 00:00:22.680000,0 days 02:35:29.125000,0 days 02:35:56.354000,0 days 02:36:19.034000,287.0,278.0,321.0,304.0,False,HARD,13.0,True,Mercedes,0 days 02:35:01.865000,2026-08-23 14:41:44.642,1,4.0,False,,False,True
0 days 02:37:33.065000,RUS,63,0 days 00:01:15.654000,54.0,4.0,,,0 days 00:00:25.599000,0 days 00:00:27.308000,0 days 00:00:22.747000,0 days 02:36:44.633000,0 days 02:37:11.941000,0 days 02:37:34.688000,286.0,276.0,320.0,308.0,False,HARD,14.0,True,Mercedes,0 days 02:36:17.411000,2026-08-23 14:43:00.188,12,4.0,False,,False,True
0 days 02:39:12.418000,RUS,63,0 days 00:01:39.353000,55.0,4.0,,,0 days 00:00:31.399000,0 days 00:00:35.749000,0 days 00:00:32.205000,0 days 02:38:06.087000,0 days 02:38:41.836000,0 days 02:39:14.041000,224.0,180.0,235.0,301.0,False,HARD,15.0,True,Mercedes,0 days 02:37:33.065000,2026-08-23 14:44:15.842,26,4.0,False,,False,False
0 days 02:40:56.450000,RUS,63,0 days 00:01:44.032000,56.0,4.0,,,0 days 00:00:35.960000,0 days 00:00:36.123000,0 days 00:00:31.949000,0 days 02:39:50.001000,0 days 02:40:26.124000,0 days 02:40:58.073000,240.0,223.0,242.0,209.0,False,HARD,16.0,True,Mercedes,0 days 02:39:12.418000,2026-08-23 14:45:55.195,6,3.0,False,,False,False
0 days 02:42:30.621000,RUS,63,0 days 00:01:34.171000,57.0,4.0,,,0 days 00:00:35.924000,0 days 00:00:34.454000,0 days 00:00:23.793000,0 days 02:41:33.997000,0 days 02:42:08.451000,0 days 02:42:32.244000,243.0,255.0,322.0,251.0,False,HARD,17.0,True,Mercedes,0 days 02:40:56.450000,2026-08-23 14:47:39.227,671,2.0,False,,False,False
0 days 02:43:46.202000,RUS,63,0 days 00:01:15.581000,58.0,4.0,,,0 days 00:00:25.755000,0 days 00:00:27.210000,0 days 00:00:22.616000,0 days 02:42:57.999000,0 days 02:43:25.209000,0 days 02:43:47.825000,284.0,278.0,318.0,309.0,False,HARD,18.0,True,Mercedes,0 days 02:42:30.621000,2026-08-23 14:49:13.398,1,2.0,False,,False,True
0 days 02:45:01.676000,RUS,63,0 days 00:01:15.474000,59.0,4.0,,,0 days 00:00:25.580000,0 days 00:00:27.299000,0 days 00:00:22.595000,0 days 02:44:13.405000,0 days 02:44:40.704000,0 days 02:45:03.299000,287.0,276.0,318.0,306.0,False,HARD,19.0,True,Mercedes,0 days 02:43:46.202000,2026-08-23 14:50:28.979,1,2.0,False,,False,True
0 days 02:46:17.095000,RUS,63,0 days 00:01:15.419000,60.0,4.0,,,0 days 00:00:25.605000,0 days 00:00:27.246000,0 days 00:00:22.568000,0 days 02:45:28.904000,0 days 02:45:56.150000,0 days 02:46:18.718000,286.0,277.0,321.0,304.0,False,HARD,20.0,True,Mercedes,0 days 02:45:01.676000,2026-08-23 14:51:44.453,1,2.0,False,,False,True
0 days 02:47:32.531000,RUS,63,0 days 00:01:15.436000,61.0,4.0,,,0 days 00:00:25.492000,0 days 00:00:27.245000,0 days 00:00:22.699000,0 days 02:46:44.210000,0 days 02:47:11.455000,0 days 02:47:34.154000,285.0,278.0,319.0,305.0,False,HARD,21.0,True,Mercedes,0 days 02:46:17.095000,2026-08-23 14:52:59.872,1,2.0,False,,False,True
0 days 02:48:48.015000,RUS,63,0 days 00:01:15.484000,62.0,4.0,,,0 days 00:00:25.641000,0 days 00:00:27.283000,0 days 00:00:22.560000,0 days 02:47:59.795000,0 days 02:48:27.078000,0 days 02:48:49.638000,286.0,278.0,319.0,300.0,False,HARD,22.0,True,Mercedes,0 days 02:47:32.531000,2026-08-23 14:54:15.308,1,2.0,False,,False,True
0 days 02:50:03.648000,RUS,63,0 days 00:01:15.633000,63.0,4.0,,,0 days 00:00:25.622000,0 days 00:00:27.434000,0 days 00:00:22.577000,0 days 02:49:15.260000,0 days 02:49:42.694000,0 days 02:50:05.271000,285.0,278.0,321.0,302.0,False,HARD,23.0,True,Mercedes,0 days 02:48:48.015000,2026-08-23 14:55:30.792,1,2.0,False,,False,True
0 days 02:51:19.313000,RUS,63,0 days 00:01:15.665000,64.0,4.0,,,0 days 00:00:25.691000,0 days 00:00:27.329000,0 days 00:00:22.645000,0 days 02:50:30.962000,0 days 02:50:58.291000,0 days 02:51:20.936000,283.0,278.0,321.0,308.0,False,HARD,24.0,True,Mercedes,0 days 02:50:03.648000,2026-08-23 14:56:46.425,1,2.0,False,,False,True
0 days 02:52:34.774000,RUS,63,0 days 00:01:15.461000,65.0,4.0,,,0 days 00:00:25.540000,0 days 00:00:27.205000,0 days 00:00:22.716000,0 days 02:51:46.476000,0 days 02:52:13.681000,0 days 02:52:36.397000,285.0,278.0,321.0,311.0,False,HARD,25.0,True,Mercedes,0 days 02:51:19.313000,2026-08-23 14:58:02.090,1,2.0,False,,False,True
0 days 02:53:52.356000,RUS,63,0 days 00:01:17.582000,66.0,4.0,,,0 days 00:00:27.086000,0 days 00:00:27.666000,0 days 00:00:22.830000,0 days 02:53:03.483000,0 days 02:53:31.149000,0 days 02:53:53.979000,287.0,275.0,325.0,235.0,False,HARD,26.0,True,Mercedes,0 days 02:52:34.774000,2026-08-23 14:59:17.551,1,3.0,False,,False,True
0 days 02:55:08.753000,RUS,63,0 days 00:01:16.397000,67.0,4.0,,,0 days 00:00:25.902000,0 days 00:00:27.682000,0 days 00:00:22.813000,0 days 02:54:19.881000,0 days 02:54:47.563000,0 days 02:55:10.376000,282.0,279.0,323.0,318.0,False,HARD,27.0,True,Mercedes,0 days 02:53:52.356000,2026-08-23 15:00:35.133,1,3.0,False,,False,True
0 days 02:56:24.752000,RUS,63,0 days 00:01:15.999000,68.0,4.0,,,0 days 00:00:25.772000,0 days 00:00:27.469000,0 days 00:00:22.758000,0 days 02:55:36.148000,0 days 02:56:03.617000,0 days 02:56:26.375000,281.0,279.0,323.0,317.0,False,HARD,28.0,True,Mercedes,0 days 02:55:08.753000,2026-08-23 15:01:51.530,1,3.0,False,,False,True
0 days 02:57:41.828000,RUS,63,0 days 00:01:17.076000,69.0,4.0,,,0 days 00:00:25.704000,0 days 00:00:27.632000,0 days 00:00:23.740000,0 days 02:56:52.079000,0 days 02:57:19.711000,0 days 02:57:43.451000,280.0,287.0,166.0,310.0,False,HARD,29.0,True,Mercedes,0 days 02:56:24.752000,2026-08-23 15:03:07.529,16,3.0,False,,False,False
0 days 02:59:13.869000,RUS,63,0 days 00:01:32.041000,70.0,4.0,,,0 days 00:00:38.148000,0 days 00:00:31.182000,0 days 00:00:22.711000,0 days 02:58:21.599000,0 days 02:58:52.781000,0 days 02:59:15.492000,201.0,288.0,322.0,187.0,False,HARD,30.0,True,Mercedes,0 days 02:57:41.828000,2026-08-23 15:04:24.605,671,3.0,False,,False,False
0 days 03:00:29.441000,RUS,63,0 days 00:01:15.572000,71.0,4.0,,,0 days 00:00:25.678000,0 days 00:00:27.235000,0 days 00:00:22.659000,0 days 02:59:41.170000,0 days 03:00:08.405000,0 days 03:00:31.064000,282.0,289.0,322.0,320.0,False,HARD,31.0,True,Mercedes,0 days 02:59:13.869000,2026-08-23 15:05:56.646,1,3.0,False,,False,True
0 days 03:01:45.219000,RUS,63,0 days 00:01:15.778000,72.0,4.0,,,0 days 00:00:25.719000,0 days 00:00:27.301000,0 days 00:00:22.758000,0 days 03:00:56.783000,0 days 03:01:24.084000,0 days 03:01:46.842000,287.0,284.0,312.0,322.0,False,HARD,32.0,True,Mercedes,0 days 03:00:29.441000,2026-08-23 15:07:12.218,1,3.0,False,,False,True
0 days 00:58:25.577000,BOT,77,0 days 00:01:41.015000,1.0,1.0,,,,0 days 00:00:30.198000,0 days 00:00:32.647000,,0 days 00:57:54.508000,0 days 00:58:27.152000,260.0,265.0,248.0,200.0,False,HARD,1.0,True,Cadillac,0 days 00:56:45.791000,2026-08-23 13:03:28.568,12,20.0,False,,False,False
0 days 01:01:14.003000,BOT,77,,2.0,1.0,,0 days 01:01:09.252000,0 days 00:00:42.734000,0 days 00:00:45.911000,0 days 00:01:19.806000,0 days 00:59:09.933000,0 days 00:59:55.772000,0 days 01:01:15.957000,104.0,132.0,,234.0,False,HARD,2.0,True,Cadillac,0 days 00:58:25.577000,2026-08-23 13:05:08.354,25,21.0,False,,False,False
0 days 01:30:27.192000,BOT,77,,3.0,2.0,0 days 01:28:01.313000,,,0 days 00:00:31.352000,0 days 00:01:25.798000,,0 days 01:29:03.045000,0 days 01:30:28.767000,257.0,158.0,56.0,234.0,False,HARD,1.0,True,Cadillac,0 days 01:26:17.312000,2026-08-23 13:33:00.089,12,17.0,False,,False,False
0 days 01:33:01.213000,BOT,77,,4.0,2.0,,,0 days 00:00:44.168000,0 days 00:00:30.644000,0 days 00:01:19.327000,0 days 01:31:12.928000,0 days 01:31:43.556000,0 days 01:33:02.977000,255.0,171.0,158.0,96.0,False,HARD,2.0,True,Cadillac,0 days 01:30:27.192000,2026-08-23 13:37:09.969,1,17.0,False,,False,False
0 days 01:34:27.173000,BOT,77,0 days 00:01:25.960000,5.0,2.0,,,0 days 00:00:31.032000,0 days 00:00:30.127000,0 days 00:00:24.801000,0 days 01:33:33.820000,0 days 01:34:03.947000,0 days 01:34:28.748000,266.0,283.0,327.0,213.0,True,HARD,3.0,True,Cadillac,0 days 01:33:01.213000,2026-08-23 13:39:43.990,12,18.0,False,,False,True
0 days 01:35:47.959000,BOT,77,0 days 00:01:20.786000,6.0,2.0,,,0 days 00:00:27.770000,0 days 00:00:29.034000,0 days 00:00:23.982000,0 days 01:34:56.518000,0 days 01:35:25.552000,0 days 01:35:49.534000,285.0,277.0,332.0,252.0,True,HARD,4.0,True,Cadillac,0 days 01:34:27.173000,2026-08-23 13:41:09.950,1,17.0,False,,False,True
0 days 01:37:08.052000,BOT,77,0 days 00:01:20.093000,7.0,2.0,,,0 days 00:00:27.507000,0 days 00:00:28.922000,0 days 00:00:23.664000,0 days 01:36:17.041000,0 days 01:36:45.963000,0 days 01:37:09.627000,280.0,272.0,331.0,274.0,True,HARD,5.0,True,Cadillac,0 days 01:35:47.959000,2026-08-23 13:42:30.736,1,17.0,False,,False,True
0 days 01:38:27.954000,BOT,77,0 days 00:01:19.902000,8.0,2.0,,,0 days 00:00:27.247000,0 days 00:00:28.956000,0 days 00:00:23.699000,0 days 01:37:36.874000,0 days 01:38:05.830000,0 days 01:38:29.529000,282.0,265.0,327.0,280.0,True,HARD,6.0,True,Cadillac,0 days 01:37:08.052000,2026-08-23 13:43:50.829,1,17.0,False,,False,True
0 days 01:39:47.698000,BOT,77,0 days 00:01:19.744000,9.0,2.0,,,0 days 00:00:27.068000,0 days 00:00:29.004000,0 days 00:00:23.672000,0 days 01:38:56.597000,0 days 01:39:25.601000,0 days 01:39:49.273000,279.0,262.0,317.0,286.0,True,HARD,7.0,True,Cadillac,0 days 01:38:27.954000,2026-08-23 13:45:10.731,1,17.0,False,,False,True
0 days 01:41:07.471000,BOT,77,0 days 00:01:19.773000,10.0,2.0,,,0 days 00:00:27.085000,0 days 00:00:28.984000,0 days 00:00:23.704000,0 days 01:40:16.358000,0 days 01:40:45.342000,0 days 01:41:09.046000,279.0,269.0,317.0,295.0,False,HARD,8.0,True,Cadillac,0 days 01:39:47.698000,2026-08-23 13:46:30.475,1,17.0,False,,False,True
0 days 01:42:27.188000,BOT,77,0 days 00:01:19.717000,11.0,2.0,,,0 days 00:00:27.146000,0 days 00:00:28.948000,0 days 00:00:23.623000,0 days 01:41:36.192000,0 days 01:42:05.140000,0 days 01:42:28.763000,281.0,265.0,314.0,289.0,True,HARD,9.0,True,Cadillac,0 days 01:41:07.471000,2026-08-23 13:47:50.248,1,17.0,False,,False,True
0 days 01:43:46.890000,BOT,77,0 days 00:01:19.702000,12.0,2.0,,,0 days 00:00:27.063000,0 days 00:00:29.001000,0 days 00:00:23.638000,0 days 01:42:55.826000,0 days 01:43:24.827000,0 days 01:43:48.465000,281.0,263.0,314.0,291.0,True,HARD,10.0,True,Cadillac,0 days 01:42:27.188000,2026-08-23 13:49:09.965,1,16.0,False,,False,True
0 days 01:45:06.759000,BOT,77,0 days 00:01:19.869000,13.0,2.0,,,0 days 00:00:27.058000,0 days 00:00:29.123000,0 days 00:00:23.688000,0 days 01:44:15.523000,0 days 01:44:44.646000,0 days 01:45:08.334000,278.0,263.0,311.0,293.0,False,HARD,11.0,True,Cadillac,0 days 01:43:46.890000,2026-08-23 13:50:29.667,1,16.0,False,,False,True
0 days 01:46:27.097000,BOT,77,0 days 00:01:20.338000,14.0,2.0,,,0 days 00:00:27.121000,0 days 00:00:29.297000,0 days 00:00:23.920000,0 days 01:45:35.455000,0 days 01:46:04.752000,0 days 01:46:28.672000,281.0,263.0,315.0,291.0,False,HARD,12.0,True,Cadillac,0 days 01:45:06.759000,2026-08-23 13:51:49.536,1,16.0,False,,False,True
0 days 01:47:48.549000,BOT,77,0 days 00:01:21.452000,15.0,2.0,,,0 days 00:00:27.954000,0 days 00:00:29.447000,0 days 00:00:24.051000,0 days 01:46:56.626000,0 days 01:47:26.073000,0 days 01:47:50.124000,276.0,260.0,310.0,302.0,False,HARD,13.0,True,Cadillac,0 days 01:46:27.097000,2026-08-23 13:53:09.874,1,17.0,False,,False,True
0 days 01:49:08.947000,BOT,77,0 days 00:01:20.398000,16.0,2.0,,,0 days 00:00:27.157000,0 days 00:00:29.258000,0 days 00:00:23.983000,0 days 01:48:17.281000,0 days 01:48:46.539000,0 days 01:49:10.522000,274.0,259.0,311.0,295.0,False,HARD,14.0,True,Cadillac,0 days 01:47:48.549000,2026-08-23 13:54:31.326,1,16.0,False,,False,True
0 days 01:50:29.153000,BOT,77,0 days 00:01:20.206000,17.0,2.0,,,0 days 00:00:27.089000,0 days 00:00:29.179000,0 days 00:00:23.938000,0 days 01:49:37.611000,0 days 01:50:06.790000,0 days 01:50:30.728000,278.0,261.0,310.0,294.0,False,HARD,15.0,True,Cadillac,0 days 01:49:08.947000,2026-08-23 13:55:51.724,1,15.0,False,,False,True
0 days 01:51:50.017000,BOT,77,0 days 00:01:20.864000,18.0,2.0,,,0 days 00:00:27.218000,0 days 00:00:29.424000,0 days 00:00:24.222000,0 days 01:50:57.946000,0 days 01:51:27.370000,0 days 01:51:51.592000,279.0,266.0,312.0,297.0,False,HARD,16.0,True,Cadillac,0 days 01:50:29.153000,2026-08-23 13:57:11.930,1,15.0,False,,False,True
0 days 01:53:11.166000,BOT,77,0 days 00:01:21.149000,19.0,2.0,,,0 days 00:00:27.806000,0 days 00:00:29.406000,0 days 00:00:23.937000,0 days 01:52:19.398000,0 days 01:52:48.804000,0 days 01:53:12.741000,280.0,266.0,313.0,248.0,False,HARD,17.0,True,Cadillac,0 days 01:51:50.017000,2026-08-23 13:58:32.794,1,16.0,False,,False,True
0 days 01:54:31.395000,BOT,77,0 days 00:01:20.229000,20.0,2.0,,,0 days 00:00:27.079000,0 days 00:00:29.298000,0 days 00:00:23.852000,0 days 01:53:39.820000,0 days 01:54:09.118000,0 days 01:54:32.970000,279.0,266.0,313.0,293.0,False,HARD,18.0,True,Cadillac,0 days 01:53:11.166000,2026-08-23 13:59:53.943,1,16.0,False,,False,True
0 days 01:55:51.488000,BOT,77,0 days 00:01:20.093000,21.0,2.0,,,0 days 00:00:26.974000,0 days 00:00:29.352000,0 days 00:00:23.767000,0 days 01:54:59.944000,0 days 01:55:29.296000,0 days 01:55:53.063000,278.0,264.0,312.0,295.0,False,HARD,19.0,True,Cadillac,0 days 01:54:31.395000,2026-08-23 14:01:14.172,1,16.0,False,,False,True
0 days 01:57:11.854000,BOT,77,0 days 00:01:20.366000,22.0,2.0,,,0 days 00:00:27.115000,0 days 00:00:29.398000,0 days 00:00:23.853000,0 days 01:56:20.178000,0 days 01:56:49.576000,0 days 01:57:13.429000,278.0,261.0,311.0,286.0,False,HARD,20.0,True,Cadillac,0 days 01:55:51.488000,2026-08-23 14:02:34.265,1,16.0,False,,False,True
0 days 01:58:32.256000,BOT,77,0 days 00:01:20.402000,23.0,2.0,,,0 days 00:00:27.122000,0 days 00:00:29.356000,0 days 00:00:23.924000,0 days 01:57:40.551000,0 days 01:58:09.907000,0 days 01:58:33.831000,279.0,261.0,310.0,287.0,False,HARD,21.0,True,Cadillac,0 days 01:57:11.854000,2026-08-23 14:03:54.631,1,16.0,False,,False,True
0 days 01:59:52.465000,BOT,77,0 days 00:01:20.209000,24.0,2.0,,,0 days 00:00:27.160000,0 days 00:00:29.081000,0 days 00:00:23.968000,0 days 01:59:00.991000,0 days 01:59:30.072000,0 days 01:59:54.040000,281.0,263.0,311.0,288.0,False,HARD,22.0,True,Cadillac,0 days 01:58:32.256000,2026-08-23 14:05:15.033,1,16.0,False,,False,True
0 days 02:01:13.265000,BOT,77,0 days 00:01:20.800000,25.0,2.0,,,0 days 00:00:26.941000,0 days 00:00:29.363000,0 days 00:00:24.496000,0 days 02:00:20.981000,0 days 02:00:50.344000,0 days 02:01:14.840000,278.0,262.0,322.0,296.0,False,HARD,23.0,True,Cadillac,0 days 01:59:52.465000,2026-08-23 14:06:35.242,1,17.0,False,,False,True
0 days 02:02:34.314000,BOT,77,0 days 00:01:21.049000,26.0,2.0,,,0 days 00:00:27.116000,0 days 00:00:29.335000,0 days 00:00:24.598000,0 days 02:01:41.956000,0 days 02:02:11.291000,0 days 02:02:35.889000,282.0,268.0,327.0,297.0,False,HARD,24.0,True,Cadillac,0 days 02:01:13.265000,2026-08-23 14:07:56.042,1,18.0,False,,False,True
0 days 02:03:54.852000,BOT,77,0 days 00:01:20.538000,27.0,2.0,,,0 days 00:00:27.119000,0 days 00:00:29.439000,0 days 00:00:23.980000,0 days 02:03:03.008000,0 days 02:03:32.447000,0 days 02:03:56.427000,283.0,265.0,315.0,288.0,False,HARD,25.0,True,Cadillac,0 days 02:02:34.314000,2026-08-23 14:09:17.091,1,18.0,False,,False,True
0 days 02:05:18.886000,BOT,77,0 days 00:01:24.034000,28.0,2.0,,0 days 02:05:19.372000,0 days 00:00:27.230000,0 days 00:00:29.340000,0 days 00:00:27.464000,0 days 02:04:23.657000,0 days 02:04:52.997000,0 days 02:05:20.461000,278.0,262.0,,293.0,False,HARD,26.0,True,Cadillac,0 days 02:03:54.852000,2026-08-23 14:10:37.629,1,19.0,False,,False,False
0 days 02:06:57.105000,BOT,77,0 days 00:01:38.219000,29.0,3.0,0 days 02:05:39.349000,,0 days 00:00:46.071000,0 days 00:00:28.455000,0 days 00:00:23.693000,0 days 02:06:06.532000,0 days 02:06:34.987000,0 days 02:06:58.680000,279.0,268.0,313.0,293.0,False,HARD,3.0,False,Cadillac,0 days 02:05:18.886000,2026-08-23 14:12:01.663,1,20.0,False,,False,False
0 days 02:08:16.471000,BOT,77,0 days 00:01:19.366000,30.0,3.0,,,0 days 00:00:27.314000,0 days 00:00:28.475000,0 days 00:00:23.577000,0 days 02:07:25.994000,0 days 02:07:54.469000,0 days 02:08:18.046000,282.0,281.0,317.0,291.0,True,HARD,4.0,False,Cadillac,0 days 02:06:57.105000,2026-08-23 14:13:39.882,1,20.0,False,,False,True
0 days 02:09:35.259000,BOT,77,0 days 00:01:18.788000,31.0,3.0,,,0 days 00:00:26.802000,0 days 00:00:28.525000,0 days 00:00:23.461000,0 days 02:08:44.848000,0 days 02:09:13.373000,0 days 02:09:36.834000,271.0,263.0,309.0,290.0,True,HARD,5.0,False,Cadillac,0 days 02:08:16.471000,2026-08-23 14:14:59.248,1,20.0,False,,False,True
0 days 02:10:54.102000,BOT,77,0 days 00:01:18.843000,32.0,3.0,,,0 days 00:00:26.784000,0 days 00:00:28.456000,0 days 00:00:23.603000,0 days 02:10:03.618000,0 days 02:10:32.074000,0 days 02:10:55.677000,279.0,265.0,311.0,291.0,False,HARD,6.0,False,Cadillac,0 days 02:09:35.259000,2026-08-23 14:16:18.036,1,20.0,False,,False,True
0 days 02:12:12.734000,BOT,77,0 days 00:01:18.632000,33.0,3.0,,,0 days 00:00:26.644000,0 days 00:00:28.454000,0 days 00:00:23.534000,0 days 02:11:22.321000,0 days 02:11:50.775000,0 days 02:12:14.309000,281.0,264.0,310.0,293.0,True,HARD,7.0,False,Cadillac,0 days 02:10:54.102000,2026-08-23 14:17:36.879,1,20.0,False,,False,True
0 days 02:13:31.771000,BOT,77,0 days 00:01:19.037000,34.0,3.0,,,0 days 00:00:26.945000,0 days 00:00:28.566000,0 days 00:00:23.526000,0 days 02:12:41.254000,0 days 02:13:09.820000,0 days 02:13:33.346000,282.0,264.0,313.0,289.0,False,HARD,8.0,False,Cadillac,0 days 02:12:12.734000,2026-08-23 14:18:55.511,1,20.0,False,,False,True
0 days 02:14:50.898000,BOT,77,0 days 00:01:19.127000,35.0,3.0,,,0 days 00:00:26.900000,0 days 00:00:28.621000,0 days 00:00:23.606000,0 days 02:14:00.246000,0 days 02:14:28.867000,0 days 02:14:52.473000,280.0,265.0,311.0,283.0,False,HARD,9.0,False,Cadillac,0 days 02:13:31.771000,2026-08-23 14:20:14.548,1,20.0,False,,False,True
0 days 02:16:12.024000,BOT,77,0 days 00:01:21.126000,36.0,3.0,,,0 days 00:00:28.709000,0 days 00:00:28.599000,0 days 00:00:23.818000,0 days 02:15:21.182000,0 days 02:15:49.781000,0 days 02:16:13.599000,286.0,274.0,315.0,292.0,False,HARD,10.0,False,Cadillac,0 days 02:14:50.898000,2026-08-23 14:21:33.675,1,20.0,False,,False,True
0 days 02:17:31.173000,BOT,77,0 days 00:01:19.149000,37.0,3.0,,,0 days 00:00:26.774000,0 days 00:00:28.813000,0 days 00:00:23.562000,0 days 02:16:40.373000,0 days 02:17:09.186000,0 days 02:17:32.748000,282.0,267.0,313.0,292.0,False,HARD,11.0,False,Cadillac,0 days 02:16:12.024000,2026-08-23 14:22:54.801,1,20.0,False,,False,True
0 days 02:18:50.534000,BOT,77,0 days 00:01:19.361000,38.0,3.0,,,0 days 00:00:26.980000,0 days 00:00:28.718000,0 days 00:00:23.663000,0 days 02:17:59.728000,0 days 02:18:28.446000,0 days 02:18:52.109000,284.0,270.0,313.0,290.0,False,HARD,12.0,False,Cadillac,0 days 02:17:31.173000,2026-08-23 14:24:13.950,1,20.0,False,,False,True
0 days 02:20:09.963000,BOT,77,0 days 00:01:19.429000,39.0,3.0,,,0 days 00:00:26.948000,0 days 00:00:28.767000,0 days 00:00:23.714000,0 days 02:19:19.057000,0 days 02:19:47.824000,0 days 02:20:11.538000,280.0,264.0,310.0,299.0,False,HARD,13.0,False,Cadillac,0 days 02:18:50.534000,2026-08-23 14:25:33.311,1,20.0,False,,False,True
0 days 02:21:29.450000,BOT,77,0 days 00:01:19.487000,40.0,3.0,,,0 days 00:00:26.884000,0 days 00:00:28.839000,0 days 00:00:23.764000,0 days 02:20:38.422000,0 days 02:21:07.261000,0 days 02:21:31.025000,282.0,266.0,312.0,294.0,False,HARD,14.0,False,Cadillac,0 days 02:20:09.963000,2026-08-23 14:26:52.740,1,20.0,False,,False,True
0 days 02:22:49.441000,BOT,77,0 days 00:01:19.991000,41.0,3.0,,,0 days 00:00:27.014000,0 days 00:00:29.057000,0 days 00:00:23.920000,0 days 02:21:58.039000,0 days 02:22:27.096000,0 days 02:22:51.016000,280.0,266.0,311.0,288.0,False,HARD,15.0,False,Cadillac,0 days 02:21:29.450000,2026-08-23 14:28:12.227,1,20.0,False,,False,True
0 days 02:24:09.157000,BOT,77,0 days 00:01:19.716000,42.0,3.0,,,0 days 00:00:26.898000,0 days 00:00:29.046000,0 days 00:00:23.772000,0 days 02:23:17.914000,0 days 02:23:46.960000,0 days 02:24:10.732000,282.0,263.0,311.0,286.0,False,HARD,16.0,False,Cadillac,0 days 02:22:49.441000,2026-08-23 14:29:32.218,1,20.0,False,,False,True
0 days 02:25:29.283000,BOT,77,0 days 00:01:20.126000,43.0,3.0,,,0 days 00:00:27.165000,0 days 00:00:29.119000,0 days 00:00:23.842000,0 days 02:24:37.897000,0 days 02:25:07.016000,0 days 02:25:30.858000,282.0,269.0,312.0,288.0,False,HARD,17.0,False,Cadillac,0 days 02:24:09.157000,2026-08-23 14:30:51.934,1,20.0,False,,False,True
0 days 02:26:49.268000,BOT,77,0 days 00:01:19.985000,44.0,3.0,,,0 days 00:00:27.140000,0 days 00:00:28.960000,0 days 00:00:23.885000,0 days 02:25:57.998000,0 days 02:26:26.958000,0 days 02:26:50.843000,281.0,268.0,312.0,285.0,False,HARD,18.0,False,Cadillac,0 days 02:25:29.283000,2026-08-23 14:32:12.060,1,20.0,False,,False,True
0 days 02:28:09.690000,BOT,77,0 days 00:01:20.422000,45.0,3.0,,,0 days 00:00:27.215000,0 days 00:00:29.164000,0 days 00:00:24.043000,0 days 02:27:18.058000,0 days 02:27:47.222000,0 days 02:28:11.265000,282.0,265.0,310.0,279.0,False,HARD,19.0,False,Cadillac,0 days 02:26:49.268000,2026-08-23 14:33:32.045,1,20.0,False,,False,True
0 days 02:29:29.652000,BOT,77,0 days 00:01:19.962000,46.0,3.0,,,0 days 00:00:27.188000,0 days 00:00:28.968000,0 days 00:00:23.806000,0 days 02:28:38.453000,0 days 02:29:07.421000,0 days 02:29:31.227000,283.0,266.0,311.0,282.0,False,HARD,20.0,False,Cadillac,0 days 02:28:09.690000,2026-08-23 14:34:52.467,1,19.0,False,,False,True
0 days 02:30:49.867000,BOT,77,0 days 00:01:20.215000,47.0,3.0,,,0 days 00:00:27.187000,0 days 00:00:29.102000,0 days 00:00:23.926000,0 days 02:29:58.414000,0 days 02:30:27.516000,0 days 02:30:51.442000,286.0,267.0,313.0,281.0,False,HARD,21.0,False,Cadillac,0 days 02:29:29.652000,2026-08-23 14:36:12.429,1,19.0,False,,False,True
0 days 02:32:09.670000,BOT,77,0 days 00:01:19.803000,48.0,3.0,,,0 days 00:00:26.959000,0 days 00:00:29.036000,0 days 00:00:23.808000,0 days 02:31:18.401000,0 days 02:31:47.437000,0 days 02:32:11.245000,282.0,267.0,312.0,290.0,False,HARD,22.0,False,Cadillac,0 days 02:30:49.867000,2026-08-23 14:37:32.644,1,19.0,False,,False,True
0 days 02:33:29.847000,BOT,77,0 days 00:01:20.177000,49.0,3.0,,,0 days 00:00:27.008000,0 days 00:00:29.063000,0 days 00:00:24.106000,0 days 02:32:38.253000,0 days 02:33:07.316000,0 days 02:33:31.422000,285.0,267.0,312.0,289.0,False,HARD,23.0,False,Cadillac,0 days 02:32:09.670000,2026-08-23 14:38:52.447,1,19.0,False,,False,True
0 days 02:34:50.130000,BOT,77,0 days 00:01:20.283000,50.0,3.0,,,0 days 00:00:27.483000,0 days 00:00:29.049000,0 days 00:00:23.751000,0 days 02:33:58.905000,0 days 02:34:27.954000,0 days 02:34:51.705000,286.0,272.0,313.0,286.0,False,HARD,24.0,False,Cadillac,0 days 02:33:29.847000,2026-08-23 14:40:12.624,1,19.0,False,,False,True
0 days 02:36:16.799000,BOT,77,0 days 00:01:26.669000,51.0,3.0,,0 days 02:36:17.262000,0 days 00:00:27.283000,0 days 00:00:31.434000,0 days 00:00:27.952000,0 days 02:35:18.988000,0 days 02:35:50.422000,0 days 02:36:18.374000,282.0,270.0,,292.0,False,HARD,25.0,False,Cadillac,0 days 02:34:50.130000,2026-08-23 14:41:32.907,1,19.0,False,,False,False
0 days 02:38:02.251000,BOT,77,0 days 00:01:45.452000,52.0,4.0,0 days 02:36:36.922000,,0 days 00:00:47.459000,0 days 00:00:29.625000,0 days 00:00:28.368000,0 days 02:37:05.833000,0 days 02:37:35.458000,0 days 02:38:03.826000,285.0,286.0,187.0,292.0,False,SOFT,1.0,True,Cadillac,0 days 02:36:16.799000,2026-08-23 14:42:59.576,126,19.0,False,,False,False
0 days 02:39:45.307000,BOT,77,0 days 00:01:43.056000,53.0,4.0,,,0 days 00:00:40.399000,0 days 00:00:32.372000,0 days 00:00:30.285000,0 days 02:38:44.225000,0 days 02:39:16.597000,0 days 02:39:46.882000,156.0,238.0,240.0,210.0,False,SOFT,2.0,True,Cadillac,0 days 02:38:02.251000,2026-08-23 14:44:45.028,6,18.0,False,,False,False
0 days 02:41:30.534000,BOT,77,0 days 00:01:45.227000,54.0,4.0,,,0 days 00:00:35.261000,0 days 00:00:36.890000,0 days 00:00:33.076000,0 days 02:40:22.143000,0 days 02:40:59.033000,0 days 02:41:32.109000,272.0,188.0,269.0,206.0,False,SOFT,3.0,True,Cadillac,0 days 02:39:45.307000,2026-08-23 14:46:28.084,6,18.0,False,,False,False
0 days 02:42:56.433000,BOT,77,0 days 00:01:25.899000,55.0,4.0,,,0 days 00:00:33.425000,0 days 00:00:29.070000,0 days 00:00:23.404000,0 days 02:42:05.534000,0 days 02:42:34.604000,0 days 02:42:58.008000,272.0,283.0,314.0,255.0,False,SOFT,4.0,True,Cadillac,0 days 02:41:30.534000,2026-08-23 14:48:13.311,671,18.0,False,,False,False
0 days 02:44:15.244000,BOT,77,0 days 00:01:18.811000,56.0,4.0,,,0 days 00:00:26.408000,0 days 00:00:28.180000,0 days 00:00:24.223000,0 days 02:43:24.416000,0 days 02:43:52.596000,0 days 02:44:16.819000,279.0,219.0,313.0,298.0,False,SOFT,5.0,True,Cadillac,0 days 02:42:56.433000,2026-08-23 14:49:39.210,1,18.0,False,,False,True
0 days 02:45:34.929000,BOT,77,0 days 00:01:19.685000,57.0,4.0,,,0 days 00:00:26.474000,0 days 00:00:28.565000,0 days 00:00:24.646000,0 days 02:44:43.293000,0 days 02:45:11.858000,0 days 02:45:36.504000,283.0,268.0,325.0,300.0,False,SOFT,6.0,True,Cadillac,0 days 02:44:15.244000,2026-08-23 14:50:58.021,1,18.0,False,,False,True
0 days 02:46:55.125000,BOT,77,0 days 00:01:20.196000,58.0,4.0,,,0 days 00:00:26.629000,0 days 00:00:29.910000,0 days 00:00:23.657000,0 days 02:46:03.133000,0 days 02:46:33.043000,0 days 02:46:56.700000,287.0,278.0,316.0,286.0,False,SOFT,7.0,True,Cadillac,0 days 02:45:34.929000,2026-08-23 14:52:17.706,1,18.0,False,,False,True
0 days 02:48:13.208000,BOT,77,0 days 00:01:18.083000,59.0,4.0,,,0 days 00:00:26.416000,0 days 00:00:28.298000,0 days 00:00:23.369000,0 days 02:47:23.116000,0 days 02:47:51.414000,0 days 02:48:14.783000,283.0,267.0,312.0,303.0,True,SOFT,8.0,True,Cadillac,0 days 02:46:55.125000,2026-08-23 14:53:37.902,1,18.0,False,,False,True
0 days 02:49:31.030000,BOT,77,0 days 00:01:17.822000,60.0,4.0,,,0 days 00:00:26.551000,0 days 00:00:28.011000,0 days 00:00:23.260000,0 days 02:48:41.334000,0 days 02:49:09.345000,0 days 02:49:32.605000,286.0,272.0,313.0,288.0,True,SOFT,9.0,True,Cadillac,0 days 02:48:13.208000,2026-08-23 14:54:55.985,1,18.0,False,,False,True
0 days 02:51:03.132000,BOT,77,0 days 00:01:32.102000,61.0,4.0,,0 days 02:51:03.534000,0 days 00:00:28.488000,0 days 00:00:32.253000,0 days 00:00:31.361000,0 days 02:50:01.093000,0 days 02:50:33.346000,0 days 02:51:04.707000,229.0,233.0,,300.0,False,SOFT,10.0,True,Cadillac,0 days 02:49:31.030000,2026-08-23 14:56:13.807,1,18.0,False,,False,False
0 days 00:58:12.858000,PIA,81,0 days 00:01:28.314000,1.0,1.0,,,,0 days 00:00:28.288000,0 days 00:00:26.796000,,0 days 00:57:47.773000,0 days 00:58:14.472000,293.0,282.0,316.0,203.0,False,MEDIUM,1.0,True,McLaren,0 days 00:56:45.791000,2026-08-23 13:03:28.568,1,5.0,False,,False,False
0 days 01:00:22.317000,PIA,81,0 days 00:02:09.459000,2.0,1.0,,0 days 01:00:22.117000,0 days 00:00:27.278000,0 days 00:00:44.549000,0 days 00:00:57.632000,0 days 00:58:41.711000,0 days 00:59:26.260000,0 days 01:00:23.892000,287.0,143.0,,250.0,False,MEDIUM,2.0,True,McLaren,0 days 00:58:12.858000,2026-08-23 13:04:55.635,125,5.0,False,,False,False
0 days 01:28:44.026000,PIA,81,,3.0,2.0,0 days 01:26:36.950000,,,0 days 00:00:33.011000,0 days 00:01:04.263000,,0 days 01:27:41.338000,0 days 01:28:45.778000,247.0,225.0,62.0,250.0,False,HARD,1.0,True,McLaren,0 days 01:26:17.312000,2026-08-23 13:33:00.089,1,5.0,False,,False,False
0 days 01:32:03.111000,PIA,81,,4.0,2.0,,,,0 days 00:00:29.255000,0 days 00:00:58.193000,,0 days 01:31:06.694000,0 days 01:32:04.837000,254.0,250.0,65.0,148.0,False,HARD,2.0,True,McLaren,0 days 01:28:44.026000,2026-08-23 13:35:26.803,12,5.0,False,,False,False
0 days 01:34:19.776000,PIA,81,0 days 00:02:16.665000,5.0,2.0,,,0 days 00:01:25.116000,0 days 00:00:27.978000,0 days 00:00:23.571000,0 days 01:33:29.802000,0 days 01:33:57.780000,0 days 01:34:21.351000,283.0,262.0,312.0,218.0,True,HARD,3.0,True,McLaren,0 days 01:32:03.111000,2026-08-23 13:38:45.888,12,3.0,False,,False,True
0 days 01:35:37.622000,PIA,81,0 days 00:01:17.846000,6.0,2.0,,,0 days 00:00:26.745000,0 days 00:00:27.710000,0 days 00:00:23.391000,0 days 01:34:48.096000,0 days 01:35:15.806000,0 days 01:35:39.197000,265.0,267.0,315.0,301.0,True,HARD,4.0,True,McLaren,0 days 01:34:19.776000,2026-08-23 13:41:02.553,1,3.0,False,,False,True
0 days 01:36:54.627000,PIA,81,0 days 00:01:17.005000,7.0,2.0,,,0 days 00:00:26.384000,0 days 00:00:27.567000,0 days 00:00:23.054000,0 days 01:36:05.581000,0 days 01:36:33.148000,0 days 01:36:56.202000,272.0,271.0,309.0,297.0,True,HARD,5.0,True,McLaren,0 days 01:35:37.622000,2026-08-23 13:42:20.399,1,3.0,False,,False,True
0 days 01:38:11.657000,PIA,81,0 days 00:01:17.030000,8.0,2.0,,,0 days 00:00:26.214000,0 days 00:00:27.608000,0 days 00:00:23.208000,0 days 01:37:22.416000,0 days 01:37:50.024000,0 days 01:38:13.232000,279.0,274.0,314.0,301.0,False,HARD,6.0,True,McLaren,0 days 01:36:54.627000,2026-08-23 13:43:37.404,1,3.0,False,,False,True
0 days 01:39:28.915000,PIA,81,0 days 00:01:17.258000,9.0,2.0,,,0 days 00:00:26.288000,0 days 00:00:27.649000,0 days 00:00:23.321000,0 days 01:38:39.520000,0 days 01:39:07.169000,0 days 01:39:30.490000,276.0,274.0,315.0,303.0,False,HARD,7.0,True,McLaren,0 days 01:38:11.657000,2026-08-23 13:44:54.434,1,3.0,False,,False,True
0 days 01:40:46.259000,PIA,81,0 days 00:01:17.344000,10.0,2.0,,,0 days 00:00:26.045000,0 days 00:00:27.861000,0 days 00:00:23.438000,0 days 01:39:56.535000,0 days 01:40:24.396000,0 days 01:40:47.834000,277.0,272.0,312.0,307.0,False,HARD,8.0,True,McLaren,0 days 01:39:28.915000,2026-08-23 13:46:11.692,1,3.0,False,,False,True
0 days 01:42:03.544000,PIA,81,0 days 00:01:17.285000,11.0,2.0,,,0 days 00:00:26.188000,0 days 00:00:27.837000,0 days 00:00:23.260000,0 days 01:41:14.022000,0 days 01:41:41.859000,0 days 01:42:05.119000,277.0,271.0,313.0,303.0,False,HARD,9.0,True,McLaren,0 days 01:40:46.259000,2026-08-23 13:47:29.036,1,3.0,False,,False,True
0 days 01:43:20.765000,PIA,81,0 days 00:01:17.221000,12.0,2.0,,,0 days 00:00:26.155000,0 days 00:00:27.867000,0 days 00:00:23.199000,0 days 01:42:31.274000,0 days 01:42:59.141000,0 days 01:43:22.340000,278.0,274.0,313.0,305.0,False,HARD,10.0,True,McLaren,0 days 01:42:03.544000,2026-08-23 13:48:46.321,1,3.0,False,,False,True
0 days 01:44:37.942000,PIA,81,0 days 00:01:17.177000,13.0,2.0,,,0 days 00:00:26.109000,0 days 00:00:27.826000,0 days 00:00:23.242000,0 days 01:43:48.449000,0 days 01:44:16.275000,0 days 01:44:39.517000,279.0,276.0,315.0,305.0,False,HARD,11.0,True,McLaren,0 days 01:43:20.765000,2026-08-23 13:50:03.542,1,3.0,False,,False,True
0 days 01:45:55.182000,PIA,81,0 days 00:01:17.240000,14.0,2.0,,,0 days 00:00:26.066000,0 days 00:00:27.847000,0 days 00:00:23.327000,0 days 01:45:05.583000,0 days 01:45:33.430000,0 days 01:45:56.757000,281.0,272.0,315.0,306.0,False,HARD,12.0,True,McLaren,0 days 01:44:37.942000,2026-08-23 13:51:20.719,1,3.0,False,,False,True
0 days 01:47:12.624000,PIA,81,0 days 00:01:17.442000,15.0,2.0,,,0 days 00:00:26.140000,0 days 00:00:27.886000,0 days 00:00:23.416000,0 days 01:46:22.897000,0 days 01:46:50.783000,0 days 01:47:14.199000,279.0,273.0,314.0,307.0,False,HARD,13.0,True,McLaren,0 days 01:45:55.182000,2026-08-23 13:52:37.959,1,3.0,False,,False,True
0 days 01:48:30.130000,PIA,81,0 days 00:01:17.506000,16.0,2.0,,,0 days 00:00:26.241000,0 days 00:00:27.919000,0 days 00:00:23.346000,0 days 01:47:40.440000,0 days 01:48:08.359000,0 days 01:48:31.705000,280.0,272.0,314.0,306.0,False,HARD,14.0,True,McLaren,0 days 01:47:12.624000,2026-08-23 13:53:55.401,1,3.0,False,,False,True
0 days 01:49:47.595000,PIA,81,0 days 00:01:17.465000,17.0,2.0,,,0 days 00:00:26.105000,0 days 00:00:27.968000,0 days 00:00:23.392000,0 days 01:48:57.810000,0 days 01:49:25.778000,0 days 01:49:49.170000,282.0,272.0,314.0,308.0,False,HARD,15.0,True,McLaren,0 days 01:48:30.130000,2026-08-23 13:55:12.907,1,3.0,False,,False,True
0 days 01:51:08.233000,PIA,81,0 days 00:01:20.638000,18.0,2.0,,0 days 01:51:08.637000,0 days 00:00:26.262000,0 days 00:00:27.976000,0 days 00:00:26.400000,0 days 01:50:15.432000,0 days 01:50:43.408000,0 days 01:51:09.808000,278.0,271.0,,308.0,False,HARD,16.0,True,McLaren,0 days 01:49:47.595000,2026-08-23 13:56:30.372,1,4.0,False,,False,False
0 days 01:52:44.022000,PIA,81,0 days 00:01:35.789000,19.0,3.0,0 days 01:51:28.881000,,0 days 00:00:45.083000,0 days 00:00:27.508000,0 days 00:00:23.198000,0 days 01:51:54.891000,0 days 01:52:22.399000,0 days 01:52:45.597000,279.0,276.0,316.0,308.0,False,HARD,1.0,True,McLaren,0 days 01:51:08.233000,2026-08-23 13:57:51.010,1,7.0,False,,False,False
0 days 01:54:00.232000,PIA,81,0 days 00:01:16.210000,20.0,3.0,,,0 days 00:00:25.817000,0 days 00:00:27.419000,0 days 00:00:22.974000,0 days 01:53:11.414000,0 days 01:53:38.833000,0 days 01:54:01.807000,280.0,278.0,321.0,310.0,True,HARD,2.0,True,McLaren,0 days 01:52:44.022000,2026-08-23 13:59:26.799,1,7.0,False,,False,True
0 days 01:55:16.583000,PIA,81,0 days 00:01:16.351000,21.0,3.0,,,0 days 00:00:25.774000,0 days 00:00:27.544000,0 days 00:00:23.033000,0 days 01:54:27.581000,0 days 01:54:55.125000,0 days 01:55:18.158000,280.0,281.0,321.0,311.0,False,HARD,3.0,True,McLaren,0 days 01:54:00.232000,2026-08-23 14:00:43.009,1,6.0,False,,False,True
0 days 01:56:32.960000,PIA,81,0 days 00:01:16.377000,22.0,3.0,,,0 days 00:00:25.809000,0 days 00:00:27.597000,0 days 00:00:22.971000,0 days 01:55:43.967000,0 days 01:56:11.564000,0 days 01:56:34.535000,290.0,284.0,324.0,315.0,False,HARD,4.0,True,McLaren,0 days 01:55:16.583000,2026-08-23 14:01:59.360,1,5.0,False,,False,True
0 days 01:57:49.663000,PIA,81,0 days 00:01:16.703000,23.0,3.0,,,0 days 00:00:25.917000,0 days 00:00:27.640000,0 days 00:00:23.146000,0 days 01:57:00.452000,0 days 01:57:28.092000,0 days 01:57:51.238000,289.0,279.0,321.0,315.0,False,HARD,5.0,True,McLaren,0 days 01:56:32.960000,2026-08-23 14:03:15.737,1,5.0,False,,False,True
0 days 01:59:06.442000,PIA,81,0 days 00:01:16.779000,24.0,3.0,,,0 days 00:00:25.929000,0 days 00:00:27.703000,0 days 00:00:23.147000,0 days 01:58:17.167000,0 days 01:58:44.870000,0 days 01:59:08.017000,281.0,277.0,318.0,312.0,False,HARD,6.0,True,McLaren,0 days 01:57:49.663000,2026-08-23 14:04:32.440,1,5.0,False,,False,True
0 days 02:00:23.227000,PIA,81,0 days 00:01:16.785000,25.0,3.0,,,0 days 00:00:26.011000,0 days 00:00:27.705000,0 days 00:00:23.069000,0 days 01:59:34.028000,0 days 02:00:01.733000,0 days 02:00:24.802000,281.0,276.0,318.0,312.0,False,HARD,7.0,True,McLaren,0 days 01:59:06.442000,2026-08-23 14:05:49.219,1,5.0,False,,False,True
0 days 02:01:39.844000,PIA,81,0 days 00:01:16.617000,26.0,3.0,,,0 days 00:00:25.804000,0 days 00:00:27.742000,0 days 00:00:23.071000,0 days 02:00:50.606000,0 days 02:01:18.348000,0 days 02:01:41.419000,281.0,277.0,318.0,311.0,False,HARD,8.0,True,McLaren,0 days 02:00:23.227000,2026-08-23 14:07:06.004,1,4.0,False,,False,True
0 days 02:02:56.803000,PIA,81,0 days 00:01:16.959000,27.0,3.0,,,0 days 00:00:25.906000,0 days 00:00:27.851000,0 days 00:00:23.202000,0 days 02:02:07.325000,0 days 02:02:35.176000,0 days 02:02:58.378000,278.0,276.0,317.0,312.0,False,HARD,9.0,True,McLaren,0 days 02:01:39.844000,2026-08-23 14:08:22.621,1,4.0,False,,False,True
0 days 02:04:13.499000,PIA,81,0 days 00:01:16.696000,28.0,3.0,,,0 days 00:00:25.948000,0 days 00:00:27.606000,0 days 00:00:23.142000,0 days 02:03:24.326000,0 days 02:03:51.932000,0 days 02:04:15.074000,280.0,276.0,318.0,310.0,False,HARD,10.0,True,McLaren,0 days 02:02:56.803000,2026-08-23 14:09:39.580,1,4.0,False,,False,True
0 days 02:05:29.937000,PIA,81,0 days 00:01:16.438000,29.0,3.0,,,0 days 00:00:25.881000,0 days 00:00:27.532000,0 days 00:00:23.025000,0 days 02:04:40.955000,0 days 02:05:08.487000,0 days 02:05:31.512000,280.0,278.0,320.0,311.0,False,HARD,11.0,True,McLaren,0 days 02:04:13.499000,2026-08-23 14:10:56.276,1,4.0,False,,False,True
0 days 02:06:46.664000,PIA,81,0 days 00:01:16.727000,30.0,3.0,,,0 days 00:00:25.864000,0 days 00:00:27.707000,0 days 00:00:23.156000,0 days 02:05:57.376000,0 days 02:06:25.083000,0 days 02:06:48.239000,279.0,275.0,322.0,313.0,False,HARD,12.0,True,McLaren,0 days 02:05:29.937000,2026-08-23 14:12:12.714,1,4.0,False,,False,True
0 days 02:08:03.619000,PIA,81,0 days 00:01:16.955000,31.0,3.0,,,0 days 00:00:25.958000,0 days 00:00:27.873000,0 days 00:00:23.124000,0 days 02:07:14.197000,0 days 02:07:42.070000,0 days 02:08:05.194000,274.0,271.0,321.0,322.0,False,HARD,13.0,True,McLaren,0 days 02:06:46.664000,2026-08-23 14:13:29.441,1,4.0,False,,False,True
0 days 02:09:20.519000,PIA,81,0 days 00:01:16.900000,32.0,3.0,,,0 days 00:00:25.967000,0 days 00:00:27.826000,0 days 00:00:23.107000,0 days 02:08:31.161000,0 days 02:08:58.987000,0 days 02:09:22.094000,272.0,272.0,322.0,319.0,False,HARD,14.0,True,McLaren,0 days 02:08:03.619000,2026-08-23 14:14:46.396,1,4.0,False,,False,True
0 days 02:10:38.016000,PIA,81,0 days 00:01:17.497000,33.0,3.0,,,0 days 00:00:26.041000,0 days 00:00:28.139000,0 days 00:00:23.317000,0 days 02:09:48.135000,0 days 02:10:16.274000,0 days 02:10:39.591000,273.0,272.0,321.0,321.0,False,HARD,15.0,True,McLaren,0 days 02:09:20.519000,2026-08-23 14:16:03.296,1,4.0,False,,False,True
0 days 02:11:57.328000,PIA,81,0 days 00:01:19.312000,34.0,3.0,,,0 days 00:00:27.354000,0 days 00:00:28.384000,0 days 00:00:23.574000,0 days 02:11:06.945000,0 days 02:11:35.329000,0 days 02:11:58.903000,275.0,287.0,316.0,321.0,False,HARD,16.0,True,McLaren,0 days 02:10:38.016000,2026-08-23 14:17:20.793,1,5.0,False,,False,True
0 days 02:13:16.527000,PIA,81,0 days 00:01:19.199000,35.0,3.0,,,0 days 00:00:27.004000,0 days 00:00:28.787000,0 days 00:00:23.408000,0 days 02:12:25.907000,0 days 02:12:54.694000,0 days 02:13:18.102000,282.0,272.0,312.0,306.0,False,HARD,17.0,True,McLaren,0 days 02:11:57.328000,2026-08-23 14:18:40.105,1,6.0,False,,False,True
0 days 02:14:34.490000,PIA,81,0 days 00:01:17.963000,36.0,3.0,,,0 days 00:00:26.286000,0 days 00:00:28.452000,0 days 00:00:23.225000,0 days 02:13:44.388000,0 days 02:14:12.840000,0 days 02:14:36.065000,279.0,276.0,320.0,306.0,False,HARD,18.0,True,McLaren,0 days 02:13:16.527000,2026-08-23 14:19:59.304,1,6.0,False,,False,True
0 days 02:15:52.243000,PIA,81,0 days 00:01:17.753000,37.0,3.0,,,0 days 00:00:26.005000,0 days 00:00:28.034000,0 days 00:00:23.714000,0 days 02:15:02.070000,0 days 02:15:30.104000,0 days 02:15:53.818000,276.0,279.0,315.0,313.0,False,HARD,19.0,True,McLaren,0 days 02:14:34.490000,2026-08-23 14:21:17.267,1,6.0,True,TRACK LIMITS AT TURN 11 LAP 37 ,False,True
0 days 02:17:09.580000,PIA,81,0 days 00:01:17.337000,38.0,3.0,,,0 days 00:00:26.097000,0 days 00:00:28.031000,0 days 00:00:23.209000,0 days 02:16:19.915000,0 days 02:16:47.946000,0 days 02:17:11.155000,279.0,277.0,317.0,307.0,False,HARD,20.0,True,McLaren,0 days 02:15:52.243000,2026-08-23 14:22:35.020,1,6.0,False,,False,True
0 days 02:18:26.693000,PIA,81,0 days 00:01:17.113000,39.0,3.0,,,0 days 00:00:25.960000,0 days 00:00:28.012000,0 days 00:00:23.141000,0 days 02:17:37.115000,0 days 02:18:05.127000,0 days 02:18:28.268000,279.0,276.0,318.0,311.0,False,HARD,21.0,True,McLaren,0 days 02:17:09.580000,2026-08-23 14:23:52.357,1,6.0,False,,False,True
0 days 02:19:43.997000,PIA,81,0 days 00:01:17.304000,40.0,3.0,,,0 days 00:00:26.018000,0 days 00:00:27.933000,0 days 00:00:23.353000,0 days 02:18:54.286000,0 days 02:19:22.219000,0 days 02:19:45.572000,280.0,276.0,319.0,308.0,False,HARD,22.0,True,McLaren,0 days 02:18:26.693000,2026-08-23 14:25:09.470,1,6.0,False,,False,True
0 days 02:21:01.633000,PIA,81,0 days 00:01:17.636000,41.0,3.0,,,0 days 00:00:26.037000,0 days 00:00:28.460000,0 days 00:00:23.139000,0 days 02:20:11.609000,0 days 02:20:40.069000,0 days 02:21:03.208000,280.0,277.0,320.0,312.0,False,HARD,23.0,True,McLaren,0 days 02:19:43.997000,2026-08-23 14:26:26.774,1,5.0,False,,False,True
0 days 02:22:19.001000,PIA,81,0 days 00:01:17.368000,42.0,3.0,,,0 days 00:00:25.969000,0 days 00:00:28.091000,0 days 00:00:23.308000,0 days 02:21:29.177000,0 days 02:21:57.268000,0 days 02:22:20.576000,280.0,279.0,319.0,312.0,False,HARD,24.0,True,McLaren,0 days 02:21:01.633000,2026-08-23 14:27:44.410,1,5.0,False,,False,True
0 days 02:23:36.581000,PIA,81,0 days 00:01:17.580000,43.0,3.0,,,0 days 00:00:26.008000,0 days 00:00:28.366000,0 days 00:00:23.206000,0 days 02:22:46.584000,0 days 02:23:14.950000,0 days 02:23:38.156000,280.0,278.0,315.0,312.0,False,HARD,25.0,True,McLaren,0 days 02:22:19.001000,2026-08-23 14:29:01.778,1,5.0,False,,False,True
0 days 02:24:56.844000,PIA,81,0 days 00:01:20.263000,44.0,3.0,,0 days 02:24:57.244000,0 days 00:00:26.074000,0 days 00:00:28.124000,0 days 00:00:26.065000,0 days 02:24:04.230000,0 days 02:24:32.354000,0 days 02:24:58.419000,279.0,277.0,,307.0,False,HARD,26.0,True,McLaren,0 days 02:23:36.581000,2026-08-23 14:30:19.358,1,5.0,False,,False,False
0 days 02:26:30.041000,PIA,81,0 days 00:01:33.197000,45.0,4.0,0 days 02:25:15.282000,,0 days 00:00:42.668000,0 days 00:00:27.299000,0 days 00:00:23.230000,0 days 02:25:41.087000,0 days 02:26:08.386000,0 days 02:26:31.616000,285.0,289.0,342.0,307.0,False,SOFT,4.0,False,McLaren,0 days 02:24:56.844000,2026-08-23 14:31:39.621,1,7.0,False,,False,False
0 days 02:27:45.954000,PIA,81,0 days 00:01:15.913000,46.0,4.0,,,0 days 00:00:25.592000,0 days 00:00:27.280000,0 days 00:00:23.041000,0 days 02:26:57.208000,0 days 02:27:24.488000,0 days 02:27:47.529000,278.0,278.0,321.0,322.0,True,SOFT,5.0,False,McLaren,0 days 02:26:30.041000,2026-08-23 14:33:12.818,1,6.0,False,,False,True
0 days 02:29:01.894000,PIA,81,0 days 00:01:15.940000,47.0,4.0,,,0 days 00:00:25.769000,0 days 00:00:27.367000,0 days 00:00:22.804000,0 days 02:28:13.298000,0 days 02:28:40.665000,0 days 02:29:03.469000,291.0,286.0,330.0,311.0,False,SOFT,6.0,False,McLaren,0 days 02:27:45.954000,2026-08-23 14:34:28.731,1,6.0,False,,False,True
0 days 02:30:16.968000,PIA,81,0 days 00:01:15.074000,48.0,4.0,,,0 days 00:00:25.569000,0 days 00:00:26.937000,0 days 00:00:22.568000,0 days 02:29:29.038000,0 days 02:29:55.975000,0 days 02:30:18.543000,289.0,285.0,318.0,316.0,True,SOFT,7.0,False,McLaren,0 days 02:29:01.894000,2026-08-23 14:35:44.671,1,6.0,False,,False,True
0 days 02:31:32.921000,PIA,81,0 days 00:01:15.953000,49.0,4.0,,,0 days 00:00:25.542000,0 days 00:00:27.342000,0 days 00:00:23.069000,0 days 02:30:44.085000,0 days 02:31:11.427000,0 days 02:31:34.496000,282.0,285.0,320.0,312.0,False,SOFT,8.0,False,McLaren,0 days 02:30:16.968000,2026-08-23 14:36:59.745,1,6.0,False,,False,True
0 days 02:32:48.722000,PIA,81,0 days 00:01:15.801000,50.0,4.0,,,0 days 00:00:25.534000,0 days 00:00:27.533000,0 days 00:00:22.734000,0 days 02:32:00.030000,0 days 02:32:27.563000,0 days 02:32:50.297000,284.0,277.0,317.0,314.0,False,SOFT,9.0,False,McLaren,0 days 02:31:32.921000,2026-08-23 14:38:15.698,1,6.0,False,,False,True
0 days 02:34:04.399000,PIA,81,0 days 00:01:15.677000,51.0,4.0,,,0 days 00:00:25.518000,0 days 00:00:27.423000,0 days 00:00:22.736000,0 days 02:33:15.815000,0 days 02:33:43.238000,0 days 02:34:05.974000,281.0,280.0,322.0,308.0,False,SOFT,10.0,False,McLaren,0 days 02:32:48.722000,2026-08-23 14:39:31.499,1,6.0,False,,False,True
0 days 02:35:20.238000,PIA,81,0 days 00:01:15.839000,52.0,4.0,,,0 days 00:00:25.568000,0 days 00:00:27.499000,0 days 00:00:22.772000,0 days 02:34:31.542000,0 days 02:34:59.041000,0 days 02:35:21.813000,283.0,277.0,314.0,313.0,False,SOFT,11.0,False,McLaren,0 days 02:34:04.399000,2026-08-23 14:40:47.176,1,6.0,False,,False,True
0 days 02:36:35.828000,PIA,81,0 days 00:01:15.590000,53.0,4.0,,,0 days 00:00:25.518000,0 days 00:00:27.258000,0 days 00:00:22.814000,0 days 02:35:47.331000,0 days 02:36:14.589000,0 days 02:36:37.403000,280.0,282.0,315.0,305.0,False,SOFT,12.0,False,McLaren,0 days 02:35:20.238000,2026-08-23 14:42:03.015,1,6.0,False,,False,True
0 days 02:37:51.656000,PIA,81,0 days 00:01:15.828000,54.0,4.0,,,0 days 00:00:25.574000,0 days 00:00:27.286000,0 days 00:00:22.968000,0 days 02:37:02.977000,0 days 02:37:30.263000,0 days 02:37:53.231000,281.0,278.0,316.0,307.0,False,SOFT,13.0,False,McLaren,0 days 02:36:35.828000,2026-08-23 14:43:18.605,12,6.0,False,,False,True
0 days 02:39:38.029000,PIA,81,0 days 00:01:46.373000,55.0,4.0,,0 days 02:39:38.326000,0 days 00:00:39.053000,0 days 00:00:34.936000,0 days 00:00:32.384000,0 days 02:38:32.284000,0 days 02:39:07.220000,0 days 02:39:39.604000,245.0,177.0,,151.0,False,SOFT,14.0,False,McLaren,0 days 02:37:51.656000,2026-08-23 14:44:34.433,26,6.0,False,,False,False
0 days 02:41:35.138000,PIA,81,0 days 00:01:57.109000,56.0,5.0,0 days 02:39:56.356000,,0 days 00:00:49.774000,0 days 00:00:35.703000,0 days 00:00:31.632000,0 days 02:40:29.378000,0 days 02:41:05.081000,0 days 02:41:36.713000,245.0,177.0,226.0,151.0,False,SOFT,4.0,False,McLaren,0 days 02:39:38.029000,2026-08-23 14:46:20.806,6,6.0,False,,False,False
0 days 02:42:59.164000,PIA,81,0 days 00:01:24.026000,57.0,5.0,,,0 days 00:00:34.703000,0 days 00:00:26.634000,0 days 00:00:22.689000,0 days 02:42:11.416000,0 days 02:42:38.050000,0 days 02:43:00.739000,288.0,291.0,315.0,244.0,False,SOFT,5.0,False,McLaren,0 days 02:41:35.138000,2026-08-23 14:48:17.915,671,6.0,False,,False,False
0 days 02:44:13.701000,PIA,81,0 days 00:01:14.537000,58.0,5.0,,,0 days 00:00:25.283000,0 days 00:00:26.801000,0 days 00:00:22.453000,0 days 02:43:26.022000,0 days 02:43:52.823000,0 days 02:44:15.276000,282.0,282.0,312.0,307.0,True,SOFT,6.0,False,McLaren,0 days 02:42:59.164000,2026-08-23 14:49:41.941,1,6.0,False,,False,True
0 days 02:45:28.022000,PIA,81,0 days 00:01:14.321000,59.0,5.0,,,0 days 00:00:25.232000,0 days 00:00:26.674000,0 days 00:00:22.415000,0 days 02:44:40.508000,0 days 02:45:07.182000,0 days 02:45:29.597000,282.0,278.0,310.0,305.0,True,SOFT,7.0,False,McLaren,0 days 02:44:13.701000,2026-08-23 14:50:56.478,1,6.0,False,,False,True
0 days 02:46:42.633000,PIA,81,0 days 00:01:14.611000,60.0,5.0,,,0 days 00:00:25.348000,0 days 00:00:26.707000,0 days 00:00:22.556000,0 days 02:45:54.945000,0 days 02:46:21.652000,0 days 02:46:44.208000,283.0,281.0,315.0,304.0,False,SOFT,8.0,False,McLaren,0 days 02:45:28.022000,2026-08-23 14:52:10.799,1,6.0,False,,False,True
0 days 02:47:56.936000,PIA,81,0 days 00:01:14.303000,61.0,5.0,,,0 days 00:00:25.230000,0 days 00:00:26.634000,0 days 00:00:22.439000,0 days 02:47:09.438000,0 days 02:47:36.072000,0 days 02:47:58.511000,282.0,281.0,318.0,307.0,True,SOFT,9.0,False,McLaren,0 days 02:46:42.633000,2026-08-23 14:53:25.410,1,6.0,False,,False,True
0 days 02:49:12.183000,PIA,81,0 days 00:01:15.247000,62.0,5.0,,,0 days 00:00:25.314000,0 days 00:00:27.014000,0 days 00:00:22.919000,0 days 02:48:23.825000,0 days 02:48:50.839000,0 days 02:49:13.758000,281.0,282.0,322.0,309.0,False,SOFT,10.0,False,McLaren,0 days 02:47:56.936000,2026-08-23 14:54:39.713,1,6.0,False,,False,True
0 days 02:50:27.018000,PIA,81,0 days 00:01:14.835000,63.0,5.0,,,0 days 00:00:25.455000,0 days 00:00:26.828000,0 days 00:00:22.552000,0 days 02:49:39.213000,0 days 02:50:06.041000,0 days 02:50:28.593000,291.0,282.0,323.0,309.0,False,SOFT,11.0,False,McLaren,0 days 02:49:12.183000,2026-08-23 14:55:54.960,1,6.0,False,,False,True
0 days 02:51:42.762000,PIA,81,0 days 00:01:15.744000,64.0,5.0,,,0 days 00:00:25.371000,0 days 00:00:27.515000,0 days 00:00:22.858000,0 days 02:50:53.964000,0 days 02:51:21.479000,0 days 02:51:44.337000,282.0,280.0,321.0,307.0,False,SOFT,12.0,False,McLaren,0 days 02:50:27.018000,2026-08-23 14:57:09.795,1,6.0,False,,False,True
0 days 02:52:58.197000,PIA,81,0 days 00:01:15.435000,65.0,5.0,,,0 days 00:00:25.549000,0 days 00:00:27.215000,0 days 00:00:22.671000,0 days 02:52:09.886000,0 days 02:52:37.101000,0 days 02:52:59.772000,287.0,273.0,309.0,315.0,False,SOFT,13.0,False,McLaren,0 days 02:51:42.762000,2026-08-23 14:58:25.539,1,6.0,False,,False,True
0 days 02:54:13.086000,PIA,81,0 days 00:01:14.889000,66.0,5.0,,,0 days 00:00:25.431000,0 days 00:00:26.853000,0 days 00:00:22.605000,0 days 02:53:25.203000,0 days 02:53:52.056000,0 days 02:54:14.661000,279.0,280.0,313.0,304.0,False,SOFT,14.0,False,McLaren,0 days 02:52:58.197000,2026-08-23 14:59:40.974,1,6.0,False,,False,True
0 days 02:55:27.949000,PIA,81,0 days 00:01:14.863000,67.0,5.0,,,0 days 00:00:25.448000,0 days 00:00:26.891000,0 days 00:00:22.524000,0 days 02:54:40.109000,0 days 02:55:07,0 days 02:55:29.524000,282.0,281.0,318.0,306.0,False,SOFT,15.0,False,McLaren,0 days 02:54:13.086000,2026-08-23 15:00:55.863,1,6.0,False,,False,True
0 days 02:56:43.103000,PIA,81,0 days 00:01:15.154000,68.0,5.0,,,0 days 00:00:25.331000,0 days 00:00:27.032000,0 days 00:00:22.791000,0 days 02:55:54.855000,0 days 02:56:21.887000,0 days 02:56:44.678000,287.0,274.0,312.0,309.0,False,SOFT,16.0,False,McLaren,0 days 02:55:27.949000,2026-08-23 15:02:10.726,1,6.0,False,,False,True
0 days 02:58:07.825000,PIA,81,0 days 00:01:24.722000,69.0,5.0,,,0 days 00:00:25.490000,0 days 00:00:27.003000,0 days 00:00:32.229000,0 days 02:57:10.168000,0 days 02:57:37.171000,0 days 02:58:09.400000,282.0,279.0,242.0,302.0,False,SOFT,17.0,False,McLaren,0 days 02:56:43.103000,2026-08-23 15:03:25.880,16,6.0,False,,False,False
0 days 02:59:31.594000,PIA,81,0 days 00:01:23.769000,70.0,5.0,,,0 days 00:00:33.171000,0 days 00:00:27.778000,0 days 00:00:22.820000,0 days 02:58:42.571000,0 days 02:59:10.349000,0 days 02:59:33.169000,212.0,284.0,322.0,219.0,False,SOFT,18.0,False,McLaren,0 days 02:58:07.825000,2026-08-23 15:04:50.602,671,6.0,False,,False,False
0 days 03:00:46.472000,PIA,81,0 days 00:01:14.878000,71.0,5.0,,,0 days 00:00:25.369000,0 days 00:00:26.815000,0 days 00:00:22.694000,0 days 02:59:58.538000,0 days 03:00:25.353000,0 days 03:00:48.047000,282.0,277.0,316.0,309.0,False,SOFT,19.0,False,McLaren,0 days 02:59:31.594000,2026-08-23 15:06:14.371,1,6.0,False,,False,True
0 days 03:02:01.645000,PIA,81,0 days 00:01:15.173000,72.0,5.0,,,0 days 00:00:25.433000,0 days 00:00:27.023000,0 days 00:00:22.717000,0 days 03:01:13.480000,0 days 03:01:40.503000,0 days 03:02:03.220000,281.0,279.0,317.0,304.0,False,SOFT,20.0,False,McLaren,0 days 03:00:46.472000,2026-08-23 15:07:29.249,1,6.0,False,,False,True
0 days 00:58:23.313000,BEA,87,0 days 00:01:37.235000,1.0,1.0,,,,0 days 00:00:30.012000,0 days 00:00:30.081000,,0 days 00:57:53.352000,0 days 00:58:23.313000,267.0,272.0,281.0,191.0,False,SOFT,1.0,True,Haas F1 Team,0 days 00:56:45.791000,2026-08-23 13:03:28.568,12,18.0,False,,False,False
0 days 01:00:57.668000,BEA,87,,2.0,1.0,,0 days 01:00:55.119000,0 days 00:00:36.084000,0 days 00:00:45.171000,0 days 00:01:13.001000,0 days 00:58:59.496000,0 days 00:59:44.707000,0 days 01:00:57.749000,108.0,134.0,,243.0,False,SOFT,2.0,True,Haas F1 Team,0 days 00:58:23.313000,2026-08-23 13:05:06.090,25,16.0,False,,False,False
